"ID","Description","GeneRatio","BgRatio","RichFactor","FoldEnrichment","zScore","pvalue","p.adjust","qvalue","geneID","Count","ontology"
"GO:0003735","structural constituent of ribosome","143/3690","160/9658",0.89375,2.33925135501355,13.431542626628,4.11597602193769e-42,2.82355955104925e-38,2.52937558063918e-38,"gene-mRpL49/gene-RpLP0/gene-RpS23/gene-mRpL15/gene-mRpS18C/gene-RpS11/gene-mRpL40/gene-RpL13/gene-mRpS23/gene-mRpL16/gene-mRpL46/gene-mRpL18/gene-RpL38/gene-mRpS6/gene-mRpL51/gene-RpL30/gene-RpL9/gene-mRpS24/gene-mRpL34/gene-mRpL47/gene-mRpS35/gene-RpS27A/gene-RpLP2/gene-RpS15A/gene-LOC142981581/gene-mRpS9/gene-RpL24/gene-mRpL13/gene-mRpL27/gene-RpS17/gene-mRpS33/gene-mRpS7/gene-RpL26/gene-mRpS17/gene-RpL5/gene-mRpL30/gene-mRpL14/gene-RpL36A/gene-RpL37-1/gene-mRpL23/gene-mRpS12/gene-RpL29/gene-RpS18/gene-mRpL2/gene-mRpL52/gene-mRpL12/gene-RpL14/gene-RpL31/gene-mRpS34/gene-RpL35/gene-RpL39/gene-RpS10b/gene-mRpL39/gene-mRpL32/gene-mRpS14/gene-LOC142987909/gene-mRpS2/gene-RpS24/gene-RpS7/gene-RpS27/gene-mRpS18A/gene-mRpL55/gene-mRpL33/gene-mRpS21/gene-RpL37A/gene-RpS12/gene-mRpS11/gene-mRpL37/gene-RpL35A/gene-RpS2/gene-mRpL41/gene-mRpL10/gene-mRpS18B/gene-mRpL1/gene-RpL34/gene-RpS5/gene-RpLP1/gene-mRpL3/gene-LOC142973667/gene-LOC142972638/gene-RpS28b/gene-LOC142972637/gene-RpL12/gene-mRpL19/gene-RpL19/gene-RpL22/gene-RpS30/gene-mRpL35/gene-bonsai/gene-mRpL48/gene-mRpL43/gene-RpS8/gene-mRpL17/gene-mRpL9/gene-RpL23/gene-mRpS10/gene-RpL8/gene-RpS15/gene-mRpL45/gene-RpL27A/gene-RpL27/gene-mRpL22/gene-mRpL44/gene-RpS21/gene-mRpS5/gene-mRpL53/gene-RpS29/gene-mRpL11/gene-mRpL4/gene-RpL40/gene-mRpL38/gene-mRpL50/gene-RpL13A/gene-mRpL20/gene-mRpS25/gene-LOC142985091/gene-RpS25/gene-mRpS29/gene-mRpL24/gene-mRpS30/gene-mRpL54/gene-mRpS16/gene-mRpS31/gene-RpL28/gene-RpS4/gene-RpL15/gene-RpS9/gene-RpS3A/gene-LOC142981491/gene-RpL11/gene-mRpS22/gene-mRpS26/gene-RpL32/gene-RpL10/gene-RpS16/gene-RpL21/gene-RpL6/gene-RpS3/gene-RpL7/gene-RpS14/gene-RpS20/gene-mRpL28/gene-sta",143,"MF"
"GO:0044391","ribosomal subunit","140/3690","162/9658",0.864197530864197,2.26190237211014,12.7359927327871,1.84222900783778e-37,6.3188454968836e-34,5.66049102513525e-34,"gene-mRpL49/gene-RpLP0/gene-RpS23/gene-Fmr1/gene-mRpL15/gene-mRpS18C/gene-RpS11/gene-mRpL40/gene-RpL13/gene-mRpS23/gene-mRpL16/gene-mRpL46/gene-mRpL18/gene-RpL38/gene-mRpS6/gene-mRpL51/gene-RpL30/gene-RpL9/gene-mRpS24/gene-mRpL34/gene-mRpL47/gene-mRpS35/gene-RpS27A/gene-RpLP2/gene-RpS15A/gene-mRpS9/gene-RpL24/gene-mRpL13/gene-mRpL27/gene-RpS17/gene-mRpS33/gene-mRpS7/gene-RpL26/gene-mRpS17/gene-RpL5/gene-mRpL30/gene-mRpL14/gene-RpL36A/gene-RpL37-1/gene-mRpL23/gene-mRpS12/gene-RpL29/gene-RpS18/gene-mRpL2/gene-mRpL52/gene-mRpL12/gene-RpL14/gene-RpL31/gene-mRpS34/gene-RpL35/gene-RpS10b/gene-mRpL39/gene-mRpL32/gene-mRpS14/gene-LOC142987909/gene-mRpS2/gene-RpS24/gene-RpS7/gene-RpS27/gene-mRpS18A/gene-mRpL33/gene-mRpS21/gene-RpL37A/gene-RpS12/gene-mRpS11/gene-mRpL37/gene-RpS2/gene-mRpL10/gene-mRpS18B/gene-mRpL1/gene-LOC142974411/gene-RpL34/gene-RpLP1/gene-mRpL3/gene-LOC142973667/gene-LOC142972638/gene-RpS28b/gene-LOC142972637/gene-RpL12/gene-mRpL19/gene-RpL19/gene-RpL22/gene-RpS30/gene-mRpL35/gene-bonsai/gene-mRpL48/gene-mRpL43/gene-RpS8/gene-mRpL17/gene-mRpL9/gene-RpL23/gene-mRpS10/gene-RpL8/gene-RpS15/gene-mRpL45/gene-RpL27A/gene-RpL27/gene-mRpL22/gene-mRpL44/gene-RpS21/gene-mRpS5/gene-mRpL53/gene-RpS29/gene-mRpL11/gene-mRpL4/gene-RpL40/gene-MCTS1/gene-mRpL38/gene-LOC142974534/gene-LOC142973376/gene-mRpL50/gene-RpL13A/gene-mRpS25/gene-RpS25/gene-mRpS29/gene-mRpL24/gene-mRpS30/gene-mRpL54/gene-mRpS31/gene-RpL28/gene-RpS4/gene-RpL15/gene-RpS9/gene-RpS3A/gene-LOC142972542/gene-RpL11/gene-mRpS22/gene-mRpS26/gene-RpL32/gene-RpL10/gene-RpS16/gene-Dic1/gene-RpL21/gene-RpL6/gene-RpS3/gene-RpL7/gene-RpS14/gene-RpS20/gene-mRpL28/gene-sta",140,"CC"
"GO:0005840","ribosome","154/3690","188/9658",0.819148936170213,2.1439946952661,12.4551177390592,2.63636107745329e-35,6.02847899710986e-32,5.40037753339379e-32,"gene-mRpL49/gene-SF1/gene-RpLP0/gene-RpS23/gene-Fmr1/gene-mRpL15/gene-mRpS18C/gene-RpS11/gene-mRpL40/gene-RpL13/gene-mRpS23/gene-mRpL16/gene-mRpL46/gene-mRpL18/gene-RpL38/gene-mRpS6/gene-mRpL51/gene-RpL30/gene-RpL9/gene-mRpS24/gene-mRpL34/gene-mRpL47/gene-mRpS35/gene-RpS27A/gene-RpLP2/gene-RpS15A/gene-LOC142981581/gene-mRpS9/gene-RpL24/gene-mRpL13/gene-mRpL27/gene-RpS17/gene-mRpS33/gene-mRpS7/gene-RpL26/gene-mRpS17/gene-RpL5/gene-mRpL30/gene-mRpL14/gene-RpL36A/gene-RpL37-1/gene-mRpL23/gene-mRpS12/gene-RpL29/gene-RpS18/gene-mRpL2/gene-mRpL52/gene-mRpL12/gene-RpL14/gene-RpL31/gene-mRpS34/gene-RpL35/gene-RpL39/gene-RpS10b/gene-mRpL39/gene-mRpL32/gene-mRpS14/gene-LOC142987909/gene-mRpS2/gene-RpS24/gene-RpS7/gene-RpS27/gene-mRpS18A/gene-mRpL33/gene-eEF2/gene-mRpS21/gene-RpL37A/gene-RpS12/gene-mRpS11/gene-mRpL37/gene-RpL35A/gene-RpS2/gene-mRpL10/gene-mRpS18B/gene-mRpL1/gene-LOC142974411/gene-RpL34/gene-RpLP1/gene-mRpL3/gene-LOC142973667/gene-LOC142972638/gene-RpS28b/gene-LOC142972637/gene-RpL12/gene-mRpL19/gene-RpL19/gene-RpL22/gene-RpS30/gene-mRpL35/gene-bonsai/gene-mRpL48/gene-mRpL43/gene-RpS8/gene-mRpL17/gene-mRpL9/gene-RpL23/gene-mRpS10/gene-RpL8/gene-RpS15/gene-mRpL45/gene-RpL27A/gene-RpL27/gene-mRpL22/gene-mRpL44/gene-RpS21/gene-mRpS5/gene-mRpL53/gene-RpS29/gene-mRpL11/gene-mRpL4/gene-RpL40/gene-MCTS1/gene-mRpL38/gene-LOC142974534/gene-LOC142973376/gene-mRpL50/gene-RpL13A/gene-mRpL20/gene-mRpS25/gene-RpS25/gene-mRpS29/gene-mRpL24/gene-LOC142973990/gene-mRpS30/gene-mRpL54/gene-LOC142983927/gene-mRpS16/gene-mRpS31/gene-RpL28/gene-RpS4/gene-RpL15/gene-l(3)80Fj/gene-RpS9/gene-RpS3A/gene-LOC142981491/gene-LOC142972542/gene-RpL11/gene-Adar/gene-mle/gene-mRpS22/gene-mRpS26/gene-RpL32/gene-RpL10/gene-RpS16/gene-Dic1/gene-RpL21/gene-RpL6/gene-RpS3/gene-RpL7/gene-RpS14/gene-PNPase/gene-RpS20/gene-mRpL28/gene-sta",154,"CC"
"GO:0098798","mitochondrial protein-containing complex","176/3690","227/9658",0.775330396475771,2.02930649570813,12.3395312231952,2.66884869652006e-34,4.57707551453191e-31,4.10019439218003e-31,"gene-ND-B17.2/gene-NP15.6/gene-ND-13A/gene-LOC142977612/gene-mRpL49/gene-ND-ASHI/gene-ND-B18/gene-ND-ACP/gene-mRpL15/gene-ND-B16.6/gene-ND-B12/gene-ox/gene-blp/gene-LOC142987685/gene-LOC142987536/gene-mRpS18C/gene-LOC142977913/gene-sun/gene-ATPsynF/gene-ND-B15/gene-LOC142980234/gene-mRpL40/gene-LOC142980365/gene-mRpS23/gene-LOC142977953/gene-mRpL16/gene-ATPsynE/gene-LOC142975328/gene-mRpL46/gene-LOC142975930/gene-mRpL18/gene-ATPsynG/gene-mRpS6/gene-mRpL51/gene-LOC142977517/gene-Tim8/gene-LOC142984621/gene-mRpS24/gene-mRpL34/gene-LOC142984567/gene-mRpL47/gene-ND-B17/gene-mRpS35/gene-UQCR-Q/gene-cype/gene-ND-39/gene-LOC142981526/gene-LOC142981581/gene-ND-B14.5B/gene-mRpS9/gene-ND-B14.7/gene-mRpL13/gene-mRpL27/gene-Tim9a/gene-ND-13B/gene-ATPsynO/gene-mRpS33/gene-ATPsynCF6/gene-mRpS7/gene-mRpS17/gene-mRpL30/gene-mRpL14/gene-mRpL23/gene-mRpS12/gene-Sod2/gene-mRpL2/gene-mRpL52/gene-mRpL12/gene-mRpS34/gene-COX5A/gene-LOC142973869/gene-ND-PDSW/gene-mRpL39/gene-mRpL32/gene-ND-B8/gene-mRpS14/gene-Phb2/gene-ND-SGDH/gene-LOC142987909/gene-mRpS2/gene-LOC142976110/gene-Ndufs8/gene-mRpS18A/gene-mRpL33/gene-mRpS21/gene-Uqcr11/gene-ATPsynD/gene-ND-MNLL/gene-mge/gene-mRpS11/gene-mRpL37/gene-LOC142984096/gene-Dbct/gene-mRpL10/gene-mRpS18B/gene-LOC142981532/gene-mRpL1/gene-LOC142974411/gene-Bcs1/gene-ND-B22/gene-mRpL3/gene-Cyt-c1/gene-ND-24/gene-ND-30/gene-LOC142972638/gene-ND-42/gene-LOC142972637/gene-mRpL19/gene-ATPsynB/gene-l(2)37Bb/gene-mRpL35/gene-bonsai/gene-Uccr/gene-mRpL48/gene-mRpL43/gene-wal/gene-mRpL17/gene-ATPsyndelta/gene-ND-18/gene-mRpL9/gene-mRpS10/gene-mRpL45/gene-EMRE/gene-mRpL22/gene-LOC142982435/gene-mRpL44/gene-mRpS5/gene-mRpL53/gene-ScsbetaG/gene-LOC142984620/gene-mRpL11/gene-mRpL4/gene-mRpL38/gene-Tim10/gene-LOC142974534/gene-LOC142973376/gene-mRpL50/gene-mRpS25/gene-Phb1/gene-LOC142987070/gene-mRpS29/gene-LOC142984806/gene-mRpL24/gene-mRpS30/gene-mRpL54/gene-LOC142974003/gene-LOC142977808/gene-Etfb/gene-mRpS31/gene-rswl/gene-SdhA/gene-LOC142981634/gene-LOC142981491/gene-LOC142972542/gene-Tim23/gene-CIA30/gene-mldr/gene-mRpS22/gene-mRpS26/gene-LOC142977187/gene-MICU1/gene-Dic1/gene-LOC142983063/gene-LOC142976516/gene-Mccc2/gene-Nc73EF/gene-Roe1/gene-blw/gene-LOC142986563/gene-PNPase/gene-Mulk/gene-UQCR-C2/gene-ATPsynC/gene-ND-49/gene-mRpL28/gene-Pdk",176,"CC"
"GO:0006412","translation","219/3690","315/9658",0.695238095238095,1.81967737772616,11.6298722231128,2.49200881878544e-30,3.41903609937363e-27,3.06280999664619e-27,"gene-Akt/gene-bel/gene-mRpL49/gene-eEF1delta/gene-RpLP0/gene-RpS23/gene-mRpL15/gene-eIF4B/gene-mRpS18C/gene-RpS11/gene-mRpL40/gene-mxt/gene-RpL13/gene-LOC142973531/gene-mRpS23/gene-mRpL16/gene-mRpL46/gene-mRpL18/gene-RpL38/gene-mRpS6/gene-mRpL51/gene-RpL30/gene-Nacalpha/gene-RpL9/gene-mRpS24/gene-LOC142974739/gene-mRpL34/gene-mRpL47/gene-LOC142977493/gene-Egfr/gene-mRpS35/gene-RpS27A/gene-NAT1/gene-LOC142981347/gene-RpLP2/gene-RpS15A/gene-LOC142981581/gene-mRpS9/gene-RpL24/gene-mRpL13/gene-mRpL27/gene-RpS17/gene-mRpS33/gene-mRpS7/gene-RpL26/gene-eIF3k/gene-mRpS17/gene-RpL5/gene-mRpL30/gene-mRpL14/gene-RpL36A/gene-RpL37-1/gene-mRpL23/gene-mRpS12/gene-Secp43/gene-RpL29/gene-RpS18/gene-mRpL2/gene-eIF3a/gene-mRpL52/gene-mRpL12/gene-RpL14/gene-RpL31/gene-eIF3i/gene-mRpS34/gene-RpL35/gene-eIF3m/gene-AIMP1/gene-RpL39/gene-RpS10b/gene-mRpL39/gene-mRpL32/gene-mRpS14/gene-LOC142987909/gene-mRpS2/gene-RpS24/gene-RpS7/gene-mEFTs/gene-RpS27/gene-eIF3g1/gene-mRpS18A/gene-mRpL55/gene-mRpL33/gene-eEF2/gene-mRpS21/gene-RpL37A/gene-RpS12/gene-mRpS11/gene-mRpL37/gene-Nipped-B/gene-RpL35A/gene-RpS2/gene-LOC142972368/gene-mRpL41/gene-mRpL10/gene-mRRF1/gene-mRpS18B/gene-eIF1A/gene-eEF5/gene-mRpL1/gene-DENR/gene-LOC142974411/gene-OXA1L/gene-RpL34/gene-RpS5/gene-RpLP1/gene-mRpL3/gene-LOC142973667/gene-LOC142972638/gene-RpS28b/gene-LOC142972637/gene-RpL12/gene-mRpL19/gene-RpL19/gene-DNApol-gamma35/gene-TyrRS/gene-CRIF/gene-RpL22/gene-RpS30/gene-mRpL35/gene-bonsai/gene-mRpL48/gene-mRpL43/gene-RpS8/gene-mRpL17/gene-mRpL9/gene-RpL23/gene-eIF3l/gene-mRpS10/gene-RpL8/gene-RpS15/gene-mRpL45/gene-RpL27A/gene-RpL27/gene-AGO1/gene-mRpL22/gene-mRpL44/gene-eIF1/gene-AsnRS-m/gene-eIF2Balpha/gene-eEF1beta/gene-RpS21/gene-eIF2Bgamma/gene-mRpS5/gene-mRpL53/gene-RpS29/gene-LOC142974240/gene-mRpL11/gene-mRpL4/gene-Gdap1/gene-alpha-PheRS/gene-RpL40/gene-MCTS1/gene-mRpL38/gene-LOC142974534/gene-mRpL50/gene-RpL13A/gene-mRpL20/gene-mRpS25/gene-LOC142985091/gene-RpS25/gene-eIF2Bdelta/gene-mRpS29/gene-mRpL24/gene-LOC142973677/gene-mRpS30/gene-mRpL54/gene-LOC142983927/gene-mRpS16/gene-mRpS31/gene-RpL28/gene-RpS4/gene-RpL15/gene-l(3)80Fj/gene-RpS9/gene-RpS3A/gene-LOC142981491/gene-LOC142972542/gene-LOC142973375/gene-RpL11/gene-eIF2beta/gene-LOC142974631/gene-mRpS22/gene-eEF1gamma/gene-mRpS26/gene-GatA/gene-LOC142973202/gene-SerRS-m/gene-AspRS-m/gene-Ctu1/gene-Paip1/gene-RpL32/gene-RpL10/gene-RpS16/gene-TyrRS-m/gene-RpL21/gene-RpL6/gene-LOC142985529/gene-eRF1/gene-mRF1/gene-pelo/gene-RpS3/gene-LOC142982098/gene-eIF2Bepsilon/gene-RpL7/gene-pix/gene-TrpRS/gene-RpS14/gene-LOC142974472/gene-HemK2/gene-RpS20/gene-Dhs/gene-eIF4EHP/gene-LOC142983220/gene-mTerf3/gene-mRpL28/gene-sta/gene-Elp3/gene-eIF3h",219,"BP"
"GO:0005761","mitochondrial ribosome","78/3690","81/9658",0.962962962962963,2.5204055003513,10.8045600942075,3.24111696395256e-29,3.70567706211909e-26,3.31958611150088e-26,"gene-mRpL49/gene-mRpL15/gene-mRpS18C/gene-mRpL40/gene-mRpS23/gene-mRpL16/gene-mRpL46/gene-mRpL18/gene-mRpS6/gene-mRpL51/gene-mRpS24/gene-mRpL34/gene-mRpL47/gene-mRpS35/gene-LOC142981581/gene-mRpS9/gene-mRpL13/gene-mRpL27/gene-mRpS33/gene-mRpS7/gene-mRpS17/gene-mRpL30/gene-mRpL14/gene-mRpL23/gene-mRpS12/gene-mRpL2/gene-mRpL52/gene-mRpL12/gene-mRpS34/gene-mRpL39/gene-mRpL32/gene-mRpS14/gene-LOC142987909/gene-mRpS2/gene-mRpS18A/gene-mRpL33/gene-mRpS21/gene-mRpS11/gene-mRpL37/gene-mRpL10/gene-mRpS18B/gene-mRpL1/gene-LOC142974411/gene-mRpL3/gene-LOC142979807/gene-LOC142972638/gene-LOC142972637/gene-mRpL19/gene-mRpL35/gene-bonsai/gene-mRpL48/gene-mRpL43/gene-mRpL17/gene-mRpL9/gene-mRpS10/gene-mRpL45/gene-mRpL22/gene-mRpL44/gene-mRpS5/gene-mRpL53/gene-mRpL11/gene-mRpL4/gene-mRpL38/gene-LOC142974534/gene-LOC142973376/gene-mRpL50/gene-mRpS25/gene-mRpS29/gene-mRpL24/gene-mRpS30/gene-mRpL54/gene-mRpS31/gene-LOC142981491/gene-LOC142972542/gene-mRpS22/gene-mRpS26/gene-Dic1/gene-mRpL28",78,"CC"
"GO:0000313","organellar ribosome","77/3690","80/9658",0.9625,2.51919376693767,10.7285403412832,8.27642680480648e-29,8.11089826871035e-26,7.26583153179853e-26,"gene-mRpL49/gene-mRpL15/gene-mRpS18C/gene-mRpL40/gene-mRpS23/gene-mRpL16/gene-mRpL46/gene-mRpL18/gene-mRpS6/gene-mRpL51/gene-mRpS24/gene-mRpL34/gene-mRpL47/gene-mRpS35/gene-LOC142981581/gene-mRpS9/gene-mRpL13/gene-mRpL27/gene-mRpS33/gene-mRpS7/gene-mRpS17/gene-mRpL30/gene-mRpL14/gene-mRpL23/gene-mRpS12/gene-mRpL2/gene-mRpL52/gene-mRpL12/gene-mRpS34/gene-mRpL39/gene-mRpL32/gene-mRpS14/gene-LOC142987909/gene-mRpS2/gene-mRpS18A/gene-mRpL33/gene-mRpS21/gene-mRpS11/gene-mRpL37/gene-mRpL10/gene-mRpS18B/gene-mRpL1/gene-LOC142974411/gene-mRpL3/gene-LOC142972638/gene-LOC142972637/gene-mRpL19/gene-mRpL35/gene-bonsai/gene-mRpL48/gene-mRpL43/gene-mRpL17/gene-mRpL9/gene-mRpS10/gene-mRpL45/gene-mRpL22/gene-mRpL44/gene-mRpS5/gene-mRpL53/gene-mRpL11/gene-mRpL4/gene-mRpL38/gene-LOC142974534/gene-LOC142973376/gene-mRpL50/gene-mRpS25/gene-mRpS29/gene-mRpL24/gene-mRpS30/gene-mRpL54/gene-mRpS31/gene-LOC142981491/gene-LOC142972542/gene-mRpS22/gene-mRpS26/gene-Dic1/gene-mRpL28",77,"CC"
"GO:0005740","mitochondrial envelope","280/3690","447/9658",0.626398210290828,1.63949970595903,10.8858065204655,9.31341327603626e-27,7.98625188420109e-24,7.15417193493417e-24,"gene-ND-B17.2/gene-NP15.6/gene-bel/gene-ND-13A/gene-LOC142977612/gene-mRpL49/gene-Cisd2/gene-ND-ASHI/gene-ND-B18/gene-ND-ACP/gene-mRpL15/gene-ND-B16.6/gene-ND-B12/gene-LOC142973585/gene-ox/gene-blp/gene-LOC142987685/gene-LOC142977922/gene-Acadvl/gene-LOC142987536/gene-mRpS18C/gene-LOC142977913/gene-sun/gene-ATPsynF/gene-ND-B15/gene-LOC142980234/gene-mRpL40/gene-LOC142980365/gene-LOC142987402/gene-CLS/gene-LOC142974754/gene-mRpS23/gene-LOC142977953/gene-mRpL16/gene-ATPsynE/gene-LOC142975328/gene-mRpL46/gene-LOC142975930/gene-ATPsynG/gene-mRpS6/gene-mRpL51/gene-LOC142977517/gene-Dhod/gene-Tim8/gene-LOC142984621/gene-Stoml2/gene-mRpS24/gene-LOC142984567/gene-mRpL47/gene-ND-B17/gene-Cmc1/gene-mRpS35/gene-UQCR-Q/gene-cype/gene-Blos1/gene-ND-39/gene-LOC142981526/gene-LOC142981581/gene-ND-B14.5B/gene-mRpS9/gene-ND-B14.7/gene-mRpL13/gene-mRpL27/gene-Tim9a/gene-ND-13B/gene-ATPsynO/gene-mRpS33/gene-ATPsynCF6/gene-LOC142980491/gene-mRpS7/gene-mRpS17/gene-mRpL14/gene-mRpL23/gene-LOC142978250/gene-Sod2/gene-LOC142982820/gene-LOC142977652/gene-mRpL2/gene-LOC142984185/gene-mRpL12/gene-LOC142976760/gene-rho-7/gene-mRpS34/gene-PCB/gene-COX5A/gene-LOC142973869/gene-Scox/gene-BmDJ-1beta/gene-ND-PDSW/gene-mRpL39/gene-mRpL32/gene-ND-B8/gene-mRpS14/gene-Phb2/gene-LOC142982317/gene-ND-SGDH/gene-LOC142987909/gene-Cox11/gene-mRpS2/gene-LOC142976110/gene-Ndufs8/gene-LOC142972461/gene-mRpS18A/gene-mRpS21/gene-Uqcc1/gene-Sarm/gene-LOC142973734/gene-Uqcr11/gene-ATPsynD/gene-LOC142981408/gene-ND-MNLL/gene-mge/gene-BI-1/gene-mRpS11/gene-mRpL37/gene-LOC142984096/gene-LOC142980570/gene-SCAR/gene-mRpS18B/gene-LOC142974394/gene-LOC142979033/gene-LOC142981532/gene-LOC142983192/gene-mRpL1/gene-YME1L/gene-BNIP3/gene-LOC142974411/gene-OXA1L/gene-Bcs1/gene-ND-B22/gene-mRpL3/gene-Cyt-c1/gene-LOC142982836/gene-ND-24/gene-ND-30/gene-ND-42/gene-LOC142972637/gene-LOC142979650/gene-mRpL19/gene-ATPsynB/gene-LOC142977004/gene-l(2)37Bb/gene-shi/gene-LOC142981452/gene-Coq9/gene-LOC142982770/gene-140up/gene-LOC142982290/gene-LOC142979424/gene-mRpL35/gene-bonsai/gene-Uccr/gene-mRpL48/gene-Surf1/gene-mRpL43/gene-mRpL17/gene-ATPsyndelta/gene-ND-18/gene-Ttc19/gene-mRpL9/gene-Pmi/gene-LOC142979225/gene-mRpS10/gene-Ccdc56/gene-mRpL45/gene-Dhfr/gene-EMRE/gene-foxo/gene-l(3)neo43/gene-mRpL22/gene-mRpL44/gene-Eph/gene-ECSIT/gene-LOC142983499/gene-LOC142978729/gene-mRpS5/gene-LOC142980539/gene-LOC142984620/gene-colt/gene-mRpL4/gene-LOC142986774/gene-Gdap1/gene-sea/gene-Drp1/gene-mRpL38/gene-Tim10/gene-Ppox/gene-Rim2/gene-ScpX/gene-LOC142973376/gene-Arl2/gene-mino/gene-mRpS25/gene-Phb1/gene-LOC142987070/gene-LOC142980260/gene-mRpS29/gene-LOC142984806/gene-Coprox/gene-LOC142980986/gene-mRpL24/gene-heix/gene-LOC142972933/gene-Ant/gene-LOC142975824/gene-mRpS30/gene-mRpL54/gene-LOC142987512/gene-LOC142974003/gene-LOC142977808/gene-mRpS31/gene-LOC142973062/gene-Ak2/gene-SdhA/gene-LOC142981634/gene-LOC142985213/gene-LOC142972243/gene-LOC142976198/gene-LOC142981541/gene-Mcad/gene-Sdhaf3/gene-LOC142981491/gene-Swip-1/gene-LOC142980296/gene-Sirt2/gene-LOC142973375/gene-LOC142977227/gene-Tim23/gene-LOC142981472/gene-CIA30/gene-mRpS22/gene-LOC142978528/gene-Atf-2/gene-Taz/gene-Gpo1/gene-Cchl/gene-sicily/gene-LOC142977187/gene-LOC142980988/gene-LOC142979256/gene-LOC142981465/gene-LOC142977238/gene-MICU1/gene-Pisd/gene-LOC142976034/gene-Dic1/gene-LOC142981939/gene-LOC142983063/gene-shop/gene-LOC142980036/gene-LOC142976516/gene-LOC142983905/gene-LOC142985014/gene-LOC142984486/gene-LOC142975891/gene-RpS3/gene-Fbxl4/gene-Trap1/gene-LOC142982901/gene-Fdx2/gene-Nc73EF/gene-Miro/gene-Roe1/gene-LOC142981938/gene-GABA-B-R1/gene-Lpin/gene-blw/gene-Acsl/gene-raf/gene-PNPase/gene-CRAT/gene-Adck1/gene-Mulk/gene-LOC142979413/gene-LOC142974053/gene-UQCR-C2/gene-ATPsynC/gene-mTerf3/gene-ND-49/gene-mRpL28",280,"CC"
"GO:0043043","peptide biosynthetic process","215/3690","320/9658",0.671875,1.75852811653117,10.8502471161297,1.38052207603883e-26,1.05226460462515e-23,9.42630161393528e-24,"gene-Akt/gene-bel/gene-mRpL49/gene-eEF1delta/gene-RpLP0/gene-RpS23/gene-mRpL15/gene-eIF4B/gene-mRpS18C/gene-RpS11/gene-mRpL40/gene-mxt/gene-RpL13/gene-LOC142973531/gene-mRpS23/gene-mRpL16/gene-mRpL46/gene-tzn/gene-RpL38/gene-mRpS6/gene-mRpL51/gene-RpL30/gene-Nacalpha/gene-RpL9/gene-mRpS24/gene-LOC142974739/gene-mRpL34/gene-mRpL47/gene-LOC142977493/gene-Egfr/gene-mRpS35/gene-RpS27A/gene-NAT1/gene-LOC142981347/gene-RpLP2/gene-RpS15A/gene-LOC142981581/gene-mRpS9/gene-RpL24/gene-mRpL13/gene-mRpL27/gene-RpS17/gene-mRpS33/gene-mRpS7/gene-RpL26/gene-eIF3k/gene-mRpS17/gene-RpL5/gene-mRpL30/gene-mRpL14/gene-RpL36A/gene-RpL37-1/gene-mRpL23/gene-mRpS12/gene-Secp43/gene-RpL29/gene-RpS18/gene-mRpL2/gene-eIF3a/gene-mRpL52/gene-mRpL12/gene-RpL14/gene-RpL31/gene-eIF3i/gene-mRpS34/gene-RpL35/gene-eIF3m/gene-AIMP1/gene-RpS10b/gene-mRpL39/gene-mRpL32/gene-mRpS14/gene-LOC142987909/gene-mRpS2/gene-RpS24/gene-RpS7/gene-mEFTs/gene-RpS27/gene-eIF3g1/gene-mRpS18A/gene-mRpL33/gene-eEF2/gene-mRpS21/gene-RpL37A/gene-RpS12/gene-mRpS11/gene-mRpL37/gene-Nipped-B/gene-RpS2/gene-LOC142972368/gene-mRpL10/gene-mRRF1/gene-mRpS18B/gene-eIF1A/gene-eEF5/gene-mRpL1/gene-DENR/gene-LOC142974411/gene-OXA1L/gene-RpL34/gene-RpLP1/gene-mRpL3/gene-LOC142973667/gene-LOC142972638/gene-RpS28b/gene-LOC142972637/gene-RpL12/gene-mRpL19/gene-RpL19/gene-DNApol-gamma35/gene-TyrRS/gene-CRIF/gene-RpL22/gene-RpS30/gene-mRpL35/gene-bonsai/gene-mRpL48/gene-mRpL43/gene-RpS8/gene-mRpL17/gene-mRpL9/gene-RpL23/gene-eIF3l/gene-mRpS10/gene-RpL8/gene-RpS15/gene-mRpL45/gene-RpL27A/gene-RpL27/gene-AGO1/gene-mRpL22/gene-mRpL44/gene-eIF1/gene-AsnRS-m/gene-eIF2Balpha/gene-eEF1beta/gene-RpS21/gene-eIF2Bgamma/gene-mRpS5/gene-mRpL53/gene-RpS29/gene-LOC142974240/gene-mRpL11/gene-mRpL4/gene-Gdap1/gene-alpha-PheRS/gene-RpL40/gene-MCTS1/gene-mRpL38/gene-LOC142974534/gene-mRpL50/gene-RpL13A/gene-mRpS25/gene-RpS25/gene-eIF2Bdelta/gene-mRpS29/gene-mRpL24/gene-LOC142973677/gene-mRpS30/gene-mRpL54/gene-LOC142983927/gene-mRpS31/gene-RpL28/gene-RpS4/gene-RpL15/gene-l(3)80Fj/gene-RpS9/gene-RpS3A/gene-LOC142981491/gene-LOC142972542/gene-LOC142973375/gene-RpL11/gene-eIF2beta/gene-LOC142974631/gene-mRpS22/gene-eEF1gamma/gene-mRpS26/gene-GatA/gene-LOC142973202/gene-SerRS-m/gene-AspRS-m/gene-Ctu1/gene-Paip1/gene-RpL32/gene-RpL10/gene-RpS16/gene-TyrRS-m/gene-RpL21/gene-RpL6/gene-LOC142985529/gene-eRF1/gene-mRF1/gene-pelo/gene-RpS3/gene-LOC142982098/gene-eIF2Bepsilon/gene-RpL7/gene-pix/gene-TrpRS/gene-Gclm/gene-RpS14/gene-LOC142974472/gene-HemK2/gene-RpS20/gene-LOC142982529/gene-Dhs/gene-eIF4EHP/gene-Fur1/gene-LOC142983220/gene-mTerf3/gene-mRpL28/gene-sta/gene-Elp3/gene-eIF3h/gene-LOC142975624",215,"BP"
"GO:0006518","peptide metabolic process","252/3690","397/9658",0.634760705289673,1.66138723351969,10.5813726753796,2.28680319761919e-25,1.56874699356676e-22,1.40530074396851e-22,"gene-Akt/gene-bel/gene-mRpL49/gene-eEF1delta/gene-RpLP0/gene-RpS23/gene-mRpL15/gene-eIF4B/gene-mRpS18C/gene-RpS11/gene-mRpL40/gene-mxt/gene-RpL13/gene-LOC142973531/gene-mRpS23/gene-mRpL16/gene-mRpL46/gene-tzn/gene-RpL38/gene-mRpS6/gene-mRpL51/gene-LOC142983509/gene-RpL30/gene-Nacalpha/gene-RpL9/gene-mRpS24/gene-LOC142974739/gene-mRpL34/gene-mRpL47/gene-LOC142977493/gene-LOC142979151/gene-Egfr/gene-mRpS35/gene-Spase12/gene-RpS27A/gene-NAT1/gene-LOC142981347/gene-RpLP2/gene-LOC142985460/gene-RpS15A/gene-LOC142981581/gene-mRpS9/gene-RpL24/gene-mRpL13/gene-mRpL27/gene-RpS17/gene-mRpS33/gene-mRpS7/gene-RpL26/gene-eIF3k/gene-mRpS17/gene-Spase25/gene-RpL5/gene-mRpL30/gene-mRpL14/gene-RpL36A/gene-RpL37-1/gene-mRpL23/gene-mRpS12/gene-Secp43/gene-Sod2/gene-RpL29/gene-RpS18/gene-mRpL2/gene-eIF3a/gene-mRpL52/gene-mRpL12/gene-RpL14/gene-RpL31/gene-eIF3i/gene-mRpS34/gene-RpL35/gene-eIF3m/gene-AIMP1/gene-BmDJ-1beta/gene-RpS10b/gene-mRpL39/gene-mRpL32/gene-mRpS14/gene-LOC142987909/gene-mRpS2/gene-RpS24/gene-RpS7/gene-mEFTs/gene-RpS27/gene-eIF3g1/gene-mRpS18A/gene-mRpL33/gene-eEF2/gene-mRpS21/gene-RpL37A/gene-twr/gene-RpS12/gene-mRpS11/gene-mRpL37/gene-Nipped-B/gene-GSTo1/gene-RpS2/gene-LOC142972368/gene-mRpL10/gene-mRRF1/gene-mRpS18B/gene-eIF1A/gene-GSTd3/gene-eEF5/gene-mRpL1/gene-DENR/gene-LOC142974411/gene-OXA1L/gene-RpL34/gene-RpLP1/gene-mRpL3/gene-GSTt1/gene-LOC142973667/gene-LOC142972638/gene-RpS28b/gene-LOC142972637/gene-RpL12/gene-GSTz2/gene-mRpL19/gene-RpL19/gene-DNApol-gamma35/gene-TyrRS/gene-LOC142976791/gene-CRIF/gene-RpL22/gene-LOC142975934/gene-RpS30/gene-mRpL35/gene-bonsai/gene-mRpL48/gene-mRpL43/gene-RpS8/gene-mRpL17/gene-LOC142979890/gene-mRpL9/gene-RpL23/gene-eIF3l/gene-mRpS10/gene-RpL8/gene-RpS15/gene-mRpL45/gene-RpL27A/gene-RpL27/gene-AGO1/gene-mRpL22/gene-mRpL44/gene-eIF1/gene-AsnRS-m/gene-eIF2Balpha/gene-eEF1beta/gene-RpS21/gene-eIF2Bgamma/gene-mRpS5/gene-mRpL53/gene-RpS29/gene-LOC142974240/gene-mRpL11/gene-mRpL4/gene-Gdap1/gene-alpha-PheRS/gene-RpL40/gene-MCTS1/gene-mRpL38/gene-LOC142974534/gene-mRpL50/gene-RpL13A/gene-mRpS25/gene-RpS25/gene-SppL/gene-svr/gene-eIF2Bdelta/gene-LOC142984599/gene-mRpS29/gene-kuz/gene-Nct/gene-LOC142980986/gene-mRpL24/gene-Ide/gene-LOC142973677/gene-mRpS30/gene-mRpL54/gene-LOC142983927/gene-LOC142974003/gene-mRpS31/gene-RpL28/gene-RpS4/gene-RpL15/gene-l(3)80Fj/gene-Psa/gene-LOC142975214/gene-LOC142981634/gene-RpS9/gene-GSTe6/gene-RpS3A/gene-LOC142981491/gene-LOC142972542/gene-LOC142973375/gene-RpL11/gene-eIF2beta/gene-LOC142974631/gene-Idh/gene-mRpS22/gene-LOC142978528/gene-eEF1gamma/gene-mRpS26/gene-GatA/gene-mnb/gene-LOC142973202/gene-SerRS-m/gene-AspRS-m/gene-Ctu1/gene-Paip1/gene-LOC142977797/gene-LOC142980988/gene-RpL32/gene-RpL10/gene-LOC142980237/gene-Glo1/gene-LOC142976966/gene-RpS16/gene-TyrRS-m/gene-RpL21/gene-RpL6/gene-LOC142985529/gene-eRF1/gene-mRF1/gene-pelo/gene-GSTz1/gene-Spase22-23/gene-RpS3/gene-LOC142982098/gene-eIF2Bepsilon/gene-RpL7/gene-pix/gene-TrpRS/gene-Gclm/gene-RpS14/gene-LOC142974472/gene-HemK2/gene-RpS20/gene-LOC142982529/gene-Dhs/gene-eIF4EHP/gene-Fur1/gene-LOC142983220/gene-mTerf3/gene-mRpL28/gene-sta/gene-Elp3/gene-eIF3h/gene-LOC142975624",252,"BP"
"GO:0031966","mitochondrial membrane","262/3690","419/9658",0.625298329355609,1.63662093900175,10.4759963469431,6.61958579624385e-25,4.12821441474844e-22,3.69809970128915e-22,"gene-ND-B17.2/gene-NP15.6/gene-bel/gene-ND-13A/gene-LOC142977612/gene-mRpL49/gene-Cisd2/gene-ND-ASHI/gene-ND-B18/gene-ND-ACP/gene-mRpL15/gene-ND-B16.6/gene-ND-B12/gene-LOC142973585/gene-ox/gene-blp/gene-LOC142987685/gene-Acadvl/gene-LOC142987536/gene-mRpS18C/gene-LOC142977913/gene-sun/gene-ATPsynF/gene-ND-B15/gene-LOC142980234/gene-mRpL40/gene-LOC142980365/gene-LOC142987402/gene-CLS/gene-LOC142974754/gene-mRpS23/gene-LOC142977953/gene-mRpL16/gene-ATPsynE/gene-LOC142975328/gene-mRpL46/gene-LOC142975930/gene-ATPsynG/gene-mRpS6/gene-mRpL51/gene-LOC142977517/gene-Dhod/gene-Tim8/gene-LOC142984621/gene-Stoml2/gene-mRpS24/gene-LOC142984567/gene-mRpL47/gene-ND-B17/gene-mRpS35/gene-UQCR-Q/gene-cype/gene-ND-39/gene-LOC142981526/gene-LOC142981581/gene-ND-B14.5B/gene-mRpS9/gene-ND-B14.7/gene-mRpL13/gene-mRpL27/gene-Tim9a/gene-ND-13B/gene-ATPsynO/gene-mRpS33/gene-ATPsynCF6/gene-LOC142980491/gene-mRpS7/gene-mRpS17/gene-mRpL14/gene-mRpL23/gene-LOC142978250/gene-Sod2/gene-LOC142982820/gene-mRpL2/gene-LOC142984185/gene-mRpL12/gene-LOC142976760/gene-rho-7/gene-mRpS34/gene-PCB/gene-COX5A/gene-LOC142973869/gene-Scox/gene-ND-PDSW/gene-mRpL39/gene-mRpL32/gene-ND-B8/gene-mRpS14/gene-Phb2/gene-LOC142982317/gene-ND-SGDH/gene-LOC142987909/gene-Cox11/gene-mRpS2/gene-LOC142976110/gene-Ndufs8/gene-LOC142972461/gene-mRpS18A/gene-mRpS21/gene-Uqcc1/gene-Sarm/gene-LOC142973734/gene-Uqcr11/gene-ATPsynD/gene-LOC142981408/gene-ND-MNLL/gene-mge/gene-BI-1/gene-mRpS11/gene-mRpL37/gene-LOC142984096/gene-LOC142980570/gene-SCAR/gene-mRpS18B/gene-LOC142974394/gene-LOC142979033/gene-LOC142981532/gene-LOC142983192/gene-mRpL1/gene-YME1L/gene-BNIP3/gene-LOC142974411/gene-OXA1L/gene-Bcs1/gene-ND-B22/gene-mRpL3/gene-Cyt-c1/gene-LOC142982836/gene-ND-24/gene-ND-30/gene-ND-42/gene-LOC142972637/gene-LOC142979650/gene-mRpL19/gene-ATPsynB/gene-l(2)37Bb/gene-shi/gene-LOC142981452/gene-Coq9/gene-140up/gene-LOC142982290/gene-LOC142979424/gene-mRpL35/gene-bonsai/gene-Uccr/gene-mRpL48/gene-Surf1/gene-mRpL43/gene-mRpL17/gene-ATPsyndelta/gene-ND-18/gene-Ttc19/gene-mRpL9/gene-Pmi/gene-LOC142979225/gene-mRpS10/gene-Ccdc56/gene-mRpL45/gene-Dhfr/gene-EMRE/gene-foxo/gene-l(3)neo43/gene-mRpL22/gene-mRpL44/gene-Eph/gene-ECSIT/gene-LOC142983499/gene-LOC142978729/gene-mRpS5/gene-LOC142980539/gene-LOC142984620/gene-colt/gene-mRpL4/gene-Gdap1/gene-sea/gene-Drp1/gene-mRpL38/gene-Tim10/gene-Ppox/gene-Rim2/gene-ScpX/gene-LOC142973376/gene-mino/gene-mRpS25/gene-Phb1/gene-LOC142987070/gene-LOC142980260/gene-mRpS29/gene-LOC142984806/gene-Coprox/gene-LOC142980986/gene-mRpL24/gene-heix/gene-LOC142972933/gene-Ant/gene-mRpS30/gene-mRpL54/gene-LOC142987512/gene-LOC142974003/gene-LOC142977808/gene-mRpS31/gene-LOC142973062/gene-Ak2/gene-SdhA/gene-LOC142981634/gene-LOC142972243/gene-LOC142976198/gene-LOC142981541/gene-Mcad/gene-LOC142981491/gene-Swip-1/gene-LOC142980296/gene-Sirt2/gene-LOC142973375/gene-LOC142977227/gene-Tim23/gene-CIA30/gene-mRpS22/gene-Atf-2/gene-Taz/gene-Gpo1/gene-Cchl/gene-sicily/gene-LOC142977187/gene-LOC142980988/gene-LOC142981465/gene-LOC142977238/gene-MICU1/gene-Pisd/gene-LOC142976034/gene-Dic1/gene-LOC142981939/gene-LOC142983063/gene-LOC142980036/gene-LOC142976516/gene-LOC142983905/gene-LOC142985014/gene-LOC142984486/gene-LOC142975891/gene-RpS3/gene-Trap1/gene-LOC142982901/gene-Fdx2/gene-Nc73EF/gene-Miro/gene-Roe1/gene-LOC142981938/gene-GABA-B-R1/gene-Lpin/gene-blw/gene-Acsl/gene-raf/gene-CRAT/gene-Adck1/gene-Mulk/gene-LOC142979413/gene-LOC142974053/gene-UQCR-C2/gene-ATPsynC/gene-mTerf3/gene-ND-49/gene-mRpL28",262,"CC"
"GO:0070126","mitochondrial translational termination","67/3690","70/9658",0.957142857142857,2.50517228029423,9.93781963918113,9.39669552121592e-25,5.3717776062951e-22,4.81209723270689e-22,"gene-mRpL49/gene-mRpL15/gene-mRpS18C/gene-mRpL40/gene-mRpS23/gene-mRpL16/gene-mRpL46/gene-mRpS6/gene-mRpL51/gene-mRpS24/gene-mRpL47/gene-mRpS35/gene-LOC142981581/gene-mRpS9/gene-mRpL13/gene-mRpL27/gene-mRpS33/gene-mRpS7/gene-mRpS17/gene-mRpL14/gene-mRpL23/gene-mRpL2/gene-mRpL12/gene-mRpS34/gene-mRpL39/gene-mRpL32/gene-mRpS14/gene-LOC142987909/gene-mRpS2/gene-mRpS18A/gene-mRpS21/gene-mRpS11/gene-mRpL37/gene-mRRF1/gene-mRpS18B/gene-mRpL1/gene-LOC142974411/gene-OXA1L/gene-mRpL3/gene-LOC142972637/gene-mRpL19/gene-CRIF/gene-mRpL35/gene-bonsai/gene-mRpL48/gene-mRpL43/gene-mRpL17/gene-mRpL9/gene-mRpS10/gene-mRpL45/gene-mRpL22/gene-mRpL44/gene-mRpS5/gene-mRpL4/gene-mRpL38/gene-LOC142974534/gene-mRpS25/gene-mRpS29/gene-mRpL24/gene-mRpS30/gene-mRpL54/gene-mRpS31/gene-LOC142972542/gene-LOC142973375/gene-mRpS22/gene-mRF1/gene-mRpL28",67,"BP"
"GO:0070125","mitochondrial translational elongation","66/3690","69/9658",0.956521739130435,2.5035466006834,9.85540941913734,2.38075868662373e-24,1.24537684927197e-21,1.11562222587843e-21,"gene-mRpL49/gene-mRpL15/gene-mRpS18C/gene-mRpL40/gene-mRpS23/gene-mRpL16/gene-mRpL46/gene-mRpS6/gene-mRpL51/gene-mRpS24/gene-mRpL47/gene-mRpS35/gene-LOC142981581/gene-mRpS9/gene-mRpL13/gene-mRpL27/gene-mRpS33/gene-mRpS7/gene-mRpS17/gene-mRpL14/gene-mRpL23/gene-mRpL2/gene-mRpL12/gene-mRpS34/gene-mRpL39/gene-mRpL32/gene-mRpS14/gene-LOC142987909/gene-mRpS2/gene-mEFTs/gene-mRpS18A/gene-mRpS21/gene-mRpS11/gene-mRpL37/gene-mRpS18B/gene-mRpL1/gene-LOC142974411/gene-OXA1L/gene-mRpL3/gene-LOC142972637/gene-mRpL19/gene-CRIF/gene-mRpL35/gene-bonsai/gene-mRpL48/gene-mRpL43/gene-mRpL17/gene-mRpL9/gene-mRpS10/gene-mRpL45/gene-mRpL22/gene-mRpL44/gene-mRpS5/gene-mRpL4/gene-mRpL38/gene-mEFTu1/gene-mRpS25/gene-mRpS29/gene-mRpL24/gene-mRpS30/gene-mRpL54/gene-mRpS31/gene-LOC142973375/gene-mRpS22/gene-LOC142983220/gene-mRpL28",66,"BP"
"GO:0006415","translational termination","71/3690","76/9658",0.934210526315789,2.44515047782057,9.94515772613844,2.54158540667748e-24,1.24537684927197e-21,1.11562222587843e-21,"gene-mRpL49/gene-mRpL15/gene-mRpS18C/gene-mRpL40/gene-mRpS23/gene-mRpL16/gene-mRpL46/gene-mRpS6/gene-mRpL51/gene-mRpS24/gene-mRpL47/gene-mRpS35/gene-LOC142981581/gene-mRpS9/gene-mRpL13/gene-mRpL27/gene-mRpS33/gene-mRpS7/gene-mRpS17/gene-mRpL14/gene-mRpL23/gene-mRpL2/gene-mRpL12/gene-mRpS34/gene-mRpL39/gene-mRpL32/gene-mRpS14/gene-LOC142987909/gene-mRpS2/gene-mRpS18A/gene-mRpS21/gene-mRpS11/gene-mRpL37/gene-mRRF1/gene-mRpS18B/gene-mRpL1/gene-LOC142974411/gene-OXA1L/gene-mRpL3/gene-LOC142972637/gene-mRpL19/gene-CRIF/gene-mRpL35/gene-bonsai/gene-mRpL48/gene-mRpL43/gene-mRpL17/gene-mRpL9/gene-mRpS10/gene-mRpL45/gene-mRpL22/gene-mRpL44/gene-mRpS5/gene-mRpL4/gene-mRpL38/gene-LOC142974534/gene-mRpS25/gene-mRpS29/gene-mRpL24/gene-mRpS30/gene-mRpL54/gene-mRpS31/gene-LOC142972542/gene-LOC142973375/gene-LOC142974631/gene-mRpS22/gene-eRF1/gene-mRF1/gene-pix/gene-HemK2/gene-mRpL28",71,"BP"
"GO:0006414","translational elongation","81/3690","91/9658",0.89010989010989,2.32972393460198,10.0210720975676,5.0236439723066e-24,2.29747984333488e-21,2.05810761475971e-21,"gene-mRpL49/gene-eEF1delta/gene-mRpL15/gene-mRpS18C/gene-mRpL40/gene-mRpS23/gene-mRpL16/gene-mRpL46/gene-mRpS6/gene-mRpL51/gene-mRpS24/gene-LOC142974739/gene-mRpL47/gene-mRpS35/gene-LOC142981347/gene-RpLP2/gene-LOC142981581/gene-mRpS9/gene-mRpL13/gene-mRpL27/gene-mRpS33/gene-mRpS7/gene-mRpS17/gene-mRpL14/gene-mRpL23/gene-Secp43/gene-mRpL2/gene-mRpL12/gene-mRpS34/gene-mRpL39/gene-mRpL32/gene-mRpS14/gene-LOC142987909/gene-mRpS2/gene-mEFTs/gene-mRpS18A/gene-eEF2/gene-mRpS21/gene-mRpS11/gene-mRpL37/gene-eEF1alpha1/gene-mRpS18B/gene-eEF5/gene-mRpL1/gene-LOC142974411/gene-OXA1L/gene-RpLP1/gene-mRpL3/gene-LOC142972637/gene-mRpL19/gene-CRIF/gene-mRpL35/gene-bonsai/gene-mRpL48/gene-mRpL43/gene-mRpL17/gene-mRpL9/gene-mRpS10/gene-mRpL45/gene-mRpL22/gene-mRpL44/gene-eEF1beta/gene-mRpS5/gene-mRpL4/gene-Gdap1/gene-mRpL38/gene-LOC142974534/gene-mEFTu1/gene-mRpS25/gene-mRpS29/gene-mRpL24/gene-mRpS30/gene-mRpL54/gene-mRpS31/gene-LOC142972542/gene-LOC142973375/gene-mRpS22/gene-eEF1gamma/gene-LOC142985529/gene-LOC142983220/gene-mRpL28",81,"BP"
"GO:0005743","mitochondrial inner membrane","222/3690","344/9658",0.645348837209302,1.68910001890717,10.2332423120034,7.91684948469993e-24,3.3943492165651e-21,3.04069521655778e-21,"gene-ND-B17.2/gene-NP15.6/gene-ND-13A/gene-LOC142972148/gene-LOC142977612/gene-mRpL49/gene-ND-ASHI/gene-ND-B18/gene-ND-ACP/gene-mRpL15/gene-ND-B16.6/gene-ND-B12/gene-LOC142973585/gene-ox/gene-blp/gene-LOC142987685/gene-Acadvl/gene-LOC142987536/gene-mRpS18C/gene-LOC142977913/gene-sun/gene-ATPsynF/gene-ND-B15/gene-LOC142980234/gene-mRpL40/gene-LOC142980365/gene-LOC142987402/gene-CLS/gene-mRpS23/gene-LOC142977953/gene-mRpL16/gene-ATPsynE/gene-LOC142975328/gene-mRpL46/gene-LOC142975930/gene-ATPsynG/gene-mRpS6/gene-mRpL51/gene-LOC142977517/gene-Dhod/gene-Tim8/gene-LOC142984621/gene-Stoml2/gene-mRpS24/gene-LOC142984567/gene-mRpL47/gene-ND-B17/gene-mRpS35/gene-UQCR-Q/gene-cype/gene-ND-39/gene-LOC142981526/gene-LOC142981581/gene-ND-B14.5B/gene-mRpS9/gene-ND-B14.7/gene-mRpL13/gene-mRpL27/gene-Tim9a/gene-ND-13B/gene-ATPsynO/gene-mRpS33/gene-ATPsynCF6/gene-LOC142980491/gene-mRpS7/gene-mRpS17/gene-mRpL14/gene-mRpL23/gene-LOC142978250/gene-Sod2/gene-LOC142982820/gene-mRpL2/gene-mRpL12/gene-rho-7/gene-mRpS34/gene-PCB/gene-COX5A/gene-LOC142973869/gene-Scox/gene-ND-PDSW/gene-mRpL39/gene-mRpL32/gene-ND-B8/gene-mRpS14/gene-Phb2/gene-LOC142982317/gene-ND-SGDH/gene-LOC142987909/gene-Cox11/gene-mRpS2/gene-LOC142976110/gene-Ndufs8/gene-LOC142972461/gene-mRpS18A/gene-mRpS21/gene-Uqcc1/gene-LOC142973734/gene-Uqcr11/gene-ATPsynD/gene-LOC142981408/gene-ND-MNLL/gene-mRpS11/gene-mRpL37/gene-LOC142980570/gene-mRpS18B/gene-LOC142974394/gene-LOC142981532/gene-LOC142983192/gene-mRpL1/gene-YME1L/gene-LOC142974411/gene-OXA1L/gene-Bcs1/gene-l(3)87Df/gene-ND-B22/gene-mRpL3/gene-Cyt-c1/gene-LOC142982836/gene-ND-24/gene-ND-30/gene-ND-42/gene-LOC142972637/gene-mRpL19/gene-ATPsynB/gene-l(2)37Bb/gene-LOC142981452/gene-Coq9/gene-140up/gene-LOC142982290/gene-LOC142979424/gene-mRpL35/gene-bonsai/gene-Uccr/gene-mRpL48/gene-Surf1/gene-mRpL43/gene-mRpL17/gene-ATPsyndelta/gene-ND-18/gene-Ttc19/gene-mRpL9/gene-Pmi/gene-mRpS10/gene-Ccdc56/gene-mRpL45/gene-Dhfr/gene-EMRE/gene-l(3)neo43/gene-mRpL22/gene-mRpL44/gene-ECSIT/gene-mRpS5/gene-LOC142980539/gene-LOC142984620/gene-colt/gene-mRpL4/gene-sea/gene-mRpL38/gene-Tim10/gene-Ppox/gene-Rim2/gene-LOC142973376/gene-mRpS25/gene-Phb1/gene-LOC142987070/gene-LOC142980260/gene-mRpS29/gene-Coprox/gene-Coq7/gene-mRpL24/gene-Ant/gene-mRpS30/gene-mRpL54/gene-LOC142974003/gene-mRpS31/gene-Ak2/gene-SdhA/gene-LOC142981634/gene-LOC142976198/gene-LOC142981541/gene-LOC142981491/gene-Swip-1/gene-LOC142980296/gene-Sirt2/gene-LOC142973375/gene-LOC142977227/gene-Tim23/gene-CIA30/gene-mRpS22/gene-Taz/gene-Gpo1/gene-Cchl/gene-sicily/gene-LOC142977187/gene-LOC142981465/gene-LOC142977238/gene-MICU1/gene-Pisd/gene-LOC142976034/gene-Dic1/gene-LOC142983063/gene-LOC142980036/gene-LOC142976516/gene-LOC142983905/gene-LOC142985014/gene-LOC142975891/gene-RpS3/gene-Trap1/gene-LOC142982901/gene-LOC142977747/gene-Fdx2/gene-Roe1/gene-blw/gene-CRAT/gene-LOC142974494/gene-Adck1/gene-Mulk/gene-LOC142979413/gene-UQCR-C2/gene-ATPsynC/gene-ND-49/gene-mRpL28",222,"CC"
"GO:0032543","mitochondrial translation","89/3690","105/9658",0.847619047619048,2.21851077558395,9.87129262450354,6.06920312125668e-23,2.44910196540123e-20,2.19393237287285e-20,"gene-mRpL49/gene-mRpL15/gene-mRpS18C/gene-mRpL40/gene-mRpS23/gene-mRpL16/gene-mRpL46/gene-mRpS6/gene-mRpL51/gene-mRpS24/gene-mRpL34/gene-mRpL47/gene-mRpS35/gene-LOC142981581/gene-mRpS9/gene-mRpL13/gene-mRpL27/gene-mRpS33/gene-mRpS7/gene-mRpS17/gene-mRpL30/gene-mRpL14/gene-mRpL23/gene-mRpS12/gene-mRpL2/gene-mRpL52/gene-mRpL12/gene-mRpS34/gene-mRpL39/gene-mRpL32/gene-mRpS14/gene-LOC142987909/gene-mRpS2/gene-mEFTs/gene-mRpS18A/gene-mRpL33/gene-mRpS21/gene-mRpS11/gene-mRpL37/gene-mRpL10/gene-mRRF1/gene-mRpS18B/gene-mRpL1/gene-LOC142974411/gene-OXA1L/gene-mRpL3/gene-LOC142979807/gene-LOC142972638/gene-LOC142972637/gene-mRpL19/gene-DNApol-gamma35/gene-CRIF/gene-mRpL35/gene-bonsai/gene-mRpL48/gene-mRpL43/gene-mRpL17/gene-mRpL9/gene-mRpS10/gene-mRpL45/gene-mRpL22/gene-mRpL44/gene-mRpS5/gene-mRpL53/gene-mRpL11/gene-mRpL4/gene-mRpL38/gene-LOC142974534/gene-mRpL50/gene-mRpS25/gene-mRpS29/gene-mRpL24/gene-mRpS30/gene-mRpL54/gene-mRpS16/gene-mRpS31/gene-LOC142981491/gene-LOC142972542/gene-LOC142973375/gene-mRpS22/gene-mRpS26/gene-GatA/gene-SerRS-m/gene-AspRS-m/gene-TyrRS-m/gene-mRF1/gene-LOC142974472/gene-mTerf3/gene-mRpL28",89,"BP"
"GO:0015934","large ribosomal subunit","86/3690","101/9658",0.851485148514851,2.22862969223752,9.75979716896207,1.72079764337814e-22,6.55815101865224e-20,5.87486353335765e-20,"gene-mRpL49/gene-RpLP0/gene-Fmr1/gene-mRpL15/gene-mRpL40/gene-RpL13/gene-mRpL16/gene-mRpL46/gene-mRpL18/gene-RpL38/gene-mRpL51/gene-RpL30/gene-RpL9/gene-mRpL34/gene-mRpL47/gene-RpLP2/gene-RpL24/gene-mRpL13/gene-mRpL27/gene-RpL26/gene-RpL5/gene-mRpL30/gene-mRpL14/gene-RpL36A/gene-RpL37-1/gene-mRpL23/gene-RpL29/gene-mRpL2/gene-mRpL52/gene-mRpL12/gene-RpL14/gene-RpL31/gene-RpL35/gene-mRpL39/gene-mRpL32/gene-LOC142987909/gene-mRpL33/gene-RpL37A/gene-RpS12/gene-mRpL37/gene-mRpL10/gene-mRpL1/gene-RpL34/gene-RpLP1/gene-mRpL3/gene-LOC142973667/gene-LOC142972638/gene-LOC142972637/gene-RpL12/gene-mRpL19/gene-RpL19/gene-RpL22/gene-mRpL35/gene-mRpL48/gene-mRpL43/gene-mRpL17/gene-mRpL9/gene-RpL23/gene-RpL8/gene-mRpL45/gene-RpL27A/gene-RpL27/gene-mRpL22/gene-mRpL44/gene-mRpL53/gene-mRpL11/gene-mRpL4/gene-RpL40/gene-mRpL38/gene-LOC142974534/gene-LOC142973376/gene-mRpL50/gene-RpL13A/gene-mRpL24/gene-mRpL54/gene-RpL28/gene-RpL15/gene-LOC142972542/gene-RpL11/gene-RpL32/gene-RpL10/gene-Dic1/gene-RpL21/gene-RpL6/gene-RpL7/gene-mRpL28",86,"CC"
"GO:0019866","organelle inner membrane","220/3690","346/9658",0.635838150289017,1.66420727791093,9.89327513874538,2.20205645625006e-22,7.95058278414496e-20,7.1222191643146e-20,"gene-ND-B17.2/gene-NP15.6/gene-ND-13A/gene-LOC142977612/gene-mRpL49/gene-ND-ASHI/gene-ND-B18/gene-ND-ACP/gene-mRpL15/gene-ND-B16.6/gene-ND-B12/gene-LOC142973585/gene-ox/gene-blp/gene-LOC142987685/gene-Acadvl/gene-LOC142987536/gene-mRpS18C/gene-LOC142977913/gene-sun/gene-ATPsynF/gene-ND-B15/gene-LOC142980234/gene-mRpL40/gene-LOC142980365/gene-LOC142987402/gene-CLS/gene-mRpS23/gene-LOC142977953/gene-mRpL16/gene-ATPsynE/gene-LOC142975328/gene-mRpL46/gene-LOC142975930/gene-ATPsynG/gene-mRpS6/gene-mRpL51/gene-LOC142977517/gene-Dhod/gene-Tim8/gene-LOC142984621/gene-Stoml2/gene-mRpS24/gene-LOC142984567/gene-mRpL47/gene-ND-B17/gene-mRpS35/gene-UQCR-Q/gene-cype/gene-ND-39/gene-LOC142981526/gene-LOC142981581/gene-ND-B14.5B/gene-mRpS9/gene-ND-B14.7/gene-mRpL13/gene-mRpL27/gene-Tim9a/gene-ND-13B/gene-ATPsynO/gene-mRpS33/gene-ATPsynCF6/gene-LOC142980491/gene-mRpS7/gene-mRpS17/gene-mRpL14/gene-mRpL23/gene-LOC142978250/gene-Sod2/gene-LOC142982820/gene-mRpL2/gene-mRpL12/gene-rho-7/gene-mRpS34/gene-PCB/gene-COX5A/gene-LOC142973869/gene-Scox/gene-ND-PDSW/gene-mRpL39/gene-mRpL32/gene-ND-B8/gene-mRpS14/gene-Phb2/gene-LOC142982317/gene-ND-SGDH/gene-LOC142987909/gene-Cox11/gene-mRpS2/gene-LOC142977939/gene-LOC142976110/gene-Ndufs8/gene-LOC142972461/gene-mRpS18A/gene-mRpS21/gene-Uqcc1/gene-LOC142973734/gene-Uqcr11/gene-ATPsynD/gene-LOC142981408/gene-ND-MNLL/gene-mRpS11/gene-mRpL37/gene-LOC142980570/gene-mRpS18B/gene-LOC142974394/gene-LOC142981532/gene-LOC142983192/gene-mRpL1/gene-YME1L/gene-LOC142974411/gene-OXA1L/gene-Bcs1/gene-ND-B22/gene-mRpL3/gene-Cyt-c1/gene-LOC142982836/gene-ND-24/gene-ND-30/gene-ND-42/gene-LOC142972637/gene-mRpL19/gene-ATPsynB/gene-l(2)37Bb/gene-LOC142981452/gene-Coq9/gene-140up/gene-LOC142982290/gene-LOC142979424/gene-mRpL35/gene-bonsai/gene-Uccr/gene-mRpL48/gene-Surf1/gene-mRpL43/gene-mRpL17/gene-ATPsyndelta/gene-ND-18/gene-Ttc19/gene-mRpL9/gene-Pmi/gene-mRpS10/gene-Ccdc56/gene-mRpL45/gene-Dhfr/gene-EMRE/gene-l(3)neo43/gene-mRpL22/gene-mRpL44/gene-ECSIT/gene-mRpS5/gene-LOC142980539/gene-LOC142984620/gene-colt/gene-mRpL4/gene-sea/gene-mRpL38/gene-Tim10/gene-Ppox/gene-Rim2/gene-LOC142973376/gene-mRpS25/gene-Phb1/gene-LOC142987070/gene-LOC142980260/gene-mRpS29/gene-Coprox/gene-mRpL24/gene-Ant/gene-mRpS30/gene-mRpL54/gene-LOC142974003/gene-mRpS31/gene-Ak2/gene-SdhA/gene-LOC142981634/gene-LOC142976198/gene-LOC142981541/gene-LOC142981491/gene-Swip-1/gene-LOC142980296/gene-Sirt2/gene-LOC142973375/gene-LOC142977227/gene-Tim23/gene-CIA30/gene-mRpS22/gene-Taz/gene-Gpo1/gene-Cchl/gene-sicily/gene-LOC142977187/gene-LOC142981465/gene-LOC142977238/gene-MICU1/gene-Pisd/gene-LOC142976034/gene-Dic1/gene-LOC142983063/gene-gzl/gene-LOC142980036/gene-LOC142976516/gene-LOC142983905/gene-LOC142985014/gene-LOC142975891/gene-RpS3/gene-Trap1/gene-LOC142982901/gene-Fdx2/gene-Roe1/gene-blw/gene-CRAT/gene-Adck1/gene-Smox/gene-Mulk/gene-LOC142979413/gene-UQCR-C2/gene-ATPsynC/gene-ND-49/gene-mRpL28",220,"CC"
"GO:0043604","amide biosynthetic process","246/3690","399/9658",0.616541353383459,1.61370091896408,9.84421456293643,3.38728175629325e-22,1.16183764240858e-19,1.04078688911789e-19,"gene-Akt/gene-bel/gene-mRpL49/gene-eEF1delta/gene-RpLP0/gene-RpS23/gene-mRpL15/gene-eIF4B/gene-mRpS18C/gene-RpS11/gene-mRpL40/gene-mxt/gene-RpL13/gene-LOC142973531/gene-mRpS23/gene-mRpL16/gene-mRpL46/gene-tzn/gene-RpL38/gene-mRpS6/gene-mRpL51/gene-RpL30/gene-Nacalpha/gene-RpL9/gene-mRpS24/gene-LOC142974739/gene-mRpL34/gene-mRpL47/gene-LOC142977493/gene-Egfr/gene-mRpS35/gene-RpS27A/gene-NAT1/gene-LOC142981347/gene-RpLP2/gene-RpS15A/gene-LOC142981581/gene-mRpS9/gene-RpL24/gene-mRpL13/gene-mRpL27/gene-RpS17/gene-mRpS33/gene-mRpS7/gene-RpL26/gene-eIF3k/gene-mRpS17/gene-RpL5/gene-mRpL30/gene-mRpL14/gene-RpL36A/gene-RpL37-1/gene-mRpL23/gene-mRpS12/gene-Secp43/gene-RpL29/gene-RpS18/gene-mRpL2/gene-eIF3a/gene-mRpL52/gene-mRpL12/gene-RpL14/gene-RpL31/gene-eIF3i/gene-mRpS34/gene-RpL35/gene-eIF3m/gene-LOC142974900/gene-AIMP1/gene-FASN1/gene-RpS10b/gene-mRpL39/gene-mRpL32/gene-mRpS14/gene-LOC142987909/gene-mRpS2/gene-RpS24/gene-RpS7/gene-mEFTs/gene-RpS27/gene-eIF3g1/gene-mRpS18A/gene-mRpL33/gene-eEF2/gene-mRpS21/gene-RpL37A/gene-RpS12/gene-mRpS11/gene-mRpL37/gene-Nipped-B/gene-RpS2/gene-LOC142972368/gene-LOC142977255/gene-mRpL10/gene-mRRF1/gene-mRpS18B/gene-LOC142974394/gene-eIF1A/gene-eEF5/gene-LOC142974073/gene-mRpL1/gene-DENR/gene-LOC142974411/gene-OXA1L/gene-RpL34/gene-RpLP1/gene-mRpL3/gene-LOC142975892/gene-LOC142974222/gene-LOC142973667/gene-LOC142972638/gene-RpS28b/gene-LOC142974002/gene-LOC142972637/gene-RpL12/gene-mRpL19/gene-RpL19/gene-DNApol-gamma35/gene-TyrRS/gene-Ppt2/gene-CRIF/gene-RpL22/gene-RpS30/gene-mRpL35/gene-bonsai/gene-mRpL48/gene-mRpL43/gene-RpS8/gene-mRpL17/gene-mRpL9/gene-RpL23/gene-eIF3l/gene-mRpS10/gene-RpL8/gene-RpS15/gene-mRpL45/gene-Dhfr/gene-RpL27A/gene-RpL27/gene-AGO1/gene-mRpL22/gene-mRpL44/gene-eIF1/gene-AsnRS-m/gene-eIF2Balpha/gene-eEF1beta/gene-RpS21/gene-eIF2Bgamma/gene-mRpS5/gene-mRpL53/gene-RpS29/gene-LOC142974240/gene-mRpL11/gene-ifc/gene-mRpL4/gene-Gdap1/gene-alpha-PheRS/gene-sea/gene-RpL40/gene-MCTS1/gene-mRpL38/gene-LOC142973569/gene-LOC142974534/gene-mRpL50/gene-RpL13A/gene-mRpS25/gene-RpS25/gene-eIF2Bdelta/gene-mRpS29/gene-LOC142977137/gene-LOC142980931/gene-mRpL24/gene-rudimentary/gene-LOC142973677/gene-C/EBP/gene-mRpS30/gene-mRpL54/gene-LOC142983927/gene-ATPCL/gene-mRpS31/gene-RpL28/gene-RpS4/gene-RpL15/gene-l(3)80Fj/gene-Mthfs/gene-LOC142977139/gene-LOC142980956/gene-RpS9/gene-Gart/gene-AcCoAS/gene-RpS3A/gene-LOC142981491/gene-LOC142972542/gene-LOC142973375/gene-RpL11/gene-eIF2beta/gene-LOC142974631/gene-mRpS22/gene-eEF1gamma/gene-mRpS26/gene-GatA/gene-LOC142973202/gene-SerRS-m/gene-AspRS-m/gene-Ctu1/gene-Paip1/gene-RpL32/gene-RpL10/gene-RpS16/gene-TyrRS-m/gene-RpL21/gene-RpL6/gene-LOC142985529/gene-eRF1/gene-lace/gene-mRF1/gene-pelo/gene-LOC142976533/gene-RpS3/gene-LOC142982098/gene-eIF2Bepsilon/gene-RpL7/gene-pix/gene-LOC142977747/gene-TrpRS/gene-Gclm/gene-RpS14/gene-LOC142974472/gene-Acsl/gene-HemK2/gene-RpS20/gene-LOC142982529/gene-Dhs/gene-eIF4EHP/gene-Mulk/gene-Fur1/gene-Sc2/gene-LOC142984436/gene-LOC142983220/gene-mTerf3/gene-mRpL28/gene-Pdk/gene-sta/gene-Elp3/gene-eIF3h/gene-LOC142975624",246,"BP"
"GO:0005762","mitochondrial large ribosomal subunit","51/3690","52/9658",0.980769230769231,2.56701063164478,8.90886166267728,1.2885101713425e-20,4.20913322638549e-18,3.77058765929699e-18,"gene-mRpL49/gene-mRpL15/gene-mRpL40/gene-mRpL16/gene-mRpL46/gene-mRpL18/gene-mRpL51/gene-mRpL34/gene-mRpL47/gene-mRpL13/gene-mRpL27/gene-mRpL30/gene-mRpL14/gene-mRpL23/gene-mRpL2/gene-mRpL52/gene-mRpL12/gene-mRpL39/gene-mRpL32/gene-LOC142987909/gene-mRpL55/gene-mRpL33/gene-mRpL37/gene-mRpL41/gene-mRpL10/gene-mRpL1/gene-mRpL3/gene-LOC142972638/gene-LOC142972637/gene-mRpL19/gene-mRpL35/gene-mRpL48/gene-mRpL43/gene-mRpL17/gene-mRpL9/gene-mRpL45/gene-mRpL22/gene-mRpL44/gene-mRpL53/gene-mRpL11/gene-mRpL4/gene-mRpL38/gene-LOC142974534/gene-LOC142973376/gene-mRpL50/gene-mRpL24/gene-mRpS30/gene-mRpL54/gene-LOC142972542/gene-Dic1/gene-mRpL28",51,"CC"
"GO:0140053","mitochondrial gene expression","101/3690","131/9658",0.770992366412214,2.01795237799706,9.22369466676257,7.78962405430922e-20,2.42894640966188e-17,2.17587680521805e-17,"gene-mRpL49/gene-mRpL15/gene-mRpS18C/gene-mRpL40/gene-mRpS23/gene-mRpL16/gene-mRpL46/gene-mRpS6/gene-mRpL51/gene-mtTFB1/gene-mRpS24/gene-mRpL34/gene-mRpL47/gene-mRpS35/gene-LOC142981581/gene-mRpS9/gene-mRpL13/gene-mRpL27/gene-mRpS33/gene-mRpS7/gene-mRpS17/gene-mRpL30/gene-mRpL14/gene-mRpL23/gene-mRpS12/gene-mRpL2/gene-mRpL52/gene-mRpL12/gene-mRpS34/gene-mRpL39/gene-mRpL32/gene-mRpS14/gene-LOC142987909/gene-mRpS2/gene-mEFTs/gene-mRpS18A/gene-mRpL33/gene-mRpS21/gene-mRpS11/gene-mRpL37/gene-mRpL10/gene-mRRF1/gene-mRpS18B/gene-mRpL1/gene-LOC142974411/gene-OXA1L/gene-mRpL3/gene-LOC142972638/gene-LOC142972637/gene-mRpL19/gene-DNApol-gamma35/gene-CRIF/gene-mRpL35/gene-bonsai/gene-mRpL48/gene-mRpL43/gene-mRpL17/gene-TFAM/gene-mRpL9/gene-mRpS10/gene-mRpL45/gene-foxo/gene-mRpL22/gene-mRpL44/gene-mRpS5/gene-mRpL53/gene-mRpL11/gene-mRpL4/gene-mRpL38/gene-Rim2/gene-LOC142974534/gene-mRpL50/gene-mRpS25/gene-mRpS29/gene-mRpL24/gene-mRpS30/gene-mRpL54/gene-Nfs1/gene-mRpS31/gene-mtTFB2/gene-rswl/gene-LOC142974423/gene-LOC142978230/gene-LOC142981491/gene-LOC142972542/gene-LOC142973375/gene-mldr/gene-mRpS22/gene-mRpS26/gene-GatA/gene-SerRS-m/gene-AspRS-m/gene-TyrRS-m/gene-mTTF/gene-mRF1/gene-LOC142974651/gene-LOC142974472/gene-LOC142986563/gene-PNPase/gene-mTerf3/gene-mRpL28",101,"BP"
"GO:0000315","organellar large ribosomal subunit","48/3690","49/9658",0.979591836734694,2.56392898622864,8.62970329058014,2.23269822753069e-19,6.65926514820024e-17,5.96544267840924e-17,"gene-mRpL49/gene-mRpL15/gene-mRpL40/gene-mRpL16/gene-mRpL46/gene-mRpL18/gene-mRpL51/gene-mRpL34/gene-mRpL47/gene-mRpL13/gene-mRpL27/gene-mRpL30/gene-mRpL14/gene-mRpL23/gene-mRpL2/gene-mRpL52/gene-mRpL12/gene-mRpL39/gene-mRpL32/gene-LOC142987909/gene-mRpL33/gene-mRpL37/gene-mRpL10/gene-mRpL1/gene-mRpL3/gene-LOC142972638/gene-LOC142972637/gene-mRpL19/gene-mRpL35/gene-mRpL48/gene-mRpL43/gene-mRpL17/gene-mRpL9/gene-mRpL45/gene-mRpL22/gene-mRpL44/gene-mRpL53/gene-mRpL11/gene-mRpL4/gene-mRpL38/gene-LOC142974534/gene-LOC142973376/gene-mRpL50/gene-mRpL24/gene-mRpL54/gene-LOC142972542/gene-Dic1/gene-mRpL28",48,"CC"
"GO:0015935","small ribosomal subunit","62/3690","69/9658",0.898550724637681,2.35181650367228,8.86085279776606,3.73819457457003e-19,1.06850061589793e-16,9.57174558172799e-17,"gene-RpS23/gene-mRpS18C/gene-RpS11/gene-mRpS23/gene-mRpL16/gene-mRpS6/gene-mRpS24/gene-mRpS35/gene-RpS27A/gene-RpS15A/gene-mRpS9/gene-RpS17/gene-mRpS33/gene-mRpS7/gene-mRpS17/gene-mRpS12/gene-RpS18/gene-mRpL12/gene-mRpS34/gene-RpS10b/gene-mRpS14/gene-mRpS2/gene-RpS24/gene-RpS7/gene-RpS27/gene-mRpS18A/gene-mRpS21/gene-RpS12/gene-mRpS11/gene-RpS2/gene-mRpS18B/gene-LOC142974411/gene-RpS5/gene-mRpL3/gene-LOC142972638/gene-RpS28b/gene-RpS30/gene-bonsai/gene-RpS8/gene-mRpS10/gene-RpS15/gene-RpS21/gene-mRpS5/gene-RpS29/gene-MCTS1/gene-mRpS25/gene-LOC142985091/gene-RpS25/gene-mRpS29/gene-mRpS30/gene-mRpS16/gene-mRpS31/gene-RpS4/gene-RpS9/gene-RpS3A/gene-mRpS22/gene-mRpS26/gene-RpS16/gene-RpS3/gene-RpS14/gene-RpS20/gene-sta",62,"CC"
"GO:0043624","GO:0043624","84/3690","105/9658",0.8,2.09387533875339,8.86160695492243,1.59262331633685e-18,4.37015838002832e-16,3.91483575611559e-16,"gene-mRpL49/gene-mRpL15/gene-LOC142980898/gene-mRpS18C/gene-mRpL40/gene-mRpS23/gene-mRpL16/gene-mRpL46/gene-mRpS6/gene-mRpL51/gene-mRpS24/gene-mRpL47/gene-mRpS35/gene-LOC142981581/gene-mRpS9/gene-mRpL13/gene-mRpL27/gene-mRpS33/gene-mRpS7/gene-mRpS17/gene-mRpL14/gene-mRpL23/gene-mRpL2/gene-mRpL12/gene-mRpS34/gene-Klp10A/gene-mRpL39/gene-mRpL32/gene-mRpS14/gene-LOC142987909/gene-mRpS2/gene-mRpS18A/gene-mRpS21/gene-mRpS11/gene-mRpL37/gene-mRRF1/gene-mRpS18B/gene-mRpL1/gene-LOC142974411/gene-OXA1L/gene-Efa6/gene-Usp5/gene-mRpL3/gene-LOC142972637/gene-mRpL19/gene-CRIF/gene-mRpL35/gene-bonsai/gene-mRpL48/gene-mRpL43/gene-mRpL17/gene-mRpL9/gene-mRpS10/gene-EndoA/gene-mRpL45/gene-stai/gene-mRpL22/gene-mRpL44/gene-psidin/gene-mRpS5/gene-mRpL4/gene-Synj/gene-mRpL38/gene-LOC142974534/gene-LOC142987403/gene-mRpS25/gene-mRpS29/gene-mRpL24/gene-atl/gene-mRpS30/gene-mRpL54/gene-mRpS31/gene-LOC142972542/gene-LOC142973375/gene-LOC142974631/gene-mRpS22/gene-spas/gene-LOC142973128/gene-eRF1/gene-mRF1/gene-pix/gene-Lpin/gene-HemK2/gene-mRpL28",84,NA
"GO:0016071","mRNA metabolic process","280/3690","498/9658",0.562248995983936,1.47159913366202,8.49688664972713,4.79433384228968e-17,1.26496654454258e-14,1.13317088952579e-14,"gene-RpII215/gene-hfp/gene-Cnot4/gene-SF1/gene-LOC142983263/gene-eEF1delta/gene-RpLP0/gene-Sf3a1/gene-Spt5/gene-LOC142980900/gene-MED1/gene-RpS11/gene-SNRPG/gene-mago/gene-Spx/gene-RpL13/gene-Cbp20/gene-LOC142983616/gene-LSm1/gene-yps/gene-Upf1/gene-Prp8/gene-RpL38/gene-Spt6/gene-SmD2/gene-spen/gene-l(1)G0007/gene-Rbfox1/gene-Prp39/gene-Rpb7/gene-RpL24/gene-Cdk12/gene-LOC142985114/gene-hrg/gene-Psi/gene-Zn72D/gene-rin/gene-RpL36A/gene-RpL37-1/gene-RpL29/gene-LOC142984261/gene-Ssu72/gene-LOC142978680/gene-nonC/gene-RpL14/gene-Sf3b1/gene-SF2/gene-RpL31/gene-Rpb12/gene-ubl/gene-LOC142984803/gene-RpS10b/gene-LOC142979577/gene-LOC142987276/gene-RpII33/gene-RpS7/gene-Pym/gene-Sf3b6/gene-RpL37A/gene-mbl/gene-RpS12/gene-Not1/gene-RpS2/gene-Irbp18/gene-LOC142985465/gene-crc/gene-LOC142976245/gene-nito/gene-Rnp4F/gene-RpL34/gene-cyp33/gene-l(3)72Ab/gene-RpLP1/gene-Ythdf/gene-tgo/gene-Dcr-1/gene-Dcps/gene-LOC142983189/gene-LOC142973667/gene-RpS28b/gene-LOC142978501/gene-LOC142978438/gene-RpL12/gene-Regnase-1/gene-RpL19/gene-Aptx/gene-LOC142976866/gene-LOC142977474/gene-RpL22/gene-RpS30/gene-LSm3/gene-Rpb11/gene-Bug22/gene-Hakai/gene-mub/gene-LOC142974964/gene-SmE/gene-LOC142972549/gene-LOC142976508/gene-RpS8/gene-HnRNP-K/gene-LOC142975423/gene-RpL23/gene-LOC142976459/gene-Smu1/gene-Sym/gene-LOC142978607/gene-Rpb8/gene-Hsc70-4/gene-LOC142974542/gene-LOC142985268/gene-thoc6/gene-RpL27/gene-Smg6/gene-AGO1/gene-Bin1/gene-LOC142978810/gene-SmD1/gene-SREBP/gene-LOC142987684/gene-Hel25E/gene-eIF4AIII/gene-Prp31/gene-RpS21/gene-pea/gene-RpS29/gene-ncm/gene-LOC142979341/gene-LOC142972841/gene-LOC142974425/gene-LOC142983092/gene-LSm7/gene-Prp3/gene-LOC142979085/gene-icln/gene-PQBP1/gene-LOC142981169/gene-RpL13A/gene-snRNP-U1-70K/gene-Not3/gene-hay/gene-LOC142975609/gene-RpS25/gene-LOC142976667/gene-gw/gene-holn1/gene-Tfb1/gene-LOC142976358/gene-tsu/gene-sip1/gene-tst/gene-Rrp46/gene-Fip1/gene-SmB/gene-B52/gene-RpL28/gene-Edc3/gene-rswl/gene-obe/gene-LOC142972424/gene-U2af50/gene-RpL15/gene-Prp6/gene-Clp/gene-RpII15/gene-LOC142973783/gene-csul/gene-Setx/gene-Mtr4/gene-Dhx15/gene-Nop60B/gene-LOC142973426/gene-sm/gene-sqd/gene-wech/gene-Tfb5/gene-Dim1/gene-LOC142978561/gene-RpII18/gene-Sf3b5/gene-U2A/gene-LOC142980839/gene-SmF/gene-RpS3A/gene-LOC142978883/gene-tho2/gene-Srp54/gene-barc/gene-LOC142978391/gene-LOC142974104/gene-RpL11/gene-Adar/gene-mle/gene-l(1)10Bb/gene-cactin/gene-Rrp4/gene-Cdc5/gene-roq/gene-btz/gene-LOC142978777/gene-Rrp6/gene-IntS9/gene-Hipk/gene-CPSF1/gene-Not11/gene-Poldip3/gene-wmd/gene-thoc7/gene-LOC142982223/gene-Bx42/gene-RpL32/gene-RpL10/gene-LOC142978882/gene-Rrp40/gene-Srrm234/gene-Ars2/gene-LOC142984719/gene-LOC142978101/gene-LOC142978852/gene-Prp38/gene-RpL21/gene-abs/gene-Rga/gene-RpL6/gene-LOC142979169/gene-Polr2D/gene-LOC142985529/gene-eRF1/gene-pelo/gene-LOC142984444/gene-ecd/gene-Cdc27/gene-Hpr1/gene-nompA/gene-LOC142981050/gene-LOC142974651/gene-Unr/gene-Tbp/gene-Dis3/gene-Rbmx2/gene-Sf3b3/gene-RpS3/gene-Cypl/gene-LOC142976794/gene-CycH/gene-La/gene-LOC142983847/gene-Phf5a/gene-RpL7/gene-Usp39/gene-pix/gene-pcm/gene-Cpsf6/gene-ldbr/gene-Es2/gene-LOC142984811/gene-RpS14/gene-RpII140/gene-spt4/gene-PNPase/gene-LOC142985976/gene-RpS20/gene-Pnn/gene-Ski6/gene-LOC142974426/gene-fand/gene-LOC142980210/gene-beag/gene-REG/gene-Spf45/gene-Psf/gene-LOC142979604/gene-Son/gene-sta/gene-Cbp80/gene-LOC142981839/gene-aub/gene-LOC142972462/gene-LOC142978547/gene-LOC142977656",280,"BP"
"GO:0098800","inner mitochondrial membrane protein complex","83/3690","107/9658",0.775700934579439,2.0302763214548,8.42638070147749,8.20373809661394e-17,2.08435716084339e-14,1.86718998081997e-14,"gene-ND-B17.2/gene-NP15.6/gene-ND-13A/gene-LOC142977612/gene-ND-ASHI/gene-ND-B18/gene-ND-ACP/gene-ND-B16.6/gene-ND-B12/gene-ox/gene-blp/gene-LOC142987685/gene-LOC142987536/gene-LOC142977913/gene-sun/gene-ATPsynF/gene-ND-B15/gene-LOC142980234/gene-LOC142980365/gene-LOC142977953/gene-ATPsynE/gene-LOC142975930/gene-ATPsynG/gene-LOC142977517/gene-Tim8/gene-LOC142984621/gene-LOC142984567/gene-ND-B17/gene-UQCR-Q/gene-cype/gene-ND-39/gene-LOC142981526/gene-ND-B14.5B/gene-ND-B14.7/gene-Tim9a/gene-ND-13B/gene-ATPsynO/gene-ATPsynCF6/gene-Sod2/gene-COX5A/gene-LOC142973869/gene-ND-PDSW/gene-ND-B8/gene-Phb2/gene-ND-SGDH/gene-LOC142976110/gene-Ndufs8/gene-Uqcr11/gene-ATPsynD/gene-ND-MNLL/gene-LOC142981532/gene-Bcs1/gene-ND-B22/gene-Cyt-c1/gene-ND-24/gene-ND-30/gene-ND-42/gene-ATPsynB/gene-l(2)37Bb/gene-Uccr/gene-ATPsyndelta/gene-ND-18/gene-EMRE/gene-LOC142984620/gene-Tim10/gene-Phb1/gene-LOC142987070/gene-LOC142974003/gene-SdhA/gene-LOC142981634/gene-LOC142981491/gene-Tim23/gene-CIA30/gene-LOC142977187/gene-MICU1/gene-LOC142983063/gene-LOC142976516/gene-Roe1/gene-blw/gene-Mulk/gene-UQCR-C2/gene-ATPsynC/gene-ND-49",83,"CC"
"GO:0033108","mitochondrial respiratory chain complex assembly","63/3690","74/9658",0.851351351351351,2.22827949901121,8.33987520532363,8.51665838640137e-17,2.08658130466834e-14,1.86918239322599e-14,"gene-ND-B17.2/gene-NP15.6/gene-ND-13A/gene-LOC142977612/gene-ND-ASHI/gene-ND-B18/gene-ND-ACP/gene-ND-B12/gene-LOC142973585/gene-ox/gene-LOC142987536/gene-LOC142977913/gene-LOC142980673/gene-LOC142984567/gene-Cmc1/gene-LOC142982645/gene-ND-39/gene-ND-13B/gene-LOC142980491/gene-LOC142982820/gene-LOC142977652/gene-LOC142974129/gene-LOC142982398/gene-LOC142976078/gene-LOC142973869/gene-Scox/gene-ND-PDSW/gene-ND-B8/gene-ND-SGDH/gene-Ndufs8/gene-Uqcc1/gene-LOC142980570/gene-OXA1L/gene-Bcs1/gene-l(3)87Df/gene-ND-B22/gene-ND-24/gene-ND-30/gene-ND-42/gene-l(2)37Bb/gene-140up/gene-Uccr/gene-Surf1/gene-ND-18/gene-TFAM/gene-Ttc19/gene-Ccdc56/gene-l(3)neo43/gene-ECSIT/gene-LOC142987070/gene-LOC142984806/gene-LOC142974003/gene-LOC142981634/gene-LOC142985213/gene-Sdhaf3/gene-LOC142981491/gene-CIA30/gene-Atac2/gene-Taz/gene-sicily/gene-LOC142979256/gene-LOC142980036/gene-ND-49",63,"BP"
"GO:0032984","protein-containing complex disassembly","117/3690","169/9658",0.692307692307692,1.81200750469043,8.37361643606567,1.71823758305419e-16,4.06452062750059e-14,3.64104210884586e-14,"gene-LOC142982010/gene-mRpL49/gene-mRpL15/gene-TER94/gene-LOC142980898/gene-mRpS18C/gene-mRpL40/gene-Bap60/gene-Ist1/gene-mRpS23/gene-mRpL16/gene-mRpL46/gene-mRpS6/gene-mRpL51/gene-mRpS24/gene-mRpL47/gene-mRpS35/gene-Syx17/gene-LOC142981581/gene-mRpS9/gene-mRpL13/gene-mRpL27/gene-mRpS33/gene-mRpS7/gene-mRpS17/gene-mRpL14/gene-mRpL23/gene-mRpL2/gene-mRpL12/gene-LOC142986840/gene-mRpS34/gene-Klp10A/gene-mRpL39/gene-mRpL32/gene-mRpS14/gene-LOC142987909/gene-fab1/gene-mRpS2/gene-Pym/gene-osa/gene-mRpS18A/gene-mRpS21/gene-mRpS11/gene-Bap111/gene-mRpL37/gene-Irbp18/gene-mRRF1/gene-mRpS18B/gene-mRpL1/gene-DENR/gene-LOC142974411/gene-OXA1L/gene-Efa6/gene-Usp5/gene-mRpL3/gene-LOC142972637/gene-arm/gene-mRpL19/gene-CRIF/gene-mRpL35/gene-bonsai/gene-mRpL48/gene-mRpL43/gene-mRpL17/gene-mRpL9/gene-RpL23/gene-mRpS10/gene-EndoA/gene-mRpL45/gene-stai/gene-mRpL22/gene-mRpL44/gene-psidin/gene-mRpS5/gene-mRpL4/gene-Synj/gene-MCTS1/gene-mRpL38/gene-LOC142974534/gene-LOC142987403/gene-mRpS25/gene-LOC142978551/gene-mRpS29/gene-mRpL24/gene-atl/gene-sip1/gene-mRpS30/gene-mRpL54/gene-mRpS31/gene-stj/gene-arr/gene-Klc/gene-dre4/gene-LOC142972542/gene-LOC142973375/gene-LOC142974631/gene-Vamp7/gene-mRpS22/gene-spas/gene-LOC142973128/gene-LOC142984108/gene-eRF1/gene-mRF1/gene-pelo/gene-Khc/gene-TSG101/gene-lt/gene-pix/gene-Lpin/gene-LOC142974472/gene-Vps11/gene-Ubqn/gene-HemK2/gene-LOC142978330/gene-LOC142985075/gene-fz2/gene-mRpL28",117,"BP"
"GO:0022411","cellular component disassembly","159/3690","260/9658",0.611538461538462,1.60060662914321,7.71931861067997,2.80501555291757e-14,6.41413556433817e-12,5.74585291155536e-12,"gene-LOC142982010/gene-mRpL49/gene-Cisd2/gene-mRpL15/gene-TER94/gene-LOC142980898/gene-mRpS18C/gene-mRpL40/gene-Mmp1/gene-Bap60/gene-Ist1/gene-mRpS23/gene-mRpL16/gene-hep/gene-mRpL46/gene-mRpS6/gene-mRpL51/gene-mRpS24/gene-mRpL47/gene-LOC142977493/gene-mRpS35/gene-LOC142975164/gene-Syx17/gene-LOC142981581/gene-mRpS9/gene-mRpL13/gene-mRpL27/gene-mRpS33/gene-mRpS7/gene-bc10/gene-Top2/gene-mRpS17/gene-mRpL14/gene-mRpL23/gene-mRpL2/gene-mRpL12/gene-LOC142986840/gene-mRpS34/gene-Klp10A/gene-mRpL39/gene-mRpL32/gene-mRpS14/gene-LOC142987909/gene-fab1/gene-mRpS2/gene-Pym/gene-osa/gene-mRpS18A/gene-mRpS21/gene-mRpS11/gene-Bap111/gene-mRpL37/gene-LOC142980570/gene-Irbp18/gene-mRRF1/gene-mRpS18B/gene-LOC142987395/gene-mRpL1/gene-LOC142977648/gene-DENR/gene-BNIP3/gene-LOC142974411/gene-OXA1L/gene-Efa6/gene-cyp33/gene-Usp5/gene-Dcr-1/gene-mRpL3/gene-LOC142972637/gene-arm/gene-mRpL19/gene-CRIF/gene-Cnep1r2/gene-mRpL35/gene-bonsai/gene-mRpL48/gene-mRpL43/gene-mRpL17/gene-mts/gene-mRpL9/gene-RpL23/gene-mRpS10/gene-EndoA/gene-mRpL45/gene-stai/gene-mRpL22/gene-mRpL44/gene-LOC142981333/gene-psidin/gene-mRpS5/gene-Atg17/gene-mRpL4/gene-Synj/gene-MCTS1/gene-mRpL38/gene-LOC142974534/gene-LOC142987403/gene-mRpS25/gene-LOC142978551/gene-LOC142986094/gene-mRpS29/gene-kuz/gene-mRpL24/gene-LOC142980490/gene-Atg3/gene-atl/gene-sip1/gene-Rrp46/gene-mRpS30/gene-mRpL54/gene-LOC142987512/gene-LOC142976900/gene-mRpS31/gene-stj/gene-Syx5/gene-Atg9/gene-LOC142981263/gene-Exo84/gene-arr/gene-Klc/gene-dre4/gene-LOC142972542/gene-LOC142973375/gene-LOC142974631/gene-Vamp7/gene-mRpS22/gene-spas/gene-Rrp6/gene-Flo1/gene-LOC142973128/gene-LOC142984108/gene-eRF1/gene-mRF1/gene-pelo/gene-Khc/gene-TSG101/gene-lt/gene-tok/gene-pix/gene-LOC142975056/gene-LOC142974657/gene-Lpin/gene-LOC142974472/gene-Vps11/gene-Ubqn/gene-LOC142974494/gene-HemK2/gene-LOC142978330/gene-Atg4a/gene-LOC142985075/gene-LOC142986568/gene-Drep4/gene-Fur1/gene-fz2/gene-Cdk1/gene-LOC142972154/gene-mRpL28/gene-Cap-G/gene-nudE",159,"BP"
"GO:0044455","GO:0044455","108/3690","161/9658",0.670807453416149,1.75573397970005,7.60341263553599,7.28937183003292e-14,1.61306744367825e-11,1.44500348875152e-11,"gene-ND-B17.2/gene-NP15.6/gene-ND-13A/gene-LOC142977612/gene-ND-ASHI/gene-ND-B18/gene-ND-ACP/gene-ND-B16.6/gene-ND-B12/gene-LOC142973585/gene-ox/gene-blp/gene-LOC142987685/gene-LOC142987536/gene-LOC142977913/gene-sun/gene-ATPsynF/gene-ND-B15/gene-LOC142980234/gene-LOC142980365/gene-LOC142974754/gene-LOC142977953/gene-ATPsynE/gene-LOC142975930/gene-ATPsynG/gene-LOC142977517/gene-Tim8/gene-LOC142984621/gene-LOC142984567/gene-ND-B17/gene-UQCR-Q/gene-cype/gene-ND-39/gene-LOC142981526/gene-ND-B14.5B/gene-ND-B14.7/gene-Tim9a/gene-ND-13B/gene-ATPsynO/gene-ATPsynCF6/gene-Sod2/gene-COX5A/gene-LOC142973869/gene-Scox/gene-ND-PDSW/gene-ND-B8/gene-Phb2/gene-ND-SGDH/gene-Cox11/gene-LOC142976110/gene-Ndufs8/gene-Sarm/gene-Uqcr11/gene-ATPsynD/gene-LOC142981408/gene-ND-MNLL/gene-mge/gene-LOC142984096/gene-LOC142981532/gene-BNIP3/gene-OXA1L/gene-Bcs1/gene-ND-B22/gene-Cyt-c1/gene-ND-24/gene-ND-30/gene-ND-42/gene-ATPsynB/gene-l(2)37Bb/gene-Uccr/gene-Surf1/gene-ATPsyndelta/gene-ND-18/gene-Pmi/gene-Ccdc56/gene-EMRE/gene-l(3)neo43/gene-LOC142984620/gene-Gdap1/gene-Tim10/gene-Ppox/gene-ScpX/gene-Phb1/gene-LOC142987070/gene-LOC142984806/gene-LOC142974003/gene-LOC142977808/gene-SdhA/gene-LOC142981634/gene-LOC142976198/gene-LOC142981541/gene-LOC142981491/gene-Tim23/gene-CIA30/gene-LOC142977187/gene-MICU1/gene-LOC142976034/gene-LOC142983063/gene-LOC142976516/gene-LOC142975891/gene-Fdx2/gene-Miro/gene-Roe1/gene-blw/gene-Mulk/gene-UQCR-C2/gene-ATPsynC/gene-ND-49",108,NA
"GO:0005759","mitochondrial matrix","212/3690","373/9658",0.568364611260054,1.48760580367198,7.55183025352702,8.49986818262314e-14,1.82215924164984e-11,1.63231021217611e-11,"gene-IscU/gene-mRpL49/gene-ND-ASHI/gene-ND-ACP/gene-mRpL15/gene-Acadvl/gene-mRpS18C/gene-LOC142977913/gene-mRpL40/gene-LOC142983602/gene-LOC142973584/gene-mRpS23/gene-mRpL16/gene-LOC142975328/gene-mRpL46/gene-tzn/gene-mRpL18/gene-mRpS6/gene-LOC142980673/gene-mRpL51/gene-Grx5/gene-mtTFB1/gene-MagR/gene-mRpS24/gene-mRpL34/gene-mRpL47/gene-Egfr/gene-mRpS35/gene-Blos1/gene-ND-39/gene-LOC142978392/gene-LOC142981581/gene-mRpS9/gene-mRpL13/gene-mRpL27/gene-mRpS33/gene-mRpS7/gene-LOC142979474/gene-mRpS17/gene-mRpL30/gene-LOC142978105/gene-mRpL14/gene-mRpL23/gene-mRpS12/gene-Echs1/gene-Sod2/gene-LOC142981315/gene-mRpL2/gene-fh/gene-mRpL52/gene-mRpL12/gene-RsfS312/gene-mRpS34/gene-PCB/gene-BmDJ-1beta/gene-mRpL39/gene-mRpL32/gene-mRpS14/gene-LOC142987909/gene-mRpS2/gene-mEFTs/gene-Ndufs8/gene-mRpS18A/gene-LOC142985294/gene-mRpL33/gene-mRpS21/gene-LOC142973734/gene-LOC142976988/gene-Lipt2/gene-mRpS11/gene-mRpL37/gene-Dbct/gene-mRpL10/gene-Coq5/gene-mRRF1/gene-mRpS18B/gene-LOC142983192/gene-mRpL1/gene-LOC142974411/gene-OXA1L/gene-LOC142978276/gene-RpS5/gene-LOC142979518/gene-mRpL3/gene-ND-30/gene-LOC142975892/gene-LOC142979909/gene-LOC142972638/gene-bcn92/gene-LOC142972637/gene-GSTz2/gene-LOC142979650/gene-mRpL19/gene-ATPsynB/gene-DNApol-gamma35/gene-LOC142978104/gene-CRIF/gene-LOC142981452/gene-LOC142982290/gene-mRpL35/gene-bonsai/gene-LOC142978239/gene-mRpL48/gene-mRpL43/gene-wal/gene-ClpX/gene-mRpL17/gene-ATPsyndelta/gene-TFAM/gene-mRpL9/gene-mRpS10/gene-mRpL45/gene-Dhfr/gene-LOC142974542/gene-EMRE/gene-mtSSB/gene-mRpL22/gene-LOC142982435/gene-LOC142987222/gene-mRpL44/gene-LOC142978586/gene-Hmgc/gene-mRpS5/gene-mRpL53/gene-LOC142980539/gene-ScsbetaG/gene-mRpL11/gene-Acsf2/gene-mRpL4/gene-LOC142981210/gene-hibadh/gene-mRpL38/gene-LOC142974534/gene-LOC142973376/gene-LOC142972376/gene-mRpL50/gene-LOC142983003/gene-Arl2/gene-Naxd/gene-mRpS25/gene-mRpS29/gene-Tmlh/gene-mRpL24/gene-LOC142973677/gene-LOC142975824/gene-mRpS30/gene-mRpL54/gene-LOC142979897/gene-Naxe/gene-Etfb/gene-Nfs1/gene-mRpS31/gene-mtTFB2/gene-rswl/gene-LOC142982036/gene-LOC142982921/gene-LOC142974423/gene-LOC142978230/gene-Mthfs/gene-LOC142976198/gene-AcCoAS/gene-Mcad/gene-LOC142981491/gene-LOC142972542/gene-Sirt2/gene-LOC142973375/gene-Lipt1/gene-LOC142981472/gene-tapas/gene-LOC142973012/gene-mldr/gene-mRpS22/gene-D2hgdh/gene-mRpS26/gene-3HCD/gene-SerRS-m/gene-AspRS-m/gene-LOC142977187/gene-Dna2/gene-LOC142976966/gene-TyrRS-m/gene-mTTF/gene-Dic1/gene-LOC142983063/gene-shop/gene-beg/gene-ScsbetaA/gene-LOC142972307/gene-SCOT/gene-mRF1/gene-GSTz1/gene-LOC142974651/gene-LOC142975891/gene-RpS3/gene-kdn/gene-Mccc2/gene-Trap1/gene-pix/gene-LOC142977747/gene-Fdx2/gene-Nc73EF/gene-Roe1/gene-LOC142986563/gene-LOC142983121/gene-ninaB/gene-Acade/gene-ND-49/gene-mRpL28/gene-Pdk/gene-LOC142979558/gene-LOC142980012/gene-LOC142973577",212,"CC"
"GO:0022626","cytosolic ribosome","70/3690","92/9658",0.760869565217391,1.99145752327089,7.51316158953689,1.23439702035728e-13,2.5158340121798e-11,2.25371167149082e-11,"gene-RpLP0/gene-RpS23/gene-Fmr1/gene-mRpS18C/gene-RpS11/gene-RpL13/gene-RpL38/gene-RpL30/gene-RpL9/gene-RpS27A/gene-RpLP2/gene-RpS15A/gene-RpL24/gene-RpS17/gene-RpL26/gene-RpL5/gene-RpL36A/gene-RpL37-1/gene-RpL29/gene-RpS18/gene-RpL14/gene-RpL31/gene-RpL35/gene-RpS10b/gene-RpS24/gene-RpS7/gene-RpS27/gene-mRpS18A/gene-RpL37A/gene-RpS12/gene-RpS2/gene-RpL34/gene-RpLP1/gene-LOC142973667/gene-RpS28b/gene-RpL12/gene-RpL19/gene-RpL22/gene-RpS30/gene-RpS8/gene-RpL23/gene-RpL8/gene-RpS15/gene-RpL27A/gene-RpL27/gene-RpS21/gene-RpS29/gene-mRpL4/gene-RpL40/gene-MCTS1/gene-RpL13A/gene-RpS25/gene-RpL28/gene-RpS4/gene-RpL15/gene-l(3)80Fj/gene-RpS9/gene-RpS3A/gene-RpL11/gene-Adar/gene-RpL32/gene-RpL10/gene-RpS16/gene-RpL21/gene-RpL6/gene-RpS3/gene-RpL7/gene-RpS14/gene-RpS20/gene-sta",70,"CC"
"GO:0005763","mitochondrial small ribosomal subunit","34/3690","35/9658",0.971428571428571,2.5425629113434,7.18855427354103,1.24691481653226e-13,2.5158340121798e-11,2.25371167149082e-11,"gene-mRpS18C/gene-mRpS23/gene-mRpL16/gene-mRpS6/gene-mRpS24/gene-mRpS35/gene-mRpS9/gene-mRpS33/gene-mRpS7/gene-mRpS17/gene-mRpS12/gene-mRpL12/gene-mRpS34/gene-mRpS14/gene-mRpS2/gene-mRpS18A/gene-mRpS21/gene-mRpS11/gene-mRpS18B/gene-LOC142974411/gene-mRpL3/gene-LOC142972638/gene-bonsai/gene-mRpS10/gene-mRpS28/gene-mRpS5/gene-mRpS25/gene-LOC142985091/gene-mRpS29/gene-mRpS30/gene-mRpS16/gene-mRpS31/gene-mRpS22/gene-mRpS26",34,"CC"
"GO:0006401","RNA catabolic process","122/3690","191/9658",0.638743455497382,1.67181146157011,7.37356979673887,3.83755358466459e-13,7.5216050259426e-11,6.7379361886532e-11,"gene-Sir-1/gene-Cnot4/gene-RpLP0/gene-RpS11/gene-mago/gene-RpL13/gene-Cbp20/gene-LOC142983616/gene-LSm1/gene-Upf1/gene-RpL38/gene-LOC142978219/gene-Rpb7/gene-RpL24/gene-Psi/gene-RpL36A/gene-RpL37-1/gene-RpL29/gene-nonC/gene-RpL14/gene-RpL31/gene-LOC142984803/gene-RpS10b/gene-LOC142987276/gene-RpS7/gene-Pym/gene-RpL37A/gene-RpS12/gene-Not1/gene-RpS2/gene-LOC142985465/gene-RpL34/gene-RpLP1/gene-Ythdf/gene-Dcr-1/gene-Dcps/gene-LOC142983189/gene-LOC142973667/gene-RpS28b/gene-LOC142978501/gene-RpL12/gene-Regnase-1/gene-RpL19/gene-LOC142977474/gene-Zpr1/gene-RpL22/gene-RpS30/gene-LSm3/gene-LOC142974964/gene-RpS8/gene-RpL23/gene-LOC142974542/gene-LOC142985268/gene-RpL27/gene-Smg6/gene-AGO1/gene-eIF4AIII/gene-RpS21/gene-RpS29/gene-Rat1/gene-LOC142982193/gene-LOC142974425/gene-LSm7/gene-RpL13A/gene-Not3/gene-RpS25/gene-LOC142976667/gene-gw/gene-tsu/gene-su(sable)/gene-tst/gene-Rrp46/gene-RpL28/gene-Edc3/gene-RpL15/gene-Mtr4/gene-sqd/gene-wech/gene-LOC142980839/gene-RpS3A/gene-LOC142978883/gene-LOC142978391/gene-RpL11/gene-Rrp4/gene-roq/gene-btz/gene-Rrp6/gene-Not11/gene-RpL32/gene-RpL10/gene-LOC142978882/gene-Rrp40/gene-LOC142984719/gene-Dna2/gene-LOC142978852/gene-RpL21/gene-Rga/gene-RpL6/gene-Polr2D/gene-eRF1/gene-pelo/gene-nompA/gene-Unr/gene-Tbp/gene-Dis3/gene-RpS3/gene-RNaseX25/gene-La/gene-RpL7/gene-pix/gene-pcm/gene-RpS14/gene-Sir-3/gene-PNPase/gene-RpS20/gene-Ski6/gene-LOC142974426/gene-LOC142985526/gene-sta/gene-Cbp80/gene-LOC142981839/gene-LOC142977656",122,"BP"
"GO:0006402","mRNA catabolic process","110/3690","169/9658",0.650887573964497,1.7035967992816,7.25565920117173,9.10076434159907e-13,1.7342012050936e-10,1.55351643936419e-10,"gene-Cnot4/gene-RpLP0/gene-RpS11/gene-mago/gene-RpL13/gene-Cbp20/gene-LOC142983616/gene-LSm1/gene-Upf1/gene-RpL38/gene-Rpb7/gene-RpL24/gene-Psi/gene-RpL36A/gene-RpL37-1/gene-RpL29/gene-nonC/gene-RpL14/gene-RpL31/gene-LOC142984803/gene-RpS10b/gene-LOC142987276/gene-RpS7/gene-Pym/gene-RpL37A/gene-RpS12/gene-Not1/gene-RpS2/gene-LOC142985465/gene-RpL34/gene-RpLP1/gene-Ythdf/gene-Dcps/gene-LOC142983189/gene-LOC142973667/gene-RpS28b/gene-LOC142978501/gene-RpL12/gene-Regnase-1/gene-RpL19/gene-LOC142977474/gene-RpL22/gene-RpS30/gene-LSm3/gene-LOC142974964/gene-RpS8/gene-RpL23/gene-LOC142974542/gene-LOC142985268/gene-RpL27/gene-Smg6/gene-AGO1/gene-eIF4AIII/gene-RpS21/gene-RpS29/gene-LOC142974425/gene-LSm7/gene-RpL13A/gene-Not3/gene-RpS25/gene-LOC142976667/gene-gw/gene-tsu/gene-tst/gene-Rrp46/gene-RpL28/gene-Edc3/gene-RpL15/gene-sqd/gene-wech/gene-LOC142980839/gene-RpS3A/gene-LOC142978883/gene-LOC142978391/gene-RpL11/gene-Rrp4/gene-roq/gene-btz/gene-Rrp6/gene-Not11/gene-RpL32/gene-RpL10/gene-LOC142978882/gene-Rrp40/gene-LOC142984719/gene-LOC142978852/gene-RpL21/gene-Rga/gene-RpL6/gene-Polr2D/gene-eRF1/gene-pelo/gene-nompA/gene-Unr/gene-Tbp/gene-Dis3/gene-RpS3/gene-La/gene-RpL7/gene-pix/gene-pcm/gene-RpS14/gene-PNPase/gene-RpS20/gene-Ski6/gene-LOC142974426/gene-sta/gene-Cbp80/gene-LOC142981839/gene-LOC142977656",110,"BP"
"GO:0002181","cytoplasmic translation","72/3690","98/9658",0.73469387755102,1.92294673967148,7.22072197345944,1.12907330723434e-12,2.09336294260204e-10,1.87525745878636e-10,"gene-RpLP0/gene-RpS23/gene-eIF4B/gene-RpS11/gene-RpL13/gene-LOC142973531/gene-RpL38/gene-RpL30/gene-RpL9/gene-RpS27A/gene-RpLP2/gene-RpS15A/gene-RpL24/gene-RpS17/gene-RpL26/gene-RpL5/gene-RpL36A/gene-RpL37-1/gene-RpL29/gene-RpS18/gene-eIF3a/gene-RpL14/gene-RpL31/gene-RpL35/gene-eIF3m/gene-RpS10b/gene-RpS24/gene-RpS7/gene-RpS27/gene-RpL37A/gene-RpS2/gene-DENR/gene-RpL34/gene-RpLP1/gene-LOC142973667/gene-RpS28b/gene-RpL12/gene-RpL19/gene-RpL22/gene-RpS30/gene-RpS8/gene-RpL23/gene-RpL8/gene-RpS15/gene-RpL27A/gene-RpL27/gene-eIF1/gene-RpS21/gene-RpS29/gene-RpL40/gene-MCTS1/gene-RpL13A/gene-RpS25/gene-RpL28/gene-RpS4/gene-RpL15/gene-RpS9/gene-RpS3A/gene-RpL11/gene-eIF2beta/gene-LOC142973202/gene-RpL32/gene-RpL10/gene-RpS16/gene-RpL21/gene-RpL6/gene-RpS3/gene-RpL7/gene-RpS14/gene-HemK2/gene-RpS20/gene-sta",72,"BP"
"GO:0000956","nuclear-transcribed mRNA catabolic process","103/3690","156/9658",0.66025641025641,1.72811826836217,7.20902622241896,1.27950227860144e-12,2.28381439594918e-10,2.04586595727349e-10,"gene-Cnot4/gene-RpLP0/gene-RpS11/gene-mago/gene-RpL13/gene-Cbp20/gene-LOC142983616/gene-LSm1/gene-Upf1/gene-RpL38/gene-Rpb7/gene-RpL24/gene-RpL36A/gene-RpL37-1/gene-RpL29/gene-nonC/gene-RpL14/gene-RpL31/gene-LOC142984803/gene-RpS10b/gene-LOC142987276/gene-RpS7/gene-Pym/gene-RpL37A/gene-RpS12/gene-Not1/gene-RpS2/gene-LOC142985465/gene-RpL34/gene-RpLP1/gene-Dcps/gene-LOC142983189/gene-LOC142973667/gene-RpS28b/gene-LOC142978501/gene-RpL12/gene-Regnase-1/gene-RpL19/gene-LOC142977474/gene-RpL22/gene-RpS30/gene-LSm3/gene-LOC142974964/gene-RpS8/gene-RpL23/gene-LOC142974542/gene-LOC142985268/gene-RpL27/gene-Smg6/gene-AGO1/gene-eIF4AIII/gene-RpS21/gene-RpS29/gene-Rat1/gene-LOC142974425/gene-LSm7/gene-RpL13A/gene-Not3/gene-RpS25/gene-LOC142976667/gene-tsu/gene-tst/gene-Rrp46/gene-RpL28/gene-Edc3/gene-RpL15/gene-sqd/gene-LOC142980839/gene-RpS3A/gene-LOC142978883/gene-LOC142978391/gene-RpL11/gene-Rrp4/gene-roq/gene-btz/gene-Rrp6/gene-Not11/gene-RpL32/gene-RpL10/gene-LOC142978882/gene-Rrp40/gene-LOC142984719/gene-RpL21/gene-Rga/gene-RpL6/gene-Polr2D/gene-eRF1/gene-pelo/gene-nompA/gene-Unr/gene-Dis3/gene-RpS3/gene-La/gene-RpL7/gene-pix/gene-pcm/gene-RpS14/gene-RpS20/gene-Ski6/gene-LOC142974426/gene-sta/gene-Cbp80/gene-LOC142981839",103,"BP"
"GO:0070469","GO:0070469","54/3690","67/9658",0.805970149253731,2.10950127411722,7.16560975935387,1.29837844667665e-12,2.28381439594918e-10,2.04586595727349e-10,"gene-ND-B17.2/gene-NP15.6/gene-ND-13A/gene-LOC142977612/gene-ND-ASHI/gene-ND-B18/gene-ND-ACP/gene-ND-B16.6/gene-ND-B12/gene-ox/gene-LOC142977913/gene-ND-B15/gene-LOC142980234/gene-LOC142977953/gene-LOC142975930/gene-LOC142977517/gene-LOC142984621/gene-LOC142984567/gene-ND-B17/gene-UQCR-Q/gene-cype/gene-ND-39/gene-LOC142981526/gene-ND-B14.5B/gene-ND-B14.7/gene-ND-13B/gene-COX5A/gene-LOC142973869/gene-ND-PDSW/gene-ND-B8/gene-ND-SGDH/gene-Ndufs8/gene-Uqcr11/gene-ND-MNLL/gene-OXA1L/gene-Bcs1/gene-ND-B22/gene-Cyt-c1/gene-ND-24/gene-ND-30/gene-ND-42/gene-l(2)37Bb/gene-LOC142979424/gene-Uccr/gene-Surf1/gene-ND-18/gene-LOC142984620/gene-LOC142987070/gene-SdhA/gene-LOC142981491/gene-CIA30/gene-LOC142976034/gene-UQCR-C2/gene-ND-49",54,NA
"GO:0070647","protein modification by small protein conjugation or removal","226/3690","412/9658",0.548543689320388,1.43572762912095,7.10733283870962,1.93103528189158e-12,3.31172550844406e-10,2.9666799936008e-10,"gene-Akt/gene-sip3/gene-Su(z)12/gene-Stam/gene-Uba1/gene-Cnot4/gene-TER94/gene-LOC142981582/gene-Kcmf1/gene-MED1/gene-Hcf/gene-Usp20-33/gene-Trc8/gene-Cul2/gene-Tak1/gene-Uch/gene-Pex2/gene-Ufc1/gene-hyd/gene-m-cup/gene-LOC142980206/gene-LOC142980840/gene-Pex13/gene-LOC142974739/gene-CYLD/gene-LOC142978267/gene-RpS27A/gene-Rho1/gene-Cand1/gene-Taf1/gene-LOC142972375/gene-Cul3/gene-ctrip/gene-LOC142975717/gene-Fbl6/gene-LOC142981655/gene-Ube4A/gene-Nedd4/gene-mib1/gene-Usp16-45/gene-Uba3/gene-kel/gene-MED7/gene-Usp14/gene-LOC142976389/gene-LOC142984096/gene-LOC142973727/gene-LOC142972497/gene-poe/gene-LOC142972233/gene-kto/gene-CSN4/gene-LOC142977148/gene-Rabex-5/gene-LOC142975096/gene-Aos1/gene-Usp5/gene-MED21/gene-Rpn2/gene-LOC142987404/gene-LOC142987440/gene-LOC142987539/gene-ari-1/gene-Ddrgk1/gene-Ubc10/gene-LOC142982437/gene-Regnase-1/gene-Cdc25/gene-Usp7/gene-dbo/gene-Hakai/gene-gus/gene-bur/gene-Ube4B/gene-MED6/gene-TppII/gene-HERC2/gene-UbcE2H/gene-LOC142984091/gene-SkpA/gene-CSN3/gene-unk/gene-Usp15-31/gene-MED20/gene-Pex5/gene-Keap1/gene-Smurf/gene-LOC142981372/gene-Cdc16/gene-LOC142983499/gene-LOC142978729/gene-DUBAI/gene-RpL40/gene-LOC142980432/gene-APP-BP1/gene-Uev1A/gene-Pex10/gene-eff/gene-Arp8/gene-LOC142979741/gene-FBXO11/gene-Yod1/gene-Mrgn1/gene-Rchy1/gene-CSN8/gene-Su(dx)/gene-LOC142976045/gene-Rpn9/gene-Prosalpha4/gene-Atg3/gene-Ubr1/gene-Cul1/gene-LOC142982021/gene-LOC142986201/gene-Cul4/gene-otu/gene-Tsp26A/gene-Rpt1/gene-Prosalpha3/gene-Nedd8/gene-Psa/gene-Ufd4/gene-LOC142976150/gene-Prosalpha5/gene-rdx/gene-mio/gene-Prosbeta3/gene-LOC142980886/gene-LOC142973537/gene-LOC142976476/gene-wech/gene-MED10/gene-shtd/gene-Ubc7/gene-LOC142981085/gene-qin/gene-LOC142978845/gene-LOC142978883/gene-Uba4/gene-HDAC4/gene-LOC142987718/gene-CSN6/gene-LOC142974104/gene-sxc/gene-Tnks/gene-LOC142978166/gene-APC10/gene-tn/gene-LOC142975756/gene-LOC142977702/gene-roq/gene-ago/gene-Iap/gene-LOC142972453/gene-Bruce/gene-Ufl1/gene-Ube3a/gene-PI31/gene-Prosbeta6/gene-LOC142973695/gene-LOC142980441/gene-Rad23/gene-LOC142979838/gene-LOC142978882/gene-Prosbeta7/gene-Su(var)2-10/gene-LOC142984509/gene-Usp12-46/gene-Ltn1/gene-LOC142983145/gene-Ino80/gene-gzl/gene-Diap2/gene-LOC142978434/gene-Ctr9/gene-LOC142974714/gene-MED31/gene-Cdc27/gene-elgi/gene-LOC142979027/gene-CycC/gene-Prosalpha7/gene-TSG101/gene-PHO/gene-Pten/gene-Med/gene-wcy/gene-Fbxl4/gene-LOC142986697/gene-Ubr3/gene-Uba2/gene-Ubc4/gene-Usp39/gene-Pli/gene-LOC142976945/gene-LOC142974576/gene-pall/gene-dnr1/gene-Bre1/gene-pic/gene-rno/gene-Miro/gene-morula/gene-LOC142980695/gene-Sce/gene-LOC142975219/gene-LOC142985567/gene-Ufd1-like/gene-Prosbeta2/gene-Vps11/gene-LOC142973251/gene-Hecw/gene-Smox/gene-l(2)dtl/gene-bon/gene-LOC142974238/gene-LOC142972911/gene-LOC142975877/gene-LOC142972211/gene-LOC142973692/gene-REG/gene-LOC142972987/gene-UbcE2M/gene-Cdk1/gene-eya/gene-alien",226,"BP"
"GO:0000314","organellar small ribosomal subunit","31/3690","32/9658",0.96875,2.53555216802168,6.84126679862882,2.08015818045844e-12,3.48045978486461e-10,3.11783400706454e-10,"gene-mRpS18C/gene-mRpS23/gene-mRpL16/gene-mRpS6/gene-mRpS24/gene-mRpS35/gene-mRpS9/gene-mRpS33/gene-mRpS7/gene-mRpS17/gene-mRpS12/gene-mRpL12/gene-mRpS34/gene-mRpS14/gene-mRpS2/gene-mRpS18A/gene-mRpS21/gene-mRpS11/gene-mRpS18B/gene-LOC142974411/gene-mRpL3/gene-LOC142972638/gene-bonsai/gene-mRpS10/gene-mRpS5/gene-mRpS25/gene-mRpS29/gene-mRpS30/gene-mRpS31/gene-mRpS22/gene-mRpS26",31,"CC"
"GO:0005746","GO:0005746","53/3690","66/9658",0.803030303030303,2.10180668473351,7.06224333142487,2.76830019129606e-12,4.5215569791169e-10,4.05046027989634e-10,"gene-ND-B17.2/gene-NP15.6/gene-ND-13A/gene-LOC142977612/gene-ND-ASHI/gene-ND-B18/gene-ND-ACP/gene-ND-B16.6/gene-ND-B12/gene-ox/gene-LOC142977913/gene-ND-B15/gene-LOC142980234/gene-LOC142977953/gene-LOC142975930/gene-LOC142977517/gene-LOC142984621/gene-LOC142984567/gene-ND-B17/gene-UQCR-Q/gene-cype/gene-ND-39/gene-LOC142981526/gene-ND-B14.5B/gene-ND-B14.7/gene-ND-13B/gene-COX5A/gene-LOC142973869/gene-ND-PDSW/gene-ND-B8/gene-ND-SGDH/gene-Ndufs8/gene-Uqcr11/gene-ND-MNLL/gene-OXA1L/gene-Bcs1/gene-ND-B22/gene-Cyt-c1/gene-ND-24/gene-ND-30/gene-ND-42/gene-l(2)37Bb/gene-Uccr/gene-Surf1/gene-ND-18/gene-LOC142984620/gene-LOC142987070/gene-SdhA/gene-LOC142981491/gene-CIA30/gene-LOC142976034/gene-UQCR-C2/gene-ND-49",53,NA
"GO:0098803","respiratory chain complex","50/3690","62/9658",0.806451612903226,2.11076143019495,6.89908360147458,8.60102745415927e-12,1.37216391477983e-09,1.22919946823456e-09,"gene-ND-B17.2/gene-NP15.6/gene-ND-13A/gene-LOC142977612/gene-ND-ASHI/gene-ND-B18/gene-ND-ACP/gene-ND-B16.6/gene-ND-B12/gene-ox/gene-LOC142977913/gene-ND-B15/gene-LOC142980234/gene-LOC142977953/gene-LOC142975930/gene-LOC142977517/gene-LOC142984621/gene-LOC142984567/gene-ND-B17/gene-UQCR-Q/gene-cype/gene-ND-39/gene-LOC142981526/gene-ND-B14.5B/gene-ND-B14.7/gene-ND-13B/gene-COX5A/gene-LOC142973869/gene-ND-PDSW/gene-ND-B8/gene-ND-SGDH/gene-Ndufs8/gene-Uqcr11/gene-ND-MNLL/gene-Bcs1/gene-ND-B22/gene-Cyt-c1/gene-ND-24/gene-ND-30/gene-ND-42/gene-l(2)37Bb/gene-Uccr/gene-ND-18/gene-LOC142984620/gene-LOC142987070/gene-SdhA/gene-LOC142981491/gene-CIA30/gene-UQCR-C2/gene-ND-49",50,"CC"
"GO:0006119","oxidative phosphorylation","70/3690","97/9658",0.721649484536082,1.88880507361775,6.91768248817909,9.63639170219981e-12,1.50240106993388e-09,1.3458673386948e-09,"gene-ND-B17.2/gene-ND-13A/gene-LOC142977612/gene-ND-ASHI/gene-ND-B18/gene-ND-ACP/gene-ND-B16.6/gene-ND-B12/gene-ox/gene-LOC142977913/gene-ATPsynF/gene-ND-B15/gene-LOC142980234/gene-LOC142977953/gene-LOC142975930/gene-LOC142984621/gene-Stoml2/gene-LOC142984567/gene-ND-B17/gene-UQCR-Q/gene-cype/gene-ND-39/gene-LOC142981526/gene-ND-B14.5B/gene-ND-13B/gene-ATPsynO/gene-ATPsynCF6/gene-fh/gene-LOC142974129/gene-COX5A/gene-LOC142973869/gene-BmDJ-1beta/gene-ND-PDSW/gene-ND-B8/gene-ND-SGDH/gene-Ndufs8/gene-Uqcr11/gene-ATPsynD/gene-ND-MNLL/gene-LOC142980570/gene-ND-B22/gene-Cyt-c1/gene-ND-24/gene-ND-30/gene-ND-42/gene-ATPsynB/gene-LOC142977004/gene-Coq9/gene-LOC142979424/gene-Uccr/gene-Surf1/gene-wal/gene-ATPsyndelta/gene-ND-18/gene-Pmi/gene-LOC142984620/gene-LOC142987070/gene-Coq7/gene-LOC142972933/gene-Etfb/gene-Ak2/gene-SdhA/gene-LOC142981491/gene-CIA30/gene-Taz/gene-LOC142976034/gene-LOC142983063/gene-UQCR-C2/gene-spel1/gene-ND-49",70,"BP"
"GO:0042773","ATP synthesis coupled electron transport","56/3690","73/9658",0.767123287671233,2.00782566729777,6.79627084071678,2.01989426532389e-11,3.0122771000265e-09,2.69843082859517e-09,"gene-ND-B17.2/gene-ND-13A/gene-LOC142977612/gene-ND-ASHI/gene-ND-B18/gene-ND-ACP/gene-ND-B16.6/gene-ND-B12/gene-ox/gene-LOC142977913/gene-ND-B15/gene-LOC142980234/gene-LOC142977953/gene-LOC142975930/gene-LOC142984621/gene-LOC142984567/gene-ND-B17/gene-UQCR-Q/gene-cype/gene-ND-39/gene-LOC142981526/gene-ND-B14.5B/gene-ND-13B/gene-LOC142974129/gene-COX5A/gene-LOC142973869/gene-BmDJ-1beta/gene-ND-PDSW/gene-ND-B8/gene-ND-SGDH/gene-Ndufs8/gene-Uqcr11/gene-ND-MNLL/gene-LOC142980570/gene-ND-B22/gene-Cyt-c1/gene-ND-24/gene-ND-30/gene-ND-42/gene-LOC142977004/gene-Coq9/gene-LOC142979424/gene-Uccr/gene-ND-18/gene-Pmi/gene-LOC142984620/gene-LOC142987070/gene-Coq7/gene-LOC142972933/gene-SdhA/gene-LOC142981491/gene-CIA30/gene-Taz/gene-LOC142976034/gene-UQCR-C2/gene-ND-49",56,"BP"
"GO:0042775","mitochondrial ATP synthesis coupled electron transport","56/3690","73/9658",0.767123287671233,2.00782566729777,6.79627084071678,2.01989426532389e-11,3.0122771000265e-09,2.69843082859517e-09,"gene-ND-B17.2/gene-ND-13A/gene-LOC142977612/gene-ND-ASHI/gene-ND-B18/gene-ND-ACP/gene-ND-B16.6/gene-ND-B12/gene-ox/gene-LOC142977913/gene-ND-B15/gene-LOC142980234/gene-LOC142977953/gene-LOC142975930/gene-LOC142984621/gene-LOC142984567/gene-ND-B17/gene-UQCR-Q/gene-cype/gene-ND-39/gene-LOC142981526/gene-ND-B14.5B/gene-ND-13B/gene-LOC142974129/gene-COX5A/gene-LOC142973869/gene-BmDJ-1beta/gene-ND-PDSW/gene-ND-B8/gene-ND-SGDH/gene-Ndufs8/gene-Uqcr11/gene-ND-MNLL/gene-LOC142980570/gene-ND-B22/gene-Cyt-c1/gene-ND-24/gene-ND-30/gene-ND-42/gene-LOC142977004/gene-Coq9/gene-LOC142979424/gene-Uccr/gene-ND-18/gene-Pmi/gene-LOC142984620/gene-LOC142987070/gene-Coq7/gene-LOC142972933/gene-SdhA/gene-LOC142981491/gene-CIA30/gene-Taz/gene-LOC142976034/gene-UQCR-C2/gene-ND-49",56,"BP"
"GO:0045271","respiratory chain complex I","37/3690","42/9658",0.880952380952381,2.30575558136534,6.66820895306513,2.62303673125765e-11,3.82851744179309e-09,3.4296278694473e-09,"gene-ND-B17.2/gene-NP15.6/gene-ND-13A/gene-LOC142977612/gene-ND-ASHI/gene-ND-B18/gene-ND-ACP/gene-ND-B16.6/gene-ND-B12/gene-LOC142977913/gene-ND-B15/gene-LOC142980234/gene-LOC142977517/gene-LOC142984567/gene-NdufV3/gene-ND-B17/gene-ND-39/gene-ND-B14.5B/gene-ND-B14.7/gene-ND-13B/gene-LOC142973869/gene-ND-PDSW/gene-ND-B8/gene-ND-SGDH/gene-Ndufs8/gene-ND-MNLL/gene-ND-B22/gene-ND-24/gene-ND-30/gene-ND-42/gene-l(2)37Bb/gene-ND-18/gene-LOC142987070/gene-LOC142976177/gene-LOC142981491/gene-CIA30/gene-ND-49",37,"CC"
"GO:0005198","structural molecule activity","212/3690","390/9658",0.543589743589744,1.4227614481273,6.70123054462744,3.02057523325047e-11,4.26547076165166e-09,3.82105544062029e-09,"gene-IscU/gene-mRpL49/gene-RpLP0/gene-RpS23/gene-mRpL15/gene-alphaCOP/gene-mRpS18C/gene-RpS11/gene-mRpL40/gene-Bap60/gene-RpL13/gene-mRpS23/gene-mRpL16/gene-hep/gene-mRpL46/gene-RpL38/gene-mRpS6/gene-mRpL51/gene-RpL30/gene-RpL9/gene-mRpS24/gene-mRpL34/gene-mRpL47/gene-mRpS35/gene-RpS27A/gene-epsilonCOP/gene-RpLP2/gene-RpS15A/gene-LOC142981581/gene-mRpS9/gene-RpL24/gene-mRpL13/gene-mRpL27/gene-RpS17/gene-Ntf-2/gene-mRpS33/gene-mRpS7/gene-RpL26/gene-Arpc5/gene-mRpS17/gene-RpL5/gene-mRpL30/gene-rin/gene-mRpL14/gene-RpL36A/gene-RpL37-1/gene-mRpL23/gene-LOC142984504/gene-scrib/gene-mRpS12/gene-Chc/gene-RpL29/gene-RpS18/gene-mRpL2/gene-eIF3a/gene-mRpL52/gene-betaCOP/gene-mRpL12/gene-RpL14/gene-RpL31/gene-LOC142986840/gene-mRpS34/gene-RpL35/gene-Arpc4/gene-RpS10b/gene-mRpL39/gene-kel/gene-mRpL32/gene-mRpS14/gene-LOC142977347/gene-LOC142987909/gene-mRpS2/gene-RpS24/gene-RpS7/gene-RpS27/gene-Mlc-c/gene-mRpS18A/gene-mRpL33/gene-mRpS21/gene-RpL37A/gene-Nup154/gene-RpS12/gene-mRpS11/gene-mRpL37/gene-Not1/gene-Kr-h2/gene-Arpc3A/gene-LOC142973727/gene-RpS2/gene-LOC142972368/gene-mRpL10/gene-mRpS18B/gene-mRpL1/gene-RpL34/gene-RpLP1/gene-mRpL3/gene-LOC142983850/gene-LOC142979909/gene-LOC142973667/gene-LOC142972638/gene-RpS28b/gene-LOC142972637/gene-RpL12/gene-mRpL19/gene-RpL19/gene-Nup205/gene-RpL22/gene-LOC142981304/gene-RpS30/gene-mRpL35/gene-bonsai/gene-mRpL48/gene-mRpL43/gene-l(2)gl/gene-RpS8/gene-mRpL17/gene-mRpL9/gene-RpL23/gene-mRpS10/gene-kibra/gene-RpL8/gene-RpS15/gene-mRpL45/gene-Nuak1/gene-RpL27A/gene-RpL27/gene-mRpL22/gene-IIM1/gene-Nup188/gene-mRpL44/gene-beta'COP/gene-LOC142982930/gene-Sec13/gene-zip/gene-RpS21/gene-mRpS5/gene-mRpL53/gene-RpS29/gene-Atg17/gene-mRpL11/gene-mRpL4/gene-RpL40/gene-Nup44A/gene-mRpL38/gene-LOC142978249/gene-TwdlT/gene-mRpL50/gene-RpL13A/gene-mRpS25/gene-LOC142974928/gene-RpS25/gene-mRpS29/gene-Coprox/gene-Dap160/gene-Rpn9/gene-mRpL24/gene-LOC142974279/gene-mRpS30/gene-mRpL54/gene-Ldlr/gene-mRpS31/gene-RpL28/gene-RpS4/gene-RpL15/gene-LOC142982436/gene-rock1/gene-pnut/gene-RpS9/gene-ex/gene-LOC142978103/gene-RpS3A/gene-Clc/gene-LOC142981491/gene-Dg/gene-syd/gene-RpL11/gene-Nup98-96/gene-Arp3/gene-mRpS22/gene-LOC142972389/gene-Liprin-beta/gene-mRpS26/gene-tau/gene-Flo1/gene-LOC142983968/gene-RpL32/gene-RpL10/gene-Nup54/gene-Lamtor2/gene-Gas41/gene-rols/gene-LOC142979377/gene-RpS16/gene-LOC142984030/gene-Arpc1/gene-RpL21/gene-RpL6/gene-LOC142983905/gene-RpS3/gene-RpL7/gene-Git/gene-RpS14/gene-RpS20/gene-Arp10/gene-Pnn/gene-LOC142986568/gene-Liprin-alpha/gene-LOC142974688/gene-mRpL28/gene-sta/gene-Nup133/gene-LOC142974453",212,"MF"
"GO:0000184","nuclear-transcribed mRNA catabolic process, nonsense-mediated decay","62/3690","84/9658",0.738095238095238,1.93184927087366,6.74463563440997,3.04676482975119e-11,4.26547076165166e-09,3.82105544062029e-09,"gene-RpLP0/gene-RpS11/gene-mago/gene-RpL13/gene-Cbp20/gene-LOC142983616/gene-Upf1/gene-RpL38/gene-RpL24/gene-RpL36A/gene-RpL37-1/gene-RpL29/gene-nonC/gene-RpL14/gene-RpL31/gene-RpS10b/gene-RpS7/gene-Pym/gene-RpL37A/gene-RpS12/gene-RpS2/gene-RpL34/gene-RpLP1/gene-LOC142973667/gene-RpS28b/gene-RpL12/gene-RpL19/gene-LOC142977474/gene-RpL22/gene-RpS30/gene-RpS8/gene-RpL23/gene-LOC142985268/gene-RpL27/gene-Smg6/gene-eIF4AIII/gene-RpS21/gene-RpS29/gene-RpL13A/gene-RpS25/gene-LOC142976667/gene-tsu/gene-tst/gene-RpL28/gene-RpL15/gene-sqd/gene-RpS3A/gene-RpL11/gene-btz/gene-RpL32/gene-RpL10/gene-RpL21/gene-RpL6/gene-eRF1/gene-nompA/gene-RpS3/gene-RpL7/gene-pcm/gene-RpS14/gene-RpS20/gene-sta/gene-Cbp80",62,"BP"
"GO:0045047","protein targeting to ER","53/3690","69/9658",0.768115942028985,2.01042378539727,6.62310039968066,6.44708836392387e-11,8.84540523530355e-09,7.92381091970264e-09,"gene-Srp14/gene-RpLP0/gene-RpS11/gene-RpL13/gene-RpL38/gene-Spase12/gene-RpL24/gene-Spase25/gene-RpL36A/gene-RpL37-1/gene-RpL29/gene-Sec61beta/gene-RpL14/gene-RpL31/gene-LOC142974110/gene-RpS10b/gene-RpS7/gene-Srp9/gene-RpL37A/gene-RpS12/gene-RpS2/gene-RpL34/gene-RpLP1/gene-LOC142973667/gene-RpS28b/gene-RpL12/gene-RpL19/gene-RpL22/gene-RpS30/gene-RpS8/gene-RpL23/gene-Pmm2/gene-RpL27/gene-RpS21/gene-RpS29/gene-RpL13A/gene-RpS25/gene-RpL28/gene-RpL15/gene-Trp1/gene-RpS3A/gene-RpL11/gene-RpL32/gene-RpL10/gene-RpL21/gene-RpL6/gene-Spase22-23/gene-RpS3/gene-LOC142980612/gene-RpL7/gene-RpS14/gene-RpS20/gene-sta",53,"BP"
"GO:0022900","electron transport chain","86/3690","130/9658",0.661538461538462,1.7314738378153,6.60221238683425,7.94825012073753e-11,1.06911756525999e-08,9.57727228170603e-09,"gene-ND-B17.2/gene-NP15.6/gene-ND-13A/gene-LOC142977612/gene-ND-ASHI/gene-ND-B18/gene-ND-ACP/gene-ND-B16.6/gene-ND-B12/gene-ox/gene-LOC142977913/gene-ND-B15/gene-LOC142980234/gene-LOC142977953/gene-LOC142975930/gene-LOC142984621/gene-LOC142984567/gene-ND-B17/gene-Fdh/gene-UQCR-Q/gene-cype/gene-ND-39/gene-LOC142981526/gene-ND-B14.5B/gene-Fdx1/gene-ND-13B/gene-Sod2/gene-LOC142984185/gene-LOC142974129/gene-COX5A/gene-LOC142973869/gene-Scox/gene-BmDJ-1beta/gene-ND-PDSW/gene-ND-B8/gene-ND-SGDH/gene-Cox11/gene-Ndufs8/gene-Uqcr11/gene-ND-MNLL/gene-LOC142980570/gene-RpS5/gene-ND-B22/gene-Cyt-c1/gene-ND-24/gene-ND-30/gene-ND-42/gene-LOC142985182/gene-LOC142977004/gene-DNApol-gamma35/gene-Coq9/gene-LOC142979424/gene-Uccr/gene-Surf1/gene-wal/gene-sgl/gene-ND-18/gene-Pmi/gene-HDAC6/gene-osi/gene-LOC142984620/gene-ifc/gene-LOC142987070/gene-Coq7/gene-LOC142972933/gene-Etfb/gene-SdhA/gene-LOC142981634/gene-LOC142974882/gene-LOC142981491/gene-LOC142973012/gene-CIA30/gene-D2hgdh/gene-Taz/gene-Gpo1/gene-LOC142976034/gene-LOC142985166/gene-Gmer/gene-Fdx2/gene-blw/gene-LOC142977880/gene-UQCR-C2/gene-LOC142985154/gene-LOC142977128/gene-Acade/gene-ND-49",86,"BP"
"GO:0022904","respiratory electron transport chain","64/3690","89/9658",0.719101123595506,1.8821351359581,6.57380380159363,9.64271863577728e-11,1.27209711233523e-08,1.13955853027668e-08,"gene-ND-B17.2/gene-NP15.6/gene-ND-13A/gene-LOC142977612/gene-ND-ASHI/gene-ND-B18/gene-ND-ACP/gene-ND-B16.6/gene-ND-B12/gene-ox/gene-LOC142977913/gene-ND-B15/gene-LOC142980234/gene-LOC142977953/gene-LOC142975930/gene-LOC142984621/gene-LOC142984567/gene-ND-B17/gene-UQCR-Q/gene-cype/gene-ND-39/gene-LOC142981526/gene-ND-B14.5B/gene-ND-13B/gene-Sod2/gene-LOC142974129/gene-COX5A/gene-LOC142973869/gene-BmDJ-1beta/gene-ND-PDSW/gene-ND-B8/gene-ND-SGDH/gene-Ndufs8/gene-Uqcr11/gene-ND-MNLL/gene-LOC142980570/gene-ND-B22/gene-Cyt-c1/gene-ND-24/gene-ND-30/gene-ND-42/gene-LOC142977004/gene-DNApol-gamma35/gene-Coq9/gene-LOC142979424/gene-Uccr/gene-ND-18/gene-Pmi/gene-HDAC6/gene-osi/gene-LOC142984620/gene-LOC142987070/gene-Coq7/gene-LOC142972933/gene-SdhA/gene-LOC142981634/gene-LOC142981491/gene-CIA30/gene-D2hgdh/gene-Taz/gene-Gpo1/gene-LOC142976034/gene-UQCR-C2/gene-ND-49",64,"BP"
"GO:0006413","translational initiation","73/3690","106/9658",0.688679245283019,1.80251061001176,6.53245535390706,1.27069920385899e-10,1.64471632801371e-08,1.47335490608317e-08,"gene-bel/gene-RpLP0/gene-eIF4B/gene-RpS11/gene-mxt/gene-RpL13/gene-RpL38/gene-NAT1/gene-RpL24/gene-eIF3k/gene-RpL36A/gene-RpL37-1/gene-RpL29/gene-eIF3a/gene-RpL14/gene-RpL31/gene-eIF3i/gene-eIF3m/gene-RpS10b/gene-RpS24/gene-RpS7/gene-eIF3g1/gene-RpL37A/gene-RpS12/gene-RpS2/gene-eIF1A/gene-DENR/gene-RpL34/gene-RpLP1/gene-LOC142973667/gene-RpS28b/gene-RpL12/gene-RpL19/gene-RpL22/gene-RpS30/gene-eIF2Bbeta/gene-RpS8/gene-RpL23/gene-eIF3l/gene-RpL27/gene-AGO1/gene-eIF1/gene-eIF2Balpha/gene-RpS21/gene-eIF2Bgamma/gene-RpS29/gene-MCTS1/gene-RpL13A/gene-RpS25/gene-eIF2Bdelta/gene-LOC142973677/gene-LOC142983927/gene-RpL28/gene-RpL15/gene-RpS3A/gene-RpL11/gene-eIF2beta/gene-LOC142973202/gene-Paip1/gene-RpL32/gene-RpL10/gene-RpL21/gene-RpL6/gene-RpS3/gene-eIF2Bepsilon/gene-RpL7/gene-pix/gene-RpS14/gene-LOC142974472/gene-RpS20/gene-eIF4EHP/gene-sta/gene-eIF3h",73,"BP"
"GO:0005747","GO:0005747","35/3690","40/9658",0.875,2.29017615176152,6.42919370445725,1.4118726497876e-10,1.76099025046236e-08,1.57751435970527e-08,"gene-ND-B17.2/gene-NP15.6/gene-ND-13A/gene-LOC142977612/gene-ND-ASHI/gene-ND-B18/gene-ND-ACP/gene-ND-B16.6/gene-ND-B12/gene-LOC142977913/gene-ND-B15/gene-LOC142980234/gene-LOC142977517/gene-LOC142984567/gene-ND-B17/gene-ND-39/gene-ND-B14.5B/gene-ND-B14.7/gene-ND-13B/gene-LOC142973869/gene-ND-PDSW/gene-ND-B8/gene-ND-SGDH/gene-Ndufs8/gene-ND-MNLL/gene-ND-B22/gene-ND-24/gene-ND-30/gene-ND-42/gene-l(2)37Bb/gene-ND-18/gene-LOC142987070/gene-LOC142981491/gene-CIA30/gene-ND-49",35,NA
"GO:0030964","NADH dehydrogenase complex","35/3690","40/9658",0.875,2.29017615176152,6.42919370445725,1.4118726497876e-10,1.76099025046236e-08,1.57751435970527e-08,"gene-ND-B17.2/gene-NP15.6/gene-ND-13A/gene-LOC142977612/gene-ND-ASHI/gene-ND-B18/gene-ND-ACP/gene-ND-B16.6/gene-ND-B12/gene-LOC142977913/gene-ND-B15/gene-LOC142980234/gene-LOC142977517/gene-LOC142984567/gene-ND-B17/gene-ND-39/gene-ND-B14.5B/gene-ND-B14.7/gene-ND-13B/gene-LOC142973869/gene-ND-PDSW/gene-ND-B8/gene-ND-SGDH/gene-Ndufs8/gene-ND-MNLL/gene-ND-B22/gene-ND-24/gene-ND-30/gene-ND-42/gene-l(2)37Bb/gene-ND-18/gene-LOC142987070/gene-LOC142981491/gene-CIA30/gene-ND-49",35,"CC"
"GO:0006614","SRP-dependent cotranslational protein targeting to membrane","49/3690","63/9658",0.777777777777778,2.03571213489913,6.48495163456658,1.55974313848639e-10,1.91068534464582e-08,1.71161286512848e-08,"gene-Srp14/gene-RpLP0/gene-RpS11/gene-Srp19/gene-RpL13/gene-RpL38/gene-RpL24/gene-RpL36A/gene-RpL37-1/gene-LOC142977499/gene-RpL29/gene-Sec61beta/gene-RpL14/gene-RpL31/gene-RpS10b/gene-RpS7/gene-Srp9/gene-RpL37A/gene-RpS12/gene-RpS2/gene-RpL34/gene-RpLP1/gene-LOC142973667/gene-RpS28b/gene-RpL12/gene-RpL19/gene-RpL22/gene-RpS30/gene-RpS8/gene-RpL23/gene-RpL27/gene-RpS21/gene-RpS29/gene-RpL13A/gene-RpS25/gene-RpL28/gene-RpL15/gene-RpS3A/gene-RpL11/gene-RpL32/gene-RpL10/gene-RpL21/gene-RpL6/gene-RpS3/gene-LOC142980612/gene-RpL7/gene-RpS14/gene-RpS20/gene-sta",49,"BP"
"GO:0032446","protein modification by small protein conjugation","158/3690","279/9658",0.566308243727599,1.48222358209245,6.42676130311734,1.96838029070894e-10,2.36896294636199e-08,2.12214296161751e-08,"gene-Akt/gene-sip3/gene-Su(z)12/gene-Uba1/gene-Cnot4/gene-TER94/gene-LOC142981582/gene-Kcmf1/gene-MED1/gene-Trc8/gene-Cul2/gene-Pex2/gene-Ufc1/gene-hyd/gene-m-cup/gene-LOC142980206/gene-Pex13/gene-LOC142974739/gene-LOC142978267/gene-RpS27A/gene-Cand1/gene-Taf1/gene-Cul3/gene-ctrip/gene-LOC142975717/gene-Fbl6/gene-LOC142981655/gene-Ube4A/gene-Nedd4/gene-mib1/gene-Uba3/gene-kel/gene-MED7/gene-Usp14/gene-LOC142976389/gene-LOC142973727/gene-LOC142972497/gene-poe/gene-LOC142972233/gene-kto/gene-Rabex-5/gene-Aos1/gene-MED21/gene-LOC142987404/gene-LOC142987539/gene-ari-1/gene-Ddrgk1/gene-Ubc10/gene-LOC142982437/gene-dbo/gene-Hakai/gene-gus/gene-Ube4B/gene-MED6/gene-TppII/gene-HERC2/gene-UbcE2H/gene-SkpA/gene-unk/gene-MED20/gene-Pex5/gene-Keap1/gene-Smurf/gene-LOC142981372/gene-Cdc16/gene-LOC142983499/gene-LOC142978729/gene-RpL40/gene-LOC142980432/gene-APP-BP1/gene-Uev1A/gene-Pex10/gene-eff/gene-LOC142979741/gene-FBXO11/gene-Mrgn1/gene-Rchy1/gene-Su(dx)/gene-LOC142976045/gene-Atg3/gene-Ubr1/gene-Cul1/gene-LOC142986201/gene-Cul4/gene-Tsp26A/gene-Nedd8/gene-Psa/gene-Ufd4/gene-LOC142976150/gene-rdx/gene-mio/gene-LOC142980886/gene-LOC142976476/gene-wech/gene-MED10/gene-shtd/gene-Ubc7/gene-LOC142981085/gene-qin/gene-LOC142978883/gene-Uba4/gene-HDAC4/gene-LOC142987718/gene-LOC142974104/gene-Tnks/gene-LOC142978166/gene-APC10/gene-tn/gene-LOC142977702/gene-roq/gene-ago/gene-Iap/gene-Bruce/gene-Ufl1/gene-Ube3a/gene-LOC142980441/gene-LOC142978882/gene-Su(var)2-10/gene-LOC142984509/gene-Ltn1/gene-LOC142983145/gene-gzl/gene-Diap2/gene-LOC142978434/gene-Ctr9/gene-LOC142974714/gene-MED31/gene-Cdc27/gene-elgi/gene-LOC142979027/gene-CycC/gene-TSG101/gene-wcy/gene-Fbxl4/gene-LOC142986697/gene-Ubr3/gene-Uba2/gene-Ubc4/gene-Pli/gene-pall/gene-dnr1/gene-Bre1/gene-pic/gene-rno/gene-morula/gene-LOC142980695/gene-Sce/gene-LOC142975219/gene-LOC142985567/gene-Vps11/gene-LOC142973251/gene-Hecw/gene-l(2)dtl/gene-bon/gene-LOC142974238/gene-LOC142972211/gene-UbcE2M/gene-eya",158,"BP"
"GO:0072599","establishment of protein localization to endoplasmic reticulum","54/3690","72/9658",0.75,1.9630081300813,6.44907430845873,2.0876106244466e-10,2.46913946270754e-08,2.21188218248989e-08,"gene-Srp14/gene-RpLP0/gene-RpS11/gene-RpL13/gene-RpL38/gene-Spase12/gene-RpL24/gene-Spase25/gene-RpL36A/gene-RpL37-1/gene-RpL29/gene-Sec61beta/gene-RpL14/gene-RpL31/gene-LOC142974110/gene-RpS10b/gene-RpS7/gene-Srp9/gene-RpL37A/gene-RpS12/gene-RpS2/gene-RpL34/gene-RpLP1/gene-LOC142973667/gene-RpS28b/gene-RpL12/gene-RpL19/gene-RpL22/gene-RpS30/gene-RpS8/gene-RpL23/gene-Pmm2/gene-RpL27/gene-RpS21/gene-RpS29/gene-RpL13A/gene-RpS25/gene-RpL28/gene-RpL15/gene-Trp1/gene-Rab3GAP1/gene-RpS3A/gene-RpL11/gene-RpL32/gene-RpL10/gene-RpL21/gene-RpL6/gene-Spase22-23/gene-RpS3/gene-LOC142980612/gene-RpL7/gene-RpS14/gene-RpS20/gene-sta",54,"BP"
"GO:0006613","cotranslational protein targeting to membrane","49/3690","64/9658",0.765625,2.00390413279133,6.33581172943528,4.18975963996586e-10,4.87148324240098e-08,4.36392806032483e-08,"gene-RpLP0/gene-RpS11/gene-RpL13/gene-RpL38/gene-RpL24/gene-RpL36A/gene-RpL37-1/gene-RpL29/gene-Sec61beta/gene-RpL14/gene-RpL31/gene-RpS10b/gene-RpS7/gene-Srp9/gene-RpL37A/gene-RpS12/gene-RpS2/gene-l(1)G0320/gene-RpL34/gene-RpLP1/gene-LOC142973667/gene-RpS28b/gene-RpL12/gene-RpL19/gene-RpL22/gene-RpS30/gene-RpS8/gene-RpL23/gene-RpL27/gene-SsRbeta/gene-RpS21/gene-RpS29/gene-RpL13A/gene-RpS25/gene-RpL28/gene-RpL15/gene-Trp1/gene-RpS3A/gene-RpL11/gene-RpL32/gene-RpL10/gene-RpL21/gene-RpL6/gene-RpS3/gene-LOC142980612/gene-RpL7/gene-RpS14/gene-RpS20/gene-sta",49,"BP"
"GO:0070972","protein localization to endoplasmic reticulum","59/3690","82/9658",0.719512195121951,1.88321105162271,6.31537645716026,5.04413690567928e-10,5.76712986215998e-08,5.16625811497468e-08,"gene-Srp14/gene-RpLP0/gene-RpS11/gene-RpL13/gene-RpL38/gene-Spase12/gene-RpL24/gene-Spase25/gene-RpL36A/gene-RpL37-1/gene-RpL29/gene-Sec61beta/gene-RpL14/gene-RpL31/gene-PPP1R15/gene-LOC142974110/gene-RpS10b/gene-RpS7/gene-Srp9/gene-RpL37A/gene-RpS12/gene-RpS2/gene-RpL34/gene-RpLP1/gene-LOC142973667/gene-RpS28b/gene-RpL12/gene-RpL19/gene-RpL22/gene-RpS30/gene-RpS8/gene-RpL23/gene-Pmm2/gene-RpL27/gene-RpS21/gene-RpS29/gene-KdelR/gene-RpL13A/gene-RpS25/gene-LOC142977570/gene-RpL28/gene-RpL15/gene-Trp1/gene-Rab3GAP1/gene-RpS3A/gene-RpL11/gene-RpL32/gene-RpL10/gene-RpL21/gene-RpL6/gene-Spase22-23/gene-RpS3/gene-LOC142978941/gene-LOC142980612/gene-RpL7/gene-RpS14/gene-RpS20/gene-LOC142985452/gene-sta",59,"BP"
"GO:0006605","protein targeting","131/3690","226/9658",0.579646017699115,1.51713312708348,6.1854966248158,9.28114354459383e-10,1.04374827403137e-07,9.35001139143034e-08,"gene-Srp14/gene-RpLP0/gene-blp/gene-LOC142987685/gene-LOC142987536/gene-RpS11/gene-jar/gene-Vps15/gene-LOC142980365/gene-RpL13/gene-Pex2/gene-aPKC/gene-RpL38/gene-Dhrs4/gene-Tim8/gene-Pex13/gene-Spase12/gene-Dci/gene-RpL24/gene-Tim9a/gene-Spase25/gene-RpL36A/gene-RpL37-1/gene-scrib/gene-RpL29/gene-Sec61beta/gene-Pex3/gene-RpL14/gene-RpL31/gene-Nedd4/gene-LOC142974110/gene-RpS10b/gene-RpS7/gene-Srp9/gene-RpL37A/gene-RpS12/gene-mge/gene-LOC142984096/gene-RpS2/gene-l(1)G0320/gene-Hrs/gene-boca/gene-LOC142981532/gene-Rabex-5/gene-RpL34/gene-RpLP1/gene-LOC142973667/gene-RpS28b/gene-RpL12/gene-RpL19/gene-pink/gene-RpL22/gene-RpS30/gene-RpS8/gene-RpL23/gene-Pmm2/gene-MICAL-like/gene-LOC142976803/gene-RpL27/gene-Pex5/gene-Hmgc/gene-Cdc37/gene-SsRbeta/gene-Smurf/gene-LOC142978729/gene-RpS21/gene-RpS29/gene-baz/gene-Rep/gene-LOC142975016/gene-Gdap1/gene-Tim10/gene-Khc-73/gene-Pex10/gene-LOC142987403/gene-ScpX/gene-Rab8/gene-RpL13A/gene-RpS25/gene-LOC142984806/gene-rb/gene-Atg3/gene-Ide/gene-LOC142974003/gene-LOC142987720/gene-Amacr/gene-RpL28/gene-Vps13/gene-AP-1mu/gene-RpL15/gene-LOC142974963/gene-Trp1/gene-LOC142981634/gene-LOC142972243/gene-RpS3A/gene-RpL11/gene-Tim23/gene-drn/gene-Idh/gene-rg/gene-LOC142975911/gene-LOC142977187/gene-RpL32/gene-RpL10/gene-Nup54/gene-LOC142984158/gene-Lgr1/gene-LOC142976966/gene-HPS4/gene-RpL21/gene-RpL6/gene-LOC142976516/gene-Spase22-23/gene-LOC142984486/gene-LOC142987678/gene-lt/gene-RpS3/gene-LOC142980612/gene-RpL7/gene-Roe1/gene-RpS14/gene-Hao/gene-CRAT/gene-Pex7/gene-Hacl/gene-Atg4a/gene-RpS20/gene-Mulk/gene-UQCR-C2/gene-milt/gene-sta",131,"BP"
"GO:0007005","mitochondrion organization","183/3690","338/9658",0.541420118343195,1.4170827921297,6.13751487564374,1.08376355722117e-09,1.1991319358931e-07,1.07419552581616e-07,"gene-Akt/gene-ND-B17.2/gene-NP15.6/gene-ND-13A/gene-LOC142977612/gene-LOC142976071/gene-Cisd2/gene-ND-ASHI/gene-ND-B18/gene-ND-ACP/gene-mRpL15/gene-ND-B12/gene-LOC142973585/gene-ox/gene-blp/gene-LOC142987685/gene-LOC142987536/gene-LOC142977913/gene-ATPsynF/gene-Hcf/gene-LOC142980365/gene-SERCA/gene-LOC142987402/gene-CLS/gene-LOC142983602/gene-LOC142974754/gene-LOC142975328/gene-LOC142980673/gene-Tim8/gene-Stoml2/gene-mtTFB1/gene-LOC142984567/gene-Egfr/gene-Cmc1/gene-LOC142975164/gene-ND-39/gene-Tim9a/gene-ND-13B/gene-ATPsynO/gene-ATPsynCF6/gene-LOC142980491/gene-Sod2/gene-LOC142982820/gene-LOC142977652/gene-fh/gene-mRpL12/gene-rho-7/gene-LOC142974129/gene-LOC142982398/gene-LOC142976078/gene-QIL1/gene-LOC142973869/gene-Scox/gene-BmDJ-1beta/gene-ND-PDSW/gene-mRpL39/gene-ND-B8/gene-Phb2/gene-ND-SGDH/gene-LOC142976110/gene-Ndufs8/gene-ttv/gene-Uqcc1/gene-LOC142973734/gene-ATPsynD/gene-mge/gene-LOC142984096/gene-LOC142980570/gene-sfl/gene-LOC142979033/gene-Dlc90F/gene-LOC142981532/gene-LOC142983192/gene-YME1L/gene-BNIP3/gene-OXA1L/gene-Bcs1/gene-l(3)87Df/gene-ND-B22/gene-ND-24/gene-ND-30/gene-ND-42/gene-LOC142979650/gene-Tango9/gene-LOC142980137/gene-ATPsynB/gene-l(2)37Bb/gene-DNApol-gamma35/gene-shi/gene-LOC142981452/gene-LOC142976763/gene-140up/gene-LOC142979424/gene-Uccr/gene-DCTN6-p27/gene-Surf1/gene-mRpL17/gene-mts/gene-ATPsyndelta/gene-ND-18/gene-TFAM/gene-Ttc19/gene-Pmi/gene-LOC142976622/gene-Ccdc56/gene-mtSSB/gene-l(3)neo43/gene-ERR/gene-Pex5/gene-LOC142981333/gene-Hmgc/gene-Dhc64C/gene-ECSIT/gene-Atg17/gene-Arf79F/gene-Gdap1/gene-Drp1/gene-LOC142982193/gene-Tim10/gene-Rim2/gene-Phb1/gene-LOC142987070/gene-mRpS29/gene-LOC142984806/gene-Coq7/gene-LOC142980490/gene-heix/gene-Atg3/gene-LOC142972933/gene-Ant/gene-C/EBP/gene-LOC142987512/gene-LOC142979897/gene-LOC142974003/gene-cert/gene-Mef2/gene-Atg9/gene-LOC142981634/gene-LOC142985213/gene-LOC142972243/gene-Sdhaf3/gene-LOC142981491/gene-sxc/gene-Sirt2/gene-Tim23/gene-CIA30/gene-Wdr81/gene-Jra/gene-LOC142981100/gene-Atac2/gene-Atf-2/gene-Taz/gene-sicily/gene-LOC142975911/gene-Nmt/gene-LOC142977187/gene-LOC142979256/gene-LOC142981465/gene-LOC142977238/gene-Dna2/gene-LOC142976966/gene-LOC142983063/gene-LOC142980036/gene-LOC142976516/gene-Khc/gene-LOC142984486/gene-Vps13D/gene-LOC142982901/gene-Gclm/gene-Miro/gene-Roe1/gene-Lpin/gene-LOC142986563/gene-PNPase/gene-Adck1/gene-Atg4a/gene-Mulk/gene-UQCR-C2/gene-milt/gene-BHD/gene-ND-49/gene-LOC142980012/gene-LOC142975624",183,"BP"
"GO:0009126","purine nucleoside monophosphate metabolic process","109/3690","182/9658",0.598901098901099,1.56753030167664,6.07760000743905,1.88911751921263e-09,2.02489784090604e-07,1.81392567058608e-07,"gene-ND-B17.2/gene-ND-13A/gene-LOC142977612/gene-ND-ASHI/gene-ND-B18/gene-ND-ACP/gene-TER94/gene-ND-B16.6/gene-ND-B12/gene-ox/gene-LOC142977913/gene-sun/gene-ATPsynF/gene-ND-B15/gene-LOC142980234/gene-CLS/gene-LOC142977953/gene-ATPsynE/gene-LOC142975930/gene-ATPsynG/gene-LOC142980673/gene-LOC142984621/gene-Stoml2/gene-LOC142984567/gene-ND-B17/gene-UQCR-Q/gene-cype/gene-ND-39/gene-LOC142981526/gene-ND-B14.5B/gene-ND-13B/gene-ATPsynO/gene-ATPsynCF6/gene-LOC142979187/gene-fh/gene-LOC142974129/gene-COX5A/gene-LOC142973869/gene-BmDJ-1beta/gene-ND-PDSW/gene-ND-B8/gene-ND-SGDH/gene-LOC142976110/gene-Ndufs8/gene-Uqcr11/gene-ATPsynD/gene-ND-MNLL/gene-LOC142980570/gene-sdt/gene-Apf/gene-ND-B22/gene-Cyt-c1/gene-ND-24/gene-ND-30/gene-ND-42/gene-Nt5b/gene-ATPsynB/gene-LOC142977004/gene-Pfk/gene-Coq9/gene-LOC142979424/gene-Uccr/gene-Surf1/gene-wal/gene-bur/gene-ATPsyndelta/gene-ND-18/gene-Pmi/gene-LOC142981749/gene-LOC142982435/gene-pyd/gene-zip/gene-LOC142984620/gene-Aps/gene-LOC142973569/gene-LOC142987070/gene-Paics/gene-Coq7/gene-Mpi/gene-Pglym/gene-LOC142972933/gene-TRAM/gene-Etfb/gene-Ak2/gene-LOC142982921/gene-Pgk/gene-LOC142981212/gene-Pfrx/gene-SdhA/gene-Gart/gene-LOC142981491/gene-LOC142981472/gene-CIA30/gene-Taz/gene-LOC142987472/gene-Snf4agamma/gene-Tpi/gene-LOC142976034/gene-LOC142983063/gene-vari/gene-Khc/gene-blw/gene-Pfas/gene-UQCR-C2/gene-LOC142972287/gene-spel1/gene-ATPsynC/gene-ND-49/gene-Prps",109,"BP"
"GO:0009167","purine ribonucleoside monophosphate metabolic process","109/3690","182/9658",0.598901098901099,1.56753030167664,6.07760000743905,1.88911751921263e-09,2.02489784090604e-07,1.81392567058608e-07,"gene-ND-B17.2/gene-ND-13A/gene-LOC142977612/gene-ND-ASHI/gene-ND-B18/gene-ND-ACP/gene-TER94/gene-ND-B16.6/gene-ND-B12/gene-ox/gene-LOC142977913/gene-sun/gene-ATPsynF/gene-ND-B15/gene-LOC142980234/gene-CLS/gene-LOC142977953/gene-ATPsynE/gene-LOC142975930/gene-ATPsynG/gene-LOC142980673/gene-LOC142984621/gene-Stoml2/gene-LOC142984567/gene-ND-B17/gene-UQCR-Q/gene-cype/gene-ND-39/gene-LOC142981526/gene-ND-B14.5B/gene-ND-13B/gene-ATPsynO/gene-ATPsynCF6/gene-LOC142979187/gene-fh/gene-LOC142974129/gene-COX5A/gene-LOC142973869/gene-BmDJ-1beta/gene-ND-PDSW/gene-ND-B8/gene-ND-SGDH/gene-LOC142976110/gene-Ndufs8/gene-Uqcr11/gene-ATPsynD/gene-ND-MNLL/gene-LOC142980570/gene-sdt/gene-Apf/gene-ND-B22/gene-Cyt-c1/gene-ND-24/gene-ND-30/gene-ND-42/gene-Nt5b/gene-ATPsynB/gene-LOC142977004/gene-Pfk/gene-Coq9/gene-LOC142979424/gene-Uccr/gene-Surf1/gene-wal/gene-bur/gene-ATPsyndelta/gene-ND-18/gene-Pmi/gene-LOC142981749/gene-LOC142982435/gene-pyd/gene-zip/gene-LOC142984620/gene-Aps/gene-LOC142973569/gene-LOC142987070/gene-Paics/gene-Coq7/gene-Mpi/gene-Pglym/gene-LOC142972933/gene-TRAM/gene-Etfb/gene-Ak2/gene-LOC142982921/gene-Pgk/gene-LOC142981212/gene-Pfrx/gene-SdhA/gene-Gart/gene-LOC142981491/gene-LOC142981472/gene-CIA30/gene-Taz/gene-LOC142987472/gene-Snf4agamma/gene-Tpi/gene-LOC142976034/gene-LOC142983063/gene-vari/gene-Khc/gene-blw/gene-Pfas/gene-UQCR-C2/gene-LOC142972287/gene-spel1/gene-ATPsynC/gene-ND-49/gene-Prps",109,"BP"
"GO:0009199","GO:0009199","106/3690","176/9658",0.602272727272727,1.57635501355014,6.06759137450639,2.02400682068347e-09,2.13610565998286e-07,1.91354685330366e-07,"gene-ND-B17.2/gene-ND-13A/gene-LOC142977612/gene-ND-ASHI/gene-ND-B18/gene-ND-ACP/gene-TER94/gene-ND-B16.6/gene-ND-B12/gene-ox/gene-LOC142977913/gene-sun/gene-ATPsynF/gene-ND-B15/gene-LOC142980234/gene-CLS/gene-LOC142977953/gene-ATPsynE/gene-LOC142975930/gene-ATPsynG/gene-LOC142980673/gene-LOC142984621/gene-Stoml2/gene-LOC142984567/gene-ND-B17/gene-UQCR-Q/gene-cype/gene-ND-39/gene-Rho1/gene-LOC142981526/gene-ND-B14.5B/gene-ND-13B/gene-ATPsynO/gene-ATPsynCF6/gene-LOC142979187/gene-fh/gene-LOC142974129/gene-COX5A/gene-LOC142973869/gene-BmDJ-1beta/gene-ND-PDSW/gene-ND-B8/gene-ND-SGDH/gene-LOC142976110/gene-Ndufs8/gene-awd/gene-Uqcr11/gene-ATPsynD/gene-ND-MNLL/gene-LOC142980570/gene-Apf/gene-ND-B22/gene-Cyt-c1/gene-ND-24/gene-ND-30/gene-ND-42/gene-ATPsynB/gene-LOC142977004/gene-Pfk/gene-Coq9/gene-LOC142979424/gene-Uccr/gene-Surf1/gene-wal/gene-ATPsyndelta/gene-ND-18/gene-Pmi/gene-LOC142981749/gene-LOC142982435/gene-LOC142987259/gene-zip/gene-LOC142984620/gene-LOC142987070/gene-Coq7/gene-Mpi/gene-Pglym/gene-LOC142972933/gene-rudimentary/gene-TRAM/gene-Etfb/gene-Nfs1/gene-Ak2/gene-LOC142982921/gene-Pgk/gene-LOC142981212/gene-Pfrx/gene-Ctps/gene-SdhA/gene-Uba4/gene-LOC142981491/gene-LOC142981472/gene-CIA30/gene-Taz/gene-LOC142987472/gene-Snf4agamma/gene-Tpi/gene-LOC142976034/gene-LOC142983063/gene-LOC142979808/gene-Khc/gene-blw/gene-UQCR-C2/gene-LOC142972287/gene-spel1/gene-ATPsynC/gene-ND-49",106,NA
"GO:0044445","GO:0044445","100/3690","164/9658",0.609756097560976,1.59594156917179,6.05230606321352,2.25994474720846e-09,2.34897287361364e-07,2.10423563543907e-07,"gene-IscU/gene-RpLP0/gene-RpS23/gene-Fmr1/gene-mRpS18C/gene-RpS11/gene-LOC142986676/gene-RpL13/gene-RpL38/gene-RpL30/gene-RpL9/gene-LOC142974540/gene-Rpn1/gene-Blos1/gene-RpS27A/gene-RpLP2/gene-RpS15A/gene-RpL24/gene-RpS17/gene-RpL26/gene-RpL5/gene-RpL36A/gene-RpL37-1/gene-RpL29/gene-RpS18/gene-fh/gene-RpL14/gene-RpL31/gene-RpL35/gene-RpS10b/gene-RpS24/gene-RpS7/gene-RpS27/gene-mRpS18A/gene-RpL37A/gene-RpS12/gene-RpS2/gene-Tsc1/gene-RpL34/gene-RpLP1/gene-Rpn2/gene-LOC142973667/gene-RpS28b/gene-bcn92/gene-RpL12/gene-RpL19/gene-Pfk/gene-pink/gene-RpL22/gene-RpS30/gene-RpS8/gene-Dronc/gene-RpL23/gene-RpL8/gene-RpS15/gene-RpL27A/gene-RpL27/gene-RpS21/gene-RpS29/gene-mRpL4/gene-LOC142973060/gene-RpL40/gene-MCTS1/gene-CCT5/gene-RpL13A/gene-RpS25/gene-Ide/gene-TRAM/gene-Nfs1/gene-RpL28/gene-RpS4/gene-RpL15/gene-Rpt1/gene-Gcy/gene-l(3)80Fj/gene-CCT8/gene-Pfrx/gene-RpS9/gene-RpS3A/gene-RpL11/gene-Adar/gene-RpL32/gene-RpL10/gene-RpS16/gene-HPS4/gene-RpL21/gene-RpL6/gene-Ac13E/gene-RnrL/gene-CCT1/gene-RpS3/gene-Muted/gene-Ciao1/gene-RpL7/gene-RpS14/gene-RpS20/gene-LOC142974053/gene-sta/gene-LOC142972321/gene-LOC142972447",100,NA
"GO:0032981","mitochondrial respiratory chain complex I assembly","41/3690","52/9658",0.788461538461538,2.06367521367521,6.04726933007771,2.41122036322998e-09,2.46880174503846e-07,2.2115796513019e-07,"gene-ND-B17.2/gene-NP15.6/gene-ND-13A/gene-LOC142977612/gene-ND-ASHI/gene-ND-B18/gene-ND-ACP/gene-ND-B12/gene-LOC142987536/gene-LOC142977913/gene-LOC142980673/gene-LOC142984567/gene-ND-39/gene-ND-13B/gene-LOC142982820/gene-LOC142982398/gene-LOC142973869/gene-ND-PDSW/gene-ND-B8/gene-ND-SGDH/gene-Ndufs8/gene-LOC142980570/gene-OXA1L/gene-Bcs1/gene-ND-B22/gene-ND-24/gene-ND-30/gene-ND-42/gene-l(2)37Bb/gene-Nubpl/gene-140up/gene-ND-18/gene-LOC142975300/gene-ECSIT/gene-LOC142987070/gene-LOC142976177/gene-LOC142981491/gene-CIA30/gene-Taz/gene-sicily/gene-ND-49",41,"BP"
"GO:0006120","mitochondrial electron transport, NADH to ubiquinone","33/3690","39/9658",0.846153846153846,2.21467583906608,5.97650965973088,3.0785510521252e-09,3.10571473787925e-07,2.78213328828281e-07,"gene-ND-B17.2/gene-ND-13A/gene-LOC142977612/gene-ND-ASHI/gene-ND-B18/gene-ND-ACP/gene-ND-B16.6/gene-ND-B12/gene-LOC142977913/gene-ND-B15/gene-LOC142980234/gene-LOC142984567/gene-ND-B17/gene-ND-39/gene-ND-B14.5B/gene-ND-B14.7/gene-ND-13B/gene-LOC142973869/gene-ND-PDSW/gene-ND-B8/gene-ND-SGDH/gene-Ndufs8/gene-ND-MNLL/gene-ND-B22/gene-ND-24/gene-ND-30/gene-ND-42/gene-Coq9/gene-ND-18/gene-LOC142987070/gene-LOC142981491/gene-CIA30/gene-ND-49",33,"BP"
"GO:0009205","purine ribonucleoside triphosphate metabolic process","104/3690","174/9658",0.597701149425287,1.5643896209077,5.90714676993494,5.1802361263122e-09,5.15020577195676e-07,4.61361075597416e-07,"gene-ND-B17.2/gene-ND-13A/gene-LOC142977612/gene-ND-ASHI/gene-ND-B18/gene-ND-ACP/gene-TER94/gene-ND-B16.6/gene-ND-B12/gene-ox/gene-LOC142977913/gene-sun/gene-ATPsynF/gene-ND-B15/gene-LOC142980234/gene-CLS/gene-LOC142977953/gene-ATPsynE/gene-LOC142975930/gene-ATPsynG/gene-LOC142980673/gene-LOC142984621/gene-Stoml2/gene-LOC142984567/gene-ND-B17/gene-UQCR-Q/gene-cype/gene-ND-39/gene-Rho1/gene-LOC142981526/gene-ND-B14.5B/gene-ND-13B/gene-ATPsynO/gene-ATPsynCF6/gene-LOC142979187/gene-fh/gene-LOC142974129/gene-COX5A/gene-LOC142973869/gene-BmDJ-1beta/gene-ND-PDSW/gene-ND-B8/gene-ND-SGDH/gene-LOC142976110/gene-Ndufs8/gene-awd/gene-Uqcr11/gene-ATPsynD/gene-ND-MNLL/gene-LOC142980570/gene-Apf/gene-ND-B22/gene-Cyt-c1/gene-ND-24/gene-ND-30/gene-ND-42/gene-ATPsynB/gene-LOC142977004/gene-Pfk/gene-Coq9/gene-LOC142979424/gene-Uccr/gene-Surf1/gene-wal/gene-ATPsyndelta/gene-ND-18/gene-Pmi/gene-LOC142981749/gene-LOC142982435/gene-LOC142987259/gene-zip/gene-LOC142984620/gene-LOC142987070/gene-Coq7/gene-Mpi/gene-Pglym/gene-LOC142972933/gene-TRAM/gene-Etfb/gene-Nfs1/gene-Ak2/gene-LOC142982921/gene-Pgk/gene-LOC142981212/gene-Pfrx/gene-SdhA/gene-Uba4/gene-LOC142981491/gene-LOC142981472/gene-CIA30/gene-Taz/gene-LOC142987472/gene-Snf4agamma/gene-Tpi/gene-LOC142976034/gene-LOC142983063/gene-LOC142979808/gene-Khc/gene-blw/gene-UQCR-C2/gene-LOC142972287/gene-spel1/gene-ATPsynC/gene-ND-49",104,"BP"
"GO:0046034","ATP metabolic process","98/3690","162/9658",0.604938271604938,1.5833316604771,5.8873871329822,5.92339722881288e-09,5.80492928423663e-07,5.20011925139994e-07,"gene-ND-B17.2/gene-ND-13A/gene-LOC142977612/gene-ND-ASHI/gene-ND-B18/gene-ND-ACP/gene-TER94/gene-ND-B16.6/gene-ND-B12/gene-ox/gene-LOC142977913/gene-sun/gene-ATPsynF/gene-ND-B15/gene-LOC142980234/gene-CLS/gene-LOC142977953/gene-ATPsynE/gene-LOC142975930/gene-ATPsynG/gene-LOC142980673/gene-LOC142984621/gene-Stoml2/gene-LOC142984567/gene-ND-B17/gene-UQCR-Q/gene-cype/gene-ND-39/gene-LOC142981526/gene-ND-B14.5B/gene-ND-13B/gene-ATPsynO/gene-ATPsynCF6/gene-LOC142979187/gene-fh/gene-LOC142974129/gene-COX5A/gene-LOC142973869/gene-BmDJ-1beta/gene-ND-PDSW/gene-ND-B8/gene-ND-SGDH/gene-LOC142976110/gene-Ndufs8/gene-Uqcr11/gene-ATPsynD/gene-ND-MNLL/gene-LOC142980570/gene-Apf/gene-ND-B22/gene-Cyt-c1/gene-ND-24/gene-ND-30/gene-ND-42/gene-ATPsynB/gene-LOC142977004/gene-Pfk/gene-Coq9/gene-LOC142979424/gene-Uccr/gene-Surf1/gene-wal/gene-ATPsyndelta/gene-ND-18/gene-Pmi/gene-LOC142981749/gene-LOC142982435/gene-zip/gene-LOC142984620/gene-LOC142987070/gene-Coq7/gene-Mpi/gene-Pglym/gene-LOC142972933/gene-TRAM/gene-Etfb/gene-Ak2/gene-LOC142982921/gene-Pgk/gene-LOC142981212/gene-Pfrx/gene-SdhA/gene-LOC142981491/gene-LOC142981472/gene-CIA30/gene-Taz/gene-LOC142987472/gene-Snf4agamma/gene-Tpi/gene-LOC142976034/gene-LOC142983063/gene-Khc/gene-blw/gene-UQCR-C2/gene-LOC142972287/gene-spel1/gene-ATPsynC/gene-ND-49",98,"BP"
"GO:0009161","GO:0009161","112/3690","191/9658",0.586387434554974,1.53477773521191,5.86953510306463,6.25420032261944e-09,6.04279073424921e-07,5.41319814432206e-07,"gene-ND-B17.2/gene-ND-13A/gene-LOC142977612/gene-ND-ASHI/gene-ND-B18/gene-ND-ACP/gene-TER94/gene-ND-B16.6/gene-ND-B12/gene-ox/gene-LOC142977913/gene-sun/gene-ATPsynF/gene-ND-B15/gene-LOC142980234/gene-CLS/gene-LOC142977953/gene-ATPsynE/gene-LOC142975930/gene-ATPsynG/gene-LOC142980673/gene-LOC142984621/gene-Stoml2/gene-LOC142984567/gene-ND-B17/gene-UQCR-Q/gene-cype/gene-ND-39/gene-LOC142981526/gene-ND-B14.5B/gene-ND-13B/gene-ATPsynO/gene-ATPsynCF6/gene-LOC142979187/gene-fh/gene-LOC142974129/gene-COX5A/gene-LOC142973869/gene-BmDJ-1beta/gene-ND-PDSW/gene-ND-B8/gene-ND-SGDH/gene-LOC142976110/gene-Ndufs8/gene-Uqcr11/gene-ATPsynD/gene-ND-MNLL/gene-LOC142980570/gene-sdt/gene-Apf/gene-ND-B22/gene-Cyt-c1/gene-ND-24/gene-ND-30/gene-ND-42/gene-Nt5b/gene-ATPsynB/gene-LOC142977004/gene-Pfk/gene-Coq9/gene-LOC142979424/gene-Uccr/gene-Surf1/gene-wal/gene-bur/gene-ATPsyndelta/gene-ND-18/gene-Pmi/gene-LOC142981749/gene-LOC142982435/gene-pyd/gene-zip/gene-LOC142984620/gene-Aps/gene-LOC142973569/gene-LOC142987070/gene-Paics/gene-Coq7/gene-Mpi/gene-Pglym/gene-LOC142972933/gene-TRAM/gene-Etfb/gene-Ak2/gene-LOC142982921/gene-Pgk/gene-LOC142981212/gene-Pfrx/gene-SdhA/gene-Gart/gene-LOC142981491/gene-LOC142981472/gene-CIA30/gene-Taz/gene-LOC142987472/gene-Snf4agamma/gene-Tpi/gene-LOC142976034/gene-LOC142983063/gene-vari/gene-Khc/gene-Dak1/gene-r-l/gene-blw/gene-Pfas/gene-UQCR-C2/gene-l(2)k01209/gene-LOC142972287/gene-spel1/gene-ATPsynC/gene-ND-49/gene-Prps",112,NA
"GO:0016567","protein ubiquitination","148/3690","268/9658",0.552238805970149,1.44539902115439,5.81438453752271,7.70972686574187e-09,7.34565643041517e-07,6.58031950909372e-07,"gene-Akt/gene-sip3/gene-Su(z)12/gene-Uba1/gene-Cnot4/gene-TER94/gene-LOC142981582/gene-Kcmf1/gene-MED1/gene-Trc8/gene-Cul2/gene-Pex2/gene-hyd/gene-m-cup/gene-LOC142980206/gene-Pex13/gene-LOC142974739/gene-LOC142978267/gene-RpS27A/gene-Cand1/gene-Taf1/gene-Cul3/gene-ctrip/gene-LOC142975717/gene-Fbl6/gene-LOC142981655/gene-Ube4A/gene-Nedd4/gene-mib1/gene-kel/gene-MED7/gene-Usp14/gene-LOC142976389/gene-LOC142973727/gene-LOC142972497/gene-poe/gene-LOC142972233/gene-kto/gene-Rabex-5/gene-Aos1/gene-MED21/gene-LOC142987404/gene-LOC142987539/gene-ari-1/gene-Ubc10/gene-LOC142982437/gene-dbo/gene-Hakai/gene-gus/gene-Ube4B/gene-MED6/gene-TppII/gene-HERC2/gene-UbcE2H/gene-SkpA/gene-unk/gene-MED20/gene-Pex5/gene-Keap1/gene-Smurf/gene-LOC142981372/gene-Cdc16/gene-LOC142983499/gene-LOC142978729/gene-mahj/gene-RpL40/gene-LOC142980432/gene-Uev1A/gene-Pex10/gene-eff/gene-LOC142979741/gene-FBXO11/gene-Mrgn1/gene-Rchy1/gene-Su(dx)/gene-LOC142976045/gene-Atg3/gene-Ubr1/gene-Cul1/gene-LOC142986201/gene-Cul4/gene-Tsp26A/gene-Psa/gene-Ufd4/gene-LOC142976150/gene-rdx/gene-mio/gene-LOC142980886/gene-LOC142976476/gene-wech/gene-MED10/gene-shtd/gene-Ubc7/gene-LOC142981085/gene-qin/gene-LOC142978883/gene-LOC142974104/gene-Tnks/gene-LOC142978166/gene-APC10/gene-tn/gene-LOC142977702/gene-roq/gene-ago/gene-Iap/gene-Bruce/gene-Ube3a/gene-LOC142980441/gene-LOC142978882/gene-LOC142984509/gene-Ltn1/gene-LOC142983145/gene-gzl/gene-Diap2/gene-LOC142978434/gene-Ctr9/gene-LOC142974714/gene-MED31/gene-Cdc27/gene-elgi/gene-LOC142979027/gene-CycC/gene-TSG101/gene-wcy/gene-Fbxl4/gene-LOC142986697/gene-Ubr3/gene-LOC142981121/gene-Ubc4/gene-Pli/gene-pall/gene-dnr1/gene-Bre1/gene-pic/gene-rno/gene-morula/gene-LOC142980695/gene-Sce/gene-LOC142975219/gene-LOC142985567/gene-Vps11/gene-LOC142973251/gene-Hecw/gene-l(2)dtl/gene-bon/gene-LOC142974238/gene-LOC142972211/gene-UbcE2M",148,"BP"
"GO:0022627","cytosolic small ribosomal subunit","30/3690","35/9658",0.857142857142857,2.24343786295006,5.79459061141818,8.8950994810576e-09,8.35895649863769e-07,7.48804481188381e-07,"gene-RpS23/gene-mRpS18C/gene-RpS11/gene-RpS27A/gene-RpS15A/gene-RpS17/gene-RpS18/gene-RpS10b/gene-RpS24/gene-RpS7/gene-RpS27/gene-mRpS18A/gene-RpS12/gene-RpS2/gene-RpS28b/gene-RpS30/gene-RpS8/gene-RpS15/gene-RpS21/gene-RpS29/gene-MCTS1/gene-RpS25/gene-RpS4/gene-RpS9/gene-RpS3A/gene-RpS16/gene-RpS3/gene-RpS14/gene-RpS20/gene-sta",30,"CC"
"GO:0034655","nucleobase-containing compound catabolic process","156/3690","287/9658",0.543554006968641,1.42266791309028,5.71567005401514,1.31633227115963e-08,1.22027559191285e-06,1.09313624452773e-06,"gene-Sir-1/gene-Cnot4/gene-RpLP0/gene-TER94/gene-RpS11/gene-mago/gene-RpL13/gene-Cbp20/gene-LOC142983616/gene-LSm1/gene-Upf1/gene-RpL38/gene-LOC142978219/gene-Rpb7/gene-RpL24/gene-Psi/gene-RpL36A/gene-RpL37-1/gene-RpL29/gene-nonC/gene-RpL14/gene-RpL31/gene-LOC142984803/gene-LOC142979790/gene-RpS10b/gene-LOC142987276/gene-RpS7/gene-Pym/gene-RpL37A/gene-RpS12/gene-Not1/gene-LOC142980570/gene-RpS2/gene-LOC142985465/gene-Ahcy/gene-Apf/gene-RpL34/gene-cyp33/gene-RpLP1/gene-Ythdf/gene-Dcr-1/gene-Dcps/gene-LOC142983189/gene-LOC142975892/gene-LOC142973667/gene-RpS28b/gene-LOC142978501/gene-Nt5b/gene-RpL12/gene-Regnase-1/gene-RpL19/gene-Pfk/gene-LOC142977474/gene-Zpr1/gene-RpL22/gene-RpS30/gene-LSm3/gene-LOC142974964/gene-RpS8/gene-Pde11/gene-RpL23/gene-LOC142981749/gene-LOC142974542/gene-LOC142985268/gene-RpL27/gene-Smg6/gene-AGO1/gene-LOC142982435/gene-LOC142987259/gene-Ada/gene-LOC142978140/gene-eIF4AIII/gene-RpS21/gene-RpS29/gene-Rat1/gene-Aps/gene-LOC142982193/gene-LOC142974425/gene-LSm7/gene-Dera/gene-RpL13A/gene-Not3/gene-RpS25/gene-LOC142976667/gene-LOC142986094/gene-gw/gene-LOC142981797/gene-Mpi/gene-Pglym/gene-tsu/gene-su(sable)/gene-tst/gene-Rrp46/gene-TRAM/gene-LOC142976900/gene-RpL28/gene-Edc3/gene-RpL15/gene-LOC142982921/gene-Pgk/gene-LOC142981212/gene-Mtr4/gene-Pfrx/gene-sqd/gene-wech/gene-LOC142981263/gene-LOC142975029/gene-LOC142980839/gene-RpS3A/gene-LOC142978883/gene-LOC142978391/gene-RpL11/gene-Rrp4/gene-roq/gene-btz/gene-Rrp6/gene-Not11/gene-RpL32/gene-RpL10/gene-LOC142978882/gene-Rrp40/gene-Tpi/gene-LOC142984719/gene-Dna2/gene-LOC142978852/gene-RpL21/gene-Rga/gene-RpL6/gene-Polr2D/gene-eRF1/gene-pelo/gene-nompA/gene-Unr/gene-Tbp/gene-Dis3/gene-RpS3/gene-RNaseX25/gene-La/gene-RpL7/gene-pix/gene-pcm/gene-RpS14/gene-Sir-3/gene-LOC142983803/gene-PNPase/gene-LOC142974494/gene-RpS20/gene-Drep4/gene-Ski6/gene-LOC142974426/gene-Ogg1/gene-LOC142985526/gene-sta/gene-Cbp80/gene-LOC142981839/gene-LOC142977656",156,"BP"
"GO:0009144","purine nucleoside triphosphate metabolic process","104/3690","177/9658",0.587570621468927,1.53787454258723,5.67885057191925,1.87282035723938e-08,1.69123223895574e-06,1.51502436873157e-06,"gene-ND-B17.2/gene-ND-13A/gene-LOC142977612/gene-ND-ASHI/gene-ND-B18/gene-ND-ACP/gene-TER94/gene-ND-B16.6/gene-ND-B12/gene-ox/gene-LOC142977913/gene-sun/gene-ATPsynF/gene-ND-B15/gene-LOC142980234/gene-CLS/gene-LOC142977953/gene-ATPsynE/gene-LOC142975930/gene-ATPsynG/gene-LOC142980673/gene-LOC142984621/gene-Stoml2/gene-LOC142984567/gene-ND-B17/gene-UQCR-Q/gene-cype/gene-ND-39/gene-Rho1/gene-LOC142981526/gene-ND-B14.5B/gene-ND-13B/gene-ATPsynO/gene-ATPsynCF6/gene-LOC142979187/gene-fh/gene-LOC142974129/gene-COX5A/gene-LOC142973869/gene-BmDJ-1beta/gene-ND-PDSW/gene-ND-B8/gene-ND-SGDH/gene-LOC142976110/gene-Ndufs8/gene-awd/gene-Uqcr11/gene-ATPsynD/gene-ND-MNLL/gene-LOC142980570/gene-Apf/gene-ND-B22/gene-Cyt-c1/gene-ND-24/gene-ND-30/gene-ND-42/gene-ATPsynB/gene-LOC142977004/gene-Pfk/gene-Coq9/gene-LOC142979424/gene-Uccr/gene-Surf1/gene-wal/gene-ATPsyndelta/gene-ND-18/gene-Pmi/gene-LOC142981749/gene-LOC142982435/gene-LOC142987259/gene-zip/gene-LOC142984620/gene-LOC142987070/gene-Coq7/gene-Mpi/gene-Pglym/gene-LOC142972933/gene-TRAM/gene-Etfb/gene-Nfs1/gene-Ak2/gene-LOC142982921/gene-Pgk/gene-LOC142981212/gene-Pfrx/gene-SdhA/gene-Uba4/gene-LOC142981491/gene-LOC142981472/gene-CIA30/gene-Taz/gene-LOC142987472/gene-Snf4agamma/gene-Tpi/gene-LOC142976034/gene-LOC142983063/gene-LOC142979808/gene-Khc/gene-blw/gene-UQCR-C2/gene-LOC142972287/gene-spel1/gene-ATPsynC/gene-ND-49",104,"BP"
"GO:0045333","cellular respiration","82/3690","132/9658",0.621212121212121,1.62592592592593,5.69343686414874,1.87366836968858e-08,1.69123223895574e-06,1.51502436873157e-06,"gene-ND-B17.2/gene-NP15.6/gene-ND-13A/gene-LOC142977612/gene-ND-ASHI/gene-ND-B18/gene-ND-ACP/gene-ND-B16.6/gene-ND-B12/gene-ox/gene-LOC142977913/gene-ND-B15/gene-LOC142980234/gene-LOC142977953/gene-LOC142975930/gene-LOC142984621/gene-LOC142984567/gene-ND-B17/gene-UQCR-Q/gene-cype/gene-Blos1/gene-ND-39/gene-LOC142981526/gene-ND-B14.5B/gene-ND-13B/gene-Sod2/gene-LOC142977652/gene-fh/gene-LOC142974129/gene-COX5A/gene-LOC142973869/gene-BmDJ-1beta/gene-ND-PDSW/gene-ND-B8/gene-ND-SGDH/gene-Cox11/gene-Ndufs8/gene-LOC142972461/gene-Uqcr11/gene-ND-MNLL/gene-Dbct/gene-LOC142980570/gene-OXA1L/gene-l(3)87Df/gene-ND-B22/gene-Cyt-c1/gene-ND-24/gene-ND-30/gene-ND-42/gene-LOC142977004/gene-DNApol-gamma35/gene-Coq9/gene-LOC142979424/gene-Uccr/gene-Surf1/gene-ND-18/gene-Pmi/gene-HDAC6/gene-osi/gene-LOC142982435/gene-LOC142980539/gene-ScsbetaG/gene-LOC142984620/gene-Rim2/gene-LOC142987070/gene-Coq7/gene-LOC142972933/gene-LOC142974423/gene-SdhA/gene-LOC142981634/gene-LOC142981491/gene-Sirt2/gene-CIA30/gene-D2hgdh/gene-Taz/gene-Gpo1/gene-LOC142976034/gene-ScsbetaA/gene-kdn/gene-Nc73EF/gene-UQCR-C2/gene-ND-49",82,"BP"
"GO:0010257","NADH dehydrogenase complex assembly","38/3690","49/9658",0.775510204081633,2.02977711409767,5.68227267883992,2.14992934434124e-08,1.91539159768583e-06,1.71582877816325e-06,"gene-ND-B17.2/gene-NP15.6/gene-ND-13A/gene-LOC142977612/gene-ND-ASHI/gene-ND-B18/gene-ND-ACP/gene-ND-B12/gene-LOC142987536/gene-LOC142977913/gene-LOC142980673/gene-LOC142984567/gene-ND-39/gene-ND-13B/gene-LOC142982820/gene-LOC142982398/gene-LOC142973869/gene-ND-PDSW/gene-ND-B8/gene-ND-SGDH/gene-Ndufs8/gene-LOC142980570/gene-OXA1L/gene-Bcs1/gene-ND-B22/gene-ND-24/gene-ND-30/gene-ND-42/gene-l(2)37Bb/gene-140up/gene-ND-18/gene-ECSIT/gene-LOC142987070/gene-LOC142981491/gene-CIA30/gene-Taz/gene-sicily/gene-ND-49",38,"BP"
"GO:0006091","generation of precursor metabolites and energy","152/3690","280/9658",0.542857142857143,1.42084397986837,5.61907607652193,2.26679351587379e-08,1.99361583575567e-06,1.78590290764794e-06,"gene-Akt/gene-ND-B17.2/gene-NP15.6/gene-ND-13A/gene-LOC142977612/gene-Atg16/gene-ND-ASHI/gene-ND-B18/gene-ND-ACP/gene-ND-B16.6/gene-ND-B12/gene-ox/gene-mTor/gene-Acadvl/gene-LOC142977913/gene-ATPsynF/gene-ND-B15/gene-LOC142980234/gene-LOC142977953/gene-LOC142975930/gene-LOC142984621/gene-Stoml2/gene-LOC142984567/gene-ND-B17/gene-Fdh/gene-UQCR-Q/gene-cype/gene-LOC142975164/gene-Blos1/gene-ND-39/gene-LOC142981526/gene-ND-B14.5B/gene-Fdx1/gene-ND-13B/gene-ATPsynO/gene-ATPsynCF6/gene-LOC142972730/gene-Sod2/gene-LOC142977652/gene-Atg1/gene-LOC142984185/gene-fh/gene-LOC142974129/gene-COX5A/gene-LOC142973869/gene-Scox/gene-BmDJ-1beta/gene-FASN1/gene-ND-PDSW/gene-ND-B8/gene-ND-SGDH/gene-Cox11/gene-Ndufs8/gene-LOC142972461/gene-Uqcr11/gene-ATPsynD/gene-ND-MNLL/gene-Dbct/gene-LOC142980570/gene-OXA1L/gene-RpS5/gene-l(3)87Df/gene-ND-B22/gene-Cyt-c1/gene-ND-24/gene-ND-30/gene-LOC142975892/gene-ND-42/gene-LOC142985182/gene-ATPsynB/gene-LOC142977004/gene-DNApol-gamma35/gene-Pfk/gene-Coq9/gene-LOC142979424/gene-TOR1/gene-Uccr/gene-Surf1/gene-wal/gene-sgl/gene-ATPsyndelta/gene-ND-18/gene-LOC142978549/gene-Pmi/gene-LOC142981749/gene-foxo/gene-HDAC6/gene-osi/gene-LOC142982435/gene-LOC142981333/gene-Hmgc/gene-Atg17/gene-LOC142980539/gene-ScsbetaG/gene-LOC142984620/gene-ifc/gene-Rim2/gene-LOC142987070/gene-Coq7/gene-Mpi/gene-Pglym/gene-Atg3/gene-LOC142972933/gene-C/EBP/gene-TRAM/gene-Etfb/gene-Ak2/gene-LOC142982921/gene-Pgk/gene-Atg9/gene-LOC142974423/gene-Pfrx/gene-SdhA/gene-LOC142981634/gene-AcCoAS/gene-Mcad/gene-LOC142974882/gene-LOC142981491/gene-sxc/gene-Sirt2/gene-LOC142973012/gene-CIA30/gene-D2hgdh/gene-Taz/gene-Gpo1/gene-LOC142987472/gene-Snf4agamma/gene-LOC142979256/gene-Tpi/gene-LOC142976034/gene-LOC142985166/gene-PhKgamma/gene-LOC142983063/gene-ScsbetaA/gene-SCOT/gene-LOC142987678/gene-LOC142975891/gene-kdn/gene-Gmer/gene-Fdx2/gene-Nc73EF/gene-blw/gene-LOC142977880/gene-LOC142976639/gene-UQCR-C2/gene-LOC142985154/gene-spel1/gene-GCS2alpha/gene-LOC142977128/gene-Acade/gene-LOC142972359/gene-ND-49",152,"BP"
"GO:0015980","energy derivation by oxidation of organic compounds","108/3690","186/9658",0.580645161290323,1.51974822974036,5.62792806543903,2.44455348441313e-08,2.12273884849039e-06,1.90157271712244e-06,"gene-Akt/gene-ND-B17.2/gene-NP15.6/gene-ND-13A/gene-LOC142977612/gene-Atg16/gene-ND-ASHI/gene-ND-B18/gene-ND-ACP/gene-ND-B16.6/gene-ND-B12/gene-ox/gene-mTor/gene-Acadvl/gene-LOC142977913/gene-ND-B15/gene-LOC142980234/gene-LOC142977953/gene-LOC142975930/gene-LOC142984621/gene-LOC142984567/gene-ND-B17/gene-UQCR-Q/gene-cype/gene-LOC142975164/gene-Blos1/gene-ND-39/gene-LOC142981526/gene-ND-B14.5B/gene-ND-13B/gene-LOC142972730/gene-Sod2/gene-LOC142977652/gene-Atg1/gene-fh/gene-LOC142974129/gene-COX5A/gene-LOC142973869/gene-BmDJ-1beta/gene-FASN1/gene-ND-PDSW/gene-ND-B8/gene-ND-SGDH/gene-Cox11/gene-Ndufs8/gene-LOC142972461/gene-Uqcr11/gene-ND-MNLL/gene-Dbct/gene-LOC142980570/gene-OXA1L/gene-l(3)87Df/gene-ND-B22/gene-Cyt-c1/gene-ND-24/gene-ND-30/gene-ND-42/gene-LOC142977004/gene-DNApol-gamma35/gene-Pfk/gene-Coq9/gene-LOC142979424/gene-TOR1/gene-Uccr/gene-Surf1/gene-ND-18/gene-LOC142978549/gene-Pmi/gene-foxo/gene-HDAC6/gene-osi/gene-LOC142982435/gene-LOC142981333/gene-Atg17/gene-LOC142980539/gene-ScsbetaG/gene-LOC142984620/gene-Rim2/gene-LOC142987070/gene-Coq7/gene-Atg3/gene-LOC142972933/gene-TRAM/gene-LOC142982921/gene-Atg9/gene-LOC142974423/gene-SdhA/gene-LOC142981634/gene-Mcad/gene-LOC142981491/gene-sxc/gene-Sirt2/gene-CIA30/gene-D2hgdh/gene-Taz/gene-Gpo1/gene-LOC142987472/gene-Snf4agamma/gene-LOC142976034/gene-PhKgamma/gene-ScsbetaA/gene-kdn/gene-Nc73EF/gene-LOC142976639/gene-UQCR-C2/gene-GCS2alpha/gene-LOC142972359/gene-ND-49",108,"BP"
"GO:0071826","protein-RNA complex organization","115/3690","201/9658",0.572139303482587,1.49748547236716,5.6043032716027,2.71912882624298e-08,2.33165296850335e-06,2.08872027468507e-06,"gene-LOC142979247/gene-bel/gene-hfp/gene-SF1/gene-LOC142983263/gene-Sf3a1/gene-eIF4B/gene-mTor/gene-SNRPG/gene-LSm1/gene-Prp8/gene-RpL38/gene-sud1/gene-SmD2/gene-Prp39/gene-RpL24/gene-RpS17/gene-mRpS7/gene-RpL5/gene-rin/gene-eIF3a/gene-LOC142978680/gene-LOC142981658/gene-Sf3b1/gene-SF2/gene-RpS10b/gene-RpS27/gene-mbl/gene-mRpS11/gene-RpS2/gene-LOC142985465/gene-mRRF1/gene-Rnp4F/gene-DENR/gene-l(3)72Ab/gene-Dcr-1/gene-LOC142973667/gene-RpS28b/gene-RpL12/gene-LOC142976987/gene-LSm3/gene-TOR1/gene-spn-E/gene-SmE/gene-LOC142975423/gene-RpS15/gene-AGO1/gene-SmD1/gene-eIF1/gene-LOC142978461/gene-Dhc64C/gene-Prp31/gene-mRpL11/gene-MCTS1/gene-LOC142972841/gene-LOC142974425/gene-Prp3/gene-LOC142973376/gene-LOC142979085/gene-FBXO11/gene-icln/gene-LOC142975609/gene-RpS25/gene-holn1/gene-sip1/gene-SmB/gene-LOC142978385/gene-B52/gene-Edc3/gene-U2af50/gene-Ago2/gene-Prp6/gene-tud/gene-csul/gene-Setx/gene-Dim1/gene-U2A/gene-LOC142987394/gene-LOC142980839/gene-SmF/gene-Klc/gene-LOC142978391/gene-LOC142973375/gene-RpL11/gene-mle/gene-Nup98-96/gene-eIF2beta/gene-tapas/gene-roq/gene-wmd/gene-Bx42/gene-RpL10/gene-LOC142980055/gene-LOC142984719/gene-HPS4/gene-rictor/gene-RpL6/gene-Polr2D/gene-pelo/gene-Khc/gene-LOC142973125/gene-LOC142972521/gene-Usp39/gene-pix/gene-Cpsf6/gene-Non3/gene-RpS14/gene-LOC142974472/gene-LOC142976639/gene-LOC142974426/gene-fand/gene-mTerf3/gene-sta/gene-Cbp80/gene-aub",115,"BP"
"GO:0003954","NADH dehydrogenase activity","30/3690","36/9658",0.833333333333333,2.18112014453478,5.58254898193834,3.37907779156351e-08,2.86178687038589e-06,2.56362003211797e-06,"gene-ND-B17.2/gene-ND-13A/gene-LOC142977612/gene-ND-ASHI/gene-ND-B18/gene-ND-ACP/gene-ND-B16.6/gene-ND-B12/gene-LOC142977913/gene-ND-B15/gene-LOC142980234/gene-LOC142984567/gene-ND-B17/gene-ND-39/gene-ND-B14.5B/gene-ND-13B/gene-LOC142973869/gene-ND-PDSW/gene-ND-B8/gene-ND-SGDH/gene-Ndufs8/gene-ND-MNLL/gene-ND-B22/gene-ND-24/gene-ND-30/gene-ND-42/gene-ND-18/gene-LOC142987070/gene-LOC142981491/gene-ND-49",30,"MF"
"GO:0000377","RNA splicing, via transesterification reactions with bulged adenosine as nucleophile","149/3690","275/9658",0.541818181818182,1.41812466124661,5.53122294230079,3.68265201287384e-08,3.08085278150178e-06,2.75986167537323e-06,"gene-RpII215/gene-hfp/gene-SF1/gene-LOC142983263/gene-Sf3a1/gene-LOC142980900/gene-SNRPG/gene-mago/gene-Spx/gene-Cbp20/gene-LSm1/gene-yps/gene-Prp8/gene-SmD2/gene-spen/gene-l(1)G0007/gene-Prp39/gene-Rpb7/gene-Cdk12/gene-LOC142985114/gene-Zn72D/gene-rin/gene-LOC142984261/gene-LOC142978680/gene-Sf3b1/gene-SF2/gene-Rpb12/gene-ubl/gene-LOC142984803/gene-LOC142979577/gene-LOC142987276/gene-RpII33/gene-Sf3b6/gene-mbl/gene-LOC142985465/gene-nito/gene-Rnp4F/gene-cyp33/gene-l(3)72Ab/gene-Dcps/gene-LOC142983189/gene-LOC142978501/gene-LOC142978438/gene-Aptx/gene-LOC142976866/gene-LSm3/gene-Rpb11/gene-Bug22/gene-mub/gene-LOC142974964/gene-SmE/gene-LOC142972549/gene-LOC142976508/gene-HnRNP-K/gene-LOC142975423/gene-LOC142976459/gene-Smu1/gene-Sym/gene-LOC142978607/gene-Rpb8/gene-Hsc70-4/gene-Bin1/gene-LOC142978810/gene-SmD1/gene-LOC142987684/gene-Hel25E/gene-eIF4AIII/gene-Prp31/gene-pea/gene-ncm/gene-LOC142979341/gene-LOC142972841/gene-LSm7/gene-Prp3/gene-LOC142979085/gene-icln/gene-PQBP1/gene-LOC142981169/gene-snRNP-U1-70K/gene-LOC142975609/gene-holn1/gene-LOC142976358/gene-tsu/gene-sip1/gene-SmB/gene-B52/gene-obe/gene-LOC142972424/gene-U2af50/gene-Prp6/gene-Clp/gene-RpII15/gene-LOC142973783/gene-csul/gene-Setx/gene-Mtr4/gene-Dhx15/gene-LOC142973426/gene-sm/gene-sqd/gene-Dim1/gene-LOC142978561/gene-RpII18/gene-Sf3b5/gene-U2A/gene-SmF/gene-Srp54/gene-barc/gene-LOC142974104/gene-mle/gene-l(1)10Bb/gene-cactin/gene-Cdc5/gene-btz/gene-LOC142978777/gene-CPSF1/gene-wmd/gene-Bx42/gene-Srrm234/gene-Ars2/gene-Prp38/gene-abs/gene-LOC142979169/gene-Polr2D/gene-LOC142985529/gene-ecd/gene-Cdc27/gene-Rbmx2/gene-Sf3b3/gene-Cypl/gene-LOC142976794/gene-LOC142983847/gene-Phf5a/gene-Usp39/gene-ldbr/gene-Es2/gene-RpII140/gene-LOC142985976/gene-Pnn/gene-fand/gene-LOC142980210/gene-beag/gene-REG/gene-Spf45/gene-Psf/gene-LOC142979604/gene-Cbp80/gene-aub/gene-LOC142972462",149,"BP"
"GO:0040029","epigenetic regulation of gene expression","123/3690","219/9658",0.561643835616438,1.47001522070015,5.5321109048123,3.92530747435095e-08,3.24429027398163e-06,2.90627077175154e-06,"gene-bel/gene-LOC142972436/gene-Su(z)12/gene-nej/gene-LOC142975301/gene-Spt5/gene-MTA1-like/gene-Bap60/gene-Cbp20/gene-Upf1/gene-Spt6/gene-Ranbp21/gene-Tis11/gene-Rbfox1/gene-MRG15/gene-LOC142973132/gene-Top2/gene-trsn/gene-Sf3b1/gene-Rpb12/gene-LOC142987276/gene-osa/gene-LOC142973734/gene-tara/gene-Not1/gene-nito/gene-polybromo/gene-grp/gene-LOC142977989/gene-RpI135/gene-Dcr-1/gene-jing/gene-LOC142987440/gene-LOC142978501/gene-arm/gene-egg/gene-LOC142981452/gene-LOC142982670/gene-Usp7/gene-spn-E/gene-upSET/gene-Ack/gene-E(z)/gene-LOC142976459/gene-Rpb8/gene-Hsc70-4/gene-Smg6/gene-LOC142977695/gene-AGO1/gene-HDAC6/gene-Bin1/gene-jub/gene-eIF1/gene-LOC142974425/gene-LOC142984224/gene-LOC142986486/gene-FBXO11/gene-Pp2C1/gene-LOC142975609/gene-gw/gene-e(y)3/gene-Ubr1/gene-LOC142980860/gene-l(3)mbt/gene-LOC142985107/gene-Ago2/gene-Wbp2/gene-RpI12/gene-wech/gene-RpII18/gene-qin/gene-LOC142980839/gene-LOC142975011/gene-HDAC4/gene-LOC142978391/gene-Sirt2/gene-PH/gene-mle/gene-drosha/gene-Polr1C/gene-LOC142973507/gene-Hmt4-20/gene-LOC142972469/gene-Rrp6/gene-LOC142975305/gene-ash1/gene-LOC142982946/gene-Ars2/gene-Gas41/gene-Tlk/gene-LOC142979371/gene-LOC142975866/gene-HPS4/gene-Gyf/gene-tna/gene-LOC142984108/gene-wge/gene-pelo/gene-Khc/gene-LOC142981050/gene-Unr/gene-Tbp/gene-Dnmt1/gene-Polr1F/gene-PHO/gene-LOC142976794/gene-LOC142981593/gene-LOC142983442/gene-LOC142986113/gene-glu/gene-pcm/gene-Caf1-55/gene-scf/gene-Sce/gene-LOC142983803/gene-Smox/gene-LOC142985452/gene-LOC142974426/gene-Iswi/gene-Pcl/gene-LOC142987181/gene-Cbp80/gene-aub",123,"BP"
"GO:0006612","protein targeting to membrane","63/3690","96/9658",0.65625,1.71763211382114,5.55626567355096,4.29342554205832e-08,3.50629752601429e-06,3.14097973866372e-06,"gene-app/gene-RpLP0/gene-RpS11/gene-RpL13/gene-aPKC/gene-RpL38/gene-RpL24/gene-RpL36A/gene-RpL37-1/gene-RpL29/gene-Sec61beta/gene-Pex3/gene-RpL14/gene-RpL31/gene-RpS10b/gene-RpS7/gene-Srp9/gene-RpL37A/gene-RpS12/gene-RpS2/gene-l(1)G0320/gene-boca/gene-Rabex-5/gene-RpL34/gene-RpLP1/gene-LOC142973667/gene-RpS28b/gene-RpL12/gene-RpL19/gene-RpL22/gene-RpS30/gene-RpS8/gene-RpL23/gene-MICAL-like/gene-RpL27/gene-Pex5/gene-SsRbeta/gene-RpS21/gene-RpS29/gene-baz/gene-Rep/gene-Rab8/gene-RpL13A/gene-RpS25/gene-Atg3/gene-LOC142987720/gene-RpL28/gene-LOC142984893/gene-RpL15/gene-Trp1/gene-RpS3A/gene-RpL11/gene-RpL32/gene-RpL10/gene-RpL21/gene-RpL6/gene-RpS3/gene-LOC142980612/gene-RpL7/gene-RpS14/gene-Atg4a/gene-RpS20/gene-sta",63,"BP"
"GO:0000375","RNA splicing, via transesterification reactions","150/3690","279/9658",0.537634408602151,1.40717428679663,5.4265532570062,6.43427369298855e-08,5.17984340726767e-06,4.64016047439445e-06,"gene-RpII215/gene-hfp/gene-SF1/gene-LOC142983263/gene-Sf3a1/gene-LOC142980900/gene-SNRPG/gene-mago/gene-Spx/gene-Cbp20/gene-LSm1/gene-yps/gene-Prp8/gene-SmD2/gene-spen/gene-l(1)G0007/gene-Prp39/gene-Rpb7/gene-Cdk12/gene-LOC142985114/gene-Psi/gene-Zn72D/gene-rin/gene-LOC142984261/gene-LOC142978680/gene-Sf3b1/gene-SF2/gene-Rpb12/gene-ubl/gene-LOC142984803/gene-LOC142979577/gene-LOC142987276/gene-RpII33/gene-Sf3b6/gene-mbl/gene-LOC142985465/gene-nito/gene-Rnp4F/gene-cyp33/gene-l(3)72Ab/gene-Dcps/gene-LOC142983189/gene-LOC142978501/gene-LOC142978438/gene-Aptx/gene-LOC142976866/gene-LSm3/gene-Rpb11/gene-Bug22/gene-mub/gene-LOC142974964/gene-SmE/gene-LOC142972549/gene-LOC142976508/gene-HnRNP-K/gene-LOC142975423/gene-LOC142976459/gene-Smu1/gene-Sym/gene-LOC142978607/gene-Rpb8/gene-Hsc70-4/gene-Bin1/gene-LOC142978810/gene-SmD1/gene-LOC142987684/gene-Hel25E/gene-eIF4AIII/gene-Prp31/gene-pea/gene-ncm/gene-LOC142979341/gene-LOC142972841/gene-LSm7/gene-Prp3/gene-LOC142979085/gene-icln/gene-PQBP1/gene-LOC142981169/gene-snRNP-U1-70K/gene-LOC142975609/gene-holn1/gene-LOC142976358/gene-tsu/gene-sip1/gene-SmB/gene-B52/gene-obe/gene-LOC142972424/gene-U2af50/gene-Prp6/gene-Clp/gene-RpII15/gene-LOC142973783/gene-csul/gene-Setx/gene-Mtr4/gene-Dhx15/gene-LOC142973426/gene-sm/gene-sqd/gene-Dim1/gene-LOC142978561/gene-RpII18/gene-Sf3b5/gene-U2A/gene-SmF/gene-Srp54/gene-barc/gene-LOC142974104/gene-mle/gene-l(1)10Bb/gene-cactin/gene-Cdc5/gene-btz/gene-LOC142978777/gene-CPSF1/gene-wmd/gene-Bx42/gene-Srrm234/gene-Ars2/gene-Prp38/gene-abs/gene-LOC142979169/gene-Polr2D/gene-LOC142985529/gene-ecd/gene-Cdc27/gene-Rbmx2/gene-Sf3b3/gene-Cypl/gene-LOC142976794/gene-LOC142983847/gene-Phf5a/gene-Usp39/gene-ldbr/gene-Es2/gene-RpII140/gene-LOC142985976/gene-Pnn/gene-fand/gene-LOC142980210/gene-beag/gene-REG/gene-Spf45/gene-Psf/gene-LOC142979604/gene-Cbp80/gene-aub/gene-LOC142972462",150,"BP"
"GO:0090150","establishment of protein localization to membrane","91/3690","153/9658",0.594771241830065,1.55672104433463,5.45792023699398,6.49368123943177e-08,5.17984340726767e-06,4.64016047439445e-06,"gene-RpLP0/gene-LOC142987685/gene-RpS11/gene-LOC142986676/gene-RpL13/gene-aPKC/gene-RpL38/gene-LOC142974540/gene-Egfr/gene-LOC142974750/gene-RpL24/gene-Tim9a/gene-RpL36A/gene-RpL37-1/gene-RpL29/gene-Sec61beta/gene-Pex3/gene-RpL14/gene-RpL31/gene-RpS10b/gene-LOC142977347/gene-RpS7/gene-Srp9/gene-Sec71/gene-RpL37A/gene-RpS12/gene-mge/gene-RpS2/gene-l(1)G0320/gene-Dlc90F/gene-boca/gene-LOC142981532/gene-LOC142983192/gene-Rabex-5/gene-RpL34/gene-RpLP1/gene-LOC142979342/gene-LOC142973667/gene-RpS28b/gene-RpL12/gene-RpL19/gene-RpL22/gene-RpS30/gene-LOC142982535/gene-RpS8/gene-RpL23/gene-MICAL-like/gene-RpL27/gene-Pex5/gene-SsRbeta/gene-RpS21/gene-RpS29/gene-baz/gene-Arf79F/gene-Rep/gene-Tim10/gene-Rab8/gene-Npc1a/gene-RpL13A/gene-RpS25/gene-LOC142984806/gene-LOC142979983/gene-Atg3/gene-LOC142976149/gene-LOC142987720/gene-RpL28/gene-RpL15/gene-Trp1/gene-Sec5/gene-Rab3GAP1/gene-RpS3A/gene-RpL11/gene-Tim23/gene-Vamp7/gene-CLIP-190/gene-RpL32/gene-RpL10/gene-RpL21/gene-RpL6/gene-RpS3/gene-LOC142980612/gene-RpL7/gene-Sys1/gene-LOC142974657/gene-RpS14/gene-raf/gene-Atg4a/gene-RpS20/gene-Mulk/gene-Rab26/gene-sta",91,"BP"
"GO:0009123","nucleoside monophosphate metabolic process","114/3690","202/9658",0.564356435643564,1.47711502857603,5.38846344599828,8.66021385588122e-08,6.82862839670634e-06,6.11716013195821e-06,"gene-ND-B17.2/gene-ND-13A/gene-LOC142977612/gene-ND-ASHI/gene-ND-B18/gene-ND-ACP/gene-TER94/gene-ND-B16.6/gene-ND-B12/gene-ox/gene-LOC142977913/gene-sun/gene-ATPsynF/gene-ND-B15/gene-LOC142980234/gene-CLS/gene-LOC142977953/gene-ATPsynE/gene-LOC142975930/gene-ATPsynG/gene-LOC142980673/gene-LOC142984621/gene-Stoml2/gene-LOC142984567/gene-ND-B17/gene-UQCR-Q/gene-cype/gene-ND-39/gene-LOC142981526/gene-ND-B14.5B/gene-ND-13B/gene-ATPsynO/gene-ATPsynCF6/gene-LOC142979187/gene-fh/gene-LOC142974129/gene-COX5A/gene-LOC142973869/gene-BmDJ-1beta/gene-ND-PDSW/gene-ND-B8/gene-ND-SGDH/gene-LOC142976110/gene-Ndufs8/gene-Uqcr11/gene-ATPsynD/gene-ND-MNLL/gene-LOC142980570/gene-sdt/gene-Apf/gene-ND-B22/gene-Cyt-c1/gene-ND-24/gene-ND-30/gene-ND-42/gene-Nt5b/gene-ATPsynB/gene-LOC142977004/gene-Pfk/gene-Coq9/gene-LOC142987190/gene-LOC142979424/gene-Uccr/gene-Surf1/gene-wal/gene-bur/gene-ATPsyndelta/gene-ND-18/gene-Pmi/gene-LOC142981749/gene-LOC142982435/gene-pyd/gene-zip/gene-LOC142984620/gene-Aps/gene-LOC142973569/gene-LOC142987070/gene-Paics/gene-Coq7/gene-Mpi/gene-Pglym/gene-LOC142972933/gene-TRAM/gene-Etfb/gene-Ak2/gene-LOC142982921/gene-Pgk/gene-LOC142981212/gene-Pfrx/gene-SdhA/gene-Gart/gene-LOC142981491/gene-LOC142981472/gene-CIA30/gene-Taz/gene-LOC142987472/gene-Snf4agamma/gene-Tpi/gene-LOC142976034/gene-LOC142983063/gene-vari/gene-Khc/gene-Dak1/gene-Shmt/gene-r-l/gene-blw/gene-Pfas/gene-UQCR-C2/gene-l(2)k01209/gene-LOC142972287/gene-spel1/gene-ATPsynC/gene-ND-49/gene-Prps",114,"BP"
"GO:0016655","oxidoreductase activity, acting on NAD(P)H, quinone or similar compound as acceptor","27/3690","32/9658",0.84375,2.20838414634146,5.38365189572548,1.01323231597051e-07,7.89860646313371e-06,7.07565820650217e-06,"gene-ND-B17.2/gene-ND-13A/gene-LOC142977612/gene-ND-ASHI/gene-ND-B18/gene-ND-ACP/gene-ND-B12/gene-LOC142977913/gene-Dhrs4/gene-LOC142984567/gene-ND-39/gene-ND-13B/gene-LOC142973869/gene-ND-PDSW/gene-ND-B8/gene-ND-SGDH/gene-Ndufs8/gene-LOC142974820/gene-ND-B22/gene-ND-24/gene-ND-30/gene-ND-42/gene-ND-18/gene-LOC142987070/gene-LOC142981491/gene-LOC142974821/gene-ND-49",27,"MF"
"GO:0008380","RNA splicing","160/3690","303/9658",0.528052805280528,1.38209593317055,5.31363507715065,1.13963320559292e-07,8.78413909030051e-06,7.8689280357794e-06,"gene-RpII215/gene-hfp/gene-SF1/gene-LOC142983263/gene-Sf3a1/gene-LOC142980900/gene-SNRPG/gene-mago/gene-Archease/gene-Spx/gene-Cbp20/gene-LOC142983616/gene-LSm1/gene-yps/gene-Prp8/gene-SmD2/gene-spen/gene-l(1)G0007/gene-Rbfox1/gene-Prp39/gene-Rpb7/gene-Cdk12/gene-LOC142985114/gene-Psi/gene-Zn72D/gene-rin/gene-LOC142984261/gene-LOC142978680/gene-Sf3b1/gene-SF2/gene-Rpb12/gene-ubl/gene-LOC142984803/gene-LOC142979577/gene-LOC142987276/gene-RpII33/gene-Sf3b6/gene-mbl/gene-LOC142985465/gene-nito/gene-Rnp4F/gene-cyp33/gene-l(3)72Ab/gene-Dcps/gene-LOC142983189/gene-LOC142978501/gene-LOC142978438/gene-LOC142974308/gene-Aptx/gene-LOC142976866/gene-LSm3/gene-Rpb11/gene-Bug22/gene-mub/gene-LOC142974964/gene-SmE/gene-LOC142972549/gene-LOC142976508/gene-HnRNP-K/gene-LOC142975423/gene-LOC142976459/gene-Smu1/gene-Sym/gene-LOC142978607/gene-Rpb8/gene-Hsc70-4/gene-Bin1/gene-LOC142978810/gene-SmD1/gene-LOC142987684/gene-Hel25E/gene-eIF4AIII/gene-Prp31/gene-pea/gene-ncm/gene-LOC142979341/gene-LOC142972841/gene-LSm7/gene-Prp3/gene-LOC142979085/gene-icln/gene-PQBP1/gene-LOC142981169/gene-snRNP-U1-70K/gene-LOC142975609/gene-RagC-D/gene-holn1/gene-LOC142976358/gene-tsu/gene-sip1/gene-SmB/gene-B52/gene-obe/gene-LOC142972424/gene-U2af50/gene-Prp6/gene-Clp/gene-RpII15/gene-LOC142973783/gene-csul/gene-Setx/gene-Mtr4/gene-Dhx15/gene-LOC142973426/gene-sm/gene-sqd/gene-Dim1/gene-LOC142978561/gene-RpII18/gene-Sf3b5/gene-U2A/gene-SmF/gene-Srp54/gene-barc/gene-LOC142974104/gene-mle/gene-l(1)10Bb/gene-cactin/gene-Cdc5/gene-btz/gene-LOC142978777/gene-Dbp80/gene-CPSF1/gene-wmd/gene-Bx42/gene-Srrm234/gene-Ars2/gene-Prp38/gene-abs/gene-LOC142976465/gene-LOC142979169/gene-Polr2D/gene-LOC142985529/gene-ecd/gene-Cdc27/gene-LOC142974651/gene-Rbmx2/gene-Sf3b3/gene-Cypl/gene-LOC142976794/gene-LOC142983847/gene-Phf5a/gene-Usp39/gene-ldbr/gene-Es2/gene-RpII140/gene-LOC142985976/gene-Pnn/gene-Tsen34/gene-fand/gene-LOC142980210/gene-beag/gene-REG/gene-mTerf3/gene-Spf45/gene-Psf/gene-LOC142979604/gene-Cbp80/gene-aub/gene-LOC142972462",160,"BP"
"GO:0016604","nuclear body","202/3690","398/9658",0.507537688442211,1.32840081164631,5.2609013242565,1.3899682701252e-07,1.05946470367321e-05,9.49080089004784e-06,"gene-Mi-2/gene-bel/gene-Su(z)12/gene-nej/gene-SF1/gene-LOC142983263/gene-Sf3a1/gene-Fmr1/gene-LOC142982543/gene-Glob1/gene-Spt6/gene-Snoo/gene-G9a/gene-SA1/gene-cbt/gene-Fas2/gene-Cdk12/gene-MRG15/gene-dom/gene-enok/gene-nhr/gene-mus101/gene-LOC142984322/gene-scrib/gene-LOC142983557/gene-LOC142984261/gene-LOC142981658/gene-Sf3b1/gene-SF2/gene-BmDJ-1beta/gene-LOC142977327/gene-Klp10A/gene-LOC142979577/gene-LOC142987276/gene-Abl/gene-Drak/gene-MED7/gene-LOC142986766/gene-cry2/gene-Noc3/gene-nito/gene-Fak/gene-Rnp4F/gene-CSN4/gene-YME1L/gene-cyp33/gene-tgo/gene-l(2)k14505/gene-ND-30/gene-ari-1/gene-bcn92/gene-LOC142978501/gene-LOC142978438/gene-LOC142983859/gene-TyrRS/gene-Zpr1/gene-LOC142977276/gene-dbo/gene-Hakai/gene-LOC142972549/gene-yem/gene-HnRNP-K/gene-LOC142975423/gene-LOC142976459/gene-TppII/gene-Smu1/gene-Sym/gene-LOC142978607/gene-LOC142980064/gene-tai/gene-thoc6/gene-AGO1/gene-Bin1/gene-SMC5/gene-LOC142978810/gene-LOC142987454/gene-RMI1/gene-LOC142987684/gene-Smurf/gene-mop/gene-Hel25E/gene-Prp31/gene-pea/gene-INTS7/gene-ncm/gene-Tcs3/gene-LOC142974425/gene-Prp3/gene-Rab8/gene-Set1/gene-LOC142979741/gene-PQBP1/gene-LOC142974632/gene-Rchy1/gene-LOC142975609/gene-Nab2/gene-holn1/gene-LOC142973990/gene-tsu/gene-sip1/gene-LOC142987720/gene-SmB/gene-B52/gene-Mef2/gene-Gata-beta/gene-LOC142980720/gene-U2af50/gene-LOC142976085/gene-LOC142980456/gene-Prp6/gene-Setx/gene-LOC142976150/gene-Blm/gene-rdx/gene-Dhx15/gene-Nop60B/gene-sqd/gene-cno/gene-Mcad/gene-U2A/gene-LOC142979763/gene-Srp54/gene-HDAC4/gene-LOC142980509/gene-Tnks/gene-Fib/gene-mle/gene-Nup98-96/gene-LOC142977702/gene-cactin/gene-LOC142980072/gene-Gar1/gene-Cdc5/gene-LOC142984495/gene-LOC142972469/gene-Hipk/gene-mnb/gene-conu/gene-bchs/gene-LOC142984031/gene-Poldip3/gene-LOC142985589/gene-thoc7/gene-LOC142982223/gene-Bx42/gene-LOC142981992/gene-nbs/gene-Srrm234/gene-bbg/gene-Ars2/gene-Su(var)2-10/gene-LOC142984719/gene-TyrRS-m/gene-LOC142974095/gene-REPTOR-BP/gene-Ino80/gene-LOC142979169/gene-Polr2D/gene-LOC142985529/gene-LOC142974714/gene-Hpr1/gene-REPTOR/gene-da/gene-flfl/gene-LOC142976794/gene-Fbxl4/gene-LOC142978730/gene-glu/gene-Phf5a/gene-Nop10/gene-Cpsf6/gene-spn-A/gene-rno/gene-Su(Tpl)/gene-LOC142986182/gene-LOC142976782/gene-Fibp/gene-raf/gene-LOC142978875/gene-DppIII/gene-mh/gene-LOC142978465/gene-Pnn/gene-LOC142974426/gene-LOC142975877/gene-Ogg1/gene-YL-1/gene-AMPKalpha/gene-LOC142980210/gene-beag/gene-pico/gene-LOC142979948/gene-eya/gene-Ns3/gene-Psf/gene-LOC142972602/gene-Son/gene-wda/gene-LOC142987341/gene-LOC142972901/gene-LOC142987885/gene-LOC142972462",202,"CC"
"GO:0015931","nucleobase-containing compound transport","102/3690","178/9658",0.573033707865168,1.49982643646661,5.29230599725287,1.48507931076365e-07,1.11952132657567e-05,1.00287946977885e-05,"gene-Sir-1/gene-Fmr1/gene-mago/gene-SERCA/gene-Sap-r/gene-Cbp20/gene-Upf1/gene-mRpL18/gene-l(1)G0007/gene-Ranbp21/gene-Rbfox1/gene-LOC142978250/gene-Chc/gene-Trs20/gene-nonC/gene-LOC142981658/gene-SF2/gene-RASSF8/gene-LOC142979577/gene-Pi3K59F/gene-Nup154/gene-LOC142984096/gene-w/gene-nito/gene-eEF5/gene-Tsc1/gene-Dcr-1/gene-LOC142987440/gene-Ran/gene-LOC142974308/gene-Nup205/gene-LOC142981302/gene-LOC142976459/gene-Sym/gene-LOC142985268/gene-thoc6/gene-Smg6/gene-Cog2/gene-Nup188/gene-stau/gene-Dhc64C/gene-Hel25E/gene-eIF4AIII/gene-LOC142978249/gene-Rim2/gene-LOC142981688/gene-LOC142974928/gene-LOC142985954/gene-tsu/gene-Ant/gene-Mat89Ba/gene-B52/gene-U2af50/gene-Ago2/gene-Clp/gene-LOC142973783/gene-LOC142975214/gene-sqd/gene-xmas/gene-tho2/gene-Bet3/gene-Srp54/gene-RanBP3/gene-Nup98-96/gene-btz/gene-Dbp80/gene-CPSF1/gene-Ent2/gene-LOC142973202/gene-Flo1/gene-Poldip3/gene-thoc7/gene-LOC142982223/gene-Nup54/gene-Ugalt/gene-Polr2D/gene-LOC142981689/gene-Khc/gene-Hpr1/gene-Dlic/gene-lt/gene-Rbmx2/gene-Gmer/gene-LOC142976794/gene-La/gene-LOC142980967/gene-pix/gene-Sir-3/gene-LOC142977643/gene-Nmd3/gene-meigo/gene-PNPase/gene-Papst2/gene-drongo/gene-Nup43/gene-nac/gene-LOC142986199/gene-Ns3/gene-sta/gene-Phax/gene-Nup133/gene-Cbp80",102,"BP"
"GO:0050658","RNA transport","91/3690","155/9658",0.587096774193548,1.53663432118192,5.29582738605096,1.516961479704e-07,1.13112562508363e-05,1.01327472751853e-05,"gene-Sir-1/gene-Fmr1/gene-mago/gene-Sap-r/gene-Cbp20/gene-Upf1/gene-mRpL18/gene-l(1)G0007/gene-Ranbp21/gene-Rbfox1/gene-Chc/gene-Trs20/gene-nonC/gene-LOC142981658/gene-SF2/gene-RASSF8/gene-LOC142979577/gene-Pi3K59F/gene-Nup154/gene-LOC142984096/gene-nito/gene-eEF5/gene-Tsc1/gene-Dcr-1/gene-LOC142987440/gene-Ran/gene-LOC142974308/gene-LOC142984729/gene-Nup205/gene-LOC142981302/gene-LOC142976459/gene-Sym/gene-LOC142985268/gene-thoc6/gene-Smg6/gene-Cog2/gene-Nup188/gene-stau/gene-Dhc64C/gene-Hel25E/gene-eIF4AIII/gene-LOC142978249/gene-LOC142981688/gene-LOC142974928/gene-LOC142985954/gene-tsu/gene-Mat89Ba/gene-B52/gene-U2af50/gene-Ago2/gene-Clp/gene-LOC142973783/gene-LOC142975214/gene-sqd/gene-xmas/gene-tho2/gene-Bet3/gene-Srp54/gene-RanBP3/gene-Nup98-96/gene-btz/gene-Dbp80/gene-CPSF1/gene-LOC142973202/gene-Flo1/gene-Poldip3/gene-thoc7/gene-LOC142982223/gene-Nup54/gene-Polr2D/gene-LOC142981689/gene-Khc/gene-Hpr1/gene-Dlic/gene-lt/gene-Rbmx2/gene-Gmer/gene-LOC142976794/gene-La/gene-LOC142980967/gene-pix/gene-Sir-3/gene-Nmd3/gene-PNPase/gene-drongo/gene-Nup43/gene-Ns3/gene-sta/gene-Phax/gene-Nup133/gene-Cbp80",91,"BP"
"GO:0009141","nucleoside triphosphate metabolic process","108/3690","191/9658",0.565445026178011,1.47996424466862,5.26792122559494,1.65073057593327e-07,1.20412432095178e-05,1.0786677590481e-05,"gene-ND-B17.2/gene-ND-13A/gene-LOC142977612/gene-ND-ASHI/gene-ND-B18/gene-ND-ACP/gene-TER94/gene-ND-B16.6/gene-ND-B12/gene-ox/gene-LOC142977913/gene-sun/gene-ATPsynF/gene-ND-B15/gene-LOC142980234/gene-CLS/gene-LOC142977953/gene-ATPsynE/gene-LOC142975930/gene-ATPsynG/gene-LOC142980673/gene-LOC142984621/gene-Stoml2/gene-LOC142984567/gene-ND-B17/gene-UQCR-Q/gene-cype/gene-ND-39/gene-Rho1/gene-LOC142981526/gene-ND-B14.5B/gene-ND-13B/gene-ATPsynO/gene-ATPsynCF6/gene-LOC142979187/gene-fh/gene-LOC142974129/gene-COX5A/gene-LOC142973869/gene-BmDJ-1beta/gene-ND-PDSW/gene-ND-B8/gene-ND-SGDH/gene-LOC142976110/gene-Ndufs8/gene-awd/gene-Uqcr11/gene-ATPsynD/gene-ND-MNLL/gene-LOC142980570/gene-Apf/gene-ND-B22/gene-Cyt-c1/gene-ND-24/gene-ND-30/gene-ND-42/gene-ATPsynB/gene-LOC142977004/gene-Pfk/gene-Coq9/gene-LOC142979424/gene-Uccr/gene-Surf1/gene-wal/gene-ATPsyndelta/gene-ND-18/gene-Pmi/gene-LOC142981749/gene-LOC142982435/gene-LOC142987259/gene-zip/gene-LOC142984620/gene-LOC142987070/gene-Coq7/gene-Mpi/gene-Pglym/gene-LOC142972933/gene-rudimentary/gene-TRAM/gene-Etfb/gene-Nfs1/gene-Ak2/gene-LOC142982921/gene-Pgk/gene-LOC142981212/gene-Pfrx/gene-Ctps/gene-SdhA/gene-Uba4/gene-LOC142981491/gene-LOC142981472/gene-CIA30/gene-Taz/gene-LOC142987472/gene-Snf4agamma/gene-Tpi/gene-LOC142976034/gene-LOC142983063/gene-LOC142979808/gene-Khc/gene-LOC142979173/gene-Dak1/gene-blw/gene-UQCR-C2/gene-LOC142972287/gene-spel1/gene-ATPsynC/gene-ND-49",108,"BP"
"GO:0019787","ubiquitin-like protein transferase activity","108/3690","191/9658",0.565445026178011,1.47996424466862,5.26792122559494,1.65073057593327e-07,1.20412432095178e-05,1.0786677590481e-05,"gene-sip3/gene-Cnot4/gene-Atg16/gene-Kcmf1/gene-Trc8/gene-Pex2/gene-Ufc1/gene-hyd/gene-m-cup/gene-LOC142980206/gene-LOC142974739/gene-LOC142978267/gene-Taf1/gene-Cul3/gene-ctrip/gene-LOC142975717/gene-Fbl6/gene-LOC142981655/gene-Ube4A/gene-Nedd4/gene-mib1/gene-Uba3/gene-LOC142976389/gene-LOC142972497/gene-poe/gene-LOC142972233/gene-Rabex-5/gene-LOC142987404/gene-LOC142987539/gene-ari-1/gene-Ubc10/gene-LOC142982437/gene-dbo/gene-Hakai/gene-gus/gene-Ube4B/gene-HERC2/gene-UbcE2H/gene-SkpA/gene-unk/gene-Smurf/gene-LOC142981372/gene-Cdc16/gene-LOC142983499/gene-LOC142980432/gene-Uev1A/gene-Pex10/gene-eff/gene-LOC142979741/gene-FBXO11/gene-Mrgn1/gene-Rchy1/gene-Su(dx)/gene-LOC142976045/gene-Atg3/gene-Ubr1/gene-Cul1/gene-Tsp26A/gene-Ufd4/gene-LOC142976150/gene-mio/gene-LOC142980886/gene-LOC142976476/gene-wech/gene-shtd/gene-Ubc7/gene-qin/gene-HDAC4/gene-LOC142974104/gene-LOC142978166/gene-APC10/gene-tn/gene-LOC142977702/gene-roq/gene-ago/gene-Iap/gene-Bruce/gene-Ufl1/gene-Ube3a/gene-Su(var)2-10/gene-LOC142984509/gene-Ltn1/gene-LOC142983145/gene-gzl/gene-Diap2/gene-LOC142978434/gene-LOC142974714/gene-Cdc27/gene-elgi/gene-LOC142979027/gene-Fbxl4/gene-LOC142986697/gene-Ubr3/gene-Ubc4/gene-Pli/gene-dnr1/gene-Bre1/gene-rno/gene-morula/gene-LOC142975219/gene-LOC142985567/gene-Vps11/gene-LOC142973251/gene-Hecw/gene-bon/gene-LOC142974238/gene-LOC142972211/gene-UbcE2M",108,"MF"
"GO:0000398","mRNA splicing, via spliceosome","149/3690","280/9658",0.532142857142857,1.39280100658149,5.24464847900678,1.66751910335888e-07,1.20412432095178e-05,1.0786677590481e-05,"gene-RpII215/gene-hfp/gene-SF1/gene-LOC142983263/gene-Sf3a1/gene-LOC142980900/gene-SNRPG/gene-mago/gene-Spx/gene-Cbp20/gene-LSm1/gene-yps/gene-Prp8/gene-SmD2/gene-spen/gene-l(1)G0007/gene-Prp39/gene-Rpb7/gene-Cdk12/gene-LOC142985114/gene-Zn72D/gene-rin/gene-LOC142984261/gene-LOC142978680/gene-Sf3b1/gene-SF2/gene-Rpb12/gene-ubl/gene-LOC142984803/gene-LOC142979577/gene-LOC142987276/gene-RpII33/gene-Sf3b6/gene-mbl/gene-LOC142985465/gene-nito/gene-Rnp4F/gene-cyp33/gene-l(3)72Ab/gene-Dcps/gene-LOC142983189/gene-LOC142978501/gene-LOC142978438/gene-Aptx/gene-LOC142976866/gene-LSm3/gene-Rpb11/gene-Bug22/gene-mub/gene-LOC142974964/gene-SmE/gene-LOC142972549/gene-LOC142976508/gene-HnRNP-K/gene-LOC142975423/gene-LOC142976459/gene-Smu1/gene-Sym/gene-LOC142978607/gene-Rpb8/gene-Hsc70-4/gene-Bin1/gene-LOC142978810/gene-SmD1/gene-LOC142987684/gene-Hel25E/gene-eIF4AIII/gene-Prp31/gene-pea/gene-ncm/gene-LOC142979341/gene-LOC142972841/gene-LSm7/gene-Prp3/gene-LOC142979085/gene-icln/gene-PQBP1/gene-LOC142981169/gene-snRNP-U1-70K/gene-LOC142975609/gene-holn1/gene-LOC142976358/gene-tsu/gene-sip1/gene-SmB/gene-B52/gene-obe/gene-LOC142972424/gene-U2af50/gene-Prp6/gene-Clp/gene-RpII15/gene-LOC142973783/gene-csul/gene-Setx/gene-Mtr4/gene-Dhx15/gene-LOC142973426/gene-sm/gene-sqd/gene-Dim1/gene-LOC142978561/gene-RpII18/gene-Sf3b5/gene-U2A/gene-SmF/gene-Srp54/gene-barc/gene-LOC142974104/gene-mle/gene-l(1)10Bb/gene-cactin/gene-Cdc5/gene-btz/gene-LOC142978777/gene-CPSF1/gene-wmd/gene-Bx42/gene-Srrm234/gene-Ars2/gene-Prp38/gene-abs/gene-LOC142979169/gene-Polr2D/gene-LOC142985529/gene-ecd/gene-Cdc27/gene-Rbmx2/gene-Sf3b3/gene-Cypl/gene-LOC142976794/gene-LOC142983847/gene-Phf5a/gene-Usp39/gene-ldbr/gene-Es2/gene-RpII140/gene-LOC142985976/gene-Pnn/gene-fand/gene-LOC142980210/gene-beag/gene-REG/gene-Spf45/gene-Psf/gene-LOC142979604/gene-Cbp80/gene-aub/gene-LOC142972462",149,"BP"
"GO:0022625","cytosolic large ribosomal subunit","39/3690","53/9658",0.735849056603774,1.92597024083448,5.31503551898609,1.68861722578193e-07,1.20665772592334e-05,1.08093721097751e-05,"gene-RpLP0/gene-Fmr1/gene-RpL13/gene-RpL38/gene-RpL30/gene-RpL9/gene-RpLP2/gene-RpL24/gene-RpL26/gene-RpL5/gene-RpL36A/gene-RpL37-1/gene-RpL29/gene-RpL14/gene-RpL31/gene-RpL35/gene-RpL39/gene-RpL37A/gene-RpS12/gene-RpL34/gene-RpLP1/gene-LOC142973667/gene-RpL12/gene-RpL19/gene-RpL22/gene-RpL23/gene-RpL8/gene-RpL27A/gene-RpL27/gene-RpL40/gene-RpL13A/gene-RpL28/gene-RpL15/gene-RpL11/gene-RpL32/gene-RpL10/gene-RpL21/gene-RpL6/gene-RpL7",39,"CC"
"GO:0006397","mRNA processing","177/3690","343/9658",0.516034985422741,1.3506411623883,5.19922269038058,1.9904152566483e-07,1.40765450109354e-05,1.26099232428788e-05,"gene-RpII215/gene-hfp/gene-SF1/gene-LOC142983263/gene-Sf3a1/gene-Spt5/gene-LOC142980900/gene-SNRPG/gene-mago/gene-Spx/gene-Cbp20/gene-LSm1/gene-yps/gene-Prp8/gene-SmD2/gene-spen/gene-l(1)G0007/gene-Prp39/gene-Rpb7/gene-Cdk12/gene-LOC142985114/gene-hrg/gene-Psi/gene-Zn72D/gene-rin/gene-LOC142984261/gene-Ssu72/gene-LOC142978680/gene-Sf3b1/gene-SF2/gene-Rpb12/gene-ubl/gene-LOC142984803/gene-LOC142979577/gene-LOC142987276/gene-RpII33/gene-Sf3b6/gene-mbl/gene-LOC142985465/gene-LOC142976245/gene-nito/gene-Rnp4F/gene-cyp33/gene-l(3)72Ab/gene-Dcps/gene-LOC142983189/gene-LOC142978501/gene-LOC142978438/gene-Aptx/gene-LOC142976866/gene-LSm3/gene-Rpb11/gene-Bug22/gene-mub/gene-LOC142974964/gene-SmE/gene-LOC142972549/gene-LOC142976508/gene-HnRNP-K/gene-LOC142975423/gene-LOC142976459/gene-Smu1/gene-Sym/gene-LOC142978607/gene-Rpb8/gene-Hsc70-4/gene-thoc6/gene-Bin1/gene-LOC142978810/gene-SmD1/gene-LOC142987684/gene-Hel25E/gene-eIF4AIII/gene-Prp31/gene-pea/gene-ncm/gene-LOC142979341/gene-LOC142972841/gene-LOC142983092/gene-LSm7/gene-Prp3/gene-LOC142979085/gene-icln/gene-PQBP1/gene-LOC142981169/gene-snRNP-U1-70K/gene-hay/gene-LOC142975609/gene-holn1/gene-Tfb1/gene-LOC142976358/gene-tsu/gene-sip1/gene-Fip1/gene-SmB/gene-B52/gene-obe/gene-LOC142972424/gene-U2af50/gene-Prp6/gene-Clp/gene-RpII15/gene-LOC142973783/gene-csul/gene-Setx/gene-Mtr4/gene-Dhx15/gene-LOC142973426/gene-sm/gene-sqd/gene-Tfb5/gene-Dim1/gene-LOC142978561/gene-RpII18/gene-Sf3b5/gene-U2A/gene-SmF/gene-tho2/gene-Srp54/gene-barc/gene-LOC142974104/gene-mle/gene-l(1)10Bb/gene-cactin/gene-Cdc5/gene-btz/gene-LOC142978777/gene-Rrp6/gene-IntS9/gene-CPSF1/gene-LOC142973986/gene-Poldip3/gene-wmd/gene-thoc7/gene-LOC142982223/gene-Bx42/gene-Srrm234/gene-Ars2/gene-LOC142978101/gene-Prp38/gene-abs/gene-LOC142979169/gene-Polr2D/gene-LOC142985529/gene-LOC142984444/gene-ecd/gene-Cdc27/gene-Hpr1/gene-LOC142974651/gene-Rbmx2/gene-Sf3b3/gene-Cypl/gene-LOC142976794/gene-CycH/gene-LOC142983847/gene-Phf5a/gene-Usp39/gene-Cpsf6/gene-ldbr/gene-Es2/gene-RpII140/gene-spt4/gene-PNPase/gene-LOC142985976/gene-Pnn/gene-fand/gene-LOC142980210/gene-beag/gene-REG/gene-Spf45/gene-Psf/gene-LOC142979604/gene-Son/gene-Cbp80/gene-aub/gene-LOC142972462/gene-LOC142978547",177,"BP"
"GO:0006417","regulation of translation","139/3690","259/9658",0.536679536679537,1.40467505833359,5.19081303777337,2.24696578249131e-07,1.57287604774392e-05,1.40899959593816e-05,"gene-sip3/gene-bel/gene-LOC142972436/gene-LOC142980122/gene-nej/gene-Fmr1/gene-eIF4B/gene-mTor/gene-mxt/gene-Trc8/gene-Cbp20/gene-yps/gene-Upf1/gene-RpL38/gene-sud1/gene-mtTFB1/gene-Tis11/gene-LOC142974739/gene-Rbfox1/gene-LOC142977493/gene-Egfr/gene-NAT1/gene-Rho1/gene-Rpb7/gene-Psi/gene-Secp43/gene-eIF3a/gene-RsfS312/gene-LOC142981658/gene-PPP1R15/gene-Usp16-45/gene-brat/gene-mEFTs/gene-Pym/gene-eEF2/gene-Uqcc1/gene-Not1/gene-crc/gene-Fak/gene-eEF5/gene-Tsc1/gene-DENR/gene-LOC142974411/gene-RpLP1/gene-Ythdf/gene-USP/gene-LOC142983850/gene-LOC142979909/gene-RpL12/gene-Regnase-1/gene-TOR1/gene-Dph1/gene-LOC142976459/gene-Ccdc56/gene-Dhfr/gene-unk/gene-foxo/gene-AGO1/gene-eIF1/gene-stau/gene-eIF4AIII/gene-LOC142974795/gene-LOC142987185/gene-MCTS1/gene-LOC142974425/gene-LOC142974534/gene-LOC142973376/gene-Dph5/gene-PQBP1/gene-RpL13A/gene-Not3/gene-Capr/gene-LOC142975609/gene-eIF2Bdelta/gene-gw/gene-LOC142976358/gene-Sra-1/gene-LOC142983927/gene-LOC142978385/gene-INPP5E/gene-rswl/gene-l(3)80Fj/gene-sm/gene-sqd/gene-wech/gene-RpS9/gene-Mk/gene-LOC142972597/gene-RpS3A/gene-LOC142972542/gene-Hrb27C/gene-shep/gene-Fib/gene-mle/gene-roq/gene-Dbp80/gene-Boule/gene-Paip2/gene-Not11/gene-LOC142973202/gene-Poldip3/gene-Paip1/gene-RpL10/gene-LOC142984719/gene-LOC142977238/gene-LOC142978852/gene-Gyf/gene-LOC142977001/gene-Rga/gene-Polr2D/gene-eRF1/gene-mRF1/gene-AlkB/gene-Exd2/gene-LOC142974651/gene-Unr/gene-RpS3/gene-LOC142978691/gene-LOC142982098/gene-LOC142976794/gene-LOC142976902/gene-eIF2Bepsilon/gene-Trap1/gene-LOC142985923/gene-pcm/gene-Shmt/gene-Dph3/gene-RpS14/gene-eIF4EHP/gene-LOC142974426/gene-AMPKalpha/gene-mTerf3/gene-Dph2/gene-LOC142972901/gene-Cbp80/gene-LOC142981839/gene-aub/gene-eIF3h/gene-LOC142977656",139,"BP"
"GO:0050657","nucleic acid transport","90/3690","154/9658",0.584415584415584,1.52961672473868,5.20941227891151,2.36954302923085e-07,1.64192577581047e-05,1.47085509884633e-05,"gene-Sir-1/gene-Fmr1/gene-mago/gene-Sap-r/gene-Cbp20/gene-Upf1/gene-mRpL18/gene-l(1)G0007/gene-Ranbp21/gene-Rbfox1/gene-Chc/gene-Trs20/gene-nonC/gene-LOC142981658/gene-SF2/gene-RASSF8/gene-LOC142979577/gene-Pi3K59F/gene-Nup154/gene-LOC142984096/gene-nito/gene-eEF5/gene-Tsc1/gene-Dcr-1/gene-LOC142987440/gene-Ran/gene-LOC142974308/gene-Nup205/gene-LOC142981302/gene-LOC142976459/gene-Sym/gene-LOC142985268/gene-thoc6/gene-Smg6/gene-Cog2/gene-Nup188/gene-stau/gene-Dhc64C/gene-Hel25E/gene-eIF4AIII/gene-LOC142978249/gene-LOC142981688/gene-LOC142974928/gene-LOC142985954/gene-tsu/gene-Mat89Ba/gene-B52/gene-U2af50/gene-Ago2/gene-Clp/gene-LOC142973783/gene-LOC142975214/gene-sqd/gene-xmas/gene-tho2/gene-Bet3/gene-Srp54/gene-RanBP3/gene-Nup98-96/gene-btz/gene-Dbp80/gene-CPSF1/gene-LOC142973202/gene-Flo1/gene-Poldip3/gene-thoc7/gene-LOC142982223/gene-Nup54/gene-Polr2D/gene-LOC142981689/gene-Khc/gene-Hpr1/gene-Dlic/gene-lt/gene-Rbmx2/gene-Gmer/gene-LOC142976794/gene-La/gene-LOC142980967/gene-pix/gene-Sir-3/gene-Nmd3/gene-PNPase/gene-drongo/gene-Nup43/gene-Ns3/gene-sta/gene-Phax/gene-Nup133/gene-Cbp80",90,"BP"
"GO:0010608","post-transcriptional regulation of gene expression","189/3690","371/9658",0.509433962264151,1.33336401288541,5.14858442895036,2.52400640159185e-07,1.73146839149201e-05,1.55106835499928e-05,"gene-Akt/gene-LOC142979247/gene-sip3/gene-bel/gene-LOC142972436/gene-LOC142980122/gene-nej/gene-LOC142983263/gene-Fmr1/gene-eIF4B/gene-mTor/gene-mxt/gene-Trc8/gene-Cbp20/gene-yps/gene-Upf1/gene-RpL38/gene-sud1/gene-mtTFB1/gene-Ranbp21/gene-Tis11/gene-LOC142974739/gene-Rbfox1/gene-LOC142977493/gene-Egfr/gene-NAT1/gene-Rho1/gene-Rpb7/gene-Psi/gene-trsn/gene-Secp43/gene-eIF3a/gene-RsfS312/gene-LOC142981658/gene-PPP1R15/gene-Usp16-45/gene-brat/gene-LOC142987276/gene-mEFTs/gene-Pym/gene-LOC142986766/gene-eEF2/gene-Uqcc1/gene-Not1/gene-Tnpo/gene-crc/gene-Fak/gene-eEF5/gene-Tsc1/gene-LOC142977989/gene-DENR/gene-LOC142974411/gene-RpLP1/gene-Ythdf/gene-Dcr-1/gene-USP/gene-LOC142983850/gene-LOC142979909/gene-LOC142978501/gene-RpL12/gene-Regnase-1/gene-TOR1/gene-spn-E/gene-Dph1/gene-Ack/gene-LOC142976459/gene-Ccdc56/gene-Dhfr/gene-Hsc70-4/gene-unk/gene-LOC142985268/gene-foxo/gene-Smg6/gene-AGO1/gene-jub/gene-eIF1/gene-stau/gene-Cdc37/gene-LOC142978729/gene-eIF4AIII/gene-LOC142974795/gene-LOC142987185/gene-MCTS1/gene-LOC142974425/gene-LOC142974534/gene-LOC142973376/gene-Dph5/gene-PQBP1/gene-RpL13A/gene-Not3/gene-Capr/gene-LOC142975609/gene-LOC142974928/gene-pum/gene-eIF2Bdelta/gene-gw/gene-Nab2/gene-LOC142973990/gene-LOC142976358/gene-Rrp46/gene-Sra-1/gene-LOC142983927/gene-LOC142978385/gene-INPP5E/gene-rswl/gene-Ago2/gene-l(3)80Fj/gene-Nop60B/gene-sm/gene-sqd/gene-wech/gene-RpS9/gene-Mk/gene-LOC142972597/gene-qin/gene-LOC142980839/gene-RpS3A/gene-LOC142978391/gene-LOC142972542/gene-Hrb27C/gene-shep/gene-Fib/gene-mle/gene-drosha/gene-tapas/gene-Rrp4/gene-roq/gene-LOC142987905/gene-Dbp80/gene-Boule/gene-Paip2/gene-Not11/gene-LOC142973202/gene-Poldip3/gene-Dh31-R/gene-Paip1/gene-RpL10/gene-LOC142974980/gene-Rrp40/gene-Ars2/gene-LOC142984719/gene-LOC142977238/gene-Gas41/gene-LOC142975866/gene-LOC142978852/gene-HPS4/gene-Gyf/gene-LOC142977001/gene-Rga/gene-Polr2D/gene-eRF1/gene-mRF1/gene-pelo/gene-AlkB/gene-Exd2/gene-LOC142981050/gene-LOC142974651/gene-Unr/gene-Dis3/gene-RpS3/gene-LOC142978691/gene-LOC142982098/gene-LOC142976794/gene-LOC142976902/gene-eIF2Bepsilon/gene-Trap1/gene-LOC142986113/gene-LOC142985923/gene-pcm/gene-Shmt/gene-Dph3/gene-RpS14/gene-PNPase/gene-LOC142977826/gene-Smox/gene-eIF4EHP/gene-LOC142985452/gene-Ski6/gene-LOC142974426/gene-AMPKalpha/gene-LOC142987908/gene-mTerf3/gene-Dph2/gene-LOC142972901/gene-Cbp80/gene-LOC142981839/gene-aub/gene-eIF3h/gene-LOC142977656",189,"BP"
"GO:0022613","ribonucleoprotein complex biogenesis","185/3690","362/9658",0.511049723756906,1.33759301681415,5.14777520680914,2.55110814114036e-07,1.73273285625969e-05,1.5522010763916e-05,"gene-LOC142979247/gene-bel/gene-hfp/gene-SF1/gene-LOC142983263/gene-Sf3a1/gene-eIF4B/gene-mTor/gene-SNRPG/gene-LSm1/gene-Prp8/gene-RpL38/gene-sud1/gene-SmD2/gene-mtTFB1/gene-Prp39/gene-mRpS9/gene-RpL24/gene-RpS17/gene-mRpS7/gene-RpL26/gene-RpL5/gene-rin/gene-RpS18/gene-eIF3a/gene-LOC142978680/gene-RsfS312/gene-RpL14/gene-LOC142981658/gene-Sf3b1/gene-SF2/gene-RpL35/gene-RpS10b/gene-LOC142973042/gene-RpS24/gene-RpS7/gene-RpS27/gene-mbl/gene-mRpS11/gene-Trmt112/gene-RpS2/gene-LOC142985465/gene-Rnp4F/gene-LOC142980851/gene-Tsc1/gene-mRpL1/gene-LOC142984164/gene-DENR/gene-RpL34/gene-l(3)72Ab/gene-Dcr-1/gene-LOC142983189/gene-LOC142973667/gene-RpS28b/gene-Ran/gene-LOC142985757/gene-RpL12/gene-LOC142975378/gene-LOC142976987/gene-LSm3/gene-TOR1/gene-spn-E/gene-SmE/gene-RpS8/gene-LOC142979030/gene-LOC142975423/gene-Nnp-1/gene-RpS15/gene-LOC142985521/gene-RpL27/gene-LOC142977695/gene-AGO1/gene-SmD1/gene-eIF1/gene-LOC142978461/gene-Dhc64C/gene-Prp31/gene-RpS21/gene-LOC142974240/gene-Rat1/gene-LOC142983930/gene-mRpL11/gene-MCTS1/gene-LOC142972841/gene-LOC142974425/gene-Sas10/gene-Prp3/gene-LOC142973376/gene-LOC142979085/gene-Hlc/gene-FBXO11/gene-icln/gene-LOC142975609/gene-RpS25/gene-l(2)37Cg/gene-holn1/gene-Mat89Ba/gene-Rrp46/gene-SmB/gene-LOC142978385/gene-B52/gene-Edc3/gene-mtTFB2/gene-LOC142980644/gene-LOC142982036/gene-LOC142973389/gene-U2af50/gene-Ago2/gene-Prp6/gene-csul/gene-Setx/gene-LOC142979477/gene-Mtr4/gene-Dhx15/gene-Nop60B/gene-Tfb5/gene-l(1)G0020/gene-Samtor/gene-Ip259/gene-Dim1/gene-LOC142975899/gene-U2A/gene-LOC142987394/gene-l(2)05287/gene-SmF/gene-LOC142973375/gene-RpL11/gene-Fib/gene-mle/gene-eIF2beta/gene-Bka/gene-Rrp4/gene-Gar1/gene-roq/gene-Rs1/gene-LOC142983431/gene-Rrp6/gene-wmd/gene-Bx42/gene-RpL10/gene-Chd1/gene-Rrp40/gene-LOC142980055/gene-LOC142975377/gene-LOC142984719/gene-RpS16/gene-LOC142974748/gene-HPS4/gene-rictor/gene-RpL6/gene-Polr2D/gene-LOC142972307/gene-LOC142978813/gene-Dis3/gene-LOC142973125/gene-LOC142972416/gene-LOC142972521/gene-kz/gene-RpL7/gene-Usp39/gene-pix/gene-Nop10/gene-LOC142975045/gene-Cpsf6/gene-Non3/gene-RpS14/gene-Rrp5/gene-Nmd3/gene-LOC142985517/gene-Ns2/gene-LOC142983454/gene-NO66/gene-LOC142976639/gene-Ski6/gene-LOC142974426/gene-fand/gene-Nsun5/gene-mTerf3/gene-Ns3/gene-sta/gene-LOC142972901/gene-Cbp80/gene-aub/gene-Dbp21E2/gene-LOC142977656",185,"BP"
"GO:0072594","establishment of protein localization to organelle","151/3690","286/9658",0.527972027972028,1.3818845111528,5.1548829971353,2.62397141781775e-07,1.76474940453233e-05,1.5808818511063e-05,"gene-Akt/gene-Srp14/gene-RpLP0/gene-Karybeta3/gene-blp/gene-LOC142987685/gene-LOC142978902/gene-LOC142987536/gene-RpS11/gene-Vps15/gene-LOC142980365/gene-RpL13/gene-Pex2/gene-RpL38/gene-Dhrs4/gene-Tim8/gene-Pex13/gene-LOC142974540/gene-Spase12/gene-lsn/gene-Dci/gene-RpL24/gene-garnet/gene-Tim9a/gene-Ntf-2/gene-Spase25/gene-RpL36A/gene-RpL37-1/gene-RpL29/gene-Sec61beta/gene-Pex3/gene-RpL14/gene-RpL31/gene-LOC142986840/gene-Nedd4/gene-mib1/gene-LOC142974110/gene-RpS10b/gene-Phb2/gene-RpS7/gene-Sgf29/gene-Srp9/gene-cry2/gene-RpL37A/gene-Nup154/gene-RpS12/gene-mge/gene-LOC142984096/gene-Tnpo/gene-RpS2/gene-Hrs/gene-LOC142987153/gene-LOC142981532/gene-LOC142983192/gene-RpL34/gene-RpLP1/gene-LOC142973667/gene-RpS28b/gene-Ran/gene-RpL12/gene-RpL19/gene-pink/gene-Nup205/gene-LOC142981302/gene-RpL22/gene-LOC142981304/gene-RpS30/gene-RpS8/gene-RpL23/gene-Pmm2/gene-LOC142976803/gene-RpL27/gene-Nup188/gene-Pex5/gene-Hmgc/gene-Smurf/gene-LOC142978729/gene-Sec13/gene-RpS21/gene-RpS29/gene-exd/gene-LOC142975016/gene-Gdap1/gene-LOC142978249/gene-Tim10/gene-Pex10/gene-ScpX/gene-Rab8/gene-LOC142979085/gene-RpL13A/gene-LOC142974928/gene-RpS25/gene-Kap-alpha3/gene-LOC142984806/gene-rb/gene-Ide/gene-LOC142974003/gene-Amacr/gene-RpL28/gene-Vps13/gene-Tsp26A/gene-RpL15/gene-LOC142974963/gene-Trp1/gene-cdm/gene-tim/gene-LOC142981634/gene-LOC142972243/gene-Rab3GAP1/gene-Ras85D/gene-RpS3A/gene-RanBP3/gene-RpL11/gene-Tim23/gene-Nup98-96/gene-drn/gene-Idh/gene-LOC142975911/gene-LOC142977187/gene-RpL32/gene-RpL10/gene-Nup54/gene-LOC142984158/gene-Lgr1/gene-LOC142976966/gene-RpL21/gene-RpL6/gene-LOC142976516/gene-Spase22-23/gene-LOC142984486/gene-LOC142987678/gene-lt/gene-RpS3/gene-LOC142980612/gene-RpL7/gene-Roe1/gene-RpS14/gene-Hao/gene-CRAT/gene-Pex7/gene-Vps36/gene-Hacl/gene-RpS20/gene-Mulk/gene-LOC142978465/gene-UQCR-C2/gene-Rcc1/gene-Tnpo-SR/gene-sta/gene-Nup133/gene-LOC142987341",151,"BP"
"GO:0000209","protein polyubiquitination","83/3690","140/9658",0.592857142857143,1.55171118854046,5.1703846142773,2.96702311926713e-07,1.97609500953131e-05,1.77020755955866e-05,"gene-sip3/gene-Uba1/gene-LOC142981582/gene-Trc8/gene-Pex2/gene-hyd/gene-LOC142980206/gene-LOC142978267/gene-Taf1/gene-Cul3/gene-ctrip/gene-LOC142975717/gene-Ube4A/gene-Nedd4/gene-mib1/gene-kel/gene-LOC142976389/gene-LOC142973727/gene-LOC142987404/gene-ari-1/gene-Ubc10/gene-LOC142982437/gene-dbo/gene-gus/gene-Ube4B/gene-TppII/gene-UbcE2H/gene-SkpA/gene-unk/gene-Smurf/gene-LOC142981372/gene-Cdc16/gene-LOC142983499/gene-LOC142978729/gene-Uev1A/gene-eff/gene-LOC142979741/gene-FBXO11/gene-Mrgn1/gene-Su(dx)/gene-LOC142976045/gene-Ubr1/gene-Cul1/gene-Psa/gene-Ufd4/gene-LOC142976150/gene-rdx/gene-LOC142976476/gene-shtd/gene-Ubc7/gene-LOC142981085/gene-Tnks/gene-LOC142978166/gene-APC10/gene-tn/gene-roq/gene-ago/gene-Iap/gene-Bruce/gene-Ube3a/gene-LOC142984509/gene-LOC142983145/gene-gzl/gene-Diap2/gene-LOC142974714/gene-LOC142984135/gene-Cdc27/gene-elgi/gene-LOC142979027/gene-Fbxl4/gene-Ubr3/gene-Ubc4/gene-Pli/gene-pall/gene-Bre1/gene-rno/gene-morula/gene-LOC142975219/gene-LOC142985567/gene-LOC142973251/gene-l(2)dtl/gene-LOC142974238/gene-LOC142972211",83,"BP"
"GO:0017004","cytochrome complex assembly","25/3690","30/9658",0.833333333333333,2.18112014453478,5.09455851442207,4.99387361025748e-07,3.29403586215061e-05,2.95083341464405e-05,"gene-LOC142973585/gene-ox/gene-LOC142987536/gene-Cmc1/gene-LOC142980491/gene-LOC142977652/gene-LOC142976078/gene-Scox/gene-Cox11/gene-Uqcc1/gene-OXA1L/gene-Bcs1/gene-l(3)87Df/gene-LOC142977004/gene-Uccr/gene-Surf1/gene-Ttc19/gene-Ccdc56/gene-l(3)neo43/gene-LOC142985213/gene-Atac2/gene-Cchl/gene-LOC142979256/gene-LOC142976034/gene-LOC142980036",25,"BP"
"GO:0034248","regulation of amide metabolic process","172/3690","336/9658",0.511904761904762,1.33983094592851,4.985375847163,5.8688359241733e-07,3.83430613712656e-05,3.43481344614774e-05,"gene-sip3/gene-bel/gene-LOC142972436/gene-LOC142980122/gene-nej/gene-Fmr1/gene-eIF4B/gene-mTor/gene-mxt/gene-Trc8/gene-Tak1/gene-Cbp20/gene-yps/gene-Upf1/gene-RpL38/gene-sud1/gene-Spt6/gene-Dorsal/gene-mtTFB1/gene-Tis11/gene-LOC142974739/gene-Rbfox1/gene-LOC142977493/gene-Egfr/gene-NAT1/gene-LOC142981347/gene-Rho1/gene-Rpb7/gene-Psi/gene-Ntf-2/gene-Secp43/gene-eIF3a/gene-Pex3/gene-RsfS312/gene-LOC142981658/gene-PPP1R15/gene-Usp16-45/gene-brat/gene-bai/gene-mEFTs/gene-Pym/gene-eEF2/gene-Uqcc1/gene-Not1/gene-Ptip/gene-crc/gene-LOC142982738/gene-Fak/gene-eEF5/gene-Tsc1/gene-DENR/gene-LOC142974411/gene-Amph/gene-RpLP1/gene-Ythdf/gene-USP/gene-LOC142983850/gene-LOC142979909/gene-RpL12/gene-GSTz2/gene-Regnase-1/gene-LOC142973009/gene-TOR1/gene-Dph1/gene-LOC142976459/gene-Ccdc56/gene-Dhfr/gene-unk/gene-foxo/gene-AGO1/gene-casp/gene-eIF1/gene-stau/gene-Eph/gene-eIF4AIII/gene-LOC142974795/gene-LOC142987185/gene-MCTS1/gene-LOC142976420/gene-LOC142974425/gene-LOC142974534/gene-LOC142973376/gene-Dph5/gene-PQBP1/gene-RpL13A/gene-snRNP-U1-70K/gene-lap/gene-Not3/gene-Capr/gene-LOC142975609/gene-LOC142985416/gene-eIF2Bdelta/gene-gw/gene-LOC142987607/gene-Pglym/gene-LOC142976358/gene-Sra-1/gene-LOC142983927/gene-LOC142978385/gene-INPP5E/gene-rswl/gene-l(3)80Fj/gene-rock1/gene-sm/gene-sqd/gene-wech/gene-RpS9/gene-Mk/gene-LOC142972597/gene-ush/gene-RpS3A/gene-LOC142972542/gene-Hrb27C/gene-shep/gene-Fib/gene-mle/gene-roq/gene-Dbp80/gene-Boule/gene-Paip2/gene-Not11/gene-LOC142973202/gene-Poldip3/gene-Paip1/gene-RpL10/gene-LOC142975305/gene-LOC142984719/gene-LOC142977238/gene-LOC142978852/gene-Gyf/gene-LOC142977001/gene-LOC142975546/gene-Rga/gene-Diap2/gene-Polr2D/gene-eRF1/gene-mRF1/gene-AlkB/gene-GSTz1/gene-Exd2/gene-key/gene-LOC142974651/gene-Unr/gene-RpS3/gene-LOC142978691/gene-LOC142982098/gene-LOC142976794/gene-LOC142976902/gene-eIF2Bepsilon/gene-Trap1/gene-LOC142985923/gene-pcm/gene-dnr1/gene-Shmt/gene-Dph3/gene-RpS14/gene-LOC142978875/gene-LOC142972881/gene-LOC142973568/gene-eIF4EHP/gene-LOC142974426/gene-AMPKalpha/gene-mTerf3/gene-Dph2/gene-Pdk/gene-LOC142972901/gene-Cbp80/gene-LOC142981839/gene-aub/gene-eIF3h/gene-LOC142972942/gene-LOC142977656",172,"BP"
"GO:0003712","transcription coregulator activity","155/3690","298/9658",0.520134228187919,1.36137029155526,4.9824453671464,6.14414087185551e-07,3.91440390885607e-05,3.50656590761113e-05,"gene-MED14/gene-LOC142982010/gene-Kdm3/gene-LOC142980122/gene-nej/gene-SF1/gene-Sin3A/gene-LOC142987559/gene-MTA1-like/gene-MED9/gene-MED1/gene-Hcf/gene-Bap60/gene-Ssb-c31a/gene-mbf1/gene-Nacalpha/gene-mtTFB1/gene-Snoo/gene-Rbfox1/gene-Pfdn5/gene-Su(fu)/gene-LOC142985114/gene-Taf1/gene-dom/gene-enok/gene-LOC142972176/gene-MED22/gene-nhr/gene-LOC142984322/gene-TfIIA-S/gene-vri/gene-LOC142983557/gene-Usp16-45/gene-BmDJ-1beta/gene-LOC142987276/gene-MED16/gene-MED7/gene-osa/gene-Bap111/gene-LOC142973205/gene-crc/gene-LOC142982738/gene-Ets/gene-kto/gene-LOC142975096/gene-MED21/gene-tgo/gene-MED15/gene-jing/gene-ix/gene-LOC142987440/gene-USP/gene-LOC142978501/gene-Ubc10/gene-arm/gene-CtBP/gene-Gug/gene-LOC142977276/gene-LOC142972265/gene-upSET/gene-EcR/gene-MED6/gene-Nnp-1/gene-kibra/gene-Tmf/gene-tai/gene-Bin1/gene-MED20/gene-jub/gene-ERR/gene-LOC142978810/gene-exd/gene-Taf13/gene-LOC142986486/gene-Pcd/gene-PQBP1/gene-LOC142974632/gene-Mad/gene-LOC142973990/gene-C/EBP/gene-Mef2/gene-mtTFB2/gene-Gata-beta/gene-LOC142972424/gene-Prp6/gene-ZnT49B/gene-Wbp2/gene-csul/gene-EloB/gene-slpr/gene-MED10/gene-LOC142987394/gene-HDAC4/gene-pros/gene-mle/gene-Nup98-96/gene-LOC142977702/gene-LOC142980072/gene-LOC142973507/gene-Jra/gene-Atf-2/gene-MED4/gene-Ube3a/gene-Hipk/gene-mnb/gene-LOC142973986/gene-LOC142983952/gene-per/gene-LOC142981473/gene-LOC142979255/gene-Bx42/gene-MED11/gene-Su(var)2-10/gene-Set8/gene-geminin/gene-LOC142985250/gene-skd/gene-tna/gene-LOC142984108/gene-Rga/gene-Diap2/gene-ecd/gene-MED31/gene-LOC142982147/gene-Atf3/gene-CycC/gene-TSG101/gene-PHO/gene-LOC142978692/gene-da/gene-Achi/gene-LOC142983442/gene-LOC142978730/gene-Bre1/gene-LOC142987625/gene-LOC142973965/gene-ftz-f1/gene-rno/gene-LOC142985878/gene-Mrtf/gene-Lpin/gene-LOC142974205/gene-LOC142983803/gene-H/gene-LOC142978875/gene-chm/gene-LOC142973568/gene-LOC142978465/gene-bon/gene-LOC142979948/gene-Art4/gene-eya/gene-LOC142981468/gene-alien/gene-wda",155,"MF"
"GO:0022618","protein-RNA complex assembly","103/3690","184/9658",0.559782608695652,1.46514374926358,5.00898005059128,6.14987107994997e-07,3.91440390885607e-05,3.50656590761113e-05,"gene-LOC142979247/gene-bel/gene-hfp/gene-SF1/gene-LOC142983263/gene-Sf3a1/gene-eIF4B/gene-mTor/gene-SNRPG/gene-LSm1/gene-Prp8/gene-RpL38/gene-sud1/gene-SmD2/gene-Prp39/gene-RpL24/gene-RpS17/gene-mRpS7/gene-RpL5/gene-rin/gene-eIF3a/gene-LOC142978680/gene-LOC142981658/gene-Sf3b1/gene-SF2/gene-RpS10b/gene-RpS27/gene-mbl/gene-mRpS11/gene-RpS2/gene-LOC142985465/gene-Rnp4F/gene-DENR/gene-l(3)72Ab/gene-Dcr-1/gene-LOC142973667/gene-RpS28b/gene-RpL12/gene-LOC142976987/gene-LSm3/gene-TOR1/gene-spn-E/gene-SmE/gene-LOC142975423/gene-RpS15/gene-AGO1/gene-SmD1/gene-eIF1/gene-LOC142978461/gene-Dhc64C/gene-Prp31/gene-mRpL11/gene-MCTS1/gene-LOC142972841/gene-LOC142974425/gene-Prp3/gene-LOC142973376/gene-LOC142979085/gene-FBXO11/gene-icln/gene-LOC142975609/gene-RpS25/gene-holn1/gene-SmB/gene-LOC142978385/gene-B52/gene-Edc3/gene-U2af50/gene-Ago2/gene-Prp6/gene-csul/gene-Setx/gene-Dim1/gene-U2A/gene-LOC142987394/gene-SmF/gene-LOC142973375/gene-RpL11/gene-mle/gene-eIF2beta/gene-roq/gene-wmd/gene-Bx42/gene-RpL10/gene-LOC142980055/gene-LOC142984719/gene-HPS4/gene-rictor/gene-RpL6/gene-Polr2D/gene-LOC142973125/gene-LOC142972521/gene-Usp39/gene-Cpsf6/gene-Non3/gene-RpS14/gene-LOC142976639/gene-LOC142974426/gene-fand/gene-mTerf3/gene-sta/gene-Cbp80/gene-aub",103,"BP"
"GO:1990204","oxidoreductase complex","55/3690","85/9658",0.647058823529412,1.69357564163877,5.05009045725153,6.16261839878215e-07,3.91440390885607e-05,3.50656590761113e-05,"gene-ND-B17.2/gene-NP15.6/gene-ND-13A/gene-LOC142977612/gene-ND-ASHI/gene-ND-B18/gene-ND-ACP/gene-ND-B16.6/gene-ND-B12/gene-ox/gene-LOC142977913/gene-ND-B15/gene-LOC142980234/gene-LOC142975930/gene-LOC142977517/gene-LOC142984567/gene-ND-B17/gene-UQCR-Q/gene-ND-39/gene-LOC142981526/gene-ND-B14.5B/gene-ND-B14.7/gene-ND-13B/gene-LOC142973869/gene-ND-PDSW/gene-ND-B8/gene-ND-SGDH/gene-Ndufs8/gene-Uqcr11/gene-ND-MNLL/gene-Dbct/gene-LOC142978276/gene-Bcs1/gene-ND-B22/gene-Cyt-c1/gene-ND-24/gene-ND-30/gene-ND-42/gene-l(2)37Bb/gene-LOC142982290/gene-Uccr/gene-wal/gene-ND-18/gene-LOC142987070/gene-Etfb/gene-SdhA/gene-LOC142981491/gene-LOC142973012/gene-CIA30/gene-Gpo1/gene-RnrL/gene-Nc73EF/gene-UQCR-C2/gene-ND-49/gene-Pdk",55,"CC"
"GO:0051236","establishment of RNA localization","90/3690","157/9658",0.573248407643312,1.50038837967998,4.97041068707213,7.76273716029952e-07,4.8855391669408e-05,4.37651951152377e-05,"gene-Sir-1/gene-Fmr1/gene-mago/gene-Sap-r/gene-Cbp20/gene-Upf1/gene-mRpL18/gene-l(1)G0007/gene-Ranbp21/gene-Rbfox1/gene-Chc/gene-Trs20/gene-nonC/gene-LOC142981658/gene-SF2/gene-RASSF8/gene-LOC142979577/gene-Pi3K59F/gene-Nup154/gene-LOC142984096/gene-nito/gene-eEF5/gene-Tsc1/gene-Dcr-1/gene-LOC142987440/gene-Ran/gene-LOC142974308/gene-Nup205/gene-LOC142981302/gene-LOC142976459/gene-Sym/gene-LOC142985268/gene-thoc6/gene-Smg6/gene-Cog2/gene-Nup188/gene-stau/gene-Dhc64C/gene-Hel25E/gene-eIF4AIII/gene-LOC142978249/gene-LOC142981688/gene-LOC142974928/gene-LOC142985954/gene-tsu/gene-Mat89Ba/gene-B52/gene-U2af50/gene-Ago2/gene-Clp/gene-LOC142973783/gene-LOC142975214/gene-sqd/gene-xmas/gene-tho2/gene-Bet3/gene-Srp54/gene-RanBP3/gene-Nup98-96/gene-btz/gene-Dbp80/gene-CPSF1/gene-LOC142973202/gene-Flo1/gene-Poldip3/gene-thoc7/gene-LOC142982223/gene-Nup54/gene-Polr2D/gene-LOC142981689/gene-Khc/gene-Hpr1/gene-Dlic/gene-lt/gene-Rbmx2/gene-Gmer/gene-LOC142976794/gene-La/gene-LOC142980967/gene-pix/gene-Sir-3/gene-Nmd3/gene-PNPase/gene-drongo/gene-Nup43/gene-Ns3/gene-sta/gene-Phax/gene-Nup133/gene-Cbp80",90,"BP"
"GO:0051020","GTPase binding","160/3690","311/9658",0.514469453376206,1.34654362620797,4.8845198654529,9.79692926532268e-07,6.10972134182851e-05,5.47315531588075e-05,"gene-LOC142972305/gene-brun/gene-Cka/gene-Atg16/gene-Karybeta3/gene-PlexA/gene-Usp20-33/gene-RhoGEF2/gene-Frl/gene-yps/gene-pbl/gene-Stoml2/gene-LOC142974540/gene-Ranbp21/gene-Vps8/gene-Egfr/gene-LOC142983967/gene-LOC142974750/gene-Fas2/gene-Ntf-2/gene-C3G/gene-LOC142984322/gene-Crag/gene-Trs20/gene-Sec61beta/gene-RanBPM/gene-tamo/gene-AIMP1/gene-LOC142984803/gene-Tctp/gene-LOC142977347/gene-Sec71/gene-mbt/gene-Fak/gene-Rabex-5/gene-BNIP3/gene-Efa6/gene-Amph/gene-AP-1gamma/gene-Bet5/gene-dia/gene-LOC142980505/gene-GEFmeso/gene-LOC142978023/gene-LOC142981302/gene-l(2)gl/gene-LOC142985486/gene-LOC142987546/gene-Slmap/gene-Tmf/gene-EndoA/gene-HERC2/gene-LOC142975900/gene-MICAL-like/gene-Rbcn-3A/gene-LOC142987317/gene-FER/gene-PrBP/gene-Pex5/gene-Tbc1d15-17/gene-wkd/gene-LOC142983499/gene-LOC142979470/gene-eIF2Bgamma/gene-ema/gene-Rep/gene-mbc/gene-rau/gene-Drp1/gene-strat/gene-vap/gene-TBC1D16/gene-Rab8/gene-LOC142972184/gene-Trs31/gene-trio/gene-lap/gene-LOC142981521/gene-pns/gene-eIF2Bdelta/gene-Zir/gene-RagC-D/gene-Dap160/gene-Rbpn-5/gene-Shc/gene-Sra-1/gene-LOC142987512/gene-ca/gene-LOC142984783/gene-LOC142980720/gene-LOC142982760/gene-PDZ-GEF/gene-scra/gene-Arf102F/gene-LOC142972452/gene-rock1/gene-slpr/gene-spri/gene-Sec5/gene-cno/gene-Rich/gene-Rab3GAP1/gene-Exo84/gene-Ras85D/gene-Clc/gene-Klp64D/gene-Sos/gene-RanBP3/gene-Als2/gene-LOC142977848/gene-LOC142986421/gene-LOC142977335/gene-LOC142980522/gene-hook/gene-Golgin84/gene-Ocrl/gene-Pak/gene-LOC142977238/gene-LOC142981996/gene-Lamtor2/gene-Tbc1d22/gene-TBC1d7/gene-LOC142979377/gene-LOC142973128/gene-HPS4/gene-l(3)76BDm/gene-LOC142983905/gene-elgi/gene-nuf/gene-LOC142974327/gene-Dis3/gene-LOC142980993/gene-lt/gene-eIF2Bepsilon/gene-Mon1/gene-LOC142987602/gene-LOC142972521/gene-LOC142979028/gene-LOC142981496/gene-Git/gene-LOC142974657/gene-LOC142986182/gene-Strip/gene-LOC142972483/gene-RapGAP1/gene-LOC142976782/gene-betaggt-II/gene-LOC142975858/gene-raf/gene-Vps52/gene-Zw10/gene-Golgin97/gene-Rim/gene-LOC142976425/gene-Gapvd1/gene-Tbc1d8-9/gene-LOC142986743/gene-Rcc1/gene-cyst/gene-hop",160,"MF"
"GO:0007167","enzyme-linked receptor protein signaling pathway","186/3690","370/9658",0.502702702702703,1.31574598989233,4.8696471496318,1.00785326100896e-06,6.22871474821754e-05,5.5797509130112e-05,"gene-Akt/gene-RpII215/gene-LOC142982010/gene-Stam/gene-LOC142987559/gene-RasGAP1/gene-mTor/gene-LOC142982543/gene-mago/gene-Tak1/gene-Cbp20/gene-Csk/gene-spen/gene-LOC142974540/gene-Snoo/gene-Rbfox1/gene-Egfr/gene-LOC142983967/gene-Rho1/gene-Rpb7/gene-nmo/gene-LOC142972251/gene-Arpc5/gene-LOC142972246/gene-C3G/gene-scrib/gene-Vha13/gene-knk/gene-Rpb12/gene-Shark/gene-Arpc4/gene-Ack-like/gene-LOC142987276/gene-LOC142977347/gene-RpII33/gene-Abl/gene-Vha14-1/gene-Btl/gene-LOC142977604/gene-Arpc3A/gene-Sik2/gene-sfl/gene-SCAR/gene-Hrs/gene-Fak/gene-tgo/gene-SOCS2-12/gene-LOC142983850/gene-Gp150/gene-LOC142979909/gene-LOC142978501/gene-LOC142982437/gene-veli/gene-shi/gene-LOC142981304/gene-LOC142977083/gene-Rpb11/gene-TOR1/gene-l(2)gl/gene-sgl/gene-EcR/gene-Ack/gene-Fnta/gene-LOC142976459/gene-HSPC300/gene-raptor/gene-LOC142976622/gene-stai/gene-Rpb8/gene-foxo/gene-FER/gene-SREBP/gene-Spred/gene-Cdc37/gene-PTP-ER/gene-Smurf/gene-Stat92E/gene-Eph/gene-ECSIT/gene-LOC142978729/gene-LOC142984746/gene-zip/gene-mys/gene-baz/gene-stumps/gene-cni/gene-LOC142972247/gene-VhaAC39-1/gene-dos/gene-Zip71B/gene-LOC142984224/gene-vap/gene-sl/gene-Tango14/gene-LOC142972184/gene-trio/gene-AP-1-2beta/gene-brk/gene-Mad/gene-Dap160/gene-tsu/gene-Shc/gene-Ide/gene-Sra-1/gene-LOC142986201/gene-LOC142975156/gene-Gata-beta/gene-Tsp26A/gene-PDZ-GEF/gene-LOC142980456/gene-Arf102F/gene-Gcy/gene-LOC142974963/gene-RpII15/gene-Setx/gene-rock1/gene-wech/gene-Vha44/gene-ex/gene-raskol/gene-Megf8/gene-RpII18/gene-LOC142975153/gene-ush/gene-LOC142981085/gene-Ras85D/gene-ckn/gene-Sos/gene-Src64B/gene-Sirt2/gene-LOC142978127/gene-drn/gene-LOC142987905/gene-S/gene-Jra/gene-LOC142977591/gene-Hipk/gene-LOC142982608/gene-Pak/gene-LOC142979377/gene-SOCS5/gene-Arpc1/gene-Vha26/gene-p130CAS/gene-Epp/gene-LOC142985250/gene-Gyf/gene-sotv/gene-rictor/gene-Polr2D/gene-Alg-2/gene-Tace/gene-Pten/gene-Med/gene-LOC142982098/gene-LOC142976794/gene-LOC142978413/gene-tok/gene-Achi/gene-LOC142976788/gene-LOC142982022/gene-Git/gene-RhoGAP15B/gene-rno/gene-Pdk1/gene-botv/gene-RpII140/gene-LOC142976782/gene-Fibp/gene-Btk29A/gene-raf/gene-LOC142978875/gene-pll/gene-Smox/gene-Adh/gene-LOC142974078/gene-Fur1/gene-RhoGAP5A/gene-LOC142987908/gene-LOC142972656/gene-kon/gene-Pdk/gene-LOC142972901/gene-Cbp80/gene-nudE/gene-hop",186,"BP"
"GO:0008137","NADH dehydrogenase (ubiquinone) activity","24/3690","29/9658",0.827586206896552,2.16607793664144,4.94488134902794,1.09859507409059e-06,6.66934708695704e-05,5.97447418960491e-05,"gene-ND-B17.2/gene-ND-13A/gene-LOC142977612/gene-ND-ASHI/gene-ND-B18/gene-ND-ACP/gene-ND-B12/gene-LOC142977913/gene-LOC142984567/gene-ND-39/gene-ND-13B/gene-LOC142973869/gene-ND-PDSW/gene-ND-B8/gene-ND-SGDH/gene-Ndufs8/gene-ND-B22/gene-ND-24/gene-ND-30/gene-ND-42/gene-ND-18/gene-LOC142987070/gene-LOC142981491/gene-ND-49",24,"MF"
"GO:0050136","NADH dehydrogenase (quinone) (non-electrogenic) activity","24/3690","29/9658",0.827586206896552,2.16607793664144,4.94488134902794,1.09859507409059e-06,6.66934708695704e-05,5.97447418960491e-05,"gene-ND-B17.2/gene-ND-13A/gene-LOC142977612/gene-ND-ASHI/gene-ND-B18/gene-ND-ACP/gene-ND-B12/gene-LOC142977913/gene-LOC142984567/gene-ND-39/gene-ND-13B/gene-LOC142973869/gene-ND-PDSW/gene-ND-B8/gene-ND-SGDH/gene-Ndufs8/gene-ND-B22/gene-ND-24/gene-ND-30/gene-ND-42/gene-ND-18/gene-LOC142987070/gene-LOC142981491/gene-ND-49",24,"MF"
"GO:0006511","ubiquitin-dependent protein catabolic process","150/3690","290/9658",0.517241379310345,1.3537987104009,4.81007330512707,1.42543530027872e-06,8.57761943851934e-05,7.68392546909252e-05,"gene-sip3/gene-Uba1/gene-Cnot4/gene-MTA1-like/gene-TER94/gene-Usp20-33/gene-Trc8/gene-Cul2/gene-LOC142986676/gene-Uch/gene-hyd/gene-m-cup/gene-LOC142982719/gene-LOC142980206/gene-Rpn1/gene-LOC142978267/gene-lsn/gene-Taf1/gene-Cul3/gene-ctrip/gene-Pngl/gene-LOC142975717/gene-Fbl6/gene-Sec61beta/gene-Ube4A/gene-LOC142986840/gene-Nedd4/gene-kel/gene-Npl4/gene-axed/gene-poe/gene-LOC142977148/gene-Usp5/gene-Rpn2/gene-LOC142987404/gene-ari-1/gene-Ubc10/gene-LOC142982437/gene-LOC142981302/gene-ALiX/gene-dbo/gene-mub/gene-SmE/gene-mts/gene-Ube4B/gene-LOC142983921/gene-LOC142972863/gene-HERC2/gene-UbcE2H/gene-morgue/gene-SkpA/gene-CSN3/gene-p47/gene-casp/gene-Keap1/gene-Smurf/gene-mop/gene-LOC142981372/gene-Cdc16/gene-LOC142978729/gene-RpL40/gene-LOC142972835/gene-Sem1/gene-Der-2/gene-Ndfip/gene-eff/gene-LOC142979741/gene-FBXO11/gene-Yod1/gene-Rchy1/gene-lap/gene-Su(dx)/gene-Plap/gene-EloC/gene-Rpn9/gene-Prosalpha4/gene-Ubr1/gene-Cul1/gene-LOC142977808/gene-Cul4/gene-LOC142984893/gene-Rpt1/gene-Prosalpha3/gene-LOC142983029/gene-Ufd4/gene-LOC142976150/gene-Prosalpha5/gene-rdx/gene-Prosbeta3/gene-LOC142980886/gene-LOC142976476/gene-shtd/gene-Ubc7/gene-LOC142981085/gene-LOC142980509/gene-Sirt2/gene-LOC142978166/gene-RanBP3/gene-APC10/gene-Wdr81/gene-Edem2/gene-roq/gene-ago/gene-Iap/gene-Bruce/gene-LOC142982895/gene-Ube3a/gene-PI31/gene-Prosbeta6/gene-LOC142980441/gene-LOC142979838/gene-Prosbeta7/gene-LOC142984509/gene-Usp12-46/gene-Ltn1/gene-LOC142985616/gene-LOC142978208/gene-Diap2/gene-LOC142978434/gene-Cdc27/gene-LOC142979027/gene-Prosalpha7/gene-TSG101/gene-Fbxl4/gene-LOC142980612/gene-Ubr3/gene-LOC142981121/gene-Ubc4/gene-pall/gene-dnr1/gene-LOC142978828/gene-Bre1/gene-LOC142981527/gene-pic/gene-morula/gene-LOC142980695/gene-LOC142975219/gene-Ufd1-like/gene-Prosbeta2/gene-Ubqn/gene-Vps36/gene-Hecw/gene-l(2)dtl/gene-LOC142978465/gene-LOC142985452/gene-LOC142974238/gene-LOC142974078/gene-LOC142972211/gene-Cdk1/gene-Kaz",150,"BP"
"GO:0000785","chromatin","178/3690","354/9658",0.502824858757062,1.31606571432946,4.7639156077123,1.68941178053953e-06,0.000100777085343488,9.02772171605471e-05,"gene-RpII215/gene-Mi-2/gene-LOC142982010/gene-Kdm3/gene-Su(z)12/gene-nej/gene-LOC142975301/gene-Sin3A/gene-LOC142987559/gene-E(bx)/gene-MTA1-like/gene-TER94/gene-MED1/gene-Bap60/gene-Upf1/gene-Spt6/gene-G9a/gene-SA1/gene-row/gene-LOC142982993/gene-MRG15/gene-Taf1/gene-dom/gene-enok/gene-woc/gene-Top2/gene-LOC142983557/gene-Sf3b1/gene-Nedd4/gene-BmDJ-1beta/gene-Sirt7/gene-osa/gene-Bap111/gene-LOC142973205/gene-Nipped-B/gene-LOC142974285/gene-LOC142987395/gene-polybromo/gene-grp/gene-LOC142977989/gene-LOC142987404/gene-LOC142987440/gene-USP/gene-Chrac-14/gene-LOC142977579/gene-vtd/gene-LOC142983051/gene-LOC142975378/gene-arm/gene-MBD-R2/gene-CtBP/gene-Aptx/gene-Gug/gene-Usp7/gene-LOC142977458/gene-Smr/gene-SMC3/gene-upSET/gene-EcR/gene-E(z)/gene-HnRNP-K/gene-LOC142976459/gene-Nnp-1/gene-LOC142981749/gene-LOC142976622/gene-Hsc70-4/gene-Rad17/gene-LOC142980064/gene-Mcm2/gene-Bin1/gene-Mcm7/gene-LOC142978810/gene-Chrac-16/gene-Sec13/gene-ncm/gene-dpa/gene-LOC142986374/gene-LOC142986142/gene-LOC142983092/gene-Arp8/gene-Set1/gene-CrebA/gene-Etl1/gene-LOC142986094/gene-LOC142985771/gene-LOC142979210/gene-e(y)3/gene-Rrp46/gene-Mcm6/gene-LOC142979962/gene-LOC142980860/gene-eco/gene-B52/gene-l(3)mbt/gene-LOC142985107/gene-Mef2/gene-Gata-beta/gene-Wbp2/gene-sqd/gene-SMC1/gene-LOC142972555/gene-LOC142978845/gene-LOC142978883/gene-LOC142975011/gene-HDAC4/gene-LOC142982922/gene-sxc/gene-Sirt2/gene-PH/gene-mle/gene-Nup98-96/gene-LOC142984752/gene-LOC142972453/gene-Jra/gene-Hmt4-20/gene-LOC142972469/gene-lilli/gene-Rrp6/gene-LOC142981473/gene-Bx42/gene-LOC142978882/gene-Chd1/gene-Rrp40/gene-ash1/gene-Srrm234/gene-Su(var)2-10/gene-Tlk/gene-tna/gene-LOC142977001/gene-LOC142984108/gene-Ino80/gene-wge/gene-Ctr9/gene-AlkB/gene-Tbp/gene-Dnmt1/gene-PHO/gene-da/gene-Med/gene-LOC142976794/gene-LOC142987595/gene-La/gene-LOC142983442/gene-LOC142986113/gene-glu/gene-LOC142976945/gene-Bre1/gene-Cpsf6/gene-LOC142975644/gene-spn-A/gene-Caf1-55/gene-Su(Tpl)/gene-Sce/gene-LOC142987032/gene-jumu/gene-LOC142978875/gene-chm/gene-LOC142973568/gene-Smox/gene-bon/gene-Drep4/gene-Golgin97/gene-Ski6/gene-LOC142987637/gene-LOC142974688/gene-Rcc1/gene-Wdr82/gene-Iswi/gene-LOC142985604/gene-Psf/gene-LOC142972602/gene-LOC142987181/gene-LOC142987398/gene-LOC142982989/gene-LOC142987341/gene-Cap-G/gene-Hat1/gene-aub",178,"CC"
"GO:0016607","nuclear speck","119/3690","222/9658",0.536036036036036,1.40299079567372,4.77636535564805,1.79153932851944e-06,0.00010545909605524,9.44714136520628e-05,"gene-Mi-2/gene-bel/gene-LOC142983263/gene-Sf3a1/gene-LOC142982543/gene-Glob1/gene-G9a/gene-Cdk12/gene-MRG15/gene-dom/gene-enok/gene-ctrip/gene-LOC142984322/gene-scrib/gene-LOC142983557/gene-LOC142984261/gene-LOC142981658/gene-Sf3b1/gene-SF2/gene-LOC142977327/gene-LOC142979577/gene-LOC142987276/gene-Drak/gene-cry2/gene-Noc3/gene-nito/gene-CSN4/gene-cyp33/gene-l(2)k14505/gene-LOC142978501/gene-LOC142978438/gene-LOC142983859/gene-LOC142977276/gene-Hakai/gene-HnRNP-K/gene-LOC142975423/gene-LOC142976459/gene-Smu1/gene-LOC142978607/gene-thoc6/gene-Bin1/gene-SMC5/gene-LOC142987684/gene-Smurf/gene-Hel25E/gene-Prp31/gene-ncm/gene-Tcs3/gene-LOC142974425/gene-Prp3/gene-Set1/gene-LOC142979741/gene-PQBP1/gene-Rchy1/gene-Nab2/gene-holn1/gene-LOC142973990/gene-tsu/gene-sip1/gene-LOC142987720/gene-SmB/gene-B52/gene-Mef2/gene-U2af50/gene-LOC142976085/gene-Prp6/gene-Ufd4/gene-LOC142976150/gene-rdx/gene-Dhx15/gene-sqd/gene-cno/gene-Mcad/gene-U2A/gene-Srp54/gene-HDAC4/gene-cactin/gene-Cdc5/gene-LOC142984495/gene-Hipk/gene-mnb/gene-conu/gene-Poldip3/gene-LOC142985589/gene-thoc7/gene-LOC142982223/gene-Bx42/gene-Srrm234/gene-bbg/gene-LOC142984719/gene-LOC142979169/gene-Polr2D/gene-LOC142985529/gene-Hpr1/gene-da/gene-flfl/gene-LOC142976794/gene-Fbxl4/gene-glu/gene-Phf5a/gene-Cpsf6/gene-rno/gene-Su(Tpl)/gene-LOC142986182/gene-LOC142976782/gene-Fibp/gene-raf/gene-DppIII/gene-mh/gene-Pnn/gene-LOC142974426/gene-Ogg1/gene-YL-1/gene-AMPKalpha/gene-beag/gene-Psf/gene-Son/gene-wda/gene-LOC142972462",119,"CC"
"GO:0005681","spliceosomal complex","88/3690","155/9658",0.567741935483871,1.48597604685724,4.79590133602151,1.79864639044652e-06,0.00010545909605524,9.44714136520628e-05,"gene-SF1/gene-LOC142983263/gene-Sf3a1/gene-LOC142980900/gene-SNRPG/gene-mago/gene-Spx/gene-Cbp20/gene-yps/gene-Upf1/gene-Prp8/gene-SmD2/gene-l(1)G0007/gene-Prp39/gene-LOC142984261/gene-Sf3b1/gene-SF2/gene-LOC142984803/gene-LOC142987276/gene-Sf3b6/gene-LOC142985465/gene-cyp33/gene-l(3)72Ab/gene-LOC142983189/gene-LOC142978501/gene-LOC142978438/gene-LSm3/gene-LOC142974964/gene-SmE/gene-LOC142972549/gene-LOC142976508/gene-HnRNP-K/gene-LOC142975423/gene-LOC142976459/gene-Smu1/gene-SmD1/gene-Hel25E/gene-eIF4AIII/gene-Prp31/gene-pea/gene-ncm/gene-LOC142972841/gene-LSm7/gene-Prp3/gene-LOC142979085/gene-icln/gene-LOC142981169/gene-snRNP-U1-70K/gene-LOC142976358/gene-tsu/gene-sip1/gene-SmB/gene-U2af50/gene-Prp6/gene-LOC142973783/gene-Mtr4/gene-Dhx15/gene-Dim1/gene-LOC142978561/gene-Sf3b5/gene-U2A/gene-SmF/gene-barc/gene-l(1)10Bb/gene-cactin/gene-Cdc5/gene-Dbp80/gene-LOC142973695/gene-Bx42/gene-Srrm234/gene-Prp38/gene-LOC142979169/gene-LOC142985529/gene-Rbmx2/gene-Sf3b3/gene-Cypl/gene-LOC142976794/gene-wcy/gene-Phf5a/gene-Es2/gene-LOC142985976/gene-Pnn/gene-fand/gene-LOC142980210/gene-beag/gene-Psf/gene-Gem2/gene-LOC142972462",88,"CC"
"GO:0030163","protein catabolic process","182/3690","364/9658",0.5,1.30867208672087,4.72026745868389,2.06176575679623e-06,0.00011986197535273,0.000107373670724143,"gene-Akt/gene-sip3/gene-Uba1/gene-Cnot4/gene-MTA1-like/gene-TER94/gene-mTor/gene-Usp20-33/gene-Trc8/gene-Cul2/gene-LOC142986676/gene-Uch/gene-hyd/gene-LOC142980206/gene-LOC142980840/gene-Rpn1/gene-LOC142978267/gene-lsn/gene-Taf1/gene-Cul3/gene-ctrip/gene-Pngl/gene-Chc/gene-26-29-p/gene-Fbl6/gene-Sec61beta/gene-Ube4A/gene-ClC-b/gene-Use1/gene-LOC142986840/gene-Nedd4/gene-kel/gene-Npl4/gene-LOC142975769/gene-axed/gene-poe/gene-LOC142977148/gene-YME1L/gene-BNIP3/gene-LOC142976035/gene-Usp5/gene-Rpn2/gene-LOC142987404/gene-ari-1/gene-Ubc10/gene-LOC142975774/gene-LOC142982437/gene-Bcp/gene-LOC142981302/gene-ALiX/gene-dbo/gene-TOR1/gene-mub/gene-SmE/gene-ClpX/gene-mts/gene-Ube4B/gene-LOC142983921/gene-HERC2/gene-UbcE2H/gene-morgue/gene-SkpA/gene-CSN3/gene-p47/gene-casp/gene-rt/gene-Keap1/gene-Smurf/gene-mop/gene-LOC142981372/gene-Cdc16/gene-LOC142978729/gene-LOC142973163/gene-LOC142975254/gene-CatD/gene-LOC142981210/gene-RpL40/gene-LOC142972835/gene-Sem1/gene-LOC142982305/gene-Der-2/gene-eff/gene-LOC142979741/gene-FBXO11/gene-Yod1/gene-Rchy1/gene-AP-1-2beta/gene-lap/gene-Su(dx)/gene-LOC142981688/gene-Snx6/gene-Plap/gene-Apt1/gene-Rpn9/gene-Prosalpha4/gene-LOC142972933/gene-Ide/gene-Ubr1/gene-Cul1/gene-stx/gene-LOC142977808/gene-Cul4/gene-LOC142986602/gene-LOC142984893/gene-Rpt1/gene-Prosalpha3/gene-LOC142983029/gene-Ufd4/gene-LOC142976150/gene-Prosalpha5/gene-rdx/gene-Prosbeta3/gene-LOC142980886/gene-LOC142976476/gene-raskol/gene-shtd/gene-Ubc7/gene-LOC142981085/gene-Clc/gene-LOC142980509/gene-LOC142980945/gene-Sirt2/gene-LOC142978166/gene-RanBP3/gene-APC10/gene-Wdr81/gene-Edem2/gene-ago/gene-Iap/gene-Bruce/gene-LOC142982895/gene-Ube3a/gene-PI31/gene-Prosbeta6/gene-LOC142975827/gene-LOC142980441/gene-LOC142979838/gene-Prosbeta7/gene-LOC142984509/gene-Usp12-46/gene-Ltn1/gene-LOC142985616/gene-LOC142973162/gene-Diap2/gene-LOC142978434/gene-LOC142981689/gene-Cdc27/gene-key/gene-elgi/gene-LOC142979027/gene-Prosalpha7/gene-TSG101/gene-Fbxl4/gene-LOC142980612/gene-Ubr3/gene-Ubc4/gene-pall/gene-LOC142978828/gene-Bre1/gene-pic/gene-morula/gene-LOC142980695/gene-LOC142975219/gene-Ufd1-like/gene-Prosbeta2/gene-Ubqn/gene-Vps36/gene-LOC142981007/gene-Hecw/gene-LOC142975776/gene-l(2)dtl/gene-LOC142978465/gene-tun/gene-pofut1/gene-bon/gene-LOC142985452/gene-LOC142974238/gene-LOC142974078/gene-LOC142972211/gene-LOC142975775/gene-Cdk1/gene-Kaz",182,"BP"
"GO:0016651","oxidoreductase activity, acting on NAD(P)H","49/3690","76/9658",0.644736842105263,1.68749821708743,4.73118772772009,2.93453349012685e-06,0.00016916722472496,0.000151541853298192,"gene-ND-B17.2/gene-ND-13A/gene-LOC142977612/gene-ND-ASHI/gene-ND-B18/gene-ND-ACP/gene-ND-B16.6/gene-ND-B12/gene-LOC142977913/gene-ND-B15/gene-LOC142980234/gene-LOC142983602/gene-Dhrs4/gene-LOC142984567/gene-ND-B17/gene-Fdh/gene-ND-39/gene-ND-B14.5B/gene-ND-13B/gene-Pngl/gene-LOC142973869/gene-Trx2/gene-ND-PDSW/gene-ND-B8/gene-ND-SGDH/gene-Ndufs8/gene-ND-MNLL/gene-LOC142974820/gene-LOC142980570/gene-ND-B22/gene-ND-24/gene-ND-30/gene-ND-42/gene-ND-18/gene-LOC142987813/gene-ECSIT/gene-LOC142987070/gene-LOC142982921/gene-Pgk/gene-LOC142972243/gene-LOC142981623/gene-LOC142981491/gene-LOC142974821/gene-LOC142973821/gene-LOC142981767/gene-LOC142977880/gene-LOC142974053/gene-LOC142977128/gene-ND-49",49,"MF"
"GO:0003713","transcription coactivator activity","110/3690","204/9658",0.53921568627451,1.41131303469897,4.66873957058973,3.02476523632311e-06,0.000172915746009805,0.00015489981973381,"gene-MED14/gene-LOC142982010/gene-LOC142980122/gene-nej/gene-LOC142987559/gene-MTA1-like/gene-MED1/gene-Hcf/gene-Bap60/gene-Ssb-c31a/gene-mbf1/gene-Nacalpha/gene-LOC142985114/gene-Taf1/gene-dom/gene-enok/gene-nhr/gene-LOC142984322/gene-TfIIA-S/gene-LOC142983557/gene-Usp16-45/gene-BmDJ-1beta/gene-LOC142987276/gene-MED16/gene-MED7/gene-osa/gene-Bap111/gene-crc/gene-Ets/gene-kto/gene-LOC142975096/gene-MED21/gene-tgo/gene-LOC142976253/gene-LOC142981256/gene-LOC142987440/gene-USP/gene-LOC142978501/gene-Ubc10/gene-arm/gene-CtBP/gene-LOC142972265/gene-upSET/gene-EcR/gene-MED6/gene-Nnp-1/gene-kibra/gene-Ncoa6/gene-tai/gene-MED20/gene-ERR/gene-LOC142978810/gene-exd/gene-Pcd/gene-PQBP1/gene-LOC142974632/gene-Mad/gene-LOC142973990/gene-C/EBP/gene-Mef2/gene-Gata-beta/gene-LOC142972424/gene-Prp6/gene-ZnT49B/gene-Wbp2/gene-EloB/gene-LOC142987394/gene-mle/gene-Nup98-96/gene-LOC142977702/gene-LOC142973507/gene-Jra/gene-Atf-2/gene-MED4/gene-Ube3a/gene-mnb/gene-LOC142973986/gene-LOC142983952/gene-Bx42/gene-MED11/gene-Su(var)2-10/gene-LOC142985250/gene-skd/gene-tna/gene-LOC142984108/gene-Diap2/gene-Bx/gene-ecd/gene-MED31/gene-TSG101/gene-PHO/gene-Bre1/gene-LOC142973965/gene-ftz-f1/gene-rno/gene-LOC142985878/gene-LOC142987264/gene-Mrtf/gene-Lpin/gene-LOC142974205/gene-LOC142978875/gene-chm/gene-LOC142973568/gene-bon/gene-LOC142979948/gene-Art4/gene-eya/gene-LOC142981468/gene-wda/gene-LOC142982313",110,"MF"
"GO:0016458","GO:0016458","88/3690","157/9658",0.560509554140127,1.46704641568709,4.63922143310861,3.70944281717257e-06,0.000209778117920761,0.000187921536354366,"gene-bel/gene-LOC142972436/gene-Su(z)12/gene-LOC142975301/gene-MTA1-like/gene-Fmr1/gene-Cbp20/gene-Upf1/gene-Spt6/gene-Ranbp21/gene-Tis11/gene-MRG15/gene-dom/gene-Top2/gene-trsn/gene-LOC142973946/gene-LOC142987276/gene-osa/gene-LOC142973734/gene-Not1/gene-LOC142977989/gene-Dcr-1/gene-LOC142978501/gene-LOC142981452/gene-Usp7/gene-spn-E/gene-upSET/gene-Ack/gene-E(z)/gene-LOC142976459/gene-Hsc70-4/gene-Smg6/gene-LOC142977695/gene-AGO1/gene-Bin1/gene-jub/gene-Mt2/gene-LOC142974425/gene-FBXO11/gene-Pp2C1/gene-LOC142975609/gene-gw/gene-e(y)3/gene-Ubr1/gene-LOC142985107/gene-Ago2/gene-wech/gene-qin/gene-LOC142980839/gene-LOC142975011/gene-HDAC4/gene-LOC142978391/gene-Sirt2/gene-PH/gene-mle/gene-drosha/gene-LOC142973507/gene-Hmt4-20/gene-LOC142972469/gene-LOC142975305/gene-LOC142982946/gene-Ars2/gene-Gas41/gene-Tlk/gene-LOC142975866/gene-HPS4/gene-Gyf/gene-LOC142984108/gene-wge/gene-pelo/gene-Khc/gene-LOC142981050/gene-Dnmt1/gene-PHO/gene-LOC142976794/gene-LOC142983442/gene-LOC142986113/gene-pcm/gene-Caf1-55/gene-Sce/gene-chm/gene-Smox/gene-LOC142985452/gene-LOC142974426/gene-Iswi/gene-LOC142987181/gene-Cbp80/gene-aub",88,NA
"GO:0060966","regulation of gene silencing by regulatory ncRNA","40/3690","59/9658",0.677966101694915,1.77447062606219,4.69178229564338,3.73074786972782e-06,0.000209778117920761,0.000187921536354366,"gene-RpII215/gene-Fmr1/gene-Ranbp21/gene-Egfr/gene-Rpb7/gene-garnet/gene-dom/gene-LOC142981658/gene-Rpb12/gene-LOC142987276/gene-RpII33/gene-Dcr-1/gene-LOC142978501/gene-Regnase-1/gene-CRIF/gene-pink/gene-Rpb11/gene-Rpb8/gene-AGO1/gene-jub/gene-stau/gene-Rat1/gene-FBXO11/gene-gw/gene-rb/gene-Sdc/gene-ca/gene-RpII15/gene-wech/gene-RpII18/gene-Dg/gene-Adar/gene-mle/gene-LOC142974980/gene-CycJ/gene-HPS4/gene-Polr2D/gene-cd/gene-RpII140/gene-LOC142973568",40,"BP"
"GO:0005085","guanyl-nucleotide exchange factor activity","68/3690","115/9658",0.591304347826087,1.54764698951337,4.64544213185735,3.91688498232761e-06,0.000218453910396483,0.000195693406305765,"gene-LOC142972305/gene-brun/gene-eEF1delta/gene-RhoGEF2/gene-pbl/gene-Egfr/gene-Fas2/gene-C3G/gene-Crag/gene-Trs20/gene-Sec61beta/gene-RanBPM/gene-Tctp/gene-LOC142977347/gene-Sec71/gene-Fak/gene-Rabex-5/gene-Efa6/gene-Bet5/gene-GEFmeso/gene-LOC142978023/gene-eIF2Bbeta/gene-HERC2/gene-LOC142987317/gene-eIF2Balpha/gene-LOC142979470/gene-eEF1beta/gene-eIF2Bgamma/gene-mbc/gene-strat/gene-LOC142972184/gene-Trs31/gene-trio/gene-pns/gene-eIF2Bdelta/gene-Zir/gene-Dap160/gene-Shc/gene-ca/gene-LOC142984783/gene-LOC142980720/gene-LOC142982760/gene-PDZ-GEF/gene-Arf102F/gene-spri/gene-Rich/gene-Rab3GAP1/gene-Ras85D/gene-Sos/gene-Als2/gene-LOC142977848/gene-LOC142986421/gene-LOC142977238/gene-LOC142981996/gene-Lamtor2/gene-HPS4/gene-l(3)76BDm/gene-Lamtor5/gene-Dis3/gene-eIF2Bepsilon/gene-Mon1/gene-LOC142987602/gene-LOC142972521/gene-LOC142986182/gene-Gapvd1/gene-Rcc1/gene-cyst/gene-hop",68,"MF"
"GO:0004842","ubiquitin-protein transferase activity","103/3690","190/9658",0.542105263157895,1.41887605191841,4.58514525959584,4.51396007956551e-06,0.000249723920530802,0.000223705423977109,"gene-sip3/gene-Cnot4/gene-Kcmf1/gene-Trc8/gene-Pex2/gene-hyd/gene-m-cup/gene-LOC142980206/gene-LOC142974739/gene-LOC142978267/gene-Taf1/gene-Cul3/gene-ctrip/gene-LOC142975717/gene-Fbl6/gene-LOC142981655/gene-Ube4A/gene-Nedd4/gene-mib1/gene-LOC142976389/gene-LOC142972497/gene-poe/gene-LOC142972233/gene-Rabex-5/gene-LOC142987404/gene-LOC142987539/gene-ari-1/gene-Ubc10/gene-LOC142982437/gene-dbo/gene-Hakai/gene-gus/gene-Ube4B/gene-HERC2/gene-UbcE2H/gene-SkpA/gene-unk/gene-Smurf/gene-LOC142981372/gene-Cdc16/gene-LOC142983499/gene-LOC142980432/gene-Uev1A/gene-Pex10/gene-eff/gene-LOC142979741/gene-FBXO11/gene-Mrgn1/gene-Rchy1/gene-Su(dx)/gene-LOC142976045/gene-Ubr1/gene-Cul1/gene-Tsp26A/gene-Ufd4/gene-LOC142976150/gene-mio/gene-LOC142980886/gene-LOC142976476/gene-wech/gene-shtd/gene-Ubc7/gene-qin/gene-LOC142974104/gene-Tnks/gene-LOC142978166/gene-APC10/gene-tn/gene-LOC142977702/gene-roq/gene-ago/gene-Iap/gene-Bruce/gene-Ube3a/gene-LOC142984509/gene-Ltn1/gene-LOC142983145/gene-gzl/gene-Diap2/gene-LOC142978434/gene-LOC142974714/gene-Cdc27/gene-elgi/gene-LOC142979027/gene-Fbxl4/gene-LOC142986697/gene-Ubr3/gene-Ubc4/gene-Pli/gene-dnr1/gene-Bre1/gene-rno/gene-morula/gene-LOC142975219/gene-LOC142985567/gene-Vps11/gene-LOC142973251/gene-Hecw/gene-bon/gene-LOC142974238/gene-LOC142972211/gene-UbcE2M/gene-Kaz",103,"MF"
"GO:0019693","ribose phosphate metabolic process","183/3690","370/9658",0.494594594594595,1.29452428037794,4.54235166352819,4.66974960771096e-06,0.000256275858471178,0.000229574721766877,"gene-ND-B17.2/gene-ND-13A/gene-LOC142977612/gene-LOC142972320/gene-ND-ASHI/gene-ND-B18/gene-ND-ACP/gene-TER94/gene-ND-B16.6/gene-ND-B12/gene-ox/gene-LOC142977913/gene-sun/gene-ATPsynF/gene-ND-B15/gene-LOC142980234/gene-CLS/gene-LOC142977953/gene-ATPsynE/gene-LOC142975930/gene-ATPsynG/gene-LOC142986781/gene-LOC142980673/gene-LOC142984621/gene-Stoml2/gene-LOC142984567/gene-ND-B17/gene-UQCR-Q/gene-cype/gene-ND-39/gene-Rho1/gene-LOC142981526/gene-ND-B14.5B/gene-ND-13B/gene-ATPsynO/gene-ATPsynCF6/gene-LOC142979187/gene-fh/gene-LOC142974129/gene-LOC142974900/gene-COX5A/gene-LOC142973869/gene-BmDJ-1beta/gene-FASN1/gene-ND-PDSW/gene-ND-B8/gene-ND-SGDH/gene-LOC142976110/gene-Ndufs8/gene-awd/gene-Uqcr11/gene-ATPsynD/gene-ND-MNLL/gene-LOC142980570/gene-LOC142977255/gene-LOC142976875/gene-sdt/gene-Apf/gene-ND-B22/gene-Dcps/gene-Cyt-c1/gene-ND-24/gene-ND-30/gene-LOC142975892/gene-ND-42/gene-Nt5b/gene-ATPsynB/gene-LOC142977004/gene-Tpst/gene-Pfk/gene-Ppt2/gene-Coq9/gene-LOC142980177/gene-LOC142979424/gene-Uccr/gene-Surf1/gene-wal/gene-bur/gene-LOC142980932/gene-ATPsyndelta/gene-ND-18/gene-Pde11/gene-Pmi/gene-LOC142981749/gene-ACBP/gene-LOC142982435/gene-LOC142979801/gene-LOC142984745/gene-LOC142987259/gene-Hmgc/gene-pyd/gene-zip/gene-Taldo/gene-LOC142984620/gene-Acsf2/gene-sea/gene-LOC142973060/gene-Aps/gene-LOC142973569/gene-ScpX/gene-Dera/gene-mino/gene-LOC142987070/gene-Paics/gene-LOC142978914/gene-LOC142977137/gene-Coq7/gene-LOC142980931/gene-Hr3/gene-Mpi/gene-Pglym/gene-LOC142979137/gene-LOC142972933/gene-rudimentary/gene-TRAM/gene-LOC142979897/gene-LOC142987720/gene-Etfb/gene-ATPCL/gene-Nfs1/gene-LOC142987859/gene-Ak2/gene-Rpi/gene-Gcy/gene-LOC142982921/gene-Pgk/gene-LOC142981212/gene-Pfrx/gene-Ctps/gene-LOC142972519/gene-SdhA/gene-LOC142977139/gene-LOC142980956/gene-Gart/gene-Mk/gene-AcCoAS/gene-LOC142975029/gene-Uba4/gene-LOC142981491/gene-LOC142981472/gene-CIA30/gene-LOC142982078/gene-Taz/gene-Pde8/gene-LOC142987472/gene-Snf4agamma/gene-Tpi/gene-LOC142976034/gene-LOC142983063/gene-vari/gene-ScsbetaA/gene-LOC142979808/gene-Ac13E/gene-Khc/gene-LOC142976533/gene-kdn/gene-Mccc2/gene-Dak1/gene-LOC142977747/gene-Nc73EF/gene-r-l/gene-LOC142972753/gene-blw/gene-Acsl/gene-Papst2/gene-LOC142985615/gene-Pfas/gene-UQCR-C2/gene-Papss/gene-LOC142978234/gene-l(2)k01209/gene-LOC142972287/gene-spel1/gene-Sc2/gene-ATPsynC/gene-Acade/gene-ND-49/gene-Prps/gene-Pdk/gene-LOC142980012/gene-LOC142972321/gene-LOC142987061/gene-LOC142972447",183,"BP"
"GO:0005758","mitochondrial intermembrane space","35/3690","50/9658",0.7,1.83214092140921,4.63858240123596,4.92739777595145e-06,0.000268269434468468,0.000240318698546404,"gene-ND-B18/gene-LOC142987685/gene-LOC142977922/gene-Ccdc58/gene-Dhod/gene-Stoml2/gene-LOC142984567/gene-Cmc1/gene-Blos1/gene-Tim9a/gene-LOC142977652/gene-BmDJ-1beta/gene-LOC142973734/gene-LOC142980570/gene-LOC142977004/gene-LOC142979424/gene-Tim10/gene-Ppox/gene-Arl2/gene-Coa7/gene-Coprox/gene-LOC142975824/gene-Ak2/gene-LOC142985213/gene-Sdhaf3/gene-Tim23/gene-LOC142981472/gene-LOC142978528/gene-LOC142979256/gene-MICU1/gene-shop/gene-Fbxl4/gene-Trap1/gene-PNPase/gene-Mulk",35,"CC"
"GO:0098556","cytoplasmic side of rough endoplasmic reticulum membrane","15/3690","16/9658",0.9375,2.45376016260163,4.57603231837253,5.45223679378822e-06,0.000294506648861317,0.000263822282653424,"gene-RpL36A/gene-RpL29/gene-RpL14/gene-RpS28b/gene-RpL22/gene-RpL23/gene-RpL27/gene-RpS21/gene-RpS29/gene-RpL11/gene-RpL32/gene-RpL6/gene-RpS3/gene-RpS20/gene-sta",15,"CC"
"GO:0009259","ribonucleotide metabolic process","177/3690","357/9658",0.495798319327731,1.29767484229464,4.50641630550833,5.53662438815535e-06,0.000296728463302701,0.00026581260837213,"gene-ND-B17.2/gene-ND-13A/gene-LOC142977612/gene-LOC142972320/gene-ND-ASHI/gene-ND-B18/gene-ND-ACP/gene-TER94/gene-ND-B16.6/gene-ND-B12/gene-ox/gene-LOC142977913/gene-sun/gene-ATPsynF/gene-ND-B15/gene-LOC142980234/gene-CLS/gene-LOC142977953/gene-ATPsynE/gene-LOC142975930/gene-ATPsynG/gene-LOC142986781/gene-LOC142980673/gene-LOC142984621/gene-Stoml2/gene-LOC142984567/gene-ND-B17/gene-UQCR-Q/gene-cype/gene-ND-39/gene-Rho1/gene-LOC142981526/gene-ND-B14.5B/gene-ND-13B/gene-ATPsynO/gene-ATPsynCF6/gene-LOC142979187/gene-fh/gene-LOC142974129/gene-LOC142974900/gene-COX5A/gene-LOC142973869/gene-BmDJ-1beta/gene-FASN1/gene-ND-PDSW/gene-ND-B8/gene-ND-SGDH/gene-LOC142976110/gene-Ndufs8/gene-awd/gene-Uqcr11/gene-ATPsynD/gene-ND-MNLL/gene-LOC142980570/gene-LOC142977255/gene-sdt/gene-Apf/gene-ND-B22/gene-Dcps/gene-Cyt-c1/gene-ND-24/gene-ND-30/gene-LOC142975892/gene-ND-42/gene-Nt5b/gene-ATPsynB/gene-LOC142977004/gene-Tpst/gene-Pfk/gene-Ppt2/gene-Coq9/gene-LOC142980177/gene-LOC142979424/gene-Uccr/gene-Surf1/gene-wal/gene-bur/gene-LOC142980932/gene-ATPsyndelta/gene-ND-18/gene-Pde11/gene-Pmi/gene-LOC142981749/gene-ACBP/gene-LOC142982435/gene-LOC142979801/gene-LOC142984745/gene-LOC142987259/gene-Hmgc/gene-pyd/gene-zip/gene-LOC142984620/gene-Acsf2/gene-sea/gene-LOC142973060/gene-Aps/gene-LOC142973569/gene-ScpX/gene-mino/gene-LOC142987070/gene-Paics/gene-LOC142978914/gene-LOC142977137/gene-Coq7/gene-LOC142980931/gene-Hr3/gene-Mpi/gene-Pglym/gene-LOC142972933/gene-rudimentary/gene-TRAM/gene-LOC142979897/gene-LOC142987720/gene-Etfb/gene-ATPCL/gene-Nfs1/gene-LOC142987859/gene-Ak2/gene-Gcy/gene-LOC142982921/gene-Pgk/gene-LOC142981212/gene-Pfrx/gene-Ctps/gene-LOC142972519/gene-SdhA/gene-LOC142977139/gene-LOC142980956/gene-Gart/gene-Mk/gene-AcCoAS/gene-LOC142975029/gene-Uba4/gene-LOC142981491/gene-LOC142981472/gene-CIA30/gene-LOC142982078/gene-Taz/gene-Pde8/gene-LOC142987472/gene-Snf4agamma/gene-Tpi/gene-LOC142976034/gene-LOC142983063/gene-vari/gene-ScsbetaA/gene-LOC142979808/gene-Ac13E/gene-Khc/gene-LOC142976533/gene-kdn/gene-Mccc2/gene-Dak1/gene-LOC142977747/gene-Nc73EF/gene-r-l/gene-LOC142972753/gene-blw/gene-Acsl/gene-Papst2/gene-LOC142985615/gene-Pfas/gene-UQCR-C2/gene-Papss/gene-LOC142978234/gene-l(2)k01209/gene-LOC142972287/gene-spel1/gene-Sc2/gene-ATPsynC/gene-Acade/gene-ND-49/gene-Prps/gene-Pdk/gene-LOC142980012/gene-LOC142972321/gene-LOC142972447",177,"BP"
"GO:0044270","GO:0044270","162/3690","323/9658",0.501547987616099,1.31272370308842,4.49494923932026,5.96098753816228e-06,0.000316995151254211,0.000283967729480142,"gene-Sir-1/gene-Cnot4/gene-RpLP0/gene-TER94/gene-RpS11/gene-mago/gene-RpL13/gene-Cbp20/gene-LOC142983616/gene-LSm1/gene-Upf1/gene-RpL38/gene-LOC142978219/gene-Rpb7/gene-RpL24/gene-Psi/gene-RpL36A/gene-RpL37-1/gene-RpL29/gene-nonC/gene-RpL14/gene-RpL31/gene-LOC142984803/gene-LOC142979790/gene-RpS10b/gene-LOC142987276/gene-RpS7/gene-Pym/gene-RpL37A/gene-RpS12/gene-Not1/gene-LOC142980570/gene-RpS2/gene-LOC142985465/gene-Ahcy/gene-Apf/gene-RpL34/gene-cyp33/gene-RpLP1/gene-Ythdf/gene-Dcr-1/gene-Dcps/gene-LOC142983189/gene-LOC142975892/gene-LOC142973667/gene-RpS28b/gene-LOC142978501/gene-Nt5b/gene-RpL12/gene-LOC142980905/gene-Regnase-1/gene-RpL19/gene-Pfk/gene-LOC142977474/gene-Zpr1/gene-RpL22/gene-RpS30/gene-LSm3/gene-LOC142974964/gene-RpS8/gene-Pde11/gene-RpL23/gene-LOC142981749/gene-LOC142974542/gene-LOC142985268/gene-RpL27/gene-Smg6/gene-AGO1/gene-LOC142982435/gene-LOC142987259/gene-Ada/gene-LOC142978140/gene-eIF4AIII/gene-RpS21/gene-RpS29/gene-Rat1/gene-Aps/gene-LOC142982193/gene-LOC142974425/gene-LSm7/gene-LOC142983003/gene-Dera/gene-RpL13A/gene-Not3/gene-RpS25/gene-LOC142976667/gene-LOC142986094/gene-LOC142984599/gene-gw/gene-LOC142981797/gene-Mpi/gene-Pglym/gene-tsu/gene-su(sable)/gene-tst/gene-Rrp46/gene-TRAM/gene-UGT48C1/gene-LOC142976900/gene-RpL28/gene-Edc3/gene-RpL15/gene-LOC142982921/gene-Pgk/gene-LOC142981212/gene-Mtr4/gene-Pfrx/gene-Mthfs/gene-sqd/gene-wech/gene-LOC142981263/gene-LOC142975029/gene-LOC142980839/gene-RpS3A/gene-LOC142978883/gene-LOC142978391/gene-RpL11/gene-Rrp4/gene-roq/gene-btz/gene-Rrp6/gene-LOC142977057/gene-Not11/gene-RpL32/gene-RpL10/gene-LOC142978882/gene-Rrp40/gene-Tpi/gene-LOC142984719/gene-Dna2/gene-LOC142978852/gene-RpL21/gene-Rga/gene-RpL6/gene-Polr2D/gene-eRF1/gene-pelo/gene-nompA/gene-Unr/gene-Tbp/gene-Dis3/gene-RpS3/gene-RNaseX25/gene-La/gene-RpL7/gene-pix/gene-pcm/gene-RpS14/gene-Sir-3/gene-LOC142983803/gene-PNPase/gene-LOC142974494/gene-RpS20/gene-Drep4/gene-Ski6/gene-LOC142974426/gene-Ogg1/gene-LOC142985526/gene-sta/gene-Cbp80/gene-LOC142981839/gene-LOC142977656",162,NA
"GO:0009150","purine ribonucleotide metabolic process","172/3690","346/9658",0.497109826589595,1.30110750818491,4.48495450725068,6.13899034420368e-06,0.000323949798163363,0.000290197778376203,"gene-ND-B17.2/gene-ND-13A/gene-LOC142977612/gene-LOC142972320/gene-ND-ASHI/gene-ND-B18/gene-ND-ACP/gene-TER94/gene-ND-B16.6/gene-ND-B12/gene-ox/gene-LOC142977913/gene-sun/gene-ATPsynF/gene-ND-B15/gene-LOC142980234/gene-CLS/gene-LOC142977953/gene-ATPsynE/gene-LOC142975930/gene-ATPsynG/gene-LOC142986781/gene-LOC142980673/gene-LOC142984621/gene-Stoml2/gene-LOC142984567/gene-ND-B17/gene-UQCR-Q/gene-cype/gene-ND-39/gene-Rho1/gene-LOC142981526/gene-ND-B14.5B/gene-ND-13B/gene-ATPsynO/gene-ATPsynCF6/gene-LOC142979187/gene-fh/gene-LOC142974129/gene-LOC142974900/gene-COX5A/gene-LOC142973869/gene-BmDJ-1beta/gene-FASN1/gene-ND-PDSW/gene-ND-B8/gene-ND-SGDH/gene-LOC142976110/gene-Ndufs8/gene-awd/gene-Uqcr11/gene-ATPsynD/gene-ND-MNLL/gene-LOC142980570/gene-LOC142977255/gene-sdt/gene-Apf/gene-ND-B22/gene-Dcps/gene-Cyt-c1/gene-ND-24/gene-ND-30/gene-LOC142975892/gene-ND-42/gene-Nt5b/gene-ATPsynB/gene-LOC142977004/gene-Tpst/gene-Pfk/gene-Ppt2/gene-Coq9/gene-LOC142980177/gene-LOC142979424/gene-Uccr/gene-Surf1/gene-wal/gene-bur/gene-LOC142980932/gene-ATPsyndelta/gene-ND-18/gene-Pde11/gene-Pmi/gene-LOC142981749/gene-ACBP/gene-LOC142982435/gene-LOC142979801/gene-LOC142984745/gene-LOC142987259/gene-Hmgc/gene-pyd/gene-zip/gene-LOC142984620/gene-Acsf2/gene-sea/gene-LOC142973060/gene-Aps/gene-LOC142973569/gene-ScpX/gene-mino/gene-LOC142987070/gene-Paics/gene-LOC142978914/gene-LOC142977137/gene-Coq7/gene-LOC142980931/gene-Hr3/gene-Mpi/gene-Pglym/gene-LOC142972933/gene-TRAM/gene-LOC142979897/gene-LOC142987720/gene-Etfb/gene-ATPCL/gene-Nfs1/gene-LOC142987859/gene-Ak2/gene-Gcy/gene-LOC142982921/gene-Pgk/gene-LOC142981212/gene-Pfrx/gene-LOC142972519/gene-SdhA/gene-LOC142977139/gene-LOC142980956/gene-Gart/gene-Mk/gene-AcCoAS/gene-LOC142975029/gene-Uba4/gene-LOC142981491/gene-LOC142981472/gene-CIA30/gene-LOC142982078/gene-Taz/gene-Pde8/gene-LOC142987472/gene-Snf4agamma/gene-Tpi/gene-LOC142976034/gene-LOC142983063/gene-vari/gene-ScsbetaA/gene-LOC142979808/gene-Ac13E/gene-Khc/gene-LOC142976533/gene-kdn/gene-Mccc2/gene-LOC142977747/gene-Nc73EF/gene-LOC142972753/gene-blw/gene-Acsl/gene-Papst2/gene-LOC142985615/gene-Pfas/gene-UQCR-C2/gene-Papss/gene-LOC142978234/gene-LOC142972287/gene-spel1/gene-Sc2/gene-ATPsynC/gene-Acade/gene-ND-49/gene-Prps/gene-Pdk/gene-LOC142980012/gene-LOC142972321/gene-LOC142972447",172,"BP"
"GO:0006403","RNA localization","115/3690","218/9658",0.527522935779816,1.38070908232018,4.47049258437604,7.29085040752018e-06,0.00038179567782892,0.000342016751137829,"gene-Sir-1/gene-Fmr1/gene-mago/gene-Sap-r/gene-Cbp20/gene-Upf1/gene-mRpL18/gene-l(1)G0007/gene-Ranbp21/gene-Rbfox1/gene-LOC142977493/gene-lsn/gene-Chc/gene-Trs20/gene-nonC/gene-LOC142981658/gene-SF2/gene-RASSF8/gene-LOC142986840/gene-LOC142979577/gene-Pi3K59F/gene-Nup154/gene-LOC142984096/gene-nito/gene-eEF5/gene-Tsc1/gene-Dcr-1/gene-LOC142987440/gene-Ran/gene-LOC142974308/gene-Nup205/gene-LOC142981302/gene-spn-E/gene-Pat1/gene-LOC142976459/gene-Sym/gene-LOC142985268/gene-thoc6/gene-Smg6/gene-Cog2/gene-Nup188/gene-stau/gene-Lkb1/gene-Dhc64C/gene-Hel25E/gene-eIF4AIII/gene-insc/gene-par-1/gene-bic/gene-LOC142978249/gene-LOC142981688/gene-LOC142974928/gene-LOC142985954/gene-tsu/gene-Mat89Ba/gene-B52/gene-U2af50/gene-Ago2/gene-Prp6/gene-tud/gene-Clp/gene-LOC142973783/gene-csul/gene-LOC142975214/gene-Nop60B/gene-sqd/gene-xmas/gene-tho2/gene-Bet3/gene-Srp54/gene-Hrb27C/gene-RanBP3/gene-Fib/gene-Nup98-96/gene-Rrp4/gene-Rab6/gene-btz/gene-jvl/gene-Dbp80/gene-Rrp6/gene-CPSF1/gene-LOC142973202/gene-Flo1/gene-Poldip3/gene-thoc7/gene-LOC142982223/gene-Nup54/gene-Rrp40/gene-LOC142978852/gene-Polr2D/gene-LOC142981689/gene-Khc/gene-Hpr1/gene-Dlic/gene-lt/gene-Rbmx2/gene-PHO/gene-Gmer/gene-LOC142976794/gene-La/gene-LOC142980967/gene-pix/gene-spn-A/gene-Sir-3/gene-Nmd3/gene-PNPase/gene-drongo/gene-Nup43/gene-Vps36/gene-Ns3/gene-sta/gene-Phax/gene-Nup133/gene-Cbp80/gene-aub",115,"BP"
"GO:0035770","ribonucleoprotein granule","88/3690","159/9658",0.553459119496855,1.44859300165329,4.48468561825659,7.41030107596126e-06,0.000385111101371926,0.000344986743871306,"gene-bel/gene-RpLP0/gene-Fmr1/gene-TER94/gene-SNRPG/gene-LOC142983616/gene-LSm1/gene-yps/gene-Upf1/gene-sud1/gene-Rpb7/gene-Psi/gene-rin/gene-LOC142981658/gene-LOC142973946/gene-LOC142984803/gene-LOC142987276/gene-mbl/gene-Not1/gene-LOC142985465/gene-poe/gene-Ythdf/gene-Dcps/gene-LOC142983189/gene-LOC142980505/gene-LOC142978501/gene-Regnase-1/gene-LSm3/gene-spn-E/gene-HnRNP-K/gene-LOC142976459/gene-raptor/gene-Sym/gene-AGO1/gene-jub/gene-SmD1/gene-stau/gene-Mt2/gene-LOC142974425/gene-PQBP1/gene-Not3/gene-Capr/gene-LOC142975609/gene-gw/gene-LOC142976358/gene-LOC142978385/gene-RpL28/gene-Edc3/gene-Rpt1/gene-tud/gene-Prosalpha3/gene-LOC142976074/gene-LOC142974423/gene-Vlg/gene-rock1/gene-sm/gene-wech/gene-qin/gene-LOC142978845/gene-Hrb27C/gene-mle/gene-Nup98-96/gene-tapas/gene-roq/gene-Dbp80/gene-LOC142973202/gene-Poldip3/gene-LOC142982223/gene-LOC142979838/gene-LOC142984719/gene-sw/gene-LOC142978852/gene-Gyf/gene-Rga/gene-RpL6/gene-Polr2D/gene-Khc/gene-LOC142981050/gene-LOC142978691/gene-LOC142976794/gene-LOC142978446/gene-pcm/gene-LOC142977826/gene-LOC142974426/gene-AMPKalpha/gene-rdgB/gene-wda/gene-aub",88,"CC"
"GO:0010506","regulation of autophagy","119/3690","227/9658",0.524229074889868,1.37208791471175,4.46066401067492,7.54101503911912e-06,0.000388957617807197,0.000348432495436308,"gene-Akt/gene-LOC142981931/gene-nej/gene-Atg16/gene-Cisd2/gene-Spt5/gene-mTor/gene-Usp20-33/gene-Sap-r/gene-Tak1/gene-hep/gene-LOC142974540/gene-G9a/gene-LOC142975164/gene-NAT1/gene-Syx17/gene-LOC142981347/gene-LOC142987371/gene-nero/gene-Vha13/gene-Sod2/gene-Atg1/gene-Sec61beta/gene-rho-7/gene-Nedd4/gene-LOC142974110/gene-BmDJ-1beta/gene-fab1/gene-Abl/gene-Sod1/gene-Lamtor3/gene-Iml1/gene-Pi3K59F/gene-BI-1/gene-Fak/gene-Tsc1/gene-BNIP3/gene-Usp5/gene-LOC142975945/gene-LOC142983850/gene-LOC142979909/gene-LOC142974002/gene-Regnase-1/gene-Aduk/gene-LOC142981610/gene-LOC142977083/gene-TOR1/gene-EcR/gene-Dronc/gene-LOC142987546/gene-raptor/gene-LOC142976622/gene-LOC142975900/gene-foxo/gene-Mtmr6/gene-SREBP/gene-LOC142981333/gene-Cdc37/gene-Lkb1/gene-Smurf/gene-Rab1/gene-ema/gene-Atg17/gene-VhaAC39-1/gene-Drp1/gene-Synj/gene-Nup44A/gene-Rab8/gene-Npc1a/gene-snRNP-U1-70K/gene-Paf-AHalpha/gene-Snx6/gene-Exo70/gene-RagC-D/gene-Ant/gene-Wdr24/gene-LOC142987512/gene-ca/gene-Gata-beta/gene-LOC142980720/gene-Cln7/gene-LOC142987583/gene-LOC142972452/gene-rock1/gene-Vha44/gene-Rab3GAP1/gene-Exo84/gene-Ras85D/gene-Sirt2/gene-LOC142977906/gene-Bulli/gene-ago/gene-Bruce/gene-Caspase1/gene-LOC142986118/gene-Lamtor2/gene-Tlk/gene-Vha26/gene-Gyf/gene-LOC142984509/gene-Slh/gene-LOC142986131/gene-lace/gene-sigmar/gene-elgi/gene-Uvrag/gene-Pten/gene-LOC142982098/gene-wcy/gene-Utx/gene-LOC142974657/gene-raf/gene-Ubqn/gene-LOC142978875/gene-Atg4a/gene-Smox/gene-AMPKalpha/gene-BHD/gene-LOC142972942",119,"BP"
"GO:0043632","modification-dependent macromolecule catabolic process","143/3690","281/9658",0.508896797153025,1.33195806691163,4.44042276383058,7.84381253209465e-06,0.000401556372911711,0.000359718598290405,"gene-sip3/gene-Uba1/gene-Cnot4/gene-MTA1-like/gene-TER94/gene-Usp20-33/gene-Trc8/gene-Cul2/gene-LOC142986676/gene-hyd/gene-LOC142980206/gene-Rpn1/gene-LOC142978267/gene-lsn/gene-Taf1/gene-Cul3/gene-ctrip/gene-Pngl/gene-Fbl6/gene-Sec61beta/gene-Ube4A/gene-LOC142986840/gene-Nedd4/gene-kel/gene-Npl4/gene-axed/gene-poe/gene-LOC142977148/gene-Usp5/gene-Rpn2/gene-LOC142987404/gene-ari-1/gene-Ubc10/gene-LOC142982437/gene-LOC142981302/gene-ALiX/gene-dbo/gene-mub/gene-SmE/gene-mts/gene-Ube4B/gene-LOC142983921/gene-HERC2/gene-UbcE2H/gene-morgue/gene-SkpA/gene-CSN3/gene-p47/gene-casp/gene-Keap1/gene-Smurf/gene-mop/gene-LOC142981372/gene-Cdc16/gene-LOC142978729/gene-RpL40/gene-LOC142972835/gene-Sem1/gene-Der-2/gene-eff/gene-LOC142979741/gene-FBXO11/gene-Yod1/gene-Rchy1/gene-lap/gene-Su(dx)/gene-Plap/gene-Rpn9/gene-Prosalpha4/gene-Ubr1/gene-Cul1/gene-LOC142977808/gene-Cul4/gene-LOC142984893/gene-Rpt1/gene-Prosalpha3/gene-LOC142983029/gene-Ufd4/gene-LOC142976150/gene-Prosalpha5/gene-rdx/gene-Prosbeta3/gene-LOC142980886/gene-LOC142976476/gene-shtd/gene-Ubc7/gene-LOC142981085/gene-LOC142980509/gene-Sirt2/gene-LOC142978166/gene-RanBP3/gene-APC10/gene-Wdr81/gene-Edem2/gene-Rrp4/gene-ago/gene-Iap/gene-Bruce/gene-LOC142982895/gene-Rrp6/gene-Ube3a/gene-PI31/gene-Prosbeta6/gene-LOC142975827/gene-LOC142980441/gene-LOC142979838/gene-Rrp40/gene-Prosbeta7/gene-LOC142984509/gene-Usp12-46/gene-Ltn1/gene-LOC142985616/gene-Diap2/gene-LOC142978434/gene-Cdc27/gene-LOC142979027/gene-Prosalpha7/gene-TSG101/gene-Fbxl4/gene-LOC142980612/gene-Ubr3/gene-Ubc4/gene-pall/gene-LOC142978828/gene-Bre1/gene-pic/gene-morula/gene-LOC142980695/gene-LOC142975219/gene-Ufd1-like/gene-Prosbeta2/gene-PNPase/gene-Ubqn/gene-Vps36/gene-Hecw/gene-l(2)dtl/gene-LOC142978465/gene-LOC142985452/gene-LOC142974238/gene-LOC142974078/gene-LOC142972211/gene-Cdk1/gene-Kaz",143,"BP"
"GO:0019941","modification-dependent protein catabolic process","139/3690","272/9658",0.511029411764706,1.33753985333971,4.44006293484519,7.91533442036087e-06,0.000402216252767967,0.000360309725895257,"gene-sip3/gene-Uba1/gene-Cnot4/gene-MTA1-like/gene-TER94/gene-Usp20-33/gene-Trc8/gene-Cul2/gene-LOC142986676/gene-hyd/gene-LOC142980206/gene-Rpn1/gene-LOC142978267/gene-lsn/gene-Taf1/gene-Cul3/gene-ctrip/gene-Pngl/gene-Fbl6/gene-Sec61beta/gene-Ube4A/gene-LOC142986840/gene-Nedd4/gene-kel/gene-Npl4/gene-axed/gene-poe/gene-LOC142977148/gene-Usp5/gene-Rpn2/gene-LOC142987404/gene-ari-1/gene-Ubc10/gene-LOC142982437/gene-LOC142981302/gene-ALiX/gene-dbo/gene-mub/gene-SmE/gene-mts/gene-Ube4B/gene-LOC142983921/gene-HERC2/gene-UbcE2H/gene-morgue/gene-SkpA/gene-CSN3/gene-p47/gene-casp/gene-Keap1/gene-Smurf/gene-mop/gene-LOC142981372/gene-Cdc16/gene-LOC142978729/gene-RpL40/gene-LOC142972835/gene-Sem1/gene-Der-2/gene-eff/gene-LOC142979741/gene-FBXO11/gene-Yod1/gene-Rchy1/gene-lap/gene-Su(dx)/gene-Plap/gene-Rpn9/gene-Prosalpha4/gene-Ubr1/gene-Cul1/gene-LOC142977808/gene-Cul4/gene-LOC142984893/gene-Rpt1/gene-Prosalpha3/gene-LOC142983029/gene-Ufd4/gene-LOC142976150/gene-Prosalpha5/gene-rdx/gene-Prosbeta3/gene-LOC142980886/gene-LOC142976476/gene-shtd/gene-Ubc7/gene-LOC142981085/gene-LOC142980509/gene-Sirt2/gene-LOC142978166/gene-RanBP3/gene-APC10/gene-Wdr81/gene-Edem2/gene-ago/gene-Iap/gene-Bruce/gene-LOC142982895/gene-Ube3a/gene-PI31/gene-Prosbeta6/gene-LOC142975827/gene-LOC142980441/gene-LOC142979838/gene-Prosbeta7/gene-LOC142984509/gene-Usp12-46/gene-Ltn1/gene-LOC142985616/gene-Diap2/gene-LOC142978434/gene-Cdc27/gene-LOC142979027/gene-Prosalpha7/gene-TSG101/gene-Fbxl4/gene-LOC142980612/gene-Ubr3/gene-Ubc4/gene-pall/gene-LOC142978828/gene-Bre1/gene-pic/gene-morula/gene-LOC142980695/gene-LOC142975219/gene-Ufd1-like/gene-Prosbeta2/gene-Ubqn/gene-Vps36/gene-Hecw/gene-l(2)dtl/gene-LOC142978465/gene-LOC142985452/gene-LOC142974238/gene-LOC142974078/gene-LOC142972211/gene-Cdk1/gene-Kaz",139,"BP"
"GO:0019439","GO:0019439","165/3690","332/9658",0.496987951807229,1.30078851993339,4.38533206564129,9.63343519655031e-06,0.00048592180476717,0.000435294076450934,"gene-Sir-1/gene-Cnot4/gene-RpLP0/gene-TER94/gene-RpS11/gene-mago/gene-RpL13/gene-Cbp20/gene-LOC142983616/gene-LSm1/gene-Upf1/gene-RpL38/gene-LOC142978219/gene-Rpb7/gene-RpL24/gene-Psi/gene-RpL36A/gene-RpL37-1/gene-RpL29/gene-nonC/gene-RpL14/gene-RpL31/gene-LOC142984803/gene-LOC142979790/gene-RpS10b/gene-LOC142987276/gene-RpS7/gene-Pym/gene-RpL37A/gene-RpS12/gene-Not1/gene-LOC142980570/gene-RpS2/gene-LOC142985465/gene-Ahcy/gene-Apf/gene-RpL34/gene-cyp33/gene-RpLP1/gene-Ythdf/gene-Dcr-1/gene-Dcps/gene-LOC142983189/gene-LOC142975892/gene-LOC142973667/gene-RpS28b/gene-LOC142978501/gene-Nt5b/gene-RpL12/gene-LOC142980905/gene-GSTz2/gene-Regnase-1/gene-RpL19/gene-Pfk/gene-LOC142977474/gene-Zpr1/gene-RpL22/gene-RpS30/gene-LSm3/gene-LOC142974964/gene-RpS8/gene-Pde11/gene-RpL23/gene-LOC142981749/gene-LOC142974542/gene-LOC142985268/gene-RpL27/gene-Smg6/gene-AGO1/gene-LOC142982435/gene-LOC142987259/gene-Ada/gene-LOC142978140/gene-eIF4AIII/gene-RpS21/gene-RpS29/gene-Rat1/gene-Aps/gene-LOC142982193/gene-LOC142974425/gene-LSm7/gene-LOC142983003/gene-Pcd/gene-Dera/gene-RpL13A/gene-Not3/gene-RpS25/gene-LOC142976667/gene-LOC142986094/gene-LOC142984599/gene-gw/gene-LOC142981797/gene-Mpi/gene-Pglym/gene-tsu/gene-su(sable)/gene-tst/gene-Rrp46/gene-TRAM/gene-UGT48C1/gene-LOC142976900/gene-RpL28/gene-Edc3/gene-RpL15/gene-LOC142982921/gene-Pgk/gene-LOC142981212/gene-Mtr4/gene-Pfrx/gene-Mthfs/gene-sqd/gene-wech/gene-LOC142981263/gene-LOC142975029/gene-LOC142980839/gene-RpS3A/gene-LOC142978883/gene-LOC142978391/gene-RpL11/gene-Rrp4/gene-roq/gene-btz/gene-Rrp6/gene-Not11/gene-RpL32/gene-RpL10/gene-LOC142978882/gene-Rrp40/gene-Tpi/gene-LOC142984719/gene-Dna2/gene-LOC142978852/gene-RpL21/gene-Rga/gene-RpL6/gene-Polr2D/gene-eRF1/gene-pelo/gene-GSTz1/gene-nompA/gene-Unr/gene-Tbp/gene-Dis3/gene-RpS3/gene-RNaseX25/gene-La/gene-RpL7/gene-pix/gene-pcm/gene-RpS14/gene-Sir-3/gene-LOC142983803/gene-PNPase/gene-LOC142974494/gene-RpS20/gene-Drep4/gene-Ski6/gene-LOC142974426/gene-Ogg1/gene-LOC142987520/gene-LOC142985526/gene-sta/gene-Cbp80/gene-LOC142981839/gene-LOC142977656",165,NA
"GO:0046700","GO:0046700","161/3690","323/9658",0.498452012383901,1.30462047035331,4.37847703251592,9.98645814023563e-06,0.000500051845562164,0.00044795192180327,"gene-Sir-1/gene-Cnot4/gene-RpLP0/gene-TER94/gene-RpS11/gene-mago/gene-RpL13/gene-Cbp20/gene-LOC142983616/gene-LSm1/gene-Upf1/gene-RpL38/gene-LOC142978219/gene-Rpb7/gene-RpL24/gene-Psi/gene-RpL36A/gene-RpL37-1/gene-RpL29/gene-nonC/gene-RpL14/gene-RpL31/gene-LOC142984803/gene-LOC142979790/gene-RpS10b/gene-LOC142987276/gene-RpS7/gene-Pym/gene-RpL37A/gene-RpS12/gene-Not1/gene-LOC142980570/gene-RpS2/gene-LOC142985465/gene-Ahcy/gene-Apf/gene-RpL34/gene-cyp33/gene-RpLP1/gene-Ythdf/gene-Dcr-1/gene-Dcps/gene-LOC142983189/gene-LOC142975892/gene-LOC142973667/gene-RpS28b/gene-LOC142978501/gene-Nt5b/gene-RpL12/gene-LOC142980905/gene-Regnase-1/gene-RpL19/gene-Pfk/gene-LOC142977474/gene-Zpr1/gene-RpL22/gene-RpS30/gene-LSm3/gene-LOC142974964/gene-RpS8/gene-Pde11/gene-RpL23/gene-LOC142981749/gene-LOC142974542/gene-LOC142985268/gene-RpL27/gene-Smg6/gene-AGO1/gene-LOC142982435/gene-LOC142987259/gene-Ada/gene-LOC142978140/gene-eIF4AIII/gene-RpS21/gene-RpS29/gene-Rat1/gene-Aps/gene-LOC142982193/gene-LOC142974425/gene-LSm7/gene-LOC142983003/gene-Dera/gene-RpL13A/gene-Not3/gene-RpS25/gene-LOC142976667/gene-LOC142986094/gene-LOC142984599/gene-gw/gene-LOC142981797/gene-Mpi/gene-Pglym/gene-tsu/gene-su(sable)/gene-tst/gene-Rrp46/gene-TRAM/gene-UGT48C1/gene-LOC142976900/gene-RpL28/gene-Edc3/gene-RpL15/gene-LOC142982921/gene-Pgk/gene-LOC142981212/gene-Mtr4/gene-Pfrx/gene-Mthfs/gene-sqd/gene-wech/gene-LOC142981263/gene-LOC142975029/gene-LOC142980839/gene-RpS3A/gene-LOC142978883/gene-LOC142978391/gene-RpL11/gene-Rrp4/gene-roq/gene-btz/gene-Rrp6/gene-Not11/gene-RpL32/gene-RpL10/gene-LOC142978882/gene-Rrp40/gene-Tpi/gene-LOC142984719/gene-Dna2/gene-LOC142978852/gene-RpL21/gene-Rga/gene-RpL6/gene-Polr2D/gene-eRF1/gene-pelo/gene-nompA/gene-Unr/gene-Tbp/gene-Dis3/gene-RpS3/gene-RNaseX25/gene-La/gene-RpL7/gene-pix/gene-pcm/gene-RpS14/gene-Sir-3/gene-LOC142983803/gene-PNPase/gene-LOC142974494/gene-RpS20/gene-Drep4/gene-Ski6/gene-LOC142974426/gene-Ogg1/gene-LOC142985526/gene-sta/gene-Cbp80/gene-LOC142981839/gene-LOC142977656",161,NA
"GO:0120114","Sm-like protein family complex","45/3690","71/9658",0.633802816901408,1.65888010992786,4.38141206297298,1.43443816236422e-05,0.000713061289407143,0.000638768115322833,"gene-Sf3a1/gene-SNRPG/gene-Spx/gene-LSm1/gene-Prp8/gene-SmD2/gene-Prp39/gene-Sf3b1/gene-LOC142974692/gene-LOC142984803/gene-Sf3b6/gene-Sec71/gene-LOC142985465/gene-l(3)72Ab/gene-LOC142983189/gene-LSm3/gene-LOC142974964/gene-LOC142976508/gene-LOC142975423/gene-SmD1/gene-Prp31/gene-LSm7/gene-Prp3/gene-icln/gene-snRNP-U1-70K/gene-holn1/gene-SmB/gene-obe/gene-Prp6/gene-Dim1/gene-LOC142978561/gene-Sf3b5/gene-U2A/gene-SmF/gene-barc/gene-Fib/gene-pps/gene-wmd/gene-LOC142979169/gene-LOC142985529/gene-Rbmx2/gene-Sf3b3/gene-Phf5a/gene-LOC142972901/gene-LOC142972462",45,"CC"
"GO:0008535","respiratory chain complex IV assembly","19/3690","23/9658",0.826086956521739,2.16215388240839,4.38754503744467,1.64892683609603e-05,0.000813786913353868,0.00072899923280035,"gene-LOC142973585/gene-LOC142987536/gene-Cmc1/gene-LOC142980491/gene-LOC142977652/gene-LOC142976078/gene-Scox/gene-Cox11/gene-OXA1L/gene-Bcs1/gene-l(3)87Df/gene-LOC142977004/gene-Surf1/gene-Ccdc56/gene-l(3)neo43/gene-LOC142985213/gene-Atac2/gene-LOC142979256/gene-LOC142976034",19,"BP"
"GO:0043021","ribonucleoprotein complex binding","62/3690","106/9658",0.584905660377358,1.53089942220177,4.32153385847109,1.67200031507988e-05,0.00081928015438914,0.000733920138303483,"gene-bel/gene-Fmr1/gene-eIF4B/gene-mTor/gene-SNRPG/gene-LOC142986676/gene-yps/gene-LOC142974739/gene-Spase12/gene-Top2/gene-Sec61beta/gene-RsfS312/gene-LOC142987276/gene-Pym/gene-eEF2/gene-Srp9/gene-mRRF1/gene-LOC142983192/gene-DENR/gene-LOC142974411/gene-OXA1L/gene-RpLP1/gene-Ythdf/gene-LOC142978501/gene-Regnase-1/gene-LOC142976987/gene-TOR1/gene-E(z)/gene-HnRNP-K/gene-unk/gene-LOC142985268/gene-Smg6/gene-SmD1/gene-stau/gene-eIF4AIII/gene-Prp31/gene-RpS21/gene-PQBP1/gene-snRNP-U1-70K/gene-Su(dx)/gene-holn1/gene-LOC142983927/gene-SmB/gene-Prp6/gene-csul/gene-LOC142972597/gene-barc/gene-LOC142973375/gene-mle/gene-Naa15-16/gene-rictor/gene-eRF1/gene-pelo/gene-ecd/gene-LOC142972521/gene-pix/gene-Cpsf6/gene-Nmd3/gene-LOC142974472/gene-LOC142985452/gene-sta/gene-LOC142972462",62,"MF"
"GO:0043161","proteasome-mediated ubiquitin-dependent protein catabolic process","118/3690","228/9658",0.517543859649123,1.35459040555318,4.26047919658668,1.79488621793786e-05,0.000873256698939981,0.000782272918277062,"gene-sip3/gene-MTA1-like/gene-TER94/gene-Trc8/gene-Cul2/gene-LOC142986676/gene-LOC142977673/gene-LOC142982719/gene-LOC142980206/gene-Rpn1/gene-LOC142978267/gene-Taf1/gene-Cul3/gene-ctrip/gene-Pngl/gene-Fbl6/gene-Sec61beta/gene-Ube4A/gene-Nedd4/gene-Npl4/gene-Usp14/gene-axed/gene-LOC142977148/gene-Usp5/gene-Rpn2/gene-LOC142987404/gene-LOC142982437/gene-dbo/gene-gus/gene-mub/gene-SmE/gene-mts/gene-Ube4B/gene-LOC142983921/gene-Pat1/gene-LOC142972863/gene-HERC2/gene-UbcE2H/gene-morgue/gene-SkpA/gene-p47/gene-casp/gene-Keap1/gene-Smurf/gene-Cdc16/gene-LOC142978729/gene-LOC142972835/gene-Sem1/gene-Der-2/gene-eff/gene-LOC142979741/gene-FBXO11/gene-Yod1/gene-Su(dx)/gene-Plap/gene-Rpn9/gene-Prosalpha4/gene-Ubr1/gene-Cul1/gene-LOC142977808/gene-LOC142975375/gene-Cul4/gene-Rpt1/gene-Prosalpha3/gene-LOC142983029/gene-Ufd4/gene-LOC142976150/gene-Prosalpha5/gene-rdx/gene-Prosbeta3/gene-LOC142980886/gene-LOC142976476/gene-shtd/gene-Ubc7/gene-LOC142981085/gene-Sirt2/gene-LOC142978166/gene-APC10/gene-tn/gene-Edem2/gene-ago/gene-LOC142982895/gene-Ube3a/gene-PI31/gene-Prosbeta6/gene-Rad23/gene-LOC142979838/gene-Prosbeta7/gene-LOC142984509/gene-Ltn1/gene-LOC142985616/gene-LOC142978208/gene-Diap2/gene-LOC142978434/gene-LOC142984135/gene-Cdc27/gene-LOC142979027/gene-Prosalpha7/gene-Fbxl4/gene-LOC142980612/gene-Ubr3/gene-Ubc4/gene-pall/gene-LOC142981527/gene-pic/gene-morula/gene-LOC142980695/gene-LOC142975219/gene-Prosbeta2/gene-Ubqn/gene-Hecw/gene-l(2)dtl/gene-LOC142985452/gene-LOC142974238/gene-LOC142974078/gene-LOC142972211/gene-Cdk1/gene-Kaz",118,"BP"
"GO:0003899","DNA-directed RNA polymerase activity","23/3690","30/9658",0.766666666666667,2.006630532972,4.34192759844061,2.0196394652639e-05,0.000975684981106363,0.000874029295642006,"gene-RpII215/gene-Rpb7/gene-Rpb12/gene-RpII33/gene-Polr3F/gene-RpI135/gene-MED21/gene-Polr3H/gene-Rpb11/gene-RpIII128/gene-Rpb8/gene-MED20/gene-l(2)37Cg/gene-RpII15/gene-RpI12/gene-RpII18/gene-Polr1C/gene-Polr3C/gene-LOC142981635/gene-Polr2D/gene-Polr1F/gene-Polr3A/gene-RpII140",23,"MF"
"GO:0044257","GO:0044257","163/3690","331/9658",0.492447129909366,1.28890362619638,4.20548310910771,2.09046777669866e-05,0.00100283978658411,0.00089835486789597,"gene-sip3/gene-Uba1/gene-Cnot4/gene-MTA1-like/gene-TER94/gene-Usp20-33/gene-Trc8/gene-Cul2/gene-LOC142986676/gene-hyd/gene-LOC142980206/gene-LOC142980840/gene-Rpn1/gene-LOC142978267/gene-lsn/gene-Taf1/gene-Cul3/gene-ctrip/gene-Pngl/gene-Chc/gene-26-29-p/gene-Fbl6/gene-Sec61beta/gene-Ube4A/gene-ClC-b/gene-LOC142986840/gene-Nedd4/gene-kel/gene-Npl4/gene-LOC142975769/gene-axed/gene-poe/gene-LOC142977148/gene-YME1L/gene-BNIP3/gene-Usp5/gene-Rpn2/gene-LOC142987404/gene-ari-1/gene-Ubc10/gene-LOC142975774/gene-LOC142982437/gene-Bcp/gene-LOC142981302/gene-ALiX/gene-dbo/gene-mub/gene-SmE/gene-mts/gene-Ube4B/gene-LOC142983921/gene-HERC2/gene-UbcE2H/gene-morgue/gene-SkpA/gene-CSN3/gene-p47/gene-casp/gene-rt/gene-Keap1/gene-Smurf/gene-mop/gene-LOC142981372/gene-Cdc16/gene-LOC142978729/gene-LOC142981210/gene-RpL40/gene-LOC142972835/gene-Sem1/gene-LOC142982305/gene-Der-2/gene-eff/gene-LOC142979741/gene-FBXO11/gene-Yod1/gene-Rchy1/gene-AP-1-2beta/gene-lap/gene-Su(dx)/gene-LOC142981688/gene-Snx6/gene-Plap/gene-Rpn9/gene-Prosalpha4/gene-LOC142972933/gene-Ide/gene-Ubr1/gene-Cul1/gene-stx/gene-LOC142977808/gene-Cul4/gene-LOC142984893/gene-Rpt1/gene-Prosalpha3/gene-LOC142983029/gene-Ufd4/gene-LOC142976150/gene-Prosalpha5/gene-rdx/gene-Prosbeta3/gene-LOC142980886/gene-LOC142976476/gene-raskol/gene-shtd/gene-Ubc7/gene-LOC142981085/gene-Clc/gene-LOC142980509/gene-LOC142980945/gene-Sirt2/gene-LOC142978166/gene-RanBP3/gene-APC10/gene-Wdr81/gene-Edem2/gene-ago/gene-Iap/gene-Bruce/gene-LOC142982895/gene-Ube3a/gene-PI31/gene-Prosbeta6/gene-LOC142975827/gene-LOC142980441/gene-LOC142979838/gene-Prosbeta7/gene-LOC142984509/gene-Usp12-46/gene-Ltn1/gene-LOC142985616/gene-Diap2/gene-LOC142978434/gene-LOC142981689/gene-Cdc27/gene-elgi/gene-LOC142979027/gene-Prosalpha7/gene-TSG101/gene-Fbxl4/gene-LOC142980612/gene-Ubr3/gene-Ubc4/gene-pall/gene-LOC142978828/gene-Bre1/gene-pic/gene-morula/gene-LOC142980695/gene-LOC142975219/gene-Ufd1-like/gene-Prosbeta2/gene-Ubqn/gene-Vps36/gene-LOC142981007/gene-Hecw/gene-l(2)dtl/gene-LOC142978465/gene-LOC142985452/gene-LOC142974238/gene-LOC142974078/gene-LOC142972211/gene-Cdk1/gene-Kaz",163,NA
"GO:0006163","purine nucleotide metabolic process","172/3690","352/9658",0.488636363636364,1.27892953929539,4.19183528175032,2.18712089990953e-05,0.00104192009537357,0.000933363436671916,"gene-ND-B17.2/gene-ND-13A/gene-LOC142977612/gene-LOC142972320/gene-ND-ASHI/gene-ND-B18/gene-ND-ACP/gene-TER94/gene-ND-B16.6/gene-ND-B12/gene-ox/gene-LOC142977913/gene-sun/gene-ATPsynF/gene-ND-B15/gene-LOC142980234/gene-CLS/gene-LOC142977953/gene-ATPsynE/gene-LOC142975930/gene-ATPsynG/gene-LOC142986781/gene-LOC142980673/gene-LOC142984621/gene-Stoml2/gene-LOC142984567/gene-ND-B17/gene-UQCR-Q/gene-cype/gene-ND-39/gene-Rho1/gene-LOC142981526/gene-ND-B14.5B/gene-ND-13B/gene-ATPsynO/gene-ATPsynCF6/gene-LOC142979187/gene-fh/gene-LOC142974129/gene-LOC142974900/gene-COX5A/gene-LOC142973869/gene-BmDJ-1beta/gene-FASN1/gene-ND-PDSW/gene-ND-B8/gene-ND-SGDH/gene-LOC142976110/gene-Ndufs8/gene-awd/gene-Uqcr11/gene-ATPsynD/gene-ND-MNLL/gene-LOC142980570/gene-LOC142977255/gene-sdt/gene-Apf/gene-ND-B22/gene-Dcps/gene-Cyt-c1/gene-ND-24/gene-ND-30/gene-LOC142975892/gene-ND-42/gene-Nt5b/gene-ATPsynB/gene-LOC142977004/gene-Tpst/gene-Pfk/gene-Ppt2/gene-Coq9/gene-LOC142980177/gene-LOC142979424/gene-Uccr/gene-Surf1/gene-wal/gene-bur/gene-LOC142980932/gene-ATPsyndelta/gene-ND-18/gene-Pde11/gene-Pmi/gene-LOC142981749/gene-ACBP/gene-LOC142982435/gene-LOC142979801/gene-LOC142984745/gene-LOC142987259/gene-Hmgc/gene-pyd/gene-zip/gene-LOC142984620/gene-Acsf2/gene-sea/gene-LOC142973060/gene-Aps/gene-LOC142973569/gene-ScpX/gene-mino/gene-LOC142987070/gene-Paics/gene-LOC142978914/gene-LOC142977137/gene-Coq7/gene-LOC142980931/gene-Hr3/gene-Mpi/gene-Pglym/gene-LOC142972933/gene-TRAM/gene-LOC142979897/gene-LOC142987720/gene-Etfb/gene-ATPCL/gene-Nfs1/gene-LOC142987859/gene-Ak2/gene-Gcy/gene-LOC142982921/gene-Pgk/gene-LOC142981212/gene-Pfrx/gene-LOC142972519/gene-SdhA/gene-LOC142977139/gene-LOC142980956/gene-Gart/gene-Mk/gene-AcCoAS/gene-LOC142975029/gene-Uba4/gene-LOC142981491/gene-LOC142981472/gene-CIA30/gene-LOC142982078/gene-Taz/gene-Pde8/gene-LOC142987472/gene-Snf4agamma/gene-Tpi/gene-LOC142976034/gene-LOC142983063/gene-vari/gene-ScsbetaA/gene-LOC142979808/gene-Ac13E/gene-Khc/gene-LOC142976533/gene-kdn/gene-Mccc2/gene-LOC142977747/gene-Nc73EF/gene-LOC142972753/gene-blw/gene-Acsl/gene-Papst2/gene-LOC142985615/gene-Pfas/gene-UQCR-C2/gene-Papss/gene-LOC142978234/gene-LOC142972287/gene-spel1/gene-Sc2/gene-ATPsynC/gene-Acade/gene-ND-49/gene-Prps/gene-Pdk/gene-LOC142980012/gene-LOC142972321/gene-LOC142972447",172,"BP"
"GO:0000151","ubiquitin ligase complex","91/3690","169/9658",0.538461538461538,1.40933917031478,4.22120384931674,2.27223222378264e-05,0.0010750009003551,0.000962997584206394,"gene-sip3/gene-MED1/gene-Usp20-33/gene-Cul2/gene-m-cup/gene-LOC142980206/gene-LOC142978267/gene-Cand1/gene-LOC142972375/gene-Cul3/gene-Fbl6/gene-LOC142981655/gene-Ube4A/gene-Nedd4/gene-mib1/gene-kel/gene-MED7/gene-LOC142976389/gene-axed/gene-kto/gene-MED21/gene-LOC142987404/gene-ari-1/gene-Ubc10/gene-Coq9/gene-dbo/gene-Hakai/gene-gus/gene-SmE/gene-Ube4B/gene-LOC142983921/gene-MED6/gene-LOC142975923/gene-morgue/gene-SkpA/gene-MED20/gene-slim/gene-LOC142979184/gene-Keap1/gene-Smurf/gene-LOC142981372/gene-Cdc16/gene-mahj/gene-Ndfip/gene-FBXO11/gene-Rchy1/gene-Su(dx)/gene-EloC/gene-Atg3/gene-Ubr1/gene-Cul1/gene-LOC142981043/gene-Cul4/gene-Tsp26A/gene-LOC142983029/gene-LOC142976150/gene-EloB/gene-rdx/gene-MED10/gene-shtd/gene-LOC142978166/gene-PH/gene-APC10/gene-ago/gene-LOC142982895/gene-LOC142975377/gene-LOC142984509/gene-LOC142985616/gene-ScsbetaA/gene-LOC142984135/gene-LOC142979975/gene-MED31/gene-Cdc27/gene-LOC142979027/gene-CycC/gene-LOC142975257/gene-Fbxl4/gene-LOC142986697/gene-Ubr3/gene-LOC142981121/gene-pall/gene-Bre1/gene-pic/gene-morula/gene-LOC142980695/gene-Sce/gene-LOC142975219/gene-l(2)dtl/gene-LOC142972911/gene-LOC142974078/gene-LOC142972211",91,"CC"
"GO:0030532","small nuclear ribonucleoprotein complex","41/3690","64/9658",0.640625,1.67673611111111,4.27099804698327,2.35895717614333e-05,0.00110838672796871,0.000992904974356506,"gene-Sf3a1/gene-SNRPG/gene-Spx/gene-Prp8/gene-SmD2/gene-Prp39/gene-Sf3b1/gene-LOC142984803/gene-Sf3b6/gene-Sec71/gene-LOC142985465/gene-l(3)72Ab/gene-LOC142983189/gene-LSm3/gene-LOC142974964/gene-LOC142976508/gene-LOC142975423/gene-SmD1/gene-Prp31/gene-LSm7/gene-Prp3/gene-snRNP-U1-70K/gene-holn1/gene-SmB/gene-obe/gene-Prp6/gene-Dim1/gene-LOC142978561/gene-Sf3b5/gene-U2A/gene-SmF/gene-barc/gene-Fib/gene-pps/gene-LOC142979169/gene-LOC142985529/gene-Rbmx2/gene-Sf3b3/gene-Phf5a/gene-LOC142972901/gene-LOC142972462",41,"CC"
"GO:0006325","chromatin organization","192/3690","399/9658",0.481203007518797,1.25947388797196,4.16215219456897,2.41828831761884e-05,0.00112853454822213,0.00101095361247825,"gene-Mi-2/gene-LOC142982010/gene-Kdm3/gene-LOC142972436/gene-Su(z)12/gene-nej/gene-LOC142975301/gene-Sin3A/gene-E(bx)/gene-MTA1-like/gene-Fmr1/gene-Hcf/gene-Bap60/gene-Tak1/gene-Spt6/gene-LOC142980840/gene-G9a/gene-MRG15/gene-Taf1/gene-dom/gene-LOC142973132/gene-LOC142972375/gene-enok/gene-LOC142974456/gene-Top2/gene-LOC142983557/gene-LOC142987387/gene-Usp16-45/gene-Sirt7/gene-osa/gene-Sgf29/gene-LOC142973734/gene-fkh/gene-JMJD5/gene-Bap111/gene-tara/gene-Nipped-B/gene-Ptip/gene-Irbp18/gene-LOC142972233/gene-Rnp4F/gene-polybromo/gene-kto/gene-grp/gene-LOC142977989/gene-LOC142975096/gene-Dcr-1/gene-LOC142987404/gene-LOC142987440/gene-Chrac-14/gene-LOC142983051/gene-arm/gene-MBD-R2/gene-CtBP/gene-egg/gene-LOC142981452/gene-Gug/gene-LOC142982670/gene-LOC142975934/gene-Usp7/gene-spn-E/gene-upSET/gene-bur/gene-yem/gene-E(z)/gene-MrgBP/gene-LOC142979030/gene-SkpA/gene-MHF2/gene-Hsc70-4/gene-LOC142980064/gene-LOC142977695/gene-AGO1/gene-Mcm2/gene-LOC142983062/gene-HDAC6/gene-Bin1/gene-LOC142978810/gene-Chrac-16/gene-Hel25E/gene-LOC142981372/gene-eIF4AIII/gene-pea/gene-Pa1/gene-LOC142977333/gene-mahj/gene-LOC142984224/gene-Arp8/gene-LOC142986486/gene-Set1/gene-FBXO11/gene-san/gene-Etl1/gene-Pp2C1/gene-Phb1/gene-LOC142986094/gene-PSR/gene-LOC142979210/gene-Ubr1/gene-Cul4/gene-LOC142980860/gene-eco/gene-l(3)mbt/gene-LOC142985107/gene-LOC142980720/gene-Ago2/gene-LOC142974306/gene-trx/gene-csul/gene-l(1)G0020/gene-LOC142972555/gene-U2A/gene-LOC142978845/gene-LOC142978883/gene-LOC142975011/gene-HDAC4/gene-dre4/gene-sxc/gene-Sirt2/gene-PH/gene-Fib/gene-Nup98-96/gene-LOC142973507/gene-Hmt4-20/gene-LOC142972469/gene-Atac2/gene-Atf-2/gene-LOC142973977/gene-LOC142978882/gene-LOC142975305/gene-Chd1/gene-ash1/gene-LOC142982946/gene-Lgr1/gene-Gas41/gene-Tlk/gene-Set8/gene-HPS4/gene-LOC142985250/gene-tna/gene-LOC142984108/gene-Ino80/gene-wge/gene-Ctr9/gene-Khc/gene-PHO/gene-wcy/gene-LOC142987595/gene-LOC142981593/gene-Nipped-A/gene-LOC142983442/gene-Naa20A/gene-LOC142981496/gene-Bre1/gene-pic/gene-Caf1-55/gene-Utx/gene-rno/gene-scf/gene-Sce/gene-spt4/gene-Hmg-2/gene-Vps11/gene-LOC142987032/gene-jumu/gene-chm/gene-LOC142983454/gene-NO66/gene-bon/gene-YL-1/gene-Atac1/gene-LOC142972211/gene-AMPKalpha/gene-Wdr82/gene-Iswi/gene-Art4/gene-LOC142985604/gene-Cdk1/gene-eya/gene-Pcl/gene-Psf/gene-LOC142972602/gene-LOC142987181/gene-Incenp/gene-wda/gene-Elp4/gene-Nup133/gene-LOC142982989/gene-Elp3/gene-Hat1/gene-aub/gene-hop",192,"BP"
"GO:0017016","GO:0017016","128/3690","252/9658",0.507936507936508,1.32944465952596,4.16677592808477,2.60386675480421e-05,0.00120692742824033,0.00108117881326792,"gene-LOC142972305/gene-brun/gene-Cka/gene-Karybeta3/gene-PlexA/gene-Usp20-33/gene-RhoGEF2/gene-Frl/gene-pbl/gene-Ranbp21/gene-Egfr/gene-LOC142983967/gene-LOC142974750/gene-Fas2/gene-Ntf-2/gene-C3G/gene-LOC142984322/gene-Crag/gene-Trs20/gene-RanBPM/gene-tamo/gene-LOC142984803/gene-LOC142977347/gene-mbt/gene-Fak/gene-Rabex-5/gene-AP-1gamma/gene-Bet5/gene-dia/gene-LOC142980505/gene-GEFmeso/gene-LOC142978023/gene-LOC142981302/gene-l(2)gl/gene-LOC142985486/gene-LOC142987546/gene-Slmap/gene-Tmf/gene-LOC142975900/gene-MICAL-like/gene-Rbcn-3A/gene-LOC142987317/gene-FER/gene-PrBP/gene-Pex5/gene-Tbc1d15-17/gene-wkd/gene-LOC142979470/gene-ema/gene-Rep/gene-mbc/gene-rau/gene-Drp1/gene-TBC1D16/gene-Rab8/gene-LOC142972184/gene-Trs31/gene-trio/gene-lap/gene-LOC142981521/gene-pns/gene-Zir/gene-Dap160/gene-Rbpn-5/gene-Shc/gene-Sra-1/gene-ca/gene-LOC142984783/gene-LOC142980720/gene-LOC142982760/gene-PDZ-GEF/gene-scra/gene-LOC142972452/gene-rock1/gene-slpr/gene-spri/gene-Sec5/gene-cno/gene-Rich/gene-Rab3GAP1/gene-Exo84/gene-Ras85D/gene-Klp64D/gene-Sos/gene-RanBP3/gene-Als2/gene-LOC142977848/gene-LOC142986421/gene-LOC142977335/gene-LOC142980522/gene-hook/gene-Golgin84/gene-Ocrl/gene-Pak/gene-LOC142977238/gene-LOC142981996/gene-Tbc1d22/gene-TBC1d7/gene-LOC142979377/gene-LOC142973128/gene-HPS4/gene-l(3)76BDm/gene-LOC142983905/gene-elgi/gene-nuf/gene-LOC142974327/gene-LOC142980993/gene-LOC142987602/gene-LOC142979028/gene-LOC142981496/gene-LOC142986182/gene-Strip/gene-RapGAP1/gene-LOC142976782/gene-betaggt-II/gene-LOC142975858/gene-raf/gene-Vps52/gene-Zw10/gene-Golgin97/gene-Rim/gene-LOC142976425/gene-Gapvd1/gene-Tbc1d8-9/gene-LOC142986743/gene-Rcc1/gene-cyst/gene-hop",128,NA
"GO:1901361","GO:1901361","168/3690","344/9658",0.488372093023256,1.27823785214596,4.13187532035841,2.82406683639291e-05,0.00130020795286278,0.00116474052920253,"gene-Sir-1/gene-Cnot4/gene-RpLP0/gene-TER94/gene-RpS11/gene-mago/gene-RpL13/gene-Cbp20/gene-LOC142983616/gene-LSm1/gene-Upf1/gene-RpL38/gene-LOC142978219/gene-Rpb7/gene-RpL24/gene-Psi/gene-RpL36A/gene-RpL37-1/gene-RpL29/gene-nonC/gene-RpL14/gene-RpL31/gene-LOC142984803/gene-LOC142979790/gene-RpS10b/gene-LOC142987276/gene-RpS7/gene-Pym/gene-RpL37A/gene-RpS12/gene-Not1/gene-LOC142980570/gene-RpS2/gene-LOC142985465/gene-Ahcy/gene-Apf/gene-RpL34/gene-RpS5/gene-cyp33/gene-RpLP1/gene-Ythdf/gene-Dcr-1/gene-Dcps/gene-LOC142983189/gene-LOC142975892/gene-LOC142973667/gene-RpS28b/gene-LOC142978501/gene-Nt5b/gene-RpL12/gene-LOC142980905/gene-GSTz2/gene-Regnase-1/gene-RpL19/gene-Pfk/gene-LOC142977474/gene-Zpr1/gene-RpL22/gene-RpS30/gene-LSm3/gene-LOC142974964/gene-RpS8/gene-Pde11/gene-RpL23/gene-LOC142981749/gene-LOC142974542/gene-LOC142985268/gene-RpL27/gene-Smg6/gene-AGO1/gene-LOC142982435/gene-LOC142987259/gene-Ada/gene-LOC142978140/gene-eIF4AIII/gene-RpS21/gene-RpS29/gene-Rat1/gene-Aps/gene-LOC142982193/gene-LOC142974425/gene-LSm7/gene-LOC142983003/gene-Pcd/gene-Dera/gene-RpL13A/gene-Not3/gene-RpS25/gene-LOC142976667/gene-LOC142986094/gene-LOC142984599/gene-gw/gene-LOC142981797/gene-Mpi/gene-Pglym/gene-tsu/gene-su(sable)/gene-tst/gene-Rrp46/gene-TRAM/gene-UGT48C1/gene-LOC142976900/gene-RpL28/gene-Edc3/gene-RpL15/gene-LOC142982921/gene-Pgk/gene-LOC142981212/gene-Mtr4/gene-Pfrx/gene-Mthfs/gene-sqd/gene-wech/gene-LOC142981263/gene-LOC142975029/gene-LOC142980839/gene-RpS3A/gene-LOC142978883/gene-LOC142978391/gene-RpL11/gene-Rrp4/gene-roq/gene-btz/gene-Rrp6/gene-Snx17/gene-LOC142977057/gene-Not11/gene-RpL32/gene-RpL10/gene-LOC142978882/gene-Rrp40/gene-Tpi/gene-LOC142984719/gene-Dna2/gene-LOC142978852/gene-RpL21/gene-Rga/gene-RpL6/gene-Polr2D/gene-eRF1/gene-pelo/gene-GSTz1/gene-nompA/gene-Unr/gene-Tbp/gene-Dis3/gene-RpS3/gene-RNaseX25/gene-La/gene-RpL7/gene-pix/gene-pcm/gene-RpS14/gene-Sir-3/gene-LOC142983803/gene-PNPase/gene-LOC142974494/gene-RpS20/gene-Drep4/gene-Ski6/gene-LOC142974426/gene-Ogg1/gene-LOC142987520/gene-LOC142985526/gene-sta/gene-Cbp80/gene-LOC142981839/gene-LOC142977656",168,NA
"GO:0031267","small GTPase binding","137/3690","273/9658",0.501831501831502,1.3134657573682,4.13118061315169,2.96802973963086e-05,0.00135475772795794,0.00121360681537801,"gene-LOC142972305/gene-brun/gene-Cka/gene-Karybeta3/gene-PlexA/gene-Usp20-33/gene-RhoGEF2/gene-Frl/gene-pbl/gene-LOC142974540/gene-Ranbp21/gene-Egfr/gene-LOC142983967/gene-LOC142974750/gene-Fas2/gene-Ntf-2/gene-C3G/gene-LOC142984322/gene-Crag/gene-Trs20/gene-RanBPM/gene-tamo/gene-LOC142984803/gene-LOC142977347/gene-Cse1/gene-Sec71/gene-Tnpo/gene-mbt/gene-Fak/gene-Rabex-5/gene-AP-1gamma/gene-Bet5/gene-DAAM/gene-dia/gene-LOC142980505/gene-GEFmeso/gene-LOC142978023/gene-LOC142981302/gene-l(2)gl/gene-LOC142985486/gene-LOC142987546/gene-Slmap/gene-Tmf/gene-LOC142975900/gene-MICAL-like/gene-Rbcn-3A/gene-LOC142987317/gene-FER/gene-PrBP/gene-Pex5/gene-Tbc1d15-17/gene-wkd/gene-LOC142979470/gene-ema/gene-Rep/gene-mbc/gene-rau/gene-Drp1/gene-TBC1D16/gene-Rab8/gene-LOC142972184/gene-Trs31/gene-trio/gene-lap/gene-LOC142981521/gene-pns/gene-Zir/gene-Dap160/gene-Rbpn-5/gene-Shc/gene-Sra-1/gene-ca/gene-LOC142984783/gene-LOC142980720/gene-LOC142982760/gene-PDZ-GEF/gene-scra/gene-LOC142972452/gene-rock1/gene-cdm/gene-slpr/gene-spri/gene-Sec5/gene-cno/gene-Rich/gene-Rab3GAP1/gene-Exo84/gene-Ras85D/gene-Klp64D/gene-Sos/gene-RanBP3/gene-Als2/gene-LOC142977848/gene-LOC142986421/gene-LOC142977335/gene-LOC142980522/gene-hook/gene-Golgin84/gene-Ocrl/gene-Pak/gene-LOC142977238/gene-LOC142981996/gene-Tbc1d22/gene-TBC1d7/gene-LOC142979377/gene-LOC142973128/gene-HPS4/gene-l(3)76BDm/gene-ebo/gene-LOC142983905/gene-elgi/gene-nuf/gene-LOC142974327/gene-LOC142980993/gene-LOC142987602/gene-LOC142979028/gene-LOC142981496/gene-Git/gene-LOC142986182/gene-Strip/gene-RapGAP1/gene-LOC142976782/gene-betaggt-II/gene-LOC142975858/gene-raf/gene-Vps52/gene-Zw10/gene-Golgin97/gene-Rim/gene-LOC142976425/gene-Gapvd1/gene-Tbc1d8-9/gene-LOC142986743/gene-Rcc1/gene-Tnpo-SR/gene-cyst/gene-hop",137,"MF"
"GO:0022884","macromolecule transmembrane transporter activity","15/3690","17/9658",0.882352941176471,2.30942132950741,4.24876510707966,2.98204689390159e-05,0.00135475772795794,0.00121360681537801,"gene-Sir-1/gene-LOC142987685/gene-Tim8/gene-Tim9a/gene-Sec61beta/gene-LOC142974110/gene-mge/gene-LOC142984096/gene-LOC142981532/gene-LOC142976459/gene-Tim23/gene-LOC142977187/gene-LOC142976516/gene-LOC142976794/gene-Sir-3",15,"MF"
"GO:0005744","TIM23 mitochondrial import inner membrane translocase complex","13/3690","14/9658",0.928571428571429,2.4303910181959,4.21124087494433,3.29978908562897e-05,0.00148924691627729,0.00133408370373282,"gene-blp/gene-LOC142987685/gene-LOC142987536/gene-LOC142980365/gene-Tim8/gene-LOC142987371/gene-Tim9a/gene-LOC142981532/gene-Tim10/gene-Tim23/gene-LOC142977187/gene-LOC142976516/gene-Roe1",13,"CC"
"GO:0071013","catalytic step 2 spliceosome","53/3690","89/9658",0.595505617977528,1.5586431594653,4.16309290462466,3.39620940537934e-05,0.00152274487064721,0.00136409153825969,"gene-hfp/gene-Sf3a1/gene-LOC142980900/gene-SNRPG/gene-mago/gene-Prp8/gene-l(1)G0007/gene-Sf3b1/gene-SF2/gene-LOC142984803/gene-LOC142987276/gene-Sf3b6/gene-cyp33/gene-l(3)72Ab/gene-LOC142978501/gene-LSm3/gene-SmE/gene-LOC142972549/gene-HnRNP-K/gene-LOC142975423/gene-LOC142976459/gene-SmD1/gene-eIF4AIII/gene-pea/gene-ncm/gene-LOC142972841/gene-LSm7/gene-LOC142979085/gene-LOC142976358/gene-tsu/gene-sip1/gene-SmB/gene-Prp6/gene-LOC142973783/gene-Mtr4/gene-U2A/gene-SmF/gene-cactin/gene-Cdc5/gene-Dbp80/gene-Bx42/gene-Srrm234/gene-LOC142979169/gene-LOC142985529/gene-Rbmx2/gene-Sf3b3/gene-Cypl/gene-LOC142976794/gene-Phf5a/gene-Es2/gene-Pnn/gene-fand/gene-LOC142980210",53,"CC"
"GO:0034660","GO:0034660","198/3690","415/9658",0.47710843373494,1.24875697913606,4.07298431436541,3.47823347809281e-05,0.00154939491296862,0.00138796493814804,"gene-RpII215/gene-LOC142979247/gene-LOC142972436/gene-LOC142976128/gene-Archease/gene-Cbp20/gene-Upf1/gene-Rpp25/gene-LOC142978219/gene-mtTFB1/gene-Ranbp21/gene-Rpb7/gene-mRpS9/gene-Psi/gene-TfIIA-S/gene-RpL14/gene-Rpb12/gene-LOC142973946/gene-TfIIEalpha/gene-RpL35/gene-AIMP1/gene-brat/gene-LOC142987276/gene-Sirt7/gene-LOC142973042/gene-RpS24/gene-RpII33/gene-RpS7/gene-LOC142976234/gene-LOC142974580/gene-Usp14/gene-mRpS11/gene-Nipped-B/gene-Trmt112/gene-RpS2/gene-LOC142972368/gene-LOC142980851/gene-mRpL1/gene-RpI135/gene-Dcr-1/gene-LOC142981256/gene-LOC142983189/gene-RpS28b/gene-Tcs1/gene-LOC142978501/gene-LOC142985757/gene-LOC142983051/gene-LOC142975378/gene-LOC142976987/gene-LOC142974308/gene-DNApol-gamma35/gene-TyrRS/gene-Rpb11/gene-spn-E/gene-RpS8/gene-LOC142979030/gene-LOC142975423/gene-LOC142976459/gene-Nnp-1/gene-LOC142985521/gene-Rpb8/gene-RpL27/gene-LOC142977695/gene-AGO1/gene-AsnRS-m/gene-RpS21/gene-LOC142974240/gene-INTS7/gene-LOC142972524/gene-IntS4/gene-Rat1/gene-IntS1/gene-Mt2/gene-LOC142973059/gene-alpha-PheRS/gene-Dtd/gene-Tcs3/gene-Sas10/gene-LOC142983092/gene-Taf13/gene-Hlc/gene-Urm1/gene-IntS6/gene-mino/gene-LOC142972950/gene-LOC142973677/gene-Mat89Ba/gene-Rrp46/gene-Nfs1/gene-mtTFB2/gene-rswl/gene-LOC142980644/gene-LOC142982036/gene-LOC142973389/gene-RpII15/gene-CycT/gene-Vlg/gene-Mtr4/gene-Dhx15/gene-Nop60B/gene-wech/gene-Tfb5/gene-l(1)G0020/gene-Samtor/gene-Ip259/gene-RpII18/gene-LOC142987394/gene-l(2)05287/gene-LOC142980839/gene-Uba4/gene-LOC142978391/gene-IntS10/gene-Dus2/gene-Tgs1/gene-RpL11/gene-LOC142972353/gene-Fib/gene-drosha/gene-tapas/gene-Bka/gene-Rrp4/gene-Gar1/gene-Rs1/gene-Tm/gene-mldr/gene-IntS3/gene-LOC142983431/gene-Rrp6/gene-IntS9/gene-GatA/gene-SerRS-m/gene-AspRS-m/gene-Ctu1/gene-LOC142975305/gene-Chd1/gene-Rrp40/gene-LOC142980055/gene-LOC142975377/gene-Ars2/gene-LOC142978101/gene-Dus1/gene-RpS16/gene-TyrRS-m/gene-LOC142974748/gene-Adat1/gene-LOC142974095/gene-LOC142977001/gene-Polr2D/gene-LOC142972307/gene-pelo/gene-LOC142978813/gene-AlkB/gene-l(2)37Cd/gene-LOC142974651/gene-Pus10/gene-CycC/gene-Tbp/gene-Dis3/gene-LOC142973125/gene-LOC142976794/gene-LOC142972416/gene-La/gene-LOC142972521/gene-kz/gene-RpL7/gene-pcm/gene-Nop10/gene-LOC142975045/gene-Non3/gene-TrpRS/gene-LOC142984811/gene-Cipc/gene-Su(Tpl)/gene-LOC142981246/gene-RpS14/gene-RpII140/gene-Rrp5/gene-LOC142986563/gene-LOC142985517/gene-wuho/gene-IntS8/gene-LOC142983454/gene-Smox/gene-Ski6/gene-Tsen34/gene-Nsun5/gene-LOC142980516/gene-sta/gene-Phax/gene-LOC142982989/gene-LOC142972901/gene-Elp3/gene-Dus3/gene-Cbp80/gene-aub/gene-Dbp21E2/gene-LOC142972443/gene-LOC142977656",198,NA
"GO:0098554","cytoplasmic side of endoplasmic reticulum membrane","18/3690","22/9658",0.818181818181818,2.14146341463415,4.21448810726513,3.59899231380058e-05,0.00159284434017239,0.00142688741106742,"gene-RpL36A/gene-RpL29/gene-RpL14/gene-Use1/gene-RpS28b/gene-RpL22/gene-RpL23/gene-RpL27/gene-RpS21/gene-RpS29/gene-SppL/gene-RpL11/gene-RpL32/gene-RpL6/gene-RpS3/gene-Droj2/gene-RpS20/gene-sta",18,"CC"
"GO:0097525","spliceosomal snRNP complex","37/3690","57/9658",0.649122807017544,1.69897779679551,4.16162041237053,3.83032608957153e-05,0.00168436134451671,0.00150886934621583,"gene-Sf3a1/gene-SNRPG/gene-Spx/gene-Prp8/gene-SmD2/gene-Prp39/gene-Sf3b1/gene-LOC142984803/gene-Sf3b6/gene-LOC142985465/gene-l(3)72Ab/gene-LOC142983189/gene-LSm3/gene-LOC142974964/gene-LOC142976508/gene-LOC142975423/gene-SmD1/gene-Prp31/gene-LSm7/gene-Prp3/gene-snRNP-U1-70K/gene-holn1/gene-SmB/gene-obe/gene-Prp6/gene-Dim1/gene-LOC142978561/gene-Sf3b5/gene-U2A/gene-SmF/gene-barc/gene-LOC142979169/gene-LOC142985529/gene-Rbmx2/gene-Sf3b3/gene-Phf5a/gene-LOC142972462",37,"CC"
"GO:0061630","ubiquitin protein ligase activity","80/3690","147/9658",0.54421768707483,1.42440499234924,4.07704919692434,4.2565031252543e-05,0.00185984786237226,0.00166607209153433,"gene-sip3/gene-Kcmf1/gene-Trc8/gene-hyd/gene-LOC142982719/gene-LOC142980206/gene-LOC142974739/gene-Cul3/gene-ctrip/gene-LOC142975717/gene-LOC142981655/gene-Ube4A/gene-Nedd4/gene-mib1/gene-brat/gene-Neurl4/gene-LOC142976389/gene-LOC142972233/gene-Rabex-5/gene-LOC142987404/gene-ari-1/gene-LOC142982437/gene-Hakai/gene-Ube4B/gene-LOC142972863/gene-HERC2/gene-UbcE2H/gene-Smurf/gene-Cdc16/gene-LOC142980432/gene-Uev1A/gene-eff/gene-LOC142979741/gene-Mrgn1/gene-Rchy1/gene-Su(dx)/gene-Ubr1/gene-Ufd4/gene-LOC142976150/gene-mio/gene-LOC142980886/gene-LOC142976476/gene-wech/gene-shtd/gene-Ubc7/gene-LOC142974104/gene-LOC142978166/gene-APC10/gene-tn/gene-LOC142977702/gene-roq/gene-Iap/gene-Ube3a/gene-Ltn1/gene-LOC142978208/gene-gzl/gene-Diap2/gene-LOC142978434/gene-LOC142974714/gene-LOC142984135/gene-Cdc27/gene-elgi/gene-LOC142979027/gene-LOC142976390/gene-Ubr3/gene-LOC142981121/gene-Ubc4/gene-Pli/gene-Bre1/gene-LOC142981527/gene-rno/gene-morula/gene-Sce/gene-LOC142975219/gene-LOC142985567/gene-LOC142973251/gene-Hecw/gene-bon/gene-LOC142974238/gene-Kaz",80,"MF"
"GO:0050778","positive regulation of immune response","112/3690","218/9658",0.513761467889908,1.34469058452052,4.04754384269535,4.38579195836516e-05,0.00190421093888513,0.00170581302151471,"gene-nej/gene-Sin3A/gene-Spt5/gene-MED1/gene-Vps15/gene-LOC142986676/gene-Tak1/gene-Csk/gene-Dorsal/gene-Stoml2/gene-CYLD/gene-p24-1/gene-Ntf-2/gene-Arpc5/gene-ubl/gene-BmDJ-1beta/gene-Arpc4/gene-Abl/gene-cta/gene-Pi3K59F/gene-LOC142973205/gene-Arpc3A/gene-Polr3F/gene-SCAR/gene-LOC142987153/gene-Fak/gene-LOC142977648/gene-Aos1/gene-AP-1gamma/gene-LOC142975945/gene-Mif/gene-LOC142983051/gene-Regnase-1/gene-LOC142973009/gene-EcR/gene-RpIII128/gene-LOC142979225/gene-HSPC300/gene-LOC142976622/gene-foxo/gene-Lkb1/gene-eIF2Balpha/gene-Stat92E/gene-LOC142978729/gene-psidin/gene-mys/gene-eIF2Bgamma/gene-Ask1/gene-Pitslre/gene-stumps/gene-Mt2/gene-dos/gene-LOC142976420/gene-LOC142984224/gene-sl/gene-PQBP1/gene-Irbp/gene-Su(dx)/gene-Phb1/gene-LOC142983211/gene-SppL/gene-LOC142985416/gene-eIF2Bdelta/gene-BGRP2/gene-Sra-1/gene-LOC142987720/gene-LOC142978385/gene-Mef2/gene-Snmp2/gene-mle/gene-roq/gene-Vamp7/gene-LOC142987905/gene-LOC142979242/gene-LOC142972469/gene-Flo1/gene-Rrp40/gene-Pak/gene-LOC142979377/gene-SOCS5/gene-Arpc1/gene-p130CAS/gene-Polr3C/gene-Usp12-46/gene-LOC142975546/gene-Diap2/gene-key/gene-lic/gene-RpS3/gene-eIF2Bepsilon/gene-Ubr3/gene-LOC142983442/gene-LOC142978730/gene-Uba2/gene-LOC142982298/gene-Ubc4/gene-Pli/gene-Tsf2/gene-Pdk1/gene-LOC142986182/gene-Btk29A/gene-BGRP1/gene-raf/gene-LOC142973568/gene-pll/gene-spel1/gene-fz2/gene-LOC142987908/gene-LOC142972987/gene-Psf/gene-LOC142982989/gene-LOC142975290",112,"BP"
"GO:0033365","protein localization to organelle","224/3690","478/9658",0.468619246861925,1.22653785533671,3.99441591970717,4.67885574865768e-05,0.00201867612803722,0.00180835219203334,"gene-Akt/gene-bel/gene-Srp14/gene-Stam/gene-RpLP0/gene-Karybeta3/gene-blp/gene-LOC142987685/gene-LOC142978902/gene-LOC142987536/gene-RpS11/gene-Vps15/gene-LOC142980365/gene-LOC142986676/gene-RpL13/gene-yps/gene-Pex2/gene-RpL38/gene-Dhrs4/gene-Tim8/gene-Pex13/gene-LOC142974540/gene-LOC142977493/gene-Spase12/gene-lsn/gene-Dci/gene-RpL24/gene-garnet/gene-Tim9a/gene-Ntf-2/gene-Spase25/gene-RpL36A/gene-RpL37-1/gene-RpL29/gene-Sec61beta/gene-Pex3/gene-RpL14/gene-LOC142981658/gene-RpL31/gene-LOC142986840/gene-PPP1R15/gene-Nedd4/gene-mib1/gene-LOC142974110/gene-BmDJ-1beta/gene-Trx2/gene-Klp10A/gene-RpS10b/gene-Phb2/gene-fab1/gene-RpS7/gene-Sgf29/gene-Srp9/gene-cry2/gene-RpL37A/gene-Nup154/gene-RpS12/gene-mge/gene-LOC142984096/gene-Nipped-B/gene-Tnpo/gene-RpS2/gene-Hrs/gene-LOC142987153/gene-LOC142981532/gene-LOC142983192/gene-RpL34/gene-RpLP1/gene-Taf3/gene-LOC142979342/gene-dia/gene-LOC142973667/gene-RpS28b/gene-Ran/gene-vtd/gene-RpL12/gene-RpL19/gene-pink/gene-Nup205/gene-LOC142981302/gene-ALiX/gene-RpL22/gene-LOC142981304/gene-Cnep1r2/gene-LOC142977083/gene-RpS30/gene-LOC142985486/gene-RpS8/gene-E(z)/gene-RpL23/gene-Pmm2/gene-MICAL-like/gene-SkpA/gene-LOC142976803/gene-LOC142980064/gene-Pi4KIIalpha/gene-RpL27/gene-Nup188/gene-jub/gene-LOC142978810/gene-Pex5/gene-Hmgc/gene-Dhc64C/gene-Smurf/gene-LOC142983499/gene-LOC142978729/gene-Sec13/gene-RpS21/gene-Rab1/gene-LOC142974795/gene-RpS29/gene-exd/gene-KdelR/gene-LOC142975016/gene-Gdap1/gene-Drp1/gene-LOC142978249/gene-Tim10/gene-Pex10/gene-ScpX/gene-Rab8/gene-LOC142979085/gene-LOC142986486/gene-trio/gene-Arl2/gene-RpL13A/gene-LOC142974928/gene-RpS25/gene-Kap-alpha3/gene-LOC142984806/gene-rb/gene-LOC142979983/gene-LOC142977570/gene-Ide/gene-LOC142974003/gene-Amacr/gene-INPP5E/gene-eco/gene-RpL28/gene-Vps13/gene-Tsp26A/gene-AP-1mu/gene-RpL15/gene-Arf102F/gene-LOC142974963/gene-Atg9/gene-LOC142972452/gene-LOC142976150/gene-Trp1/gene-CDC50/gene-cdm/gene-tim/gene-LOC142981634/gene-LOC142972243/gene-ktub/gene-Rab3GAP1/gene-Ras85D/gene-RpS3A/gene-LOC142980509/gene-Tnks/gene-RanBP3/gene-RpL11/gene-Tim23/gene-mle/gene-Nup98-96/gene-drn/gene-Idh/gene-mrj/gene-LOC142979242/gene-Rab6/gene-hook/gene-LOC142975911/gene-LOC142977187/gene-RpL32/gene-RpL10/gene-Nup54/gene-LOC142984158/gene-Ufsp2/gene-Lgr1/gene-Gas41/gene-sw/gene-LOC142976966/gene-RpL21/gene-rictor/gene-RpL6/gene-LOC142976516/gene-Spase22-23/gene-LOC142984486/gene-LOC142987678/gene-lt/gene-RpS3/gene-LOC142978941/gene-La/gene-LOC142980612/gene-RpL7/gene-ftz-f1/gene-Non3/gene-Roe1/gene-RpS14/gene-Droj2/gene-Hao/gene-Lpin/gene-CRAT/gene-Pex7/gene-Vps36/gene-Hacl/gene-RpS20/gene-Mulk/gene-Zw10/gene-LOC142985075/gene-LOC142978465/gene-UQCR-C2/gene-LOC142985452/gene-Fur1/gene-beag/gene-LOC142986743/gene-Rcc1/gene-Art4/gene-Cdk1/gene-Tnpo-SR/gene-sta/gene-Nup133/gene-LOC142987341/gene-LOC142974453",224,"BP"
"GO:0072657","protein localization to membrane","143/3690","289/9658",0.494809688581315,1.29508725537082,4.00472451618,4.9194539746045e-05,0.00210921589161168,0.00188945870419349,"gene-Akt/gene-Wnk/gene-RpLP0/gene-alphaCOP/gene-LOC142987685/gene-RpS11/gene-LOC142986676/gene-RpL13/gene-aPKC/gene-LOC142972401/gene-RpL38/gene-LOC142974540/gene-Egfr/gene-LOC142974750/gene-RpL24/gene-garnet/gene-Tim9a/gene-RpL36A/gene-RpL37-1/gene-Crag/gene-RpL29/gene-Sec61beta/gene-CHOp24/gene-Pex3/gene-RpL14/gene-RpL31/gene-RpS10b/gene-LOC142977347/gene-RpS7/gene-Srp9/gene-Sec71/gene-RpL37A/gene-Nup154/gene-RpS12/gene-mge/gene-RpS2/gene-l(1)G0320/gene-Hrs/gene-sdt/gene-Dlc90F/gene-boca/gene-LOC142981532/gene-LOC142983192/gene-Rabex-5/gene-LOC142976035/gene-RpL34/gene-RpLP1/gene-LOC142979342/gene-LOC142973667/gene-RpS28b/gene-Sumo/gene-RpL12/gene-arm/gene-RpL19/gene-veli/gene-shi/gene-RpL22/gene-LOC142981304/gene-RpS30/gene-LOC142982535/gene-RpS8/gene-RpL23/gene-Slmap/gene-MICAL-like/gene-RpL27/gene-Pex5/gene-SsRbeta/gene-Smurf/gene-mop/gene-sws/gene-RpS21/gene-Rab1/gene-mys/gene-RpS29/gene-baz/gene-Arf79F/gene-Rep/gene-Tim10/gene-ScpX/gene-Rab8/gene-trio/gene-Npc1a/gene-Mrgn1/gene-RpL13A/gene-lap/gene-RpS25/gene-LOC142979655/gene-LOC142984806/gene-LOC142979983/gene-Atg3/gene-LOC142976149/gene-LOC142987720/gene-RpL28/gene-Shab/gene-Tsp26A/gene-AP-1mu/gene-RpL15/gene-PDZ-GEF/gene-LOC142974963/gene-LOC142972452/gene-Trp1/gene-rock1/gene-Sec5/gene-ktub/gene-raskol/gene-Rab3GAP1/gene-Exo84/gene-arr/gene-RpS3A/gene-RpL11/gene-Tim23/gene-Vamp7/gene-Rab6/gene-LOC142984495/gene-CLIP-190/gene-Flo1/gene-RpL32/gene-RpL10/gene-Nup54/gene-Pak/gene-Snx1/gene-Rab40/gene-RpL21/gene-RpL6/gene-Sar1/gene-RpS3/gene-LOC142980612/gene-Rme-8/gene-RpL7/gene-LOC142982022/gene-Sys1/gene-LOC142974657/gene-RpS14/gene-raf/gene-Atg4a/gene-RpS20/gene-Mulk/gene-Liprin-alpha/gene-Rab26/gene-TM9SF3/gene-Fur1/gene-LOC142983552/gene-sta",143,"BP"
"GO:0051168","nuclear export","70/3690","126/9658",0.555555555555556,1.45408009635652,4.0340902802541,5.25229168695881e-05,0.00223793297966071,0.00200476488188726,"gene-mago/gene-Cbp20/gene-Upf1/gene-l(1)G0007/gene-Ranbp21/gene-Ntf-2/gene-nonC/gene-SF2/gene-LOC142979577/gene-Cse1/gene-Nup154/gene-nito/gene-eEF5/gene-Tsc1/gene-LOC142987440/gene-Ran/gene-Nup205/gene-LOC142981302/gene-LOC142985486/gene-LOC142976459/gene-Sym/gene-LOC142985268/gene-thoc6/gene-Smg6/gene-Nup188/gene-Smurf/gene-Hel25E/gene-eIF4AIII/gene-14-3-3zeta/gene-LOC142978249/gene-LOC142974928/gene-tsu/gene-Mat89Ba/gene-B52/gene-U2af50/gene-Clp/gene-LOC142973783/gene-sqd/gene-xmas/gene-Atx-1/gene-tho2/gene-Srp54/gene-RanBP3/gene-Nup98-96/gene-btz/gene-Dbp80/gene-CPSF1/gene-LOC142973202/gene-Poldip3/gene-thoc7/gene-LOC142982223/gene-Nup54/gene-Polr2D/gene-ebo/gene-LOC142984444/gene-Hpr1/gene-Rbmx2/gene-LOC142976794/gene-La/gene-pix/gene-Nmd3/gene-drongo/gene-Nup43/gene-Stlk/gene-Ns3/gene-sta/gene-Phax/gene-Nup133/gene-Cbp80/gene-Clbn",70,"BP"
"GO:0036464","cytoplasmic ribonucleoprotein granule","81/3690","150/9658",0.54,1.41336585365854,4.01195019665444,5.50515584102859e-05,0.00233119562157137,0.00208831057829272,"gene-bel/gene-RpLP0/gene-Fmr1/gene-TER94/gene-SNRPG/gene-LOC142983616/gene-LSm1/gene-yps/gene-Upf1/gene-sud1/gene-Rpb7/gene-Psi/gene-rin/gene-LOC142981658/gene-LOC142973946/gene-LOC142984803/gene-mbl/gene-Not1/gene-LOC142985465/gene-poe/gene-Ythdf/gene-Dcps/gene-LOC142983189/gene-LOC142980505/gene-Regnase-1/gene-LSm3/gene-spn-E/gene-HnRNP-K/gene-LOC142976459/gene-raptor/gene-AGO1/gene-jub/gene-SmD1/gene-stau/gene-Mt2/gene-LOC142974425/gene-PQBP1/gene-Not3/gene-Capr/gene-LOC142975609/gene-gw/gene-LOC142978385/gene-RpL28/gene-Edc3/gene-Rpt1/gene-tud/gene-Prosalpha3/gene-LOC142976074/gene-Vlg/gene-rock1/gene-wech/gene-qin/gene-LOC142978845/gene-Hrb27C/gene-mle/gene-Nup98-96/gene-tapas/gene-roq/gene-Dbp80/gene-LOC142973202/gene-Poldip3/gene-LOC142982223/gene-LOC142979838/gene-LOC142984719/gene-sw/gene-LOC142978852/gene-Gyf/gene-Rga/gene-RpL6/gene-Polr2D/gene-Khc/gene-LOC142981050/gene-LOC142976794/gene-LOC142978446/gene-pcm/gene-LOC142977826/gene-LOC142974426/gene-AMPKalpha/gene-rdgB/gene-wda/gene-aub",81,"CC"
"GO:0018193","peptidyl-amino acid modification","207/3690","439/9658",0.471526195899772,1.23414634146341,3.94818614822768,5.71978668117687e-05,0.00240722310631125,0.00215641683207688,"gene-Akt/gene-Mi-2/gene-Kdm3/gene-sip3/gene-Su(z)12/gene-nej/gene-Wnk/gene-ND-ACP/gene-TER94/gene-mTor/gene-Hcf/gene-LOC142987189/gene-LOC142986676/gene-Tak1/gene-LOC142983602/gene-Csk/gene-LOC142975328/gene-aPKC/gene-Dad1/gene-sud1/gene-LOC142980673/gene-Grx5/gene-LOC142978713/gene-G9a/gene-Fdh/gene-Egfr/gene-LOC142973486/gene-Blos1/gene-LOC142982347/gene-MRG15/gene-nmo/gene-Taf1/gene-dom/gene-enok/gene-nero/gene-LOC142983557/gene-fray/gene-nonC/gene-LOC142987387/gene-Shark/gene-BmDJ-1beta/gene-LOC142973437/gene-Ack-like/gene-Abl/gene-yata/gene-awd/gene-Sgf29/gene-LOC142973734/gene-Btl/gene-LOC142981408/gene-Lipt2/gene-Ptip/gene-mbt/gene-wts/gene-LOC142973503/gene-Fak/gene-grp/gene-Ppib/gene-LOC142978276/gene-Aos1/gene-cyp33/gene-trc/gene-LOC142987619/gene-Chrac-14/gene-Vkor/gene-MBD-R2/gene-egg/gene-Tpst/gene-LOC142981452/gene-LOC142982564/gene-TOR1/gene-Bug22/gene-upSET/gene-Dph1/gene-Ack/gene-E(z)/gene-MrgBP/gene-LOC142977572/gene-FER/gene-Cdc37/gene-Lkb1/gene-Stat92E/gene-Eph/gene-LOC142984746/gene-psidin/gene-LOC142987185/gene-LOC142973502/gene-Fkbp12/gene-Pa1/gene-LOC142977333/gene-mahj/gene-LOC142984779/gene-Ost48/gene-Ptpmeg2/gene-LOC142984224/gene-LOC142979928/gene-Dph5/gene-hppy/gene-Set1/gene-FBXO11/gene-san/gene-LOC142985472/gene-PSR/gene-LOC142975163/gene-Shc/gene-rudimentary/gene-LOC142980860/gene-eco/gene-LOC142980720/gene-LOC142980242/gene-trx/gene-csul/gene-LOC142976150/gene-Asph/gene-rock1/gene-slpr/gene-LOC142980886/gene-l(1)G0020/gene-LOC142972243/gene-LOC142972555/gene-Pka-C3/gene-Ubc7/gene-Hpf1/gene-LOC142978883/gene-Uba4/gene-HDAC4/gene-LOC142987718/gene-Src64B/gene-sxc/gene-Tnks/gene-Sirt2/gene-Cyp40/gene-Lipt1/gene-LOC142973507/gene-LOC142982007/gene-Rab6/gene-CKIalpha/gene-Hmt4-20/gene-Atac2/gene-Atf-2/gene-Hipk/gene-mnb/gene-LOC142974253/gene-LOC142982608/gene-Nmt/gene-LOC142978882/gene-Naa15-16/gene-ash1/gene-Pak/gene-Su(var)2-10/gene-Gas41/gene-Tlk/gene-Set8/gene-rasp/gene-LOC142984108/gene-PhKgamma/gene-rictor/gene-Ctr9/gene-Cypl/gene-TTLL5/gene-LOC142982098/gene-LOC142976902/gene-LOC142987595/gene-Nipped-A/gene-LOC142983442/gene-Uba2/gene-Naa20A/gene-Mo25/gene-Alk/gene-LOC142974654/gene-Dph3/gene-Caf1-55/gene-Utx/gene-rno/gene-Pdk1/gene-LOC142986603/gene-LOC142976782/gene-Btk29A/gene-LOC142976792/gene-chm/gene-NO66/gene-Dhs/gene-LOC142979015/gene-bon/gene-YL-1/gene-Atac1/gene-AMPKalpha/gene-LOC142980210/gene-Wdr82/gene-LOC142972987/gene-Art4/gene-LOC142985604/gene-Cdk1/gene-eya/gene-Dph2/gene-LOC142987181/gene-TTLL12/gene-LOC142983327/gene-Pdk/gene-wda/gene-Elp4/gene-Elp3/gene-Hat1/gene-LOC142972942/gene-wol/gene-LOC142972462/gene-hop",207,"BP"
"GO:0006611","protein export from nucleus","67/3690","120/9658",0.558333333333333,1.4613504968383,3.9986449910203,6.12216298429671e-05,0.00256085598001679,0.00229404284353814,"gene-mago/gene-Cbp20/gene-Upf1/gene-l(1)G0007/gene-Ranbp21/gene-Ntf-2/gene-nonC/gene-SF2/gene-LOC142979577/gene-Cse1/gene-Nup154/gene-nito/gene-eEF5/gene-Tsc1/gene-LOC142987440/gene-Ran/gene-Nup205/gene-LOC142985486/gene-LOC142976459/gene-Sym/gene-LOC142985268/gene-thoc6/gene-Smg6/gene-Nup188/gene-Smurf/gene-Hel25E/gene-eIF4AIII/gene-14-3-3zeta/gene-LOC142978249/gene-LOC142974928/gene-tsu/gene-Mat89Ba/gene-B52/gene-U2af50/gene-Clp/gene-LOC142973783/gene-sqd/gene-xmas/gene-tho2/gene-Srp54/gene-RanBP3/gene-Nup98-96/gene-btz/gene-Dbp80/gene-CPSF1/gene-LOC142973202/gene-Poldip3/gene-thoc7/gene-LOC142982223/gene-Nup54/gene-Polr2D/gene-ebo/gene-LOC142984444/gene-Hpr1/gene-Rbmx2/gene-LOC142976794/gene-La/gene-pix/gene-Nmd3/gene-drongo/gene-Nup43/gene-Stlk/gene-Ns3/gene-sta/gene-Nup133/gene-Cbp80/gene-Clbn",67,"BP"
"GO:0031970","organelle envelope lumen","35/3690","54/9658",0.648148148148148,1.69642677908261,4.03521015720943,6.48270283819672e-05,0.00269523281636543,0.00241441908576667,"gene-ND-B18/gene-LOC142987685/gene-LOC142977922/gene-Dhod/gene-Stoml2/gene-LOC142984567/gene-Cmc1/gene-Blos1/gene-Tim9a/gene-LOC142977652/gene-BmDJ-1beta/gene-LOC142973734/gene-LOC142980570/gene-LOC142977004/gene-LOC142979424/gene-LOC142979184/gene-Tim10/gene-Ppox/gene-Arl2/gene-Coprox/gene-LOC142975824/gene-Ak2/gene-LOC142985213/gene-Sdhaf3/gene-Tim23/gene-LOC142981472/gene-LOC142978528/gene-LOC142979256/gene-MICU1/gene-shop/gene-Fbxl4/gene-Trap1/gene-LOC142974472/gene-PNPase/gene-Mulk",35,"CC"
"GO:0097526","spliceosomal tri-snRNP complex","20/3690","26/9658",0.769230769230769,2.01334167187826,4.06821813262833,6.63885571118331e-05,0.00274352711919985,0.00245768165135626,"gene-SNRPG/gene-Prp8/gene-SmD2/gene-LOC142984803/gene-LOC142985465/gene-l(3)72Ab/gene-LOC142983189/gene-LSm3/gene-LOC142974964/gene-LOC142976508/gene-LOC142975423/gene-SmD1/gene-Prp31/gene-LSm7/gene-Prp3/gene-SmB/gene-Prp6/gene-Dim1/gene-LOC142985529/gene-LOC142972462",20,"CC"
"GO:0045089","positive regulation of innate immune response","57/3690","99/9658",0.575757575757576,1.50695573622403,3.98658748930142,6.73395037098528e-05,0.00276616164939874,0.00247795791149146,"gene-nej/gene-Sin3A/gene-Spt5/gene-MED1/gene-Vps15/gene-Tak1/gene-CYLD/gene-p24-1/gene-ubl/gene-Pi3K59F/gene-LOC142973205/gene-Polr3F/gene-LOC142987153/gene-LOC142977648/gene-Aos1/gene-AP-1gamma/gene-LOC142975945/gene-EcR/gene-RpIII128/gene-LOC142979225/gene-LOC142976622/gene-Stat92E/gene-LOC142978729/gene-mys/gene-Pitslre/gene-stumps/gene-Mt2/gene-LOC142984224/gene-sl/gene-PQBP1/gene-Irbp/gene-Su(dx)/gene-BGRP2/gene-LOC142978385/gene-Snmp2/gene-mle/gene-LOC142987905/gene-LOC142979242/gene-Flo1/gene-Pak/gene-Polr3C/gene-lic/gene-Ubr3/gene-Uba2/gene-Ubc4/gene-Pli/gene-Tsf2/gene-Pdk1/gene-Btk29A/gene-BGRP1/gene-raf/gene-LOC142973568/gene-pll/gene-LOC142987908/gene-LOC142972987/gene-Psf/gene-LOC142975290",57,"BP"
"GO:0051603","proteolysis involved in protein catabolic process","156/3690","321/9658",0.485981308411215,1.27198034597168,3.89678325399748,7.41592182018062e-05,0.00302816807657375,0.00271266613948712,"gene-sip3/gene-Uba1/gene-Cnot4/gene-MTA1-like/gene-TER94/gene-Usp20-33/gene-Trc8/gene-Cul2/gene-LOC142986676/gene-hyd/gene-LOC142980206/gene-LOC142980840/gene-Rpn1/gene-LOC142978267/gene-lsn/gene-Taf1/gene-Cul3/gene-ctrip/gene-Pngl/gene-26-29-p/gene-Fbl6/gene-Sec61beta/gene-Ube4A/gene-LOC142986840/gene-Nedd4/gene-kel/gene-Npl4/gene-LOC142975769/gene-axed/gene-poe/gene-LOC142977148/gene-YME1L/gene-Usp5/gene-Rpn2/gene-LOC142987404/gene-ari-1/gene-Ubc10/gene-LOC142975774/gene-LOC142982437/gene-Bcp/gene-LOC142981302/gene-ALiX/gene-dbo/gene-mub/gene-SmE/gene-ClpX/gene-mts/gene-Ube4B/gene-LOC142983921/gene-HERC2/gene-UbcE2H/gene-morgue/gene-SkpA/gene-CSN3/gene-p47/gene-casp/gene-rt/gene-Keap1/gene-Smurf/gene-mop/gene-LOC142981372/gene-Cdc16/gene-LOC142978729/gene-LOC142981210/gene-RpL40/gene-LOC142972835/gene-Sem1/gene-LOC142982305/gene-Der-2/gene-eff/gene-LOC142979741/gene-FBXO11/gene-Yod1/gene-Rchy1/gene-lap/gene-Su(dx)/gene-LOC142981688/gene-Plap/gene-Rpn9/gene-Prosalpha4/gene-Ide/gene-Ubr1/gene-Cul1/gene-stx/gene-LOC142977808/gene-Cul4/gene-LOC142984893/gene-Rpt1/gene-Prosalpha3/gene-LOC142983029/gene-Ufd4/gene-LOC142976150/gene-Prosalpha5/gene-rdx/gene-Prosbeta3/gene-LOC142980886/gene-LOC142976476/gene-shtd/gene-Ubc7/gene-LOC142981085/gene-LOC142980509/gene-LOC142980945/gene-Sirt2/gene-LOC142978166/gene-RanBP3/gene-APC10/gene-Wdr81/gene-Edem2/gene-ago/gene-Iap/gene-Bruce/gene-LOC142982895/gene-Ube3a/gene-PI31/gene-Prosbeta6/gene-LOC142975827/gene-LOC142980441/gene-LOC142979838/gene-Prosbeta7/gene-LOC142984509/gene-Usp12-46/gene-Ltn1/gene-LOC142985616/gene-Diap2/gene-LOC142978434/gene-LOC142981689/gene-Cdc27/gene-elgi/gene-LOC142979027/gene-Prosalpha7/gene-TSG101/gene-Fbxl4/gene-LOC142980612/gene-Ubr3/gene-Ubc4/gene-pall/gene-LOC142978828/gene-Bre1/gene-pic/gene-morula/gene-LOC142980695/gene-LOC142975219/gene-Ufd1-like/gene-Prosbeta2/gene-Ubqn/gene-Vps36/gene-LOC142981007/gene-Hecw/gene-l(2)dtl/gene-LOC142978465/gene-LOC142985452/gene-LOC142974238/gene-LOC142974078/gene-LOC142972211/gene-Cdk1/gene-Kaz",156,"BP"
"GO:0034470","GO:0034470","141/3690","287/9658",0.491289198606272,1.28587292144698,3.86581343358171,8.55046769484312e-05,0.00347078156133869,0.00310916414839577,"gene-LOC142979247/gene-Archease/gene-Cbp20/gene-Rpp25/gene-mtTFB1/gene-mRpS9/gene-RpL14/gene-RpL35/gene-LOC142987276/gene-LOC142973042/gene-RpS24/gene-RpS7/gene-LOC142976234/gene-LOC142974580/gene-Usp14/gene-mRpS11/gene-Trmt112/gene-RpS2/gene-LOC142980851/gene-mRpL1/gene-Dcr-1/gene-LOC142983189/gene-RpS28b/gene-Tcs1/gene-LOC142978501/gene-LOC142985757/gene-LOC142975378/gene-LOC142976987/gene-LOC142974308/gene-LOC142972549/gene-RpS8/gene-LOC142979030/gene-LOC142975423/gene-LOC142976459/gene-Nnp-1/gene-LOC142985521/gene-RpL27/gene-LOC142977695/gene-AGO1/gene-RpS21/gene-LOC142974240/gene-INTS7/gene-LOC142972524/gene-IntS4/gene-Rat1/gene-IntS1/gene-Mt2/gene-LOC142973059/gene-Tcs3/gene-Sas10/gene-Hlc/gene-Urm1/gene-IntS6/gene-LOC142972950/gene-LOC142973677/gene-Mat89Ba/gene-Rrp46/gene-Nfs1/gene-mtTFB2/gene-rswl/gene-LOC142980644/gene-LOC142982036/gene-LOC142973389/gene-Mtr4/gene-Dhx15/gene-Nop60B/gene-Tfb5/gene-l(1)G0020/gene-Samtor/gene-Ip259/gene-LOC142987394/gene-l(2)05287/gene-Uba4/gene-IntS10/gene-Dus2/gene-Tgs1/gene-RpL11/gene-LOC142972353/gene-Fib/gene-drosha/gene-Bka/gene-Rrp4/gene-Gar1/gene-Rs1/gene-Tm/gene-mldr/gene-IntS3/gene-LOC142983431/gene-Rrp6/gene-IntS9/gene-Ctu1/gene-Chd1/gene-Rrp40/gene-LOC142980055/gene-LOC142975377/gene-Ars2/gene-Dus1/gene-RpS16/gene-LOC142974748/gene-Adat1/gene-LOC142974095/gene-LOC142977001/gene-LOC142972307/gene-LOC142978813/gene-AlkB/gene-LOC142974651/gene-Pus10/gene-CycC/gene-Dis3/gene-LOC142973125/gene-LOC142976794/gene-LOC142972416/gene-La/gene-LOC142972521/gene-kz/gene-RpL7/gene-Nop10/gene-LOC142975045/gene-Non3/gene-LOC142984811/gene-LOC142981246/gene-RpS14/gene-Rrp5/gene-LOC142986563/gene-LOC142985517/gene-wuho/gene-IntS8/gene-LOC142983454/gene-Smox/gene-Ski6/gene-Tsen34/gene-Nsun5/gene-LOC142980516/gene-sta/gene-LOC142972901/gene-Elp3/gene-Dus3/gene-Cbp80/gene-Dbp21E2/gene-LOC142972443/gene-LOC142977656",141,NA
"GO:0030522","intracellular receptor signaling pathway","60/3690","106/9658",0.566037735849057,1.48151556987268,3.91954813202819,8.61275038547753e-05,0.00347549809672799,0.00311338927247169,"gene-MED14/gene-Kdm3/gene-E(bx)/gene-MED1/gene-Tak1/gene-LOC142973531/gene-Eip75B/gene-hyd/gene-G9a/gene-Rbfox1/gene-CYLD/gene-Rho1/gene-nhr/gene-Nedd4/gene-LOC142987276/gene-MED16/gene-osa/gene-cry2/gene-kto/gene-DENR/gene-tgo/gene-USP/gene-LOC142978501/gene-arm/gene-LOC142973754/gene-LOC142981302/gene-upSET/gene-EcR/gene-Hr39/gene-tai/gene-ERR/gene-SREBP/gene-LOC142978729/gene-Su(dx)/gene-Phb1/gene-BmMET2/gene-Hr3/gene-LOC142978385/gene-Wbp2/gene-csul/gene-LOC142972243/gene-LOC142972555/gene-MET1/gene-LOC142973507/gene-MED4/gene-Ube3a/gene-Bx42/gene-Su(var)2-10/gene-skd/gene-lic/gene-ftz-f1/gene-Droj2/gene-LOC142976639/gene-pll/gene-LOC142979948/gene-Iswi/gene-Art4/gene-LOC142985604/gene-Pdk/gene-hop",60,"BP"
"GO:0006974","DNA damage response","207/3690","442/9658",0.468325791855204,1.2257697825847,3.8205475387663,9.46285648516229e-05,0.00379621026246861,0.00340068674425223,"gene-Akt/gene-RpII215/gene-LOC142980122/gene-Uba1/gene-Cnot4/gene-nej/gene-MTA1-like/gene-Fmr1/gene-LOC142976128/gene-TER94/gene-LOC142980900/gene-mTor/gene-LOC142977922/gene-jar/gene-LOC142986676/gene-Upf1/gene-hyd/gene-LOC142980840/gene-mRpS35/gene-Rpb7/gene-mRpS9/gene-MRG15/gene-Taf1/gene-LOC142972375/gene-Sptz/gene-ctrip/gene-Top2/gene-mus101/gene-Sod2/gene-LOC142983557/gene-nonC/gene-Rpb12/gene-PPP1R15/gene-Nedd4/gene-Usp16-45/gene-Tao/gene-Tctp/gene-BmDJ-1beta/gene-LOC142979577/gene-RpII33/gene-Abl/gene-Npl4/gene-cry2/gene-mRpS11/gene-Not1/gene-Nipped-B/gene-wts/gene-CSN4/gene-grp/gene-cyp33/gene-LOC142980003/gene-Marf1/gene-LOC142987404/gene-LOC142972479/gene-Mif/gene-Chrac-14/gene-vtd/gene-LOC142982437/gene-Regnase-1/gene-DNApol-gamma35/gene-TyrRS/gene-Aptx/gene-LOC142981452/gene-Usp7/gene-Rpb11/gene-TOR1/gene-DNApol-epsilon255/gene-gkt/gene-LOC142984472/gene-HnRNP-K/gene-Rad9/gene-HERC2/gene-MHF2/gene-Rpb8/gene-Rad17/gene-LOC142980064/gene-CSN3/gene-Usp15-31/gene-foxo/gene-SMC5/gene-Mcm7/gene-Cdc45/gene-Lkb1/gene-Hel25E/gene-LOC142978140/gene-LOC142981372/gene-LOC142978729/gene-LOC142974638/gene-INTS7/gene-Rat1/gene-LOC142972841/gene-Sem1/gene-LOC142974425/gene-LOC142978249/gene-Uev1A/gene-Rchy1/gene-Irbp/gene-Etl1/gene-CSN8/gene-Not3/gene-hay/gene-LOC142979420/gene-DNAlig1/gene-Tfb1/gene-LOC142973990/gene-sip1/gene-LOC142979962/gene-Cul4/gene-eco/gene-obe/gene-ZnT49B/gene-PolD2/gene-LOC142976074/gene-RpII15/gene-csul/gene-Setx/gene-LOC142976150/gene-Blm/gene-Tfb5/gene-SMC1/gene-LOC142981634/gene-RpII18/gene-mus312/gene-LOC142978845/gene-Hpf1/gene-Marcal1/gene-HDAC4/gene-CSN6/gene-LOC142975756/gene-Cdc5/gene-IntS3/gene-LOC142979242/gene-ago/gene-CKIalpha/gene-LOC142972469/gene-Atf-2/gene-Hipk/gene-Not11/gene-Sld5/gene-LOC142984031/gene-Rad23/gene-Bx42/gene-nbs/gene-Chd1/gene-mus201/gene-Su(var)2-10/gene-Dna2/gene-LOC142987507/gene-Tlk/gene-Set8/gene-LOC142974095/gene-Gyf/gene-LOC142987412/gene-LOC142982131/gene-LOC142977001/gene-Ino80/gene-Rga/gene-Polr2D/gene-AlkB/gene-Exd2/gene-RfC38/gene-Uvrag/gene-TfIIS/gene-lic/gene-RpS3/gene-PHO/gene-flfl/gene-wcy/gene-CycH/gene-Nipped-A/gene-LOC142983442/gene-LOC142978730/gene-glu/gene-Gnf1/gene-LOC142982284/gene-LOC142976521/gene-pic/gene-spn-A/gene-Caf1-55/gene-slx1/gene-Utx/gene-Droj2/gene-RpII140/gene-Ufd1-like/gene-LOC142983803/gene-LOC142973568/gene-mh/gene-LOC142983474/gene-l(2)dtl/gene-LOC142978465/gene-LOC142972911/gene-LOC142974426/gene-LOC142975877/gene-Ogg1/gene-fand/gene-LOC142972211/gene-spel1/gene-Art4/gene-Spf45/gene-LOC142975102/gene-Cdk1/gene-eya/gene-Psf/gene-LOC142987570/gene-LOC142981839/gene-LOC142974889/gene-LOC142978547",207,"BP"
"GO:0005088","GO:0005088","47/3690","79/9658",0.594936708860759,1.55715412850331,3.90974743633649,9.62893602780355e-05,0.00384037797387979,0.0034402526640341,"gene-LOC142972305/gene-brun/gene-RhoGEF2/gene-pbl/gene-Egfr/gene-Fas2/gene-C3G/gene-Crag/gene-Trs20/gene-RanBPM/gene-LOC142977347/gene-Fak/gene-Rabex-5/gene-Bet5/gene-GEFmeso/gene-LOC142978023/gene-LOC142987317/gene-LOC142979470/gene-mbc/gene-LOC142972184/gene-Trs31/gene-trio/gene-pns/gene-Zir/gene-Dap160/gene-Shc/gene-ca/gene-LOC142984783/gene-LOC142980720/gene-LOC142982760/gene-PDZ-GEF/gene-spri/gene-Rich/gene-Ras85D/gene-Sos/gene-Als2/gene-LOC142977848/gene-LOC142986421/gene-LOC142977238/gene-LOC142981996/gene-l(3)76BDm/gene-LOC142987602/gene-LOC142986182/gene-Gapvd1/gene-Rcc1/gene-cyst/gene-hop",47,NA
"GO:0016322","neuron remodeling","30/3690","45/9658",0.666666666666667,1.74489611562782,3.93815120539949,9.96035994697429e-05,0.00394959937781755,0.00353809439430702,"gene-Stam/gene-Uba1/gene-Vps15/gene-ced-6/gene-drpr/gene-SA1/gene-LOC142984499/gene-Abl/gene-Pi3K59F/gene-Hrs/gene-USP/gene-vtd/gene-EcR/gene-Dronc/gene-SkpA/gene-Dhc64C/gene-mop/gene-eff/gene-LOC142979655/gene-LOC142987720/gene-LOC142980456/gene-LOC142987583/gene-LOC142974963/gene-SMC1/gene-shep/gene-Caspase1/gene-Uvrag/gene-TSG101/gene-ftz-f1/gene-kon",30,"BP"
"GO:0098852","lytic vacuole membrane","64/3690","115/9658",0.556521739130435,1.4566089313067,3.87320739069401,0.000101057071378113,0.00398420407847043,0.00356909366427963,"gene-Sir-1/gene-jar/gene-Sap-r/gene-Esp/gene-LOC142978252/gene-Blos1/gene-LOC142981347/gene-Chc/gene-Vha13/gene-LOC142972856/gene-ClC-b/gene-Lamtor3/gene-Iml1/gene-ATP8A/gene-LOC142987153/gene-AP-1gamma/gene-LOC142974222/gene-LOC142974002/gene-LOC142982538/gene-Tango9/gene-LOC142975132/gene-LOC142981610/gene-LOC142978549/gene-Pi4KIIalpha/gene-Wdr59/gene-Sec13/gene-ema/gene-VhaAC39-1/gene-Ost48/gene-Nup44A/gene-AP-1sigma/gene-Npc1a/gene-AP-1-2beta/gene-SppL/gene-Nct/gene-LOC142980986/gene-Wdr24/gene-LOC142975157/gene-AP-1mu/gene-CDC50/gene-mio/gene-LOC142972779/gene-Vha44/gene-Clc/gene-Wdr81/gene-LOC142977906/gene-Vamp7/gene-LOC142974253/gene-LOC142980988/gene-Lamtor2/gene-HPS4/gene-LOC142986131/gene-gzl/gene-lt/gene-LOC142972195/gene-Rme-8/gene-Vps39/gene-Sir-3/gene-LOC142973064/gene-LOC142978467/gene-LOC142978330/gene-LOC142973251/gene-Rab26/gene-LOC142972942",64,"CC"
"GO:0042788","GO:0042788","18/3690","23/9658",0.782608695652174,2.04835630965005,3.95791864873066,0.00010619228033537,0.00416273738914649,0.00372902575998729,"gene-RpS23/gene-RpL38/gene-RpL24/gene-RpL36A/gene-RpL29/gene-RpL31/gene-eEF2/gene-LOC142973667/gene-RpS28b/gene-RpL19/gene-RpS21/gene-RpS29/gene-LOC142983927/gene-RpL11/gene-mle/gene-RpL32/gene-RpL6/gene-PNPase",18,NA
"GO:0042176","regulation of protein catabolic process","117/3690","233/9658",0.502145922746781,1.31428870511881,3.8184397842121,0.000106956135623193,0.00416885846804036,0.00373450908952273,"gene-Akt/gene-LOC142982010/gene-Fmr1/gene-TER94/gene-mTor/gene-Trc8/gene-LOC142986676/gene-Egfr/gene-Rpn1/gene-lsn/gene-LOC142981347/gene-Su(fu)/gene-Taf1/gene-ctrip/gene-Fbl6/gene-Nedd4/gene-Scox/gene-BmDJ-1beta/gene-RpS7/gene-Usp14/gene-LOC142976389/gene-wts/gene-Hrs/gene-Fak/gene-CSN4/gene-Usp5/gene-Rpn2/gene-LOC142979784/gene-ari-1/gene-Ddrgk1/gene-LOC142974002/gene-l(2)gd1/gene-ALiX/gene-Usp7/gene-TOR1/gene-gus/gene-RpL23/gene-Tmf/gene-SkpA/gene-casp/gene-Keap1/gene-Smurf/gene-LRP1/gene-Eph/gene-LOC142978729/gene-DUBAI/gene-ema/gene-cni/gene-Uev1A/gene-Der-2/gene-Ndfip/gene-Yod1/gene-Rchy1/gene-snRNP-U1-70K/gene-Su(dx)/gene-Phb1/gene-LOC142977570/gene-Ide/gene-C/EBP/gene-Timp/gene-Cul1/gene-Cul4/gene-viaf/gene-Syx5/gene-LOC142980456/gene-Rpt1/gene-LOC142974963/gene-rock1/gene-LOC142980886/gene-LOC142972243/gene-raskol/gene-Rich/gene-Ubc7/gene-LOC142987718/gene-sxc/gene-Tnks/gene-Sirt2/gene-RpL11/gene-ago/gene-CKIalpha/gene-Ufl1/gene-Ube3a/gene-PI31/gene-Hipk/gene-LOC142980441/gene-LOC142987219/gene-Rad23/gene-Su(var)2-10/gene-Tlk/gene-Snx1/gene-SOCS5/gene-LOC142973128/gene-LOC142981379/gene-elgi/gene-REPTOR/gene-Sf3b3/gene-Pten/gene-Med/gene-wcy/gene-LOC142978941/gene-Ubc4/gene-LOC142974576/gene-Bre1/gene-pic/gene-Ufd1-like/gene-raf/gene-Vps11/gene-Ubqn/gene-Tmtc3/gene-Atg4a/gene-Smox/gene-l(2)dtl/gene-LOC142978465/gene-Fur1/gene-REG/gene-Cdk1/gene-LOC142972942",117,"BP"
"GO:0005684","U2-type spliceosomal complex","38/3690","61/9658",0.622950819672131,1.63047669820961,3.88406153473897,0.000113621577966769,0.00440363855848607,0.00394482766678559,"gene-Sf3a1/gene-LOC142980900/gene-SNRPG/gene-Prp8/gene-Prp39/gene-Sf3b1/gene-Sf3b6/gene-cyp33/gene-LOC142975423/gene-Smu1/gene-LOC142973687/gene-SmD1/gene-Prp31/gene-pea/gene-ncm/gene-LSm7/gene-Prp3/gene-LOC142979085/gene-snRNP-U1-70K/gene-sip1/gene-SmB/gene-U2af50/gene-Prp6/gene-LOC142973783/gene-Sf3b5/gene-U2A/gene-SmF/gene-barc/gene-Cdc5/gene-Bx42/gene-Srrm234/gene-LOC142979169/gene-LOC142985529/gene-Sf3b3/gene-Cypl/gene-LOC142985976/gene-fand/gene-beag",38,"CC"
"GO:0033617","mitochondrial cytochrome c oxidase assembly","15/3690","18/9658",0.833333333333333,2.18112014453478,3.94377113314496,0.000115270624200686,0.00444245214616126,0.00397959730386519,"gene-LOC142973585/gene-LOC142987536/gene-Cmc1/gene-LOC142980491/gene-LOC142977652/gene-LOC142976078/gene-Scox/gene-Bcs1/gene-l(3)87Df/gene-Surf1/gene-Ccdc56/gene-l(3)neo43/gene-LOC142985213/gene-Atac2/gene-LOC142979256",15,"BP"
"GO:0006405","RNA export from nucleus","60/3690","107/9658",0.560747663551402,1.46766962996733,3.82495672525915,0.000123697298401463,0.00474057802812309,0.00424666173518223,"gene-mago/gene-Cbp20/gene-Upf1/gene-l(1)G0007/gene-Ranbp21/gene-nonC/gene-SF2/gene-LOC142979577/gene-Nup154/gene-nito/gene-eEF5/gene-Tsc1/gene-LOC142987440/gene-Ran/gene-Nup205/gene-LOC142981302/gene-LOC142976459/gene-Sym/gene-LOC142985268/gene-thoc6/gene-Smg6/gene-Nup188/gene-Hel25E/gene-eIF4AIII/gene-LOC142978249/gene-LOC142974928/gene-tsu/gene-Mat89Ba/gene-B52/gene-U2af50/gene-Clp/gene-LOC142973783/gene-sqd/gene-xmas/gene-tho2/gene-Srp54/gene-RanBP3/gene-Nup98-96/gene-btz/gene-Dbp80/gene-CPSF1/gene-LOC142973202/gene-Poldip3/gene-thoc7/gene-LOC142982223/gene-Nup54/gene-Polr2D/gene-Hpr1/gene-Rbmx2/gene-LOC142976794/gene-La/gene-pix/gene-Nmd3/gene-drongo/gene-Nup43/gene-Ns3/gene-sta/gene-Phax/gene-Nup133/gene-Cbp80",60,"BP"
"GO:0061659","ubiquitin-like protein ligase activity","66/3690","120/9658",0.55,1.43953929539295,3.80960162376423,0.000127629992973429,0.00486412084332068,0.00435733274256653,"gene-sip3/gene-Kcmf1/gene-Trc8/gene-hyd/gene-LOC142980206/gene-LOC142974739/gene-Cul3/gene-ctrip/gene-LOC142975717/gene-LOC142981655/gene-Ube4A/gene-Nedd4/gene-mib1/gene-LOC142976389/gene-LOC142972233/gene-Rabex-5/gene-LOC142987404/gene-ari-1/gene-LOC142982437/gene-Hakai/gene-Ube4B/gene-HERC2/gene-UbcE2H/gene-Smurf/gene-Cdc16/gene-LOC142980432/gene-Uev1A/gene-eff/gene-LOC142979741/gene-Mrgn1/gene-Su(dx)/gene-Ubr1/gene-Ufd4/gene-LOC142976150/gene-mio/gene-LOC142980886/gene-LOC142976476/gene-wech/gene-shtd/gene-Ubc7/gene-LOC142974104/gene-LOC142978166/gene-APC10/gene-LOC142977702/gene-roq/gene-Iap/gene-Ube3a/gene-Su(var)2-10/gene-Ltn1/gene-gzl/gene-Diap2/gene-LOC142974714/gene-Cdc27/gene-elgi/gene-LOC142979027/gene-Ubr3/gene-Ubc4/gene-Pli/gene-rno/gene-morula/gene-LOC142975219/gene-LOC142985567/gene-LOC142973251/gene-Hecw/gene-bon/gene-LOC142974238",66,"MF"
"GO:0045814","negative regulation of gene expression, epigenetic","50/3690","86/9658",0.581395348837209,1.52171172874519,3.82118771231088,0.000132365895854896,0.00501674058322976,0.00449405117767306,"gene-LOC142972436/gene-Su(z)12/gene-LOC142975301/gene-MTA1-like/gene-Spt6/gene-MRG15/gene-Top2/gene-osa/gene-LOC142973734/gene-LOC142977989/gene-Dcr-1/gene-jing/gene-LOC142981452/gene-Usp7/gene-spn-E/gene-upSET/gene-E(z)/gene-Hsc70-4/gene-LOC142977695/gene-AGO1/gene-Bin1/gene-FBXO11/gene-Pp2C1/gene-Ubr1/gene-LOC142985107/gene-Ago2/gene-LOC142975011/gene-HDAC4/gene-Sirt2/gene-PH/gene-mle/gene-LOC142973507/gene-Hmt4-20/gene-LOC142972469/gene-LOC142975305/gene-LOC142982946/gene-Gas41/gene-Tlk/gene-HPS4/gene-LOC142984108/gene-wge/gene-Khc/gene-Dnmt1/gene-PHO/gene-Caf1-55/gene-Sce/gene-Iswi/gene-Pcl/gene-LOC142987181/gene-aub",50,"BP"
"GO:0017148","negative regulation of translation","57/3690","101/9658",0.564356435643564,1.47711502857603,3.79003204511957,0.000143180332245132,0.00539679713847037,0.00483451000374253,"gene-bel/gene-LOC142972436/gene-Fmr1/gene-Trc8/gene-yps/gene-Upf1/gene-Tis11/gene-Rbfox1/gene-mRpL13/gene-Psi/gene-RsfS312/gene-brat/gene-Not1/gene-crc/gene-Tsc1/gene-Ythdf/gene-Regnase-1/gene-Dhfr/gene-unk/gene-AGO1/gene-eIF4AIII/gene-LOC142974795/gene-LOC142987185/gene-LOC142974425/gene-RpL13A/gene-Not3/gene-Capr/gene-LOC142975609/gene-gw/gene-LOC142976358/gene-LOC142981402/gene-LOC142978385/gene-INPP5E/gene-sqd/gene-wech/gene-Mk/gene-Hrb27C/gene-shep/gene-roq/gene-Paip2/gene-Not11/gene-LOC142973202/gene-LOC142984719/gene-LOC142978852/gene-Gyf/gene-Rga/gene-Unr/gene-RpS3/gene-LOC142978691/gene-LOC142982098/gene-pcm/gene-Shmt/gene-eIF4EHP/gene-LOC142974426/gene-AMPKalpha/gene-LOC142981839/gene-LOC142977656",57,"BP"
"GO:0140030","modification-dependent protein binding","47/3690","80/9658",0.5875,1.53768970189702,3.79716253675979,0.000147602165499789,0.00553306478321614,0.00495658005284883,"gene-Mi-2/gene-Su(z)12/gene-E(bx)/gene-Fmr1/gene-TER94/gene-LOC142986676/gene-Prp8/gene-LOC142980840/gene-MRG15/gene-Taf1/gene-LOC142972375/gene-LOC142983557/gene-Sgf29/gene-Hrs/gene-LOC142980003/gene-upSET/gene-morgue/gene-LOC142980064/gene-LOC142978810/gene-LOC142981372/gene-Ide/gene-l(3)mbt/gene-LOC142974963/gene-trx/gene-drn/gene-Wdr81/gene-LOC142973986/gene-Rad23/gene-Chd1/gene-LOC142979371/gene-LOC142984108/gene-key/gene-LOC142980612/gene-LOC142978730/gene-LOC142986113/gene-LOC142975644/gene-LOC142985878/gene-LOC142974205/gene-Ufd1-like/gene-Ubqn/gene-mh/gene-bon/gene-LOC142972911/gene-LOC142975877/gene-Art4/gene-Pcl/gene-LOC142987181",47,"MF"
"GO:0005764","lysosome","134/3690","274/9658",0.489051094890511,1.28001503372698,3.69728153822942,0.000164448178771327,0.00613105709984404,0.0054922681216648,"gene-Sir-1/gene-TER94/gene-mTor/gene-jar/gene-lqf/gene-Sap-r/gene-Ist1/gene-Esp/gene-LOC142978252/gene-LOC142974540/gene-Blos1/gene-LOC142981347/gene-LOC142979351/gene-Chc/gene-Vha13/gene-26-29-p/gene-LOC142973662/gene-LOC142972856/gene-ClC-b/gene-Lamtor3/gene-Iml1/gene-Pi3K59F/gene-dlp/gene-LOC142976389/gene-ATP8A/gene-Hrs/gene-LOC142987153/gene-LOC142980962/gene-Usp5/gene-Rpn2/gene-AP-1gamma/gene-Bet5/gene-LOC142974222/gene-LOC142974002/gene-LOC142982538/gene-Tango9/gene-LOC142975132/gene-LOC142984729/gene-Ppt2/gene-Bcp/gene-LOC142981610/gene-TOR1/gene-LOC142978549/gene-raptor/gene-Pi4KIIalpha/gene-Wdr59/gene-Dhc64C/gene-Sec13/gene-LOC142981595/gene-psidin/gene-ema/gene-VhaAC39-1/gene-CatD/gene-Ost48/gene-Synj/gene-Nup44A/gene-ENGase/gene-AP-1sigma/gene-Npc1a/gene-AP-1-2beta/gene-LOC142978551/gene-SppL/gene-Snx6/gene-Naprt/gene-LOC142987710/gene-RagC-D/gene-Nct/gene-LOC142980986/gene-LOC142981797/gene-Wdr24/gene-ATPCL/gene-LOC142975157/gene-LOC142976900/gene-LOC142976759/gene-AP-1mu/gene-Cln7/gene-LOC142974963/gene-CCT8/gene-CDC50/gene-LOC142972779/gene-Vha44/gene-LOC142972243/gene-path/gene-LOC142978103/gene-Clc/gene-LOC142980509/gene-LOC142980945/gene-Wdr81/gene-LOC142977906/gene-Vamp7/gene-LOC142977591/gene-rg/gene-LOC142974253/gene-bchs/gene-Dh31-R/gene-LOC142978241/gene-LOC142980988/gene-Lgr1/gene-Lamtor2/gene-Snx1/gene-HPS4/gene-LOC142983145/gene-LOC142986131/gene-LOC142977663/gene-gzl/gene-LOC142973821/gene-Lamtor5/gene-Uvrag/gene-lt/gene-cd/gene-wcy/gene-Vps13D/gene-LOC142972195/gene-Rme-8/gene-Clic/gene-anne/gene-Vps39/gene-Sir-3/gene-LOC142973064/gene-Vps11/gene-LOC142974312/gene-LOC142978467/gene-Vps36/gene-LOC142978330/gene-LOC142973251/gene-LOC142981007/gene-Arp10/gene-LOC142974053/gene-Rab26/gene-BHD/gene-GCS2alpha/gene-kon/gene-LOC142972359/gene-LOC142972942",134,"CC"
"GO:0005765","lysosomal membrane","67/3690","123/9658",0.544715447154472,1.42570780179346,3.73614487189058,0.000167377198430676,0.0062065274661321,0.00555987530263606,"gene-Sir-1/gene-jar/gene-Sap-r/gene-Esp/gene-LOC142978252/gene-Blos1/gene-LOC142981347/gene-Sptz/gene-Chc/gene-Vha13/gene-LOC142972856/gene-ClC-b/gene-Lamtor3/gene-Iml1/gene-ATP8A/gene-LOC142987153/gene-AP-1gamma/gene-LOC142974222/gene-LOC142974002/gene-LOC142982538/gene-Tango9/gene-LOC142975132/gene-LOC142981610/gene-LOC142978549/gene-Pi4KIIalpha/gene-Wdr59/gene-Sec13/gene-ema/gene-VhaAC39-1/gene-Ost48/gene-Nup44A/gene-AP-1sigma/gene-Npc1a/gene-AP-1-2beta/gene-SppL/gene-Nct/gene-LOC142980986/gene-Wdr24/gene-LOC142975157/gene-AP-1mu/gene-Cln7/gene-CDC50/gene-LOC142972779/gene-Vha44/gene-Clc/gene-Wdr81/gene-LOC142977906/gene-Vamp7/gene-Bulli/gene-LOC142974253/gene-LOC142980988/gene-Lamtor2/gene-HPS4/gene-LOC142986131/gene-gzl/gene-lt/gene-LOC142972195/gene-Rme-8/gene-Vps39/gene-Sir-3/gene-LOC142973064/gene-LOC142978467/gene-LOC142978330/gene-LOC142973251/gene-LOC142977565/gene-Rab26/gene-LOC142972942",67,"CC"
"GO:2000647","negative regulation of stem cell proliferation","28/3690","42/9658",0.666666666666667,1.74489611562782,3.80402199172614,0.000169729516490333,0.00625991657593379,0.00560770185212544,"gene-LOC142982010/gene-MED9/gene-Bap60/gene-LOC142984621/gene-LOC142972176/gene-brat/gene-osa/gene-LOC142987395/gene-kto/gene-LOC142977648/gene-LOC142981304/gene-Uccr/gene-l(2)gl/gene-mts/gene-EcR/gene-MED6/gene-LOC142984620/gene-Etfb/gene-MED10/gene-pros/gene-MED4/gene-MED11/gene-LOC142984030/gene-LOC142984108/gene-Ctr9/gene-MED31/gene-key/gene-LOC142973568",28,"BP"
"GO:0032479","regulation of type I interferon production","29/3690","44/9658",0.659090909090909,1.72506775067751,3.79029279606184,0.000176623155848704,0.00639212963486308,0.00572613975883546,"gene-bel/gene-nej/gene-CYLD/gene-Npl4/gene-Polr3F/gene-arm/gene-mub/gene-RpIII128/gene-LOC142979225/gene-sl/gene-PQBP1/gene-Irbp/gene-Su(dx)/gene-Atg9/gene-LOC142978127/gene-mle/gene-LOC142977702/gene-cactin/gene-LOC142987905/gene-LOC142979242/gene-Flo1/gene-Polr3C/gene-PHO/gene-Polr3A/gene-Pli/gene-Ufd1-like/gene-LOC142973568/gene-pll/gene-LOC142987908",29,"BP"
"GO:0060964","regulation of miRNA-mediated gene silencing","29/3690","44/9658",0.659090909090909,1.72506775067751,3.79029279606184,0.000176623155848704,0.00639212963486308,0.00572613975883546,"gene-RpII215/gene-Fmr1/gene-Egfr/gene-Rpb7/gene-dom/gene-LOC142981658/gene-Rpb12/gene-LOC142987276/gene-RpII33/gene-Dcr-1/gene-LOC142978501/gene-Regnase-1/gene-Rpb11/gene-Rpb8/gene-AGO1/gene-jub/gene-Rat1/gene-gw/gene-Sdc/gene-RpII15/gene-wech/gene-RpII18/gene-Dg/gene-Adar/gene-mle/gene-LOC142974980/gene-Polr2D/gene-RpII140/gene-LOC142973568",29,"BP"
"GO:0071011","precatalytic spliceosome","29/3690","44/9658",0.659090909090909,1.72506775067751,3.79029279606184,0.000176623155848704,0.00639212963486308,0.00572613975883546,"gene-hfp/gene-SNRPG/gene-Spx/gene-Prp8/gene-Zn72D/gene-Sf3b1/gene-LOC142984803/gene-Sf3b6/gene-LSm3/gene-LOC142976508/gene-LOC142975423/gene-Smu1/gene-LOC142978607/gene-SmD1/gene-Prp31/gene-Prp3/gene-snRNP-U1-70K/gene-SmB/gene-Prp6/gene-Sf3b5/gene-U2A/gene-Prp38/gene-LOC142979169/gene-Rbmx2/gene-Sf3b3/gene-Phf5a/gene-LOC142985976/gene-beag/gene-Spf45",29,"CC"
"GO:0055029","nuclear DNA-directed RNA polymerase complex","66/3690","121/9658",0.545454545454545,1.42764227642276,3.72209383920122,0.000177041491344604,0.00639212963486308,0.00572613975883546,"gene-RpII215/gene-MED14/gene-jar/gene-Pex2/gene-Rpb7/gene-Taf1/gene-Mcm3/gene-TfIIA-S/gene-LOC142983557/gene-Rpb12/gene-TfIIEalpha/gene-Taf2/gene-RpII33/gene-MED7/gene-Nipped-B/gene-Polr3F/gene-kto/gene-RpI135/gene-LOC142981256/gene-Taf3/gene-Polr3H/gene-Rpb11/gene-RpIII128/gene-MED6/gene-Rpb8/gene-INTS7/gene-IntS4/gene-IntS1/gene-Polr3G/gene-LOC142983092/gene-Taf13/gene-IntS6/gene-hay/gene-l(2)37Cg/gene-Tfb1/gene-LOC142972424/gene-RpII15/gene-RpI12/gene-Tfb5/gene-MED10/gene-RpII18/gene-LOC142978883/gene-IntS10/gene-Polr1C/gene-IntS3/gene-MED4/gene-IntS9/gene-LOC142978882/gene-LOC142978101/gene-Gas41/gene-Polr3C/gene-Polr2M/gene-skd/gene-LOC142981635/gene-Ctr9/gene-Polr2D/gene-MED31/gene-TfIIS/gene-Tbp/gene-Polr1F/gene-CycH/gene-Polr3A/gene-RpII140/gene-IntS8/gene-wda/gene-LOC142978547",66,"CC"
"GO:0060147","regulation of post-transcriptional gene silencing","32/3690","50/9658",0.64,1.67510027100271,3.76319461713246,0.00018913199988421,0.00679290847751666,0.00608516183700204,"gene-RpII215/gene-Fmr1/gene-Ranbp21/gene-Egfr/gene-Rpb7/gene-dom/gene-LOC142981658/gene-Rpb12/gene-LOC142987276/gene-RpII33/gene-Dcr-1/gene-LOC142978501/gene-Regnase-1/gene-CRIF/gene-Rpb11/gene-Rpb8/gene-AGO1/gene-jub/gene-stau/gene-Rat1/gene-gw/gene-Sdc/gene-RpII15/gene-wech/gene-RpII18/gene-Dg/gene-Adar/gene-mle/gene-LOC142974980/gene-Polr2D/gene-RpII140/gene-LOC142973568",32,"BP"
"GO:0005700","polytene chromosome","80/3690","152/9658",0.526315789473684,1.37754956496933,3.68906879975634,0.000190329313716833,0.00680030777134102,0.00609179020547628,"gene-RpII215/gene-Mi-2/gene-nej/gene-LOC142975301/gene-Sin3A/gene-Spt5/gene-LOC142982543/gene-Spt6/gene-G9a/gene-Cdk12/gene-woc/gene-Eip93F/gene-Tctp/gene-RpII33/gene-fkh/gene-LOC142973205/gene-Nipped-B/gene-polybromo/gene-kto/gene-USP/gene-vtd/gene-LOC142983051/gene-MBD-R2/gene-egg/gene-Gug/gene-Usp7/gene-upSET/gene-bur/gene-EcR/gene-LOC142976459/gene-Keap1/gene-LOC142978729/gene-Sec13/gene-LOC142984224/gene-LOC142986142/gene-Set1/gene-CrebA/gene-TH1/gene-EloC/gene-e(y)3/gene-su(sable)/gene-B52/gene-l(3)mbt/gene-LOC142980720/gene-trx/gene-LOC142976150/gene-CycT/gene-sqd/gene-SMC1/gene-Marcal1/gene-mle/gene-Nup98-96/gene-LOC142973507/gene-LOC142984495/gene-Hmt4-20/gene-LOC142972469/gene-Chd1/gene-ash1/gene-LOC142982946/gene-Su(var)2-10/gene-Set8/gene-Ino80/gene-Polr2D/gene-PHO/gene-LOC142976794/gene-Nipped-A/gene-LOC142983442/gene-Caf1-55/gene-Utx/gene-east/gene-scf/gene-LOC142985567/gene-spt4/gene-LOC142987032/gene-jumu/gene-Iswi/gene-REG/gene-LOC142987181/gene-LOC142982989/gene-aub",80,"CC"
"GO:0060968","GO:0060968","58/3690","104/9658",0.557692307692308,1.45967271211174,3.70589120881772,0.000194717438755075,0.00688951907364402,0.00617170666747488,"gene-RpII215/gene-Kdm3/gene-Sin3A/gene-Fmr1/gene-Ranbp21/gene-Egfr/gene-Rpb7/gene-garnet/gene-dom/gene-LOC142981658/gene-Rpb12/gene-LOC142987276/gene-RpII33/gene-polybromo/gene-LOC142977989/gene-Dcr-1/gene-LOC142987440/gene-LOC142978501/gene-Regnase-1/gene-egg/gene-CRIF/gene-pink/gene-Rpb11/gene-Hr39/gene-Rpb8/gene-AGO1/gene-jub/gene-Cdc45/gene-stau/gene-Rat1/gene-LOC142984224/gene-Prp3/gene-FBXO11/gene-gw/gene-rb/gene-e(y)3/gene-Sdc/gene-ca/gene-U2af50/gene-RpII15/gene-wech/gene-RpII18/gene-LOC142975011/gene-Dg/gene-Adar/gene-mle/gene-LOC142974980/gene-LOC142979371/gene-CycJ/gene-HPS4/gene-Polr2D/gene-Dnmt1/gene-cd/gene-Utx/gene-RpII140/gene-LOC142973568/gene-LOC142987181/gene-aub",58,NA
"GO:0009117","nucleotide metabolic process","203/3690","437/9658",0.464530892448513,1.2158372247338,3.63076338568133,0.000195356414670773,0.00688951907364402,0.00617170666747488,"gene-ND-B17.2/gene-ND-13A/gene-LOC142977612/gene-LOC142972320/gene-ND-ASHI/gene-ND-B18/gene-ND-ACP/gene-TER94/gene-ND-B16.6/gene-ND-B12/gene-ox/gene-LOC142977913/gene-sun/gene-ATPsynF/gene-ND-B15/gene-LOC142980234/gene-CLS/gene-LOC142977953/gene-ATPsynE/gene-LOC142975930/gene-ATPsynG/gene-LOC142986781/gene-LOC142980673/gene-LOC142984621/gene-Stoml2/gene-LOC142984567/gene-ND-B17/gene-UQCR-Q/gene-cype/gene-ND-39/gene-Rho1/gene-LOC142981526/gene-ND-B14.5B/gene-ND-13B/gene-ATPsynO/gene-ATPsynCF6/gene-LOC142979187/gene-fh/gene-LOC142974129/gene-LOC142974900/gene-COX5A/gene-LOC142973869/gene-BmDJ-1beta/gene-FASN1/gene-ND-PDSW/gene-ND-B8/gene-ND-SGDH/gene-LOC142976110/gene-Ndufs8/gene-awd/gene-Uqcr11/gene-ATPsynD/gene-ND-MNLL/gene-LOC142974820/gene-LOC142980570/gene-LOC142977255/gene-Pis/gene-LOC142976875/gene-sdt/gene-Apf/gene-RpS5/gene-ND-B22/gene-Dcps/gene-Cyt-c1/gene-ND-24/gene-ND-30/gene-LOC142975892/gene-ND-42/gene-Nt5b/gene-ATPsynB/gene-LOC142977004/gene-Tpst/gene-Pfk/gene-Ppt2/gene-Coq9/gene-LOC142987190/gene-LOC142980177/gene-LOC142979424/gene-Uccr/gene-Surf1/gene-wal/gene-bur/gene-LOC142980932/gene-ATPsyndelta/gene-ND-18/gene-Pde11/gene-Pmi/gene-LOC142981749/gene-ACBP/gene-LOC142982435/gene-LOC142979801/gene-LOC142984745/gene-LOC142987259/gene-Hmgc/gene-pyd/gene-zip/gene-Taldo/gene-LOC142980539/gene-LOC142984620/gene-Acsf2/gene-sea/gene-LOC142973060/gene-Aps/gene-LOC142973569/gene-ScpX/gene-Dera/gene-Naxd/gene-mino/gene-Etl1/gene-LOC142987070/gene-Paics/gene-Naprt/gene-LOC142978914/gene-LOC142977137/gene-Coq7/gene-LOC142980931/gene-Hr3/gene-Mpi/gene-Pglym/gene-LOC142979137/gene-LOC142972933/gene-rudimentary/gene-LOC142975824/gene-TRAM/gene-LOC142979897/gene-Naxe/gene-LOC142987720/gene-Etfb/gene-ATPCL/gene-Nfs1/gene-LOC142987859/gene-Ak2/gene-Rpi/gene-Gcy/gene-LOC142982921/gene-Pgk/gene-LOC142981212/gene-Pfrx/gene-Ctps/gene-LOC142972519/gene-SdhA/gene-LOC142977139/gene-LOC142980956/gene-Gart/gene-Mk/gene-AcCoAS/gene-LOC142975029/gene-Uba4/gene-LOC142981491/gene-LOC142974821/gene-LOC142981472/gene-CIA30/gene-Idh/gene-Nadsyn/gene-LOC142982078/gene-Taz/gene-Gpo1/gene-Pde8/gene-LOC142987472/gene-Snf4agamma/gene-Tpi/gene-LOC142976034/gene-LOC142983063/gene-vari/gene-ScsbetaA/gene-LOC142979808/gene-Ac13E/gene-Khc/gene-RnrL/gene-LOC142976533/gene-LOC142979173/gene-kdn/gene-Mccc2/gene-Dak1/gene-LOC142977747/gene-Shmt/gene-Fdx2/gene-Nc73EF/gene-r-l/gene-LOC142972753/gene-LOC142983803/gene-blw/gene-Acsl/gene-Papst2/gene-LOC142985615/gene-Pfas/gene-UQCR-C2/gene-Papss/gene-LOC142978234/gene-l(2)k01209/gene-Ogg1/gene-LOC142972287/gene-spel1/gene-Sc2/gene-ATPsynC/gene-Acade/gene-ND-49/gene-Prps/gene-Pdk/gene-LOC142980012/gene-LOC142972321/gene-LOC142987061/gene-LOC142972447",203,"BP"
"GO:0035198","miRNA binding","11/3690","12/9658",0.916666666666667,2.39923215898826,3.81352558033442,0.000195839099032155,0.00688951907364402,0.00617170666747488,"gene-LOC142983263/gene-Fmr1/gene-Dcr-1/gene-Regnase-1/gene-LOC142976459/gene-AGO1/gene-wech/gene-roq/gene-LOC142974980/gene-LOC142976794/gene-PNPase",11,"MF"
"GO:0007169","cell surface receptor protein tyrosine kinase signaling pathway","137/3690","282/9658",0.485815602836879,1.27154663745219,3.63898341026356,0.000203338235946237,0.00711683825811828,0.00637534168342712,"gene-Akt/gene-RpII215/gene-LOC142982010/gene-Stam/gene-LOC142987559/gene-RasGAP1/gene-mTor/gene-LOC142982543/gene-mago/gene-Cbp20/gene-Csk/gene-spen/gene-LOC142974540/gene-Rbfox1/gene-Egfr/gene-LOC142983967/gene-Rho1/gene-Rpb7/gene-Arpc5/gene-C3G/gene-scrib/gene-Vha13/gene-knk/gene-Rpb12/gene-Shark/gene-Arpc4/gene-Ack-like/gene-RpII33/gene-Abl/gene-Vha14-1/gene-Btl/gene-Arpc3A/gene-Sik2/gene-sfl/gene-SCAR/gene-Hrs/gene-Fak/gene-tgo/gene-SOCS2-12/gene-LOC142983850/gene-LOC142979909/gene-veli/gene-shi/gene-LOC142977083/gene-Rpb11/gene-TOR1/gene-sgl/gene-EcR/gene-Ack/gene-LOC142976459/gene-HSPC300/gene-raptor/gene-LOC142976622/gene-LOC142977572/gene-stai/gene-Rpb8/gene-foxo/gene-FER/gene-SREBP/gene-Spred/gene-Cdc37/gene-PTP-ER/gene-Stat92E/gene-Eph/gene-LOC142984746/gene-mys/gene-stumps/gene-cni/gene-VhaAC39-1/gene-dos/gene-dnt/gene-LOC142984224/gene-vap/gene-sl/gene-Tango14/gene-LOC142972184/gene-trio/gene-AP-1-2beta/gene-Dap160/gene-tsu/gene-Shc/gene-Ide/gene-Sra-1/gene-LOC142986201/gene-LOC142987732/gene-PDZ-GEF/gene-LOC142980456/gene-Arf102F/gene-LOC142974963/gene-RpII15/gene-Setx/gene-rock1/gene-wech/gene-Vha44/gene-raskol/gene-RpII18/gene-ush/gene-LOC142981085/gene-Ras85D/gene-Sos/gene-Src64B/gene-Sirt2/gene-drn/gene-S/gene-Pak/gene-LOC142979377/gene-SOCS5/gene-Arpc1/gene-Vha26/gene-p130CAS/gene-Epp/gene-LOC142985250/gene-Gyf/gene-rictor/gene-Polr2D/gene-Alg-2/gene-Tace/gene-Pten/gene-LOC142982098/gene-LOC142976794/gene-tok/gene-LOC142982022/gene-Git/gene-Alk/gene-Pdk1/gene-RpII140/gene-LOC142976782/gene-Fibp/gene-Btk29A/gene-raf/gene-RhoGAP5A/gene-kon/gene-Pdk/gene-LOC142972901/gene-Cbp80/gene-nudE/gene-hop",137,"BP"
"GO:0071166","ribonucleoprotein complex localization","57/3690","102/9658",0.558823529411765,1.46263350868803,3.69333747383819,0.000204891250554092,0.00713479177056382,0.00639142463657382,"gene-mago/gene-Cbp20/gene-Upf1/gene-l(1)G0007/gene-nonC/gene-SF2/gene-LOC142979577/gene-Nup154/gene-nito/gene-eEF5/gene-Tsc1/gene-LOC142987440/gene-Ran/gene-Nup205/gene-LOC142976459/gene-Sym/gene-LOC142985268/gene-thoc6/gene-Smg6/gene-Nup188/gene-Hel25E/gene-eIF4AIII/gene-Prp31/gene-LOC142978249/gene-LOC142974928/gene-tsu/gene-Mat89Ba/gene-B52/gene-U2af50/gene-Clp/gene-LOC142973783/gene-sqd/gene-xmas/gene-tho2/gene-Srp54/gene-Nup98-96/gene-btz/gene-Dbp80/gene-CPSF1/gene-LOC142973202/gene-Poldip3/gene-thoc7/gene-LOC142982223/gene-Nup54/gene-Polr2D/gene-Hpr1/gene-Rbmx2/gene-LOC142976794/gene-La/gene-pix/gene-Nmd3/gene-drongo/gene-Nup43/gene-Ns3/gene-sta/gene-Nup133/gene-Cbp80",57,"BP"
"GO:0050776","regulation of immune response","160/3690","336/9658",0.476190476190476,1.24635436830559,3.61405908528459,0.000216510510293223,0.00750132374046218,0.00671976799091886,"gene-LOC142982010/gene-nej/gene-Sin3A/gene-E(bx)/gene-Spt5/gene-MED1/gene-Vps15/gene-LOC142986676/gene-Tak1/gene-Csk/gene-Spt6/gene-Dorsal/gene-Stoml2/gene-LOC142987176/gene-CYLD/gene-p24-1/gene-serpin-3/gene-Ntf-2/gene-Arpc5/gene-scrib/gene-ubl/gene-BmDJ-1beta/gene-Arpc4/gene-Abl/gene-cta/gene-Pi3K59F/gene-Npl4/gene-Sarm/gene-LOC142973205/gene-Ptip/gene-Arpc3A/gene-Polr3F/gene-LOC142982738/gene-SCAR/gene-LOC142987153/gene-Fak/gene-Rabex-5/gene-LOC142977648/gene-Aos1/gene-AP-1gamma/gene-LOC142975945/gene-Mif/gene-LOC142983051/gene-Regnase-1/gene-LOC142973009/gene-EcR/gene-RpIII128/gene-LOC142979225/gene-HSPC300/gene-LOC142976622/gene-foxo/gene-casp/gene-FER/gene-Cdc37/gene-Lkb1/gene-eIF2Balpha/gene-Stat92E/gene-LOC142978140/gene-LOC142978729/gene-psidin/gene-mys/gene-eIF2Bgamma/gene-Ask1/gene-Pitslre/gene-stumps/gene-Mt2/gene-dos/gene-LRR/gene-LOC142976420/gene-LOC142974425/gene-LOC142984224/gene-Ndfip/gene-sl/gene-PQBP1/gene-Irbp/gene-Su(dx)/gene-Phb1/gene-LOC142983211/gene-SppL/gene-LOC142985416/gene-eIF2Bdelta/gene-BGRP2/gene-Shc/gene-LOC142972152/gene-Mat89Ba/gene-Sra-1/gene-LOC142987720/gene-LOC142978385/gene-Mef2/gene-raskol/gene-LOC142979903/gene-ush/gene-Sos/gene-LOC142978127/gene-Snmp2/gene-mle/gene-cactin/gene-roq/gene-Vamp7/gene-LOC142987905/gene-LOC142979242/gene-Jra/gene-LOC142972469/gene-LOC142983421/gene-Flo1/gene-LOC142975305/gene-Rrp40/gene-Prosbeta7/gene-Pak/gene-Su(var)2-10/gene-LOC142979377/gene-SOCS5/gene-Arpc1/gene-p130CAS/gene-Polr3C/gene-Epp/gene-Usp12-46/gene-LOC142984108/gene-LOC142975546/gene-Diap2/gene-key/gene-Hpr1/gene-lic/gene-RpS3/gene-LOC142981475/gene-eIF2Bepsilon/gene-LOC142978413/gene-Ubr3/gene-LOC142983442/gene-LOC142978730/gene-Uba2/gene-LOC142982298/gene-Ubc4/gene-pix/gene-Pli/gene-dnr1/gene-Tsf2/gene-LOC142974657/gene-Pdk1/gene-LOC142986182/gene-LOC142981938/gene-Btk29A/gene-Ufd1-like/gene-BGRP1/gene-raf/gene-Ubqn/gene-LOC142978875/gene-LOC142973568/gene-pll/gene-Smox/gene-Alr/gene-LOC142974426/gene-spel1/gene-fz2/gene-LOC142987908/gene-LOC142972987/gene-Psf/gene-LOC142982989/gene-LOC142975290/gene-hop",160,"BP"
"GO:0046540","U4/U6 x U5 tri-snRNP complex","17/3690","22/9658",0.772727272727273,2.02249322493225,3.77522878174533,0.000220163599684098,0.00758955926549201,0.00679881034094558,"gene-Prp8/gene-SmD2/gene-LOC142984803/gene-LOC142985465/gene-l(3)72Ab/gene-LOC142983189/gene-LSm3/gene-LOC142974964/gene-LOC142976508/gene-LOC142975423/gene-Prp31/gene-Prp3/gene-SmB/gene-Prp6/gene-Dim1/gene-LOC142985529/gene-LOC142972462",17,"CC"
"GO:0000323","lytic vacuole","132/3690","271/9658",0.487084870848708,1.27486874868749,3.60883057377297,0.000228834677929021,0.00784902945296542,0.00703124657762961,"gene-Sir-1/gene-TER94/gene-mTor/gene-jar/gene-lqf/gene-Sap-r/gene-Ist1/gene-Esp/gene-LOC142978252/gene-LOC142974540/gene-Blos1/gene-LOC142981347/gene-LOC142979351/gene-Chc/gene-Vha13/gene-26-29-p/gene-LOC142972856/gene-ClC-b/gene-Lamtor3/gene-Iml1/gene-Pi3K59F/gene-dlp/gene-LOC142976389/gene-ATP8A/gene-Hrs/gene-LOC142987153/gene-LOC142980962/gene-Usp5/gene-Rpn2/gene-AP-1gamma/gene-Bet5/gene-LOC142974222/gene-LOC142974002/gene-LOC142982538/gene-Tango9/gene-LOC142975132/gene-Ppt2/gene-Bcp/gene-LOC142981610/gene-TOR1/gene-LOC142978549/gene-raptor/gene-Pi4KIIalpha/gene-Wdr59/gene-Dhc64C/gene-Sec13/gene-LOC142981595/gene-psidin/gene-ema/gene-VhaAC39-1/gene-CatD/gene-Ost48/gene-Synj/gene-Nup44A/gene-ENGase/gene-AP-1sigma/gene-Npc1a/gene-AP-1-2beta/gene-LOC142978551/gene-SppL/gene-Snx6/gene-Naprt/gene-LOC142987710/gene-RagC-D/gene-Nct/gene-LOC142980986/gene-LOC142981797/gene-Wdr24/gene-ATPCL/gene-LOC142975157/gene-LOC142976900/gene-LOC142976759/gene-AP-1mu/gene-Cln7/gene-LOC142974963/gene-CCT8/gene-CDC50/gene-mio/gene-LOC142972779/gene-Vha44/gene-LOC142972243/gene-path/gene-LOC142978103/gene-Clc/gene-LOC142980509/gene-LOC142980945/gene-Wdr81/gene-LOC142977906/gene-Vamp7/gene-LOC142977591/gene-rg/gene-LOC142974253/gene-bchs/gene-Dh31-R/gene-LOC142978241/gene-LOC142980988/gene-Lgr1/gene-Lamtor2/gene-Snx1/gene-HPS4/gene-LOC142983145/gene-LOC142986131/gene-LOC142977663/gene-gzl/gene-LOC142973821/gene-Uvrag/gene-lt/gene-cd/gene-wcy/gene-Vps13D/gene-LOC142972195/gene-Rme-8/gene-Clic/gene-anne/gene-Vps39/gene-Sir-3/gene-LOC142973064/gene-Vps11/gene-LOC142974312/gene-LOC142978467/gene-Vps36/gene-LOC142978330/gene-LOC142973251/gene-LOC142981007/gene-Arp10/gene-LOC142974053/gene-Rab26/gene-BHD/gene-GCS2alpha/gene-kon/gene-LOC142972359/gene-LOC142972942",132,"CC"
"GO:0090501","GO:0090501","61/3690","111/9658",0.54954954954955,1.43836031153104,3.65240683270749,0.000233485611243776,0.00796871290115573,0.00713846032176571,"gene-LOC142980021/gene-Cbp20/gene-LOC142978219/gene-trsn/gene-LOC142979577/gene-LOC142976234/gene-Not1/gene-mRpL1/gene-Dcr-1/gene-Dcps/gene-Regnase-1/gene-LOC142976987/gene-LOC142979030/gene-LOC142985268/gene-Smg6/gene-LOC142977695/gene-AGO1/gene-LOC142987222/gene-mRpL44/gene-RpS21/gene-Rat1/gene-LOC142982193/gene-LOC142974425/gene-Not3/gene-LOC142973990/gene-LOC142975824/gene-Rrp46/gene-Fip1/gene-Edc3/gene-Ago2/gene-Clp/gene-LOC142987394/gene-drosha/gene-Bka/gene-Rrp4/gene-Tm/gene-mldr/gene-LOC142983431/gene-Rrp6/gene-Trax/gene-CPSF1/gene-Rrp40/gene-Rga/gene-LOC142978813/gene-Exd2/gene-LOC142981050/gene-LOC142974651/gene-Dis3/gene-RNaseX25/gene-pcm/gene-LOC142975045/gene-Cpsf6/gene-ldbr/gene-PNPase/gene-Ski6/gene-LOC142974426/gene-Tsen34/gene-LOC142979604/gene-sta/gene-Cbp80/gene-aub",61,NA
"GO:0000428","DNA-directed RNA polymerase complex","66/3690","122/9658",0.540983606557377,1.41594029055045,3.63536211105115,0.000243235923882014,0.00826038830609216,0.00739974634509222,"gene-RpII215/gene-MED14/gene-jar/gene-Pex2/gene-Rpb7/gene-Taf1/gene-Mcm3/gene-TfIIA-S/gene-LOC142983557/gene-Rpb12/gene-TfIIEalpha/gene-Taf2/gene-RpII33/gene-MED7/gene-Nipped-B/gene-Polr3F/gene-kto/gene-RpI135/gene-LOC142981256/gene-Taf3/gene-Polr3H/gene-Rpb11/gene-RpIII128/gene-MED6/gene-Rpb8/gene-INTS7/gene-IntS4/gene-IntS1/gene-Polr3G/gene-LOC142983092/gene-Taf13/gene-IntS6/gene-hay/gene-l(2)37Cg/gene-Tfb1/gene-LOC142972424/gene-RpII15/gene-RpI12/gene-Tfb5/gene-MED10/gene-RpII18/gene-LOC142978883/gene-IntS10/gene-Polr1C/gene-IntS3/gene-MED4/gene-IntS9/gene-LOC142978882/gene-LOC142978101/gene-Gas41/gene-Polr3C/gene-Polr2M/gene-skd/gene-LOC142981635/gene-Ctr9/gene-Polr2D/gene-MED31/gene-TfIIS/gene-Tbp/gene-Polr1F/gene-CycH/gene-Polr3A/gene-RpII140/gene-IntS8/gene-wda/gene-LOC142978547",66,"CC"
"GO:0009896","positive regulation of catabolic process","137/3690","283/9658",0.484098939929329,1.26705353979335,3.58530255018534,0.000247590535076128,0.00836473923858321,0.00749322505368249,"gene-Akt/gene-Spt5/gene-Fmr1/gene-TER94/gene-Trc8/gene-LOC142986676/gene-Tak1/gene-Upf1/gene-hep/gene-LOC142974540/gene-Tis11/gene-lsn/gene-Rpb7/gene-Psi/gene-Taf1/gene-Cul3/gene-ctrip/gene-nero/gene-Fbl6/gene-Atg1/gene-Nedd4/gene-BmDJ-1beta/gene-LOC142976389/gene-Not1/gene-Fak/gene-Tsc1/gene-BNIP3/gene-Usp5/gene-Ythdf/gene-tgo/gene-LOC142975945/gene-LOC142979784/gene-ari-1/gene-Ddrgk1/gene-LOC142974002/gene-Mif/gene-Regnase-1/gene-l(2)gd1/gene-Aduk/gene-LOC142981610/gene-spn-E/gene-gus/gene-SkpA/gene-foxo/gene-AGO1/gene-casp/gene-ERR/gene-Cdc37/gene-Lkb1/gene-Keap1/gene-Smurf/gene-LRP1/gene-Cdc16/gene-ema/gene-Atg17/gene-cni/gene-Synj/gene-LOC142974425/gene-Uev1A/gene-Ndfip/gene-Rchy1/gene-Su(dx)/gene-LOC142975609/gene-Paf-AHalpha/gene-gw/gene-LOC142977570/gene-Ide/gene-C/EBP/gene-Wdr24/gene-LOC142987512/gene-Cul1/gene-Cul4/gene-LOC142980720/gene-Syx5/gene-Rpt1/gene-LOC142987583/gene-ABCD/gene-rock1/gene-Pfrx/gene-wech/gene-raskol/gene-Rab3GAP1/gene-LOC142980839/gene-puml/gene-LOC142978391/gene-Tnks/gene-Sirt2/gene-LOC142977906/gene-roq/gene-ago/gene-CKIalpha/gene-PI31/gene-Caspase1/gene-LOC142980441/gene-LOC142987219/gene-Rad23/gene-LOC142986118/gene-Su(var)2-10/gene-Snx1/gene-Mondo/gene-SOCS5/gene-LOC142973128/gene-LOC142981379/gene-LOC142978852/gene-Gyf/gene-PhKgamma/gene-LOC142986131/gene-lace/gene-elgi/gene-Uvrag/gene-REPTOR/gene-Pten/gene-Med/gene-LOC142982098/gene-wcy/gene-LOC142978941/gene-Git/gene-LOC142974576/gene-Bre1/gene-pic/gene-Utx/gene-LOC142975219/gene-Ufd1-like/gene-Vps11/gene-PNPase/gene-Ubqn/gene-Tmtc3/gene-Atg4a/gene-l(2)dtl/gene-LOC142978465/gene-LOC142974426/gene-Fur1/gene-AMPKalpha/gene-BHD/gene-Cdk1/gene-aub/gene-LOC142977656",137,"BP"
"GO:0006342","GO:0006342","44/3690","75/9658",0.586666666666667,1.53550858175248,3.66071748961235,0.000248747347619676,0.00836473923858321,0.00749322505368249,"gene-LOC142972436/gene-LOC142975301/gene-MTA1-like/gene-Spt6/gene-MRG15/gene-Top2/gene-osa/gene-LOC142973734/gene-LOC142977989/gene-Dcr-1/gene-LOC142981452/gene-Usp7/gene-spn-E/gene-upSET/gene-Hsc70-4/gene-LOC142977695/gene-AGO1/gene-Bin1/gene-FBXO11/gene-Pp2C1/gene-Ubr1/gene-LOC142985107/gene-Ago2/gene-LOC142975011/gene-HDAC4/gene-Sirt2/gene-PH/gene-LOC142973507/gene-Hmt4-20/gene-LOC142972469/gene-LOC142975305/gene-LOC142982946/gene-Gas41/gene-Tlk/gene-HPS4/gene-LOC142984108/gene-wge/gene-Khc/gene-PHO/gene-Caf1-55/gene-Sce/gene-Iswi/gene-LOC142987181/gene-aub",44,NA
"GO:0000028","ribosomal small subunit assembly","14/3690","17/9658",0.823529411764706,2.15545990754025,3.74919640237823,0.00025392954045092,0.00849734949996737,0.00761201877870331,"gene-RpL38/gene-RpS17/gene-mRpS7/gene-RpS10b/gene-RpS27/gene-mRpS11/gene-RpS2/gene-RpS28b/gene-RpS15/gene-RpS25/gene-LOC142987394/gene-LOC142973375/gene-RpS14/gene-sta",14,"BP"
"GO:1903311","regulation of mRNA metabolic process","107/3690","214/9658",0.5,1.30867208672087,3.59042737860478,0.000255401286858817,0.00850511081481303,0.00761897144957473,"gene-Akt/gene-hfp/gene-LOC142983263/gene-Sf3a1/gene-Spt5/gene-Fmr1/gene-mTor/gene-mago/gene-Cbp20/gene-yps/gene-Upf1/gene-Spt6/gene-l(1)G0007/gene-Tis11/gene-Rbfox1/gene-LOC142984078/gene-Prp39/gene-Rpb7/gene-Psi/gene-LOC142984261/gene-SF2/gene-LOC142987276/gene-LOC142986766/gene-mbl/gene-Not1/gene-Tnpo/gene-nito/gene-l(3)72Ab/gene-Ythdf/gene-Dcr-1/gene-LOC142983850/gene-LOC142979909/gene-LOC142978501/gene-RpL12/gene-Regnase-1/gene-LOC142980137/gene-LOC142977474/gene-TOR1/gene-spn-E/gene-mub/gene-HnRNP-K/gene-LOC142976459/gene-Smu1/gene-AGO1/gene-Bin1/gene-Hel25E/gene-LOC142978729/gene-eIF4AIII/gene-ncm/gene-Pitslre/gene-LOC142974425/gene-Zip71B/gene-snRNP-U1-70K/gene-LOC142975609/gene-LOC142974928/gene-gw/gene-Nab2/gene-PSR/gene-LOC142973990/gene-LOC142976358/gene-tsu/gene-Rrp46/gene-B52/gene-obe/gene-U2af50/gene-Clp/gene-CycT/gene-sm/gene-wech/gene-LOC142975539/gene-Srp54/gene-Hrb27C/gene-Adar/gene-pps/gene-mle/gene-Nup98-96/gene-Rrp4/gene-roq/gene-LOC142987905/gene-Boule/gene-mnb/gene-Dh31-R/gene-Paip1/gene-Bx42/gene-Rrp40/gene-LOC142978852/gene-Gyf/gene-Ctr9/gene-LOC142984444/gene-Dis3/gene-LOC142976794/gene-pcm/gene-Bre1/gene-Cpsf6/gene-PNPase/gene-LOC142977826/gene-Ski6/gene-LOC142974426/gene-beag/gene-LOC142987908/gene-Spf45/gene-Tnpo-SR/gene-Son/gene-Cbp80/gene-aub/gene-LOC142985412/gene-LOC142977656",107,"BP"
"GO:0042177","negative regulation of protein catabolic process","43/3690","73/9658",0.589041095890411,1.5417232802465,3.65311010896189,0.000257455829467473,0.00853211106351142,0.00764315856817242,"gene-LOC142982010/gene-mTor/gene-LOC142986676/gene-Egfr/gene-Su(fu)/gene-Taf1/gene-Scox/gene-BmDJ-1beta/gene-RpS7/gene-Usp14/gene-CSN4/gene-Usp7/gene-TOR1/gene-RpL23/gene-Eph/gene-DUBAI/gene-ema/gene-Der-2/gene-Yod1/gene-snRNP-U1-70K/gene-Phb1/gene-Timp/gene-viaf/gene-LOC142980456/gene-rock1/gene-LOC142980886/gene-LOC142972243/gene-raskol/gene-Rich/gene-Ubc7/gene-LOC142987718/gene-sxc/gene-Sirt2/gene-RpL11/gene-PI31/gene-Hipk/gene-Tlk/gene-Sf3b3/gene-Med/gene-wcy/gene-Smox/gene-Fur1/gene-LOC142972942",43,"BP"
"GO:0042175","nuclear outer membrane-endoplasmic reticulum membrane network","213/3690","463/9658",0.460043196544276,1.20409138000667,3.53882578107045,0.00027185563115358,0.00896600783516133,0.00803184804997267,"gene-sip3/gene-Cisd2/gene-TER94/gene-alphaCOP/gene-LOC142980898/gene-SERCA/gene-Trc8/gene-EMC4/gene-LOC142987189/gene-LOC142978836/gene-Dad1/gene-Dhrs4/gene-LOC142975374/gene-Stim/gene-LOC142980206/gene-LOC142978713/gene-zetaCOP/gene-Spase12/gene-Sec24AB/gene-kud/gene-Jheh-lp4/gene-epsilonCOP/gene-Syx17/gene-Rho1/gene-p24-1/gene-Ntf-2/gene-Spase25/gene-RpL36A/gene-nero/gene-klar/gene-LOC142977499/gene-RpL29/gene-LOC142984185/gene-Sec61beta/gene-betaCOP/gene-CHOp24/gene-eca/gene-RpL14/gene-Use1/gene-PPP1R15/gene-LOC142974110/gene-bai/gene-Catsup/gene-NUCB1/gene-Alg1/gene-ttv/gene-Pi3K59F/gene-Npl4/gene-Srp9/gene-twr/gene-BI-1/gene-PIG-K/gene-Kr-h2/gene-LOC142972431/gene-LOC142983258/gene-LOC142978044/gene-crc/gene-Pis/gene-l(1)G0320/gene-CDase/gene-eEF5/gene-LOC142974073/gene-LOC142987250/gene-Ankle2/gene-Ddrgk1/gene-LOC142987311/gene-LOC142987619/gene-RpS28b/gene-Vkor/gene-Regnase-1/gene-RpL22/gene-Cnep1r2/gene-Sec20/gene-LOC142974251/gene-EMC8-9/gene-RpL23/gene-LOC142979225/gene-EMC7/gene-RpL27/gene-casp/gene-SREBP/gene-rt/gene-Hmgc/gene-PTP-ER/gene-SsRbeta/gene-beta'COP/gene-oys/gene-LOC142982090/gene-LOC142983499/gene-LOC142978729/gene-Sec13/gene-sws/gene-RpS21/gene-Rab1/gene-Ask1/gene-LOC142976381/gene-RpS29/gene-Atg17/gene-Pdzd8/gene-cni/gene-EMC10/gene-ifc/gene-KdelR/gene-EMC5/gene-Drp1/gene-Ost48/gene-LOC142982305/gene-Der-2/gene-LOC142976615/gene-Tango14/gene-Syx18/gene-CrebA/gene-SppL/gene-LOC142972770/gene-LOC142973478/gene-Mctp/gene-LOC142980986/gene-heix/gene-LOC142987345/gene-LOC142979983/gene-ERp44/gene-atl/gene-LOC142977570/gene-LOC142976149/gene-cert/gene-LOC142973317/gene-UGT48C1/gene-LOC142973062/gene-otu/gene-LOC142980720/gene-Syx5/gene-LOC142976210/gene-Rab2/gene-Atg9/gene-EMC6/gene-Trp1/gene-GlcAT-I/gene-LOC142975518/gene-Sec5/gene-LOC142972243/gene-Dolk/gene-Rab3GAP1/gene-Dhdds/gene-LOC142972597/gene-LOC142975029/gene-LOC142986483/gene-puml/gene-LOC142978166/gene-LOC142973978/gene-RpL11/gene-Vamp7/gene-Rab6/gene-PIG-N/gene-Alg7/gene-Ufl1/gene-LOC142977057/gene-LOC142974253/gene-nes/gene-LOC142975827/gene-PIG-Q/gene-PIG-B/gene-LOC142980988/gene-RpL32/gene-S2P/gene-PIG-U/gene-rasp/gene-sotv/gene-RpL6/gene-LOC142983004/gene-PIG-F/gene-lace/gene-LOC142983558/gene-LOC142984444/gene-Sar1/gene-LOC142979027/gene-LOC142987312/gene-xit/gene-PIG-M/gene-Spase22-23/gene-RpS3/gene-LOC142982098/gene-LOC142978941/gene-LOC142983184/gene-Msp300/gene-botv/gene-LOC142975499/gene-Droj2/gene-LOC142977643/gene-GABA-B-R1/gene-Lpin/gene-Ufd1-like/gene-Acsl/gene-meigo/gene-LOC142981762/gene-PNPase/gene-Papst2/gene-Ubqn/gene-RpS20/gene-LOC142973251/gene-LOC142986424/gene-LOC142974053/gene-LOC142985452/gene-LOC142974238/gene-Cals/gene-Fur1/gene-Fatp/gene-Sc2/gene-Cdk1/gene-Jheh-lp1/gene-sta/gene-Alg3/gene-wol/gene-LOC142973244",213,"CC"
"GO:0065002","intracellular protein transmembrane transport","26/3690","39/9658",0.666666666666667,1.74489611562782,3.66507564188366,0.000289784255751632,0.00951157892084305,0.00852057660578207,"gene-Akt/gene-blp/gene-LOC142987685/gene-LOC142987536/gene-LOC142980365/gene-Pex2/gene-Pex13/gene-Tim9a/gene-Sec61beta/gene-Srp9/gene-mge/gene-LOC142984096/gene-LOC142981532/gene-Pex5/gene-Tim10/gene-Pex10/gene-Trp1/gene-Tim23/gene-LOC142975911/gene-LOC142977187/gene-LOC142976516/gene-LOC142980612/gene-LOC142982022/gene-Roe1/gene-Pex7/gene-Mulk",26,"BP"
"GO:0030880","RNA polymerase complex","68/3690","127/9658",0.535433070866142,1.40141262829951,3.58049893077817,0.00029410134095993,0.00960731047135771,0.00860633397756426,"gene-RpII215/gene-MED14/gene-jar/gene-Pex2/gene-Rpb7/gene-Taf1/gene-Mcm3/gene-TfIIA-S/gene-LOC142983557/gene-Rpb12/gene-TfIIEalpha/gene-Taf2/gene-RpII33/gene-MED7/gene-Nipped-B/gene-Polr3F/gene-kto/gene-RpI135/gene-LOC142981256/gene-Taf3/gene-Polr3H/gene-Rpb11/gene-RpIII128/gene-MED6/gene-Rpb8/gene-LOC142977695/gene-INTS7/gene-IntS4/gene-IntS1/gene-Polr3G/gene-LOC142983092/gene-Taf13/gene-IntS6/gene-hay/gene-l(2)37Cg/gene-Tfb1/gene-LOC142972424/gene-RpII15/gene-RpI12/gene-Tfb5/gene-MED10/gene-RpII18/gene-LOC142978883/gene-IntS10/gene-Polr1C/gene-IntS3/gene-MED4/gene-IntS9/gene-LOC142978882/gene-LOC142978101/gene-Gas41/gene-Polr3C/gene-Polr2M/gene-skd/gene-LOC142981635/gene-Ctr9/gene-Polr2D/gene-LOC142972586/gene-MED31/gene-TfIIS/gene-Tbp/gene-Polr1F/gene-CycH/gene-Polr3A/gene-RpII140/gene-IntS8/gene-wda/gene-LOC142978547",68,"CC"
"GO:0071426","GO:0071426","56/3690","101/9658",0.554455445544555,1.45120072982908,3.5841780753319,0.000305472915150671,0.00993148908973272,0.008896736735593,"gene-mago/gene-Cbp20/gene-Upf1/gene-l(1)G0007/gene-nonC/gene-SF2/gene-LOC142979577/gene-Nup154/gene-nito/gene-eEF5/gene-Tsc1/gene-LOC142987440/gene-Ran/gene-Nup205/gene-LOC142976459/gene-Sym/gene-LOC142985268/gene-thoc6/gene-Smg6/gene-Nup188/gene-Hel25E/gene-eIF4AIII/gene-LOC142978249/gene-LOC142974928/gene-tsu/gene-Mat89Ba/gene-B52/gene-U2af50/gene-Clp/gene-LOC142973783/gene-sqd/gene-xmas/gene-tho2/gene-Srp54/gene-Nup98-96/gene-btz/gene-Dbp80/gene-CPSF1/gene-LOC142973202/gene-Poldip3/gene-thoc7/gene-LOC142982223/gene-Nup54/gene-Polr2D/gene-Hpr1/gene-Rbmx2/gene-LOC142976794/gene-La/gene-pix/gene-Nmd3/gene-drongo/gene-Nup43/gene-Ns3/gene-sta/gene-Nup133/gene-Cbp80",56,NA
"GO:0071806","protein transmembrane transport","28/3690","43/9658",0.651162790697674,1.70431713619462,3.63955033502847,0.000309893068190399,0.0100117727732849,0.00896865573890398,"gene-Akt/gene-blp/gene-LOC142987685/gene-LOC142987536/gene-LOC142980365/gene-Pex2/gene-Tim8/gene-Pex13/gene-Tim9a/gene-Sec61beta/gene-LOC142974110/gene-Srp9/gene-mge/gene-LOC142984096/gene-LOC142981532/gene-Pex5/gene-Tim10/gene-Pex10/gene-Trp1/gene-Tim23/gene-LOC142975911/gene-LOC142977187/gene-LOC142976516/gene-LOC142980612/gene-LOC142982022/gene-Roe1/gene-Pex7/gene-Mulk",28,"BP"
"GO:0006753","nucleoside phosphate metabolic process","203/3690","440/9658",0.461363636363636,1.20754742547425,3.50384776283522,0.00031086116628421,0.0100117727732849,0.00896865573890398,"gene-ND-B17.2/gene-ND-13A/gene-LOC142977612/gene-LOC142972320/gene-ND-ASHI/gene-ND-B18/gene-ND-ACP/gene-TER94/gene-ND-B16.6/gene-ND-B12/gene-ox/gene-LOC142977913/gene-sun/gene-ATPsynF/gene-ND-B15/gene-LOC142980234/gene-CLS/gene-LOC142977953/gene-ATPsynE/gene-LOC142975930/gene-ATPsynG/gene-LOC142986781/gene-LOC142980673/gene-LOC142984621/gene-Stoml2/gene-LOC142984567/gene-ND-B17/gene-UQCR-Q/gene-cype/gene-ND-39/gene-Rho1/gene-LOC142981526/gene-ND-B14.5B/gene-ND-13B/gene-ATPsynO/gene-ATPsynCF6/gene-LOC142979187/gene-fh/gene-LOC142974129/gene-LOC142974900/gene-COX5A/gene-LOC142973869/gene-BmDJ-1beta/gene-FASN1/gene-ND-PDSW/gene-ND-B8/gene-ND-SGDH/gene-LOC142976110/gene-Ndufs8/gene-awd/gene-Uqcr11/gene-ATPsynD/gene-ND-MNLL/gene-LOC142974820/gene-LOC142980570/gene-LOC142977255/gene-Pis/gene-LOC142976875/gene-sdt/gene-Apf/gene-RpS5/gene-ND-B22/gene-Dcps/gene-Cyt-c1/gene-ND-24/gene-ND-30/gene-LOC142975892/gene-ND-42/gene-Nt5b/gene-ATPsynB/gene-LOC142977004/gene-Tpst/gene-Pfk/gene-Ppt2/gene-Coq9/gene-LOC142987190/gene-LOC142980177/gene-LOC142979424/gene-Uccr/gene-Surf1/gene-wal/gene-bur/gene-LOC142980932/gene-ATPsyndelta/gene-ND-18/gene-Pde11/gene-Pmi/gene-LOC142981749/gene-ACBP/gene-LOC142982435/gene-LOC142979801/gene-LOC142984745/gene-LOC142987259/gene-Hmgc/gene-pyd/gene-zip/gene-Taldo/gene-LOC142980539/gene-LOC142984620/gene-Acsf2/gene-sea/gene-LOC142973060/gene-Aps/gene-LOC142973569/gene-ScpX/gene-Dera/gene-Naxd/gene-mino/gene-Etl1/gene-LOC142987070/gene-Paics/gene-Naprt/gene-LOC142978914/gene-LOC142977137/gene-Coq7/gene-LOC142980931/gene-Hr3/gene-Mpi/gene-Pglym/gene-LOC142979137/gene-LOC142972933/gene-rudimentary/gene-LOC142975824/gene-TRAM/gene-LOC142979897/gene-Naxe/gene-LOC142987720/gene-Etfb/gene-ATPCL/gene-Nfs1/gene-LOC142987859/gene-Ak2/gene-Rpi/gene-Gcy/gene-LOC142982921/gene-Pgk/gene-LOC142981212/gene-Pfrx/gene-Ctps/gene-LOC142972519/gene-SdhA/gene-LOC142977139/gene-LOC142980956/gene-Gart/gene-Mk/gene-AcCoAS/gene-LOC142975029/gene-Uba4/gene-LOC142981491/gene-LOC142974821/gene-LOC142981472/gene-CIA30/gene-Idh/gene-Nadsyn/gene-LOC142982078/gene-Taz/gene-Gpo1/gene-Pde8/gene-LOC142987472/gene-Snf4agamma/gene-Tpi/gene-LOC142976034/gene-LOC142983063/gene-vari/gene-ScsbetaA/gene-LOC142979808/gene-Ac13E/gene-Khc/gene-RnrL/gene-LOC142976533/gene-LOC142979173/gene-kdn/gene-Mccc2/gene-Dak1/gene-LOC142977747/gene-Shmt/gene-Fdx2/gene-Nc73EF/gene-r-l/gene-LOC142972753/gene-LOC142983803/gene-blw/gene-Acsl/gene-Papst2/gene-LOC142985615/gene-Pfas/gene-UQCR-C2/gene-Papss/gene-LOC142978234/gene-l(2)k01209/gene-Ogg1/gene-LOC142972287/gene-spel1/gene-Sc2/gene-ATPsynC/gene-Acade/gene-ND-49/gene-Prps/gene-Pdk/gene-LOC142980012/gene-LOC142972321/gene-LOC142987061/gene-LOC142972447",203,"BP"
"GO:0031902","late endosome membrane","30/3690","47/9658",0.638297872340426,1.67064521709047,3.62390966716389,0.000320326719684454,0.0102684172758662,0.00919856069610352,"gene-lsn/gene-fab1/gene-Lamtor3/gene-Hrs/gene-LOC142987153/gene-MICAL-like/gene-Pi4KIIalpha/gene-LOC142979718/gene-Npc1a/gene-Vps13/gene-LOC142984893/gene-LOC142974963/gene-Atg9/gene-LOC142972779/gene-Wdr81/gene-Vamp7/gene-Bulli/gene-S/gene-Lamtor2/gene-HPS4/gene-gzl/gene-lt/gene-Vps29/gene-Vti1a/gene-Vps39/gene-LOC142978467/gene-Vps36/gene-LOC142978330/gene-LOC142973251/gene-LOC142972942",30,"CC"
"GO:0098827","endoplasmic reticulum subcompartment","209/3690","455/9658",0.459340659340659,1.20225259835016,3.47500143757914,0.000343269955050354,0.0109527064727694,0.00981155445573545,"gene-sip3/gene-Cisd2/gene-TER94/gene-alphaCOP/gene-LOC142980898/gene-SERCA/gene-Trc8/gene-EMC4/gene-LOC142987189/gene-LOC142978836/gene-Dad1/gene-Dhrs4/gene-LOC142975374/gene-Stim/gene-LOC142980206/gene-LOC142978713/gene-zetaCOP/gene-Spase12/gene-Sec24AB/gene-kud/gene-Jheh-lp4/gene-epsilonCOP/gene-Syx17/gene-Rho1/gene-p24-1/gene-Spase25/gene-RpL36A/gene-nero/gene-LOC142977499/gene-RpL29/gene-LOC142984185/gene-Sec61beta/gene-betaCOP/gene-CHOp24/gene-eca/gene-RpL14/gene-Use1/gene-PPP1R15/gene-LOC142974110/gene-bai/gene-Catsup/gene-Alg1/gene-ttv/gene-Npl4/gene-Srp9/gene-twr/gene-BI-1/gene-PIG-K/gene-Kr-h2/gene-LOC142972431/gene-LOC142983258/gene-LOC142978044/gene-crc/gene-Pis/gene-l(1)G0320/gene-CDase/gene-eEF5/gene-LOC142974073/gene-LOC142987250/gene-Ankle2/gene-Ddrgk1/gene-LOC142987311/gene-LOC142987619/gene-RpS28b/gene-Vkor/gene-Regnase-1/gene-RpL22/gene-Sec20/gene-LOC142974251/gene-EMC8-9/gene-RpL23/gene-LOC142979225/gene-EMC7/gene-RpL27/gene-casp/gene-SREBP/gene-rt/gene-Hmgc/gene-PTP-ER/gene-SsRbeta/gene-beta'COP/gene-oys/gene-LOC142982090/gene-LOC142983499/gene-LOC142978729/gene-Sec13/gene-sws/gene-RpS21/gene-Rab1/gene-Ask1/gene-LOC142976381/gene-RpS29/gene-Atg17/gene-Pdzd8/gene-cni/gene-EMC10/gene-ifc/gene-KdelR/gene-EMC5/gene-Drp1/gene-Ost48/gene-LOC142982305/gene-Der-2/gene-LOC142976615/gene-Tango14/gene-Syx18/gene-CrebA/gene-SppL/gene-LOC142972770/gene-LOC142973478/gene-Mctp/gene-LOC142980986/gene-heix/gene-LOC142987345/gene-LOC142979983/gene-ERp44/gene-atl/gene-LOC142977570/gene-LOC142976149/gene-cert/gene-LOC142973317/gene-UGT48C1/gene-LOC142973062/gene-otu/gene-LOC142980720/gene-Syx5/gene-LOC142976210/gene-Rab2/gene-Atg9/gene-EMC6/gene-Trp1/gene-GlcAT-I/gene-LOC142975518/gene-LOC142972243/gene-Dolk/gene-Rab3GAP1/gene-Dhdds/gene-LOC142972597/gene-LOC142975029/gene-LOC142986483/gene-puml/gene-LOC142978166/gene-LOC142973978/gene-RpL11/gene-Vamp7/gene-spas/gene-Rab6/gene-PIG-N/gene-Alg7/gene-Ufl1/gene-LOC142977057/gene-LOC142974253/gene-nes/gene-LOC142975827/gene-PIG-Q/gene-PIG-B/gene-LOC142980988/gene-RpL32/gene-S2P/gene-PIG-U/gene-rasp/gene-sotv/gene-RpL6/gene-LOC142983004/gene-PIG-F/gene-lace/gene-LOC142983558/gene-LOC142984444/gene-Sar1/gene-elgi/gene-LOC142979027/gene-LOC142987312/gene-xit/gene-PIG-M/gene-Spase22-23/gene-RpS3/gene-LOC142982098/gene-LOC142978941/gene-LOC142983184/gene-botv/gene-LOC142975499/gene-Droj2/gene-LOC142977643/gene-GABA-B-R1/gene-Lpin/gene-Ufd1-like/gene-Acsl/gene-meigo/gene-LOC142981762/gene-PNPase/gene-Papst2/gene-Ubqn/gene-RpS20/gene-LOC142973251/gene-LOC142986424/gene-LOC142974053/gene-LOC142985452/gene-LOC142974238/gene-Cals/gene-Fur1/gene-Fatp/gene-Sc2/gene-Cdk1/gene-Jheh-lp1/gene-rdgB/gene-sta/gene-Alg3/gene-wol/gene-LOC142973244",209,"CC"
"GO:0031641","regulation of myelination","15/3690","19/9658",0.789473684210526,2.066324347454,3.6582217497427,0.000353205872396887,0.0112175568733456,0.0100488103462623,"gene-Akt/gene-LOC142984753/gene-mTor/gene-LOC142972497/gene-SCAR/gene-Dcr-1/gene-USP/gene-arm/gene-Zpr1/gene-TOR1/gene-baz/gene-Dg/gene-Sirt2/gene-Pten/gene-LOC142982098",15,"BP"
"GO:1903050","regulation of proteolysis involved in protein catabolic process","78/3690","150/9658",0.52,1.3610189701897,3.50389398550808,0.00037336341049376,0.0117718598003196,0.0105453609811671,"gene-Akt/gene-LOC142982010/gene-Fmr1/gene-TER94/gene-mTor/gene-Trc8/gene-LOC142986676/gene-Su(fu)/gene-Taf1/gene-Fbl6/gene-Scox/gene-BmDJ-1beta/gene-RpS7/gene-Usp14/gene-LOC142976389/gene-wts/gene-Fak/gene-CSN4/gene-Usp5/gene-LOC142979784/gene-ari-1/gene-Ddrgk1/gene-LOC142974002/gene-Usp7/gene-TOR1/gene-RpL23/gene-Tmf/gene-SkpA/gene-Keap1/gene-Smurf/gene-Eph/gene-LOC142978729/gene-DUBAI/gene-ema/gene-cni/gene-Uev1A/gene-Der-2/gene-Yod1/gene-Rchy1/gene-LOC142977570/gene-C/EBP/gene-Cul1/gene-viaf/gene-LOC142980456/gene-Rpt1/gene-LOC142980886/gene-raskol/gene-Ubc7/gene-LOC142987718/gene-sxc/gene-Tnks/gene-Sirt2/gene-RpL11/gene-ago/gene-CKIalpha/gene-Ufl1/gene-Ube3a/gene-PI31/gene-Hipk/gene-LOC142980441/gene-LOC142987219/gene-Rad23/gene-Su(var)2-10/gene-Tlk/gene-SOCS5/gene-Pten/gene-wcy/gene-LOC142978941/gene-Ubc4/gene-LOC142974576/gene-Bre1/gene-Ufd1-like/gene-raf/gene-Ubqn/gene-Tmtc3/gene-l(2)dtl/gene-REG/gene-Cdk1",78,"BP"
"GO:0004540","RNA nuclease activity","44/3690","76/9658",0.578947368421053,1.51530452146627,3.54619454626138,0.000374091171497036,0.0117718598003196,0.0105453609811671,"gene-LOC142980021/gene-trsn/gene-LOC142976234/gene-Not1/gene-Dcr-1/gene-Dcps/gene-Marf1/gene-Regnase-1/gene-LOC142985268/gene-Smg6/gene-AGO1/gene-LOC142987222/gene-mRpL44/gene-Rat1/gene-LOC142982193/gene-LOC142974425/gene-Not3/gene-LOC142973990/gene-LOC142975824/gene-Rrp46/gene-Edc3/gene-Ago2/gene-Clp/gene-drosha/gene-Rrp4/gene-Tm/gene-mldr/gene-Rrp6/gene-Trax/gene-Rrp40/gene-Rga/gene-LOC142978813/gene-Exd2/gene-LOC142974651/gene-Dis3/gene-RNaseX25/gene-pcm/gene-ldbr/gene-PNPase/gene-Ski6/gene-LOC142974426/gene-Tsen34/gene-LOC142979604/gene-aub",44,"MF"
"GO:0016441","post-transcriptional gene silencing","43/3690","74/9658",0.581081081081081,1.52088918186479,3.5367770739906,0.000389273572480058,0.0121936835945808,0.0109232353575515,"gene-bel/gene-Cbp20/gene-Upf1/gene-Ranbp21/gene-Tis11/gene-trsn/gene-LOC142987276/gene-Not1/gene-LOC142977989/gene-Dcr-1/gene-LOC142978501/gene-spn-E/gene-Ack/gene-LOC142976459/gene-Hsc70-4/gene-Smg6/gene-AGO1/gene-jub/gene-LOC142974425/gene-LOC142975609/gene-gw/gene-Ago2/gene-wech/gene-qin/gene-LOC142980839/gene-LOC142978391/gene-mle/gene-drosha/gene-Ars2/gene-Gas41/gene-LOC142975866/gene-HPS4/gene-Gyf/gene-pelo/gene-LOC142981050/gene-LOC142976794/gene-LOC142986113/gene-pcm/gene-Smox/gene-LOC142985452/gene-LOC142974426/gene-Cbp80/gene-aub",43,"BP"
"GO:0072521","purine-containing compound metabolic process","177/3690","380/9658",0.465789473684211,1.21913136499786,3.42680230051648,0.000417966789909379,0.01303050398741,0.0116728682336197,"gene-ND-B17.2/gene-ND-13A/gene-LOC142977612/gene-LOC142972320/gene-ND-ASHI/gene-ND-B18/gene-ND-ACP/gene-TER94/gene-ND-B16.6/gene-ND-B12/gene-ox/gene-LOC142977913/gene-sun/gene-ATPsynF/gene-ND-B15/gene-LOC142980234/gene-CLS/gene-LOC142977953/gene-ATPsynE/gene-LOC142975930/gene-ATPsynG/gene-LOC142986781/gene-LOC142980673/gene-LOC142984621/gene-Stoml2/gene-LOC142984567/gene-ND-B17/gene-UQCR-Q/gene-cype/gene-ND-39/gene-Rho1/gene-LOC142981526/gene-ND-B14.5B/gene-ND-13B/gene-ATPsynO/gene-ATPsynCF6/gene-LOC142979187/gene-fh/gene-LOC142974129/gene-LOC142974900/gene-COX5A/gene-LOC142973869/gene-BmDJ-1beta/gene-FASN1/gene-ND-PDSW/gene-ND-B8/gene-ND-SGDH/gene-LOC142976110/gene-Ndufs8/gene-awd/gene-Uqcr11/gene-ATPsynD/gene-ND-MNLL/gene-LOC142980570/gene-LOC142977255/gene-Ahcy/gene-sdt/gene-Apf/gene-ND-B22/gene-Dcps/gene-Cyt-c1/gene-ND-24/gene-ND-30/gene-LOC142975892/gene-ND-42/gene-Nt5b/gene-ATPsynB/gene-LOC142977004/gene-Tpst/gene-Pfk/gene-Ppt2/gene-Coq9/gene-LOC142980177/gene-LOC142979424/gene-Uccr/gene-Surf1/gene-wal/gene-bur/gene-LOC142980932/gene-ATPsyndelta/gene-ND-18/gene-Pde11/gene-Pmi/gene-LOC142981749/gene-ACBP/gene-LOC142982435/gene-LOC142979801/gene-LOC142984745/gene-LOC142987259/gene-Hmgc/gene-Ada/gene-pyd/gene-zip/gene-LOC142984620/gene-Acsf2/gene-sea/gene-LOC142973060/gene-Aps/gene-LOC142973569/gene-ScpX/gene-mino/gene-LOC142987070/gene-Paics/gene-LOC142978914/gene-LOC142977137/gene-Coq7/gene-LOC142980931/gene-Hr3/gene-LOC142981797/gene-Mpi/gene-Pglym/gene-LOC142972933/gene-TRAM/gene-LOC142979897/gene-LOC142987720/gene-Etfb/gene-ATPCL/gene-Nfs1/gene-LOC142987859/gene-Ak2/gene-Gcy/gene-LOC142982921/gene-Pgk/gene-LOC142981212/gene-Pfrx/gene-LOC142972519/gene-SdhA/gene-LOC142977139/gene-LOC142980956/gene-Gart/gene-Mk/gene-AcCoAS/gene-LOC142975029/gene-Uba4/gene-LOC142981491/gene-LOC142981472/gene-CIA30/gene-LOC142982078/gene-Taz/gene-Pde8/gene-LOC142987472/gene-Snf4agamma/gene-Tpi/gene-LOC142976034/gene-LOC142983063/gene-vari/gene-ScsbetaA/gene-LOC142979808/gene-LOC142984444/gene-Ac13E/gene-Khc/gene-LOC142976533/gene-kdn/gene-Mccc2/gene-LOC142977747/gene-Shmt/gene-Nc73EF/gene-LOC142972753/gene-blw/gene-Acsl/gene-Papst2/gene-LOC142985615/gene-Pfas/gene-UQCR-C2/gene-Papss/gene-LOC142978234/gene-LOC142972287/gene-spel1/gene-Sc2/gene-ATPsynC/gene-Acade/gene-ND-49/gene-Prps/gene-Pdk/gene-LOC142980012/gene-LOC142972321/gene-LOC142972447",177,"BP"
"GO:0006368","transcription elongation by RNA polymerase II","41/3690","70/9658",0.585714285714286,1.53301587301587,3.51920885084128,0.000419787373355337,0.01303050398741,0.0116728682336197,"gene-RpII215/gene-Spt5/gene-LOC142976128/gene-Cbp20/gene-Spt6/gene-LOC142984078/gene-Rpb7/gene-Cdk12/gene-LOC142973132/gene-Ssrp/gene-Rpb12/gene-RpII33/gene-polybromo/gene-Rpb11/gene-Rpb8/gene-Atu/gene-TH1/gene-hay/gene-EloC/gene-Tfb1/gene-RpII15/gene-CycT/gene-EloB/gene-Tfb5/gene-RpII18/gene-LOC142978883/gene-dre4/gene-lilli/gene-LOC142978882/gene-Polr2M/gene-Ctr9/gene-Polr2D/gene-TfIIS/gene-CycH/gene-Su(Tpl)/gene-RpII140/gene-spt4/gene-Elp4/gene-Elp3/gene-Cbp80/gene-LOC142978547",41,"BP"
"GO:0051169","nuclear transport","102/3690","205/9658",0.497560975609756,1.30228832044418,3.43980133521363,0.000440932866998766,0.013502734645701,0.0120958976310576,"gene-Akt/gene-Karybeta3/gene-LOC142978902/gene-SNRPG/gene-mago/gene-Cbp20/gene-Upf1/gene-LOC142974540/gene-l(1)G0007/gene-Ranbp21/gene-Ntf-2/gene-Sec61beta/gene-nonC/gene-SF2/gene-LOC142979577/gene-Phb2/gene-Cse1/gene-cry2/gene-Nup154/gene-Tnpo/gene-Kr-h2/gene-nito/gene-eEF5/gene-Tsc1/gene-LOC142987440/gene-Ran/gene-Nup205/gene-LOC142981302/gene-bigmax/gene-LOC142985486/gene-RpL23/gene-LOC142976459/gene-Sym/gene-baf/gene-LOC142985268/gene-thoc6/gene-Smg6/gene-Nup188/gene-SmD1/gene-LOC142987684/gene-Smurf/gene-Hel25E/gene-Sec13/gene-eIF4AIII/gene-exd/gene-14-3-3zeta/gene-LOC142978249/gene-LOC142979085/gene-LOC142974928/gene-Kap-alpha3/gene-kuz/gene-tsu/gene-Mat89Ba/gene-SmB/gene-B52/gene-U2af50/gene-Clp/gene-LOC142973783/gene-cdm/gene-tim/gene-sqd/gene-LOC142978149/gene-xmas/gene-Atx-1/gene-SmF/gene-Ras85D/gene-tho2/gene-Srp54/gene-RanBP3/gene-Nup98-96/gene-btz/gene-Dbp80/gene-CPSF1/gene-LOC142973202/gene-Poldip3/gene-thoc7/gene-LOC142987472/gene-LOC142982223/gene-Nup54/gene-Snf4agamma/gene-Mondo/gene-Polr2D/gene-ebo/gene-LOC142984444/gene-Hpr1/gene-Rbmx2/gene-LOC142976794/gene-La/gene-pix/gene-Nmd3/gene-drongo/gene-Nup43/gene-Stlk/gene-Rcc1/gene-Tnpo-SR/gene-Ns3/gene-sta/gene-Phax/gene-Nup133/gene-LOC142987341/gene-Cbp80/gene-Clbn",102,"BP"
"GO:0019904","protein domain specific binding","197/3690","428/9658",0.460280373831776,1.20471215459818,3.40631302203683,0.000441889434889895,0.013502734645701,0.0120958976310576,"gene-Cka/gene-LOC142972444/gene-Stam/gene-nej/gene-Fmr1/gene-TER94/gene-mTor/gene-MED1/gene-Bap60/gene-Ist1/gene-hep/gene-aPKC/gene-hyd/gene-Snoo/gene-G9a/gene-Rho1/gene-LOC142974750/gene-Fas2/gene-nmo/gene-Cul3/gene-Chc/gene-Fbl6/gene-SF2/gene-Nedd4/gene-LOC142987276/gene-Abl/gene-LOC142986766/gene-fkh/gene-Not1/gene-Nipped-B/gene-LOC142985465/gene-crc/gene-SCAR/gene-Hrs/gene-LOC142976245/gene-LOC142987153/gene-Fak/gene-sdt/gene-kto/gene-grp/gene-parvin/gene-Dcr-1/gene-Taf3/gene-LOC142987440/gene-USP/gene-LOC142978501/gene-LOC142983051/gene-LOC142978438/gene-arm/gene-CtBP/gene-GEFmeso/gene-veli/gene-shi/gene-ALiX/gene-LOC142973009/gene-Rpb11/gene-TOR1/gene-LOC142982535/gene-l(2)gl/gene-mRpL17/gene-Ack/gene-HnRNP-K/gene-LOC142976534/gene-Dronc/gene-LOC142976459/gene-EndoA/gene-Rad9/gene-LOC142975744/gene-LOC142987478/gene-SkpA/gene-LOC142980064/gene-tai/gene-baf/gene-casp/gene-ERR/gene-mim/gene-wkd/gene-LOC142979184/gene-Lkb1/gene-Keap1/gene-pyd/gene-Eph/gene-zip/gene-mys/gene-Ask1/gene-Scamp/gene-insc/gene-dos/gene-mbc/gene-Drp1/gene-Synj/gene-LOC142976420/gene-LOC142986142/gene-Ndfip/gene-Rab8/gene-hppy/gene-Syx18/gene-LOC142972184/gene-lap/gene-Su(dx)/gene-LOC142985416/gene-EloC/gene-Traf4/gene-kuz/gene-Rbpn-5/gene-Shc/gene-C/EBP/gene-shaker/gene-Sdc/gene-LOC142987720/gene-LOC142986201/gene-LOC142977634/gene-mRpS31/gene-B52/gene-l(3)mbt/gene-Mef2/gene-U2af50/gene-Osbp/gene-PDZ-GEF/gene-LOC142987583/gene-LOC142982921/gene-LOC142974963/gene-Wbp2/gene-EloB/gene-LOC142973537/gene-mew/gene-cno/gene-raskol/gene-LOC142975928/gene-LOC142981085/gene-Dg/gene-Sos/gene-sxc/gene-pros/gene-LOC142978127/gene-Cdc5/gene-LOC142987905/gene-Rab6/gene-Jra/gene-Atac2/gene-Caspase1/gene-LOC142983968/gene-LOC142976014/gene-LOC142982223/gene-Srrm234/gene-asp/gene-Pak/gene-LOC142982946/gene-Su(var)2-10/gene-LOC142979377/gene-LOC142973128/gene-LOC142975337/gene-p130CAS/gene-LOC142975546/gene-vari/gene-LOC142985979/gene-LOC142977663/gene-Ctr9/gene-RnrL/gene-elgi/gene-Uvrag/gene-LOC142987678/gene-Dnmt1/gene-Tace/gene-Cypl/gene-Pten/gene-LOC142978692/gene-da/gene-LOC142976794/gene-LOC142976788/gene-LOC142981496/gene-Gnf1/gene-wupA/gene-pic/gene-TrpRS/gene-LOC142986182/gene-Droj2/gene-LOC142983803/gene-Acsl/gene-Vps11/gene-Ubqn/gene-pll/gene-Smox/gene-Drep4/gene-LOC142985452/gene-milt/gene-pico/gene-Reps/gene-fz2/gene-LOC142987908/gene-LOC142986743/gene-Son/gene-LOC142982989/gene-LOC142972901/gene-nudE/gene-hop/gene-Prm",197,"MF"
"GO:0007406","negative regulation of neuroblast proliferation","22/3690","32/9658",0.6875,1.79942411924119,3.5616332670963,0.000442873949749668,0.013502734645701,0.0120958976310576,"gene-LOC142982010/gene-MED9/gene-Bap60/gene-LOC142984621/gene-LOC142972176/gene-brat/gene-osa/gene-kto/gene-Uccr/gene-l(2)gl/gene-mts/gene-EcR/gene-MED6/gene-LOC142984620/gene-Etfb/gene-MED10/gene-pros/gene-MED4/gene-MED11/gene-LOC142984108/gene-Ctr9/gene-MED31",22,"BP"
"GO:0070373","negative regulation of ERK1 and ERK2 cascade","22/3690","32/9658",0.6875,1.79942411924119,3.5616332670963,0.000442873949749668,0.013502734645701,0.0120958976310576,"gene-Wnk/gene-Csk/gene-eIF3a/gene-RanBPM/gene-Abl/gene-ATPsynD/gene-Dlc90F/gene-LOC142981032/gene-wkd/gene-Spred/gene-PTP-ER/gene-Eph/gene-Phb1/gene-Timp/gene-raskol/gene-Sirt2/gene-LOC142984030/gene-Atf3/gene-Pten/gene-Med/gene-BHD/gene-LOC142972849",22,"BP"
"GO:0045088","regulation of innate immune response","83/3690","162/9658",0.512345679012346,1.34098497775101,3.44145656162331,0.000458004336189487,0.0139022555144243,0.0124537928023951,"gene-LOC142982010/gene-nej/gene-Sin3A/gene-E(bx)/gene-Spt5/gene-MED1/gene-Vps15/gene-Tak1/gene-CYLD/gene-p24-1/gene-serpin-3/gene-scrib/gene-ubl/gene-Pi3K59F/gene-Npl4/gene-Sarm/gene-LOC142973205/gene-Polr3F/gene-LOC142987153/gene-LOC142977648/gene-Aos1/gene-AP-1gamma/gene-LOC142975945/gene-EcR/gene-RpIII128/gene-LOC142979225/gene-LOC142976622/gene-Cdc37/gene-Stat92E/gene-LOC142978729/gene-mys/gene-Pitslre/gene-stumps/gene-Mt2/gene-LOC142976420/gene-LOC142974425/gene-LOC142984224/gene-sl/gene-PQBP1/gene-Irbp/gene-Su(dx)/gene-LOC142985416/gene-BGRP2/gene-Mat89Ba/gene-LOC142978385/gene-raskol/gene-LOC142979903/gene-LOC142978127/gene-Snmp2/gene-mle/gene-cactin/gene-LOC142987905/gene-LOC142979242/gene-Flo1/gene-Pak/gene-Su(var)2-10/gene-Polr3C/gene-LOC142984108/gene-LOC142975546/gene-Diap2/gene-lic/gene-LOC142981475/gene-Ubr3/gene-Uba2/gene-Ubc4/gene-pix/gene-Pli/gene-Tsf2/gene-Pdk1/gene-Btk29A/gene-Ufd1-like/gene-BGRP1/gene-raf/gene-Ubqn/gene-LOC142973568/gene-pll/gene-Alr/gene-LOC142974426/gene-LOC142987908/gene-LOC142972987/gene-Psf/gene-LOC142975290/gene-hop",83,"BP"
"GO:0140098","catalytic activity, acting on RNA","127/3690","263/9658",0.482889733840304,1.26388863128175,3.41169386196613,0.000466272297998988,0.0140377832431228,0.0125752000265998,"gene-RpII215/gene-bel/gene-LOC142972436/gene-LOC142980021/gene-Upf1/gene-Prp8/gene-mtTFB1/gene-l(1)G0007/gene-Rpb7/gene-rin/gene-trsn/gene-Rpb12/gene-LOC142987276/gene-RpII33/gene-LOC142976234/gene-Not1/gene-Polr3F/gene-LOC142980851/gene-l(3)72Ab/gene-MED21/gene-Dcr-1/gene-Dcps/gene-LOC142978501/gene-Regnase-1/gene-DNApol-gamma35/gene-TyrRS/gene-Polr3H/gene-Rpb11/gene-spn-E/gene-LOC142985268/gene-Smg6/gene-AGO1/gene-MED20/gene-LOC142987222/gene-mRpL44/gene-AsnRS-m/gene-Hel25E/gene-eIF4AIII/gene-pea/gene-LOC142972524/gene-Rat1/gene-LOC142983930/gene-Mt2/gene-alpha-PheRS/gene-Dtd/gene-LOC142982193/gene-LOC142974425/gene-LOC142974534/gene-Hlc/gene-Not3/gene-LOC142973990/gene-LOC142973677/gene-LOC142975824/gene-tst/gene-Rrp46/gene-Edc3/gene-mtTFB2/gene-rswl/gene-obe/gene-Ago2/gene-Clp/gene-RpII15/gene-Vlg/gene-Mtr4/gene-Dhx15/gene-Samtor/gene-LOC142981574/gene-RpII18/gene-LOC142972542/gene-Dus2/gene-Tgs1/gene-LOC142972353/gene-Fib/gene-mle/gene-drosha/gene-Polr1C/gene-Rrp4/gene-Rs1/gene-Tm/gene-mldr/gene-Dbp80/gene-Rrp6/gene-GatA/gene-Trax/gene-SerRS-m/gene-AspRS-m/gene-Rrp40/gene-Dus1/gene-TyrRS-m/gene-Polr3C/gene-LOC142974095/gene-LOC142977001/gene-LOC142981635/gene-abs/gene-Rga/gene-Polr2D/gene-LOC142972307/gene-LOC142978813/gene-AlkB/gene-Exd2/gene-LOC142974651/gene-Dis3/gene-Polr1F/gene-RNaseX25/gene-LOC142978691/gene-LOC142972416/gene-Polr3A/gene-kz/gene-pcm/gene-ldbr/gene-TrpRS/gene-Cipc/gene-RpII140/gene-LOC142982758/gene-PNPase/gene-LOC142981744/gene-Ski6/gene-LOC142974426/gene-Tsen34/gene-Nsun5/gene-LOC142980516/gene-LOC142979604/gene-Dus3/gene-aub/gene-Dbp21E2/gene-LOC142972443/gene-LOC142977656",127,"MF"
"GO:0017070","U6 snRNA binding","10/3690","11/9658",0.909090909090909,2.37940379403794,3.5992458373205,0.000472700864309239,0.0140377832431228,0.0125752000265998,"gene-Prp8/gene-LOC142984803/gene-LOC142985465/gene-Rnp4F/gene-eEF5/gene-LSm3/gene-LOC142976508/gene-LSm7/gene-LOC142979085/gene-LOC142977656",10,"MF"
"GO:0042974","nuclear retinoic acid receptor binding","10/3690","11/9658",0.909090909090909,2.37940379403794,3.5992458373205,0.000472700864309239,0.0140377832431228,0.0125752000265998,"gene-MED1/gene-Not1/gene-LOC142982738/gene-USP/gene-CtBP/gene-EcR/gene-tai/gene-LOC142972424/gene-Bx42/gene-LOC142983442",10,"MF"
"GO:1901685","glutathione derivative metabolic process","10/3690","11/9658",0.909090909090909,2.37940379403794,3.5992458373205,0.000472700864309239,0.0140377832431228,0.0125752000265998,"gene-LOC142982894/gene-GSTo1/gene-GSTz2/gene-LOC142985182/gene-LOC142980986/gene-LOC142974882/gene-LOC142980988/gene-LOC142985166/gene-GSTz1/gene-LOC142985154",10,"BP"
"GO:1901687","glutathione derivative biosynthetic process","10/3690","11/9658",0.909090909090909,2.37940379403794,3.5992458373205,0.000472700864309239,0.0140377832431228,0.0125752000265998,"gene-LOC142982894/gene-GSTo1/gene-GSTz2/gene-LOC142985182/gene-LOC142980986/gene-LOC142974882/gene-LOC142980988/gene-LOC142985166/gene-GSTz1/gene-LOC142985154",10,"BP"
"GO:0005768","endosome","203/3690","443/9658",0.45823927765237,1.19936990340558,3.377798070946,0.000486159797093585,0.0143752422761293,0.0128774995255551,"gene-LOC142981931/gene-LOC142972444/gene-Sir-1/gene-Stam/gene-LOC142979623/gene-Vps15/gene-lqf/gene-Sap-r/gene-Tak1/gene-Ist1/gene-LOC142983602/gene-LOC142978252/gene-Vps8/gene-Egfr/gene-LOC142975164/gene-Blos1/gene-lsn/gene-Rho1/gene-p24-1/gene-LOC142979351/gene-garnet/gene-LOC142983444/gene-Arpc5/gene-C3G/gene-Chc/gene-Crag/gene-ClC-b/gene-LOC142986840/gene-LOC142980727/gene-Nhe3/gene-Tctp/gene-fab1/gene-Lamtor3/gene-NUCB1/gene-Pi3K59F/gene-Sec71/gene-Atet/gene-ATP8A/gene-LOC142975871/gene-SCAR/gene-Hrs/gene-LOC142987153/gene-Rabex-5/gene-LOC142977648/gene-LOC142976035/gene-Amph/gene-AP-1gamma/gene-dia/gene-LOC142974222/gene-shi/gene-LOC142981610/gene-ALiX/gene-l(2)gl/gene-Ack/gene-EndoA/gene-shg/gene-MICAL-like/gene-Pi4KIIalpha/gene-LOC142979718/gene-Tbc1d15-17/gene-Lkb1/gene-mop/gene-LRP1/gene-Eph/gene-LOC142978319/gene-LOC142978729/gene-Rab1/gene-ema/gene-Scamp/gene-Fas3/gene-VhaAC39-1/gene-CatD/gene-VhaPPA1-1/gene-EMC5/gene-LOC142973600/gene-LOC142972835/gene-LOC142976420/gene-LOC142980432/gene-Khc-73/gene-Der-2/gene-Ndfip/gene-TBC1D16/gene-Tmep/gene-Rab8/gene-LOC142975886/gene-Npc1a/gene-Mrgn1/gene-LOC142986149/gene-AP-1-2beta/gene-LOC142979378/gene-Snx21/gene-lap/gene-Phb1/gene-LOC142978551/gene-LOC142981521/gene-LOC142985416/gene-Snx6/gene-LOC142982262/gene-c11.1/gene-RagC-D/gene-Nct/gene-Mctp/gene-Rbpn-5/gene-Shc/gene-ClC-c/gene-LOC142982021/gene-FAM21/gene-LOC142976318/gene-Vps13/gene-LOC142984893/gene-LOC142980720/gene-AP-1mu/gene-PDZ-GEF/gene-LOC142974963/gene-Atg9/gene-LOC142973537/gene-LOC142983596/gene-LOC142972779/gene-LOC142985328/gene-Sec5/gene-LOC142976826/gene-Exo84/gene-path/gene-LOC142972445/gene-arr/gene-Clc/gene-Klp64D/gene-LOC142978127/gene-Als2/gene-Wdr81/gene-Vamp7/gene-LOC142987905/gene-Bulli/gene-PIP4K/gene-Bruce/gene-LOC142984495/gene-Snx17/gene-hook/gene-CLIP-190/gene-Flo1/gene-Dh31-R/gene-Ocrl/gene-Pak/gene-LOC142986118/gene-Lgr1/gene-Lamtor2/gene-sw/gene-Snx1/gene-Rab40/gene-Vha26/gene-HPS4/gene-Gyf/gene-fwd/gene-Usp12-46/gene-LOC142983145/gene-LOC142975546/gene-gzl/gene-nwk/gene-LOC142979808/gene-sp3/gene-Uvrag/gene-nuf/gene-LOC142979343/gene-TSG101/gene-LOC142980993/gene-lt/gene-LOC142982611/gene-LOC142987537/gene-Mon1/gene-Vps29/gene-Rme-8/gene-Git/gene-Tsf2/gene-LOC142978828/gene-LOC142974654/gene-LOC142974657/gene-Vps39/gene-Sir-3/gene-RapGAP1/gene-LOC142976782/gene-IPIP/gene-LOC142975858/gene-Vps11/gene-LOC142978467/gene-Vps52/gene-Vps36/gene-LOC142978330/gene-LOC142973251/gene-pll/gene-LOC142985075/gene-LOC142978465/gene-milt/gene-Rab26/gene-Fur1/gene-AMPKalpha/gene-fz2/gene-Gapvd1/gene-LOC142987908/gene-LOC142986743/gene-LOC142972154/gene-LOC142983131/gene-LOC142972942/gene-hop",203,"CC"
"GO:0005773","vacuole","155/3690","329/9658",0.47112462006079,1.23309527928106,3.38246858804663,0.000498695763192508,0.0146826306244661,0.0131528613757301,"gene-Sir-1/gene-Atg16/gene-TER94/gene-mTor/gene-jar/gene-lqf/gene-Sap-r/gene-Ist1/gene-Esp/gene-LOC142978252/gene-LOC142974540/gene-LOC142975164/gene-Blos1/gene-Syx17/gene-LOC142981347/gene-LOC142979351/gene-Chc/gene-Vha13/gene-26-29-p/gene-LOC142972856/gene-ClC-b/gene-Lamtor3/gene-Iml1/gene-Vha14-1/gene-Pi3K59F/gene-dlp/gene-LOC142976389/gene-ATP8A/gene-Hrs/gene-LOC142987153/gene-LOC142980962/gene-Usp5/gene-Rpn2/gene-AP-1gamma/gene-Bet5/gene-LOC142974222/gene-LOC142974002/gene-LOC142982538/gene-Tango9/gene-Aduk/gene-LOC142975132/gene-LOC142976791/gene-Ppt2/gene-Bcp/gene-LOC142981610/gene-LOC142985550/gene-LOC142977083/gene-TOR1/gene-LOC142978549/gene-LOC142987546/gene-raptor/gene-Pi4KIIalpha/gene-Wdr59/gene-LOC142979718/gene-Dhc64C/gene-Sec13/gene-LOC142981595/gene-psidin/gene-ema/gene-VhaAC39-1/gene-CatD/gene-VhaPPA1-1/gene-Ost48/gene-Synj/gene-Nup44A/gene-ENGase/gene-AP-1sigma/gene-Npc1a/gene-AP-1-2beta/gene-LOC142978551/gene-SppL/gene-LOC142981521/gene-Snx6/gene-Naprt/gene-LOC142987710/gene-RagC-D/gene-Nct/gene-LOC142980986/gene-LOC142981797/gene-Atg3/gene-Wdr24/gene-ATPCL/gene-LOC142975157/gene-LOC142976900/gene-LOC142976759/gene-AP-1mu/gene-Cln7/gene-LOC142974963/gene-Atg9/gene-CCT8/gene-CDC50/gene-mio/gene-LOC142974268/gene-LOC142972779/gene-Vha44/gene-LOC142972243/gene-path/gene-LOC142978103/gene-Clc/gene-LOC142980509/gene-LOC142980945/gene-Wdr81/gene-LOC142977906/gene-Vamp7/gene-LOC142977591/gene-rg/gene-LOC142974253/gene-bchs/gene-Dh31-R/gene-LOC142978241/gene-LOC142980988/gene-Lgr1/gene-Lamtor2/gene-Snx1/gene-Vha26/gene-HPS4/gene-LOC142974050/gene-LOC142983145/gene-LOC142986131/gene-LOC142977663/gene-gzl/gene-LOC142979808/gene-LOC142973821/gene-LOC142986740/gene-Uvrag/gene-lt/gene-cd/gene-wcy/gene-Vps13D/gene-LOC142972195/gene-Rme-8/gene-LOC142981496/gene-Clic/gene-LOC142974657/gene-anne/gene-Vps39/gene-Sir-3/gene-LOC142973064/gene-Vps11/gene-LOC142974312/gene-LOC142978467/gene-Ubqn/gene-Vps36/gene-LOC142978330/gene-LOC142973251/gene-LOC142981007/gene-Arp10/gene-LOC142974053/gene-Rab26/gene-BHD/gene-GCS2alpha/gene-kon/gene-LOC142972359/gene-LOC142974051/gene-LOC142972942",155,"CC"
"GO:0050684","regulation of mRNA processing","64/3690","120/9658",0.533333333333333,1.39591689250226,3.43151488925208,0.000503723803119888,0.0147179561044773,0.0131845063277487,"gene-hfp/gene-LOC142983263/gene-Sf3a1/gene-Spt5/gene-Fmr1/gene-mago/gene-Cbp20/gene-Spt6/gene-l(1)G0007/gene-Rbfox1/gene-LOC142984078/gene-Prp39/gene-Psi/gene-LOC142984261/gene-SF2/gene-LOC142987276/gene-mbl/gene-nito/gene-l(3)72Ab/gene-LOC142978501/gene-RpL12/gene-LOC142980137/gene-mub/gene-HnRNP-K/gene-LOC142976459/gene-Smu1/gene-Bin1/gene-Hel25E/gene-eIF4AIII/gene-ncm/gene-Pitslre/gene-Zip71B/gene-snRNP-U1-70K/gene-LOC142975609/gene-Nab2/gene-PSR/gene-tsu/gene-B52/gene-obe/gene-U2af50/gene-Clp/gene-CycT/gene-sm/gene-LOC142975539/gene-Srp54/gene-Hrb27C/gene-Adar/gene-pps/gene-mle/gene-Nup98-96/gene-mnb/gene-Bx42/gene-Ctr9/gene-LOC142984444/gene-LOC142976794/gene-Bre1/gene-Cpsf6/gene-beag/gene-Spf45/gene-Tnpo-SR/gene-Son/gene-Cbp80/gene-LOC142985412/gene-LOC142977656",64,"BP"
"GO:0070603","SWI/SNF superfamily-type complex","35/3690","58/9658",0.603448275862069,1.57943182880105,3.48017128714833,0.000504186542937633,0.0147179561044773,0.0131845063277487,"gene-Mi-2/gene-LOC142982010/gene-Su(z)12/gene-LOC142975301/gene-LOC142987559/gene-E(bx)/gene-MTA1-like/gene-Bap60/gene-LOC142982993/gene-dom/gene-Top2/gene-osa/gene-Bap111/gene-polybromo/gene-Chrac-14/gene-CtBP/gene-Gug/gene-LOC142977458/gene-Chrac-16/gene-LOC142986374/gene-Arp8/gene-LOC142986094/gene-LOC142979210/gene-e(y)3/gene-LOC142972555/gene-LOC142984752/gene-LOC142972453/gene-LOC142984108/gene-Ino80/gene-PHO/gene-LOC142976945/gene-Caf1-55/gene-LOC142974688/gene-Iswi/gene-LOC142985604",35,"CC"
"GO:0043408","regulation of MAPK cascade","149/3690","315/9658",0.473015873015873,1.23804533918355,3.37747137256865,0.000510753210722475,0.0148464704472719,0.0132996308840223,"gene-Akt/gene-Cka/gene-LOC142972444/gene-Stam/gene-Wnk/gene-msn/gene-LOC142982543/gene-Sap-r/gene-Tak1/gene-LOC142983616/gene-hep/gene-Csk/gene-LOC142974540/gene-LOC142977493/gene-Egfr/gene-Cdk12/gene-C3G/gene-eIF3a/gene-fray/gene-RanBPM/gene-Tao/gene-Phb2/gene-Abl/gene-Lamtor3/gene-awd/gene-ATPsynD/gene-LOC142976629/gene-LOC142973727/gene-mbt/gene-crc/gene-LOC142976324/gene-sfl/gene-Hrs/gene-Fak/gene-Dlc90F/gene-Usp5/gene-trc/gene-LOC142974222/gene-LOC142974002/gene-Mif/gene-arm/gene-Regnase-1/gene-LOC142976791/gene-ALiX/gene-E(z)/gene-Pde11/gene-LOC142976534/gene-LOC142981032/gene-kibra/gene-SkpA/gene-LOC142976153/gene-slim/gene-Mtmr6/gene-wkd/gene-Spred/gene-Lkb1/gene-PTP-ER/gene-pyd/gene-Eph/gene-LOC142978729/gene-zip/gene-mys/gene-Ask1/gene-Atg17/gene-dos/gene-raw/gene-dnt/gene-vap/gene-hppy/gene-Urm1/gene-Su(dx)/gene-Phb1/gene-NGR-A16/gene-Traf4/gene-PSR/gene-cpb/gene-heix/gene-Shc/gene-LOC142983884/gene-Timp/gene-Mef2/gene-Gata-beta/gene-LOC142984783/gene-PDZ-GEF/gene-koko/gene-LOC142976393/gene-LOC142974963/gene-Atg9/gene-csul/gene-LOC142982436/gene-rock1/gene-slpr/gene-rdx/gene-Dhx15/gene-cno/gene-raskol/gene-LOC142976322/gene-Ras85D/gene-Dg/gene-syd/gene-Sirt2/gene-Snmp2/gene-LOC142987905/gene-ago/gene-Jra/gene-Hipk/gene-LOC142987219/gene-Dh31-R/gene-Pde8/gene-ash1/gene-Pak/gene-Lgr1/gene-Lamtor2/gene-LOC142984030/gene-LOC142981939/gene-Ccm3/gene-Diap2/gene-Alg-2/gene-Atf3/gene-sigmar/gene-elgi/gene-TSG101/gene-lic/gene-RpS3/gene-Tace/gene-Pten/gene-Med/gene-LOC142982098/gene-LOC142978413/gene-wbl/gene-cv-2/gene-Pli/gene-LOC142974576/gene-Alk/gene-LOC142981938/gene-Droj2/gene-LOC142975230/gene-raf/gene-LOC142978875/gene-pll/gene-AMPKalpha/gene-RhoGAP5A/gene-BHD/gene-fz2/gene-LOC142987908/gene-LOC142972849/gene-Cdk1/gene-kon/gene-hop",149,"BP"
"GO:0042254","ribosome biogenesis","116/3690","238/9658",0.487394957983193,1.27568035344219,3.38601389200536,0.000518333873205258,0.0149863528883674,0.0134249391073023,"gene-LOC142979247/gene-bel/gene-RpLP0/gene-RpL38/gene-mtTFB1/gene-mRpS9/gene-RpL24/gene-RpS17/gene-mRpS7/gene-RpL26/gene-RpL5/gene-RpS18/gene-RsfS312/gene-RpL14/gene-RpL35/gene-RpS10b/gene-LOC142973042/gene-RpS24/gene-RpS7/gene-RpS27/gene-mRpS11/gene-Trmt112/gene-RpS2/gene-LOC142980851/gene-Tsc1/gene-mRpL1/gene-LOC142984164/gene-RpL34/gene-LOC142983189/gene-LOC142973667/gene-RpS28b/gene-Ran/gene-LOC142985757/gene-RpL12/gene-LOC142975378/gene-LOC142976987/gene-RpS8/gene-LOC142979030/gene-LOC142975423/gene-Nnp-1/gene-RpS15/gene-LOC142985521/gene-RpL27/gene-LOC142977695/gene-LOC142978461/gene-RpS21/gene-LOC142974240/gene-Rat1/gene-LOC142983930/gene-mRpL11/gene-Sas10/gene-LOC142973376/gene-Hlc/gene-RpS25/gene-l(2)37Cg/gene-Mat89Ba/gene-Rrp46/gene-mtTFB2/gene-LOC142980644/gene-LOC142982036/gene-LOC142973389/gene-LOC142979477/gene-Mtr4/gene-Dhx15/gene-Nop60B/gene-Tfb5/gene-l(1)G0020/gene-Samtor/gene-Ip259/gene-LOC142975899/gene-LOC142987394/gene-l(2)05287/gene-LOC142973375/gene-RpL11/gene-Fib/gene-Bka/gene-Rrp4/gene-Gar1/gene-Rs1/gene-LOC142983431/gene-Rrp6/gene-RpL10/gene-Chd1/gene-Rrp40/gene-LOC142980055/gene-LOC142975377/gene-RpS16/gene-LOC142974748/gene-RpL6/gene-LOC142972307/gene-LOC142978813/gene-Dis3/gene-LOC142973125/gene-LOC142972416/gene-LOC142972521/gene-kz/gene-RpL7/gene-pix/gene-Nop10/gene-LOC142975045/gene-Non3/gene-RpS14/gene-Rrp5/gene-Nmd3/gene-LOC142985517/gene-Ns2/gene-LOC142983454/gene-NO66/gene-Ski6/gene-Nsun5/gene-mTerf3/gene-Ns3/gene-sta/gene-LOC142972901/gene-Dbp21E2/gene-LOC142977656",116,"BP"
"GO:0046914","transition metal ion binding","168/3690","360/9658",0.466666666666667,1.22142728093948,3.36672386959089,0.000519934692045399,0.0149863528883674,0.0134249391073023,"gene-Mi-2/gene-Kdm3/gene-sip3/gene-IscU/gene-Cnot4/gene-nej/gene-LOC142979270/gene-LOC142987685/gene-Usp20-33/gene-Trc8/gene-BuGZ/gene-Atox1/gene-Glob1/gene-Pex2/gene-MagR/gene-Snoo/gene-LOC142974739/gene-CYLD/gene-Fdh/gene-Vps8/gene-Cmc1/gene-Rpn1/gene-Sec24AB/gene-LOC142985460/gene-Tim9a/gene-enok/gene-nero/gene-Sod2/gene-LOC142977652/gene-fh/gene-LOC142981655/gene-LOC142974129/gene-Rpb12/gene-mib1/gene-Usp16-45/gene-Scox/gene-BmDJ-1beta/gene-fab1/gene-Cox11/gene-Abl/gene-Sod1/gene-LOC142973734/gene-LOC142975921/gene-Pis/gene-LOC142972497/gene-Ahcy/gene-CDase/gene-LOC142976245/gene-CAHbeta/gene-LOC142977648/gene-Rpn2/gene-Urod/gene-USP/gene-ari-1/gene-LOC142974222/gene-LOC142973359/gene-LOC142982437/gene-LOC142977004/gene-Zpr1/gene-LOC142972265/gene-Hakai/gene-SelR/gene-LOC142976153/gene-unk/gene-LOC142982522/gene-PGAP5/gene-LOC142987222/gene-Hmgc/gene-LOC142983499/gene-RpS29/gene-LOC142973600/gene-LOC142980432/gene-Tim10/gene-strat/gene-Pex10/gene-LOC142986486/gene-Mrgn1/gene-mEFTu1/gene-Rchy1/gene-svr/gene-LOC142973478/gene-PSR/gene-LOC142975163/gene-LOC142981797/gene-Rbpn-5/gene-rudimentary/gene-Ide/gene-LOC142977548/gene-Ubr1/gene-Timp/gene-eco/gene-Gata-beta/gene-Idi/gene-LOC142982921/gene-RpII15/gene-trx/gene-Psa/gene-LOC142975214/gene-LOC142976150/gene-Blm/gene-mio/gene-LOC142972243/gene-LOC142981623/gene-qin/gene-Hpf1/gene-HDAC4/gene-LOC142982328/gene-Tnks/gene-Sirt2/gene-LOC142978166/gene-tn/gene-LOC142977702/gene-Fntb/gene-LOC142973507/gene-roq/gene-Iap/gene-LOC142977057/gene-CLIP-190/gene-SPoCk/gene-LOC142979256/gene-Su(var)2-10/gene-Glo1/gene-LOC142978852/gene-LOC142974095/gene-Ltn1/gene-LOC142977001/gene-LOC142983145/gene-gzl/gene-Diap2/gene-LOC142978434/gene-LOC142983467/gene-AlkB/gene-LOC142981767/gene-LOC142987582/gene-LOC142982147/gene-elgi/gene-LOC142981331/gene-lt/gene-Dnmt1/gene-PHO/gene-LOC142976390/gene-Ubr3/gene-LOC142983442/gene-Vps29/gene-LOC142979028/gene-LOC142980967/gene-pix/gene-dnr1/gene-Tsf2/gene-Bre1/gene-Fdx2/gene-Sce/gene-LOC142975219/gene-betaggt-II/gene-Vps11/gene-LOC142978875/gene-DppIII/gene-NO66/gene-LOC142973251/gene-Smox/gene-bon/gene-UQCR-C2/gene-LOC142980629/gene-LOC142972154/gene-LOC142979558/gene-LOC142974453/gene-LOC142987885/gene-LOC142972942",168,"MF"
"GO:0031047","regulatory ncRNA-mediated gene silencing","45/3690","79/9658",0.569620253164557,1.49089225069466,3.44476442062205,0.000528321422751118,0.0151643722178773,0.0135844107730501,"gene-bel/gene-Fmr1/gene-Cbp20/gene-Upf1/gene-Ranbp21/gene-Tis11/gene-trsn/gene-LOC142973946/gene-LOC142987276/gene-Not1/gene-LOC142977989/gene-Dcr-1/gene-LOC142978501/gene-spn-E/gene-Ack/gene-LOC142976459/gene-Hsc70-4/gene-Smg6/gene-LOC142977695/gene-AGO1/gene-jub/gene-LOC142974425/gene-FBXO11/gene-LOC142975609/gene-gw/gene-Ago2/gene-wech/gene-qin/gene-LOC142980839/gene-LOC142978391/gene-mle/gene-drosha/gene-Ars2/gene-Gas41/gene-LOC142975866/gene-HPS4/gene-LOC142981050/gene-LOC142976794/gene-LOC142986113/gene-pcm/gene-Smox/gene-LOC142985452/gene-LOC142974426/gene-Cbp80/gene-aub",45,"BP"
"GO:0098562","cytoplasmic side of membrane","63/3690","118/9658",0.533898305084746,1.39739561802398,3.4151499867114,0.000534913527749334,0.0152896116681684,0.0136966016447395,"gene-Akt/gene-LOC142972305/gene-LOC142973627/gene-RasGAP1/gene-lqf/gene-SERCA/gene-Csk/gene-ced-6/gene-CYLD/gene-LOC142981347/gene-Rho1/gene-RpL36A/gene-Chc/gene-Ggamma1/gene-RpL29/gene-RpL14/gene-Use1/gene-LOC142984499/gene-Shark/gene-Ack-like/gene-Abl/gene-cta/gene-Fak/gene-dia/gene-RpS28b/gene-RpL22/gene-LOC142981304/gene-Ack/gene-RpL23/gene-kibra/gene-LOC142975900/gene-RpL27/gene-FER/gene-Stat92E/gene-RpS21/gene-RpS29/gene-baz/gene-vap/gene-trio/gene-SppL/gene-Snx6/gene-LOC142987720/gene-ex/gene-raskol/gene-Sos/gene-Src64B/gene-RpL11/gene-RpL32/gene-LOC142986118/gene-Ccm3/gene-Diap2/gene-RpL6/gene-LOC142983905/gene-RpS3/gene-Pten/gene-Mtl/gene-Gbeta5/gene-LOC142978620/gene-Droj2/gene-Btk29A/gene-RpS20/gene-sta/gene-hop",63,"CC"
"GO:0030867","rough endoplasmic reticulum membrane","17/3690","23/9658",0.739130434782609,1.93455873689172,3.52829226001664,0.000543082337838829,0.0154586922720928,0.0138480659021755,"gene-RpL36A/gene-RpL29/gene-Sec61beta/gene-RpL14/gene-Srp9/gene-RpS28b/gene-RpL22/gene-RpL23/gene-RpL27/gene-RpS21/gene-RpS29/gene-RpL11/gene-RpL32/gene-RpL6/gene-RpS3/gene-RpS20/gene-sta",17,"CC"
"GO:0005774","vacuolar membrane","84/3690","165/9658",0.509090909090909,1.33246612466125,3.3869401655773,0.000551367048512407,0.0155567932128068,0.0139359457996572,"gene-Sir-1/gene-Atg16/gene-jar/gene-Sap-r/gene-Esp/gene-LOC142978252/gene-LOC142975164/gene-Blos1/gene-Syx17/gene-LOC142981347/gene-Chc/gene-Vha13/gene-LOC142972856/gene-ClC-b/gene-Lamtor3/gene-Iml1/gene-Vha14-1/gene-Pi3K59F/gene-ATP8A/gene-LOC142987153/gene-AP-1gamma/gene-LOC142974222/gene-LOC142974002/gene-LOC142982538/gene-Tango9/gene-LOC142975132/gene-LOC142976791/gene-LOC142981610/gene-LOC142977083/gene-LOC142978549/gene-Pi4KIIalpha/gene-Wdr59/gene-LOC142979718/gene-Sec13/gene-ema/gene-VhaAC39-1/gene-VhaPPA1-1/gene-Ost48/gene-Nup44A/gene-AP-1sigma/gene-Npc1a/gene-AP-1-2beta/gene-SppL/gene-RagC-D/gene-Nct/gene-LOC142980986/gene-Wdr24/gene-LOC142975157/gene-AP-1mu/gene-Atg9/gene-CDC50/gene-mio/gene-LOC142974268/gene-LOC142972779/gene-Vha44/gene-path/gene-Clc/gene-Wdr81/gene-LOC142977906/gene-Vamp7/gene-LOC142974253/gene-bchs/gene-LOC142980988/gene-Lamtor2/gene-Vha26/gene-HPS4/gene-LOC142974050/gene-LOC142986131/gene-gzl/gene-LOC142986740/gene-lt/gene-LOC142972195/gene-Rme-8/gene-anne/gene-Vps39/gene-Sir-3/gene-LOC142973064/gene-LOC142978467/gene-LOC142978330/gene-LOC142973251/gene-Rab26/gene-LOC142974051/gene-LOC142972942/gene-LOC142984246",84,"CC"
"GO:1903362","GO:1903362","84/3690","165/9658",0.509090909090909,1.33246612466125,3.3869401655773,0.000551367048512407,0.0155567932128068,0.0139359457996572,"gene-Akt/gene-LOC142982010/gene-Fmr1/gene-TER94/gene-mTor/gene-Trc8/gene-LOC142986676/gene-Su(fu)/gene-Taf1/gene-Fbl6/gene-Scox/gene-BmDJ-1beta/gene-RpS7/gene-Usp14/gene-LOC142976389/gene-wts/gene-Fak/gene-CSN4/gene-Usp5/gene-LOC142979784/gene-ari-1/gene-Ddrgk1/gene-LOC142974002/gene-Usp7/gene-TOR1/gene-RpL23/gene-Tmf/gene-SkpA/gene-casp/gene-Keap1/gene-Smurf/gene-LRP1/gene-Eph/gene-LOC142978729/gene-DUBAI/gene-ema/gene-cni/gene-Uev1A/gene-Der-2/gene-Yod1/gene-Rchy1/gene-LOC142977570/gene-C/EBP/gene-Cul1/gene-viaf/gene-LOC142980456/gene-Rpt1/gene-LOC142980886/gene-raskol/gene-Rich/gene-Ubc7/gene-LOC142987718/gene-sxc/gene-Tnks/gene-Sirt2/gene-RpL11/gene-ago/gene-CKIalpha/gene-Ufl1/gene-Ube3a/gene-PI31/gene-Hipk/gene-LOC142980441/gene-LOC142987219/gene-Rad23/gene-Su(var)2-10/gene-Tlk/gene-SOCS5/gene-Pten/gene-wcy/gene-LOC142978941/gene-Ubc4/gene-LOC142974576/gene-Bre1/gene-Ufd1-like/gene-raf/gene-Vps11/gene-Ubqn/gene-Tmtc3/gene-l(2)dtl/gene-Fur1/gene-REG/gene-Cdk1/gene-LOC142972942",84,NA
"GO:1990381","ubiquitin-specific protease binding","13/3690","16/9658",0.8125,2.12659214092141,3.54619845769813,0.000553332003487589,0.0155567932128068,0.0139359457996572,"gene-sip3/gene-TER94/gene-LOC142986676/gene-LOC142980206/gene-Chc/gene-BmDJ-1beta/gene-Rnp4F/gene-foxo/gene-LOC142978166/gene-ago/gene-Iap/gene-Rad23/gene-Pten",13,"MF"
"GO:0016073","snRNA metabolic process","43/3690","75/9658",0.573333333333333,1.50061065943993,3.42215654229264,0.000578105687136195,0.0161869592398135,0.0145004554307244,"gene-RpII215/gene-LOC142972436/gene-LOC142976128/gene-Cbp20/gene-Rpb7/gene-TfIIA-S/gene-Rpb12/gene-TfIIEalpha/gene-RpII33/gene-mRpL1/gene-LOC142981256/gene-Rpb11/gene-Rpb8/gene-INTS7/gene-IntS4/gene-IntS1/gene-LOC142983092/gene-Taf13/gene-IntS6/gene-Rrp46/gene-RpII15/gene-CycT/gene-Nop60B/gene-RpII18/gene-IntS10/gene-Rrp4/gene-IntS3/gene-IntS9/gene-LOC142975305/gene-Rrp40/gene-Ars2/gene-LOC142978101/gene-Polr2D/gene-CycC/gene-Tbp/gene-Nop10/gene-Su(Tpl)/gene-RpII140/gene-IntS8/gene-Ski6/gene-Phax/gene-Cbp80/gene-LOC142977656",43,"BP"
"GO:0006913","nucleocytoplasmic transport","101/3690","204/9658",0.495098039215686,1.2958419682236,3.35804846228018,0.000586000555856224,0.0163413163137142,0.0146387301886548,"gene-Akt/gene-Karybeta3/gene-LOC142978902/gene-SNRPG/gene-mago/gene-Cbp20/gene-Upf1/gene-LOC142974540/gene-l(1)G0007/gene-Ranbp21/gene-Ntf-2/gene-Sec61beta/gene-nonC/gene-SF2/gene-LOC142979577/gene-Phb2/gene-Cse1/gene-cry2/gene-Nup154/gene-Tnpo/gene-Kr-h2/gene-nito/gene-eEF5/gene-Tsc1/gene-LOC142987440/gene-Ran/gene-Nup205/gene-LOC142981302/gene-bigmax/gene-LOC142985486/gene-RpL23/gene-LOC142976459/gene-Sym/gene-LOC142985268/gene-thoc6/gene-Smg6/gene-Nup188/gene-SmD1/gene-LOC142987684/gene-Smurf/gene-Hel25E/gene-Sec13/gene-eIF4AIII/gene-exd/gene-14-3-3zeta/gene-LOC142978249/gene-LOC142979085/gene-LOC142974928/gene-Kap-alpha3/gene-kuz/gene-tsu/gene-Mat89Ba/gene-SmB/gene-B52/gene-U2af50/gene-Clp/gene-LOC142973783/gene-cdm/gene-tim/gene-sqd/gene-LOC142978149/gene-xmas/gene-Atx-1/gene-SmF/gene-Ras85D/gene-tho2/gene-Srp54/gene-RanBP3/gene-Nup98-96/gene-btz/gene-Dbp80/gene-CPSF1/gene-LOC142973202/gene-Poldip3/gene-thoc7/gene-LOC142987472/gene-LOC142982223/gene-Nup54/gene-Snf4agamma/gene-Mondo/gene-Polr2D/gene-ebo/gene-LOC142984444/gene-Hpr1/gene-Rbmx2/gene-LOC142976794/gene-La/gene-pix/gene-Nmd3/gene-drongo/gene-Nup43/gene-Stlk/gene-Rcc1/gene-Tnpo-SR/gene-Ns3/gene-sta/gene-Phax/gene-Nup133/gene-LOC142987341/gene-Cbp80/gene-Clbn",101,"BP"
"GO:0045727","positive regulation of translation","56/3690","103/9658",0.543689320388349,1.42302207488094,3.39379956207166,0.000592601194801256,0.0164584785276786,0.0147436853835488,"gene-bel/gene-LOC142980122/gene-nej/gene-Fmr1/gene-mTor/gene-mxt/gene-Egfr/gene-NAT1/gene-Rho1/gene-Rpb7/gene-PPP1R15/gene-Usp16-45/gene-Pym/gene-eEF2/gene-Uqcc1/gene-Fak/gene-eEF5/gene-DENR/gene-LOC142974411/gene-RpLP1/gene-Ythdf/gene-USP/gene-RpL12/gene-TOR1/gene-LOC142976459/gene-Ccdc56/gene-stau/gene-eIF4AIII/gene-MCTS1/gene-LOC142973376/gene-PQBP1/gene-LOC142976358/gene-LOC142983927/gene-rswl/gene-sm/gene-RpS9/gene-RpS3A/gene-Hrb27C/gene-shep/gene-Fib/gene-mle/gene-Boule/gene-LOC142973202/gene-Poldip3/gene-Paip1/gene-LOC142977238/gene-waw/gene-Polr2D/gene-Exd2/gene-LOC142974651/gene-LOC142976794/gene-eIF2Bepsilon/gene-La/gene-LOC142985923/gene-mTerf3/gene-aub",56,"BP"
"GO:0009055","electron transfer activity","42/3690","73/9658",0.575342465753425,1.50586925047333,3.41132851421151,0.000603802613123071,0.0167019593791301,0.0149617981978459,"gene-ND-13A/gene-ox/gene-LOC142977953/gene-LOC142975930/gene-LOC142984621/gene-Fdh/gene-UQCR-Q/gene-cype/gene-LOC142981526/gene-Fdx1/gene-LOC142984185/gene-COX5A/gene-Scox/gene-Cox11/gene-Uqcr11/gene-LOC142980570/gene-RpS5/gene-Cyt-c1/gene-ND-24/gene-ND-30/gene-LOC142985182/gene-LOC142979424/gene-Uccr/gene-Surf1/gene-wal/gene-sgl/gene-LOC142984620/gene-ifc/gene-Etfb/gene-SdhA/gene-LOC142974882/gene-LOC142973012/gene-LOC142976034/gene-LOC142985166/gene-Gmer/gene-Fdx2/gene-LOC142977880/gene-UQCR-C2/gene-LOC142985154/gene-LOC142977128/gene-Acade/gene-ND-49",42,"MF"
"GO:0006406","mRNA export from nucleus","49/3690","88/9658",0.556818181818182,1.45738482384824,3.38912049070662,0.000623576339061694,0.017179653357282,0.0153897216970711,"gene-mago/gene-Cbp20/gene-Upf1/gene-l(1)G0007/gene-nonC/gene-SF2/gene-LOC142979577/gene-Nup154/gene-nito/gene-eEF5/gene-LOC142987440/gene-Nup205/gene-LOC142976459/gene-Sym/gene-LOC142985268/gene-thoc6/gene-Smg6/gene-Nup188/gene-Hel25E/gene-eIF4AIII/gene-Sem1/gene-LOC142978249/gene-LOC142974928/gene-tsu/gene-B52/gene-U2af50/gene-Clp/gene-LOC142973783/gene-sqd/gene-xmas/gene-tho2/gene-Srp54/gene-Nup98-96/gene-btz/gene-Dbp80/gene-CPSF1/gene-LOC142973202/gene-Poldip3/gene-thoc7/gene-LOC142982223/gene-Nup54/gene-Polr2D/gene-Hpr1/gene-Rbmx2/gene-LOC142976794/gene-drongo/gene-Nup43/gene-Nup133/gene-Cbp80",49,"BP"
"GO:0035194","regulatory ncRNA-mediated post-transcriptional gene silencing","41/3690","71/9658",0.577464788732394,1.51142410015649,3.40086107921228,0.000629922371256817,0.0172850698672871,0.0154841549616728,"gene-bel/gene-Cbp20/gene-Upf1/gene-Ranbp21/gene-Tis11/gene-trsn/gene-LOC142987276/gene-Not1/gene-LOC142977989/gene-Dcr-1/gene-LOC142978501/gene-spn-E/gene-Ack/gene-LOC142976459/gene-Hsc70-4/gene-Smg6/gene-AGO1/gene-jub/gene-LOC142974425/gene-LOC142975609/gene-gw/gene-Ago2/gene-wech/gene-qin/gene-LOC142980839/gene-LOC142978391/gene-mle/gene-drosha/gene-Ars2/gene-Gas41/gene-LOC142975866/gene-HPS4/gene-LOC142981050/gene-LOC142976794/gene-LOC142986113/gene-pcm/gene-Smox/gene-LOC142985452/gene-LOC142974426/gene-Cbp80/gene-aub",41,"BP"
"GO:0071427","GO:0071427","48/3690","86/9658",0.558139534883721,1.46084325959539,3.37536709228795,0.000656842470177303,0.0179519495833319,0.0160815531176141,"gene-mago/gene-Cbp20/gene-Upf1/gene-l(1)G0007/gene-nonC/gene-SF2/gene-LOC142979577/gene-Nup154/gene-nito/gene-eEF5/gene-LOC142987440/gene-Nup205/gene-LOC142976459/gene-Sym/gene-LOC142985268/gene-thoc6/gene-Smg6/gene-Nup188/gene-Hel25E/gene-eIF4AIII/gene-LOC142978249/gene-LOC142974928/gene-tsu/gene-B52/gene-U2af50/gene-Clp/gene-LOC142973783/gene-sqd/gene-xmas/gene-tho2/gene-Srp54/gene-Nup98-96/gene-btz/gene-Dbp80/gene-CPSF1/gene-LOC142973202/gene-Poldip3/gene-thoc7/gene-LOC142982223/gene-Nup54/gene-Polr2D/gene-Hpr1/gene-Rbmx2/gene-LOC142976794/gene-drongo/gene-Nup43/gene-Nup133/gene-Cbp80",48,NA
"GO:0016569","GO:0016569","112/3690","230/9658",0.48695652173913,1.27453281489337,3.31335741158941,0.00066898493958598,0.0182112566887294,0.0163138432635879,"gene-Mi-2/gene-Kdm3/gene-Su(z)12/gene-nej/gene-Sin3A/gene-MTA1-like/gene-Hcf/gene-Tak1/gene-G9a/gene-MRG15/gene-Taf1/gene-dom/gene-LOC142972375/gene-enok/gene-LOC142983557/gene-LOC142987387/gene-Usp16-45/gene-Sirt7/gene-Sgf29/gene-JMJD5/gene-Ptip/gene-LOC142972233/gene-grp/gene-LOC142975096/gene-LOC142987404/gene-LOC142987440/gene-Chrac-14/gene-MBD-R2/gene-CtBP/gene-egg/gene-LOC142981452/gene-Gug/gene-Usp7/gene-upSET/gene-bur/gene-E(z)/gene-MrgBP/gene-SkpA/gene-HDAC6/gene-Bin1/gene-LOC142981372/gene-Pa1/gene-LOC142977333/gene-mahj/gene-LOC142984224/gene-LOC142986486/gene-Set1/gene-san/gene-Etl1/gene-Phb1/gene-PSR/gene-Ubr1/gene-Cul4/gene-LOC142980860/gene-eco/gene-LOC142980720/gene-trx/gene-csul/gene-l(1)G0020/gene-LOC142972555/gene-LOC142978845/gene-LOC142978883/gene-HDAC4/gene-sxc/gene-Sirt2/gene-Fib/gene-LOC142973507/gene-Hmt4-20/gene-Atac2/gene-Atf-2/gene-LOC142978882/gene-Chd1/gene-ash1/gene-Gas41/gene-Tlk/gene-Set8/gene-LOC142985250/gene-LOC142984108/gene-Ctr9/gene-wcy/gene-LOC142987595/gene-LOC142981593/gene-Nipped-A/gene-LOC142983442/gene-Naa20A/gene-Bre1/gene-pic/gene-Caf1-55/gene-Utx/gene-rno/gene-Sce/gene-Vps11/gene-chm/gene-NO66/gene-YL-1/gene-Atac1/gene-LOC142972211/gene-AMPKalpha/gene-Wdr82/gene-Art4/gene-LOC142985604/gene-Cdk1/gene-eya/gene-Psf/gene-LOC142972602/gene-LOC142987181/gene-Incenp/gene-wda/gene-Elp4/gene-Elp3/gene-Hat1/gene-hop",112,NA
"GO:0017048","GO:0017048","39/3690","67/9658",0.582089552238806,1.52352869797355,3.38116091888754,0.000682971304256175,0.0185185104632307,0.0165890845610466,"gene-LOC142972305/gene-Cka/gene-PlexA/gene-RhoGEF2/gene-Frl/gene-pbl/gene-LOC142983967/gene-LOC142974750/gene-mbt/gene-dia/gene-LOC142980505/gene-GEFmeso/gene-Slmap/gene-LOC142975900/gene-LOC142987317/gene-mbc/gene-LOC142972184/gene-trio/gene-Zir/gene-Dap160/gene-Sra-1/gene-scra/gene-rock1/gene-slpr/gene-Sos/gene-Als2/gene-LOC142977848/gene-LOC142977335/gene-Ocrl/gene-Pak/gene-LOC142981996/gene-LOC142979377/gene-LOC142983905/gene-LOC142979028/gene-LOC142981496/gene-Strip/gene-LOC142976782/gene-LOC142986743/gene-cyst",39,NA
"GO:0016570","GO:0016570","111/3690","228/9658",0.486842105263158,1.27423334759663,3.29497204139823,0.000713053707783388,0.0191825428838982,0.0171839320785941,"gene-Mi-2/gene-Kdm3/gene-Su(z)12/gene-nej/gene-Sin3A/gene-MTA1-like/gene-Hcf/gene-Tak1/gene-G9a/gene-MRG15/gene-Taf1/gene-dom/gene-LOC142972375/gene-enok/gene-LOC142983557/gene-LOC142987387/gene-Usp16-45/gene-Sirt7/gene-Sgf29/gene-JMJD5/gene-Ptip/gene-LOC142972233/gene-grp/gene-LOC142975096/gene-LOC142987404/gene-LOC142987440/gene-Chrac-14/gene-MBD-R2/gene-CtBP/gene-egg/gene-LOC142981452/gene-Gug/gene-Usp7/gene-upSET/gene-bur/gene-E(z)/gene-MrgBP/gene-SkpA/gene-HDAC6/gene-Bin1/gene-LOC142981372/gene-Pa1/gene-LOC142977333/gene-mahj/gene-LOC142984224/gene-LOC142986486/gene-Set1/gene-san/gene-Etl1/gene-Phb1/gene-PSR/gene-Ubr1/gene-Cul4/gene-LOC142980860/gene-eco/gene-LOC142980720/gene-trx/gene-csul/gene-l(1)G0020/gene-LOC142972555/gene-LOC142978845/gene-LOC142978883/gene-HDAC4/gene-sxc/gene-Sirt2/gene-Fib/gene-LOC142973507/gene-Hmt4-20/gene-Atac2/gene-Atf-2/gene-LOC142978882/gene-ash1/gene-Gas41/gene-Tlk/gene-Set8/gene-LOC142985250/gene-LOC142984108/gene-Ctr9/gene-wcy/gene-LOC142987595/gene-LOC142981593/gene-Nipped-A/gene-LOC142983442/gene-Naa20A/gene-Bre1/gene-pic/gene-Caf1-55/gene-Utx/gene-rno/gene-Sce/gene-Vps11/gene-chm/gene-NO66/gene-YL-1/gene-Atac1/gene-LOC142972211/gene-AMPKalpha/gene-Wdr82/gene-Art4/gene-LOC142985604/gene-Cdk1/gene-eya/gene-Psf/gene-LOC142972602/gene-LOC142987181/gene-Incenp/gene-wda/gene-Elp4/gene-Elp3/gene-Hat1/gene-hop",111,NA
"GO:0044437","GO:0044437","111/3690","228/9658",0.486842105263158,1.27423334759663,3.29497204139823,0.000713053707783388,0.0191825428838982,0.0171839320785941,"gene-Sir-1/gene-Atg16/gene-TER94/gene-jar/gene-Sap-r/gene-Ist1/gene-Esp/gene-LOC142978252/gene-LOC142975164/gene-Blos1/gene-Syx17/gene-LOC142981347/gene-LOC142979351/gene-Chc/gene-Vha13/gene-LOC142972856/gene-ClC-b/gene-Lamtor3/gene-Iml1/gene-Vha14-1/gene-Pi3K59F/gene-dlp/gene-ATP8A/gene-LOC142987153/gene-Rpn2/gene-AP-1gamma/gene-Bet5/gene-LOC142974222/gene-LOC142974002/gene-LOC142982538/gene-Tango9/gene-LOC142975132/gene-LOC142976791/gene-Ppt2/gene-LOC142981610/gene-LOC142977083/gene-LOC142978549/gene-Pi4KIIalpha/gene-Wdr59/gene-LOC142979718/gene-Dhc64C/gene-Sec13/gene-LOC142981595/gene-ema/gene-VhaAC39-1/gene-CatD/gene-VhaPPA1-1/gene-Ost48/gene-Nup44A/gene-AP-1sigma/gene-Npc1a/gene-AP-1-2beta/gene-SppL/gene-Naprt/gene-RagC-D/gene-Nct/gene-LOC142980986/gene-LOC142981797/gene-Wdr24/gene-ATPCL/gene-LOC142975157/gene-LOC142976759/gene-AP-1mu/gene-Atg9/gene-CCT8/gene-CDC50/gene-mio/gene-LOC142974268/gene-LOC142972779/gene-Vha44/gene-path/gene-LOC142978103/gene-Clc/gene-LOC142980509/gene-LOC142980945/gene-Wdr81/gene-LOC142977906/gene-Vamp7/gene-LOC142977591/gene-LOC142974253/gene-bchs/gene-LOC142978241/gene-LOC142980988/gene-Lamtor2/gene-Vha26/gene-HPS4/gene-LOC142974050/gene-LOC142986131/gene-LOC142977663/gene-gzl/gene-LOC142973821/gene-LOC142986740/gene-lt/gene-LOC142972195/gene-Rme-8/gene-anne/gene-Vps39/gene-Sir-3/gene-LOC142973064/gene-LOC142974312/gene-LOC142978467/gene-LOC142978330/gene-LOC142973251/gene-LOC142981007/gene-Arp10/gene-LOC142974053/gene-Rab26/gene-kon/gene-LOC142972359/gene-LOC142974051/gene-LOC142972942",111,NA
"GO:0003729","mRNA binding","120/3690","249/9658",0.481927710843373,1.26137068599602,3.28552448865035,0.000725884179165457,0.0193757411248056,0.0173570011794714,"gene-bel/gene-hfp/gene-SF1/gene-LOC142983263/gene-Spt5/gene-Fmr1/gene-eIF4B/gene-LOC142980900/gene-Spx/gene-Cbp20/gene-LSm1/gene-yps/gene-Ranbp21/gene-Tis11/gene-Rbfox1/gene-NAT1/gene-LOC142981347/gene-Isha/gene-RpL24/gene-mRpL13/gene-Psi/gene-mRpS7/gene-Top2/gene-rin/gene-trsn/gene-eIF3a/gene-LOC142984261/gene-mRpL12/gene-LOC142981658/gene-Sf3b1/gene-SF2/gene-RpL35/gene-brat/gene-BmDJ-1beta/gene-LOC142987276/gene-RpS7/gene-eIF3g1/gene-LOC142986766/gene-Sf3b6/gene-mRpS11/gene-RpS2/gene-nito/gene-Rnp4F/gene-DENR/gene-cyp33/gene-Ythdf/gene-LOC142980532/gene-LOC142978501/gene-Regnase-1/gene-LOC142976866/gene-LOC142976508/gene-HnRNP-K/gene-LOC142976459/gene-Dhfr/gene-LOC142974542/gene-unk/gene-AGO1/gene-stau/gene-eIF4AIII/gene-zip/gene-LOC142979085/gene-RpL13A/gene-snRNP-U1-70K/gene-LOC142975609/gene-pum/gene-Nab2/gene-LOC142976358/gene-tsu/gene-LOC142981402/gene-LOC142978385/gene-B52/gene-Edc3/gene-LOC142972424/gene-U2af50/gene-LOC142982921/gene-LOC142973783/gene-sm/gene-sqd/gene-LOC142975539/gene-LOC142978561/gene-Mk/gene-LOC142980839/gene-RpS3A/gene-tho2/gene-Srp54/gene-barc/gene-LOC142978391/gene-Hrb27C/gene-Adar/gene-shep/gene-mle/gene-Nup98-96/gene-eIF2beta/gene-tapas/gene-roq/gene-btz/gene-Boule/gene-CPSF1/gene-Poldip3/gene-LOC142975866/gene-LOC142978852/gene-RpL6/gene-eRF1/gene-Unr/gene-Rbmx2/gene-RpS3/gene-LOC142976794/gene-La/gene-RpL7/gene-Bre1/gene-Cpsf6/gene-Shmt/gene-Bmp-2/gene-RpS14/gene-LOC142985976/gene-LOC142977826/gene-Vps36/gene-Psf/gene-LOC142987181/gene-Cbp80",120,"MF"
"GO:0031331","GO:0031331","120/3690","249/9658",0.481927710843373,1.26137068599602,3.28552448865035,0.000725884179165457,0.0193757411248056,0.0173570011794714,"gene-Akt/gene-Spt5/gene-Fmr1/gene-TER94/gene-Trc8/gene-LOC142986676/gene-Tak1/gene-Upf1/gene-hep/gene-LOC142974540/gene-Tis11/gene-Rpb7/gene-Psi/gene-Taf1/gene-Cul3/gene-nero/gene-Fbl6/gene-Atg1/gene-BmDJ-1beta/gene-LOC142976389/gene-Not1/gene-Fak/gene-Tsc1/gene-BNIP3/gene-Usp5/gene-Ythdf/gene-tgo/gene-LOC142975945/gene-LOC142979784/gene-ari-1/gene-Ddrgk1/gene-LOC142974002/gene-Mif/gene-Regnase-1/gene-Aduk/gene-LOC142981610/gene-spn-E/gene-SkpA/gene-foxo/gene-AGO1/gene-casp/gene-ERR/gene-Cdc37/gene-Lkb1/gene-Keap1/gene-Smurf/gene-LRP1/gene-Cdc16/gene-ema/gene-Atg17/gene-cni/gene-Synj/gene-LOC142974425/gene-Uev1A/gene-Rchy1/gene-Su(dx)/gene-LOC142975609/gene-Paf-AHalpha/gene-gw/gene-LOC142977570/gene-C/EBP/gene-Wdr24/gene-LOC142987512/gene-Cul1/gene-LOC142980720/gene-Rpt1/gene-LOC142987583/gene-ABCD/gene-rock1/gene-Pfrx/gene-wech/gene-raskol/gene-Rab3GAP1/gene-LOC142980839/gene-puml/gene-LOC142978391/gene-Tnks/gene-Sirt2/gene-LOC142977906/gene-roq/gene-ago/gene-CKIalpha/gene-PI31/gene-Caspase1/gene-LOC142980441/gene-LOC142987219/gene-Rad23/gene-LOC142986118/gene-Su(var)2-10/gene-Mondo/gene-SOCS5/gene-LOC142981379/gene-LOC142978852/gene-Gyf/gene-PhKgamma/gene-LOC142986131/gene-lace/gene-Uvrag/gene-Pten/gene-LOC142982098/gene-wcy/gene-LOC142978941/gene-Git/gene-LOC142974576/gene-Bre1/gene-Utx/gene-LOC142975219/gene-Ufd1-like/gene-Vps11/gene-PNPase/gene-Ubqn/gene-Tmtc3/gene-l(2)dtl/gene-LOC142974426/gene-Fur1/gene-AMPKalpha/gene-BHD/gene-Cdk1/gene-aub/gene-LOC142977656",120,NA
"GO:0006351","DNA-templated transcription","218/3690","482/9658",0.452282157676349,1.18377807014585,3.25469573571935,0.000735168305194703,0.0195044508717747,0.0174723007809454,"gene-RpII215/gene-MED14/gene-Mi-2/gene-LOC142980122/gene-nej/gene-LOC142975301/gene-eEF1delta/gene-E(bx)/gene-Spt5/gene-LOC142976128/gene-MED9/gene-MED1/gene-Hcf/gene-SNRPG/gene-LOC142982543/gene-Bap60/gene-Cbp20/gene-yps/gene-Spt6/gene-spen/gene-Dorsal/gene-mtTFB1/gene-LOC142984078/gene-SA1/gene-cbt/gene-Rpb7/gene-Cdk12/gene-LOC142985114/gene-Psi/gene-Taf1/gene-LOC142973132/gene-LOC142972176/gene-nhr/gene-LOC142984322/gene-TfIIA-S/gene-vri/gene-Ssu72/gene-mRpL12/gene-Ssrp/gene-LOC142981848/gene-Rpb12/gene-TfIIEalpha/gene-brat/gene-LOC142984303/gene-Eip93F/gene-Taf2/gene-LOC142979577/gene-LOC142987276/gene-Sirt7/gene-RpII33/gene-MED16/gene-MED7/gene-fkh/gene-Nipped-B/gene-Irbp18/gene-crc/gene-LOC142982738/gene-LOC142976245/gene-Ets/gene-kto/gene-RpI135/gene-MED21/gene-tgo/gene-MED15/gene-LOC142981256/gene-Taf3/gene-USP/gene-LOC142978501/gene-vtd/gene-LOC142983051/gene-LOC142983859/gene-LOC142982670/gene-Polr3H/gene-Rpb11/gene-LOC142972265/gene-EcR/gene-RpIII128/gene-TFAM/gene-HnRNP-K/gene-MED6/gene-Tmf/gene-Anxb13/gene-Sym/gene-Rpb8/gene-foxo/gene-MED20/gene-ERR/gene-SREBP/gene-Stat92E/gene-INTS7/gene-IntS4/gene-IntS1/gene-LOC142983778/gene-exd/gene-Polr3G/gene-LOC142983092/gene-Rim2/gene-Taf13/gene-Arp8/gene-LOC142986486/gene-LOC142974632/gene-IntS6/gene-LOC142978844/gene-CrebA/gene-TH1/gene-Pp2C1/gene-hay/gene-l(2)37Cg/gene-EloC/gene-RagC-D/gene-Hr3/gene-Tfb1/gene-e(y)3/gene-C/EBP/gene-Madm/gene-SmB/gene-LOC142980860/gene-Mef2/gene-mtTFB2/gene-Gata-beta/gene-LOC142972424/gene-Clp/gene-RpII15/gene-Usf/gene-trx/gene-csul/gene-Setx/gene-LOC142976150/gene-CycT/gene-LOC142978230/gene-EloB/gene-LOC142987884/gene-Bdp1/gene-RpI12/gene-Tfb5/gene-MED10/gene-RpII18/gene-LOC142987394/gene-SmF/gene-LOC142978883/gene-HDAC4/gene-dre4/gene-IntS10/gene-pps/gene-LOC142977702/gene-Polr1C/gene-Cdc5/gene-IntS3/gene-Jra/gene-lilli/gene-Atf-2/gene-MED4/gene-IntS9/gene-Hipk/gene-CPSF1/gene-Bx42/gene-LOC142973977/gene-MED11/gene-LOC142978882/gene-LOC142975305/gene-ash1/gene-Ars2/gene-Su(var)2-10/gene-LOC142978101/gene-Gas41/gene-Mondo/gene-mTTF/gene-Polr3C/gene-skd/gene-LOC142984108/gene-LOC142981635/gene-REPTOR-BP/gene-Rga/gene-NC2alpha/gene-Ctr9/gene-Polr2D/gene-ecd/gene-l(2)37Cd/gene-MED31/gene-Atf3/gene-CycC/gene-TfIIS/gene-REPTOR/gene-Tbp/gene-Polr1F/gene-PHO/gene-da/gene-Pdp1/gene-Med/gene-CycH/gene-Achi/gene-Nipped-A/gene-Polr3A/gene-LOC142976945/gene-LOC142973965/gene-ftz-f1/gene-Caf1-55/gene-Su(Tpl)/gene-RpII140/gene-spt4/gene-LOC142978875/gene-LOC142973568/gene-IntS8/gene-LOC142983454/gene-Smox/gene-bon/gene-fand/gene-Iswi/gene-eya/gene-LOC142981468/gene-Phax/gene-wda/gene-Elp4/gene-LOC142982989/gene-LOC142972901/gene-Elp3/gene-Cbp80/gene-LOC142978547",218,"BP"
"GO:0016922","nuclear receptor binding","14/3690","18/9658",0.777777777777778,2.03571213489913,3.45825243838506,0.00073923574732674,0.0195044508717747,0.0174723007809454,"gene-E(bx)/gene-MED1/gene-Bap60/gene-LOC142979474/gene-Uba3/gene-osa/gene-Bap111/gene-USP/gene-tai/gene-ZnT49B/gene-pros/gene-bon/gene-LOC142979948/gene-alien",14,"MF"
"GO:0061980","regulatory RNA binding","14/3690","18/9658",0.777777777777778,2.03571213489913,3.45825243838506,0.00073923574732674,0.0195044508717747,0.0174723007809454,"gene-LOC142983263/gene-Fmr1/gene-LOC142977989/gene-Dcr-1/gene-Regnase-1/gene-LOC142976459/gene-AGO1/gene-Ago2/gene-wech/gene-mle/gene-roq/gene-LOC142974980/gene-LOC142976794/gene-PNPase",14,"MF"
"GO:0035327","GO:0035327","20/3690","29/9658",0.689655172413793,1.8050649472012,3.41396618277281,0.000760246134310459,0.019899935441821,0.0178265801917065,"gene-RpII215/gene-Mi-2/gene-Spt6/gene-SA1/gene-Nipped-B/gene-LOC142974285/gene-MBD-R2/gene-upSET/gene-Set1/gene-Rrp46/gene-B52/gene-SMC1/gene-LOC142978883/gene-lilli/gene-Rrp6/gene-LOC142978882/gene-Rrp40/gene-Ctr9/gene-Su(Tpl)/gene-Ski6",20,NA
"GO:0044743","protein transmembrane import into intracellular organelle","20/3690","29/9658",0.689655172413793,1.8050649472012,3.41396618277281,0.000760246134310459,0.019899935441821,0.0178265801917065,"gene-blp/gene-LOC142987685/gene-LOC142987536/gene-LOC142980365/gene-Pex2/gene-Pex13/gene-Tim9a/gene-mge/gene-LOC142984096/gene-LOC142981532/gene-Pex5/gene-Tim10/gene-Pex10/gene-Tim23/gene-LOC142975911/gene-LOC142977187/gene-LOC142976516/gene-Roe1/gene-Pex7/gene-Mulk",20,"BP"
"GO:0006914","autophagy","75/3690","146/9658",0.513698630136986,1.34452611649404,3.29824222569186,0.00076292755411063,0.019899935441821,0.0178265801917065,"gene-LOC142981931/gene-Stam/gene-Uba1/gene-Atg16/gene-Cisd2/gene-TER94/gene-mTor/gene-Vps15/gene-lqf/gene-LOC142983616/gene-LOC142975164/gene-lsn/gene-Syx17/gene-Atg1/gene-LOC142972856/gene-LOC142986840/gene-fab1/gene-Pi3K59F/gene-Hrs/gene-LOC142974285/gene-BNIP3/gene-LOC142974002/gene-Aduk/gene-TOR1/gene-LOC142981587/gene-mts/gene-EcR/gene-raptor/gene-EndoA/gene-Hsc70-4/gene-p47/gene-LOC142981333/gene-Smurf/gene-LOC142978729/gene-Rab1/gene-Atg17/gene-CatD/gene-Npc1a/gene-Yod1/gene-LOC142978551/gene-Plap/gene-LOC142980490/gene-Atg3/gene-LOC142987512/gene-stj/gene-Gata-beta/gene-LOC142984893/gene-LOC142974963/gene-Atg9/gene-EMC6/gene-Rab3GAP1/gene-Atg101/gene-Wdr81/gene-Vamp7/gene-Hipk/gene-bchs/gene-LOC142987472/gene-Snf4agamma/gene-LOC142973128/gene-l(3)76BDm/gene-LOC142979808/gene-Uvrag/gene-TSG101/gene-lt/gene-Pten/gene-Vps39/gene-LOC142984671/gene-Vps11/gene-Ubqn/gene-Vps36/gene-LOC142978330/gene-Atg4a/gene-AMPKalpha/gene-mTerf3/gene-LOC142972942",75,"BP"
"GO:0006338","chromatin remodeling","70/3690","135/9658",0.518518518518518,1.35714142326608,3.28579230843375,0.000807466021411003,0.0209818822230283,0.0187957999720791,"gene-Mi-2/gene-LOC142982010/gene-nej/gene-LOC142975301/gene-E(bx)/gene-MTA1-like/gene-Fmr1/gene-Hcf/gene-Bap60/gene-Spt6/gene-LOC142980840/gene-MRG15/gene-dom/gene-LOC142973132/gene-LOC142983557/gene-osa/gene-Sgf29/gene-fkh/gene-Bap111/gene-tara/gene-Irbp18/gene-polybromo/gene-grp/gene-LOC142975096/gene-Chrac-14/gene-LOC142983051/gene-arm/gene-CtBP/gene-LOC142982670/gene-LOC142977458/gene-yem/gene-E(z)/gene-MrgBP/gene-MHF2/gene-LOC142980064/gene-LOC142978810/gene-Chrac-16/gene-Hel25E/gene-Arp8/gene-Etl1/gene-LOC142986094/gene-LOC142979210/gene-LOC142972555/gene-HDAC4/gene-LOC142972453/gene-Atac2/gene-LOC142973977/gene-Chd1/gene-ash1/gene-Lgr1/gene-Gas41/gene-tna/gene-LOC142984108/gene-Ino80/gene-wge/gene-PHO/gene-Nipped-A/gene-Caf1-55/gene-Utx/gene-spt4/gene-LOC142983454/gene-NO66/gene-YL-1/gene-Atac1/gene-Iswi/gene-Art4/gene-LOC142985604/gene-LOC142987181/gene-LOC142982989/gene-Hat1",70,"BP"
"GO:0048193","Golgi vesicle transport","115/3690","238/9658",0.483193277310924,1.26468310901596,3.25094143603948,0.000821282291947907,0.0212603642368402,0.0190452672110899,"gene-brun/gene-cut/gene-TER94/gene-alphaCOP/gene-LOC142979623/gene-LOC142978836/gene-DCTN5-p25/gene-aPKC/gene-LOC142972401/gene-zetaCOP/gene-Sec24AB/gene-LOC142975164/gene-epsilonCOP/gene-Syx17/gene-p24-1/gene-mon2/gene-garnet/gene-Cul3/gene-Trs20/gene-betaCOP/gene-LOC142972856/gene-CHOp24/gene-eca/gene-Use1/gene-Klp10A/gene-loj/gene-LOC142977347/gene-bai/gene-yata/gene-Sec71/gene-ATP8A/gene-LOC142976324/gene-LOC142987153/gene-Dlc90F/gene-boca/gene-AP-1gamma/gene-Bet5/gene-LOC142980505/gene-shi/gene-LOC142977474/gene-dbo/gene-LOC142982535/gene-DCTN6-p27/gene-l(2)gl/gene-Sec20/gene-LOC142975900/gene-PGAP5/gene-Cog2/gene-Dhc64C/gene-beta'COP/gene-LOC142979470/gene-Sec13/gene-Rab1/gene-Scamp/gene-cni/gene-Arf79F/gene-Cog4/gene-Synj/gene-strat/gene-Rab8/gene-Syx18/gene-Trs31/gene-CrebA/gene-LOC142981521/gene-Cog8/gene-rb/gene-cpb/gene-LOC142977570/gene-Madm/gene-LOC142982760/gene-Syx5/gene-Rab2/gene-Arf102F/gene-Bet1/gene-Sec5/gene-LOC142976826/gene-LOC142976322/gene-Bet3/gene-Klc/gene-Klp64D/gene-LOC142982245/gene-Vamp7/gene-spas/gene-S/gene-Rab6/gene-rg/gene-Golgin84/gene-Mhcl/gene-LOC142987369/gene-Klp3A/gene-sw/gene-Snx1/gene-LOC142973128/gene-Mppe/gene-l(3)76BDm/gene-Slh/gene-LOC142983558/gene-LOC142987582/gene-Sar1/gene-Alg-2/gene-Khc/gene-Dlic/gene-Uvrag/gene-lt/gene-wbl/gene-LOC142978941/gene-Vps29/gene-Sys1/gene-Vps52/gene-Zw10/gene-Arp10/gene-LOC142974053/gene-Golgin97/gene-nac/gene-Rab26",115,"BP"
"GO:0015450","protein-transporting ATPase activity","11/3690","13/9658",0.846153846153846,2.21467583906608,3.44588551746579,0.000829584462635515,0.0213054988092792,0.0190856992555734,"gene-LOC142987685/gene-Tim8/gene-Tim9a/gene-Sec61beta/gene-LOC142974110/gene-mge/gene-LOC142984096/gene-LOC142981532/gene-Tim23/gene-LOC142977187/gene-LOC142976516",11,"MF"
"GO:0034123","positive regulation of toll-like receptor signaling pathway","11/3690","13/9658",0.846153846153846,2.21467583906608,3.44588551746579,0.000829584462635515,0.0213054988092792,0.0190856992555734,"gene-p24-1/gene-ubl/gene-Aos1/gene-EcR/gene-Pitslre/gene-stumps/gene-Flo1/gene-Ubr3/gene-Uba2/gene-Pli/gene-Tsf2",11,"BP"
"GO:0000932","P-body","33/3690","55/9658",0.6,1.57040650406504,3.33566356152102,0.000835448860014009,0.0213054988092792,0.0190856992555734,"gene-LSm1/gene-Upf1/gene-Rpb7/gene-LOC142984803/gene-Not1/gene-LOC142985465/gene-Ythdf/gene-Dcps/gene-LOC142983189/gene-Regnase-1/gene-LSm3/gene-AGO1/gene-jub/gene-stau/gene-LOC142974425/gene-Not3/gene-Capr/gene-gw/gene-LOC142978385/gene-Edc3/gene-Rpt1/gene-Prosalpha3/gene-wech/gene-roq/gene-LOC142973202/gene-LOC142979838/gene-LOC142984719/gene-Rga/gene-Polr2D/gene-Khc/gene-LOC142981050/gene-pcm/gene-LOC142974426",33,"CC"
"GO:1903363","GO:1903363","33/3690","55/9658",0.6,1.57040650406504,3.33566356152102,0.000835448860014009,0.0213054988092792,0.0190856992555734,"gene-LOC142982010/gene-mTor/gene-LOC142986676/gene-Su(fu)/gene-Taf1/gene-Scox/gene-BmDJ-1beta/gene-RpS7/gene-Usp14/gene-CSN4/gene-Usp7/gene-TOR1/gene-RpL23/gene-Eph/gene-DUBAI/gene-ema/gene-Der-2/gene-Yod1/gene-viaf/gene-LOC142980456/gene-LOC142980886/gene-raskol/gene-Rich/gene-Ubc7/gene-LOC142987718/gene-sxc/gene-RpL11/gene-PI31/gene-Hipk/gene-Tlk/gene-wcy/gene-Fur1/gene-LOC142972942",33,NA
"GO:0010498","proteasomal protein catabolic process","108/3690","222/9658",0.486486486486487,1.27330257086355,3.23926239779205,0.000863482402354272,0.0219388491857419,0.0196530614617709,"gene-sip3/gene-MTA1-like/gene-TER94/gene-Trc8/gene-Cul2/gene-LOC142986676/gene-LOC142980206/gene-LOC142980840/gene-Rpn1/gene-LOC142978267/gene-Taf1/gene-Cul3/gene-Pngl/gene-Fbl6/gene-Sec61beta/gene-Ube4A/gene-Nedd4/gene-Npl4/gene-axed/gene-LOC142977148/gene-Usp5/gene-Rpn2/gene-LOC142987404/gene-LOC142982437/gene-dbo/gene-mub/gene-SmE/gene-mts/gene-Ube4B/gene-LOC142983921/gene-HERC2/gene-UbcE2H/gene-morgue/gene-SkpA/gene-p47/gene-casp/gene-rt/gene-Keap1/gene-Smurf/gene-Cdc16/gene-LOC142978729/gene-LOC142972835/gene-Sem1/gene-LOC142982305/gene-Der-2/gene-eff/gene-LOC142979741/gene-FBXO11/gene-Yod1/gene-Su(dx)/gene-Plap/gene-Rpn9/gene-Prosalpha4/gene-Ubr1/gene-Cul1/gene-stx/gene-LOC142977808/gene-Cul4/gene-Rpt1/gene-Prosalpha3/gene-LOC142983029/gene-LOC142976150/gene-Prosalpha5/gene-rdx/gene-Prosbeta3/gene-LOC142980886/gene-LOC142976476/gene-shtd/gene-Ubc7/gene-LOC142981085/gene-Sirt2/gene-LOC142978166/gene-APC10/gene-Edem2/gene-ago/gene-LOC142982895/gene-Ube3a/gene-Prosbeta6/gene-LOC142979838/gene-Prosbeta7/gene-LOC142984509/gene-Ltn1/gene-LOC142985616/gene-Diap2/gene-Cdc27/gene-elgi/gene-LOC142979027/gene-Prosalpha7/gene-Fbxl4/gene-LOC142980612/gene-Ubr3/gene-Ubc4/gene-pall/gene-pic/gene-morula/gene-LOC142980695/gene-LOC142975219/gene-Ufd1-like/gene-Prosbeta2/gene-Ubqn/gene-Hecw/gene-l(2)dtl/gene-LOC142985452/gene-LOC142974238/gene-LOC142974078/gene-LOC142972211/gene-Cdk1/gene-Kaz",108,"BP"
"GO:1903051","negative regulation of proteolysis involved in protein catabolic process","29/3690","47/9658",0.617021276595745,1.61495704318745,3.32299212296761,0.000907015760016757,0.0229598823384316,0.0205677141463501,"gene-LOC142982010/gene-mTor/gene-LOC142986676/gene-Su(fu)/gene-Taf1/gene-Scox/gene-BmDJ-1beta/gene-RpS7/gene-Usp14/gene-CSN4/gene-Usp7/gene-TOR1/gene-RpL23/gene-Eph/gene-DUBAI/gene-ema/gene-Der-2/gene-Yod1/gene-viaf/gene-LOC142980456/gene-LOC142980886/gene-Ubc7/gene-LOC142987718/gene-sxc/gene-RpL11/gene-PI31/gene-Hipk/gene-Tlk/gene-wcy",29,"BP"
"GO:0003725","double-stranded RNA binding","28/3690","45/9658",0.622222222222222,1.6285697079193,3.32315137773762,0.00091682369502826,0.0230766608910124,0.0206723256531733,"gene-bel/gene-Sir-1/gene-Fmr1/gene-eIF4B/gene-Zn72D/gene-Chc/gene-LOC142977535/gene-mbl/gene-LOC142977989/gene-Dcr-1/gene-Tcs1/gene-LOC142984729/gene-Aptx/gene-LOC142976459/gene-AGO1/gene-mRpL44/gene-stau/gene-LOC142978385/gene-Dhx15/gene-Dus2/gene-Adar/gene-mle/gene-drosha/gene-roq/gene-R2D2/gene-LOC142976794/gene-Sir-3/gene-Son",28,"MF"
"GO:0097659","GO:0097659","214/3690","474/9658",0.451476793248945,1.18167015425429,3.1891629482151,0.000918356913009677,0.0230766608910124,0.0206723256531733,"gene-RpII215/gene-MED14/gene-Mi-2/gene-LOC142980122/gene-nej/gene-LOC142975301/gene-eEF1delta/gene-E(bx)/gene-Spt5/gene-LOC142976128/gene-MED9/gene-MED1/gene-Hcf/gene-SNRPG/gene-LOC142982543/gene-Bap60/gene-Cbp20/gene-yps/gene-Spt6/gene-spen/gene-Dorsal/gene-mtTFB1/gene-LOC142984078/gene-SA1/gene-cbt/gene-Rpb7/gene-Cdk12/gene-LOC142985114/gene-Psi/gene-Taf1/gene-LOC142973132/gene-LOC142972176/gene-nhr/gene-LOC142984322/gene-TfIIA-S/gene-vri/gene-Ssu72/gene-mRpL12/gene-Ssrp/gene-LOC142981848/gene-Rpb12/gene-TfIIEalpha/gene-brat/gene-LOC142984303/gene-Eip93F/gene-Taf2/gene-LOC142979577/gene-LOC142987276/gene-Sirt7/gene-RpII33/gene-MED16/gene-MED7/gene-fkh/gene-Nipped-B/gene-Irbp18/gene-crc/gene-LOC142982738/gene-LOC142976245/gene-Ets/gene-kto/gene-RpI135/gene-MED21/gene-tgo/gene-MED15/gene-LOC142981256/gene-Taf3/gene-USP/gene-LOC142978501/gene-vtd/gene-LOC142983051/gene-LOC142983859/gene-LOC142982670/gene-Polr3H/gene-Rpb11/gene-LOC142972265/gene-EcR/gene-TFAM/gene-HnRNP-K/gene-MED6/gene-Tmf/gene-Anxb13/gene-Sym/gene-Rpb8/gene-foxo/gene-MED20/gene-ERR/gene-SREBP/gene-Stat92E/gene-INTS7/gene-IntS4/gene-IntS1/gene-LOC142983778/gene-exd/gene-Polr3G/gene-LOC142983092/gene-Rim2/gene-Taf13/gene-Arp8/gene-LOC142986486/gene-LOC142974632/gene-IntS6/gene-LOC142978844/gene-CrebA/gene-TH1/gene-Pp2C1/gene-hay/gene-EloC/gene-RagC-D/gene-Hr3/gene-Tfb1/gene-e(y)3/gene-C/EBP/gene-Madm/gene-SmB/gene-LOC142980860/gene-Mef2/gene-mtTFB2/gene-Gata-beta/gene-LOC142972424/gene-Clp/gene-RpII15/gene-Usf/gene-trx/gene-csul/gene-Setx/gene-LOC142976150/gene-CycT/gene-LOC142978230/gene-EloB/gene-LOC142987884/gene-Bdp1/gene-RpI12/gene-Tfb5/gene-MED10/gene-RpII18/gene-LOC142987394/gene-SmF/gene-LOC142978883/gene-HDAC4/gene-dre4/gene-IntS10/gene-LOC142977702/gene-Polr1C/gene-Cdc5/gene-IntS3/gene-Jra/gene-lilli/gene-Atf-2/gene-MED4/gene-IntS9/gene-Hipk/gene-CPSF1/gene-Bx42/gene-LOC142973977/gene-MED11/gene-LOC142978882/gene-LOC142975305/gene-ash1/gene-Ars2/gene-Su(var)2-10/gene-LOC142978101/gene-Gas41/gene-Mondo/gene-mTTF/gene-skd/gene-LOC142984108/gene-LOC142981635/gene-REPTOR-BP/gene-Rga/gene-NC2alpha/gene-Ctr9/gene-Polr2D/gene-ecd/gene-l(2)37Cd/gene-MED31/gene-Atf3/gene-CycC/gene-TfIIS/gene-REPTOR/gene-Tbp/gene-Polr1F/gene-PHO/gene-da/gene-Pdp1/gene-Med/gene-CycH/gene-Achi/gene-Nipped-A/gene-Polr3A/gene-LOC142976945/gene-LOC142973965/gene-ftz-f1/gene-Caf1-55/gene-Su(Tpl)/gene-RpII140/gene-spt4/gene-LOC142978875/gene-LOC142973568/gene-IntS8/gene-LOC142983454/gene-Smox/gene-bon/gene-fand/gene-Iswi/gene-eya/gene-LOC142981468/gene-Phax/gene-wda/gene-Elp4/gene-LOC142982989/gene-LOC142972901/gene-Elp3/gene-Cbp80/gene-LOC142978547",214,NA
"GO:0045069","regulation of viral genome replication","27/3690","43/9658",0.627906976744186,1.64344866704481,3.3250132523674,0.000922077851848448,0.023085598772556,0.0206803323053832,"gene-bel/gene-Fmr1/gene-LOC142976128/gene-Cbp20/gene-Top2/gene-LOC142987276/gene-cyp33/gene-Dcr-1/gene-LOC142978501/gene-Regnase-1/gene-baf/gene-stau/gene-LOC142974425/gene-Ago2/gene-pros/gene-Adar/gene-Cyp40/gene-Rad23/gene-Ars2/gene-LOC142984509/gene-LOC142978691/gene-Tsf2/gene-ftz-f1/gene-pic/gene-LOC142974426/gene-Cbp80/gene-LOC142972462",27,"BP"
"GO:0098727","maintenance of cell number","83/3690","165/9658",0.503030303030303,1.31660343270099,3.22534178141379,0.000950872673312201,0.0237142065612073,0.0212434460494596,"gene-MED14/gene-Kdm3/gene-bel/gene-LOC142980122/gene-nej/gene-LOC142987559/gene-mxt/gene-LSm1/gene-Snoo/gene-SA1/gene-LOC142977493/gene-Egfr/gene-cbt/gene-dom/gene-enok/gene-E(spl)mbeta/gene-Tctp/gene-shv/gene-MED7/gene-osa/gene-Nipped-B/gene-LOC142987395/gene-kto/gene-CSN4/gene-LOC142977648/gene-MED21/gene-Dcr-1/gene-MED15/gene-arm/gene-Rpa3/gene-SMC3/gene-E(z)/gene-LOC142976459/gene-MED6/gene-shg/gene-CSN3/gene-foxo/gene-AGO1/gene-ERR/gene-Stat92E/gene-mys/gene-exd/gene-eff/gene-LOC142975609/gene-Mad/gene-Cul4/gene-PDZ-GEF/gene-LOC142976074/gene-Nedd8/gene-LOC142973426/gene-SMC1/gene-MED10/gene-arr/gene-CSN6/gene-pros/gene-Nup98-96/gene-LOC142972469/gene-lilli/gene-hook/gene-LOC142973202/gene-LOC142982608/gene-asp/gene-Ars2/gene-SOCS5/gene-LOC142984108/gene-Ctr9/gene-pelo/gene-da/gene-LOC142978691/gene-Med/gene-LOC142976794/gene-LOC142976788/gene-LOC142985567/gene-raf/gene-H/gene-Smox/gene-YL-1/gene-BHD/gene-Pcl/gene-LOC142972154/gene-alien/gene-aub/gene-hop",83,"BP"
"GO:0004518","nuclease activity","63/3690","120/9658",0.525,1.37410569105691,3.24247152199601,0.000954099272724958,0.0237142065612073,0.0212434460494596,"gene-RpLP0/gene-LOC142980021/gene-LOC142978219/gene-trsn/gene-LOC142979790/gene-LOC142976234/gene-Not1/gene-cyp33/gene-LOC142980003/gene-Dcr-1/gene-Dcps/gene-Regnase-1/gene-Aptx/gene-DNApol-epsilon255/gene-Rad9/gene-LOC142985268/gene-Smg6/gene-AGO1/gene-LOC142987222/gene-mRpL44/gene-LOC142978140/gene-Rat1/gene-LOC142982193/gene-LOC142974425/gene-Not3/gene-LOC142973990/gene-LOC142975824/gene-Rrp46/gene-LOC142976900/gene-Edc3/gene-Ago2/gene-Clp/gene-LOC142981263/gene-LOC142980839/gene-LOC142978391/gene-drosha/gene-Rrp4/gene-Tm/gene-mldr/gene-Rrp6/gene-Trax/gene-Rrp40/gene-mus201/gene-Dna2/gene-Rga/gene-LOC142978813/gene-Exd2/gene-LOC142974651/gene-Dis3/gene-RpS3/gene-RNaseX25/gene-pcm/gene-ldbr/gene-slx1/gene-PNPase/gene-Drep4/gene-Ski6/gene-LOC142974426/gene-Tsen34/gene-Ogg1/gene-LOC142979604/gene-aub/gene-LOC142975840",63,"MF"
"GO:0006259","DNA metabolic process","217/3690","482/9658",0.450207468879668,1.17834789551215,3.15852775326923,0.00101473324813355,0.0250571000919145,0.0224464247869567,"gene-RpII215/gene-nej/gene-Sin3A/gene-RpLP0/gene-MTA1-like/gene-TER94/gene-LOC142980900/gene-mTor/gene-Upf1/gene-LOC142980840/gene-G9a/gene-LOC142977493/gene-Rpb7/gene-LOC142982993/gene-MRG15/gene-LOC142972375/gene-Sptz/gene-woc/gene-Top2/gene-mus101/gene-trsn/gene-Mcm3/gene-nonC/gene-Rpb12/gene-Usp16-45/gene-Tctp/gene-BmDJ-1beta/gene-LOC142979790/gene-LOC142979577/gene-RpII33/gene-Abl/gene-Npl4/gene-fkh/gene-LOC142980570/gene-CSN4/gene-grp/gene-cyp33/gene-LOC142980003/gene-Dcr-1/gene-Marf1/gene-LOC142987404/gene-LOC142972479/gene-vtd/gene-LOC142983051/gene-LOC142982437/gene-LOC142975378/gene-DNApol-gamma35/gene-Aptx/gene-Zpr1/gene-LOC142976160/gene-Usp7/gene-Rpb11/gene-TOR1/gene-spn-E/gene-DNApol-epsilon255/gene-upSET/gene-gkt/gene-TFAM/gene-E(z)/gene-LOC142976459/gene-Rad9/gene-HERC2/gene-SkpA/gene-MHF2/gene-Rpb8/gene-Rad17/gene-LOC142980064/gene-CSN3/gene-baf/gene-LOC142985268/gene-mtSSB/gene-Usp15-31/gene-Smg6/gene-Mcm2/gene-SMC5/gene-Mcm7/gene-Cdc45/gene-RMI1/gene-Chrac-16/gene-LOC142978140/gene-LOC142981372/gene-LOC142978729/gene-LOC142974638/gene-Rat1/gene-Mt2/gene-dpa/gene-mahj/gene-LOC142972841/gene-Sem1/gene-LOC142982193/gene-LOC142978249/gene-Uev1A/gene-LOC142984224/gene-LOC142986486/gene-LOC142979741/gene-Rchy1/gene-Irbp/gene-Etl1/gene-CSN8/gene-Pp2C1/gene-Phb1/gene-hay/gene-LOC142986094/gene-LOC142979420/gene-DNAlig1/gene-Tfb1/gene-LOC142973990/gene-sip1/gene-Rrp46/gene-Ubr1/gene-Mcm6/gene-LOC142979962/gene-Cul4/gene-LOC142976900/gene-eco/gene-obe/gene-LOC142975448/gene-ZnT49B/gene-PolD2/gene-LOC142976074/gene-RpII15/gene-trx/gene-Setx/gene-Blm/gene-Vlg/gene-Nop60B/gene-Tfb5/gene-SMC1/gene-LOC142978561/gene-RpII18/gene-Orc5/gene-LOC142981263/gene-mus312/gene-LOC142978845/gene-Marcal1/gene-CSN6/gene-Tnks/gene-shep/gene-Nup98-96/gene-Gar1/gene-IntS3/gene-LOC142979242/gene-ago/gene-CKIalpha/gene-LOC142972469/gene-Rrp6/gene-Sld5/gene-Rad23/gene-nbs/gene-Rrp40/gene-mus201/gene-Klp3A/gene-Su(var)2-10/gene-Dna2/gene-LOC142987507/gene-geminin/gene-LOC142982131/gene-LOC142977001/gene-LOC142984108/gene-Ino80/gene-Polr2D/gene-AlkB/gene-LOC142979920/gene-Exd2/gene-Hpr1/gene-RfC38/gene-Uvrag/gene-TfIIS/gene-Dnmt1/gene-RpS3/gene-PHO/gene-flfl/gene-Pdp1/gene-LOC142976794/gene-CycH/gene-Nipped-A/gene-LOC142983442/gene-LOC142978730/gene-glu/gene-pcm/gene-Nop10/gene-Gnf1/gene-LOC142976521/gene-pic/gene-spn-A/gene-Caf1-55/gene-slx1/gene-RpII140/gene-scf/gene-Btk29A/gene-Ufd1-like/gene-LOC142983803/gene-chm/gene-LOC142974494/gene-LOC142976639/gene-mh/gene-LOC142983474/gene-l(2)dtl/gene-LOC142978465/gene-Top3beta/gene-Drep4/gene-Ski6/gene-LOC142972911/gene-LOC142975877/gene-Ogg1/gene-fand/gene-spel1/gene-Iswi/gene-Spf45/gene-Cdk1/gene-eya/gene-Psf/gene-LOC142987181/gene-LOC142982989/gene-LOC142987570/gene-LOC142974889/gene-LOC142978547",217,"BP"
"GO:0072329","monocarboxylic acid catabolic process","62/3690","118/9658",0.525423728813559,1.3752147351982,3.22453127263406,0.00101543350226709,0.0250571000919145,0.0224464247869567,"gene-Acadvl/gene-SERCA/gene-Pex2/gene-Pex13/gene-LOC142981792/gene-Dci/gene-LOC142979474/gene-LOC142978105/gene-LOC142978250/gene-Echs1/gene-LOC142986285/gene-LOC142981861/gene-LOC142974820/gene-LOC142979518/gene-LOC142987311/gene-LOC142975892/gene-LOC142985182/gene-LOC142978104/gene-LOC142980177/gene-wal/gene-LOC142976803/gene-LOC142974542/gene-LOC142979801/gene-Pex5/gene-LOC142978586/gene-LOC142975016/gene-Pex10/gene-ScpX/gene-LOC142972376/gene-LOC142987710/gene-Had1/gene-LOC142979897/gene-Etfb/gene-Amacr/gene-LOC142982921/gene-ABCD/gene-Mcad/gene-LOC142974882/gene-LOC142974821/gene-LOC142982078/gene-LOC142979277/gene-3HCD/gene-Phyhd1/gene-LOC142984158/gene-LOC142985166/gene-beg/gene-LOC142987312/gene-LOC142987678/gene-LOC142977747/gene-LOC142984671/gene-Hao/gene-Lpin/gene-LOC142972753/gene-CRAT/gene-LOC142985615/gene-Pex7/gene-Hacl/gene-LOC142985154/gene-LOC142978234/gene-Fatp/gene-Acade/gene-LOC142980012",62,"BP"
"GO:0060627","regulation of vesicle-mediated transport","151/3690","324/9658",0.466049382716049,1.21981163638797,3.16452971274916,0.00104574170958514,0.0257125022500145,0.0230335412207434,"gene-Akt/gene-Cka/gene-Stam/gene-Fmr1/gene-jar/gene-lqf/gene-SERCA/gene-Trc8/gene-Csk/gene-Stim/gene-ced-6/gene-LOC142974540/gene-drpr/gene-lsn/gene-Fas2/gene-mgl/gene-scrib/gene-Chc/gene-Crag/gene-LOC142972856/gene-LOC142981658/gene-Use1/gene-Nedd4/gene-mib1/gene-LOC142984499/gene-Tao/gene-brat/gene-Abl/gene-LOC142980556/gene-awd/gene-Pi3K59F/gene-Sec71/gene-ATP8A/gene-LOC142975871/gene-SCAR/gene-Hrs/gene-LOC142987153/gene-Fak/gene-Rabex-5/gene-Amph/gene-AP-1gamma/gene-l(2)gd1/gene-GEFmeso/gene-shi/gene-ALiX/gene-LOC142981304/gene-Hakai/gene-l(2)gl/gene-EcR/gene-Ack/gene-HnRNP-K/gene-LOC142987546/gene-EndoA/gene-FER/gene-corn/gene-mim/gene-Tbc1d15-17/gene-wkd/gene-PTP-ER/gene-mop/gene-LRP1/gene-Eph/gene-zip/gene-mys/gene-baz/gene-cni/gene-Arf79F/gene-dos/gene-mbc/gene-Drp1/gene-Synj/gene-LOC142973600/gene-vap/gene-sl/gene-TBC1D16/gene-Rab8/gene-Syx18/gene-AP-1-2beta/gene-CrebA/gene-lap/gene-Pld/gene-LOC142981521/gene-LOC142976045/gene-Apt1/gene-Dap160/gene-Mctp/gene-Atg3/gene-Sra-1/gene-LOC142986602/gene-LOC142985107/gene-LOC142976759/gene-Shab/gene-AP-1mu/gene-LOC142974963/gene-rock1/gene-tim/gene-Sec5/gene-ktub/gene-Rab3GAP1/gene-Klp64D/gene-gek/gene-Snmp2/gene-GABA-B-R2/gene-Wdr81/gene-LOC142977335/gene-Vamp7/gene-PIP4K/gene-rg/gene-LOC142983421/gene-Snx17/gene-tau/gene-mnb/gene-norpA/gene-Flo1/gene-LOC142982552/gene-Mhcl/gene-LOC142986118/gene-Tbc1d22/gene-LOC142979377/gene-LOC142973128/gene-LOC142978852/gene-Ccm3/gene-Slh/gene-sp3/gene-LOC142983558/gene-Sar1/gene-Khc/gene-Uvrag/gene-LOC142974327/gene-TSG101/gene-lt/gene-Pten/gene-Mon1/gene-Rme-8/gene-LOC142982022/gene-LOC142974657/gene-Pdk1/gene-Strip/gene-RapGAP1/gene-Acsl/gene-raf/gene-Vps11/gene-Ubqn/gene-LOC142978330/gene-LOC142978465/gene-Liprin-alpha/gene-Rab26/gene-AMPKalpha/gene-Gapvd1/gene-Tbc1d8-9/gene-LOC142972942",151,"BP"
"GO:0032774","RNA biosynthetic process","216/3690","480/9658",0.45,1.17780487804878,3.14202875419282,0.00107204641128779,0.026265137076551,0.0235285975530006,"gene-RpII215/gene-MED14/gene-Mi-2/gene-LOC142980122/gene-nej/gene-LOC142975301/gene-eEF1delta/gene-E(bx)/gene-Spt5/gene-LOC142976128/gene-MED9/gene-MED1/gene-Hcf/gene-SNRPG/gene-LOC142982543/gene-Bap60/gene-Cbp20/gene-yps/gene-Spt6/gene-spen/gene-Dorsal/gene-mtTFB1/gene-LOC142984078/gene-SA1/gene-cbt/gene-Rpb7/gene-Cdk12/gene-LOC142985114/gene-Psi/gene-Taf1/gene-LOC142973132/gene-LOC142972176/gene-nhr/gene-LOC142984322/gene-TfIIA-S/gene-vri/gene-Ssu72/gene-mRpL12/gene-Ssrp/gene-LOC142981848/gene-Rpb12/gene-TfIIEalpha/gene-brat/gene-LOC142984303/gene-Eip93F/gene-Taf2/gene-LOC142979577/gene-LOC142987276/gene-Sirt7/gene-RpII33/gene-MED16/gene-MED7/gene-fkh/gene-Nipped-B/gene-Polr3F/gene-Irbp18/gene-crc/gene-LOC142982738/gene-LOC142976245/gene-Ets/gene-kto/gene-RpI135/gene-MED21/gene-tgo/gene-MED15/gene-LOC142981256/gene-Taf3/gene-USP/gene-LOC142978501/gene-vtd/gene-LOC142983051/gene-LOC142983859/gene-LOC142982670/gene-Polr3H/gene-Rpb11/gene-LOC142972265/gene-EcR/gene-TFAM/gene-HnRNP-K/gene-MED6/gene-Tmf/gene-Anxb13/gene-Sym/gene-Rpb8/gene-foxo/gene-MED20/gene-ERR/gene-SREBP/gene-Stat92E/gene-INTS7/gene-IntS4/gene-IntS1/gene-LOC142983778/gene-exd/gene-Polr3G/gene-LOC142983092/gene-Rim2/gene-Taf13/gene-Arp8/gene-LOC142986486/gene-LOC142974632/gene-IntS6/gene-LOC142978844/gene-CrebA/gene-TH1/gene-Pp2C1/gene-hay/gene-EloC/gene-RagC-D/gene-Hr3/gene-Tfb1/gene-e(y)3/gene-C/EBP/gene-Madm/gene-SmB/gene-LOC142980860/gene-Mef2/gene-mtTFB2/gene-Gata-beta/gene-LOC142972424/gene-Clp/gene-RpII15/gene-Usf/gene-trx/gene-csul/gene-Setx/gene-LOC142976150/gene-CycT/gene-LOC142978230/gene-EloB/gene-LOC142987884/gene-Bdp1/gene-RpI12/gene-Tfb5/gene-MED10/gene-RpII18/gene-LOC142987394/gene-SmF/gene-LOC142978883/gene-HDAC4/gene-dre4/gene-IntS10/gene-LOC142977702/gene-Polr1C/gene-Cdc5/gene-IntS3/gene-Jra/gene-lilli/gene-Atf-2/gene-MED4/gene-IntS9/gene-Hipk/gene-CPSF1/gene-Bx42/gene-LOC142973977/gene-MED11/gene-LOC142978882/gene-LOC142975305/gene-ash1/gene-Ars2/gene-Su(var)2-10/gene-LOC142978101/gene-Gas41/gene-Mondo/gene-mTTF/gene-Polr3C/gene-skd/gene-LOC142984108/gene-LOC142981635/gene-REPTOR-BP/gene-Rga/gene-NC2alpha/gene-Ctr9/gene-Polr2D/gene-ecd/gene-l(2)37Cd/gene-MED31/gene-Atf3/gene-CycC/gene-TfIIS/gene-REPTOR/gene-Tbp/gene-Polr1F/gene-PHO/gene-da/gene-Pdp1/gene-Med/gene-CycH/gene-Achi/gene-Nipped-A/gene-Polr3A/gene-LOC142976945/gene-LOC142973965/gene-ftz-f1/gene-Caf1-55/gene-Su(Tpl)/gene-RpII140/gene-spt4/gene-LOC142978875/gene-LOC142973568/gene-IntS8/gene-LOC142983454/gene-Smox/gene-bon/gene-fand/gene-Iswi/gene-eya/gene-LOC142981468/gene-Phax/gene-wda/gene-Elp4/gene-LOC142982989/gene-LOC142972901/gene-Elp3/gene-Cbp80/gene-LOC142978547",216,"BP"
"GO:0061919","process utilizing autophagic mechanism","73/3690","143/9658",0.510489510489511,1.33612674588284,3.18409916589519,0.00111704908322992,0.0272552694988452,0.0244155690247443,"gene-LOC142981931/gene-Stam/gene-Uba1/gene-Atg16/gene-Cisd2/gene-TER94/gene-mTor/gene-Vps15/gene-lqf/gene-LOC142983616/gene-LOC142975164/gene-lsn/gene-Syx17/gene-Atg1/gene-LOC142972856/gene-LOC142986840/gene-fab1/gene-Pi3K59F/gene-Hrs/gene-BNIP3/gene-LOC142974002/gene-Aduk/gene-TOR1/gene-LOC142981587/gene-mts/gene-EcR/gene-raptor/gene-EndoA/gene-Hsc70-4/gene-p47/gene-LOC142981333/gene-Smurf/gene-LOC142978729/gene-Rab1/gene-Atg17/gene-CatD/gene-Npc1a/gene-Yod1/gene-LOC142978551/gene-Plap/gene-LOC142980490/gene-Atg3/gene-LOC142987512/gene-stj/gene-Gata-beta/gene-LOC142984893/gene-LOC142974963/gene-Atg9/gene-EMC6/gene-Rab3GAP1/gene-Wdr81/gene-Vamp7/gene-Hipk/gene-bchs/gene-LOC142987472/gene-Snf4agamma/gene-LOC142973128/gene-l(3)76BDm/gene-LOC142979808/gene-Uvrag/gene-TSG101/gene-lt/gene-Pten/gene-Vps39/gene-LOC142984671/gene-Vps11/gene-Ubqn/gene-Vps36/gene-LOC142978330/gene-Atg4a/gene-AMPKalpha/gene-mTerf3/gene-LOC142972942",73,"BP"
"GO:0000276","GO:0000276","9/3690","10/9658",0.9,2.35560975609756,3.37237553371846,0.00113232533632229,0.0272552694988452,0.0244155690247443,"gene-ATPsynF/gene-ATPsynE/gene-ATPsynG/gene-ATPsynO/gene-ATPsynCF6/gene-LOC142976110/gene-ATPsynD/gene-ATPsynB/gene-ATPsynC",9,NA
"GO:0004709","MAP kinase kinase kinase activity","9/3690","10/9658",0.9,2.35560975609756,3.37237553371846,0.00113232533632229,0.0272552694988452,0.0244155690247443,"gene-Tak1/gene-Egfr/gene-Tao/gene-LOC142976629/gene-Ask1/gene-LOC142976393/gene-slpr/gene-Pak/gene-raf",9,"MF"
"GO:0006465","signal peptide processing","9/3690","10/9658",0.9,2.35560975609756,3.37237553371846,0.00113232533632229,0.0272552694988452,0.0244155690247443,"gene-Spase12/gene-Spase25/gene-rho-7/gene-twr/gene-SppL/gene-LOC142974003/gene-LOC142981634/gene-Spase22-23/gene-Fur1",9,"BP"
"GO:0045263","GO:0045263","9/3690","10/9658",0.9,2.35560975609756,3.37237553371846,0.00113232533632229,0.0272552694988452,0.0244155690247443,"gene-ATPsynF/gene-ATPsynE/gene-ATPsynG/gene-ATPsynO/gene-ATPsynCF6/gene-LOC142976110/gene-ATPsynD/gene-ATPsynB/gene-ATPsynC",9,NA
"GO:0048024","regulation of mRNA splicing, via spliceosome","50/3690","92/9658",0.543478260869565,1.4224696594792,3.20143096788692,0.00115234494029309,0.0276401618545824,0.0247603598138794,"gene-hfp/gene-SF1/gene-LOC142983263/gene-Sf3a1/gene-Fmr1/gene-mago/gene-l(1)G0007/gene-Rbfox1/gene-Prp39/gene-Psi/gene-LOC142984261/gene-SF2/gene-LOC142987276/gene-mbl/gene-nito/gene-l(3)72Ab/gene-LOC142978501/gene-RpL12/gene-mub/gene-HnRNP-K/gene-LOC142976459/gene-Smu1/gene-Bin1/gene-Hel25E/gene-eIF4AIII/gene-ncm/gene-Zip71B/gene-snRNP-U1-70K/gene-LOC142975609/gene-PSR/gene-tsu/gene-B52/gene-obe/gene-U2af50/gene-sm/gene-LOC142975539/gene-Srp54/gene-Hrb27C/gene-pps/gene-Nup98-96/gene-mnb/gene-Bx42/gene-LOC142976794/gene-beag/gene-Spf45/gene-Tnpo-SR/gene-Son/gene-Cbp80/gene-LOC142985412/gene-LOC142977656",50,"BP"
"GO:0004715","non-membrane spanning protein tyrosine kinase activity","12/3690","15/9658",0.8,2.09387533875339,3.33370578775588,0.0011910580287016,0.0284691919055505,0.0255030140163578,"gene-Csk/gene-Shark/gene-Ack-like/gene-Abl/gene-Fak/gene-Ack/gene-FER/gene-LOC142984779/gene-Src64B/gene-mnb/gene-Btk29A/gene-hop",12,"MF"
"GO:0008134","transcription factor binding","192/3690","423/9658",0.453900709219858,1.18801437659767,3.10930041192859,0.00121118233570062,0.0288496903573133,0.0258438686981733,"gene-MED14/gene-Mi-2/gene-Kdm3/gene-bel/gene-LOC142972436/gene-Cka/gene-nej/gene-Sin3A/gene-eEF1delta/gene-E(bx)/gene-MTA1-like/gene-mTor/gene-MED1/gene-Hcf/gene-lqf/gene-Bap60/gene-yps/gene-Dorsal/gene-Nacalpha/gene-Snoo/gene-Rbfox1/gene-LOC142975164/gene-lsn/gene-Cand1/gene-Su(fu)/gene-Cdk12/gene-LOC142985114/gene-nmo/gene-Taf1/gene-enok/gene-LOC142979474/gene-E(spl)mbeta/gene-TfIIA-S/gene-Trs20/gene-Uba3/gene-Tctp/gene-BmDJ-1beta/gene-Taf2/gene-LOC142987276/gene-Phb2/gene-MED16/gene-osa/gene-cry2/gene-fkh/gene-LOC142976389/gene-Bap111/gene-Not1/gene-Sik2/gene-Irbp18/gene-crc/gene-LOC142982738/gene-wts/gene-LOC142974285/gene-LOC142987395/gene-kto/gene-tgo/gene-LOC142981256/gene-ix/gene-Taf3/gene-LOC142987440/gene-USP/gene-Ddrgk1/gene-LOC142978501/gene-arm/gene-CtBP/gene-Gug/gene-hry/gene-bigmax/gene-Usp7/gene-TOR1/gene-EcR/gene-yem/gene-TFAM/gene-HnRNP-K/gene-RpL23/gene-LOC142979225/gene-LOC142976459/gene-MED6/gene-raptor/gene-tai/gene-foxo/gene-Bin1/gene-casp/gene-ERR/gene-Keap1/gene-Stat92E/gene-Hel25E/gene-LOC142979341/gene-exd/gene-14-3-3zeta/gene-mahj/gene-LOC142974425/gene-LOC142979928/gene-vap/gene-Set1/gene-LOC142978844/gene-hay/gene-Mad/gene-BmMET2/gene-Hr3/gene-LOC142973990/gene-C/EBP/gene-LOC142979962/gene-Mef2/gene-Gata-beta/gene-LOC142972424/gene-Prp6/gene-Rpt1/gene-ZnT49B/gene-Wbp2/gene-Usf/gene-csul/gene-CycT/gene-cdm/gene-slpr/gene-rdx/gene-tim/gene-Bdp1/gene-ex/gene-cic/gene-MET1/gene-ush/gene-LOC142979763/gene-HDAC4/gene-sxc/gene-pros/gene-Sirt2/gene-Cyp40/gene-Fib/gene-mle/gene-Cdc5/gene-Jra/gene-lilli/gene-Atf-2/gene-MED4/gene-Hipk/gene-LOC142973202/gene-per/gene-LOC142981473/gene-LOC142987219/gene-Bx42/gene-nbs/gene-LOC142975305/gene-LOC142975377/gene-Su(var)2-10/gene-Mondo/gene-geminin/gene-skd/gene-LOC142984108/gene-Rga/gene-NC2alpha/gene-LOC142980248/gene-Tbp/gene-Dnmt1/gene-RpS3/gene-LOC142978692/gene-da/gene-Med/gene-LOC142976794/gene-LOC142978487/gene-LOC142981593/gene-LOC142983442/gene-LOC142978730/gene-Uba2/gene-LOC142974576/gene-RhoGAP15B/gene-ftz-f1/gene-Utx/gene-LOC142985878/gene-Droj2/gene-LOC142972483/gene-Mrtf/gene-LOC142976782/gene-GABA-B-R1/gene-Rrp5/gene-Lpin/gene-LOC142983803/gene-LOC142986563/gene-LOC142978875/gene-chm/gene-LOC142973568/gene-LOC142977826/gene-Smox/gene-bon/gene-LOC142974426/gene-LOC142979948/gene-Iswi/gene-eya/gene-alien/gene-LOC142972901/gene-LOC142974453/gene-LOC142978547",192,"MF"
"GO:0005789","endoplasmic reticulum membrane","216/3690","481/9658",0.449064449064449,1.17535621925866,3.10215316847026,0.00122135163361415,0.0289912533100105,0.0259706823421577,"gene-sip3/gene-LOC142984753/gene-Cisd2/gene-TER94/gene-alphaCOP/gene-LOC142980898/gene-SERCA/gene-Trc8/gene-EMC4/gene-LOC142987189/gene-LOC142978836/gene-Dad1/gene-Dhrs4/gene-LOC142975374/gene-Stim/gene-LOC142980206/gene-LOC142978713/gene-zetaCOP/gene-Spase12/gene-Sec24AB/gene-kud/gene-Jheh-lp4/gene-epsilonCOP/gene-Syx17/gene-Rho1/gene-p24-1/gene-Spase25/gene-RpL36A/gene-nero/gene-LOC142977499/gene-RpL29/gene-LOC142984185/gene-Sec61beta/gene-betaCOP/gene-CHOp24/gene-eca/gene-RpL14/gene-Use1/gene-PPP1R15/gene-LOC142974110/gene-bai/gene-Catsup/gene-Alg1/gene-ttv/gene-LOC142972672/gene-Npl4/gene-Srp9/gene-twr/gene-BI-1/gene-PIG-K/gene-Kr-h2/gene-LOC142972431/gene-LOC142983258/gene-LOC142978044/gene-crc/gene-Pis/gene-l(1)G0320/gene-CDase/gene-eEF5/gene-LOC142974073/gene-LOC142987250/gene-Ankle2/gene-DnaJ-8/gene-Ddrgk1/gene-LOC142987311/gene-LOC142987619/gene-RpS28b/gene-Vkor/gene-Regnase-1/gene-RpL22/gene-Sec20/gene-LOC142974251/gene-EMC8-9/gene-RpL23/gene-LOC142979225/gene-EMC7/gene-RpL27/gene-casp/gene-SREBP/gene-rt/gene-Hmgc/gene-PTP-ER/gene-SsRbeta/gene-beta'COP/gene-oys/gene-LOC142982090/gene-LOC142983499/gene-LOC142978729/gene-Sec13/gene-sws/gene-RpS21/gene-Rab1/gene-Ask1/gene-LOC142976381/gene-RpS29/gene-Atg17/gene-Pdzd8/gene-cni/gene-EMC10/gene-ifc/gene-KdelR/gene-EMC5/gene-Drp1/gene-Ost48/gene-LOC142982305/gene-Der-2/gene-LOC142976615/gene-Tango14/gene-Syx18/gene-LOC142985241/gene-CrebA/gene-SppL/gene-LOC142972770/gene-LOC142973478/gene-Mctp/gene-LOC142980986/gene-heix/gene-LOC142987345/gene-LOC142979983/gene-ERp44/gene-atl/gene-LOC142977570/gene-LOC142976149/gene-TRAM/gene-cert/gene-LOC142973317/gene-UGT48C1/gene-LOC142973062/gene-otu/gene-LOC142980720/gene-Syx5/gene-LOC142976210/gene-Rab2/gene-Atg9/gene-EMC6/gene-Trp1/gene-GlcAT-I/gene-LOC142975518/gene-LOC142972243/gene-Dolk/gene-Rab3GAP1/gene-Dhdds/gene-LOC142972597/gene-LOC142975029/gene-LOC142986483/gene-puml/gene-LOC142978166/gene-LOC142973978/gene-RpL11/gene-Vamp7/gene-S/gene-Rab6/gene-PIG-N/gene-Alg7/gene-Ufl1/gene-LOC142977057/gene-LOC142975834/gene-LOC142974253/gene-nes/gene-LOC142975827/gene-PIG-Q/gene-PIG-B/gene-LOC142980988/gene-RpL32/gene-LOC142987369/gene-S2P/gene-PIG-U/gene-rasp/gene-sotv/gene-LOC142979218/gene-RpL6/gene-LOC142983004/gene-PIG-F/gene-lace/gene-LOC142983558/gene-LOC142984444/gene-Sar1/gene-LOC142979027/gene-LOC142987312/gene-xit/gene-PIG-M/gene-Spase22-23/gene-RpS3/gene-LOC142982098/gene-LOC142978941/gene-Vti1a/gene-LOC142983184/gene-botv/gene-LOC142975499/gene-Droj2/gene-LOC142977643/gene-GABA-B-R1/gene-Lpin/gene-Ufd1-like/gene-Acsl/gene-meigo/gene-LOC142981762/gene-PNPase/gene-Papst2/gene-Ubqn/gene-RpS20/gene-LOC142973251/gene-LOC142986424/gene-LOC142974053/gene-LOC142985452/gene-LOC142974238/gene-Cals/gene-Fur1/gene-Fatp/gene-Sc2/gene-Cdk1/gene-Jheh-lp1/gene-sta/gene-Alg3/gene-wol/gene-LOC142973244",216,"CC"
"GO:0007032","endosome organization","34/3690","58/9658",0.586206896551724,1.53430520512102,3.20913270726543,0.00124852749560821,0.0295341331719735,0.0264570000702748,"gene-Stam/gene-Ist1/gene-lsn/gene-LOC142986840/gene-Pi3K59F/gene-Sec71/gene-Hrs/gene-LOC142972810/gene-LOC142987404/gene-l(2)gd1/gene-shi/gene-ALiX/gene-LOC142982062/gene-Pi4KIIalpha/gene-Synj/gene-LOC142972293/gene-ClC-c/gene-LOC142982021/gene-LOC142984893/gene-AP-1mu/gene-LOC142974963/gene-Exo84/gene-Als2/gene-spas/gene-hook/gene-TSG101/gene-Rme-8/gene-LOC142974657/gene-Strip/gene-IPIP/gene-LOC142975858/gene-Vps11/gene-Vps36/gene-LOC142985075",34,"BP"
"GO:0019900","kinase binding","196/3690","433/9658",0.452655889145497,1.18475625402905,3.09299914937435,0.00127357195259643,0.0299386166811024,0.0268193408292582,"gene-Akt/gene-LOC142972444/gene-nej/gene-Wnk/gene-Fmr1/gene-LOC142976128/gene-mTor/gene-LOC142972324/gene-Tak1/gene-LOC142983602/gene-hep/gene-Csk/gene-LOC142978252/gene-LOC142974540/gene-Snoo/gene-CYLD/gene-Egfr/gene-Syx17/gene-LOC142981347/gene-Rho1/gene-Su(fu)/gene-Cdk12/gene-Top2/gene-LOC142984941/gene-Chc/gene-eIF3a/gene-fray/gene-SF2/gene-PPP1R15/gene-Tao/gene-LOC142977535/gene-BmDJ-1beta/gene-Klp10A/gene-Abl/gene-RpS7/gene-eEF2/gene-LOC142974580/gene-cry2/gene-fkh/gene-LOC142976629/gene-Sik2/gene-LOC142973727/gene-LOC142978044/gene-crc/gene-wts/gene-Fak/gene-Tsc1/gene-Rpn2/gene-trc/gene-LOC142983850/gene-LOC142979909/gene-arm/gene-CtBP/gene-Pfk/gene-shi/gene-ZnT63C/gene-Zpr1/gene-Cdc25/gene-TOR1/gene-l(2)gl/gene-Fnta/gene-LOC142979225/gene-kibra/gene-Slmap/gene-raptor/gene-LOC142976622/gene-EndoA/gene-Rad9/gene-Grx3/gene-foxo/gene-casp/gene-FER/gene-SREBP/gene-Spred/gene-stau/gene-Cdc37/gene-PTP-ER/gene-beta'COP/gene-mop/gene-Eph/gene-sws/gene-zip/gene-Patj/gene-mys/gene-Ask1/gene-baz/gene-Atg17/gene-dos/gene-dnt/gene-Khc-73/gene-vap/gene-sl/gene-Rab8/gene-LOC142972184/gene-AP-1-2beta/gene-lap/gene-Pp2C1/gene-LOC142987070/gene-LOC142985416/gene-Traf4/gene-kuz/gene-for/gene-Pglym/gene-Shc/gene-C/EBP/gene-TRAM/gene-shaker/gene-stx/gene-LOC142987720/gene-UGT48C1/gene-Zasp52/gene-B52/gene-Mef2/gene-Gata-beta/gene-LOC142980720/gene-PDZ-GEF/gene-LOC142976393/gene-Gcy/gene-asl/gene-LOC142982436/gene-CycT/gene-GCS2beta/gene-Vlg/gene-slpr/gene-Pfrx/gene-spri/gene-Sec5/gene-mats/gene-cnk/gene-LOC142972243/gene-raskol/gene-Ras85D/gene-HDAC4/gene-LOC142980509/gene-syd/gene-LOC142978127/gene-Cdc5/gene-ago/gene-LOC142984752/gene-LOC142984495/gene-Atf-2/gene-rg/gene-tau/gene-norpA/gene-LOC142987219/gene-Pde8/gene-LOC142979255/gene-Rad23/gene-LOC142987472/gene-Snf4agamma/gene-asp/gene-Pak/gene-LOC142986118/gene-Mondo/gene-LOC142979377/gene-SOCS5/gene-LOC142973128/gene-p130CAS/gene-LOC142981939/gene-Ccm3/gene-rictor/gene-LOC142980248/gene-LOC142974656/gene-Khc/gene-elgi/gene-lic/gene-RpS3/gene-Pten/gene-Achi/gene-Trap1/gene-Mtl/gene-Mo25/gene-wupA/gene-TrpRS/gene-Msp300/gene-Pdk1/gene-Strip/gene-LOC142981938/gene-LOC142976782/gene-LOC142983803/gene-Acsl/gene-raf/gene-Ubqn/gene-LOC142978875/gene-Smox/gene-Stlk/gene-AMPKalpha/gene-LOC142979948/gene-spel1/gene-fz2/gene-LOC142986743/gene-Cdk1/gene-kon/gene-rdgB/gene-hop/gene-Prm",196,"MF"
"GO:0000790","GO:0000790","105/3690","217/9658",0.483870967741935,1.26645685811697,3.12153107226524,0.00127509431518001,0.0299386166811024,0.0268193408292582,"gene-RpII215/gene-Mi-2/gene-LOC142982010/gene-Su(z)12/gene-nej/gene-LOC142975301/gene-Sin3A/gene-LOC142987559/gene-E(bx)/gene-MTA1-like/gene-Bap60/gene-G9a/gene-row/gene-LOC142982993/gene-MRG15/gene-Taf1/gene-dom/gene-Top2/gene-LOC142983557/gene-Sirt7/gene-osa/gene-Bap111/gene-LOC142973205/gene-LOC142987395/gene-polybromo/gene-LOC142987404/gene-USP/gene-Chrac-14/gene-LOC142983051/gene-LOC142975378/gene-arm/gene-CtBP/gene-Gug/gene-LOC142977458/gene-SMC3/gene-EcR/gene-E(z)/gene-HnRNP-K/gene-LOC142981749/gene-Hsc70-4/gene-Rad17/gene-LOC142980064/gene-Bin1/gene-LOC142978810/gene-Chrac-16/gene-ncm/gene-LOC142986374/gene-LOC142983092/gene-Arp8/gene-Set1/gene-LOC142986094/gene-LOC142979210/gene-e(y)3/gene-LOC142980860/gene-eco/gene-LOC142985107/gene-Mef2/gene-Gata-beta/gene-Wbp2/gene-SMC1/gene-LOC142972555/gene-LOC142978845/gene-HDAC4/gene-Sirt2/gene-mle/gene-LOC142984752/gene-LOC142972453/gene-Jra/gene-Hmt4-20/gene-LOC142972469/gene-LOC142981473/gene-Srrm234/gene-Tlk/gene-LOC142977001/gene-LOC142984108/gene-Ino80/gene-AlkB/gene-Tbp/gene-PHO/gene-da/gene-Med/gene-LOC142987595/gene-LOC142976945/gene-Cpsf6/gene-LOC142975644/gene-spn-A/gene-Caf1-55/gene-Sce/gene-LOC142987032/gene-LOC142978875/gene-LOC142973568/gene-Smox/gene-bon/gene-Drep4/gene-LOC142987637/gene-LOC142974688/gene-Rcc1/gene-Iswi/gene-LOC142985604/gene-LOC142972602/gene-LOC142987181/gene-LOC142987398/gene-LOC142982989/gene-LOC142987341/gene-Hat1",105,NA
"GO:0019827","stem cell population maintenance","82/3690","164/9658",0.5,1.30867208672087,3.13483408214295,0.00127871934221035,0.0299386166811024,0.0268193408292582,"gene-MED14/gene-Kdm3/gene-bel/gene-LOC142980122/gene-nej/gene-LOC142987559/gene-mxt/gene-LSm1/gene-Snoo/gene-SA1/gene-LOC142977493/gene-Egfr/gene-cbt/gene-dom/gene-enok/gene-E(spl)mbeta/gene-Tctp/gene-shv/gene-MED7/gene-osa/gene-Nipped-B/gene-LOC142987395/gene-kto/gene-CSN4/gene-LOC142977648/gene-MED21/gene-Dcr-1/gene-MED15/gene-arm/gene-Rpa3/gene-SMC3/gene-LOC142976459/gene-MED6/gene-shg/gene-CSN3/gene-foxo/gene-AGO1/gene-ERR/gene-Stat92E/gene-mys/gene-exd/gene-eff/gene-LOC142975609/gene-Mad/gene-Cul4/gene-PDZ-GEF/gene-LOC142976074/gene-Nedd8/gene-LOC142973426/gene-SMC1/gene-MED10/gene-arr/gene-CSN6/gene-pros/gene-Nup98-96/gene-LOC142972469/gene-lilli/gene-hook/gene-LOC142973202/gene-LOC142982608/gene-asp/gene-Ars2/gene-SOCS5/gene-LOC142984108/gene-Ctr9/gene-pelo/gene-da/gene-LOC142978691/gene-Med/gene-LOC142976794/gene-LOC142976788/gene-LOC142985567/gene-raf/gene-H/gene-Smox/gene-YL-1/gene-BHD/gene-Pcl/gene-LOC142972154/gene-alien/gene-aub/gene-hop",82,"BP"
"GO:0016476","regulation of embryonic cell shape","18/3690","26/9658",0.692307692307692,1.81200750469043,3.25993072828921,0.0013094760930182,0.0302458114414304,0.027094529261174,"gene-msn/gene-RhoGEF2/gene-Rho1/gene-Shark/gene-cta/gene-dia/gene-FER/gene-pyd/gene-raw/gene-PDZ-GEF/gene-slpr/gene-pnut/gene-cno/gene-Dg/gene-LOC142979377/gene-frtz/gene-Mtl/gene-hop",18,"BP"
"GO:0032481","positive regulation of type I interferon production","18/3690","26/9658",0.692307692307692,1.81200750469043,3.25993072828921,0.0013094760930182,0.0302458114414304,0.027094529261174,"gene-bel/gene-nej/gene-Polr3F/gene-arm/gene-RpIII128/gene-LOC142979225/gene-sl/gene-PQBP1/gene-Irbp/gene-mle/gene-LOC142987905/gene-LOC142979242/gene-Flo1/gene-Polr3C/gene-Polr3A/gene-LOC142973568/gene-pll/gene-LOC142987908",18,"BP"
"GO:0033120","positive regulation of RNA splicing","18/3690","26/9658",0.692307692307692,1.81200750469043,3.25993072828921,0.0013094760930182,0.0302458114414304,0.027094529261174,"gene-RpII215/gene-SF2/gene-Zpr1/gene-HnRNP-K/gene-eIF4AIII/gene-Zip71B/gene-LOC142979085/gene-snRNP-U1-70K/gene-B52/gene-U2af50/gene-Setx/gene-sm/gene-barc/gene-Hrb27C/gene-Nup98-96/gene-mnb/gene-Bx42/gene-Cbp80",18,"BP"
"GO:0071007","U2-type catalytic step 2 spliceosome","18/3690","26/9658",0.692307692307692,1.81200750469043,3.25993072828921,0.0013094760930182,0.0302458114414304,0.027094529261174,"gene-LOC142980900/gene-Prp8/gene-cyp33/gene-SmD1/gene-pea/gene-ncm/gene-LOC142979085/gene-SmB/gene-LOC142973783/gene-U2A/gene-SmF/gene-Cdc5/gene-Bx42/gene-Srrm234/gene-LOC142979169/gene-LOC142985529/gene-Cypl/gene-fand",18,"CC"
"GO:0016591","RNA polymerase II, holoenzyme","53/3690","99/9658",0.535353535353535,1.40120445648901,3.15498287642267,0.00131813668415446,0.0303436834003343,0.0271822040342415,"gene-RpII215/gene-MED14/gene-jar/gene-Pex2/gene-Rpb7/gene-Taf1/gene-TfIIA-S/gene-LOC142983557/gene-Rpb12/gene-TfIIEalpha/gene-Taf2/gene-RpII33/gene-MED7/gene-Nipped-B/gene-kto/gene-LOC142981256/gene-Taf3/gene-Rpb11/gene-MED6/gene-Rpb8/gene-INTS7/gene-IntS4/gene-IntS1/gene-LOC142983092/gene-Taf13/gene-IntS6/gene-hay/gene-Tfb1/gene-LOC142972424/gene-RpII15/gene-Tfb5/gene-MED10/gene-RpII18/gene-LOC142978883/gene-IntS10/gene-IntS3/gene-MED4/gene-IntS9/gene-LOC142978882/gene-LOC142978101/gene-Gas41/gene-Polr2M/gene-skd/gene-Ctr9/gene-Polr2D/gene-MED31/gene-TfIIS/gene-Tbp/gene-CycH/gene-RpII140/gene-IntS8/gene-wda/gene-LOC142978547",53,"CC"
"GO:0032386","regulation of intracellular transport","125/3690","264/9658",0.473484848484849,1.23927280939476,3.09948776183012,0.0013297197398302,0.0305079512215223,0.0273293569481735,"gene-Akt/gene-Cka/gene-nej/gene-Karybeta3/gene-Fmr1/gene-MED1/gene-SERCA/gene-Trc8/gene-Cbp20/gene-pbl/gene-hyd/gene-Spt6/gene-Ranbp21/gene-LOC142984078/gene-Egfr/gene-Su(fu)/gene-Ntf-2/gene-PDCD-5/gene-klar/gene-rho-7/gene-Use1/gene-Nedd4/gene-BmDJ-1beta/gene-Trx2/gene-LOC142987276/gene-Abl/gene-NUCB1/gene-Pi3K59F/gene-Nup154/gene-Tnpo/gene-wts/gene-LOC142974285/gene-LOC142987153/gene-Rabex-5/gene-LOC142983850/gene-LOC142979909/gene-LOC142978501/gene-Regnase-1/gene-LOC142981452/gene-Zpr1/gene-LOC142981302/gene-LOC142981304/gene-LOC142985486/gene-LOC142979225/gene-kibra/gene-FER/gene-SREBP/gene-Dhc64C/gene-PTP-ER/gene-mop/gene-LOC142984746/gene-mys/gene-cni/gene-dos/gene-14-3-3zeta/gene-Drp1/gene-Der-2/gene-ScpX/gene-Tango14/gene-LOC142979085/gene-Syx18/gene-Yod1/gene-CrebA/gene-lap/gene-LOC142974928/gene-LOC142976045/gene-LOC142979655/gene-LOC142977570/gene-LOC142976149/gene-Shab/gene-AP-1mu/gene-U2af50/gene-CDC50/gene-GlcAT-I/gene-rdx/gene-LOC142980886/gene-tim/gene-Rab3GAP1/gene-Ubc7/gene-tho2/gene-Klp64D/gene-gek/gene-sxc/gene-Snmp2/gene-mle/gene-GABA-B-R2/gene-Wdr81/gene-Vamp7/gene-ago/gene-LOC142983421/gene-tau/gene-Chd1/gene-Nup54/gene-Pak/gene-LOC142986118/gene-Ccm3/gene-Slh/gene-Diap2/gene-LOC142979808/gene-sp3/gene-Sar1/gene-Khc/gene-REPTOR/gene-Pten/gene-Mon1/gene-LOC142978941/gene-Rme-8/gene-LOC142982022/gene-Cpsf6/gene-LOC142974657/gene-Pdk1/gene-Miro/gene-Strip/gene-raf/gene-Vps11/gene-Vps52/gene-Smox/gene-Liprin-alpha/gene-AMPKalpha/gene-Rcc1/gene-Cdk1/gene-LOC142972901/gene-LOC142972942/gene-nudE/gene-hop",125,"BP"
"GO:0034249","negative regulation of amide metabolic process","62/3690","119/9658",0.521008403361345,1.363658308852,3.13859633023548,0.00133933602449965,0.0305265594749756,0.0273460264254884,"gene-bel/gene-LOC142972436/gene-Fmr1/gene-Trc8/gene-yps/gene-Upf1/gene-Tis11/gene-Rbfox1/gene-Psi/gene-RsfS312/gene-brat/gene-Not1/gene-crc/gene-Tsc1/gene-Amph/gene-Ythdf/gene-Regnase-1/gene-Dhfr/gene-unk/gene-AGO1/gene-casp/gene-eIF4AIII/gene-LOC142974795/gene-LOC142987185/gene-LOC142974425/gene-RpL13A/gene-snRNP-U1-70K/gene-Not3/gene-Capr/gene-LOC142975609/gene-gw/gene-LOC142976358/gene-LOC142978385/gene-INPP5E/gene-rock1/gene-sqd/gene-wech/gene-Mk/gene-Hrb27C/gene-shep/gene-roq/gene-Paip2/gene-Not11/gene-LOC142973202/gene-LOC142975305/gene-LOC142984719/gene-LOC142978852/gene-Gyf/gene-Rga/gene-Unr/gene-RpS3/gene-LOC142978691/gene-LOC142982098/gene-pcm/gene-dnr1/gene-Shmt/gene-LOC142972881/gene-eIF4EHP/gene-LOC142974426/gene-AMPKalpha/gene-LOC142981839/gene-LOC142977656",62,"BP"
"GO:0042255","ribosome assembly","32/3690","54/9658",0.592592592592593,1.55101876944695,3.1926924725875,0.00133943067084077,0.0305265594749756,0.0273460264254884,"gene-bel/gene-RpL38/gene-RpL24/gene-RpS17/gene-mRpS7/gene-RpL5/gene-RpS10b/gene-RpS27/gene-mRpS11/gene-RpS2/gene-LOC142984164/gene-LOC142973667/gene-RpS28b/gene-RpL12/gene-LOC142976987/gene-RpS15/gene-LOC142978461/gene-mRpL11/gene-LOC142973376/gene-RpS25/gene-LOC142987394/gene-LOC142973375/gene-RpL11/gene-RpL10/gene-LOC142980055/gene-RpL6/gene-LOC142973125/gene-LOC142972521/gene-Non3/gene-RpS14/gene-mTerf3/gene-sta",32,"BP"
"GO:0035257","GO:0035257","52/3690","97/9658",0.536082474226804,1.40311234040175,3.13747441451422,0.00139988459803852,0.0317987031210075,0.0284856266411603,"gene-MED14/gene-Kdm3/gene-Cka/gene-nej/gene-E(bx)/gene-MED1/gene-Bap60/gene-LOC142975164/gene-LOC142979474/gene-Uba3/gene-BmDJ-1beta/gene-LOC142987276/gene-Phb2/gene-MED16/gene-osa/gene-cry2/gene-Bap111/gene-Not1/gene-LOC142982738/gene-wts/gene-LOC142974285/gene-kto/gene-USP/gene-LOC142978501/gene-arm/gene-CtBP/gene-EcR/gene-tai/gene-Stat92E/gene-mahj/gene-LOC142972424/gene-Prp6/gene-ZnT49B/gene-Wbp2/gene-cdm/gene-pros/gene-Cyp40/gene-MED4/gene-Bx42/gene-LOC142975377/gene-Su(var)2-10/gene-skd/gene-LOC142984108/gene-LOC142980248/gene-Dnmt1/gene-LOC142983442/gene-Utx/gene-LOC142986563/gene-Smox/gene-bon/gene-LOC142979948/gene-alien",52,NA
"GO:0032006","regulation of TOR signaling","46/3690","84/9658",0.547619047619048,1.43330752355143,3.13623829019352,0.00144851246370865,0.0327947046238988,0.0293778556996043,"gene-Akt/gene-LOC142974540/gene-Atg1/gene-Lamtor3/gene-Iml1/gene-ATPsynD/gene-Prpk/gene-Tsc1/gene-Tti1/gene-raptor/gene-Wdr59/gene-LOC142986153/gene-Lkb1/gene-Sec13/gene-ema/gene-Nup44A/gene-hppy/gene-RagC-D/gene-Wdr24/gene-Ubr1/gene-Cul1/gene-LOC142979962/gene-Atg9/gene-mio/gene-Samtor/gene-LOC142977906/gene-PIP4K/gene-LOC142977622/gene-Lamtor2/gene-TBC1d7/gene-LOC142986131/gene-rictor/gene-Lamtor5/gene-Alg-2/gene-sigmar/gene-LOC142974327/gene-Pten/gene-wcy/gene-LOC142976782/gene-LOC142975858/gene-LOC142977853/gene-raf/gene-LOC142978330/gene-LOC142979488/gene-AMPKalpha/gene-BHD",46,"BP"
"GO:0051607","defense response to virus","29/3690","48/9658",0.604166666666667,1.58131210478771,3.17459393979923,0.00146138708842521,0.0329773533769635,0.0295414744536924,"gene-Tak1/gene-LOC142975164/gene-LOC142973503/gene-LOC142977989/gene-BNIP3/gene-Dcr-1/gene-LOC142975945/gene-LOC142979225/gene-LOC142973502/gene-LOC142974425/gene-PQBP1/gene-mino/gene-Rrp46/gene-Cul1/gene-LOC142978385/gene-B52/gene-Ago2/gene-Mtr4/gene-Ras85D/gene-Sos/gene-Rrp4/gene-Rrp6/gene-key/gene-Dis3/gene-BGRP1/gene-LOC142973568/gene-Ski6/gene-LOC142974426/gene-hop",29,"BP"
"GO:0004364","glutathione transferase activity","21/3690","32/9658",0.65625,1.71763211382114,3.19722954137046,0.00151319445043266,0.0340344719015345,0.0304884528097527,"gene-LOC142983509/gene-LOC142979151/gene-GSTo1/gene-LOC142979145/gene-GSTd3/gene-LOC142979152/gene-GSTt1/gene-GSTz2/gene-LOC142979149/gene-LOC142979890/gene-LOC142982081/gene-Gdap1/gene-LOC142980986/gene-GSTe3/gene-LOC142976806/gene-GSTe6/gene-eEF1gamma/gene-LOC142980988/gene-LOC142980237/gene-GSTz1/gene-GSTo3",21,"MF"
"GO:0006354","DNA-templated transcription elongation","38/3690","67/9658",0.567164179104478,1.48446385956397,3.12886432952312,0.00155900991991152,0.0348921724651439,0.0312567903715682,"gene-RpII215/gene-Spt5/gene-LOC142976128/gene-Cbp20/gene-Spt6/gene-LOC142984078/gene-Rpb7/gene-Cdk12/gene-LOC142973132/gene-Ssrp/gene-Rpb12/gene-RpII33/gene-Rpb11/gene-Rpb8/gene-TH1/gene-hay/gene-EloC/gene-Tfb1/gene-RpII15/gene-CycT/gene-EloB/gene-Tfb5/gene-RpII18/gene-LOC142978883/gene-dre4/gene-lilli/gene-LOC142978882/gene-Ctr9/gene-Polr2D/gene-TfIIS/gene-CycH/gene-Su(Tpl)/gene-RpII140/gene-spt4/gene-Elp4/gene-Elp3/gene-Cbp80/gene-LOC142978547",38,"BP"
"GO:0000791","euchromatin","25/3690","40/9658",0.625,1.63584010840108,3.16851246738073,0.00156150101265294,0.0348921724651439,0.0312567903715682,"gene-RpII215/gene-Sin3A/gene-Bap60/gene-woc/gene-LOC142973205/gene-LOC142983051/gene-arm/gene-Nnp-1/gene-Set1/gene-LOC142986094/gene-e(y)3/gene-LOC142985107/gene-sxc/gene-Jra/gene-LOC142977001/gene-LOC142984108/gene-AlkB/gene-Tbp/gene-La/gene-jumu/gene-LOC142973568/gene-bon/gene-LOC142987181/gene-LOC142982989/gene-aub",25,"CC"
"GO:0006888","endoplasmic reticulum to Golgi vesicle-mediated transport","67/3690","131/9658",0.511450381679389,1.3386416764931,3.06844160191349,0.00164381883108656,0.0366123285105642,0.0327977250030189,"gene-brun/gene-TER94/gene-alphaCOP/gene-LOC142978836/gene-DCTN5-p25/gene-zetaCOP/gene-Sec24AB/gene-epsilonCOP/gene-Syx17/gene-p24-1/gene-Cul3/gene-LOC142984322/gene-Trs20/gene-betaCOP/gene-LOC142972856/gene-CHOp24/gene-eca/gene-LOC142985264/gene-LOC142977347/gene-bai/gene-LOC142976324/gene-boca/gene-Bet5/gene-DCTN6-p27/gene-PGAP5/gene-Cog2/gene-Dhc64C/gene-beta'COP/gene-LOC142979470/gene-Sec13/gene-Rab1/gene-cni/gene-Cog4/gene-Syx18/gene-Trs31/gene-CrebA/gene-Cog8/gene-cpb/gene-LOC142977570/gene-Madm/gene-LOC142982915/gene-LOC142982760/gene-Syx5/gene-Rab2/gene-Arf102F/gene-Bet1/gene-LOC142976322/gene-Bet3/gene-Vamp7/gene-spas/gene-S/gene-LOC142987369/gene-sw/gene-LOC142973128/gene-Mppe/gene-l(3)76BDm/gene-Slh/gene-LOC142983558/gene-LOC142987582/gene-Sar1/gene-Alg-2/gene-Dlic/gene-wbl/gene-LOC142978941/gene-LOC142983847/gene-Zw10/gene-Arp10",67,"BP"
"GO:0031349","positive regulation of defense response","74/3690","147/9658",0.503401360544218,1.31757461792305,3.05078254098684,0.0017025267919857,0.0377971967411713,0.0338591429453672,"gene-nej/gene-Sin3A/gene-Spt5/gene-MED1/gene-Vps15/gene-Tak1/gene-Dorsal/gene-CYLD/gene-Egfr/gene-p24-1/gene-ubl/gene-BmDJ-1beta/gene-Pi3K59F/gene-LOC142973205/gene-Polr3F/gene-LOC142987153/gene-LOC142977648/gene-Aos1/gene-AP-1gamma/gene-LOC142975945/gene-Mif/gene-LOC142973009/gene-EcR/gene-RpIII128/gene-Pde11/gene-LOC142979225/gene-LOC142976622/gene-foxo/gene-Stat92E/gene-LOC142978729/gene-LOC142981595/gene-mys/gene-Pitslre/gene-stumps/gene-Mt2/gene-LOC142976420/gene-LOC142984224/gene-sl/gene-PQBP1/gene-Irbp/gene-Su(dx)/gene-LOC142983211/gene-LOC142985416/gene-BGRP2/gene-LOC142978385/gene-Mef2/gene-Snmp2/gene-mle/gene-Vamp7/gene-LOC142987905/gene-LOC142979242/gene-Flo1/gene-Pak/gene-Polr3C/gene-LOC142975546/gene-Diap2/gene-key/gene-lic/gene-Ubr3/gene-Uba2/gene-Ubc4/gene-Pli/gene-Tsf2/gene-Pdk1/gene-Btk29A/gene-BGRP1/gene-raf/gene-LOC142973568/gene-pll/gene-LOC142987908/gene-LOC142972987/gene-Psf/gene-LOC142975290/gene-hop",74,"BP"
"GO:0006283","transcription-coupled nucleotide-excision repair","36/3690","63/9658",0.571428571428571,1.49562524196671,3.10328093562164,0.00171377120632859,0.0378021558694989,0.0338635853868551,"gene-RpII215/gene-nej/gene-LOC142980900/gene-Rpb7/gene-Rpb12/gene-RpII33/gene-CSN4/gene-cyp33/gene-Usp7/gene-Rpb11/gene-Rpb8/gene-CSN3/gene-LOC142978729/gene-LOC142972841/gene-CSN8/gene-hay/gene-DNAlig1/gene-Tfb1/gene-Cul4/gene-PolD2/gene-RpII15/gene-Tfb5/gene-RpII18/gene-CSN6/gene-mus201/gene-LOC142982131/gene-Polr2D/gene-RfC38/gene-TfIIS/gene-CycH/gene-Gnf1/gene-LOC142976521/gene-pic/gene-RpII140/gene-fand/gene-LOC142978547",36,"BP"
"GO:0006400","tRNA modification","36/3690","63/9658",0.571428571428571,1.49562524196671,3.10328093562164,0.00171377120632859,0.0378021558694989,0.0338635853868551,"gene-LOC142973042/gene-LOC142974580/gene-Trmt112/gene-Elp5/gene-Tcs1/gene-LOC142972524/gene-Mt2/gene-LOC142973059/gene-Tcs3/gene-Urm1/gene-LOC142972950/gene-LOC142981122/gene-LOC142973677/gene-Nfs1/gene-rswl/gene-l(1)G0020/gene-Uba4/gene-Dus2/gene-LOC142972353/gene-Ctu1/gene-Dus1/gene-Adat1/gene-LOC142974095/gene-LOC142977001/gene-AlkB/gene-Pus10/gene-La/gene-LOC142984811/gene-LOC142981246/gene-LOC142986563/gene-LOC142985517/gene-wuho/gene-LOC142980516/gene-Elp3/gene-Dus3/gene-LOC142972443",36,"BP"
"GO:0070741","response to interleukin-6","14/3690","19/9658",0.736842105263158,1.92856939095707,3.18562804108814,0.00182011939713033,0.0400192918728015,0.0358497201094699,"gene-fkh/gene-LOC142983051/gene-LOC142972265/gene-LOC142975744/gene-FER/gene-dos/gene-Phb1/gene-LOC142982921/gene-LOC142975337/gene-Ctr9/gene-Med/gene-LOC142973568/gene-LOC142982989/gene-hop",14,"BP"
"GO:0009267","cellular response to starvation","69/3690","136/9658",0.507352941176471,1.32791726446676,3.02823475503782,0.00185196198881382,0.0405703391024373,0.0363433542550298,"gene-LOC142981931/gene-Atg16/gene-mTor/gene-Vps15/gene-Usp20-33/gene-LOC142980365/gene-G9a/gene-LOC142975164/gene-cbt/gene-Syx17/gene-Atg1/gene-PPP1R15/gene-Iml1/gene-Pi3K59F/gene-BI-1/gene-LOC142978044/gene-crc/gene-LOC142974002/gene-Regnase-1/gene-TOR1/gene-LOC142976459/gene-raptor/gene-EndoA/gene-Nuak1/gene-foxo/gene-Wdr59/gene-SREBP/gene-LOC142981333/gene-Ask1/gene-ema/gene-Atg17/gene-Nup44A/gene-Zip71B/gene-RpS25/gene-LOC142980260/gene-RagC-D/gene-LOC142981797/gene-Atg3/gene-Wdr24/gene-LOC142987583/gene-l(3)80Fj/gene-LOC142982921/gene-Atg9/gene-sm/gene-Samtor/gene-Ras85D/gene-HDAC4/gene-LOC142980296/gene-LOC142977906/gene-Bruce/gene-Jra/gene-Caspase1/gene-LOC142987472/gene-Snf4agamma/gene-LOC142986131/gene-rictor/gene-Atf3/gene-lt/gene-LOC142982098/gene-LOC142976794/gene-LOC142975230/gene-Lpin/gene-raf/gene-Vps11/gene-LOC142973568/gene-Atg4a/gene-LOC142985452/gene-AMPKalpha/gene-Pdk",69,"BP"
"GO:0006390","mitochondrial transcription","10/3690","12/9658",0.833333333333333,2.18112014453478,3.21907401548614,0.00185700969069465,0.0405703391024373,0.0363433542550298,"gene-mtTFB1/gene-mRpL12/gene-TFAM/gene-foxo/gene-LOC142978228/gene-Rim2/gene-mtTFB2/gene-LOC142978230/gene-mTTF/gene-mTerf3",10,"BP"
"GO:0009301","snRNA transcription","33/3690","57/9658",0.578947368421053,1.51530452146627,3.06805427146955,0.00195774047954508,0.0426352371100928,0.0381931125132303,"gene-RpII215/gene-LOC142976128/gene-Cbp20/gene-Rpb7/gene-TfIIA-S/gene-Rpb12/gene-TfIIEalpha/gene-RpII33/gene-LOC142981256/gene-Rpb11/gene-Rpb8/gene-INTS7/gene-IntS4/gene-IntS1/gene-LOC142983092/gene-Taf13/gene-IntS6/gene-RpII15/gene-CycT/gene-RpII18/gene-IntS10/gene-IntS3/gene-IntS9/gene-LOC142975305/gene-Ars2/gene-LOC142978101/gene-Polr2D/gene-Tbp/gene-Su(Tpl)/gene-RpII140/gene-IntS8/gene-Phax/gene-Cbp80",33,"BP"
"GO:0016226","iron-sulfur cluster assembly","15/3690","21/9658",0.714285714285714,1.86953155245838,3.13649034631607,0.00206637009440829,0.0448585406570914,0.0401847721890593,"gene-IscU/gene-LOC142979270/gene-Grx5/gene-MagR/gene-LOC142981315/gene-fh/gene-bcn92/gene-Nubpl/gene-Grx3/gene-Nfs1/gene-Hsc20/gene-Ciao1/gene-Nubp1/gene-Nubp2/gene-LOC142979558",15,"BP"
"GO:0048232","male gamete generation","199/3690","444/9658",0.448198198198198,1.17308894260114,2.93600369278065,0.00209077556061,0.0452451745923805,0.0405311231042377,"gene-Mi-2/gene-Kdm3/gene-bel/gene-mtgo/gene-brun/gene-E(bx)/gene-Sf3a1/gene-Fmr1/gene-alphaCOP/gene-jar/gene-Cul2/gene-LOC142986676/gene-yps/gene-DCTN5-p25/gene-Pex2/gene-Prx4/gene-hep/gene-aPKC/gene-tzn/gene-Prp8/gene-hyd/gene-LOC142980840/gene-Pex13/gene-G9a/gene-LOC142977493/gene-Egfr/gene-Psi/gene-Taf1/gene-Cul3/gene-LOC142974456/gene-nhr/gene-Top2/gene-Chc/gene-LOC142983557/gene-Trs20/gene-LOC142972856/gene-LOC142981658/gene-eIF3m/gene-Tctp/gene-BmDJ-1beta/gene-Klp10A/gene-LOC142979577/gene-Phb2/gene-Abl/gene-Nup154/gene-BI-1/gene-Bap111/gene-sfl/gene-poe/gene-LOC142987153/gene-Dlc90F/gene-CSN4/gene-LOC142977989/gene-l(3)72Ab/gene-Dcr-1/gene-Mif/gene-LOC142983051/gene-LOC142979650/gene-shi/gene-ALiX/gene-LOC142973009/gene-LOC142975934/gene-LOC142977276/gene-LOC142979424/gene-Bug22/gene-spn-E/gene-LOC142981587/gene-EcR/gene-Ack/gene-Dronc/gene-Tmf/gene-HERC2/gene-LOC142980064/gene-CSN3/gene-AGO1/gene-ERR/gene-LOC142978810/gene-SREBP/gene-Lkb1/gene-Dhc64C/gene-oys/gene-LOC142979470/gene-Rab1/gene-Rat1/gene-Arf79F/gene-Gli/gene-ifc/gene-LOC142973060/gene-LOC142986142/gene-Pex10/gene-eff/gene-Npc1a/gene-snRNP-U1-70K/gene-Phb1/gene-LOC142975609/gene-Paf-AHalpha/gene-LOC142972770/gene-LOC142981797/gene-Pglym/gene-LOC142977570/gene-Ubr1/gene-SmB/gene-LOC142973317/gene-Tasp1/gene-LOC142980860/gene-B52/gene-LOC142985107/gene-Gata-beta/gene-LOC142980720/gene-ana1/gene-Syx13/gene-Syx5/gene-Osbp/gene-LOC142974306/gene-scra/gene-tud/gene-LOC142987583/gene-asl/gene-LOC142976150/gene-Vlg/gene-GlcAT-I/gene-LOC142980886/gene-LOC142983596/gene-LOC142981634/gene-Sf3b5/gene-U2A/gene-Exo84/gene-qin/gene-CSN6/gene-Hrb27C/gene-PH/gene-LOC142978127/gene-tapas/gene-Iap/gene-Bruce/gene-LOC142984495/gene-Dbp80/gene-lilli/gene-Boule/gene-Taz/gene-PI31/gene-LOC142973202/gene-Caspase1/gene-nes/gene-DnaJ-13/gene-LOC142975827/gene-Ctu1/gene-Rad23/gene-LOC142987472/gene-Ocrl/gene-Snf4agamma/gene-asp/gene-Klp3A/gene-Su(var)2-10/gene-Lgr1/gene-sw/gene-LOC142979377/gene-LOC142973795/gene-fwd/gene-LOC142981939/gene-LOC142984108/gene-ScsbetaA/gene-pelo/gene-LOC142987678/gene-PHO/gene-TTLL5/gene-LOC142978691/gene-Med/gene-LOC142978941/gene-Achi/gene-LOC142976788/gene-LOC142981496/gene-pcm/gene-LOC142987712/gene-LOC142975644/gene-Pdk1/gene-LOC142986603/gene-LOC142981938/gene-Droj2/gene-LOC142985567/gene-raf/gene-LOC142978875/gene-drongo/gene-wuho/gene-Zw10/gene-milt/gene-RhoGAP5A/gene-spel1/gene-LOC142975906/gene-Iswi/gene-Cdk1/gene-eya/gene-Incenp/gene-alien/gene-LOC142982989/gene-Elp3/gene-aub/gene-LOC142974889/gene-nudE",199,"BP"
"GO:2000058","regulation of ubiquitin-dependent protein catabolic process","59/3690","114/9658",0.517543859649123,1.35459040555318,2.99456733011074,0.00212204721151903,0.0457774964497502,0.0410079828561672,"gene-Akt/gene-LOC142982010/gene-TER94/gene-Trc8/gene-LOC142986676/gene-Su(fu)/gene-Taf1/gene-Fbl6/gene-BmDJ-1beta/gene-RpS7/gene-Usp14/gene-LOC142976389/gene-wts/gene-Fak/gene-CSN4/gene-Usp5/gene-ari-1/gene-Ddrgk1/gene-LOC142974002/gene-Usp7/gene-RpL23/gene-SkpA/gene-Keap1/gene-Smurf/gene-ema/gene-Uev1A/gene-Rchy1/gene-LOC142977570/gene-C/EBP/gene-Cul1/gene-viaf/gene-LOC142980456/gene-LOC142987718/gene-sxc/gene-Tnks/gene-Sirt2/gene-RpL11/gene-ago/gene-CKIalpha/gene-Ufl1/gene-Ube3a/gene-PI31/gene-Hipk/gene-LOC142980441/gene-LOC142987219/gene-Rad23/gene-Su(var)2-10/gene-Tlk/gene-SOCS5/gene-Pten/gene-wcy/gene-LOC142978941/gene-Ubc4/gene-LOC142974576/gene-Ufd1-like/gene-raf/gene-Ubqn/gene-l(2)dtl/gene-Cdk1",59,"BP"
"GO:0043022","ribosome binding","30/3690","51/9658",0.588235294117647,1.53961421967161,3.03804686999453,0.00220510247784479,0.0473665949304751,0.0424315146853021,"gene-Fmr1/gene-mTor/gene-LOC142986676/gene-LOC142974739/gene-Spase12/gene-eIF3k/gene-Sec61beta/gene-Pym/gene-eEF2/gene-eEF5/gene-LOC142983192/gene-DENR/gene-LOC142974411/gene-OXA1L/gene-Ythdf/gene-Regnase-1/gene-TOR1/gene-stau/gene-RpS21/gene-LOC142983927/gene-LOC142972597/gene-Naa15-16/gene-rictor/gene-waw/gene-eRF1/gene-pelo/gene-LOC142972521/gene-LOC142974472/gene-LOC142985452/gene-sta",30,"MF"
"GO:1902532","negative regulation of intracellular signal transduction","154/3690","336/9658",0.458333333333333,1.19961607949413,2.92840070434538,0.00220952046322916,0.0473665949304751,0.0424315146853021,"gene-Akt/gene-Mi-2/gene-sip3/gene-bel/gene-Su(z)12/gene-Cka/gene-Stam/gene-Wnk/gene-RasGAP1/gene-E(bx)/gene-mTor/gene-msn/gene-LOC142977922/gene-LOC142972324/gene-LOC142982543/gene-LOC142983616/gene-Csk/gene-LOC142975328/gene-LOC142974540/gene-CYLD/gene-LOC142977493/gene-LOC142975164/gene-Rho1/gene-LOC142974750/gene-Cul3/gene-scrib/gene-Sod2/gene-Atg1/gene-eIF3a/gene-rho-7/gene-RanBPM/gene-Tao/gene-Uba3/gene-Tctp/gene-BmDJ-1beta/gene-Abl/gene-NUCB1/gene-Iml1/gene-Npl4/gene-ATPsynD/gene-BI-1/gene-GSTo1/gene-LOC142976324/gene-Hrs/gene-LOC142987395/gene-Fak/gene-Dlc90F/gene-Tsc1/gene-Rabex-5/gene-Usp5/gene-SOCS2-12/gene-trc/gene-ND-30/gene-LOC142983850/gene-LOC142974222/gene-LOC142979909/gene-LOC142974002/gene-Mif/gene-LOC142979650/gene-Regnase-1/gene-MESR6/gene-TOR1/gene-mts/gene-Ack/gene-LOC142981032/gene-kibra/gene-MESR4/gene-Slmap/gene-SkpA/gene-stai/gene-jub/gene-wkd/gene-LOC142981333/gene-Spred/gene-Lkb1/gene-PTP-ER/gene-Smurf/gene-Eph/gene-mys/gene-LOC142974795/gene-LRR/gene-raw/gene-par-1/gene-APP-BP1/gene-vap/gene-LOC142979741/gene-Urm1/gene-Mrgn1/gene-Su(dx)/gene-Phb1/gene-PSR/gene-cpb/gene-Hr3/gene-heix/gene-LOC142972152/gene-Ide/gene-Ubr1/gene-Timp/gene-Cul1/gene-LOC142979962/gene-LOC142986201/gene-INPP5E/gene-Ak2/gene-LOC142974963/gene-Atg9/gene-Nedd8/gene-csul/gene-LOC142973537/gene-mew/gene-Samtor/gene-raskol/gene-LOC142976322/gene-HDAC4/gene-Dg/gene-Sirt2/gene-fbp/gene-LOC142978127/gene-LOC142977906/gene-Hipk/gene-mnb/gene-LOC142983968/gene-LOC142987219/gene-ash1/gene-Su(var)2-10/gene-TBC1d7/gene-SOCS5/gene-LOC142984030/gene-LOC142984126/gene-LOC142981939/gene-LOC142986131/gene-LOC142980248/gene-sp3/gene-Alg-2/gene-Atf3/gene-sigmar/gene-Pten/gene-Med/gene-LOC142978413/gene-Trap1/gene-Git/gene-LOC142974576/gene-RhoGAP15B/gene-Strip/gene-LOC142981938/gene-Droj2/gene-RapGAP1/gene-LOC142985567/gene-Ufd1-like/gene-LOC142975858/gene-AMPKalpha/gene-BHD/gene-LOC142972849/gene-Psf/gene-LOC142987181",154,"BP"
"GO:0031593","polyubiquitin modification-dependent protein binding","16/3690","23/9658",0.695652173913043,1.82076116413338,3.09866587130263,0.00226485521629772,0.0484015787657393,0.0433586645441747,"gene-TER94/gene-LOC142986676/gene-Prp8/gene-LOC142972375/gene-morgue/gene-LOC142981372/gene-drn/gene-Wdr81/gene-Rad23/gene-key/gene-LOC142980612/gene-Ufd1-like/gene-Ubqn/gene-mh/gene-LOC142972911/gene-LOC142975877",16,"MF"
