pfam_accession,genes_com_dominio_universo,genes_com_dominio_DE,odds_ratio,pvalue,padj
PF01423.29,18,15,9.238370691732948,3.8188233732208915e-05,0.07066140142409615
PF02985.29,33,23,4.253972470417773,5.5873538290007496e-05,0.07066140142409615
PF00240.30,25,19,5.854322476879775,3.682423216646874e-05,0.07066140142409615
PF12755.14,8,8,inf,0.0002341168328285366,0.17764785275029357
PF11976.15,11,10,18.459316321617717,0.00021646765274139793,0.17764785275029357
PF23227.2,13,11,10.153744281242476,0.000364796302397019,0.2306728618823817
PF00069.32,197,92,1.6275797548882027,0.0005188834912114446,0.281234852236603
PF07714.24,193,90,1.622746185852982,0.000629293761537825,0.2984425664093135
PF13513.13,25,17,3.9256390161562575,0.0008405743649956203,0.354348793421487
PF02826.26,9,8,14.760346487006737,0.001448792175551275,0.49970159218559435
PF00627.38,9,8,14.760346487006737,0.001448792175551275,0.49970159218559435
PF09734.16,1,1,inf,0.35189723654187444,0.5111401667074547
PF08389.19,5,4,7.373076923076923,0.05504903212955071,0.5111401667074547
PF09415.17,1,1,inf,0.35189723654187444,0.5111401667074547
PF21335.3,1,1,inf,0.35189723654187444,0.5111401667074547
PF04923.18,1,1,inf,0.35189723654187444,0.5111401667074547
PF25045.2,1,1,inf,0.35189723654187444,0.5111401667074547
PF13634.12,1,1,inf,0.35189723654187444,0.5111401667074547
PF05378.20,1,1,inf,0.35189723654187444,0.5111401667074547
PF20723.4,1,1,inf,0.35189723654187444,0.5111401667074547
PF07726.18,1,1,inf,0.35189723654187444,0.5111401667074547
PF00013.36,17,9,2.0742779783393503,0.10222678783603376,0.5111401667074547
PF05742.18,1,1,inf,0.35189723654187444,0.5111401667074547
PF17054.10,2,2,inf,0.12381238976705741,0.5111401667074547
PF09494.17,1,1,inf,0.35189723654187444,0.5111401667074547
PF05849.19,1,1,inf,0.35189723654187444,0.5111401667074547
PF02033.24,1,1,inf,0.35189723654187444,0.5111401667074547
PF04997.18,3,2,3.684766938971648,0.2843258234790958,0.5111401667074547
PF00829.27,2,2,inf,0.12381238976705741,0.5111401667074547
PF23261.2,1,1,inf,0.35189723654187444,0.5111401667074547
PF02376.22,1,1,inf,0.35189723654187444,0.5111401667074547
PF06268.20,1,1,inf,0.35189723654187444,0.5111401667074547
PF22603.3,1,1,inf,0.35189723654187444,0.5111401667074547
PF10176.15,1,1,inf,0.35189723654187444,0.5111401667074547
PF04699.20,1,1,inf,0.35189723654187444,0.5111401667074547
PF02636.24,1,1,inf,0.35189723654187444,0.5111401667074547
PF05615.19,1,1,inf,0.35189723654187444,0.5111401667074547
PF12850.13,1,1,inf,0.35189723654187444,0.5111401667074547
PF14668.12,1,1,inf,0.35189723654187444,0.5111401667074547
PF12140.14,1,1,inf,0.35189723654187444,0.5111401667074547
PF17888.8,1,1,inf,0.35189723654187444,0.5111401667074547
PF00805.29,1,1,inf,0.35189723654187444,0.5111401667074547
PF11635.15,1,1,inf,0.35189723654187444,0.5111401667074547
PF13458.13,3,2,3.684766938971648,0.2843258234790958,0.5111401667074547
PF00561.27,47,19,1.2508960882302258,0.27122070775191764,0.5111401667074547
PF02538.20,1,1,inf,0.35189723654187444,0.5111401667074547
PF23593.2,3,2,3.684766938971648,0.2843258234790958,0.5111401667074547
PF05843.21,6,4,3.6860576923076924,0.11943914601646631,0.5111401667074547
PF06417.18,1,1,inf,0.35189723654187444,0.5111401667074547
PF03226.22,4,3,5.528478731074261,0.12826280449719676,0.5111401667074547
PF22794.2,1,1,inf,0.35189723654187444,0.5111401667074547
PF11548.14,1,1,inf,0.35189723654187444,0.5111401667074547
PF09771.15,1,1,inf,0.35189723654187444,0.5111401667074547
PF20309.5,1,1,inf,0.35189723654187444,0.5111401667074547
PF02137.25,2,2,inf,0.12381238976705741,0.5111401667074547
PF12257.14,1,1,inf,0.35189723654187444,0.5111401667074547
PF03114.24,4,4,inf,0.01531996238231868,0.5111401667074547
PF23341.2,10,6,2.765151515151515,0.09709967791328175,0.5111401667074547
PF24458.2,4,4,inf,0.01531996238231868,0.5111401667074547
PF18345.8,7,5,4.60867997114691,0.05682660650885887,0.5111401667074547
PF25408.2,1,1,inf,0.35189723654187444,0.5111401667074547
PF17807.8,1,1,inf,0.35189723654187444,0.5111401667074547
PF25210.2,14,9,3.32014440433213,0.025179446219556735,0.5111401667074547
PF22902.3,1,1,inf,0.35189723654187444,0.5111401667074547
PF06087.19,1,1,inf,0.35189723654187444,0.5111401667074547
PF01902.25,1,1,inf,0.35189723654187444,0.5111401667074547
PF16676.11,1,1,inf,0.35189723654187444,0.5111401667074547
PF10639.16,1,1,inf,0.35189723654187444,0.5111401667074547
PF13507.13,1,1,inf,0.35189723654187444,0.5111401667074547
PF06840.18,1,1,inf,0.35189723654187444,0.5111401667074547
PF10220.15,1,1,inf,0.35189723654187444,0.5111401667074547
PF14726.12,1,1,inf,0.35189723654187444,0.5111401667074547
PF11496.15,7,6,11.064935064935066,0.009264922656986495,0.5111401667074547
PF18569.8,1,1,inf,0.35189723654187444,0.5111401667074547
PF14909.13,1,1,inf,0.35189723654187444,0.5111401667074547
PF12906.14,5,5,inf,0.005387694945510669,0.5111401667074547
PF00436.32,1,1,inf,0.35189723654187444,0.5111401667074547
PF14575.12,1,1,inf,0.35189723654187444,0.5111401667074547
PF00654.26,3,2,3.684766938971648,0.2843258234790958,0.5111401667074547
PF16752.11,1,1,inf,0.35189723654187444,0.5111401667074547
PF04849.19,1,1,inf,0.35189723654187444,0.5111401667074547
PF24140.2,1,1,inf,0.35189723654187444,0.5111401667074547
PF09294.17,1,1,inf,0.35189723654187444,0.5111401667074547
PF10246.15,1,1,inf,0.35189723654187444,0.5111401667074547
PF22048.2,1,1,inf,0.35189723654187444,0.5111401667074547
PF24017.3,41,17,1.3058134394341292,0.2460676517721182,0.5111401667074547
PF15492.13,1,1,inf,0.35189723654187444,0.5111401667074547
PF20418.4,1,1,inf,0.35189723654187444,0.5111401667074547
PF03248.19,1,1,inf,0.35189723654187444,0.5111401667074547
PF21233.4,1,1,inf,0.35189723654187444,0.5111401667074547
PF07539.19,1,1,inf,0.35189723654187444,0.5111401667074547
PF02759.25,8,4,1.8425480769230769,0.29762668939335046,0.5111401667074547
PF21164.3,2,2,inf,0.12381238976705741,0.5111401667074547
PF21000.3,1,1,inf,0.35189723654187444,0.5111401667074547
PF03571.22,1,1,inf,0.35189723654187444,0.5111401667074547
PF08243.17,1,1,inf,0.35189723654187444,0.5111401667074547
PF08616.16,1,1,inf,0.35189723654187444,0.5111401667074547
PF24807.2,159,61,1.1485647634632699,0.22252344225604648,0.5111401667074547
PF01103.30,1,1,inf,0.35189723654187444,0.5111401667074547
PF15328.12,1,1,inf,0.35189723654187444,0.5111401667074547
PF24874.2,1,1,inf,0.35189723654187444,0.5111401667074547
PF07915.20,2,2,inf,0.12381238976705741,0.5111401667074547
PF07934.19,1,1,inf,0.35189723654187444,0.5111401667074547
PF05680.18,1,1,inf,0.35189723654187444,0.5111401667074547
PF01541.31,1,1,inf,0.35189723654187444,0.5111401667074547
PF13583.12,5,3,2.763878875270368,0.23808346304866582,0.5111401667074547
PF16916.12,3,2,3.684766938971648,0.2843258234790958,0.5111401667074547
PF10390.16,1,1,inf,0.35189723654187444,0.5111401667074547
PF19431.5,2,2,inf,0.12381238976705741,0.5111401667074547
PF15997.12,1,1,inf,0.35189723654187444,0.5111401667074547
PF01521.27,2,2,inf,0.12381238976705741,0.5111401667074547
PF01025.25,1,1,inf,0.35189723654187444,0.5111401667074547
PF00397.33,20,10,1.8437650457390466,0.12534079562446832,0.5111401667074547
PF25036.3,3,3,inf,0.04355567291103821,0.5111401667074547
PF09382.18,1,1,inf,0.35189723654187444,0.5111401667074547
PF24917.1,1,1,inf,0.35189723654187444,0.5111401667074547
PF00822.26,4,3,5.528478731074261,0.12826280449719676,0.5111401667074547
PF22606.3,1,1,inf,0.35189723654187444,0.5111401667074547
PF24571.3,1,1,inf,0.35189723654187444,0.5111401667074547
PF12678.14,17,11,3.3828156352837304,0.01251975938386489,0.5111401667074547
PF06239.18,1,1,inf,0.35189723654187444,0.5111401667074547
PF26283.1,2,2,inf,0.12381238976705741,0.5111401667074547
PF03676.20,1,1,inf,0.35189723654187444,0.5111401667074547
PF00810.24,1,1,inf,0.35189723654187444,0.5111401667074547
PF18004.7,1,1,inf,0.35189723654187444,0.5111401667074547
PF14228.11,1,1,inf,0.35189723654187444,0.5111401667074547
PF20718.3,1,1,inf,0.35189723654187444,0.5111401667074547
PF10937.14,1,1,inf,0.35189723654187444,0.5111401667074547
PF03427.18,1,1,inf,0.35189723654187444,0.5111401667074547
PF10584.15,8,4,1.8425480769230769,0.29762668939335046,0.5111401667074547
PF26702.1,1,1,inf,0.35189723654187444,0.5111401667074547
PF02655.20,1,1,inf,0.35189723654187444,0.5111401667074547
PF02737.25,4,3,5.528478731074261,0.12826280449719676,0.5111401667074547
PF12894.14,101,38,1.1119113019258438,0.3379775639550757,0.5111401667074547
PF00484.25,1,1,inf,0.35189723654187444,0.5111401667074547
PF10155.15,1,1,inf,0.35189723654187444,0.5111401667074547
PF03465.21,2,2,inf,0.12381238976705741,0.5111401667074547
PF13083.14,3,2,3.684766938971648,0.2843258234790958,0.5111401667074547
PF14226.13,1,1,inf,0.35189723654187444,0.5111401667074547
PF21296.4,1,1,inf,0.35189723654187444,0.5111401667074547
PF01249.24,1,1,inf,0.35189723654187444,0.5111401667074547
PF23406.2,1,1,inf,0.35189723654187444,0.5111401667074547
PF07542.17,1,1,inf,0.35189723654187444,0.5111401667074547
PF08517.18,1,1,inf,0.35189723654187444,0.5111401667074547
PF22691.3,1,1,inf,0.35189723654187444,0.5111401667074547
PF02146.24,5,4,7.373076923076923,0.05504903212955071,0.5111401667074547
PF03661.19,1,1,inf,0.35189723654187444,0.5111401667074547
PF13639.13,38,17,1.492943837771424,0.1439367199329291,0.5111401667074547
PF02195.27,1,1,inf,0.35189723654187444,0.5111401667074547
PF01171.27,2,2,inf,0.12381238976705741,0.5111401667074547
PF02777.24,1,1,inf,0.35189723654187444,0.5111401667074547
PF08324.18,1,1,inf,0.35189723654187444,0.5111401667074547
PF01951.22,1,1,inf,0.35189723654187444,0.5111401667074547
PF10160.16,1,1,inf,0.35189723654187444,0.5111401667074547
PF15913.11,1,1,inf,0.35189723654187444,0.5111401667074547
PF09746.15,1,1,inf,0.35189723654187444,0.5111401667074547
PF04802.23,1,1,inf,0.35189723654187444,0.5111401667074547
PF25577.2,1,1,inf,0.35189723654187444,0.5111401667074547
PF07810.19,2,2,inf,0.12381238976705741,0.5111401667074547
PF23651.2,1,1,inf,0.35189723654187444,0.5111401667074547
PF07985.19,1,1,inf,0.35189723654187444,0.5111401667074547
PF00887.25,5,4,7.373076923076923,0.05504903212955071,0.5111401667074547
PF23748.2,5,3,2.763878875270368,0.23808346304866582,0.5111401667074547
PF08672.18,1,1,inf,0.35189723654187444,0.5111401667074547
PF18118.8,1,1,inf,0.35189723654187444,0.5111401667074547
PF21358.3,1,1,inf,0.35189723654187444,0.5111401667074547
PF28421.1,1,1,inf,0.35189723654187444,0.5111401667074547
PF03602.22,1,1,inf,0.35189723654187444,0.5111401667074547
PF01084.27,3,3,inf,0.04355567291103821,0.5111401667074547
PF07225.18,1,1,inf,0.35189723654187444,0.5111401667074547
PF08232.18,1,1,inf,0.35189723654187444,0.5111401667074547
PF07717.23,12,6,1.842953342953343,0.21681587956086848,0.5111401667074547
PF10587.15,2,2,inf,0.12381238976705741,0.5111401667074547
PF09778.16,1,1,inf,0.35189723654187444,0.5111401667074547
PF00413.31,3,3,inf,0.04355567291103821,0.5111401667074547
PF00338.28,3,3,inf,0.04355567291103821,0.5111401667074547
PF20412.4,2,2,inf,0.12381238976705741,0.5111401667074547
PF03105.25,1,1,inf,0.35189723654187444,0.5111401667074547
PF07792.18,1,1,inf,0.35189723654187444,0.5111401667074547
PF08506.17,1,1,inf,0.35189723654187444,0.5111401667074547
PF26202.1,1,1,inf,0.35189723654187444,0.5111401667074547
PF20168.5,10,7,4.302942827359474,0.026786459815376872,0.5111401667074547
PF21261.4,1,1,inf,0.35189723654187444,0.5111401667074547
PF16017.12,1,1,inf,0.35189723654187444,0.5111401667074547
PF03297.22,1,1,inf,0.35189723654187444,0.5111401667074547
PF03981.18,1,1,inf,0.35189723654187444,0.5111401667074547
PF08696.18,1,1,inf,0.35189723654187444,0.5111401667074547
PF00595.30,60,23,1.1456692142516822,0.3495034190136065,0.5111401667074547
PF12886.13,1,1,inf,0.35189723654187444,0.5111401667074547
PF08512.19,2,2,inf,0.12381238976705741,0.5111401667074547
PF10163.15,1,1,inf,0.35189723654187444,0.5111401667074547
PF07081.19,1,1,inf,0.35189723654187444,0.5111401667074547
PF13246.13,13,8,2.950529355149182,0.04758409053414237,0.5111401667074547
PF23108.2,1,1,inf,0.35189723654187444,0.5111401667074547
PF01034.27,1,1,inf,0.35189723654187444,0.5111401667074547
PF04388.18,1,1,inf,0.35189723654187444,0.5111401667074547
PF23187.2,1,1,inf,0.35189723654187444,0.5111401667074547
PF04567.23,2,2,inf,0.12381238976705741,0.5111401667074547
PF22935.2,2,2,inf,0.12381238976705741,0.5111401667074547
PF23332.2,1,1,inf,0.35189723654187444,0.5111401667074547
PF27241.1,1,1,inf,0.35189723654187444,0.5111401667074547
PF06350.18,1,1,inf,0.35189723654187444,0.5111401667074547
PF10436.15,1,1,inf,0.35189723654187444,0.5111401667074547
PF08216.18,1,1,inf,0.35189723654187444,0.5111401667074547
PF05020.21,1,1,inf,0.35189723654187444,0.5111401667074547
PF12448.14,1,1,inf,0.35189723654187444,0.5111401667074547
PF22623.3,1,1,inf,0.35189723654187444,0.5111401667074547
PF07718.19,1,1,inf,0.35189723654187444,0.5111401667074547
PF25455.3,1,1,inf,0.35189723654187444,0.5111401667074547
PF27600.1,1,1,inf,0.35189723654187444,0.5111401667074547
PF00832.26,1,1,inf,0.35189723654187444,0.5111401667074547
PF00246.30,31,15,1.72925704989154,0.0899459738735765,0.5111401667074547
PF27912.1,1,1,inf,0.35189723654187444,0.5111401667074547
PF24912.2,1,1,inf,0.35189723654187444,0.5111401667074547
PF05743.19,1,1,inf,0.35189723654187444,0.5111401667074547
PF06886.17,1,1,inf,0.35189723654187444,0.5111401667074547
PF02268.22,1,1,inf,0.35189723654187444,0.5111401667074547
PF00899.28,8,6,5.531746031746032,0.02599154561825296,0.5111401667074547
PF18110.7,1,1,inf,0.35189723654187444,0.5111401667074547
PF10344.16,1,1,inf,0.35189723654187444,0.5111401667074547
PF12220.15,1,1,inf,0.35189723654187444,0.5111401667074547
PF18720.7,1,1,inf,0.35189723654187444,0.5111401667074547
PF01597.26,3,2,3.684766938971648,0.2843258234790958,0.5111401667074547
PF14647.12,1,1,inf,0.35189723654187444,0.5111401667074547
PF03097.25,3,2,3.684766938971648,0.2843258234790958,0.5111401667074547
PF22689.2,1,1,inf,0.35189723654187444,0.5111401667074547
PF08510.18,1,1,inf,0.35189723654187444,0.5111401667074547
PF17286.8,1,1,inf,0.35189723654187444,0.5111401667074547
PF18913.6,1,1,inf,0.35189723654187444,0.5111401667074547
PF22961.2,1,1,inf,0.35189723654187444,0.5111401667074547
PF16415.12,1,1,inf,0.35189723654187444,0.5111401667074547
PF12815.13,1,1,inf,0.35189723654187444,0.5111401667074547
PF18051.7,1,1,inf,0.35189723654187444,0.5111401667074547
PF01192.28,1,1,inf,0.35189723654187444,0.5111401667074547
PF08122.18,1,1,inf,0.35189723654187444,0.5111401667074547
PF26091.1,1,1,inf,0.35189723654187444,0.5111401667074547
PF21047.4,2,2,inf,0.12381238976705741,0.5111401667074547
PF08516.18,3,2,3.684766938971648,0.2843258234790958,0.5111401667074547
PF05051.19,1,1,inf,0.35189723654187444,0.5111401667074547
PF08235.20,1,1,inf,0.35189723654187444,0.5111401667074547
PF01592.22,1,1,inf,0.35189723654187444,0.5111401667074547
PF10366.16,1,1,inf,0.35189723654187444,0.5111401667074547
PF14545.14,1,1,inf,0.35189723654187444,0.5111401667074547
PF08075.17,1,1,inf,0.35189723654187444,0.5111401667074547
PF03604.19,1,1,inf,0.35189723654187444,0.5111401667074547
PF02205.27,3,2,3.684766938971648,0.2843258234790958,0.5111401667074547
PF01992.22,1,1,inf,0.35189723654187444,0.5111401667074547
PF26573.1,1,1,inf,0.35189723654187444,0.5111401667074547
PF22929.3,1,1,inf,0.35189723654187444,0.5111401667074547
PF14913.12,1,1,inf,0.35189723654187444,0.5111401667074547
PF07646.22,16,10,3.074546621730059,0.02369603259803621,0.5111401667074547
PF04068.21,2,2,inf,0.12381238976705741,0.5111401667074547
PF18293.7,1,1,inf,0.35189723654187444,0.5111401667074547
PF00827.23,1,1,inf,0.35189723654187444,0.5111401667074547
PF15985.12,2,2,inf,0.12381238976705741,0.5111401667074547
PF26725.1,1,1,inf,0.35189723654187444,0.5111401667074547
PF22940.2,1,1,inf,0.35189723654187444,0.5111401667074547
PF09763.16,1,1,inf,0.35189723654187444,0.5111401667074547
PF01061.30,18,10,2.3053081367356762,0.061662486160213685,0.5111401667074547
PF01780.26,1,1,inf,0.35189723654187444,0.5111401667074547
PF13429.13,4,4,inf,0.01531996238231868,0.5111401667074547
PF06524.18,1,1,inf,0.35189723654187444,0.5111401667074547
PF05207.19,1,1,inf,0.35189723654187444,0.5111401667074547
PF07333.19,2,2,inf,0.12381238976705741,0.5111401667074547
PF07502.21,1,1,inf,0.35189723654187444,0.5111401667074547
PF27916.1,1,1,inf,0.35189723654187444,0.5111401667074547
PF22441.3,3,2,3.684766938971648,0.2843258234790958,0.5111401667074547
PF04046.22,1,1,inf,0.35189723654187444,0.5111401667074547
PF28377.1,1,1,inf,0.35189723654187444,0.5111401667074547
PF03575.24,1,1,inf,0.35189723654187444,0.5111401667074547
PF12701.14,2,2,inf,0.12381238976705741,0.5111401667074547
PF04873.20,1,1,inf,0.35189723654187444,0.5111401667074547
PF05225.23,8,4,1.8425480769230769,0.29762668939335046,0.5111401667074547
PF02629.26,2,2,inf,0.12381238976705741,0.5111401667074547
PF25041.2,1,1,inf,0.35189723654187444,0.5111401667074547
PF00637.27,4,3,5.528478731074261,0.12826280449719676,0.5111401667074547
PF25068.3,3,2,3.684766938971648,0.2843258234790958,0.5111401667074547
PF04938.18,1,1,inf,0.35189723654187444,0.5111401667074547
PF22972.4,2,2,inf,0.12381238976705741,0.5111401667074547
PF22949.2,1,1,inf,0.35189723654187444,0.5111401667074547
PF05347.22,6,6,inf,0.0018944388973942232,0.5111401667074547
PF01057.24,1,1,inf,0.35189723654187444,0.5111401667074547
PF11712.14,1,1,inf,0.35189723654187444,0.5111401667074547
PF25561.2,1,1,inf,0.35189723654187444,0.5111401667074547
PF00780.29,6,5,9.21856215436403,0.022853975186092897,0.5111401667074547
PF28540.1,1,1,inf,0.35189723654187444,0.5111401667074547
PF08925.17,1,1,inf,0.35189723654187444,0.5111401667074547
PF18418.7,1,1,inf,0.35189723654187444,0.5111401667074547
PF25458.2,1,1,inf,0.35189723654187444,0.5111401667074547
PF05255.17,1,1,inf,0.35189723654187444,0.5111401667074547
PF01849.24,2,2,inf,0.12381238976705741,0.5111401667074547
PF13242.13,5,3,2.763878875270368,0.23808346304866582,0.5111401667074547
PF14663.12,1,1,inf,0.35189723654187444,0.5111401667074547
PF05251.18,1,1,inf,0.35189723654187444,0.5111401667074547
PF04099.19,3,2,3.684766938971648,0.2843258234790958,0.5111401667074547
PF22795.2,1,1,inf,0.35189723654187444,0.5111401667074547
PF01243.28,2,2,inf,0.12381238976705741,0.5111401667074547
PF04987.20,1,1,inf,0.35189723654187444,0.5111401667074547
PF05768.21,1,1,inf,0.35189723654187444,0.5111401667074547
PF00779.25,1,1,inf,0.35189723654187444,0.5111401667074547
PF02769.28,3,2,3.684766938971648,0.2843258234790958,0.5111401667074547
PF05345.19,2,2,inf,0.12381238976705741,0.5111401667074547
PF08238.19,3,2,3.684766938971648,0.2843258234790958,0.5111401667074547
PF15884.11,1,1,inf,0.35189723654187444,0.5111401667074547
PF23203.2,1,1,inf,0.35189723654187444,0.5111401667074547
PF01335.28,1,1,inf,0.35189723654187444,0.5111401667074547
PF21093.4,1,1,inf,0.35189723654187444,0.5111401667074547
PF10260.15,1,1,inf,0.35189723654187444,0.5111401667074547
PF02141.27,6,5,9.21856215436403,0.022853975186092897,0.5111401667074547
PF15309.12,1,1,inf,0.35189723654187444,0.5111401667074547
PF01280.27,1,1,inf,0.35189723654187444,0.5111401667074547
PF04597.20,1,1,inf,0.35189723654187444,0.5111401667074547
PF11326.14,1,1,inf,0.35189723654187444,0.5111401667074547
PF20663.4,1,1,inf,0.35189723654187444,0.5111401667074547
PF09030.16,1,1,inf,0.35189723654187444,0.5111401667074547
PF16501.11,1,1,inf,0.35189723654187444,0.5111401667074547
PF16038.11,1,1,inf,0.35189723654187444,0.5111401667074547
PF00646.39,23,10,1.4177252694344653,0.2653557556242984,0.5111401667074547
PF00406.30,8,4,1.8425480769230769,0.29762668939335046,0.5111401667074547
PF03807.24,4,3,5.528478731074261,0.12826280449719676,0.5111401667074547
PF00525.24,1,1,inf,0.35189723654187444,0.5111401667074547
PF19423.5,1,1,inf,0.35189723654187444,0.5111401667074547
PF00617.25,7,4,2.457051282051282,0.20292253202660956,0.5111401667074547
PF13676.12,13,6,1.5794681508967223,0.28906565156394043,0.5111401667074547
PF12436.15,1,1,inf,0.35189723654187444,0.5111401667074547
PF00293.35,14,8,2.4584536413217837,0.07745694962025657,0.5111401667074547
PF22981.2,1,1,inf,0.35189723654187444,0.5111401667074547
PF14632.12,1,1,inf,0.35189723654187444,0.5111401667074547
PF03874.22,2,2,inf,0.12381238976705741,0.5111401667074547
PF16004.11,1,1,inf,0.35189723654187444,0.5111401667074547
PF16314.12,1,1,inf,0.35189723654187444,0.5111401667074547
PF00318.26,2,2,inf,0.12381238976705741,0.5111401667074547
PF10596.15,1,1,inf,0.35189723654187444,0.5111401667074547
PF09439.17,13,6,1.5794681508967223,0.28906565156394043,0.5111401667074547
PF04563.21,3,3,inf,0.04355567291103821,0.5111401667074547
PF06461.18,1,1,inf,0.35189723654187444,0.5111401667074547
PF05000.23,3,2,3.684766938971648,0.2843258234790958,0.5111401667074547
PF07147.19,2,2,inf,0.12381238976705741,0.5111401667074547
PF22699.2,1,1,inf,0.35189723654187444,0.5111401667074547
PF21361.4,6,4,3.6860576923076924,0.11943914601646631,0.5111401667074547
PF09741.15,1,1,inf,0.35189723654187444,0.5111401667074547
PF03731.22,2,2,inf,0.12381238976705741,0.5111401667074547
PF00498.32,19,8,1.3400997462595152,0.34081391400641864,0.5111401667074547
PF22956.3,3,3,inf,0.04355567291103821,0.5111401667074547
PF04088.19,1,1,inf,0.35189723654187444,0.5111401667074547
PF01290.26,1,1,inf,0.35189723654187444,0.5111401667074547
PF07540.17,1,1,inf,0.35189723654187444,0.5111401667074547
PF20694.3,1,1,inf,0.35189723654187444,0.5111401667074547
PF09769.15,1,1,inf,0.35189723654187444,0.5111401667074547
PF07650.24,7,4,2.457051282051282,0.20292253202660956,0.5111401667074547
PF04818.20,6,4,3.6860576923076924,0.11943914601646631,0.5111401667074547
PF26557.1,6,5,9.21856215436403,0.022853975186092897,0.5111401667074547
PF00168.37,34,14,1.2901927710843373,0.28648055998208555,0.5111401667074547
PF00575.30,6,4,3.6860576923076924,0.11943914601646631,0.5111401667074547
PF12859.14,1,1,inf,0.35189723654187444,0.5111401667074547
PF07145.21,1,1,inf,0.35189723654187444,0.5111401667074547
PF08825.16,1,1,inf,0.35189723654187444,0.5111401667074547
PF02823.22,1,1,inf,0.35189723654187444,0.5111401667074547
PF10609.16,3,3,inf,0.04355567291103821,0.5111401667074547
PF00931.29,1,1,inf,0.35189723654187444,0.5111401667074547
PF12765.14,1,1,inf,0.35189723654187444,0.5111401667074547
PF23788.2,1,1,inf,0.35189723654187444,0.5111401667074547
PF03839.22,1,1,inf,0.35189723654187444,0.5111401667074547
PF24684.2,3,2,3.684766938971648,0.2843258234790958,0.5111401667074547
PF18141.8,1,1,inf,0.35189723654187444,0.5111401667074547
PF02450.22,1,1,inf,0.35189723654187444,0.5111401667074547
PF05057.21,3,3,inf,0.04355567291103821,0.5111401667074547
PF17136.11,1,1,inf,0.35189723654187444,0.5111401667074547
PF21381.3,1,1,inf,0.35189723654187444,0.5111401667074547
PF11547.15,1,1,inf,0.35189723654187444,0.5111401667074547
PF15906.11,1,1,inf,0.35189723654187444,0.5111401667074547
PF23230.1,1,1,inf,0.35189723654187444,0.5111401667074547
PF23092.2,1,1,inf,0.35189723654187444,0.5111401667074547
PF25426.2,1,1,inf,0.35189723654187444,0.5111401667074547
PF02410.22,1,1,inf,0.35189723654187444,0.5111401667074547
PF23459.2,1,1,inf,0.35189723654187444,0.5111401667074547
PF23456.2,1,1,inf,0.35189723654187444,0.5111401667074547
PF12234.14,1,1,inf,0.35189723654187444,0.5111401667074547
PF03946.20,2,2,inf,0.12381238976705741,0.5111401667074547
PF02138.24,5,4,7.373076923076923,0.05504903212955071,0.5111401667074547
PF03998.20,1,1,inf,0.35189723654187444,0.5111401667074547
PF26585.1,1,1,inf,0.35189723654187444,0.5111401667074547
PF08059.19,1,1,inf,0.35189723654187444,0.5111401667074547
PF16275.11,1,1,inf,0.35189723654187444,0.5111401667074547
PF07693.21,1,1,inf,0.35189723654187444,0.5111401667074547
PF01426.25,7,5,4.60867997114691,0.05682660650885887,0.5111401667074547
PF02827.22,1,1,inf,0.35189723654187444,0.5111401667074547
PF11831.14,1,1,inf,0.35189723654187444,0.5111401667074547
PF13893.13,11,5,1.5354251823354974,0.3366053298281238,0.5111401667074547
PF22988.3,1,1,inf,0.35189723654187444,0.5111401667074547
PF15975.11,1,1,inf,0.35189723654187444,0.5111401667074547
PF01776.23,1,1,inf,0.35189723654187444,0.5111401667074547
PF02260.26,5,3,2.763878875270368,0.23808346304866582,0.5111401667074547
PF01479.31,3,3,inf,0.04355567291103821,0.5111401667074547
PF10228.16,1,1,inf,0.35189723654187444,0.5111401667074547
PF04135.19,1,1,inf,0.35189723654187444,0.5111401667074547
PF13593.12,1,1,inf,0.35189723654187444,0.5111401667074547
PF03250.20,1,1,inf,0.35189723654187444,0.5111401667074547
PF24138.2,1,1,inf,0.35189723654187444,0.5111401667074547
PF21797.3,2,2,inf,0.12381238976705741,0.5111401667074547
PF00365.26,1,1,inf,0.35189723654187444,0.5111401667074547
PF21237.3,1,1,inf,0.35189723654187444,0.5111401667074547
PF07819.20,3,2,3.684766938971648,0.2843258234790958,0.5111401667074547
PF10185.15,1,1,inf,0.35189723654187444,0.5111401667074547
PF19039.7,1,1,inf,0.35189723654187444,0.5111401667074547
PF21636.3,1,1,inf,0.35189723654187444,0.5111401667074547
PF07721.21,5,3,2.763878875270368,0.23808346304866582,0.5111401667074547
PF25450.2,1,1,inf,0.35189723654187444,0.5111401667074547
PF16719.12,1,1,inf,0.35189723654187444,0.5111401667074547
PF22784.2,11,5,1.5354251823354974,0.3366053298281238,0.5111401667074547
PF18039.8,1,1,inf,0.35189723654187444,0.5111401667074547
PF22110.3,1,1,inf,0.35189723654187444,0.5111401667074547
PF03266.22,1,1,inf,0.35189723654187444,0.5111401667074547
PF07533.22,3,2,3.684766938971648,0.2843258234790958,0.5111401667074547
PF09070.17,1,1,inf,0.35189723654187444,0.5111401667074547
PF25033.2,3,3,inf,0.04355567291103821,0.5111401667074547
PF10590.15,2,2,inf,0.12381238976705741,0.5111401667074547
PF06586.18,1,1,inf,0.35189723654187444,0.5111401667074547
PF22878.2,1,1,inf,0.35189723654187444,0.5111401667074547
PF09429.16,1,1,inf,0.35189723654187444,0.5111401667074547
PF05983.17,1,1,inf,0.35189723654187444,0.5111401667074547
PF16198.11,1,1,inf,0.35189723654187444,0.5111401667074547
PF15288.12,1,1,inf,0.35189723654187444,0.5111401667074547
PF03931.22,2,2,inf,0.12381238976705741,0.5111401667074547
PF07910.20,3,2,3.684766938971648,0.2843258234790958,0.5111401667074547
PF26701.1,1,1,inf,0.35189723654187444,0.5111401667074547
PF05185.23,2,2,inf,0.12381238976705741,0.5111401667074547
PF00900.27,1,1,inf,0.35189723654187444,0.5111401667074547
PF10206.15,1,1,inf,0.35189723654187444,0.5111401667074547
PF22646.3,2,2,inf,0.12381238976705741,0.5111401667074547
PF03665.19,1,1,inf,0.35189723654187444,0.5111401667074547
PF00611.29,7,4,2.457051282051282,0.20292253202660956,0.5111401667074547
PF24824.2,1,1,inf,0.35189723654187444,0.5111401667074547
PF10377.15,1,1,inf,0.35189723654187444,0.5111401667074547
PF03810.26,10,5,1.8427506612166387,0.25260364041978084,0.5111401667074547
PF01008.24,4,4,inf,0.01531996238231868,0.5111401667074547
PF05368.20,2,2,inf,0.12381238976705741,0.5111401667074547
PF17927.8,1,1,inf,0.35189723654187444,0.5111401667074547
PF01282.26,1,1,inf,0.35189723654187444,0.5111401667074547
PF00860.27,1,1,inf,0.35189723654187444,0.5111401667074547
PF00227.32,15,9,2.766425992779783,0.04356216084290119,0.5111401667074547
PF05992.18,1,1,inf,0.35189723654187444,0.5111401667074547
PF00313.29,4,3,5.528478731074261,0.12826280449719676,0.5111401667074547
PF02776.24,1,1,inf,0.35189723654187444,0.5111401667074547
PF02109.22,1,1,inf,0.35189723654187444,0.5111401667074547
PF22037.3,1,1,inf,0.35189723654187444,0.5111401667074547
PF02799.22,1,1,inf,0.35189723654187444,0.5111401667074547
PF14912.12,1,1,inf,0.35189723654187444,0.5111401667074547
PF14975.12,1,1,inf,0.35189723654187444,0.5111401667074547
PF18122.7,1,1,inf,0.35189723654187444,0.5111401667074547
PF20669.4,1,1,inf,0.35189723654187444,0.5111401667074547
PF13887.12,1,1,inf,0.35189723654187444,0.5111401667074547
PF23953.2,4,3,5.528478731074261,0.12826280449719676,0.5111401667074547
PF17833.8,1,1,inf,0.35189723654187444,0.5111401667074547
PF00306.33,1,1,inf,0.35189723654187444,0.5111401667074547
PF07743.19,1,1,inf,0.35189723654187444,0.5111401667074547
PF20826.3,2,2,inf,0.12381238976705741,0.5111401667074547
PF08643.17,1,1,inf,0.35189723654187444,0.5111401667074547
PF14570.13,1,1,inf,0.35189723654187444,0.5111401667074547
PF01871.23,1,1,inf,0.35189723654187444,0.5111401667074547
PF02259.30,6,5,9.21856215436403,0.022853975186092897,0.5111401667074547
PF10037.16,1,1,inf,0.35189723654187444,0.5111401667074547
PF24436.3,1,1,inf,0.35189723654187444,0.5111401667074547
PF05907.19,1,1,inf,0.35189723654187444,0.5111401667074547
PF13415.13,18,12,3.6912331406551058,0.006447514801493136,0.5111401667074547
PF04419.20,2,2,inf,0.12381238976705741,0.5111401667074547
PF25596.2,1,1,inf,0.35189723654187444,0.5111401667074547
PF15410.13,5,3,2.763878875270368,0.23808346304866582,0.5111401667074547
PF00856.34,22,13,2.665488904949276,0.018746856314550187,0.5111401667074547
PF00380.26,2,2,inf,0.12381238976705741,0.5111401667074547
PF12810.14,1,1,inf,0.35189723654187444,0.5111401667074547
PF24782.3,94,39,1.3088528925619836,0.12054261256626565,0.5111401667074547
PF14931.12,1,1,inf,0.35189723654187444,0.5111401667074547
PF14324.13,1,1,inf,0.35189723654187444,0.5111401667074547
PF02867.21,1,1,inf,0.35189723654187444,0.5111401667074547
PF11502.14,1,1,inf,0.35189723654187444,0.5111401667074547
PF00685.34,15,8,2.106970988587928,0.11619385108009125,0.5111401667074547
PF14901.12,1,1,inf,0.35189723654187444,0.5111401667074547
PF12237.14,1,1,inf,0.35189723654187444,0.5111401667074547
PF02628.21,1,1,inf,0.35189723654187444,0.5111401667074547
PF02803.25,8,4,1.8425480769230769,0.29762668939335046,0.5111401667074547
PF19278.5,1,1,inf,0.35189723654187444,0.5111401667074547
PF00464.26,1,1,inf,0.35189723654187444,0.5111401667074547
PF25400.2,1,1,inf,0.35189723654187444,0.5111401667074547
PF16213.12,3,2,3.684766938971648,0.2843258234790958,0.5111401667074547
PF03255.20,1,1,inf,0.35189723654187444,0.5111401667074547
PF22591.3,1,1,inf,0.35189723654187444,0.5111401667074547
PF00437.27,1,1,inf,0.35189723654187444,0.5111401667074547
PF07856.18,2,2,inf,0.12381238976705741,0.5111401667074547
PF16508.12,1,1,inf,0.35189723654187444,0.5111401667074547
PF09774.15,1,1,inf,0.35189723654187444,0.5111401667074547
PF15999.11,1,1,inf,0.35189723654187444,0.5111401667074547
PF08071.18,1,1,inf,0.35189723654187444,0.5111401667074547
PF11027.14,1,1,inf,0.35189723654187444,0.5111401667074547
PF08145.18,1,1,inf,0.35189723654187444,0.5111401667074547
PF10961.14,1,1,inf,0.35189723654187444,0.5111401667074547
PF13532.13,4,3,5.528478731074261,0.12826280449719676,0.5111401667074547
PF24997.2,1,1,inf,0.35189723654187444,0.5111401667074547
PF00736.25,2,2,inf,0.12381238976705741,0.5111401667074547
PF09128.17,1,1,inf,0.35189723654187444,0.5111401667074547
PF07500.20,2,2,inf,0.12381238976705741,0.5111401667074547
PF07545.20,1,1,inf,0.35189723654187444,0.5111401667074547
PF04034.19,1,1,inf,0.35189723654187444,0.5111401667074547
PF09768.16,1,1,inf,0.35189723654187444,0.5111401667074547
PF01012.28,2,2,inf,0.12381238976705741,0.5111401667074547
PF05405.20,1,1,inf,0.35189723654187444,0.5111401667074547
PF27635.1,1,1,inf,0.35189723654187444,0.5111401667074547
PF12057.14,1,1,inf,0.35189723654187444,0.5111401667074547
PF16455.11,1,1,inf,0.35189723654187444,0.5111401667074547
PF23042.3,1,1,inf,0.35189723654187444,0.5111401667074547
PF02320.23,1,1,inf,0.35189723654187444,0.5111401667074547
PF03726.20,1,1,inf,0.35189723654187444,0.5111401667074547
PF06345.17,1,1,inf,0.35189723654187444,0.5111401667074547
PF21696.4,1,1,inf,0.35189723654187444,0.5111401667074547
PF00483.30,3,2,3.684766938971648,0.2843258234790958,0.5111401667074547
PF27978.1,1,1,inf,0.35189723654187444,0.5111401667074547
PF11919.14,1,1,inf,0.35189723654187444,0.5111401667074547
PF07851.19,1,1,inf,0.35189723654187444,0.5111401667074547
PF23295.2,1,1,inf,0.35189723654187444,0.5111401667074547
PF27575.1,1,1,inf,0.35189723654187444,0.5111401667074547
PF24996.1,14,8,2.4584536413217837,0.07745694962025657,0.5111401667074547
PF03722.20,11,6,2.211832611832612,0.15180161312976914,0.5111401667074547
PF24105.2,104,42,1.2501526036530968,0.15598894123646764,0.5111401667074547
PF18016.9,2,2,inf,0.12381238976705741,0.5111401667074547
PF08659.17,84,41,1.76359503409687,0.006853388245853026,0.5111401667074547
PF18773.8,1,1,inf,0.35189723654187444,0.5111401667074547
PF20173.4,1,1,inf,0.35189723654187444,0.5111401667074547
PF03029.24,3,2,3.684766938971648,0.2843258234790958,0.5111401667074547
PF00238.25,2,2,inf,0.12381238976705741,0.5111401667074547
PF08083.17,1,1,inf,0.35189723654187444,0.5111401667074547
PF02771.22,7,4,2.457051282051282,0.20292253202660956,0.5111401667074547
PF00035.33,13,8,2.950529355149182,0.04758409053414237,0.5111401667074547
PF16776.12,1,1,inf,0.35189723654187444,0.5111401667074547
PF11029.14,1,1,inf,0.35189723654187444,0.5111401667074547
PF17405.9,1,1,inf,0.35189723654187444,0.5111401667074547
PF01471.24,2,2,inf,0.12381238976705741,0.5111401667074547
PF14813.12,1,1,inf,0.35189723654187444,0.5111401667074547
PF12423.14,2,2,inf,0.12381238976705741,0.5111401667074547
PF01493.26,1,1,inf,0.35189723654187444,0.5111401667074547
PF20750.4,1,1,inf,0.35189723654187444,0.5111401667074547
PF16488.11,2,2,inf,0.12381238976705741,0.5111401667074547
PF00400.39,157,62,1.2050296389437758,0.14659312359010754,0.5111401667074547
PF09785.15,1,1,inf,0.35189723654187444,0.5111401667074547
PF16692.11,1,1,inf,0.35189723654187444,0.5111401667074547
PF19252.5,1,1,inf,0.35189723654187444,0.5111401667074547
PF03462.24,1,1,inf,0.35189723654187444,0.5111401667074547
PF25793.2,1,1,inf,0.35189723654187444,0.5111401667074547
PF12356.14,1,1,inf,0.35189723654187444,0.5111401667074547
PF09733.15,1,1,inf,0.35189723654187444,0.5111401667074547
PF22927.3,1,1,inf,0.35189723654187444,0.5111401667074547
PF00490.28,1,1,inf,0.35189723654187444,0.5111401667074547
PF07451.18,1,1,inf,0.35189723654187444,0.5111401667074547
PF21010.3,10,6,2.765151515151515,0.09709967791328175,0.5111401667074547
PF15418.13,1,1,inf,0.35189723654187444,0.5111401667074547
PF24814.2,158,63,1.2247641781850382,0.12407078251504865,0.5111401667074547
PF28191.1,1,1,inf,0.35189723654187444,0.5111401667074547
PF19699.5,1,1,inf,0.35189723654187444,0.5111401667074547
PF17846.7,2,2,inf,0.12381238976705741,0.5111401667074547
PF08430.18,1,1,inf,0.35189723654187444,0.5111401667074547
PF12871.13,1,1,inf,0.35189723654187444,0.5111401667074547
PF26285.1,2,2,inf,0.12381238976705741,0.5111401667074547
PF00675.26,8,4,1.8425480769230769,0.29762668939335046,0.5111401667074547
PF01557.24,3,2,3.684766938971648,0.2843258234790958,0.5111401667074547
PF17285.9,1,1,inf,0.35189723654187444,0.5111401667074547
PF25574.2,5,4,7.373076923076923,0.05504903212955071,0.5111401667074547
PF25390.2,12,8,3.6886429258902793,0.026320007043022866,0.5111401667074547
PF12872.14,3,3,inf,0.04355567291103821,0.5111401667074547
PF17682.7,1,1,inf,0.35189723654187444,0.5111401667074547
PF13180.13,25,12,1.702089817696754,0.12944192848835157,0.5111401667074547
PF15114.12,1,1,inf,0.35189723654187444,0.5111401667074547
PF03463.21,1,1,inf,0.35189723654187444,0.5111401667074547
PF03378.22,1,1,inf,0.35189723654187444,0.5111401667074547
PF02843.23,1,1,inf,0.35189723654187444,0.5111401667074547
PF02207.26,5,4,7.373076923076923,0.05504903212955071,0.5111401667074547
PF20206.5,1,1,inf,0.35189723654187444,0.5111401667074547
PF06728.20,1,1,inf,0.35189723654187444,0.5111401667074547
PF23290.2,1,1,inf,0.35189723654187444,0.5111401667074547
PF00081.28,1,1,inf,0.35189723654187444,0.5111401667074547
PF01086.23,1,1,inf,0.35189723654187444,0.5111401667074547
PF23460.2,1,1,inf,0.35189723654187444,0.5111401667074547
PF08449.18,6,4,3.6860576923076924,0.11943914601646631,0.5111401667074547
PF10172.15,1,1,inf,0.35189723654187444,0.5111401667074547
PF03868.21,1,1,inf,0.35189723654187444,0.5111401667074547
PF08638.17,1,1,inf,0.35189723654187444,0.5111401667074547
PF16589.13,10,5,1.8427506612166387,0.25260364041978084,0.5111401667074547
PF10508.16,1,1,inf,0.35189723654187444,0.5111401667074547
PF14687.12,1,1,inf,0.35189723654187444,0.5111401667074547
PF21243.4,1,1,inf,0.35189723654187444,0.5111401667074547
PF00953.27,1,1,inf,0.35189723654187444,0.5111401667074547
PF14566.12,1,1,inf,0.35189723654187444,0.5111401667074547
PF01300.25,1,1,inf,0.35189723654187444,0.5111401667074547
PF13614.13,3,3,inf,0.04355567291103821,0.5111401667074547
PF13673.14,8,5,3.072052576741204,0.10821837465986882,0.5111401667074547
PF15304.12,1,1,inf,0.35189723654187444,0.5111401667074547
PF12134.14,1,1,inf,0.35189723654187444,0.5111401667074547
PF01187.24,2,2,inf,0.12381238976705741,0.5111401667074547
PF06825.18,1,1,inf,0.35189723654187444,0.5111401667074547
PF22466.2,1,1,inf,0.35189723654187444,0.5111401667074547
PF00145.24,2,2,inf,0.12381238976705741,0.5111401667074547
PF11416.14,1,1,inf,0.35189723654187444,0.5111401667074547
PF23627.2,1,1,inf,0.35189723654187444,0.5111401667074547
PF08617.16,1,1,inf,0.35189723654187444,0.5111401667074547
PF00639.28,1,1,inf,0.35189723654187444,0.5111401667074547
PF15497.12,1,1,inf,0.35189723654187444,0.5111401667074547
PF10496.15,1,1,inf,0.35189723654187444,0.5111401667074547
PF00251.27,3,2,3.684766938971648,0.2843258234790958,0.5111401667074547
PF14138.12,1,1,inf,0.35189723654187444,0.5111401667074547
PF25294.2,1,1,inf,0.35189723654187444,0.5111401667074547
PF17146.11,1,1,inf,0.35189723654187444,0.5111401667074547
PF27745.1,1,1,inf,0.35189723654187444,0.5111401667074547
PF10147.15,1,1,inf,0.35189723654187444,0.5111401667074547
PF08295.18,1,1,inf,0.35189723654187444,0.5111401667074547
PF21103.4,1,1,inf,0.35189723654187444,0.5111401667074547
PF16899.11,3,2,3.684766938971648,0.2843258234790958,0.5111401667074547
PF04910.21,1,1,inf,0.35189723654187444,0.5111401667074547
PF01417.27,3,2,3.684766938971648,0.2843258234790958,0.5111401667074547
PF16126.12,1,1,inf,0.35189723654187444,0.5111401667074547
PF12773.14,1,1,inf,0.35189723654187444,0.5111401667074547
PF15879.11,1,1,inf,0.35189723654187444,0.5111401667074547
PF10558.15,1,1,inf,0.35189723654187444,0.5111401667074547
PF14633.13,1,1,inf,0.35189723654187444,0.5111401667074547
PF08318.19,1,1,inf,0.35189723654187444,0.5111401667074547
PF00578.28,14,7,1.8431561222035122,0.18759200816097965,0.5111401667074547
PF01625.29,1,1,inf,0.35189723654187444,0.5111401667074547
PF07035.18,1,1,inf,0.35189723654187444,0.5111401667074547
PF03154.20,1,1,inf,0.35189723654187444,0.5111401667074547
PF14619.12,1,1,inf,0.35189723654187444,0.5111401667074547
PF00333.27,2,2,inf,0.12381238976705741,0.5111401667074547
PF22421.2,1,1,inf,0.35189723654187444,0.5111401667074547
PF07051.18,2,2,inf,0.12381238976705741,0.5111401667074547
PF00307.37,25,11,1.4482645935812322,0.23482987022228477,0.5111401667074547
PF15632.12,1,1,inf,0.35189723654187444,0.5111401667074547
PF09414.16,1,1,inf,0.35189723654187444,0.5111401667074547
PF10215.15,1,1,inf,0.35189723654187444,0.5111401667074547
PF14732.12,1,1,inf,0.35189723654187444,0.5111401667074547
PF24573.2,2,2,inf,0.12381238976705741,0.5111401667074547
PF24805.2,115,47,1.276082670133878,0.11893481211599295,0.5111401667074547
PF12947.14,9,5,2.3037388795383507,0.1748516591665313,0.5111401667074547
PF06448.17,1,1,inf,0.35189723654187444,0.5111401667074547
PF23198.2,1,1,inf,0.35189723654187444,0.5111401667074547
PF20662.4,1,1,inf,0.35189723654187444,0.5111401667074547
PF17830.7,3,2,3.684766938971648,0.2843258234790958,0.5111401667074547
PF06465.19,1,1,inf,0.35189723654187444,0.5111401667074547
PF16417.12,1,1,inf,0.35189723654187444,0.5111401667074547
PF21633.4,1,1,inf,0.35189723654187444,0.5111401667074547
PF01157.25,1,1,inf,0.35189723654187444,0.5111401667074547
PF21170.5,1,1,inf,0.35189723654187444,0.5111401667074547
PF09794.15,1,1,inf,0.35189723654187444,0.5111401667074547
PF01294.24,1,1,inf,0.35189723654187444,0.5111401667074547
PF19418.5,1,1,inf,0.35189723654187444,0.5111401667074547
PF13193.13,28,13,1.59804063277925,0.14740066542571287,0.5111401667074547
PF08772.17,1,1,inf,0.35189723654187444,0.5111401667074547
PF00132.31,5,4,7.373076923076923,0.05504903212955071,0.5111401667074547
PF04410.21,2,2,inf,0.12381238976705741,0.5111401667074547
PF19273.6,1,1,inf,0.35189723654187444,0.5111401667074547
PF23268.2,1,1,inf,0.35189723654187444,0.5111401667074547
PF11721.15,1,1,inf,0.35189723654187444,0.5111401667074547
PF24181.2,1,1,inf,0.35189723654187444,0.5111401667074547
PF00673.27,1,1,inf,0.35189723654187444,0.5111401667074547
PF17801.8,2,2,inf,0.12381238976705741,0.5111401667074547
PF05794.19,1,1,inf,0.35189723654187444,0.5111401667074547
PF21166.3,1,1,inf,0.35189723654187444,0.5111401667074547
PF00542.25,1,1,inf,0.35189723654187444,0.5111401667074547
PF10283.15,3,3,inf,0.04355567291103821,0.5111401667074547
PF23192.2,1,1,inf,0.35189723654187444,0.5111401667074547
PF06487.19,1,1,inf,0.35189723654187444,0.5111401667074547
PF05764.19,1,1,inf,0.35189723654187444,0.5111401667074547
PF02135.22,1,1,inf,0.35189723654187444,0.5111401667074547
PF23702.3,1,1,inf,0.35189723654187444,0.5111401667074547
PF03647.19,1,1,inf,0.35189723654187444,0.5111401667074547
PF00137.27,3,2,3.684766938971648,0.2843258234790958,0.5111401667074547
PF25782.3,4,3,5.528478731074261,0.12826280449719676,0.5111401667074547
PF02181.29,6,5,9.21856215436403,0.022853975186092897,0.5111401667074547
PF13838.13,1,1,inf,0.35189723654187444,0.5111401667074547
PF10487.16,1,1,inf,0.35189723654187444,0.5111401667074547
PF20518.5,1,1,inf,0.35189723654187444,0.5111401667074547
PF00327.26,1,1,inf,0.35189723654187444,0.5111401667074547
PF03957.19,1,1,inf,0.35189723654187444,0.5111401667074547
PF01808.25,1,1,inf,0.35189723654187444,0.5111401667074547
PF08941.16,1,1,inf,0.35189723654187444,0.5111401667074547
PF05208.20,1,1,inf,0.35189723654187444,0.5111401667074547
PF26254.1,1,1,inf,0.35189723654187444,0.5111401667074547
PF00249.38,15,9,2.766425992779783,0.04356216084290119,0.5111401667074547
PF01125.23,1,1,inf,0.35189723654187444,0.5111401667074547
PF06741.19,1,1,inf,0.35189723654187444,0.5111401667074547
PF09507.17,1,1,inf,0.35189723654187444,0.5111401667074547
PF23141.2,1,1,inf,0.35189723654187444,0.5111401667074547
PF23445.2,3,2,3.684766938971648,0.2843258234790958,0.5111401667074547
PF23046.2,1,1,inf,0.35189723654187444,0.5111401667074547
PF25172.2,131,52,1.2149682312958676,0.16012531095775998,0.5111401667074547
PF21091.3,1,1,inf,0.35189723654187444,0.5111401667074547
PF06421.18,1,1,inf,0.35189723654187444,0.5111401667074547
PF00170.27,12,8,3.6886429258902793,0.026320007043022866,0.5111401667074547
PF01207.24,4,3,5.528478731074261,0.12826280449719676,0.5111401667074547
PF10637.16,1,1,inf,0.35189723654187444,0.5111401667074547
PF03159.25,2,2,inf,0.12381238976705741,0.5111401667074547
PF05301.19,1,1,inf,0.35189723654187444,0.5111401667074547
PF12047.14,1,1,inf,0.35189723654187444,0.5111401667074547
PF08969.17,2,2,inf,0.12381238976705741,0.5111401667074547
PF01645.24,1,1,inf,0.35189723654187444,0.5111401667074547
PF00789.27,7,4,2.457051282051282,0.20292253202660956,0.5111401667074547
PF21188.3,1,1,inf,0.35189723654187444,0.5111401667074547
PF16053.11,1,1,inf,0.35189723654187444,0.5111401667074547
PF02775.27,1,1,inf,0.35189723654187444,0.5111401667074547
PF09801.15,1,1,inf,0.35189723654187444,0.5111401667074547
PF10557.16,5,4,7.373076923076923,0.05504903212955071,0.5111401667074547
PF24885.2,5,3,2.763878875270368,0.23808346304866582,0.5111401667074547
PF05770.17,1,1,inf,0.35189723654187444,0.5111401667074547
PF13420.14,1,1,inf,0.35189723654187444,0.5111401667074547
PF23300.4,1,1,inf,0.35189723654187444,0.5111401667074547
PF17851.9,1,1,inf,0.35189723654187444,0.5111401667074547
PF11414.14,1,1,inf,0.35189723654187444,0.5111401667074547
PF27605.1,1,1,inf,0.35189723654187444,0.5111401667074547
PF00833.24,1,1,inf,0.35189723654187444,0.5111401667074547
PF23013.3,1,1,inf,0.35189723654187444,0.5111401667074547
PF12717.14,20,12,2.7677023121387285,0.020389963154352046,0.5111401667074547
PF16879.11,1,1,inf,0.35189723654187444,0.5111401667074547
PF17297.8,1,1,inf,0.35189723654187444,0.5111401667074547
PF07855.18,1,1,inf,0.35189723654187444,0.5111401667074547
PF07426.17,1,1,inf,0.35189723654187444,0.5111401667074547
PF25067.1,1,1,inf,0.35189723654187444,0.5111401667074547
PF14978.12,1,1,inf,0.35189723654187444,0.5111401667074547
PF01436.28,8,4,1.8425480769230769,0.29762668939335046,0.5111401667074547
PF10275.16,1,1,inf,0.35189723654187444,0.5111401667074547
PF13965.13,3,3,inf,0.04355567291103821,0.5111401667074547
PF01363.28,14,9,3.32014440433213,0.025179446219556735,0.5111401667074547
PF10230.16,1,1,inf,0.35189723654187444,0.5111401667074547
PF00378.26,12,8,3.6886429258902793,0.026320007043022866,0.5111401667074547
PF01344.32,17,11,3.3828156352837304,0.01251975938386489,0.5111401667074547
PF03188.22,5,4,7.373076923076923,0.05504903212955071,0.5111401667074547
PF13878.13,1,1,inf,0.35189723654187444,0.5111401667074547
PF16471.11,1,1,inf,0.35189723654187444,0.5111401667074547
PF23312.2,3,2,3.684766938971648,0.2843258234790958,0.5111401667074547
PF08151.18,1,1,inf,0.35189723654187444,0.5111401667074547
PF22958.3,3,3,inf,0.04355567291103821,0.5111401667074547
PF23358.2,1,1,inf,0.35189723654187444,0.5111401667074547
PF21521.4,1,1,inf,0.35189723654187444,0.5111401667074547
PF04568.18,1,1,inf,0.35189723654187444,0.5111401667074547
PF21388.3,1,1,inf,0.35189723654187444,0.5111401667074547
PF24757.1,1,1,inf,0.35189723654187444,0.5111401667074547
PF12355.14,1,1,inf,0.35189723654187444,0.5111401667074547
PF17867.8,1,1,inf,0.35189723654187444,0.5111401667074547
PF06645.19,1,1,inf,0.35189723654187444,0.5111401667074547
PF16533.11,1,1,inf,0.35189723654187444,0.5111401667074547
PF01133.24,1,1,inf,0.35189723654187444,0.5111401667074547
PF11232.15,1,1,inf,0.35189723654187444,0.5111401667074547
PF06703.17,1,1,inf,0.35189723654187444,0.5111401667074547
PF25065.2,1,1,inf,0.35189723654187444,0.5111401667074547
PF00753.34,8,4,1.8425480769230769,0.29762668939335046,0.5111401667074547
PF01751.29,3,2,3.684766938971648,0.2843258234790958,0.5111401667074547
PF01781.24,1,1,inf,0.35189723654187444,0.5111401667074547
PF08683.17,1,1,inf,0.35189723654187444,0.5111401667074547
PF04566.19,2,2,inf,0.12381238976705741,0.5111401667074547
PF00317.27,1,1,inf,0.35189723654187444,0.5111401667074547
PF02891.27,2,2,inf,0.12381238976705741,0.5111401667074547
PF05047.23,3,3,inf,0.04355567291103821,0.5111401667074547
PF16322.11,1,1,inf,0.35189723654187444,0.5111401667074547
PF17963.8,2,2,inf,0.12381238976705741,0.5111401667074547
PF12024.14,1,1,inf,0.35189723654187444,0.5111401667074547
PF17781.8,1,1,inf,0.35189723654187444,0.5111401667074547
PF13725.13,1,1,inf,0.35189723654187444,0.5111401667074547
PF21107.3,1,1,inf,0.35189723654187444,0.5111401667074547
PF02580.22,1,1,inf,0.35189723654187444,0.5111401667074547
PF03669.19,1,1,inf,0.35189723654187444,0.5111401667074547
PF16745.12,1,1,inf,0.35189723654187444,0.5111401667074547
PF22964.3,1,1,inf,0.35189723654187444,0.5111401667074547
PF00570.29,2,2,inf,0.12381238976705741,0.5111401667074547
PF12157.14,1,1,inf,0.35189723654187444,0.5111401667074547
PF06093.20,1,1,inf,0.35189723654187444,0.5111401667074547
PF05046.20,1,1,inf,0.35189723654187444,0.5111401667074547
PF13484.12,1,1,inf,0.35189723654187444,0.5111401667074547
PF00105.25,14,9,3.32014440433213,0.025179446219556735,0.5111401667074547
PF02729.27,1,1,inf,0.35189723654187444,0.5111401667074547
PF16399.12,1,1,inf,0.35189723654187444,0.5111401667074547
PF15245.12,1,1,inf,0.35189723654187444,0.5111401667074547
PF13860.13,2,2,inf,0.12381238976705741,0.5111401667074547
PF11865.15,4,4,inf,0.01531996238231868,0.5111401667074547
PF16521.11,1,1,inf,0.35189723654187444,0.5111401667074547
PF20416.5,2,2,inf,0.12381238976705741,0.5111401667074547
PF18592.7,1,1,inf,0.35189723654187444,0.5111401667074547
PF06424.18,1,1,inf,0.35189723654187444,0.5111401667074547
PF01404.26,1,1,inf,0.35189723654187444,0.5111401667074547
PF02172.22,1,1,inf,0.35189723654187444,0.5111401667074547
PF23096.2,1,1,inf,0.35189723654187444,0.5111401667074547
PF25757.2,10,8,7.379210779595765,0.004993581364995694,0.5111401667074547
PF13616.13,1,1,inf,0.35189723654187444,0.5111401667074547
PF13251.13,1,1,inf,0.35189723654187444,0.5111401667074547
PF09814.15,1,1,inf,0.35189723654187444,0.5111401667074547
PF21355.4,3,2,3.684766938971648,0.2843258234790958,0.5111401667074547
PF09430.17,2,2,inf,0.12381238976705741,0.5111401667074547
PF08557.16,1,1,inf,0.35189723654187444,0.5111401667074547
PF02926.23,1,1,inf,0.35189723654187444,0.5111401667074547
PF19432.5,1,1,inf,0.35189723654187444,0.5111401667074547
PF25582.2,1,1,inf,0.35189723654187444,0.5111401667074547
PF03813.21,1,1,inf,0.35189723654187444,0.5111401667074547
PF07809.17,1,1,inf,0.35189723654187444,0.5111401667074547
PF22904.4,1,1,inf,0.35189723654187444,0.5111401667074547
PF23271.2,19,12,3.1635012386457473,0.011935992783605676,0.5111401667074547
PF18806.8,1,1,inf,0.35189723654187444,0.5111401667074547
PF07923.19,1,1,inf,0.35189723654187444,0.5111401667074547
PF21547.4,1,1,inf,0.35189723654187444,0.5111401667074547
PF01255.25,2,2,inf,0.12381238976705741,0.5111401667074547
PF03107.23,1,1,inf,0.35189723654187444,0.5111401667074547
PF04882.18,1,1,inf,0.35189723654187444,0.5111401667074547
PF15891.12,1,1,inf,0.35189723654187444,0.5111401667074547
PF09358.16,1,1,inf,0.35189723654187444,0.5111401667074547
PF24901.3,1,1,inf,0.35189723654187444,0.5111401667074547
PF13718.13,1,1,inf,0.35189723654187444,0.5111401667074547
PF09138.18,1,1,inf,0.35189723654187444,0.5111401667074547
PF00814.32,3,3,inf,0.04355567291103821,0.5111401667074547
PF07757.19,1,1,inf,0.35189723654187444,0.5111401667074547
PF08880.17,1,1,inf,0.35189723654187444,0.5111401667074547
PF09743.15,1,1,inf,0.35189723654187444,0.5111401667074547
PF03932.21,1,1,inf,0.35189723654187444,0.5111401667074547
PF08148.18,2,2,inf,0.12381238976705741,0.5111401667074547
PF12205.14,1,1,inf,0.35189723654187444,0.5111401667074547
PF14008.12,1,1,inf,0.35189723654187444,0.5111401667074547
PF02374.22,2,2,inf,0.12381238976705741,0.5111401667074547
PF13768.13,3,2,3.684766938971648,0.2843258234790958,0.5111401667074547
PF13771.13,7,6,11.064935064935066,0.009264922656986495,0.5111401667074547
PF01250.23,1,1,inf,0.35189723654187444,0.5111401667074547
PF13621.13,10,5,1.8427506612166387,0.25260364041978084,0.5111401667074547
PF13238.13,13,6,1.5794681508967223,0.28906565156394043,0.5111401667074547
PF17034.11,1,1,inf,0.35189723654187444,0.5111401667074547
PF15009.13,1,1,inf,0.35189723654187444,0.5111401667074547
PF21116.4,1,1,inf,0.35189723654187444,0.5111401667074547
PF03178.22,3,3,inf,0.04355567291103821,0.5111401667074547
PF25479.2,1,1,inf,0.35189723654187444,0.5111401667074547
PF21317.4,1,1,inf,0.35189723654187444,0.5111401667074547
PF05964.20,2,2,inf,0.12381238976705741,0.5111401667074547
PF02408.27,1,1,inf,0.35189723654187444,0.5111401667074547
PF21960.3,2,2,inf,0.12381238976705741,0.5111401667074547
PF15336.12,1,1,inf,0.35189723654187444,0.5111401667074547
PF03542.22,1,1,inf,0.35189723654187444,0.5111401667074547
PF12897.14,1,1,inf,0.35189723654187444,0.5111401667074547
PF00614.29,2,2,inf,0.12381238976705741,0.5111401667074547
PF06159.19,1,1,inf,0.35189723654187444,0.5111401667074547
PF04926.21,1,1,inf,0.35189723654187444,0.5111401667074547
PF02996.23,4,3,5.528478731074261,0.12826280449719676,0.5111401667074547
PF00271.38,80,38,1.6724718971447037,0.015283310178892548,0.5111401667074547
PF01159.25,1,1,inf,0.35189723654187444,0.5111401667074547
PF27560.1,1,1,inf,0.35189723654187444,0.5111401667074547
PF26040.1,1,1,inf,0.35189723654187444,0.5111401667074547
PF21467.4,1,1,inf,0.35189723654187444,0.5111401667074547
PF07047.18,1,1,inf,0.35189723654187444,0.5111401667074547
PF07093.17,1,1,inf,0.35189723654187444,0.5111401667074547
PF12999.13,1,1,inf,0.35189723654187444,0.5111401667074547
PF23726.2,3,3,inf,0.04355567291103821,0.5111401667074547
PF08308.18,1,1,inf,0.35189723654187444,0.5111401667074547
PF16212.12,5,4,7.373076923076923,0.05504903212955071,0.5111401667074547
PF04675.20,3,2,3.684766938971648,0.2843258234790958,0.5111401667074547
PF01990.23,1,1,inf,0.35189723654187444,0.5111401667074547
PF16000.11,1,1,inf,0.35189723654187444,0.5111401667074547
PF13880.13,1,1,inf,0.35189723654187444,0.5111401667074547
PF21356.3,1,1,inf,0.35189723654187444,0.5111401667074547
PF00551.25,3,2,3.684766938971648,0.2843258234790958,0.5111401667074547
PF17403.8,1,1,inf,0.35189723654187444,0.5111401667074547
PF18115.8,1,1,inf,0.35189723654187444,0.5111401667074547
PF18104.8,2,2,inf,0.12381238976705741,0.5111401667074547
PF01875.23,1,1,inf,0.35189723654187444,0.5111401667074547
PF18129.8,1,1,inf,0.35189723654187444,0.5111401667074547
PF18263.8,1,1,inf,0.35189723654187444,0.5111401667074547
PF09812.15,1,1,inf,0.35189723654187444,0.5111401667074547
PF00203.27,1,1,inf,0.35189723654187444,0.5111401667074547
PF00432.28,3,2,3.684766938971648,0.2843258234790958,0.5111401667074547
PF15785.11,1,1,inf,0.35189723654187444,0.5111401667074547
PF14990.12,1,1,inf,0.35189723654187444,0.5111401667074547
PF05180.18,1,1,inf,0.35189723654187444,0.5111401667074547
PF00169.36,57,22,1.1585017589846176,0.3402243883578802,0.5111401667074547
PF04733.21,4,4,inf,0.01531996238231868,0.5111401667074547
PF26356.1,1,1,inf,0.35189723654187444,0.5111401667074547
PF04851.22,49,24,1.7725217391304349,0.03227777758986511,0.5111401667074547
PF23004.3,4,4,inf,0.01531996238231868,0.5111401667074547
PF02089.22,3,2,3.684766938971648,0.2843258234790958,0.5111401667074547
PF06441.19,7,4,2.457051282051282,0.20292253202660956,0.5111401667074547
PF02617.23,1,1,inf,0.35189723654187444,0.5111401667074547
PF23419.3,29,13,1.49796735726331,0.18479982381916668,0.5111401667074547
PF27601.1,1,1,inf,0.35189723654187444,0.5111401667074547
PF07904.19,1,1,inf,0.35189723654187444,0.5111401667074547
PF21246.4,1,1,inf,0.35189723654187444,0.5111401667074547
PF18876.7,1,1,inf,0.35189723654187444,0.5111401667074547
PF01198.25,1,1,inf,0.35189723654187444,0.5111401667074547
PF25983.1,1,1,inf,0.35189723654187444,0.5111401667074547
PF00831.29,1,1,inf,0.35189723654187444,0.5111401667074547
PF03130.23,1,1,inf,0.35189723654187444,0.5111401667074547
PF14806.12,1,1,inf,0.35189723654187444,0.5111401667074547
PF22749.3,1,1,inf,0.35189723654187444,0.5111401667074547
PF03876.23,2,2,inf,0.12381238976705741,0.5111401667074547
PF25247.2,1,1,inf,0.35189723654187444,0.5111401667074547
PF22931.5,2,2,inf,0.12381238976705741,0.5111401667074547
PF21536.5,4,3,5.528478731074261,0.12826280449719676,0.5111401667074547
PF24796.2,136,55,1.2539171766883295,0.11580407168757476,0.5111401667074547
PF19026.8,2,2,inf,0.12381238976705741,0.5111401667074547
PF02666.21,1,1,inf,0.35189723654187444,0.5111401667074547
PF19055.7,10,6,2.765151515151515,0.09709967791328175,0.5111401667074547
PF00310.27,1,1,inf,0.35189723654187444,0.5111401667074547
PF02010.22,1,1,inf,0.35189723654187444,0.5111401667074547
PF19687.6,1,1,inf,0.35189723654187444,0.5111401667074547
PF13884.12,1,1,inf,0.35189723654187444,0.5111401667074547
PF07544.19,1,1,inf,0.35189723654187444,0.5111401667074547
PF22534.3,1,1,inf,0.35189723654187444,0.5111401667074547
PF21202.4,1,1,inf,0.35189723654187444,0.5111401667074547
PF03061.29,2,2,inf,0.12381238976705741,0.5111401667074547
PF23288.2,1,1,inf,0.35189723654187444,0.5111401667074547
PF24495.2,1,1,inf,0.35189723654187444,0.5111401667074547
PF07808.19,1,1,inf,0.35189723654187444,0.5111401667074547
PF16507.12,1,1,inf,0.35189723654187444,0.5111401667074547
PF14398.12,2,2,inf,0.12381238976705741,0.5111401667074547
PF03914.24,3,3,inf,0.04355567291103821,0.5111401667074547
PF14593.13,1,1,inf,0.35189723654187444,0.5111401667074547
PF18359.8,1,1,inf,0.35189723654187444,0.5111401667074547
PF19272.5,3,2,3.684766938971648,0.2843258234790958,0.5111401667074547
PF14942.12,1,1,inf,0.35189723654187444,0.5111401667074547
PF05903.21,2,2,inf,0.12381238976705741,0.5111401667074547
PF25346.2,2,2,inf,0.12381238976705741,0.5111401667074547
PF00801.27,1,1,inf,0.35189723654187444,0.5111401667074547
PF01106.23,1,1,inf,0.35189723654187444,0.5111401667074547
PF11411.14,1,1,inf,0.35189723654187444,0.5111401667074547
PF08561.16,1,1,inf,0.35189723654187444,0.5111401667074547
PF13911.13,1,1,inf,0.35189723654187444,0.5111401667074547
PF14532.13,1,1,inf,0.35189723654187444,0.5111401667074547
PF01997.22,2,2,inf,0.12381238976705741,0.5111401667074547
PF12783.14,3,2,3.684766938971648,0.2843258234790958,0.5111401667074547
PF00092.35,5,3,2.763878875270368,0.23808346304866582,0.5111401667074547
PF25383.2,1,1,inf,0.35189723654187444,0.5111401667074547
PF10247.15,1,1,inf,0.35189723654187444,0.5111401667074547
PF19583.6,1,1,inf,0.35189723654187444,0.5111401667074547
PF26095.1,1,1,inf,0.35189723654187444,0.5111401667074547
PF15012.12,1,1,inf,0.35189723654187444,0.5111401667074547
PF01301.26,1,1,inf,0.35189723654187444,0.5111401667074547
PF04157.23,2,2,inf,0.12381238976705741,0.5111401667074547
PF01504.25,3,3,inf,0.04355567291103821,0.5111401667074547
PF03721.21,1,1,inf,0.35189723654187444,0.5111401667074547
PF08615.17,1,1,inf,0.35189723654187444,0.5111401667074547
PF19056.7,3,3,inf,0.04355567291103821,0.5111401667074547
PF00757.26,4,3,5.528478731074261,0.12826280449719676,0.5111401667074547
PF12295.14,1,1,inf,0.35189723654187444,0.5111401667074547
PF13360.14,3,2,3.684766938971648,0.2843258234790958,0.5111401667074547
PF05001.19,1,1,inf,0.35189723654187444,0.5111401667074547
PF01201.28,2,2,inf,0.12381238976705741,0.5111401667074547
PF23289.2,1,1,inf,0.35189723654187444,0.5111401667074547
PF13234.13,1,1,inf,0.35189723654187444,0.5111401667074547
PF07653.24,40,16,1.2287045965927355,0.31409162891535997,0.5111401667074547
PF11942.14,1,1,inf,0.35189723654187444,0.5111401667074547
PF00621.26,20,11,2.25432752762394,0.055045428820557366,0.5111401667074547
PF18377.7,1,1,inf,0.35189723654187444,0.5111401667074547
PF12240.14,1,1,inf,0.35189723654187444,0.5111401667074547
PF12329.14,1,1,inf,0.35189723654187444,0.5111401667074547
PF27670.1,1,1,inf,0.35189723654187444,0.5111401667074547
PF02449.22,1,1,inf,0.35189723654187444,0.5111401667074547
PF12328.14,1,1,inf,0.35189723654187444,0.5111401667074547
PF02893.27,7,5,4.60867997114691,0.05682660650885887,0.5111401667074547
PF22989.3,1,1,inf,0.35189723654187444,0.5111401667074547
PF03660.20,1,1,inf,0.35189723654187444,0.5111401667074547
PF13926.12,1,1,inf,0.35189723654187444,0.5111401667074547
PF16209.11,5,4,7.373076923076923,0.05504903212955071,0.5111401667074547
PF21366.4,1,1,inf,0.35189723654187444,0.5111401667074547
PF10244.15,1,1,inf,0.35189723654187444,0.5111401667074547
PF26779.1,1,1,inf,0.35189723654187444,0.5111401667074547
PF05182.19,1,1,inf,0.35189723654187444,0.5111401667074547
PF08007.19,3,2,3.684766938971648,0.2843258234790958,0.5111401667074547
PF10036.15,1,1,inf,0.35189723654187444,0.5111401667074547
PF02864.21,1,1,inf,0.35189723654187444,0.5111401667074547
PF01199.24,1,1,inf,0.35189723654187444,0.5111401667074547
PF08079.18,1,1,inf,0.35189723654187444,0.5111401667074547
PF04109.22,1,1,inf,0.35189723654187444,0.5111401667074547
PF01145.32,8,5,3.072052576741204,0.10821837465986882,0.5111401667074547
PF12478.14,1,1,inf,0.35189723654187444,0.5111401667074547
PF16516.11,1,1,inf,0.35189723654187444,0.5111401667074547
PF02854.26,7,5,4.60867997114691,0.05682660650885887,0.5111401667074547
PF03171.27,2,2,inf,0.12381238976705741,0.5111401667074547
PF21183.4,1,1,inf,0.35189723654187444,0.5111401667074547
PF03124.21,1,1,inf,0.35189723654187444,0.5111401667074547
PF09325.16,2,2,inf,0.12381238976705741,0.5111401667074547
PF21242.4,1,1,inf,0.35189723654187444,0.5111401667074547
PF07947.20,1,1,inf,0.35189723654187444,0.5111401667074547
PF02167.21,1,1,inf,0.35189723654187444,0.5111401667074547
PF21144.3,1,1,inf,0.35189723654187444,0.5111401667074547
PF14561.13,1,1,inf,0.35189723654187444,0.5111401667074547
PF10302.16,2,2,inf,0.12381238976705741,0.5111401667074547
PF16418.12,1,1,inf,0.35189723654187444,0.5111401667074547
PF10312.15,1,1,inf,0.35189723654187444,0.5111401667074547
PF16013.11,1,1,inf,0.35189723654187444,0.5111401667074547
PF24100.2,1,1,inf,0.35189723654187444,0.5111401667074547
PF21382.3,1,1,inf,0.35189723654187444,0.5111401667074547
PF00682.26,2,2,inf,0.12381238976705741,0.5111401667074547
PF23441.1,27,12,1.4747591522157997,0.20816271673795084,0.5111401667074547
PF12347.14,1,1,inf,0.35189723654187444,0.5111401667074547
PF18072.7,1,1,inf,0.35189723654187444,0.5111401667074547
PF09786.15,1,1,inf,0.35189723654187444,0.5111401667074547
PF13967.12,1,1,inf,0.35189723654187444,0.5111401667074547
PF08699.16,2,2,inf,0.12381238976705741,0.5111401667074547
PF22636.3,1,1,inf,0.35189723654187444,0.5111401667074547
PF19421.5,1,1,inf,0.35189723654187444,0.5111401667074547
PF13607.12,1,1,inf,0.35189723654187444,0.5111401667074547
PF14560.13,5,4,7.373076923076923,0.05504903212955071,0.5111401667074547
PF17095.11,1,1,inf,0.35189723654187444,0.5111401667074547
PF14686.13,1,1,inf,0.35189723654187444,0.5111401667074547
PF25527.2,1,1,inf,0.35189723654187444,0.5111401667074547
PF01866.23,2,2,inf,0.12381238976705741,0.5111401667074547
PF07096.17,1,1,inf,0.35189723654187444,0.5111401667074547
PF09011.17,18,9,1.8435619735258724,0.14279108951185385,0.5111401667074547
PF10541.15,2,2,inf,0.12381238976705741,0.5111401667074547
PF09454.16,1,1,inf,0.35189723654187444,0.5111401667074547
PF15243.12,1,1,inf,0.35189723654187444,0.5111401667074547
PF03367.20,1,1,inf,0.35189723654187444,0.5111401667074547
PF01466.25,1,1,inf,0.35189723654187444,0.5111401667074547
PF04981.19,1,1,inf,0.35189723654187444,0.5111401667074547
PF02271.22,1,1,inf,0.35189723654187444,0.5111401667074547
PF07986.18,1,1,inf,0.35189723654187444,0.5111401667074547
PF08293.17,1,1,inf,0.35189723654187444,0.5111401667074547
PF04158.20,1,1,inf,0.35189723654187444,0.5111401667074547
PF08585.19,2,2,inf,0.12381238976705741,0.5111401667074547
PF23195.2,1,1,inf,0.35189723654187444,0.5111401667074547
PF01929.24,1,1,inf,0.35189723654187444,0.5111401667074547
PF24894.2,2,2,inf,0.12381238976705741,0.5111401667074547
PF06367.23,5,4,7.373076923076923,0.05504903212955071,0.5111401667074547
PF00428.25,3,3,inf,0.04355567291103821,0.5111401667074547
PF10501.16,1,1,inf,0.35189723654187444,0.5111401667074547
PF11715.17,10,6,2.765151515151515,0.09709967791328175,0.5111401667074547
PF15963.12,4,3,5.528478731074261,0.12826280449719676,0.5111401667074547
PF01247.25,1,1,inf,0.35189723654187444,0.5111401667074547
PF13881.13,3,3,inf,0.04355567291103821,0.5111401667074547
PF18038.8,1,1,inf,0.35189723654187444,0.5111401667074547
PF09497.16,1,1,inf,0.35189723654187444,0.5111401667074547
PF17407.8,1,1,inf,0.35189723654187444,0.5111401667074547
PF26547.1,1,1,inf,0.35189723654187444,0.5111401667074547
PF00618.26,4,3,5.528478731074261,0.12826280449719676,0.5111401667074547
PF10662.16,1,1,inf,0.35189723654187444,0.5111401667074547
PF10660.15,1,1,inf,0.35189723654187444,0.5111401667074547
PF21972.2,4,3,5.528478731074261,0.12826280449719676,0.5111401667074547
PF14533.13,1,1,inf,0.35189723654187444,0.5111401667074547
PF03151.23,5,3,2.763878875270368,0.23808346304866582,0.5111401667074547
PF00806.26,2,2,inf,0.12381238976705741,0.5111401667074547
PF00702.33,26,16,2.954291224686596,0.0054468572782670225,0.5111401667074547
PF00580.28,2,2,inf,0.12381238976705741,0.5111401667074547
PF25048.2,65,31,1.6843270092939184,0.025121743241121965,0.5111401667074547
PF00285.27,2,2,inf,0.12381238976705741,0.5111401667074547
PF10161.15,1,1,inf,0.35189723654187444,0.5111401667074547
PF01000.32,2,2,inf,0.12381238976705741,0.5111401667074547
PF09066.16,1,1,inf,0.35189723654187444,0.5111401667074547
PF25981.1,1,1,inf,0.35189723654187444,0.5111401667074547
PF01265.23,1,1,inf,0.35189723654187444,0.5111401667074547
PF21203.3,1,1,inf,0.35189723654187444,0.5111401667074547
PF14237.12,1,1,inf,0.35189723654187444,0.5111401667074547
PF25445.1,1,1,inf,0.35189723654187444,0.5111401667074547
PF27567.1,1,1,inf,0.35189723654187444,0.5111401667074547
PF01329.25,1,1,inf,0.35189723654187444,0.5111401667074547
PF00988.29,1,1,inf,0.35189723654187444,0.5111401667074547
PF20908.3,1,1,inf,0.35189723654187444,0.5111401667074547
PF27710.1,2,2,inf,0.12381238976705741,0.5111401667074547
PF03947.25,2,2,inf,0.12381238976705741,0.5111401667074547
PF02219.24,1,1,inf,0.35189723654187444,0.5111401667074547
PF00717.29,1,1,inf,0.35189723654187444,0.5111401667074547
PF15057.13,1,1,inf,0.35189723654187444,0.5111401667074547
PF02902.26,2,2,inf,0.12381238976705741,0.5111401667074547
PF21127.5,1,1,inf,0.35189723654187444,0.5111401667074547
PF03256.23,1,1,inf,0.35189723654187444,0.5111401667074547
PF23354.2,1,1,inf,0.35189723654187444,0.5111401667074547
PF14641.12,1,1,inf,0.35189723654187444,0.5111401667074547
PF00549.25,4,4,inf,0.01531996238231868,0.5111401667074547
PF07807.17,1,1,inf,0.35189723654187444,0.5111401667074547
PF18023.8,1,1,inf,0.35189723654187444,0.5111401667074547
PF12739.13,1,1,inf,0.35189723654187444,0.5111401667074547
PF25870.2,1,1,inf,0.35189723654187444,0.5111401667074547
PF25462.2,1,1,inf,0.35189723654187444,0.5111401667074547
PF02224.25,1,1,inf,0.35189723654187444,0.5111401667074547
PF05679.23,2,2,inf,0.12381238976705741,0.5111401667074547
PF04959.20,1,1,inf,0.35189723654187444,0.5111401667074547
PF00253.28,2,2,inf,0.12381238976705741,0.5111401667074547
PF15880.11,1,1,inf,0.35189723654187444,0.5111401667074547
PF18552.8,1,1,inf,0.35189723654187444,0.5111401667074547
PF24560.2,1,1,inf,0.35189723654187444,0.5111401667074547
PF07763.19,1,1,inf,0.35189723654187444,0.5111401667074547
PF04824.22,1,1,inf,0.35189723654187444,0.5111401667074547
PF09781.15,1,1,inf,0.35189723654187444,0.5111401667074547
PF00398.27,3,2,3.684766938971648,0.2843258234790958,0.5111401667074547
PF26714.1,1,1,inf,0.35189723654187444,0.5111401667074547
PF11882.14,1,1,inf,0.35189723654187444,0.5111401667074547
PF25173.2,158,63,1.2247641781850382,0.12407078251504865,0.5111401667074547
PF24714.2,11,7,3.2267861438537406,0.05151473189954238,0.5111401667074547
PF26577.1,1,1,inf,0.35189723654187444,0.5111401667074547
PF23030.2,1,1,inf,0.35189723654187444,0.5111401667074547
PF09451.17,1,1,inf,0.35189723654187444,0.5111401667074547
PF08740.17,1,1,inf,0.35189723654187444,0.5111401667074547
PF22493.3,3,2,3.684766938971648,0.2843258234790958,0.5111401667074547
PF05625.18,1,1,inf,0.35189723654187444,0.5111401667074547
PF23035.2,1,1,inf,0.35189723654187444,0.5111401667074547
PF00361.26,1,1,inf,0.35189723654187444,0.5111401667074547
PF23263.2,1,1,inf,0.35189723654187444,0.5111401667074547
PF02798.27,29,17,2.6157262277951934,0.00833469641782266,0.5111401667074547
PF13350.12,1,1,inf,0.35189723654187444,0.5111401667074547
PF04710.20,1,1,inf,0.35189723654187444,0.5111401667074547
PF05184.21,1,1,inf,0.35189723654187444,0.5111401667074547
PF23037.2,1,1,inf,0.35189723654187444,0.5111401667074547
PF09140.18,1,1,inf,0.35189723654187444,0.5111401667074547
PF00821.24,1,1,inf,0.35189723654187444,0.5111401667074547
PF09758.15,1,1,inf,0.35189723654187444,0.5111401667074547
PF19057.7,3,2,3.684766938971648,0.2843258234790958,0.5111401667074547
PF02225.28,5,5,inf,0.005387694945510669,0.5111401667074547
PF10210.15,1,1,inf,0.35189723654187444,0.5111401667074547
PF00097.32,31,16,1.9682417229186757,0.044262475852515026,0.5111401667074547
PF10502.15,3,3,inf,0.04355567291103821,0.5111401667074547
PF01477.29,1,1,inf,0.35189723654187444,0.5111401667074547
PF02239.23,2,2,inf,0.12381238976705741,0.5111401667074547
PF04212.25,5,3,2.763878875270368,0.23808346304866582,0.5111401667074547
PF22628.3,2,2,inf,0.12381238976705741,0.5111401667074547
PF20302.5,1,1,inf,0.35189723654187444,0.5111401667074547
PF27642.1,1,1,inf,0.35189723654187444,0.5111401667074547
PF21251.3,1,1,inf,0.35189723654187444,0.5111401667074547
PF05044.19,1,1,inf,0.35189723654187444,0.5111401667074547
PF16563.11,1,1,inf,0.35189723654187444,0.5111401667074547
PF19283.5,1,1,inf,0.35189723654187444,0.5111401667074547
PF11969.14,6,5,9.21856215436403,0.022853975186092897,0.5111401667074547
PF08785.17,1,1,inf,0.35189723654187444,0.5111401667074547
PF14543.12,1,1,inf,0.35189723654187444,0.5111401667074547
PF06202.21,1,1,inf,0.35189723654187444,0.5111401667074547
PF25174.2,167,65,1.176410793641682,0.17448181732206197,0.5111401667074547
PF12884.13,1,1,inf,0.35189723654187444,0.5111401667074547
PF06687.18,1,1,inf,0.35189723654187444,0.5111401667074547
PF04032.23,1,1,inf,0.35189723654187444,0.5111401667074547
PF01218.24,1,1,inf,0.35189723654187444,0.5111401667074547
PF02897.22,1,1,inf,0.35189723654187444,0.5111401667074547
PF00788.30,12,8,3.6886429258902793,0.026320007043022866,0.5111401667074547
PF04227.18,1,1,inf,0.35189723654187444,0.5111401667074547
PF00181.31,2,2,inf,0.12381238976705741,0.5111401667074547
PF01545.27,6,4,3.6860576923076924,0.11943914601646631,0.5111401667074547
PF08571.16,1,1,inf,0.35189723654187444,0.5111401667074547
PF01652.25,3,2,3.684766938971648,0.2843258234790958,0.5111401667074547
PF23798.2,31,13,1.3311785647367436,0.27085649267543765,0.5111401667074547
PF20655.4,1,1,inf,0.35189723654187444,0.5111401667074547
PF08161.19,1,1,inf,0.35189723654187444,0.5111401667074547
PF22286.3,1,1,inf,0.35189723654187444,0.5111401667074547
PF25447.2,1,1,inf,0.35189723654187444,0.5111401667074547
PF23291.2,1,1,inf,0.35189723654187444,0.5111401667074547
PF00281.25,1,1,inf,0.35189723654187444,0.5111401667074547
PF01429.26,5,3,2.763878875270368,0.23808346304866582,0.5111401667074547
PF00200.29,7,4,2.457051282051282,0.20292253202660956,0.5111401667074547
PF25460.2,77,31,1.2429806751596377,0.2064865128615325,0.5111401667074547
PF03399.23,3,3,inf,0.04355567291103821,0.5111401667074547
PF13857.13,76,30,1.20259355082981,0.2513339409946773,0.5111401667074547
PF04560.26,3,3,inf,0.04355567291103821,0.5111401667074547
PF22983.2,1,1,inf,0.35189723654187444,0.5111401667074547
PF16498.11,1,1,inf,0.35189723654187444,0.5111401667074547
PF03792.19,1,1,inf,0.35189723654187444,0.5111401667074547
PF09776.15,1,1,inf,0.35189723654187444,0.5111401667074547
PF22934.2,1,1,inf,0.35189723654187444,0.5111401667074547
PF18372.8,3,2,3.684766938971648,0.2843258234790958,0.5111401667074547
PF03364.26,1,1,inf,0.35189723654187444,0.5111401667074547
PF18334.8,1,1,inf,0.35189723654187444,0.5111401667074547
PF01965.31,1,1,inf,0.35189723654187444,0.5111401667074547
PF12062.15,1,1,inf,0.35189723654187444,0.5111401667074547
PF14559.13,38,18,1.6604196816208394,0.08193244675743429,0.5111401667074547
PF13964.13,14,8,2.4584536413217837,0.07745694962025657,0.5111401667074547
PF08315.18,1,1,inf,0.35189723654187444,0.5111401667074547
PF12470.14,1,1,inf,0.35189723654187444,0.5111401667074547
PF13671.13,12,6,1.842953342953343,0.21681587956086848,0.5111401667074547
PF03232.20,1,1,inf,0.35189723654187444,0.5111401667074547
PF22987.3,1,1,inf,0.35189723654187444,0.5111401667074547
PF17450.9,2,2,inf,0.12381238976705741,0.5111401667074547
PF19439.5,1,1,inf,0.35189723654187444,0.5111401667074547
PF16131.12,4,3,5.528478731074261,0.12826280449719676,0.5111401667074547
PF10205.15,1,1,inf,0.35189723654187444,0.5111401667074547
PF12012.14,1,1,inf,0.35189723654187444,0.5111401667074547
PF18149.7,2,2,inf,0.12381238976705741,0.5111401667074547
PF10455.15,1,1,inf,0.35189723654187444,0.5111401667074547
PF07834.17,1,1,inf,0.35189723654187444,0.5111401667074547
PF04721.24,1,1,inf,0.35189723654187444,0.5111401667074547
PF07064.20,1,1,inf,0.35189723654187444,0.5111401667074547
PF00590.26,1,1,inf,0.35189723654187444,0.5111401667074547
PF23647.3,1,1,inf,0.35189723654187444,0.5111401667074547
PF15300.12,1,1,inf,0.35189723654187444,0.5111401667074547
PF03942.21,2,2,inf,0.12381238976705741,0.5111401667074547
PF01612.27,5,3,2.763878875270368,0.23808346304866582,0.5111401667074547
PF12722.13,2,2,inf,0.12381238976705741,0.5111401667074547
PF08294.18,1,1,inf,0.35189723654187444,0.5111401667074547
PF26705.1,1,1,inf,0.35189723654187444,0.5111401667074547
PF21581.4,1,1,inf,0.35189723654187444,0.5111401667074547
PF22990.2,1,1,inf,0.35189723654187444,0.5111401667074547
PF14666.12,1,1,inf,0.35189723654187444,0.5111401667074547
PF09757.16,1,1,inf,0.35189723654187444,0.5111401667074547
PF20145.5,1,1,inf,0.35189723654187444,0.5111401667074547
PF13871.13,1,1,inf,0.35189723654187444,0.5111401667074547
PF23223.2,1,1,inf,0.35189723654187444,0.5111401667074547
PF12465.14,1,1,inf,0.35189723654187444,0.5111401667074547
PF00790.26,4,3,5.528478731074261,0.12826280449719676,0.5111401667074547
PF13890.12,1,1,inf,0.35189723654187444,0.5111401667074547
PF22965.2,1,1,inf,0.35189723654187444,0.5111401667074547
PF11543.16,1,1,inf,0.35189723654187444,0.5111401667074547
PF13549.12,1,1,inf,0.35189723654187444,0.5111401667074547
PF01509.24,2,2,inf,0.12381238976705741,0.5111401667074547
PF26014.1,1,1,inf,0.35189723654187444,0.5111401667074547
PF27797.1,2,2,inf,0.12381238976705741,0.5111401667074547
PF01609.28,3,2,3.684766938971648,0.2843258234790958,0.5111401667074547
PF07647.25,17,11,3.3828156352837304,0.01251975938386489,0.5111401667074547
PF18868.8,4,3,5.528478731074261,0.12826280449719676,0.5111401667074547
PF26022.1,1,1,inf,0.35189723654187444,0.5111401667074547
PF07722.20,2,2,inf,0.12381238976705741,0.5111401667074547
PF22908.3,1,1,inf,0.35189723654187444,0.5111401667074547
PF02359.25,2,2,inf,0.12381238976705741,0.5111401667074547
PF07842.18,2,2,inf,0.12381238976705741,0.5111401667074547
PF25801.2,3,2,3.684766938971648,0.2843258234790958,0.5111401667074547
PF09032.17,1,1,inf,0.35189723654187444,0.5111401667074547
PF01428.24,3,2,3.684766938971648,0.2843258234790958,0.5111401667074547
PF07443.19,1,1,inf,0.35189723654187444,0.5111401667074547
PF00108.30,8,4,1.8425480769230769,0.29762668939335046,0.5111401667074547
PF06212.18,1,1,inf,0.35189723654187444,0.5111401667074547
PF18311.8,1,1,inf,0.35189723654187444,0.5111401667074547
PF00571.34,7,4,2.457051282051282,0.20292253202660956,0.5111401667074547
PF25773.2,1,1,inf,0.35189723654187444,0.5111401667074547
PF01695.24,1,1,inf,0.35189723654187444,0.5111401667074547
PF07676.19,1,1,inf,0.35189723654187444,0.5111401667074547
PF08768.18,1,1,inf,0.35189723654187444,0.5111401667074547
PF08766.17,3,2,3.684766938971648,0.2843258234790958,0.5111401667074547
PF06979.19,2,2,inf,0.12381238976705741,0.5111401667074547
PF09631.17,1,1,inf,0.35189723654187444,0.5111401667074547
PF01196.25,1,1,inf,0.35189723654187444,0.5111401667074547
PF04096.21,1,1,inf,0.35189723654187444,0.5111401667074547
PF23731.2,1,1,inf,0.35189723654187444,0.5111401667074547
PF16906.12,1,1,inf,0.35189723654187444,0.5111401667074547
PF25701.1,3,2,3.684766938971648,0.2843258234790958,0.5111401667074547
PF26282.1,1,1,inf,0.35189723654187444,0.5111401667074547
PF12569.15,5,3,2.763878875270368,0.23808346304866582,0.5111401667074547
PF00043.31,22,12,2.2135838150289016,0.049165477665834914,0.5111401667074547
PF12202.15,3,2,3.684766938971648,0.2843258234790958,0.5111401667074547
PF14943.12,1,1,inf,0.35189723654187444,0.5111401667074547
PF00122.26,12,6,1.842953342953343,0.21681587956086848,0.5111401667074547
PF01656.30,3,3,inf,0.04355567291103821,0.5111401667074547
PF23233.2,6,4,3.6860576923076924,0.11943914601646631,0.5111401667074547
PF14811.12,1,1,inf,0.35189723654187444,0.5111401667074547
PF20263.5,1,1,inf,0.35189723654187444,0.5111401667074547
PF23044.2,1,1,inf,0.35189723654187444,0.5111401667074547
PF16499.12,4,3,5.528478731074261,0.12826280449719676,0.5111401667074547
PF04438.23,5,3,2.763878875270368,0.23808346304866582,0.5111401667074547
PF00923.26,1,1,inf,0.35189723654187444,0.5111401667074547
PF25526.2,1,1,inf,0.35189723654187444,0.5111401667074547
PF03081.23,1,1,inf,0.35189723654187444,0.5111401667074547
PF04757.20,3,2,3.684766938971648,0.2843258234790958,0.5111401667074547
PF01166.24,1,1,inf,0.35189723654187444,0.5111401667074547
PF09005.15,1,1,inf,0.35189723654187444,0.5111401667074547
PF02150.22,2,2,inf,0.12381238976705741,0.5111401667074547
PF15311.12,1,1,inf,0.35189723654187444,0.5111401667074547
PF13329.14,1,1,inf,0.35189723654187444,0.5111401667074547
PF06508.20,1,1,inf,0.35189723654187444,0.5111401667074547
PF07324.17,1,1,inf,0.35189723654187444,0.5111401667074547
PF00160.27,19,9,1.6589891696750902,0.1901292690722606,0.5111401667074547
PF07749.18,1,1,inf,0.35189723654187444,0.5111401667074547
PF17406.8,1,1,inf,0.35189723654187444,0.5111401667074547
PF21639.4,1,1,inf,0.35189723654187444,0.5111401667074547
PF03638.22,1,1,inf,0.35189723654187444,0.5111401667074547
PF07001.17,1,1,inf,0.35189723654187444,0.5111401667074547
PF01472.27,2,2,inf,0.12381238976705741,0.5111401667074547
PF00418.25,1,1,inf,0.35189723654187444,0.5111401667074547
PF06757.19,1,1,inf,0.35189723654187444,0.5111401667074547
PF11722.14,1,1,inf,0.35189723654187444,0.5111401667074547
PF17907.8,3,2,3.684766938971648,0.2843258234790958,0.5111401667074547
PF00493.30,8,5,3.072052576741204,0.10821837465986882,0.5111401667074547
PF01156.25,3,2,3.684766938971648,0.2843258234790958,0.5111401667074547
PF01435.25,1,1,inf,0.35189723654187444,0.5111401667074547
PF02466.25,5,5,inf,0.005387694945510669,0.5111401667074547
PF23555.2,1,1,inf,0.35189723654187444,0.5111401667074547
PF13705.12,1,1,inf,0.35189723654187444,0.5111401667074547
PF11605.15,1,1,inf,0.35189723654187444,0.5111401667074547
PF01259.25,1,1,inf,0.35189723654187444,0.5111401667074547
PF00018.35,49,19,1.1671974266184157,0.34866323774785096,0.5111401667074547
PF11789.15,3,2,3.684766938971648,0.2843258234790958,0.5111401667074547
PF21206.4,1,1,inf,0.35189723654187444,0.5111401667074547
PF21964.3,1,1,inf,0.35189723654187444,0.5111401667074547
PF02751.20,1,1,inf,0.35189723654187444,0.5111401667074547
PF24946.2,1,1,inf,0.35189723654187444,0.5111401667074547
PF12597.14,1,1,inf,0.35189723654187444,0.5111401667074547
PF00298.25,2,2,inf,0.12381238976705741,0.5111401667074547
PF18332.8,1,1,inf,0.35189723654187444,0.5111401667074547
PF00521.27,1,1,inf,0.35189723654187444,0.5111401667074547
PF22820.3,1,1,inf,0.35189723654187444,0.5111401667074547
PF01432.27,2,2,inf,0.12381238976705741,0.5111401667074547
PF00061.30,14,7,1.8431561222035122,0.18759200816097965,0.5111401667074547
PF10272.15,1,1,inf,0.35189723654187444,0.5111401667074547
PF01245.27,1,1,inf,0.35189723654187444,0.5111401667074547
PF00347.29,1,1,inf,0.35189723654187444,0.5111401667074547
PF05916.17,3,2,3.684766938971648,0.2843258234790958,0.5111401667074547
PF04117.18,7,5,4.60867997114691,0.05682660650885887,0.5111401667074547
PF13646.13,29,18,3.022497039863176,0.002827891474482852,0.5111401667074547
PF15295.12,1,1,inf,0.35189723654187444,0.5111401667074547
PF16953.12,1,1,inf,0.35189723654187444,0.5111401667074547
PF13409.13,24,14,2.583759036144578,0.017170900891189864,0.5111401667074547
PF03343.19,1,1,inf,0.35189723654187444,0.5111401667074547
PF26649.1,1,1,inf,0.35189723654187444,0.5111401667074547
PF14531.13,29,15,1.9768102468753228,0.04966115115832418,0.5111401667074547
PF03073.21,1,1,inf,0.35189723654187444,0.5111401667074547
PF05024.21,1,1,inf,0.35189723654187444,0.5111401667074547
PF05673.20,1,1,inf,0.35189723654187444,0.5111401667074547
PF02390.24,1,1,inf,0.35189723654187444,0.5111401667074547
PF15389.12,1,1,inf,0.35189723654187444,0.5111401667074547
PF09668.17,1,1,inf,0.35189723654187444,0.5111401667074547
PF06110.18,1,1,inf,0.35189723654187444,0.5111401667074547
PF06375.17,1,1,inf,0.35189723654187444,0.5111401667074547
PF25772.1,1,1,inf,0.35189723654187444,0.5111401667074547
PF21245.4,1,1,inf,0.35189723654187444,0.5111401667074547
PF13175.13,9,5,2.3037388795383507,0.1748516591665313,0.5111401667074547
PF13508.14,13,6,1.5794681508967223,0.28906565156394043,0.5111401667074547
PF25780.2,9,6,3.687349687349687,0.05491174705453882,0.5111401667074547
PF25998.1,1,1,inf,0.35189723654187444,0.5111401667074547
PF02196.23,3,2,3.684766938971648,0.2843258234790958,0.5111401667074547
PF21045.4,1,1,inf,0.35189723654187444,0.5111401667074547
PF02252.24,1,1,inf,0.35189723654187444,0.5111401667074547
PF01779.23,1,1,inf,0.35189723654187444,0.5111401667074547
PF14972.12,1,1,inf,0.35189723654187444,0.5111401667074547
PF25499.3,1,1,inf,0.35189723654187444,0.5111401667074547
PF23761.2,29,14,1.7213815261044176,0.10137093201838526,0.5111401667074547
PF08292.19,1,1,inf,0.35189723654187444,0.5111401667074547
PF12837.13,2,2,inf,0.12381238976705741,0.5111401667074547
PF02535.29,9,6,3.687349687349687,0.05491174705453882,0.5111401667074547
PF02176.25,1,1,inf,0.35189723654187444,0.5111401667074547
PF10274.16,1,1,inf,0.35189723654187444,0.5111401667074547
PF00623.26,3,2,3.684766938971648,0.2843258234790958,0.5111401667074547
PF18428.8,1,1,inf,0.35189723654187444,0.5111401667074547
PF12214.14,1,1,inf,0.35189723654187444,0.5111401667074547
PF17216.10,1,1,inf,0.35189723654187444,0.5111401667074547
PF28124.1,1,1,inf,0.35189723654187444,0.5111401667074547
PF22923.2,1,1,inf,0.35189723654187444,0.5111401667074547
PF22669.3,5,3,2.763878875270368,0.23808346304866582,0.5111401667074547
PF00581.26,5,4,7.373076923076923,0.05504903212955071,0.5111401667074547
PF26054.1,1,1,inf,0.35189723654187444,0.5111401667074547
PF13344.13,3,3,inf,0.04355567291103821,0.5111401667074547
PF04129.19,1,1,inf,0.35189723654187444,0.5111401667074547
PF17123.12,9,6,3.687349687349687,0.05491174705453882,0.5111401667074547
PF00164.32,2,2,inf,0.12381238976705741,0.5111401667074547
PF07491.17,1,1,inf,0.35189723654187444,0.5111401667074547
PF00162.25,1,1,inf,0.35189723654187444,0.5111401667074547
PF12640.13,1,1,inf,0.35189723654187444,0.5111401667074547
PF25429.2,1,1,inf,0.35189723654187444,0.5111401667074547
PF00300.28,5,3,2.763878875270368,0.23808346304866582,0.5111401667074547
PF09282.16,1,1,inf,0.35189723654187444,0.5111401667074547
PF11568.14,1,1,inf,0.35189723654187444,0.5111401667074547
PF13231.13,1,1,inf,0.35189723654187444,0.5111401667074547
PF13087.13,8,6,5.531746031746032,0.02599154561825296,0.5111401667074547
PF00366.27,2,2,inf,0.12381238976705741,0.5111401667074547
PF25786.1,5,4,7.373076923076923,0.05504903212955071,0.5111401667074547
PF01599.27,1,1,inf,0.35189723654187444,0.5111401667074547
PF13518.13,1,1,inf,0.35189723654187444,0.5111401667074547
PF08997.16,1,1,inf,0.35189723654187444,0.5111401667074547
PF05997.18,1,1,inf,0.35189723654187444,0.5111401667074547
PF23298.2,1,1,inf,0.35189723654187444,0.5111401667074547
PF22562.3,5,4,7.373076923076923,0.05504903212955071,0.5111401667074547
PF21720.4,5,3,2.763878875270368,0.23808346304866582,0.5111401667074547
PF23659.2,1,1,inf,0.35189723654187444,0.5111401667074547
PF02463.26,42,17,1.2534169278996865,0.2853101950041292,0.5111401667074547
PF20654.4,1,1,inf,0.35189723654187444,0.5111401667074547
PF12166.15,1,1,inf,0.35189723654187444,0.5111401667074547
PF00619.28,2,2,inf,0.12381238976705741,0.5111401667074547
PF07347.18,1,1,inf,0.35189723654187444,0.5111401667074547
PF17855.8,8,5,3.072052576741204,0.10821837465986882,0.5111401667074547
PF06469.17,1,1,inf,0.35189723654187444,0.5111401667074547
PF15433.12,1,1,inf,0.35189723654187444,0.5111401667074547
PF02212.24,2,2,inf,0.12381238976705741,0.5111401667074547
PF09230.17,1,1,inf,0.35189723654187444,0.5111401667074547
PF09360.16,2,2,inf,0.12381238976705741,0.5111401667074547
PF12110.14,1,1,inf,0.35189723654187444,0.5111401667074547
PF25788.3,5,3,2.763878875270368,0.23808346304866582,0.5111401667074547
PF08174.18,1,1,inf,0.35189723654187444,0.5111401667074547
PF02179.22,1,1,inf,0.35189723654187444,0.5111401667074547
PF13304.13,42,19,1.5238265065296062,0.11531453128402444,0.5111401667074547
PF05648.20,3,2,3.684766938971648,0.2843258234790958,0.5111401667074547
PF05753.21,1,1,inf,0.35189723654187444,0.5111401667074547
PF07478.19,3,2,3.684766938971648,0.2843258234790958,0.5111401667074547
PF11221.14,1,1,inf,0.35189723654187444,0.5111401667074547
PF00505.26,21,12,2.459858702633269,0.03257350238331595,0.5111401667074547
PF22960.3,2,2,inf,0.12381238976705741,0.5111401667074547
PF11515.15,1,1,inf,0.35189723654187444,0.5111401667074547
PF07779.19,1,1,inf,0.35189723654187444,0.5111401667074547
PF09754.16,1,1,inf,0.35189723654187444,0.5111401667074547
PF27576.1,1,1,inf,0.35189723654187444,0.5111401667074547
PF09782.15,1,1,inf,0.35189723654187444,0.5111401667074547
PF14864.12,1,1,inf,0.35189723654187444,0.5111401667074547
PF25764.2,2,2,inf,0.12381238976705741,0.5111401667074547
PF00441.30,8,4,1.8425480769230769,0.29762668939335046,0.5111401667074547
PF22697.3,8,5,3.072052576741204,0.10821837465986882,0.5111401667074547
PF27577.1,1,1,inf,0.35189723654187444,0.5111401667074547
PF02229.23,1,1,inf,0.35189723654187444,0.5111401667074547
PF22527.3,3,2,3.684766938971648,0.2843258234790958,0.5111401667074547
PF25585.2,3,2,3.684766938971648,0.2843258234790958,0.5111401667074547
PF05224.18,1,1,inf,0.35189723654187444,0.5111401667074547
PF00886.25,1,1,inf,0.35189723654187444,0.5111401667074547
PF09748.15,1,1,inf,0.35189723654187444,0.5111401667074547
PF01161.26,5,5,inf,0.005387694945510669,0.5111401667074547
PF14649.12,1,1,inf,0.35189723654187444,0.5111401667074547
PF06644.17,1,1,inf,0.35189723654187444,0.5111401667074547
PF14551.12,6,5,9.21856215436403,0.022853975186092897,0.5111401667074547
PF05454.17,1,1,inf,0.35189723654187444,0.5111401667074547
PF09777.15,1,1,inf,0.35189723654187444,0.5111401667074547
PF00088.25,1,1,inf,0.35189723654187444,0.5111401667074547
PF08040.17,1,1,inf,0.35189723654187444,0.5111401667074547
PF09724.15,1,1,inf,0.35189723654187444,0.5111401667074547
PF03528.20,1,1,inf,0.35189723654187444,0.5111401667074547
PF02724.20,1,1,inf,0.35189723654187444,0.5111401667074547
PF25119.2,1,1,inf,0.35189723654187444,0.5111401667074547
PF06346.18,1,1,inf,0.35189723654187444,0.5111401667074547
PF08356.19,1,1,inf,0.35189723654187444,0.5111401667074547
PF13347.13,3,2,3.684766938971648,0.2843258234790958,0.5111401667074547
PF16183.11,3,2,3.684766938971648,0.2843258234790958,0.5111401667074547
PF00892.27,9,5,2.3037388795383507,0.1748516591665313,0.5111401667074547
PF14712.12,2,2,inf,0.12381238976705741,0.5111401667074547
PF25556.2,1,1,inf,0.35189723654187444,0.5111401667074547
PF11095.15,1,1,inf,0.35189723654187444,0.5111401667074547
PF08555.16,1,1,inf,0.35189723654187444,0.5111401667074547
PF28470.1,1,1,inf,0.35189723654187444,0.5111401667074547
PF21528.3,1,1,inf,0.35189723654187444,0.5111401667074547
PF09110.17,1,1,inf,0.35189723654187444,0.5111401667074547
PF05254.18,1,1,inf,0.35189723654187444,0.5111401667074547
PF05206.21,1,1,inf,0.35189723654187444,0.5111401667074547
PF23436.2,19,10,2.0488953084042154,0.09019311222251288,0.5111401667074547
PF10157.15,1,1,inf,0.35189723654187444,0.5111401667074547
PF22352.3,1,1,inf,0.35189723654187444,0.5111401667074547
PF24694.2,2,2,inf,0.12381238976705741,0.5111401667074547
PF04679.22,3,2,3.684766938971648,0.2843258234790958,0.5111401667074547
PF02787.26,1,1,inf,0.35189723654187444,0.5111401667074547
PF05891.19,1,1,inf,0.35189723654187444,0.5111401667074547
PF14648.12,1,1,inf,0.35189723654187444,0.5111401667074547
PF07912.20,1,1,inf,0.35189723654187444,0.5111401667074547
PF26192.1,1,1,inf,0.35189723654187444,0.5111401667074547
PF09751.15,1,1,inf,0.35189723654187444,0.5111401667074547
PF06784.17,1,1,inf,0.35189723654187444,0.5111401667074547
PF01936.25,1,1,inf,0.35189723654187444,0.5111401667074547
PF08711.17,5,3,2.763878875270368,0.23808346304866582,0.5111401667074547
PF25178.1,46,22,1.691916143569934,0.05219005872581989,0.5111401667074547
PF12619.14,1,1,inf,0.35189723654187444,0.5111401667074547
PF23409.2,106,44,1.3103194487942373,0.10358828092021904,0.5111401667074547
PF00017.31,31,18,2.556829566959813,0.007658885107506245,0.5111401667074547
PF08074.18,1,1,inf,0.35189723654187444,0.5111401667074547
PF23284.3,1,1,inf,0.35189723654187444,0.5111401667074547
PF10213.15,1,1,inf,0.35189723654187444,0.5111401667074547
PF11732.14,1,1,inf,0.35189723654187444,0.5111401667074547
PF20425.5,1,1,inf,0.35189723654187444,0.5111401667074547
PF01167.25,1,1,inf,0.35189723654187444,0.5111401667074547
PF04062.20,1,1,inf,0.35189723654187444,0.5111401667074547
PF07412.18,1,1,inf,0.35189723654187444,0.5111401667074547
PF28265.1,1,1,inf,0.35189723654187444,0.5111401667074547
PF04144.19,1,1,inf,0.35189723654187444,0.5111401667074547
PF05127.22,1,1,inf,0.35189723654187444,0.5111401667074547
PF23381.2,165,62,1.1102611560545885,0.28453593916814096,0.5111401667074547
PF01984.26,1,1,inf,0.35189723654187444,0.5111401667074547
PF21143.4,1,1,inf,0.35189723654187444,0.5111401667074547
PF06625.17,1,1,inf,0.35189723654187444,0.5111401667074547
PF00117.35,4,4,inf,0.01531996238231868,0.5111401667074547
PF00388.26,3,2,3.684766938971648,0.2843258234790958,0.5111401667074547
PF16199.11,1,1,inf,0.35189723654187444,0.5111401667074547
PF09420.16,1,1,inf,0.35189723654187444,0.5111401667074547
PF01230.30,6,5,9.21856215436403,0.022853975186092897,0.5111401667074547
PF24871.2,1,1,inf,0.35189723654187444,0.5111401667074547
PF21948.2,2,2,inf,0.12381238976705741,0.5111401667074547
PF28550.1,2,2,inf,0.12381238976705741,0.5111401667074547
PF20939.2,1,1,inf,0.35189723654187444,0.5111401667074547
PF04561.20,3,3,inf,0.04355567291103821,0.5111401667074547
PF00494.25,1,1,inf,0.35189723654187444,0.5111401667074547
PF14204.12,1,1,inf,0.35189723654187444,0.5111401667074547
PF00468.23,1,1,inf,0.35189723654187444,0.5111401667074547
PF00163.25,2,2,inf,0.12381238976705741,0.5111401667074547
PF24567.2,1,1,inf,0.35189723654187444,0.5111401667074547
PF10483.16,1,1,inf,0.35189723654187444,0.5111401667074547
PF00703.28,1,1,inf,0.35189723654187444,0.5111401667074547
PF06371.20,3,3,inf,0.04355567291103821,0.5111401667074547
PF01105.30,6,5,9.21856215436403,0.022853975186092897,0.5111401667074547
PF24972.2,1,1,inf,0.35189723654187444,0.5111401667074547
PF13874.12,1,1,inf,0.35189723654187444,0.5111401667074547
PF11597.14,1,1,inf,0.35189723654187444,0.5111401667074547
PF12830.14,1,1,inf,0.35189723654187444,0.5111401667074547
PF23028.2,1,1,inf,0.35189723654187444,0.5111401667074547
PF00037.33,2,2,inf,0.12381238976705741,0.5111401667074547
PF18829.8,1,1,inf,0.35189723654187444,0.5111401667074547
PF23914.2,17,8,1.6383274516094535,0.21755589962657512,0.5111401667074547
PF02540.24,3,2,3.684766938971648,0.2843258234790958,0.5111401667074547
PF27579.1,1,1,inf,0.35189723654187444,0.5111401667074547
PF07850.20,1,1,inf,0.35189723654187444,0.5111401667074547
PF04108.18,1,1,inf,0.35189723654187444,0.5111401667074547
PF16562.12,1,1,inf,0.35189723654187444,0.5111401667074547
PF00935.26,1,1,inf,0.35189723654187444,0.5111401667074547
PF23215.1,6,4,3.6860576923076924,0.11943914601646631,0.5111401667074547
PF11861.14,1,1,inf,0.35189723654187444,0.5111401667074547
PF00034.27,1,1,inf,0.35189723654187444,0.5111401667074547
PF09247.17,1,1,inf,0.35189723654187444,0.5111401667074547
PF23025.2,1,1,inf,0.35189723654187444,0.5111401667074547
PF23177.2,1,1,inf,0.35189723654187444,0.5111401667074547
PF03332.20,1,1,inf,0.35189723654187444,0.5111401667074547
PF01536.22,1,1,inf,0.35189723654187444,0.5111401667074547
PF08246.18,29,14,1.7213815261044176,0.10137093201838526,0.5111401667074547
PF27046.1,1,1,inf,0.35189723654187444,0.5111401667074547
PF10164.15,1,1,inf,0.35189723654187444,0.5111401667074547
PF01920.26,4,4,inf,0.01531996238231868,0.5111401667074547
PF25084.2,5,4,7.373076923076923,0.05504903212955071,0.5111401667074547
PF12004.14,1,1,inf,0.35189723654187444,0.5111401667074547
PF02142.28,2,2,inf,0.12381238976705741,0.5111401667074547
PF13872.13,1,1,inf,0.35189723654187444,0.5111401667074547
PF02845.23,3,2,3.684766938971648,0.2843258234790958,0.5111401667074547
PF21478.4,1,1,inf,0.35189723654187444,0.5111401667074547
PF01791.16,1,1,inf,0.35189723654187444,0.5111401667074547
PF05833.17,1,1,inf,0.35189723654187444,0.5111401667074547
PF01795.26,1,1,inf,0.35189723654187444,0.5111401667074547
PF21193.4,1,1,inf,0.35189723654187444,0.5111401667074547
PF02714.21,1,1,inf,0.35189723654187444,0.5111401667074547
PF04420.20,1,1,inf,0.35189723654187444,0.5111401667074547
PF00443.36,24,13,2.1802851448719913,0.04394010224078097,0.5111401667074547
PF03501.22,1,1,inf,0.35189723654187444,0.5111401667074547
PF00158.33,1,1,inf,0.35189723654187444,0.5111401667074547
PF06211.19,1,1,inf,0.35189723654187444,0.5111401667074547
PF12842.13,1,1,inf,0.35189723654187444,0.5111401667074547
PF23191.2,1,1,inf,0.35189723654187444,0.5111401667074547
PF12719.14,2,2,inf,0.12381238976705741,0.5111401667074547
PF02436.24,1,1,inf,0.35189723654187444,0.5111401667074547
PF11470.15,1,1,inf,0.35189723654187444,0.5111401667074547
PF01922.24,1,1,inf,0.35189723654187444,0.5111401667074547
PF06080.19,1,1,inf,0.35189723654187444,0.5111401667074547
PF00958.28,1,1,inf,0.35189723654187444,0.5111401667074547
PF06179.18,1,1,inf,0.35189723654187444,0.5111401667074547
PF15013.12,1,1,inf,0.35189723654187444,0.5111401667074547
PF12031.15,1,1,inf,0.35189723654187444,0.5111401667074547
PF21538.2,2,2,inf,0.12381238976705741,0.5111401667074547
PF11768.15,1,1,inf,0.35189723654187444,0.5111401667074547
PF03690.19,1,1,inf,0.35189723654187444,0.5111401667074547
PF14748.12,2,2,inf,0.12381238976705741,0.5111401667074547
PF24245.2,1,1,inf,0.35189723654187444,0.5111401667074547
PF15004.12,1,1,inf,0.35189723654187444,0.5111401667074547
PF18553.8,1,1,inf,0.35189723654187444,0.5111401667074547
PF08244.20,3,2,3.684766938971648,0.2843258234790958,0.5111401667074547
PF01016.25,1,1,inf,0.35189723654187444,0.5111401667074547
PF12473.14,3,2,3.684766938971648,0.2843258234790958,0.5111401667074547
PF00024.33,3,2,3.684766938971648,0.2843258234790958,0.5111401667074547
PF17874.8,6,4,3.6860576923076924,0.11943914601646631,0.5111401667074547
PF12738.14,5,4,7.373076923076923,0.05504903212955071,0.5111401667074547
PF18151.7,1,1,inf,0.35189723654187444,0.5111401667074547
PF00264.26,1,1,inf,0.35189723654187444,0.5111401667074547
PF04153.25,2,2,inf,0.12381238976705741,0.5111401667074547
PF23210.2,1,1,inf,0.35189723654187444,0.5111401667074547
PF03531.21,1,1,inf,0.35189723654187444,0.5111401667074547
PF04718.21,1,1,inf,0.35189723654187444,0.5111401667074547
PF00536.38,20,12,2.7677023121387285,0.020389963154352046,0.5111401667074547
PF01281.26,1,1,inf,0.35189723654187444,0.5111401667074547
PF12129.14,1,1,inf,0.35189723654187444,0.5111401667074547
PF07744.20,3,3,inf,0.04355567291103821,0.5111401667074547
PF24695.2,1,1,inf,0.35189723654187444,0.5111401667074547
PF01916.24,1,1,inf,0.35189723654187444,0.5111401667074547
PF03821.23,1,1,inf,0.35189723654187444,0.5111401667074547
PF25818.2,1,1,inf,0.35189723654187444,0.5111401667074547
PF14799.12,2,2,inf,0.12381238976705741,0.5111401667074547
PF21485.4,1,1,inf,0.35189723654187444,0.5111401667074547
PF28257.1,1,1,inf,0.35189723654187444,0.5111401667074547
PF08782.16,1,1,inf,0.35189723654187444,0.5111401667074547
PF25987.1,1,1,inf,0.35189723654187444,0.5111401667074547
PF21477.4,1,1,inf,0.35189723654187444,0.5111401667074547
PF06031.19,1,1,inf,0.35189723654187444,0.5111401667074547
PF23307.2,1,1,inf,0.35189723654187444,0.5111401667074547
PF23250.2,1,1,inf,0.35189723654187444,0.5111401667074547
PF03896.22,1,1,inf,0.35189723654187444,0.5111401667074547
PF20143.5,1,1,inf,0.35189723654187444,0.5111401667074547
PF02367.24,1,1,inf,0.35189723654187444,0.5111401667074547
PF00984.25,1,1,inf,0.35189723654187444,0.5111401667074547
PF01693.24,1,1,inf,0.35189723654187444,0.5111401667074547
PF02290.21,1,1,inf,0.35189723654187444,0.5111401667074547
PF16641.11,1,1,inf,0.35189723654187444,0.5111401667074547
PF19712.5,1,1,inf,0.35189723654187444,0.5111401667074547
PF03870.22,1,1,inf,0.35189723654187444,0.5111401667074547
PF18382.9,1,1,inf,0.35189723654187444,0.5111401667074547
PF28410.1,1,1,inf,0.35189723654187444,0.5111401667074547
PF02199.21,1,1,inf,0.35189723654187444,0.5111401667074547
PF05439.18,1,1,inf,0.35189723654187444,0.5111401667074547
PF09368.16,1,1,inf,0.35189723654187444,0.5111401667074547
PF01251.24,1,1,inf,0.35189723654187444,0.5111401667074547
PF01576.25,3,2,3.684766938971648,0.2843258234790958,0.5111401667074547
PF01097.25,1,1,inf,0.35189723654187444,0.5111401667074547
PF13561.13,93,46,1.8115176753846631,0.003143193781490507,0.5111401667074547
PF03439.19,1,1,inf,0.35189723654187444,0.5111401667074547
PF21267.4,1,1,inf,0.35189723654187444,0.5111401667074547
PF15388.12,1,1,inf,0.35189723654187444,0.5111401667074547
PF26715.1,2,2,inf,0.12381238976705741,0.5111401667074547
PF04908.22,1,1,inf,0.35189723654187444,0.5111401667074547
PF00205.29,1,1,inf,0.35189723654187444,0.5111401667074547
PF01935.24,1,1,inf,0.35189723654187444,0.5111401667074547
PF00996.25,2,2,inf,0.12381238976705741,0.5111401667074547
PF05620.17,1,1,inf,0.35189723654187444,0.5111401667074547
PF01641.27,1,1,inf,0.35189723654187444,0.5111401667074547
PF23681.2,1,1,inf,0.35189723654187444,0.5111401667074547
PF00387.26,3,2,3.684766938971648,0.2843258234790958,0.5111401667074547
PF25490.1,1,1,inf,0.35189723654187444,0.5111401667074547
PF25756.2,1,1,inf,0.35189723654187444,0.5111401667074547
PF12394.14,1,1,inf,0.35189723654187444,0.5111401667074547
PF25802.1,1,1,inf,0.35189723654187444,0.5111401667074547
PF23757.2,1,1,inf,0.35189723654187444,0.5111401667074547
PF23009.2,1,1,inf,0.35189723654187444,0.5111401667074547
PF03730.20,1,1,inf,0.35189723654187444,0.5111401667074547
PF10171.15,1,1,inf,0.35189723654187444,0.5111401667074547
PF18076.7,1,1,inf,0.35189723654187444,0.5111401667074547
PF00632.31,13,10,6.151500561707591,0.0026213886613721247,0.5111401667074547
PF12330.15,7,4,2.457051282051282,0.20292253202660956,0.5111401667074547
PF08338.17,1,1,inf,0.35189723654187444,0.5111401667074547
PF10183.15,1,1,inf,0.35189723654187444,0.5111401667074547
PF05175.21,11,5,1.5354251823354974,0.3366053298281238,0.5111401667074547
PF10236.16,1,1,inf,0.35189723654187444,0.5111401667074547
PF01031.26,2,2,inf,0.12381238976705741,0.5111401667074547
PF16884.11,3,2,3.684766938971648,0.2843258234790958,0.5111401667074547
PF01968.25,1,1,inf,0.35189723654187444,0.5111401667074547
PF16922.12,1,1,inf,0.35189723654187444,0.5111401667074547
PF25579.2,2,2,inf,0.12381238976705741,0.5111401667074547
PF24056.2,1,1,inf,0.35189723654187444,0.5111401667074547
PF10200.15,1,1,inf,0.35189723654187444,0.5111401667074547
PF23011.3,1,1,inf,0.35189723654187444,0.5111401667074547
PF21719.4,1,1,inf,0.35189723654187444,0.5111401667074547
PF15780.12,3,2,3.684766938971648,0.2843258234790958,0.5111401667074547
PF12456.15,2,2,inf,0.12381238976705741,0.5111401667074547
PF00435.28,8,4,1.8425480769230769,0.29762668939335046,0.5111401667074547
PF00531.29,10,5,1.8427506612166387,0.25260364041978084,0.5111401667074547
PF23221.2,1,1,inf,0.35189723654187444,0.5111401667074547
PF08584.17,1,1,inf,0.35189723654187444,0.5111401667074547
PF00916.27,11,5,1.5354251823354974,0.3366053298281238,0.5111401667074547
PF00189.26,1,1,inf,0.35189723654187444,0.5111401667074547
PF04095.23,1,1,inf,0.35189723654187444,0.5111401667074547
PF13854.13,10,6,2.765151515151515,0.09709967791328175,0.5111401667074547
PF00647.25,1,1,inf,0.35189723654187444,0.5111401667074547
PF21266.4,1,1,inf,0.35189723654187444,0.5111401667074547
PF04800.18,1,1,inf,0.35189723654187444,0.5111401667074547
PF02170.29,6,4,3.6860576923076924,0.11943914601646631,0.5111401667074547
PF03404.23,1,1,inf,0.35189723654187444,0.5111401667074547
PF20170.5,4,3,5.528478731074261,0.12826280449719676,0.5111401667074547
PF01398.27,11,6,2.211832611832612,0.15180161312976914,0.5111401667074547
PF24951.4,1,1,inf,0.35189723654187444,0.5111401667074547
PF24545.2,1,1,inf,0.35189723654187444,0.5111401667074547
PF10249.15,1,1,inf,0.35189723654187444,0.5111401667074547
PF08285.17,1,1,inf,0.35189723654187444,0.5111401667074547
PF06271.19,1,1,inf,0.35189723654187444,0.5111401667074547
PF18384.7,1,1,inf,0.35189723654187444,0.5111401667074547
PF10189.16,1,1,inf,0.35189723654187444,0.5111401667074547
PF17003.13,1,1,inf,0.35189723654187444,0.5111401667074547
PF23408.2,1,1,inf,0.35189723654187444,0.5111401667074547
PF04571.20,1,1,inf,0.35189723654187444,0.5111401667074547
PF00838.25,1,1,inf,0.35189723654187444,0.5111401667074547
PF05529.18,2,2,inf,0.12381238976705741,0.5111401667074547
PF04880.19,1,1,inf,0.35189723654187444,0.5111401667074547
PF08801.18,3,3,inf,0.04355567291103821,0.5111401667074547
PF09268.17,1,1,inf,0.35189723654187444,0.5111401667074547
PF12735.14,1,1,inf,0.35189723654187444,0.5111401667074547
PF00415.25,12,8,3.6886429258902793,0.026320007043022866,0.5111401667074547
PF08626.17,1,1,inf,0.35189723654187444,0.5111401667074547
PF12274.15,1,1,inf,0.35189723654187444,0.5111401667074547
PF02096.27,1,1,inf,0.35189723654187444,0.5111401667074547
PF12580.15,1,1,inf,0.35189723654187444,0.5111401667074547
PF20512.4,1,1,inf,0.35189723654187444,0.5111401667074547
PF23326.2,2,2,inf,0.12381238976705741,0.5111401667074547
PF04218.20,1,1,inf,0.35189723654187444,0.5111401667074547
PF18826.7,1,1,inf,0.35189723654187444,0.5111401667074547
PF17120.12,1,1,inf,0.35189723654187444,0.5111401667074547
PF24669.2,1,1,inf,0.35189723654187444,0.5111401667074547
PF22601.3,1,1,inf,0.35189723654187444,0.5111401667074547
PF08314.18,1,1,inf,0.35189723654187444,0.5111401667074547
PF20720.4,8,4,1.8425480769230769,0.29762668939335046,0.5111401667074547
PF22976.3,9,5,2.3037388795383507,0.1748516591665313,0.5111401667074547
PF23062.2,1,1,inf,0.35189723654187444,0.5111401667074547
PF17814.8,1,1,inf,0.35189723654187444,0.5111401667074547
PF09445.17,1,1,inf,0.35189723654187444,0.5111401667074547
PF05622.18,1,1,inf,0.35189723654187444,0.5111401667074547
PF16737.11,1,1,inf,0.35189723654187444,0.5111401667074547
PF12053.15,1,1,inf,0.35189723654187444,0.5111401667074547
PF14664.12,1,1,inf,0.35189723654187444,0.5111401667074547
PF24079.2,1,1,inf,0.35189723654187444,0.5111401667074547
PF07074.18,1,1,inf,0.35189723654187444,0.5111401667074547
PF25563.1,2,2,inf,0.12381238976705741,0.5111401667074547
PF00174.26,1,1,inf,0.35189723654187444,0.5111401667074547
PF00572.25,2,2,inf,0.12381238976705741,0.5111401667074547
PF12325.14,1,1,inf,0.35189723654187444,0.5111401667074547
PF02735.23,2,2,inf,0.12381238976705741,0.5111401667074547
PF24817.2,160,62,1.1676782853560732,0.19268033072589852,0.5111401667074547
PF09139.18,1,1,inf,0.35189723654187444,0.5111401667074547
PF01754.23,2,2,inf,0.12381238976705741,0.5111401667074547
PF03853.22,2,2,inf,0.12381238976705741,0.5111401667074547
PF03179.21,1,1,inf,0.35189723654187444,0.5111401667074547
PF05071.22,2,2,inf,0.12381238976705741,0.5111401667074547
PF06246.18,1,1,inf,0.35189723654187444,0.5111401667074547
PF02836.24,1,1,inf,0.35189723654187444,0.5111401667074547
PF00569.24,8,4,1.8425480769230769,0.29762668939335046,0.5111401667074547
PF01165.26,1,1,inf,0.35189723654187444,0.5111401667074547
PF01287.27,1,1,inf,0.35189723654187444,0.5111401667074547
PF06094.18,3,2,3.684766938971648,0.2843258234790958,0.5111401667074547
PF26722.1,1,1,inf,0.35189723654187444,0.5111401667074547
PF21148.4,1,1,inf,0.35189723654187444,0.5111401667074547
PF16579.12,1,1,inf,0.35189723654187444,0.5111401667074547
PF06320.19,1,1,inf,0.35189723654187444,0.5111401667074547
PF13187.12,1,1,inf,0.35189723654187444,0.5111401667074547
PF02586.20,1,1,inf,0.35189723654187444,0.5111401667074547
PF16566.11,1,1,inf,0.35189723654187444,0.5111401667074547
PF08712.17,1,1,inf,0.35189723654187444,0.5111401667074547
PF19445.5,1,1,inf,0.35189723654187444,0.5111401667074547
PF10245.15,1,1,inf,0.35189723654187444,0.5111401667074547
PF16898.11,1,1,inf,0.35189723654187444,0.5111401667074547
PF23204.2,1,1,inf,0.35189723654187444,0.5111401667074547
PF23383.2,63,28,1.476595744680851,0.08079378801012639,0.5111401667074547
PF02285.21,1,1,inf,0.35189723654187444,0.5111401667074547
PF21271.3,1,1,inf,0.35189723654187444,0.5111401667074547
PF25171.2,120,45,1.106190823015295,0.32856574858856635,0.5111401667074547
PF10154.15,1,1,inf,0.35189723654187444,0.5111401667074547
PF27073.1,1,1,inf,0.35189723654187444,0.5111401667074547
PF00731.27,1,1,inf,0.35189723654187444,0.5111401667074547
PF12210.14,1,1,inf,0.35189723654187444,0.5111401667074547
PF09184.17,1,1,inf,0.35189723654187444,0.5111401667074547
PF18267.8,1,1,inf,0.35189723654187444,0.5111401667074547
PF25321.2,1,1,inf,0.35189723654187444,0.5111401667074547
PF25969.1,1,1,inf,0.35189723654187444,0.5111401667074547
PF02817.23,1,1,inf,0.35189723654187444,0.5111401667074547
PF00270.36,69,31,1.5062398920116649,0.059643520425489684,0.5111401667074547
PF14630.13,1,1,inf,0.35189723654187444,0.5111401667074547
PF18408.8,1,1,inf,0.35189723654187444,0.5111401667074547
PF06699.17,1,1,inf,0.35189723654187444,0.5111401667074547
PF14604.13,43,17,1.2050509172525088,0.3264065332136852,0.5111401667074547
PF03166.20,5,3,2.763878875270368,0.23808346304866582,0.5111401667074547
PF01722.24,3,3,inf,0.04355567291103821,0.5111401667074547
PF08583.16,2,2,inf,0.12381238976705741,0.5111401667074547
PF10146.15,1,1,inf,0.35189723654187444,0.5111401667074547
PF08544.19,3,2,3.684766938971648,0.2843258234790958,0.5111401667074547
PF08445.17,8,4,1.8425480769230769,0.29762668939335046,0.5111401667074547
PF03735.20,1,1,inf,0.35189723654187444,0.5111401667074547
PF24566.2,1,1,inf,0.35189723654187444,0.5111401667074547
PF06984.19,1,1,inf,0.35189723654187444,0.5111401667074547
PF02297.23,2,2,inf,0.12381238976705741,0.5111401667074547
PF13602.13,11,7,3.2267861438537406,0.05151473189954238,0.5111401667074547
PF18699.7,1,1,inf,0.35189723654187444,0.5111401667074547
PF08068.18,1,1,inf,0.35189723654187444,0.5111401667074547
PF08623.17,1,1,inf,0.35189723654187444,0.5111401667074547
PF27087.1,7,4,2.457051282051282,0.20292253202660956,0.5111401667074547
PF28375.1,1,1,inf,0.35189723654187444,0.5111401667074547
PF03959.20,1,1,inf,0.35189723654187444,0.5111401667074547
PF10484.16,1,1,inf,0.35189723654187444,0.5111401667074547
PF09072.16,1,1,inf,0.35189723654187444,0.5111401667074547
PF24984.2,1,1,inf,0.35189723654187444,0.5111401667074547
PF18360.7,1,1,inf,0.35189723654187444,0.5111401667074547
PF18859.7,1,1,inf,0.35189723654187444,0.5111401667074547
PF13418.13,8,4,1.8425480769230769,0.29762668939335046,0.5111401667074547
PF02937.21,1,1,inf,0.35189723654187444,0.5111401667074547
PF05821.17,1,1,inf,0.35189723654187444,0.5111401667074547
PF16486.12,2,2,inf,0.12381238976705741,0.5111401667074547
PF11957.14,1,1,inf,0.35189723654187444,0.5111401667074547
PF05473.19,1,1,inf,0.35189723654187444,0.5111401667074547
PF05971.19,1,1,inf,0.35189723654187444,0.5111401667074547
PF04886.17,1,1,inf,0.35189723654187444,0.5111401667074547
PF06842.18,1,1,inf,0.35189723654187444,0.5111401667074547
PF11788.15,1,1,inf,0.35189723654187444,0.5111401667074547
PF24858.2,1,1,inf,0.35189723654187444,0.5111401667074547
PF12432.15,1,1,inf,0.35189723654187444,0.5111401667074547
PF00467.36,6,5,9.21856215436403,0.022853975186092897,0.5111401667074547
PF07529.19,2,2,inf,0.12381238976705741,0.5111401667074547
PF26251.1,1,1,inf,0.35189723654187444,0.5111401667074547
PF06602.20,6,4,3.6860576923076924,0.11943914601646631,0.5111401667074547
PF24237.2,1,1,inf,0.35189723654187444,0.5111401667074547
PF08729.16,1,1,inf,0.35189723654187444,0.5111401667074547
PF08976.18,1,1,inf,0.35189723654187444,0.5111401667074547
PF26777.1,1,1,inf,0.35189723654187444,0.5111401667074547
PF01869.27,1,1,inf,0.35189723654187444,0.5111401667074547
PF15061.12,1,1,inf,0.35189723654187444,0.5111401667074547
PF14306.13,1,1,inf,0.35189723654187444,0.5111401667074547
PF15990.11,1,1,inf,0.35189723654187444,0.5111401667074547
PF16577.12,1,1,inf,0.35189723654187444,0.5111401667074547
PF09258.17,3,3,inf,0.04355567291103821,0.5111401667074547
PF25814.2,1,1,inf,0.35189723654187444,0.5111401667074547
PF08568.17,1,1,inf,0.35189723654187444,0.5111401667074547
PF12145.14,1,1,inf,0.35189723654187444,0.5111401667074547
PF13442.12,1,1,inf,0.35189723654187444,0.5111401667074547
PF15917.12,1,1,inf,0.35189723654187444,0.5111401667074547
PF28359.1,2,2,inf,0.12381238976705741,0.5111401667074547
PF26570.1,1,1,inf,0.35189723654187444,0.5111401667074547
PF25434.1,1,1,inf,0.35189723654187444,0.5111401667074547
PF00411.25,2,2,inf,0.12381238976705741,0.5111401667074547
PF08153.18,1,1,inf,0.35189723654187444,0.5111401667074547
PF02865.23,1,1,inf,0.35189723654187444,0.5111401667074547
PF21744.4,1,1,inf,0.35189723654187444,0.5111401667074547
PF11968.15,1,1,inf,0.35189723654187444,0.5111401667074547
PF08519.18,1,1,inf,0.35189723654187444,0.5111401667074547
PF24501.2,1,1,inf,0.35189723654187444,0.5111401667074547
PF13925.12,1,1,inf,0.35189723654187444,0.5111401667074547
PF06001.19,1,1,inf,0.35189723654187444,0.5111401667074547
PF04146.22,3,2,3.684766938971648,0.2843258234790958,0.5111401667074547
PF23128.2,1,1,inf,0.35189723654187444,0.5111401667074547
PF27982.1,1,1,inf,0.35189723654187444,0.5111401667074547
PF16044.12,1,1,inf,0.35189723654187444,0.5111401667074547
PF20426.5,50,24,1.7041248606465997,0.04183804141354903,0.5111401667074547
PF05517.19,1,1,inf,0.35189723654187444,0.5111401667074547
PF25373.2,1,1,inf,0.35189723654187444,0.5111401667074547
PF17820.8,47,22,1.6240270400772574,0.06639408021437194,0.5111401667074547
PF10433.16,3,3,inf,0.04355567291103821,0.5111401667074547
PF02338.26,6,5,9.21856215436403,0.022853975186092897,0.5111401667074547
PF10790.16,2,2,inf,0.12381238976705741,0.5111401667074547
PF05076.19,1,1,inf,0.35189723654187444,0.5111401667074547
PF22732.3,3,2,3.684766938971648,0.2843258234790958,0.5111401667074547
PF11945.14,1,1,inf,0.35189723654187444,0.5111401667074547
PF00106.32,95,46,1.7371222408341676,0.005258401444504694,0.5111401667074547
PF25403.2,1,1,inf,0.35189723654187444,0.5111401667074547
PF01907.26,1,1,inf,0.35189723654187444,0.5111401667074547
PF08169.18,1,1,inf,0.35189723654187444,0.5111401667074547
PF13691.13,1,1,inf,0.35189723654187444,0.5111401667074547
PF13620.13,4,3,5.528478731074261,0.12826280449719676,0.5111401667074547
PF08644.18,1,1,inf,0.35189723654187444,0.5111401667074547
PF05191.21,2,2,inf,0.12381238976705741,0.5111401667074547
PF10181.16,1,1,inf,0.35189723654187444,0.5111401667074547
PF05994.17,1,1,inf,0.35189723654187444,0.5111401667074547
PF02149.26,1,1,inf,0.35189723654187444,0.5111401667074547
PF26050.1,1,1,inf,0.35189723654187444,0.5111401667074547
PF03152.22,1,1,inf,0.35189723654187444,0.5111401667074547
PF13424.13,37,15,1.2566554920134096,0.30083193801362224,0.5111401667074547
PF02244.22,16,10,3.074546621730059,0.02369603259803621,0.5111401667074547
PF00445.24,1,1,inf,0.35189723654187444,0.5111401667074547
PF04858.19,1,1,inf,0.35189723654187444,0.5111401667074547
PF00176.30,18,11,2.899177874858106,0.022061858013306204,0.5111401667074547
PF03066.23,1,1,inf,0.35189723654187444,0.5111401667074547
PF13428.13,39,17,1.4248964201942258,0.1750036110701027,0.5111401667074547
PF21990.3,1,1,inf,0.35189723654187444,0.5111401667074547
PF18386.8,1,1,inf,0.35189723654187444,0.5111401667074547
PF24437.3,1,1,inf,0.35189723654187444,0.5111401667074547
PF20180.5,1,1,inf,0.35189723654187444,0.5111401667074547
PF04565.22,3,3,inf,0.04355567291103821,0.5111401667074547
PF09606.16,1,1,inf,0.35189723654187444,0.5111401667074547
PF05783.18,1,1,inf,0.35189723654187444,0.5111401667074547
PF12662.14,15,7,1.6125511185951407,0.2500653956067569,0.5111401667074547
PF03966.23,1,1,inf,0.35189723654187444,0.5111401667074547
PF08355.18,1,1,inf,0.35189723654187444,0.5111401667074547
PF04588.19,3,3,inf,0.04355567291103821,0.5111401667074547
PF26583.1,1,1,inf,0.35189723654187444,0.5111401667074547
PF14538.12,1,1,inf,0.35189723654187444,0.5111401667074547
PF21711.4,1,1,inf,0.35189723654187444,0.5111401667074547
PF21238.3,1,1,inf,0.35189723654187444,0.5111401667074547
PF22634.2,1,1,inf,0.35189723654187444,0.5111401667074547
PF01857.26,1,1,inf,0.35189723654187444,0.5111401667074547
PF09788.15,1,1,inf,0.35189723654187444,0.5111401667074547
PF01981.22,2,2,inf,0.12381238976705741,0.5111401667074547
PF13656.12,2,2,inf,0.12381238976705741,0.5111401667074547
PF02933.24,2,2,inf,0.12381238976705741,0.5111401667074547
PF25599.3,1,1,inf,0.35189723654187444,0.5111401667074547
PF13913.13,3,2,3.684766938971648,0.2843258234790958,0.5111401667074547
PF12612.14,1,1,inf,0.35189723654187444,0.5111401667074547
PF26582.2,1,1,inf,0.35189723654187444,0.5111401667074547
PF00888.30,5,4,7.373076923076923,0.05504903212955071,0.5111401667074547
PF14075.12,1,1,inf,0.35189723654187444,0.5111401667074547
PF20252.4,1,1,inf,0.35189723654187444,0.5111401667074547
PF17767.8,1,1,inf,0.35189723654187444,0.5111401667074547
PF21240.3,1,1,inf,0.35189723654187444,0.5111401667074547
PF00045.25,3,3,inf,0.04355567291103821,0.5111401667074547
PF10744.15,1,1,inf,0.35189723654187444,0.5111401667074547
PF06079.18,1,1,inf,0.35189723654187444,0.5111401667074547
PF18396.8,3,2,3.684766938971648,0.2843258234790958,0.5111401667074547
PF08487.17,1,1,inf,0.35189723654187444,0.5111401667074547
PF17875.8,1,1,inf,0.35189723654187444,0.5111401667074547
PF23414.2,155,59,1.133797706049533,0.2501314010564646,0.5111401667074547
PF12066.14,1,1,inf,0.35189723654187444,0.5111401667074547
PF21192.4,1,1,inf,0.35189723654187444,0.5111401667074547
PF05365.18,1,1,inf,0.35189723654187444,0.5111401667074547
PF15870.11,1,1,inf,0.35189723654187444,0.5111401667074547
PF16205.11,1,1,inf,0.35189723654187444,0.5111401667074547
PF01026.28,2,2,inf,0.12381238976705741,0.5111401667074547
PF10431.16,2,2,inf,0.12381238976705741,0.5111401667074547
PF07019.18,2,2,inf,0.12381238976705741,0.5111401667074547
PF07884.20,1,1,inf,0.35189723654187444,0.5111401667074547
PF00316.26,1,1,inf,0.35189723654187444,0.5111401667074547
PF06418.21,1,1,inf,0.35189723654187444,0.5111401667074547
PF24099.2,1,1,inf,0.35189723654187444,0.5111401667074547
PF16495.11,1,1,inf,0.35189723654187444,0.5111401667074547
PF12679.14,2,2,inf,0.12381238976705741,0.5111401667074547
PF07474.18,1,1,inf,0.35189723654187444,0.5111401667074547
PF03489.23,1,1,inf,0.35189723654187444,0.5111401667074547
PF05005.21,1,1,inf,0.35189723654187444,0.5111401667074547
PF01017.27,1,1,inf,0.35189723654187444,0.5111401667074547
PF09809.15,1,1,inf,0.35189723654187444,0.5111401667074547
PF10780.15,1,1,inf,0.35189723654187444,0.5111401667074547
PF13001.14,1,1,inf,0.35189723654187444,0.5111401667074547
PF08523.16,1,1,inf,0.35189723654187444,0.5111401667074547
PF09732.15,1,1,inf,0.35189723654187444,0.5111401667074547
PF25025.1,1,1,inf,0.35189723654187444,0.5111401667074547
PF04564.22,4,3,5.528478731074261,0.12826280449719676,0.5111401667074547
PF04714.19,1,1,inf,0.35189723654187444,0.5111401667074547
PF07576.19,1,1,inf,0.35189723654187444,0.5111401667074547
PF21533.3,1,1,inf,0.35189723654187444,0.5111401667074547
PF22456.2,2,2,inf,0.12381238976705741,0.5111401667074547
PF13650.12,1,1,inf,0.35189723654187444,0.5111401667074547
PF18266.9,1,1,inf,0.35189723654187444,0.5111401667074547
PF00787.30,21,11,2.028629906091982,0.07976454790152289,0.5111401667074547
PF05676.19,1,1,inf,0.35189723654187444,0.5111401667074547
PF01200.25,1,1,inf,0.35189723654187444,0.5111401667074547
PF01071.25,1,1,inf,0.35189723654187444,0.5111401667074547
PF26052.1,1,1,inf,0.35189723654187444,0.5111401667074547
PF06658.18,1,1,inf,0.35189723654187444,0.5111401667074547
PF10276.15,1,1,inf,0.35189723654187444,0.5111401667074547
PF10075.16,3,2,3.684766938971648,0.2843258234790958,0.5111401667074547
PF18477.8,1,1,inf,0.35189723654187444,0.5111401667074547
PF09607.17,1,1,inf,0.35189723654187444,0.5111401667074547
PF11540.14,1,1,inf,0.35189723654187444,0.5111401667074547
PF21646.4,1,1,inf,0.35189723654187444,0.5111401667074547
PF12937.13,29,13,1.49796735726331,0.18479982381916668,0.5111401667074547
PF03055.22,1,1,inf,0.35189723654187444,0.5111401667074547
PF08150.18,1,1,inf,0.35189723654187444,0.5111401667074547
PF13889.12,1,1,inf,0.35189723654187444,0.5111401667074547
PF16124.11,3,2,3.684766938971648,0.2843258234790958,0.5111401667074547
PF25296.2,2,2,inf,0.12381238976705741,0.5111401667074547
PF17838.8,2,2,inf,0.12381238976705741,0.5111401667074547
PF03637.23,3,2,3.684766938971648,0.2843258234790958,0.5111401667074547
PF02630.21,1,1,inf,0.35189723654187444,0.5111401667074547
PF18005.7,1,1,inf,0.35189723654187444,0.5111401667074547
PF04054.22,1,1,inf,0.35189723654187444,0.5111401667074547
PF23329.4,1,1,inf,0.35189723654187444,0.5111401667074547
PF13921.13,10,5,1.8427506612166387,0.25260364041978084,0.5111401667074547
PF14843.12,2,2,inf,0.12381238976705741,0.5111401667074547
PF01747.24,1,1,inf,0.35189723654187444,0.5111401667074547
PF08565.17,1,1,inf,0.35189723654187444,0.5111401667074547
PF04983.24,3,2,3.684766938971648,0.2843258234790958,0.5111401667074547
PF07716.21,13,9,4.15072202166065,0.013029954861073187,0.5111401667074547
PF24987.2,12,9,5.535018050541516,0.005824024415126298,0.5111401667074547
PF23613.2,1,1,inf,0.35189723654187444,0.5111401667074547
PF18436.7,1,1,inf,0.35189723654187444,0.5111401667074547
PF13907.12,1,1,inf,0.35189723654187444,0.5111401667074547
PF01858.23,1,1,inf,0.35189723654187444,0.5111401667074547
PF06463.19,1,1,inf,0.35189723654187444,0.5111401667074547
PF03764.25,3,2,3.684766938971648,0.2843258234790958,0.5111401667074547
PF06522.17,1,1,inf,0.35189723654187444,0.5111401667074547
PF13909.13,10,5,1.8427506612166387,0.25260364041978084,0.5111401667074547
PF02837.25,1,1,inf,0.35189723654187444,0.5111401667074547
PF02046.21,1,1,inf,0.35189723654187444,0.5111401667074547
PF23193.2,1,1,inf,0.35189723654187444,0.5111401667074547
PF21282.3,1,1,inf,0.35189723654187444,0.5111401667074547
PF23362.2,1,1,inf,0.35189723654187444,0.5111401667074547
PF14784.12,1,1,inf,0.35189723654187444,0.5111401667074547
PF22741.2,5,3,2.763878875270368,0.23808346304866582,0.5111401667074547
PF13086.13,8,6,5.531746031746032,0.02599154561825296,0.5111401667074547
PF11894.15,1,1,inf,0.35189723654187444,0.5111401667074547
PF14438.13,1,1,inf,0.35189723654187444,0.5111401667074547
PF03095.21,1,1,inf,0.35189723654187444,0.5111401667074547
PF10222.15,1,1,inf,0.35189723654187444,0.5111401667074547
PF02731.21,1,1,inf,0.35189723654187444,0.5111401667074547
PF04442.20,1,1,inf,0.35189723654187444,0.5111401667074547
PF13233.13,3,3,inf,0.04355567291103821,0.5111401667074547
PF17144.10,1,1,inf,0.35189723654187444,0.5111401667074547
PF24842.2,1,1,inf,0.35189723654187444,0.5111401667074547
PF15796.11,1,1,inf,0.35189723654187444,0.5111401667074547
PF11934.14,1,1,inf,0.35189723654187444,0.5111401667074547
PF05160.19,1,1,inf,0.35189723654187444,0.5111401667074547
PF02544.22,2,2,inf,0.12381238976705741,0.5111401667074547
PF23556.2,2,2,inf,0.12381238976705741,0.5111401667074547
PF00215.31,1,1,inf,0.35189723654187444,0.5111401667074547
PF05875.19,1,1,inf,0.35189723654187444,0.5111401667074547
PF16503.11,1,1,inf,0.35189723654187444,0.5111401667074547
PF24681.2,18,12,3.6912331406551058,0.006447514801493136,0.5111401667074547
PF06003.18,3,3,inf,0.04355567291103821,0.5111401667074547
PF01991.24,1,1,inf,0.35189723654187444,0.5111401667074547
PF06331.18,1,1,inf,0.35189723654187444,0.5111401667074547
PF02844.22,1,1,inf,0.35189723654187444,0.5111401667074547
PF24575.2,8,4,1.8425480769230769,0.29762668939335046,0.5111401667074547
PF24080.2,1,1,inf,0.35189723654187444,0.5111401667074547
PF25028.2,1,1,inf,0.35189723654187444,0.5111401667074547
PF11935.15,1,1,inf,0.35189723654187444,0.5111401667074547
PF17778.8,1,1,inf,0.35189723654187444,0.5111401667074547
PF01253.28,3,2,3.684766938971648,0.2843258234790958,0.5111401667074547
PF16123.12,1,1,inf,0.35189723654187444,0.5111401667074547
PF24179.2,1,1,inf,0.35189723654187444,0.5111401667074547
PF22892.3,1,1,inf,0.35189723654187444,0.5111401667074547
PF03223.21,1,1,inf,0.35189723654187444,0.5111401667074547
PF18036.9,3,2,3.684766938971648,0.2843258234790958,0.5111401667074547
PF06090.19,1,1,inf,0.35189723654187444,0.5111401667074547
PF24685.2,1,1,inf,0.35189723654187444,0.5111401667074547
PF00166.27,1,1,inf,0.35189723654187444,0.5111401667074547
PF08774.18,1,1,inf,0.35189723654187444,0.5111401667074547
PF17802.8,1,1,inf,0.35189723654187444,0.5111401667074547
PF25342.2,1,1,inf,0.35189723654187444,0.5111401667074547
PF10477.15,1,1,inf,0.35189723654187444,0.5111401667074547
PF03455.25,4,4,inf,0.01531996238231868,0.5111401667074547
PF15753.11,1,1,inf,0.35189723654187444,0.5111401667074547
PF13173.13,6,4,3.6860576923076924,0.11943914601646631,0.5111401667074547
PF18116.8,1,1,inf,0.35189723654187444,0.5111401667074547
PF23376.2,10,5,1.8427506612166387,0.25260364041978084,0.5111401667074547
PF01632.25,1,1,inf,0.35189723654187444,0.5111401667074547
PF25468.2,1,1,inf,0.35189723654187444,0.5111401667074547
PF08912.17,1,1,inf,0.35189723654187444,0.5111401667074547
PF11545.15,2,2,inf,0.12381238976705741,0.5111401667074547
PF03259.24,2,2,inf,0.12381238976705741,0.5111401667074547
PF23723.2,1,1,inf,0.35189723654187444,0.5111401667074547
PF00472.27,3,3,inf,0.04355567291103821,0.5111401667074547
PF15790.10,1,1,inf,0.35189723654187444,0.5111401667074547
PF16165.11,1,1,inf,0.35189723654187444,0.5111401667074547
PF16698.11,1,1,inf,0.35189723654187444,0.5111401667074547
PF05030.18,1,1,inf,0.35189723654187444,0.5111401667074547
PF25037.2,2,2,inf,0.12381238976705741,0.5111401667074547
PF00031.28,2,2,inf,0.12381238976705741,0.5111401667074547
PF08577.17,1,1,inf,0.35189723654187444,0.5111401667074547
PF07687.20,6,4,3.6860576923076924,0.11943914601646631,0.5111401667074547
PF08442.16,3,3,inf,0.04355567291103821,0.5111401667074547
PF09949.16,1,1,inf,0.35189723654187444,0.5111401667074547
PF09111.17,1,1,inf,0.35189723654187444,0.5111401667074547
PF01078.28,14,10,4.613023591718825,0.006280237439693435,0.5111401667074547
PF08518.17,1,1,inf,0.35189723654187444,0.5111401667074547
PF03109.23,24,12,1.8441714836223506,0.09742800106779592,0.5111401667074547
PF21326.5,1,1,inf,0.35189723654187444,0.5111401667074547
PF25316.2,1,1,inf,0.35189723654187444,0.5111401667074547
PF21222.3,1,1,inf,0.35189723654187444,0.5111401667074547
PF24815.2,10,5,1.8427506612166387,0.25260364041978084,0.5111401667074547
PF21730.3,1,1,inf,0.35189723654187444,0.5111401667074547
PF23040.2,1,1,inf,0.35189723654187444,0.5111401667074547
PF16770.12,3,2,3.684766938971648,0.2843258234790958,0.5111401667074547
PF11864.14,1,1,inf,0.35189723654187444,0.5111401667074547
PF16496.11,1,1,inf,0.35189723654187444,0.5111401667074547
PF06470.19,4,3,5.528478731074261,0.12826280449719676,0.5111401667074547
PF01765.25,1,1,inf,0.35189723654187444,0.5111401667074547
PF14826.13,1,1,inf,0.35189723654187444,0.5111401667074547
PF09090.18,1,1,inf,0.35189723654187444,0.5111401667074547
PF01212.28,3,3,inf,0.04355567291103821,0.5111401667074547
PF16076.11,1,1,inf,0.35189723654187444,0.5111401667074547
PF00107.33,15,9,2.766425992779783,0.04356216084290119,0.5111401667074547
PF09405.16,1,1,inf,0.35189723654187444,0.5111401667074547
PF18035.7,1,1,inf,0.35189723654187444,0.5111401667074547
PF06588.18,1,1,inf,0.35189723654187444,0.5111401667074547
PF00828.26,2,2,inf,0.12381238976705741,0.5111401667074547
PF23489.2,1,1,inf,0.35189723654187444,0.5111401667074547
PF13281.13,1,1,inf,0.35189723654187444,0.5111401667074547
PF01906.24,1,1,inf,0.35189723654187444,0.5111401667074547
PF05153.22,2,2,inf,0.12381238976705741,0.5111401667074547
PF17904.8,1,1,inf,0.35189723654187444,0.5111401667074547
PF15886.12,3,2,3.684766938971648,0.2843258234790958,0.5111401667074547
PF01930.24,1,1,inf,0.35189723654187444,0.5111401667074547
PF00929.32,4,3,5.528478731074261,0.12826280449719676,0.5111401667074547
PF21108.4,1,1,inf,0.35189723654187444,0.5111401667074547
PF05205.18,1,1,inf,0.35189723654187444,0.5111401667074547
PF16193.12,1,1,inf,0.35189723654187444,0.5111401667074547
PF17865.8,1,1,inf,0.35189723654187444,0.5111401667074547
PF12697.14,26,13,1.8443748494338714,0.0861981833699689,0.5111401667074547
PF05856.18,1,1,inf,0.35189723654187444,0.5111401667074547
PF04716.20,1,1,inf,0.35189723654187444,0.5111401667074547
PF02284.22,1,1,inf,0.35189723654187444,0.5111401667074547
PF10394.16,1,1,inf,0.35189723654187444,0.5111401667074547
PF00666.24,1,1,inf,0.35189723654187444,0.5111401667074547
PF08806.18,2,2,inf,0.12381238976705741,0.5111401667074547
PF03517.20,1,1,inf,0.35189723654187444,0.5111401667074547
PF16134.11,1,1,inf,0.35189723654187444,0.5111401667074547
PF00320.34,5,5,inf,0.005387694945510669,0.5111401667074547
PF05965.20,2,2,inf,0.12381238976705741,0.5111401667074547
PF03222.20,1,1,inf,0.35189723654187444,0.5111401667074547
PF18037.8,3,3,inf,0.04355567291103821,0.5111401667074547
PF12698.14,8,4,1.8425480769230769,0.29762668939335046,0.5111401667074547
PF09243.17,1,1,inf,0.35189723654187444,0.5111401667074547
PF03345.21,1,1,inf,0.35189723654187444,0.5111401667074547
PF16184.12,1,1,inf,0.35189723654187444,0.5111401667074547
PF16482.12,1,1,inf,0.35189723654187444,0.5111401667074547
PF05641.19,3,3,inf,0.04355567291103821,0.5111401667074547
PF14598.13,12,6,1.842953342953343,0.21681587956086848,0.5111401667074547
PF01588.27,2,2,inf,0.12381238976705741,0.5111401667074547
PF24493.2,1,1,inf,0.35189723654187444,0.5111401667074547
PF03083.22,2,2,inf,0.12381238976705741,0.5111401667074547
PF11704.14,1,1,inf,0.35189723654187444,0.5111401667074547
PF02157.22,1,1,inf,0.35189723654187444,0.5111401667074547
PF18437.7,1,1,inf,0.35189723654187444,0.5111401667074547
PF18800.7,1,1,inf,0.35189723654187444,0.5111401667074547
PF15784.11,1,1,inf,0.35189723654187444,0.5111401667074547
PF01725.22,1,1,inf,0.35189723654187444,0.5111401667074547
PF08082.17,1,1,inf,0.35189723654187444,0.5111401667074547
PF14702.13,1,1,inf,0.35189723654187444,0.5111401667074547
PF25384.2,10,7,4.302942827359474,0.026786459815376872,0.5111401667074547
PF03133.21,7,4,2.457051282051282,0.20292253202660956,0.5111401667074547
PF06244.19,1,1,inf,0.35189723654187444,0.5111401667074547
PF08660.18,1,1,inf,0.35189723654187444,0.5111401667074547
PF01020.24,1,1,inf,0.35189723654187444,0.5111401667074547
PF04275.21,1,1,inf,0.35189723654187444,0.5111401667074547
PF09797.16,1,1,inf,0.35189723654187444,0.5111401667074547
PF13365.13,28,12,1.3824060693641618,0.2537342552221296,0.5111401667074547
PF09756.16,1,1,inf,0.35189723654187444,0.5111401667074547
PF16672.12,2,2,inf,0.12381238976705741,0.5111401667074547
PF17292.9,1,1,inf,0.35189723654187444,0.5111401667074547
PF00533.34,12,6,1.842953342953343,0.21681587956086848,0.5111401667074547
PF09759.16,1,1,inf,0.35189723654187444,0.5111401667074547
PF14688.12,1,1,inf,0.35189723654187444,0.5111401667074547
PF12583.15,1,1,inf,0.35189723654187444,0.5111401667074547
PF21153.4,1,1,inf,0.35189723654187444,0.5111401667074547
PF23590.2,1,1,inf,0.35189723654187444,0.5111401667074547
PF07707.22,17,8,1.6383274516094535,0.21755589962657512,0.5111401667074547
PF06374.17,1,1,inf,0.35189723654187444,0.5111401667074547
PF16090.13,1,1,inf,0.35189723654187444,0.5111401667074547
PF00329.26,1,1,inf,0.35189723654187444,0.5111401667074547
PF16491.11,1,1,inf,0.35189723654187444,0.5111401667074547
PF25524.2,1,1,inf,0.35189723654187444,0.5111401667074547
PF01112.24,3,2,3.684766938971648,0.2843258234790958,0.5111401667074547
PF15364.12,1,1,inf,0.35189723654187444,0.5111401667074547
PF19337.5,1,1,inf,0.35189723654187444,0.5111401667074547
PF03782.23,1,1,inf,0.35189723654187444,0.5111401667074547
PF13802.13,3,2,3.684766938971648,0.2843258234790958,0.5111401667074547
PF05731.18,1,1,inf,0.35189723654187444,0.5111401667074547
PF18420.7,1,1,inf,0.35189723654187444,0.5111401667074547
PF15255.12,1,1,inf,0.35189723654187444,0.5111401667074547
PF10231.15,1,1,inf,0.35189723654187444,0.5111401667074547
PF23546.2,1,1,inf,0.35189723654187444,0.5111401667074547
PF08923.17,1,1,inf,0.35189723654187444,0.5111401667074547
PF01637.25,1,1,inf,0.35189723654187444,0.5111401667074547
PF18995.6,3,2,3.684766938971648,0.2843258234790958,0.5111401667074547
PF00579.32,3,3,inf,0.04355567291103821,0.5111401667074547
PF07114.17,1,1,inf,0.35189723654187444,0.5111401667074547
PF20517.4,1,1,inf,0.35189723654187444,0.5111401667074547
PF19427.6,1,1,inf,0.35189723654187444,0.5111401667074547
PF10018.15,1,1,inf,0.35189723654187444,0.5111401667074547
PF12496.14,1,1,inf,0.35189723654187444,0.5111401667074547
PF17035.11,2,2,inf,0.12381238976705741,0.5111401667074547
PF14796.12,1,1,inf,0.35189723654187444,0.5111401667074547
PF24570.2,1,1,inf,0.35189723654187444,0.5111401667074547
PF07571.20,1,1,inf,0.35189723654187444,0.5111401667074547
PF10108.16,1,1,inf,0.35189723654187444,0.5111401667074547
PF16529.12,10,5,1.8427506612166387,0.25260364041978084,0.5111401667074547
PF17105.11,1,1,inf,0.35189723654187444,0.5111401667074547
PF03911.22,1,1,inf,0.35189723654187444,0.5111401667074547
PF00566.26,24,10,1.3162872274571842,0.32028188402783,0.5111401667074547
PF16487.11,1,1,inf,0.35189723654187444,0.5111401667074547
PF26280.1,1,1,inf,0.35189723654187444,0.5111401667074547
PF11705.14,1,1,inf,0.35189723654187444,0.5111401667074547
PF07189.17,1,1,inf,0.35189723654187444,0.5111401667074547
PF24993.2,1,1,inf,0.35189723654187444,0.5111401667074547
PF05652.18,1,1,inf,0.35189723654187444,0.5111401667074547
PF16206.10,1,1,inf,0.35189723654187444,0.5111401667074547
PF26026.1,3,2,3.684766938971648,0.2843258234790958,0.5111401667074547
PF13417.13,29,18,3.022497039863176,0.002827891474482852,0.5111401667074547
PF04241.21,1,1,inf,0.35189723654187444,0.5111401667074547
PF01233.26,1,1,inf,0.35189723654187444,0.5111401667074547
PF22486.3,7,5,4.60867997114691,0.05682660650885887,0.5111401667074547
PF07304.17,1,1,inf,0.35189723654187444,0.5111401667074547
PF04499.21,1,1,inf,0.35189723654187444,0.5111401667074547
PF02792.20,1,1,inf,0.35189723654187444,0.5111401667074547
PF14599.12,1,1,inf,0.35189723654187444,0.5111401667074547
PF00889.26,1,1,inf,0.35189723654187444,0.5111401667074547
PF03464.21,2,2,inf,0.12381238976705741,0.5111401667074547
PF14608.13,4,4,inf,0.01531996238231868,0.5111401667074547
PF23583.3,1,1,inf,0.35189723654187444,0.5111401667074547
PF00213.24,1,1,inf,0.35189723654187444,0.5111401667074547
PF05511.17,1,1,inf,0.35189723654187444,0.5111401667074547
PF01462.24,3,2,3.684766938971648,0.2843258234790958,0.5111401667074547
PF25532.2,1,1,inf,0.35189723654187444,0.5111401667074547
PF03165.23,5,3,2.763878875270368,0.23808346304866582,0.5111401667074547
PF02966.23,1,1,inf,0.35189723654187444,0.5111401667074547
PF05021.21,1,1,inf,0.35189723654187444,0.5111401667074547
PF27557.1,1,1,inf,0.35189723654187444,0.5111401667074547
PF09767.15,1,1,inf,0.35189723654187444,0.5111401667074547
PF01530.24,2,2,inf,0.12381238976705741,0.5111401667074547
PF01239.29,4,3,5.528478731074261,0.12826280449719676,0.5111401667074547
PF06071.20,1,1,inf,0.35189723654187444,0.5111401667074547
PF00965.24,1,1,inf,0.35189723654187444,0.5111401667074547
PF05161.19,1,1,inf,0.35189723654187444,0.5111401667074547
PF23043.2,1,1,inf,0.35189723654187444,0.5111401667074547
PF21147.4,1,1,inf,0.35189723654187444,0.5111401667074547
PF08784.18,1,1,inf,0.35189723654187444,0.5111401667074547
PF04696.19,1,1,inf,0.35189723654187444,0.5111401667074547
PF04421.21,1,1,inf,0.35189723654187444,0.5111401667074547
PF09787.15,1,1,inf,0.35189723654187444,0.5111401667074547
PF04898.21,1,1,inf,0.35189723654187444,0.5111401667074547
PF01841.26,3,2,3.684766938971648,0.2843258234790958,0.5111401667074547
PF08662.18,20,9,1.507975057433541,0.24313802007499977,0.5111401667074547
PF16016.12,1,1,inf,0.35189723654187444,0.5111401667074547
PF23202.2,1,1,inf,0.35189723654187444,0.5111401667074547
PF20912.3,1,1,inf,0.35189723654187444,0.5111401667074547
PF13476.13,8,4,1.8425480769230769,0.29762668939335046,0.5111401667074547
PF23669.2,1,1,inf,0.35189723654187444,0.5111401667074547
PF10223.16,1,1,inf,0.35189723654187444,0.5111401667074547
PF01144.30,1,1,inf,0.35189723654187444,0.5111401667074547
PF24981.2,18,12,3.6912331406551058,0.006447514801493136,0.5111401667074547
PF13923.13,33,18,2.2153400868306803,0.01757645558906936,0.5111401667074547
PF13555.13,20,9,1.507975057433541,0.24313802007499977,0.5111401667074547
PF12052.14,1,1,inf,0.35189723654187444,0.5111401667074547
PF14464.12,3,2,3.684766938971648,0.2843258234790958,0.5111401667074547
PF14439.13,1,1,inf,0.35189723654187444,0.5111401667074547
PF18264.7,1,1,inf,0.35189723654187444,0.5111401667074547
PF03937.22,1,1,inf,0.35189723654187444,0.5111401667074547
PF14497.12,21,13,2.999066490002409,0.011252308732629095,0.5111401667074547
PF13576.13,1,1,inf,0.35189723654187444,0.5111401667074547
PF23194.2,1,1,inf,0.35189723654187444,0.5111401667074547
PF05645.20,1,1,inf,0.35189723654187444,0.5111401667074547
PF04628.20,4,3,5.528478731074261,0.12826280449719676,0.5111401667074547
PF07942.19,1,1,inf,0.35189723654187444,0.5111401667074547
PF04934.20,1,1,inf,0.35189723654187444,0.5111401667074547
PF20210.5,1,1,inf,0.35189723654187444,0.5111401667074547
PF05527.18,1,1,inf,0.35189723654187444,0.5111401667074547
PF03623.19,1,1,inf,0.35189723654187444,0.5111401667074547
PF00186.25,1,1,inf,0.35189723654187444,0.5111401667074547
PF21354.4,1,1,inf,0.35189723654187444,0.5111401667074547
PF02171.24,4,3,5.528478731074261,0.12826280449719676,0.5111401667074547
PF00628.36,24,14,2.583759036144578,0.017170900891189864,0.5111401667074547
PF10291.15,1,1,inf,0.35189723654187444,0.5111401667074547
PF07780.18,1,1,inf,0.35189723654187444,0.5111401667074547
PF02204.24,5,4,7.373076923076923,0.05504903212955071,0.5111401667074547
PF25047.1,120,49,1.274286789998802,0.11477722296921058,0.5111401667074547
PF05450.21,1,1,inf,0.35189723654187444,0.5111401667074547
PF16912.12,3,2,3.684766938971648,0.2843258234790958,0.5111401667074547
PF01553.27,11,6,2.211832611832612,0.15180161312976914,0.5111401667074547
PF23342.2,49,22,1.5033353005347212,0.10224701387123372,0.5111401667074547
PF08661.18,1,1,inf,0.35189723654187444,0.5111401667074547
PF17205.10,1,1,inf,0.35189723654187444,0.5111401667074547
PF27558.1,1,1,inf,0.35189723654187444,0.5111401667074547
PF09316.16,2,2,inf,0.12381238976705741,0.5111401667074547
PF06957.18,1,1,inf,0.35189723654187444,0.5111401667074547
PF01394.27,1,1,inf,0.35189723654187444,0.5111401667074547
PF14844.13,4,3,5.528478731074261,0.12826280449719676,0.5111401667074547
PF16191.11,1,1,inf,0.35189723654187444,0.5111401667074547
PF02148.26,8,7,12.91219629540534,0.003689381669897668,0.5111401667074547
PF18358.8,1,1,inf,0.35189723654187444,0.5111401667074547
PF09793.15,1,1,inf,0.35189723654187444,0.5111401667074547
PF22975.3,1,1,inf,0.35189723654187444,0.5111401667074547
PF21539.3,1,1,inf,0.35189723654187444,0.5111401667074547
PF14061.13,1,1,inf,0.35189723654187444,0.5111401667074547
PF17210.10,1,1,inf,0.35189723654187444,0.5111401667074547
PF12230.14,2,2,inf,0.12381238976705741,0.5111401667074547
PF12890.14,1,1,inf,0.35189723654187444,0.5111401667074547
PF06883.18,1,1,inf,0.35189723654187444,0.5111401667074547
PF20511.5,1,1,inf,0.35189723654187444,0.5111401667074547
PF25027.2,1,1,inf,0.35189723654187444,0.5111401667074547
PF24542.2,1,1,inf,0.35189723654187444,0.5111401667074547
PF18296.7,1,1,inf,0.35189723654187444,0.5111401667074547
PF20175.4,1,1,inf,0.35189723654187444,0.5111401667074547
PF11531.15,1,1,inf,0.35189723654187444,0.5111401667074547
PF10248.15,1,1,inf,0.35189723654187444,0.5111401667074547
PF12977.13,2,2,inf,0.12381238976705741,0.5111401667074547
PF15787.12,1,1,inf,0.35189723654187444,0.5111401667074547
PF10270.15,1,1,inf,0.35189723654187444,0.5111401667074547
PF25069.3,1,1,inf,0.35189723654187444,0.5111401667074547
PF08564.17,1,1,inf,0.35189723654187444,0.5111401667074547
PF02163.29,1,1,inf,0.35189723654187444,0.5111401667074547
PF00454.34,13,8,2.950529355149182,0.04758409053414237,0.5111401667074547
PF01193.30,4,4,inf,0.01531996238231868,0.5111401667074547
PF14222.12,1,1,inf,0.35189723654187444,0.5111401667074547
PF04418.18,1,1,inf,0.35189723654187444,0.5111401667074547
PF16876.11,1,1,inf,0.35189723654187444,0.5111401667074547
PF10255.16,1,1,inf,0.35189723654187444,0.5111401667074547
PF24948.2,3,3,inf,0.04355567291103821,0.5111401667074547
PF23643.2,1,1,inf,0.35189723654187444,0.5111401667074547
PF13832.13,4,3,5.528478731074261,0.12826280449719676,0.5111401667074547
PF03456.26,6,5,9.21856215436403,0.022853975186092897,0.5111401667074547
PF23570.1,1,1,inf,0.35189723654187444,0.5111401667074547
PF06026.21,1,1,inf,0.35189723654187444,0.5111401667074547
PF25087.2,6,5,9.21856215436403,0.022853975186092897,0.5111401667074547
PF01650.24,1,1,inf,0.35189723654187444,0.5111401667074547
PF05427.17,1,1,inf,0.35189723654187444,0.5111401667074547
PF16320.11,1,1,inf,0.35189723654187444,0.5111401667074547
PF13570.14,25,11,1.4482645935812322,0.23482987022228477,0.5111401667074547
PF24468.2,2,2,inf,0.12381238976705741,0.5111401667074547
PF02064.22,1,1,inf,0.35189723654187444,0.5111401667074547
PF13207.13,7,5,4.60867997114691,0.05682660650885887,0.5111401667074547
PF09696.16,1,1,inf,0.35189723654187444,0.5111401667074547
PF00076.29,110,50,1.5412818019769892,0.0163364779721378,0.5111401667074547
PF23586.3,8,4,1.8425480769230769,0.29762668939335046,0.5111401667074547
PF10585.15,2,2,inf,0.12381238976705741,0.5111401667074547
PF14955.13,1,1,inf,0.35189723654187444,0.5111401667074547
PF25064.2,4,3,5.528478731074261,0.12826280449719676,0.5111401667074547
PF00416.28,1,1,inf,0.35189723654187444,0.5111401667074547
PF01208.24,1,1,inf,0.35189723654187444,0.5111401667074547
PF04921.21,1,1,inf,0.35189723654187444,0.5111401667074547
PF23099.2,1,1,inf,0.35189723654187444,0.5111401667074547
PF10597.15,1,1,inf,0.35189723654187444,0.5111401667074547
PF25767.2,2,2,inf,0.12381238976705741,0.5111401667074547
PF20030.6,1,1,inf,0.35189723654187444,0.5111401667074547
PF06553.18,1,1,inf,0.35189723654187444,0.5111401667074547
PF17911.7,1,1,inf,0.35189723654187444,0.5111401667074547
PF08028.17,7,4,2.457051282051282,0.20292253202660956,0.5111401667074547
PF07896.18,1,1,inf,0.35189723654187444,0.5111401667074547
PF16901.11,1,1,inf,0.35189723654187444,0.5111401667074547
PF07258.20,3,3,inf,0.04355567291103821,0.5111401667074547
PF21710.4,1,1,inf,0.35189723654187444,0.5111401667074547
PF21227.4,1,1,inf,0.35189723654187444,0.5111401667074547
PF05495.18,1,1,inf,0.35189723654187444,0.5111401667074547
PF00883.27,5,3,2.763878875270368,0.23808346304866582,0.5111401667074547
PF16558.11,1,1,inf,0.35189723654187444,0.5111401667074547
PF12409.14,2,2,inf,0.12381238976705741,0.5111401667074547
PF23511.2,1,1,inf,0.35189723654187444,0.5111401667074547
PF01124.24,2,2,inf,0.12381238976705741,0.5111401667074547
PF13820.12,1,1,inf,0.35189723654187444,0.5111401667074547
PF05118.22,1,1,inf,0.35189723654187444,0.5111401667074547
PF08952.18,1,1,inf,0.35189723654187444,0.5111401667074547
PF22898.3,1,1,inf,0.35189723654187444,0.5111401667074547
PF01667.24,1,1,inf,0.35189723654187444,0.5111401667074547
PF13410.12,11,7,3.2267861438537406,0.05151473189954238,0.5111401667074547
PF25880.2,1,1,inf,0.35189723654187444,0.5111401667074547
PF00562.34,3,3,inf,0.04355567291103821,0.5111401667074547
PF25168.2,114,43,1.1166235461787957,0.3166989591686314,0.5111401667074547
PF03177.21,1,1,inf,0.35189723654187444,0.5111401667074547
PF02230.23,2,2,inf,0.12381238976705741,0.5111401667074547
PF09804.15,1,1,inf,0.35189723654187444,0.5111401667074547
PF25293.2,1,1,inf,0.35189723654187444,0.5111401667074547
PF13915.12,1,1,inf,0.35189723654187444,0.5111401667074547
PF10184.16,1,1,inf,0.35189723654187444,0.5111401667074547
PF10367.16,1,1,inf,0.35189723654187444,0.5111401667074547
PF25569.2,1,1,inf,0.35189723654187444,0.5111401667074547
PF04281.19,1,1,inf,0.35189723654187444,0.5111401667074547
PF12740.15,1,1,inf,0.35189723654187444,0.5111401667074547
PF04142.22,3,2,3.684766938971648,0.2843258234790958,0.5111401667074547
PF18854.7,1,1,inf,0.35189723654187444,0.5111401667074547
PF23609.2,68,30,1.4572989076464746,0.07948726088840445,0.5111401667074547
PF23320.2,1,1,inf,0.35189723654187444,0.5111401667074547
PF09088.18,1,1,inf,0.35189723654187444,0.5111401667074547
PF10267.15,1,1,inf,0.35189723654187444,0.5111401667074547
PF12457.14,1,1,inf,0.35189723654187444,0.5111401667074547
PF16121.11,1,1,inf,0.35189723654187444,0.5111401667074547
PF06544.19,2,2,inf,0.12381238976705741,0.5111401667074547
PF10280.15,1,1,inf,0.35189723654187444,0.5111401667074547
PF24548.2,8,4,1.8425480769230769,0.29762668939335046,0.5111401667074547
PF06818.21,1,1,inf,0.35189723654187444,0.5111401667074547
PF00766.26,1,1,inf,0.35189723654187444,0.5111401667074547
PF17170.11,5,3,2.763878875270368,0.23808346304866582,0.5111401667074547
PF21033.5,8,4,1.8425480769230769,0.29762668939335046,0.5111401667074547
PF21672.3,3,3,inf,0.04355567291103821,0.5111401667074547
PF11265.15,1,1,inf,0.35189723654187444,0.5111401667074547
PF16278.12,3,2,3.684766938971648,0.2843258234790958,0.5111401667074547
PF21223.4,1,1,inf,0.35189723654187444,0.5111401667074547
PF18336.8,1,1,inf,0.35189723654187444,0.5111401667074547
PF16099.12,1,1,inf,0.35189723654187444,0.5111401667074547
PF03016.21,3,3,inf,0.04355567291103821,0.5111401667074547
PF04928.23,1,1,inf,0.35189723654187444,0.5111401667074547
PF25476.2,1,1,inf,0.35189723654187444,0.5111401667074547
PF23118.3,1,1,inf,0.35189723654187444,0.5111401667074547
PF23323.2,1,1,inf,0.35189723654187444,0.5111401667074547
PF25828.1,1,1,inf,0.35189723654187444,0.5111401667074547
PF02668.23,2,2,inf,0.12381238976705741,0.5111401667074547
PF04004.19,1,1,inf,0.35189723654187444,0.5111401667074547
PF14225.12,1,1,inf,0.35189723654187444,0.5111401667074547
PF00620.33,24,14,2.583759036144578,0.017170900891189864,0.5111401667074547
PF05193.27,7,4,2.457051282051282,0.20292253202660956,0.5111401667074547
PF21369.4,1,1,inf,0.35189723654187444,0.5111401667074547
PF05011.19,1,1,inf,0.35189723654187444,0.5111401667074547
PF23113.2,1,1,inf,0.35189723654187444,0.5111401667074547
PF05018.19,1,1,inf,0.35189723654187444,0.5111401667074547
PF00786.34,4,3,5.528478731074261,0.12826280449719676,0.5111401667074547
PF21362.4,7,5,4.60867997114691,0.05682660650885887,0.5111401667074547
PF10469.16,1,1,inf,0.35189723654187444,0.5111401667074547
PF01096.24,4,4,inf,0.01531996238231868,0.5111401667074547
PF01381.29,1,1,inf,0.35189723654187444,0.5111401667074547
PF01015.24,1,1,inf,0.35189723654187444,0.5111401667074547
PF24492.2,6,5,9.21856215436403,0.022853975186092897,0.5111401667074547
PF06148.18,1,1,inf,0.35189723654187444,0.5111401667074547
PF13764.12,1,1,inf,0.35189723654187444,0.5111401667074547
PF01783.30,1,1,inf,0.35189723654187444,0.5111401667074547
PF05486.18,1,1,inf,0.35189723654187444,0.5111401667074547
PF25097.2,1,1,inf,0.35189723654187444,0.5111401667074547
PF17908.7,1,1,inf,0.35189723654187444,0.5111401667074547
PF09807.16,1,1,inf,0.35189723654187444,0.5111401667074547
PF22901.3,1,1,inf,0.35189723654187444,0.5111401667074547
PF12766.14,2,2,inf,0.12381238976705741,0.5111401667074547
PF00128.32,14,8,2.4584536413217837,0.07745694962025657,0.5111401667074547
PF03670.18,1,1,inf,0.35189723654187444,0.5111401667074547
PF22521.3,1,1,inf,0.35189723654187444,0.5111401667074547
PF06218.17,3,2,3.684766938971648,0.2843258234790958,0.5111401667074547
PF10374.16,3,2,3.684766938971648,0.2843258234790958,0.5111401667074547
PF10408.15,2,2,inf,0.12381238976705741,0.5111401667074547
PF22788.3,1,1,inf,0.35189723654187444,0.5111401667074547
PF23356.2,1,1,inf,0.35189723654187444,0.5111401667074547
PF00389.37,6,5,9.21856215436403,0.022853975186092897,0.5111401667074547
PF06119.20,2,2,inf,0.12381238976705741,0.5111401667074547
PF12624.15,6,5,9.21856215436403,0.022853975186092897,0.5111401667074547
PF24889.1,1,1,inf,0.35189723654187444,0.5111401667074547
PF06388.17,1,1,inf,0.35189723654187444,0.5111401667074547
PF08351.19,1,1,inf,0.35189723654187444,0.5111401667074547
PF00568.30,5,3,2.763878875270368,0.23808346304866582,0.5111401667074547
PF18102.7,1,1,inf,0.35189723654187444,0.5111401667074547
PF00104.36,14,8,2.4584536413217837,0.07745694962025657,0.5111401667074547
PF00235.26,1,1,inf,0.35189723654187444,0.5111401667074547
PF09976.16,2,2,inf,0.12381238976705741,0.5111401667074547
PF02515.23,2,2,inf,0.12381238976705741,0.5111401667074547
PF14937.12,1,1,inf,0.35189723654187444,0.5111401667074547
PF05007.20,1,1,inf,0.35189723654187444,0.5111401667074547
PF00204.32,1,1,inf,0.35189723654187444,0.5111401667074547
PF22912.3,1,1,inf,0.35189723654187444,0.5111401667074547
PF02545.20,1,1,inf,0.35189723654187444,0.5111401667074547
PF12002.14,1,1,inf,0.35189723654187444,0.5111401667074547
PF13371.13,15,8,2.106970988587928,0.11619385108009125,0.5111401667074547
PF08214.18,1,1,inf,0.35189723654187444,0.5111401667074547
PF08490.18,1,1,inf,0.35189723654187444,0.5111401667074547
PF14622.12,3,2,3.684766938971648,0.2843258234790958,0.5111401667074547
PF06701.20,3,3,inf,0.04355567291103821,0.5111401667074547
PF21505.4,1,1,inf,0.35189723654187444,0.5111401667074547
PF23220.2,1,1,inf,0.35189723654187444,0.5111401667074547
PF14465.13,1,1,inf,0.35189723654187444,0.5111401667074547
PF01602.27,17,11,3.3828156352837304,0.01251975938386489,0.5111401667074547
PF01030.32,3,2,3.684766938971648,0.2843258234790958,0.5111401667074547
PF10373.16,4,3,5.528478731074261,0.12826280449719676,0.5111401667074547
PF21316.4,1,1,inf,0.35189723654187444,0.5111401667074547
PF18018.8,1,1,inf,0.35189723654187444,0.5111401667074547
PF12797.13,1,1,inf,0.35189723654187444,0.5111401667074547
PF08240.18,8,6,5.531746031746032,0.02599154561825296,0.5111401667074547
PF13892.12,1,1,inf,0.35189723654187444,0.5111401667074547
PF01967.28,1,1,inf,0.35189723654187444,0.5111401667074547
PF23240.2,8,5,3.072052576741204,0.10821837465986882,0.5111401667074547
PF00756.27,1,1,inf,0.35189723654187444,0.5111401667074547
PF13660.12,1,1,inf,0.35189723654187444,0.5111401667074547
PF17654.7,1,1,inf,0.35189723654187444,0.5111401667074547
PF13349.13,1,1,inf,0.35189723654187444,0.5111401667074547
PF03656.19,1,1,inf,0.35189723654187444,0.5111401667074547
PF22890.2,1,1,inf,0.35189723654187444,0.5111401667074547
PF25809.1,1,1,inf,0.35189723654187444,0.5111401667074547
PF09803.15,1,1,inf,0.35189723654187444,0.5111401667074547
PF04389.23,11,5,1.5354251823354974,0.3366053298281238,0.5111401667074547
PF07965.18,1,1,inf,0.35189723654187444,0.5111401667074547
PF12938.13,1,1,inf,0.35189723654187444,0.5111401667074547
PF25825.2,1,1,inf,0.35189723654187444,0.5111401667074547
PF01115.23,1,1,inf,0.35189723654187444,0.5111401667074547
PF04573.18,1,1,inf,0.35189723654187444,0.5111401667074547
PF01491.23,1,1,inf,0.35189723654187444,0.5111401667074547
PF26084.1,1,1,inf,0.35189723654187444,0.5111401667074547
PF23411.2,28,15,2.12915067578842,0.03516112251561241,0.5111401667074547
PF00121.25,1,1,inf,0.35189723654187444,0.5111401667074547
PF02347.23,1,1,inf,0.35189723654187444,0.5111401667074547
PF16207.12,3,2,3.684766938971648,0.2843258234790958,0.5111401667074547
PF18346.8,1,1,inf,0.35189723654187444,0.5111401667074547
PF06726.18,1,1,inf,0.35189723654187444,0.5111401667074547
PF03719.22,2,2,inf,0.12381238976705741,0.5111401667074547
PF16078.11,1,1,inf,0.35189723654187444,0.5111401667074547
PF02953.21,4,4,inf,0.01531996238231868,0.5111401667074547
PF13715.13,2,2,inf,0.12381238976705741,0.5111401667074547
PF24139.2,1,1,inf,0.35189723654187444,0.5111401667074547
PF04280.22,2,2,inf,0.12381238976705741,0.5111401667074547
PF01546.34,8,5,3.072052576741204,0.10821837465986882,0.5111401667074547
PF00670.28,2,2,inf,0.12381238976705741,0.5111401667074547
PF21034.4,3,2,3.684766938971648,0.2843258234790958,0.5111401667074547
PF23287.2,1,1,inf,0.35189723654187444,0.5111401667074547
PF09311.17,1,1,inf,0.35189723654187444,0.5111401667074547
PF18295.8,1,1,inf,0.35189723654187444,0.5111401667074547
PF01851.29,2,2,inf,0.12381238976705741,0.5111401667074547
PF06951.17,1,1,inf,0.35189723654187444,0.5111401667074547
PF25175.2,163,63,1.1627578639356255,0.19733844460503958,0.5111401667074547
PF00653.28,4,3,5.528478731074261,0.12826280449719676,0.5111401667074547
PF02910.26,1,1,inf,0.35189723654187444,0.5111401667074547
PF09764.16,1,1,inf,0.35189723654187444,0.5111401667074547
PF01655.24,1,1,inf,0.35189723654187444,0.5111401667074547
PF22984.2,1,1,inf,0.35189723654187444,0.5111401667074547
PF06047.17,1,1,inf,0.35189723654187444,0.5111401667074547
PF16528.12,1,1,inf,0.35189723654187444,0.5111401667074547
PF09079.18,1,1,inf,0.35189723654187444,0.5111401667074547
PF21408.3,2,2,inf,0.12381238976705741,0.5111401667074547
PF04307.20,1,1,inf,0.35189723654187444,0.5111401667074547
PF08652.18,3,3,inf,0.04355567291103821,0.5111401667074547
PF08569.18,1,1,inf,0.35189723654187444,0.5111401667074547
PF25391.2,101,41,1.261092246745897,0.14986283696393207,0.5111401667074547
PF04053.21,3,2,3.684766938971648,0.2843258234790958,0.5111401667074547
PF16200.11,1,1,inf,0.35189723654187444,0.5111401667074547
PF04587.21,1,1,inf,0.35189723654187444,0.5111401667074547
PF07535.19,1,1,inf,0.35189723654187444,0.5111401667074547
PF18911.7,1,1,inf,0.35189723654187444,0.5111401667074547
PF05008.22,1,1,inf,0.35189723654187444,0.5111401667074547
PF17404.8,1,1,inf,0.35189723654187444,0.5111401667074547
PF01758.22,1,1,inf,0.35189723654187444,0.5111401667074547
PF10258.15,1,1,inf,0.35189723654187444,0.5111401667074547
PF05670.19,1,1,inf,0.35189723654187444,0.5111401667074547
PF06333.18,1,1,inf,0.35189723654187444,0.5111401667074547
PF03879.21,1,1,inf,0.35189723654187444,0.5111401667074547
PF09416.17,1,1,inf,0.35189723654187444,0.5111401667074547
PF00252.25,2,2,inf,0.12381238976705741,0.5111401667074547
PF04065.21,1,1,inf,0.35189723654187444,0.5111401667074547
PF04722.19,1,1,inf,0.35189723654187444,0.5111401667074547
PF01918.28,2,2,inf,0.12381238976705741,0.5111401667074547
PF02671.27,1,1,inf,0.35189723654187444,0.5111401667074547
PF17226.8,1,1,inf,0.35189723654187444,0.5111401667074547
PF23579.2,1,1,inf,0.35189723654187444,0.5111401667074547
PF22928.3,3,3,inf,0.04355567291103821,0.5111401667074547
PF03398.20,1,1,inf,0.35189723654187444,0.5111401667074547
PF18808.8,1,1,inf,0.35189723654187444,0.5111401667074547
PF10208.16,1,1,inf,0.35189723654187444,0.5111401667074547
PF03143.24,6,4,3.6860576923076924,0.11943914601646631,0.5111401667074547
PF10598.15,1,1,inf,0.35189723654187444,0.5111401667074547
PF09742.15,2,2,inf,0.12381238976705741,0.5111401667074547
PF00616.25,6,4,3.6860576923076924,0.11943914601646631,0.5111401667074547
PF13540.13,11,8,4.918832210458774,0.012656018624425162,0.5111401667074547
PF24521.3,33,14,1.3582752060875078,0.2426961675430433,0.5111401667074547
PF09532.16,2,2,inf,0.12381238976705741,0.5111401667074547
PF18375.8,1,1,inf,0.35189723654187444,0.5111401667074547
PF26560.1,1,1,inf,0.35189723654187444,0.5111401667074547
PF22435.2,1,1,inf,0.35189723654187444,0.5111401667074547
PF04758.20,1,1,inf,0.35189723654187444,0.5111401667074547
PF13015.13,2,2,inf,0.12381238976705741,0.5111401667074547
PF12804.14,3,2,3.684766938971648,0.2843258234790958,0.5111401667074547
PF24173.2,1,1,inf,0.35189723654187444,0.5111401667074547
PF01777.25,1,1,inf,0.35189723654187444,0.5111401667074547
PF01582.26,11,5,1.5354251823354974,0.3366053298281238,0.5111401667074547
PF10240.16,1,1,inf,0.35189723654187444,0.5111401667074547
PF07303.19,1,1,inf,0.35189723654187444,0.5111401667074547
PF04990.18,1,1,inf,0.35189723654187444,0.5111401667074547
PF02935.22,2,2,inf,0.12381238976705741,0.5111401667074547
PF08694.17,1,1,inf,0.35189723654187444,0.5111401667074547
PF23869.2,70,31,1.4674260331168145,0.07198091567759433,0.5111401667074547
PF12114.15,1,1,inf,0.35189723654187444,0.5111401667074547
PF11916.14,1,1,inf,0.35189723654187444,0.5111401667074547
PF14701.13,1,1,inf,0.35189723654187444,0.5111401667074547
PF04051.22,3,2,3.684766938971648,0.2843258234790958,0.5111401667074547
PF08920.16,1,1,inf,0.35189723654187444,0.5111401667074547
PF00642.31,8,4,1.8425480769230769,0.29762668939335046,0.5111401667074547
PF03215.22,6,4,3.6860576923076924,0.11943914601646631,0.5111401667074547
PF01269.24,1,1,inf,0.35189723654187444,0.5111401667074547
PF13877.12,1,1,inf,0.35189723654187444,0.5111401667074547
PF00643.30,7,5,4.60867997114691,0.05682660650885887,0.5111401667074547
PF17956.7,1,1,inf,0.35189723654187444,0.5111401667074547
PF11834.14,1,1,inf,0.35189723654187444,0.5111401667074547
PF21403.5,3,3,inf,0.04355567291103821,0.5111401667074547
PF01068.27,3,2,3.684766938971648,0.2843258234790958,0.5111401667074547
PF21032.3,5,3,2.763878875270368,0.23808346304866582,0.5111401667074547
PF00501.35,35,16,1.553062985332183,0.13028019630276244,0.5111401667074547
PF26644.1,1,1,inf,0.35189723654187444,0.5111401667074547
PF21023.3,1,1,inf,0.35189723654187444,0.5111401667074547
PF13245.13,13,6,1.5794681508967223,0.28906565156394043,0.5111401667074547
PF08771.17,2,2,inf,0.12381238976705741,0.5111401667074547
PF01168.27,1,1,inf,0.35189723654187444,0.5111401667074547
PF02939.22,1,1,inf,0.35189723654187444,0.5111401667074547
PF01127.28,1,1,inf,0.35189723654187444,0.5111401667074547
PF09811.15,1,1,inf,0.35189723654187444,0.5111401667074547
PF12022.15,1,1,inf,0.35189723654187444,0.5111401667074547
PF00410.25,1,1,inf,0.35189723654187444,0.5111401667074547
PF16113.11,11,8,4.918832210458774,0.012656018624425162,0.5111401667074547
PF13524.13,1,1,inf,0.35189723654187444,0.5111401667074547
PF16037.11,1,1,inf,0.35189723654187444,0.5111401667074547
PF14778.12,1,1,inf,0.35189723654187444,0.5111401667074547
PF00636.32,3,2,3.684766938971648,0.2843258234790958,0.5111401667074547
PF22979.3,1,1,inf,0.35189723654187444,0.5111401667074547
PF22536.3,1,1,inf,0.35189723654187444,0.5111401667074547
PF14699.13,1,1,inf,0.35189723654187444,0.5111401667074547
PF09324.16,3,2,3.684766938971648,0.2843258234790958,0.5111401667074547
PF17529.7,2,2,inf,0.12381238976705741,0.5111401667074547
PF09775.15,1,1,inf,0.35189723654187444,0.5111401667074547
PF01327.27,1,1,inf,0.35189723654187444,0.5111401667074547
PF11764.14,1,1,inf,0.35189723654187444,0.5111401667074547
PF17207.10,8,5,3.072052576741204,0.10821837465986882,0.5111401667074547
PF08612.17,1,1,inf,0.35189723654187444,0.5111401667074547
PF00584.26,1,1,inf,0.35189723654187444,0.5111401667074547
PF05129.19,1,1,inf,0.35189723654187444,0.5111401667074547
PF27753.1,1,1,inf,0.35189723654187444,0.5111401667074547
PF00149.34,25,11,1.4482645935812322,0.23482987022228477,0.5111401667074547
PF11566.14,1,1,inf,0.35189723654187444,0.5111401667074547
PF12833.14,1,1,inf,0.35189723654187444,0.5111401667074547
PF12026.15,1,1,inf,0.35189723654187444,0.5111401667074547
PF03909.23,3,3,inf,0.04355567291103821,0.5111401667074547
PF08567.18,1,1,inf,0.35189723654187444,0.5111401667074547
PF21322.3,1,1,inf,0.35189723654187444,0.5111401667074547
PF04992.20,1,1,inf,0.35189723654187444,0.5111401667074547
PF06155.18,2,2,inf,0.12381238976705741,0.5111401667074547
PF00177.28,2,2,inf,0.12381238976705741,0.5111401667074547
PF00439.31,17,12,4.430057803468208,0.003156632412012531,0.5111401667074547
PF03477.22,1,1,inf,0.35189723654187444,0.5111401667074547
PF10203.15,1,1,inf,0.35189723654187444,0.5111401667074547
PF08514.18,1,1,inf,0.35189723654187444,0.5111401667074547
PF03657.20,1,1,inf,0.35189723654187444,0.5111401667074547
PF08221.18,1,1,inf,0.35189723654187444,0.5111401667074547
PF25427.3,2,2,inf,0.12381238976705741,0.5111401667074547
PF09813.15,1,1,inf,0.35189723654187444,0.5111401667074547
PF02104.21,1,1,inf,0.35189723654187444,0.5111401667074547
PF03969.23,1,1,inf,0.35189723654187444,0.5111401667074547
PF15072.13,1,1,inf,0.35189723654187444,0.5111401667074547
PF18716.8,1,1,inf,0.35189723654187444,0.5111401667074547
PF16114.11,1,1,inf,0.35189723654187444,0.5111401667074547
PF16187.11,2,2,inf,0.12381238976705741,0.5111401667074547
PF02251.24,1,1,inf,0.35189723654187444,0.5111401667074547
PF24176.2,1,1,inf,0.35189723654187444,0.5111401667074547
PF17172.11,5,3,2.763878875270368,0.23808346304866582,0.5111401667074547
PF13918.12,1,1,inf,0.35189723654187444,0.5111401667074547
PF18561.8,1,1,inf,0.35189723654187444,0.5111401667074547
PF03234.20,1,1,inf,0.35189723654187444,0.5111401667074547
PF03723.21,12,6,1.842953342953343,0.21681587956086848,0.5111401667074547
PF21235.5,1,1,inf,0.35189723654187444,0.5111401667074547
PF13975.12,1,1,inf,0.35189723654187444,0.5111401667074547
PF08824.16,1,1,inf,0.35189723654187444,0.5111401667074547
PF22666.3,2,2,inf,0.12381238976705741,0.5111401667074547
PF27606.1,1,1,inf,0.35189723654187444,0.5111401667074547
PF18554.8,1,1,inf,0.35189723654187444,0.5111401667074547
PF19274.5,1,1,inf,0.35189723654187444,0.5111401667074547
PF23241.2,8,5,3.072052576741204,0.10821837465986882,0.5111401667074547
PF05493.19,1,1,inf,0.35189723654187444,0.5111401667074547
PF05915.18,2,2,inf,0.12381238976705741,0.5111401667074547
PF07039.18,2,2,inf,0.12381238976705741,0.5111401667074547
PF12353.14,1,1,inf,0.35189723654187444,0.5111401667074547
PF20825.3,1,1,inf,0.35189723654187444,0.5111401667074547
PF04998.23,3,2,3.684766938971648,0.2843258234790958,0.5111401667074547
PF19520.6,1,1,inf,0.35189723654187444,0.5111401667074547
PF20147.6,1,1,inf,0.35189723654187444,0.5111401667074547
PF16122.11,1,1,inf,0.35189723654187444,0.5111401667074547
PF16473.12,1,1,inf,0.35189723654187444,0.5111401667074547
PF21262.4,1,1,inf,0.35189723654187444,0.5111401667074547
PF08084.17,1,1,inf,0.35189723654187444,0.5111401667074547
PF20308.5,3,2,3.684766938971648,0.2843258234790958,0.5111401667074547
PF21125.4,1,1,inf,0.35189723654187444,0.5111401667074547
PF21128.6,1,1,inf,0.35189723654187444,0.5111401667074547
PF01215.25,1,1,inf,0.35189723654187444,0.5111401667074547
PF23665.2,1,1,inf,0.35189723654187444,0.5111401667074547
PF25584.1,1,1,inf,0.35189723654187444,0.5111401667074547
PF00453.24,1,1,inf,0.35189723654187444,0.5111401667074547
PF09280.17,1,1,inf,0.35189723654187444,0.5111401667074547
PF02213.22,2,2,inf,0.12381238976705741,0.5111401667074547
PF11262.14,1,1,inf,0.35189723654187444,0.5111401667074547
PF16190.12,1,1,inf,0.35189723654187444,0.5111401667074547
PF08572.16,1,1,inf,0.35189723654187444,0.5111401667074547
PF00372.25,12,6,1.842953342953343,0.21681587956086848,0.5111401667074547
PF15692.11,1,1,inf,0.35189723654187444,0.5111401667074547
PF02536.20,2,2,inf,0.12381238976705741,0.5111401667074547
PF28512.1,1,1,inf,0.35189723654187444,0.5111401667074547
PF00179.32,26,16,2.954291224686596,0.0054468572782670225,0.5111401667074547
PF05158.19,1,1,inf,0.35189723654187444,0.5111401667074547
PF05669.18,1,1,inf,0.35189723654187444,0.5111401667074547
PF00725.28,4,3,5.528478731074261,0.12826280449719676,0.5111401667074547
PF05221.24,2,2,inf,0.12381238976705741,0.5111401667074547
PF11521.14,1,1,inf,0.35189723654187444,0.5111401667074547
PF09753.15,1,1,inf,0.35189723654187444,0.5111401667074547
PF06113.18,1,1,inf,0.35189723654187444,0.5111401667074547
PF25289.2,1,1,inf,0.35189723654187444,0.5111401667074547
PF23188.2,1,1,inf,0.35189723654187444,0.5111401667074547
PF03644.20,1,1,inf,0.35189723654187444,0.5111401667074547
PF27626.1,1,1,inf,0.35189723654187444,0.5111401667074547
PF02002.24,2,2,inf,0.12381238976705741,0.5111401667074547
PF13949.12,2,2,inf,0.12381238976705741,0.5111401667074547
PF27562.1,1,1,inf,0.35189723654187444,0.5111401667074547
PF25440.3,1,1,inf,0.35189723654187444,0.5111401667074547
PF05640.20,1,1,inf,0.35189723654187444,0.5111401667074547
PF13423.13,20,10,1.8437650457390466,0.12534079562446832,0.5111401667074547
PF04031.19,1,1,inf,0.35189723654187444,0.5111401667074547
PF23266.2,1,1,inf,0.35189723654187444,0.5111401667074547
PF23231.2,3,2,3.684766938971648,0.2843258234790958,0.5111401667074547
PF13469.13,13,7,2.150629460348007,0.13252447889061814,0.5111401667074547
PF00005.34,57,24,1.3414141414141414,0.16898185529092857,0.5111401667074547
PF06451.18,1,1,inf,0.35189723654187444,0.5111401667074547
PF08073.19,1,1,inf,0.35189723654187444,0.5111401667074547
PF25993.1,1,1,inf,0.35189723654187444,0.5111401667074547
PF00248.28,18,11,2.899177874858106,0.022061858013306204,0.5111401667074547
PF00836.25,1,1,inf,0.35189723654187444,0.5111401667074547
PF13431.13,30,12,1.2284842646114322,0.3532144524062646,0.5126609152369426
PF13920.13,30,12,1.2284842646114322,0.3532144524062646,0.5126609152369426
PF00690.32,6,3,1.8423455900024033,0.35672778008086536,0.5144147463423805
PF00082.28,6,3,1.8423455900024033,0.35672778008086536,0.5144147463423805
PF01217.27,6,3,1.8423455900024033,0.35672778008086536,0.5144147463423805
PF25013.1,6,3,1.8423455900024033,0.35672778008086536,0.5144147463423805
PF01302.32,6,3,1.8423455900024033,0.35672778008086536,0.5144147463423805
PF00850.25,6,3,1.8423455900024033,0.35672778008086536,0.5144147463423805
PF03137.27,6,3,1.8423455900024033,0.35672778008086536,0.5144147463423805
PF18044.8,6,3,1.8423455900024033,0.35672778008086536,0.5144147463423805
PF00962.29,6,3,1.8423455900024033,0.35672778008086536,0.5144147463423805
PF01007.27,6,3,1.8423455900024033,0.35672778008086536,0.5144147463423805
PF00679.31,6,3,1.8423455900024033,0.35672778008086536,0.5144147463423805
PF13419.13,6,3,1.8423455900024033,0.35672778008086536,0.5144147463423805
PF23769.2,6,3,1.8423455900024033,0.35672778008086536,0.5144147463423805
PF00610.28,6,3,1.8423455900024033,0.35672778008086536,0.5144147463423805
PF24668.2,6,3,1.8423455900024033,0.35672778008086536,0.5144147463423805
PF06747.19,6,3,1.8423455900024033,0.35672778008086536,0.5144147463423805
PF17655.8,6,3,1.8423455900024033,0.35672778008086536,0.5144147463423805
PF03144.32,14,6,1.381854256854257,0.36517088411616055,0.5257906392169689
PF13374.13,14,6,1.381854256854257,0.36517088411616055,0.5257906392169689
PF21989.3,14,6,1.381854256854257,0.36517088411616055,0.5257906392169689
PF01585.29,14,6,1.381854256854257,0.36517088411616055,0.5257906392169689
PF00153.33,33,13,1.1977475307154903,0.3671615567939945,0.5284563529880179
PF23393.3,94,35,1.0933414336791032,0.3753990100497881,0.5401076390325734
PF07719.24,61,23,1.1153738608777437,0.3859694326451711,0.5551053932736084
PF12895.14,17,7,1.2897041135434206,0.38756715703635075,0.5569809824984525
PF13604.13,17,7,1.2897041135434206,0.38756715703635075,0.5569809824984525
PF00194.27,9,4,1.4738461538461538,0.39584671357480594,0.5656656991724346
PF13903.12,9,4,1.4738461538461538,0.39584671357480594,0.5656656991724346
PF00058.24,9,4,1.4738461538461538,0.39584671357480594,0.5656656991724346
PF01421.26,9,4,1.4738461538461538,0.39584671357480594,0.5656656991724346
PF00625.28,9,4,1.4738461538461538,0.39584671357480594,0.5656656991724346
PF04321.24,9,4,1.4738461538461538,0.39584671357480594,0.5656656991724346
PF07525.22,9,4,1.4738461538461538,0.39584671357480594,0.5656656991724346
PF17039.11,9,4,1.4738461538461538,0.39584671357480594,0.5656656991724346
PF00852.27,9,4,1.4738461538461538,0.39584671357480594,0.5656656991724346
PF23106.2,9,4,1.4738461538461538,0.39584671357480594,0.5656656991724346
PF05496.19,9,4,1.4738461538461538,0.39584671357480594,0.5656656991724346
PF13519.13,9,4,1.4738461538461538,0.39584671357480594,0.5656656991724346
PF00433.30,9,4,1.4738461538461538,0.39584671357480594,0.5656656991724346
PF00481.27,9,4,1.4738461538461538,0.39584671357480594,0.5656656991724346
PF01412.24,9,4,1.4738461538461538,0.39584671357480594,0.5656656991724346
PF16367.12,20,8,1.2282643567532885,0.40593117662736444,0.5785510458768672
PF00232.25,31,12,1.1636750836629146,0.4052300059204712,0.5785510458768672
PF13176.13,20,8,1.2282643567532885,0.40593117662736444,0.5785510458768672
PF00225.30,20,8,1.2282643567532885,0.40593117662736444,0.5785510458768672
PF00130.29,20,8,1.2282643567532885,0.40593117662736444,0.5785510458768672
PF16796.12,20,8,1.2282643567532885,0.40593117662736444,0.5785510458768672
PF00226.37,31,12,1.1636750836629146,0.4052300059204712,0.5785510458768672
PF24780.2,56,21,1.1055756698044894,0.4069363816789686,0.5797659151671074
PF13181.13,45,17,1.1186830410968343,0.41205483537387255,0.5868378548830602
PF13582.13,12,5,1.3159069831346821,0.4221692228761636,0.5992181188148764
PF14670.13,12,5,1.3159069831346821,0.4221692228761636,0.5992181188148764
PF00567.31,12,5,1.3159069831346821,0.4221692228761636,0.5992181188148764
PF22675.3,12,5,1.3159069831346821,0.4221692228761636,0.5992181188148764
PF28033.1,12,5,1.3159069831346821,0.4221692228761636,0.5992181188148764
PF08447.19,12,5,1.3159069831346821,0.4221692228761636,0.5992181188148764
PF08450.19,12,5,1.3159069831346821,0.4221692228761636,0.5992181188148764
PF16656.12,23,9,1.1843733883445076,0.42147550928150823,0.5992181188148764
PF13688.13,12,5,1.3159069831346821,0.4221692228761636,0.5992181188148764
PF11938.14,4,2,1.8421432003844305,0.44038884246099486,0.6084614961023359
PF17772.8,4,2,1.8421432003844305,0.44038884246099486,0.6084614961023359
PF04857.27,4,2,1.8421432003844305,0.44038884246099486,0.6084614961023359
PF13460.13,4,2,1.8421432003844305,0.44038884246099486,0.6084614961023359
PF01483.28,4,2,1.8421432003844305,0.44038884246099486,0.6084614961023359
PF00613.27,4,2,1.8421432003844305,0.44038884246099486,0.6084614961023359
PF00638.25,4,2,1.8421432003844305,0.44038884246099486,0.6084614961023359
PF06745.20,4,2,1.8421432003844305,0.44038884246099486,0.6084614961023359
PF00383.30,4,2,1.8421432003844305,0.44038884246099486,0.6084614961023359
PF05577.19,4,2,1.8421432003844305,0.44038884246099486,0.6084614961023359
PF24357.2,4,2,1.8421432003844305,0.44038884246099486,0.6084614961023359
PF20926.4,4,2,1.8421432003844305,0.44038884246099486,0.6084614961023359
PF25361.2,4,2,1.8421432003844305,0.44038884246099486,0.6084614961023359
PF03446.22,4,2,1.8421432003844305,0.44038884246099486,0.6084614961023359
PF02786.23,4,2,1.8421432003844305,0.44038884246099486,0.6084614961023359
PF25852.1,4,2,1.8421432003844305,0.44038884246099486,0.6084614961023359
PF01734.28,4,2,1.8421432003844305,0.44038884246099486,0.6084614961023359
PF25062.2,4,2,1.8421432003844305,0.44038884246099486,0.6084614961023359
PF07738.20,4,2,1.8421432003844305,0.44038884246099486,0.6084614961023359
PF20422.4,4,2,1.8421432003844305,0.44038884246099486,0.6084614961023359
PF06920.20,4,2,1.8421432003844305,0.44038884246099486,0.6084614961023359
PF01853.25,4,2,1.8421432003844305,0.44038884246099486,0.6084614961023359
PF17171.10,4,2,1.8421432003844305,0.44038884246099486,0.6084614961023359
PF08282.19,4,2,1.8421432003844305,0.44038884246099486,0.6084614961023359
PF01501.27,4,2,1.8421432003844305,0.44038884246099486,0.6084614961023359
PF14492.13,4,2,1.8421432003844305,0.44038884246099486,0.6084614961023359
PF00631.28,4,2,1.8421432003844305,0.44038884246099486,0.6084614961023359
PF10417.15,4,2,1.8421432003844305,0.44038884246099486,0.6084614961023359
PF13896.13,4,2,1.8421432003844305,0.44038884246099486,0.6084614961023359
PF01027.27,4,2,1.8421432003844305,0.44038884246099486,0.6084614961023359
PF01731.27,4,2,1.8421432003844305,0.44038884246099486,0.6084614961023359
PF00294.30,4,2,1.8421432003844305,0.44038884246099486,0.6084614961023359
PF16470.11,4,2,1.8421432003844305,0.44038884246099486,0.6084614961023359
PF22594.3,4,2,1.8421432003844305,0.44038884246099486,0.6084614961023359
PF02847.24,4,2,1.8421432003844305,0.44038884246099486,0.6084614961023359
PF02883.27,4,2,1.8421432003844305,0.44038884246099486,0.6084614961023359
PF02825.27,4,2,1.8421432003844305,0.44038884246099486,0.6084614961023359
PF02036.23,4,2,1.8421432003844305,0.44038884246099486,0.6084614961023359
PF16746.11,4,2,1.8421432003844305,0.44038884246099486,0.6084614961023359
PF05033.23,4,2,1.8421432003844305,0.44038884246099486,0.6084614961023359
PF13229.13,4,2,1.8421432003844305,0.44038884246099486,0.6084614961023359
PF01833.31,4,2,1.8421432003844305,0.44038884246099486,0.6084614961023359
PF02136.27,4,2,1.8421432003844305,0.44038884246099486,0.6084614961023359
PF13177.13,4,2,1.8421432003844305,0.44038884246099486,0.6084614961023359
PF01459.29,4,2,1.8421432003844305,0.44038884246099486,0.6084614961023359
PF14709.14,4,2,1.8421432003844305,0.44038884246099486,0.6084614961023359
PF00288.33,4,2,1.8421432003844305,0.44038884246099486,0.6084614961023359
PF00459.31,4,2,1.8421432003844305,0.44038884246099486,0.6084614961023359
PF14523.13,4,2,1.8421432003844305,0.44038884246099486,0.6084614961023359
PF12710.14,4,2,1.8421432003844305,0.44038884246099486,0.6084614961023359
PF21029.4,4,2,1.8421432003844305,0.44038884246099486,0.6084614961023359
PF03770.23,4,2,1.8421432003844305,0.44038884246099486,0.6084614961023359
PF13640.13,4,2,1.8421432003844305,0.44038884246099486,0.6084614961023359
PF12460.15,4,2,1.8421432003844305,0.44038884246099486,0.6084614961023359
PF16472.13,4,2,1.8421432003844305,0.44038884246099486,0.6084614961023359
PF02820.25,4,2,1.8421432003844305,0.44038884246099486,0.6084614961023359
PF15413.13,4,2,1.8421432003844305,0.44038884246099486,0.6084614961023359
PF10568.16,4,2,1.8421432003844305,0.44038884246099486,0.6084614961023359
PF14429.13,4,2,1.8421432003844305,0.44038884246099486,0.6084614961023359
PF00086.24,4,2,1.8421432003844305,0.44038884246099486,0.6084614961023359
PF10607.15,4,2,1.8421432003844305,0.44038884246099486,0.6084614961023359
PF02263.26,4,2,1.8421432003844305,0.44038884246099486,0.6084614961023359
PF20421.5,4,2,1.8421432003844305,0.44038884246099486,0.6084614961023359
PF02518.32,4,2,1.8421432003844305,0.44038884246099486,0.6084614961023359
PF13432.13,26,10,1.151450409244102,0.4349482151379003,0.6084614961023359
PF23588.3,4,2,1.8421432003844305,0.44038884246099486,0.6084614961023359
PF01805.26,4,2,1.8421432003844305,0.44038884246099486,0.6084614961023359
PF00910.29,4,2,1.8421432003844305,0.44038884246099486,0.6084614961023359
PF12348.15,4,2,1.8421432003844305,0.44038884246099486,0.6084614961023359
PF13831.13,4,2,1.8421432003844305,0.44038884246099486,0.6084614961023359
PF03009.24,4,2,1.8421432003844305,0.44038884246099486,0.6084614961023359
PF02889.22,4,2,1.8421432003844305,0.44038884246099486,0.6084614961023359
PF04193.20,4,2,1.8421432003844305,0.44038884246099486,0.6084614961023359
PF00063.28,15,6,1.2281545614878948,0.4419078764557631,0.6101158963876148
PF01399.34,15,6,1.2281545614878948,0.4419078764557631,0.6101158963876148
PF00134.29,18,7,1.1723052026155225,0.4576940538750773,0.6316810623506887
PF23775.2,94,34,1.0440112994350284,0.4594403396765333,0.633860599539188
PF07859.20,63,23,1.0593274571359574,0.46008976416851965,0.6345258325173987
PF13606.13,80,29,1.047594660597008,0.4628969936934143,0.6381654048229701
PF03131.23,7,3,1.381578947368421,0.47208171612155714,0.6449686823785336
PF04756.20,7,3,1.381578947368421,0.47208171612155714,0.6449686823785336
PF08534.17,7,3,1.381578947368421,0.47208171612155714,0.6449686823785336
PF01336.32,7,3,1.381578947368421,0.47208171612155714,0.6449686823785336
PF03062.25,7,3,1.381578947368421,0.47208171612155714,0.6449686823785336
PF01408.29,7,3,1.381578947368421,0.47208171612155714,0.6449686823785336
PF00515.35,52,19,1.060671857294294,0.47097733078191767,0.6449686823785336
PF23770.2,7,3,1.381578947368421,0.47208171612155714,0.6449686823785336
PF15409.14,7,3,1.381578947368421,0.47208171612155714,0.6449686823785336
PF01066.27,7,3,1.381578947368421,0.47208171612155714,0.6449686823785336
PF00462.31,7,3,1.381578947368421,0.47208171612155714,0.6449686823785336
PF00070.34,7,3,1.381578947368421,0.47208171612155714,0.6449686823785336
PF00728.29,7,3,1.381578947368421,0.47208171612155714,0.6449686823785336
PF02894.23,7,3,1.381578947368421,0.47208171612155714,0.6449686823785336
PF01740.27,7,3,1.381578947368421,0.47208171612155714,0.6449686823785336
PF22725.2,7,3,1.381578947368421,0.47208171612155714,0.6449686823785336
PF00094.31,7,3,1.381578947368421,0.47208171612155714,0.6449686823785336
PF04408.30,7,3,1.381578947368421,0.47208171612155714,0.6449686823785336
PF00795.28,7,3,1.381578947368421,0.47208171612155714,0.6449686823785336
PF01762.28,7,3,1.381578947368421,0.47208171612155714,0.6449686823785336
PF13359.13,7,3,1.381578947368421,0.47208171612155714,0.6449686823785336
PF00641.24,7,3,1.381578947368421,0.47208171612155714,0.6449686823785336
PF25598.2,7,3,1.381578947368421,0.47208171612155714,0.6449686823785336
PF20207.5,7,3,1.381578947368421,0.47208171612155714,0.6449686823785336
PF01138.28,7,3,1.381578947368421,0.47208171612155714,0.6449686823785336
PF12146.16,24,9,1.1052707581227437,0.4821916844337154,0.6583070351714705
PF04101.23,24,9,1.1052707581227437,0.4821916844337154,0.6583070351714705
PF02214.29,10,4,1.2280448717948718,0.49134209567815584,0.6695947956188661
PF02373.29,10,4,1.2280448717948718,0.49134209567815584,0.6695947956188661
PF13574.13,10,4,1.2280448717948718,0.49134209567815584,0.6695947956188661
PF16842.12,10,4,1.2280448717948718,0.49134209567815584,0.6695947956188661
PF00855.24,10,4,1.2280448717948718,0.49134209567815584,0.6695947956188661
PF24797.2,27,10,1.0835764252740094,0.492146072322753,0.6704496224030609
PF13637.13,84,30,1.0233564478847497,0.5009473796698286,0.6821946728167012
PF24048.2,13,5,1.1512683337340708,0.5053589549463028,0.6877087069821638
PF02770.25,13,5,1.1512683337340708,0.5053589549463028,0.6877087069821638
PF25520.2,2,1,1.8419409079990392,0.5799820833166915,0.6893646692053658
PF01246.27,2,1,1.8419409079990392,0.5799820833166915,0.6893646692053658
PF06472.21,2,1,1.8419409079990392,0.5799820833166915,0.6893646692053658
PF24324.2,2,1,1.8419409079990392,0.5799820833166915,0.6893646692053658
PF03388.21,2,1,1.8419409079990392,0.5799820833166915,0.6893646692053658
PF14360.13,2,1,1.8419409079990392,0.5799820833166915,0.6893646692053658
PF17048.12,2,1,1.8419409079990392,0.5799820833166915,0.6893646692053658
PF04821.20,2,1,1.8419409079990392,0.5799820833166915,0.6893646692053658
PF08441.19,2,1,1.8419409079990392,0.5799820833166915,0.6893646692053658
PF01956.22,2,1,1.8419409079990392,0.5799820833166915,0.6893646692053658
PF17780.7,2,1,1.8419409079990392,0.5799820833166915,0.6893646692053658
PF03311.20,2,1,1.8419409079990392,0.5799820833166915,0.6893646692053658
PF13919.12,2,1,1.8419409079990392,0.5799820833166915,0.6893646692053658
PF02269.23,2,1,1.8419409079990392,0.5799820833166915,0.6893646692053658
PF25063.1,5,2,1.2279352875220246,0.5752590954025476,0.6893646692053658
PF04515.19,2,1,1.8419409079990392,0.5799820833166915,0.6893646692053658
PF17137.10,2,1,1.8419409079990392,0.5799820833166915,0.6893646692053658
PF03908.19,2,1,1.8419409079990392,0.5799820833166915,0.6893646692053658
PF12705.14,2,1,1.8419409079990392,0.5799820833166915,0.6893646692053658
PF01257.26,2,1,1.8419409079990392,0.5799820833166915,0.6893646692053658
PF06229.19,2,1,1.8419409079990392,0.5799820833166915,0.6893646692053658
PF00466.26,2,1,1.8419409079990392,0.5799820833166915,0.6893646692053658
PF04752.18,2,1,1.8419409079990392,0.5799820833166915,0.6893646692053658
PF12265.15,2,1,1.8419409079990392,0.5799820833166915,0.6893646692053658
PF16040.11,2,1,1.8419409079990392,0.5799820833166915,0.6893646692053658
PF00629.31,2,1,1.8419409079990392,0.5799820833166915,0.6893646692053658
PF11698.15,2,1,1.8419409079990392,0.5799820833166915,0.6893646692053658
PF13599.14,2,1,1.8419409079990392,0.5799820833166915,0.6893646692053658
PF17800.8,2,1,1.8419409079990392,0.5799820833166915,0.6893646692053658
PF28344.1,2,1,1.8419409079990392,0.5799820833166915,0.6893646692053658
PF11878.14,2,1,1.8419409079990392,0.5799820833166915,0.6893646692053658
PF13844.13,2,1,1.8419409079990392,0.5799820833166915,0.6893646692053658
PF02017.22,2,1,1.8419409079990392,0.5799820833166915,0.6893646692053658
PF24811.2,2,1,1.8419409079990392,0.5799820833166915,0.6893646692053658
PF04139.19,2,1,1.8419409079990392,0.5799820833166915,0.6893646692053658
PF03720.23,2,1,1.8419409079990392,0.5799820833166915,0.6893646692053658
PF12335.14,2,1,1.8419409079990392,0.5799820833166915,0.6893646692053658
PF20929.3,2,1,1.8419409079990392,0.5799820833166915,0.6893646692053658
PF05761.21,2,1,1.8419409079990392,0.5799820833166915,0.6893646692053658
PF00849.28,2,1,1.8419409079990392,0.5799820833166915,0.6893646692053658
PF20811.3,2,1,1.8419409079990392,0.5799820833166915,0.6893646692053658
PF17832.8,2,1,1.8419409079990392,0.5799820833166915,0.6893646692053658
PF04104.20,2,1,1.8419409079990392,0.5799820833166915,0.6893646692053658
PF14444.13,2,1,1.8419409079990392,0.5799820833166915,0.6893646692053658
PF13472.13,2,1,1.8419409079990392,0.5799820833166915,0.6893646692053658
PF08212.19,5,2,1.2279352875220246,0.5752590954025476,0.6893646692053658
PF00658.25,2,1,1.8419409079990392,0.5799820833166915,0.6893646692053658
PF03370.19,2,1,1.8419409079990392,0.5799820833166915,0.6893646692053658
PF12931.14,2,1,1.8419409079990392,0.5799820833166915,0.6893646692053658
PF02793.28,5,2,1.2279352875220246,0.5752590954025476,0.6893646692053658
PF00530.24,2,1,1.8419409079990392,0.5799820833166915,0.6893646692053658
PF01400.32,8,3,1.1051189617880317,0.5767547321584814,0.6893646692053658
PF01812.27,2,1,1.8419409079990392,0.5799820833166915,0.6893646692053658
PF00588.25,2,1,1.8419409079990392,0.5799820833166915,0.6893646692053658
PF10350.16,2,1,1.8419409079990392,0.5799820833166915,0.6893646692053658
PF01556.24,5,2,1.2279352875220246,0.5752590954025476,0.6893646692053658
PF24883.3,5,2,1.2279352875220246,0.5752590954025476,0.6893646692053658
PF05147.20,2,1,1.8419409079990392,0.5799820833166915,0.6893646692053658
PF14681.13,2,1,1.8419409079990392,0.5799820833166915,0.6893646692053658
PF04258.19,2,1,1.8419409079990392,0.5799820833166915,0.6893646692053658
PF08755.17,2,1,1.8419409079990392,0.5799820833166915,0.6893646692053658
PF04055.28,5,2,1.2279352875220246,0.5752590954025476,0.6893646692053658
PF04516.21,2,1,1.8419409079990392,0.5799820833166915,0.6893646692053658
PF00596.28,2,1,1.8419409079990392,0.5799820833166915,0.6893646692053658
PF00297.29,2,1,1.8419409079990392,0.5799820833166915,0.6893646692053658
PF02862.23,2,1,1.8419409079990392,0.5799820833166915,0.6893646692053658
PF14382.13,2,1,1.8419409079990392,0.5799820833166915,0.6893646692053658
PF01946.24,2,1,1.8419409079990392,0.5799820833166915,0.6893646692053658
PF04750.20,8,3,1.1051189617880317,0.5767547321584814,0.6893646692053658
PF18148.7,2,1,1.8419409079990392,0.5799820833166915,0.6893646692053658
PF12838.13,2,1,1.8419409079990392,0.5799820833166915,0.6893646692053658
PF08366.19,2,1,1.8419409079990392,0.5799820833166915,0.6893646692053658
PF08543.18,2,1,1.8419409079990392,0.5799820833166915,0.6893646692053658
PF13378.13,2,1,1.8419409079990392,0.5799820833166915,0.6893646692053658
PF00276.26,2,1,1.8419409079990392,0.5799820833166915,0.6893646692053658
PF00773.26,2,1,1.8419409079990392,0.5799820833166915,0.6893646692053658
PF01562.25,5,2,1.2279352875220246,0.5752590954025476,0.6893646692053658
PF14703.13,2,1,1.8419409079990392,0.5799820833166915,0.6893646692053658
PF25300.1,2,1,1.8419409079990392,0.5799820833166915,0.6893646692053658
PF02366.25,2,1,1.8419409079990392,0.5799820833166915,0.6893646692053658
PF04900.19,2,1,1.8419409079990392,0.5799820833166915,0.6893646692053658
PF28208.1,2,1,1.8419409079990392,0.5799820833166915,0.6893646692053658
PF21353.4,2,1,1.8419409079990392,0.5799820833166915,0.6893646692053658
PF19314.5,2,1,1.8419409079990392,0.5799820833166915,0.6893646692053658
PF26080.1,2,1,1.8419409079990392,0.5799820833166915,0.6893646692053658
PF10500.15,2,1,1.8419409079990392,0.5799820833166915,0.6893646692053658
PF21098.4,2,1,1.8419409079990392,0.5799820833166915,0.6893646692053658
PF21534.2,5,2,1.2279352875220246,0.5752590954025476,0.6893646692053658
PF01513.27,2,1,1.8419409079990392,0.5799820833166915,0.6893646692053658
PF03167.26,2,1,1.8419409079990392,0.5799820833166915,0.6893646692053658
PF00450.29,11,4,1.0524725274725275,0.5797631047353169,0.6893646692053658
PF01873.24,2,1,1.8419409079990392,0.5799820833166915,0.6893646692053658
PF03371.21,2,1,1.8419409079990392,0.5799820833166915,0.6893646692053658
PF03127.20,2,1,1.8419409079990392,0.5799820833166915,0.6893646692053658
PF05253.19,2,1,1.8419409079990392,0.5799820833166915,0.6893646692053658
PF01451.28,2,1,1.8419409079990392,0.5799820833166915,0.6893646692053658
PF06467.21,2,1,1.8419409079990392,0.5799820833166915,0.6893646692053658
PF04762.19,2,1,1.8419409079990392,0.5799820833166915,0.6893646692053658
PF03054.23,2,1,1.8419409079990392,0.5799820833166915,0.6893646692053658
PF18483.9,2,1,1.8419409079990392,0.5799820833166915,0.6893646692053658
PF21021.4,2,1,1.8419409079990392,0.5799820833166915,0.6893646692053658
PF00237.25,2,1,1.8419409079990392,0.5799820833166915,0.6893646692053658
PF24499.2,2,1,1.8419409079990392,0.5799820833166915,0.6893646692053658
PF21801.4,2,1,1.8419409079990392,0.5799820833166915,0.6893646692053658
PF08726.17,2,1,1.8419409079990392,0.5799820833166915,0.6893646692053658
PF21712.4,2,1,1.8419409079990392,0.5799820833166915,0.6893646692053658
PF03142.22,2,1,1.8419409079990392,0.5799820833166915,0.6893646692053658
PF20665.4,2,1,1.8419409079990392,0.5799820833166915,0.6893646692053658
PF16893.12,2,1,1.8419409079990392,0.5799820833166915,0.6893646692053658
PF00185.31,2,1,1.8419409079990392,0.5799820833166915,0.6893646692053658
PF05686.19,2,1,1.8419409079990392,0.5799820833166915,0.6893646692053658
PF02961.23,2,1,1.8419409079990392,0.5799820833166915,0.6893646692053658
PF01437.32,8,3,1.1051189617880317,0.5767547321584814,0.6893646692053658
PF18290.8,2,1,1.8419409079990392,0.5799820833166915,0.6893646692053658
PF02197.23,2,1,1.8419409079990392,0.5799820833166915,0.6893646692053658
PF09744.15,2,1,1.8419409079990392,0.5799820833166915,0.6893646692053658
PF17763.7,2,1,1.8419409079990392,0.5799820833166915,0.6893646692053658
PF05721.20,5,2,1.2279352875220246,0.5752590954025476,0.6893646692053658
PF23389.2,45,16,1.01619392810827,0.5355951068592171,0.6893646692053658
PF02188.23,2,1,1.8419409079990392,0.5799820833166915,0.6893646692053658
PF04178.19,2,1,1.8419409079990392,0.5799820833166915,0.6893646692053658
PF03725.21,2,1,1.8419409079990392,0.5799820833166915,0.6893646692053658
PF18020.8,2,1,1.8419409079990392,0.5799820833166915,0.6893646692053658
PF00927.29,2,1,1.8419409079990392,0.5799820833166915,0.6893646692053658
PF05351.18,2,1,1.8419409079990392,0.5799820833166915,0.6893646692053658
PF16870.11,2,1,1.8419409079990392,0.5799820833166915,0.6893646692053658
PF01485.28,5,2,1.2279352875220246,0.5752590954025476,0.6893646692053658
PF01044.26,5,2,1.2279352875220246,0.5752590954025476,0.6893646692053658
PF00319.24,2,1,1.8419409079990392,0.5799820833166915,0.6893646692053658
PF01843.26,2,1,1.8419409079990392,0.5799820833166915,0.6893646692053658
PF04124.19,2,1,1.8419409079990392,0.5799820833166915,0.6893646692053658
PF11608.14,2,1,1.8419409079990392,0.5799820833166915,0.6893646692053658
PF13886.13,2,1,1.8419409079990392,0.5799820833166915,0.6893646692053658
PF25396.2,2,1,1.8419409079990392,0.5799820833166915,0.6893646692053658
PF17777.7,2,1,1.8419409079990392,0.5799820833166915,0.6893646692053658
PF02318.23,2,1,1.8419409079990392,0.5799820833166915,0.6893646692053658
PF27602.1,2,1,1.8419409079990392,0.5799820833166915,0.6893646692053658
PF10509.16,2,1,1.8419409079990392,0.5799820833166915,0.6893646692053658
PF16172.11,2,1,1.8419409079990392,0.5799820833166915,0.6893646692053658
PF00782.26,19,7,1.0744727768422742,0.5258741354651277,0.6893646692053658
PF20931.3,2,1,1.8419409079990392,0.5799820833166915,0.6893646692053658
PF13638.13,5,2,1.2279352875220246,0.5752590954025476,0.6893646692053658
PF19277.5,2,1,1.8419409079990392,0.5799820833166915,0.6893646692053658
PF10363.16,2,1,1.8419409079990392,0.5799820833166915,0.6893646692053658
PF21287.4,8,3,1.1051189617880317,0.5767547321584814,0.6893646692053658
PF05048.20,2,1,1.8419409079990392,0.5799820833166915,0.6893646692053658
PF20806.4,2,1,1.8419409079990392,0.5799820833166915,0.6893646692053658
PF04734.19,2,1,1.8419409079990392,0.5799820833166915,0.6893646692053658
PF02201.24,2,1,1.8419409079990392,0.5799820833166915,0.6893646692053658
PF02911.24,2,1,1.8419409079990392,0.5799820833166915,0.6893646692053658
PF04791.22,2,1,1.8419409079990392,0.5799820833166915,0.6893646692053658
PF20666.4,2,1,1.8419409079990392,0.5799820833166915,0.6893646692053658
PF11835.15,2,1,1.8419409079990392,0.5799820833166915,0.6893646692053658
PF11977.15,2,1,1.8419409079990392,0.5799820833166915,0.6893646692053658
PF03360.22,2,1,1.8419409079990392,0.5799820833166915,0.6893646692053658
PF18957.7,2,1,1.8419409079990392,0.5799820833166915,0.6893646692053658
PF08372.17,2,1,1.8419409079990392,0.5799820833166915,0.6893646692053658
PF19037.7,2,1,1.8419409079990392,0.5799820833166915,0.6893646692053658
PF16203.12,2,1,1.8419409079990392,0.5799820833166915,0.6893646692053658
PF00038.27,2,1,1.8419409079990392,0.5799820833166915,0.6893646692053658
PF20413.5,2,1,1.8419409079990392,0.5799820833166915,0.6893646692053658
PF03920.21,2,1,1.8419409079990392,0.5799820833166915,0.6893646692053658
PF05195.23,2,1,1.8419409079990392,0.5799820833166915,0.6893646692053658
PF14671.12,2,1,1.8419409079990392,0.5799820833166915,0.6893646692053658
PF25379.2,2,1,1.8419409079990392,0.5799820833166915,0.6893646692053658
PF16401.11,2,1,1.8419409079990392,0.5799820833166915,0.6893646692053658
PF05712.19,2,1,1.8419409079990392,0.5799820833166915,0.6893646692053658
PF02129.25,2,1,1.8419409079990392,0.5799820833166915,0.6893646692053658
PF16020.11,2,1,1.8419409079990392,0.5799820833166915,0.6893646692053658
PF13625.12,2,1,1.8419409079990392,0.5799820833166915,0.6893646692053658
PF24973.2,8,3,1.1051189617880317,0.5767547321584814,0.6893646692053658
PF09336.17,5,2,1.2279352875220246,0.5752590954025476,0.6893646692053658
PF05028.21,2,1,1.8419409079990392,0.5799820833166915,0.6893646692053658
PF08742.17,2,1,1.8419409079990392,0.5799820833166915,0.6893646692053658
PF04494.21,2,1,1.8419409079990392,0.5799820833166915,0.6893646692053658
PF04199.20,2,1,1.8419409079990392,0.5799820833166915,0.6893646692053658
PF03134.25,2,1,1.8419409079990392,0.5799820833166915,0.6893646692053658
PF05739.26,8,3,1.1051189617880317,0.5767547321584814,0.6893646692053658
PF12371.15,2,1,1.8419409079990392,0.5799820833166915,0.6893646692053658
PF21634.4,2,1,1.8419409079990392,0.5799820833166915,0.6893646692053658
PF00231.25,2,1,1.8419409079990392,0.5799820833166915,0.6893646692053658
PF23278.2,2,1,1.8419409079990392,0.5799820833166915,0.6893646692053658
PF07200.19,2,1,1.8419409079990392,0.5799820833166915,0.6893646692053658
PF25521.2,2,1,1.8419409079990392,0.5799820833166915,0.6893646692053658
PF01644.24,2,1,1.8419409079990392,0.5799820833166915,0.6893646692053658
PF07165.17,2,1,1.8419409079990392,0.5799820833166915,0.6893646692053658
PF02815.26,5,2,1.2279352875220246,0.5752590954025476,0.6893646692053658
PF07159.18,2,1,1.8419409079990392,0.5799820833166915,0.6893646692053658
PF24943.1,2,1,1.8419409079990392,0.5799820833166915,0.6893646692053658
PF16041.11,2,1,1.8419409079990392,0.5799820833166915,0.6893646692053658
PF22041.2,2,1,1.8419409079990392,0.5799820833166915,0.6893646692053658
PF23098.2,65,23,1.0086188061314842,0.533628257000451,0.6893646692053658
PF09412.16,2,1,1.8419409079990392,0.5799820833166915,0.6893646692053658
PF01813.23,2,1,1.8419409079990392,0.5799820833166915,0.6893646692053658
PF16453.12,2,1,1.8419409079990392,0.5799820833166915,0.6893646692053658
PF12017.14,2,1,1.8419409079990392,0.5799820833166915,0.6893646692053658
PF08003.18,2,1,1.8419409079990392,0.5799820833166915,0.6893646692053658
PF00917.33,2,1,1.8419409079990392,0.5799820833166915,0.6893646692053658
PF22191.3,5,2,1.2279352875220246,0.5752590954025476,0.6893646692053658
PF17803.8,2,1,1.8419409079990392,0.5799820833166915,0.6893646692053658
PF00573.28,2,1,1.8419409079990392,0.5799820833166915,0.6893646692053658
PF00244.27,2,1,1.8419409079990392,0.5799820833166915,0.6893646692053658
PF17674.8,2,1,1.8419409079990392,0.5799820833166915,0.6893646692053658
PF01529.26,11,4,1.0524725274725275,0.5797631047353169,0.6893646692053658
PF05190.24,2,1,1.8419409079990392,0.5799820833166915,0.6893646692053658
PF05210.19,2,1,1.8419409079990392,0.5799820833166915,0.6893646692053658
PF00550.32,5,2,1.2279352875220246,0.5752590954025476,0.6893646692053658
PF16177.12,2,1,1.8419409079990392,0.5799820833166915,0.6893646692053658
PF16061.11,2,1,1.8419409079990392,0.5799820833166915,0.6893646692053658
PF00657.29,2,1,1.8419409079990392,0.5799820833166915,0.6893646692053658
PF26292.1,2,1,1.8419409079990392,0.5799820833166915,0.6893646692053658
PF25578.2,2,1,1.8419409079990392,0.5799820833166915,0.6893646692053658
PF01049.23,2,1,1.8419409079990392,0.5799820833166915,0.6893646692053658
PF00485.25,2,1,1.8419409079990392,0.5799820833166915,0.6893646692053658
PF05804.18,2,1,1.8419409079990392,0.5799820833166915,0.6893646692053658
PF17787.8,2,1,1.8419409079990392,0.5799820833166915,0.6893646692053658
PF12848.14,2,1,1.8419409079990392,0.5799820833166915,0.6893646692053658
PF06201.20,2,1,1.8419409079990392,0.5799820833166915,0.6893646692053658
PF01388.28,8,3,1.1051189617880317,0.5767547321584814,0.6893646692053658
PF06337.18,2,1,1.8419409079990392,0.5799820833166915,0.6893646692053658
PF00180.26,5,2,1.2279352875220246,0.5752590954025476,0.6893646692053658
PF01974.24,2,1,1.8419409079990392,0.5799820833166915,0.6893646692053658
PF01583.27,2,1,1.8419409079990392,0.5799820833166915,0.6893646692053658
PF00152.26,5,2,1.2279352875220246,0.5752590954025476,0.6893646692053658
PF07527.19,5,2,1.2279352875220246,0.5752590954025476,0.6893646692053658
PF01299.24,2,1,1.8419409079990392,0.5799820833166915,0.6893646692053658
PF00710.26,2,1,1.8419409079990392,0.5799820833166915,0.6893646692053658
PF10111.15,5,2,1.2279352875220246,0.5752590954025476,0.6893646692053658
PF09279.18,2,1,1.8419409079990392,0.5799820833166915,0.6893646692053658
PF16543.11,2,1,1.8419409079990392,0.5799820833166915,0.6893646692053658
PF01778.23,2,1,1.8419409079990392,0.5799820833166915,0.6893646692053658
PF10456.15,2,1,1.8419409079990392,0.5799820833166915,0.6893646692053658
PF22631.3,2,1,1.8419409079990392,0.5799820833166915,0.6893646692053658
PF01070.25,2,1,1.8419409079990392,0.5799820833166915,0.6893646692053658
PF01470.23,2,1,1.8419409079990392,0.5799820833166915,0.6893646692053658
PF01131.26,2,1,1.8419409079990392,0.5799820833166915,0.6893646692053658
PF00026.29,2,1,1.8419409079990392,0.5799820833166915,0.6893646692053658
PF16192.11,2,1,1.8419409079990392,0.5799820833166915,0.6893646692053658
PF08777.18,5,2,1.2279352875220246,0.5752590954025476,0.6893646692053658
PF01176.26,2,1,1.8419409079990392,0.5799820833166915,0.6893646692053658
PF06859.19,2,1,1.8419409079990392,0.5799820833166915,0.6893646692053658
PF01018.29,2,1,1.8419409079990392,0.5799820833166915,0.6893646692053658
PF00857.27,2,1,1.8419409079990392,0.5799820833166915,0.6893646692053658
PF19047.6,2,1,1.8419409079990392,0.5799820833166915,0.6893646692053658
PF09457.16,2,1,1.8419409079990392,0.5799820833166915,0.6893646692053658
PF20305.5,2,1,1.8419409079990392,0.5799820833166915,0.6893646692053658
PF00118.30,11,4,1.0524725274725275,0.5797631047353169,0.6893646692053658
PF05029.20,2,1,1.8419409079990392,0.5799820833166915,0.6893646692053658
PF23325.2,2,1,1.8419409079990392,0.5799820833166915,0.6893646692053658
PF03381.21,2,1,1.8419409079990392,0.5799820833166915,0.6893646692053658
PF02114.23,2,1,1.8419409079990392,0.5799820833166915,0.6893646692053658
PF14437.13,2,1,1.8419409079990392,0.5799820833166915,0.6893646692053658
PF22766.3,2,1,1.8419409079990392,0.5799820833166915,0.6893646692053658
PF25088.2,2,1,1.8419409079990392,0.5799820833166915,0.6893646692053658
PF03416.26,2,1,1.8419409079990392,0.5799820833166915,0.6893646692053658
PF06068.20,8,3,1.1051189617880317,0.5767547321584814,0.6893646692053658
PF00266.26,8,3,1.1051189617880317,0.5767547321584814,0.6893646692053658
PF23082.2,2,1,1.8419409079990392,0.5799820833166915,0.6893646692053658
PF04777.19,2,1,1.8419409079990392,0.5799820833166915,0.6893646692053658
PF11717.15,5,2,1.2279352875220246,0.5752590954025476,0.6893646692053658
PF16984.11,2,1,1.8419409079990392,0.5799820833166915,0.6893646692053658
PF25151.2,2,1,1.8419409079990392,0.5799820833166915,0.6893646692053658
PF21678.4,2,1,1.8419409079990392,0.5799820833166915,0.6893646692053658
PF01633.27,2,1,1.8419409079990392,0.5799820833166915,0.6893646692053658
PF00808.30,8,3,1.1051189617880317,0.5767547321584814,0.6893646692053658
PF13704.14,2,1,1.8419409079990392,0.5799820833166915,0.6893646692053658
PF04377.22,2,1,1.8419409079990392,0.5799820833166915,0.6893646692053658
PF26466.1,2,1,1.8419409079990392,0.5799820833166915,0.6893646692053658
PF00586.30,2,1,1.8419409079990392,0.5799820833166915,0.6893646692053658
PF01490.25,22,8,1.0525230303863604,0.5339987384338443,0.6893646692053658
PF07004.18,2,1,1.8419409079990392,0.5799820833166915,0.6893646692053658
PF15469.13,2,1,1.8419409079990392,0.5799820833166915,0.6893646692053658
PF01221.24,2,1,1.8419409079990392,0.5799820833166915,0.6893646692053658
PF21273.4,2,1,1.8419409079990392,0.5799820833166915,0.6893646692053658
PF08397.17,2,1,1.8419409079990392,0.5799820833166915,0.6893646692053658
PF14651.13,2,1,1.8419409079990392,0.5799820833166915,0.6893646692053658
PF23010.3,2,1,1.8419409079990392,0.5799820833166915,0.6893646692053658
PF06916.19,2,1,1.8419409079990392,0.5799820833166915,0.6893646692053658
PF01039.28,2,1,1.8419409079990392,0.5799820833166915,0.6893646692053658
PF15630.13,2,1,1.8419409079990392,0.5799820833166915,0.6893646692053658
PF23000.3,2,1,1.8419409079990392,0.5799820833166915,0.6893646692053658
PF02437.24,2,1,1.8419409079990392,0.5799820833166915,0.6893646692053658
PF01928.27,2,1,1.8419409079990392,0.5799820833166915,0.6893646692053658
PF23517.2,2,1,1.8419409079990392,0.5799820833166915,0.6893646692053658
PF16489.12,2,1,1.8419409079990392,0.5799820833166915,0.6893646692053658
PF10358.16,2,1,1.8419409079990392,0.5799820833166915,0.6893646692053658
PF20638.4,2,1,1.8419409079990392,0.5799820833166915,0.6893646692053658
PF14639.12,2,1,1.8419409079990392,0.5799820833166915,0.6893646692053658
PF12130.14,2,1,1.8419409079990392,0.5799820833166915,0.6893646692053658
PF00346.25,2,1,1.8419409079990392,0.5799820833166915,0.6893646692053658
PF01041.24,2,1,1.8419409079990392,0.5799820833166915,0.6893646692053658
PF20965.3,2,1,1.8419409079990392,0.5799820833166915,0.6893646692053658
PF25466.1,2,1,1.8419409079990392,0.5799820833166915,0.6893646692053658
PF16028.11,2,1,1.8419409079990392,0.5799820833166915,0.6893646692053658
PF07528.21,2,1,1.8419409079990392,0.5799820833166915,0.6893646692053658
PF00989.32,11,4,1.0524725274725275,0.5797631047353169,0.6893646692053658
PF05004.20,2,1,1.8419409079990392,0.5799820833166915,0.6893646692053658
PF10263.16,2,1,1.8419409079990392,0.5799820833166915,0.6893646692053658
PF08265.17,2,1,1.8419409079990392,0.5799820833166915,0.6893646692053658
PF07774.20,2,1,1.8419409079990392,0.5799820833166915,0.6893646692053658
PF21343.3,2,1,1.8419409079990392,0.5799820833166915,0.6893646692053658
PF14721.13,2,1,1.8419409079990392,0.5799820833166915,0.6893646692053658
PF28219.1,2,1,1.8419409079990392,0.5799820833166915,0.6893646692053658
PF21524.4,2,1,1.8419409079990392,0.5799820833166915,0.6893646692053658
PF02913.25,2,1,1.8419409079990392,0.5799820833166915,0.6893646692053658
PF04194.19,2,1,1.8419409079990392,0.5799820833166915,0.6893646692053658
PF04893.23,2,1,1.8419409079990392,0.5799820833166915,0.6893646692053658
PF01170.25,2,1,1.8419409079990392,0.5799820833166915,0.6893646692053658
PF16414.12,2,1,1.8419409079990392,0.5799820833166915,0.6893646692053658
PF02969.24,2,1,1.8419409079990392,0.5799820833166915,0.6893646692053658
PF02234.25,2,1,1.8419409079990392,0.5799820833166915,0.6893646692053658
PF05873.18,2,1,1.8419409079990392,0.5799820833166915,0.6893646692053658
PF08337.18,2,1,1.8419409079990392,0.5799820833166915,0.6893646692053658
PF21236.4,2,1,1.8419409079990392,0.5799820833166915,0.6893646692053658
PF22241.3,2,1,1.8419409079990392,0.5799820833166915,0.6893646692053658
PF00689.27,5,2,1.2279352875220246,0.5752590954025476,0.6893646692053658
PF01591.25,2,1,1.8419409079990392,0.5799820833166915,0.6893646692053658
PF10277.16,2,1,1.8419409079990392,0.5799820833166915,0.6893646692053658
PF00722.29,5,2,1.2279352875220246,0.5752590954025476,0.6893646692053658
PF12068.15,2,1,1.8419409079990392,0.5799820833166915,0.6893646692053658
PF17960.8,2,1,1.8419409079990392,0.5799820833166915,0.6893646692053658
PF00274.26,2,1,1.8419409079990392,0.5799820833166915,0.6893646692053658
PF01769.22,2,1,1.8419409079990392,0.5799820833166915,0.6893646692053658
PF26019.2,2,1,1.8419409079990392,0.5799820833166915,0.6893646692053658
PF03835.22,2,1,1.8419409079990392,0.5799820833166915,0.6893646692053658
PF10257.16,2,1,1.8419409079990392,0.5799820833166915,0.6893646692053658
PF02421.25,11,4,1.0524725274725275,0.5797631047353169,0.6893646692053658
PF25416.2,2,1,1.8419409079990392,0.5799820833166915,0.6893646692053658
PF25150.2,2,1,1.8419409079990392,0.5799820833166915,0.6893646692053658
PF12831.14,2,1,1.8419409079990392,0.5799820833166915,0.6893646692053658
PF06702.19,2,1,1.8419409079990392,0.5799820833166915,0.6893646692053658
PF10256.15,2,1,1.8419409079990392,0.5799820833166915,0.6893646692053658
PF01624.26,2,1,1.8419409079990392,0.5799820833166915,0.6893646692053658
PF16178.11,2,1,1.8419409079990392,0.5799820833166915,0.6893646692053658
PF04627.19,2,1,1.8419409079990392,0.5799820833166915,0.6893646692053658
PF02615.20,2,1,1.8419409079990392,0.5799820833166915,0.6893646692053658
PF03987.21,2,1,1.8419409079990392,0.5799820833166915,0.6893646692053658
PF14833.12,2,1,1.8419409079990392,0.5799820833166915,0.6893646692053658
PF00334.25,5,2,1.2279352875220246,0.5752590954025476,0.6893646692053658
PF01042.27,2,1,1.8419409079990392,0.5799820833166915,0.6893646692053658
PF03368.20,2,1,1.8419409079990392,0.5799820833166915,0.6893646692053658
PF01256.23,2,1,1.8419409079990392,0.5799820833166915,0.6893646692053658
PF00350.30,8,3,1.1051189617880317,0.5767547321584814,0.6893646692053658
PF01846.26,2,1,1.8419409079990392,0.5799820833166915,0.6893646692053658
PF13901.13,2,1,1.8419409079990392,0.5799820833166915,0.6893646692053658
PF13850.12,2,1,1.8419409079990392,0.5799820833166915,0.6893646692053658
PF27556.1,2,1,1.8419409079990392,0.5799820833166915,0.6893646692053658
PF02736.26,2,1,1.8419409079990392,0.5799820833166915,0.6893646692053658
PF00312.28,2,1,1.8419409079990392,0.5799820833166915,0.6893646692053658
PF00890.31,8,3,1.1051189617880317,0.5767547321584814,0.6893646692053658
PF10262.16,2,1,1.8419409079990392,0.5799820833166915,0.6893646692053658
PF08598.17,2,1,1.8419409079990392,0.5799820833166915,0.6893646692053658
PF02383.24,5,2,1.2279352875220246,0.5752590954025476,0.6893646692053658
PF04916.19,2,1,1.8419409079990392,0.5799820833166915,0.6893646692053658
PF17876.8,2,1,1.8419409079990392,0.5799820833166915,0.6893646692053658
PF15494.12,2,1,1.8419409079990392,0.5799820833166915,0.6893646692053658
PF01058.30,2,1,1.8419409079990392,0.5799820833166915,0.6893646692053658
PF14697.12,2,1,1.8419409079990392,0.5799820833166915,0.6893646692053658
PF17849.8,2,1,1.8419409079990392,0.5799820833166915,0.6893646692053658
PF13661.13,2,1,1.8419409079990392,0.5799820833166915,0.6893646692053658
PF03567.21,5,2,1.2279352875220246,0.5752590954025476,0.6893646692053658
PF22314.3,2,1,1.8419409079990392,0.5799820833166915,0.6893646692053658
PF00992.26,2,1,1.8419409079990392,0.5799820833166915,0.6893646692053658
PF26034.1,2,1,1.8419409079990392,0.5799820833166915,0.6893646692053658
PF21310.4,2,1,1.8419409079990392,0.5799820833166915,0.6893646692053658
PF08416.20,2,1,1.8419409079990392,0.5799820833166915,0.6893646692053658
PF01248.32,5,2,1.2279352875220246,0.5752590954025476,0.6893646692053658
PF03155.22,2,1,1.8419409079990392,0.5799820833166915,0.6893646692053658
PF00730.32,2,1,1.8419409079990392,0.5799820833166915,0.6893646692053658
PF23171.1,2,1,1.8419409079990392,0.5799820833166915,0.6893646692053658
PF04511.21,2,1,1.8419409079990392,0.5799820833166915,0.6893646692053658
PF07970.18,2,1,1.8419409079990392,0.5799820833166915,0.6893646692053658
PF02222.28,2,1,1.8419409079990392,0.5799820833166915,0.6893646692053658
PF06325.20,11,4,1.0524725274725275,0.5797631047353169,0.6893646692053658
PF07651.23,2,1,1.8419409079990392,0.5799820833166915,0.6893646692053658
PF14635.13,2,1,1.8419409079990392,0.5799820833166915,0.6893646692053658
PF00538.26,5,2,1.2279352875220246,0.5752590954025476,0.6893646692053658
PF00403.33,2,1,1.8419409079990392,0.5799820833166915,0.6893646692053658
PF24479.2,2,1,1.8419409079990392,0.5799820833166915,0.6893646692053658
PF00868.27,2,1,1.8419409079990392,0.5799820833166915,0.6893646692053658
PF24552.2,2,1,1.8419409079990392,0.5799820833166915,0.6893646692053658
PF00003.29,8,3,1.1051189617880317,0.5767547321584814,0.6893646692053658
PF03607.24,2,1,1.8419409079990392,0.5799820833166915,0.6893646692053658
PF07534.23,5,2,1.2279352875220246,0.5752590954025476,0.6893646692053658
PF01534.24,5,2,1.2279352875220246,0.5752590954025476,0.6893646692053658
PF02898.21,2,1,1.8419409079990392,0.5799820833166915,0.6893646692053658
PF02755.21,2,1,1.8419409079990392,0.5799820833166915,0.6893646692053658
PF00201.25,39,14,1.031479518072289,0.5233078197343748,0.6893646692053658
PF27570.1,2,1,1.8419409079990392,0.5799820833166915,0.6893646692053658
PF08547.19,2,1,1.8419409079990392,0.5799820833166915,0.6893646692053658
PF22248.2,2,1,1.8419409079990392,0.5799820833166915,0.6893646692053658
PF15411.13,2,1,1.8419409079990392,0.5799820833166915,0.6893646692053658
PF19422.5,2,1,1.8419409079990392,0.5799820833166915,0.6893646692053658
PF06722.19,39,14,1.031479518072289,0.5233078197343748,0.6893646692053658
PF11069.14,2,1,1.8419409079990392,0.5799820833166915,0.6893646692053658
PF01153.26,2,1,1.8419409079990392,0.5799820833166915,0.6893646692053658
PF14691.12,2,1,1.8419409079990392,0.5799820833166915,0.6893646692053658
PF23554.3,2,1,1.8419409079990392,0.5799820833166915,0.6893646692053658
PF00255.26,2,1,1.8419409079990392,0.5799820833166915,0.6893646692053658
PF10250.16,2,1,1.8419409079990392,0.5799820833166915,0.6893646692053658
PF23023.2,5,2,1.2279352875220246,0.5752590954025476,0.6893646692053658
PF20742.4,2,1,1.8419409079990392,0.5799820833166915,0.6893646692053658
PF16363.12,8,3,1.1051189617880317,0.5767547321584814,0.6893646692053658
PF00023.37,88,31,1.001659726378613,0.5373154934313862,0.6893646692053658
PF00326.28,14,5,1.0232160508669286,0.5832412165186038,0.6921542619554529
PF00028.24,14,5,1.0232160508669286,0.5832412165186038,0.6921542619554529
PF22785.2,14,5,1.0232160508669286,0.5832412165186038,0.6921542619554529
PF12763.14,14,5,1.0232160508669286,0.5832412165186038,0.6921542619554529
PF16755.12,14,5,1.0232160508669286,0.5832412165186038,0.6921542619554529
PF00583.32,17,6,1.0045913682277319,0.5868503251571758,0.6957844167644766
PF07992.21,17,6,1.0045913682277319,0.5868503251571758,0.6957844167644766
PF00503.27,17,6,1.0045913682277319,0.5868503251571758,0.6957844167644766
PF13445.13,23,8,0.9822264998395893,0.5940111273150899,0.7040544258148863
PF07648.21,26,9,0.9749840730516033,0.5974837385510297,0.7079491892762668
PF13414.13,32,11,0.9646268331556075,0.6041611362394566,0.7156376368693407
PF23756.2,44,15,0.9524521903907048,0.6164797258376509,0.7297735038465046
PF23410.5,44,15,0.9524521903907048,0.6164797258376509,0.7297735038465046
PF01370.28,47,16,0.9503841727066289,0.6193650223000718,0.7329603539009584
PF12796.14,91,31,0.9512017098153077,0.6276571903833164,0.7425417462782358
PF08242.19,21,7,0.9207361077700265,0.6502549423849662,0.7687962765374141
PF02719.22,21,7,0.9207361077700265,0.6502549423849662,0.7687962765374141
PF13516.13,30,10,0.9206788637457872,0.6507791472738229,0.7691763503915527
PF00102.33,18,6,0.9207551707551708,0.6514284607982253,0.7694643774185761
PF13489.13,18,6,0.9207551707551708,0.6514284607982253,0.7694643774185761
PF00010.32,33,11,0.9206597640260052,0.6516884461994407,0.7695318907191653
PF15868.11,15,5,0.9207742245732147,0.6539078865500243,0.7714323761103209
PF23760.2,15,5,0.9207742245732147,0.6539078865500243,0.7714323761103209
PF13174.13,15,5,0.9207742245732147,0.6539078865500243,0.7714323761103209
PF00022.26,12,4,0.9207932692307692,0.6585600456648937,0.7757146269023927
PF07724.21,12,4,0.9207932692307692,0.6585600456648937,0.7757146269023927
PF28399.1,12,4,0.9207932692307692,0.6585600456648937,0.7757146269023927
PF00622.37,12,4,0.9207932692307692,0.6585600456648937,0.7757146269023927
PF09342.17,12,4,0.9207932692307692,0.6585600456648937,0.7757146269023927
PF00067.28,104,35,0.9336576565192821,0.6642379284746244,0.782159745696066
PF06723.20,9,3,0.9208123047344389,0.6672087414503189,0.7837120634868452
PF13098.14,9,3,0.9208123047344389,0.6672087414503189,0.7837120634868452
PF00474.24,9,3,0.9208123047344389,0.6672087414503189,0.7837120634868452
PF24161.2,9,3,0.9208123047344389,0.6672087414503189,0.7837120634868452
PF13905.13,9,3,0.9208123047344389,0.6672087414503189,0.7837120634868452
PF06293.21,9,3,0.9208123047344389,0.6672087414503189,0.7837120634868452
PF00254.35,9,3,0.9208123047344389,0.6672087414503189,0.7837120634868452
PF14658.13,9,3,0.9208123047344389,0.6672087414503189,0.7837120634868452
PF13843.13,6,2,0.9208313310908217,0.6845247530633887,0.7978761637857132
PF00202.28,6,2,0.9208313310908217,0.6845247530633887,0.7978761637857132
PF10294.16,6,2,0.9208313310908217,0.6845247530633887,0.7978761637857132
PF14845.12,6,2,0.9208313310908217,0.6845247530633887,0.7978761637857132
PF14555.13,6,2,0.9208313310908217,0.6845247530633887,0.7978761637857132
PF16179.12,6,2,0.9208313310908217,0.6845247530633887,0.7978761637857132
PF00364.29,6,2,0.9208313310908217,0.6845247530633887,0.7978761637857132
PF16214.10,6,2,0.9208313310908217,0.6845247530633887,0.7978761637857132
PF02145.22,6,2,0.9208313310908217,0.6845247530633887,0.7978761637857132
PF01593.31,6,2,0.9208313310908217,0.6845247530633887,0.7978761637857132
PF03227.23,6,2,0.9208313310908217,0.6845247530633887,0.7978761637857132
PF12656.13,6,2,0.9208313310908217,0.6845247530633887,0.7978761637857132
PF00784.23,6,2,0.9208313310908217,0.6845247530633887,0.7978761637857132
PF00080.26,6,2,0.9208313310908217,0.6845247530633887,0.7978761637857132
PF01064.31,6,2,0.9208313310908217,0.6845247530633887,0.7978761637857132
PF02020.25,6,2,0.9208313310908217,0.6845247530633887,0.7978761637857132
PF13959.12,6,2,0.9208313310908217,0.6845247530633887,0.7978761637857132
PF01369.26,6,2,0.9208313310908217,0.6845247530633887,0.7978761637857132
PF00156.34,6,2,0.9208313310908217,0.6845247530633887,0.7978761637857132
PF00111.33,6,2,0.9208313310908217,0.6845247530633887,0.7978761637857132
PF25480.2,6,2,0.9208313310908217,0.6845247530633887,0.7978761637857132
PF12706.14,6,2,0.9208313310908217,0.6845247530633887,0.7978761637857132
PF02037.34,6,2,0.9208313310908217,0.6845247530633887,0.7978761637857132
PF22042.3,6,2,0.9208313310908217,0.6845247530633887,0.7978761637857132
PF00630.26,6,2,0.9208313310908217,0.6845247530633887,0.7978761637857132
PF01926.30,46,15,0.8907704149464698,0.6949657706138899,0.8097973383627451
PF13868.12,3,1,0.9208503483065097,0.7278102132354892,0.8104819339640288
PF02828.22,3,1,0.9208503483065097,0.7278102132354892,0.8104819339640288
PF04641.19,3,1,0.9208503483065097,0.7278102132354892,0.8104819339640288
PF00198.29,3,1,0.9208503483065097,0.7278102132354892,0.8104819339640288
PF11971.14,3,1,0.9208503483065097,0.7278102132354892,0.8104819339640288
PF00352.28,3,1,0.9208503483065097,0.7278102132354892,0.8104819339640288
PF03441.20,3,1,0.9208503483065097,0.7278102132354892,0.8104819339640288
PF25034.2,3,1,0.9208503483065097,0.7278102132354892,0.8104819339640288
PF13793.13,3,1,0.9208503483065097,0.7278102132354892,0.8104819339640288
PF00085.27,25,8,0.866443978939025,0.7010735107655799,0.8104819339640288
PF02209.25,3,1,0.9208503483065097,0.7278102132354892,0.8104819339640288
PF04831.19,3,1,0.9208503483065097,0.7278102132354892,0.8104819339640288
PF10517.15,3,1,0.9208503483065097,0.7278102132354892,0.8104819339640288
PF16759.13,3,1,0.9208503483065097,0.7278102132354892,0.8104819339640288
PF13183.12,3,1,0.9208503483065097,0.7278102132354892,0.8104819339640288
PF08033.18,3,1,0.9208503483065097,0.7278102132354892,0.8104819339640288
PF00708.25,3,1,0.9208503483065097,0.7278102132354892,0.8104819339640288
PF25059.2,25,8,0.866443978939025,0.7010735107655799,0.8104819339640288
PF15936.11,3,1,0.9208503483065097,0.7278102132354892,0.8104819339640288
PF01321.25,3,1,0.9208503483065097,0.7278102132354892,0.8104819339640288
PF00792.31,3,1,0.9208503483065097,0.7278102132354892,0.8104819339640288
PF04042.22,3,1,0.9208503483065097,0.7278102132354892,0.8104819339640288
PF08718.17,3,1,0.9208503483065097,0.7278102132354892,0.8104819339640288
PF10513.15,3,1,0.9208503483065097,0.7278102132354892,0.8104819339640288
PF07495.20,3,1,0.9208503483065097,0.7278102132354892,0.8104819339640288
PF02140.24,3,1,0.9208503483065097,0.7278102132354892,0.8104819339640288
PF21149.4,3,1,0.9208503483065097,0.7278102132354892,0.8104819339640288
PF25076.2,3,1,0.9208503483065097,0.7278102132354892,0.8104819339640288
PF21031.3,3,1,0.9208503483065097,0.7278102132354892,0.8104819339640288
PF03645.19,3,1,0.9208503483065097,0.7278102132354892,0.8104819339640288
PF04433.24,3,1,0.9208503483065097,0.7278102132354892,0.8104819339640288
PF22572.3,3,1,0.9208503483065097,0.7278102132354892,0.8104819339640288
PF04825.19,3,1,0.9208503483065097,0.7278102132354892,0.8104819339640288
PF01825.28,3,1,0.9208503483065097,0.7278102132354892,0.8104819339640288
PF22566.3,3,1,0.9208503483065097,0.7278102132354892,0.8104819339640288
PF22605.3,3,1,0.9208503483065097,0.7278102132354892,0.8104819339640288
PF13641.13,3,1,0.9208503483065097,0.7278102132354892,0.8104819339640288
PF05746.22,3,1,0.9208503483065097,0.7278102132354892,0.8104819339640288
PF00743.26,3,1,0.9208503483065097,0.7278102132354892,0.8104819339640288
PF02190.23,3,1,0.9208503483065097,0.7278102132354892,0.8104819339640288
PF03145.23,3,1,0.9208503483065097,0.7278102132354892,0.8104819339640288
PF00183.24,3,1,0.9208503483065097,0.7278102132354892,0.8104819339640288
PF22602.3,3,1,0.9208503483065097,0.7278102132354892,0.8104819339640288
PF25489.2,3,1,0.9208503483065097,0.7278102132354892,0.8104819339640288
PF01180.28,3,1,0.9208503483065097,0.7278102132354892,0.8104819339640288
PF04000.21,3,1,0.9208503483065097,0.7278102132354892,0.8104819339640288
PF15227.13,3,1,0.9208503483065097,0.7278102132354892,0.8104819339640288
PF14572.13,3,1,0.9208503483065097,0.7278102132354892,0.8104819339640288
PF25060.1,3,1,0.9208503483065097,0.7278102132354892,0.8104819339640288
PF01182.27,3,1,0.9208503483065097,0.7278102132354892,0.8104819339640288
PF13672.12,3,1,0.9208503483065097,0.7278102132354892,0.8104819339640288
PF01661.28,3,1,0.9208503483065097,0.7278102132354892,0.8104819339640288
PF00939.26,3,1,0.9208503483065097,0.7278102132354892,0.8104819339640288
PF13772.12,3,1,0.9208503483065097,0.7278102132354892,0.8104819339640288
PF13632.13,3,1,0.9208503483065097,0.7278102132354892,0.8104819339640288
PF02990.22,3,1,0.9208503483065097,0.7278102132354892,0.8104819339640288
PF01480.23,3,1,0.9208503483065097,0.7278102132354892,0.8104819339640288
PF05188.24,3,1,0.9208503483065097,0.7278102132354892,0.8104819339640288
PF00687.27,3,1,0.9208503483065097,0.7278102132354892,0.8104819339640288
PF13774.13,3,1,0.9208503483065097,0.7278102132354892,0.8104819339640288
PF00644.27,3,1,0.9208503483065097,0.7278102132354892,0.8104819339640288
PF08433.17,3,1,0.9208503483065097,0.7278102132354892,0.8104819339640288
PF20932.4,3,1,0.9208503483065097,0.7278102132354892,0.8104819339640288
PF08515.18,3,1,0.9208503483065097,0.7278102132354892,0.8104819339640288
PF23322.2,3,1,0.9208503483065097,0.7278102132354892,0.8104819339640288
PF04670.19,19,6,0.8498168498168498,0.7093766109519622,0.8104819339640288
PF08271.18,3,1,0.9208503483065097,0.7278102132354892,0.8104819339640288
PF01088.28,3,1,0.9208503483065097,0.7278102132354892,0.8104819339640288
PF16186.12,3,1,0.9208503483065097,0.7278102132354892,0.8104819339640288
PF13669.13,3,1,0.9208503483065097,0.7278102132354892,0.8104819339640288
PF00684.26,3,1,0.9208503483065097,0.7278102132354892,0.8104819339640288
PF10523.16,3,1,0.9208503483065097,0.7278102132354892,0.8104819339640288
PF08513.18,3,1,0.9208503483065097,0.7278102132354892,0.8104819339640288
PF07524.20,3,1,0.9208503483065097,0.7278102132354892,0.8104819339640288
PF01697.34,3,1,0.9208503483065097,0.7278102132354892,0.8104819339640288
PF02257.22,3,1,0.9208503483065097,0.7278102132354892,0.8104819339640288
PF19326.6,3,1,0.9208503483065097,0.7278102132354892,0.8104819339640288
PF02019.25,3,1,0.9208503483065097,0.7278102132354892,0.8104819339640288
PF06743.21,3,1,0.9208503483065097,0.7278102132354892,0.8104819339640288
PF25058.2,3,1,0.9208503483065097,0.7278102132354892,0.8104819339640288
PF08725.17,3,1,0.9208503483065097,0.7278102132354892,0.8104819339640288
PF02475.24,3,1,0.9208503483065097,0.7278102132354892,0.8104819339640288
PF07177.20,3,1,0.9208503483065097,0.7278102132354892,0.8104819339640288
PF02121.26,3,1,0.9208503483065097,0.7278102132354892,0.8104819339640288
PF00191.26,3,1,0.9208503483065097,0.7278102132354892,0.8104819339640288
PF01712.26,3,1,0.9208503483065097,0.7278102132354892,0.8104819339640288
PF22073.3,3,1,0.9208503483065097,0.7278102132354892,0.8104819339640288
PF23225.2,3,1,0.9208503483065097,0.7278102132354892,0.8104819339640288
PF08451.17,3,1,0.9208503483065097,0.7278102132354892,0.8104819339640288
PF04003.18,3,1,0.9208503483065097,0.7278102132354892,0.8104819339640288
PF01826.24,13,4,0.8183760683760684,0.7266494193176006,0.8104819339640288
PF06652.18,3,1,0.9208503483065097,0.7278102132354892,0.8104819339640288
PF08542.17,3,1,0.9208503483065097,0.7278102132354892,0.8104819339640288
PF08477.20,76,25,0.9022260752573559,0.7026156936985404,0.8104819339640288
PF02008.26,3,1,0.9208503483065097,0.7278102132354892,0.8104819339640288
PF01040.24,3,1,0.9208503483065097,0.7278102132354892,0.8104819339640288
PF02785.26,3,1,0.9208503483065097,0.7278102132354892,0.8104819339640288
PF03619.23,3,1,0.9208503483065097,0.7278102132354892,0.8104819339640288
PF04810.21,3,1,0.9208503483065097,0.7278102132354892,0.8104819339640288
PF01798.24,3,1,0.9208503483065097,0.7278102132354892,0.8104819339640288
PF01409.26,3,1,0.9208503483065097,0.7278102132354892,0.8104819339640288
PF21299.3,3,1,0.9208503483065097,0.7278102132354892,0.8104819339640288
PF12832.14,16,5,0.836958184878358,0.71635915800466,0.8104819339640288
PF06027.19,3,1,0.9208503483065097,0.7278102132354892,0.8104819339640288
PF05729.19,3,1,0.9208503483065097,0.7278102132354892,0.8104819339640288
PF01416.26,3,1,0.9208503483065097,0.7278102132354892,0.8104819339640288
PF01263.27,3,1,0.9208503483065097,0.7278102132354892,0.8104819339640288
PF00382.25,3,1,0.9208503483065097,0.7278102132354892,0.8104819339640288
PF00167.25,3,1,0.9208503483065097,0.7278102132354892,0.8104819339640288
PF00042.29,3,1,0.9208503483065097,0.7278102132354892,0.8104819339640288
PF01749.27,3,1,0.9208503483065097,0.7278102132354892,0.8104819339640288
PF00478.32,3,1,0.9208503483065097,0.7278102132354892,0.8104819339640288
PF01434.25,3,1,0.9208503483065097,0.7278102132354892,0.8104819339640288
PF08700.18,3,1,0.9208503483065097,0.7278102132354892,0.8104819339640288
PF00651.38,61,20,0.897918824748093,0.6978532926064216,0.8104819339640288
PF00157.24,3,1,0.9208503483065097,0.7278102132354892,0.8104819339640288
PF19036.7,3,1,0.9208503483065097,0.7278102132354892,0.8104819339640288
PF10179.16,3,1,0.9208503483065097,0.7278102132354892,0.8104819339640288
PF12836.14,3,1,0.9208503483065097,0.7278102132354892,0.8104819339640288
PF05970.21,3,1,0.9208503483065097,0.7278102132354892,0.8104819339640288
PF16188.11,3,1,0.9208503483065097,0.7278102132354892,0.8104819339640288
PF19033.7,3,1,0.9208503483065097,0.7278102132354892,0.8104819339640288
PF02743.25,3,1,0.9208503483065097,0.7278102132354892,0.8104819339640288
PF20805.4,3,1,0.9208503483065097,0.7278102132354892,0.8104819339640288
PF04116.20,3,1,0.9208503483065097,0.7278102132354892,0.8104819339640288
PF23211.1,13,4,0.8183760683760684,0.7266494193176006,0.8104819339640288
PF17189.11,3,1,0.9208503483065097,0.7278102132354892,0.8104819339640288
PF19031.7,3,1,0.9208503483065097,0.7278102132354892,0.8104819339640288
PF04547.18,3,1,0.9208503483065097,0.7278102132354892,0.8104819339640288
PF00289.29,3,1,0.9208503483065097,0.7278102132354892,0.8104819339640288
PF00755.26,3,1,0.9208503483065097,0.7278102132354892,0.8104819339640288
PF06017.20,3,1,0.9208503483065097,0.7278102132354892,0.8104819339640288
PF01733.25,3,1,0.9208503483065097,0.7278102132354892,0.8104819339640288
PF10409.16,3,1,0.9208503483065097,0.7278102132354892,0.8104819339640288
PF00025.28,70,23,0.900728059313456,0.7005756771059088,0.8104819339640288
PF04815.21,3,1,0.9208503483065097,0.7278102132354892,0.8104819339640288
PF13012.12,3,1,0.9208503483065097,0.7278102132354892,0.8104819339640288
PF15613.12,3,1,0.9208503483065097,0.7278102132354892,0.8104819339640288
PF21530.4,3,1,0.9208503483065097,0.7278102132354892,0.8104819339640288
PF16511.12,3,1,0.9208503483065097,0.7278102132354892,0.8104819339640288
PF02791.23,3,1,0.9208503483065097,0.7278102132354892,0.8104819339640288
PF04811.22,3,1,0.9208503483065097,0.7278102132354892,0.8104819339640288
PF00970.31,3,1,0.9208503483065097,0.7278102132354892,0.8104819339640288
PF16189.12,3,1,0.9208503483065097,0.7278102132354892,0.8104819339640288
PF03067.22,3,1,0.9208503483065097,0.7278102132354892,0.8104819339640288
PF05497.18,3,1,0.9208503483065097,0.7278102132354892,0.8104819339640288
PF21022.3,3,1,0.9208503483065097,0.7278102132354892,0.8104819339640288
PF02055.23,3,1,0.9208503483065097,0.7278102132354892,0.8104819339640288
PF23649.2,3,1,0.9208503483065097,0.7278102132354892,0.8104819339640288
PF19038.7,3,1,0.9208503483065097,0.7278102132354892,0.8104819339640288
PF23612.1,3,1,0.9208503483065097,0.7278102132354892,0.8104819339640288
PF00012.27,10,3,0.789164692553301,0.7425801610669603,0.8247509165948617
PF23592.1,10,3,0.789164692553301,0.7425801610669603,0.8247509165948617
PF21008.4,10,3,0.789164692553301,0.7425801610669603,0.8247509165948617
PF00615.25,10,3,0.789164692553301,0.7425801610669603,0.8247509165948617
PF05920.18,10,3,0.789164692553301,0.7425801610669603,0.8247509165948617
PF14634.13,10,3,0.789164692553301,0.7425801610669603,0.8247509165948617
PF00656.28,10,3,0.789164692553301,0.7425801610669603,0.8247509165948617
PF00557.30,10,3,0.789164692553301,0.7425801610669603,0.8247509165948617
PF00385.31,10,3,0.789164692553301,0.7425801610669603,0.8247509165948617
PF00664.29,26,8,0.8182012618971233,0.7471134095276023,0.8290576998384683
PF00412.29,26,8,0.8182012618971233,0.7471134095276023,0.8290576998384683
PF13716.12,26,8,0.8182012618971233,0.7471134095276023,0.8290576998384683
PF07690.22,246,82,0.9192797648211661,0.7517644915137989,0.8339749943869453
PF23561.2,23,7,0.8054336059658408,0.752850148295248,0.8349352419269719
PF01094.35,20,6,0.7890125747268605,0.7603413846705724,0.8427505736021478
PF00211.26,20,6,0.7890125747268605,0.7603413846705724,0.8427505736021478
PF24758.2,7,2,0.7365689572320999,0.7695019678401213,0.8495925945918831
PF01392.29,7,2,0.7365689572320999,0.7695019678401213,0.8495925945918831
PF12032.14,7,2,0.7365689572320999,0.7695019678401213,0.8495925945918831
PF00178.30,7,2,0.7365689572320999,0.7695019678401213,0.8495925945918831
PF00781.30,7,2,0.7365689572320999,0.7695019678401213,0.8495925945918831
PF00514.30,17,5,0.767111485132644,0.7703211716911117,0.8495925945918831
PF08266.19,7,2,0.7365689572320999,0.7695019678401213,0.8495925945918831
PF01403.26,7,2,0.7365689572320999,0.7695019678401213,0.8495925945918831
PF04500.23,7,2,0.7365689572320999,0.7695019678401213,0.8495925945918831
PF00554.28,7,2,0.7365689572320999,0.7695019678401213,0.8495925945918831
PF00155.28,17,5,0.767111485132644,0.7703211716911117,0.8495925945918831
PF17005.12,7,2,0.7365689572320999,0.7695019678401213,0.8495925945918831
PF13091.13,7,2,0.7365689572320999,0.7695019678401213,0.8495925945918831
PF00173.34,17,5,0.767111485132644,0.7703211716911117,0.8495925945918831
PF23085.2,7,2,0.7365689572320999,0.7695019678401213,0.8495925945918831
PF13848.13,7,2,0.7365689572320999,0.7695019678401213,0.8495925945918831
PF01266.31,17,5,0.767111485132644,0.7703211716911117,0.8495925945918831
PF13401.13,46,14,0.805105421686747,0.7956178060478093,0.8772374182346376
PF00009.34,43,13,0.7974544286517306,0.7986355116884019,0.8803088702341071
PF21816.4,11,3,0.6904289834174477,0.8036365571913267,0.8832552427531556
PF01569.28,11,3,0.6904289834174477,0.8036365571913267,0.8832552427531556
PF00612.34,11,3,0.6904289834174477,0.8036365571913267,0.8832552427531556
PF00640.30,11,3,0.6904289834174477,0.8036365571913267,0.8832552427531556
PF13738.13,11,3,0.6904289834174477,0.8036365571913267,0.8832552427531556
PF26550.2,11,3,0.6904289834174477,0.8036365571913267,0.8832552427531556
PF25575.1,11,3,0.6904289834174477,0.8036365571913267,0.8832552427531556
PF04083.23,11,3,0.6904289834174477,0.8036365571913267,0.8832552427531556
PF23745.2,11,3,0.6904289834174477,0.8036365571913267,0.8832552427531556
PF25374.1,11,3,0.6904289834174477,0.8036365571913267,0.8832552427531556
PF15909.11,4,1,0.6138201617423332,0.8236173368269873,0.8834988469604561
PF00875.25,4,1,0.6138201617423332,0.8236173368269873,0.8834988469604561
PF26215.1,4,1,0.6138201617423332,0.8236173368269873,0.8834988469604561
PF00752.24,4,1,0.6138201617423332,0.8236173368269873,0.8834988469604561
PF08614.17,4,1,0.6138201617423332,0.8236173368269873,0.8834988469604561
PF00488.28,4,1,0.6138201617423332,0.8236173368269873,0.8834988469604561
PF01590.33,4,1,0.6138201617423332,0.8236173368269873,0.8834988469604561
PF16300.12,4,1,0.6138201617423332,0.8236173368269873,0.8834988469604561
PF01209.25,4,1,0.6138201617423332,0.8236173368269873,0.8834988469604561
PF02194.21,4,1,0.6138201617423332,0.8236173368269873,0.8834988469604561
PF13185.13,4,1,0.6138201617423332,0.8236173368269873,0.8834988469604561
PF03051.22,4,1,0.6138201617423332,0.8236173368269873,0.8834988469604561
PF12974.13,4,1,0.6138201617423332,0.8236173368269873,0.8834988469604561
PF01443.25,4,1,0.6138201617423332,0.8236173368269873,0.8834988469604561
PF10996.15,4,1,0.6138201617423332,0.8236173368269873,0.8834988469604561
PF17771.7,4,1,0.6138201617423332,0.8236173368269873,0.8834988469604561
PF03104.26,4,1,0.6138201617423332,0.8236173368269873,0.8834988469604561
PF23321.2,4,1,0.6138201617423332,0.8236173368269873,0.8834988469604561
PF01019.28,4,1,0.6138201617423332,0.8236173368269873,0.8834988469604561
PF01571.27,4,1,0.6138201617423332,0.8236173368269873,0.8834988469604561
PF10323.16,4,1,0.6138201617423332,0.8236173368269873,0.8834988469604561
PF05649.19,4,1,0.6138201617423332,0.8236173368269873,0.8834988469604561
PF00112.30,18,5,0.7080104315016553,0.816049137419145,0.8834988469604561
PF01393.27,4,1,0.6138201617423332,0.8236173368269873,0.8834988469604561
PF02806.25,4,1,0.6138201617423332,0.8236173368269873,0.8834988469604561
PF02434.23,4,1,0.6138201617423332,0.8236173368269873,0.8834988469604561
PF09815.15,4,1,0.6138201617423332,0.8236173368269873,0.8834988469604561
PF01494.26,4,1,0.6138201617423332,0.8236173368269873,0.8834988469604561
PF00004.36,53,16,0.7956423154108786,0.817414322839181,0.8834988469604561
PF13517.13,4,1,0.6138201617423332,0.8236173368269873,0.8834988469604561
PF16159.11,4,1,0.6138201617423332,0.8236173368269873,0.8834988469604561
PF01448.30,4,1,0.6138201617423332,0.8236173368269873,0.8834988469604561
PF01237.24,4,1,0.6138201617423332,0.8236173368269873,0.8834988469604561
PF03366.23,4,1,0.6138201617423332,0.8236173368269873,0.8834988469604561
PF04145.21,4,1,0.6138201617423332,0.8236173368269873,0.8834988469604561
PF05172.20,4,1,0.6138201617423332,0.8236173368269873,0.8834988469604561
PF01532.27,4,1,0.6138201617423332,0.8236173368269873,0.8834988469604561
PF08953.18,4,1,0.6138201617423332,0.8236173368269873,0.8834988469604561
PF26955.1,4,1,0.6138201617423332,0.8236173368269873,0.8834988469604561
PF00258.31,4,1,0.6138201617423332,0.8236173368269873,0.8834988469604561
PF01067.29,4,1,0.6138201617423332,0.8236173368269873,0.8834988469604561
PF05192.24,4,1,0.6138201617423332,0.8236173368269873,0.8834988469604561
PF03103.23,4,1,0.6138201617423332,0.8236173368269873,0.8834988469604561
PF13434.13,4,1,0.6138201617423332,0.8236173368269873,0.8834988469604561
PF05154.22,4,1,0.6138201617423332,0.8236173368269873,0.8834988469604561
PF23754.2,4,1,0.6138201617423332,0.8236173368269873,0.8834988469604561
PF16211.11,4,1,0.6138201617423332,0.8236173368269873,0.8834988469604561
PF00154.28,4,1,0.6138201617423332,0.8236173368269873,0.8834988469604561
PF00735.25,4,1,0.6138201617423332,0.8236173368269873,0.8834988469604561
PF00534.27,4,1,0.6138201617423332,0.8236173368269873,0.8834988469604561
PF02353.27,4,1,0.6138201617423332,0.8236173368269873,0.8834988469604561
PF00362.25,4,1,0.6138201617423332,0.8236173368269873,0.8834988469604561
PF22586.2,4,1,0.6138201617423332,0.8236173368269873,0.8834988469604561
PF00052.25,4,1,0.6138201617423332,0.8236173368269873,0.8834988469604561
PF00136.27,4,1,0.6138201617423332,0.8236173368269873,0.8834988469604561
PF13649.13,28,8,0.7361886429258903,0.8236519298099982,0.8834988469604561
PF01048.27,4,1,0.6138201617423332,0.8236173368269873,0.8834988469604561
PF00050.27,21,6,0.7363155363155364,0.804375961584815,0.8834988469604561
PF07914.18,31,9,0.7529044962257959,0.8168346656435281,0.8834988469604561
PF14520.13,4,1,0.6138201617423332,0.8236173368269873,0.8834988469604561
PF03522.21,4,1,0.6138201617423332,0.8236173368269873,0.8834988469604561
PF03901.24,4,1,0.6138201617423332,0.8236173368269873,0.8834988469604561
PF13692.13,4,1,0.6138201617423332,0.8236173368269873,0.8834988469604561
PF16661.12,4,1,0.6138201617423332,0.8236173368269873,0.8834988469604561
PF00791.27,4,1,0.6138201617423332,0.8236173368269873,0.8834988469604561
PF13237.12,4,1,0.6138201617423332,0.8236173368269873,0.8834988469604561
PF07728.21,37,11,0.7786123099149826,0.8062722735285203,0.8834988469604561
PF08409.17,4,1,0.6138201617423332,0.8236173368269873,0.8834988469604561
PF28514.1,4,1,0.6138201617423332,0.8236173368269873,0.8834988469604561
PF01565.29,4,1,0.6138201617423332,0.8236173368269873,0.8834988469604561
PF17862.8,21,6,0.7363155363155364,0.804375961584815,0.8834988469604561
PF05383.24,4,1,0.6138201617423332,0.8236173368269873,0.8834988469604561
PF08399.17,4,1,0.6138201617423332,0.8236173368269873,0.8834988469604561
PF00903.32,4,1,0.6138201617423332,0.8236173368269873,0.8834988469604561
PF00402.24,4,1,0.6138201617423332,0.8236173368269873,0.8834988469604561
PF14719.13,4,1,0.6138201617423332,0.8236173368269873,0.8834988469604561
PF01431.28,4,1,0.6138201617423332,0.8236173368269873,0.8834988469604561
PF06327.20,4,1,0.6138201617423332,0.8236173368269873,0.8834988469604561
PF00867.24,4,1,0.6138201617423332,0.8236173368269873,0.8834988469604561
PF12352.14,4,1,0.6138201617423332,0.8236173368269873,0.8834988469604561
PF16009.11,4,1,0.6138201617423332,0.8236173368269873,0.8834988469604561
PF07973.20,4,1,0.6138201617423332,0.8236173368269873,0.8834988469604561
PF08473.18,4,1,0.6138201617423332,0.8236173368269873,0.8834988469604561
PF01909.30,4,1,0.6138201617423332,0.8236173368269873,0.8834988469604561
PF08758.18,4,1,0.6138201617423332,0.8236173368269873,0.8834988469604561
PF05978.23,8,2,0.6137273746596188,0.833751046400668,0.8900538745200153
PF13906.13,8,2,0.6137273746596188,0.833751046400668,0.8900538745200153
PF22995.3,8,2,0.6137273746596188,0.833751046400668,0.8900538745200153
PF21365.4,8,2,0.6137273746596188,0.833751046400668,0.8900538745200153
PF01055.33,8,2,0.6137273746596188,0.833751046400668,0.8900538745200153
PF16012.11,8,2,0.6137273746596188,0.833751046400668,0.8900538745200153
PF02752.28,15,4,0.6694055944055944,0.8313235418507177,0.8900538745200153
PF10591.16,8,2,0.6137273746596188,0.833751046400668,0.8900538745200153
PF13426.14,8,2,0.6137273746596188,0.833751046400668,0.8900538745200153
PF00626.28,8,2,0.6137273746596188,0.833751046400668,0.8900538745200153
PF17667.8,8,2,0.6137273746596188,0.833751046400668,0.8900538745200153
PF00233.26,8,2,0.6137273746596188,0.833751046400668,0.8900538745200153
PF13481.13,8,2,0.6137273746596188,0.833751046400668,0.8900538745200153
PF05773.28,8,2,0.6137273746596188,0.833751046400668,0.8900538745200153
PF22924.2,8,2,0.6137273746596188,0.833751046400668,0.8900538745200153
PF03372.30,8,2,0.6137273746596188,0.833751046400668,0.8900538745200153
PF20434.6,69,21,0.8047761284093652,0.8301712088904476,0.8900538745200153
PF13191.13,32,9,0.7200753413906765,0.847221139725719,0.9039249167939758
PF02958.27,32,9,0.7200753413906765,0.847221139725719,0.9039249167939758
PF00704.35,12,3,0.6136345429784507,0.8519953943668043,0.9082524659251631
PF01607.30,45,13,0.7474177908937606,0.8519767469238886,0.9082524659251631
PF00053.31,12,3,0.6136345429784507,0.8519953943668043,0.9082524659251631
PF00002.30,19,5,0.6573523855322364,0.8541464683002817,0.9092681539650025
PF01433.27,19,5,0.6573523855322364,0.8541464683002817,0.9092681539650025
PF00324.28,19,5,0.6573523855322364,0.8541464683002817,0.9092681539650025
PF03193.23,19,5,0.6573523855322364,0.8541464683002817,0.9092681539650025
PF07645.22,19,5,0.6573523855322364,0.8541464683002817,0.9092681539650025
PF00083.31,171,54,0.8480628860190904,0.8594849826007434,0.9146945368828108
PF13847.13,26,7,0.6779939987085829,0.8630691582473777,0.918251370272168
PF24768.2,16,4,0.6135416666666667,0.8696450031327368,0.9244699192730748
PF11838.15,16,4,0.6135416666666667,0.8696450031327368,0.9244699192730748
PF00339.35,16,4,0.6135416666666667,0.8696450031327368,0.9244699192730748
PF08241.19,23,6,0.6495204142262966,0.8732299291985111,0.9280208267168489
PF20266.4,5,1,0.460305068460245,0.8857068971830973,0.9305931785966965
PF13589.13,5,1,0.460305068460245,0.8857068971830973,0.9305931785966965
PF00667.27,5,1,0.460305068460245,0.8857068971830973,0.9305931785966965
PF01424.29,5,1,0.460305068460245,0.8857068971830973,0.9305931785966965
PF01189.24,5,1,0.460305068460245,0.8857068971830973,0.9305931785966965
PF09172.17,5,1,0.460305068460245,0.8857068971830973,0.9305931785966965
PF01694.29,5,1,0.460305068460245,0.8857068971830973,0.9305931785966965
PF23105.2,5,1,0.460305068460245,0.8857068971830973,0.9305931785966965
PF01262.28,5,1,0.460305068460245,0.8857068971830973,0.9305931785966965
PF00230.26,5,1,0.460305068460245,0.8857068971830973,0.9305931785966965
PF01522.27,5,1,0.460305068460245,0.8857068971830973,0.9305931785966965
PF00071.29,78,23,0.7689051832012469,0.8814724985085509,0.9305931785966965
PF03825.23,5,1,0.460305068460245,0.8857068971830973,0.9305931785966965
PF01683.24,5,1,0.460305068460245,0.8857068971830973,0.9305931785966965
PF03600.23,5,1,0.460305068460245,0.8857068971830973,0.9305931785966965
PF15511.13,5,1,0.460305068460245,0.8857068971830973,0.9305931785966965
PF13521.13,9,2,0.5259833871078465,0.8813345621007677,0.9305931785966965
PF14749.12,5,1,0.460305068460245,0.8857068971830973,0.9305931785966965
PF04427.24,5,1,0.460305068460245,0.8857068971830973,0.9305931785966965
PF00282.26,5,1,0.460305068460245,0.8857068971830973,0.9305931785966965
PF00098.29,5,1,0.460305068460245,0.8857068971830973,0.9305931785966965
PF00928.27,5,1,0.460305068460245,0.8857068971830973,0.9305931785966965
PF01284.29,9,2,0.5259833871078465,0.8813345621007677,0.9305931785966965
PF00405.23,5,1,0.460305068460245,0.8857068971830973,0.9305931785966965
PF00648.28,5,1,0.460305068460245,0.8857068971830973,0.9305931785966965
PF00676.26,5,1,0.460305068460245,0.8857068971830973,0.9305931785966965
PF00055.24,5,1,0.460305068460245,0.8857068971830973,0.9305931785966965
PF03184.26,5,1,0.460305068460245,0.8857068971830973,0.9305931785966965
PF26428.1,5,1,0.460305068460245,0.8857068971830973,0.9305931785966965
PF00609.25,5,1,0.460305068460245,0.8857068971830973,0.9305931785966965
PF00175.27,9,2,0.5259833871078465,0.8813345621007677,0.9305931785966965
PF01852.26,5,1,0.460305068460245,0.8857068971830973,0.9305931785966965
PF08448.17,5,1,0.460305068460245,0.8857068971830973,0.9305931785966965
PF00093.25,5,1,0.460305068460245,0.8857068971830973,0.9305931785966965
PF03798.22,5,1,0.460305068460245,0.8857068971830973,0.9305931785966965
PF22914.3,9,2,0.5259833871078465,0.8813345621007677,0.9305931785966965
PF02779.30,5,1,0.460305068460245,0.8857068971830973,0.9305931785966965
PF08423.18,5,1,0.460305068460245,0.8857068971830973,0.9305931785966965
PF00975.27,5,1,0.460305068460245,0.8857068971830973,0.9305931785966965
PF01465.26,5,1,0.460305068460245,0.8857068971830973,0.9305931785966965
PF02493.27,5,1,0.460305068460245,0.8857068971830973,0.9305931785966965
PF17900.7,17,4,0.5662721893491124,0.9002061820378524,0.9455654082645659
PF01636.30,28,7,0.6132627696255313,0.9112689630227634,0.9569206879901369
PF02892.22,10,2,0.4601753964440173,0.9160231623592195,0.9611150105063272
PF23611.2,10,2,0.4601753964440173,0.9160231623592195,0.9611150105063272
PF03022.23,10,2,0.4601753964440173,0.9160231623592195,0.9611150105063272
PF01151.24,14,3,0.501933538703546,0.9183955013663925,0.9625393735315174
PF00431.27,14,3,0.501933538703546,0.9183955013663925,0.9625393735315174
PF13450.13,14,3,0.501933538703546,0.9183955013663925,0.9625393735315174
PF00250.25,14,3,0.501933538703546,0.9183955013663925,0.9625393735315174
PF01425.27,6,1,0.3681960124909921,0.925943326007039,0.9648527818925311
PF06779.21,6,1,0.3681960124909921,0.925943326007039,0.9648527818925311
PF02872.24,6,1,0.3681960124909921,0.925943326007039,0.9648527818925311
PF12756.14,18,4,0.5257554945054945,0.9242510519289117,0.9648527818925311
PF03828.25,6,1,0.3681960124909921,0.925943326007039,0.9648527818925311
PF23334.2,6,1,0.3681960124909921,0.925943326007039,0.9648527818925311
PF01347.29,6,1,0.3681960124909921,0.925943326007039,0.9648527818925311
PF22528.2,6,1,0.3681960124909921,0.925943326007039,0.9648527818925311
PF01728.26,6,1,0.3681960124909921,0.925943326007039,0.9648527818925311
PF00957.28,6,1,0.3681960124909921,0.925943326007039,0.9648527818925311
PF00876.24,6,1,0.3681960124909921,0.925943326007039,0.9648527818925311
PF13520.13,18,4,0.5257554945054945,0.9242510519289117,0.9648527818925311
PF02874.30,6,1,0.3681960124909921,0.925943326007039,0.9648527818925311
PF00006.32,6,1,0.3681960124909921,0.925943326007039,0.9648527818925311
PF13439.13,6,1,0.3681960124909921,0.925943326007039,0.9648527818925311
PF01699.30,6,1,0.3681960124909921,0.925943326007039,0.9648527818925311
PF17756.8,6,1,0.3681960124909921,0.925943326007039,0.9648527818925311
PF00995.29,6,1,0.3681960124909921,0.925943326007039,0.9648527818925311
PF25372.2,6,1,0.3681960124909921,0.925943326007039,0.9648527818925311
PF23107.2,6,1,0.3681960124909921,0.925943326007039,0.9648527818925311
PF01979.27,6,1,0.3681960124909921,0.925943326007039,0.9648527818925311
PF13499.13,66,18,0.689308972503618,0.9329894182987333,0.9719280211492021
PF13306.13,43,11,0.6321258728629906,0.9339882642149965,0.9727014752763373
PF00057.24,26,6,0.5518759018759019,0.9377376328017788,0.9763382488611275
PF12775.14,15,3,0.4600456621004566,0.9401634912453111,0.9783270120089714
PF23952.2,15,3,0.4600456621004566,0.9401634912453111,0.9783270120089714
PF23301.2,11,2,0.4089914037054835,0.9409979635076402,0.9783903188676314
PF10328.16,11,2,0.4089914037054835,0.9409979635076402,0.9783903188676314
PF10601.15,11,2,0.4089914037054835,0.9409979635076402,0.9783903188676314
PF25305.2,19,4,0.49064102564102563,0.9429456075632129,0.9801467493410492
PF00135.35,77,21,0.6890839971035482,0.9452748216797522,0.9822987328000493
PF03351.23,7,1,0.30678997517815676,0.9520168857015253,0.9858451917591127
PF00587.31,7,1,0.30678997517815676,0.9520168857015253,0.9858451917591127
PF01510.31,7,1,0.30678997517815676,0.9520168857015253,0.9858451917591127
PF00041.28,48,12,0.6127970456005138,0.9520655726424325,0.9858451917591127
PF00335.27,34,8,0.5658547419856371,0.9499159517187807,0.9858451917591127
PF00370.28,7,1,0.30678997517815676,0.9520168857015253,0.9858451917591127
PF00999.27,7,1,0.30678997517815676,0.9520168857015253,0.9858451917591127
PF00075.31,7,1,0.30678997517815676,0.9520168857015253,0.9858451917591127
PF22600.3,7,1,0.30678997517815676,0.9520168857015253,0.9858451917591127
PF02984.25,7,1,0.30678997517815676,0.9520168857015253,0.9858451917591127
PF00930.28,7,1,0.30678997517815676,0.9520168857015253,0.9858451917591127
PF08385.18,7,1,0.30678997517815676,0.9520168857015253,0.9858451917591127
PF01756.25,7,1,0.30678997517815676,0.9520168857015253,0.9858451917591127
PF00036.39,55,14,0.6276344401998237,0.9543091666943354,0.9878987662860323
PF23564.2,16,3,0.4246020742055349,0.956436988502059,0.989561476513993
PF00209.25,16,3,0.4246020742055349,0.956436988502059,0.989561476513993
PF05485.18,24,5,0.48404854405790865,0.9596439023761368,0.992608769251653
PF13202.13,42,10,0.5745215454983149,0.9599714017732751,0.9926768869795055
PF02460.25,8,1,0.262928519954703,0.9689120056016478,0.9986569916611522
PF03357.27,8,1,0.262928519954703,0.9689120056016478,0.9986569916611522
PF06585.18,36,8,0.5252990512855767,0.9686701796949908,0.9986569916611522
PF03768.22,8,1,0.262928519954703,0.9689120056016478,0.9986569916611522
PF25298.2,8,1,0.262928519954703,0.9689120056016478,0.9986569916611522
PF02801.29,8,1,0.262928519954703,0.9689120056016478,0.9986569916611522
PF16680.12,17,3,0.39422185600988774,0.9684864470301033,0.9986569916611522
PF13405.13,57,14,0.5982852339590922,0.9689131223786772,0.9986569916611522
PF12349.15,8,1,0.262928519954703,0.9689120056016478,0.9986569916611522
PF00054.31,17,3,0.39422185600988774,0.9684864470301033,0.9986569916611522
PF05699.20,8,1,0.262928519954703,0.9689120056016478,0.9986569916611522
PF28393.1,8,1,0.262928519954703,0.9689120056016478,0.9986569916611522
PF00008.34,25,5,0.4597860062515028,0.969428266378634,0.9989165786639157
PF16681.12,13,2,0.33454195972216155,0.9713801665093058,0.9992994446139659
PF03769.22,13,2,0.33454195972216155,0.9713801665093058,0.9992994446139659
PF01130.28,13,2,0.33454195972216155,0.9713801665093058,0.9992994446139659
PF07974.20,13,2,0.33454195972216155,0.9713801665093058,0.9992994446139659
PF02944.26,13,2,0.33454195972216155,0.9713801665093058,0.9992994446139659
PF03028.22,13,2,0.33454195972216155,0.9713801665093058,0.9992994446139659
PF08016.19,9,1,0.23003242853711267,0.9798591860392578,0.9999999870206889
PF02949.26,17,1,0.11489610857554648,0.9993759312386941,0.9999999870206889
PF04969.23,9,1,0.23003242853711267,0.9798591860392578,0.9999999870206889
PF02174.24,10,1,0.20444657965676463,0.9869520775592621,0.9999999870206889
PF00732.26,34,4,0.24483974358974359,0.9995559011280934,0.9999999870206889
PF07679.23,110,18,0.3575630780846914,0.9999969141474133,0.9999999870206889
PF00109.33,9,1,0.23003242853711267,0.9798591860392578,0.9999999870206889
PF05380.19,16,1,0.1225718632396509,0.9990363752054943,0.9999999870206889
PF01391.24,13,1,0.15327488189606853,0.9964533806172904,0.9999999870206889
PF00059.28,54,7,0.27307950189119606,0.9999449186149968,0.9999999870206889
PF00698.27,9,1,0.23003242853711267,0.9798591860392578,0.9999999870206889
PF00379.30,56,3,0.10360354232699868,0.9999999870206889,0.9999999870206889
PF13465.13,206,45,0.5094705794537961,0.9999903943605553,0.9999999870206889
PF02210.32,18,3,0.3678923335736602,0.9773335260503416,0.9999999870206889
PF07776.22,92,15,0.3564620484360181,0.9999843322171034,0.9999999870206889
PF09379.17,15,1,0.13134415428434165,0.9985121351160872,0.9999999870206889
PF25024.1,22,3,0.2902895306037263,0.9942146274076611,0.9999999870206889
PF13855.13,104,24,0.5499275362318841,0.9973320893328562,0.9999999870206889
PF08204.18,18,2,0.2298474291206151,0.9956372227522919,0.9999999870206889
PF10613.15,15,1,0.13134415428434165,0.9985121351160872,0.9999999870206889
PF00858.30,15,1,0.13134415428434165,0.9985121351160872,0.9999999870206889
PF00096.33,235,57,0.5840767886015381,0.9998990353793743,0.9999999870206889
PF00884.29,10,1,0.20444657965676463,0.9869520775592621,0.9999999870206889
PF20146.5,15,1,0.13134415428434165,0.9985121351160872,0.9999999870206889
PF22971.3,66,12,0.40756797259687433,0.9992881288629016,0.9999999870206889
PF03098.21,14,2,0.3066234182284158,0.9802109440331248,0.9999999870206889
PF18198.8,13,1,0.15327488189606853,0.9964533806172904,0.9999999870206889
PF12774.14,14,2,0.3066234182284158,0.9802109440331248,0.9999999870206889
PF05605.19,34,6,0.3937847866419295,0.992846020139701,0.9999999870206889
PF26281.1,11,1,0.1839779005524862,0.9915474889644242,0.9999999870206889
PF13912.13,78,19,0.591237145018503,0.9854584689131158,0.9999999870206889
PF00497.26,10,1,0.20444657965676463,0.9869520775592621,0.9999999870206889
PF03015.25,29,1,0.06555197144916097,0.9999966149503554,0.9999999870206889
PF00560.40,80,19,0.571702030888489,0.9901082891529948,0.9999999870206889
PF00535.33,11,1,0.1839779005524862,0.9915474889644242,0.9999999870206889
PF02709.21,13,1,0.15327488189606853,0.9964533806172904,0.9999999870206889
PF08205.19,56,11,0.4487465553682746,0.9965123497190177,0.9999999870206889
PF00188.33,9,1,0.23003242853711267,0.9798591860392578,0.9999999870206889
PF00520.38,54,7,0.27307950189119606,0.9999449186149968,0.9999999870206889
PF12777.12,13,1,0.15327488189606853,0.9964533806172904,0.9999999870206889
PF12661.14,14,1,0.14146602856667714,0.9977027988160724,0.9999999870206889
PF22854.3,44,5,0.23520200245374567,0.9999284169382926,0.9999999870206889
PF07885.23,25,4,0.35018315018315016,0.9908455626970583,0.9999999870206889
PF13833.13,41,9,0.5169449458483755,0.9775272538705568,0.9999999870206889
PF12799.14,109,27,0.6038575142821769,0.9928281732353528,0.9999999870206889
PF01073.26,30,6,0.45965608465608465,0.9779938152947172,0.9999999870206889
PF01663.28,9,1,0.23003242853711267,0.9798591860392578,0.9999999870206889
PF00650.26,52,10,0.4371575303207465,0.9963195624042469,0.9999999870206889
PF00373.24,23,4,0.38714574898785425,0.9827896464677814,0.9999999870206889
PF09380.17,11,1,0.1839779005524862,0.9915474889644242,0.9999999870206889
PF00046.36,62,4,0.12617705570291776,0.9999999869304994,0.9999999870206889
PF01723.22,14,1,0.14146602856667714,0.9977027988160724,0.9999999870206889
PF08395.18,16,1,0.1225718632396509,0.9990363752054943,0.9999999870206889
PF00171.28,13,1,0.15327488189606853,0.9964533806172904,0.9999999870206889
PF00060.33,20,1,0.09671668963424655,0.9998305327166489,0.9999999870206889
PF00328.28,16,1,0.1225718632396509,0.9990363752054943,0.9999999870206889
PF00062.26,16,2,0.2627514244525297,0.9906485337749805,0.9999999870206889
PF00091.32,11,1,0.1839779005524862,0.9915474889644242,0.9999999870206889
PF01757.29,19,2,0.21629872516041496,0.997032041809423,0.9999999870206889
PF22597.3,13,1,0.15327488189606853,0.9964533806172904,0.9999999870206889
PF17852.7,12,1,0.16723079946716748,0.9945246718397531,0.9999999870206889
PF07654.22,16,1,0.1225718632396509,0.9990363752054943,0.9999999870206889
PF08393.19,13,1,0.15327488189606853,0.9964533806172904,0.9999999870206889
PF03953.23,10,1,0.20444657965676463,0.9869520775592621,0.9999999870206889
PF00001.27,63,6,0.19270398217766638,0.999999497028834,0.9999999870206889
PF19030.7,10,1,0.20444657965676463,0.9869520775592621,0.9999999870206889
PF10320.16,29,4,0.294,0.997535579920517,0.9999999870206889
PF18452.8,21,1,0.09186884458323324,0.9998902687504992,0.9999999870206889
PF23598.2,49,8,0.3581304725463039,0.9990372287485101,0.9999999870206889
PF12874.14,75,14,0.42074659292909344,0.9994892761048955,0.9999999870206889
PF13927.13,124,20,0.3510636323136323,0.9999993947827603,0.9999999870206889
PF00487.31,18,2,0.2298474291206151,0.9956372227522919,0.9999999870206889
PF16706.12,13,1,0.15327488189606853,0.9964533806172904,0.9999999870206889
PF01839.30,10,1,0.20444657965676463,0.9869520775592621,0.9999999870206889
PF16077.11,11,1,0.1839779005524862,0.9915474889644242,0.9999999870206889
PF18701.7,23,3,0.2757390050468637,0.995928374548643,0.9999999870206889
PF07686.24,96,12,0.2609757775942747,0.9999998961035687,0.9999999870206889
PF03392.19,21,2,0.19347985533270948,0.9986358120396426,0.9999999870206889
PF05199.20,35,4,0.23691066997518612,0.9996872662829622,0.9999999870206889
PF12781.14,13,1,0.15327488189606853,0.9964533806172904,0.9999999870206889
PF11901.14,16,2,0.2627514244525297,0.9906485337749805,0.9999999870206889
PF28528.1,41,7,0.3781360992797408,0.9969839800255306,0.9999999870206889
PF13895.13,112,15,0.28221929020283115,0.9999999557130078,0.9999999870206889
PF18199.7,13,1,0.15327488189606853,0.9964533806172904,0.9999999870206889
PF12780.14,13,1,0.15327488189606853,0.9964533806172904,0.9999999870206889
PF00011.28,18,3,0.3678923335736602,0.9773335260503416,0.9999999870206889
PF22705.3,36,3,0.16683052587883157,0.9999665291881109,0.9999999870206889
PF00078.33,26,4,0.334222027972028,0.9933677276737044,0.9999999870206889
PF00089.33,236,67,0.7257439055565265,0.9895729063344242,0.9999999870206889
PF13894.13,231,54,0.5561301496968947,0.9999667295216093,0.9999999870206889
PF00151.26,53,12,0.5377132384040604,0.983198000987898,0.9999999870206889
PF07993.19,33,3,0.1835856765200673,0.9998955345683808,0.9999999870206889
PF01223.30,11,1,0.1839779005524862,0.9915474889644242,0.9999999870206889
PF00079.26,32,5,0.34027054224217,0.9962026093744603,0.9999999870206889
PF00027.36,17,2,0.24520262694217523,0.9936034786742975,0.9999999870206889
PF01753.25,12,1,0.16723079946716748,0.9945246718397531,0.9999999870206889
PF00125.31,23,3,0.2757390050468637,0.995928374548643,0.9999999870206889
PF03564.22,16,1,0.1225718632396509,0.9990363752054943,0.9999999870206889
PF00047.32,104,15,0.30791228968128237,0.9999995028992481,0.9999999870206889
PF00090.26,14,1,0.14146602856667714,0.9977027988160724,0.9999999870206889
PF10545.16,82,10,0.25400551008398864,0.9999994883190316,0.9999999870206889
PF14580.13,53,8,0.32612554806972516,0.9997060580323959,0.9999999870206889
PF12171.15,106,24,0.536373276776246,0.9982117808281843,0.9999999870206889
PF13873.13,28,2,0.141259749380845,0.9999149813373314,0.9999999870206889
PF00348.23,11,1,0.1839779005524862,0.9915474889644242,0.9999999870206889
PF17064.12,15,2,0.2830000369644771,0.9863720906158654,0.9999999870206889
