"gene_id","baseMean","log2FoldChange","lfcSE","pvalue","padj","regulation"
"gene-Kdm3",684.80079073423,-5.49392889236243,0.399932256629948,2.42536672182979e-44,2.52480675742481e-40,"down"
"gene-bel",1447.31530773148,-2.76852357226483,0.248713938816193,1.10783533913588e-29,5.76628294020226e-26,"down"
"gene-LOC142980569",795.747080508344,-5.24125666881839,0.488807005812645,3.92346713898247e-28,1.36144309722692e-24,"down"
"gene-LOC142972658",68.3855600704531,10.3481619954728,3.25171603974398,1.43806456276748e-27,2.9940504196819e-24,"up"
"gene-hyd",808.763492102394,-3.32789970217646,0.312292640683402,1.324042889832e-27,2.9940504196819e-24,"down"
"gene-Akt",847.421465697043,-3.70105220161688,0.351846275713934,6.00740869450679e-27,1.04228540849693e-23,"down"
"gene-LOC142983471",1200.79687370773,-4.15158493676173,0.403451066683656,5.38786217319159e-26,8.01252074613206e-23,"down"
"gene-RpII215",1504.90670831355,-4.08645259468777,0.402445871213476,2.30249763836512e-25,2.99612505192262e-22,"down"
"gene-MED14",142.829916008394,-4.09907771640241,0.417546237961994,1.14920429786453e-23,1.32924630452998e-20,"down"
"gene-LOC142982010",237.109126392634,-4.867085242812,0.504253563529274,4.38585269134191e-23,4.56567265168693e-20,"down"
"gene-LOC142972485",286.629436230895,-4.3472322590513,0.464970399644023,6.22556727759648e-22,5.89165048725267e-19,"down"
"gene-LOC142982198",2545.00996863225,4.68603991017494,0.508280888925036,2.0597216588304e-21,1.78680853903537e-18,"up"
"gene-RasGAP1",239.470631873354,-4.15314612016748,0.453849123423796,2.6519519487701e-21,2.12360152205359e-18,"down"
"gene-hfp",424.911416276023,-5.17265521599232,0.568098587108547,4.10703463602479e-21,3.05387361150129e-18,"down"
"gene-LOC142972528",2067.42421305468,-4.45891469475973,0.494282871362013,1.4756927832522e-20,1.02413079157703e-17,"down"
"gene-LOC142982718",452.424521424118,-3.80582284741863,0.424514320588548,2.45710791546826e-20,1.59865583750153e-17,"down"
"gene-alphaCOP",1204.46175707385,-3.3891801091161,0.377737867960064,2.84251436123634e-20,1.74062202943943e-17,"down"
"gene-mRpL49",1384.88962323027,3.33548621529959,0.373671810781974,4.46038754408637e-20,2.57959079632995e-17,"up"
"gene-Sec24AB",641.979917681246,-4.2259043464436,0.482939249633704,1.53654283874477e-19,8.41863734280685e-17,"down"
"gene-RhoGEF2",599.839222913501,-5.33394552006991,0.622228521184674,4.84090964757966e-19,2.51969347156521e-16,"down"
"gene-lig",1220.85106863502,-5.19151119938415,0.606833312255969,6.29617467590778e-19,3.1211037322e-16,"down"
"gene-Sin3A",1730.73482028527,-7.46163304951368,0.883453855666834,1.14681683640372e-18,5.42652875771033e-16,"down"
"gene-ND-B17.2",4250.76837186398,2.87718558069564,0.336799328435776,1.56006904284935e-18,7.06100814611382e-16,"up"
"gene-drpr",1029.06298566532,-3.42460626099916,0.402569687702954,1.68482308560352e-18,7.30792013380529e-16,"down"
"gene-Zn72D",1029.97800671505,-3.69177774250744,0.436409671480254,2.27429305120231e-18,9.4701562652064e-16,"down"
"gene-app",212.079160821757,-3.80704531052779,0.452471351490613,5.06373809198226e-18,1.9867532082875e-15,"down"
"gene-LOC142979270",1618.80886790017,2.3175253583393,0.274454303157903,5.15296221169668e-18,1.9867532082875e-15,"up"
"gene-Chc",3740.79069670514,-4.08155914183319,0.492889537904887,9.11031811652523e-18,3.38708612832242e-15,"down"
"gene-Esp",864.598587632729,-3.58663309187598,0.432499878178704,1.051865281614e-17,3.77583364882818e-15,"down"
"gene-LOC142986676",723.01311375318,-4.15534944477016,0.505146022199904,1.14467694830031e-17,3.97202901060209e-15,"down"
"gene-LOC142984548",250.386132711376,3.72857704158038,0.452156299963167,1.35074889896389e-17,4.53590194781101e-15,"up"
"gene-Hipk",938.118449440869,-2.32258457040836,0.28001006965925,1.57652323149073e-17,5.12862713744329e-15,"down"
"gene-IscU",3594.87197966974,3.39918997421412,0.41733185012422,3.71055241302322e-17,1.17051062483551e-14,"up"
"gene-eIF4B",1365.52853857598,-3.24787822124118,0.39952474457426,4.06605653179027e-17,1.24493083811578e-14,"down"
"gene-PlexA",1471.81910450122,-2.15969877858224,0.263248728764502,4.30361081162794e-17,1.28001681568705e-14,"down"
"gene-ctrip",967.775616503699,-4.42261788331722,0.547626374410649,4.67882706949506e-17,1.35296082759566e-14,"down"
"gene-LOC142976071",5419.17234588548,3.02948985554109,0.374018302964782,5.3846305803888e-17,1.5149730903202e-14,"up"
"gene-LOC142972444",270.099783831342,-4.42371623027062,0.549125676699745,5.69896056480544e-17,1.56121524946381e-14,"down"
"gene-yps",21316.056592475,2.03545021311779,0.249397131461578,6.96589639776916e-17,1.85935850001992e-14,"up"
"gene-LOC142984753",819.782081779873,4.70061666732207,0.589420478526742,1.00915713105091e-16,2.59490555778914e-14,"up"
"gene-LOC142981272",416.49286789899,3.31072498995156,0.412417885125292,1.02200891325029e-16,2.59490555778914e-14,"up"
"gene-SERCA",3892.56357678709,-4.84290546257823,0.610376049797575,1.04859268859944e-16,2.59901187817146e-14,"down"
"gene-mtgo",262.315661846529,-9.68423602583835,1.17487785982235,1.29655948055769e-16,3.0675418619558e-14,"down"
"gene-LOC142973342",27.7653733985266,-0.59543686144182,1.30529923760556,1.29461911453252e-16,3.0675418619558e-14,"down"
"gene-fry",207.040385151965,-3.45856631812851,0.434178501290226,1.65354258409265e-16,3.82519517786767e-14,"down"
"gene-Su(z)12",83.8646067395155,-7.18247923727866,0.881162368291876,2.58766444467042e-16,5.784242177966e-14,"down"
"gene-NP15.6",4588.28355732566,3.20298136527345,0.40439909410679,2.66708573047423e-16,5.784242177966e-14,"up"
"gene-MED9",684.010052038118,2.61560035999717,0.328828221111569,2.61994895465176e-16,5.784242177966e-14,"up"
"gene-mbf1",4855.6154778336,2.56065671903427,0.322276106827486,2.77291805101931e-16,5.89103610430837e-14,"up"
"gene-Btr175",8278.32248191059,-3.40242345382657,0.432472865363321,3.29041698114446e-16,6.85064815474276e-14,"down"
"gene-cut",142.298847365471,-3.93589771343288,0.501077232894248,3.73364132118417e-16,7.62102081441711e-14,"down"
"gene-LOC142973978",342.505933199238,-2.36707836713063,0.299808874717046,4.43295066146819e-16,8.87442622805459e-14,"down"
"gene-LOC142979614",474.85034003669,-0.359930411168876,1.11894187359134,4.59388878542169e-16,9.02309099174336e-14,"down"
"gene-SF1",351.155684344299,-5.81058833853728,0.746061969838345,7.77202164971534e-16,1.4982730624729e-13,"down"
"gene-brun",457.754906331938,-2.33058554932199,0.298089777835479,9.07989527424958e-16,1.71857654190797e-13,"down"
"gene-DCTN5-p25",967.650080523959,2.18871779824656,0.282910757594796,1.87869415543314e-15,3.49235824251053e-13,"up"
"gene-mTor",210.170214042011,-2.57852725069217,0.334804145476147,1.94180261054535e-15,3.54634476768018e-13,"down"
"gene-LOC142984078",331.226144404732,-4.00901162282555,0.526640123215769,2.18654633517724e-15,3.9244736808957e-13,"down"
"gene-Dscam1",217.89204510144,-4.78751491561895,0.63360781699,2.27200806172683e-15,4.00874642755531e-13,"down"
"gene-scrib",1399.63750836313,-2.69747482666598,0.353528686315432,2.66602567551627e-15,4.62555454702072e-13,"down"
"gene-LOC142980840",639.943105466206,-4.258651662394,0.564965202221854,3.02439776711492e-15,5.16130832060104e-13,"down"
"gene-LOC142985114",426.205980852887,-3.01144170065944,0.39738643226992,3.54782837534222e-15,5.95691828827622e-13,"down"
"gene-Srp14",1160.27031022739,2.26422055137133,0.297339917533102,4.41344389821102e-15,7.29269063180582e-13,"up"
"gene-LOC142987321",3603.36109144355,2.813064721064,0.371812399236892,4.56357905856009e-15,7.30874738455546e-13,"up"
"gene-zip",2614.08682761423,-2.66938354120798,0.352408200643388,4.53198163345189e-15,7.30874738455546e-13,"down"
"gene-Ranbp21",283.203276762406,-5.04550616263573,0.680055059198405,4.90120955097087e-15,7.73054415539497e-13,"down"
"gene-Acadvl",712.021624605198,-2.99515785290906,0.399045341421958,7.35098420856032e-15,1.12534920016343e-12,"down"
"gene-Cand1",406.15718406417,-2.40378874015391,0.319214304761742,7.24639807510162e-15,1.12534920016343e-12,"down"
"gene-LOC142983444",407.16325480966,-3.19268345035085,0.429641597253167,9.63695717314614e-15,1.45392353873118e-12,"down"
"gene-LOC142983778",197.831427112618,-2.3960407423674,0.320263634750178,1.04235273409001e-14,1.55012742312529e-12,"down"
"gene-l(2)gl",4903.36972944569,-3.84184984314877,0.520558582839916,1.24523348859296e-14,1.82575783327503e-12,"down"
"gene-Spt5",649.578474506663,-3.73880905640192,0.507163712907723,1.3215100705083e-14,1.91068331027659e-12,"down"
"gene-sip3",514.824371264034,-2.7894281451485,0.375842654874244,1.34474706438656e-14,1.91764615620056e-12,"down"
"gene-LOC142973627",210.599778831217,2.75218269557373,0.370345083538895,1.36800480355686e-14,1.92445000067931e-12,"up"
"gene-RpS23",43866.1819245104,2.76393262769236,0.372095831844256,1.42077234152109e-14,1.97203201003127e-12,"up"
"gene-Cka",383.570904085215,-4.27287537567836,0.58169283733967,1.59162632744794e-14,2.18010921957014e-12,"down"
"gene-C3G",343.981489963403,-3.08113545444867,0.416431784047686,1.64501408375411e-14,2.22397358595847e-12,"down"
"gene-LOC142979131",31750.1501169972,-4.69246516380604,0.642516719744924,1.79326483935861e-14,2.39331884329784e-12,"down"
"gene-eEF1delta",8344.08787295146,2.16187127503562,0.290322881827246,1.91777642961115e-14,2.52709526990532e-12,"up"
"gene-LOC142980159",288.930543675833,-3.71524784568028,0.504572111638323,1.95507655541171e-14,2.54404336772949e-12,"down"
"gene-osa",334.697089008424,-4.781300777031,0.661137992682804,2.48159292429643e-14,3.18930646196615e-12,"down"
"gene-LOC142981190",140.11634527024,-5.23573865632571,0.713087851431146,2.86286928718797e-14,3.63444747312521e-12,"down"
"gene-LOC142983967",2068.69006548035,-3.58345940250252,0.493819337762056,3.32846112433521e-14,4.17461208485898e-12,"down"
"gene-Abl",180.973369581669,-3.69552898957202,0.51010174601205,4.70022045994331e-14,5.82491607000118e-12,"down"
"gene-LOC142984570",4125.38306080243,2.52774258966524,0.348351333622533,4.82862305836483e-14,5.91364306324446e-12,"up"
"gene-LOC142973585",3583.98556119963,2.89880004382447,0.401052044539933,5.56681846047105e-14,6.73843955505856e-12,"up"
"gene-LOC142979245",2222.9700829593,2.8676997205577,0.396472150531222,6.10617491896915e-14,7.30635412718033e-12,"up"
"gene-LOC142976063",304.026414054245,0.380214119675433,1.12634912803528,6.62450455984704e-14,7.83648778045542e-12,"up"
"gene-ND-ACP",8350.95527005641,3.18796168404151,0.443944056978958,6.8427971741312e-14,8.00376613288829e-12,"up"
"gene-Taf1",286.463844448917,-2.40517930147166,0.333409090445108,8.23530228778831e-14,9.52549964620848e-12,"down"
"gene-LOC142982993",662.88068018118,-2.41476771084862,0.335273610877111,8.58588443511005e-14,9.82187439225226e-12,"down"
"gene-Cln7",351.526696717515,-3.80622476204256,0.53532679157521,8.73973490074496e-14,9.8892000344299e-12,"down"
"gene-RpS11",30777.6469155581,2.87258333521513,0.401355477527417,8.92202801650822e-14,9.98691523138178e-12,"up"
"gene-Dorsal",460.514280846635,-3.20253678720884,0.449939410643974,9.97884295947627e-14,1.10510377881009e-11,"down"
"gene-bc10",1394.88939182255,3.09782370910476,0.434690365212252,1.09913831278049e-13,1.20442419326788e-11,"up"
"gene-LOC142979662",420.289424579096,3.30226914407174,0.465195740725607,1.23127402577731e-13,1.33516277170227e-11,"up"
"gene-Upf1",516.480902659363,-3.41694222103401,0.481970124739903,1.36129699218939e-13,1.46093831842181e-11,"down"
"gene-fray",571.144196530678,-2.4759149952019,0.348036653390363,1.5187980526771e-13,1.61333548248659e-11,"down"
"gene-Mi-2",1121.13620127851,-2.84201114994747,0.40114975967826,1.56128265426091e-13,1.64171236675313e-11,"down"
"gene-LOC142978573",711.833570948178,-2.2863912786929,0.320734375800266,1.65427090158522e-13,1.72209600855021e-11,"down"
"gene-Pfdn2",1953.73153324962,2.39913399010297,0.338389275635992,2.1657187711962e-13,2.23219132753984e-11,"up"
"gene-slpr",177.31569740856,-3.66584412951257,0.521723026104837,2.55927080967729e-13,2.61196167928829e-11,"down"
"gene-LOC142972148",5918.98572779891,3.74331788571632,0.537669970311986,2.76383088281951e-13,2.79334752331564e-11,"up"
"gene-raptor",293.461091047366,-4.21434568129362,0.60842178860537,2.95813976933701e-13,2.96098413449983e-11,"down"
"gene-LOC142977612",4265.58417495126,3.50210400684965,0.503109779846585,3.06753768160732e-13,3.04124450147926e-11,"up"
"gene-LOC142975164",1476.79867364171,-4.30728227338892,0.623694182341344,3.39183710098232e-13,3.33104002087037e-11,"down"
"gene-ND-ASHI",6812.44080062756,3.29677240108739,0.474194116034275,3.54250609917169e-13,3.44649425162404e-11,"up"
"gene-Vps8",147.729072199772,-3.76138626070954,0.544166794705676,4.83709627405761e-13,4.66242335304997e-11,"down"
"gene-LOC142974754",1030.21340406447,2.595635345263,0.375219176295363,6.24879866167485e-13,5.96788936403993e-11,"up"
"gene-Rbcn-3B",250.937769891328,-3.6572580062222,0.536314046608266,8.22176649009077e-13,7.780780832895e-11,"down"
"gene-nocte",1249.77342214062,-3.42069457260245,0.502201306455541,8.47291700059749e-13,7.9153263354844e-11,"down"
"gene-Tctp",89466.1547272667,2.4145934114056,0.350187251930395,8.51600912175074e-13,7.9153263354844e-11,"up"
"gene-stau",408.299379826992,-2.20900092422825,0.319955689558036,8.72904093333193e-13,8.04153239964473e-11,"down"
"gene-tai",670.409871360376,-3.19718687288458,0.469700545110597,8.97397081010396e-13,8.12339444636367e-11,"down"
"gene-eEF5",25159.6167991491,2.06959254495171,0.298942719031724,8.93421247844741e-13,8.12339444636367e-11,"up"
"gene-LOC142984411",90867.3837235348,-3.26910852328978,0.480173889337042,9.15083372956966e-13,8.21208440731208e-11,"down"
"gene-Cul2",127.653308987407,-4.79773105892405,0.720442478905004,1.02873411982812e-12,9.12982435037536e-11,"down"
"gene-ND-13A",3996.88977429076,2.89176219085481,0.42403920544577,1.03488883126253e-12,9.12982435037536e-11,"up"
"gene-RpL13",45423.3278786462,2.41117952307688,0.354116776436664,1.05795587025987e-12,9.25489126840774e-11,"up"
"gene-ALiX",1525.11212120342,-3.49037398390542,0.514416031983947,1.08159598429425e-12,9.38284516375266e-11,"down"
"gene-LOC142976875",4558.87718771778,2.35629968258467,0.344664781219982,1.25843185250718e-12,1.08266740368593e-10,"up"
"gene-Wnk",1071.72894347888,-4.53143162035308,0.67454629945074,1.27895832406739e-12,1.09130788143783e-10,"down"
"gene-msn",1548.84172369309,-2.26436473410398,0.331643165038686,1.29821038031928e-12,1.09872927309949e-10,"down"
"gene-blp",1296.02252857119,2.68558277065798,0.39465082979641,1.38697713548636e-12,1.16438967583976e-10,"up"
"gene-LOC142976389",379.263728688371,-4.37543974261646,0.652537337506519,1.42328922499863e-12,1.18531526657886e-10,"down"
"gene-Glob1",5906.17634378298,3.371662421683,0.500949405585901,1.60303713021457e-12,1.32441400996299e-10,"up"
"gene-LOC142975163",144.466032189433,-2.47377647843708,0.364438245759249,1.76037931092811e-12,1.44295658478438e-10,"down"
"gene-LOC142987721",14045.8008218633,3.07403933500592,0.456448540777493,1.80340308815213e-12,1.46667391778622e-10,"up"
"gene-kug",216.974478066109,-5.04614136549764,0.764954282373096,1.8946937503142e-12,1.50563068250159e-10,"down"
"gene-Isha",310.425817226988,-3.55097730379722,0.531203443592676,1.88524159076514e-12,1.50563068250159e-10,"down"
"gene-LOC142972324",512.368211379934,2.01342857976012,0.295302354889587,1.88052637391059e-12,1.50563068250159e-10,"up"
"gene-LOC142980057",11214.2463016583,2.95030355970418,0.437554735208801,2.07322716990823e-12,1.63502233626853e-10,"up"
"gene-LOC142980280",307.618566448664,1.71263285173694,0.250644540345434,2.25288467593646e-12,1.76334808093974e-10,"up"
"gene-RpS15A",28283.5352909447,2.87445112960535,0.429547442889152,2.38015243992886e-12,1.84905872385518e-10,"up"
"gene-LOC142980570",118.355370512955,-3.80509026230671,0.575261647649797,2.57777020730106e-12,1.97313146014736e-10,"down"
"gene-LOC142980365",849.909569537124,3.3916087423077,0.509432967516938,2.5726443028399e-12,1.97313146014736e-10,"up"
"gene-nej",200.599728684693,-4.16123621627245,0.626682876416011,2.64758428102492e-12,2.01177754492478e-10,"down"
"gene-LOC142975301",188.78525091031,-3.54151747499563,0.533052085115203,2.67280703742713e-12,2.01622617823308e-10,"down"
"gene-LOC142975468",1306.22310671937,2.50883148197924,0.374066613714867,2.88710908385748e-12,2.16221622755082e-10,"up"
"gene-poe",2191.89035025477,-3.91638453560004,0.590938186835755,2.95059317498821e-12,2.19397678225909e-10,"down"
"gene-LOC142980727",132.056945352886,-3.49271557576201,0.525180330384165,3.0961118304903e-12,2.26338718256641e-10,"down"
"gene-LOC142978054",958.262470237477,-2.8287757948364,0.424696619934279,3.13091022372298e-12,2.26338718256641e-10,"down"
"gene-EMC4",2223.78885161129,2.53625303700209,0.379283406024503,3.07222447272027e-12,2.26338718256641e-10,"up"
"gene-arm",1521.47507549092,-2.21198547119621,0.329269854927961,3.1182191208387e-12,2.26338718256641e-10,"down"
"gene-LOC142975900",196.777010615654,-3.49727862309529,0.528957518914257,3.50556955334013e-12,2.51675717588074e-10,"down"
"gene-LOC142982894",3785.74181483222,2.67869538195875,0.402964901524067,3.95557803003384e-12,2.82038132141454e-10,"up"
"gene-Srp19",1259.45013581005,2.28687433072287,0.342371153544287,4.01775861731181e-12,2.84522906164734e-10,"up"
"gene-E(bx)",207.234929678664,-2.34649433753949,0.352673021665996,4.09543262205139e-12,2.88063875645642e-10,"down"
"gene-Tmem131",129.192314390964,-7.52036848840016,1.07978787988429,4.38297272887014e-12,3.06219772533813e-10,"down"
"gene-fliI",421.885947861368,-3.05266397524001,0.463744403602982,4.53820808830021e-12,3.14951641328035e-10,"down"
"gene-mRpS18C",353.893859958794,2.84686083462801,0.431391772311845,4.80885856784448e-12,3.31524620471928e-10,"up"
"gene-Uba1",4359.98310631197,-4.501941171254,0.692160740984423,4.97686726117102e-12,3.40849922294673e-10,"down"
"gene-LOC142974129",23175.0584215893,3.15368420545323,0.479702079411589,5.05458631281499e-12,3.41676905950676e-10,"up"
"gene-SNRPG",819.636837864612,2.72380387152918,0.412367369936127,5.03745081502641e-12,3.41676905950676e-10,"up"
"gene-LOC142980066",235.988984889008,4.04814723743775,0.619704865277969,5.15821563049845e-12,3.4643241750638e-10,"up"
"gene-LOC142983258",408.185541744502,-3.79200969220946,0.581787728328174,5.30875713240739e-12,3.52001030244337e-10,"down"
"gene-LOC142975852",86.5849240714638,-3.72172222062491,0.567189125150415,5.30301637736582e-12,3.52001030244337e-10,"down"
"gene-LOC142983254",2501.25188235847,3.25234728600549,0.496670210058917,5.7152165903123e-12,3.76553194336399e-10,"up"
"gene-RpS17",44251.0912241287,2.80270670854382,0.429252563548287,5.97153948318106e-12,3.9096683031393e-10,"up"
"gene-LOC142981038",2580.96923119257,3.11247505113132,0.476070617996268,6.48244722105012e-12,4.21764222319573e-10,"up"
"gene-LOC142987335",39303.2083858955,3.29994126795117,0.506786262916399,7.26269291087581e-12,4.69593995044827e-10,"up"
"gene-RpL30",29987.6078461367,2.83817379272637,0.43665256111546,7.82236647358874e-12,5.02659475247276e-10,"up"
"gene-LOC142978499",3948.06540065794,2.34683068305059,0.358057821205091,8.49017733935165e-12,5.42225436212581e-10,"up"
"gene-mbl",830.355321282522,-3.07432011876855,0.474509892054948,8.98078166832375e-12,5.70060592483233e-10,"down"
"gene-LOC142981931",314.095308686948,-5.1941316682715,0.816044222613915,9.45481892625089e-12,5.92919668808866e-10,"down"
"gene-LOC142980021",15024.5592038706,2.99137812226283,0.461015361800622,9.44183111702096e-12,5.92919668808866e-10,"up"
"gene-LOC142977922",1022.81653757544,2.72738944554284,0.419580188811616,1.00299362517942e-11,6.25219379528012e-10,"up"
"gene-MagR",1124.97577956398,2.15704690032294,0.329043759678396,1.01902385279534e-11,6.31430851642826e-10,"up"
"gene-LOC142979247",1017.63420983046,-2.76959352602456,0.428419079362709,1.2666730508182e-11,7.80240618876771e-10,"down"
"gene-MED21",657.21509252307,2.21860005017383,0.341061661041505,1.36365306430695e-11,8.31661698249464e-10,"up"
"gene-Hcf",476.295361174722,-2.13732524126719,0.328555090904541,1.3661301671533e-11,8.31661698249464e-10,"down"
"gene-LOC142975815",1826.46912618337,-6.22198048469773,0.990174149740308,1.47379161618312e-11,8.91986670027108e-10,"down"
"gene-LOC142986285",154.637922344445,-2.76357732159477,0.429666021678558,1.50041140370267e-11,9.02848711707791e-10,"down"
"gene-Swim",2859.65416371999,-3.99154217860331,0.629147181648066,1.59040454781889e-11,9.51500651884752e-10,"down"
"gene-LOC142987402",3458.15294348791,2.94921695567821,0.459586398467678,1.60255530865674e-11,9.53291472178093e-10,"up"
"gene-LOC142978713",1008.4269164556,2.69265263161188,0.41886480627781,1.66625581637733e-11,9.85552445936816e-10,"up"
"gene-LOC142972268",303.054431198935,-2.68430342177386,0.418343678595672,1.71434114952926e-11,1.00826504896043e-09,"down"
"gene-LOC142987375",4845.5894405148,2.83490919319949,0.442777567353587,1.79737433789591e-11,1.05115968010281e-09,"up"
"gene-LOC142978501",388.207684550249,-2.3554616302878,0.365501906409189,1.80746957481655e-11,1.05115968010281e-09,"down"
"gene-LOC142973503",414.653456044651,-2.19797686342118,0.340794671499887,1.87778532392722e-11,1.08598584567124e-09,"down"
"gene-LOC142979334",4134.0566455671,4.09400788157811,0.647815036232492,1.94845238174125e-11,1.11447193922672e-09,"up"
"gene-RpL14",38854.7473672159,2.47629268075951,0.385299731121322,1.94359751997011e-11,1.11447193922672e-09,"up"
"gene-LOC142981380",109.670985071848,4.19738386764259,0.666158710581067,2.03568671693167e-11,1.15800539471359e-09,"up"
"gene-LOC142974063",1590.23923489356,2.91731951083809,0.457804845038707,2.0971041785333e-11,1.18645948361585e-09,"up"
"gene-LOC142972650",2828.30712727344,2.43217611791201,0.379764763862116,2.17811180994024e-11,1.21927901048156e-09,"up"
"gene-LOC142973531",919.589638681187,2.06032893475884,0.319094776545308,2.17853886599011e-11,1.21927901048156e-09,"up"
"gene-Grx5",682.335279122261,2.90080020112559,0.455993142286703,2.28373161237668e-11,1.2713179724514e-09,"up"
"gene-LOC142987189",1795.67100979788,3.31234937992543,0.523808073158689,2.43467089138481e-11,1.34813425421893e-09,"up"
"gene-RpL38",10046.9490534036,2.71684906441327,0.427143419461979,2.46458292297589e-11,1.35747662582958e-09,"up"
"gene-LOC142976055",1186.85317289841,2.17050571846474,0.33805697056695,2.50054636407592e-11,1.37003619210686e-09,"up"
"gene-LOC142973584",647.99029575121,2.41305985677237,0.377750777640443,2.52735212879751e-11,1.37747307124514e-09,"up"
"gene-Utx",192.26042918293,-3.59549048064553,0.569818261606493,2.55902256569352e-11,1.38747004733695e-09,"down"
"gene-AP-1-2beta",602.551941652465,-2.26859715606474,0.354927430623396,2.63593200199437e-11,1.42176435962494e-09,"down"
"gene-betaCOP",518.634055672997,-2.75323306412691,0.435457000035176,2.99632125215749e-11,1.60781980592575e-09,"down"
"gene-RpL9",37862.9983158276,2.43451815896977,0.382809512404286,3.08828123875356e-11,1.64866706130382e-09,"up"
"gene-rin",1226.35275601788,-4.36456181378222,0.700480392678194,3.16892188052337e-11,1.6804712336034e-09,"down"
"gene-fh",463.513477797605,3.04486348501196,0.483443834137446,3.18014248818318e-11,1.6804712336034e-09,"up"
"gene-kek5",366.123859154264,-3.57925218153234,0.571662831419414,3.38157874724533e-11,1.77789064438505e-09,"down"
"gene-Cnot4",933.061818660432,-2.25001313875639,0.355234288301572,3.70980242551419e-11,1.94065543967853e-09,"down"
"gene-LOC142976191",9427.37982065669,2.63147516781729,0.417673951033666,3.85089660538754e-11,2.00439168310421e-09,"up"
"gene-Nacalpha",5727.95131482673,1.69157594979101,0.264035549467086,3.9919624881309e-11,2.06747907967377e-09,"up"
"gene-LOC142978392",5433.66504759017,2.47730998065416,0.393263056478638,4.05368770427247e-11,2.08905391096418e-09,"up"
"gene-LOC142972233",143.774134200389,-4.23442837506035,0.684782874587781,4.23383515746193e-11,2.1711440388758e-09,"down"
"gene-LOC142987685",1285.9344548156,3.16716966185748,0.507417177901566,4.34239078012881e-11,2.21589647162456e-09,"up"
"gene-Pfdn5",1257.8792918453,2.58504885114415,0.411624074341652,4.58358014458556e-11,2.32756435634808e-09,"up"
"gene-Archease",2914.52084117179,3.13812516421484,0.50335566155543,4.64549732636393e-11,2.34755471686643e-09,"up"
"gene-Frl",697.681821943151,-4.99451758519914,0.815394377299738,4.85290489784379e-11,2.41643064562106e-09,"down"
"gene-LOC142977241",1351.40258753703,4.51953831971873,0.733322525676374,4.87464395370242e-11,2.41643064562106e-09,"up"
"gene-Npl4",545.653018749746,-3.80178194482528,0.615702888771952,4.85597387540272e-11,2.41643064562106e-09,"down"
"gene-Sec16",661.117299353411,-2.84095848565252,0.454948098986661,4.83297842587844e-11,2.41643064562106e-09,"down"
"gene-Saysd1",822.948624022036,2.10069953695044,0.332192271309296,4.98082625894382e-11,2.45736499315664e-09,"up"
"gene-mRpL40",735.564204830016,2.61811339941112,0.42134550731636,5.67202693836946e-11,2.7851792654918e-09,"up"
"gene-NAT1",5822.25706743609,-5.39974347200637,0.887374084825195,6.03811772935642e-11,2.93723390479441e-09,"down"
"gene-AP-1gamma",1991.90969709684,-3.02430603815919,0.486888057321039,6.03372962231772e-11,2.93723390479441e-09,"down"
"gene-FDL",107.238824401047,-3.03537843302452,0.491527677683615,6.18453301362052e-11,2.99446458938556e-09,"down"
"gene-CLIP-190",710.048609016126,-4.21937908191152,0.689166977184692,6.27298859569648e-11,3.02323200375928e-09,"down"
"gene-Dap160",237.363688354267,-2.68909794290696,0.434918466024611,6.8343545668285e-11,3.27860050878731e-09,"down"
"gene-LOC142973811",471.432498992828,4.88559288486398,0.802654182447486,7.13558824616576e-11,3.40740704782503e-09,"up"
"gene-LOC142978836",550.424988925119,2.10325856377817,0.336085069421994,7.4507512583941e-11,3.54165847488048e-09,"up"
"gene-TER94",6403.11703265759,-2.90427370267992,0.471215932684463,7.60284617709434e-11,3.59752857743418e-09,"down"
"gene-LOC142987853",162.394062491327,3.63326485159547,0.594786698261439,8.09915415877504e-11,3.81503143859041e-09,"up"
"gene-LOC142974031",206.855005200965,1.99329124223683,0.318782182583576,8.30071499586907e-11,3.89236230211698e-09,"up"
"gene-tej",82.1440778118115,-3.93322738718649,0.651477383913422,8.55838086101188e-11,3.99519034812259e-09,"down"
"gene-Prp8",1183.57585891812,-2.5237115295227,0.408284527499796,8.78325045438043e-11,4.08185880491519e-09,"down"
"gene-LOC142976622",517.655260459574,-3.08373028851029,0.503869896940342,8.92563563730258e-11,4.12959408819199e-09,"down"
"gene-sud1",59.9582001660107,-4.73187602497394,0.77202854166332,9.17764113209968e-11,4.21591862118171e-09,"down"
"gene-sdt",779.008137880919,-1.96449778221921,0.315046230701465,9.19321351592937e-11,4.21591862118171e-09,"down"
"gene-eIF3a",1302.2084354142,-3.06294647916791,0.498964657229766,9.38945080288479e-11,4.27958168528114e-09,"down"
"gene-LOC142984096",1911.59999975493,1.73594247552918,0.276731380054488,9.41425750172317e-11,4.27958168528114e-09,"up"
"gene-eIF3g1",3482.79862200369,1.19656116579181,0.187770554612684,9.72464744908159e-11,4.40145999760606e-09,"up"
"gene-Snoo",46.6592059046266,-6.10249314192149,0.996826962773478,1.00663236836393e-10,4.51682885977093e-09,"down"
"gene-BicD",319.421245086459,-2.46555391559048,0.400118288219726,1.00256451175245e-10,4.51682885977093e-09,"down"
"gene-ND-B18",5162.82767021818,3.12049547540059,0.510666553961913,1.01554477427498e-10,4.53726227476505e-09,"up"
"gene-LOC142978047",137.429710717621,-3.96433916608456,0.649301495935938,1.02517520037642e-10,4.56071531449509e-09,"down"
"gene-Fak",614.777934653143,-3.88407999983791,0.640760787185335,1.05552558473576e-10,4.67575376046775e-09,"down"
"gene-Tomosyn",324.367094483447,-2.62369198642348,0.428472868576325,1.07234869701762e-10,4.73014827794636e-09,"down"
"gene-LOC142974725",706.489720123131,2.78667959198609,0.45476056959204,1.08404846847131e-10,4.7615799817664e-09,"up"
"gene-rg",263.067918632815,-3.86328207147313,0.637340489946769,1.13914813600327e-10,4.98257651083783e-09,"down"
"gene-LOC142977347",1169.28883053262,-6.56512054645454,1.10807996241069,1.1649057312078e-10,5.06579855740798e-09,"down"
"gene-mago",1506.06121069523,2.56943670958272,0.418650226691767,1.16790744839377e-10,5.06579855740798e-09,"up"
"gene-Bruce",888.005957371009,-2.95558547085914,0.486491408934327,1.23264262605341e-10,5.32440238058757e-09,"down"
"gene-LOC142972730",65.7519557245808,-9.9389782599599,3.05714556612064,1.25312182950697e-10,5.39049514263124e-09,"down"
"gene-ATP8B",440.563282490926,-2.88792734798779,0.475624348310076,1.36959170781171e-10,5.86726324210697e-09,"down"
"gene-Usp20-33",968.11716327513,-3.35447796781382,0.557303039404278,1.51492538689472e-10,6.46326773671065e-09,"down"
"gene-LOC142974540",96.7759716164003,-7.0540696072018,1.15827864223633,1.60876570417354e-10,6.83561264508022e-09,"down"
"gene-RpS27A",34139.3754578828,2.30062993197385,0.376317175466204,1.62005924364459e-10,6.85561655542284e-09,"up"
"gene-LOC142975374",525.472084222665,2.5311450283782,0.4162239515844,1.67361891509892e-10,7.05359226970842e-09,"up"
"gene-RpS15",29840.5277791226,2.29568818828713,0.375912384458146,1.69846360251689e-10,7.12943794443581e-09,"up"
"gene-RpL26",25868.4143660898,2.6091894063432,0.433348307481027,1.7721727087782e-10,7.37932715935244e-09,"up"
"gene-eIF3k",4639.52940865193,2.15078306291726,0.35302159120505,1.76696676588661e-10,7.37932715935244e-09,"up"
"gene-nonC",249.66856567189,-2.78064475779706,0.460485923976719,1.79963377960874e-10,7.46381977917412e-09,"down"
"gene-LOC142980900",383.421126467515,-1.80588188926694,0.293552611986104,1.81712405979466e-10,7.50645296129459e-09,"down"
"gene-Mondo",944.614899652619,-2.21748690127826,0.364056599949298,1.85679413588661e-10,7.64001065398402e-09,"down"
"gene-mon2",105.932293396572,-3.21793340617203,0.537363066092908,1.87766525359551e-10,7.69547058658631e-09,"down"
"gene-LOC142984524",5977.8081201003,3.4162124921469,0.57042360987546,1.9154430491292e-10,7.81951456526863e-09,"up"
"gene-Mrtf",344.463255823854,-3.29852106320543,0.551171135641564,2.16838244018026e-10,8.81752390713928e-09,"down"
"gene-ox",3556.47001477841,3.47655411134177,0.58288997931945,2.21337334530922e-10,8.94791836020049e-09,"up"
"gene-Atox1",5144.11458267676,2.06803538387385,0.340811085407705,2.22311978432263e-10,8.94791836020049e-09,"up"
"gene-Secp43",496.720771953908,1.58474772577311,0.257245483432276,2.22623521161568e-10,8.94791836020049e-09,"up"
"gene-RpS10b",27034.7500764967,2.54704871674742,0.423605887255188,2.25194817977165e-10,9.01645405823955e-09,"up"
"gene-mbc",220.527355829396,-2.37909020186108,0.394321975540415,2.41851627361587e-10,9.64626605683573e-09,"down"
"gene-Sirt7",61.0015158130602,-7.97995753239455,1.41774327293514,2.42823708359289e-10,9.64807177106947e-09,"down"
"gene-Not1",1843.1405855528,-3.34248300329835,0.563456009724321,2.45083537399286e-10,9.70083507348504e-09,"down"
"gene-LOC142972400",403.769873699351,2.09266564303004,0.344707819888519,2.51352746235436e-10,9.91129578905641e-09,"up"
"gene-Khc-73",550.536655414443,-2.42784693323388,0.404401949846187,2.56440917995723e-10,1.00737734201339e-08,"down"
"gene-Stam",1276.06727054575,-4.42737120829696,0.754120971187203,2.60231475590142e-10,1.01842468454638e-08,"down"
"gene-eIF1",16378.6511940348,2.09454744059426,0.3463188613066,2.61219817477466e-10,1.01846378274922e-08,"up"
"gene-hep",487.104694779945,-2.51390635513789,0.419332102270083,2.63760310053982e-10,1.02453165211267e-08,"down"
"gene-cic",367.164853357238,-3.0326550716374,0.509475633343207,2.64777998271134e-10,1.0246613241645e-08,"down"
"gene-SA1",88.2681949412843,-5.45594520672511,0.916252182810395,2.74161662038552e-10,1.05704551919308e-08,"down"
"gene-sun",13682.2753153146,4.35339672473803,0.740496811923832,2.84444216312606e-10,1.08862657787288e-08,"up"
"gene-ND-B12",7958.23468264102,3.37640572369233,0.569751111280779,2.83970404941922e-10,1.08862657787288e-08,"up"
"gene-LOC142982543",331.188782402046,-4.10306853295601,0.699751305438461,2.98499970978745e-10,1.1382361530728e-08,"down"
"gene-RpL37-1",20747.6113089931,2.92177324904301,0.491410296693803,3.12804383566068e-10,1.18842833318349e-08,"up"
"gene-Regnase-1",360.647129606326,-5.93165095114241,1.0278643785164,3.19674667667147e-10,1.21011392378727e-08,"down"
"gene-Sptr",800.026466438327,1.52961225338836,0.250261336270053,3.20843687467409e-10,1.21013869077382e-08,"up"
"gene-Slmap",303.538115522541,-3.01940617962219,0.510510919603442,3.33273892482744e-10,1.25248419521493e-08,"down"
"gene-LOC142980064",124.672984989063,-2.84372682856098,0.477723490922702,3.41855384983289e-10,1.28011315024318e-08,"down"
"gene-LOC142977913",4550.74285183687,2.55028729219089,0.427849177066043,3.47751120214548e-10,1.29752299692955e-08,"up"
"gene-LOC142972338",236.746194310158,3.05953897707238,0.518409550235991,3.65949624592128e-10,1.36054842571573e-08,"up"
"gene-l(2)k05819",138.771689717029,-2.85857178161821,0.482202481162625,3.77458194113549e-10,1.39834156609325e-08,"down"
"gene-RpS18",43459.9540187422,2.60366713693215,0.438424026672517,3.90782335448612e-10,1.44256883404966e-08,"up"
"gene-Sf3b1",1051.02099176673,-1.42582404756583,0.234128009137446,3.97367112095671e-10,1.46169315792083e-08,"down"
"gene-Dhc64C",411.087652512884,-3.2878202847306,0.561237842958226,4.09158434432419e-10,1.49450501840052e-08,"down"
"gene-LOC142972952",480.782925132471,2.88379493177212,0.488479232602824,4.08589629888234e-10,1.49450501840052e-08,"up"
"gene-Tim8",2369.99362659144,2.58051293654828,0.43585717143072,4.27218875604682e-10,1.55501695630935e-08,"up"
"gene-Crag",557.440009865977,-2.04338897438042,0.342252227884737,4.41494619792069e-10,1.6013794397336e-08,"down"
"gene-Cisd2",6458.58490337598,2.65167115662608,0.45003894615576,4.84545973034096e-10,1.75143179836283e-08,"up"
"gene-LSm1",345.915701425754,2.93312384275302,0.50010751586985,4.93942413994972e-10,1.77921817636251e-08,"up"
"gene-Cse1",117.191856678404,-2.55721946397632,0.432948552794098,5.00407440146527e-10,1.79629015583633e-08,"down"
"gene-LOC142987380",330.110076461122,-2.57929091161086,0.439370618043742,5.21000130431762e-10,1.86378397175074e-08,"down"
"gene-LOC142986297",586.158071086636,4.58708770079729,0.798315202621839,5.61732551838045e-10,1.99799070840271e-08,"up"
"gene-Ntf-2",3686.56530993679,2.17556675111914,0.368703061894653,5.64274032920649e-10,1.99799070840271e-08,"up"
"gene-LOC142982317",289.722256990372,1.77489353127088,0.296796890026973,5.62576401218162e-10,1.99799070840271e-08,"up"
"gene-Patronin",619.193542748334,-2.83933791919935,0.486910119905746,5.70994664156806e-10,2.01493371317707e-08,"down"
"gene-Fmr1",2054.7127856484,-2.954635297712,0.507076940350179,5.87221573481916e-10,2.06171418897573e-08,"down"
"gene-RpL36A",27401.9994915233,2.71153560568435,0.463520795860865,5.89876129461036e-10,2.06171418897573e-08,"up"
"gene-Uch",2851.51510227063,2.34405796959494,0.399398305942963,5.90192918650112e-10,2.06171418897573e-08,"up"
"gene-Sf3a1",427.781442798735,-2.55533393193914,0.436384872088243,5.9528592099965e-10,2.07255064802888e-08,"down"
"gene-LOC142974456",1161.33240533003,2.1700970416285,0.367315963418073,6.17642037256864e-10,2.14321786928132e-08,"up"
"gene-LOC142975927",3124.35965564088,-2.58299782078953,0.442850541769145,6.97235799607731e-10,2.41137032356029e-08,"down"
"gene-LOC142972856",554.757045631113,-2.67360390789399,0.459583871323354,6.99915809446715e-10,2.41262370077494e-08,"down"
"gene-LOC142983576",52.2411094322212,5.69597447066669,1.00226867311595,7.07367199015399e-10,2.42369719501043e-08,"up"
"gene-SmD2",544.081586753441,2.45267822621119,0.419129705480284,7.07784771645696e-10,2.42369719501043e-08,"up"
"gene-LOC142979315",255.362863984778,3.95673149627464,0.690437564419452,7.17236725817623e-10,2.44801125106933e-08,"up"
"gene-LOC142975886",52.8764367096522,-4.07769059203951,0.706217120958962,7.39430581075485e-10,2.51551383954111e-08,"down"
"gene-corn",973.638362408362,-3.56378630402563,0.619546696165063,7.45827871063481e-10,2.52901242272666e-08,"down"
"gene-ND-B15",3717.15587289334,3.38540384775024,0.587691750561335,7.53685513946486e-10,2.54735915590354e-08,"up"
"gene-roq",206.639524187369,-2.84919636301839,0.491909138251955,7.60319975955877e-10,2.55320353216151e-08,"down"
"gene-Pex2",435.994292578463,1.90053884427286,0.320940151619666,7.59248544122188e-10,2.55320353216151e-08,"up"
"gene-LOC142983509",1548.57545601445,3.99237851599355,0.698306742071861,7.8556905384889e-10,2.62950927670963e-08,"up"
"gene-RpL24",39202.9379898748,2.53431516325157,0.436112240805714,7.95823290829817e-10,2.65529501844179e-08,"up"
"gene-LOC142983263",210.579689737718,-2.29513982120311,0.393488238353086,8.24605522718119e-10,2.74253785670786e-08,"down"
"gene-tzn",3398.94502517811,2.55649968493813,0.439754058654263,8.27266158407678e-10,2.74262442962546e-08,"up"
"gene-Psi",732.586713394115,-2.70184471344741,0.466950639186839,8.30133820791153e-10,2.74339462680505e-08,"down"
"gene-Lamtor3",754.012144353085,2.03961880889899,0.346180382495995,8.64844696181593e-10,2.84906116685139e-08,"up"
"gene-LOC142976078",654.275705022419,2.73725267020377,0.473746985029705,9.08751275670598e-10,2.98425892105076e-08,"up"
"gene-Rpp25",381.74807064343,2.12806243158457,0.364091049013099,9.40349467210035e-10,3.07831382190455e-08,"up"
"gene-ATPsynF",17145.2405504844,3.78976625505139,0.665365692339879,9.61189084430326e-10,3.13667033508454e-08,"up"
"gene-Blos1",932.536871095951,2.28138629268538,0.392050452107632,9.6887348555422e-10,3.15186655769357e-08,"up"
"gene-Cbp20",473.875022408458,2.18468782198923,0.374698746560145,9.78597832544363e-10,3.17358362516723e-08,"up"
"gene-kel",31.0783171335285,-9.28566253555786,2.97545750013165,1.07780917727758e-09,3.48447004206819e-08,"down"
"gene-mRpS6",527.266757617368,2.52601552345795,0.438046863580353,1.10607934021126e-09,3.56479440606786e-08,"up"
"gene-Ssb-c31a",4428.76359662365,3.31747047132159,0.582657871636702,1.15021374620688e-09,3.69559416605358e-08,"up"
"gene-Su(var)2-10",212.64953154665,-2.22015729869,0.383790909568121,1.18822051489826e-09,3.80596171079718e-08,"down"
"gene-LOC142985080",202.802684739061,-2.55039583736921,0.444035038295084,1.21392784676266e-09,3.87637695852739e-08,"down"
"gene-LOC142972810",35421.4790164131,-2.62722266294846,0.458327903868722,1.22019656957123e-09,3.88447898753409e-08,"down"
"gene-RpL5",28671.6444048099,1.75762469328727,0.299703344433264,1.2312238960393e-09,3.90763437736865e-08,"up"
"gene-MED22",431.281555883156,1.90162109066101,0.326224265608434,1.29680806974075e-09,4.10327416595782e-08,"up"
"gene-LOC142980898",283.165423256044,-2.91051662831072,0.510960577853471,1.30163399418175e-09,4.10606359982789e-08,"down"
"gene-Nup205",82.5024010821,-3.71888192373264,0.65562393202461,1.31476420570398e-09,4.12249860884892e-08,"down"
"gene-LOC142980234",4130.57521526601,3.49830536915006,0.617901723886645,1.31446451712414e-09,4.12249860884892e-08,"up"
"gene-Bap60",824.215971626493,-3.21936859396632,0.569058080590589,1.33224061686259e-09,4.16475219866052e-08,"down"
"gene-mRpL18",456.069881967195,2.58090367760306,0.450849902350667,1.41668467485737e-09,4.41547528900158e-08,"up"
"gene-PDCD-5",1553.13981568913,2.46983197740565,0.431620926769208,1.43364301980215e-09,4.45499218989265e-08,"up"
"gene-RpL35",41984.7563542627,2.65682919634661,0.467265212706818,1.47731683941676e-09,4.56322457516349e-08,"up"
"gene-LOC142975234",1883.30466126682,-2.52870380474249,0.443200640837703,1.4793722917288e-09,4.56322457516349e-08,"down"
"gene-mRpL15",1058.32864675442,2.20169841073048,0.382427651970105,1.48162334909247e-09,4.56322457516349e-08,"up"
"gene-LRR",434.777495764585,-3.05322227804999,0.539910159835949,1.51726796014671e-09,4.65922108115849e-08,"down"
"gene-LOC142976519",4127.77439158836,4.63661100844883,0.833661991906714,1.58666838959098e-09,4.85800527518884e-08,"up"
"gene-LOC142982169",1500.90310647968,4.53769407807109,0.815534181388515,1.6750539859068e-09,5.09862923780404e-08,"up"
"gene-RpL29",20657.1227598438,2.81606704637254,0.496480108398583,1.67202639530028e-09,5.09862923780404e-08,"up"
"gene-trbd",91.6627690729761,-5.00865762198113,0.899581455902,1.71262437668399e-09,5.17575952089085e-08,"down"
"gene-LOC142976747",120.790351917306,4.21820928051824,0.758332425774755,1.70547573875372e-09,5.17575952089085e-08,"up"
"gene-RpLP2",26980.7262363441,2.6557866895757,0.467281639503108,1.71530935130388e-09,5.17575952089085e-08,"up"
"gene-sdk",180.612678062211,-2.57659365657133,0.454070229764678,1.81400140171843e-09,5.45773254100835e-08,"down"
"gene-ND-B16.6",4558.15498134457,3.29183829477014,0.586347658283257,1.82918019406768e-09,5.48754058220304e-08,"up"
"gene-mRpL51",1459.96005399928,2.67909828923092,0.473388199125893,1.90205007618753e-09,5.68934960595476e-08,"up"
"gene-LOC142984303",365.387568253566,-2.0894187489699,0.365266726336889,1.90738041544497e-09,5.68934960595476e-08,"down"
"gene-Chpf",353.232408445577,-5.32415065027439,0.973053830170543,1.98200082166678e-09,5.88456662997888e-08,"down"
"gene-LOC142986437",97.1288415056464,-3.80491973287613,0.686999468281452,1.98978621878248e-09,5.88456662997888e-08,"down"
"gene-MED1",191.595991523121,-2.76039883180743,0.489861247690647,1.98832412749187e-09,5.88456662997888e-08,"down"
"gene-sws",166.541562013355,-5.30255425090576,0.96999491117775,2.03887416600308e-09,6.01265724308557e-08,"down"
"gene-p130CAS",539.934098892913,-3.70428612949515,0.667753513030782,2.10735670905841e-09,6.19705744104464e-08,"down"
"gene-LOC142980505",354.102197200303,-3.08957108754645,0.551805438066868,2.13900408386525e-09,6.27240352479924e-08,"down"
"gene-LOC142982645",778.681025257472,2.29923673403507,0.404717326376828,2.15265531212665e-09,6.29470275259507e-08,"up"
"gene-LOC142987447",490.771843442162,2.47741377785008,0.4381734190496,2.23084346082077e-09,6.50506454541855e-08,"up"
"gene-LOC142987276",697.40025387031,-1.64308196933573,0.285437961778661,2.34501613937783e-09,6.81888771254837e-08,"down"
"gene-LOC142972401",2442.19870404807,2.35800315960937,0.41729621182353,2.4014341970237e-09,6.94969987723457e-08,"up"
"gene-woc",205.873610147209,-2.1811205853749,0.384758697976822,2.40335442440389e-09,6.94969987723457e-08,"down"
"gene-mRpS35",993.648483728385,1.68999548551791,0.293424270959015,2.41126401800491e-09,6.95325718211388e-08,"up"
"gene-LOC142974067",467.813393062803,-2.01591147852107,0.354086511634562,2.43663715483504e-09,7.00701458061679e-08,"down"
"gene-mRpS23",771.311174222503,2.39162041726083,0.424262174200723,2.58015678247668e-09,7.39929259106948e-08,"up"
"gene-Vps15",275.69694318382,-3.41282425958071,0.618514565880932,2.63281935688875e-09,7.52957403989337e-08,"down"
"gene-LOC142981133",408.528976822515,-3.50647181049691,0.634075883341984,2.66976452634795e-09,7.61431471761155e-08,"down"
"gene-LOC142986781",307.477183102961,2.71259677305575,0.485029621487215,2.75042319487541e-09,7.81492183798504e-08,"up"
"gene-LOC142976171",1225.95644602632,-2.70684045915398,0.484706201893598,2.76262366606964e-09,7.81492183798504e-08,"down"
"gene-Trx2",54782.6602281433,2.40766826728333,0.429738617691864,2.76241134831739e-09,7.81492183798504e-08,"up"
"gene-Rho1",15289.7414781597,1.7866783153359,0.314868126946609,2.88747650243646e-09,8.14597029549148e-08,"up"
"gene-LOC142977493",776.966203541172,-1.55247876503743,0.270827556618129,2.99825416509089e-09,8.4356286104314e-08,"down"
"gene-LOC142973132",508.047675070679,2.06344398987574,0.365360174774548,3.14541026842777e-09,8.82580078014369e-08,"up"
"gene-Nadsyn",47.8842980038457,-3.30174543116676,0.598818469971797,3.16209096423445e-09,8.84875455313996e-08,"down"
"gene-LOC142977148",5414.82432700027,2.193015288484,0.391827558268891,3.4104028401586e-09,9.51804117052306e-08,"up"
"gene-garnet",339.420294889529,-1.46938314169937,0.256865875862734,3.57880982158003e-09,9.9613396370717e-08,"down"
"gene-LOC142980114",1391.81033829531,1.7879868499829,0.315249650009969,3.61865158373919e-09,1.004537679646e-07,"up"
"gene-LOC142978814",707.723987183453,1.60432410073408,0.281434293764218,3.68522800363141e-09,1.02029849781391e-07,"up"
"gene-LOC142972620",308.28865964394,-3.5858558494066,0.65747908533091,3.83982569737859e-09,1.06028078275096e-07,"down"
"gene-Mmp1",2303.7653505667,-3.61812218665331,0.665052397774053,3.88606547962332e-09,1.07021009637245e-07,"down"
"gene-lilli",170.753744454309,-2.28789084819677,0.411881310133884,3.93719224708109e-09,1.08142932169167e-07,"down"
"gene-LOC142972251",2063.36812377567,4.51509474740687,0.835495186200409,3.96834647683237e-09,1.08711807431118e-07,"up"
"gene-LOC142982738",62.9001946044143,-3.50714750458853,0.639798381330633,4.15293792311146e-09,1.13101539992846e-07,"down"
"gene-RpS12",13491.4719524433,2.2251532177728,0.400422873472301,4.1554305021424e-09,1.13101539992846e-07,"up"
"gene-Mlf",371.455049515656,-1.83949587410976,0.32720910753849,4.16118057802692e-09,1.13101539992846e-07,"down"
"gene-LOC142987559",141.136163344605,-2.66103317042712,0.484128083750515,4.17516065537385e-09,1.13185995891776e-07,"down"
"gene-LOC142974714",131.439442557084,-2.90106849901835,0.528892801316623,4.19443838696056e-09,1.13413256125349e-07,"down"
"gene-Ran",6782.78272692878,1.95904368673198,0.35064332282139,4.46795317487462e-09,1.20495835622914e-07,"up"
"gene-LOC142984803",353.919126707984,2.62121837320916,0.476144756739467,4.73584451641506e-09,1.27290503242742e-07,"up"
"gene-Spn",399.470031151291,-2.34055622073373,0.423644961069518,4.74435305073813e-09,1.27290503242742e-07,"down"
"gene-chic",30400.8933186497,1.74373614102377,0.310132254933091,4.95143500870749e-09,1.32504983137905e-07,"up"
"gene-Fas2",249.285183108285,-3.22624447867703,0.594024701971696,5.01312763672933e-09,1.33469715341055e-07,"down"
"gene-Iml1",764.792859730306,-2.1865407321986,0.39553806439447,5.00080959216264e-09,1.33469715341055e-07,"down"
"gene-bark",759.409831176833,-3.30948899364348,0.610186853441297,5.06109373930476e-09,1.34403025066741e-07,"down"
"gene-LOC142987536",1345.21817089495,2.09280136304775,0.377206927036108,5.25143020437841e-09,1.39102769535825e-07,"up"
"gene-LOC142978899",1858.81421712688,2.79205217539441,0.510524385777282,5.28362717080042e-09,1.39600403167595e-07,"up"
"gene-LOC142976245",346.634829144973,-3.12276905701749,0.577233797830128,5.70886198114519e-09,1.50453805629674e-07,"down"
"gene-LOC142977327",231.624373703226,-1.9348280233275,0.347604822342173,5.74479154038338e-09,1.5101838367523e-07,"down"
"gene-LOC142980206",140.082310870689,-5.33628706390372,0.999059862007627,5.83605419218935e-09,1.52646543067063e-07,"down"
"gene-LOC142983557",458.358483594074,-1.44236259102995,0.255816045696471,5.83388301011207e-09,1.52646543067063e-07,"down"
"gene-Atg1",819.129027086349,-4.00240269195069,0.749231272498274,6.18948979715405e-09,1.61473266744173e-07,"down"
"gene-stmA",302.586298207333,-2.06066929046302,0.3734357243404,6.2045443513611e-09,1.61473266744173e-07,"down"
"gene-LOC142977787",1371.50828861408,-2.8228715659544,0.520238603710838,6.72871476987398e-09,1.74678106619422e-07,"down"
"gene-RpL34",20889.5073531347,2.28730541239047,0.419477722558803,6.75856913132945e-09,1.75016678251591e-07,"up"
"gene-Paip2",178.985109044059,-2.22838684900262,0.40705846884802,6.81610749930759e-09,1.76068682550352e-07,"down"
"gene-viaf",3602.22057488106,2.03675705191834,0.369276149348075,6.88990083466959e-09,1.7753432596265e-07,"up"
"gene-LOC142975930",6972.11544903231,3.30148137231235,0.614038489534295,6.93418354087164e-09,1.78234199161664e-07,"up"
"gene-LOC142972402",235.795253163237,-2.07492479177674,0.377250481565475,6.97174166180995e-09,1.78758203693206e-07,"down"
"gene-LOC142987176",1641.28968566182,3.20840994349328,0.596286401589649,7.03529941793249e-09,1.7994463621788e-07,"up"
"gene-shg",875.113988546312,-2.38454373602964,0.437759836893537,7.16442885278606e-09,1.8279829499388e-07,"down"
"gene-Nuak1",254.802549559171,-3.13521960047632,0.584513381270023,7.20087337644178e-09,1.82831931338436e-07,"down"
"gene-LOC142981256",231.45031531778,-1.66423584563843,0.298830859251689,7.185469123826e-09,1.82831931338436e-07,"down"
"gene-LOC142981521",331.906306412372,-2.2748899926535,0.41711712304929,7.38549969606555e-09,1.86869889267291e-07,"down"
"gene-LOC142978889",560.113978160144,-1.81827882082615,0.329183673869463,7.39581117945474e-09,1.86869889267291e-07,"down"
"gene-Nc73EF",1821.88369889418,-2.50464645693828,0.46238508602082,7.43597886421895e-09,1.87429878877771e-07,"down"
"gene-Reps",291.833921797148,-2.6781904298286,0.49394325632223,7.50332378175076e-09,1.88670532773008e-07,"down"
"gene-LOC142979557",2021.26097255993,2.2544689272017,0.413861111062655,7.76254088670495e-09,1.94718194290599e-07,"up"
"gene-RpL35A",27108.0418087119,2.49298937595313,0.460114967932502,8.03669583472603e-09,2.00628306089923e-07,"up"
"gene-LOC142984108",295.622536268243,-2.02896548375899,0.370117428063653,8.02667919310185e-09,2.00628306089923e-07,"down"
"gene-LOC142976420",163.211956185901,-3.12765968693672,0.586365258602759,8.1500699066296e-09,2.0297183666989e-07,"down"
"gene-spen",59.9101864212726,-2.92531118119491,0.544211667651249,8.34508529613789e-09,2.07332548765622e-07,"down"
"gene-LOC142979330",3104.75666425597,4.35719019999955,0.826435474388861,8.55639581523275e-09,2.1207638199184e-07,"up"
"gene-dia",274.305184650971,-3.43937082229451,0.648188410314353,8.6880522956182e-09,2.14828086454597e-07,"down"
"gene-LOC142977517",2441.88966093764,3.45503330160449,0.648663305532824,8.74277208563116e-09,2.15668856425167e-07,"up"
"gene-mRpL13",504.187293047345,3.05324693173075,0.570977013236047,9.05018666341121e-09,2.2272445192934e-07,"up"
"gene-aPKC",1317.01247622397,-2.41476054615376,0.446561645613734,9.0855248471998e-09,2.23066777498467e-07,"down"
"gene-MRG15",545.074816709065,1.76235531484793,0.319876805409096,9.13637833878696e-09,2.23787525898288e-07,"up"
"gene-RpL37A",11528.5825758854,2.55656475891102,0.474262506417661,9.17736730600044e-09,2.24263834871982e-07,"up"
"gene-Tsc1",49.0141288486715,-3.70155575188866,0.700919291715445,9.25460228824773e-09,2.25621568666648e-07,"down"
"gene-RpS27",32132.9710470691,2.34598320357229,0.434830281265338,9.67857519118748e-09,2.35406466682854e-07,"up"
"gene-mRpS9",723.070098926203,1.48965516390779,0.26882678304966,1.02308073276815e-08,2.48258051937445e-07,"up"
"gene-RpL39",11533.9650388256,2.67748150212463,0.499221673780401,1.04509870129598e-08,2.53011104197468e-07,"up"
"gene-Ankrd49",396.164810010393,2.48201716718313,0.462012346684975,1.0791063723844e-08,2.6063798924644e-07,"up"
"gene-sno",390.013578811791,-3.85984365269448,0.735760251833444,1.09684876774243e-08,2.63092066179694e-07,"down"
"gene-Apoltp",293.071906175064,-2.29481739817655,0.425960759054241,1.09457076368618e-08,2.63092066179694e-07,"down"
"gene-LOC142987440",1121.08744713476,2.04900660434576,0.377212735764919,1.09525766410976e-08,2.63092066179694e-07,"up"
"gene-LOC142978252",3861.54863655168,-2.72048635421082,0.508811212669755,1.10573590228459e-08,2.64614040063967e-07,"down"
"gene-LOC142977474",172.52648151164,-2.3901844468787,0.444476177939151,1.11666363375144e-08,2.66616248333772e-07,"down"
"gene-LOC142972305",143.081170623395,-2.9213682781873,0.549741496768074,1.12321861525467e-08,2.67567638096136e-07,"down"
"gene-LOC142974632",416.568237921832,-3.50559785716916,0.666109586262913,1.16383117074544e-08,2.76609189211416e-07,"down"
"gene-LOC142974279",80.0165439958092,-4.95304040065791,0.929574294835585,1.17747060441871e-08,2.79213416674231e-07,"down"
"gene-LOC142978780",1741.51121655702,2.76089832316616,0.518369407643259,1.18550728157168e-08,2.80480245480936e-07,"up"
"gene-LOC142986840",5106.66556992769,2.14764522451447,0.399214377023487,1.21812689444224e-08,2.87544239708475e-07,"up"
"gene-Marf1",171.394874668291,-2.57141592289414,0.482774516335877,1.25438287117766e-08,2.9543270789501e-07,"down"
"gene-LOC142977644",158.546346062831,-2.50483135132107,0.471190416130976,1.27117987118118e-08,2.98712922324967e-07,"down"
"gene-GCS2alpha",796.631747797424,-3.91577281484024,0.751302682594268,1.29228711829598e-08,3.02988939222099e-07,"down"
"gene-Rbcn-3A",803.045829388851,-2.4420063213734,0.45910795802303,1.38211771360895e-08,3.23322368509418e-07,"down"
"gene-LOC142977953",12170.5184530257,3.11753457259799,0.592710129301583,1.42084335694872e-08,3.308943925243e-07,"up"
"gene-eIF3i",4795.99253083786,1.33583226639599,0.242602081617759,1.41832745855723e-08,3.308943925243e-07,"up"
"gene-LOC142979939",550.106702981157,2.84434778753773,0.538725383478694,1.4248288275267e-08,3.31081877110557e-07,"up"
"gene-LOC142983851",463.577121264715,3.58329176495631,0.685935381891087,1.43564928010363e-08,3.3285320725788e-07,"up"
"gene-Fbl6",182.534858744081,-2.44794553879624,0.462643400269604,1.51215823782629e-08,3.49812605683816e-07,"down"
"gene-LOC142985954",571.431733315803,-2.8372284598939,0.538623384942826,1.58368859827039e-08,3.65140894967067e-07,"down"
"gene-zetaCOP",1477.22516702546,2.17352709130356,0.406742594443189,1.58543404923261e-08,3.65140894967067e-07,"up"
"gene-LOC142984261",407.151766659072,-2.60648106130136,0.494893107831233,1.61949674677319e-08,3.71646887223559e-07,"down"
"gene-gw",493.679034626351,-2.31498655239903,0.435820339115613,1.620823120072e-08,3.71646887223559e-07,"down"
"gene-LOC142979623",335.779777623949,-2.77453601264975,0.527531927779955,1.62902334450174e-08,3.7270622013765e-07,"down"
"gene-LOC142980673",245.925434142938,1.68302824725839,0.310796867106896,1.66479867949764e-08,3.80056014332685e-07,"up"
"gene-Stoml2",845.440841802178,1.83911353787747,0.341239770822863,1.6905318356942e-08,3.85086135876951e-07,"up"
"gene-LOC142973512",600.393789403632,3.10275734251746,0.593714037069429,1.70176610546962e-08,3.86798802575083e-07,"up"
"gene-LOC142987371",1682.82901444852,2.62697011693291,0.498361971457343,1.71746545788021e-08,3.88718325888422e-07,"up"
"gene-vtd",471.312700018006,-2.23689917121238,0.421297630125633,1.71767944196613e-08,3.88718325888422e-07,"down"
"gene-LOC142979084",817.653392371068,2.13420516784949,0.400287321477108,1.73589988229197e-08,3.91989539580464e-07,"up"
"gene-grp",310.295245082406,-2.41816039877781,0.458028150301045,1.87998029765691e-08,4.21780062470009e-07,"down"
"gene-RpS2",22123.291165781,1.66175425927443,0.310459383226453,1.87403100707873e-08,4.21780062470009e-07,"up"
"gene-awd",18610.2946464604,1.45498348515265,0.267448839562146,1.87710943403512e-08,4.21780062470009e-07,"up"
"gene-RpS30",28768.798343959,2.37638581499656,0.449768132975122,1.94136723713205e-08,4.34615762119239e-07,"up"
"gene-FASN1",67.8416051636211,-7.56106557483233,1.5361170898858,1.97398009183322e-08,4.40475921887895e-07,"down"
"gene-mxt",652.601601816769,-2.13185898760379,0.40269846277487,1.97600629703791e-08,4.40475921887895e-07,"down"
"gene-Dlc90F",1308.77758930446,1.89498176159125,0.353681574764452,1.98224425698664e-08,4.40922280239976e-07,"up"
"gene-LOC142973605",1697.14180813885,2.13807970671261,0.404094101350386,2.02348374088133e-08,4.49135730118861e-07,"up"
"gene-ATPsynE",14832.9187798688,3.77657364049061,0.734582688361373,2.05323686920397e-08,4.52843131534181e-07,"up"
"gene-Syx17",413.838566106342,-2.8102655888724,0.539809227168135,2.05291118791065e-08,4.52843131534181e-07,"down"
"gene-Tpst",190.253584399327,-2.49633474600157,0.474817204733201,2.04674316479598e-08,4.52843131534181e-07,"down"
"gene-ATPsynG",15943.0927678199,3.67426174669726,0.714720683006629,2.13412665679573e-08,4.68697436650707e-07,"up"
"gene-LOC142978383",181.124872347675,1.59442273930067,0.296098266940148,2.13266633742014e-08,4.68697436650707e-07,"up"
"gene-Efa6",756.126774429776,-4.22292676904763,0.828548130226576,2.14682797980575e-08,4.70494300416377e-07,"down"
"gene-LOC142983616",3637.11852081661,-1.41870556483072,0.262011340557631,2.15316235038212e-08,4.7089117788819e-07,"down"
"gene-mRpL47",697.809233127648,1.79843558317763,0.336168955801246,2.20147594273081e-08,4.80447894419869e-07,"up"
"gene-Ist1",1025.40991472924,-2.68467322995871,0.516234162671676,2.27508529709352e-08,4.95473597128525e-07,"down"
"gene-Fdx1",479.919376712031,2.87507548100911,0.554021396436513,2.29795845710299e-08,4.99044945219199e-07,"up"
"gene-e(y)3",160.416405494149,-2.42374003447419,0.463903039707061,2.30107179351792e-08,4.99044945219199e-07,"down"
"gene-mRpL16",675.810286910589,2.30630982206554,0.438791278929993,2.31704166193521e-08,5.01463694402194e-07,"up"
"gene-knk",31.1839093977157,-8.81098437799977,2.97302445104538,2.49213171817294e-08,5.38238406352289e-07,"down"
"gene-hook",160.512927972134,-2.1131292335984,0.401020205092874,2.52635856014846e-08,5.44500882218333e-07,"down"
"gene-Smurf",220.344349041659,-2.92756782489274,0.567905219718693,2.54504566279929e-08,5.47395151854145e-07,"down"
"gene-Pmi",1762.88808642288,1.83100390011905,0.344573498437351,2.57862839723203e-08,5.53474672478049e-07,"up"
"gene-LOC142973572",1084.32125887328,-1.87797529479414,0.355425165253305,2.74583906540376e-08,5.88151947959942e-07,"down"
"gene-Fdh",9309.61362561455,3.05531341139328,0.594424768775192,2.76858944096959e-08,5.91807311714443e-07,"up"
"gene-Ssu72",846.271659582459,1.89704934298475,0.359033245832773,2.79980206460012e-08,5.97252858452607e-07,"up"
"gene-LOC142983960",266.762901307568,2.81680664461587,0.546786755558086,2.88239752232969e-08,6.13614687268959e-07,"up"
"gene-LOC142987248",529.702721737312,-2.13605954798434,0.40802238530766,2.94285254475039e-08,6.2520602022146e-07,"down"
"gene-eIF3m",2713.29574741143,1.23966980932697,0.2296045121827,2.97063938847909e-08,6.29823951813998e-07,"up"
"gene-LOC142983526",352.304789321843,-2.77547648431683,0.538199866516387,2.98131894406901e-08,6.30803459507284e-07,"down"
"gene-HSPC300",732.309915805996,2.15545627182802,0.412642433630851,3.0137321911173e-08,6.35080002217229e-07,"up"
"gene-Fmbp-1",1099.95396718484,2.06436282100934,0.394644902548798,3.01371125997755e-08,6.35080002217229e-07,"up"
"gene-LOC142983229",196.806838522729,4.05347215647598,0.803874937517007,3.03185950632524e-08,6.36323739129955e-07,"up"
"gene-mRpS7",425.162089256052,2.51462008399646,0.485310556838202,3.0318088012281e-08,6.36323739129955e-07,"up"
"gene-LOC142987494",864.25405785274,2.66219978573148,0.515941776690447,3.05505735593794e-08,6.39902355640121e-07,"up"
"gene-CLS",324.810553698591,1.78859610502216,0.338985038646294,3.08051752317789e-08,6.43939506351042e-07,"up"
"gene-ATP8A",299.782383374986,-3.17501487551826,0.623338918909097,3.19999123892005e-08,6.67573322588332e-07,"down"
"gene-LOC142972176",547.787357065949,2.43363179581056,0.470343753208075,3.28435561834033e-08,6.83802839738456e-07,"up"
"gene-l(3)72Ab",654.328630379389,-2.32472792601051,0.448700791165534,3.3117004262512e-08,6.87847032993397e-07,"down"
"gene-Rpa3",497.209620073938,2.30553326846028,0.444225814870035,3.31699529839275e-08,6.87847032993397e-07,"up"
"gene-LOC142981322",153.896930786678,1.61603082797345,0.304524241375489,3.34340216247922e-08,6.91944662254646e-07,"up"
"gene-mgl",487.534785757509,-4.90552892236324,0.988376532149953,3.48502159931632e-08,7.18397521760057e-07,"down"
"gene-LOC142984941",424.117317715761,3.4771911733767,0.687154791767921,3.47828313130856e-08,7.18397521760057e-07,"up"
"gene-LOC142976393",375.937358075425,-3.01553461000997,0.593717125361912,3.60999294305496e-08,7.42688271486208e-07,"down"
"gene-LOC142987106",156.136722652228,-2.00268914639598,0.38404016198585,3.69965246768412e-08,7.59632784784845e-07,"down"
"gene-Pex13",448.259229557935,-2.60956641673006,0.510477259424138,3.75804506311154e-08,7.70103328877778e-07,"down"
"gene-kto",259.152132812287,-3.3908073560764,0.672937720385057,3.83629544916373e-08,7.82916278530785e-07,"down"
"gene-Set1",132.241091279638,-3.23558563927493,0.637017287351546,3.85065451112163e-08,7.82916278530785e-07,"down"
"gene-LOC142985185",60.1887865595935,2.53593221549757,0.493101631068351,3.83581412874943e-08,7.82916278530785e-07,"up"
"gene-Eph",245.18736028196,-1.83508680977906,0.350470772220343,3.84728590010092e-08,7.82916278530785e-07,"down"
"gene-LOC142972922",41954.0670522371,3.62702984504727,0.717072307787921,3.97887143537006e-08,8.05837580587594e-07,"up"
"gene-LOC142987387",142.952645920907,1.7528760060541,0.333919363376013,3.97437918202687e-08,8.05837580587594e-07,"up"
"gene-LOC142980297",5359.07923981462,8.3495044012191,1.75764754842092,4.25400684431413e-08,8.59887597073983e-07,"up"
"gene-LOC142978219",18096.6657459321,3.45147703169347,0.687098047184053,4.28668028816663e-08,8.61511472982173e-07,"up"
"gene-RpL31",28341.1443067375,2.29876654469368,0.449856122267818,4.27992671874332e-08,8.61511472982173e-07,"up"
"gene-LOC142978607",288.274943133739,-1.69650916361492,0.323798862050629,4.28686784826864e-08,8.61511472982173e-07,"down"
"gene-RhoGAP71E",145.207008744638,-3.02876934215171,0.598733011003779,4.36390081115495e-08,8.75302648248999e-07,"down"
"gene-LOC142972603",283.239957897467,-2.28371176562498,0.445211609327396,4.42683051145592e-08,8.86217415851079e-07,"down"
"gene-Trs20",283.615689811492,2.14760853893393,0.416507827412431,4.50697226392406e-08,8.98804238840028e-07,"up"
"gene-LOC142974657",217.972922784782,-2.01376035143339,0.388942685574145,4.50277647252932e-08,8.98804238840028e-07,"down"
"gene-tmod",2246.1326812952,-2.26424772842466,0.443184385659788,4.54081448985509e-08,9.03821775131768e-07,"down"
"gene-LOC142987891",2520.81293364505,1.97080542696393,0.381972769791499,4.55477707754862e-08,9.0487078964277e-07,"up"
"gene-Csk",570.855299848017,-1.88959025461921,0.363999902824433,4.57767432097773e-08,9.07687422502442e-07,"down"
"gene-Sumo",5522.60683626933,2.15794871080149,0.420674105240898,4.65390207538774e-08,9.21047920243087e-07,"up"
"gene-m-cup",874.366969817365,-5.44289720067542,1.11732682352514,4.81875137670407e-08,9.50470116229139e-07,"down"
"gene-ND-MLRQ",22360.2069466124,3.0658453959775,0.606379447667109,4.82995861176959e-08,9.50470116229139e-07,"up"
"gene-ncm",153.251612475953,-2.80230200953204,0.55598059260446,4.82245445597102e-08,9.50470116229139e-07,"down"
"gene-Sir-3",368.132453589008,-3.8075814346143,0.765828941108564,4.83999523003719e-08,9.50648119711078e-07,"down"
"gene-cno",612.850924193096,-3.45986481264966,0.693930003010211,4.88032784319829e-08,9.56764837056388e-07,"down"
"gene-LOC142972829",271.32041446966,5.47338822710433,1.12475555977032,5.00708102357653e-08,9.7976904991413e-07,"up"
"gene-LOC142981661",41.0498002085987,-4.97131521881306,1.02326232554178,5.04295187328931e-08,9.84936754239056e-07,"down"
"gene-Sir-1",133.26860089249,-3.28457078599772,0.656176405195163,5.109337175259e-08,9.92317164075489e-07,"down"
"gene-cbt",657.017890170668,-2.70493976493333,0.53509561163398,5.10497043259738e-08,9.92317164075489e-07,"down"
"gene-beta'COP",1114.90980463323,-2.0749118642061,0.404612470569602,5.10362367236712e-08,9.92317164075489e-07,"down"
"gene-LOC142981581",671.159559118153,2.72251740106636,0.538931326729582,5.29947491457648e-08,1.02732837729499e-06,"up"
"gene-LOC142974928",159.663455729385,-2.00234473848181,0.389255014743549,5.31565953098444e-08,1.02855047802134e-06,"down"
"gene-Polr3G",224.521770310751,1.93168064070414,0.374696141493051,5.33642786196232e-08,1.03065332176304e-06,"up"
"gene-LOC142982522",1662.07717601676,-2.60699515643239,0.517145561163135,5.50292703745993e-08,1.05888115452787e-06,"down"
"gene-AGO1",507.263900903727,-2.31902587876581,0.456960452741289,5.49529792322205e-08,1.05888115452787e-06,"down"
"gene-Vps13",683.035860162251,-3.76323650583809,0.761751140185894,5.56826648489004e-08,1.06947701305729e-06,"down"
"gene-LOC142979351",317.645084778095,3.08964242278287,0.618868100383462,5.73803812672347e-08,1.09803266358808e-06,"up"
"gene-RpL19",35503.301603633,2.13427435363669,0.417264080602142,5.7354473772987e-08,1.09803266358808e-06,"up"
"gene-LOC142985131",2735.79216427232,2.83617662276475,0.565154371149035,5.81371777554514e-08,1.10843959786492e-06,"up"
"gene-LOC142987684",370.418374435206,1.63569546824368,0.315002197775143,5.81092964659043e-08,1.10843959786492e-06,"up"
"gene-Usp10",313.541893250805,-2.37122420403392,0.468246998470593,5.91621199053578e-08,1.1259189546888e-06,"down"
"gene-LOC142980917",770.619081536448,-4.61984762397314,0.94941057423617,5.94965977842704e-08,1.13021821703331e-06,"down"
"gene-jar",4412.20691955642,-2.25789873205416,0.445760275646563,5.9662491790923e-08,1.1313051722104e-06,"down"
"gene-Pp2C1",330.921658356617,-2.63822732798355,0.52623214373118,6.11302263156135e-08,1.15702846535552e-06,"down"
"gene-LOC142974625",2125.99493606127,3.13850897190901,0.630685730317128,6.16773911896803e-08,1.1652661384475e-06,"up"
"gene-Gug",246.637862949251,-2.78881386095716,0.559602626811854,6.23242890155841e-08,1.17359560495402e-06,"down"
"gene-Lipt2",304.533699277102,2.01322088353049,0.393339204902485,6.23437434716207e-08,1.17359560495402e-06,"up"
"gene-Uba3",256.815412378733,2.46510724975743,0.488221114219678,6.33897533039285e-08,1.19021874829289e-06,"up"
"gene-Ptp69D",108.468287967461,-1.57279485157925,0.302493477046493,6.34554664075462e-08,1.19021874829289e-06,"down"
"gene-mRpL27",392.267800747569,2.60094352640892,0.517590147838818,6.37627403551861e-08,1.19364873454238e-06,"up"
"gene-LOC142979479",92.9210117946636,-2.07772730806827,0.408191679216236,6.38676604361293e-08,1.19364873454238e-06,"down"
"gene-mnd",133.692983644177,-2.84018789506648,0.569192111325262,6.48474254700289e-08,1.2097879912957e-06,"down"
"gene-Sra-1",170.438148524999,-3.43827988102774,0.694972835413855,6.51915285802693e-08,1.21186395092965e-06,"down"
"gene-LOC142977527",556.04322812174,-2.06709449489263,0.407567963519969,6.5104492908956e-08,1.21186395092965e-06,"down"
"gene-LOC142984567",2580.59724841444,2.60788513485074,0.520614716435837,6.57960515295792e-08,1.22092138399807e-06,"up"
"gene-LOC142981091",363179.997491488,2.28372749257743,0.450563604300162,6.60491683039406e-08,1.22343744135947e-06,"up"
"gene-Evi5",618.517713496397,-1.20964604072541,0.230240542314655,6.75124674645231e-08,1.24832111244349e-06,"down"
"gene-px",69.6936281239342,-6.80523335942947,1.36062916436487,6.9412187311572e-08,1.28117175516572e-06,"down"
"gene-LOC142981447",1044.03579509846,-1.92506911720877,0.378036243659903,6.99244894612512e-08,1.28834324830376e-06,"down"
"gene-LOC142974750",769.187803867382,-2.08706476438442,0.410846022300998,7.04904347533314e-08,1.296476017283e-06,"down"
"gene-LOC142985129",370.491766994808,3.38554688200095,0.687576629307667,7.08208050261168e-08,1.30025499174934e-06,"up"
"gene-CtBP",1578.6292136376,-1.95035669692082,0.384030536607671,7.10615923492579e-08,1.30237883161228e-06,"down"
"gene-LOC142979021",333.25273542718,-2.50272628535298,0.499985435845454,7.14382972385992e-08,1.30698185281866e-06,"down"
"gene-LOC142981266",3329.20029159328,3.9305543324643,0.804884481702533,7.1578547895389e-08,1.30725032208947e-06,"up"
"gene-LOC142985268",170.493579886636,-2.78946551858302,0.560497154836559,7.39843451069114e-08,1.34882142305245e-06,"down"
"gene-LOC142972436",203.603372324663,-2.49178026577566,0.495775368938528,7.47380815603662e-08,1.36018082000596e-06,"down"
"gene-LOC142983902",90.0738840388281,-4.17918263776066,0.848228075042063,7.4907500685657e-08,1.36088496010068e-06,"down"
"gene-Meltrin",322.853928642647,-3.33993880692926,0.680998496312086,7.54496787597987e-08,1.36251524950833e-06,"down"
"gene-JMJD5",627.686542972999,2.09104117710835,0.412980613629833,7.55045480475668e-08,1.36251524950833e-06,"up"
"gene-LOC142981999",1445.22673700022,2.06665913007616,0.408351266237169,7.55207779986846e-08,1.36251524950833e-06,"up"
"gene-LOC142981302",498.176716616897,-1.52872926106943,0.296049980150277,7.51800087956917e-08,1.36251524950833e-06,"down"
"gene-TfIIA-S",1177.80421834463,2.02835684332052,0.401260147169061,7.79929513978034e-08,1.40468274057289e-06,"up"
"gene-LOC142981772",1569.46656298912,3.77343691529522,0.773436175915615,7.82570005914456e-08,1.40700410389801e-06,"up"
"gene-Apn4",23163.4618707397,-3.17298829895064,0.645180807775825,7.84515411390806e-08,1.40806990216867e-06,"down"
"gene-Ppib",19645.9062082002,1.47097760403665,0.28320919363917,7.87268454496321e-08,1.41057910693747e-06,"up"
"gene-brat",672.403990972996,-5.39745431085083,1.13538743226301,7.94461018933458e-08,1.42102048231912e-06,"down"
"gene-SOCS2-12",247.600714443299,-2.3169307856032,0.462922318586019,8.01501315208086e-08,1.43115414945389e-06,"down"
"gene-LOC142976527",9148.99384475845,-2.40622122777719,0.48132483266168,8.03947429698057e-08,1.43306382588301e-06,"down"
"gene-LOC142982254",1688.30458966793,1.99381992466568,0.394689851757256,8.23762306118874e-08,1.46587446268333e-06,"up"
"gene-LOC142983213",24474.6493648794,4.56047152634903,0.946186968945642,8.48176855054388e-08,1.5067442083816e-06,"up"
"gene-Sap-r",6187.10199299384,-3.2925519875943,0.674334756212622,8.6555349459186e-08,1.52978130368442e-06,"down"
"gene-LOC142979516",815.994281639896,-2.5447049723599,0.515625715386037,8.6316033877827e-08,1.52978130368442e-06,"down"
"gene-Sptz",202.987433571841,-1.8126791738863,0.356619295634084,8.65520485528483e-08,1.52978130368442e-06,"down"
"gene-ND-13B",4643.49020547591,2.99042691748279,0.607830054335805,8.86555383966656e-08,1.56424433001574e-06,"up"
"gene-LOC142985109",128.081354797849,3.45725614881498,0.708945093159592,8.93726265563643e-08,1.57329046512632e-06,"up"
"gene-Ufd4",619.259808666241,-2.44171383099446,0.493438569677023,8.9470504837155e-08,1.57329046512632e-06,"down"
"gene-LOC142974580",227.426003353588,2.10612277737767,0.420005906718814,9.02951636498572e-08,1.58511408700677e-06,"up"
"gene-kud",1523.62225412838,3.07245047946786,0.626616433614348,9.1549655487138e-08,1.60443083101196e-06,"up"
"gene-LOC142985505",161.428119485962,2.21862716949091,0.443334751231176,9.32922993873456e-08,1.63222325482734e-06,"up"
"gene-Sec24CD",638.647332556982,-2.73488297410838,0.555320801242476,9.46362721505991e-08,1.65295904880493e-06,"down"
"gene-LOC142982670",1948.31934417761,-1.43483973334677,0.279400024002261,9.58397968542442e-08,1.67117635720717e-06,"down"
"gene-LOC142984080",122.0646753034,-2.26434484068049,0.453226703858937,9.66684023985746e-08,1.68280613539994e-06,"down"
"gene-LOC142986379",93.0795992374138,2.882855057349,0.586943537932158,9.74363338400408e-08,1.69334262984111e-06,"up"
"gene-LOC142979541",35.5193245665656,-5.17985087592597,1.05118854479184,9.87229573433607e-08,1.71284330990731e-06,"down"
"gene-Polr3F",327.345415736421,1.89752184859091,0.376159014006319,1.00147258864184e-07,1.73466383490208e-06,"up"
"gene-Nopp34",128.84749367419,-3.34104613047353,0.681955885372527,1.01332465902406e-07,1.74937142627537e-06,"down"
"gene-LOC142981965",236.340774843742,-2.7127129532975,0.551894036787917,1.01268078655969e-07,1.74937142627537e-06,"down"
"gene-ND-B17",4067.88372164285,3.01529027137754,0.617191501989656,1.03622552648016e-07,1.78594498851961e-06,"up"
"gene-LOC142984779",111.986191131561,-1.77751181688377,0.35160706425848,1.04292722480585e-07,1.79452436532709e-06,"down"
"gene-Sod2",4877.32755062497,3.69401718550016,0.765126842673849,1.05143170237288e-07,1.80617228080886e-06,"up"
"gene-UQCR-Q",9115.75768452268,3.5631368076724,0.737089900133059,1.05575373162975e-07,1.8106089532563e-06,"up"
"gene-Ufm1",1737.18911127577,2.26486327393732,0.45612844638273,1.08540984225616e-07,1.8584073121524e-06,"up"
"gene-LOC142973042",489.103120410595,2.14955771368788,0.431670305034152,1.10579280917412e-07,1.89019756050946e-06,"up"
"gene-LOC142975641",156.072874720117,-2.25092673505488,0.454011363179949,1.12137196727859e-07,1.91368560317542e-06,"down"
"gene-pall",89.0836548007691,-2.20004613385257,0.441584543537292,1.13383280879749e-07,1.93178388536528e-06,"down"
"gene-Usp15-31",209.334567073208,-1.78560204423943,0.355379238479065,1.14572564374475e-07,1.94885685480113e-06,"down"
"gene-LOC142980293",429.169342992213,7.55072126960572,1.64730688612905,1.14986807856275e-07,1.95271234875011e-06,"up"
"gene-hts",1102.17238061485,-2.19870257744265,0.443777213477188,1.16250621321649e-07,1.97095923120255e-06,"down"
"gene-Vha14-1",6516.25389853688,3.11206743855055,0.641318951434283,1.1743008645574e-07,1.98771902439717e-06,"up"
"gene-Stat92E",544.655834276178,-2.22761977310035,0.45130087698996,1.23750684932602e-07,2.09130621777336e-06,"down"
"gene-LOC142985619",120.061281901069,2.74471943216327,0.562796204229494,1.25692462021452e-07,2.12067833005399e-06,"up"
"gene-LOC142985319",3675.69898999745,1.6668459474395,0.331477177053402,1.27189590191598e-07,2.14246542701382e-06,"up"
"gene-mbt",158.066617468168,-2.23807039016369,0.453454216957505,1.27623326119014e-07,2.14629858626646e-06,"down"
"gene-LOC142983421",156.075206718628,-2.24850076950261,0.455614551642742,1.28661560900825e-07,2.16026911125418e-06,"down"
"gene-BmDJ-1beta",3296.36944891481,3.03368897243871,0.626641466276868,1.2893102254665e-07,2.1613074794052e-06,"up"
"gene-LOC142985963",1737.92093891191,3.1305536212478,0.648880811695936,1.32608958526453e-07,2.21938787501669e-06,"up"
"gene-LOC142972521",331.26019032964,-1.7119404579035,0.341202380442827,1.33214962016122e-07,2.22595145198688e-06,"down"
"gene-zfh2",123.672865378982,-3.19778363618167,0.662983288529043,1.33774990248184e-07,2.231727000775e-06,"down"
"gene-LOC142972184",301.859054122313,-1.7583668439072,0.351459350021514,1.34192918154781e-07,2.23511724478603e-06,"down"
"gene-NdufV3",2654.86762584484,3.23717568856605,0.673454182561999,1.36907856232878e-07,2.27669454214737e-06,"up"
"gene-HDAC4",390.166458803105,-2.2280178778533,0.454419545707486,1.38837693475943e-07,2.30510428881112e-06,"down"
"gene-LOC142979006",116.810065188132,-3.68211318324463,0.77368960253568,1.39679407896343e-07,2.31538636337727e-06,"down"
"gene-LOC142975933",223.931282266194,2.97992062409571,0.617282450442129,1.40999790832037e-07,2.33355774652067e-06,"up"
"gene-LOC142977243",32941.9837038928,4.23390894653139,0.89562765125605,1.4392913239197e-07,2.37825756857208e-06,"up"
"gene-MICAL-like",291.833834800178,-2.85181083377128,0.591117531861688,1.45646808745881e-07,2.4028261157601e-06,"down"
"gene-Stim",311.72745027755,-2.35982665095832,0.483564007762346,1.46539839747027e-07,2.41373375279517e-06,"down"
"gene-Dyrk3",447.665846995423,-5.9550002768363,1.28457032335028,1.47289347533258e-07,2.42224661583131e-06,"down"
"gene-Arpc5",4130.6188385942,2.0810781813956,0.423471319725144,1.47556062543802e-07,2.42280538025391e-06,"up"
"gene-Ythdf",1433.42523075356,-1.71773393243611,0.344666871141446,1.53286927010991e-07,2.51294001603845e-06,"down"
"gene-LOC142973583",254.785004129428,1.9896579629626,0.402949339348518,1.57405994464958e-07,2.57467940744519e-06,"up"
"gene-LOC142976760",5509.75195099791,1.98704630100789,0.403723983866952,1.57547625604475e-07,2.57467940744519e-06,"up"
"gene-pcm",290.187987241162,-2.14023194511477,0.436561540564985,1.60200292493252e-07,2.61392640259366e-06,"down"
"gene-LOC142982347",2615.4587412677,3.13853219800916,0.656165114812945,1.62285740497159e-07,2.64380995082227e-06,"up"
"gene-LOC142978680",84.5433743172793,-2.22235269595611,0.451721872192483,1.62993077433559e-07,2.65118427513023e-06,"down"
"gene-RpS24",21510.8674482221,2.42229348130439,0.50099754976787,1.64114524086495e-07,2.66526083578847e-06,"up"
"gene-Tnpo",603.685597692987,-1.56703108706592,0.313431103695685,1.65123038177908e-07,2.67746234802495e-06,"down"
"gene-LOC142976088",452.209361294793,-1.53783114139306,0.306982375916746,1.65848826571759e-07,2.68504865413998e-06,"down"
"gene-ash1",138.382943164653,-2.01348616493709,0.410485996202763,1.66889847526364e-07,2.69770700737492e-06,"down"
"gene-l(3)87Df",711.3913782433,2.37060201287416,0.487036225121655,1.68103684000597e-07,2.71311527200963e-06,"up"
"gene-ubl",789.448217126681,2.25348045438396,0.461595324984615,1.68376984253417e-07,2.71331951405273e-06,"up"
"gene-Ufc1",2133.00428259006,2.01016795002006,0.409476511747542,1.68717707933221e-07,2.71460794371689e-06,"up"
"gene-LOC142979151",2985.39120669896,4.18661393026403,0.893056789567109,1.70859425903184e-07,2.74482503650022e-06,"up"
"gene-bigmax",4915.65987705694,1.72222015430763,0.34629526967565,1.73357391051894e-07,2.78066323705734e-06,"up"
"gene-Dad1",805.268491383321,2.67404250740131,0.554818958805993,1.74036619464645e-07,2.78726339788762e-06,"up"
"gene-Egfr",1156.48571443144,-5.35384073582783,1.16227066979696,1.75271354625873e-07,2.80272626982387e-06,"down"
"gene-Smr",795.630210669662,-2.84656940802402,0.595073354382686,1.75957645916233e-07,2.80938511347851e-06,"down"
"gene-LOC142981526",8895.75256418199,3.26163418532325,0.686193756189114,1.78335144779802e-07,2.84298446731659e-06,"up"
"gene-Nedd4",168.540108154968,-4.02573780075616,0.856647805287677,1.78749381804439e-07,2.84523098560277e-06,"down"
"gene-LOC142981792",322.380426261912,4.09164816029707,0.873869430225871,1.83703026237424e-07,2.91961603531539e-06,"up"
"gene-Sec71",1318.79307240778,-1.94660699878359,0.397273211324935,1.84330305708073e-07,2.92243007584754e-06,"down"
"gene-lsn",917.394006928268,1.63996720930092,0.330262431954716,1.84441552337352e-07,2.92243007584754e-06,"up"
"gene-mRpL32",605.011658846387,2.0989756122457,0.429470838474221,1.8570752262753e-07,2.93801718928965e-06,"up"
"gene-mRpS34",538.090938587619,2.25941154529016,0.464833842900383,1.87632765733196e-07,2.96397130695383e-06,"up"
"gene-RpL10",63546.5454520575,2.0250817441858,0.413057325753749,1.88942812919156e-07,2.98014345831577e-06,"up"
"gene-RpL27",32870.122602896,2.05941374746232,0.420813560584659,1.90563377851492e-07,2.99662350971908e-06,"up"
"gene-Pfdn6",1294.62977889653,1.76612126624472,0.35705518466871,1.90304888282422e-07,2.99662350971908e-06,"up"
"gene-Sem1",4524.7296844401,2.07016385932044,0.42453118057875,1.90974285061567e-07,2.99855551657755e-06,"up"
"gene-LOC142976117",2344.24403346084,3.61501306168563,0.769325421811602,1.92855212380276e-07,3.02352825433535e-06,"up"
"gene-LOC142987153",7335.04231667508,-2.05777510820439,0.421838725797045,1.94073982699565e-07,3.02895076447147e-06,"down"
"gene-RpS7",32925.7792043902,1.94648334561836,0.398874746245741,1.93715173116868e-07,3.02895076447147e-06,"up"
"gene-mtTFB1",1934.25206601743,1.887311745823,0.384961253643993,1.9381919986012e-07,3.02895076447147e-06,"up"
"gene-mRpL46",402.979197992833,1.87854648675781,0.381984682177028,1.95752328314738e-07,3.05057146370723e-06,"up"
"gene-LOC142974285",339.020138222609,-2.80950656503513,0.589494510668012,1.96453077866589e-07,3.05691560626486e-06,"down"
"gene-CDC50",1097.72578662206,-1.27313611680218,0.252807018227924,1.96787467028587e-07,3.05754855487701e-06,"down"
"gene-LOC142984806",89.45991212368,-3.30853650950869,0.69655724726053,1.99231051301348e-07,3.09090200305072e-06,"down"
"gene-Dci",1084.72544781023,1.78920724561206,0.363323365941824,1.99813186250092e-07,3.09532034057062e-06,"up"
"gene-Bet5",681.228201695767,2.31400452244555,0.478075007788382,2.01339839327085e-07,3.11433540474734e-06,"up"
"gene-LOC142987118",26.846727748328,4.67421006490371,0.989296829177541,2.04137175806475e-07,3.15291988152138e-06,"up"
"gene-kuz",367.735220594594,-2.57183821759861,0.538750130484428,2.07529344049908e-07,3.20056366156969e-06,"down"
"gene-ATPsynCF6",10276.6680539916,3.12971385980033,0.661298482390985,2.0894537672265e-07,3.21763516521122e-06,"up"
"gene-Aps",3973.99552148733,2.03437998685969,0.418866563076447,2.10065152290766e-07,3.23010079076348e-06,"up"
"gene-EMRE",425.344428943521,2.33712092341563,0.484359369420384,2.10910499864968e-07,3.23640140785987e-06,"up"
"gene-Bre1",170.252418448996,-2.03333704761782,0.416782162073967,2.1109669125234e-07,3.23640140785987e-06,"down"
"gene-nero",1895.21772787929,3.65873930294877,0.781580563204469,2.1235397374024e-07,3.25088950975867e-06,"up"
"gene-LOC142978844",1275.59902084291,-1.99565063769962,0.409848035560661,2.14803981371547e-07,3.28356746854303e-06,"down"
"gene-norpA",167.661455032412,-2.35921869270055,0.489898529810827,2.20723855749979e-07,3.36911339935086e-06,"down"
"gene-TppII",285.01657842555,-2.34697968604988,0.488837728725359,2.21464816518494e-07,3.37547399700956e-06,"down"
"gene-LOC142976128",284.423932888638,-1.93176288284905,0.395338035204143,2.23583897834038e-07,3.40279002405312e-06,"down"
"gene-LOC142980491",778.890946314438,2.43542577196525,0.508613907667114,2.33700059090023e-07,3.5515585622294e-06,"up"
"gene-LOC142979552",709.926814292526,1.89409687690564,0.388351133570185,2.34130038404797e-07,3.55290626792119e-06,"up"
"gene-LOC142976275",225681.20235308,4.63798509651199,1.00559182732158,2.34494081136231e-07,3.55325092376734e-06,"up"
"gene-mRpS12",341.389392815158,2.41337623180841,0.503580062126196,2.35118358781712e-07,3.55753214377562e-06,"up"
"gene-Cdk12",137.043574657605,-2.7147420715563,0.570680966077549,2.3790570350581e-07,3.59448239984831e-06,"down"
"gene-LOC142985622",22517.2351049347,6.50693727317058,1.4388079153005,2.38588623793625e-07,3.59957619375599e-06,"up"
"gene-Zir",103.01402866859,-2.75727701077669,0.582356908878258,2.39765341930224e-07,3.60687458019311e-06,"down"
"gene-Dhrs4",3676.20372946537,2.1467912235306,0.444620812374312,2.39439725142957e-07,3.60687458019311e-06,"up"
"gene-LOC142980780",70629.2407258156,5.06566933951782,1.10678860269819,2.43406674165581e-07,3.65636865521456e-06,"up"
"gene-Prp31",491.088730815826,1.16246879164462,0.231434482346528,2.45986996587052e-07,3.68980494880578e-06,"up"
"gene-BuGZ",641.771713739649,-2.46165570222499,0.517926028848809,2.49638612397523e-07,3.73795797575615e-06,"down"
"gene-LOC142978942",1302.26291887241,1.93134821537812,0.397708472342152,2.49915345929517e-07,3.73795797575615e-06,"up"
"gene-LOC142982214",317.817842540893,1.56368025502469,0.316968045029963,2.52865386823187e-07,3.77665520348548e-06,"up"
"gene-LOC142986409",150.916811326266,-2.03341543299151,0.42162599972574,2.5779163967484e-07,3.84471485532247e-06,"down"
"gene-LOC142982105",456.661919399288,1.81592211673734,0.37232212492402,2.58932814607193e-07,3.85620972827021e-06,"up"
"gene-melt",84.5380874048939,-2.33273784260677,0.487866103489786,2.60731860856583e-07,3.87745524502432e-06,"down"
"gene-Camta",383.071930581308,-2.46416854634831,0.519002944746863,2.71991773864381e-07,4.03913604269359e-06,"down"
"gene-jvl",474.837050473889,-2.82897716651998,0.600941128843207,2.74913986885933e-07,4.07091693240763e-06,"down"
"gene-epsilonCOP",1996.05236170112,1.48858708643728,0.301811491919887,2.74900575867669e-07,4.07091693240763e-06,"up"
"gene-LOC142979416",3593.54079045328,2.29123205806503,0.480161398176331,2.7584044275697e-07,4.07883381974441e-06,"up"
"gene-LOC142982780",175.155511435698,-6.56352535709366,1.47887320758075,2.82095994943538e-07,4.16541745725139e-06,"down"
"gene-LOC142986528",2252.81657324152,2.24945460981739,0.470885177865212,2.83261483359416e-07,4.17670260874154e-06,"up"
"gene-arr",350.937272439362,-2.46266700870053,0.520415593786322,2.85313407657438e-07,4.19507425665808e-06,"down"
"gene-Karybeta3",3234.62020897007,-2.31126086071167,0.486683785724384,2.84985808247177e-07,4.19507425665808e-06,"down"
"gene-LOC142976997",9909.92851864332,5.84119479442972,1.30369493257318,2.90549915077382e-07,4.26604318188371e-06,"up"
"gene-Cmc1",475.836117705381,2.74109925954157,0.583026362571792,2.92629939963767e-07,4.29053193665186e-06,"up"
"gene-shi",1283.73196231985,-3.21714198211487,0.690046710883035,2.9405220844959e-07,4.30532136421974e-06,"down"
"gene-Pym",470.382187450805,1.83499974353501,0.379132674348174,2.99265570072746e-07,4.37549801187822e-06,"up"
"gene-LOC142981401",165.542607366014,-1.99743101422628,0.415954493764791,3.04638862580562e-07,4.44304518615946e-06,"down"
"gene-RpS5",26798.1918717776,1.88793774781543,0.390860241319196,3.04739122278373e-07,4.44304518615946e-06,"up"
"gene-Rad23",4808.20332875182,1.73286309358075,0.356639329313453,3.06870649641592e-07,4.46786498289367e-06,"up"
"gene-Ack-like",87.7668337694644,-2.67654093696608,0.570150837806007,3.09379103512422e-07,4.49809562508983e-06,"down"
"gene-LOC142978902",627.468352321412,1.85298128057291,0.383808320381354,3.11526245847228e-07,4.52299612171498e-06,"up"
"gene-LOC142979474",1024.9939524606,2.53667702240359,0.538624725750722,3.19325267757369e-07,4.6297716397691e-06,"up"
"gene-RpS21",11739.8208268093,2.2885995952349,0.483242020996445,3.22226072972582e-07,4.66533159894934e-06,"up"
"gene-gdl",237.168550775615,1.90871078436416,0.396574438603881,3.22909442467136e-07,4.66873235567068e-06,"up"
"gene-mge",1517.38218777458,1.59018587827361,0.326190116210742,3.31322792227527e-07,4.78373129970674e-06,"up"
"gene-CSN4",1160.63642656761,1.47453180289624,0.299569527414991,3.33900000573491e-07,4.81426455120504e-06,"up"
"gene-MsrA",1304.57697941004,2.75016544461418,0.58822621757469,3.38033053840783e-07,4.86711492459551e-06,"up"
"gene-enok",128.683920445025,-2.87313369090032,0.617781491756651,3.39622455987341e-07,4.88324553429312e-06,"down"
"gene-Ptip",256.506753632827,-2.667990414153,0.571561168035317,3.45176318013158e-07,4.95625582140272e-06,"down"
"gene-nhr",309.215403515293,-2.51184908645382,0.536714850340837,3.49440144824817e-07,5.01056736587651e-06,"down"
"gene-LOC142977482",884.674187255135,5.31259225232562,1.18885674453616,3.55146495741337e-07,5.08538517285738e-06,"up"
"gene-LOC142979156",1157.44967476017,1.67293702251918,0.345887229251615,3.5821450597395e-07,5.12227061427036e-06,"up"
"gene-wts",475.704855524995,-2.24045867473531,0.475558519791437,3.6518678433743e-07,5.21480716728758e-06,"down"
"gene-Cals",759.34160570837,-2.62794036538399,0.56333911089567,3.681322190359e-07,5.24966630159414e-06,"down"
"gene-LOC142979974",1048.92898823871,2.80057949461534,0.60223132892141,3.69655731752207e-07,5.26418080374895e-06,"up"
"gene-LOC142984822",113.560144914409,2.07933426033469,0.437323078171711,3.71041381878764e-07,5.27669506196439e-06,"up"
"gene-LOC142976253",355.324966886132,2.65421880713656,0.568804193767604,3.72085530599109e-07,5.28432520264218e-06,"up"
"gene-LOC142977414",4923.62302662892,-3.03667683473935,0.659527201805817,3.74558392527301e-07,5.31219736540764e-06,"down"
"gene-RASSF8",137.69362432622,-2.0420186696623,0.429067697917788,3.75785078013358e-07,5.32234375798512e-06,"down"
"gene-gek",224.695810396935,-4.78860385652922,1.06718402813474,3.84890805846015e-07,5.44372412946853e-06,"down"
"gene-LOC142985293",15042.4209125675,2.37821528649891,0.508143452475671,3.85401026264967e-07,5.44372412946853e-06,"up"
"gene-LOC142973119",59.3121443009224,3.17649738730127,0.69155207079378,3.91144120198555e-07,5.51735811824791e-06,"up"
"gene-LOC142983201",24376.3128255913,-3.68273081153737,0.812022970246179,3.91916443247574e-07,5.52077154831833e-06,"down"
"gene-LOC142975056",446.136198387484,5.1097860000432,1.14628830090044,3.94529158541059e-07,5.55006559515192e-06,"up"
"gene-LOC142975908",872.308682790674,7.14503260642284,1.65810178272242,4.0321220944625e-07,5.66456018938659e-06,"up"
"gene-LOC142981408",148.900433231198,2.74657816301626,0.592408030933017,4.04376710901761e-07,5.67326355860827e-06,"up"
"gene-LOC142985061",582.551893150839,-2.74265439082044,0.594231798401166,4.12343865798851e-07,5.76174448720273e-06,"down"
"gene-LOC142976988",558.798927761535,2.39207114954901,0.511154654195854,4.11777271945156e-07,5.76174448720273e-06,"up"
"gene-LOC142984650",5031.98258013045,2.29064191403504,0.487846782817553,4.12215324045264e-07,5.76174448720273e-06,"up"
"gene-skd",310.498818585717,-2.93371650149177,0.639091415034312,4.15210749551707e-07,5.79402667940116e-06,"down"
"gene-nw",74.33765719668,-4.52408671396024,0.996297874271144,4.21271634485381e-07,5.86473627985714e-06,"down"
"gene-LOC142982391",81.4218572951779,-2.08821334928001,0.440829594903335,4.21404681780321e-07,5.86473627985714e-06,"down"
"gene-mesh",11783.3369710784,-2.82316799348805,0.609929909092402,4.25556509382762e-07,5.91461049756281e-06,"down"
"gene-p24-1",2246.64731419767,2.45769118086425,0.527166754160606,4.26919007326903e-07,5.92563582169741e-06,"up"
"gene-qm",136.247082892289,-1.82604003031352,0.383517844198758,4.32300060282234e-07,5.99233505664189e-06,"down"
"gene-LOC142979807",768.593506138297,2.58865916429006,0.55838735259962,4.40428332872904e-07,6.09688689522199e-06,"up"
"gene-LOC142981794",4644.47923673979,3.77286297747398,0.836064897762831,4.52594543061731e-07,6.25698432041516e-06,"up"
"gene-LOC142977825",237.56556157497,-2.86370318985365,0.624114980935026,4.60399986376547e-07,6.35645074029158e-06,"down"
"gene-LOC142985460",14008.3742087148,3.08826027596986,0.6760045736027,4.66902740808902e-07,6.43769209512672e-06,"up"
"gene-vri",7783.35228141758,-5.32409264752548,1.21423405719112,4.76361086562112e-07,6.5594165490894e-06,"down"
"gene-Eaf",390.901369236909,-1.53314768218881,0.31938615220818,4.89696022183496e-07,6.73412891800554e-06,"down"
"gene-Rpb7",436.128129496332,1.91657437868811,0.405653780611514,4.91738194114358e-07,6.75329102998742e-06,"up"
"gene-pcx",104.795237833549,-2.50689861857184,0.540791250064676,5.0872578669243e-07,6.97738529574203e-06,"down"
"gene-LOC142982066",335.702658268096,-2.04347703936369,0.436906719045608,5.19904234497687e-07,7.12131984358016e-06,"down"
"gene-upSET",477.321563610293,-2.24398841830041,0.482687289288526,5.23900793691454e-07,7.1540733971544e-06,"down"
"gene-eca",2302.67020167487,1.93802370303145,0.413605145999511,5.24357156775102e-07,7.1540733971544e-06,"up"
"gene-LOC142985465",543.728712187788,1.86666518636733,0.395222610253139,5.23960823329649e-07,7.1540733971544e-06,"up"
"gene-Eip74EF",490.651806908039,-2.92160977728091,0.643262430096422,5.29559693924238e-07,7.21559740019806e-06,"down"
"gene-Mlc-c",12071.6001817925,1.75141005133011,0.369361845795974,5.38153144046671e-07,7.32310356800764e-06,"up"
"gene-Spase12",2058.96923109182,2.55454921399748,0.554048832459516,5.40972121122134e-07,7.35185349984519e-06,"up"
"gene-LOC142977152",846.983404427929,2.1856358185248,0.468512751986764,5.41915413631312e-07,7.35507099856839e-06,"up"
"gene-LOC142981658",53.1463103258643,-4.60341904518865,1.04684124893039,5.43313593921083e-07,7.36444598010218e-06,"down"
"gene-spir",190.068964505596,-1.93754957161233,0.412834610474315,5.47074014372433e-07,7.39615648002211e-06,"down"
"gene-SkpA",3806.71410439475,1.63078578575188,0.342380704197832,5.46944468894564e-07,7.39615648002211e-06,"up"
"gene-GEFmeso",203.367547190874,-6.6418618202132,1.54102125867223,5.4802882764967e-07,7.39945537721539e-06,"down"
"gene-LOC142984026",439.987540251614,-2.42190500612286,0.526749046057636,5.57710504644252e-07,7.52042273749568e-06,"down"
"gene-ND-B14.7",2353.27786951163,2.52987295033409,0.55054315535685,5.62518639116593e-07,7.57544506235929e-06,"up"
"gene-eEF1beta",17443.050994055,1.81834429434945,0.385432398427107,5.66925522511721e-07,7.62492853920803e-06,"up"
"gene-baf",3015.39432630158,2.26383663537793,0.489002275471426,5.67805680853745e-07,7.62691243572579e-06,"up"
"gene-Oatp30B",1063.58078189834,-5.12972281617351,1.17801330440509,5.70449785347366e-07,7.64270561836047e-06,"down"
"gene-Acsl",3848.07796024655,-2.99881247646667,0.663137640959336,5.70410980003459e-07,7.64270561836047e-06,"down"
"gene-LOC142987710",37.2594674454206,-3.02553969305065,0.664527465615788,5.85465095262924e-07,7.82373766583702e-06,"down"
"gene-bon",99.5583544593064,-2.50071948787003,0.548799447162656,5.84829448585456e-07,7.82373766583702e-06,"down"
"gene-LOC142983062",229.51305096256,1.25524773470494,0.260122328740708,5.97397480064832e-07,7.97295867624987e-06,"up"
"gene-MED16",43.1775506300126,-3.01636561060281,0.664739325660047,6.00010595221482e-07,7.99758040493678e-06,"down"
"gene-LOC142976110",445.569442318086,2.73944573668788,0.602073131850952,6.04781185329183e-07,8.05085951314169e-06,"up"
"gene-RpL22",43115.8811424463,2.20422841503135,0.479644085795011,6.07867906924833e-07,8.08161546754471e-06,"up"
"gene-BI-1",14264.5374827162,1.63872924802198,0.345676544997619,6.08737508875627e-07,8.08285391249398e-06,"up"
"gene-LOC142978727",280.443894623372,-1.65595036548735,0.350044992386739,6.11988889636066e-07,8.11567431988719e-06,"down"
"gene-LOC142979881",198.996771893635,1.89748886002152,0.405331647790878,6.14850019362212e-07,8.14324262285067e-06,"up"
"gene-Spt6",680.557746553559,-2.63135727028773,0.578465075918745,6.18668729029878e-07,8.18340720355912e-06,"down"
"gene-LOC142984090",175.663681269913,-2.55222807188808,0.559124518949916,6.2679049354831e-07,8.28031603786537e-06,"down"
"gene-mys",289.11989207083,-1.88834616061451,0.404583994172427,6.5085735469089e-07,8.58735749345014e-06,"down"
"gene-mRpL34",339.510930695569,2.31258377567281,0.503206196809428,6.51973144469437e-07,8.59119042269219e-06,"up"
"gene-cni",1774.27132480694,1.92558831019699,0.412833434756736,6.53986887453571e-07,8.60683122426255e-06,"up"
"gene-Ip6k",1633.08070616974,-2.21509781561596,0.481293490040924,6.55797631715704e-07,8.6197643259602e-06,"down"
"gene-CycT",550.592830770067,-2.09609343004762,0.454188433893172,6.62800445903367e-07,8.70082300359906e-06,"down"
"gene-LOC142976880",129.881258110495,-1.96241961347463,0.421754074014319,6.66820297190303e-07,8.74256838003912e-06,"down"
"gene-LOC142976153",1690.13303217787,1.95870987521245,0.421656519195645,6.67913050242844e-07,8.74588031827422e-06,"up"
"gene-hob",53.3591352176783,-2.44070878060744,0.535978823199465,6.85271644066101e-07,8.96190680242225e-06,"down"
"gene-Rpb12",559.919406177761,1.86831099987707,0.400690476973166,6.95748516579806e-07,9.08750571843887e-06,"up"
"gene-LOC142976160",651.551720172579,1.23736010585083,0.257830550774263,7.04001406683536e-07,9.18377774884162e-06,"up"
"gene-MED7",559.884429331516,1.6562055573749,0.351802109466104,7.04963686918926e-07,9.18482100228538e-06,"up"
"gene-lace",457.474512432294,-2.22727856478009,0.485768030813509,7.08762459781466e-07,9.22277150790633e-06,"down"
"gene-parvin",1790.53136689493,1.20289692747853,0.250564596206325,7.28774132873641e-07,9.47133423622297e-06,"up"
"gene-Svil",2511.57314141242,-2.81603317768183,0.627139475675913,7.34671846198778e-07,9.53607720564749e-06,"down"
"gene-dom",126.061191379673,-4.19815402740078,0.974572083374496,7.37781776062129e-07,9.5645184169449e-06,"down"
"gene-Nipped-B",773.327554495157,-2.06886731173836,0.450300188087901,7.4123434067096e-07,9.59732523182176e-06,"down"
"gene-LOC142983756",4273.64843599889,1.82737903279466,0.393506241429972,7.50434444930934e-07,9.70437586550438e-06,"up"
"gene-eEF1gamma",15468.0276662022,1.3428119632234,0.28151756733158,7.55547607249083e-07,9.75837542365131e-06,"up"
"gene-LOC142984322",655.41710799365,-2.92504570315673,0.655495432880009,7.58257061108862e-07,9.78123420835595e-06,"down"
"gene-RpI135",106.076037689685,-2.37136461284755,0.521308084668551,7.61677943960492e-07,9.80964527588399e-06,"down"
"gene-gpp",297.142605813137,-2.19673527186931,0.480624601294261,7.62344190988487e-07,9.80964527588399e-06,"down"
"gene-par-1",481.22362089712,-2.98024996558278,0.668685033639526,7.84309997842431e-07,1.00798358981972e-05,"down"
"gene-mRpS2",386.948274607799,2.09088110685826,0.455895463546706,8.0802663829622e-07,1.03718339145051e-05,"up"
"gene-bai",3904.94872158237,2.32042682946818,0.509210799574633,8.10715196783936e-07,1.03935285696069e-05,"up"
"gene-LOC142973734",740.984830265586,2.53839754310594,0.562144265699079,8.14902774066814e-07,1.0434363933623e-05,"up"
"gene-LOC142985294",1361.92519898364,2.12623909790206,0.464393367740507,8.23861224712596e-07,1.05271933915425e-05,"up"
"gene-LOC142974366",543.845243837044,-1.87088833791332,0.40508567283874,8.2417508300741e-07,1.05271933915425e-05,"down"
"gene-LOC142982572",3010.44416071154,2.12599474596806,0.464841134208601,8.3262288278209e-07,1.06220639825509e-05,"up"
"gene-shep",2397.0296227704,-3.95574550520494,0.908901111925044,8.39915438474746e-07,1.07019825147149e-05,"down"
"gene-Usp16-45",766.371987399348,-2.30963571373649,0.510368802380295,8.50934745316774e-07,1.08291328835546e-05,"down"
"gene-l(3)80Fj",363.790574052813,-2.72792662862706,0.611382197021779,8.56498636286119e-07,1.08866310179957e-05,"down"
"gene-LOC142978677",108055.185320444,-3.96208298008159,0.913917246651123,8.66135840656707e-07,1.09957001234589e-05,"down"
"gene-LOC142975386",248.990753251063,-2.26602792024345,0.499816309566608,8.74871812475954e-07,1.1093076209348e-05,"down"
"gene-Prosbeta6",4030.87621450527,1.70941578139564,0.370255001526919,8.81734481139552e-07,1.11664914217308e-05,"up"
"gene-LOC142978249",53.356149335402,-3.49798830954891,0.788147725660558,8.97714972718032e-07,1.13550581603824e-05,"down"
"gene-LOC142980124",65485.2194953445,-3.63960201603469,0.83660975821182,9.12305244322302e-07,1.15256038754796e-05,"down"
"gene-LOC142978127",133.972416065139,-2.28679714738806,0.504957598001082,9.15757773574232e-07,1.1555198088373e-05,"down"
"gene-btz",196.097308336738,-2.224090369141,0.49223044427475,9.21256194186684e-07,1.16105048201978e-05,"down"
"gene-Ip259",5497.20482997024,1.89144449322163,0.412497069305338,9.26935549156869e-07,1.16679553406566e-05,"up"
"gene-LOC142981402",411.578371203242,-2.26594785687781,0.50185333469772,9.33115464170926e-07,1.17315603647577e-05,"down"
"gene-Neurl4",173.876698784031,-3.12473587611889,0.70948801280838,9.37311132373911e-07,1.17700951604492e-05,"down"
"gene-ksr",82.6834055155639,-2.70739446998186,0.604246419134308,9.40425022749031e-07,1.17949692612258e-05,"down"
"gene-LOC142978955",26594.9200030781,4.54559683479086,1.0553296931392,9.56576561696731e-07,1.19689962650007e-05,"up"
"gene-Trc8",673.952989617047,-1.81798647908998,0.396453493386661,9.56599893610042e-07,1.19689962650007e-05,"down"
"gene-LOC142979143",252.486849831431,-5.8173178286849,1.379609777708,9.60439148057101e-07,1.20026068802814e-05,"down"
"gene-mib1",82.5337004360435,-3.00592311271328,0.686571074616284,9.67385654037663e-07,1.20746314961829e-05,"down"
"gene-Rbfox1",49.102786611162,-2.22346360519195,0.49082679781642,9.68522315015631e-07,1.20746314961829e-05,"down"
"gene-E(spl)mbeta",2304.39884844491,-3.02672213059038,0.689384166895387,9.73964047373438e-07,1.21279494415759e-05,"down"
"gene-LOC142975328",1534.48009670485,2.7876817658077,0.627773645688016,9.76129131589196e-07,1.21403874072205e-05,"up"
"gene-LOC142980439",498.443055260728,-1.96604260558037,0.431140648756424,9.81024586029964e-07,1.21867135329021e-05,"down"
"gene-LOC142982752",687.734862086487,1.42925913818998,0.304947529615548,9.83616686028175e-07,1.22043500614461e-05,"up"
"gene-LOC142973332",5628.59641439394,2.45647070495903,0.54762662475599,9.97412647290752e-07,1.23584545392878e-05,"up"
"gene-LOC142982895",318.362290106503,-2.10515571861447,0.465324069391868,9.98411168831996e-07,1.23584545392878e-05,"down"
"gene-Taf3",149.538601358286,-2.28783542503342,0.508536633507129,1.01388998358644e-06,1.25351481343645e-05,"down"
"gene-LOC142974308",1840.91435196731,2.02971806482406,0.446581242206604,1.0174237153703e-06,1.25639156310853e-05,"up"
"gene-Use1",408.107696284213,1.95253171996691,0.427982049950694,1.02607453873101e-06,1.26557297964335e-05,"up"
"gene-RpS4",27762.9720617662,1.79133620295776,0.389410498928495,1.02784358758229e-06,1.26625464458363e-05,"up"
"gene-RpS28b",26865.1654602795,2.29484037602536,0.511744765532342,1.03182822307962e-06,1.26966096953414e-05,"up"
"gene-kay",2483.00574327641,-2.2311913397443,0.497581459428504,1.04244943242606e-06,1.28121589038433e-05,"down"
"gene-Prp39",373.094887050708,-1.69143490946491,0.367270620724324,1.06123224561265e-06,1.30276269773911e-05,"down"
"gene-rictor",85.1944561438456,-1.77295848177781,0.386127151323483,1.07945715589839e-06,1.3235746752535e-05,"down"
"gene-LOC142973750",408.559796861039,2.15161029815739,0.476617614641948,1.09169236372667e-06,1.33700205957584e-05,"up"
"gene-LOC142987320",11578.3634858413,2.05880023588624,0.456784517574203,1.10530606860539e-06,1.35208415677815e-05,"up"
"gene-Kcmf1",541.461748507309,-2.90389201441139,0.662773644829202,1.11534032545541e-06,1.36275736948249e-05,"down"
"gene-LOC142974692",286.91207149876,2.35675777250503,0.527229516060043,1.14100256937499e-06,1.39084739428497e-05,"up"
"gene-Tfb5",108.533002409003,2.12921203256707,0.471917189750074,1.13990396090301e-06,1.39084739428497e-05,"up"
"gene-LOC142972987",402.840566729764,-1.63430224149483,0.355237852975816,1.14619026317857e-06,1.39553691692269e-05,"down"
"gene-Khc",1527.94094015718,-1.18682479915368,0.252223609747123,1.15030270647489e-06,1.39890784747706e-05,"down"
"gene-Apf",1004.65947561113,2.48134067774093,0.558215462986261,1.16918852133296e-06,1.42021616185252e-05,"up"
"gene-Ccdc58",268.164892851122,2.37256201971042,0.531748169497959,1.18312729934593e-06,1.43547263242321e-05,"up"
"gene-LOC142973388",221.190829253984,3.72230005670834,0.866804729621523,1.18724874198302e-06,1.4387962053601e-05,"up"
"gene-Bug22",258.036038105516,1.45047781579227,0.312523579524387,1.19082849837533e-06,1.44145635675432e-05,"up"
"gene-svr",108.963355822335,-2.16158905338059,0.482430717275825,1.20904746421146e-06,1.46162089948944e-05,"down"
"gene-LOC142984164",156.992809355054,2.03184192691507,0.450610974419756,1.2102951156195e-06,1.46162089948944e-05,"up"
"gene-l(2)k14505",319.262650302484,2.48157883048107,0.559119466824196,1.22721789606245e-06,1.48034047485632e-05,"up"
"gene-MTA1-like",161.427592920706,-2.96887859138387,0.682921884005112,1.28437065240422e-06,1.54748825133425e-05,"down"
"gene-ckn",433.047485910948,-3.03084915635801,0.700235915131469,1.34148208096352e-06,1.61443103616535e-05,"down"
"gene-Vha13",43942.1662563769,2.67199481546242,0.608768359850998,1.34773248708906e-06,1.62008027605047e-05,"up"
"gene-TFAM",506.519181981782,1.60259430668731,0.350150836613998,1.35614582166846e-06,1.62831349522129e-05,"up"
"gene-LOC142972638",1005.14585041347,2.91868156146788,0.67052899915005,1.3659043950579e-06,1.63814110052451e-05,"up"
"gene-LOC142975871",206.495267845856,-2.50117330079158,0.569396473036748,1.39170020425743e-06,1.66715755193554e-05,"down"
"gene-LOC142972375",729.790305071248,1.77787053284222,0.391968002863706,1.40058775284996e-06,1.67404059215424e-05,"up"
"gene-Atg16",207.65594110411,-1.52955070351989,0.333570948448588,1.40066220534711e-06,1.67404059215424e-05,"down"
"gene-Prx5",6455.21420133021,3.2145927638832,0.745046223034317,1.4040540307717e-06,1.67553095314887e-05,"up"
"gene-CYLD",320.227617715303,-2.12120593182934,0.477404937139825,1.40512826330352e-06,1.67553095314887e-05,"down"
"gene-LOC142972272",11131.7032237563,5.48636608349866,1.31890909695592,1.40860308248734e-06,1.67775264172691e-05,"up"
"gene-tara",421.669848094439,-2.20527409274062,0.497316717127265,1.41040059067072e-06,1.67797373130082e-05,"down"
"gene-LOC142974119",6602.00319146776,1.97960319723403,0.442350833165448,1.41978459935569e-06,1.68720978074117e-05,"up"
"gene-LOC142987909",109.282436378674,2.47851524564162,0.56260356336405,1.45327205401616e-06,1.72503558521188e-05,"up"
"gene-LOC142977559",2088.13314456371,3.07314074233536,0.712468724162605,1.4777218477274e-06,1.75009297070135e-05,"up"
"gene-LOC142978166",342.727708005988,-2.23401088735107,0.505319927812415,1.47774420869019e-06,1.75009297070135e-05,"down"
"gene-LOC142979377",356.367478856852,-2.30692486229795,0.522643314605534,1.48493386328749e-06,1.75660926327531e-05,"down"
"gene-RpL8",22993.0221630376,1.73790057699263,0.384959393187369,1.49265495088621e-06,1.76373871041152e-05,"up"
"gene-LOC142976368",906.116406052835,3.5762115039221,0.839878002630461,1.51246506839584e-06,1.78512033582775e-05,"up"
"gene-Dhod",475.521819023856,1.50290402874312,0.328237477742741,1.51852778953048e-06,1.79024623884624e-05,"up"
"gene-TBCD",412.530175986261,-1.70712614845248,0.377815581416622,1.52228920589834e-06,1.79265052414046e-05,"down"
"gene-Nnp-1",52.4358952888459,-2.77809428062897,0.638901148445457,1.54125060254889e-06,1.81292867486259e-05,"down"
"gene-Ctl2",9784.84026825217,-2.35995033759723,0.537658586581091,1.5610676920422e-06,1.8341664417787e-05,"down"
"gene-eIF2Bbeta",98.8849965196189,-2.79627174314638,0.643596344265396,1.56324473173839e-06,1.83465362541112e-05,"down"
"gene-Slik",65.4914947718468,-2.69790508795705,0.620369603509158,1.58370712071088e-06,1.85398792799187e-05,"down"
"gene-sni",617.062898166688,2.0548209865386,0.461732424776741,1.58506172518037e-06,1.85398792799187e-05,"up"
"gene-Usp7",2739.64472022107,-1.77445927015058,0.395166627567209,1.58231104858612e-06,1.85398792799187e-05,"down"
"gene-LOC142976476",838.406771906194,1.8173968470804,0.404364894858731,1.60897856745767e-06,1.87985038016098e-05,"up"
"gene-mRpL12",1159.92566346114,3.06663473984622,0.715158828838479,1.66190805784215e-06,1.9395137760243e-05,"up"
"gene-RsfS312",224.774080817155,1.89630655290913,0.423807079421607,1.66836295839529e-06,1.94486656180235e-05,"up"
"gene-LOC142974795",14644.4781887375,1.77767993203297,0.397908470722159,1.67697020346928e-06,1.95271362618738e-05,"up"
"gene-mRpS18B",582.320870649735,2.02182824558203,0.45534260494808,1.68707589263075e-06,1.96228603824426e-05,"up"
"gene-LOC142987410",50.5899110928075,4.08703564393696,0.976126631134084,1.71961939621942e-06,1.9979060172594e-05,"up"
"gene-MHF2",658.219023032662,2.169125563555,0.492042260916797,1.73247862573376e-06,2.01060228471443e-05,"up"
"gene-bowl",220.340277289098,-3.41424050007176,0.807515419186394,1.74799139385035e-06,2.02634637082207e-05,"down"
"gene-LOC142976459",924.296439242921,-2.45294888447923,0.565213815139244,1.78642562393425e-06,2.06859741325423e-05,"down"
"gene-l(2)gd1",704.977323312296,-2.51451780705027,0.581002133046721,1.78934934512586e-06,2.06968074252891e-05,"down"
"gene-COX5A",8224.78041269169,2.19970924072265,0.500948991680525,1.80226967507456e-06,2.08231157797183e-05,"up"
"gene-shd",1764.1252663942,-5.08587475384283,1.24606758038029,1.82808277730457e-06,2.10979398134596e-05,"down"
"gene-LOC142986113",127.949431737559,-1.76854126559087,0.394668166675974,1.83161637196064e-06,2.11153116634665e-05,"down"
"gene-LOC142973568",1887.54336033013,-1.6760576395336,0.373230836308571,1.84524094069228e-06,2.12488475581931e-05,"down"
"gene-MESR6",123.76547859612,1.8337279595749,0.410862076036038,1.86006147394059e-06,2.13958452416813e-05,"up"
"gene-LOC142985477",309.659217531773,2.87857607128903,0.672145696883889,1.87092344577282e-06,2.14970342941447e-05,"up"
"gene-LOC142979961",211.449412972448,3.28903202659968,0.77797406329614,1.90991950845818e-06,2.19209063760194e-05,"up"
"gene-cype",13545.440260503,2.86079902793501,0.668186534135933,1.93023753767011e-06,2.21297056906892e-05,"up"
"gene-SCAR",37.0619465030488,-4.80465496066746,1.16417654056599,1.93800896791802e-06,2.2194360127642e-05,"down"
"gene-mRpL14",603.052461444539,2.24008546095454,0.512328730788379,1.94083864418301e-06,2.22023409735661e-05,"up"
"gene-tamo",247.318176729737,-2.49868151296295,0.578535601692062,1.9444537190313e-06,2.22192790506212e-05,"down"
"gene-nes",826.728679859351,-2.29145683885008,0.527772425219981,1.95162191742956e-06,2.22523375251279e-05,"down"
"gene-LOC142983602",1962.89862337477,1.97918204232117,0.446796174472767,1.95069015875591e-06,2.22523375251279e-05,"up"
"gene-LOC142973486",641.647191550994,2.51895225006519,0.582257903584526,1.95962060998331e-06,2.23190925053897e-05,"up"
"gene-Edc3",107.583349770028,-2.93004470572695,0.691752786586469,1.9641704487532e-06,2.23464637940118e-05,"down"
"gene-LOC142980860",215.927252047129,-2.70648895708084,0.632012892022961,1.96850131536159e-06,2.23712867826574e-05,"down"
"gene-RpII33",723.77843449048,1.42698850161681,0.314040173520745,1.97820604614241e-06,2.2457061003645e-05,"up"
"gene-LOC142982312",515.827401648589,1.47382691169824,0.325447655731041,1.98241990724539e-06,2.24803826083055e-05,"up"
"gene-LOC142978301",242.382402068714,2.60240346630172,0.603979835362987,1.98560697038452e-06,2.24920223739966e-05,"up"
"gene-ix",326.875452534337,1.50573425476189,0.333139228632953,2.02573343113668e-06,2.29216141501444e-05,"up"
"gene-RpL23",46414.2364700461,2.29421365741766,0.528637723894121,2.04013525390949e-06,2.30595092217132e-05,"up"
"gene-LOC142975336",1443.47851373577,2.64057965052358,0.614376242498833,2.04785801326523e-06,2.31165938999646e-05,"up"
"gene-Sf3b6",896.914518699246,1.77878478295282,0.399765603183791,2.04962691351271e-06,2.31165938999646e-05,"up"
"gene-LOC142978357",1103.83787606457,-3.02144191836347,0.715285677904269,2.06061274372401e-06,2.32153448724751e-05,"down"
"gene-RpL13A",31505.678010708,2.03219112439033,0.461689046189189,2.0670349542097e-06,2.32625231062951e-05,"up"
"gene-raskol",480.79625828819,-2.28273811239682,0.526627166622664,2.0857863051747e-06,2.34482024156249e-05,"down"
"gene-14-3-3zeta",26486.1423377363,1.31418629288971,0.288373640249681,2.10469726390157e-06,2.36352734813542e-05,"up"
"gene-rock1",240.746633884317,-1.92022124007505,0.436321848254721,2.14448379883191e-06,2.4056116751983e-05,"down"
"gene-EndoA",871.230370267152,-2.70748303491006,0.634084702157817,2.16585404943803e-06,2.42435921017741e-05,"down"
"gene-LOC142973946",1524.80323806905,1.50269323490389,0.333171330073456,2.16453305652792e-06,2.42435921017741e-05,"up"
"gene-Unr",545.957717706734,-1.131231984081,0.246473452688681,2.17501267861453e-06,2.43199591668928e-05,"down"
"gene-PQBP1",791.701254681406,1.30115631626137,0.285890087815345,2.19176714186688e-06,2.44810042348007e-05,"up"
"gene-mRpL55",251.262988357133,2.49756296896192,0.580617430479808,2.19422559130887e-06,2.44821955043144e-05,"up"
"gene-IntS4",198.417627869444,-1.95190124151616,0.444574320094903,2.21616505502855e-06,2.47005120158963e-05,"down"
"gene-Ipp",180.637867762861,1.91937138432624,0.436050383894612,2.23307723064291e-06,2.4862389273789e-05,"up"
"gene-Gapvd1",275.226000410636,-3.17621388681263,0.755699779827266,2.25350999245189e-06,2.50630758775899e-05,"down"
"gene-nito",583.578986305227,-1.59578077183856,0.357346572960375,2.26546575104098e-06,2.51691552490252e-05,"down"
"gene-EMC8-9",646.309516477048,1.65645473567717,0.371466530534461,2.27443399613505e-06,2.52418527716054e-05,"up"
"gene-LOC142977695",5854.05469838649,-1.79203807853539,0.405762597694945,2.28813720519911e-06,2.5366888504923e-05,"down"
"gene-ClC-b",576.440895795861,-1.76980328565919,0.400414151429103,2.30548476743894e-06,2.55320174777015e-05,"down"
"gene-LOC142975921",438.146310763479,1.91166266033511,0.435176777299395,2.31456453194651e-06,2.56053313257844e-05,"up"
"gene-Smu1",136.865518578822,-2.44897589298254,0.569587773432592,2.34133184536466e-06,2.5873953832533e-05,"down"
"gene-LOC142978457",24.3346821811478,-3.50749821153982,0.826334096721532,2.38270008412605e-06,2.6275326139568e-05,"down"
"gene-Nup98-96",319.833808332546,-3.01280698395508,0.717050093188378,2.38240958545452e-06,2.6275326139568e-05,"down"
"gene-singed",208.969504577958,-2.15437049032522,0.49908819328637,2.4318829609451e-06,2.67893138872365e-05,"down"
"gene-RpLP1",23722.9046759051,2.07677088121485,0.478332901829093,2.43633173360279e-06,2.67935373349532e-05,"up"
"gene-mRpS18A",1042.75077472911,2.05907038948029,0.472771443338401,2.43741401116241e-06,2.67935373349532e-05,"up"
"gene-mRpL30",493.282769095753,2.05374078400195,0.471534011772608,2.45204239103192e-06,2.69259085344328e-05,"up"
"gene-Shark",572.576995005405,-3.32954218418599,0.802585924499657,2.46069854063016e-06,2.69924887333614e-05,"down"
"gene-rho-7",921.197729778914,1.46865012429111,0.327633159496384,2.49077086918422e-06,2.72936049981134e-05,"up"
"gene-Arpc3A",5012.29383846675,2.19151414239791,0.506106021731541,2.50528366349431e-06,2.74237675467673e-05,"up"
"gene-LOC142986798",835.243909334455,-3.48171383974535,0.841036843784775,2.5176981695288e-06,2.75307121268853e-05,"down"
"gene-ced-6",306.928574592059,-2.21093795770949,0.513583716791778,2.53720939006216e-06,2.77149525189372e-05,"down"
"gene-LOC142980148",1778.86245019372,-3.1997780702707,0.771178131629927,2.55869665839369e-06,2.79203691969375e-05,"down"
"gene-mRpL23",752.88784940143,2.15815079540238,0.499245245667193,2.59171073869789e-06,2.82510039684242e-05,"up"
"gene-ND-39",3361.49277302405,1.92911418709768,0.442340377447751,2.60412635392377e-06,2.83566478497348e-05,"up"
"gene-LOC142979475",87885.7640179509,3.65743793145084,0.885917065553494,2.66609278181559e-06,2.90010719526649e-05,"up"
"gene-bchs",125.332153029856,-2.51446609722273,0.593645600832394,2.70522183320424e-06,2.93653381477124e-05,"down"
"gene-LOC142985976",152.192133076578,1.99329639021987,0.45840064863149,2.70369986094387e-06,2.93653381477124e-05,"up"
"gene-FBXO11",858.368597403709,-1.81573633203033,0.415449100441639,2.71953764215084e-06,2.94899863070732e-05,"down"
"gene-RpS3",27814.4186214424,1.98192772074753,0.455672859600751,2.74387284782777e-06,2.97229098292269e-05,"up"
"gene-LOC142975209",1555.91497404336,-2.43773900835463,0.574085966856524,2.78392930314311e-06,3.01254719809977e-05,"down"
"gene-LOC142987400",282.910438226641,2.01221609047331,0.464584098459157,2.80034466074151e-06,3.02716385444643e-05,"up"
"gene-MED15",74.7538898811858,-4.04664482220478,0.985680372464432,2.80419894548451e-06,3.02818579071512e-05,"down"
"gene-RpS9",28671.1026448359,1.89852174181582,0.435431976920184,2.82140227908066e-06,3.04360598188909e-05,"up"
"gene-LOC142987711",148.845963200149,-1.94638693667878,0.448986578460052,2.87318168039108e-06,3.09625479222268e-05,"down"
"gene-Hel25E",2544.42435349238,1.46348294828738,0.329533729625985,2.87734818369172e-06,3.09753822049956e-05,"up"
"gene-tho2",660.792897079995,-2.13403871821188,0.49773001996206,2.89122990578333e-06,3.10926687181864e-05,"down"
"gene-LOC142976311",163230.559060731,5.48122674931533,1.37558138876535,2.90325521082173e-06,3.11897696023263e-05,"up"
"gene-LOC142974567",6468.74650078456,4.48125022446596,1.11455824271788,2.91288008493285e-06,3.12609089527329e-05,"up"
"gene-LOC142980981",12663.8952228057,2.44487839067999,0.576082579595102,3.04460999429302e-06,3.26318466658957e-05,"up"
"gene-obe",615.304296760178,-1.61320890658201,0.367106756099964,3.04689288753608e-06,3.26318466658957e-05,"down"
"gene-LOC142987529",449.501235704273,4.73154533678007,1.18396665533538,3.12189878300446e-06,3.34007875961731e-05,"up"
"gene-trio",998.954226023057,-1.76163628663656,0.405037904818065,3.1605668519708e-06,3.37797750811253e-05,"down"
"gene-PPP1R15",962.794411776868,-1.97153020645481,0.458530667330421,3.19014352002684e-06,3.40609169676711e-05,"down"
"gene-cta",101.033801268692,-1.72666356600652,0.396202378620964,3.2019896116248e-06,3.41523687059571e-05,"down"
"gene-tgo",335.800748557117,-2.08648152983787,0.48743135567008,3.21361494576412e-06,3.4241281049544e-05,"down"
"gene-LOC142982398",262.15976081024,1.96285668760345,0.45537437822273,3.24044408503116e-06,3.44918434817734e-05,"up"
"gene-LOC142979677",6048.43554875358,1.0588312617638,0.231903744717402,3.24603554546008e-06,3.45160674445756e-05,"up"
"gene-mahj",719.957649507277,-2.55483739450294,0.610980813215999,3.30886669477329e-06,3.51482676454999e-05,"down"
"gene-pbl",279.431674186134,-1.58564918228034,0.36210620917631,3.32269023384515e-06,3.52591287811703e-05,"down"
"gene-LOC142979718",343.836939269102,-2.53906115330381,0.605823092326365,3.32796244504062e-06,3.52791130884652e-05,"down"
"gene-Spase22-23",9016.80962463913,1.44467699842423,0.32599723181453,3.35860370436999e-06,3.55677157298999e-05,"up"
"gene-LOC142984620",2201.79621586523,3.64197126860574,0.896926265591932,3.38182099889158e-06,3.57771916651031e-05,"up"
"gene-LOC142972320",607.504899110749,-1.91632524432421,0.4465325738408,3.39927258491199e-06,3.59253072171917e-05,"down"
"gene-Atpalpha",384.143243964652,-3.62506117467123,0.893155751006567,3.40301517430394e-06,3.59283853595375e-05,"down"
"gene-IP3K1",357.972679124667,-2.42107643362158,0.576568972365287,3.41646082099865e-06,3.60337965011104e-05,"down"
"gene-ksh",316.645222545518,2.85321752972014,0.688602513319064,3.48763206488426e-06,3.67100604605108e-05,"up"
"gene-Pde11",181.027534728229,-2.21462773335692,0.521954394987211,3.48520625870465e-06,3.67100604605108e-05,"down"
"gene-LOC142974240",126.887215369999,1.54992963284848,0.353546568146608,3.50985685303312e-06,3.69066766061361e-05,"up"
"gene-LOC142978761",494.915187595688,-2.79970084797677,0.676482177522873,3.53933355800295e-06,3.71790740048544e-05,"down"
"gene-EMC7",3628.95250974509,1.57786811602293,0.361361843048989,3.55420265865674e-06,3.72976307223958e-05,"up"
"gene-Agpat1",230.964854593002,-2.34250170775764,0.555338164860769,3.59354950379626e-06,3.76725582422146e-05,"down"
"gene-LOC142985808",1957.3092839426,-5.3578236576048,1.37807663785069,3.60716103562123e-06,3.77772096386489e-05,"down"
"gene-LOC142979033",1155.32279108772,1.48060651511349,0.336317683669935,3.61261808988013e-06,3.77963359956303e-05,"up"
"gene-LOC142977652",807.024367840763,2.43696097567635,0.580702037536206,3.62102369267296e-06,3.78462416071541e-05,"up"
"gene-serpin-3",985.992164649003,-2.67287294185814,0.64450911248531,3.6384254390178e-06,3.79899787564446e-05,"down"
"gene-Noa36",798.13780984456,1.60595456354446,0.36794535715973,3.68075938817941e-06,3.83934922153784e-05,"up"
"gene-LOC142979790",144.040892964289,2.06704626680835,0.484456566701278,3.72766809132163e-06,3.88438686993575e-05,"up"
"gene-tud",1955.08605149446,-1.8771080606839,0.437519825837297,3.74365881954315e-06,3.89714883114442e-05,"down"
"gene-Ube4B",1859.63766279502,-3.06839768713519,0.751099335809812,3.74799376866747e-06,3.8977637494334e-05,"down"
"gene-LOC142978250",261.497838947572,1.62782267096243,0.374088280825522,3.76722235063681e-06,3.91385076548196e-05,"up"
"gene-garz",283.073269559698,-2.36933533631119,0.564930905701377,3.8301092701e-06,3.97521809588644e-05,"down"
"gene-Irbp18",7321.54581005174,1.62992580200585,0.375615985309838,3.84475457919387e-06,3.98517623595423e-05,"up"
"gene-eIF3l",2340.36904937443,0.797837537054441,0.175521944962456,3.8473603430682e-06,3.98517623595423e-05,"up"
"gene-LOC142974739",217.307121016751,-2.41534737118295,0.578794365993049,3.8695958085188e-06,4.00422389330823e-05,"down"
"gene-LOC142973152",610.598326883627,-5.42024946646826,1.39877821523956,3.88062453423625e-06,4.01164859994035e-05,"down"
"gene-LOC142985241",89.3460719818185,-4.1629047127793,1.0344601715742,3.90615546479924e-06,4.03403555442065e-05,"down"
"gene-mRRF1",661.86076761028,1.83304927969515,0.42666671796625,3.92537636375012e-06,4.0498679828185e-05,"up"
"gene-fz2",423.527966240958,-2.99704378671393,0.735572609288585,3.9586656986278e-06,4.07613352351289e-05,"down"
"gene-LOC142984417",321.378740407676,-1.46281041284806,0.334514630441254,3.9575809445908e-06,4.07613352351289e-05,"down"
"gene-Pex3",1569.20783519638,1.31031336252239,0.296728198499416,3.97823670064539e-06,4.09223755471527e-05,"up"
"gene-LOC142972770",92.0041611138403,9.00944400507836,2.43053679463971,4.00697056496282e-06,4.11772592115133e-05,"up"
"gene-Tab2",298.835543383872,-1.99778258857718,0.470976358528574,4.01634278510527e-06,4.12328682376192e-05,"down"
"gene-LOC142975797",203.137355668072,-2.12466717594552,0.504320776440181,4.04555153642451e-06,4.14918142799795e-05,"down"
"gene-Tcs3",372.271430277831,1.90366185717061,0.445281270787391,4.05976096844829e-06,4.15965666156955e-05,"up"
"gene-LOC142982492",752.371054930096,-1.70054439246333,0.394723186128026,4.08489538238558e-06,4.18129409347433e-05,"down"
"gene-LOC142983776",307.714001233504,-1.85151187405086,0.433325562291177,4.13014017297769e-06,4.22345375252434e-05,"down"
"gene-LOC142977535",213.725027079037,1.85035696688551,0.432634546121457,4.15158983920523e-06,4.24122180825579e-05,"up"
"gene-LOC142979023",126.536597852459,2.32904851540202,0.557194157094021,4.19731000080537e-06,4.2837252067043e-05,"up"
"gene-EcR",3076.11067245379,-4.4940403338225,1.14831029316453,4.22764230203612e-06,4.30202897010714e-05,"down"
"gene-LOC142976683",1684.21435697591,2.15016496672281,0.510203896815317,4.22589061354601e-06,4.30202897010714e-05,"up"
"gene-raf",116.788648037626,-1.66865255430844,0.386447504571595,4.22115241609648e-06,4.30202897010714e-05,"down"
"gene-QIL1",1929.44281014251,3.84261785301838,0.965219187738009,4.28141914317656e-06,4.34564620738137e-05,"up"
"gene-LOC142979700",41.5528518530671,-3.18873056513966,0.782624066634567,4.27953486167063e-06,4.34564620738137e-05,"down"
"gene-noc",783.663519737134,-1.43859689048594,0.329343861625815,4.28302882687155e-06,4.34564620738137e-05,"down"
"gene-hrg",707.14824592029,-2.25906739936786,0.542087035509624,4.33645423318255e-06,4.39556850705261e-05,"down"
"gene-LOC142980101",20485.1888768257,-3.39372299427311,0.8467270084596,4.35820769597504e-06,4.41332121742219e-05,"down"
"gene-sky",942.874938884168,-1.87449055530562,0.440470967025931,4.37341687102904e-06,4.42441881704687e-05,"down"
"gene-LOC142977558",6319.91918082806,2.41570792747827,0.58171737806998,4.47332198230488e-06,4.52109532386347e-05,"up"
"gene-GSTz2",241.327515372145,2.32543742195644,0.557993373820666,4.4876975946481e-06,4.5312252143828e-05,"up"
"gene-LOC142973727",98.2183535674251,-4.46602795047299,1.1467171396925,4.5080339181593e-06,4.5432518360657e-05,"down"
"gene-LOC142980416",3358.49237902663,1.66893162533397,0.388184356679846,4.5083373166723e-06,4.5432518360657e-05,"up"
"gene-Smg6",141.131301851124,-2.03042007072676,0.482962810232329,4.54774765318703e-06,4.57853511312157e-05,"down"
"gene-LOC142975058",7817.73488752062,-7.24618333745072,1.96722970282683,4.56449730407164e-06,4.59095815800828e-05,"down"
"gene-LOC142979401",632.398124256718,3.01634668631234,0.743537718621917,4.6057262431938e-06,4.62795465170342e-05,"up"
"gene-ND-B14.5B",2781.36342655257,2.32546663045207,0.559112302089495,4.61611484753864e-06,4.63392049786666e-05,"up"
"gene-LOC142973580",1050.08805666916,-1.78231804738223,0.418732742200728,4.69609479384748e-06,4.7096673221534e-05,"down"
"gene-LOC142987512",136.902514364876,-2.67472625711853,0.656283374701525,4.74547107740261e-06,4.75247176095966e-05,"down"
"gene-LOC142983192",997.521113122533,1.88982052104992,0.445725735978877,4.74790646628054e-06,4.75247176095966e-05,"up"
"gene-pnut",1324.77731858235,-2.64803708265699,0.648619464135169,4.75835554012976e-06,4.75835554012976e-05,"down"
"gene-SmD1",386.832853800096,2.09322348415519,0.498607223237088,4.77861741536957e-06,4.77403141017248e-05,"up"
"gene-LOC142980851",255.791746829079,1.73546014273395,0.405741352868437,4.80125346231148e-06,4.79204684014022e-05,"up"
"gene-LOC142987660",6412.28440525012,4.62667666293258,1.19443810277465,4.82666901904122e-06,4.81279928048076e-05,"up"
"gene-LOC142986159",87.3319628492703,-2.68420169549506,0.65828884382605,4.83977987557711e-06,4.82125440236916e-05,"down"
"gene-Ubc10",4186.51607008421,1.51473175740248,0.350936470636866,4.88057234092827e-06,4.85724264522594e-05,"up"
"gene-LOC142973507",217.496416938048,-2.12917451350742,0.511038820066484,4.89383488164003e-06,4.86122073535223e-05,"down"
"gene-LOC142975717",678.405961294328,-1.96480562350586,0.466755673081604,4.89390905922107e-06,4.86122073535223e-05,"down"
"gene-LOC142978724",92.6424508501937,-2.99558947646009,0.738728519387476,5.00812759188743e-06,4.96993405448504e-05,"down"
"gene-P5cr",43.6256443363744,2.66993473631114,0.654431802506069,5.02699561192202e-06,4.98390707810555e-05,"up"
"gene-LOC142978021",536.374254441621,3.98095338457439,1.00599139875333,5.08214840719442e-06,5.02235796391295e-05,"up"
"gene-Ltn1",263.882936193656,-2.08013805836061,0.49790177436127,5.08098603975177e-06,5.02235796391295e-05,"down"
"gene-Ptpmeg2",475.855687494583,-1.9265301050704,0.457859404095501,5.08507713156988e-06,5.02235796391295e-05,"down"
"gene-LOC142981315",300.829940313021,1.52910659188832,0.354396381242105,5.08410702417349e-06,5.02235796391295e-05,"up"
"gene-DUBAI",415.767545139633,-2.14864695625084,0.517831476486643,5.14607929954502e-06,5.07779009557001e-05,"down"
"gene-Cpsf6",370.848417344861,-1.83624868755072,0.434794166184318,5.15463675962847e-06,5.08141748747465e-05,"down"
"gene-milt",1107.07909513344,-1.83234941419657,0.433972442974677,5.18591870761633e-06,5.10741851904314e-05,"down"
"gene-Pde8",356.473383716102,-4.09503382649281,1.04998023193859,5.2241538975867e-06,5.14021191624552e-05,"down"
"gene-LOC142973779",252.27807153055,-2.08307488899685,0.500254480591708,5.26887487580011e-06,5.17931892890265e-05,"down"
"gene-Uqcc1",272.331027566362,2.11682475048857,0.508343612455113,5.36614324390713e-06,5.26995765745974e-05,"up"
"gene-trsn",410.57559707642,2.14234274364473,0.514674262098018,5.41753826522285e-06,5.31541690301318e-05,"up"
"gene-LOC142973673",188.25309199928,-2.32878577746366,0.568657768688144,5.45033897453298e-06,5.34256391006482e-05,"down"
"gene-RhoGAP19D",1033.88144182128,-3.00105276587029,0.751414434070857,5.53179237733776e-06,5.4173056112969e-05,"down"
"gene-mim",166.230515345084,-4.71353958369909,1.23254784871518,5.5393977099974e-06,5.41965509032641e-05,"down"
"gene-Sarm",783.413250045356,-1.54832478214916,0.362199090720623,5.61475258604388e-06,5.48822295030205e-05,"down"
"gene-Tango2",267.606121016756,2.05050913675009,0.491862382092646,5.62847194205382e-06,5.49647213103004e-05,"up"
"gene-ec",22.4666354873306,-6.48036242068787,1.70030167396711,5.63376693491348e-06,5.49648676592777e-05,"down"
"gene-LOC142986519",7882.81582216263,3.92745312138861,1.00809209828355,5.68061127624579e-06,5.53700031701485e-05,"up"
"gene-eIF1A",4377.09099465394,1.74109709893313,0.41178182105663,5.69014724169045e-06,5.5411069023384e-05,"up"
"gene-Scox",2006.06931029906,2.85009431192124,0.707985152833749,5.73360791446361e-06,5.57821106444544e-05,"up"
"gene-LOC142973514",627.537418630736,-3.90122308123014,1.00350794833319,5.75268544165428e-06,5.59154579342867e-05,"down"
"gene-RpL27A",31509.1668260184,1.82208479082555,0.434517882825617,5.85684501749976e-06,5.68747729777729e-05,"up"
"gene-LOC142982304",190.10010699054,1.46682730452344,0.34149009190257,5.89705901632423e-06,5.72119145945342e-05,"up"
"gene-LOC142972939",542.119064827916,1.78194259254344,0.423063292333164,5.93138635870743e-06,5.7437890227111e-05,"up"
"gene-LOC142976438",1820.99476942145,1.76529369630726,0.418760442539602,5.93111799790823e-06,5.7437890227111e-05,"up"
"gene-osi",999.966447068097,2.57184401389364,0.633312330650896,5.93712466721028e-06,5.74400258231032e-05,"up"
"gene-LOC142973704",1164.88654943231,2.3493968465821,0.573772892272779,5.96125210520441e-06,5.76199019639535e-05,"up"
"gene-ClC-c",1754.94522415763,-2.61015004601132,0.645219490493131,5.98538073309059e-06,5.77994558733516e-05,"down"
"gene-LOC142984185",4442.34669993443,2.71568888454002,0.673240773332038,6.01923697988206e-06,5.80187564449743e-05,"up"
"gene-LOC142981587",5369.35268034477,1.53075282873823,0.360947097795781,6.01718872063505e-06,5.80187564449743e-05,"up"
"gene-LOC142983850",236.008845965771,4.26252015268202,1.10961507736541,6.04076664083844e-06,5.81724151074266e-05,"up"
"gene-LOC142982435",4064.49640048798,1.98838763853224,0.480770416034024,6.07527256412526e-06,5.84506352980998e-05,"up"
"gene-RpS8",30490.1234674007,1.73318380966621,0.410475914293357,6.12022502792955e-06,5.88287558086303e-05,"up"
"gene-Synj",471.740411608741,-1.75807900597321,0.417232469171229,6.139424066792e-06,5.89588602724213e-05,"down"
"gene-LOC142982836",6971.73086787999,3.0621697579384,0.772907106345967,6.18226128632758e-06,5.93155207287282e-05,"up"
"gene-LOC142974980",119.624914820016,-1.79768091662392,0.427182796244543,6.19736754053367e-06,5.93510543670244e-05,"down"
"gene-Snrk",119.028520989395,-1.63061947971477,0.385582476364006,6.19404265878329e-06,5.93510543670244e-05,"down"
"gene-LOC142976573",377.894405348491,4.35429517455901,1.13570240496324,6.22699992863102e-06,5.95800268906699e-05,"up"
"gene-Ankle2",493.379199408931,-3.77388778320428,0.977425636176459,6.38938067437321e-06,6.10775507991048e-05,"down"
"gene-polybromo",147.541038490971,-2.02605697643269,0.491177159696351,6.3968190957519e-06,6.10925566851168e-05,"down"
"gene-mio",43.5988515916124,-2.88808039214697,0.717896633849375,6.45551127723879e-06,6.15965833144416e-05,"down"
"gene-LOC142981848",87.3067988206032,-2.51413334212606,0.62632145388256,6.52216949181398e-06,6.2175626748886e-05,"down"
"gene-sm",276.082162679652,-1.65015038126255,0.391247027704895,6.53350732616052e-06,6.21764165135673e-05,"down"
"gene-RpII140",877.640075700383,-1.0415208482879,0.23815362485734,6.5341978545478e-06,6.21764165135673e-05,"down"
"gene-LOC142974447",46.5283265688307,-3.57620289032972,0.919088933280727,6.54095005349349e-06,6.21838265359518e-05,"down"
"gene-LOC142981547",418.35819112037,4.93808558497374,1.30902379659922,6.57571777963728e-06,6.24573194215548e-05,"up"
"gene-jing",173.787270068228,-3.19306763306564,0.812275636735685,6.58346259262678e-06,6.24738792973973e-05,"down"
"gene-CrebA",325.87522165968,-2.23858200621796,0.549285301250021,6.59896201869873e-06,6.25639295215426e-05,"down"
"gene-PIG-K",977.042534987533,2.39258754263958,0.588971860554235,6.61788728166668e-06,6.25723947340146e-05,"up"
"gene-Trmt112",415.06666812553,2.27986138671922,0.55818348671357,6.61294263221544e-06,6.25723947340146e-05,"up"
"gene-LOC142975881",323.177251532887,1.55511335475116,0.36515537725231,6.6122317066152e-06,6.25723947340146e-05,"up"
"gene-stai",11198.4755889993,-5.24057495113655,1.40416436337207,6.67119048036053e-06,6.29910082589619e-05,"down"
"gene-LOC142979470",445.224769701324,1.87287017374843,0.449583218046373,6.67426341110806e-06,6.29910082589619e-05,"up"
"gene-vap",748.931186291008,-2.53529788777063,0.63066813520901,6.69676681543393e-06,6.31461436129232e-05,"down"
"gene-LOC142984746",193.569436308233,-1.77955899947268,0.425743236266859,6.80202727053689e-06,6.40806370011666e-05,"down"
"gene-LOC142973986",232.894009243109,-1.68517843898504,0.401661559041276,6.83542129631478e-06,6.4337012382131e-05,"down"
"gene-LOC142976456",56.7077248874402,4.29068101431834,1.12655409005546,6.89872320401105e-06,6.487417213528e-05,"up"
"gene-Eip93F",1947.35418910057,-5.8499545780489,1.59146317420981,6.96704436792762e-06,6.54562861623038e-05,"down"
"gene-LOC142973125",135.033731216745,-1.83348828955362,0.44044510855773,6.97320089855858e-06,6.54562861623038e-05,"down"
"gene-LOC142982915",360.666836535673,2.34810549532906,0.578422437876611,6.99754563596938e-06,6.55807425225623e-05,"up"
"gene-RpL12",21021.8306535707,1.76164477462969,0.423476337320629,6.99905907229267e-06,6.55807425225623e-05,"up"
"gene-Mhcl",201.533135982598,-2.47727215424201,0.615536156657479,7.00988047973286e-06,6.56230717572114e-05,"down"
"gene-LOC142986094",134.424491370333,-1.93193217660828,0.467813418858066,7.04966757354797e-06,6.59362438819716e-05,"down"
"gene-LOC142981742",2114.61904863559,3.89416969359645,1.01314618516684,7.19974328283811e-06,6.71842289481164e-05,"up"
"gene-LOC142979187",741.510480030283,-1.92801931295502,0.467220921280778,7.20120291682618e-06,6.71842289481164e-05,"down"
"gene-MED6",441.723022616529,1.3925315133877,0.32616841803399,7.20245912642631e-06,6.71842289481164e-05,"up"
"gene-LOC142977569",1372.21371369083,1.57011608139122,0.372086226773718,7.25474984994971e-06,6.76114108665859e-05,"up"
"gene-lqf",1357.55659045498,-3.0270496972526,0.772009870621936,7.28207461680353e-06,6.78053638290919e-05,"down"
"gene-mRpS33",562.094645017667,2.41408181911234,0.59781382341747,7.30830218145401e-06,6.79887629213013e-05,"up"
"gene-sfl",284.255843058677,-2.19726940629504,0.541231885067914,7.33947768882036e-06,6.82178238755535e-05,"down"
"gene-LOC142976234",40.1089422897723,2.26316107936658,0.554304204185912,7.39530661216239e-06,6.86754164430067e-05,"up"
"gene-LOC142982820",827.853522175453,2.78748538110226,0.701579000527689,7.40996469685055e-06,6.87502072140947e-05,"up"
"gene-ais",36.3435960248359,-3.15973086251021,0.782830522911695,7.44165736716613e-06,6.89827722103289e-05,"down"
"gene-LOC142985163",27.7742400283353,5.2523770673282,1.40119189512334,7.54788476498662e-06,6.98430936920095e-05,"up"
"gene-LOC142985264",515.730776139202,2.15953436930005,0.529765771288747,7.54303028834611e-06,6.98430936920095e-05,"up"
"gene-LOC142976534",142.556337040646,-3.37238265758969,0.868087632615642,7.57151513476279e-06,6.99374201888914e-05,"down"
"gene-Hsl",71.8739393922377,-2.90325909045089,0.7377264244444,7.57121207141751e-06,6.99374201888914e-05,"down"
"gene-LOC142977480",19561.9924356286,2.456103107731,0.611822156879345,7.57866160723776e-06,6.99413717476464e-05,"up"
"gene-EloC",2378.8620631581,1.73067851356522,0.415366513673753,7.58902134264417e-06,6.99749443551159e-05,"up"
"gene-Hr39",473.927503029553,-2.27076274209358,0.562195782485941,7.64304211800575e-06,7.04106800428671e-05,"down"
"gene-LOC142976325",1361.79416081778,-2.46668534419284,0.617712138900597,7.68258072493204e-06,7.07123477865098e-05,"down"
"gene-LOC142973244",49.3973215982174,3.56018475754138,0.921505444684126,7.70190472778217e-06,7.08275867634385e-05,"up"
"gene-MED11",212.531485026165,1.88582774774345,0.457098659666919,7.77436326601919e-06,7.14308222411825e-05,"up"
"gene-SF2",505.618097188356,-1.4747465936634,0.349511384946852,7.82306580211416e-06,7.1814916225757e-05,"down"
"gene-Dg",571.856787177052,-2.12493371540249,0.523290881124019,7.86438911231901e-06,7.21306525632078e-05,"down"
"gene-Gogat",575.736744043575,-4.27667414766382,1.1327024961184,7.92897490636264e-06,7.2659004203552e-05,"down"
"gene-Prosalpha3",3993.0819362946,1.5452300842094,0.369893228683982,7.98476712613677e-06,7.31059153765028e-05,"up"
"gene-LOC142985595",873.992273795043,1.31942803150915,0.309098346574561,8.00790064327457e-06,7.32532914731882e-05,"up"
"gene-ZnT77C",682.104689460229,-3.13426159636692,0.805090175689382,8.0451225475122e-06,7.35291709566304e-05,"down"
"gene-fus",312.664746411588,-1.99949811763225,0.490148338848996,8.1319656225924e-06,7.42576860799885e-05,"down"
"gene-LOC142974703",4335.16492763361,5.68868891898858,1.55546502065216,8.17067198062082e-06,7.45457452394941e-05,"up"
"gene-IntS1",27.207047057166,-6.45537969042892,1.73953473831396,8.19278019780841e-06,7.46819981253814e-05,"down"
"gene-AIMP1",530.341095632873,2.03785682332955,0.499491775771627,8.28083282674883e-06,7.54186086845629e-05,"up"
"gene-Pcd",610.108839517701,2.33320875365969,0.580180571066411,8.29285839921732e-06,7.54621118320388e-05,"up"
"gene-bcn92",429.216040655838,2.37967949879945,0.593609924257405,8.35166837040654e-06,7.59308888523424e-05,"up"
"gene-GlcAT-I",105.313982319875,-3.22071159599538,0.827901446454292,8.38813064815231e-06,7.61294159086884e-05,"down"
"gene-foxo",1187.4197028913,-3.00755167223667,0.768840864053876,8.38188289094975e-06,7.61294159086884e-05,"down"
"gene-LOC142981920",154.883074959588,1.31183194823522,0.30819000958135,8.45845567296615e-06,7.67008044909213e-05,"up"
"gene-gem",451.074434979469,-1.3248795347126,0.312701311559039,8.47109304244539e-06,7.67485453192833e-05,"down"
"gene-Elp5",330.038999967689,1.48731029330002,0.35375122401259,8.52753929959756e-06,7.71927687902701e-05,"up"
"gene-mRpS21",286.35115267145,2.5336028429782,0.637969527968236,8.75919092506347e-06,7.92208319113038e-05,"up"
"gene-ema",919.244080551498,-3.82674441378086,1.01221557570892,8.80766748435297e-06,7.95901202362104e-05,"down"
"gene-LOC142981861",7320.59026778567,3.47363219620678,0.90397999018772,8.8380789947507e-06,7.9753814379524e-05,"up"
"gene-spn-E",122.503657790156,-2.4344775027233,0.610740856369166,8.84110487934397e-06,7.9753814379524e-05,"down"
"gene-mEFTs",477.459909782973,1.99889701035155,0.490749060391746,8.8623411218569e-06,7.9876165435957e-05,"up"
"gene-Cyt-c1",5786.84978913271,1.86793095226755,0.456227999956259,8.99784584436349e-06,8.1027314221301e-05,"up"
"gene-FNSI",2278.24451523115,-2.55032463317535,0.647490381949681,9.05889028939702e-06,8.15008849107753e-05,"down"
"gene-LOC142979492",168531.035099435,2.16209536205035,0.537973475186442,9.06609267307183e-06,8.15008849107753e-05,"up"
"gene-mRpL53",667.548900648865,2.01128350459778,0.49418085780203,9.13865343201697e-06,8.20822970037072e-05,"up"
"gene-Tak1",196.958618608423,-2.13555275506936,0.528943538444561,9.26183406412795e-06,8.31169763858379e-05,"down"
"gene-fab1",162.391448273733,-2.58476279904537,0.656758744802191,9.29137084024354e-06,8.33102243298322e-05,"down"
"gene-LOC142974900",814.324441699825,3.33383664382924,0.869456881307559,9.32568187879245e-06,8.35459108074263e-05,"up"
"gene-DnaJ-11",589.787270324052,1.58553905505444,0.381451443523346,9.43134853122674e-06,8.44198952795102e-05,"up"
"gene-mRpL41",448.158965862371,2.34306736639532,0.587286494118507,9.44089231545831e-06,8.44327225119596e-05,"up"
"gene-Vps13B",86.4946660288826,-1.75444296867512,0.425542076127805,9.47964122580438e-06,8.47064937001061e-05,"down"
"gene-LOC142980980",6280.56224949395,2.58455518013927,0.65801562535135,9.62280476133914e-06,8.59120047731908e-05,"up"
"gene-Madm",152.696616606213,-2.24082196860429,0.561135098824593,9.87949363572463e-06,8.81281308893688e-05,"down"
"gene-LOC142976324",845.83164139972,-3.02032007474104,0.783638682889682,9.95213281458896e-06,8.87000878423553e-05,"down"
"gene-Ggamma1",1582.7553330245,2.02990934621752,0.502755569141899,9.96159126622256e-06,8.87084389062249e-05,"up"
"gene-Uqcr11",3977.90550202921,3.15161211344705,0.819759000515306,1.00960432843695e-05,8.98288979404162e-05,"up"
"gene-LOC142983884",25.0976443819632,-2.67705489888963,0.686527340931595,1.01259414992046e-05,9.00179769485229e-05,"down"
"gene-G9a",179.615967178431,-1.8212504697021,0.44696945223131,1.01672466720645e-05,9.03080527783206e-05,"down"
"gene-LOC142979732",190.881968309153,-2.77204703798864,0.714974938457135,1.01890533392158e-05,9.04245910155472e-05,"down"
"gene-mRpL52",499.097769939343,2.24463556675907,0.563047557830012,1.02217460864235e-05,9.06374589094279e-05,"up"
"gene-jv",416.858974571168,-2.06550340633049,0.515254303098662,1.02446933431965e-05,9.07636235767453e-05,"down"
"gene-LOC142984504",654.09244552624,1.63804747765597,0.397686103620658,1.02877424394153e-05,9.10675159815589e-05,"up"
"gene-Pi3K92E",186.015806360422,-1.82775544388236,0.450016674909174,1.03028688652855e-05,9.11239293862548e-05,"down"
"gene-mgr",740.793852662656,1.68153660740819,0.410508473483547,1.03226865366493e-05,9.1221703604855e-05,"up"
"gene-Jheh-lp4",3655.42832776392,2.96277485464705,0.765974044389999,1.03840805623782e-05,9.16087107240313e-05,"up"
"gene-baz",322.511034831717,-1.80076174586762,0.443180633498029,1.03766605955562e-05,9.16087107240313e-05,"down"
"gene-mRpS14",434.536742024831,2.48474335977083,0.631051772178838,1.04913447766989e-05,9.24766292340689e-05,"up"
"gene-LOC142977276",92.2870696946676,-2.33721231881857,0.59119960333107,1.05595472385584e-05,9.29990581669992e-05,"down"
"gene-LOC142975934",20191.9640001206,2.53209889584773,0.643715755584335,1.0603685298659e-05,9.33088452739141e-05,"up"
"gene-LOC142975965",195.866387040704,3.91855687871225,1.0486779883217,1.0631737102262e-05,9.34766750291787e-05,"up"
"gene-LOC142978495",235.964964828335,2.1388518472097,0.535281559584385,1.06565808653657e-05,9.36160395008077e-05,"up"
"gene-Pfk",2862.23187007746,-3.73545244368206,0.998521925641267,1.07853901497294e-05,9.46677162383503e-05,"down"
"gene-LOC142983788",51.6097882200839,-3.2848352508228,0.857864050128779,1.09974858617127e-05,9.64480436566382e-05,"down"
"gene-LOC142975774",10032.8326694092,3.02897518876666,0.78140078211199,1.10935299254538e-05,9.72084566700117e-05,"up"
"gene-LOC142977579",388.195708254353,1.75857479529595,0.431791242086665,1.11377239367421e-05,9.75136300937641e-05,"up"
"gene-LOC142982990",49.5986166156689,4.13379011262124,1.08789910416058,1.12425178432166e-05,9.83484123931809e-05,"up"
"gene-tim",1971.03745521137,-1.28443404775469,0.306889263124732,1.12670763413483e-05,9.84804909432713e-05,"down"
"gene-LOC142983189",159.142440200451,2.79158534306839,0.721893914920281,1.13799697310559e-05,9.93004902768581e-05,"up"
"gene-Pis",1009.99022039498,1.53079193475264,0.371030117303971,1.13770395126478e-05,9.93004902768581e-05,"up"
"gene-LOC142981532",409.782289576386,2.22453799680346,0.561760227129547,1.1575895337933e-05,0.000100925519654843,"up"
"gene-LOC142974321",5453.04982958272,2.47665180026846,0.632915747836864,1.17105445314714e-05,0.00010192873626473,"up"
"gene-CHOp24",1434.29191044801,2.12763533852866,0.534859392721587,1.17039220593442e-05,0.00010192873626473,"up"
"gene-C/EBP",433.526655771185,-6.909594815176,1.9918440645329,1.17511217047216e-05,0.000102196471968381,"down"
"gene-LOC142981748",30877.3821012372,6.72620635643774,1.96564989577079,1.18886264078016e-05,0.00010321985062987,"up"
"gene-LOC142976554",101.336911270212,2.27892967053735,0.577705980771009,1.18841127508331e-05,0.00010321985062987,"up"
"gene-LOC142973353",139.747703963916,6.45653176877099,1.84821871488092,1.20179622871909e-05,0.000104255822841381,"up"
"gene-LOC142980122",928.00247691394,-3.83890103357751,1.03851384230474,1.21295103907056e-05,0.000104961099889647,"down"
"gene-LOC142979336",880.637544439071,-1.79213954092129,0.444106297874884,1.21271228414541e-05,0.000104961099889647,"down"
"gene-LOC142976461",284.189769520276,1.59751920327865,0.390131653158849,1.21147487120905e-05,0.000104961099889647,"up"
"gene-tay",120.31559804645,-3.33293771780458,0.892818797671538,1.21456656400354e-05,0.000105013604080372,"down"
"gene-LOC142979461",116.485977633896,-2.39751763194978,0.612116895958917,1.21686159945458e-05,0.000105041252336606,"down"
"gene-NFAT",213.549861983816,-1.98360114573017,0.497698829341095,1.2169044218823e-05,0.000105041252336606,"down"
"gene-LOC142986486",560.635761231216,-1.77084505299181,0.438169871744085,1.22045784259805e-05,0.000105260697112226,"down"
"gene-mRpL9",423.114048491969,2.14961600664458,0.542692219308082,1.22875635827932e-05,0.00010588868948417,"up"
"gene-Osbp",1167.9590476483,-2.09623446568801,0.529594505531683,1.23205731893904e-05,0.000106085332424776,"down"
"gene-LOC142973511",767.053904185753,2.09160929970965,0.526550798684398,1.23448006092949e-05,0.000106206094498148,"up"
"gene-Mef2",554.277435831088,-2.29052259376326,0.586072511404837,1.2367943149526e-05,0.000106317331285356,"down"
"gene-RpL32",22660.7978501036,2.10171153919614,0.529959246233852,1.28517196038529e-05,0.000110384819369727,"up"
"gene-LOC142972789",48.2598932876829,9.25813179966904,3.35155131088885,1.31668448346713e-05,0.000112998231433576,"up"
"gene-LOC142980088",23444.2841069505,-3.38184583628809,0.907613285218693,1.3265638325124e-05,0.000113699208540245,"down"
"gene-LOC142972637",412.434688708843,2.25924507364344,0.574188819610325,1.32703687201151e-05,0.000113699208540245,"up"
"gene-LOC142975375",1458.33583769758,-2.78091480967066,0.729543737521962,1.33732578744009e-05,0.000114486525059633,"down"
"gene-LOC142978849",58.1478836059166,-3.116625371709,0.818037163685501,1.34137608374623e-05,0.00011473890741001,"down"
"gene-LOC142978022",627.565245069819,3.49084598238143,0.937395905699322,1.36877411916717e-05,0.000116986359446061,"up"
"gene-MrgBP",135.154712285263,1.97522075283738,0.496629272263064,1.37400196144399e-05,0.000117336836904282,"up"
"gene-CAH3",3249.28974745916,2.83204807360185,0.743155179356018,1.38427170133169e-05,0.000118116954187401,"up"
"gene-Megf8",50.9718131599334,-2.20357326793288,0.560106224106379,1.39093789989809e-05,0.00011849151831374,"down"
"gene-LOC142979570",2081.19971234847,2.19376622247034,0.559876381633122,1.39032066290686e-05,0.00011849151831374,"up"
"gene-boca",944.736223146962,2.32353443187625,0.596779759637602,1.39326666158013e-05,0.000118592853205635,"up"
"gene-LOC142980073",406.249384775775,3.2140758862216,0.857087923740229,1.39680043034519e-05,0.000118796507188672,"up"
"gene-faf",641.048901484764,-1.8118652275062,0.452316226595669,1.40055425559996e-05,0.000118921450251188,"down"
"gene-LOC142973652",133.270853047195,-1.69902118786626,0.422063652934893,1.40033860836785e-05,0.000118921450251188,"down"
"gene-oys",105.438191562047,-1.97481094916668,0.498296114299645,1.40184139334585e-05,0.000118933731904892,"down"
"gene-LOC142978276",409.353562968922,2.62803694477773,0.684633755933943,1.40565015266944e-05,0.000119062799750113,"up"
"gene-hppy",143.433610156741,-1.85376782965571,0.465620539589293,1.40477798833217e-05,0.000119062799750113,"down"
"gene-LOC142974723",8197.40460726677,1.72701962871517,0.428565065231534,1.4080072676305e-05,0.000119097076518148,"up"
"gene-LOC142974104",1002.0718309271,1.68105261481686,0.416676417632084,1.40834295094948e-05,0.000119097076518148,"up"
"gene-LOC142972447",52.1520219593943,-2.76268575627671,0.726098562901677,1.41723762719243e-05,0.000119751978076893,"down"
"gene-rb",55.1901226029059,-2.57722466280757,0.667415417261679,1.42163793828102e-05,0.000120026366078714,"down"
"gene-LOC142982112",69.5649900059455,-2.74924997072294,0.724645367043977,1.42515156338789e-05,0.000120225508710437,"down"
"gene-Drak",658.874114810898,-2.24700456281578,0.577393040435564,1.43184710858672e-05,0.000120692537654961,"down"
"gene-LOC142984528",196.52109660682,2.59771245871109,0.678135520588238,1.43706702779484e-05,0.000121034528797284,"up"
"gene-JTBR",797.531838565997,1.81013855293207,0.453483369620599,1.44267552617932e-05,0.000121408667967071,"up"
"gene-ATPsynO",9263.95999613418,2.77574833237083,0.729171097645042,1.44897622192431e-05,0.000121840407675542,"up"
"gene-Cnx99A",350.535539699261,-2.2014081306143,0.564321345822184,1.45789797429596e-05,0.000122491669995326,"down"
"gene-mRpS17",303.351342960028,2.24025547622821,0.574482753994298,1.46098641248471e-05,0.000122652165757789,"up"
"gene-mRpL43",469.154022474435,2.5930607929962,0.67769854013149,1.52358744481362e-05,0.000127804555201529,"up"
"gene-Dhs",661.700394604611,1.43844310960738,0.351529343450641,1.52911816702412e-05,0.000128165218347191,"up"
"gene-LOC142987185",1118.59149938801,1.22961209949394,0.296960755416357,1.54964937282033e-05,0.000129781576597422,"up"
"gene-LOC142981771",5948.97518136537,3.3216094454781,0.894457104715611,1.55740074072965e-05,0.000130325897998357,"up"
"gene-DNApol-epsilon255",39.784439067685,-2.66481883858844,0.700677011640771,1.56029525073743e-05,0.000130463241447202,"down"
"gene-YME1L",519.823541379303,-1.37523767025093,0.336849606026601,1.56260857237316e-05,0.000130551807691851,"down"
"gene-LOC142987562",5747.03367892917,5.01853934340413,1.42870148136611,1.57000153502637e-05,0.000131064282114069,"up"
"gene-Ube4A",617.200689891939,-1.77675992584761,0.447338810219656,1.57340755313827e-05,0.000131243370418024,"down"
"gene-RpL28",24637.3238313332,2.01254594398925,0.511637191372286,1.58621361112769e-05,0.000132205634041948,"up"
"gene-LOC142973437",91.1974797381493,2.78091334863621,0.736543622191051,1.59901035404716e-05,0.00013312002573705,"up"
"gene-ND-B8",1524.23600986612,2.59209853534813,0.680150009497731,1.59974209603313e-05,0.00013312002573705,"up"
"gene-Atac3",82.2013174047867,-2.49288908472286,0.651448879192515,1.60248930834913e-05,0.000133242122203789,"down"
"gene-LOC142987352",910.383765803955,-2.40756437779569,0.629914800237798,1.60876435490464e-05,0.000133657118392317,"down"
"gene-LOC142982564",132.967488198504,2.39694398663185,0.623035452489172,1.61955562952001e-05,0.000134446364460154,"up"
"gene-Ssdp",296.506525080266,-1.24895417994835,0.303274575795246,1.62731168298564e-05,0.000134982586612594,"down"
"gene-LOC142987311",726.037113133539,-4.89318941265578,1.39271799105707,1.64100973180067e-05,0.000136010440350676,"down"
"gene-Coprox",1579.77226800313,1.85176168529886,0.468390436654521,1.6434352721294e-05,0.000136103112035537,"up"
"gene-Rpb11",496.701110007403,1.52244159952379,0.376857687634692,1.65781998315397e-05,0.000137185262516954,"up"
"gene-LOC142979990",14837.7316999537,-3.0782182702434,0.831060393314916,1.67059743931877e-05,0.000138132798596572,"down"
"gene-wal",4694.97689412079,2.62876456380048,0.694157902884302,1.68182581474204e-05,0.000138950847075117,"up"
"gene-Nhe3",398.225299034095,-2.25589523681047,0.586346285131669,1.72566102974227e-05,0.000142459407768573,"down"
"gene-LOC142973548",632.968405459363,1.6131381286314,0.402798428029254,1.728327349763e-05,0.000142566463637344,"up"
"gene-Spx",205.081785612614,-1.82963982387656,0.464594024245177,1.73506176134242e-05,0.000143008653488318,"down"
"gene-LOC142973923",38.962216493956,4.01473560686395,1.1015039153926,1.74662639388779e-05,0.000143847949053575,"up"
"gene-LOC142973009",7089.81639989879,1.51925816739714,0.37853086405598,1.76068220029943e-05,0.000144890922570096,"up"
"gene-Tim9a",197.169674446435,2.37193420383524,0.620130441482864,1.76332789679543e-05,0.000144994023741235,"up"
"gene-LOC142974864",270.889234049698,-2.31034240022913,0.604411965917183,1.77867324844338e-05,0.000146140398707937,"down"
"gene-LOC142978810",554.397821854059,1.82723959106505,0.462732670523541,1.7867116885983e-05,0.000146685084213788,"up"
"gene-Phb2",4207.08052674864,1.57937373667499,0.394769485700948,1.7893184926948e-05,0.000146783337343994,"up"
"gene-MBD-R2",415.139780743632,-1.91445781661758,0.490135044659511,1.79282320910116e-05,0.000146955036273567,"down"
"gene-LOC142979988",8390.22219444047,-2.98739100481121,0.807308007701557,1.80951599358079e-05,0.000148206620717357,"down"
"gene-klar",883.716577388102,-1.54583867113493,0.386520088629107,1.83070761038414e-05,0.000149824420000778,"down"
"gene-Su(Tpl)",956.032077852322,-2.74145312718344,0.734716856428182,1.8358682946343e-05,0.000150128742711257,"down"
"gene-Rpb8",207.406922039711,2.19118803296086,0.569229825761772,1.83865479272745e-05,0.00015023859020638,"up"
"gene-LOC142981473",43.2470253857746,-2.49794786136978,0.656816794073807,1.84726752131737e-05,0.000150823959975795,"down"
"gene-RecQ5",143.749802890766,-1.90002180945409,0.486613702697006,1.85260589829879e-05,0.000151141280574376,"down"
"gene-LOC142973877",843.753101972902,2.29595672552371,0.599605050813927,1.86813099007183e-05,0.000152288516888393,"up"
"gene-Bin1",411.060648725499,2.32768067181991,0.609464629554571,1.87943108707497e-05,0.000153089809205402,"up"
"gene-LOC142981304",231.757618527731,-2.34807792443474,0.616785668072535,1.88219511167639e-05,0.000153195082975381,"down"
"gene-wrm1",104.210741957515,2.68182162921377,0.715038726117806,1.88729147927622e-05,0.000153489877338011,"up"
"gene-Pten",450.294408643383,-2.4915218392054,0.661680758476616,1.88957054646524e-05,0.000153555264548814,"down"
"gene-LOC142974171",17.4349586519414,4.92228870727175,1.39143183995057,1.94473245139852e-05,0.000157914702176744,"up"
"gene-Coq5",381.702851602765,2.16168238643358,0.561964049478335,1.94807452163794e-05,0.000158062788544435,"up"
"gene-LOC142977714",1202.53861070215,1.31373041841057,0.323599891241187,1.94999480948857e-05,0.000158095373573022,"up"
"gene-ari-1",1360.75893821809,-1.90368338872642,0.488943137460826,1.95463846594918e-05,0.000158348532533315,"down"
"gene-knockout",1001.87937090108,-2.18430149237655,0.570186077743592,1.96179692299406e-05,0.000158804867561184,"down"
"gene-Karl",143.339122147764,2.96776870235,0.803519963335236,1.97369728796439e-05,0.000159644046369147,"up"
"gene-LOC142979709",42.2796021970175,5.80037859763361,1.67555307080552,1.98183613164951e-05,0.000160177904739685,"up"
"gene-LOC142979028",164.317975675643,-2.29404445580888,0.6023628557825,1.98620762262176e-05,0.000160406682323448,"down"
"gene-SelR",2494.80721467235,2.55633622390433,0.679557200158546,1.99842340235781e-05,0.00016126812107399,"up"
"gene-LOC142973869",1974.78815158777,2.15407631081269,0.562122875247483,2.03523754044941e-05,0.000164111718017648,"up"
"gene-LOC142979139",213.370390350148,1.64667986366923,0.41618274753461,2.03702137573178e-05,0.000164128425087986,"up"
"gene-Chsy",428.422336971399,-3.17728781401303,0.872729415547008,2.04836609249801e-05,0.000164914857099028,"down"
"gene-Hrb27C",212.116636774245,-2.27869496939244,0.600322705338837,2.05953296022897e-05,0.00016568576596587,"down"
"gene-Fib",324.41547324222,-2.25643584417949,0.595077357711109,2.07569549186184e-05,0.000166857066179782,"down"
"gene-RpS29",8623.97142781019,1.97675641937369,0.512060984658336,2.07792491227378e-05,0.000166899555856324,"up"
"gene-LOC142973597",648.633208005799,-1.4502844214988,0.362586947601089,2.07943058545296e-05,0.000166899555856324,"down"
"gene-MED20",194.51729969374,2.40286614470092,0.6359539529886,2.08331454345983e-05,0.000167082468393042,"up"
"gene-LOC142980055",70.2954191376355,-2.51982853986979,0.669661525958024,2.08671277756867e-05,0.000167226174091531,"down"
"gene-mop",2856.76643673145,-2.67952023262756,0.723005505836273,2.0886568566901e-05,0.000167253214447261,"down"
"gene-mub",238.86767577398,-2.12885604530865,0.559013631692889,2.13822485932817e-05,0.000171090859228334,"down"
"gene-LOC142980520",324.896405697187,1.89162199102889,0.487115233459754,2.15774346882897e-05,0.000172520042323422,"up"
"gene-pum",510.390570370081,-1.95476684975987,0.507666312421136,2.19368143781844e-05,0.000175258816329164,"down"
"gene-LOC142974394",1529.31695330076,1.70288038849141,0.435667517502967,2.22106854031103e-05,0.000177310763072376,"up"
"gene-PCB",1266.25208625235,-2.25813274132629,0.598121096587847,2.2238986365495e-05,0.000177400649858087,"down"
"gene-LOC142975536",274.059682473499,-4.58367010076412,1.32397888587759,2.23365806304188e-05,0.000178042729221026,"down"
"gene-Amph",3156.9107867653,-3.04186048811234,0.839501796750344,2.23871315646136e-05,0.000178309135109126,"down"
"gene-amx",780.513016097791,1.56604145925588,0.396070548659222,2.25833892316758e-05,0.000179734772096135,"up"
"gene-Ndufs8",2143.58314870092,1.57939697521152,0.399896106610204,2.27960772285252e-05,0.000181288895300953,"up"
"gene-LOC142981582",506.058393123495,-1.1411695654219,0.281123673836309,2.2845717996027e-05,0.000181544980411176,"down"
"gene-LOC142975305",48.4500071987784,-3.22986636189273,0.893069682670276,2.29266930077134e-05,0.000182015164618458,"down"
"gene-LOC142981932",2788.3301084547,1.94310961180305,0.504766993635875,2.29398555215578e-05,0.000182015164618458,"up"
"gene-rno",82.0596757956837,-1.87537572200856,0.485495378409584,2.29940666855808e-05,0.000182306347446227,"down"
"gene-LOC142982290",775.246522470795,1.99403064398803,0.519548775713885,2.31985294979883e-05,0.000183787436890455,"up"
"gene-Taldo",6578.62104608065,2.29648144327807,0.610077113885166,2.32723206127136e-05,0.00018423183085806,"up"
"gene-GluProRS",363.421034081184,-2.19274110277859,0.578095849032998,2.33221499518641e-05,0.00018448600379856,"down"
"gene-LOC142975039",1629.09001054292,3.53530376650592,0.988426106424585,2.33748957850695e-05,0.000184762843676973,"up"
"gene-Polr3H",122.830521469259,2.62335618881513,0.707157822003935,2.34972114690113e-05,0.00018542434014472,"up"
"gene-LOC142975409",5417.51369387054,1.68885597989639,0.43599321243164,2.35120200759876e-05,0.00018542434014472,"up"
"gene-LOC142979008",394.952892334057,-1.59209697743104,0.405131848513575,2.34985147777473e-05,0.00018542434014472,"down"
"gene-Mtmr6",479.642807052429,-2.44540602924654,0.657646552520785,2.38323731998716e-05,0.000187808482218519,"down"
"gene-LOC142981655",430.031891683647,-2.16589322421339,0.57260356449508,2.3972558989915e-05,0.000188770301879739,"down"
"gene-Echs1",16662.2595067784,2.60118674307176,0.701686221695025,2.40410980288147e-05,0.000188904722153461,"up"
"gene-LOC142972835",535.329530632709,-1.9213157825351,0.500692712058214,2.40421865153523e-05,0.000188904722153461,"down"
"gene-mRpL37",360.379892812086,1.65257143006841,0.421969539938515,2.40440688619919e-05,0.000188904722153461,"up"
"gene-ACBP",57916.9506595853,3.39584682781057,0.945225938034044,2.41961549128314e-05,0.000189877719375696,"up"
"gene-Sgf29",49.4964718478095,-2.41259760048459,0.644831940138416,2.42226331729995e-05,0.000189877719375696,"down"
"gene-LOC142985575",86.8206488071879,-1.90958936131829,0.496550668403718,2.42071243119949e-05,0.000189877719375696,"down"
"gene-DCTN6-p27",444.280801438805,1.82535555272254,0.471641824759569,2.4372156441179e-05,0.000190619195005765,"up"
"gene-Gata-beta",240.816403830395,-1.80033944776908,0.466492076032227,2.43651310274115e-05,0.000190619195005765,"down"
"gene-Ac13E",172.960949151895,-1.65096104311942,0.422036102178617,2.43524023739653e-05,0.000190619195005765,"down"
"gene-DAAM",1332.25306639272,-3.6494705867546,1.03473239858674,2.45298734650572e-05,0.000191708695774208,"down"
"gene-LOC142987894",548.926706831501,-1.8164281216481,0.471139664220933,2.45509283899509e-05,0.000191729305730974,"down"
"gene-Sod1",8843.66235247732,1.93114377601828,0.503488388566892,2.45865647963763e-05,0.000191863672811302,"up"
"gene-LOC142979207",447.900433004757,2.09394644040367,0.551133760071132,2.47953238893597e-05,0.000193347806508041,"up"
"gene-LOC142977648",218.651760919586,-3.20373715415881,0.89496516320527,2.50935523427247e-05,0.000195380613229442,"down"
"gene-LOC142981693",569.09839862338,2.81067017743284,0.76780858545897,2.50935161442879e-05,0.000195380613229442,"up"
"gene-LOC142984621",7892.17529076349,2.42663772378856,0.651964756101521,2.55261159394827e-05,0.000198600050022433,"up"
"gene-per",604.02893041156,-1.93529262172802,0.507337579843608,2.55788723971446e-05,0.00019886188323695,"down"
"gene-Arpc4",1688.10306895916,1.97907646230241,0.518850208532155,2.57388051242267e-05,0.000199955941300895,"up"
"gene-HERC2",52.535552643411,-2.09119816454234,0.551444579827967,2.60374478049463e-05,0.000202125154101037,"down"
"gene-Grx3",741.431074090135,1.77810200892385,0.461170302368329,2.64070103222814e-05,0.000204536441558742,"up"
"gene-RpS14",16226.4317105568,1.65274424885251,0.424120780702561,2.63825001776369e-05,0.000204536441558742,"up"
"gene-LOC142986268",122.414018556176,-1.52651588156041,0.387906370349384,2.63940526398153e-05,0.000204536441558742,"down"
"gene-LOC142980079",105025.293894018,-3.3723667536247,0.954351318406106,2.6864617704174e-05,0.000207926148922269,"down"
"gene-MESR4",421.789187703817,-1.76674354159243,0.458853613350366,2.69778916087668e-05,0.000208647735250566,"down"
"gene-Mcm7",81.6516449091543,-2.12662294859495,0.563111833846373,2.72231455472252e-05,0.000210388229507509,"down"
"gene-LOC142980988",135.509185623058,6.17852443164073,1.89545040874972,2.75737825639042e-05,0.000212939967722732,"up"
"gene-SmE",604.38359966535,1.97833437588719,0.520590582640737,2.76191165865741e-05,0.000213131952310034,"up"
"gene-Btl",2035.60371360443,-2.49673138576268,0.680563153734769,2.76433319981055e-05,0.000213138410669942,"down"
"gene-Kdm2",136.496092297864,-2.18469800513384,0.584126865895346,2.76609022877129e-05,0.000213138410669942,"down"
"gene-Trax",358.908409404322,1.95638419354817,0.51425517375963,2.7736265286753e-05,0.000213561036712351,"up"
"gene-LOC142985250",75.289381443245,-2.54814954963652,0.694570197422358,2.78336768051238e-05,0.000214152679631441,"down"
"gene-LOC142978980",2212.23411448605,4.4128383167285,1.29237494084252,2.79821873294001e-05,0.000215136314696495,"up"
"gene-mRpS11",373.684781971812,2.53796533517613,0.690579246063073,2.81343996589659e-05,0.000216146937601354,"up"
"gene-HINT1",3110.95747074726,2.20454713131707,0.589626948484203,2.81985815576617e-05,0.000216480261073199,"up"
"gene-LOC142977335",46.0964145225319,-5.10631063178307,1.3612109187725,2.82549605309907e-05,0.000216753234434498,"down"
"gene-Rnp4F",187.825192211018,-1.57193855903782,0.403564795912224,2.83111966275574e-05,0.000217024710524943,"down"
"gene-axed",148.260161725109,-3.47789575333683,0.990231093328316,2.83582384147754e-05,0.000217225358276536,"down"
"gene-Arp10",199.196909911294,-1.65368773537064,0.427242554515475,2.84041086708009e-05,0.000217416743575763,"down"
"gene-Sbat",508.901784333307,2.02210256183971,0.535168189248025,2.85403688284469e-05,0.00021829922079657,"up"
"gene-LOC142983927",322.040411332465,-1.48950116334707,0.381081448680696,2.89892626765737e-05,0.000221569915171169,"down"
"gene-Top2",231.860777631173,-1.87561785004636,0.49400789803723,2.90922516793511e-05,0.000222193939825418,"down"
"gene-LOC142978105",323.430495517567,3.64808698936114,1.04399369757291,2.91418348777375e-05,0.000222409458267777,"up"
"gene-LOC142983925",991.939722518862,1.86517838804513,0.489757885827524,2.93705444106406e-05,0.000223990745285545,"up"
"gene-LOC142980629",68.1044413608987,-1.71705165304484,0.44553518533451,2.94357822928746e-05,0.000224323933871761,"down"
"gene-LOC142976035",150.737873072935,-3.78323986893403,1.09414426355337,2.9548231558475e-05,0.000225016159856419,"down"
"gene-LOC142974122",150.063765410487,2.91535829810153,0.810728826745438,2.9594341061456e-05,0.00022520255149836,"up"
"gene-LOC142974073",3823.07638108221,-2.52124849956851,0.692217971160902,2.99833433217329e-05,0.000227829637941051,"down"
"gene-Klp31E",197.29118512261,-2.08228935306416,0.555638853896515,2.99629596398466e-05,0.000227829637941051,"down"
"gene-LOC142978046",22253.3372837634,2.32353502297127,0.62626341926834,3.00948070500224e-05,0.00022850980407785,"up"
"gene-LOC142982328",290.491184795274,1.90307011689574,0.501604345087641,3.03360123881408e-05,0.000230173388455208,"up"
"gene-mRpL10",897.261495661178,1.49640130257762,0.383552591904558,3.05691922616244e-05,0.000231773700978521,"up"
"gene-LOC142982062",468.225706808999,-2.00279000847969,0.532759518580228,3.07192895437612e-05,0.000232742215538977,"down"
"gene-Uxs",726.110989272605,1.07449113057172,0.267554774565952,3.07845679774427e-05,0.00023306716556013,"up"
"gene-ATPsynB",11302.9534600472,2.70277208179412,0.745995618388843,3.08313458171055e-05,0.000233251678747143,"up"
"gene-LOC142979890",181.683779060725,2.65687017273645,0.733137044042785,3.0953638170462e-05,0.000234006807083885,"up"
"gene-LOC142978483",226.375429111554,-5.35138573369042,1.61232773558778,3.13047743203712e-05,0.000236146884547148,"down"
"gene-Hrs",6638.53087127541,-2.19775798712306,0.593424667830402,3.12826985193066e-05,0.000236146884547148,"down"
"gene-mRpS10",334.601313251922,1.91669937004932,0.506671698669544,3.12950596541664e-05,0.000236146884547148,"up"
"gene-l(2)k01209",280.789390776792,-3.4700114834618,0.992530680898457,3.13576808684543e-05,0.000236374697929478,"down"
"gene-LOC142987137",157.539417184103,-2.11370319343763,0.56587156616872,3.14645241537364e-05,0.00023683709070166,"down"
"gene-LOC142972863",39.4764827312226,-1.74644718209309,0.457515950040092,3.14532951676013e-05,0.00023683709070166,"down"
"gene-LOC142983252",41.638260783804,-3.52550913612096,1.02682892069291,3.1630538147332e-05,0.000237768798098566,"down"
"gene-LOC142976795",377.395494505752,-2.50187835519066,0.68688086429439,3.16339851456786e-05,0.000237768798098566,"down"
"gene-Dhfr",143.637577802485,1.98831337227186,0.528299365108547,3.17875952595079e-05,0.000238750986040027,"up"
"gene-LOC142981032",2277.8556534734,2.19560368840179,0.59169240460963,3.18978161567834e-05,0.000239406103959708,"up"
"gene-Cox11",493.683989285095,2.4490818668222,0.669571326848166,3.20490930895126e-05,0.000240368198171345,"up"
"gene-LOC142982770",7821.32581626268,1.66354567848671,0.435936450187789,3.21299892353147e-05,0.000240801431202035,"up"
"gene-pico",124.887767957067,-2.1161761659304,0.569146458850651,3.23156830922902e-05,0.000242018892799095,"down"
"gene-LOC142979959",112.368921770281,-2.64950873518682,0.731629316830721,3.23582110139802e-05,0.000242163175165732,"down"
"gene-LOC142983033",206.80295013734,4.56931248054486,1.35944391625554,3.25494751615303e-05,0.00024291299189946,"up"
"gene-LOC142979341",51.4425643015138,-2.14920323892585,0.582248371642069,3.25257318082547e-05,0.00024291299189946,"down"
"gene-LOC142979364",109.318662403773,1.99775213356834,0.532654794342077,3.24924840732529e-05,0.00024291299189946,"up"
"gene-LOC142979779",265.481210083979,-1.86057759884651,0.492793793442762,3.25517409894089e-05,0.00024291299189946,"down"
"gene-ex",35.3969459734574,-2.77699551120556,0.768552470354234,3.26563019899593e-05,0.000243344383475645,"down"
"gene-LOC142982922",61.4031179709421,2.27122146186359,0.616316487222758,3.26364699947966e-05,0.000243344383475645,"up"
"gene-LOC142978577",175.684264863102,1.76952156683457,0.465156387964074,3.30950640288707e-05,0.000246437493948887,"up"
"gene-LOC142977673",365.843250390591,-2.09214783140868,0.563172068680755,3.31571120961621e-05,0.000246723042831342,"down"
"gene-LOC142982038",17.4642672784233,-6.82940677707522,2.90336409772918,3.32435303380344e-05,0.000247012955616658,"down"
"gene-Nmdar2",8.75835946549945,-6.11623022156798,2.66925484345786,3.3236903241988e-05,0.000247012955616658,"down"
"gene-LOC142981474",197.411406833465,1.36813764494249,0.349249608656787,3.33532522136036e-05,0.000247651466150937,"up"
"gene-Rrp5",46.9296359678971,-2.32666508955485,0.628120677739221,3.34056154059126e-05,0.000247863475677513,"down"
"gene-Gdap1",3496.83914096598,2.2445608817049,0.608666604027596,3.38574479534139e-05,0.000251037060680227,"up"
"gene-OXA1L",559.433267214316,1.60787002130885,0.418572325619895,3.40307557218035e-05,0.000252142467661192,"up"
"gene-cib",25009.0883977812,-3.60323157258505,1.04864547765367,3.40707655405604e-05,0.000252259366484519,"down"
"gene-CPR25",61.1058770484665,5.83425497777034,1.79129695916378,3.44562668100561e-05,0.000254932293882505,"up"
"gene-LOC142984110",18.7499854600385,-4.38218241182965,1.18233514950376,3.45821904594516e-05,0.000255682246223644,"down"
"gene-lap",1544.51472785444,-1.77158215141766,0.468722429132235,3.46834639066237e-05,0.00025624901296519,"down"
"gene-LOC142976556",76.3344847371446,-2.73170419985446,0.76021837587067,3.47424206557148e-05,0.000256484627026376,"down"
"gene-LOC142984772",160.179504936109,-2.13366391065436,0.57879735394666,3.47646310023263e-05,0.000256484627026376,"down"
"gene-LOC142984495",175.529192464395,-1.27439123144173,0.324946728511862,3.52540362147985e-05,0.000259911131017035,"down"
"gene-LOC142974641",281.124423293874,1.97688107967171,0.529859263370243,3.60763835686583e-05,0.000265785670877377,"up"
"gene-Bcs1",308.168711649114,1.9494774632795,0.522289523210422,3.66649666641587e-05,0.000269930907336558,"up"
"gene-LOC142979701",122.478852980794,-2.55899732043407,0.712070449370892,3.68831845734516e-05,0.000271345548699386,"down"
"gene-Prosalpha4",5544.94833751048,1.64381337266404,0.432984614621605,3.69723434710445e-05,0.000271809389501111,"up"
"gene-Akap200",202.110067156185,-2.05958798644624,0.559118799899076,3.70012151042863e-05,0.000271829674831066,"down"
"gene-eIF2Bgamma",627.86675539157,1.39042434211279,0.358006546270088,3.70502024100733e-05,0.000271997607255898,"up"
"gene-LOC142977604",751.982250993453,-2.40242743867391,0.670593129037174,3.71993801396046e-05,0.000272900315189065,"down"
"gene-loj",516.726170432334,2.12200128543386,0.576229497485617,3.72553954260678e-05,0.000272926577329603,"up"
"gene-LOC142972278",1556.92939405319,-1.58230986587626,0.415574872079336,3.7238017716944e-05,0.000272926577329603,"down"
"gene-LOC142983658",86.8995245394105,-2.10645219397923,0.571200307318539,3.75635618783023e-05,0.000274990632315842,"down"
"gene-LOC142972452",68.2227569428041,2.57422766395694,0.717361283284996,3.76153732363851e-05,0.000275176412783394,"up"
"gene-LOC142985415",280.166870280234,2.9016928366394,0.822456395855422,3.77668903816698e-05,0.000276090820837909,"up"
"gene-mRpL35",663.610118851354,1.64261976471938,0.431793222540159,3.79142785168529e-05,0.000276973782007325,"up"
"gene-LOC142979775",83.4590997116496,-2.91870850754551,0.824875136564817,3.84695293741395e-05,0.000280832959877133,"down"
"gene-LOC142980733",135.362173641194,-3.97359326304779,1.18592133449681,3.85976315229761e-05,0.000281570668643435,"down"
"gene-Pfdn4",653.994201141853,2.07678139185734,0.563716458055105,3.87550856905162e-05,0.000282521317953973,"up"
"gene-LOC142986655",505.657963812884,4.0652158359815,1.21069756553676,3.88411704073441e-05,0.000282950723541254,"up"
"gene-LOC142982657",133.941895727371,-2.66432042931762,0.750091926825914,3.88696912760533e-05,0.000282960479848752,"down"
"gene-Tasp1",182.589208134096,1.49492520511054,0.389256373727618,3.89255114772356e-05,0.000283168815148862,"up"
"gene-ND-18",2768.98182961197,2.05066240336348,0.554658565016801,3.91420384024434e-05,0.000284545125537315,"up"
"gene-thoc6",181.030578310879,1.59630137902219,0.419050780089816,3.96518668436363e-05,0.000288050198075544,"up"
"gene-LOC142980932",3227.38690569086,2.28116271925903,0.627329214646246,3.96914478222098e-05,0.000288136660968761,"up"
"gene-NUCB1",1549.76956056932,-1.63722307802403,0.434817640612615,4.06138737406314e-05,0.00029462747431357,"down"
"gene-Ccdc56",337.206520187182,2.27903357070958,0.623760093309592,4.07141579725623e-05,0.00029514929282338,"up"
"gene-LOC142975459",146.836622691903,1.58350279688322,0.416631252359988,4.12609676747059e-05,0.000298905131171669,"up"
"gene-LOC142972672",842.444090456262,1.860766555164,0.499861217220389,4.16287915884209e-05,0.000301360028119236,"up"
"gene-unk",661.011995781109,-2.36985768695357,0.661373020803875,4.17632815179086e-05,0.000302123530647275,"down"
"gene-l(1)10Bb",374.582391509451,1.45269948746442,0.379468861137907,4.19111949256974e-05,0.000302983013317021,"up"
"gene-Git",132.283721940616,-1.45138652507851,0.379395532298148,4.21553050830888e-05,0.000304536242827866,"down"
"gene-mRpL19",510.813121025805,2.04221856022646,0.555904336072647,4.22064101375121e-05,0.000304693987192442,"up"
"gene-LOC142974820",746.886509839106,3.77415179455623,1.12133417527656,4.23029000812348e-05,0.000305178925741964,"up"
"gene-dbo",263.777252860771,-2.55524761974037,0.719144290029122,4.24910079466774e-05,0.000306323679172377,"down"
"gene-LOC142972356",521.279224930231,2.97464880589434,0.851230728281206,4.2607711691439e-05,0.000306952442012374,"up"
"gene-mRpL33",344.538323961245,2.02036655432008,0.549574685097554,4.26376132025486e-05,0.000306955431146978,"up"
"gene-LOC142974702",211.350549138648,3.68266597692399,1.08921873518787,4.29390061801087e-05,0.000308911578669614,"up"
"gene-RpL40",28173.1025991458,1.65240257504345,0.43784510891608,4.31813255408317e-05,0.000310226086183615,"up"
"gene-LOC142973687",293.656519987804,1.41474550888408,0.368584280141948,4.31555517365631e-05,0.000310226086183615,"up"
"gene-LOC142974003",266.517227833843,1.41675283771927,0.369773723902888,4.37166926486409e-05,0.000313855703774035,"up"
"gene-Vkor",1144.0562709247,2.58014093349978,0.72750440629503,4.39448841584017e-05,0.000315059396755483,"up"
"gene-LOC142975609",2679.36808465632,-1.47072321634911,0.3860263679895,4.39292264779891e-05,0.000315059396755483,"down"
"gene-LOC142981937",3025.17240140791,3.22123180666672,0.936206396319467,4.41377371550868e-05,0.000316224255873678,"up"
"gene-mRpL39",201.581084970382,1.66438460754346,0.442576401459946,4.44969039287986e-05,0.000318578246147726,"up"
"gene-Scamp",3967.38048524896,-1.3746144008992,0.358573731945632,4.45791971797904e-05,0.000318948070544067,"down"
"gene-LOC142987505",516.477742832702,1.64917226745299,0.438434182556533,4.47058278946802e-05,0.000319634387626113,"up"
"gene-Zcchc7",2415.97671488921,-1.44420652445364,0.378882229176517,4.49972215726761e-05,0.000321496964016169,"down"
"gene-puf",144.792385142752,-2.7887649107949,0.799143302976718,4.51498439171802e-05,0.000322145219450203,"down"
"gene-Noc3",91.9121224085701,-1.91878690210124,0.519438689536437,4.51429043914527e-05,0.000322145219450203,"down"
"gene-LOC142985616",277.182352071873,-1.73723171628249,0.466585788251461,4.5449196299328e-05,0.00032405899553151,"down"
"gene-Ncoa6",35.41946142388,-5.01019867533234,1.49147578908213,4.55971672830046e-05,0.000324891520476439,"down"
"gene-mRpL2",657.533051680899,1.91481082098957,0.519862032266049,4.57268044218735e-05,0.000325488911650536,"up"
"gene-LOC142981452",177.801357705696,1.8587610637369,0.502616445736761,4.57435425307141e-05,0.000325488911650536,"up"
"gene-mRpL3",573.473097709196,1.73573841164805,0.465402798914038,4.59131647035155e-05,0.000326472708035244,"up"
"gene-LOC142972152",115.573829348936,1.63018654481667,0.433240337737682,4.6027598608586e-05,0.000327063004447358,"up"
"gene-rdx",1145.11270765811,-2.56951999664985,0.727866996744116,4.60826504892954e-05,0.000327230826462186,"down"
"gene-LOC142975158",216.323656543997,-1.95913058524353,0.536387282883077,4.6734673143877e-05,0.000331634592656959,"down"
"gene-dsd",166.148497528459,-4.14741602817222,1.2586268106276,4.6780074415332e-05,0.00033173063669183,"down"
"gene-RanBPM",1434.33287931637,-2.67822530466446,0.765525810815355,4.68404771532243e-05,0.000331932857157975,"down"
"gene-LOC142987594",2392.43798436602,1.24763551438034,0.322930860654986,4.7042927349772e-05,0.000333140730415733,"up"
"gene-LOC142976826",28.8817269869457,-3.25958183980719,0.923695268892925,4.78773736297207e-05,0.000338129891102708,"down"
"gene-LOC142983507",2374.87265568239,3.03434785832787,0.87967654535755,4.7819206785448e-05,0.000338129891102708,"up"
"gene-Psat1",9618.2468488223,2.49073335634778,0.703692258504884,4.78609075553433e-05,0.000338129891102708,"up"
"gene-Hs6st",107.829741480853,-1.43559534617819,0.378485004990524,4.77864394727506e-05,0.000338129891102708,"down"
"gene-ktub",27.0626758819535,-2.80141474786242,0.791355994266961,4.7943594155125e-05,0.000338138763655049,"down"
"gene-LOC142987341",610.187202160184,-1.05063969232044,0.268675663267072,4.79311083956309e-05,0.000338138763655049,"down"
"gene-LOC142976054",36.6809107819316,2.65321358551515,0.754103927565627,4.8005826507243e-05,0.000338348445457278,"up"
"gene-Ubr3",411.215167223109,-2.5098653645225,0.713236039532186,4.81332528069499e-05,0.00033901702416803,"down"
"gene-Pdp1",182.01926794044,-1.97614813359815,0.542932078421841,4.81667691021678e-05,0.000339023709502073,"down"
"gene-LOC142974715",367.964644858618,-1.78798641346528,0.482809182127415,4.8438934984755e-05,0.000340708995399527,"down"
"gene-SPoCk",166.260265019895,-2.33884241715318,0.657361595195679,4.85242555854246e-05,0.00034107866350052,"down"
"gene-IntS6",301.720528812769,-2.47322431644201,0.701118152252708,4.86368875744272e-05,0.000341639675877049,"down"
"gene-LOC142984672",216.011948656627,-2.12897785025844,0.591335237014796,4.88101627056973e-05,0.000342625619532238,"down"
"gene-LOC142979129",3516.42105146524,1.62854183148473,0.43541753253928,4.88924223235027e-05,0.000342971776541552,"up"
"gene-Gyf",264.225922823775,-1.19653799847684,0.309509397734029,4.94822928718716e-05,0.000346875871243221,"down"
"gene-Cp110",58.6686137494372,-2.39112708973117,0.669663755661407,4.98478264619034e-05,0.000349203144998933,"down"
"gene-Anxb13",1302.53727188427,-3.13452143799824,0.923355371597563,5.03096792536711e-05,0.000352201587781248,"down"
"gene-LOC142984165",154.102608000017,5.4528165789439,1.73572041631886,5.03531428774107e-05,0.000352268963275434,"up"
"gene-ND-SGDH",2691.31398635743,1.97120004663898,0.541441006511679,5.08566674264089e-05,0.000355552658098668,"up"
"gene-LOC142975882",207.813170231034,-2.02273515722526,0.560187617435515,5.13808926405914e-05,0.000358976572072857,"down"
"gene-Trs31",860.988901721199,2.24491462135721,0.628004787664523,5.16572019962783e-05,0.000360664971684277,"up"
"gene-LOC142979152",9626.86927515244,3.73129905586774,1.12377601618231,5.16970536636884e-05,0.000360701292653483,"up"
"gene-Klp10A",132.780197084244,-2.35711405113632,0.669575103740348,5.26115708860308e-05,0.000366836204235486,"down"
"gene-ABCD",933.05131686689,-1.71335996558298,0.464007377239702,5.27160394259867e-05,0.00036731858796822,"down"
"gene-LOC142975319",306.182719320004,-2.07035464013375,0.575777158848628,5.3126983252013e-05,0.000369934378363515,"down"
"gene-LOC142985673",1067.17919922553,-3.3330631724129,0.996159963938894,5.34976793062968e-05,0.000372266605333255,"down"
"gene-LOC142972431",369.980071804563,2.41456759295329,0.685065020755207,5.35724760142263e-05,0.000372538059658047,"up"
"gene-ogre",30.0985735874423,-2.50186577971966,0.711440524608464,5.36568708975517e-05,0.000372875851831451,"down"
"gene-LOC142977083",13668.805255976,2.22971455797258,0.626360450661016,5.37457564789939e-05,0.000373244379550585,"up"
"gene-Adat1",50.1056772861519,1.37644944522085,0.363337968703223,5.38047168804938e-05,0.000373404735150627,"up"
"gene-Med",208.422225971468,-1.83571585023205,0.501655407201164,5.42520838388541e-05,0.000376258622759808,"down"
"gene-LOC142983841",153.550702394386,-1.8552507788011,0.507501827013133,5.43043804461605e-05,0.000376370572865866,"down"
"gene-LOC142978751",577.757482216307,-3.45523038808049,1.04045655951153,5.4639735878115e-05,0.000378442881231655,"down"
"gene-LOC142987329",145.492158583282,-1.53988596902486,0.412271800282167,5.51605517515508e-05,0.000381796106205881,"down"
"gene-LOC142976782",145.393938590409,-2.86805179527527,0.832857083827644,5.53273273287887e-05,0.000382695998334014,"down"
"gene-LOC142982345",117.568040102832,1.78578516237467,0.486636799246169,5.54136993749694e-05,0.000383038917990326,"up"
"gene-l(3)neo43",836.819692538526,1.96024373167702,0.541389556204078,5.5574739038537e-05,0.00038389716880635,"up"
"gene-RpS3A",29249.3023689167,1.55881364245162,0.417354743920475,5.58390017850134e-05,0.000385466849192301,"up"
"gene-LOC142979210",244.037500907676,1.55339595433661,0.416205259861479,5.59515608665417e-05,0.000385987904983896,"up"
"gene-Clc",9256.2122291833,1.22607291907126,0.319728126251353,5.64738770151918e-05,0.000389333152137845,"up"
"gene-LSm3",568.48936682436,1.96485035537423,0.543547628242681,5.65210835654859e-05,0.000389400714703314,"up"
"gene-Pat1",1679.68926946302,-1.87944693773975,0.518329481463425,5.68129365096664e-05,0.00039096388810187,"down"
"gene-LOC142978037",7902.8961596935,1.86010834672623,0.50923002276937,5.68230895963621e-05,0.00039096388810187,"up"
"gene-LOC142980679",9160.03003623113,2.76612726170879,0.802688890102186,5.73250223040743e-05,0.000394156857454038,"up"
"gene-LOC142975378",294.519972848778,1.19837688974017,0.312469740956086,5.78943399495875e-05,0.000397808632920928,"up"
"gene-Aos1",412.246494522833,1.64999915531678,0.44697303779873,5.79447733845164e-05,0.00039789254019315,"up"
"gene-LOC142974728",3147.78593441529,2.72828567041117,0.792705411013571,5.80413664332797e-05,0.000398030714473282,"up"
"gene-LOC142975756",2123.19817867027,1.87261190271568,0.515976315099228,5.80195759475706e-05,0.000398030714473282,"up"
"gene-CLIP3",1136.54495959912,3.06365497835091,0.904672698925208,5.88875382060518e-05,0.000403415616460614,"up"
"gene-LOC142978023",288.004847747908,1.87386420823237,0.516596319466305,5.89041053813769e-05,0.000403415616460614,"up"
"gene-LOC142982081",4634.97572099652,1.77738943282108,0.486718118846486,5.97562201846776e-05,0.000408982414281719,"up"
"gene-Asator",70.5012391614139,-2.49508422143048,0.716219357338159,5.98946034170527e-05,0.000409660198141602,"down"
"gene-ZnT63C",2201.88503298533,-2.42835284552445,0.697026961275579,6.00456789156017e-05,0.000410423846035071,"down"
"gene-otu",915.566743431688,-2.45425281387232,0.706727856892273,6.01027304128427e-05,0.000410544241205835,"down"
"gene-Srp9",593.099093954805,2.02190980333306,0.564655431153532,6.02081279233312e-05,0.000410994499463527,"up"
"gene-Diap2",803.071973003011,-2.55780938270043,0.741532752372381,6.05810584881503e-05,0.000413269212884433,"down"
"gene-GSTd3",1787.415484528,3.65306578111465,1.11827056421049,6.0991705613966e-05,0.000415798071670849,"up"
"gene-mtd",3339.91314758551,-2.95339293138678,0.873393623071696,6.10749591369496e-05,0.000416093144381967,"down"
"gene-LOC142974767",500.026491012218,3.0475745361743,0.903237433541686,6.164694799617e-05,0.000419488357030533,"up"
"gene-LOC142987162",1857.34567974166,2.23358579852127,0.633204948968676,6.16539083820091e-05,0.000419488357030533,"up"
"gene-LOC142975945",42.7912379524718,-3.24805414439154,0.985793403316157,6.22649973802263e-05,0.000423369446589259,"down"
"gene-LOC142982147",73.7985646959384,-1.94315497079587,0.543078743070475,6.25883490764036e-05,0.000425290283214988,"down"
"gene-Rrp46",129.785583882333,1.85358827966043,0.512044247936847,6.28074226579224e-05,0.000426500502197634,"up"
"gene-LOC142977989",467.732621661018,-3.07619289193117,0.924966047962709,6.29703999143059e-05,0.000427328463564488,"down"
"gene-yata",1212.86115713715,-1.56302414614563,0.423398838317153,6.34604001162217e-05,0.000430373136944539,"down"
"gene-LOC142986153",171.298697926797,-1.66000210224811,0.453597073957152,6.44075821236284e-05,0.000436512324158185,"down"
"gene-LOC142984310",203.05867882939,-1.70200834246371,0.467032439699375,6.46040896819245e-05,0.00043755925412416,"down"
"gene-LOC142979996",70124.8589374854,-2.83484580981649,0.84107930621782,6.46739041936356e-05,0.00043774729691531,"down"
"gene-LOC142987250",1454.8971658248,2.55533130996306,0.744332761372319,6.50717899293543e-05,0.000440154212582572,"up"
"gene-LOC142979342",356.448394077371,2.47538791785271,0.714895419649431,6.51185066088319e-05,0.000440184190777883,"up"
"gene-hwt",752.822767118371,-2.23112115025766,0.640477822993753,6.52982654370545e-05,0.000441112876833055,"down"
"gene-LOC142975637",36.5066379858167,-2.85781146842614,0.849224084750087,6.53843964302007e-05,0.000441408279402328,"down"
"gene-Uxt",130.518970487136,1.48689611897085,0.400788045522132,6.5498759970537e-05,0.000441893772711141,"up"
"gene-Tet",87.4485040302748,-2.44639254359549,0.705659938492777,6.60511310272384e-05,0.000445052302521846,"down"
"gene-l(2)k10201",218.113109561559,2.0221138799652,0.56877073067127,6.60524310659224e-05,0.000445052302521846,"up"
"gene-PAPLA1",96.483952625051,-1.77752805666171,0.493433772945826,6.63616774642991e-05,0.000446846741528689,"down"
"gene-LOC142981750",328.207936909732,4.80197572698433,1.54893093632694,6.80228204967048e-05,0.000448137892110072,"up"
"gene-LOC142982119",826.750667194987,3.92542222052228,1.22274441454715,6.84189662636533e-05,0.000448137892110072,"up"
"gene-LOC142986917",8102.6769525303,-3.06924576329776,0.917875475554165,6.84754724426231e-05,0.000448137892110072,"down"
"gene-LOC142986915",8102.67695253029,-3.06924576329763,0.917875475554803,6.8475472442624e-05,0.000448137892110072,"down"
"gene-LOC142986908",8102.6769525303,-3.0692457632973,0.917875475536461,6.84754724426236e-05,0.000448137892110072,"down"
"gene-LOC142986916",8102.67695253029,-3.06924576329693,0.917875475647445,6.84754724426245e-05,0.000448137892110072,"down"
"gene-LOC142986906",8102.60049060071,-3.06921696352167,0.917870800554737,6.84799877373436e-05,0.000448137892110072,"down"
"gene-LOC142986907",8102.60049060071,-3.06921696352053,0.917870800512003,6.84799877373464e-05,0.000448137892110072,"down"
"gene-LOC142986905",8102.60049060071,-3.06921696352041,0.917870800672201,6.84799877373446e-05,0.000448137892110072,"down"
"gene-LOC142986911",8102.60049060071,-3.06921696351997,0.917870800664407,6.84799877373443e-05,0.000448137892110072,"down"
"gene-LOC142986910",8102.60049060071,-3.06921696351985,0.917870800669633,6.84799877373455e-05,0.000448137892110072,"down"
"gene-LOC142986913",8102.60049060071,-3.06921696351972,0.917870800669572,6.84799877373446e-05,0.000448137892110072,"down"
"gene-LOC142986904",8102.60049060071,-3.06921696351909,0.917870800678942,6.84799877373446e-05,0.000448137892110072,"down"
"gene-LOC142986909",8102.60049060071,-3.06921696351858,0.917870800682388,6.84799877373438e-05,0.000448137892110072,"down"
"gene-LOC142985683",8102.8299720879,-3.06920797704448,0.917872081116129,6.84821894225421e-05,0.000448137892110072,"down"
"gene-LOC142985686",8102.8299720879,-3.06920797704411,0.917872080998141,6.84821894225411e-05,0.000448137892110072,"down"
"gene-LOC142985679",8102.8299720879,-3.06920797704309,0.917872080986045,6.84821894225453e-05,0.000448137892110072,"down"
"gene-LOC142985685",8102.8299720879,-3.06920797704283,0.917872081136802,6.84821894225448e-05,0.000448137892110072,"down"
"gene-LOC142986920",8102.56195118645,-3.06918602875203,0.917900975845654,6.85115885137977e-05,0.000448137892110072,"down"
"gene-LOC142986919",8102.61590553417,-3.06918546589839,0.917899053294271,6.8509762868567e-05,0.000448137892110072,"down"
"gene-LOC142986918",8102.61590553417,-3.06918546589736,0.917899053318769,6.85097628685662e-05,0.000448137892110072,"down"
"gene-LOC142985677",8102.75351015831,-3.06917917714867,0.917867406067685,6.84867052743293e-05,0.000448137892110072,"down"
"gene-LOC142985680",8102.75351015831,-3.06917917714807,0.917867406080015,6.84867052743305e-05,0.000448137892110072,"down"
"gene-LOC142985682",8102.75351015832,-3.06917917714788,0.917867405949207,6.84867052743296e-05,0.000448137892110072,"down"
"gene-LOC142985681",8102.75351015831,-3.06917917714784,0.917867406054305,6.84867052743286e-05,0.000448137892110072,"down"
"gene-LOC142985676",8102.75351015831,-3.06917917714738,0.917867405928022,6.84867052743299e-05,0.000448137892110072,"down"
"gene-LOC142985678",8102.75351015831,-3.06917917714738,0.917867405928022,6.84867052743299e-05,0.000448137892110072,"down"
"gene-LOC142986922",8102.48548925686,-3.06915722908274,0.917896300910651,6.8516106437217e-05,0.000448137892110072,"down"
"gene-LOC142986921",8102.53944360459,-3.06915666668169,0.917894378240339,6.85142806565391e-05,0.000448137892110072,"down"
"gene-LOC142985674",8102.67704822873,-3.06915037570642,0.917862730772421,6.84912215200313e-05,0.000448137892110072,"down"
"gene-LOC142986923",8102.39120963874,-3.06913788572472,0.917909379176527,6.85292174521574e-05,0.000448137892110072,"down"
"gene-LOC142986924",8102.39120963874,-3.06913788572426,0.917909379039427,6.85292174521541e-05,0.000448137892110072,"down"
"gene-LOC142987057",8102.10902100327,-3.06907039889048,0.917946311504837,6.85767206658352e-05,0.000448137892110072,"down"
"gene-LOC142987056",8102.22589379832,-3.0690676164654,0.917945707253166,6.85764213075085e-05,0.000448137892110072,"down"
"gene-LOC142986926",8102.22589379832,-3.06906761646512,0.917945707251424,6.85764213075067e-05,0.000448137892110072,"down"
"gene-LOC142977917",966.560605384941,-2.72588896365263,0.806712235515319,6.6844245300192e-05,0.000448137892110072,"down"
"gene-LOC142978898",37.490735326218,-2.52325207488343,0.736881504686847,6.66892839933257e-05,0.000448137892110072,"down"
"gene-LOC142978938",146.2358016947,-2.47180437632309,0.719503772288356,6.79687343085525e-05,0.000448137892110072,"down"
"gene-LOC142974328",2643.48210409097,2.31292527458102,0.66380283715662,6.74406172962335e-05,0.000448137892110072,"up"
"gene-Actn",1719.54608606251,-2.29226243033386,0.663553199162683,6.73891601147321e-05,0.000448137892110072,"down"
"gene-DENR",1151.30924291208,2.08850647410877,0.590032909045826,6.67815072188039e-05,0.000448137892110072,"up"
"gene-Spase25",2460.07049744605,1.94007702853059,0.543246927182396,6.82585535904261e-05,0.000448137892110072,"up"
"gene-pink",89.2828778871955,-1.83717887964245,0.510074379580158,6.81378327389407e-05,0.000448137892110072,"down"
"gene-Nipped-A",169.017913695095,-1.76479588690501,0.487751179151074,6.70047869021607e-05,0.000448137892110072,"down"
"gene-LOC142974654",138.15729059378,-1.70314068187669,0.469602113052302,6.70956043450103e-05,0.000448137892110072,"down"
"gene-Vap33",866.069844765606,-0.975068777764211,0.25319887233342,6.72598161127427e-05,0.000448137892110072,"down"
"gene-HnRNP-K",686.168429960333,-0.955586983819537,0.248215048314516,6.81013292684247e-05,0.000448137892110072,"down"
"gene-LOC142983988",3377.2807271277,2.69466045893262,0.792928358268425,6.87677055929039e-05,0.000449104024606104,"up"
"gene-cdm",120.026079945222,-2.02557129596825,0.570960875516974,6.92059793398964e-05,0.000451682912180766,"down"
"gene-Rs1",83.6838026844259,-2.05752186568825,0.582383211491796,7.0120131220253e-05,0.000457362510026838,"down"
"gene-veli",500.128543458923,1.54220835274621,0.419648284065325,7.11085117291394e-05,0.000463518852285749,"up"
"gene-Cnep1r2",867.998016972975,2.62655567912332,0.771964428655916,7.12750164887609e-05,0.000464313467864832,"up"
"gene-LOC142981743",1104.54601362515,3.42200141079875,1.04787793982796,7.16882747299188e-05,0.000466713533419922,"up"
"gene-Npc1a",2024.09401984409,-1.9648578205593,0.556162416078378,7.23029674377071e-05,0.000470421181891582,"down"
"gene-Dph1",343.663017040093,1.80862642520988,0.503735294396853,7.31292807641889e-05,0.00047550019534991,"up"
"gene-LOC142972740",20.6601938719898,4.02496081948899,1.25394003296853,7.37257626771395e-05,0.00047907939417542,"up"
"gene-LOC142978267",355.388324914024,-3.41925523579981,1.05623863334445,7.38290884949466e-05,0.000479451535391387,"down"
"gene-LOC142972243",275.755930432266,-2.95607207459859,0.891720353974529,7.40171520729806e-05,0.000480373162767911,"down"
"gene-Hr3",191.907905239138,-3.96705470797865,1.24064066655105,7.42705230206889e-05,0.000481417275619783,"down"
"gene-mh",158.980302412705,-1.7626879026902,0.491027338927852,7.42382296549028e-05,0.000481417275619783,"down"
"gene-LOC142981904",1456.45812189009,7.39066056258612,2.85405452564859,7.44328957551046e-05,0.000482147250884738,"up"
"gene-Tao",74.5118646755056,-3.44058291612295,1.05877273987235,7.44757713182189e-05,0.000482147250884738,"down"
"gene-LOC142973644",19277.6115045564,1.86567627543228,0.521706346446848,7.48649834705384e-05,0.00048436574140976,"up"
"gene-LOC142983906",1090.76209305166,2.02608882305081,0.575345880450101,7.49522481600131e-05,0.000484629132512879,"up"
"gene-Psf",997.283982618583,-1.38617562318718,0.374771294317011,7.54686025516772e-05,0.000487664899170056,"down"
"gene-psidin",50.8546628662973,-2.65442813751713,0.777126113926493,7.58920720647401e-05,0.000490000669534084,"down"
"gene-LOC142980718",119.754601541834,-1.97763678727825,0.557799122332519,7.5924215173725e-05,0.000490000669534084,"down"
"gene-E(Pc)",174.593416139122,-1.37138199088224,0.371149037573141,7.68800520198313e-05,0.000495862045555418,"down"
"gene-LOC142981996",176.317142409668,-2.69256210696421,0.799873159083682,7.74254260200685e-05,0.000499070393107686,"down"
"gene-LOC142981622",869.663593439956,-2.56910528092095,0.763958908154718,7.7823043214751e-05,0.00050132294546136,"down"
"gene-Uccr",3256.15174332796,2.37677380676806,0.692888435733442,7.78948531334341e-05,0.000501475214050123,"up"
"gene-LOC142987222",933.27237484073,2.19412917719587,0.631743137861763,7.79997489362678e-05,0.000501840164664121,"up"
"gene-LOC142987584",630.969571094251,2.0804847345495,0.595050953924542,7.81962516308688e-05,0.000502793687138569,"up"
"gene-Usp5",546.111519079547,-1.33522804984418,0.360192175530101,7.82728095763902e-05,0.000502975276351989,"down"
"gene-LOC142984437",151.002096863061,-1.80662344689737,0.506257330199008,7.83762047810062e-05,0.000503328989370928,"down"
"gene-Stt3A",303.424317671179,-1.89014727302911,0.533053837507696,7.90702211798134e-05,0.000507472874526423,"down"
"gene-gus",1045.97725537283,-3.08959632462142,0.948404175632903,7.96917450845235e-05,0.000511146682889642,"down"
"gene-Dh31-R",24.686915205168,-6.68115503100629,2.97198249668499,7.98103748761518e-05,0.000511592366047254,"down"
"gene-su(sable)",328.178481744503,-1.4593079774575,0.398504964038699,8.02387204569129e-05,0.000513861329076058,"down"
"gene-Catsup",2124.71492043648,1.42607189608909,0.389723411829609,8.02630663859433e-05,0.000513861329076058,"up"
"gene-Zasp52",174.838267889829,-2.98677135719578,0.905767157938266,8.06277482588867e-05,0.000515878831822379,"down"
"gene-wupA",20954.0614908036,2.9263108945292,0.88218664578591,8.07401242644632e-05,0.000516280524320063,"up"
"gene-Cul3",1398.92817877821,-1.27181928842659,0.342174090451954,8.10536131965876e-05,0.000517966920427549,"down"
"gene-RpL17",19278.0175832571,1.60681027805522,0.443622847518133,8.17874857689291e-05,0.000522336028745124,"up"
"gene-LOC142981803",52.0949714551119,3.76130606141082,1.1786009337358,8.2528717869819e-05,0.000526242845700144,"up"
"gene-atos",279.823771979551,-2.40004284776548,0.70622505796318,8.25810456432183e-05,0.000526242845700144,"down"
"gene-Nedd8",2846.16525444195,1.91505475581051,0.545107025144187,8.2542432991946e-05,0.000526242845700144,"up"
"gene-Ant",38920.5424310315,-1.24918850820954,0.336152165895762,8.26014226584087e-05,0.000526242845700144,"down"
"gene-LOC142978239",4235.76919866587,2.82473418939086,0.850374777066755,8.27719969298556e-05,0.000526684894889851,"up"
"gene-LOC142983402",471.448768629642,2.63550036890907,0.784422661383605,8.27523275104961e-05,0.000526684894889851,"up"
"gene-LOC142980254",387.433580473444,-2.29725304153253,0.676070363907426,8.29521294520618e-05,0.000527508654609629,"down"
"gene-LOC142976727",25.0587105358888,3.38970515441769,1.02204914632054,8.31875855602862e-05,0.000528683007132222,"up"
"gene-Pi3K59F",258.705656562407,-2.70488684254872,0.814127085520685,8.3347741930535e-05,0.000529377665342812,"down"
"gene-LOC142972513",72.0196517312224,5.32652400636646,1.79105873037271,8.55329806996516e-05,0.000542925810416691,"up"
"gene-LOC142976629",4098.12387948507,-3.05382753303247,0.950759126654075,8.59766432236409e-05,0.000545409418621634,"down"
"gene-AlkB",244.226722227361,2.57546092159745,0.76615984218916,8.63741463505502e-05,0.00054726406786928,"up"
"gene-LOC142973942",395.555990586218,-2.51914424696196,0.75074846057793,8.63734564152311e-05,0.00054726406786928,"down"
"gene-Nup154",112.351037413938,-1.59633198430914,0.443545352865135,8.64653562995077e-05,0.000547508734232284,"down"
"gene-LOC142979995",87427.2832475114,-2.95988621499073,0.908524319191841,8.72835913726979e-05,0.000552353912577377,"down"
"gene-AIMP3",320.104946188671,2.27734828930867,0.665403426448228,8.73827467548632e-05,0.000552645439682944,"up"
"gene-LOC142972368",608.361390110985,1.68269256718838,0.470842825087643,8.76270839734265e-05,0.000553854246607996,"up"
"gene-LOC142983474",53.7600095848224,-1.85227598755939,0.525356937421008,8.79501000656707e-05,0.000555558581118709,"down"
"gene-LOC142981841",1620.47416157709,2.688449337748,0.807439104434599,8.80896135592216e-05,0.000556102411856578,"up"
"gene-Hakai",278.625869742185,-1.32135064805392,0.358831060258181,8.81449809173145e-05,0.000556114697787421,"down"
"gene-cyst",63.8071366033055,-2.30436897128572,0.67602700855276,8.82913574528112e-05,0.000556700806228809,"down"
"gene-LOC142976042",59.9403916364311,5.64142573961203,1.9235009697037,8.92515342191759e-05,0.000562245154638909,"up"
"gene-LOC142981424",110.777743183365,-1.7264450720642,0.485049717880971,8.92786974657172e-05,0.000562245154638909,"down"
"gene-LOC142978568",209.572465663528,1.57192481366019,0.435834158435725,8.9442947151484e-05,0.000562938984187998,"up"
"gene-LOC142986278",1074.35996567784,-1.01732128093794,0.270019313499177,8.95632636993276e-05,0.000563355634507553,"down"
"gene-MCTS1",513.948848431486,1.69977005642271,0.476646682040525,8.97341233651324e-05,0.000564089507385887,"up"
"gene-Nubp1",913.833974775014,1.41166167787914,0.387052276757954,9.05568704126146e-05,0.000568917936629643,"up"
"gene-Zip99C",926.769978078932,-2.03615069917858,0.595366259783149,9.07293579423361e-05,0.000569314416021531,"down"
"gene-LOC142977633",534.164677021897,1.85984122015899,0.528637713251985,9.070910580044e-05,0.000569314416021531,"up"
"gene-Glut4EF",187.863181611671,-4.03818133154726,1.3140458004473,9.0806359203632e-05,0.00056945433693362,"down"
"gene-LOC142982196",125.467340137552,-3.14738764538196,0.978811002451256,9.09518068338605e-05,0.000570023063901558,"down"
"gene-LOC142980481",3754.51437149292,2.45336457758123,0.726533074380231,9.11372188774495e-05,0.000570841425098826,"up"
"gene-LOC142981939",623.973712058617,3.74868699897825,1.19428208722637,9.12530201796348e-05,0.000571223054762477,"up"
"gene-RpS20",15961.3211935269,1.87257064966696,0.535334459265059,9.18255849913473e-05,0.000574461742644186,"up"
"gene-Pex10",339.774840064977,1.79865165127039,0.509491816698529,9.23660124731199e-05,0.000577495609516623,"up"
"gene-Syx18",468.382496312316,1.39311055503183,0.381361061668458,9.28090389682417e-05,0.000579917224285351,"up"
"gene-LOC142983149",312.857638185969,3.6007863951509,1.13938813783143,9.2978108606279e-05,0.000579929365243478,"up"
"gene-LOC142983150",312.857638185969,3.6007863951509,1.13938813783143,9.2978108606279e-05,0.000579929365243478,"up"
"gene-LOC142982223",590.529636908817,1.31694623959819,0.358522622876947,9.29159206176004e-05,0.000579929365243478,"up"
"gene-LOC142985607",2295.87879110689,1.88874121686767,0.540517148562858,9.34878867893345e-05,0.000582759821243696,"up"
"gene-LOC142980306",19.4829220892956,3.32924376227389,1.04078608342339,9.39525905885032e-05,0.000585306084994804,"up"
"gene-LOC142973622",179.506744135187,-2.08423656604173,0.60686351263114,9.40995208611147e-05,0.000585870820672371,"down"
"gene-LOC142979173",259.230108492344,1.44392759948196,0.397620522722043,9.42945010107059e-05,0.000586733864627285,"up"
"gene-Wdr81",228.129574058817,-1.69582374254699,0.478511986937754,9.44933804035575e-05,0.000587620125448646,"down"
"gene-LOC142977004",376.717100806124,3.32158032301976,1.04298441157412,9.46493025358204e-05,0.000588238351879338,"up"
"gene-ND-MNLL",1795.97927688275,2.5075016724301,0.750016705437677,9.48090221994515e-05,0.000588879427861748,"up"
"gene-Ssrp",210.561031132506,-1.55416837846638,0.433062928867649,9.50107759929978e-05,0.000589780666718609,"down"
"gene-Fas3",72.7633102819578,-2.10515674981835,0.610245290822959,9.52842509712778e-05,0.000591125776287844,"down"
"gene-LOC142981169",302.306512183139,1.19894069239047,0.323915895838269,9.6098566980358e-05,0.000595822562397574,"up"
"gene-LOC142975024",43.980412524204,4.06801748942966,1.3131706030472,9.66085287286786e-05,0.000598627847658062,"up"
"gene-LOC142987163",492.54830525125,4.03257426572149,1.3147904254065,9.66954720531625e-05,0.000598810151144213,"up"
"gene-LOC142975047",322.391716642576,1.40551276250995,0.386953569859471,9.75945502782259e-05,0.000604018590009709,"up"
"gene-LOC142973561",614.183108345666,-2.16255178172221,0.636178468356338,9.77504350691738e-05,0.00060462390319079,"down"
"gene-Rpn2",4774.82413483464,-1.78436526316239,0.508025361246147,9.83664333804232e-05,0.000608072785920549,"down"
"gene-RpS25",19863.2460346517,1.45435480888727,0.402079400261853,9.89587083261515e-05,0.000611371011083227,"up"
"gene-LOC142972328",294.190898512659,1.28383402758859,0.350154563531906,9.92023363801172e-05,0.000612149568296989,"up"
"gene-LOC142984147",459.797445395558,-1.28286222542298,0.350644226823298,9.91573464304675e-05,0.000612149568296989,"down"
"gene-LOC142986555",49.7681672538842,2.54842201472753,0.765118301686306,9.93860903531522e-05,0.000612744896334379,"up"
"gene-Tis11",1632.11397975664,-2.38697408550171,0.714814603923704,9.94165350536759e-05,0.000612744896334379,"down"
"gene-LOC142978927",546.639231490468,1.32369591340916,0.362612907063704,0.000100591337206388,0.000619618828590828,"up"
"gene-LOC142984224",916.666798184536,-2.41074188688331,0.725354733892554,0.000102083157426405,0.000628436232293838,"down"
"gene-Dmtn",1331.78340374286,-2.26508018131782,0.67563774627293,0.000104024562073304,0.000640009273748873,"down"
"gene-EMC5",658.25236456705,1.87594673640265,0.539735187378143,0.000104101062975616,0.000640101633535832,"up"
"gene-LOC142975841",220.842230483296,-1.22169913598918,0.333222635147506,0.000104712206409242,0.000643479379409803,"down"
"gene-ND-24",1842.68579293543,1.69541636690902,0.481673086412577,0.000105432898187645,0.000647525941081641,"up"
"gene-stx",805.429878235783,-1.41058846546962,0.391454820252127,0.000106238195715569,0.000652087038560775,"down"
"gene-LOC142977194",11882.1024121751,3.17505468955849,0.996039600409015,0.000106360711445592,0.000652454334795881,"up"
"gene-Rpn1",2954.67648055851,-1.715729085458,0.489756331520167,0.000107017374344445,0.000655736181422871,"down"
"gene-LOC142981258",252.020013879341,-1.22402658680873,0.334511538066896,0.000107021688015126,0.000655736181422871,"down"
"gene-mew",649.611022051049,-1.74756720686447,0.501115513432967,0.000107259327094094,0.000656805644146776,"down"
"gene-LOC142977702",34.4617841609497,-3.09420036503758,0.973766081534774,0.000107942438863504,0.000660211979182773,"down"
"gene-Hrd3",537.270309430943,-1.3708760763472,0.379308046062519,0.000107941621809539,0.000660211979182773,"down"
"gene-LOC142972194",1167.08978993125,-3.12106306032238,0.987376540896063,0.000108414100954341,0.000662707452104929,"down"
"gene-mRpL44",436.910399134055,1.59746767546485,0.450617436226341,0.000108785496689172,0.000664587453365189,"up"
"gene-Wdr62",193.382090147795,-1.81356265976394,0.523354010689694,0.000110380928924824,0.00067393869214511,"down"
"gene-LOC142975840",1231.87496529026,-1.49143633584088,0.418370113830501,0.000110814801554492,0.000675795011237414,"down"
"gene-Cul4",695.146312277451,-1.06086768831757,0.28653735246279,0.000110814742366468,0.000675795011237414,"down"
"gene-LOC142981160",148.186411478497,2.2785855307862,0.680703841115278,0.000111237785186297,0.000677977367558171,"up"
"gene-PrBP",638.257656292177,-2.39958548744134,0.725734856196334,0.000111436401070835,0.000678790482824689,"down"
"gene-snama",417.495405787261,-1.67000680291219,0.476520741353625,0.000111900164230014,0.00068121678925991,"down"
"gene-wkd",207.099060187128,-1.67634468812399,0.478650126055848,0.000112247090058109,0.000682929402399133,"down"
"gene-Surf1",535.578880278786,2.20062258962532,0.653372531357567,0.000112415001501456,0.000683296297059322,"up"
"gene-Rrp4",212.272733357296,1.65432158434614,0.46970453850528,0.000112438670207744,0.000683296297059322,"up"
"gene-LOC142978140",800.871363234131,1.36897355016036,0.379370502282288,0.000112575256502472,0.000683727199644538,"up"
"gene-LOC142983257",24864.1472875379,-1.35012064146925,0.37500910437215,0.000113870231675309,0.000691188986437299,"down"
"gene-Mrgn1",166.296482273678,-2.51086795363708,0.770635035173846,0.000114346109703296,0.000693614831785178,"down"
"gene-LOC142985251",213.643575729432,-1.44189487097197,0.403636996935284,0.00011440313796111,0.000693614831785178,"down"
"gene-LOC142978904",580.35236208006,1.71848313590346,0.491177608611078,0.000114674693865485,0.000694856555960244,"up"
"gene-l(1)G0020",80.7430885628907,-2.78322492494257,0.859523614131032,0.000115631608047942,0.000700247259906387,"down"
"gene-LOC142974126",76.8211201504004,2.72312684658268,0.841941020692972,0.000115909442566433,0.000701364901482281,"up"
"gene-mRpL54",443.781121838674,1.41153318070017,0.393641186545421,0.000115950912147071,0.000701364901482281,"up"
"gene-LOC142986697",362.538492075556,-1.39582805463977,0.389714079556417,0.000116463829114394,0.000704058339768202,"down"
"gene-retm",222.556041604554,-2.70206539647982,0.836493715884069,0.000116742921870264,0.000704518154590983,"down"
"gene-MED10",1457.9928530589,1.70008618388701,0.48675299857925,0.000116734387933528,0.000704518154590983,"up"
"gene-LOC142981342",585.035471410507,-1.31684438851505,0.364739604052945,0.00011665413658626,0.000704518154590983,"down"
"gene-LOC142987539",320.860218116015,-3.04693320594289,0.966392684876444,0.000116856305536551,0.000704793824238408,"down"
"gene-kon",81.2120806684317,-1.63069171045167,0.463106708209962,0.000117128712189038,0.000706027732419159,"down"
"gene-pns",95.2750228837623,-1.72680408371546,0.49585848466786,0.000118065712098848,0.000711263925317713,"down"
"gene-Prosalpha5",3274.43075658408,1.17961575371766,0.324118453254746,0.000118613332085586,0.000714149674384587,"up"
"gene-gish",722.109527431017,-1.22215993619775,0.336664656516812,0.000118887197855167,0.000715384814839473,"down"
"gene-Lamtor5",1976.48058712006,1.97568107354418,0.579624589132247,0.000119492729485225,0.000718613121860885,"up"
"gene-LOC142972904",276.159122915286,2.40335164982344,0.728257176474151,0.000119876876174292,0.000720507090631859,"up"
"gene-LOC142975744",335.748199286564,-2.26372942240979,0.681582136054283,0.000120392261884375,0.0007227701535273,"down"
"gene-LOC142975011",597.845644739037,-1.52584705708361,0.43180215775589,0.000120378804010655,0.0007227701535273,"down"
"gene-Rpp21",38.059257526745,2.418924114162,0.733967495024421,0.000120651152955919,0.000723906917735516,"up"
"gene-LOC142985416",149.391646492361,-1.54584909195711,0.437889755934208,0.000120955626888723,0.000725315711930649,"down"
"gene-LOC142982440",268.257960653713,-1.61649608196153,0.461779299221908,0.000121026331744113,0.000725321884545891,"down"
"gene-CanB",596.901255937406,-1.25186156471775,0.346101257898524,0.000121511057371863,0.000727807886790043,"down"
"gene-IntS9",98.3256762670372,-1.94066025515997,0.570812769016352,0.000121809163446183,0.000729173888139598,"down"
"gene-LOC142982090",282.023696229288,2.28168811316681,0.68649525969073,0.000122206412600207,0.000731131468487448,"up"
"gene-LOC142979145",6102.46756381992,4.31123685269068,1.46416317704214,0.000122364536125008,0.000731578508432304,"up"
"gene-LOC142972390",997.882922215452,1.83641703778994,0.533960895588751,0.000122421687001832,0.000731578508432304,"up"
"gene-pyd",23.6834647686216,-3.2993686427398,1.0131281854473,0.000122883912733414,0.000733919409956878,"down"
"gene-LOC142979079",417.992686409483,-1.67565144770579,0.482047489681192,0.000123157837182762,0.000735133649697564,"down"
"gene-trx",271.201487114315,-1.80041750168598,0.523261566212098,0.000123528992234895,0.000736926538203585,"down"
"gene-Zdhhc8",326.165243752013,-1.96854061433412,0.580539374703176,0.000123622160103233,0.00073705995800381,"down"
"gene-Rich",129.998009357527,-2.35077367725874,0.716253743162928,0.000125256957317484,0.000746379465183178,"down"
"gene-LOC142976014",236.069569248503,-1.70477282275839,0.491846947402463,0.000125627064188461,0.000747728838308676,"down"
"gene-Ago2",6062.26422150782,-1.34919178007228,0.377318559926919,0.000125577425594311,0.000747728838308676,"down"
"gene-LOC142977255",304.670710020583,2.7541045396062,0.860241771813859,0.000126239654702723,0.000750945603117338,"up"
"gene-LOC142981640",10907.5163922167,2.12101275640677,0.63279646552367,0.000127334364425675,0.000757024976397075,"up"
"gene-LOC142972927",309.292455895447,1.27713504974174,0.354548772996177,0.000128363957522348,0.000762710501031761,"up"
"gene-Uggt",236.167241514908,-2.09893487373695,0.628228238078358,0.000128655355033877,0.000764005844781891,"down"
"gene-LOC142981947",457.384335879119,-4.69597601459555,1.64482287564515,0.000128858814551131,0.000764777799017832,"down"
"gene-LOC142976866",167.760619183601,-1.64985247959943,0.475088251596408,0.000129336190963505,0.000767173645544208,"down"
"gene-LOC142974363",719.952094757622,1.15042264511236,0.31615527379563,0.000129708271275478,0.000768942542128546,"up"
"gene-LOC142982423",343.067894708457,1.82049902694723,0.530732312671268,0.000130379819790333,0.00077248373592337,"up"
"gene-LOC142974963",53.7090623949643,-3.12494924493772,0.992562329063413,0.000130732157728335,0.000774130695080757,"down"
"gene-Rabex-5",1469.91071906452,-1.88736950285891,0.555957254143078,0.000131440338854593,0.000777881709764815,"down"
"gene-LOC142976161",2143.22090286518,2.75293133865525,0.862635059007772,0.000131930240668982,0.000780337389411424,"up"
"gene-LOC142976292",4521.98569182225,2.41142327203981,0.737928373924333,0.000132221589615094,0.00078117295567147,"up"
"gene-SMC3",368.498412484394,-1.23913350099288,0.344329182773397,0.000132212411416728,0.00078117295567147,"down"
"gene-Aptx",138.046044133916,2.32153461986014,0.706174341449924,0.000133018474054579,0.000785435232506052,"up"
"gene-LOC142976113",144.74150574273,-2.41397566116885,0.740435800936715,0.000133171735990552,0.000785894428379617,"down"
"gene-aspr",104.239068842372,4.09553510609233,1.38224869003477,0.000133543223336662,0.000787334927413031,"up"
"gene-LOC142975337",204.431673182361,-2.1906256972494,0.659602892150983,0.000133567097196101,0.000787334927413031,"down"
"gene-Syx5",1263.64193997716,1.1179702299451,0.307116800626158,0.000133689148357837,0.000787608395249057,"up"
"gene-ND-42",3498.83787961067,1.53030885739144,0.437961387011885,0.000134054876535303,0.000789316326206169,"up"
"gene-Amun",2103.84084456802,-2.38116523160569,0.735998731624577,0.000134653490009344,0.000792392781796082,"down"
"gene-Usp32",949.8806919283,-2.4157548192951,0.744789517518989,0.000134896229014824,0.000792924756659694,"down"
"gene-LOC142983479",124.937689446382,-2.31236008034358,0.703883932988657,0.000134835514128909,0.000792924756659694,"down"
"gene-anne",123.501951101577,-2.7469937783917,0.865923245081529,0.000135033023785077,0.000793280912868316,"down"
"gene-pds5",335.132750600053,-1.47404968510838,0.419546686297722,0.000136992660919137,0.00080433931199561,"down"
"gene-LOC142987070",362539.59707814,1.97168617031587,0.583341626608064,0.000137231112790757,0.00080528516581273,"up"
"gene-LOC142985344",36.1186273436159,-2.43457268464308,0.746804209580122,0.000137910090602938,0.000808358132419246,"down"
"gene-Bmptp-Z",178.043631486038,-1.78944295684632,0.523743693098096,0.000137853615460011,0.000808358132419246,"down"
"gene-MHF1",80.4812137989158,1.41923833759194,0.401896080040615,0.000138342162772492,0.000810434391931141,"up"
"gene-LOC142981333",830.794521216032,-3.16718132712747,1.03590050875374,0.000138812599184696,0.000812276086291558,"down"
"gene-LOC142978177",1179.94286881565,-1.24533261988348,0.348180624734274,0.000138805896962776,0.000812276086291558,"down"
"gene-mRpL48",340.838325621279,2.08519789792938,0.624427984107153,0.000139349537357054,0.000814959934767937,"up"
"gene-LOC142973660",197.068680713388,-1.57837745140252,0.452892121304522,0.000139662037902396,0.000816328924516534,"down"
"gene-heca",1008.7827890416,-1.47786023229462,0.421067731934438,0.000139930259916805,0.000817437713655412,"down"
"gene-LOC142984477",129.374446851176,1.43403692959969,0.406671147171505,0.00014084753191322,0.000822334720816949,"up"
"gene-LOC142977515",1143.49848056164,2.04352105211456,0.61171739936062,0.000141755760568138,0.000827173468337619,"up"
"gene-nmo",94.2156135518375,-3.13965625669749,1.01869263441838,0.000142929463341956,0.000833555021506869,"down"
"gene-LOC142973383",14.8060567088987,3.03798916288174,0.964227051445033,0.000143459881692486,0.000836179937524515,"up"
"gene-LOC142977386",401.130231287584,2.41360840578079,0.743223187577189,0.000143605356116171,0.000836559461202765,"up"
"gene-LOC142972533",43011.8171332057,2.85003862761032,0.898552081075904,0.000143712761920206,0.000836716919233411,"up"
"gene-asl",171.391143784504,-1.77757673770275,0.522181853401565,0.000144139438217315,0.000838732002147708,"down"
"gene-LOC142986127",596.13637654788,-1.12296889075478,0.310789481456532,0.000144620450412673,0.000841060831729566,"down"
"gene-LOC142985757",76.9048707677212,1.65621984470012,0.480535309535922,0.000145303938748739,0.000844563932090661,"up"
"gene-LOC142973202",4487.78975203423,1.5745104766255,0.455849402812709,0.000145576714033668,0.000845677228287103,"up"
"gene-LOC142976737",41439.2516431564,3.19961515819374,1.0376363047428,0.000145826333536356,0.000846654842227256,"up"
"gene-Mad",195.605851625055,-1.77548557098147,0.521605073956559,0.00014660920774877,0.000850725670381661,"down"
"gene-tst",349.028921964002,-1.26667204221225,0.355475508912717,0.000146976054872766,0.000852379237451528,"down"
"gene-CycJ",457.374717645665,-2.27461408789262,0.698144042494127,0.000147361095092351,0.00085413641420455,"down"
"gene-Gli",284.857594560539,-2.54000090090349,0.795318403714737,0.000147996537642978,0.000857342213056983,"down"
"gene-LOC142976918",1691.7124292593,-1.6122829358247,0.468777498896571,0.000148578886720823,0.000860237047143364,"down"
"gene-LOC142984432",1170.01511537735,2.83821680510482,0.904295191759087,0.000149504939863461,0.000865117523056492,"up"
"gene-Naxd",486.132268804308,1.97028860109607,0.589168723098254,0.000150061127752438,0.000867853522168267,"up"
"gene-LOC142976283",2458.94002018687,3.97246719127288,1.34907138878346,0.000152045364566612,0.00087884078019902,"up"
"gene-LOC142974769",79.0622433037694,3.67300938760969,1.23081146969325,0.000152239002611898,0.000879471707652527,"up"
"gene-LOC142984783",102.384402213663,-2.24284763092929,0.692492466113149,0.000153012613599733,0.000883450531099957,"down"
"gene-LOC142986421",21.4336756732543,-2.26967837945422,0.696461753554286,0.000153560116645976,0.000886082579254958,"down"
"gene-RpL15",17297.3542262278,1.56895639593753,0.4530148348247,0.000153638718112891,0.000886082579254958,"up"
"gene-LOC142986792",153.461945933464,-1.46249539404041,0.419872803972495,0.000153805928041819,0.00088655576462643,"down"
"gene-LOC142974899",1621.54500154092,-1.51103982623487,0.435158233747059,0.000154409207417958,0.000889540591710538,"down"
"gene-LOC142977338",28753.4380347201,4.11709504249374,1.39874829284257,0.000156834098380143,0.000902560679102788,"up"
"gene-LOC142977217",28753.0452745937,4.117070201176,1.39874741403789,0.000156842677089044,0.000902560679102788,"up"
"gene-LOC142986142",90.4193451289943,-1.99020850578363,0.600783929320767,0.000157752267286931,0.000907293426771795,"down"
"gene-spri",259.550322058686,-1.6829736147878,0.493994650898022,0.000158414687512692,0.000910600164001728,"down"
"gene-LOC142981941",474.886984268328,-2.788078379978,0.900266636123833,0.000161268449454889,0.000926492582133219,"down"
"gene-Ada",431.356423965129,1.68437977596055,0.494014300986694,0.00016175043309017,0.000928237049872474,"up"
"gene-Naxe",914.645538507999,1.58276428283949,0.460632589724235,0.000161677674570227,0.000928237049872474,"up"
"gene-LOC142982732",328.117604600604,2.25772035470515,0.695199304349981,0.000161998588505994,0.000929148929117022,"up"
"gene-LOC142979487",87.6299098705672,3.10330365900766,1.01631321401379,0.000163686296453607,0.00093779545739243,"up"
"gene-LOC142987345",837.508720678421,1.29543752845107,0.366731796514611,0.000163597209284978,0.00093779545739243,"up"
"gene-Ppt2",64.7027820594482,-1.98384066910576,0.60125263613147,0.000164276999095634,0.000940662024524504,"down"
"gene-LOC142974960",858.231551918483,2.28924990897495,0.70862336222979,0.000164838230557959,0.000942880199929429,"up"
"gene-LOC142974251",169.711018770956,2.28393021926093,0.706401658602962,0.000164845529670659,0.000942880199929429,"up"
"gene-Pitslre",1554.70266725983,-2.56523025142088,0.818357873161802,0.000165006187887335,0.0009432808434416,"down"
"gene-bbx",781.735418224561,-1.95850637606808,0.592417874863613,0.000165928930074769,0.000947438938011549,"down"
"gene-Pi3K68D",980.053523119626,-1.81194155509681,0.540893506233106,0.000165948064697869,0.000947438938011549,"down"
"gene-LOC142987404",328.125128838051,1.12489884026048,0.313900152942089,0.000166006592020467,0.000947438938011549,"up"
"gene-pck",85.8286805191924,1.43739455257063,0.413339114199931,0.000166906902457522,0.000952055262785096,"up"
"gene-LOC142975045",31.9807800901672,-2.21692351134259,0.678990072468457,0.000169202213941399,0.000964619412447952,"down"
"gene-LOC142981574",1108.30641522224,2.36962372090666,0.7396401998061,0.000170571146273077,0.000971891424577303,"up"
"gene-mrj",1188.36626213298,-1.31687085860833,0.375297241337146,0.000170814178333313,0.000972743761734019,"down"
"gene-LOC142981595",1199.00124274921,3.81795266957582,1.31479037652311,0.0001714331893025,0.0009752019129175,"up"
"gene-Ack",122.11589757534,-1.55171888068179,0.452951489187854,0.000171421578323705,0.0009752019129175,"down"
"gene-LOC142987839",25.9299862319758,3.33742517839916,1.11114342825351,0.000172941489684533,0.000983244624585469,"up"
"gene-LOC142983921",170.66335004834,1.89513566854818,0.569860803843299,0.000173439813711098,0.000985539552801599,"up"
"gene-Gp150",29304.2912999551,-2.24333261887331,0.699050287638958,0.000175520884912108,0.000996820737553214,"down"
"gene-PH",88.5340227728235,-2.83649167909593,0.917928186481924,0.000175951705311166,0.0009981783391222,"down"
"gene-LOC142972424",190.25015082692,-1.90173951705774,0.575111145550447,0.000175872718645487,0.0009981783391222,"down"
"gene-Tmep",3668.45217736504,-1.36396122863236,0.392038793116879,0.000176281184320627,0.00099950279345192,"down"
"gene-dpa",26.7728285319763,-3.86174101605119,1.26495041401514,0.000177256702805155,0.00100340997704811,"down"
"gene-LOC142972916",35852.2936917478,3.22907574307266,1.04584660713336,0.00017713109324957,0.00100340997704811,"up"
"gene-Ehbp1",294.942279837426,-2.16547317657172,0.670027671375177,0.000177259457040488,0.00100340997704811,"down"
"gene-NKAIN",131.086943918658,-1.83012640865525,0.550249290775152,0.000177693880792085,0.00100532244513348,"down"
"gene-LOC142977206",1155.01060968232,1.28063594186385,0.36556250986079,0.000178317557558288,0.00100830297348277,"up"
"gene-LOC142982007",192.997447661476,-1.91582764406756,0.581333930254647,0.000179343284196171,0.00101355243674383,"down"
"gene-LOC142979809",241.890408678905,2.62793266296366,0.840766218867785,0.000179874148134189,0.0010154729920469,"up"
"gene-LOC142981527",1818.68054906682,-1.23224432826883,0.350345867730583,0.000179878213000431,0.0010154729920469,"down"
"gene-Amacr",511.809833784577,2.19018193599557,0.678979700499937,0.000184556296108458,0.00104131763820545,"up"
"gene-LOC142972946",61.9326227500473,4.55494115389835,1.62485301245302,0.00018470138160149,0.00104157171314817,"up"
"gene-Edem2",782.118649935451,-1.72466732711903,0.514934837812196,0.000185920035560168,0.00104787632386646,"down"
"gene-LOC142980905",2428.52761951325,2.12350101335205,0.655412201684171,0.000186346004180186,0.00104914110520051,"up"
"gene-PGAP5",1802.40647924002,1.95813039637247,0.595792910655448,0.000186318416912276,0.00104914110520051,"up"
"gene-LOC142976508",235.107671639313,2.37526083772167,0.749277115956742,0.0001867940685017,0.00105109527194741,"up"
"gene-LOC142975922",47986.6922515947,1.25672829299188,0.3580711347492,0.000187931715589193,0.0010569255317577,"up"
"gene-GSTe6",274.041048522812,2.63757096544602,0.849477263464372,0.000188954611689806,0.00106210448579421,"up"
"gene-Nop60B",330.449747812194,-2.39923952603688,0.761875268853132,0.000189196730938029,0.00106289151055849,"down"
"gene-Urod",648.143458408073,1.84712756973955,0.557323361153172,0.000189619690263386,0.00106469308287047,"up"
"gene-Trim9",115.171971975149,-2.59620896578062,0.837065459855846,0.00019216607035022,0.00107840905247752,"down"
"gene-LOC142972811",345.346458710187,2.55669618160743,0.820656961381393,0.000193139900024719,0.00108329006425503,"up"
"gene-LOC142985771",1992.62494651283,0.983972878260002,0.274268710185471,0.00019358397133993,0.00108519609135631,"up"
"gene-sloth1",165.365990801368,2.21005656979367,0.689729649001096,0.000194381847650213,0.00108908236492934,"up"
"gene-Clk",343.653192236853,-1.18871501868113,0.338621764694624,0.000195378346139567,0.00109407669893109,"down"
"gene-rt",40.1636656145613,-2.06588624002602,0.636091604176248,0.000196018150944203,0.00109706932867159,"down"
"gene-LOC142981877",1774.70472306818,2.74828315167158,0.893029318044284,0.000196235342307453,0.00109769474122546,"up"
"gene-LOC142984179",317.274442926434,3.01262390365999,1.00311964757965,0.000196515085654498,0.00109866919530791,"up"
"gene-LOC142975795",25.2589630346659,-2.79010923007628,0.90674471161376,0.000196639727616467,0.00109877593370232,"down"
"gene-LOC142982655",174.203504812898,5.32054398973952,2.04716230086016,0.000197023655738991,0.0011003127871055,"up"
"gene-LOC142978533",1497.95740212948,3.48797563793193,1.19075505452364,0.000197126162147142,0.0011003127871055,"up"
"gene-LOC142980604",1819.2888400485,2.93113582558276,0.967730557169215,0.000197868700985676,0.00110386558266928,"up"
"gene-ATPsyndelta",5397.23133939589,2.18951815596826,0.683319131729523,0.000198381330625624,0.00110613264692702,"up"
"gene-CCHa2",194.510075495521,1.83906431406084,0.556652187559507,0.000199131767261158,0.00110972253596823,"up"
"gene-LOC142979420",748.576769472602,-2.07715041550716,0.645166041588027,0.000200775751130682,0.00111828548382579,"down"
"gene-by",833.464738951678,-1.83141347853027,0.55668264708142,0.000201077921483472,0.00111936960569141,"down"
"gene-LOC142974426",1056.32098957473,0.918558751099689,0.255741057084525,0.000201227438985943,0.00111960322813665,"up"
"gene-LOC142982022",70.8524690279378,-1.94883902111346,0.594350675212007,0.000202062861568099,0.00112365084878414,"down"
"gene-LOC142987190",487.683983647093,3.3524885326844,1.14481750076148,0.000203006906331835,0.00112829786167346,"up"
"gene-Zip71B",1332.97413542798,-2.16893083600726,0.687356532581612,0.000203846064243308,0.00113235727255754,"down"
"gene-LOC142977398",21.0693997089141,-4.55781151686183,1.50852243025327,0.000203996749242677,0.00113256147209771,"down"
"gene-LOC142976627",11800.3736444127,-2.12744827096185,0.670128914403971,0.000204100415144601,0.00113256147209771,"down"
"gene-LOC142978852",44.6568124267322,-5.30983658857758,1.78208356923127,0.000204468673592516,0.00113400047527868,"down"
"gene-Ufsp1",243.92603334039,1.57846820821814,0.467326778625666,0.00020579425890931,0.00114074453420975,"up"
"gene-LOC142980304",1292.36281553782,5.29685082921863,2.07218512990188,0.000207366976505564,0.00114885057233791,"up"
"gene-LOC142986602",341.25845366357,1.61080385262639,0.479107608673378,0.000207613074261592,0.00114899101704581,"up"
"gene-Cyca",181.399282330286,-1.19268439168689,0.341787519957647,0.000207558956716067,0.00114899101704581,"down"
"gene-EMC6",460.811309893266,1.28141580847106,0.369681012654453,0.000208230286563013,0.00115179451813016,"up"
"gene-eIF4AIII",1742.52656927075,0.991995036243358,0.279307578380013,0.000210949074341819,0.00116621341683395,"up"
"gene-Prosbeta3",4859.66155494142,1.6788385354638,0.505395464213981,0.000211594939178931,0.00116854287366189,"up"
"gene-trc",477.545048636805,-1.67842478237308,0.50432122476976,0.000211521031581353,0.00116854287366189,"down"
"gene-LOC142985071",164.790770298718,-1.0966355848313,0.311464409753617,0.000212157988901891,0.0011710311052326,"down"
"gene-Dronc",211.235335178438,-1.76232601113123,0.533974110468928,0.000212411688917693,0.00117128999802279,"down"
"gene-RpS13",17721.3286205195,1.53382044051625,0.453048938757711,0.000212429924713451,0.00117128999802279,"up"
"gene-LOC142985618",26182.6736983267,3.90092102398127,1.37319499456256,0.000212859194724228,0.00117179493235284,"up"
"gene-LOC142973707",580.438082589184,-2.52362953377236,0.819179913129341,0.000212710222539363,0.00117179493235284,"down"
"gene-alpha-Cat",252.449922400089,-1.74365976622574,0.527787159135138,0.000212810628214352,0.00117179493235284,"down"
"gene-LOC142978777",515.95043997591,-2.02490542347621,0.629142708494456,0.00021333582530816,0.0011737980663097,"down"
"gene-Spf45",581.622673976187,0.968607676932801,0.272249364143952,0.000215190357977741,0.00118337645353845,"up"
"gene-LOC142982776",48511.9352405997,2.7772122742242,0.907364109051167,0.000215524072261982,0.00118458584595947,"up"
"gene-LOC142980930",835.387113444659,3.64652359047443,1.27115728402447,0.000216777076867356,0.00119084399482279,"up"
"gene-LOC142979991",36433.5524284442,-2.8135967534943,0.937528322361337,0.000217004844018668,0.00119146646953288,"down"
"gene-LOC142976318",266.893124866745,1.81232852316631,0.551342150987383,0.000217273929081258,0.00119168682915485,"up"
"gene-LOC142974686",198.411932551549,1.58228113259266,0.470870119595755,0.000217235354350171,0.00119168682915485,"up"
"gene-l(3)05822",1197.78629251183,-2.27536019434915,0.729210346612657,0.000217535647436021,0.00119249399147392,"down"
"gene-LOC142987506",2546.45927414462,0.527544652167727,1.23552911151571,0.000218025016293314,0.00119454758927021,"up"
"gene-Mctp",62.881477661335,-3.14427432723419,1.06252585517111,0.000218387650199927,0.00119590501766504,"down"
"gene-xmas",391.320959228768,-1.79251128617629,0.546749445807677,0.000219140182786798,0.00119939500673532,"down"
"gene-LOC142973537",247.501481585195,-2.27680254376135,0.726486044645028,0.000219663679342166,0.00120162842982236,"down"
"gene-RhoGAP93B",78.5576823346694,-2.10803201102723,0.663175470119174,0.00022185959082443,0.00121260927989528,"down"
"gene-mtTFB2",146.785748164988,1.5798071797493,0.470847387201102,0.000221904003669598,0.00121260927989528,"up"
"gene-pn",387.262734047559,1.57617908682631,0.469903824010808,0.000223862894294524,0.00122267194627807,"up"
"gene-Tm",735.99944100391,1.35231763693735,0.395608383240458,0.000224018936765793,0.00122288260709591,"up"
"gene-dock",115.699386344382,-1.38969789237013,0.406139950013512,0.000225237799701236,0.0012288917688102,"down"
"gene-IIM1",53216.3911132877,-1.73953478150517,0.530351239897938,0.000229140566685698,0.00124953027721221,"down"
"gene-Faah",1275.85166605787,2.7467422251651,0.909916852384407,0.000229523033282127,0.00125038965645003,"up"
"gene-row",288.448941665382,-1.74312653967542,0.53146727474532,0.000229538389382902,0.00125038965645003,"down"
"gene-LOC142987395",32.8368140739185,-2.74667535024883,0.906811293664484,0.000230245947519106,0.00125358803016417,"down"
"gene-E2f1",166.843759386978,-1.58939126954666,0.475988781562788,0.000230710553888964,0.00125546098587774,"down"
"gene-Cirl",46.1717817328321,-2.50680871415606,0.818983919581058,0.000231350736489762,0.00125828692103366,"down"
"gene-Tango14",696.732523634854,2.5273006924223,0.824749536642157,0.000234904547364117,0.00127694847940494,"up"
"gene-LOC142976150",175.416092531672,-1.86765597820481,0.577317600824872,0.000235990039172417,0.00128217970134909,"down"
"gene-RabX6",372.949804718629,1.41951076568186,0.419357391430589,0.000237287525300671,0.00128855667103807,"up"
"gene-mRpS24",318.638885521196,1.75885037477207,0.536923155356802,0.000237929164013888,0.00129136736047162,"up"
"gene-LOC142987595",51.2861757979026,2.03422588789887,0.635825502474086,0.000238928204496674,0.00129611391808774,"up"
"gene-LOC142976724",13.1706487278653,-5.8066106382499,2.82831434492554,0.000239177735859931,0.00129644720294951,"down"
"gene-LOC142972999",416.955348632949,3.31709624263936,1.15512879528946,0.000239238720160039,0.00129644720294951,"up"
"gene-Atg17",897.182800351792,-2.72975467057291,0.912573276263427,0.000240085998947627,0.00130036173207326,"down"
"gene-SREBP",1916.5836096459,-1.37833005837338,0.407120239079356,0.00024074155392212,0.00130323430906358,"down"
"gene-Nubpl",1251.36275173298,1.64647086691892,0.497017229207922,0.000241010805232902,0.00130401376427989,"up"
"gene-LOC142973667",1289.79256660607,1.37263234792459,0.405254039147594,0.000241332540716757,0.00130507623317478,"up"
"gene-LOC142979073",598.594292053292,3.4628878278123,1.21649043737402,0.000242464175609108,0.00131051509246668,"up"
"gene-EMC10",864.746288148356,1.85663789703162,0.573980696535235,0.000243447467061067,0.00131514692895989,"up"
"gene-Tmf",130.152156728522,-1.89643790245551,0.588140099834842,0.000243794048998907,0.00131633612555945,"down"
"gene-LOC142978438",596.229414127432,-1.84925336569263,0.574169789420527,0.000250231947724259,0.00135039635863636,"down"
"gene-RpLP0",12273.722357168,-1.43222781116004,0.426446009652146,0.000250889496991762,0.00135324334905919,"down"
"gene-LOC142982568",297.083362659889,-1.17939637394297,0.341866604033101,0.000251597200283931,0.00135635777056226,"down"
"gene-Gp93",1780.23807804599,-2.47567753876937,0.813996326613304,0.000251790186587391,0.00135669557058734,"down"
"gene-LOC142977458",281.603869771079,1.2282413894225,0.357647090381571,0.000251951867858967,0.0013568644306321,"up"
"gene-bonsai",480.393733050174,1.96544051402706,0.615323939528721,0.000252110892295104,0.00135701881530095,"up"
"gene-LOC142972998",859.086371243904,1.53235429494594,0.460651637901279,0.000252855097275011,0.0013603212209989,"up"
"gene-LOC142973320",289.999072054425,2.01609664654348,0.633932831844469,0.000253100195786649,0.00136093648664205,"up"
"gene-USP",5662.12032764955,-2.03966000201746,0.651564340488766,0.000253313910334796,0.00136138245048282,"down"
"gene-LOC142984499",1426.80113156426,2.70579721986897,0.903979212960451,0.000253458602197576,0.00136145719756283,"up"
"gene-Mthfs",573.567824250732,1.90111751986038,0.591364982683105,0.000254151658644396,0.00136447589813727,"up"
"gene-LOC142983477",1154.81102045163,2.12171194903367,0.674799029673146,0.000255547202531542,0.00137123985116438,"up"
"gene-LOC142980532",181.750175040773,-1.66277192677517,0.508148751382461,0.000255674980894339,0.00137123985116438,"down"
"gene-LOC142977782",4951.94829356568,-4.03421246511001,1.50050531510737,0.000259248643389525,0.00138969020478113,"down"
"gene-FoxP",223.12418990132,-2.17148815960998,0.696831845051418,0.000259691003331355,0.00139134500498168,"down"
"gene-LOC142975497",169.615794436487,1.27479721636333,0.373851114360999,0.000263099668053783,0.00140888248170776,"up"
"gene-wge",115.181595006299,-1.13392660083133,0.327694440566408,0.000263925954185003,0.00141258055684621,"down"
"gene-uri",84.9212735956089,-1.99966944161245,0.627965150689755,0.000266218213375062,0.00142411695849661,"down"
"gene-LOC142979777",107.507387414675,-1.96809727560711,0.619842214846446,0.000268208989237626,0.00143402957265726,"down"
"gene-loco",149.164927518317,-2.19262965895741,0.708206819400628,0.000268470423348418,0.00143469050670279,"down"
"gene-SmF",333.089456630399,1.92909491066766,0.605926017815379,0.000271076799720823,0.00144787556957094,"up"
"gene-Rab4",326.947598153057,1.24775584561958,0.365942988543596,0.000271561214522461,0.00144971909906606,"up"
"gene-RpII15",768.911313287583,1.62701130277512,0.49863780405639,0.000272922494251711,0.00145623944908268,"up"
"gene-l(1)G0196",473.378986522319,-2.05199770137255,0.654751022001865,0.000273705529632056,0.00145966934603981,"down"
"gene-tapas",504.461219589419,-1.7355769898056,0.537290228886271,0.000274942824738654,0.00146551705352247,"down"
"gene-LOC142987613",571.171738923447,2.41391670704869,0.791547530933916,0.00027561887866366,0.00146836874456945,"up"
"gene-LOC142979518",3493.03627852808,2.08043831832484,0.665822360286034,0.00027662363697877,0.00147296780611202,"up"
"gene-LOC142981936",2847.15700511579,2.36827799630772,0.775953061444094,0.000277692322701096,0.00147790239228957,"up"
"gene-Mettl5",314.278520506336,1.41644442129555,0.423581904940732,0.000277939453783657,0.0014784617853285,"up"
"gene-Pi4KIIIalpha",89.1050971919146,-2.85212950763274,0.971244439515126,0.000279046782792892,0.00148359397797447,"down"
"gene-LOC142982144",639.054373511535,2.14340915185015,0.689003496768543,0.000279312134458026,0.00148424671756409,"up"
"gene-LOC142975219",537.218848251693,0.987364120318841,0.283494741149497,0.000280109988979754,0.00148772703330573,"up"
"gene-pnt",1313.80192089946,-1.98591124392427,0.633089269258499,0.000281839710955194,0.00149582272814456,"down"
"gene-LanA",66.7574070506478,-1.98139018967453,0.627258556531044,0.00028192163233618,0.00149582272814456,"down"
"gene-cass",376.092452307857,-1.19812039042119,0.351524931533513,0.00028213738008026,0.0014962048531001,"down"
"gene-CSN8",214.415818532327,1.0361604176598,0.29885976441067,0.00028230911409799,0.00149635329824851,"up"
"gene-LOC142984422",65.421280404988,-1.685298091527,0.519512689415985,0.000284038890011122,0.00150475564631846,"down"
"gene-LOC142974069",78.8378428213031,-2.51317856709909,0.832523670027283,0.000284930000471471,0.00150846935374382,"down"
"gene-LOC142982552",640.417086122871,-1.19537480537964,0.351233044166104,0.000285029704016723,0.00150846935374382,"down"
"gene-LOC142979371",82.5341455658499,-2.7112351168287,0.921077062416201,0.000285534343360732,0.00151037221259412,"down"
"gene-LOC142978319",92.135409426746,-1.7785269864854,0.55480456435889,0.000286921027589196,0.00151693646379052,"down"
"gene-LOC142979655",10.36177942563,-4.26166291834364,1.4533989952057,0.000288681854065035,0.001525471117166,"down"
"gene-Sdc",57.8284210823522,-2.19836791418028,0.717383710044813,0.000291125614951704,0.00153760408505695,"down"
"gene-LOC142976791",13447.5754560815,1.70745342544224,0.534001493130638,0.000292640544043351,0.00154376750268386,"up"
"gene-LOC142982451",456.303496102608,-1.53164083395112,0.466457945262503,0.000292737468808639,0.00154376750268386,"down"
"gene-Coq9",1065.81675307376,1.36081329509293,0.406607840530307,0.000292497229990042,0.00154376750268386,"up"
"gene-LOC142980729",411.775235527354,2.4001998596463,0.793765960661896,0.000294135213356025,0.00155035320052467,"up"
"gene-LOC142987437",56.0986274179943,-3.1366823486269,1.05992600928631,0.000295438730395917,0.00155630227667349,"down"
"gene-LOC142982516",2827.74471996565,-1.91474551549261,0.609876189100468,0.000295562881938856,0.00155630227667349,"down"
"gene-LOC142978428",270.127315045853,2.63909966190512,0.892813417538193,0.000296236678140388,0.00155855908553906,"up"
"gene-Gip",2734.87721597745,1.59151512457543,0.487188293230852,0.000296290915492969,0.00155855908553906,"up"
"gene-LOC142977406",52.2037674268414,3.87563877055556,1.43894826589754,0.000296583170310014,0.00155930848632689,"up"
"gene-BCL7-like",181.53315040198,1.50310976306283,0.455873578416265,0.00029682062824049,0.00155976917717491,"up"
"gene-LOC142976177",271.20344637264,1.32050702783351,0.393486224747751,0.000299710441143404,0.00157416028875017,"up"
"gene-LOC142972931",44.3018194296166,2.42691448831939,0.808055692886964,0.000300943136471424,0.00157983764531897,"up"
"gene-LOC142979074",381.818640082643,2.19287626129843,0.713083595342873,0.000301450210797645,0.00158170196290498,"up"
"gene-Rcc1",378.083012770075,-1.45840509804043,0.441849421423544,0.000301901513029083,0.00158327191467645,"down"
"gene-eIF2beta",3704.20470518629,1.93819140702566,0.61565096938537,0.000303358500905936,0.00158873127116453,"up"
"gene-LOC142977526",82.8556313889892,-1.85911300938665,0.586295299950317,0.000303189476436636,0.00158873127116453,"down"
"gene-heph",148.004666410733,-1.44204595414542,0.436169760233957,0.000303400361870806,0.00158873127116453,"down"
"gene-140up",207.931644861084,1.76024206235879,0.555015011882812,0.000305215488044941,0.00159743249399087,"up"
"gene-LOC142979611",14.2197093454266,5.042872116998,1.84031695618458,0.000306651653761234,0.00160414257068063,"up"
"gene-LOC142979544",118.238574566395,-1.67015594796659,0.517834574445222,0.000308740871625516,0.00161426040864974,"down"
"gene-Mcm3",73.3236526363786,-1.8929084607462,0.601096835471711,0.000309786675925271,0.00161891530942875,"down"
"gene-Liprin-beta",184.487622070996,-1.20899776041841,0.358032131387474,0.000310253172886977,0.00162053965366454,"down"
"gene-LOC142983596",1169.03990505356,1.15115761421391,0.338289756536061,0.000311820189884787,0.00162790781178568,"up"
"gene-LOC142973321",149.0887687603,1.44674459752505,0.438895427728762,0.000312028371528126,0.00162817811910165,"up"
"gene-Ttc7",62.5176363367208,-1.52622130442863,0.464282484400777,0.000314191155887253,0.00163864225089494,"down"
"gene-LOC142977496",190.878748891642,-2.3526505813832,0.7847538403455,0.000314554784222156,0.00163966862640311,"down"
"gene-l(1)G0004",2496.20634498937,1.65537589991444,0.513062420865909,0.000314702969793797,0.00163966862640311,"up"
"gene-l(3)mbt",55.1387195214736,-2.15552121057051,0.703033630187141,0.000314910839734486,0.00163993088626113,"down"
"gene-l(3)76BDm",278.814957429867,-1.44033011351786,0.437329558655503,0.000315386486568562,0.00164158666258937,"down"
"gene-LOC142980128",62.4382830000356,-2.76764682551597,0.960131596993181,0.000315831802567603,0.00164226227009428,"down"
"gene-Mif",4110.48297670057,2.61067038998501,0.885814021541927,0.000315787133272076,0.00164226227009428,"up"
"gene-snRNP-U1-70K",220.886135774329,-1.46126198902589,0.444037232405886,0.000316192729318357,0.0016433181788338,"down"
"gene-sgl",147.625939092163,-3.70486813704063,1.37756711355215,0.000316823656269287,0.00164577557972219,"down"
"gene-Gbs-76A",357.436212099628,-1.88363411028453,0.600120098552066,0.000317517620226914,0.00164773600526529,"down"
"gene-LOC142987317",1164.36424833376,-1.52198056047994,0.466966974447478,0.000317386215983375,0.00164773600526529,"down"
"gene-LOC142981835",549.762963844573,-1.31215642275023,0.393200718249968,0.00031826642167311,0.00165079892855858,"down"
"gene-LOC142977011",5037.24503711499,3.2735901744992,1.17357157152703,0.00032038033899939,0.00166093592080859,"up"
"gene-LOC142987295",432.805256777618,1.89948510636633,0.604681074276784,0.000321223354640246,0.00166447741254602,"up"
"gene-LOC142979184",3317.83732624913,1.76289666959221,0.55356531337128,0.000321704192118511,0.00166542205007758,"up"
"gene-Paf-AHalpha",182.987540087896,1.51702742768398,0.464168248432316,0.000321725623698944,0.00166542205007758,"up"
"gene-LOC142977481",40.7614636187492,5.12381665901935,2.05985418274246,0.000323976455972554,0.0016762400132576,"up"
"gene-LOC142983740",219.596541131551,-1.65242183151357,0.514571030298971,0.000324320482049559,0.00167718639748431,"down"
"gene-koko",289.550447981107,1.73508018988216,0.543393240526958,0.000325025506169423,0.00167999777518555,"up"
"gene-LOC142972986",126.038726123259,1.96053791356944,0.628479173316413,0.000325603906147797,0.00168215219007373,"up"
"gene-LOC142972247",4613.13212211474,1.59467736444506,0.493357168257635,0.000329174638475947,0.00169975594570169,"up"
"gene-LOC142973600",1089.69875723039,-2.30597562981213,0.774734420992875,0.000329393528610278,0.00170004295133019,"down"
"gene-LOC142981610",119.906351070023,-2.3193740045731,0.777694075779586,0.000331372617859576,0.00170863949622045,"down"
"gene-LOC142983620",203.092231763981,1.53000525716264,0.469802261369944,0.000331387429670422,0.00170863949622045,"up"
"gene-lqfR",505.742236829396,-1.36744841496246,0.413927676416812,0.000332250321729153,0.00171224051940618,"down"
"gene-LOC142979788",67.6738221379519,3.80998374701967,1.42778839257162,0.000333072817820263,0.00171562990277533,"up"
"gene-LOC142984134",326.081080666541,-1.58084296114862,0.489539464550597,0.000334891198994645,0.00172414311648578,"down"
"gene-LOC142978531",2094.17018516888,2.44828251681682,0.823743241629784,0.000336304261473538,0.00173056221549161,"up"
"gene-LOC142982843",244.766776038322,2.98256398560157,1.05530432912032,0.00033731988144375,0.00173464916326656,"up"
"gene-LOC142979508",1573.04081336426,1.9079130484967,0.610841675895108,0.000337598386626134,0.00173464916326656,"up"
"gene-Prp4k",173.715325508278,-1.44186688011956,0.438528483984139,0.000337520622153713,0.00173464916326656,"down"
"gene-ND-PDSW",2427.34246880406,1.65697912255653,0.51797181499292,0.000338151096918152,0.00173631054672631,"up"
"gene-RpS16",22573.245207135,1.51303841759575,0.466052048392594,0.000338422103679893,0.00173631054672631,"up"
"gene-LOC142978828",260.165102106096,-1.49316181170803,0.459108794707143,0.000338331351273262,0.00173631054672631,"down"
"gene-Gcn5",225.786043541979,-1.10486347562377,0.328466892275133,0.000339168258269976,0.001739281560882,"down"
"gene-LOC142972293",169.502050493923,1.46511738443878,0.447968478058224,0.000341350795353737,0.00174875087580335,"up"
"gene-LOC142987412",1205.25601044819,1.36566219698869,0.414041488878135,0.000341263600687448,0.00174875087580335,"up"
"gene-LOC142974898",359.641986320426,4.84846029444375,2.01165581081136,0.000343568308942844,0.0017586610187409,"up"
"gene-sol",19.1670762956612,-3.2720915061184,1.12312916826473,0.00034362310394995,0.0017586610187409,"down"
"gene-LOC142982608",131.110701249928,-1.79374752639812,0.570454966307607,0.00034426168342865,0.00176106345183894,"down"
"gene-LOC142977499",3483.19615707066,2.35290712718171,0.78821851658776,0.000344666379571752,0.00176226768729958,"up"
"gene-S6KL",324.363418879515,-1.65960392808772,0.525310959018242,0.000347664964980864,0.00177672669879764,"down"
"gene-LOC142973662",2256.05607101735,1.92071915796302,0.617976974202956,0.000348652121385171,0.00178089724417057,"up"
"gene-swi2",94.1359982128984,2.21802501552891,0.734847482793928,0.000348867721334375,0.00178112456061346,"up"
"gene-adp",118.550864155042,-1.74077731802375,0.551423102512726,0.000349827190011651,0.00178514757255945,"down"
"gene-LOC142984719",554.724694105637,-1.75124443140174,0.558838825687198,0.000350710855305242,0.00178878001162546,"down"
"gene-Tm1",22555.6919607272,2.08122508375585,0.683918412485039,0.000351290059939897,0.00179085676982092,"up"
"gene-ACBP-like",197350.260790393,2.62014001846852,0.898051403516886,0.000352442514393784,0.00179419031027993,"up"
"gene-Chrac-16",65.0926857002916,1.84888719537013,0.589766001860948,0.000352149315919179,0.00179419031027993,"up"
"gene-LOC142981515",62.6216774566532,1.69781100833372,0.53341629715632,0.000352461016764885,0.00179419031027993,"up"
"gene-LOC142974566",5743.38431342593,3.51668431854602,1.29901075265818,0.000352812568910305,0.00179510207348792,"up"
"gene-LOC142974638",61.7490646435652,1.73206537517833,0.546164890884654,0.000353970556770868,0.00180011406740828,"up"
"gene-Hmg-2",361.66333086705,1.46089849099944,0.448094855270521,0.00035604641986279,0.00180978673377522,"up"
"gene-LOC142987619",1963.3473590841,1.79151764409253,0.569988970913257,0.000358051828805507,0.00181731815595579,"up"
"gene-LOC142975423",1149.0337874417,-1.72542398813651,0.550997184087314,0.000358032762518872,0.00181731815595579,"down"
"gene-LOC142985598",1053.44185346898,1.13857060776851,0.337740095420341,0.000357741949460504,0.00181731815595579,"up"
"gene-Smox",410.544703108444,-1.34327841828276,0.407949723329753,0.000358849244512414,0.00182047789248257,"down"
"gene-LOC142979424",4694.37174799402,3.14223953743295,1.13314584775145,0.000359499964537107,0.00182289071155932,"up"
"gene-LOC142978795",65.9366141911507,1.4994494332465,0.462257871299985,0.00035977078946482,0.00182337581223407,"up"
"gene-LOC142982684",54.5331418877846,-6.20386092431342,2.53281125314026,0.000360719251193823,0.00182641010936009,"down"
"gene-LOC142979710",987.077324451539,-2.2385455973759,0.750407356247199,0.000360745344426006,0.00182641010936009,"down"
"gene-Cypl",352.003735004542,1.69980386469603,0.535860930003761,0.000360895830447041,0.00182641010936009,"up"
"gene-LOC142982701",49.130521254399,3.01749344041077,1.07963101519458,0.000362228666071537,0.00183226453537643,"up"
"gene-LOC142974243",244.620442285717,-1.70739117088586,0.541590498785729,0.000362655793388584,0.00183353414724388,"down"
"gene-LOC142980313",170.318497266114,2.53064036112737,0.86525531861339,0.000363292157633054,0.00183585988396121,"up"
"gene-LOC142974072",905.502541823489,1.08309230123273,0.318074602524004,0.000364360605106965,0.00184036579289835,"up"
"gene-LOC142979208",355.387578407572,1.87602746723107,0.602518394988544,0.000364778040692753,0.0018415807001026,"up"
"gene-grsm",1313.17832967203,-2.03016325734636,0.669349080518115,0.000365268820482956,0.00184286453546034,"down"
"gene-Cdc37",2158.18054807028,1.69641594259234,0.536248835988971,0.000365386397808852,0.00184286453546034,"up"
"gene-LOC142986790",279.374907451124,-1.65298737172594,0.520311521662519,0.000365994556199916,0.0018450379322233,"down"
"gene-LOC142982923",6.95477910243647,6.64453556300789,3.20305086796434,0.000368353447744699,0.00185603068297305,"up"
"gene-LOC142973982",49.6702794458168,-1.77629525400654,0.564534726030091,0.000368750584924512,0.00185713284424972,"down"
"gene-pix",3187.87162722493,0.680804008402417,0.194975823537404,0.000369479293511098,0.00185990302004378,"up"
"gene-cry2",1366.78797174828,-1.3632779171166,0.416851589622041,0.000370767581530311,0.00186548599503651,"down"
"gene-eIF3f1",2931.75772949702,1.21409688751338,0.364477495306188,0.000371782585150356,0.00186968923256773,"up"
"gene-atl",1202.28026944461,-1.90355427668386,0.617610161848708,0.000372304111011337,0.00187140791676872,"down"
"gene-LOC142978044",6182.85023116121,-3.82256983357597,1.47993908775107,0.000373213726484242,0.00187507475516456,"down"
"gene-LOC142987546",199.614330908704,-2.40025235582553,0.81982238044847,0.000374101172222725,0.00187862672592309,"down"
"gene-LOC142976890",5031.60370320489,2.43192263919577,0.823796999082133,0.000375304767584707,0.0018837621169512,"up"
"gene-LOC142979065",40.7500273834509,3.15089223529756,1.13450344198728,0.000375629647279595,0.00188448415815932,"up"
"gene-LOC142979427",162.050787760074,2.74253322482224,0.961486730405675,0.000376879164484817,0.00188984205312473,"up"
"gene-Lkb1",170.143084548545,-1.22829081196428,0.370494388903269,0.000377211358231443,0.00189059713008634,"down"
"gene-LOC142972572",9805.90752415059,2.35683756876808,0.800077504580675,0.000377996134997847,0.00189361875136073,"up"
"gene-BORCS6",397.686484903655,1.45831344602108,0.450068629445198,0.000379950794849707,0.00190249532197472,"up"
"gene-LOC142976358",5711.49946512708,-2.61738651227838,0.92629631737218,0.000381418908893422,0.00190892828922141,"down"
"gene-Pa1",156.286935074696,2.36802689912818,0.804878469099318,0.000381923410718236,0.00191053469753813,"up"
"gene-Ubqn",833.78587693026,-1.49362896052302,0.465476411939588,0.000384622890576781,0.0019231144528839,"down"
"gene-RpI12",76.0213647513962,1.96064752565468,0.639531704692141,0.000385649633517638,0.00192732246035459,"up"
"gene-bug",539.974127491906,1.0701211289204,0.317665620747203,0.000387846652846097,0.00193737219583871,"up"
"gene-LOC142975601",1414.52812761003,2.37898151296577,0.809426899930368,0.000388555063948069,0.00193997995956806,"up"
"gene-bic",2664.53971822443,0.886638569236603,0.261352729320449,0.000388791317345266,0.00194022896144018,"up"
"gene-LOC142976402",64.3831960155977,3.90194697038242,1.49837016645837,0.000389995429646572,0.00194530542530945,"up"
"gene-dos",112.250897659516,-1.52630394360088,0.477055589255467,0.000393382413869483,0.00196126002317113,"down"
"gene-LOC142986394",240.93901873621,-1.69456989295376,0.539740830731837,0.000394592552387147,0.00196635158944481,"down"
"gene-LOC142979763",175.12506848618,-1.59814490473096,0.50447450009042,0.000395212863927126,0.00196850043707243,"down"
"gene-LOC142978230",83.0092503769736,1.61952857798694,0.510432653551015,0.000397531244687492,0.00197910103165796,"up"
"gene-Tnks",29.5417917156428,-3.52157682412421,1.30855909817167,0.00039899620447626,0.0019854447842246,"down"
"gene-Rme-8",519.36506560146,-2.45234946109472,0.852271102950596,0.000404419695802598,0.00201147111003585,"down"
"gene-odd",50.9989730779803,-1.70011262208546,0.542470092494566,0.000404963046906002,0.0020132117088307,"down"
"gene-LOC142979335",2566.15263392156,2.54836525468156,0.883199002152095,0.000405158147985064,0.00201322020072769,"up"
"gene-LOC142985407",43.1728870100183,-1.72896090892599,0.553945399118617,0.000412178905568167,0.0020471290109564,"down"
"gene-LOC142986615",65.861340082026,-2.20258960115594,0.738290170617125,0.000415704062337087,0.00206365249829713,"down"
"gene-mRpS31",634.298102688564,1.2597996613395,0.383598752461439,0.000416093039017559,0.00206459892095938,"up"
"gene-LOC142987654",53.1672400976599,-2.78622681857782,0.982945255023059,0.000416546076468845,0.00206487840763842,"down"
"gene-Eip75B",3107.60097189536,-2.34227119261506,0.806065979228289,0.000416408976157864,0.00206487840763842,"down"
"gene-exd",2143.46553080081,-1.3586651114482,0.419529793967985,0.000417558046462362,0.00206890969237182,"down"
"gene-twr",1112.40330026912,1.93231098612203,0.63744905775138,0.000418262186994356,0.00207141263873037,"up"
"gene-Mitf",166.251148769078,-1.41674664978449,0.440566476575007,0.000418514657447599,0.00207167740562506,"down"
"gene-grn",583.872411342983,-2.51292242690621,0.878458732896919,0.000418926461804987,0.00207273026016631,"down"
"gene-eIF4A",20373.8422771819,0.907517302768758,0.266523708973284,0.000419153914665165,0.00207287042834412,"up"
"gene-chico",348.068117471892,-1.80969894452174,0.588063488631186,0.000419832024773781,0.00207523807117524,"down"
"gene-LOC142975138",76.2582193865064,1.57753838034902,0.497672108492325,0.000422572148413975,0.00208779120312742,"up"
"gene-LOC142987264",1034.87081554387,1.14755015081556,0.34519519188416,0.00042297372757939,0.00208878392035173,"up"
"gene-LOC142978974",748.406740125366,1.64959522997458,0.525681890634052,0.000424605799825546,0.00209584939600945,"up"
"gene-LOC142980698",1675.35832388886,-1.91714696330262,0.638420963197741,0.000425216187387481,0.00209786754061785,"down"
"gene-LOC142984629",28.8861863749308,4.01705406623189,1.54949554271852,0.00042601184588576,0.0020998027062835,"up"
"gene-Tm2",12228.8675791304,2.71026627946626,0.961435403215699,0.000425949665522603,0.0020998027062835,"up"
"gene-LOC142982646",115.229126023663,-1.61125826981927,0.510545415392428,0.000426630769596408,0.00210185816919006,"down"
"gene-Sf3a2",380.061043955762,0.889814799531492,0.262138059342981,0.000428323630887591,0.00210920009344362,"up"
"gene-LOC142973874",402.723924084291,3.66574826971307,1.41286739608676,0.000429139713311977,0.00211221958183342,"up"
"gene-LOC142985631",169.640911830125,-1.72732768234827,0.557392538800697,0.000431101049288386,0.00212087047405109,"down"
"gene-LOC142986774",1279.71257205238,-1.12610373332608,0.337936400435572,0.000431784126093467,0.00212322756383231,"down"
"gene-Pmm2",2733.07501613499,1.6859054045563,0.540774465311891,0.000432023486928972,0.00212340155756874,"up"
"gene-Gdap2",5139.32235994415,-2.12133591637266,0.740310930479173,0.000434589426050333,0.00213299194963884,"down"
"gene-Fur1",362.363299945513,-1.23883170045345,0.379061772835208,0.000434485666513729,0.00213299194963884,"down"
"gene-CycH",289.663587361061,1.00873915965693,0.300190303143392,0.00043420360534843,0.00213299194963884,"up"
"gene-U2af50",1121.46276621501,0.986667017181044,0.293118321641327,0.000435586674380262,0.00213687901993333,"up"
"gene-fax",58.0969357259101,-2.34664691681982,0.81224142600017,0.000435896206328434,0.00213739025335799,"down"
"gene-Drp1",560.134015147562,-1.24085879656653,0.379521621023947,0.00043730309493092,0.00214327929295239,"down"
"gene-KdelR",2328.65490853324,1.82882314767674,0.595771575791587,0.000437565440578129,0.00214355587596156,"up"
"gene-Snf4agamma",1481.16019590122,-2.66399036755312,0.950649473412813,0.000438193964695426,0.00214562519872032,"down"
"gene-Rat1",156.858051495095,-1.71311201603518,0.553097858317357,0.0004392334697963,0.00214970400591419,"down"
"gene-GXIVsPLA2",329.615425330594,1.84097783581284,0.600901420663472,0.000440184311458258,0.00215334524543255,"up"
"gene-syd",209.43268030471,-1.80787582862751,0.590490174026459,0.000441848396338295,0.00216032821887913,"down"
"gene-LOC142980878",326.69709374568,-0.962825946217042,0.286576849221934,0.000442026811355673,0.00216032821887913,"down"
"gene-LOC142987259",169.921582644485,2.50919900818493,0.878335115220775,0.000442319175502823,0.00216074266400018,"up"
"gene-Uev1A",5660.62666453587,1.37431867869582,0.430291630644197,0.000442559035527441,0.00216090035639806,"up"
"gene-CAHbeta",258.441182361346,2.15464686641761,0.727910419534886,0.00044389738245247,0.00216641901140657,"up"
"gene-LOC142987119",192.802531827919,2.6882796083348,0.956430285549806,0.000444871416652606,0.00217015531741032,"up"
"gene-LOC142985013",938.128851797489,-1.2243673670585,0.373831065197399,0.000448962397340431,0.00218908597485428,"down"
"gene-vvl",21.3182995975426,-2.5297602804289,0.8756104454815,0.000449247730226578,0.00218945171894133,"down"
"gene-LOC142981347",74.3752622528892,-1.83427104940085,0.600465010376506,0.000449646931730627,0.00219037181062977,"down"
"gene-LOC142987312",1962.91846837124,-2.72425161743261,0.98409546319923,0.000451101386719534,0.00219642910933132,"down"
"gene-LOC142973059",76.0186041891621,2.03914600332089,0.681878662309226,0.000451739807014629,0.00219748195842163,"up"
"gene-LOC142974756",1718.60666298998,-1.87744237220022,0.622193712140425,0.000451708416119172,0.00219748195842163,"down"
"gene-Hsc20",788.378855833559,2.39560323871883,0.829488627510568,0.00045203676747403,0.00219789946258975,"up"
"gene-LOC142978175",563.917054784524,2.72384527798397,0.977689636530033,0.000453157824384231,0.0022023216395144,"up"
"gene-LOC142977333",489.641182693768,1.11593902262049,0.337493453076304,0.00045539866381045,0.00221217923017582,"up"
"gene-Mpk",129.959704343071,1.61921441707053,0.517606288604332,0.000456026532224244,0.0022141959890179,"up"
"gene-Srrm1",1729.07313448884,-1.20010393624732,0.366764646410818,0.000458226685340516,0.00222384139598824,"down"
"gene-ana1",224.068317193547,-3.20420751245895,1.21202853658816,0.000460600575855429,0.00223432059396786,"down"
"gene-pea",483.931624579389,-1.45378987254345,0.458392749703749,0.000461195158089849,0.00223616282986275,"down"
"gene-e(r)",186.07979226992,1.3080623289172,0.404366090971365,0.000461751344103054,0.00223781726820894,"up"
"gene-BBS9",32.3021165857532,-4.54315010320624,1.6329269638072,0.000462642041560133,0.0022410905782415,"down"
"gene-Lis-1",503.781837001824,1.31932152286094,0.408138566484765,0.000464133995605872,0.00224727204384052,"up"
"gene-LOC142980260",4990.57358780173,2.92128002184922,1.06624733580283,0.000464948865195251,0.00224912531909041,"up"
"gene-Hlc",128.073636549854,-1.43317277662191,0.449719896552156,0.000464806888565253,0.00224912531909041,"down"
"gene-Cyp332a1",9012.22689927671,1.68554487301262,0.545687911973707,0.000465820986859551,0.00225229747942774,"up"
"gene-LOC142975196",759.692099756577,-2.55273279038997,0.91000661887473,0.000467213544032812,0.0022579818910778,"down"
"gene-LOC142987732",13.6514003331834,-6.14957958471799,3.1469000159025,0.000467443703372604,0.00225804591745188,"down"
"gene-Irbp",777.307328029834,1.57851272181719,0.504451727693218,0.00046890121362696,0.00226403600828231,"up"
"gene-strat",168.445362104545,2.10631052079059,0.71291903230154,0.000470452634342458,0.00227047377074872,"up"
"gene-LOC142981230",4737.40578099038,3.3752812680116,1.28582208007438,0.000471415790617209,0.00227406783147597,"up"
"gene-LOC142974576",584.950042445391,1.61029300042822,0.516725623720982,0.000472930883191171,0.00228031982122283,"up"
"gene-rhea",191.161153754597,-1.71996559616549,0.560183065913204,0.000473177481122438,0.00228045258263175,"down"
"gene-LOC142972348",332.828774091919,-2.3986401675705,0.841623943563782,0.00047362175470746,0.002281537467147,"down"
"gene-crc",11922.3268945695,-0.950808052737914,0.284467142225523,0.0004758879764836,0.0022913940033276,"down"
"gene-LOC142981762",58.6326507753363,1.46851551121758,0.463700679427399,0.000478197636206311,0.00230145048215797,"up"
"gene-CenB1A",229.165147991456,-1.94126978356297,0.648117375972752,0.000478531037536325,0.00230199080441458,"down"
"gene-Ndfip",954.7950700171,-1.92215843689184,0.641871955784452,0.000480960732595339,0.00231261026619745,"down"
"gene-LOC142972527",7501.62893793366,2.23226191409003,0.767190254225976,0.000483261839610295,0.00232153011091055,"up"
"gene-muskelin",80.8378151721103,-1.66969808331477,0.541265444242323,0.000483106280889335,0.00232153011091055,"down"
"gene-LOC142976043",6.82722754321871,3.75384011266129,1.34039302292025,0.000483897102736171,0.0023235096123079,"up"
"gene-Taz",843.990815070217,-1.67952980877588,0.546648786320981,0.000487433671157198,0.00233941194870744,"down"
"gene-MED31",103.388405734082,1.25144619299262,0.385828814739096,0.000488464992395048,0.00234328136904721,"up"
"gene-stv",931.752968112328,-1.80410536948952,0.596482239298169,0.000490687862861362,0.00235286073348078,"down"
"gene-LOC142975911",610.271576832382,1.44880325648693,0.457147372551345,0.000492596492633986,0.00236092517878444,"up"
"gene-Src64B",395.522382843519,-2.24520551271531,0.778698081647596,0.000492979818500203,0.00236167506239628,"down"
"gene-LOC142975585",1410.47099331719,3.0414737806345,1.13890296023042,0.000495201015824481,0.00237122473538769,"up"
"gene-for",1433.54961676416,-2.00337165831943,0.677261806642316,0.000495817183827965,0.00237308362466626,"down"
"gene-LOC142973064",641.591285119823,1.34021176773874,0.418362109971284,0.000496045248295899,0.00237308411523911,"up"
"gene-LOC142985472",323.089601717687,1.54772745126818,0.494768365814688,0.000498676826121872,0.00238457774916338,"up"
"gene-LOC142982946",603.854145860541,-0.728153682446129,0.214631943731262,0.000501265601431935,0.00239585624926834,"down"
"gene-RpL11",20782.5316497969,1.51201958706395,0.481220561196858,0.000502974387394978,0.00240292031793562,"up"
"gene-LOC142980003",524.020966201084,-1.73296733188165,0.571811678504734,0.000504061566228359,0.00240700958919138,"down"
"gene-LOC142978691",186.310861503794,-1.41046010416897,0.444410709774497,0.000504474641933958,0.00240787758942343,"down"
"gene-LOC142976484",242.310418802423,2.28490734258844,0.794271072555983,0.000506640199238827,0.00241704360275846,"up"
"gene-RpII18",852.64851263256,1.21121018202705,0.373375410617552,0.000506859383748485,0.00241704360275846,"up"
"gene-LOC142973648",4336.89524268699,2.66176121050049,0.959835263206584,0.000509277356299834,0.00242649072843447,"up"
"gene-LOC142982535",833.402498306756,-2.10552385690039,0.72285105522685,0.000509306651453344,0.00242649072843447,"down"
"gene-Hip1",2401.22998080551,-1.79801062577294,0.595878093035531,0.00050996930944508,0.00242853637297497,"down"
"gene-LSm7",311.976560177102,1.92986521358808,0.64636817062659,0.000512646412949129,0.00244016879689091,"up"
"gene-Pi4KIIalpha",1089.3901308487,-1.44569859019364,0.463582185721458,0.000513285697105349,0.00244097949148775,"down"
"gene-hpo",113.789662532058,-1.38643303576693,0.437704327543242,0.000513132801336211,0.00244097949148775,"down"
"gene-SmB",535.512501446037,1.53518199490576,0.491565199204414,0.000513828012880041,0.00244244274615581,"up"
"gene-TpnC25D",1239.85351926424,3.16621426021902,1.20585582491015,0.000514500182391832,0.00244452163336329,"up"
"gene-LOC142973209",665.122604911465,1.22692097068341,0.379276517769007,0.00051544856085376,0.00244791036427356,"up"
"gene-LOC142980543",81.3840451466449,-3.60095445646315,1.41036686437126,0.000515871707119621,0.00244880276840641,"down"
"gene-LOC142981377",33.0552602283348,2.71838666536411,0.983747731940442,0.000518083829912973,0.00245818262050777,"up"
"gene-RalGPS",63.856353183477,-1.57579721335913,0.505145508686567,0.000518512614001779,0.00245909626959386,"down"
"gene-LOC142972901",326.186431500023,-1.77601697292117,0.587704622663519,0.000520486183274238,0.00246620899767174,"down"
"gene-CSN6",748.510445993271,1.08172730517512,0.329533831222072,0.000520356351906243,0.00246620899767174,"up"
"gene-LOC142979827",292.784355186404,2.2467168470705,0.780543167856418,0.000522155765927822,0.0024729943236163,"up"
"gene-GSTz1",385.37935274519,1.91244897816619,0.640960587927976,0.00052932364639169,0.00250580225508753,"up"
"gene-LOC142987398",2312.86043200622,1.73206609968166,0.569696199378648,0.000531706453055843,0.00251494986393378,"up"
"gene-slim",324.959353494116,1.62082801661851,0.526087309425601,0.000531739159511839,0.00251494986393378,"up"
"gene-LOC142976426",12.3333651040846,3.44033722323719,1.31516684714425,0.000535419749339222,0.00253120780682166,"up"
"gene-mRpL17",512.434849816873,1.61673078986066,0.525325965867164,0.000536024767065306,0.00253291775994092,"up"
"gene-LOC142977772",319.773051001778,2.87329384746607,1.06907227950839,0.000537244044968269,0.00253637664767333,"up"
"gene-LOC142983131",54.2600504342109,-2.07248085800771,0.710405132214331,0.000537044399305288,0.00253637664767333,"down"
"gene-mRpS28",707.224889860739,1.68285986763923,0.549349609236706,0.000539377200083235,0.00254529313366567,"up"
"gene-botv",39.7196670112888,-1.99116747507453,0.672802858393616,0.000541707320713011,0.00255513058841071,"down"
"gene-LOC142983688",60.5548193667393,-1.96006099618662,0.664793412650646,0.00054346429212197,0.00256225692073809,"down"
"gene-Fatp",1289.53707173948,-1.57014589630495,0.51073442999563,0.000543928102424939,0.00256328272804147,"down"
"gene-LOC142979957",39.7321304765599,2.15700188230306,0.747326432918551,0.000548261478709686,0.00258253483862798,"up"
"gene-spg",127.051464176507,-1.63922674498098,0.536052904698047,0.000549813092083258,0.00258867222459824,"down"
"gene-CRIF",333.341525192758,1.75970696050573,0.588439459956289,0.000552946936246105,0.00260225027410577,"up"
"gene-Atac1",175.688873157972,1.38043175064278,0.437408864205397,0.000553670726010643,0.00260447910427962,"up"
"gene-LOC142981003",12089.4850113277,2.31926662184811,0.81651468247354,0.000554092558964012,0.00260528615122645,"up"
"gene-LOC142974120",3335.68717880552,1.28738780545476,0.405519952107801,0.000558617105949023,0.00262537429929089,"up"
"gene-Or-60",322.809962146748,2.90576747627182,1.0902942015988,0.000559145980034577,0.0026266740307581,"up"
"gene-Pka-C3",424.584252036069,-2.19858416198792,0.771519936928753,0.00056317542888099,0.00264440965929233,"down"
"gene-LOC142975769",2435.89675523541,1.56832825726855,0.510206597133982,0.000564679333410593,0.00265027586149877,"up"
"gene-DnaJ-8",395.149289069701,2.03642204215801,0.698047944995747,0.00056621056830051,0.00265626499144133,"up"
"gene-LOC142981540",271.307300705873,-1.1653518559547,0.36167761061362,0.000568633516280446,0.0026664301371529,"down"
"gene-Mpi",2267.76696190039,-3.07975483229643,1.18898335704543,0.000569318086442741,0.00266843821696035,"down"
"gene-Fnta",2672.73821405162,1.36382850412407,0.432815086286477,0.000571509948020994,0.00267750610211456,"up"
"gene-mnb",1917.36447999802,-2.64895347562973,0.980287928729381,0.000571878650147123,0.00267802822673484,"down"
"gene-LOC142984091",1144.8860243883,-2.75788072468914,1.03107466416892,0.000573980906418564,0.00268666422473797,"down"
"gene-Jhbp16",5.15221184843186,5.80584536547581,2.96399827314124,0.000574388262980776,0.00268736261466511,"up"
"gene-LOC142978104",1188.79149894293,2.1544251498454,0.749669792803014,0.00057686066010276,0.00269771764225954,"up"
"gene-LOC142974956",261.591683373394,-3.96175501121469,1.6572326971693,0.000577775026485349,0.0027007804336383,"down"
"gene-LOC142982719",754.715149783547,-1.60069734878318,0.52398346528564,0.000579658372868801,0.00270836789118681,"down"
"gene-Klc",670.902284399213,-1.88641812095837,0.641312622013749,0.000582992665305109,0.00272272482989062,"down"
"gene-LOC142983420",101.096963267302,-1.74421791657101,0.583328598398147,0.000586031623051989,0.00273569022240861,"down"
"gene-LOC142975076",4575.7527245874,2.56999034534263,0.936339371350027,0.000586756534554782,0.00273784649247659,"up"
"gene-LOC142987113",12472.999075364,3.25954771400371,1.27081874844838,0.000587488531565307,0.00274003387705862,"up"
"gene-Polr1C",315.945146224956,1.2682167320381,0.398802180203296,0.000588358876804451,0.00274286426669697,"up"
"gene-Taf2",249.06393946191,-1.26067611907501,0.397081219409624,0.000588826780142848,0.00274381682242034,"down"
"gene-Ccm3",1135.25656632718,1.10738827836907,0.34166581698075,0.000589490293907616,0.00274567962397239,"up"
"gene-LOC142975834",1195.02211244479,-2.03042550066118,0.706977065338986,0.000591552740578944,0.00275405368042344,"down"
"gene-LOC142973216",671.266134629827,1.45382865874332,0.467456582210125,0.000594181940856267,0.00276505766844601,"up"
"gene-Tim10",728.582195154814,1.61358301475435,0.529401614416123,0.000598098968096742,0.00278106354166751,"up"
"gene-Bap111",326.138466911805,-1.23485966764342,0.386136776355234,0.00059815574157479,0.00278106354166751,"down"
"gene-LOC142979741",656.542897266751,-2.24547466846361,0.796610996247384,0.000598582061740082,0.00278180324228315,"down"
"gene-Rchy1",251.114552623008,-1.17714685293231,0.368086036918597,0.000600178832056255,0.00278797931356788,"down"
"gene-Mcm6",107.652366885807,-2.23069865109892,0.793108594992724,0.000603180116534015,0.00280067128149826,"down"
"gene-drosha",50.4909275334209,-1.97627082626969,0.677356612860569,0.000605068011533652,0.00280818457426006,"down"
"gene-swm",151.684955429067,-1.43326596270422,0.460305416130514,0.000606208267205101,0.00281222284385254,"down"
"gene-Btk29A",163.240331511117,-1.14535597039423,0.356688881842073,0.000606789381887094,0.00281366479529828,"down"
"gene-Pdzd8",1246.6362820309,-2.30904014017545,0.828549774559731,0.000610322934470715,0.00282878973634913,"down"
"gene-LOC142984729",41.1311483210517,-2.54558368840088,0.925591731923738,0.000612361412980789,0.00283697477041834,"down"
"gene-LOC142976246",353.062077946547,-1.9243268995622,0.661447449405323,0.000613478358858644,0.00284088510485698,"down"
"gene-Ubr1",52.2636640750727,-3.5682405656159,1.42244474386769,0.000614444538572839,0.00284409410695565,"down"
"gene-mus101",57.1234909760616,-2.36968281138058,0.86227248599004,0.00061854987534597,0.00286182408993402,"down"
"gene-LOC142978465",38.7288649508478,-1.87444877526231,0.637950173123317,0.000620042812950297,0.00286745698925482,"down"
"gene-LOC142975892",3831.04690516844,2.06031879057602,0.715124739614989,0.000620828693461359,0.00286854269815035,"up"
"gene-LOC142976382",297.626823883589,-1.32818633011251,0.422150814751215,0.000620574923363404,0.00286854269815035,"down"
"gene-Adi1",852.959853372791,1.23062490206231,0.388447706219071,0.000624014646219408,0.00288198423564509,"up"
"gene-LOC142974709",29.7356070606382,-2.46541830277676,0.89441880064296,0.000626178114528859,0.00289069364622857,"down"
"gene-LOC142982161",24.700914078354,2.43377303394689,0.884158362136558,0.000629931041498852,0.00290672967287369,"up"
"gene-LOC142982437",506.578413523364,-1.51271661900549,0.494514596239321,0.000630790142692608,0.00290940424697831,"down"
"gene-LOC142980237",126.929929537903,2.16732044135359,0.763505970473088,0.000635615131256143,0.00293036028183191,"up"
"gene-LOC142980046",1488.86456220106,2.59818204689284,0.959939498734443,0.000640102051914103,0.00294420046332877,"up"
"gene-dop",305.546218549926,-1.57291858519511,0.519357575813489,0.000639585264578861,0.00294420046332877,"down"
"gene-LOC142987625",2009.25085516424,1.48762265050053,0.485842354793642,0.000639432583405155,0.00294420046332877,"up"
"gene-RPA2",435.833045340007,1.38967749683584,0.447355019012717,0.000638968613217617,0.00294420046332877,"up"
"gene-LOC142979962",605.146516347114,-1.38669997738118,0.446601702369861,0.000640012189807495,0.00294420046332877,"down"
"gene-ttv",248.243311931982,-1.16408481395345,0.365833156454099,0.000640314106529907,0.00294420046332877,"down"
"gene-LOC142987538",2965.09436312776,-2.68042184461981,1.01117719793316,0.000644697034609739,0.0029630446491335,"down"
"gene-Dph3",294.07326556014,1.69549011429244,0.56657924890283,0.000649557884447278,0.00298406777453494,"up"
"gene-Taf13",673.81982631929,1.40009536215645,0.452604504809167,0.000650352899821596,0.00298640215577539,"up"
"gene-Dera",1277.60781830876,1.51318636772981,0.495601005035631,0.000651640642791778,0.00299099607207337,"up"
"gene-LOC142984671",584.844418847906,-1.24693900772738,0.395564873000551,0.000653713191072928,0.00299918656635927,"down"
"gene-LOC142975254",161.741279794666,1.07889623286747,0.335547437720535,0.000655063060786923,0.003004055710481,"up"
"gene-Nct",376.022649297225,-1.3885450822173,0.449281821708665,0.000658020009114049,0.0030162872280393,"down"
"gene-LOC142983803",85.5175702408049,-2.87018199994651,1.10116087854537,0.000660799358325986,0.00302769424303412,"down"
"gene-LOC142972605",91.1465754166922,-1.95069304476741,0.675027856496565,0.000661496987848697,0.00302955725627142,"down"
"gene-cnk",37.916234968061,-3.12503659975846,1.24596211145403,0.000663934729359118,0.00303938457899227,"down"
"gene-l(1)G0320",5470.21035525791,1.88045146611826,0.644719229237372,0.000670149061759313,0.00306648427820415,"up"
"gene-jumu",131.977051168242,-1.91609416914182,0.663892146006599,0.000671192011399188,0.00306990722261228,"down"
"gene-LOC142987131",3761.03001913362,2.53567263283127,0.937251776361719,0.000673644138516363,0.00307976964512751,"up"
"gene-LOC142980986",3521.96607908178,2.2657170063781,0.81322385552196,0.000675121325119578,0.00308516812752186,"up"
"gene-LOC142983653",7.49956129044799,-4.32053869420258,1.70761521024196,0.000675645893301802,0.00308621050867563,"down"
"gene-LOC142972878",11778.7486059358,3.46140592769244,1.3951846291096,0.000678203085223489,0.00309517497464994,"up"
"gene-Not3",550.901794056187,-1.26412331820063,0.404022673877166,0.000678178094433305,0.00309517497464994,"down"
"gene-H",197.432643788261,-1.52412840475803,0.502697269463944,0.000686888841541167,0.00313344120965975,"down"
"gene-Gar1",70.7023876116112,-2.46105455340238,0.908940886260587,0.000687210663409789,0.00313353613933241,"down"
"gene-LOC142978788",8341.80827526321,2.87881657799393,1.09680010732385,0.00069234876149774,0.00315395780213927,"up"
"gene-LOC142985427",158.424781653469,-1.61069007538584,0.537999278721212,0.000692254673138152,0.00315395780213927,"down"
"gene-LOC142981085",171.09816708821,-1.38858438727172,0.4512876702085,0.000692598226291103,0.00315395780213927,"down"
"gene-LOC142977853",1366.8911358488,-1.75946415612993,0.600920224791129,0.00069627486617504,0.00316931410445219,"down"
"gene-LOC142978409",44.7995364406147,1.58074577973447,0.523854643887064,0.000697069960621207,0.00317154645544876,"up"
"gene-LOC142974689",181.419637919393,-1.31667909517982,0.423616678434198,0.000697800308759591,0.00317348240025659,"down"
"gene-LOC142972461",458.688568052378,1.49939552311696,0.493418526328274,0.000703096525614521,0.00319617241556644,"up"
"gene-LOC142987645",107.981236948826,0.908374398238697,0.279075620674586,0.000705566669803274,0.00320600132372417,"up"
"gene-mthl1",68.193532766077,-3.52471647180569,1.37073842689127,0.000706095095861219,0.00320700259507648,"down"
"gene-sl",70.3951386017128,-1.49013068209472,0.489420609861443,0.00070835858099896,0.00321587999485354,"down"
"gene-wapl",396.831440699652,-1.1809653196113,0.374896625506596,0.000708676251385072,0.0032159196935129,"down"
"gene-LOC142972416",297.458169850688,-1.64665880734928,0.554165137799972,0.000709829200108347,0.00321974813643917,"down"
"gene-Phb1",1882.04706053178,1.48673881723913,0.488996185005233,0.000711729918852686,0.00322696361291658,"up"
"gene-Su(dx)",2085.00612690372,-1.00589525635136,0.313682450340406,0.000716540457783959,0.00324736010689204,"down"
"gene-CD98hc",1270.29270117125,-1.50875662134928,0.500285749321168,0.000718943291496778,0.00325641998020148,"down"
"gene-LOC142983831",116.398049368523,-1.31651759365171,0.42456551371078,0.000719165181026244,0.00325641998020148,"down"
"gene-Myc",246.389489834738,-1.77103286553006,0.606288682150306,0.000720270092622189,0.00326000507138999,"down"
"gene-LOC142984023",35956.7569007685,3.26814799588819,1.31558028942305,0.000720847697977431,0.00326120144978055,"up"
"gene-LOC142980137",216.726237533857,1.77508646599295,0.605667114263139,0.000722794234615542,0.00326858730770972,"up"
"gene-LOC142981766",260.277322198708,4.3615949697627,2.00526634998494,0.000724046955811556,0.0032717294036409,"up"
"gene-LOC142975866",495.006157452888,-0.946112170546073,0.293355019766816,0.000724117631699197,0.0032717294036409,"down"
"gene-APC10",936.771884370267,1.52338238097864,0.505565750276122,0.000724492532527228,0.0032720031512401,"up"
"gene-ssh",487.274183326922,-1.80489667242286,0.620924305816103,0.000730090049190997,0.00329585317089258,"down"
"gene-LOC142985437",2793.87179113953,-1.51521191180135,0.50720510973467,0.000730505177604917,0.00329629774549943,"down"
"gene-yem",221.093863495859,-2.19085138502904,0.79373717934326,0.000731006916424691,0.00329713258231414,"down"
"gene-scra",411.090841245663,-3.72602998719333,1.61429280078368,0.000734636471239409,0.00331206828306724,"down"
"gene-LOC142973635",978.929664988201,-1.96340123428126,0.691021960457816,0.000735657767229707,0.00331523695102219,"down"
"gene-LOC142986201",77.9273127128343,-1.44936766276417,0.477609467040703,0.000738574480181865,0.00332694086486076,"down"
"gene-LOC142981546",1322.47109235795,3.98887403101291,1.77130802893657,0.000739528105643111,0.00332979566597958,"up"
"gene-slx1",44.3486580528117,1.6570042091777,0.559221953891101,0.00074264117912247,0.00334236691511669,"up"
"gene-LOC142978405",48336.7551812922,2.71163678607277,1.02827399876992,0.000743603298455882,0.00334525079383135,"up"
"gene-Naa20A",489.088361192678,1.69234696661393,0.573576692406799,0.000744191303558579,0.00334644987906903,"up"
"gene-LOC142981043",267.745613977014,-1.26943170898851,0.408788551704402,0.000746796136298904,0.00335671320331243,"down"
"gene-stumps",155.500928538198,-1.74792811775593,0.598772549298258,0.000747582406002565,0.00335879708523379,"down"
"gene-eIF5B",374.033521649485,-1.64170467706953,0.55473933777936,0.000751522280838078,0.00337504182205539,"down"
"gene-LOC142973754",27024.5477236242,1.85489951257881,0.64701236455207,0.000752751685944848,0.00337910523962306,"up"
"gene-LOC142981018",803.359534444803,-0.73315455006136,0.223593733222868,0.000753749612103523,0.00338212649224037,"down"
"gene-LOC142981541",73.7900185398272,1.51000837193544,0.500355045594642,0.00075550038378131,0.00338852175577916,"up"
"gene-msps",351.149552894572,-1.51290523628382,0.504213556624341,0.000756333762214078,0.00339079864971945,"down"
"gene-LOC142981197",306.833212544445,1.75121219592372,0.599554962997154,0.000761755494838004,0.00341216639469175,"up"
"gene-LOC142982145",393.828036404787,1.11115883433511,0.351650042467211,0.00076173169316207,0.00341216639469175,"up"
"gene-LOC142978272",5.89140537046246,4.88959498944931,2.08106470881176,0.000764149822968899,0.00341994826186854,"up"
"gene-LOC142983905",119.357563578923,-1.79165484451651,0.619197462638677,0.000763942303540356,0.00341994826186854,"down"
"gene-Myo81F",34.4219933300287,-2.38219626544896,0.863109336297298,0.000767916124923774,0.00343532740028212,"down"
"gene-LOC142981198",887.415215507929,2.68760577691483,1.03435335594246,0.000770878715509875,0.00344709941084957,"up"
"gene-LOC142976987",96.8610103387118,-2.12649123111005,0.763167887367342,0.000772072820034632,0.00345095665803371,"down"
"gene-Etl1",211.8664734109,-1.62474080698507,0.549851261965787,0.000773064191681464,0.00345390482206182,"down"
"gene-fkh",861.587913723438,-1.87674054272658,0.656433985422251,0.000775347893631847,0.0034626218673134,"down"
"gene-mRpL1",434.286304069771,1.53338483211616,0.511757486270412,0.000775772969572269,0.00346303456828787,"up"
"gene-UbcE2H",919.681466017431,-2.01826384273089,0.720135749332666,0.000779051786344099,0.00347618049543166,"down"
"gene-Hexo2",348.942902434835,-2.74230076125865,1.07022211217991,0.000780302043923607,0.00348026747097033,"down"
"gene-Kdm5",181.992710814945,-1.61014990762709,0.54474359916898,0.000783340317583758,0.00349232235805007,"down"
"gene-ND-30",2310.0922342376,1.54951567366118,0.520350600217011,0.00078368123444376,0.0034923465969861,"up"
"gene-LOC142987813",2451.54564019382,1.48706349608935,0.495433311526391,0.000784335781619581,0.00349376785907567,"up"
"gene-Chd64",776.793110748098,1.83445718194784,0.637384461756815,0.000788808302800564,0.00351068594790674,"up"
"gene-TH1",426.965710147746,1.0475939048689,0.33005422784984,0.000788731363907947,0.00351068594790674,"up"
"gene-LOC142982003",2855.84914497284,3.22564332852581,1.30516297584945,0.000792527250543651,0.00352573020434162,"up"
"gene-LOC142973977",114.137538030063,-1.70379072234961,0.584541217049444,0.000802734346759718,0.00356961322074698,"down"
"gene-ush",48.0062840055036,-1.54498686696606,0.519479562187766,0.000808501526399434,0.00359372369334676,"down"
"gene-Ahcy",2840.81083730595,1.34469569057802,0.44271840448408,0.00080940680698662,0.00359621206177154,"up"
"gene-LOC142981795",42.9418214966336,4.03193723858212,1.78042739402622,0.000814349781307431,0.00361663021476551,"up"
"gene-LOC142987603",355.220106201191,1.50724616346604,0.503474693368019,0.000817418562063869,0.00362871097274408,"up"
"gene-Apaf-1",361.680421363546,-1.85632621382498,0.653157010012881,0.00082608534215289,0.00366562165891372,"down"
"gene-Nop10",316.404210604822,1.63976485602785,0.559485672334439,0.000827415156438282,0.00366995815020133,"up"
"gene-LOC142976243",133.000858013041,-1.55232995137444,0.52414352020819,0.000827880995985785,0.00367046046346338,"down"
"gene-LOC142981535",57.4617829894457,1.2132202849996,0.392045661043177,0.000833447604273609,0.00369356728841561,"up"
"gene-LOC142980871",5082.82011654821,2.67178242775411,1.03207259849284,0.000835347828112468,0.00370041314495779,"up"
"gene-Atg9",407.531086534548,-2.58301229892696,1.00257537741065,0.000846202852158034,0.00374690416459598,"down"
"gene-LOC142979477",87.7525448111732,-1.97887414774837,0.709377005643974,0.000846991564804521,0.00374826429618223,"down"
"gene-LOC142972370",234.102728443117,-1.59933133670485,0.545792782208692,0.000847230152633697,0.00374826429618223,"down"
"gene-LOC142982515",36.5195322938457,-2.06424550186984,0.731725810622269,0.000850289526154868,0.0037602013454852,"down"
"gene-LOC142980556",1316.49835064427,-1.83233178031374,0.650399083549687,0.000853293007818768,0.00377188119379761,"down"
"gene-LOC142979784",603.71335703719,-0.986684081395357,0.311907143721673,0.000855818694971046,0.00378143998923964,"down"
"gene-Ciao1",1225.39118126914,1.12903897864507,0.361851939066313,0.000857650058478289,0.00378631768819295,"up"
"gene-LOC142983188",14.3282202800386,1.05161540499511,2.17596195821329,0.000857326118455974,0.00378631768819295,"up"
"gene-LOC142983051",59.3928578759375,-1.68262050415328,0.581850017487118,0.000858052815055379,0.00378648995537367,"down"
"gene-LOC142980747",3728.50713443136,2.8454963653271,1.12585367374445,0.000859861051022663,0.00378965010209396,"up"
"gene-Mlc2",15232.6745521863,2.46122983543771,0.933384095028013,0.000859774756796514,0.00378965010209396,"up"
"gene-LOC142976310",79.7401438186497,1.91681222916356,0.678387369868661,0.000859552189556377,0.00378965010209396,"up"
"gene-Msh6",19.4652298618039,-3.77494734683468,1.55703171159181,0.000861295321884815,0.00379275985652323,"down"
"gene-Usp12-46",495.575903546293,2.18654547440631,0.802563430478981,0.000861092850252315,0.00379275985652323,"up"
"gene-LOC142976739",172.825529579264,1.95822590962102,0.698559050502979,0.000864890209904809,0.00380697974000383,"up"
"gene-LOC142979894",83196.523823519,-2.80529196682694,1.12545391568238,0.000868675012069545,0.00382202319342517,"down"
"gene-Arp3",3915.28394349302,1.42601349202578,0.476995172301766,0.000869682617688828,0.00382483990289003,"up"
"gene-LOC142977575",345.533684757034,-1.89212881846748,0.673247898377464,0.00087027370112633,0.00382582315402242,"down"
"gene-ECSIT",98.1206656441645,1.72398658856818,0.596592119131396,0.000872309573958337,0.00383247701803708,"up"
"gene-AP-1sigma",1597.27181915005,1.57516070070367,0.53521672140865,0.000872663567323672,0.00383247701803708,"up"
"gene-Keap1",693.394488654519,-1.36450649343348,0.452748929255655,0.000872891739650904,0.00383247701803708,"down"
"gene-LOC142987503",1610.25279887187,1.69197763903045,0.584809894716961,0.00087350941847888,0.00383357211060925,"up"
"gene-LOC142976888",22483.9264408467,2.47423802580492,0.93719041944473,0.000874814282016568,0.00383606431162278,"up"
"gene-LOC142982291",398.354087086899,1.91024350742664,0.678256385403184,0.000874705944009102,0.00383606431162278,"up"
"gene-TfIIEalpha",182.372301356654,0.991995094534964,0.313942462272395,0.000877546894481142,0.00384642659854682,"up"
"gene-LOC142985550",218.405342310425,-2.33923110064677,0.88476121105247,0.000879800793275346,0.0038543689455471,"down"
"gene-Tango5",154.80739477904,-2.07272285902933,0.752773131808707,0.000880099422052398,0.0038543689455471,"down"
"gene-ATPsynD",10519.169380831,1.86375856615184,0.660775850925228,0.000881043066823293,0.00385687902675798,"up"
"gene-LOC142977101",667.846694262607,3.78700168278755,1.66199210649406,0.00089169821236399,0.00390078329962235,"up"
"gene-LOC142972844",46.9519972135017,-1.66381820138936,0.577471641688315,0.000891821734207608,0.00390078329962235,"down"
"gene-LOC142974214",2070.91455879323,3.35137099487108,1.41307052924424,0.000900915758942783,0.00393890510314757,"up"
"gene-CPSF1",87.6562954890258,-2.03164576837985,0.74112782818939,0.000902210262456127,0.00394290882962565,"down"
"gene-AGO3",45.421494775017,-2.6106448118175,1.0094183021784,0.000903023993164418,0.00394480896720168,"down"
"gene-Tgi",348.225370906532,-2.2249893836279,0.83281932869195,0.000906572831849084,0.00395865066256248,"down"
"gene-LOC142974306",395.951074584172,0.946970327880331,0.298345815557682,0.000909495219399479,0.00396974642932854,"up"
"gene-LOC142972459",161.479063761499,-1.50967122553447,0.511373949054708,0.000910940938692556,0.00397439026479024,"down"
"gene-LOC142981102",23.7084974763854,2.28566528622426,0.859378181113707,0.00091228057959726,0.0039785675884405,"up"
"gene-LOC142984323",296.034204251747,-2.22329289530831,0.830669356925211,0.00091455051620991,0.003986796848302,"down"
"gene-LOC142981605",6.14965705564331,-5.82120499572499,3.22646052760533,0.000915256799133735,0.00398820564210221,"down"
"gene-LOC142986483",18.8410760134526,-2.42082511299753,0.906261130737344,0.000917153584487906,0.0039947986671628,"down"
"gene-LOC142979529",129.109652846599,-1.89996944533712,0.682908573355611,0.000919020940645994,0.00400125804773099,"down"
"gene-Sf3b5",464.304112882395,1.43971493429585,0.483562899523149,0.000929490308913846,0.00404514804171954,"up"
"gene-Cypa",22199.7566654903,1.04085438141725,0.33273369043356,0.000930855415096197,0.00404939610160945,"up"
"gene-DIP2",258.310061989766,-1.93993385648692,0.698871332141443,0.000934798336994247,0.00406315268814619,"down"
"gene-LOC142983036",177.116645954745,-2.61384253086943,1.0332943106354,0.000936180926108959,0.00406746387345337,"down"
"gene-Psa",2218.29019342219,-1.4608652400637,0.494834828060507,0.000943302718356062,0.00409669641138365,"down"
"gene-LOC142972889",30046.8708578466,3.55821811440763,1.53908901910915,0.000948805423198204,0.00411887591972198,"up"
"gene-FAM21",169.398278488525,-1.65809666430586,0.577471261591241,0.0009497165564215,0.00412111269376733,"down"
"gene-stc",199.940675993248,-1.65477477034481,0.57715595126815,0.000954272115075,0.00413915529913781,"down"
"gene-LOC142981893",37434.9429255028,2.61192490728533,1.02598066166947,0.000960051527115538,0.00416248912839348,"up"
"gene-Gpo1",741.711645328276,-1.86292930579035,0.66812247676609,0.000961375943531973,0.00416649607500743,"down"
"gene-LOC142973060",2277.47988275035,-1.95352501024733,0.720367319459942,0.000965721397372934,0.00418358707725853,"down"
"gene-LOC142975300",124.45011788336,2.70949430395593,1.07977681841708,0.000967434511312795,0.00418926508434534,"up"
"gene-LOC142974041",276.032339715605,-2.12185579838087,0.790650109356196,0.000970259885240532,0.00419975276729894,"down"
"gene-mRpL45",382.92410136503,1.8144937538894,0.647602156317134,0.000970859422974125,0.00420060124404017,"up"
"gene-LOC142975113",218.390468295777,1.8602189302974,0.66447010519679,0.000973763599660711,0.00421141631594017,"up"
"gene-Br140",50.549328624964,-1.59576483860522,0.549488404098138,0.000975603753612167,0.00421762253949446,"down"
"gene-LOC142981744",41.1338550183297,-1.66764446394709,0.579408578659918,0.000976269473378321,0.00421874853377681,"down"
"gene-LOC142976945",68.8531458476154,-1.7400385015032,0.612656144371045,0.000977794715379785,0.00422358630170272,"down"
"gene-LOC142982538",1756.20658902653,-2.06613150239513,0.76686209007428,0.000980186047695504,0.00423215958378689,"down"
"gene-Tbc1d15-17",1126.98068030035,-1.54376421132917,0.534129376895874,0.000984871996197039,0.00425062913781558,"down"
"gene-Arf102F",3018.42083898669,1.17535891588495,0.385065134320631,0.000986176076749885,0.00425449355945557,"up"
"gene-LOC142972203",744.53033877691,-1.60326760346095,0.556782520313256,0.000987607685312098,0.00425890472415035,"down"
"gene-dlp",276.897216357031,-1.17715546280141,0.386302453322707,0.000992996243954518,0.00428036890251202,"down"
"gene-LOC142973426",258.327920499886,-1.37958225244227,0.465375053933441,0.000993887694763334,0.00428243828745294,"down"
"gene-Chd1",751.848626613301,-1.25944275331559,0.418346124042962,0.000997354292939625,0.00429559709950414,"down"
"gene-LOC142972442",1194.1427989873,3.66254389007721,1.65542762379198,0.000998952349049897,0.00430070055980539,"up"
"gene-wcy",356.283392229831,-1.01774063254042,0.327764127190912,0.00100063854219998,0.00430617909231162,"down"
"gene-DnaJ-13",290.674895764235,1.09270356034442,0.3545304736957,0.00101164017684863,0.00435172489297283,"up"
"gene-LOC142975131",298.912139480065,2.98974160706074,1.24831386406113,0.001013863380871,0.00435768695081218,"up"
"gene-LOC142980661",604.83304079664,-1.77361305263956,0.633578752378261,0.00101357343123128,0.00435768695081218,"down"
"gene-LOC142981116",4386.14013083139,1.91013053761349,0.685647744588462,0.00102061810015468,0.00438310000932765,"up"
"gene-LOC142979948",52.5215389406322,-1.79734320719247,0.647038786264086,0.00102049285178532,0.00438310000932765,"down"
"gene-LOC142973205",2071.85324791153,-1.40422232413411,0.476845500986242,0.00102236976472733,0.00438881206219029,"down"
"gene-chb",252.134453259336,-1.71903060581365,0.609523238725231,0.00102640656651614,0.00440432496184376,"down"
"gene-Sur",22.6722668701798,-2.17785529120168,0.803677702541247,0.00103005994040218,0.00441818046130478,"down"
"gene-l(2)37Cg",83.2906343101355,1.57062454136049,0.542500181609932,0.00103201175866571,0.00442472916297777,"up"
"gene-LOC142977594",759.501028804992,1.57417444295593,0.545676496082666,0.00103441012046899,0.00443318623058138,"up"
"gene-Paics",326.552316830912,-1.9030943140623,0.692934112025517,0.00103540803662282,0.00443563689763111,"down"
"gene-LOC142973589",18385.8463505415,-1.86868327587654,0.678030408734902,0.00103615017985771,0.00443699028067411,"down"
"gene-CSN3",706.260795967082,1.07387325864443,0.348353491502173,0.00103677400555311,0.0044378361010723,"up"
"gene-LOC142986149",374.122950311891,1.51049884110413,0.51879719335747,0.00103823140741298,0.00444224782209994,"up"
"gene-GCS2beta",2568.49147790739,1.07384959900814,0.348949893339365,0.00104073473557409,0.00445112925116115,"up"
"gene-PTP-ER",141.625519689506,-1.48145836607132,0.509621039060021,0.00104490980706105,0.00446715034558747,"down"
"gene-Ocrl",117.332238147105,-1.50527932331306,0.517584993157746,0.0010457393741067,0.00446886161102248,"down"
"gene-gas2",75.8929228937243,-2.41681923925922,0.946199743605819,0.00104620347221554,0.00446901031832734,"down"
"gene-LOC142983798",159.256851278644,-2.68293134536594,1.09003748526903,0.00105185742030461,0.00449131900958614,"down"
"gene-hay",316.423905196808,-2.17583219104918,0.825089141477292,0.00105516012300159,0.00450301766062552,"down"
"gene-LOC142974967",282.895981630971,-1.97606439123614,0.731026167717711,0.00105546235273067,0.00450301766062552,"down"
"gene-LOC142972296",7842.24758042961,2.18642709699997,0.82456030017552,0.00105869272253704,0.00451494930012724,"up"
"gene-Nufip",40.3453017037557,-1.66130308230752,0.577480394011821,0.00105987976502058,0.00451816066906809,"down"
"gene-LOC142986025",45.2482742465041,-3.59409481714285,1.58419527853026,0.00106035916855347,0.00451835405020126,"down"
"gene-LOC142987186",1189.04208147738,-2.53695766721002,1.01011477946405,0.00106708596806595,0.00454515749900432,"down"
"gene-LOC142976793",1577.84902508506,2.23154136511967,0.849188023329235,0.00106840225760472,0.00454755734337564,"up"
"gene-ND-B22",2141.56412403081,1.80791780309108,0.649191464561093,0.00106852307991324,0.00454755734337564,"up"
"gene-ago",236.695563419861,-1.54465370894703,0.536452077959995,0.00106914847894512,0.00454835948746167,"down"
"gene-if",253.301872998697,-1.95870169400869,0.720515256940988,0.00107112371628292,0.00455306928596965,"down"
"gene-srl",101.598366876117,-1.63581122255618,0.577897256262409,0.00107113032481649,0.00455306928596965,"down"
"gene-Mppe",196.755711854457,1.06701917601394,0.347127159513016,0.00107551999055974,0.00456986249050076,"up"
"gene-sp3",152.094345129988,-2.26621605150278,0.875323667973154,0.00108390653484356,0.00460203973536432,"down"
"gene-Idi",1420.93954596317,0.991936116334435,0.320198469884897,0.00108397708271982,0.00460203973536432,"up"
"gene-jub",318.873850881136,-1.6644041348525,0.589132709121203,0.00108459564594999,0.00460278869724396,"down"
"gene-LOC142983880",394.489387106795,-1.91338959556913,0.70235219460559,0.00108504174136462,0.00460280543097215,"down"
"gene-LOC142980022",294.503066691751,-1.40596143711827,0.479719664254462,0.0010897420563943,0.00462086142853957,"down"
"gene-LOC142978237",97.3292130158843,1.40269852392382,0.477030670117701,0.00109380466266984,0.00463619973061604,"up"
"gene-LOC142978241",16089.373989607,3.17143286736323,1.34218174197077,0.00109429336661756,0.00463638337260431,"up"
"gene-LOC142980720",42.3858092738922,-3.14507114466803,1.34242563195559,0.00109858496229914,0.0046526726841066,"down"
"gene-LOC142976615",778.339866407741,1.44280266956422,0.494627898174295,0.00110841458656982,0.00469239359340864,"up"
"gene-Alg1",506.824107114187,1.83766657535342,0.665852821929283,0.00111204198148601,0.00470583618994689,"up"
"gene-LOC142982786",1672.97795263065,2.63591000897321,1.06777708235157,0.00111989076406116,0.00473712428032372,"up"
"gene-LOC142982193",249.897891575486,0.879946021502967,0.281824042264474,0.00112166046264856,0.00474268294726708,"up"
"gene-Tcs1",203.990424338513,1.32937697338295,0.449455134986106,0.0011283208735942,0.00476890795538597,"up"
"gene-LOC142977116",2042.57058947773,2.12275265377688,0.802806853051987,0.00113908838589604,0.00481246351346503,"up"
"gene-LOC142981734",2437.72644976958,2.28698245576291,0.880857303687286,0.00114189355383317,0.0048223577668979,"up"
"gene-LOC142973579",1258.69450633166,1.99171511683433,0.739571639322966,0.00114241969775249,0.00482262329829822,"up"
"gene-LOC142974511",221.925437271141,1.43744000328004,0.493908713325722,0.00114417115338517,0.00482805906231843,"up"
"gene-LOC142983125",500.760169755678,-2.32574560938866,0.913797785236714,0.00114622869162852,0.00483384049827727,"down"
"gene-LOC142975081",116.406750831527,1.2846721880825,0.432319182880289,0.00114646995103233,0.00483384049827727,"up"
"gene-tau",1734.67900504208,1.45542573377545,0.501581963734515,0.0011474881664058,0.00483617482278721,"up"
"gene-LOC142982116",3688.72876906483,1.78893820628585,0.646054953305972,0.00114905577345259,0.00483936537553144,"up"
"gene-Lamtor2",941.88327992575,1.64509419158311,0.581867162683472,0.00114917494796481,0.00483936537553144,"up"
"gene-LOC142973619",79.3046255062959,1.82926193100557,0.664425358168938,0.0011563626427262,0.00486766482441558,"up"
"gene-Ctps",211.995796276727,-2.33594997643353,0.918339847087939,0.0011568521730954,0.00486775712284684,"down"
"gene-LOC142972377",185.183347830323,-0.993665919790148,0.323510370091286,0.00115804800369699,0.00487082008827704,"down"
"gene-ScsbetaG",3120.31686354637,2.14116388640374,0.812895415612227,0.00115958343489357,0.00487530838337724,"up"
"gene-east",137.483363514477,-1.44622613919426,0.499770352329049,0.00116388030373127,0.00489139845048145,"down"
"gene-LOC142979011",195.838135680667,-2.89242253728301,1.22330019395253,0.00117256436320263,0.00492590598100861,"down"
"gene-LOC142986669",35.6093645376564,-3.60577064755676,1.62691644738698,0.00117755600939723,0.00494488021695246,"down"
"gene-LOC142972882",237.109616729375,2.88061454808095,1.21738322405972,0.00117890583236419,0.00494631286945043,"up"
"gene-Mcm2",58.0485426771142,-1.90539926944142,0.699859352093758,0.00117855758261215,0.00494631286945043,"down"
"gene-LOC142979032",53.7450133969401,-1.44257095266825,0.499276124122239,0.00117932262651066,0.00494631286945043,"down"
"gene-LOC142983264",483.05850631652,2.15353275579274,0.821343746254864,0.00118021309435236,0.0049477544075687,"up"
"gene-LOC142977634",96.1027341172082,-1.45492908271792,0.504445974319143,0.00118061690186366,0.0049477544075687,"down"
"gene-LOC142983486",1546.80576215907,2.73366711224568,1.12327283834987,0.0011811735622986,0.00494809528512209,"up"
"gene-csw",197.668965371592,-1.6506904065782,0.589362341917573,0.00118220510768645,0.00495042444530007,"down"
"gene-LOC142979909",4853.40198313223,-2.00107528592162,0.760099990979299,0.00118771371970972,0.00497149168563657,"down"
"gene-Adar",347.176498716733,-1.75786382985198,0.63812265858697,0.00119137668255455,0.00498481964043122,"down"
"gene-LOC142981992",104.544188020308,-1.52109912573037,0.533471377816502,0.00119291966904837,0.00498927029119868,"down"
"gene-RpL7A",26858.9393003206,1.13187280531199,0.378929038441309,0.00119431492128669,0.00499309973116241,"up"
"gene-LOC142981397",1103.12045280588,2.80579278102246,1.17182565692061,0.0011948762577989,0.00499344112552651,"up"
"gene-LOC142977771",331.672671659839,3.48501152353263,1.62214788827961,0.00119875199780282,0.00500561905219708,"up"
"gene-eIF2Bdelta",287.780024831068,-1.46347252520572,0.510499583161387,0.00119834279219494,0.00500561905219708,"down"
"gene-chif",279.795467962055,-1.51195222325177,0.531056855257603,0.00120720503554951,0.00503889511630731,"down"
"gene-LOC142978178",19.4906956149331,2.13693837578672,0.807116798394545,0.00121282478477062,0.00505934602334518,"up"
"gene-LOC142981396",424.038112713541,1.41328342373603,0.486023494552578,0.00121307662577037,0.00505934602334518,"up"
"gene-mRpL4",216.817808440955,1.51307594145946,0.528773941864435,0.00121618491605412,0.00507027832443867,"up"
"gene-LOC142976711",22.90006948223,1.87105074926588,0.68501631859975,0.00121671857902461,0.00507047254109135,"up"
"gene-LOC142981312",5434.73116133583,1.93082195288748,0.717048703790534,0.00121882556985358,0.00507722056109474,"up"
"gene-LOC142984564",640.864562030673,4.04414923466965,2.06849203711176,0.00122863443458552,0.00511320191464454,"up"
"gene-LOC142984737",338.226873586437,1.99495997102641,0.7488038748185,0.00122893671377912,0.00511320191464454,"up"
"gene-LOC142979293",338.498160791199,1.05232754656189,0.346930601134126,0.00122795821946068,0.00511320191464454,"up"
"gene-wmd",677.25544429695,1.50120679379151,0.524571670975939,0.00123034859364876,0.0051170311066255,"up"
"gene-Gem2",164.039719557167,1.28100523669118,0.4343810523146,0.00123282724489006,0.00512529218023383,"up"
"gene-Had1",7252.05206075675,2.83547475172903,1.19655836761681,0.00123645550840307,0.00513832408881276,"up"
"gene-Wdr24",15.7229066306105,-2.79192029489746,1.16165559598162,0.001239121511119,0.0051473483362924,"down"
"gene-LOC142984123",6.45856852537333,-5.33567082322621,3.08465688298735,0.00124076048715276,0.00515004651964123,"down"
"gene-26-29-p",851.84829322517,-1.40590965309905,0.489411160916278,0.00124038883049728,0.00515004651964123,"down"
"gene-LOC142976500",117.458933338751,2.5637492792589,1.0436393693119,0.0012423957551259,0.00515477872094882,"up"
"gene-PSMG1",1243.91176222994,1.38858656790074,0.480433269421401,0.00124322121069583,0.00515614852722852,"up"
"gene-conu",1230.93678349127,-1.69654083691201,0.613651208622174,0.00124489245220823,0.00516102366686089,"down"
"gene-Naprt",693.320093653433,-1.93179237287308,0.724191842645572,0.00124629248728364,0.00516477101617144,"down"
"gene-Dhc93AB",6.47107172846,-5.3900223277306,3.1269928559492,0.00125029622774403,0.00517930112646851,"down"
"gene-LOC142981372",70.681444355015,-1.84148759520835,0.681460227484118,0.00125286864647932,0.00518789284401342,"down"
"gene-LOC142980674",10164.7683010314,2.78408638167719,1.1713060496552,0.00125568097112623,0.00519580827325372,"up"
"gene-LOC142982024",163.593910002026,-1.40081166006318,0.484103786576285,0.0012557784452936,0.00519580827325372,"down"
"gene-LOC142975022",3871.48906003253,3.08435234453375,1.36590805344241,0.00125920140739828,0.00520790093405487,"up"
"gene-LOC142984260",1235.72864186625,2.41313287964236,0.963305529886598,0.0012621256272452,0.005216464853551,"up"
"gene-LOC142980547",1366.18936238935,-2.38802948104441,0.962390944356745,0.00126227425226657,0.005216464853551,"down"
"gene-Cog2",735.878759933475,1.37464961649355,0.474940483759565,0.00126521201247915,0.00522653057536032,"up"
"gene-Prosalpha7",3539.87914066216,1.19644404651073,0.407568008719242,0.00126745433413276,0.00523371662765649,"up"
"gene-LOC142973502",973.62797560151,-1.32579226932427,0.455460821520146,0.00127291146538636,0.00525416667512767,"down"
"gene-LOC142987658",21128.3096299031,3.31534946550719,1.52579874453609,0.00127534265433579,0.00526211535142116,"up"
"gene-LOC142980497",16.3078996216524,2.00813272076503,0.749627442467208,0.0012764393308261,0.00526455365843888,"up"
"gene-Prpk",54.3525073284754,1.91032289865883,0.708959775542501,0.00127723031495495,0.00526572973413109,"up"
"gene-Mat89Ba",72.7600043527962,-1.83571373893214,0.682339300760169,0.00128561636395089,0.00529820520535579,"down"
"gene-LOC142981855",18.8369846326838,-3.89114367587037,1.56791244489082,0.00128780103816647,0.00530510835271583,"down"
"gene-LOC142980061",61487.643184757,-2.4818179035585,1.01772355784084,0.00129087729202114,0.00531567745646363,"down"
"gene-LOC142973632",174.708612073565,1.14036764838716,0.381560148276347,0.00129909739445748,0.00534741157623659,"up"
"gene-Arp8",82.8573438583632,1.64077373926484,0.588420962674003,0.00130205301012255,0.00535745922346868,"up"
"gene-Pdk",317.499216711399,-1.71303357652922,0.625159570727431,0.00130305125292043,0.00535944825875216,"down"
"gene-TBC1d7",208.278855474493,1.12869912540718,0.377202348646157,0.00130830152422673,0.00537891740410753,"up"
"gene-Dcr-1",61.6175306690313,-1.93929853001145,0.731618527222121,0.00131009719927614,0.00538417364566311,"down"
"gene-LOC142974542",4260.12604583044,2.6649225418326,1.11008373633145,0.00131625160142704,0.00540733195377092,"up"
"gene-LOC142972883",88482.5715077456,3.553986848378,1.64145923681446,0.00131706568257493,0.00540854191542604,"up"
"gene-PGRP-S5",4305.19914286293,-3.17439799168899,1.45337605887841,0.00131913909659612,0.00541344429663557,"down"
"gene-fne",583.888274334537,-2.1835180776329,0.856902789833567,0.00131929953703789,0.00541344429663557,"down"
"gene-LOC142983987",5.89901077619034,-3.89787027993336,1.80132175438463,0.00132105621647777,0.00541851663259795,"down"
"gene-LOC142972942",301.878525815462,-1.42471682182226,0.498569346862194,0.00132288469549093,0.00542387935410028,"down"
"gene-LOC142987120",50.3128209681878,2.78832590943951,1.18612466208028,0.00132639795948753,0.00543614281821464,"up"
"gene-LOC142973024",548.210182854364,1.16183545368428,0.391653086312961,0.00132991045798064,0.00544839349373415,"up"
"gene-Hpf1",248.457582007086,1.66576878420523,0.601854045807678,0.00133189666414949,0.0054543840573549,"up"
"gene-sinu",83.4910340373451,1.0666663754977,0.354456847989778,0.00133291530542722,0.00545640909535876,"up"
"gene-LOC142977224",6414.22146846688,1.56082868812547,0.556930864995489,0.00134810945636955,0.00551643845943671,"up"
"gene-qin",272.512496748105,-0.934747605894894,0.306966326113109,0.00135599683789353,0.00554653323476294,"down"
"gene-Axn",78.076122293948,-1.76206324851369,0.644592341371293,0.00135941248347311,0.00555832048427145,"down"
"gene-Roc2",1101.02643535327,1.65677022229043,0.600114498154009,0.00136345709886238,0.00557266917909595,"up"
"gene-LOC142976575",369.372270835974,-1.86032736724084,0.697850625133433,0.00136472141099493,0.00557564752294241,"down"
"gene-Ccz1",682.679094716337,1.21706140069926,0.416587669729177,0.00136789609424004,0.00558642539860291,"up"
"gene-puml",1309.09012604233,-1.31269649040204,0.453497961312104,0.0013735461995154,0.00560730036743347,"down"
"gene-LOC142985478",27269.3871480837,2.55355899924245,1.05383010489686,0.00137457670562257,0.00560930752862837,"up"
"gene-FMO2",3166.57394892545,1.68200335594456,0.613878053113928,0.0013757833331911,0.00561203154330697,"up"
"gene-LOC142978006",3370.93657382568,-1.7329885510028,0.639542529494912,0.0013788246925528,0.0056222346453093,"down"
"gene-LOC142975037",50.5111825430539,5.34174439502827,3.17871105081059,0.00138489817716957,0.00564037168401221,"up"
"gene-Fem-1",297.95246991696,-1.53348089326634,0.547521765808277,0.00138443588371952,0.00564037168401221,"down"
"gene-mtSSB",174.684404838595,1.47709215372102,0.521869864711384,0.00138405220460531,0.00564037168401221,"up"
"gene-Y-b",1685.93931657364,-2.68035212327229,1.16040389832259,0.00138948181477013,0.00565640456483405,"down"
"gene-LOC142972213",3132.88123640531,1.40889664046921,0.493440715191957,0.00139100823112153,0.00565640456483405,"up"
"gene-LOC142976026",211.853655334274,1.21204920509097,0.412812660952311,0.00139075961929508,0.00565640456483405,"up"
"gene-LOC142981172",156.135518047782,1.10669102449456,0.371375228633225,0.00139032011823619,0.00565640456483405,"up"
"gene-c11.1",290.253869409757,-1.53943231644975,0.552154183096589,0.00139794339358453,0.00568238607075946,"down"
"gene-colt",1590.97513718445,1.3556460822699,0.472518974137392,0.00140511979001924,0.00570932748403602,"up"
"gene-sw",261.37402011716,-1.74003455729423,0.643957570238086,0.00141248786598144,0.00573702640845367,"down"
"gene-LOC142977342",131217.429770044,1.72114594627826,0.629227176787762,0.00141399048628613,0.00574088961085748,"up"
"gene-LOC142980417",2250.05891992997,-1.95412421702046,0.766754795722291,0.00142340046048016,0.00577684163493116,"down"
"gene-LOC142975842",97.4707693733911,-1.47027633155301,0.522359122729692,0.00142468211061081,0.00577978985637512,"down"
"gene-gry",519.123013708161,-0.827595687717009,0.270209610838435,0.00142705261158115,0.00578715141665748,"down"
"gene-LOC142972519",148.729233574621,1.49688397974365,0.532101089965508,0.00142805474681457,0.00578896024701699,"up"
"gene-cyp33",152.667353155037,1.35124729130458,0.470908488513299,0.00142873494080084,0.00578946311161416,"up"
"gene-LOC142975743",343.768088752381,-1.61431199581898,0.583612816282712,0.00142930535945484,0.00578952093071008,"down"
"gene-Usf",657.572347997065,1.03784331139163,0.346310020068953,0.00143269311834594,0.00580098613846021,"up"
"gene-LOC142980065",488.445367145106,-2.23080279709366,0.892836396395666,0.00143454751489005,0.00580397964632934,"down"
"gene-smg",328.222311733106,-1.20468662769357,0.411495982482894,0.0014342112661773,0.00580397964632934,"down"
"gene-ArfGAP3",552.15841541088,-1.53005567440996,0.5478329326529,0.00143931186470071,0.00582099320572431,"down"
"gene-LOC142984037",620.981690155395,-3.1281211269411,1.44431768263368,0.00144400749578159,0.00583629816617385,"down"
"gene-LOC142973609",287.836414742973,-0.853642965579684,0.279515944050121,0.00144421749049605,0.00583629816617385,"down"
"gene-LOC142985182",1556.98668650016,2.68257295034577,1.15083844996614,0.00144731101517286,0.00584652994487755,"up"
"gene-EloB",3275.61832434289,1.05435935623036,0.353512040756473,0.00145199381420309,0.0058631712978488,"up"
"gene-Elp3",648.80260610344,1.07221670630712,0.359948372837798,0.00145413402043404,0.00586953670132547,"up"
"gene-LOC142972469",175.938709881815,-1.70666672002254,0.632070176562654,0.00145858439515851,0.00588293822301435,"down"
"gene-prd1",193.225667901422,-1.3960326960848,0.491592078667574,0.00145821381703857,0.00588293822301435,"down"
"gene-br",511.543013250609,-2.28204809638776,0.924575003389004,0.00147181223233995,0.00593399122333806,"down"
"gene-Hmt4-20",252.182546901238,-1.28470211646617,0.445725890266142,0.00147398318903939,0.00594044328219126,"down"
"gene-LOC142983439",196.256729061299,1.59376089560738,0.576677170700416,0.0014754237550378,0.00594394786762521,"up"
"gene-LOC142976294",139.897281536537,1.91092014342001,0.726930043636631,0.00147663835550073,0.00594653976044973,"up"
"gene-LOC142980242",759.12796618461,1.72846068946471,0.639213881169515,0.00147841598307673,0.00595139612677059,"up"
"gene-LOC142978679",2977.59262412412,1.43109098483567,0.509185390040357,0.00148479425676053,0.00597476158209399,"up"
"gene-bsk",2692.51729387531,-2.15152905328037,0.856723279751367,0.00148820230312759,0.00598616150523887,"down"
"gene-ppan",130.186525476597,-1.97307092545351,0.760535404142157,0.00149592894147805,0.00601284758081672,"down"
"gene-LOC142980255",87.3288935076988,-1.40111185902434,0.492594623881364,0.00149599185728293,0.00601284758081672,"down"
"gene-LOC142972319",65.0062617645325,-1.5534659849027,0.557596353507856,0.0014968114928761,0.00601382000804332,"down"
"gene-LOC142976342",5319.67030511696,3.12000875492826,1.43460368242713,0.00149767552550797,0.00601496999249152,"up"
"gene-RagC-D",1297.860715809,0.975736681319555,0.324601411205246,0.00149982526511825,0.00602128075969187,"up"
"gene-Idgf",1660.80080039511,-2.53577670299845,1.07420992605698,0.00150479366000092,0.00603889822691194,"down"
"gene-alpha-Spec",1774.03636167622,-2.35395428125791,0.969662238906652,0.00150946423613195,0.00605064408861518,"down"
"gene-Hex-A",4976.38353863545,-1.42233853936423,0.507259680576842,0.00150907848239187,0.00605064408861518,"down"
"gene-Nup188",82.1597231470072,-1.15415570801068,0.393512137315219,0.00150897668215998,0.00605064408861518,"down"
"gene-LOC142983865",272.509610155312,-1.99380064114184,0.772113607241562,0.00151451148183126,0.00606853907846938,"down"
"gene-LOC142974137",164.551350888834,1.44977733166382,0.515963463079415,0.00151693755270039,0.00607592147888076,"up"
"gene-mus312",344.325662061569,1.28992249650752,0.44826991265476,0.00151874198566927,0.00608080925800659,"up"
"gene-ninaB",92.3897072278761,-2.26411716543478,0.916933420950839,0.00152354526864068,0.00609769559652036,"down"
"gene-LOC142973853",136.451868445531,-1.62511194749907,0.596701535698155,0.00153118729131375,0.00612592609630137,"down"
"gene-LOC142975041",18.8718798083452,2.94697755935087,1.2914987957451,0.00154317666729049,0.00616613875642908,"up"
"gene-Uba2",331.686311338742,-1.12908007430057,0.384405629968637,0.00154268334079099,0.00616613875642908,"down"
"gene-LOC142987561",332.112893525843,-1.12198588133748,0.38234683398155,0.00154262387055773,0.00616613875642908,"down"
"gene-JMJD4",58.5639525022673,1.10142948459966,0.373695438942834,0.00154360783854507,0.00616613875642908,"up"
"gene-LOC142981511",253.232639306126,3.52591491704767,1.76456555217174,0.00154434548524937,0.00616671902625466,"up"
"gene-LOC142986766",68.8945468474287,-1.93222080768214,0.743552473669609,0.00154869925033372,0.00617949813611165,"down"
"gene-LOC142984468",13511.7653889726,1.04018782948466,0.349777324382438,0.00154873301028965,0.00617949813611165,"up"
"gene-LOC142976763",778.256148237524,1.65406403570977,0.608977065697353,0.00155579383988626,0.00620529267173026,"up"
"gene-ebo",92.8101713757782,-1.46817920758788,0.526288915985005,0.00155660403861806,0.00620614632018921,"down"
"gene-LOC142978270",356.214290054892,2.01753938479528,0.785039136907528,0.0015621227045839,0.00622576468404228,"up"
"gene-ssp3",81.5610617427514,-1.43285263120997,0.510560437888655,0.00156686673750369,0.00624228195078966,"down"
"gene-LOC142974112",146.247197606987,3.28627681031216,1.57191241311957,0.00156910478407157,0.00624880673381218,"up"
"gene-Gcy",140.21517497879,-2.71362115009499,1.19812877648498,0.00157176934942397,0.00625702444646405,"down"
"gene-LOC142974821",4894.98016202628,1.71251778723772,0.637713663978136,0.00157611073559739,0.00626951194404619,"up"
"gene-Vps37B",2633.87508209073,0.936081944849186,0.311586845560403,0.0015755361897423,0.00626951194404619,"up"
"gene-LOC142974312",793.421251448896,1.4675247598957,0.526617624162508,0.00157895192617904,0.00627841464916874,"up"
"gene-Sdhaf3",156.600204098828,2.15684234437354,0.859541105470804,0.00158031605297714,0.0062814395232883,"up"
"gene-beta-PheRS",225.809343898548,-1.36195420546601,0.482390041451189,0.00158191114754629,0.00628537978853317,"down"
"gene-LOC142975387",76.174671136394,-2.62543183050597,1.112736460769,0.00158849967594036,0.00630914980028201,"down"
"gene-uzip",27.3825504982351,-1.97169502552239,0.758645892313845,0.0015921591202121,0.00632127247956062,"down"
"gene-LOC142978549",240.951589050709,-1.70247714433837,0.636539170720845,0.00159330702205022,0.00632341826135827,"down"
"gene-Traf4",38.832121259074,-1.99989530739133,0.781290752045434,0.00159548825065995,0.00632639414026658,"down"
"gene-LOC142979789",181.838574757121,1.10442947698839,0.375839274527792,0.00159627649221033,0.00632639414026658,"up"
"gene-LOC142985091",109.105956754461,1.00969341420228,0.339484474531837,0.00159543856449264,0.00632639414026658,"up"
"gene-LOC142986374",208.13161624105,-0.942699449253067,0.31510459016968,0.00159648774317774,0.00632639414026658,"down"
"gene-LOC142974534",355.674614344191,1.4355452936548,0.512759286408789,0.00159886230450206,0.00633339291851844,"up"
"gene-Dph5",182.185881903069,1.33879422962915,0.471709854523816,0.00159980535695779,0.00633471805474729,"up"
"gene-LOC142979329",169.010508879663,2.1111508434055,0.838959003531436,0.00160771166195692,0.00636360395474203,"up"
"gene-LOC142981050",1887.21451392102,-1.55716603525894,0.571739781723828,0.001609285429145,0.00636741213128069,"down"
"gene-LOC142985567",34.8966432525582,-1.46445585980993,0.523941029773919,0.00161450275434829,0.00638562829512376,"down"
"gene-LOC142980432",4505.6551648153,-2.47338541959906,1.05367616159067,0.0016181363684967,0.00639756915915332,"down"
"gene-aus",13.5747132214608,-2.6712752636145,1.14402148359336,0.00162194580393482,0.00641019583104078,"down"
"gene-LOC142985589",163.438472111239,1.28236509981705,0.448151755209068,0.00162327421747947,0.0064130112348999,"up"
"gene-BHD",418.184162456857,1.23923565516326,0.431227534382193,0.00162704237550786,0.00642545945714599,"up"
"gene-Cdc7",130.738477805968,-1.45823311399409,0.525391348597282,0.00162998614518485,0.00643464382683893,"down"
"gene-tna",438.779463194049,-1.77547315892388,0.673368479717781,0.00163202050486612,0.00644023254573778,"down"
"gene-LOC142980776",191.266832541726,3.59093958561244,1.86977818390535,0.00164053332396562,0.00646732495433407,"up"
"gene-hibadh",7702.33871639327,1.76337234673014,0.665263895141568,0.001640614104855,0.00646732495433407,"up"
"gene-LOC142979408",666.563349926493,0.908032668150397,0.302426749768165,0.00164074977948091,0.00646732495433407,"up"
"gene-LOC142984458",145.281110119833,-2.0891066580662,0.83646420925589,0.00164264389578914,0.0064723402555507,"down"
"gene-LOC142975518",174.900854984085,-1.37568838589798,0.491659353414673,0.00165156708323547,0.00650503720638713,"down"
"gene-LOC142974681",441.209259290416,-1.91612540535295,0.74689806110648,0.00166020249747097,0.00653657639889291,"down"
"gene-GSTt1",909.674679231324,1.27892442072142,0.448254255679778,0.00166211472375304,0.00654163110558381,"up"
"gene-Dbct",1823.98535615321,2.30754942612131,0.951484697643174,0.00166356540806648,0.00654486617459263,"up"
"gene-LOC142983913",29.6696450032307,-2.31008461499463,0.931062287222646,0.00167942356787342,0.00660475985703146,"down"
"gene-LOC142974842",188.231411799921,-3.32921429250478,1.66760144283482,0.00168145029784403,0.0066102332328385,"down"
"gene-flfl",288.20759127928,-1.16122127167785,0.401088426945928,0.00168293365337627,0.00661356713161454,"down"
"gene-LOC142976215",2955.61893823648,2.13056163400084,0.854884764665003,0.00169372225156817,0.00665345231653761,"up"
"gene-LOC142980537",10.7615945225943,5.59487303980272,3.5250339930874,0.00170066695520513,0.00667821312851203,"up"
"gene-MFS16",101.271310815838,-1.62759222778213,0.606765752238633,0.00170829571680466,0.00670564042682374,"down"
"gene-LOC142982921",157.927666518934,-1.7490705816328,0.665048038951373,0.00170894130165698,0.00670564604231029,"down"
"gene-VIG",6056.24732356701,1.03756500814948,0.352705079881801,0.00171646654205431,0.00673263628590255,"up"
"gene-Mybbp1A",91.196222671622,-1.66397350407532,0.622288124460733,0.00174325494539901,0.00683513520964357,"down"
"gene-Nubp2",565.438505775639,1.1109506435962,0.381966578371603,0.00174394978405602,0.00683528510994848,"up"
"gene-LOC142974325",159.385980092872,-1.13479833059243,0.392049555472875,0.00174750798281202,0.00684665340650098,"down"
"gene-Ttc19",319.848329097578,1.48792571245024,0.541952630764739,0.00176431829317516,0.00690991475995237,"up"
"gene-LOC142986181",36.2921118012144,-2.82032386548675,1.26073868330308,0.00178228838094379,0.00697766906567313,"down"
"gene-LOC142987089",45.9613158512761,2.39218659605414,1.00822127326944,0.00179032663292785,0.00700650385292439,"up"
"gene-Sf3b3",515.831265359667,-1.17519019200636,0.409894875893167,0.00180179633695732,0.00704874102507542,"down"
"gene-LRP1",161.796269776963,-2.76110535715368,1.25592201876995,0.00180382437414856,0.0070540239424818,"down"
"gene-mrn",19.7522189026274,-2.88790624358421,1.26284871568743,0.00180457412234545,0.00705430590071955,"down"
"gene-LOC142978818",260.78890517913,1.31292623662175,0.466742769565596,0.0018096685958351,0.00707156534633762,"up"
"gene-Kap-alpha3",4544.30437928632,-1.47002105743732,0.541285826165866,0.00181424417825396,0.00708678495145355,"down"
"gene-LOC142976585",259.965931700922,-1.39695460462022,0.505666428113585,0.00181796901937262,0.00709867122718267,"down"
"gene-LOC142984574",39.5073289719572,-2.35430971100139,0.983694100118816,0.00183259325794403,0.00715309179422472,"down"
"gene-LOC142987481",104.331338827379,1.52565846889611,0.562277797091177,0.00183949249043332,0.00717733014445684,"up"
"gene-Coq7",1066.72550205553,1.36903097946239,0.493990749706217,0.00185183487981523,0.00722278047915943,"up"
"gene-LOC142975448",202.944459188514,1.78623154636011,0.688330103385771,0.00185913621681852,0.00724854232849468,"up"
"gene-LOC142982272",3902.394319032,2.08216829482845,0.840380577385302,0.00186042779271416,0.0072508623444981,"up"
"gene-LOC142976877",892.858670647553,-1.69752188186029,0.647876278832803,0.00186206238638983,0.00725451700685559,"down"
"gene-B52",726.676892488968,-0.79157108701328,0.264348502934503,0.00186403049792831,0.00725946782021461,"down"
"gene-LOC142974836",49.2281900384665,2.04529290841109,0.819214484005287,0.00186698316017949,0.00726824783001815,"up"
"gene-LOC142979186",20283.0504470672,1.90615352662951,0.745115789990068,0.00187048787483094,0.00727644946823246,"up"
"gene-htt",159.684634309648,-1.83124695016869,0.713017673817007,0.00187001591196386,0.00727644946823246,"down"
"gene-LOC142979934",246.535274840615,2.5865053775825,1.136442157317,0.00187182682651781,0.00727893808892433,"up"
"gene-Atg8",29355.0020910768,1.6793541005103,0.633227670691707,0.00187324276122835,0.00728172410171291,"up"
"gene-LOC142977040",304.107074728576,3.24256626087829,1.6169944074459,0.00187850581419774,0.00729945708316479,"up"
"gene-LOC142981634",178.072409836071,2.14273081427702,0.877224351587854,0.00188750104921387,0.00733167385161061,"up"
"gene-RpL7",27275.5706898779,1.22580958765536,0.431988308347619,0.00188830031282808,0.00733204261713553,"up"
"gene-mats",247.915991544272,-1.26415262518195,0.449989707803685,0.00189045746283635,0.00733768165105383,"down"
"gene-Setx",87.9691654127799,-1.94707186110476,0.776871435055644,0.00189159986073428,0.00733937925838386,"down"
"gene-kune",115.649269952857,1.86744463534336,0.730306546731602,0.00189673065289337,0.00735654474538747,"up"
"gene-LOC142976777",419.636344092885,-2.06151174551139,0.845091703720824,0.00189836116041994,0.00736012651023151,"down"
"gene-mRpL24",1442.85841943961,1.28627715613509,0.45834260475678,0.00190238399406059,0.00737297743044331,"up"
"gene-RpL24-like",3645.8746495454,1.40438418816199,0.509334406240461,0.00191005942015292,0.00739996969251654,"up"
"gene-chn",10.8367716978989,-4.49742061930668,2.77305612442184,0.00191543505020699,0.00741803529488644,"down"
"gene-LOC142974472",657.384353214425,1.22675229482339,0.433714421286929,0.00192663154986903,0.007458621953937,"up"
"gene-CIAPIN1",4059.52083175627,1.41918437986303,0.52199408837155,0.00193821565005519,0.00750067840783441,"up"
"gene-LOC142974843",153.98661992338,1.99584808301192,0.796343077647967,0.00194139284421644,0.00751018190572022,"up"
"gene-Pex23",183.451347359052,-0.869165541723708,0.293888413976416,0.00194304561776742,0.00751378338817194,"down"
"gene-LOC142987635",1504.17290432203,-2.21223311251677,0.930832601293538,0.00194578842249742,0.00752159579584039,"down"
"gene-LOC142980138",279.157149913027,-1.40792173669415,0.515259933621781,0.00195283136181694,0.00754601873664228,"down"
"gene-LOC142972937",33738.8488246383,2.62952689460088,1.16670374612889,0.0019558523473478,0.00755488791684252,"up"
"gene-LOC142986218",36.7906182692099,1.51302429529311,0.561976858510892,0.0019713392071718,0.00761069514502678,"up"
"gene-LOC142985014",7586.459658717,1.40271568960794,0.511361628450271,0.00197249332385036,0.00761069514502678,"up"
"gene-Coa8",431.566317952153,1.17322407725018,0.412967044230909,0.00197183676233469,0.00761069514502678,"up"
"gene-LOC142972895",944.071664907453,2.32819400809557,0.988700957018566,0.00197409602121589,0.00761405690287417,"up"
"gene-LOC142985692",2405.42383040527,0.50472825171284,1.21420457596132,0.001978001396114,0.00762629427168399,"up"
"gene-LOC142975616",422.104786599255,1.26741730537613,0.452736480425931,0.00198710738129617,0.00765856639736882,"up"
"gene-LOC142972915",153.539850612927,-2.02815497389419,0.828741375288582,0.00198954252710968,0.0076651138812775,"down"
"gene-shv",2019.2791031434,1.6372335095088,0.621527452316669,0.00199586198311079,0.00768661607257985,"up"
"gene-LOC142979242",845.077221288733,1.49830956912229,0.556777622002937,0.00200718451643209,0.00772736346747708,"up"
"gene-LOC142987859",3875.37700888545,2.22686696237129,0.934039099647534,0.00200980620826013,0.00773459616561478,"up"
"gene-LOC142975042",1149.58338198679,1.97256866188828,0.793695324928527,0.00201164720656892,0.00773882018491592,"up"
"gene-LOC142978730",113.577401981434,-1.39890061103453,0.513608451406899,0.00201530547813835,0.00775002956314009,"down"
"gene-LOC142987369",403.535162005428,1.03885772263802,0.360222092622124,0.00202603821152684,0.007788426064252,"up"
"gene-fbp",893.773442807383,1.514384196389,0.564417298357522,0.0020272486180238,0.00779020233061196,"up"
"gene-LOC142982502",10.5872335609916,3.48127892476144,1.63075263314801,0.00204691730934688,0.00785998125794948,"up"
"gene-LOC142983523",152.023101551177,1.89404925650096,0.753998352961251,0.00204672093220984,0.00785998125794948,"up"
"gene-AsnRS-m",130.031203235428,1.50612948972094,0.56083998862022,0.00204841340825152,0.0078628258037973,"up"
"gene-SDR39U1",542.923520176048,2.43769585642922,1.06692756090687,0.00205474242324069,0.00787103226335268,"up"
"gene-LOC142986076",6259.76196086053,-2.22061641403372,0.95982155330687,0.00205661088841539,0.00787103226335268,"down"
"gene-LOC142986074",6259.81592199904,-2.22061509993281,0.959822640100354,0.00205663463819798,0.00787103226335268,"down"
"gene-LOC142986075",6259.81592199904,-2.22061509993278,0.959822640036556,0.002056634638198,0.00787103226335268,"down"
"gene-LOC142986072",6259.89679988584,-2.22031387226469,0.959770037158313,0.00205811826086599,0.00787103226335268,"down"
"gene-LOC142986073",6259.89679988584,-2.22031387226441,0.959770037214922,0.002058118260866,0.00787103226335268,"down"
"gene-LOC142986068",6259.97996303324,-2.22004998433549,0.959675806673025,0.00205886847772424,0.00787103226335268,"down"
"gene-LOC142986070",6259.97996303324,-2.22004998433517,0.959675806652254,0.00205886847772422,0.00787103226335268,"down"
"gene-kz",47.1094368718665,-2.07854792209615,0.851817993851921,0.00205436946065049,0.00787103226335268,"down"
"gene-LOC142976475",54.6284205208838,-1.78523515300464,0.701238591418975,0.00205649456422651,0.00787103226335268,"down"
"gene-MET1",894.356474843336,-1.33439120594237,0.485228567153438,0.00205151601612285,0.00787103226335268,"down"
"gene-Dna2",43.6517688911978,-1.37669977912214,0.499918308420707,0.00206297034541438,0.00788381839051531,"down"
"gene-path",1659.79593365284,-2.41446852745347,1.06697572486886,0.00207170921226215,0.00791430932097211,"down"
"gene-Tmlh",836.688795116191,2.90694654604292,1.39711768370123,0.00207408503343571,0.00791603510506832,"up"
"gene-LOC142985517",33.3333495369033,1.62484521683861,0.618178574847093,0.0020729832436525,0.00791603510506832,"up"
"gene-SppL",78.3448253445404,-1.08194515026305,0.379213398943123,0.00207520267067545,0.00791603510506832,"down"
"gene-LOC142979577",352.133137134205,-0.6944997046882,0.232347387678463,0.0020749605457609,0.00791603510506832,"down"
"gene-CatD",4625.91317310183,-2.30542376059186,1.00135098740327,0.00209542202041798,0.00799023561631913,"down"
"gene-LOC142981472",2254.78201768984,2.37136968315531,1.02762018174546,0.00209997930213028,0.00800468126516887,"up"
"gene-LOC142979650",12855.2879320329,1.91598323513612,0.771313092096696,0.00210364647919775,0.00801572468830473,"up"
"gene-LOC142972303",5.44399827630549,4.28965399172773,2.24240434913003,0.00210603203198668,0.00802187832161777,"up"
"gene-LOC142980909",153.997942622188,1.03493647306121,0.3598247664319,0.00211191318062419,0.00804133731174024,"up"
"gene-LOC142984961",104.142885912634,-2.17676116845839,0.913461279913979,0.00211277820499966,0.00804168962122356,"down"
"gene-eIF2Balpha",440.833059877508,1.30249741782178,0.471017155490366,0.00211439963424698,0.00804491966100549,"up"
"gene-NitFhit",549.26197061331,-1.13454911844485,0.40164135919988,0.00212012248920866,0.00806374684423171,"down"
"gene-LOC142978882",1036.34663337987,1.45699634988568,0.542340473222874,0.00212125125047525,0.00806509332266156,"up"
"gene-Arf79F",9380.79235142957,1.1961117283274,0.425604721007265,0.00212213277945254,0.00806549917272762,"up"
"gene-LOC142986199",530.550446455279,-0.949492419336982,0.327590871938037,0.00212367320757748,0.00806840806236553,"down"
"gene-Slbp",101.370097536532,1.11208007696828,0.390678714825071,0.00212466661038916,0.00806923729082492,"up"
"gene-LOC142981638",335.223469209329,-3.51027569323651,2.03576623807216,0.00212640555420112,0.00807289636004143,"down"
"gene-Ric",81.5922175370714,-1.29993029367728,0.470364009137965,0.00213335402731568,0.00809632352327969,"down"
"gene-LOC142985191",328.930935429433,0.77440256226515,0.261465256790121,0.0021351624561267,0.00810023366190925,"up"
"gene-LOC142983680",254.86283238893,1.18080708774941,0.419845495346303,0.00214115334374562,0.00812000229813912,"up"
"gene-LOC142987290",123.321889698607,-1.3899309633923,0.512386998956092,0.00214423455564745,0.00812872604671885,"down"
"gene-Ctr9",354.497058494683,-1.20573565793099,0.432425880943048,0.00215419367578781,0.00816350788676778,"down"
"gene-LOC142987493",867.236337833466,3.83466537085671,2.53729310614504,0.0021611483858998,0.00818390494624115,"up"
"gene-san",686.633822364185,1.15784036647209,0.413386282259793,0.00216039600949247,0.00818390494624115,"up"
"gene-LOC142979989",184785.809252834,-1.94608360185287,0.795392963153011,0.00216518074262577,0.00819321393338214,"down"
"gene-cdi",316.857983782678,-1.51382034841752,0.571498581207433,0.00216448896358606,0.00819321393338214,"down"
"gene-LOC142975894",49.9600762442829,1.1330065789764,0.401151547132732,0.00216876129887096,0.00820378093068556,"up"
"gene-LOC142983552",128.0870232674,-1.73099134820476,0.67619179920324,0.00217340789747034,0.00821837130863284,"down"
"gene-LOC142979565",60.7303049216645,3.43612647918408,1.89764894427859,0.00218870426556917,0.00827320675547389,"up"
"gene-BNIP3",7812.1796660275,-2.33718951869376,1.03354693329907,0.00219406033512627,0.00829044213744628,"down"
"gene-nsl1",106.266918602256,-1.72009746655888,0.675778343453574,0.00219650874588915,0.00829668216426199,"down"
"gene-LOC142972796",314.922160231191,-3.14448938796614,1.66577093938282,0.00220350015477467,0.00832007131345822,"down"
"gene-LOC142976396",402.684395105708,-1.42402012032924,0.530273974020205,0.00220724237595734,0.00833117952636543,"down"
"gene-thoc7",173.768422397228,1.3681139469049,0.502618699031014,0.00221428207828472,0.00835472143347006,"up"
"gene-Mbs",346.593217201959,-1.19132598934983,0.42675205562828,0.00222050680465589,0.00837517240451731,"down"
"gene-Cog8",532.900523950179,1.42157968055111,0.527841438483897,0.00222425231714892,0.00838626100018844,"up"
"gene-LOC142982187",64.0083280620959,-1.5170309837468,0.574101673574314,0.00222664502842919,0.0083922428479174,"down"
"gene-LOC142981475",809.609735024066,-1.40062428818369,0.520191151762641,0.00222999602220375,0.00840022907529472,"down"
"gene-Dlic",622.119301394995,-1.29048769528538,0.470611098569787,0.00223037782556336,0.00840022907529472,"down"
"gene-LOC142977207",656.256740819977,1.55583703380731,0.591448663186302,0.00223249505864358,0.00840516222802159,"up"
"gene-LOC142977847",985.498348287652,1.39401703193523,0.514737898045931,0.00223406209426024,0.00840802111397291,"up"
"gene-LOC142973843",4.88173748980519,5.93383852710547,3.89487617022157,0.00224540012556387,0.0084476383473509,"up"
"gene-LOC142980495",268.344442930309,-1.26890591411812,0.460958810799209,0.00224687462804433,0.00845013182006556,"down"
"gene-LOC142979298",101.408682793036,-1.96617013033461,0.809314048055835,0.00225051195248233,0.00846075457758794,"down"
"gene-LOC142975539",189.033182201606,1.13977893779978,0.405330392230669,0.0022535694801211,0.00846919071771142,"up"
"gene-Ide",349.650071410142,-1.61272222655473,0.625097599131179,0.0022738557427134,0.00854234510344514,"down"
"gene-LOC142977939",4240.82024042187,1.15513088755837,0.414456904022366,0.00227866810341948,0.00855733584292815,"up"
"gene-LOC142973569",386.510970937046,-1.42701229554285,0.533951441315141,0.00228412007028088,0.00857162578645419,"down"
"gene-Fkbp12",11527.8668638739,0.948280259841467,0.328790667523423,0.00228397641117864,0.00857162578645419,"up"
"gene-LOC142982141",78.5266018969938,-1.21500872017814,0.437120692380703,0.00229593925434687,0.00861287482441476,"down"
"gene-LOC142974331",1814.63295240075,-1.15667710775458,0.418793967341626,0.00230316412441473,0.00863686546655525,"down"
"gene-GSTo1",7875.64741348957,1.53590366614964,0.58456886671036,0.00231451433546147,0.00867318006916988,"up"
"gene-ena",285.299683077867,-1.43413724611067,0.538119505665382,0.00231379852118336,0.00867318006916988,"down"
"gene-Cdc25",54.3567397782886,-1.39768910271952,0.520357460646052,0.00232133645036979,0.00869561441106495,"down"
"gene-LOC142985723",50.0111420062048,-2.71168608294754,1.28315832682601,0.00232337179552056,0.00870010805444929,"down"
"gene-Tango11",2980.96793862331,1.35713709254378,0.501901783896193,0.00232812680337586,0.00871477886484816,"up"
"gene-Rack1",16110.4746180456,1.06208007193415,0.374684354389072,0.00233050418940078,0.00872054227593895,"up"
"gene-LOC142982871",1606.67368441107,1.87130207483084,0.756264376494295,0.00233788625180399,0.00874502187613348,"up"
"gene-VhaAC39-1",9544.40971211458,1.61634532252207,0.625027567148488,0.0023582847333045,0.00881815519888643,"up"
"gene-LOC142982653",427.531864364414,-1.36232522609597,0.506554613748009,0.00236181177086265,0.00882817254387082,"down"
"gene-LOC142983032",12922.7221154818,1.65719835280305,0.64384404987115,0.0023651653268381,0.00883753447680713,"up"
"gene-LOC142985498",98.5795451581325,-1.06685070427197,0.37861155032019,0.00237067936039454,0.00885495950545645,"down"
"gene-LOC142979398",27.1255268110436,-2.76901405510793,1.31697882034521,0.00237481528014758,0.00886722635090972,"down"
"gene-LOC142974290",68.091838306921,-1.07154803622277,0.380127471392547,0.002385159139197,0.0089026556611835,"down"
"gene-Elys",89.5445395966706,-1.59344766123483,0.612270912363225,0.00239574813257878,0.00893897421510578,"down"
"gene-LOC142974655",281.255084950727,1.34649644506297,0.499072647269634,0.00240269881005723,0.0089616963857742,"up"
"gene-LOC142985630",594.809145252201,-2.07432322317678,0.883837223330296,0.00241003722266719,0.00898263067954367,"down"
"gene-Dim1",458.781194814887,1.33558277248652,0.493931307554548,0.00240950172754793,0.00898263067954367,"up"
"gene-Art4",400.03615792647,-1.22901473451662,0.447839139406648,0.00241160699991129,0.00898526444848836,"down"
"gene-LOC142974350",23.4237297856021,2.97632407427576,1.45719180638819,0.00241369379313324,0.00898982196297568,"up"
"gene-Blos2",377.816868459949,-1.05629262117267,0.375660639906257,0.00243072137847689,0.00905000341557382,"down"
"gene-LOC142972929",12766.9305291818,2.96511571599601,1.46592888509932,0.00243991986029471,0.00908100312680296,"up"
"gene-LOC142980227",192.79329666954,-1.13445707713632,0.408081185461102,0.00244648736875278,0.00910219210461633,"down"
"gene-Mp20",8778.48012133249,2.00272507602793,0.835427275144122,0.00245093060136937,0.00911478784329933,"up"
"gene-LOC142987902",1290.50386521864,-1.58055068202612,0.615845909806983,0.00245162401164631,0.00911478784329933,"down"
"gene-LOC142978149",462.310539152024,1.29909773350929,0.478820913389618,0.00246653405549337,0.00916694734654979,"up"
"gene-LOC142984846",28.6135471513058,-1.76767283602654,0.700864059478497,0.00246990749791016,0.00917620879844567,"down"
"gene-LOC142975016",9586.64897958646,2.87407455815503,1.42709258203299,0.0024730434140496,0.00918458149848602,"up"
"gene-pofut1",118.476122573546,1.10246024137787,0.394190197917253,0.00247796978756303,0.00919959539533922,"up"
"gene-Bulli",366.493587471528,-0.974217796974302,0.34298550681647,0.00247888638898084,0.00919971740081658,"down"
"gene-LOC142975018",3636.33194740467,2.80120777308471,1.37651115186279,0.00248077551372343,0.00920016854216634,"up"
"gene-hry",105.767742633834,-2.50259284090572,1.16856887236337,0.0024806822275244,0.00920016854216634,"down"
"gene-LOC142985075",76.5113844588658,-1.36592802458096,0.510697533961091,0.00248478581535836,0.00921175937958707,"down"
"gene-Hexim",628.314850922644,1.08119743061727,0.385314823378268,0.00248778669084105,0.00921960108638494,"up"
"gene-LOC142982322",20449.6252706933,1.47506707865025,0.559980490829834,0.00250439541171082,0.00927784919427388,"up"
"gene-LOC142981586",168.125059412652,2.18580865900509,0.948041035635395,0.00250710812711675,0.0092812928887928,"up"
"gene-Bdp1",35.8909734034852,-2.16222784133867,0.92694748025981,0.00250671795445881,0.0092812928887928,"down"
"gene-LOC142974973",916.567111158036,2.27131831997185,0.999333046351837,0.00251043202323262,0.00929029412081465,"up"
"gene-LOC142975824",127.605809612909,1.31478528296315,0.486946838626429,0.00251543739546114,0.00930550934141809,"up"
"gene-LOC142979429",196.213454166987,-1.7474021691169,0.704359432530719,0.00253666660208173,0.00938071024073564,"down"
"gene-LOC142978445",14.2009448482625,-2.97345911050853,1.35733073566035,0.0025430970199167,0.00940115056013239,"down"
"gene-LOC142972923",47.9068256888102,-1.5909392149343,0.618362709876885,0.00254842686944649,0.00941416739210005,"down"
"gene-Trpm",281.693319734278,-1.48716983350339,0.570878116196538,0.0025484044532326,0.00941416739210005,"down"
"gene-LOC142981157",338.192875210531,-1.27633583495127,0.472341387604488,0.00255192549925964,0.00942374758683676,"down"
"gene-LOC142987497",259.949801381727,-1.14758519742852,0.414880173839274,0.00256308374471522,0.0094615963767679,"down"
"gene-FER",189.921050161643,-1.4545022700666,0.55561068462956,0.00256564703330415,0.00946770138840703,"down"
"gene-Roc1a",6108.69543255879,1.51578978513212,0.58584131982079,0.00256729894258812,0.00947044011068119,"up"
"gene-Pfrx",5705.61872590782,-2.54908609241433,1.21664851885193,0.00257014189951361,0.00947756895994923,"down"
"gene-LOC142980645",6.87932190304851,5.0549974241342,3.4359960478865,0.00257260915888551,0.00948330784135912,"up"
"gene-LOC142980120",1418.82769597873,2.19563742199214,0.960351407019859,0.00257446828597394,0.00948344474769592,"up"
"gene-LOC142979221",34284.7183660561,1.36345587236601,0.50915888267534,0.00257360909401738,0.00948344474769592,"up"
"gene-COMMD4",957.398852526356,1.09019136084839,0.390974498273504,0.00257747953155611,0.00949117860753416,"up"
"gene-Ho",2433.6240935275,1.43654632102883,0.546858597425955,0.00257921179394528,0.00949419900105034,"up"
"gene-LOC142973173",52.6064305813847,-1.77175652744443,0.717944023945828,0.00258322421790968,0.00950560767353828,"down"
"gene-LOC142979838",473.323033549835,2.19670695139893,0.962381460223583,0.00258592809053134,0.00951219484891565,"up"
"gene-LOC142973162",74.8509378593616,2.24360351598308,0.990007184988866,0.00258919427035994,0.00952084505632178,"up"
"gene-LOC142975096",74.5971462694668,-1.35782814795882,0.510907274252585,0.00259869675589199,0.00955241286328941,"down"
"gene-Pgant5",498.412162361408,-1.10088619932813,0.396611529739587,0.00262353224570429,0.00964030027454348,"down"
"gene-LOC142973355",7.85024519517743,3.40396079243924,1.77601375119042,0.00263633117853547,0.00968391233893938,"up"
"gene-LOC142981427",17.1582425184761,2.76766867941211,1.34146294480779,0.00265540457764155,0.00974713180789569,"up"
"gene-LOC142976686",80.1604642468681,-2.45367549410284,1.13584190051152,0.00265541458282346,0.00974713180789569,"down"
"gene-LOC142977548",1155.63325730829,2.08181251881389,0.892400935044482,0.00265944030378186,0.00975846794584743,"up"
"gene-mRpL50",256.342175070785,1.61861269687401,0.637895458999788,0.0026682887908432,0.00978748636810348,"up"
"gene-LOC142981749",1282.24823094772,1.98219797563963,0.842998832127582,0.00267040851008688,0.00979181140894836,"up"
"gene-LOC142974778",639.34052937805,2.29638871293006,1.03437510747988,0.00267346992602675,0.00979958518659805,"up"
"gene-LOC142984444",421.798809420705,-2.42388531448134,1.13209537208398,0.00268134334805745,0.00982498565761284,"down"
"gene-LOC142977805",68.252476082651,2.04190332819276,0.872890652747396,0.00268678838387807,0.0098414732850706,"up"
"gene-LOC142980430",50.582120576704,-3.30303036769599,1.85080981032934,0.00269063196841257,0.0098520853996394,"down"
"gene-LOC142981468",251.809557799649,-1.83631766392428,0.75739453884252,0.00269241120562453,0.0098551338433725,"down"
"gene-Fancm",80.7276322022187,-1.27233616753744,0.471980405524078,0.00269417303402875,0.00985811644437233,"down"
"gene-LOC142980585",38.4754382375967,-3.55241054804956,1.936116009206,0.00269797925717871,0.00986164468652752,"down"
"gene-Ypel",4677.61234160513,-2.9084837138514,1.54192796934775,0.0026972438360512,0.00986164468652752,"down"
"gene-VhaPPA1-1",8598.4188017597,1.61103767852511,0.634145372547955,0.00269638974138519,0.00986164468652752,"up"
"gene-LOC142978461",148.363245771924,1.91971676713394,0.801122867903313,0.00270605874929049,0.00988076870575728,"up"
"gene-mle",89.8546232128428,-1.66712764951926,0.664046588897979,0.00270570974451594,0.00988076870575728,"down"
"gene-LOC142987886",73.2467129708348,-1.40000549564497,0.534008178438542,0.002705227854997,0.00988076870575728,"down"
"gene-LOC142983843",2205.37011694574,1.2015508474145,0.442719143378166,0.00273137147040529,0.00996969740775565,"up"
"gene-hop",124.1054288481,-0.961904355183567,0.342017478523386,0.00273959390850608,0.00999620490275088,"down"
"gene-cert",1275.15266656858,-1.1988860053724,0.446664317260373,0.0027418661798394,0.0100009905158123,"down"
"gene-LOC142984466",551.598500366149,-1.90821630480215,0.804200200118146,0.00274456163314366,0.0100073157972068,"down"
"gene-LOC142978257",3152.71461726099,-2.66864916108012,1.34111373526547,0.00274931340504058,0.0100178429977606,"down"
"gene-LOC142977401",11850.652217484,-1.34778785237703,0.516842745828796,0.00274937343367936,0.0100178429977606,"down"
"gene-LOC142978055",81.0410457187574,-2.51756922319252,1.20112542301016,0.00275048028704188,0.0100183694150126,"down"
"gene-LOC142985722",10.8908835830454,-5.30717249571505,3.73413826376924,0.00275321365710265,0.0100248178280653,"down"
"gene-LOC142983961",879.508269781915,2.47760351505126,1.15961614058654,0.0027579124690433,0.0100366443772356,"up"
"gene-LOC142977097",10158.4709155061,1.83465176684547,0.754979971020333,0.00275838996765332,0.0100366443772356,"up"
"gene-Ask1",136.384384186191,-1.31996431995223,0.496232240863697,0.00276264310796648,0.0100486075310731,"down"
"gene-LOC142980784",203.325151944069,-1.3774522315345,0.524510006542825,0.00276380777028077,0.0100493324794351,"down"
"gene-LOC142977570",11542.0393281627,1.91551903357826,0.801541765528717,0.00277790021004175,0.0100970465036783,"up"
"gene-LOC142978059",234.506331831803,-2.13662832327675,0.948250918754116,0.00280795860255012,0.0102027396343968,"down"
"gene-LOC142985797",15.3999035861438,-3.3639930174921,1.89444601359382,0.00281413362032187,0.0102185371978199,"down"
"gene-LOC142976537",28.0864156375921,2.45264189391415,1.14316543104657,0.00281426956255041,0.0102185371978199,"up"
"gene-Hmgc",4951.64700511662,1.92935321308521,0.812346671105947,0.00281679228201675,0.0102241309817972,"up"
"gene-mino",860.559599831331,-2.6047455125479,1.29252247700403,0.00281860931672431,0.0102271603301151,"down"
"gene-LOC142981269",20791.6128162727,2.55853867876489,1.2264431639913,0.00282138943853857,0.0102319905969582,"up"
"gene-LOC142984896",1372.65439553547,2.22091990913184,0.993507040388001,0.0028219063404291,0.0102319905969582,"up"
"gene-LOC142980044",202952.425180487,-2.13178905575928,0.950647129339392,0.00284607263691527,0.0103160223364512,"down"
"gene-Gnf1",33.8572937109119,-1.84691064314163,0.772951859653558,0.00284820165621214,0.0103201459245278,"down"
"gene-Achi",135.681824394226,-1.54277131021243,0.607556032499257,0.00285246248650889,0.0103319883383986,"down"
"gene-Sec13",1907.38199368731,1.68380084250066,0.678496586642669,0.00285922624897156,0.0103492855534749,"up"
"gene-LOC142987243",1129.09174133031,-1.01164357220371,0.364221877975815,0.00285850543212294,0.0103492855534749,"down"
"gene-LOC142982175",2594.30785850752,1.64731490227975,0.661774630158742,0.00286949786258809,0.0103828546227118,"up"
"gene-casp",1858.66518997695,-1.84523168638862,0.785783593669849,0.00288935186421536,0.0104447478613915,"down"
"gene-par-6",205.711823713276,-1.13614490987483,0.417373895787283,0.00288921643525491,0.0104447478613915,"down"
"gene-Nfs1",1107.04092709531,1.08848644297167,0.39558327103798,0.00288961324119189,0.0104447478613915,"up"
"gene-LOC142978957",25.8185030943139,-1.3997566311966,0.53629038306742,0.00289196930346417,0.0104496356990843,"down"
"gene-LOC142977343",159232.310605075,1.94949853589587,0.822136958686652,0.00289900566703114,0.0104714257438564,"up"
"gene-LOC142979015",143.710856956041,-1.89975422839727,0.804760080421685,0.00290038694716343,0.0104727811723799,"down"
"gene-LOC142975111",897.964619740021,-0.879287342587827,0.311480966857543,0.00290608808276052,0.010489728481809,"down"
"gene-olf186-M",204.244011950141,1.02118481486689,0.368006928534496,0.00291455752404073,0.0105166529723619,"up"
"gene-LOC142974600",7.96645951159725,-3.75445459917015,1.97320104576163,0.00291869636190874,0.01052515241433,"down"
"gene-Pglym",2223.16438251323,2.14874780986727,0.953339898594038,0.00291893516043906,0.01052515241433,"up"
"gene-Blm",49.6042303241421,-1.75954824493734,0.722980674209483,0.00292568434561311,0.0105458358856761,"down"
"gene-LOC142979137",998.066476028434,1.42677852013737,0.551894536384357,0.00292689886201166,0.0105465618392321,"up"
"gene-Sym",374.052916059739,-1.16581710568283,0.43010976857219,0.00293241137158224,0.0105627689889866,"down"
"gene-LOC142986182",165.037282514087,-1.40037087964114,0.537356212243611,0.00293826232835822,0.0105801836175057,"down"
"gene-LOC142976697",208.165342067101,2.43111967944047,1.14780936018902,0.00293932368087302,0.0105803456147608,"up"
"gene-LOC142972534",25.6526990632664,2.39208385552143,1.06878963176892,0.00294900305873468,0.0106115180924397,"up"
"gene-RhoGAP1A",575.398119454565,-1.19203309388992,0.443317599045306,0.00295304810079662,0.0106224017723887,"down"
"gene-LOC142986178",26.1188955165756,-2.02553319619663,0.875811774410775,0.00297257784674885,0.0106889586820917,"down"
"gene-LOC142973376",82.4604248267821,1.67906738401672,0.684735428092419,0.0029776095624506,0.0107033548153007,"up"
"gene-Fntb",407.491025746942,0.941177549411348,0.336771849060689,0.00298032669153179,0.0107094238380552,"up"
"gene-gzl",245.468615752364,-2.05775794255424,0.907006519048025,0.00298365271815055,0.0107176759130253,"down"
"gene-LOC142985527",373.951495852644,-1.89630202506478,0.808886516423118,0.00298609478589993,0.0107227480928659,"down"
"gene-LOC142983643",56.6556165287966,1.42691120133494,0.551754592527836,0.00298900638108518,0.0107295022162402,"up"
"gene-LOC142983930",164.490516579323,-1.5428630594013,0.613283745573951,0.00299178223578835,0.0107357645896438,"down"
"gene-LOC142987454",513.315865999632,0.997800931557755,0.35954464002444,0.00300048091852552,0.0107632689048417,"up"
"gene-LOC142978869",1986.52445451504,-1.69706482174939,0.695771423904775,0.00300416969437311,0.0107727890177141,"down"
"gene-Moca-cyp",65.0010171808632,-1.73211004293573,0.713161593000347,0.00301345614718022,0.0108023686267721,"down"
"gene-LOC142973692",548.332925695025,1.41203413928719,0.547857808096691,0.00301606439400803,0.0108079966752577,"up"
"gene-LOC142986743",133.171427382813,-2.30038609515671,1.06682638939625,0.00301722717616044,0.0108084428437131,"down"
"gene-cpb",1191.33251348767,1.10121449623683,0.405877377415405,0.00302899127535195,0.0108468521418692,"up"
"gene-LOC142980127",1744.13063376224,1.91010750715088,0.811152397032185,0.00304774975909388,0.0109102733810754,"up"
"gene-Alg9",73.5683858606157,-2.04715315158656,0.899148915959043,0.00305907493870572,0.0109470505713051,"down"
"gene-Dh31",499.046761672808,1.64207094113029,0.664403040716843,0.00306677938805481,0.0109708499758249,"up"
"gene-Nol8",156.269391162087,-1.2401412720928,0.467945401716176,0.00308622262198183,0.0110366119872315,"down"
"gene-LOC142979985",42.8017916956213,1.75225919518096,0.726144322914035,0.00308737172263815,0.0110369298189091,"up"
"gene-LOC142976219",19.0869864116491,-4.1062562999088,2.42830936556565,0.00309554665729529,0.0110585589232821,"down"
"gene-alpha-Man-Ib",247.812340583556,-1.23447558024571,0.462950754806949,0.00309538331597124,0.0110585589232821,"down"
"gene-LOC142980486",37.9229838141158,3.46123609877861,2.11603189029774,0.00309794867729806,0.0110633433038329,"up"
"gene-p120ctn",513.308575998062,-1.35001116928334,0.519441348072122,0.003104137520916,0.0110816432073853,"down"
"gene-LOC142985807",5.66529929614237,4.64770786067461,3.27349408863322,0.00311421383906535,0.0111138039302949,"up"
"gene-LOC142973533",486.672655381344,1.67772052991201,0.683127332020685,0.00311996675940843,0.0111305188366833,"up"
"gene-LOC142977162",374.350550942625,1.94014389609071,0.835548161757717,0.00312393445972882,0.0111408556785807,"up"
"gene-LOC142983577",2965.67202039532,2.87182371147089,1.52947693206446,0.00313211589583759,0.0111630589699842,"up"
"gene-LOC142974247",3221.14980505749,2.6230121024913,1.31532790185969,0.00313337735929815,0.0111630589699842,"up"
"gene-LOC142987347",2692.97688719421,1.20888213018619,0.453627679867285,0.00313250866539793,0.0111630589699842,"up"
"gene-Fer1HCH",132298.193687131,1.0898452407285,0.399566636862591,0.00314859726983162,0.0112134442623836,"up"
"gene-LOC142981382",41127.4391837724,1.88375501901173,0.795732840540771,0.00315819889732262,0.0112437929278825,"up"
"gene-LOC142972453",331.158548913263,0.965652163928828,0.349050723656284,0.00316065811971769,0.0112487012055594,"up"
"gene-LOC142983566",69.4635657828649,-1.3515303601354,0.519181741075277,0.00316200405710996,0.0112496453296359,"down"
"gene-RhoGAP102A",35.7993890554044,-2.74921139297603,1.25953193365664,0.0031682099974681,0.0112678736158671,"down"
"gene-LOC142978729",9985.05329160575,-1.08386996656874,0.399852936792981,0.00317278375352221,0.0112802865007398,"down"
"gene-Rim2",478.591333289389,1.52138735679217,0.604043268943742,0.00317678488472088,0.011290655735727,"up"
"gene-LOC142976366",16759.5311546108,2.97239519257652,1.62727437041212,0.00319891371412612,0.011365423810257,"up"
"gene-LOC142987084",96.2277333120632,-1.95969527447434,0.860563330779795,0.00321500711494671,0.0114187049016019,"down"
"gene-Pkn",319.206582529072,-0.88119355814585,0.315921808820053,0.00323013571927379,0.0114685241601774,"down"
"gene-LOC142982211",44.6194371275733,-1.85449547283281,0.785547180983633,0.00323390769814222,0.0114780017516742,"down"
"gene-LOC142972793",3426.49227075161,-2.23350740866006,1.04609776021909,0.00324166126596835,0.0115015997882517,"down"
"gene-Son",379.664948360294,-1.02155772326339,0.374044442065154,0.00324522566592262,0.0115103234011089,"down"
"gene-Dd",514.273053656649,-1.36715654956415,0.529558395915385,0.00324869224252847,0.0115186942250413,"down"
"gene-dachs",7.50967273238031,-4.87754043930304,3.47935544994943,0.00325040058827229,0.0115208274170632,"down"
"gene-LOC142980296",155.043361403812,2.68702245036167,1.39414634341456,0.0032585892765237,0.0115459204794458,"up"
"gene-LOC142985577",40.5089992328862,-1.69716123648366,0.706534199178229,0.00326208966409954,0.0115543904060144,"down"
"gene-LOC142982313",1036.2348276586,1.17300101546651,0.439996546063141,0.00328648988947265,0.0116368570576225,"up"
"gene-LOC142973774",61.1553959341547,-1.45350890260689,0.572359921341482,0.00329197715100891,0.0116506195005148,"down"
"gene-LOC142975257",297.208455705276,-0.963159892484075,0.350127293094588,0.00329261504039524,0.0116506195005148,"down"
"gene-Top1",1028.88105508497,-0.985840078881288,0.359227990481887,0.00331468883704619,0.0117247403308362,"down"
"gene-LOC142987457",138.328217317161,-1.33984183882448,0.519222366375815,0.00332887408590899,0.0117709168594812,"down"
"gene-LOC142972911",436.216808891952,1.50974698859465,0.601688514299956,0.00333242680056424,0.0117794780963918,"up"
"gene-LOC142981623",225.059817841177,2.04566348783643,0.91294630516946,0.0033510622626679,0.011841329991301,"up"
"gene-ed",26.8454421902417,-1.87460604020168,0.795682110959072,0.00336449752701962,0.011884770701145,"down"
"gene-LOC142973359",498.306692033183,-2.58526115966415,1.35297900984762,0.00337238919578306,0.0119045681682271,"down"
"gene-LOC142976786",10.7442320634859,-2.33423247570069,1.02037329103762,0.00337222692422153,0.0119045681682271,"down"
"gene-LOC142973375",158.598633314475,0.900461978913536,0.324627886435041,0.00338319175849332,0.0119386529511578,"up"
"gene-Pak",141.808788111657,-1.64325838826888,0.678787066135358,0.00338437528646734,0.011938782355854,"down"
"gene-CenG1A",182.203875653992,-1.72934054625365,0.726846284844104,0.00339120655010211,0.011958827976478,"down"
"gene-gfzf",71.3632673844682,1.79042553124162,0.756164089895177,0.00339294265517131,0.0119608984220566,"up"
"gene-LOC142986124",3912.91459427391,-1.44308288910795,0.578180146579731,0.00339511242165118,0.0119644957039231,"down"
"gene-LOC142975938",98.5122309892488,1.10425980044191,0.410883256132797,0.0034103991468996,0.0120142995327326,"up"
"gene-Cyp4g15",52.440660536624,2.96624626439563,1.6750347675858,0.00341685458103258,0.0120248330590092,"up"
"gene-LOC142981496",25.8096421121531,-2.21535685018604,1.02746829717523,0.00341679635805701,0.0120248330590092,"down"
"gene-LOC142976569",44.8555595958614,-1.98808161438376,0.883891977444774,0.00341505837265965,0.0120248330590092,"down"
"gene-fwd",352.780589375085,-1.9193850171522,0.845925491816193,0.00342081184870049,0.0120346912284461,"down"
"gene-Cdep",241.446749959865,-1.40720079368563,0.554975130834982,0.00344073524271372,0.0121006938772466,"down"
"gene-LOC142987699",35.9829301300215,2.2448416353076,1.05358952063466,0.00345640116302954,0.012147581400114,"up"
"gene-LOC142979538",273.441111784898,-1.12576928520448,0.422563993983438,0.0034555846688265,0.012147581400114,"down"
"gene-mRpS16",477.404006983953,1.47366810205331,0.587741339665097,0.00347104104374939,0.0121949163906281,"up"
"gene-Rbp",4.86879283122785,-4.92298791976193,3.66180974052803,0.00351506594590114,0.0123454239193087,"down"
"gene-Rrp40",251.616351792987,1.11281045952001,0.416597983646304,0.00352268621857277,0.0123680146830835,"up"
"gene-LOC142976103",69.5850134381309,-1.41299691759737,0.558921491974076,0.00355148269210828,0.0124649139665702,"down"
"gene-LOC142972881",1273.81888775821,2.76781604547406,1.52757647635986,0.00355603617688803,0.0124766891140561,"up"
"gene-BTBD9",366.951554102717,-2.00716198848328,0.90797601080032,0.00356109471291496,0.0124902277498129,"down"
"gene-Ppox",193.259377980897,1.4831429404253,0.594840171566109,0.00356361963605868,0.0124948738334021,"up"
"gene-LOC142983741",14.479052165978,3.36304990576389,2.09828212410413,0.00356802579751135,0.0125061106236004,"up"
"gene-Chrac-14",112.876568010129,1.55353111736263,0.633295787901459,0.00356976645976459,0.0125080002848029,"up"
"gene-SMC1",190.244554329542,-1.1229477942394,0.423221869683385,0.00358672616846149,0.012563196303393,"down"
"gene-PAN3",770.855580146947,-1.15396915519103,0.436176631652265,0.00360001080623253,0.0126054868795428,"down"
"gene-Oga",81.9041934950957,-1.67881878143594,0.707900806472218,0.00361148304389754,0.0126414050057073,"down"
"gene-LOC142977711",138.152004979104,1.49793957527453,0.603908070965141,0.0036185898167039,0.0126620235266849,"up"
"gene-LOC142985095",132.22567459939,1.12766324525603,0.424864303914168,0.0036400535496505,0.0127328486061363,"up"
"gene-PDZ-GEF",217.647379633465,-1.2880979535923,0.500098913875169,0.00365418140921349,0.0127779739569743,"down"
"gene-LOC142975029",515.50008034559,0.970231168477486,0.35683766754612,0.00365632765720167,0.0127811856653692,"up"
"gene-LOC142976886",240.992400965171,-1.15508726645859,0.438441669247275,0.00366582867607687,0.0128100961792414,"down"
"gene-shot",1475.54932039305,-1.47441046671533,0.596840317791553,0.00367030536787523,0.0128214358656312,"down"
"gene-Exo70",176.475181479922,-1.33488124009848,0.523943357904704,0.00367853055990736,0.0128458581444601,"down"
"gene-LOC142983558",2075.14386596061,-1.27788540880847,0.497164914121842,0.00368355985021583,0.0128591073241941,"down"
"gene-LOC142974453",7937.77418806037,2.20561763932148,1.04580758592132,0.00368985272391744,0.0128767572430374,"up"
"gene-LOC142987583",5924.70572023612,1.45435373383791,0.58507595435473,0.00369498558078127,0.0128903484905942,"up"
"gene-LOC142978528",843.039814380785,1.15728086624279,0.439166240992125,0.00370040557721908,0.0129049320130153,"up"
"gene-mRpL38",386.207940290321,1.45672269487329,0.585036208240194,0.00372774991448305,0.0129959399228964,"up"
"gene-LOC142980040",14014.1009189409,2.37088852841894,1.16576113989346,0.00374616492243828,0.0130557672723745,"up"
"gene-eff",7779.4478941238,-0.695122748890399,0.248296749440441,0.0037621583032949,0.0131071177835676,"down"
"gene-LOC142980509",1465.15005414506,-2.06043887826127,0.955720333475348,0.00376761246789634,0.0131217282672469,"down"
"gene-LOC142979879",3114.12537463984,2.58920504062328,1.35209285168367,0.00377653301730451,0.013144001574771,"up"
"gene-LOC142975887",1352.1416035819,2.35265555595834,1.16332481547996,0.00377536816308014,0.013144001574771,"up"
"gene-S",36.3525099861054,-1.39932360399806,0.558891873200895,0.00378142600293464,0.0131566325837398,"down"
"gene-LOC142972451",498.816433899032,-0.950408435401739,0.350729125270935,0.00378583360970643,0.0131675669485613,"down"
"gene-LOC142972439",165.991440467317,-1.52830701465862,0.629805218811554,0.00378816625057092,0.0131712794483778,"down"
"gene-LOC142972246",3892.74166506062,1.98893084421994,0.899349859748603,0.0037947857515019,0.0131880618349427,"up"
"gene-LOC142979356",137.06841409867,1.20277815622407,0.461100432391669,0.00379552672982596,0.0131880618349427,"up"
"gene-LOC142978174",64.2256013951583,-1.0791479536607,0.405224905819099,0.00379813350551882,0.0131927159801304,"down"
"gene-LOC142983172",98.1690560138243,1.66812553143784,0.702165734277535,0.00380923497370981,0.0132268632676181,"up"
"gene-LOC142975049",46.2204919840821,2.58609902902032,1.3306797045524,0.00381100923173987,0.0132286115713278,"up"
"gene-LOC142985425",36.9000431545667,-1.44173110578812,0.580989977182645,0.00382466703872162,0.013271594624364,"down"
"gene-LOC142979994",92519.5409232141,-2.08200960574078,0.977777876857388,0.00384699055577633,0.0133446090255354,"down"
"gene-LOC142985446",86735.8936174895,1.84500691481697,0.805751353610623,0.0038652948565961,0.0133991739784101,"up"
"gene-LOC142985287",881.832052793154,0.593806462583985,0.209880221652668,0.00386429857257335,0.0133991739784101,"up"
"gene-Phf5a",107.061225306574,1.81594869053722,0.791890551965385,0.00388512925538657,0.0134634472531872,"up"
"gene-HisT",113.200649049825,-1.90789277064116,0.856174953046413,0.00389793366921517,0.013498832167841,"down"
"gene-LOC142982036",331.499383848224,1.50786555731324,0.615990106814645,0.00389721146716616,0.013498832167841,"up"
"gene-LOC142980455",619.947645522256,-2.42781006968175,1.25828104337676,0.00390204937006479,0.0135085912678332,"down"
"gene-LOC142984431",138.782176589165,-1.71381946930244,0.735217105340796,0.00390670356404188,0.0135202074806104,"down"
"gene-LOC142985725",18.7001583349469,-3.81999110460842,2.79461572383544,0.00391301672303282,0.0135375553628354,"down"
"gene-Chi",584.773038489738,-1.03444753298564,0.388052188221343,0.00394305711306562,0.0136369516767485,"down"
"gene-LOC142987425",871.476080564349,0.772493692342481,0.279566948180627,0.00396179729167599,0.0136972134860004,"up"
"gene-LOC142983662",19.2764946938876,1.96839862568101,0.892108429541434,0.00396313503940495,0.0136972894290191,"up"
"gene-LOC142976942",15045.2024788667,0.928990355276695,0.34263932143094,0.00396885842297371,0.0137125178171777,"up"
"gene-LOC142981212",977.014778696787,-1.31171416003339,0.51958291122759,0.00397651758030421,0.0137344220341629,"down"
"gene-Set2",67.0754954770456,-1.57724564239989,0.657946860141086,0.00399064602961294,0.0137786484803551,"down"
"gene-ERR",4239.10781228246,-2.04141336341051,0.959267428556105,0.00399370188989197,0.0137846275443552,"down"
"gene-LOC142983522",116.477818702196,-2.12086696087151,1.00862143127593,0.00400408630080095,0.0138158894237116,"down"
"gene-LOC142986171",72.2284254211639,-1.5558420467477,0.647094114168089,0.00402064575677603,0.0138684301948438,"down"
"gene-ERp44",1047.27824851218,-0.801249044241854,0.292300577684922,0.00404907752393969,0.0139618738072912,"down"
"gene-LOC142977994",119.39712409038,1.96985123645698,0.897045812093481,0.00405460228793361,0.0139762946415195,"up"
"gene-LOC142978866",540.284395744647,-2.09774335213869,1.00025360950895,0.00406710647545488,0.0140147561765923,"down"
"gene-Nmt",1331.23834253097,1.2255626251255,0.476812067987433,0.00407070358595521,0.0140225097054248,"up"
"gene-RnrL",142.63702303727,-1.46474695184843,0.600143774840903,0.00407452309363729,0.0140310239512948,"down"
"gene-Ube3a",1558.8926447538,-1.62239808022478,0.688343301265088,0.00408038068627298,0.0140465485926262,"down"
"gene-LOC142981536",48998.2823114221,2.5363567149701,1.34321861401085,0.00409811649507639,0.0141029397400811,"up"
"gene-LOC142978226",2529.12947344047,-1.03104831004904,0.38826026963383,0.00410013565276622,0.0141052254280556,"down"
"gene-LOC142978669",138.249474275454,1.08043685616261,0.410271807707455,0.00410407987309826,0.0141094687843306,"up"
"gene-sbr",686.951171228645,-1.07845263831363,0.410107259285827,0.00410298111188808,0.0141094687843306,"down"
"gene-Elp4",185.988910240647,1.00926188124971,0.378763383457302,0.0041208583334869,0.0141624744970613,"up"
"gene-Dh44",748.840321601787,2.62946015969296,1.44690348752267,0.00412325672084332,0.0141660404171548,"up"
"gene-GATAd",105.597070186589,-1.66792854336577,0.714142363276001,0.00412869053870986,0.0141800292009138,"down"
"gene-Dip-B",2687.11432983443,2.01307123811378,0.93016115792855,0.00413214569789332,0.0141872152754187,"up"
"gene-LOC142984269",13.2795488617817,-2.4461223759446,1.16828541766273,0.00413637859262576,0.0141959794841491,"down"
"gene-pelo",535.630684373854,1.40292040211567,0.566949675144937,0.00413742572093261,0.0141959794841491,"up"
"gene-Atet",1484.68657008057,-1.99979927242146,0.934792830327249,0.00414835739270713,0.0142287975150185,"down"
"gene-w",798.840325576602,-2.38310282615287,1.25486377392576,0.00417659762976556,0.0143209424656981,"down"
"gene-LOC142972336",47.6380425072014,2.83019589899702,1.64875590895405,0.00418010375138973,0.0143282449957086,"up"
"gene-LOC142979290",316.234620379381,2.98960840812051,1.93135602314713,0.00418339437942382,0.0143348043086906,"up"
"gene-LOC142977227",665.95639564671,1.33694575445367,0.533013103209609,0.00418873979911182,0.0143483979298302,"up"
"gene-LOC142979839",858.164454838465,1.38088567532235,0.557186505614705,0.00420118373436941,0.0143862903535479,"up"
"gene-LOC142985400",13.1948230537231,-3.66963663754427,2.66020450826332,0.00420377220624283,0.0143904204758263,"down"
"gene-LOC142976829",4927.14264151983,1.1055185795026,0.420354339435148,0.00421700002586698,0.0144309566960142,"up"
"gene-Hyls1",53.0255199026789,2.32628736696282,1.16791348147028,0.00422261992449912,0.0144454398337285,"up"
"gene-LOC142981334",214.992359294236,-1.219930491911,0.477413379196354,0.00424089022089495,0.0145031758211289,"down"
"gene-LOC142973163",2742.72291315414,2.08175907088837,0.987335658736017,0.00425047177446735,0.0145126341905084,"up"
"gene-LOC142982602",30.8199385001259,-1.60711103123179,0.677201035071938,0.00425008598605052,0.0145126341905084,"down"
"gene-Dnmt1",46.2195260190547,-1.45569843430736,0.596859531336025,0.00424902866677805,0.0145126341905084,"down"
"gene-Atf-2",119.025991095088,1.13694190846383,0.438128001981569,0.00424991310674367,0.0145126341905084,"up"
"gene-Tfb1",89.6903112186089,-1.07660561581307,0.411721350664663,0.00425062647904517,0.0145126341905084,"down"
"gene-ClpX",1428.44049496342,-1.32151000563807,0.531158839657199,0.00427130695888255,0.014578460800645,"down"
"gene-LOC142983442",53.9639909717165,-1.50662723398398,0.629960956527448,0.00427501799273698,0.0145863445769885,"down"
"gene-LOC142981956",179.856328933769,1.31463606923152,0.524846836467885,0.00428310664073229,0.0146091546952894,"up"
"gene-LOC142987563",202.713741570201,1.70390413940109,0.73847561012093,0.00430855588104899,0.0146911453395742,"up"
"gene-AspRS-m",117.797959890916,1.72073830636396,0.748745007256707,0.00432322086541428,0.014736322596255,"up"
"gene-LOC142983634",48.605272963894,-3.33732575526472,3.7016476204875,0.00435597939580768,0.0148431245533087,"down"
"gene-LOC142973389",129.608929109555,1.30067145367547,0.518579474773031,0.00436813516806547,0.0148796750980241,"up"
"gene-LOC142972596",3.68078417693208,4.54963868348087,3.82836736700431,0.00437734372316473,0.0149061655734854,"up"
"gene-GSTe3",2356.79646139163,2.41883160753004,1.2685189548505,0.00438647839559808,0.0149323872132688,"up"
"gene-heix",87.4348649930688,1.54734969843761,0.649027353753347,0.00439165934180739,0.0149451368905573,"up"
"gene-LOC142986439",7.61996646736172,-0.787674131729304,1.54985241986937,0.00440638865429001,0.0149903614023395,"down"
"gene-LOC142982586",10.5838109825161,3.8973095601644,3.09898564856846,0.00442066732852854,0.0150291139418622,"up"
"gene-LOC142974964",133.734574718845,1.21122545517226,0.475844857291107,0.00442004081789155,0.0150291139418622,"up"
"gene-Tango1",431.27399454311,-1.29259209963821,0.518308088823712,0.0044328811699804,0.0150657175904329,"down"
"gene-Unc-115a",958.379985204254,-1.64016216748668,0.709049928187009,0.00444715782738607,0.0151043761771905,"down"
"gene-Pomp",3116.42454306493,1.23073450089922,0.486304268316436,0.00444624553379178,0.0151043761771905,"up"
"gene-Vlg",196.963628889471,-0.928935794991788,0.348893805845498,0.00445408737923269,0.015122977696612,"down"
"gene-LOC142979493",271.748584809163,-1.99605590893664,0.946098156699937,0.00446103491470983,0.0151366927842664,"down"
"gene-Zpr1",159.562457105638,-1.15126832335977,0.449524833181644,0.00445987182412206,0.0151366927842664,"down"
"gene-LOC142984031",164.815704705516,-1.98536226621208,0.941479383293283,0.00448383477402465,0.0152090974250885,"down"
"gene-E(z)",83.7824767652813,-1.92059205832395,0.885359151784652,0.00449852427718486,0.0152539536565128,"down"
"gene-LOC142973539",601.876579616331,2.29729083167224,1.17844217449763,0.00453416278669405,0.0153697930997997,"up"
"gene-CycC",217.644356276473,0.983687834387834,0.372927810688796,0.00456843598473113,0.0154809305341963,"up"
"gene-LOC142977667",314.639635289043,2.32581524711694,1.1944571476542,0.00457124290586627,0.0154854014481184,"up"
"gene-Prp6",237.35246095137,-0.918815159456352,0.345595247747884,0.0045781370158501,0.0155037105839296,"down"
"gene-LOC142984913",33.7568294654008,-2.2022908700149,1.1011297619851,0.00458254364104204,0.0155135867652838,"down"
"gene-LOC142978845",214.770266579521,-1.3529514005605,0.552391782413382,0.00458466385327067,0.0155157186971871,"down"
"gene-LOC142981505",27722.6236041541,1.43892495609586,0.605651356709083,0.00458779221158603,0.0155212599683492,"up"
"gene-LOC142984472",195.282903277063,-1.89205179461937,0.874738783009282,0.00460066229459557,0.0155546912915686,"down"
"gene-Daao1",2315.21549149242,0.8084109516242,0.299113714195167,0.00459942586345707,0.0155546912915686,"up"
"gene-UbcE2M",2094.78955647681,1.13878426497373,0.444730055534217,0.00462078096550232,0.0156176395619737,"up"
"gene-LOC142985763",108.793188056164,-1.64772969346794,0.717484694338659,0.00462903778194646,0.0156404684550674,"down"
"gene-LOC142973384",18.2903387026287,2.69786648163559,1.57545372967729,0.004635240100091,0.0156512648206122,"up"
"gene-LOC142979836",33.0496461279602,1.90732187103725,0.875911451283619,0.00463395599893409,0.0156512648206122,"up"
"gene-mRpS25",140.919835316075,1.5432905830801,0.652967085722767,0.00465294022054497,0.0157059363475594,"up"
"gene-LOC142975428",320.232354384646,2.23649071470915,1.13587452771793,0.00466895774160252,0.0157548946807398,"up"
"gene-LOC142979093",5.09236356820395,3.55685812918347,3.35160815743345,0.00467879753008139,0.0157829819469045,"up"
"gene-Prip",7525.71103482453,-1.63401477639415,0.725300002394133,0.00469397265767046,0.0158187942267237,"down"
"gene-LOC142978591",270.028948871505,-1.54874320939779,0.662360827088203,0.00469210963851533,0.0158187942267237,"down"
"gene-LOC142986588",435.62824329324,0.820539372679519,0.304716528598482,0.00469270353523026,0.0158187942267237,"up"
"gene-LOC142985588",262.669431061209,-1.46148018335114,0.612078836558563,0.00471214440645131,0.0158748942625107,"down"
"gene-LOC142972479",239.125864604354,1.46012841026312,0.611713985174829,0.00471574000042827,0.0158818678112126,"up"
"gene-LOC142980483",207.947514986553,3.16377456145766,2.85870890461928,0.00471775507424137,0.0158835156283482,"up"
"gene-LOC142981562",63667.2118218754,2.86872625067096,1.86638491844093,0.00472495553334175,0.0159026146466497,"up"
"gene-PpD3",353.850773243851,-0.791445336243594,0.293286378991548,0.00473584273591536,0.0159341056499285,"down"
"gene-LOC142982021",873.57470620777,-1.13862061617819,0.447094610607948,0.00473988345230182,0.0159425482192123,"down"
"gene-dlt",19.7555850746448,-2.70522432928076,1.49998202635947,0.00474888858644913,0.0159676777083125,"down"
"gene-slmo",20526.1403894667,1.38857490800864,0.568820993151449,0.00475380047087212,0.0159687198779538,"up"
"gene-TfIIB",472.050328626766,-1.11711535899633,0.436617084541934,0.00475359278152349,0.0159687198779538,"down"
"gene-Cortactin",449.490019455025,-0.973979758046711,0.371247127822571,0.0047524812621178,0.0159687198779538,"down"
"gene-LOC142974982",576.797507696434,-1.81144479506574,0.830298095441016,0.00477284141162949,0.0160275093855042,"down"
"gene-LOC142986693",6.7775492853457,3.23019710753695,1.87102409339326,0.00478984111533543,0.0160794085813098,"up"
"gene-LOC142978208",582.784881598519,-2.36564077804278,1.28045354408246,0.00479840981462764,0.0161029807125318,"down"
"gene-Sps1",705.622054948461,0.81289762805308,0.302490915136768,0.0048032633228479,0.0161140738610527,"up"
"gene-LOC142980456",396.375372203599,-1.54125047569557,0.660440861817014,0.00480890843518423,0.0161278146940296,"down"
"gene-Sec20",122.031187211246,1.25595942516559,0.503583080342992,0.00482469688003238,0.0161755537910264,"up"
"gene-LOC142985239",499.383455432931,1.3585324251822,0.5565070342661,0.00483114039797933,0.0161919419005038,"up"
"gene-Sema5c",13.51599202074,-2.74926751681335,1.59170329423009,0.0048331790580769,0.0161935609895657,"down"
"gene-eRF1",874.903771999334,-1.31087497273764,0.534359547549918,0.00484065085541944,0.0162133768999087,"down"
"gene-LOC142986720",19.5287564909528,-2.51779795767761,1.36875655176999,0.0048469126325994,0.0162186951158341,"down"
"gene-NGR-A2",17.1811156182225,2.47360033629393,1.32807050082486,0.00484651867666745,0.0162186951158341,"up"
"gene-Pcif1",213.204556170073,-0.749617179208734,0.277803379591308,0.00484426243074731,0.0162186951158341,"down"
"gene-LOC142985269",998.111693818217,1.56412353658728,0.667525619848833,0.00485722268226859,0.0162479717617018,"up"
"gene-LOC142974078",49.9919800145801,-2.02306265916727,0.967757228178635,0.00486141882609114,0.0162567844457465,"down"
"gene-LOC142984940",1330.97117037056,-1.3470628939628,0.552733935014421,0.0048705280726094,0.0162820158111316,"down"
"gene-LOC142979897",2644.79999444151,1.5861646894976,0.685431947280903,0.00490049105442084,0.016376921950729,"up"
"gene-LOC142986065",137.055636425909,-2.02252480764191,0.987755808538075,0.00490988721199423,0.0164017571104898,"down"
"gene-LOC142987472",559.316998787068,1.18281168692888,0.468280714959336,0.00491107367083542,0.0164017571104898,"up"
"gene-LOC142983715",249.856635002215,-1.22754836790693,0.493047156436741,0.00492207245920709,0.0164332181848447,"down"
"gene-Rpi",230.896776469729,0.939987042186415,0.357761371074593,0.00492632420489159,0.0164421401003275,"up"
"gene-LOC142976546",49.6187394366729,1.22634483166854,0.489823071268739,0.00493391527266257,0.0164621980732107,"up"
"gene-NijA",90.9041691567498,-2.42611771148485,1.34998834538795,0.00495127354412922,0.0165148214015973,"down"
"gene-Manf",1446.1135831572,1.66931468415278,0.737521444082101,0.00496523711492713,0.0165560917253016,"up"
"gene-ifc",747.130510288682,2.05666843253337,1.00558093317277,0.0049675850464987,0.0165586168216623,"up"
"gene-asp",172.618911172996,1.27064927699489,0.514272066401461,0.00499332480692128,0.0166390881050098,"up"
"gene-Rpe",2290.3461372519,1.27082776212356,0.514216244305248,0.0049984673147418,0.0166508943188679,"up"
"gene-LOC142978944",9.12602096931775,3.31687441707306,3.87745343089851,0.00500292851090184,0.0166604241197979,"up"
"gene-Liprin-alpha",7.76846671591072,-3.09005197673825,1.90668668951126,0.00501525822586156,0.0166961426706808,"down"
"gene-LOC142977316",45.3052983752877,-2.45703186951852,1.3672981672891,0.00504484264069511,0.016789262113055,"down"
"gene-Sec61beta",3560.16653088325,1.50111060298278,0.639924430261268,0.00504679123149511,0.0167903792648974,"up"
"gene-LOC142984916",68.6508551388675,1.01617933675716,0.392412170181462,0.00505181750012648,0.0168017316857242,"up"
"gene-msk",594.766689131673,-1.01489613187795,0.393089046951938,0.00505348511311271,0.016801909941713,"down"
"gene-LOC142976803",132.162269332616,-2.01974543353866,0.991133353279329,0.00505571660681574,0.0168039622851059,"down"
"gene-mi",412.725853922493,-0.799425973653598,0.299781201602893,0.00506367385598403,0.0168250382511311,"down"
"gene-LOC142975624",12.7991655325969,2.67302018703644,1.45502566648487,0.00507679898680581,0.0168632665771055,"up"
"gene-LOC142973161",3065.05834162988,-1.65868606764433,0.739972218932022,0.00508869966155129,0.0168974046177827,"down"
"gene-LOC142973677",115.269507383801,1.3917133555724,0.579451736222558,0.00511053934899964,0.0169645135915454,"up"
"gene-Bap170",43.5021931952498,-1.71280911985987,0.76680003387407,0.00515087511882752,0.0170929582362112,"down"
"gene-LOC142980839",70.5151384325104,1.0879899751696,0.426294139724785,0.00516236306321802,0.0171256212517845,"up"
"gene-LOC142980737",45.6466357365616,2.17978581936371,1.11130944884747,0.00516519172213573,0.0171295462973663,"up"
"gene-Coa7",703.084006395873,1.74930141331934,0.794660698051182,0.00517204155261741,0.0171413411533738,"up"
"gene-LOC142972602",78.9825407776038,-1.39370338401227,0.582851910546278,0.0051705868114344,0.0171413411533738,"down"
"gene-LOC142978586",219.91305311246,1.28486917319468,0.523707363273305,0.00518290468408718,0.0171664135416314,"up"
"gene-LOC142974497",287.182310210863,-0.944780207713141,0.363083917127768,0.00518183112804397,0.0171664135416314,"down"
"gene-LOC142975363",62.8467768901119,-1.08691227436323,0.428356495338122,0.00518808833826692,0.0171781169215517,"down"
"gene-sstn",306.417296683442,-0.954560947512282,0.367472128033164,0.00519796136381818,0.0172053347527336,"down"
"gene-LOC142987689",58.7327964150976,-1.14678440575667,0.456617900066184,0.00520053687893284,0.0172077342821586,"down"
"gene-Prosbeta2",4137.52662905463,1.10510001962904,0.43599281125415,0.00520199229452,0.0172077342821586,"up"
"gene-LOC142979024",9.58238473440314,-3.40548389128142,2.09704630583026,0.00521650406951203,0.0172502564687485,"down"
"gene-Ars2",277.213656909551,-0.948602208148282,0.364425105163227,0.00522391569097091,0.0172692798802817,"down"
"gene-mtm",141.301518355016,-1.07362381450129,0.422046548035276,0.00523908567928684,0.0173139307686908,"down"
"gene-fzr",187.089352846914,-1.8506372702049,0.873435436766864,0.00525663286911773,0.0173664069081294,"down"
"gene-Kr-h2",1988.76522589685,-1.01126506909435,0.39460328282824,0.0052693910858641,0.0174030333768545,"down"
"gene-LOC142973703",980.397817062683,2.27014338795786,1.19880808207772,0.00527600826754588,0.0174193612639241,"up"
"gene-LOC142974371",12.6742168845019,-1.22963021298723,2.7369680941952,0.00531097973974085,0.0175189875885336,"down"
"gene-LOC142978391",103.07514049631,0.984886381323156,0.381182982665743,0.00531108958055511,0.0175189875885336,"up"
"gene-LOC142976188",3966.58251955724,-0.701861157146507,1.41943079346245,0.00531123197208571,0.0175189875885336,"down"
"gene-Tim23",406.721513848088,1.37832465523285,0.576841644673483,0.00532853153258458,0.0175704825005402,"up"
"gene-LOC142975322",307.380295220837,-0.801279400855844,0.302442999547769,0.00533184854670813,0.0175758528724609,"down"
"gene-scny",258.546194675953,-0.853789471087768,0.324523707976986,0.00533792866825992,0.0175903252410844,"down"
"gene-LOC142976533",19.4923640584794,-4.3577617423633,3.84171731893703,0.00535047287319859,0.0176260831044295,"down"
"gene-DNAlig1",71.7336141561602,-1.28431933166691,0.530942745906768,0.00535977457078639,0.0176511399183443,"down"
"gene-cg",193.966273840602,-1.71450130644553,0.783805576263722,0.00536311326925495,0.0176565493779077,"down"
"gene-LOC142979882",13248.3082877894,-2.60923297935298,1.68447413715864,0.00537049344134471,0.0176752566311724,"down"
"gene-Trissin",28.7008122408681,2.89845509277273,2.00956000114744,0.00539279861412322,0.0177430573871753,"up"
"gene-LOC142974110",2001.74631845201,1.78967619576594,0.829441373344187,0.00540349124146127,0.0177726204813939,"up"
"gene-LOC142972160",1889.04133833616,-1.54179042754852,0.678959347832821,0.00541467538984678,0.017803781051265,"down"
"gene-Aduk",153.373471018326,-1.47996441916978,0.639261582856342,0.00541930404053978,0.0178133738749666,"down"
"gene-LOC142977341",10411.1066303826,2.09677584140936,1.04844262533084,0.00542778348163441,0.017835614281507,"up"
"gene-LOC142987213",3733.89963765347,2.00092928514103,0.979170659586062,0.00543728732535179,0.0178612057610957,"up"
"gene-INTS7",28.7296585020522,-1.99833981804819,0.973794040772464,0.00544088611376718,0.0178673894146108,"down"
"gene-LOC142976516",674.942463025403,0.874437016244617,0.333739273355614,0.00545542806586443,0.0179094942181169,"up"
"gene-form3",57.6899021361782,-1.6288569299571,0.722536246992875,0.00548221761407407,0.0179907269653312,"down"
"gene-Gk2",834.617391379721,-1.37988391174992,0.588804814788589,0.00548362888194006,0.0179907269653312,"down"
"gene-LOC142986252",126.671438463449,-1.23661774064073,0.504057350812959,0.0054863793047214,0.0179940795721959,"down"
"gene-Prp19",222.204979103832,-1.17876334777255,0.47558459839867,0.00548896990231635,0.0179969060419254,"down"
"gene-LOC142972497",1435.27624691323,-0.857232827601334,0.327434777196012,0.0054967101525963,0.0180166097885792,"down"
"gene-LOC142987340",729.240864724311,-1.24705755878618,0.510483707112517,0.00550232784733086,0.0180293462041908,"down"
"gene-key",206.966833575837,-1.50966505209729,0.657539236176115,0.0055302596945159,0.0181151678476748,"down"
"gene-Atg101",1964.55974040732,-1.88762995148631,0.915021775130212,0.0055721817197966,0.0182410099695228,"down"
"gene-LOC142986205",94.2690517673532,-0.930069167608464,0.359314308557604,0.00557055095701968,0.0182410099695228,"down"
"gene-LOC142972450",507.439214870835,-1.33368368234395,0.55990588896675,0.00558315178828228,0.0182711757673746,"down"
"gene-l(2)37Bb",105.176056478117,1.18316183520535,0.478175825877721,0.00560851712007176,0.0183484171024346,"up"
"gene-LOC142974483",444.833584714916,1.15608051273149,0.465767891083044,0.00562512708242794,0.0183969754722195,"up"
"gene-APP-BP1",230.248613205706,1.28719964342655,0.53173986555067,0.00562978283017674,0.0184064193662499,"up"
"gene-LOC142985764",283.032580358198,-1.37670945327444,0.583111005853974,0.00563720638503719,0.0184249037576883,"down"
"gene-neur",34.0526142777339,-1.38515973995073,0.587888968954919,0.00564277473697737,0.0184373148185607,"down"
"gene-LOC142973010",51.4608931043111,1.69913237748597,0.772335898617181,0.00564727330381596,0.0184462237504626,"up"
"gene-Dbp80",1559.86612605216,1.044035470125,0.412385272399276,0.00566570258375835,0.0185006160278935,"up"
"gene-LOC142982578",59.5711073937639,-1.31118085630724,0.545495552265302,0.00566843834002276,0.0185037450986632,"down"
"gene-LOC142984312",266.043230534861,-1.03883647858913,0.410940311328971,0.00567339489921365,0.0185141194046439,"down"
"gene-LOC142979395",5357.73246136191,2.41440071308824,1.3800542381007,0.00567696769589137,0.0185199729596456,"up"
"gene-Patsas",73.4899210833801,1.88506546927054,0.902812604740914,0.00568356216754105,0.0185298722718767,"up"
"gene-Msp300",2786.40231844147,-1.67503527649594,0.770544223156331,0.00568258732355284,0.0185298722718767,"down"
"gene-LOC142984028",60.8282713323285,2.16851917827416,1.14451081160808,0.0057200227508274,0.0186429044571425,"up"
"gene-Bka",126.212783284206,1.27981988139571,0.530613785655582,0.00572696878660886,0.0186597011169321,"up"
"gene-LOC142976425",442.025286476568,-1.00302468316639,0.394044779116212,0.00573077108909738,0.0186662475086057,"down"
"gene-LOC142984933",51.4953100737154,-1.20402581948938,0.489322409876061,0.00573380364720781,0.0186702833804921,"down"
"gene-LOC142978256",143.356463470934,-1.63033110660677,0.737202728867281,0.00574324782364864,0.0186951875685373,"down"
"gene-LOC142979735",240329.324700893,-1.9446339186049,0.969936388219354,0.0057510822078636,0.0187148376942357,"down"
"gene-l(2)k09022",44.8477628902606,-2.11215113117745,1.08272870979582,0.00577189316218595,0.0187766899432362,"down"
"gene-LOC142979915",116.136546421678,-1.38533639833136,0.590036770267391,0.00577643133495666,0.0187855826919396,"down"
"gene-siz",190.839743415533,-1.17678655709664,0.478979713352029,0.00578515437737728,0.0188022032683414,"down"
"gene-Pdi",19123.8089190588,-1.0280640164641,0.407183284960432,0.00578475566494498,0.0188022032683414,"down"
"gene-LOC142976788",258.590498245488,-1.45351219498688,0.630338200204117,0.00579059819574007,0.0188140222277323,"down"
"gene-LOC142977216",1438.56462958455,1.09214452596926,0.435883164943592,0.00579523217792303,0.0188232034234567,"up"
"gene-LOC142980631",120.661841932398,1.10325225660649,0.439677803441194,0.0057997979765464,0.0188321574971454,"up"
"gene-LOC142983686",156.584807138884,-1.81117323027469,0.858259398609006,0.00582362434807162,0.0189036262748443,"down"
"gene-LKRSDH",3818.02706010361,-1.51324136030607,0.666763171282748,0.00582987360107427,0.0189180125271768,"down"
"gene-LOC142978345",8000.86953132148,1.37994607860299,0.585795422874197,0.00583402665916669,0.0189255897544173,"up"
"gene-LOC142984725",513.508965245767,-1.13449455390352,0.457772721174721,0.00587012682295924,0.0190367664258585,"down"
"gene-LOC142980193",21730.1283925938,-1.8400406852354,0.890985762326529,0.00588115316152857,0.0190665849926853,"down"
"gene-3HCD",2158.27840411354,1.9148740605904,0.934644208419618,0.00588900381106355,0.0190860926753336,"up"
"gene-LOC142980558",9.82466109598465,2.11611970512487,1.07592832437516,0.0058956897259695,0.0190899982783035,"up"
"gene-LOC142977681",50.4246931057295,-1.37850566138615,0.582180677697549,0.00589571032322244,0.0190899982783035,"down"
"gene-Hsc70-4",110514.700921004,-1.01168239790907,0.400697140989093,0.00589321587776821,0.0190899982783035,"down"
"gene-LOC142982731",630.478480351174,1.06995817408299,0.426168522317511,0.0058990971681228,0.0190950253483079,"up"
"gene-Cc2d2a",28.7788018616336,1.85569650746244,0.889638993977299,0.00590232502750277,0.0190995348263301,"up"
"gene-Mlc1",8155.24647804599,1.88176774221348,0.908064084083912,0.00590492662613342,0.0191020155929301,"up"
"gene-Apt1",1658.89960814664,1.16084621034818,0.473773492898923,0.00591896026525865,0.0191414651635112,"up"
"gene-Nxt1",437.093028355965,1.21874124599916,0.500376124110211,0.00592717722208753,0.0191620853670594,"up"
"gene-Patj",211.028231673884,-1.47447192202819,0.645588937702917,0.00594228800559542,0.0192049730326757,"down"
"gene-Ptx1",353.795829612808,-1.42210215846518,0.617299097175433,0.00594751341943906,0.0192099331977538,"down"
"gene-LOC142976583",159.444126369411,0.577676258672681,1.27615210875443,0.00594572114509559,0.0192099331977538,"up"
"gene-LOC142974074",52.8599500396252,-2.2784351503002,1.26798275727647,0.00595698077152981,0.0192345439924396,"down"
"gene-LOC142986544",1929.85707097639,1.38644734681346,0.592218022696782,0.00596359810506602,0.019249939929841,"up"
"gene-LOC142977643",361.631410137039,1.9703480241896,0.981796549359932,0.00596607568347782,0.0192519677200881,"up"
"gene-LOC142986700",61.6368479086023,2.1646991056514,1.14278400833106,0.00598636504869179,0.0192994921514034,"up"
"gene-LOC142976684",1341.0015462289,1.20212320079204,0.494770111740846,0.00598560687779242,0.0192994921514034,"up"
"gene-bur",691.87683926042,-1.1048440291393,0.445790017218433,0.0059837891438301,0.0192994921514034,"down"
"gene-LOC142980621",24.8496592707702,2.17070839609114,1.15200011765093,0.00598892523672683,0.0193017683326088,"up"
"gene-LOC142981463",121.790670158712,-1.84313538892071,0.891808042522487,0.00601482917476224,0.0193792546299211,"down"
"gene-LOC142974935",6.20368574979803,-4.08722207683437,3.64524394598788,0.00602117318654462,0.0193876564852478,"down"
"gene-LOC142975268",17.6299704345644,2.8413952088912,2.06255513294766,0.00602302411847179,0.0193876564852478,"up"
"gene-bys",697.611267481889,0.985559853912372,0.387572474907755,0.0060210179277111,0.0193876564852478,"up"
"gene-Lpin",1763.01170565562,-1.56895207971393,0.709009068205703,0.00603337880078373,0.0194149840235421,"down"
"gene-ScsbetaA",2060.85248641527,1.45289283442715,0.632581025777841,0.0060400267919296,0.0194303704894892,"up"
"gene-LOC142978238",412.993435596854,1.29909843467081,0.544077704124353,0.00605435838849245,0.0194704574680897,"up"
"gene-LOC142980886",1217.73715407169,1.27696804089848,0.535979086116672,0.00606099964643411,0.0194857956514451,"up"
"gene-LOC142977264",376.721436049126,-1.22351514199838,0.506256300164042,0.00606790628406221,0.0195019772822129,"down"
"gene-N",35.2023354891858,-1.67492478704666,0.779442761171541,0.00607347465584438,0.0195138491257222,"down"
"gene-Usp14",1342.31783380062,-1.3627256715891,0.590641716671252,0.00607636565397111,0.0195171139950137,"down"
"gene-Magi",41.6165312469592,-1.89316649447533,0.923305824196394,0.00608045906059493,0.0195242377608862,"down"
"gene-Rad17",92.6529752493452,0.977439979626813,0.384462241018091,0.00609530845842361,0.0195658837657076,"up"
"gene-LOC142980220",12154.43491907,-2.55152042927926,1.72872016651747,0.00610961675287129,0.0196057676934001,"down"
"gene-LOC142978020",13234.3089990951,1.31336633064725,0.556105872565152,0.00612024225845327,0.0196338126072415,"up"
"gene-LOC142981173",5616.85193623263,1.8542612971884,0.87329779221289,0.00612297522933762,0.0196365286929774,"up"
"gene-Ibm1",7.58075130846069,-2.9162404867496,1.56600688553854,0.00613188436527485,0.0196590441153407,"down"
"gene-beg",26.3649220956172,-2.11759477319186,1.08406467193916,0.00613979363101151,0.0196783410402801,"down"
"gene-LOC142981688",154.110333658089,1.3163961073858,0.555997469516514,0.00615532957331677,0.0197220624371276,"up"
"gene-Pyroxd1",496.470748102721,1.19361583910517,0.491018634408161,0.00616678170462855,0.0197526761677487,"up"
"gene-LOC142978848",70.5525187957433,-2.25450089396843,1.25463890373039,0.00618021895303821,0.0197896275918572,"down"
"gene-serpin-29",96.2000130970867,2.04208207602003,1.05460120328908,0.00618406117263115,0.0197897561657209,"up"
"gene-lic",796.864719194136,-0.856736850780647,0.332495619604798,0.00618331853186511,0.0197897561657209,"down"
"gene-sick",121.70322871434,-1.33669455888078,0.569760436320461,0.00618642279772854,0.0197912296632926,"down"
"gene-Arglu1",507.151320901257,-0.945165021987766,0.372197177599886,0.00619520235135205,0.01981322779649,"down"
"gene-Alg14",114.894834665795,1.35311472040612,0.578106884324055,0.00626038526033636,0.020015543783815,"up"
"gene-Pi-t1",840.489464849044,1.96163018168961,0.982734742646873,0.00626349617788188,0.0200176495733435,"up"
"gene-LOC142975928",233.167079602375,-1.4748860036407,0.653660910477189,0.00626488975119626,0.0200176495733435,"down"
"gene-LOC142978411",160.733109168291,-2.32086502774483,1.33910834672403,0.00629129588857418,0.0200958546179985,"down"
"gene-Pgk",1174.74552009679,1.64652645038262,0.757704801742916,0.00630733764909186,0.0201409156217933,"up"
"gene-LOC142979085",832.660586116233,-0.917660557721263,0.360806359178774,0.00631680280853712,0.0201649546877864,"down"
"gene-LOC142973317",36.2462575193521,1.88348643176426,0.922644273248674,0.00634193224249319,0.0202389683152526,"up"
"gene-LOC142981649",11613.9466101574,1.56942787259135,0.705300674131327,0.00634934649820202,0.0202564195667432,"up"
"gene-Sec5",140.706457043227,-0.903701952868172,0.354335392213933,0.00635169501150146,0.0202577037591085,"down"
"gene-LOC142982536",15.3261558575713,-2.56481651223222,1.61416879845598,0.0063692721199619,0.0203075414299551,"down"
"gene-LOC142982619",52.5113331149634,-1.49899499597305,0.667066376127637,0.0063942402629174,0.0203809066555328,"down"
"gene-LOC142973478",54.0140658500907,-2.23731452841464,1.26389105545563,0.00640343090373424,0.0203930011585675,"down"
"gene-LOC142976074",2251.63494024217,1.56651124084396,0.707648911163736,0.0064003083277359,0.0203930011585675,"up"
"gene-Traf-like",835.442648901239,-1.34761724368115,0.579715959787152,0.00640391169907369,0.0203930011585675,"down"
"gene-LOC142983533",11055.1606337923,2.22636566862879,1.2350053359927,0.00642387626518591,0.0204503216882524,"up"
"gene-LOC142976688",157.89623246453,1.79852052448784,0.871454683556723,0.00643038136263093,0.0204647722363155,"up"
"gene-Gdi",5043.30486675079,1.0090643998916,0.399068893819806,0.00643733233683391,0.0204806325264184,"up"
"gene-LOC142987480",1608.3020600126,1.33297882158125,0.569914395321145,0.00644358640484073,0.0204942665671836,"up"
"gene-LOC142975377",303.965293733333,1.03344480077999,0.413369855469537,0.0064495124891995,0.0205068494235085,"up"
"gene-Cap-G",48.898919495507,-2.39548437518724,1.44103241836053,0.00645447630170076,0.020516365893345,"down"
"gene-Chro",265.198601240021,-1.10870520079573,0.453198137487366,0.00646660091468445,0.0205486311116804,"down"
"gene-Vps36",1073.71040920726,0.952580488729531,0.3768861654336,0.00646985140901309,0.0205526863496571,"up"
"gene-scf",576.754954127164,1.41643183637638,0.616736579902764,0.00648428463725128,0.0205796960590811,"up"
"gene-INPP5E",75.2259784723753,-1.30517529437453,0.556693576334281,0.00648161063027399,0.0205796960590811,"down"
"gene-ScpX",16471.3324027114,1.12931977461154,0.463799784416681,0.00648289608546811,0.0205796960590811,"up"
"gene-AdipoR",1772.73358737771,-1.15890393002621,0.481735047561478,0.00649095226643013,0.0205945788154641,"down"
"gene-rols",147.75463773549,-1.28583414525607,0.546871210324556,0.00651432790874044,0.0206624477544144,"down"
"gene-LOC142978097",8154.02499951144,-1.99090278084091,1.03513340673124,0.00652607981776896,0.020693417880894,"down"
"gene-LOC142986603",421.983121772888,-1.30774010324673,0.559681209184518,0.00653355553965667,0.0207045093357157,"down"
"gene-LOC142977968",113.445548724364,-1.23322276670444,0.51810070527596,0.0065318271774648,0.0207045093357157,"down"
"gene-side-II",6.36249192452709,-3.35025131456101,2.46174531562172,0.0065656025296322,0.020790476946717,"down"
"gene-Marc",264.293795684439,2.12192429051048,1.14567931648652,0.00656466440789956,0.020790476946717,"up"
"gene-lin",110.688444617094,-1.39593501645415,0.608716119916105,0.00656867230333836,0.020790476946717,"down"
"gene-mRpL22",458.253617055816,1.2163564305905,0.507990678880833,0.00656826151136002,0.020790476946717,"up"
"gene-LOC142986424",1462.65245635544,1.14395933705737,0.470384926442224,0.00658132360767351,0.0208241880716964,"up"
"gene-HPS4",235.791498730665,-1.65473445600549,0.778479589914301,0.00660523766585181,0.0208935047406616,"down"
"gene-Nprl3",471.319814064863,-1.01906188995492,0.40872624973341,0.00661001952061336,0.0209022792252689,"down"
"gene-LOC142979895",21338.6613161078,-2.20059936773922,1.26155822970328,0.00661605274198438,0.0209150042648216,"down"
"gene-dsh",75.7829368298025,-0.93213755064581,0.368677491363151,0.00663189376872041,0.0209587171015117,"down"
"gene-POLDIP2",1430.53564570263,0.821450255686836,0.31876395782749,0.00664178882832925,0.0209836181192435,"up"
"gene-LOC142980652",502.408093523371,1.8028898024936,0.875240255732134,0.0066517391439647,0.020989573958373,"up"
"gene-LOC142975287",27.0796439823697,1.43450260179354,0.629932503780625,0.00664762401379478,0.020989573958373,"up"
"gene-SrpRalpha",630.694519625101,-1.30814066266305,0.561039519175207,0.00665087481375396,0.020989573958373,"down"
"gene-Wdr59",215.340954950728,-1.04846473097953,0.424567055958347,0.0066480642505376,0.020989573958373,"down"
"gene-LOC142980437",106.906153109544,-1.31957854412785,0.566067934382202,0.00667857820746232,0.0210678785271766,"down"
"gene-LOC142980291",43.5268994924793,2.39471907507469,1.45442219641571,0.0066837463194019,0.0210777943607918,"up"
"gene-LOC142984317",63.8816285265026,1.91554825156344,0.962664824939222,0.00668998148745458,0.0210910682266512,"up"
"gene-Ost48",1446.63008187998,1.28415978519467,0.546460443003777,0.00672399455906901,0.0211892533542426,"up"
"gene-LOC142981015",257.954348818302,1.15747689876575,0.47952468342086,0.00672519626151945,0.0211892533542426,"up"
"gene-LOC142979378",236.24746003298,-1.419864781863,0.627733376556003,0.00675679176461481,0.0212823607472436,"down"
"gene-LOC142980644",113.358814113793,1.16607479528052,0.483811096010852,0.00675925926267228,0.0212836929595942,"up"
"gene-verm",292.390249476827,-1.67882245909313,0.79638090681612,0.00676638142565445,0.0212996766377571,"down"
"gene-RpL4",21769.1839741587,0.759927035612428,0.297235567290704,0.00677338197509478,0.0213152679445999,"up"
"gene-LOC142974658",98.0464342602894,-1.13964756645267,0.471238655527641,0.0068175178687255,0.0214476763413214,"down"
"gene-LOC142976794",3418.19169462852,-1.52004847580979,0.692237334301083,0.00683013212319575,0.0214808687016519,"down"
"gene-LOC142986064",541.693467855618,-2.1077377321775,1.16978974866964,0.00684227238149347,0.0215125507373443,"down"
"gene-apolpp",790.244727589359,-0.655717794194443,1.36163307195921,0.00685040893247113,0.0215316295250678,"down"
"gene-dre4",1248.90627729699,-1.01892571767321,0.412428282856657,0.00686553695501517,0.0215726651680374,"down"
"gene-Prx4",1247.56391146303,1.15535749774629,0.479377909594677,0.00688064200286207,0.0216136038774273,"up"
"gene-LOC142984407",2012.74334755484,-1.93996417212489,1.0090344505294,0.00688740261509764,0.0216283140944695,"down"
"gene-Pp4-19C",739.766802655719,-1.1397485875543,0.474332166924904,0.00689143013084264,0.0216344353625066,"down"
"gene-Sik2",728.812001284196,-1.30835057028191,0.564317352196419,0.00689425531519752,0.0216367795692512,"down"
"gene-LOC142975499",105.044424414371,0.917776728940039,0.36423968856493,0.00690000738222044,0.0216483052588652,"up"
"gene-LOC142974046",5.13139539997445,-1.03764148828158,2.03596446499943,0.00694447822075954,0.0217812649225992,"down"
"gene-Vha44",8125.83148087672,1.49536188784715,0.673994912978592,0.00695771834252832,0.021816219260759,"up"
"gene-LOC142984082",43.7788228355933,-1.39210819991576,0.612922981579198,0.00696944299293277,0.0218464021549022,"down"
"gene-LOC142983092",91.3626034400432,-1.22488988697438,0.516785800968699,0.00698679106319377,0.0218941887320431,"down"
"gene-L2HGDH",927.613993700683,1.56390338832182,0.71734615439722,0.006990416702862,0.0218989581332511,"up"
"gene-LOC142979168",627.164375425839,-1.3081998069441,0.566138796004402,0.0070001324715965,0.0219227975419132,"down"
"gene-LOC142976759",655.366202683632,0.988524129205888,0.398628109753881,0.00703798969334117,0.0220347286338892,"up"
"gene-SdhA",4203.40708327551,-0.732200598035951,0.284347479562072,0.00706056038008335,0.0220987473110847,"down"
"gene-LOC142976785",5.91183942851782,-3.69572855494443,3.31842042487713,0.0070730542473747,0.0221146237349859,"down"
"gene-LOC142972936",19.9379151689623,2.15282796925656,1.19045540327349,0.00707215452355227,0.0221146237349859,"up"
"gene-ave",687.414660589887,1.16879563731129,0.487987280167237,0.00707413035903006,0.0221146237349859,"up"
"gene-LOC142980977",177.465484986784,-1.13666118662109,0.473473854765633,0.00707388722900828,0.0221146237349859,"down"
"gene-LOC142979703",5.02260918469893,3.721294608872,3.48516050305613,0.00707678374667057,0.0221160780326241,"up"
"gene-LOC142972549",347.352234747263,-1.42163166370795,0.636139123910647,0.00707884457297824,0.0221160780326241,"down"
"gene-PIP4K",3214.46423934105,-1.18738666089612,0.502437977162938,0.00708289647699287,0.0221220979074395,"down"
"gene-Sh3beta",3232.80860041082,0.960752680540042,0.385507032643883,0.00713499738076316,0.022278141191885,"up"
"gene-LOC142979558",99.3189114943283,1.35896485212668,0.594577997557974,0.00714165609878264,0.0222922458735614,"up"
"gene-Mor",6186.49033974457,2.22649942862399,1.28025807119683,0.0071473776699481,0.0223034177290647,"up"
"gene-LOC142976699",1334.05530772016,1.7856858757634,0.878283829997579,0.00715905646332571,0.0223331668514296,"up"
"gene-LOC142981122",68.6980136590091,1.55342973156061,0.715182850817153,0.00716158255780874,0.0223343542321117,"up"
"gene-mst",545.035007155617,0.986825188758489,0.398651056820302,0.00716909675118263,0.0223510922970384,"up"
"gene-LOC142974443",429.329120927415,1.30207122054249,0.562319840390187,0.00719394004300837,0.0224218310921309,"up"
"gene-LOC142977551",615.699569788175,1.59127080457002,0.742097091734734,0.00721119632489268,0.0224688876809736,"up"
"gene-Cdc5",206.408399189332,-1.21967354719981,0.519520048675929,0.00721427657051352,0.0224717591559083,"down"
"gene-LOC142987477",352.453922027772,2.18207110671383,1.25014340596203,0.00722538523337886,0.0224996291592803,"up"
"gene-Samtor",166.35596624672,0.706461694597634,0.273730170371989,0.00723672413066385,0.022528199222551,"up"
"gene-cac",16.723177142889,-3.16353588738894,2.2859482935073,0.00730884946521457,0.0227396289997632,"down"
"gene-LOC142979877",199.331971222104,1.44084102085838,0.646171783415626,0.00731119483786816,0.0227396289997632,"up"
"gene-RMI1",98.6950070003951,1.01138159532564,0.411768420093615,0.0073108196027007,0.0227396289997632,"up"
"gene-LOC142976518",987.863573749305,0.991627088119573,0.401926204404862,0.00732470796209675,0.0227748536097453,"up"
"gene-LOC142976511",483.080698484964,1.42088996803671,0.634661322519689,0.0073588453758997,0.0228741655309394,"up"
"gene-LOC142980979",4412.77651550422,2.39100389195335,1.51843365018012,0.0073661153984272,0.0228830979700469,"up"
"gene-Clp",229.427845666592,1.35601970368203,0.596076638507147,0.0073648627522881,0.0228830979700469,"up"
"gene-LOC142981701",376.590585839095,0.948633792105524,0.382525530159212,0.00741729555455343,0.0230352168027748,"up"
"gene-LOC142985155",64.2516181711419,-2.18620232539366,1.27274517299595,0.0074438532676117,0.0231108000345475,"down"
"gene-LOC142976836",225.582278958446,1.27128463585983,0.548496243323563,0.0074473080620276,0.0231146323570982,"up"
"gene-LOC142980441",154.012997846004,-1.51186972324468,0.699125667643752,0.00745707748282774,0.0231311808302937,"down"
"gene-LOC142977061",97.7745157881204,1.10973732799776,0.462227292850903,0.00745708384884396,0.0231311808302937,"up"
"gene-Eps-15",271.431953387769,-1.37348421897648,0.611486385519918,0.00749348775079497,0.0232371782799451,"down"
"gene-Pli",2640.229467917,-1.98299345111455,1.07789059035043,0.00750663695906205,0.0232710216628457,"down"
"gene-LOC142979583",145.286349413331,-2.16689384991328,1.2739189962856,0.00751506033322862,0.0232832672824137,"down"
"gene-Acf",77.3945855516361,-1.55711448474223,0.726767313622199,0.00751301318891336,0.0232832672824137,"down"
"gene-LOC142980557",37.8579721493716,0.967732080976889,1.84388133528278,0.00752887088557956,0.0233191151201676,"up"
"gene-LOC142973453",125.633123128591,1.23544965215703,0.529355120926133,0.00754500021567737,0.0233621214292687,"up"
"gene-mRpS30",427.908825846315,1.30978131674124,0.571580605059579,0.00754730929481493,0.0233623222595966,"up"
"gene-LOC142975446",657.292125307993,1.84542261959471,0.937315449120692,0.00756198299213828,0.0233938314853371,"up"
"gene-Mk",115.523245002504,1.68176362304778,0.812730047444303,0.00756035400084476,0.0233938314853371,"up"
"gene-LOC142984132",287.052060877037,0.74533333474476,0.291333717713003,0.00757148297825233,0.0234162619737394,"up"
"gene-LOC142976085",56.4157657935604,-1.73730831655142,0.863315484934566,0.00758040180090836,0.0234368823128768,"down"
"gene-vir",152.985957100807,-1.18871218887585,0.506012393017992,0.007614563641782,0.0235355129189283,"down"
"gene-Tango9",132.180581504003,-1.63282134097993,0.783281015652467,0.00763080184120398,0.0235787020382705,"down"
"gene-LOC142973631",531.090928849745,0.871642554135791,0.349051055334729,0.00765279728235781,0.0236396497653842,"up"
"gene-Strip",160.628553213491,-1.11111328206022,0.465932305835892,0.00766447103379642,0.0236686868768379,"down"
"gene-LOC142984613",506.755748693072,2.30761023710137,1.44523198880681,0.00767695845185106,0.0237002187081167,"up"
"gene-LOC142984519",11.4705994593442,-3.14834701057216,2.43074586267381,0.00768354344107493,0.0237135153340024,"down"
"gene-bs",110.490477464725,-1.22360133414342,0.525906135638357,0.00768796606238982,0.0237201323975928,"down"
"gene-LOC142981117",164.614868522699,-1.80425753653794,0.924534596793442,0.00772660421999369,0.0238322814607806,"down"
"gene-LOC142975923",1070.45881679208,-1.89066524679253,0.999020683634401,0.00773745600639605,0.0238586839533717,"down"
"gene-mRpS5",784.367674220952,1.02831850439702,0.425192742917433,0.00774615760652531,0.0238784426070265,"up"
"gene-LOC142983003",610.173017222308,-2.22150716148267,1.38402080796446,0.00778209818859434,0.0239821320731993,"down"
"gene-shn",587.730606638681,-1.05329231105402,0.438043705875512,0.00781861594270838,0.0240875383141741,"down"
"gene-BBS1",58.5569200844238,1.29350642703633,0.565948386601461,0.00782746405334398,0.0241005326220972,"up"
"gene-DNApol-gamma35",106.462244165182,1.01839278844964,0.419290716268265,0.00782651990164274,0.0241005326220972,"up"
"gene-LOC142980908",1913.26312350506,1.50967718227042,0.700483082823376,0.00783190668184899,0.0241070811821549,"up"
"gene-GatA",68.6735644602206,1.67592498642208,0.814061350969148,0.00783550065012542,0.02411101441555,"up"
"gene-conv",58.7864954211274,-1.24021233926225,0.537827004537674,0.00784419368363983,0.0241306312785729,"down"
"gene-LOC142986764",9.33810505956973,-1.19431023714163,2.4902756257815,0.00785148344244338,0.0241459210150179,"down"
"gene-LOC142972639",460.515031996381,2.44763863062157,1.72498801238031,0.00786944332350485,0.0241940062013247,"up"
"gene-LOC142981736",37653.9483314926,1.3763768353,0.613225614161082,0.00788766435594783,0.0242357101373722,"up"
"gene-LOC142979983",2221.0252406359,1.18877103593621,0.510887601799621,0.00788721043142092,0.0242357101373722,"up"
"gene-LOC142980072",218.695390044736,-0.86401374366484,0.347430421827996,0.00790800827878215,0.0242910493308121,"down"
"gene-LOC142977387",25257.0360739919,2.36760377138017,1.55575734258636,0.00792838605959652,0.0243464598467256,"up"
"gene-LOC142977591",314.116861460621,-2.52818379482503,2.50942819918624,0.00793686606048304,0.0243653127955259,"down"
"gene-Csp",1432.96041211147,1.35538176885014,0.607138478511931,0.0079595462396893,0.0244277347745182,"up"
"gene-LOC142980479",561.066449844415,1.88534124934851,0.989318194397716,0.00796770290547769,0.0244455606383798,"up"
"gene-Cpes",48.0914691225169,-1.48252752413305,0.686075383242658,0.0079735437820964,0.024456273061763,"down"
"gene-MESK2",84.1044255452868,-1.63754844570661,0.798596872957302,0.00799124640850678,0.0245033505486173,"down"
"gene-Rbp6",361.671248322386,1.06911533548374,0.446698823571639,0.00800839376411821,0.0245486981991963,"up"
"gene-LOC142973043",78.6268412369515,1.04892568719111,0.43599021531501,0.00801666783363917,0.024566827244093,"up"
"gene-Drat",492.827156296455,-1.64968366367811,0.807557662605592,0.00801949996439817,0.0245682738756283,"down"
"gene-Plod",490.440594186986,-1.450584885976,0.670327586690039,0.0080394071764551,0.0246220149181811,"down"
"gene-LOC142981100",214.469382523361,1.1274103321321,0.477835976164269,0.00805580593076446,0.0246649822762524,"up"
"gene-wake",100.328124342431,-1.73821729907613,0.872278230529406,0.00805891942085188,0.0246672599738512,"down"
"gene-LOC142972779",1351.02096636302,-1.32154138545646,0.589703557981606,0.00807336010278045,0.0247041971399014,"down"
"gene-insc",164.856644314014,-1.3491412638333,0.606401165842739,0.00808371590888748,0.0247286166945397,"down"
"gene-LOC142987712",6.20691523681097,3.39632998667363,3.65495834094184,0.00809062216223881,0.0247352060819107,"up"
"gene-dnt",314.529067393762,-1.67411208211794,0.826986962466682,0.00808856895534727,0.0247352060819107,"down"
"gene-l(1)G0007",210.762470662412,-1.17111260152949,0.500479713450055,0.00809723020220303,0.0247481404594638,"down"
"gene-LOC142980422",109.795459889327,-1.40196261631916,0.638381957307743,0.0081278978011156,0.0248345806015889,"down"
"gene-Gp210",20.191342501151,-1.92845146520643,1.02074125611078,0.00816439430722875,0.0249387748645104,"down"
"gene-CDase",2699.09004847594,-2.05722233896134,1.19723800413695,0.0081838720041897,0.0249909379770064,"down"
"gene-LOC142982298",17047.701589565,2.10463108938273,1.2171262837095,0.00819816500224231,0.0250272427194553,"up"
"gene-LOC142974478",253.797908878407,0.962457369400486,0.396186413805737,0.0082029833060107,0.025027273216756,"up"
"gene-LOC142982889",3871.15191083195,0.727046456222544,1.44079913907379,0.00820228319501442,0.025027273216756,"up"
"gene-LOC142976667",65.2613823996769,-1.69932294163674,0.850642631988574,0.00821251990630146,0.0250464209416667,"down"
"gene-nbs",179.50655327674,1.11030435505198,0.469389005049488,0.00821407119066764,0.0250464209416667,"up"
"gene-stj",55.2908502643447,-2.04369579618731,5.24026522763526,0.00822628038349344,0.0250616268048483,"down"
"gene-LOC142987468",7323.20687885227,-1.48933398943527,0.703802274878888,0.00822558347909011,0.0250616268048483,"down"
"gene-LOC142976969",451.656876816655,-0.685397127150047,0.268935829529042,0.00822451562679413,0.0250616268048483,"down"
"gene-LOC142976239",1358.73021161685,1.93206478891457,1.03851789502269,0.00825107617244698,0.0251224635727327,"up"
"gene-rho-5",134.074032171829,-1.17346121188328,0.506008914294413,0.0082488557602774,0.0251224635727327,"down"
"gene-LOC142978324",20236.3522688276,1.67183653333787,0.811117206272828,0.00825847570677903,0.0251376409671256,"up"
"gene-Iap",38107.0820593742,-1.08391358551125,0.458734977847168,0.00827078321848369,0.0251677443158185,"down"
"gene-Rep",624.665054612629,-0.763598714772151,0.304304731913116,0.00827336217805884,0.0251682350302725,"down"
"gene-MAPk-Ak2",449.936687433523,-1.23688390459277,0.543304937634913,0.00830351072511331,0.0252525698651562,"down"
"gene-TyrRS",1596.32779211029,1.17384170294556,0.506922621944157,0.00835092515103045,0.0253893489550896,"up"
"gene-LOC142976059",57.6066360374082,-1.56425161454943,0.748407522915252,0.00836140710807327,0.025413795035049,"down"
"gene-Zip88E",1176.34897030839,-1.56179842873189,0.752702866513317,0.00841944641321948,0.0255827312205531,"down"
"gene-LOC142974382",210.794883007141,-1.07351597777263,0.454308806440623,0.00844842540171942,0.0256632939690397,"down"
"gene-LOC142975581",151.389564483508,1.35743575367254,0.613385422559485,0.00846014138327528,0.025691386172665,"up"
"gene-LOC142987885",224.578660958571,1.83612932236721,0.960834808721787,0.00846826067451584,0.0257085429051356,"up"
"gene-LOC142978092",9.21409531118888,0.663591679715879,1.36581474314792,0.00847639414300933,0.0257257326614365,"up"
"gene-nst",149.604463806384,-1.04756987107614,0.439393109596102,0.00848583057667541,0.0257468657252087,"down"
"gene-LOC142979826",335.916185710446,2.51172395467288,2.53379777051733,0.00849396527240031,0.0257577449171678,"up"
"gene-LOC142979133",552.689242689176,2.34437664520918,1.59707358285461,0.00849436487037821,0.0257577449171678,"up"
"gene-LOC142981445",161.948979356467,-1.71021312220709,0.86927406477744,0.00850217627058627,0.0257739239885856,"down"
"gene-LOC142985281",228.985902412709,1.09613721598835,0.465270612645484,0.00852176729497931,0.0258257925882779,"up"
"gene-Dtd",58.5258909850639,1.48563006092892,0.694946441845206,0.00853796917211329,0.0258673629457798,"up"
"gene-RpS6",25498.0843415549,1.0565059584541,0.443857971266387,0.00854625230542452,0.0258849247889058,"up"
"gene-LOC142972376",810.066641801394,2.22249633548489,1.41240897196829,0.00855892313961836,0.0259157620370643,"up"
"gene-Vps28",2406.02059508828,1.19250676144217,0.521106409600542,0.00857047679998725,0.0259431996184552,"up"
"gene-Tbp",204.104126071218,0.825861357294143,0.333347565665614,0.00859215052833989,0.0260012462209355,"up"
"gene-LOC142984538",2164.75551117482,-1.98422665290357,1.1440464412277,0.00860889137974967,0.0260348955049875,"down"
"gene-ca",37.3859901357923,-1.27916293018796,0.570693246934489,0.00861077283608761,0.0260348955049875,"down"
"gene-CPSF2",154.761054821252,-0.948963060714109,0.391592163462163,0.00860912917593789,0.0260348955049875,"down"
"gene-mei-P26",179.400607060614,-1.26735323839332,0.563764950783707,0.00861725243541418,0.0260393607700034,"down"
"gene-Cdc27",477.257638063218,-0.89247895519309,0.366779384073681,0.00861536748763804,0.0260393607700034,"down"
"gene-Syx13",315.836418236384,-1.65250251962772,0.824727004978083,0.00863062193233136,0.0260646284640468,"down"
"gene-LOC142978312",286.19576854017,-1.22431015029273,0.538800144915116,0.00862840961300009,0.0260646284640468,"down"
"gene-Polr1F",515.070551913751,0.987666956253535,0.411536072325038,0.00867320228680168,0.0261856252336443,"up"
"gene-sev",5.34887681495619,-1.18887301746367,2.4521701897713,0.00869677340308635,0.0262491768994285,"down"
"gene-LOC142980635",40.4407950914203,-1.71610723478478,0.878269847633831,0.00873153795120766,0.0263413858490062,"down"
"gene-Dnaaf5",45.32850211853,-1.22536810671614,0.538629090893481,0.00873238449230745,0.0263413858490062,"down"
"gene-LOC142979923",57.5146451363981,1.64518944701903,0.810025885045967,0.00876034991038107,0.0264180888085362,"up"
"gene-Vdup1",20.977559799078,1.5154962453815,0.716497358752492,0.00876357814038425,0.0264201704145381,"up"
"gene-LOC142987637",63.3411567291832,-1.20394528820439,0.527822638088933,0.00877039807311946,0.0264330758370508,"down"
"gene-LOC142981829",496.351616482768,-1.25438331828867,0.558711519980507,0.00877493897457986,0.0264391070116863,"down"
"gene-Dus1",317.752494681664,0.882611458965135,0.360768941056235,0.00881701454805687,0.0265581948626366,"up"
"gene-LOC142981603",20.8596519900465,2.16120554608334,1.31432451503342,0.0088200591772902,0.026559680658256,"up"
"gene-LOC142972872",1567.08979900842,2.04009592825824,5.89329747587633,0.00884734190714949,0.0266300413762756,"up"
"gene-LOC142983517",6917.9909796221,1.32763907025336,0.602317699553451,0.00884854112589215,0.0266300413762756,"up"
"gene-LOC142985486",84.3980232861544,-1.4935439935097,0.707852459595915,0.00885438627266414,0.0266399309533045,"down"
"gene-LOC142985526",23.8183110077179,1.63940970839443,0.806373744095024,0.00887318962929289,0.0266887905347989,"up"
"gene-RanBP3",1004.65109989672,-0.828200992329698,0.33683343298147,0.00888912238357946,0.0267289901828602,"down"
"gene-LOC142974351",51.8493044431458,-1.91731673783733,1.02945739992817,0.00889263447417947,0.0267318293029767,"down"
"gene-LOC142977693",33.2562326075818,-1.44807124745618,0.675503078168718,0.0089030333607891,0.0267553629577986,"down"
"gene-LOC142975227",20.4157690496559,-2.38823423437817,1.6904170756428,0.00892559990852705,0.0268154386862241,"down"
"gene-LOC142980029",270.098782573012,0.729723121880552,1.4423092628367,0.00893286203515225,0.0268295134985386,"up"
"gene-LOC142984030",12.8192274211549,-2.99277795724204,2.80822803770233,0.00893687406303015,0.0268338214583628,"down"
"gene-LOC142987607",1228.42153903343,-1.18107411420323,0.52314433959068,0.0089662737316415,0.0269143337792353,"down"
"gene-LOC142978778",196.253689657031,-1.55282570750826,0.75444504732408,0.008977895653725,0.026941451068111,"down"
"gene-Vps39",409.673650092991,-0.957285776495465,0.397889532554173,0.00898095007251943,0.0269428502175583,"down"
"gene-Brf",46.5325200108832,-1.37300764634371,0.62944561426081,0.00898920595201767,0.0269598484472786,"down"
"gene-Ets",207.063087358242,-0.984715934480502,0.413981624752792,0.00900510555410823,0.0269997548439708,"down"
"gene-Girdin",64.9171643812678,-1.22609978725577,0.539797066634588,0.00901814684906175,0.0270310707453881,"down"
"gene-LOC142974225",1979.39532705035,2.35016448165606,1.62920372343998,0.00903160670031645,0.02706362284119,"up"
"gene-LOC142980936",8.94961976265172,0.453436484483054,1.173082110275,0.00906657772254441,0.0271605968609172,"up"
"gene-spt4",569.601097955404,1.14148635669903,0.494117543290842,0.00907881243645243,0.0271894238962802,"up"
"gene-Pep",153.742423113179,-0.948298476864413,0.394661570086503,0.00908237692774971,0.0271902343839148,"down"
"gene-LOC142986118",836.471751260277,0.799599269666151,0.3231869354629,0.00908430693441456,0.0271902343839148,"up"
"gene-LOC142975000",24.1600485059855,-1.42813072194075,0.659950358729547,0.00909805031033168,0.027223542319791,"down"
"gene-LOC142972920",10.1224458503134,2.56520035523454,1.87564042504366,0.00911060162491472,0.0272384477916311,"up"
"gene-LOC142972885",736.008368493617,2.30741385410939,1.63688489769417,0.00910738845106743,0.0272384477916311,"up"
"gene-Mf-cpa",99.4039887839415,1.96301295358801,1.10324243758438,0.00911088138429006,0.0272384477916311,"up"
"gene-LOC142980210",609.088422992734,1.07917601509474,0.460719448506836,0.00911462293959494,0.0272418101639918,"up"
"gene-LOC142982983",80.9163422012852,2.30097503352639,1.58487939674776,0.00912450444448284,0.0272635164371603,"up"
"gene-LOC142975157",17.5160960631728,-2.67191610702089,2.08934913262543,0.00915070496012066,0.0273339565666732,"down"
"gene-LOC142985210",161.388472341682,0.965916543394167,0.403950610571628,0.00916952441106191,0.0273823147215016,"up"
"gene-LOC142982170",525.21662250172,2.30805692140761,1.70861372491153,0.00920987493648531,0.0274942190628541,"up"
"gene-LOC142973345",1012.56065325137,1.10952276008854,0.482955984494439,0.00921228012403796,0.0274942190628541,"up"
"gene-LOC142973362",28.3276448494631,0.933084906509514,1.75367700037769,0.00923205354381769,0.0275453360249763,"up"
"gene-LOC142984684",333.857682288217,-0.979792134723843,0.412086446294105,0.00925925115773773,0.0276185686395558,"down"
"gene-mAcon1",1997.37098660273,-1.47106378869397,0.704290668385217,0.00928136662927393,0.0276766045862909,"down"
"gene-crm",97.0945739772647,-1.59741848339851,0.795697648831179,0.00929369905046728,0.0276975113413583,"down"
"gene-LOC142973138",417.505344977916,-1.0782916702105,0.464044009486153,0.00929128635025097,0.0276975113413583,"down"
"gene-LOC142974477",236.040467047049,-1.12709319692177,0.489770029927005,0.00932500420073851,0.0277828545305346,"down"
"gene-twin",451.354935122894,-1.03195325630782,0.440081187183106,0.0093444151404133,0.0278327214911881,"down"
"gene-shtd",56.4024904654068,-1.1734482052301,0.517821501414684,0.00935118831637166,0.0278449285965186,"down"
"gene-Ugalt",465.084300819824,1.21338085268757,0.536798754489189,0.00936107249420212,0.0278663896667555,"up"
"gene-LOC142978941",699.224564922134,1.2499777939081,0.559026525993363,0.00939890727267219,0.0279710190704738,"up"
"gene-CCT8",1558.37802014209,0.924708182175963,0.386394742495087,0.00942807864893251,0.0280498138712168,"up"
"gene-LOC142981608",43.4423383959152,1.65755536581065,0.839982168330551,0.00943410526218727,0.0280597245083913,"up"
"gene-LOC142987899",138.659066291715,0.823195129859862,0.337227775478796,0.00943681666177471,0.028059771907762,"up"
"gene-LOC142983499",531.098119899178,-1.72569594836482,0.90706349754999,0.00944334723470956,0.0280711721054616,"down"
"gene-LOC142984875",998.379780976591,1.17448944243697,0.516380824689693,0.00944804571354225,0.0280771212897445,"up"
"gene-LOC142977519",573.398873413279,-1.36306261636749,0.634196397313574,0.00947502513095744,0.0281492613051561,"down"
"gene-LOC142979472",19.783591167656,-2.43725485202443,1.80775923509928,0.00950459918164437,0.0282290663283646,"down"
"gene-LOC142980967",936.281044909154,0.569638314490269,0.225270510192011,0.00952473965866237,0.028280815700706,"up"
"gene-LOC142973523",59.9389274417749,1.05229906286747,0.450988940491091,0.00952813204548492,0.0282828213839458,"up"
"gene-LOC142984759",40.7928021478745,-1.4670741476663,0.705120822951969,0.00955343372140694,0.0283498418015525,"down"
"gene-LOC142985158",8412.82557855451,-1.64268097490789,0.842165361366968,0.00956127261120792,0.0283650179203974,"down"
"gene-LOC142977995",17.157300609159,2.33997014426212,1.71976257354338,0.00956951892405479,0.0283813937320257,"up"
"gene-LOC142974342",220.040260588061,1.30440012760221,0.593899186198177,0.00960242063981488,0.0284708626774346,"up"
"gene-LOC142986305",995.153921320104,-2.08925381613555,1.32978396123144,0.00960960960189071,0.0284840649076544,"down"
"gene-Snmp2",1290.86527403011,2.00647218967325,1.1823267963583,0.00961248345333337,0.0284844727438657,"up"
"gene-Mfap1",498.080915997801,-1.27778644013148,0.581447532928657,0.0096409319031582,0.0285606434581323,"down"
"gene-Nmd3",1057.62915510432,1.14543651550595,0.502033892895097,0.00965845082702149,0.0285992607902341,"up"
"gene-S1P",105.183035870839,-1.08751316419506,0.471181006174615,0.0096594621458658,0.0285992607902341,"down"
"gene-LOC142977829",4.19629724039237,-3.22719261950975,3.14600205443078,0.00966501607286471,0.0286075681883769,"down"
"gene-gly",132.576042558019,-1.2090425142045,0.540338637096805,0.00967565964638585,0.0286309314721082,"down"
"gene-fwe",648.907154543204,-0.983158084770996,0.417098503312192,0.00967949524907886,0.0286341419559281,"down"
"gene-LOC142985107",155.112288705144,-2.21287279719182,1.58811367853783,0.00970993531554335,0.0287078746477723,"down"
"gene-LOC142973114",6.5452604991263,1.07607262076622,2.04874907649376,0.00970728421357872,0.0287078746477723,"up"
"gene-drn",10125.3504199256,-1.54520936849377,0.76667555518622,0.00972257478852234,0.0287370822113906,"down"
"gene-LOC142977238",165.588995407245,1.25844246184106,0.566927778077628,0.00972949607754763,0.0287493767150925,"up"
"gene-pps",261.302214409438,-1.07073927421519,0.463536113800574,0.00973839268908171,0.0287674994021965,"down"
"gene-LOC142980465",922.698491078274,1.96807007579289,1.14980876566269,0.00976698435598707,0.0288338292025927,"up"
"gene-LOC142980519",3025.67341233625,1.9394653340696,1.09953477051457,0.00976915615730495,0.0288338292025927,"up"
"gene-LOC142981651",151.165976725642,0.865734439181707,0.358519490530483,0.00976661591993435,0.0288338292025927,"up"
"gene-LOC142973964",3407.17670855017,1.0542485661746,0.451828251771209,0.00977728886272208,0.0288496533619436,"up"
"gene-Arfip",65.6329456891272,-1.14912297743055,0.506792306318963,0.00978226140501543,0.0288561465645256,"down"
"gene-cher",270.993190888652,-1.82213409104834,0.995427756420287,0.00980866652507074,0.0289258409422058,"down"
"gene-spas",57.2407769563949,-1.29547604556764,0.594794023911038,0.00982924039619331,0.0289783043116319,"down"
"gene-Delta",22.5202918833915,-2.30552787287184,1.48509791959441,0.00983275589970658,0.02898046118798,"down"
"gene-LOC142978128",7.93051056461948,-2.42566304807805,1.26406949341641,0.00986397436123457,0.0290642437306685,"down"
"gene-LOC142976792",215.690665870636,1.03704324106959,0.444588197842648,0.00986996412637627,0.02907366342829,"up"
"gene-LOC142977084",897.48952694894,2.00689728316386,1.19770813051063,0.00987911145427954,0.0290923763052475,"up"
"gene-HDAC6",64.2924443134145,-1.29109179751481,0.592431851503859,0.00989340201036281,0.0291179855606098,"down"
"gene-Vps29",482.602957519635,1.09464852292914,0.475410908129477,0.00989301683155134,0.0291179855606098,"up"
"gene-LOC142973645",130.463111571532,-0.992299926894413,0.422660653865307,0.00990040809736764,0.0291303697833796,"down"
"gene-R2D2",111.284204693827,-0.990029977444132,0.421112104737301,0.00992706138988977,0.0292005394373418,"down"
"gene-LOC142979413",469.241543712102,-1.03436581895165,0.446068736871611,0.00994938890293406,0.0292496860998428,"down"
"gene-CKIalpha",4847.1557691299,-0.731301711040599,0.298316228788397,0.00994898589979326,0.0292496860998428,"down"
"gene-LOC142974624",23.3119371649786,-2.0626536252921,1.28501510634261,0.00996350805247766,0.0292829245698172,"down"
"gene-Wdr82",393.830952816446,0.989949538029349,0.420385467013136,0.00997309776909156,0.0293028359515222,"up"
"gene-LOC142974889",2694.60447111116,-0.634481756333611,0.253644519448134,0.00998306065055688,0.0293238322156595,"down"
"gene-LOC142980972",5.52169732053993,-3.2642348760448,4.47394574885633,0.010001263616472,0.0293689666648103,"down"
"gene-LOC142972841",207.580824242505,0.881753953655997,0.367993502228664,0.0100040687601746,0.0293689666648103,"up"
"gene-LOC142985141",9.57562134219694,2.55774291149346,2.80706387088938,0.0100234605235302,0.0294093077931086,"up"
"gene-LOC142974572",554.528332878677,2.08651259310997,1.34261984163845,0.010022843808306,0.0294093077931086,"up"
"gene-LOC142978042",136.957885204675,2.34615149374132,2.19508209952778,0.0100569049745041,0.0294991211001939,"up"
"gene-LOC142975340",587.76267251776,-1.61935993055231,0.833932899598428,0.0100695117595856,0.0295277795541651,"down"
"gene-LOC142985206",1311.12403685215,-1.97259267159122,1.19390800914888,0.0101060728271084,0.0296266454886507,"down"
"gene-LOC142974268",448.263820037838,1.63013692015629,0.843613221484864,0.010114370431063,0.0296342798163146,"up"
"gene-Enoph",116.653250593141,-1.06073003904961,0.460128934047902,0.0101138447384436,0.0296342798163146,"down"
"gene-LOC142986130",297.103760886843,-2.06463498663158,1.34789832897327,0.0101591624585313,0.0297487710811001,"down"
"gene-geminin",175.262345899052,1.02365903423028,0.439872301094149,0.0101585986737099,0.0297487710811001,"up"
"gene-LOC142976267",374.954287299671,2.34101469188705,2.2636642117296,0.0101669813496729,0.0297632946710052,"up"
"gene-fz4",138.211062759073,-1.89046141710322,1.09613603348433,0.0101736381767227,0.0297744091705603,"down"
"gene-LOC142979760",1111.24797232747,1.80033985304278,0.983709460074665,0.0102141058214891,0.0298844411471899,"up"
"gene-LOC142980962",121.209928262532,-1.7233228115422,0.919300888033773,0.010237159303171,0.0299434752306856,"down"
"gene-LOC142974672",60520.1646175358,-1.58809721233206,0.835879619319152,0.0102498783084494,0.0299722565143141,"down"
"gene-LOC142972265",125.774073429623,-1.37425067119551,0.651862248860462,0.0102541887584387,0.029976440599648,"down"
"gene-Nrx-IV",107.02602974804,-1.21284759096994,0.546860707969675,0.0102731353353173,0.0300233966425191,"down"
"gene-LOC142981767",21470.4214815159,1.99900371932815,1.19418901550136,0.0102811967943312,0.0300385233311781,"up"
"gene-Fancl",136.943621896729,1.01931625946112,0.438665035240782,0.0103174646561024,0.0301360289197603,"up"
"gene-Ldlr",145.706589076136,-1.51996085430578,0.757607964699384,0.01032968696082,0.0301632654311742,"down"
"gene-LOC142975546",39.0009968017499,-1.66146384499391,0.865643596863463,0.0103366231577405,0.0301750552641836,"down"
"gene-Cht5",17.9650501868894,-2.61780310801904,2.10751855519974,0.010348425446129,0.0302010397797036,"down"
"gene-LOC142979920",43.9822317266865,2.08224707337552,1.32104002864721,0.0104963159081294,0.0306240607072944,"up"
"gene-LOC142977221",42.3767802453136,-1.06838451767983,0.469126132538462,0.0105015630342384,0.030630784865907,"down"
"gene-slmb",45.0218362816431,-1.54753492243306,0.776603463029782,0.0105093335285624,0.0306448633143794,"down"
"gene-SPZ1",45.6883564159364,1.71822570634167,0.918328190174205,0.0105173457245891,0.0306510551492085,"up"
"gene-LOC142980248",502.182056593506,-1.00008455901923,0.431958765945372,0.0105151326018729,0.0306510551492085,"down"
"gene-Glyp",337.648044185378,-1.33891024943986,0.629545789305047,0.0105322632517869,0.0306859391130986,"down"
"gene-Gmppb",2809.43240930673,-1.52412976654626,0.765430177043232,0.0105449311121806,0.0307142509451035,"down"
"gene-LOC142974610",14.6782215034697,-0.806144092661274,1.55785034646959,0.0105652059738121,0.0307646976747927,"down"
"gene-LOC142978715",848.238380041519,-0.941004555555966,0.401570194051902,0.0105755428104845,0.0307861858660915,"down"
"gene-LOC142986242",6552.59051628285,-1.46962377418933,0.724836911437101,0.0105806728492693,0.0307925089071551,"down"
"gene-Pngl",304.581421090928,-0.844662513742233,0.354106629569202,0.0106013703248512,0.0308441210401624,"down"
"gene-LOC142978604",132.914714929721,-1.28142211227476,0.59324967156502,0.0106269917055683,0.0309100261679144,"down"
"gene-Gfrl",18.4416404646806,-2.21251016255326,1.53271146366217,0.010633014591154,0.0309189055569591,"down"
"gene-LOC142976359",1944.5638166448,1.86546437296647,1.06662196212713,0.0106387349783494,0.0309269006212279,"up"
"gene-Nup133",14.0540366146138,-1.79754880005256,0.960715629693911,0.0106613058315554,0.0309838620062792,"down"
"gene-LOC142976390",227.20031998035,-1.3087006217705,0.612357843717394,0.0106848718503178,0.031035021194701,"down"
"gene-LOC142978892",291.966220284201,-0.965973539838433,0.415183228858897,0.0106839041666708,0.031035021194701,"down"
"gene-LOC142979327",15.9985996146668,0.7001770599483,1.39653070359645,0.0106891506714656,0.0310387889790674,"up"
"gene-LOC142981660",1013.21320146144,2.05424492245016,1.29991131816521,0.010738073067877,0.0311684445415033,"up"
"gene-Noc1",189.927251726678,-1.22633845142635,0.562158477415654,0.010739789680151,0.0311684445415033,"down"
"gene-LOC142972362",6171.33159484228,-1.86132877480091,1.08908615518861,0.0107631547047516,0.0312275475129499,"down"
"gene-LOC142975335",26861.1423987941,1.688646593819,0.886650435319098,0.010782637958741,0.0312642609630075,"up"
"gene-tank",235.483511430892,-1.0783955580368,0.475466522707464,0.0107843942458828,0.0312642609630075,"down"
"gene-Tlk",581.897062688935,-1.025594018979,0.446418230104916,0.0107848185512161,0.0312642609630075,"down"
"gene-BORCS7",170.027668388476,1.36650082906243,0.647729273319872,0.0107953285798782,0.0312860162907941,"up"
"gene-LOC142982611",2115.16983260895,1.60305118011875,0.826984439446431,0.0107987441894666,0.0312872048461863,"up"
"gene-LOC142979584",272.89935673123,-0.865640175762531,0.365216384232216,0.0108049546211979,0.0312964879261741,"down"
"gene-LOC142984246",153.649661784785,1.9182555540121,1.13141515152218,0.0108228771474801,0.0313234065060032,"up"
"gene-LOC142974592",544.608522756329,1.5981391602416,0.819450529765951,0.0108247364122043,0.0313234065060032,"up"
"gene-Klp64D",100.748566264111,-1.32363776065354,0.62547934475533,0.0108262840161959,0.0313234065060032,"down"
"gene-LOC142986037",569.251458033247,1.18861065811071,0.537026586219117,0.0108199927756336,0.0313234065060032,"up"
"gene-LOC142978385",1284.09924499921,-1.04182733704903,0.456926064818225,0.0108488221009869,0.031379893879209,"down"
"gene-LOC142973851",13.645380529374,2.21262204966705,1.5291712075902,0.0108637315715949,0.0314142904611953,"up"
"gene-LOC142975703",34.1572315892621,1.085498200784,0.477821360514496,0.0108791275124405,0.0314500742584019,"up"
"gene-LOC142976510",2251.08134243883,2.13631578558782,1.47588732542901,0.0109179172960959,0.0315534478213101,"up"
"gene-LOC142983384",11.3422785870334,-0.70604145990979,1.42024135137091,0.0109369935539162,0.0315998065213065,"down"
"gene-LOC142975868",238.666784474777,-1.04632762965349,0.457817908512102,0.0109419584737262,0.0316053794981935,"down"
"gene-Tudor-SN",628.820256811061,-1.35855227383312,0.650245107835592,0.0109488993522568,0.0316166552723975,"down"
"gene-LOC142976133",1870.9646700096,-1.21216160708219,0.556501409577133,0.0109609568815337,0.0316426958227303,"down"
"gene-sxc",809.161710547662,-1.12321533590391,0.503158757682155,0.0109732183068235,0.0316693103892523,"down"
"gene-Cog4",182.602561748642,-0.674042765396727,0.276111177611604,0.0109884860550529,0.031704584210948,"down"
"gene-TBC1D16",314.423159856859,-1.54237130859737,0.784434895303619,0.0110036319903504,0.0317306950192653,"down"
"gene-mdu",3935.75772727021,-1.26022872373655,0.586888334250451,0.0110034249127318,0.0317306950192653,"down"
"gene-LOC142983682",132.610475033442,1.23002047675497,0.564329098469264,0.0110101195013621,0.0317406103597838,"up"
"gene-Srrm234",424.268019078857,-1.00533785627968,0.437996994496362,0.011015666802616,0.0317478104693334,"down"
"gene-LOC142975763",772.541809516985,1.0417825268248,0.456057596891995,0.0110290666310963,0.0317776317823728,"up"
"gene-Flo1",638.723208871266,-0.872171827122123,0.369688151914484,0.011044536044008,0.0318133979574221,"down"
"gene-Rab1",6293.35176742824,-0.915981478791323,0.39218556929483,0.0110495429024423,0.0318190156609749,"down"
"gene-LOC142977271",680.058506441037,-1.19895028395862,0.549134611537666,0.0110536035718978,0.0318219063007346,"down"
"gene-LOC142980618",251.39796192288,-1.36052525726493,0.65305760338452,0.0110860668164869,0.0319065401049568,"down"
"gene-LOC142977002",177.745036473911,1.68903201242219,0.904980854497733,0.0111374996291481,0.032045707888179,"up"
"gene-LOC142984234",224.407627610478,-1.19722053908348,0.547711088453478,0.0111462462980704,0.0320620127004456,"down"
"gene-toc",216.395057629835,-1.22107033334715,0.56342604184771,0.0111598799182266,0.0320923618642927,"down"
"gene-LOC142979525",58.4907419628111,1.79748393175475,1.0090628237494,0.0111707054282785,0.0321146212395415,"up"
"gene-LOC142979805",62.3784998920772,-1.60861468268823,0.837628569345333,0.0112297920096002,0.0322755755990993,"down"
"gene-LOC142983952",207.459915865859,-1.55167904518604,0.802709341111742,0.0112600978110714,0.0323537450215989,"down"
"gene-LOC142980761",67.505571487266,1.94564756237085,4.04437896218468,0.0112783806528521,0.0323973351534742,"up"
"gene-LOC142974753",132.897625949236,-1.37956992620151,0.66978289762968,0.0113001792920997,0.0324502954504267,"down"
"gene-eEF1alpha1",75332.8783537803,-0.830777674267962,0.351276371024939,0.0113030519983907,0.0324502954504267,"down"
"gene-LOC142973489",14.7272260424001,2.37004393716889,2.23949253211627,0.0113099697026836,0.0324612033650223,"up"
"gene-LOC142986225",9.5995542062507,-2.34226288964162,1.46653224279133,0.0113146125739639,0.0324655779754587,"down"
"gene-LOC142982629",677.780283931251,-1.77719422343423,1.0192324491835,0.01132367303679,0.0324826222962203,"down"
"gene-LOC142974892",20.1872748623422,-2.57722045199021,1.61581999428322,0.0113510649103008,0.0325522274700361,"down"
"gene-Catl-like",1593.50932113381,1.54128966831014,0.789359053467414,0.0113666637078875,0.0325820214177056,"up"
"gene-Cul1",4309.45015440925,-1.44613866957227,0.730066022464873,0.0113677139086558,0.0325820214177056,"down"
"gene-LOC142981635",110.386296445669,1.32124363485935,0.626770529434885,0.0113896658899974,0.0326359542843031,"up"
"gene-LOC142982897",364.033949414133,-1.75775105233487,3.50767520344798,0.0114035452359791,0.0326667325004243,"down"
"gene-Spred",82.8552534097373,-1.23901064027102,0.57735263995802,0.011428403105964,0.0327289343419767,"down"
"gene-LOC142976493",1321.90602228936,2.14438262301013,1.65430224857911,0.0114551299951321,0.0327922844914134,"up"
"gene-Dus2",250.055279452696,0.898473680574403,0.385206993251053,0.0114729207642508,0.0328293307190354,"up"
"gene-LOC142979403",12.3752283858032,-2.29541381105104,3.73901458809258,0.0114821237876411,0.0328466360619246,"down"
"gene-Sulf1",151.159035567273,-1.13521245095427,0.512364300329241,0.0115069229563851,0.0329085351582333,"down"
"gene-DCAF12",187.952521002736,-1.18940927866419,0.547082788009462,0.0115446951678993,0.03300749154019,"down"
"gene-LOC142974487",476.897843718477,-1.48962389423544,0.759791286269008,0.0115635230154967,0.0330522445335861,"down"
"gene-DCP1",611.372640844787,-1.01307435892078,0.445610638421139,0.0115751116067708,0.033076286529367,"down"
"gene-ACC",261.593135265428,-1.56322132151216,0.812709039046515,0.011597098728912,0.0331300213413759,"down"
"gene-LOC142980749",128.123740122168,-1.15947118816156,0.53025513907383,0.0116077145870336,0.0331512507135856,"down"
"gene-LOC142975173",7.18322088233024,2.18956608488798,1.42926348903438,0.011625276493263,0.0331923006842754,"up"
"gene-LOC142977339",391335.150168012,1.38819487819027,0.67065637514778,0.0116400021584288,0.0332252323743472,"up"
"gene-LOC142983030",2120.72980021779,1.74230453304612,0.958722176075129,0.011647047848721,0.0332362302919916,"up"
"gene-Arpc1",3501.71767174286,0.996733080418083,0.436025035798562,0.0117072777468853,0.0333989480255072,"up"
"gene-LOC142979027",339.093659382737,1.06411155650383,0.472984030680005,0.0117172479584116,0.0334182332183738,"up"
"gene-LOC142984747",15.7512026762377,2.11338183827056,1.41928716493825,0.011740526423295,0.0334754533186799,"up"
"gene-LOC142975635",1879.76158012161,1.17852663223636,0.539611740855877,0.0117674115718431,0.0335429229087859,"up"
"gene-Rnb",210.791342480702,-0.89624220004585,0.385593018016641,0.0117716306767825,0.0335457638503437,"down"
"gene-cyc",490.218543084092,-1.29226032542949,0.615307341817391,0.0117906507808119,0.0335907702868779,"down"
"gene-LOC142973582",437.494012611545,0.890409257308472,0.381773826725665,0.0118075057247844,0.0336295853885104,"up"
"gene-LOC142983088",68.237178919635,-0.31947207039006,1.09607351467291,0.0118948795327778,0.0338691728490746,"down"
"gene-LOC142977881",539.758756218714,1.99699559134669,1.28202212863955,0.0119043879052867,0.033886977876411,"up"
"gene-LOC142972799",346.457873751949,1.0107732162809,0.445336870781749,0.0119277187568447,0.0339441094201075,"up"
"gene-LOC142978469",20895.3621922597,1.3559322793005,0.666830338740048,0.011953651048159,0.0340086109350465,"up"
"gene-LOC142981299",412.420389896921,0.785686133090703,0.331037025521781,0.0119578867463118,0.034011366401395,"up"
"gene-LOC142982496",433.691426367091,-1.3691118513019,0.671330010245127,0.0119613250679188,0.0340118530338801,"down"
"gene-CCE-un1",725.747701901662,1.66508561451471,0.903166737466664,0.0120138324222175,0.0341518283766477,"up"
"gene-REPTOR",580.975743821953,-1.40168259700867,0.695190300980578,0.0120209275943867,0.0341626689209842,"down"
"gene-LOC142974851",188.651120305314,-2.12885345008739,1.65927855582369,0.01202990559906,0.0341788529711283,"down"
"gene-LOC142984903",194.14895438811,1.17627640350001,0.540848640680838,0.012053450252349,0.0342364030360035,"up"
"gene-LOC142979801",1056.53773253917,2.07966593741855,1.48377507610402,0.0120754149374183,0.0342800844010157,"up"
"gene-Kua",1214.18966164102,-0.808049466534396,0.341986153878045,0.0120726407555854,0.0342800844010157,"down"
"gene-LOC142972407",379.584211779518,-0.688730394924662,0.287516820816179,0.0120901454153959,0.0343125446494743,"down"
"gene-LOC142980012",759.655216043024,1.55223102874244,0.805782156658894,0.0121052495835591,0.0343460474692969,"up"
"gene-Arpc2",2858.98653404182,-1.11795781900493,0.508533429859031,0.012119775215979,0.0343778910077224,"down"
"gene-LOC142984158",287.99846488473,1.42996307195204,0.711220931025678,0.012123355286129,0.0343786784332887,"up"
"gene-UBL3",1379.27066583264,-1.6557147724448,0.931119964094966,0.0121323219178271,0.0343947361559313,"down"
"gene-Scp1",30.7006262099436,2.34775101804709,2.22141990160278,0.0121536116151358,0.0344457111117788,"up"
"gene-sip1",186.651034341844,-0.738200077161072,0.310874303649199,0.0122003765722712,0.0345688405327552,"down"
"gene-LOC142981029",139.705529823023,-1.50862389995012,0.779865095014559,0.0122198443403228,0.0346051631073885,"down"
"gene-Vps24",572.821228235178,0.78646248031289,0.332537930075243,0.0122195114287011,0.0346051631073885,"up"
"gene-LOC142979218",214.678685213657,1.0753460190148,0.483722547406813,0.0122842094777373,0.0347779767917448,"up"
"gene-LOC142975365",9.87619567792529,2.39136349246543,2.39602991660868,0.0123069416703847,0.0348328610083482,"up"
"gene-LOC142977516",24.7905068139145,-2.08443614438055,1.4847279165787,0.0123103974150868,0.0348331712669349,"down"
"gene-RpL21",25538.7325363588,1.13213826933483,0.515915501760324,0.0123200493959219,0.0348510092966161,"up"
"gene-Droj2",2136.62149414084,-0.873738482870394,0.377665440586036,0.0123436212953197,0.0349082036632105,"down"
"gene-PolD2",80.0871586397794,1.14969281652446,0.528826273926779,0.0124023428927227,0.0350647445717661,"up"
"gene-LOC142975872",1261.67171881668,-1.09015750266668,0.501702670573878,0.0124108963229841,0.0350794001418041,"down"
"gene-jet",102.812450854312,-1.309267041956,0.631882503066331,0.0124508628299094,0.0351828127196952,"down"
"gene-LOC142979864",23107.0823913084,-1.43567515831355,0.772055770687365,0.012458584514954,0.0351950786433301,"down"
"gene-Yod1",590.343785319317,-1.43739817988682,0.729876509626463,0.0124744046688482,0.0352302096046417,"down"
"gene-rudimentary",5853.70928828515,-2.13338301557262,1.99206860757239,0.012484361199415,0.0352392082662447,"down"
"gene-LOC142975297",1012.23495117055,-1.45848764155057,0.765202650617997,0.0124835444799199,0.0352392082662447,"down"
"gene-LOC142983464",2755.96160325673,-1.90766569141823,1.22888696868822,0.0124912408930645,0.0352490695843864,"down"
"gene-LOC142980036",14.833131336745,1.92889856941919,4.09018851198983,0.0125099878059722,0.0352924046233526,"up"
"gene-Fdx2",1846.23122481648,1.32545353561769,0.642141006584549,0.0125253828707234,0.0353262627158576,"up"
"gene-LOC142981246",62.712910000139,0.937360214160368,0.409681418862596,0.0125736255519932,0.0354527199339786,"up"
"gene-LOC142979579",391.468340206781,-1.45349155902186,0.742877350086241,0.012577302742663,0.0354534853915847,"down"
"gene-LOC142973861",253.338827694359,1.89810772230426,1.17299110478715,0.0126222299855635,0.035570496521309,"up"
"gene-LOC142987478",333.802019697431,1.75723862805955,1.02029945362875,0.012639852470282,0.0355933621131319,"up"
"gene-Scr-c",240.974000951357,1.58463196635672,0.843469629009316,0.0126406013191401,0.0355933621131319,"up"
"gene-Mical",260.871004405446,-1.32399608447308,0.647122741912781,0.0126338070129552,0.0355933621131319,"down"
"gene-LOC142975102",253.828958802487,1.22850153535181,0.579085710119894,0.0126849884734407,0.0357086884825629,"up"
"gene-spoon",301.206318823616,-1.33654887874312,0.655085647314314,0.0126991412479775,0.0357388646638133,"down"
"gene-Trs33",859.241706084166,1.01895493244701,0.454279311180882,0.012703506699398,0.0357414877677658,"up"
"gene-LOC142987520",5.42538414158588,2.58999148310887,2.29262886503225,0.0127071453068769,0.0357420650215047,"up"
"gene-LOC142979545",80.2444949229027,1.20849611206342,0.567178097820438,0.0127464791360161,0.0358236630145592,"up"
"gene-Rad9",68.8203791620169,1.12236711259337,0.515003970446321,0.0127402418546249,0.0358236630145592,"up"
"gene-elg1",84.7059613735983,-0.998941895793264,0.445230466689915,0.0127432593833014,0.0358236630145592,"down"
"gene-Als2",157.894571736793,-1.3589024904029,0.673327302829338,0.0127611598269578,0.0358552425907234,"down"
"gene-LOC142987547",17.3870047946661,-1.39529649876661,2.95094487003443,0.0127822700568243,0.0359048654321481,"down"
"gene-LOC142980899",15.1950035518181,-2.04346649998251,1.26287534322408,0.012798035745363,0.0359367242790088,"down"
"gene-rdgB",50.2044966839364,-1.29841482951357,0.629349516421677,0.0128005161985173,0.0359367242790088,"down"
"gene-LOC142987818",479.422539636438,1.10047822156053,0.502563747908971,0.0128416966067659,0.0360426157121686,"up"
"gene-LOC142979910",35782.3065789899,-2.0275728334856,1.5424527440915,0.012869877976851,0.0361035909445257,"down"
"gene-RpL18",16313.6198246173,0.982639652586157,0.442606416949807,0.0128703579246047,0.0361035909445257,"up"
"gene-Shab",15.8087373604657,-2.3354903737571,1.85019446617901,0.0128904045826344,0.0361500839723127,"down"
"gene-S2P",358.99071482923,1.58466910725605,0.849479857650107,0.0129076923900942,0.036188817069992,"up"
"gene-LOC142982533",12.4473449685963,-2.18712283944297,1.41312097974068,0.0129313720196875,0.0362454449986395,"down"
"gene-LOC142976466",4421.83838771276,1.98760431814381,1.35042510320902,0.0129983768434653,0.0364234462827654,"up"
"gene-LOC142974593",552.767594688874,1.46263076946905,0.749618704398844,0.013009052218479,0.0364435504828756,"up"
"gene-LOC142977514",2220.26365855431,1.24500732027112,0.592046578060999,0.0130152540117679,0.0364511149482119,"up"
"gene-LOC142972586",82.7074135717103,1.31144412651564,0.638227843857093,0.0130525117908907,0.0365456287636287,"up"
"gene-Nf-YA",734.643098440959,0.750739453838205,0.319013055629033,0.0130651923998599,0.0365712968224096,"up"
"gene-LOC142982354",101.275507122478,1.71754802687624,0.978791290909329,0.0130772521678294,0.036595213727716,"up"
"gene-Mvb12",84.6544303298309,-1.04012065859347,0.470141124570923,0.0130835330771532,0.0366029506404634,"down"
"gene-Alr",599.7578686571,1.82007143490104,1.10080294357758,0.0131525192633438,0.0367857261591532,"up"
"gene-LOC142985435",171.268751648994,-1.07161999264967,0.490211683746528,0.0131559326119623,0.0367857261591532,"down"
"gene-PIG-A",100.453741566357,1.04819838309592,0.473776562533098,0.0131636741254656,0.0367974886267715,"up"
"gene-Dbp21E2",155.420813350968,0.935177021168843,0.413767441451032,0.013181566788198,0.0368376134939975,"up"
"gene-LOC142982930",723.709472848332,-1.28274509629512,0.624109215984887,0.0131958395967998,0.0368676033823632,"down"
"gene-LOC142984852",24.1700775161935,2.20240273815505,2.05387631044667,0.0132106619289101,0.0368991120686756,"up"
"gene-LOC142972210",5830.08618570348,-1.41912715420706,0.730628035360326,0.013223318278427,0.036924555600436,"down"
"gene-LOC142987076",4.30299736487491,0.734422605754103,1.44818384992511,0.0132451825142926,0.0369756905266253,"up"
"gene-LOC142974959",893.01276221241,2.06088882199372,1.56694805016928,0.0132594715909934,0.0369814224512193,"up"
"gene-LOC142986212",18.1130975196169,1.81709722783045,3.54966018333435,0.0132612319801304,0.0369814224512193,"up"
"gene-LOC142982785",51.5204798382571,1.63863296391778,0.906675161239135,0.0132521503384696,0.0369814224512193,"up"
"gene-Tmem63",2317.48658772282,-1.07515256350147,0.493892970959337,0.0132614457262634,0.0369814224512193,"down"
"gene-LOC142981883",14.7333986108597,1.66177372309136,0.921392306311043,0.0132987346696641,0.0370754761411898,"up"
"gene-morgue",106.795244964269,-0.951768187869538,0.424032560633681,0.0133260090064654,0.0371415672710321,"down"
"gene-Appl",46.8316576814984,-2.06961190736614,1.56945820394833,0.013346504750955,0.0371887351331482,"down"
"gene-LOC142981921",20.6724050498793,-2.06897701214593,1.42194298572768,0.0133954891383915,0.037315237337612,"down"
"gene-LOC142976134",4.71369301948422,-2.70709291741029,4.51058131726738,0.0134346249288966,0.0374042379004582,"down"
"gene-Hmga",862.388641141259,1.11554919008032,0.515526762045921,0.0134320635367266,0.0374042379004582,"up"
"gene-Snapin",141.647817701653,0.972374073074373,0.434031222208383,0.0135146442378018,0.0376169643089617,"up"
"gene-Pka-R1",250.439848819477,-0.874148949738025,0.383542987611323,0.0135223127933455,0.0376282481097907,"down"
"gene-LOC142976934",1641.87656612652,1.99752961068948,1.42107444885529,0.0135477776477587,0.0376789648178382,"up"
"gene-LOC142979256",1042.63088568766,1.53021842726023,0.814122960641942,0.0135452272126102,0.0376789648178382,"up"
"gene-LOC142979896",42343.0096911384,1.292222349148,0.63459333789862,0.0135752845392209,0.0377453824928657,"up"
"gene-Hap40",159.031057737725,0.906159560279462,0.399497197814499,0.0135812359926741,0.0377518469115455,"up"
"gene-LOC142983224",106.845065790768,-1.39411009502483,0.708820078308862,0.0135873991570065,0.0377588962158136,"down"
"gene-LOC142987474",287.12049298261,-1.43413382308984,0.742359547187814,0.0136169524826198,0.0378309248316179,"down"
"gene-Timp",1138.53018045335,1.68096321117407,0.960266590384153,0.0136609831143403,0.0379431254589868,"up"
"gene-Bet1",1560.03646152616,1.01984858370301,0.463284891162574,0.013747608824801,0.03817354170877,"up"
"gene-pic",283.862615773488,-0.707184801721906,0.301723086136031,0.0137585287382168,0.0381936757772898,"down"
"gene-PIG-Q",108.471239322967,0.962034721416431,0.430817542787711,0.0138173428888804,0.0383467180680471,"up"
"gene-LOC142978708",1827.04160840897,-1.44720917259855,0.76222991902596,0.0139162372686054,0.0386108821871487,"down"
"gene-LOC142975776",32.5240624064599,1.61874582549317,0.88990171644355,0.0139603984478633,0.0387183298377066,"up"
"gene-Orc5",87.5745121890245,1.00719678638661,0.45577054699723,0.0139624025178435,0.0387183298377066,"up"
"gene-LOC142977187",555.599135127899,0.995361369141215,0.449132301766172,0.0140054737950898,0.0388274253546964,"up"
"gene-LOC142983644",4.77760589660046,-2.51678134438876,2.4658460585469,0.014014011881144,0.0388407517792091,"down"
"gene-l(2)05287",270.885403786628,-1.69380668402897,0.998444475162376,0.0140554257936284,0.0389451643629683,"down"
"gene-LOC142980225",156496.178578552,-1.76629381679425,1.10148812246569,0.0140751641493341,0.0389583777704249,"down"
"gene-LOC142978945",20.9045728964488,-1.48132596157099,0.772675724700539,0.0140726175684771,0.0389583777704249,"down"
"gene-Cchl",1168.53878674949,1.44819704840796,0.754163353332101,0.0140749313700994,0.0389583777704249,"up"
"gene-Sap47",507.111892812371,-1.07670286080425,0.499704076880199,0.0140659131669934,0.0389583777704249,"down"
"gene-cv-c",116.642333503225,-0.992674157051956,0.450422039940406,0.0140955448619314,0.0390044183978483,"down"
"gene-LOC142974551",10319.2934560668,1.66698690866597,0.946842947618321,0.0141083598309406,0.0390196367707372,"up"
"gene-LOC142984493",108.465803650633,-1.26595557020603,0.620225440854883,0.0141085410955864,0.0390196367707372,"down"
"gene-LOC142972487",51.5489371963333,1.6159113967155,0.904924756311393,0.014130658728043,0.0390641452136418,"up"
"gene-pros",24.4327573057337,-1.4626108887383,0.768485703248886,0.0141348205970229,0.0390641452136418,"down"
"gene-Nab2",191.130934649689,-0.949758759907002,0.426705492545372,0.0141358919327366,0.0390641452136418,"down"
"gene-LOC142984451",185.11379484062,1.96214246199974,1.41376717309351,0.0141447971778251,0.0390783807380996,"up"
"gene-NetA",24.2960685732285,-2.06073715318342,1.52886708353036,0.0141863156065322,0.0391826865120723,"down"
"gene-LOC142976381",61.5742022302549,-1.53982432306643,0.842112989398322,0.0142055744837964,0.0392254722483608,"down"
"gene-Sld5",199.542695350541,1.05604351364444,0.48607641897665,0.0142165240196279,0.039245297015202,"up"
"gene-ath",111.896529142372,-1.34461102863546,0.679003143861916,0.0142204621843772,0.0392457612246465,"down"
"gene-Sar1",3216.36578917958,-0.54291160687356,0.227963968543499,0.0142265470010764,0.0392521479674545,"down"
"gene-Uvrag",480.818847582815,-1.27336882271384,0.628911677634119,0.0142319861427756,0.0392567503302315,"down"
"gene-Bet3",342.870858782089,1.36051248288353,0.687252704559588,0.0142517977649536,0.0393009840352761,"up"
"gene-LOC142979200",2575.41081955802,1.04067921947942,0.47834612301432,0.0142587649429462,0.0393097836483236,"up"
"gene-LOC142987140",1165.63552328115,-1.3130511417904,0.663158130401224,0.0142814942744606,0.0393620215507373,"down"
"gene-Stip1",1588.58778127435,-0.959843100434232,0.434445284556724,0.0142956107867804,0.0393904998121716,"down"
"gene-LOC142973686",42.6880969511564,-1.47873526469674,2.89420862231836,0.0143200948843649,0.0394475225578828,"down"
"gene-Mtl",207.669496402828,0.729593691746868,0.314165971162594,0.0143441809071255,0.0395034188474013,"up"
"gene-l(1)G0289",2132.92126215145,-1.06754884905096,0.497388660387992,0.0143810260796438,0.0395944145699793,"down"
"gene-LOC142976910",138.199632466876,-0.987111399585541,0.447138361477099,0.0144101556407437,0.0396641248599,"down"
"gene-Phyhd1",152.359255201481,1.74943967800176,1.05822326010099,0.014427129353832,0.0397003480236298,"up"
"gene-LOC142973722",505.409235830547,1.29562232482759,0.642388072375783,0.0144506930820369,0.0397546815496838,"up"
"gene-LOC142973189",269.605205893376,-0.851212635851314,0.376030238995165,0.0144832900077393,0.0398338306421574,"down"
"gene-LOC142983222",243.681617744002,2.08700733045685,2.09106914857549,0.0144989818291836,0.0398664555842054,"up"
"gene-elB",22.0630312402814,-1.93840044382518,1.37244347539711,0.014509925583665,0.0398754818706316,"down"
"gene-exu",5933.72867816973,-0.945732391027403,0.438868532236207,0.014506749781427,0.0398754818706316,"down"
"gene-LOC142976902",770.33622485206,-1.66129586275917,0.984342696174591,0.0145144239725603,0.0398773168525608,"down"
"gene-D2hgdh",1228.1236680833,1.19473395253311,0.575684250509162,0.0145758494292072,0.0400355125482974,"up"
"gene-da",17.9436021807678,-2.08775071626975,1.980770844449,0.0146249293798458,0.0401491336614438,"down"
"gene-LOC142977058",592.647297096242,-1.43538259124376,0.757074289838214,0.0146224252320993,0.0401491336614438,"down"
"gene-Rab40",704.475163237297,-1.05740979062392,0.49179633307724,0.0146536875522559,0.0402174762507209,"down"
"gene-LOC142978039",382.76015300597,-1.48709869957691,0.805378825170056,0.014695811770821,0.0403144628794221,"down"
"gene-Idh",11598.0543202889,1.29681270149806,0.652305630280989,0.0146967710497029,0.0403144628794221,"up"
"gene-LOC142986384",2030.99161887278,2.06215637313516,1.77294563258667,0.014715554139789,0.0403553526330885,"up"
"gene-Ada2b",170.261310712187,-0.870486565960235,0.387538610285879,0.0147845137847601,0.0405337868052021,"down"
"gene-LOC142972440",517.511315558667,-1.26189058614912,0.626395531742956,0.014803020193287,0.0405631587818156,"down"
"gene-LOC142987403",436.379113728471,-0.768034901851771,0.335143605182382,0.0148025157896509,0.0405631587818156,"down"
"gene-LOC142973950",212.561429958381,-0.922613603432381,0.415687110549596,0.014819420701014,0.0405974130256724,"down"
"gene-LOC142973465",3.2426111891335,0.733699965054435,1.44500925053093,0.0148237182061729,0.0405985021116179,"up"
"gene-LOC142979277",28.117583678651,-2.03356719068132,1.77065822828622,0.0148434678363138,0.0406318199033666,"down"
"gene-LOC142973919",7.64626125938454,-0.854440105498237,1.57506554290259,0.0148436898263692,0.0406318199033666,"down"
"gene-LOC142982652",10.3076126864783,-2.14418480306131,1.73035943044682,0.0148912971702649,0.0407514204896052,"down"
"gene-tsu",1203.37364419159,1.21204319053152,0.589001558336125,0.0149307199066809,0.0408378334809639,"up"
"gene-LOC142982252",554.712425400783,-0.656208994446084,0.280626316575399,0.0149300415186347,0.0408378334809639,"down"
"gene-LOC142976028",78.1248583934384,-1.00009494771805,1.83838056183958,0.0149353454318403,0.0408397546481369,"down"
"gene-LOC142985138",100.713559954091,-0.906653115800197,0.408900632775092,0.0149520540983591,0.0408747067132138,"down"
"gene-LOC142981556",62.2807647274932,-1.52152659232082,0.837528221100508,0.0149711237210871,0.0409026641301909,"down"
"gene-Plap",2436.66219835112,-1.21661975604451,0.597708256268519,0.0149740684918499,0.0409026641301909,"down"
"gene-IntS14",115.589688218926,1.18529282310512,0.571080458853643,0.0149671437541785,0.0409026641301909,"up"
"gene-LOC142987545",13.7819257718196,-2.18695035081359,2.39948715540884,0.0149795271674424,0.0409068409792957,"down"
"gene-Pisd",13.9392604338218,-1.87087493258897,1.21452711646892,0.0149917039919103,0.0409092641241966,"down"
"gene-LOC142978894",190.630599357575,-1.25329420890306,0.621724705674945,0.0149922039033439,0.0409092641241966,"down"
"gene-Pgant9",209.513435625276,-0.978412504493939,0.447016308987504,0.014988064627214,0.0409092641241966,"down"
"gene-LOC142975149",8691.05942253101,1.43388598030129,0.749748582768976,0.0150019156432821,0.0409250371715321,"up"
"gene-Phax",293.500117157004,-1.15130808834972,0.552103418124227,0.015008295301844,0.0409317144595746,"down"
"gene-LOC142979411",952.702881048348,1.2270628123872,0.600253360626927,0.0150171100622169,0.0409450276971393,"up"
"gene-Sult",264.973102795002,1.80816079757069,1.16639185515173,0.015040002179848,0.0409967066489179,"up"
"gene-LOC142972529",7556.0699890011,1.92544344751957,1.34312934528494,0.0150528035057008,0.0410119016869569,"up"
"gene-LOC142976383",51.9788736136672,-1.11063869135796,0.525276957954776,0.0150587109826373,0.0410119016869569,"down"
"gene-LOC142982624",125.988644114989,-1.0790929875227,0.507493377562838,0.0150549345212208,0.0410119016869569,"down"
"gene-LOC142978813",296.019361611316,0.789809308439059,0.346862528813335,0.0150613352688988,0.0410119016869569,"up"
"gene-lili",201.521680818081,-1.14478064991612,0.548272803637694,0.0150709544616094,0.041027362956421,"down"
"gene-LOC142980490",1095.50602964997,-1.6012174530039,0.924081692609672,0.0150933978188762,0.0410777179854906,"down"
"gene-LOC142979711",549.282714541024,-1.20714637088359,0.589668912202725,0.0151361104370595,0.0411831964583871,"down"
"gene-LOC142974784",844.636994683242,-1.60556684402038,0.959494556198185,0.0151457463047497,0.0411986462065442,"down"
"gene-LOC142979284",96.7737934505089,-1.12374085531627,0.535826569270082,0.0151624086520951,0.0412331959426097,"down"
"gene-LOC142986725",182.801584152574,-1.09491338327409,0.5170726772053,0.0151734454717514,0.0412524333666577,"down"
"gene-mRpL20",485.985729625424,1.03310460889552,0.480096610206906,0.0152030911004611,0.0413222397795823,"up"
"gene-U2af38",287.813915593926,1.03848735264523,0.482028345351045,0.0152159597768931,0.0413464216333744,"up"
"gene-LOC142973380",65.8709710829637,1.45291549675951,0.776272045146516,0.0152324008014843,0.0413802954967253,"up"
"gene-IP3K2",516.952878564843,0.953370909749374,0.433425949307874,0.0152555707297052,0.0414216200563982,"up"
"gene-LOC142981663",13.6322696712127,-0.553855206840247,1.25287469212696,0.0152533857366285,0.0414216200563982,"down"
"gene-LOC142979820",197.082944166234,1.82734235363979,1.1925779748437,0.015338146360519,0.0416349683475886,"up"
"gene-LOC142975324",3945.51769562159,0.911091475472366,0.410456590242387,0.0153665001131398,0.0417010600046364,"up"
"gene-LOC142982876",2844.13264669338,1.98917025579922,1.54238644143445,0.0153808614318294,0.0417216358995081,"up"
"gene-LOC142977477",7.64456152155976,1.26536648091802,2.4172591978832,0.0153820978465237,0.0417216358995081,"up"
"gene-LOC142985452",493.491548523865,1.34620549774695,0.691275857847588,0.0154135976207294,0.0417961842229208,"up"
"gene-lost",610.952600492225,-0.754729364722722,0.331290917217527,0.0154734372421539,0.0419475212736516,"down"
"gene-LOC142977247",174.045451582906,-1.05642083960647,0.496735401883884,0.0155068654015715,0.0420271983416711,"down"
"gene-Snx6",929.630925329604,-0.786820165573805,0.347020635022954,0.0155384926482212,0.0421019543123327,"down"
"gene-LOC142979976",4.22973504025776,2.26354580705911,2.92808869431004,0.0155827417370787,0.0422108616921649,"up"
"gene-Pif1",8.41645670996626,-2.21627010457093,1.32272760804041,0.0156026108585316,0.0422536886153261,"down"
"gene-Hpr1",301.65507922019,0.825362712679358,0.367195346543852,0.015646963617127,0.042362780560284,"up"
"gene-LOC142975358",142.641031833126,-1.23597806635092,0.614549217063899,0.0156930942396976,0.0424766279342828,"down"
"gene-LOC142975263",6.68721261315112,1.69188331248915,0.991742487039951,0.0157204267745127,0.0425395484072465,"up"
"gene-LOC142980110",9.29186882897668,1.78370802389211,1.11796792218371,0.0157293796746028,0.0425527137246921,"up"
"gene-clu",220.32914784091,-1.34213755235581,0.69445229827753,0.0157627410439548,0.04262270541358,"down"
"gene-LOC142977303",144.145513957925,-1.2682333882991,0.637499101938564,0.0157634405227937,0.04262270541358,"down"
"gene-SerRS-m",416.599963411089,1.00269194175271,0.463905914850871,0.0157809091941167,0.042652909380005,"up"
"gene-Ada3",530.06529302479,0.801686478180534,0.354245031054945,0.0157828056610739,0.042652909380005,"up"
"gene-LOC142987145",64.0409978550602,1.7373802476855,1.07799866957157,0.0158033840773435,0.0426974379042682,"up"
"gene-Jarid2",78.0064696012176,-1.43757572308582,0.770832070447553,0.0158380841210047,0.0427578982623597,"down"
"gene-LOC142984576",229.635111740061,-0.98791498514498,0.457545348926486,0.0158335695983032,0.0427578982623597,"down"
"gene-LOC142979370",135.136975142467,-0.895995672358097,0.406545737127194,0.0158359213554407,0.0427578982623597,"down"
"gene-LOC142983968",1978.33036764626,1.52060659766304,0.844312531959666,0.0158544644350681,0.0427688454959988,"up"
"gene-LOC142979582",167.771382469117,-1.12525885982151,0.541369421958092,0.0158470278035364,0.0427688454959988,"down"
"gene-LOC142982184",5610.04169136044,0.783657825891106,0.345748839432551,0.0158530872452113,0.0427688454959988,"up"
"gene-drongo",779.979659065219,-1.20749900243073,0.597448504533777,0.0158631138115202,0.0427810919113796,"down"
"gene-LOC142972742",981.411347628724,1.49785781379374,0.824487057884389,0.0159135577097635,0.0429000459330344,"up"
"gene-LOC142974411",213.622909828051,0.943810000346547,0.43234695195252,0.0159154637265494,0.0429000459330344,"up"
"gene-LOC142975534",404.284030168831,1.88909020010073,2.72084250540576,0.0159270669454403,0.042920208879636,"up"
"gene-Src42A",79.1094543587335,-1.53132055768368,0.868965470738366,0.0159771127482467,0.0430439295313788,"down"
"gene-LOC142973578",5365.88439036888,1.60456268397775,0.938490523872977,0.0160647973486859,0.0432689625872755,"up"
"gene-LOC142981879",761.791125728501,-1.88214802775463,1.41754483777694,0.0160875315061137,0.0433189868025461,"down"
"gene-LOC142974450",10138.5630015694,0.986996903977665,0.456005620931309,0.016101473756912,0.0433453172509579,"up"
"gene-LOC142986077",97.972570178612,-1.47116103907944,0.804344009934521,0.0161207581023415,0.0433860113354123,"down"
"gene-TwdlT",25.0417863853934,-1.80131752252629,1.19377882179907,0.0161553242758058,0.0434678019413642,"down"
"gene-LOC142974951",131.058018684493,-1.63137249202107,0.968201964494931,0.0161826097938984,0.0435187207322351,"down"
"gene-betaggt-II",754.050475811567,0.882987572831115,0.402869664624835,0.0161794917537059,0.0435187207322351,"up"
"gene-Arl2",294.817667400394,1.56307761909524,0.892097026107328,0.0162066910851724,0.043572224740869,"up"
"gene-Sardh",58.2622647724299,-1.89822095129583,1.42007046424808,0.0162225941352994,0.043599087269358,"down"
"gene-Etfb",3146.95111473105,1.39991500125226,0.742748215103812,0.0162250589895766,0.043599087269358,"up"
"gene-LOC142986594",80.7216716228533,1.87155584613758,1.32573644274078,0.0162770608737376,0.0437049790290451,"up"
"gene-LOC142975154",5603.70064573136,1.47613318756296,0.811950612889294,0.0162687702398838,0.0437049790290451,"up"
"gene-LOC142980592",371.807448467614,-0.921072988032101,0.422492465646762,0.0162768906958018,0.0437049790290451,"down"
"gene-LOC142978671",5823.90509354749,1.58764797938037,0.93193109054739,0.0163037732428663,0.0437654150227535,"up"
"gene-LOC142974663",843.419938657944,0.77468957902223,0.342997234042042,0.0163085786543707,0.0437670285620002,"up"
"gene-LOC142983029",179.995538421726,-1.46336743224401,0.808435682336404,0.0163700240298186,0.0439206057088688,"down"
"gene-CCT5",1567.11318438274,-0.782280240083032,0.348681872741047,0.0163810879166309,0.0439389655274744,"down"
"gene-dnr1",4800.14642359626,-1.30768344756618,0.684648080663359,0.0163956990037329,0.0439650930173935,"down"
"gene-dcr-2",3218.37464965059,-1.19340328920396,0.603654768804265,0.016399275330119,0.0439650930173935,"down"
"gene-LOC142978824",38.9828502352774,1.85994314495391,2.64383341797207,0.0164082500275674,0.0439778277000455,"up"
"gene-Ten-a",16.1509734629261,-2.17779085054173,2.48998241935696,0.0164494299163194,0.0440768508182459,"down"
"gene-SelT",3371.19049036641,1.03037425438946,0.483649483937057,0.0164644754184745,0.0441058129455275,"up"
"gene-LOC142983113",89.2090045326997,1.7294065223154,1.09135389517577,0.0164948276128455,0.0441757539103992,"up"
"gene-Nt5b",1886.24673989381,-0.896274103113028,0.410685719584456,0.0165229551219513,0.044239702371274,"down"
"gene-Cyp305b1",54.9722539348164,1.95905312366133,1.58052411073946,0.0166208646638945,0.0444904091414611,"up"
"gene-LOC142976321",2001.81223951671,1.96012889162788,1.57586248430024,0.0166707379667225,0.0446124375921801,"up"
"gene-glu",102.662948896848,-1.28540213618625,0.659624713564373,0.0166948453790397,0.0446654691328201,"down"
"gene-LOC142972477",1075.97283645677,1.66175718828974,1.00510704639511,0.0167106030420699,0.0446961402024532,"up"
"gene-LOC142981012",259.541535032173,1.33996108553896,0.697401476075122,0.0167285109645774,0.0447325453740691,"up"
"gene-stac",263.935885421169,-0.960204743634012,0.447206802590575,0.0167409668581184,0.044754356700825,"down"
"gene-Arfrp1",1661.02915677277,0.934736348849654,0.430935909925862,0.016748481827558,0.044762951431291,"up"
"gene-purple",72.3443087906624,1.2762155706222,0.650386466158674,0.0168014328327925,0.0448929455311526,"up"
"gene-hth",228.568065857363,-1.07122435638419,0.513908865732047,0.0168202361327438,0.0449316546425105,"down"
"gene-Rrp6",3431.53564367165,-1.62321229260696,1.0066203138937,0.0168759728275428,0.0450689782285069,"down"
"gene-LOC142975292",695.919604798379,-1.70977814232484,1.10619377163356,0.0169275758647906,0.0451951948582893,"down"
"gene-pxb",15.4191608192015,-1.9737258576599,1.7524210579318,0.0169698874076606,0.0452965456189093,"down"
"gene-LOC142973386",731.557575674408,0.964624089994377,0.45194673503523,0.0169844497434905,0.0453237943680431,"up"
"gene-LOC142977356",78.6668475672938,-1.61232550260313,0.972822991808982,0.0169942407111191,0.0453382997956817,"down"
"gene-RfC38",91.4336067406195,1.17545986818424,0.581155021565469,0.0170161167643396,0.045385030877985,"up"
"gene-LOC142982269",13439.126678601,1.96770144357976,1.71267008390711,0.0171528581479303,0.0457380259528572,"up"
"gene-LOC142974016",848.21364830051,1.54492654189172,0.879557158187924,0.0171588016480396,0.0457421575303693,"up"
"gene-Rab5",13961.3852983546,-1.42998114192043,0.801321083891966,0.0171837773013204,0.045780651799462,"down"
"gene-capt",2498.38531351586,-1.32445593563175,0.700664034894854,0.0171828542772821,0.045780651799462,"down"
"gene-LOC142976465",199.421937310953,1.22018673590999,0.614413451510969,0.0171880026600787,0.045780651799462,"up"
"gene-TSG101",913.187318474079,-1.08806599282465,0.529631147625456,0.0171908326497692,0.045780651799462,"down"
"gene-Pgam5",151.431236555775,-0.995149990906836,0.469816960272797,0.0172856093758659,0.0460212771362567,"down"
"gene-LOC142983431",5388.59101824503,1.61663448232954,0.970651815262954,0.0173373048832673,0.0461353128412099,"up"
"gene-LOC142978427",90.6043566695341,1.25014097051511,0.63606299521851,0.0173344683188075,0.0461353128412099,"up"
"gene-Prosbeta1",3092.50910604736,1.0056894003885,0.474652377812557,0.017350176587138,0.0461577659780491,"up"
"gene-LOC142981664",470.493701776142,1.50915082069567,0.854777091734552,0.0173560031116107,0.0461614696964403,"up"
"gene-LOC142976478",151.760018844149,1.13236488214793,0.553735477830119,0.0173625358156993,0.0461670492570701,"up"
"gene-Rim",90.664366883318,-1.17019237164368,0.582320881784284,0.0173829290591937,0.0462012714159648,"down"
"gene-LOC142972314",737.010862160383,0.838983911263536,0.380773203213428,0.0173842824338457,0.0462012714159648,"up"
"gene-Tti1",123.269562221284,-0.971244934889424,0.456549444358247,0.0173890059056761,0.0462020294737336,"down"
"gene-GSTo2",43599.9136729087,1.50309531964493,0.869690366779339,0.0173967629680401,0.0462108452404434,"up"
"gene-LOC142978822",8.03386920960698,-0.705306691996879,1.40926151699148,0.0174031227748265,0.0462159459402917,"down"
"gene-Sas-4",25.1963887164624,-1.78295611110658,1.21705145028744,0.0174101454537709,0.0462228039208761,"down"
"gene-LOC142974343",3319.49793640781,0.986240599811457,0.467063614029822,0.0174685098509295,0.0463659325722019,"up"
"gene-Klp98A",160.457448628682,-1.46199977151547,0.821532736039614,0.0175178746149374,0.0464736638086766,"down"
"gene-Gro",534.968290028179,-0.951019291219694,0.444298554167531,0.0175182059379421,0.0464736638086766,"down"
"gene-mRF1",252.877693015053,0.928729542242582,0.430701464315712,0.0175224909172964,0.0464736638086766,"up"
"gene-LOC142979155",155.789346547035,1.3929628083143,0.75191991369431,0.0176654982615379,0.046841018059758,"up"
"gene-spag",417.13322063114,-1.08029758931372,0.525931480005768,0.017682940804422,0.0468753281828453,"down"
"gene-Vha55",7595.49319385132,-1.34652166971052,0.727960446490312,0.0176993108688282,0.0469067785500258,"down"
"gene-LOC142979975",378.303275497225,0.994301312106233,0.469617789222784,0.0177077572351872,0.0469172188389664,"up"
"gene-LOC142974083",107.075515024158,-1.34924920281329,0.724313743192112,0.0177452440523154,0.0469966375763502,"down"
"gene-Alg-2",950.971317143845,0.822735915708249,0.373243139741899,0.0177467610290713,0.0469966375763502,"up"
"gene-mEFTu1",1282.80351674975,0.978545148622132,0.464089144613604,0.0177871934132894,0.0470917302727219,"up"
"gene-LOC142983450",12.2602141695932,-1.67193367296092,3.2395082008106,0.0178070800369019,0.0471204126040033,"down"
"gene-LOC142975996",654.548250226077,-1.66070025190203,1.08008063110749,0.0178039555267492,0.0471204126040033,"down"
"gene-LOC142981317",17.6593982066291,1.60565039591937,0.963385240528528,0.0178365675023714,0.0471864466835289,"up"
"gene-LOC142979201",841.621539353047,1.42335222282896,0.784319663959667,0.0179514644875182,0.0474783397650063,"up"
"gene-Tfb4",147.72734714092,1.12190054979661,0.551245356654524,0.0179649735702378,0.0475020002200091,"up"
"gene-LOC142979421",9.6112429343935,-1.82671121164487,2.99157278784355,0.0180149864154069,0.0476221453997932,"down"
"gene-LOC142980083",81.7857153337299,0.945289353695143,0.442842551039599,0.0180878988627611,0.0478027487081348,"up"
"gene-CCHa1",36.2290921472475,1.65350682720912,1.03483498880002,0.0181113042676505,0.0478524561995537,"up"
"gene-Vti1a",135.038730642819,0.8427979321997,0.385747705401448,0.0181189854307722,0.0478606034849882,"up"
"gene-wol",539.105752481879,0.947132042803194,0.444869779118721,0.0181330740738729,0.0478856674553568,"up"
"gene-Ivd",1858.51658588412,1.39743879309034,0.76553890407089,0.0181747993675587,0.0479755614126868,"up"
"gene-mRpL11",189.495419836509,1.35864807460747,0.731237555306,0.0181763318166798,0.0479755614126868,"up"
"gene-LOC142979604",15056.6819626655,1.20967767758165,0.619371566215043,0.0182350141398041,0.0481182502396353,"up"
"gene-LOC142980623",95.1034612728544,1.00807584165794,0.481403836273841,0.0182730256611823,0.0482063348030684,"up"
"gene-LOC142975574",856.142848381212,0.91071557897939,0.425357050712293,0.0182915184516659,0.0482428951309455,"up"
"gene-Gbeta5",288.517976972719,-0.803685482598474,0.36636249410753,0.0183149622130469,0.0482924915495993,"down"
"gene-Gmer",1018.62519222863,0.965618600445131,0.460391187060275,0.0183651039882037,0.0484124417617625,"up"
"gene-RhoGAP5A",70.4232254523644,-1.09389121168011,0.536896149401023,0.0183984953840247,0.0484881865690373,"down"
"gene-LOC142976119",616.397419664553,1.12971167069372,0.559811525328184,0.0184174090200814,0.0485257473801688,"up"
"gene-LOC142981597",47.3848448711527,-1.89810302521515,1.59692602240807,0.0184392225787333,0.0485614841681726,"down"
"gene-LOC142981300",4.27009966855865,0.684588245731587,1.37705408369504,0.0184403022974819,0.0485614841681726,"up"
"gene-LOC142976722",1491.70659307456,1.59370001475042,0.964653568657092,0.018446008907977,0.0485642267911079,"up"
"gene-LOC142984126",516.063085390986,-1.32681343798301,0.71577114614925,0.0184550532599382,0.0485757533339966,"down"
"gene-Paip1",1678.66028511918,-0.922713463867803,0.433618871942981,0.018483591086467,0.048638570073337,"down"
"gene-LOC142972593",197.678832264293,1.56164077657888,0.939007501857574,0.0185047986274415,0.0486820706878105,"up"
"gene-TpnT",13850.5379461418,1.6072385300932,0.983359491555561,0.0185579160255084,0.0488094759539016,"up"
"gene-Lipt1",12346.4968794104,-1.60226978355359,1.0074059865554,0.0185744192916885,0.0488403237836052,"down"
"gene-p47",1158.18065517178,-1.04716315375476,0.511908761218491,0.0185812613105708,0.0488403237836052,"down"
"gene-LOC142984516",4.75653449029005,0.643771347190907,1.33337037278052,0.018583719741293,0.0488403237836052,"up"
"gene-LOC142977674",1371.72484980969,1.16568064215825,0.589384540548901,0.0186125692479219,0.0489037975443883,"up"
"gene-LOC142982698",145.115477665728,1.3414965904615,0.720108631511119,0.0186173661217931,0.0489040578672386,"up"
"gene-LOC142973519",446.693597252176,-0.892619555370212,0.415374936012947,0.0186283626740287,0.0489205992524315,"down"
"gene-LOC142976981",2374.97210753489,1.54060316874651,0.892216138450307,0.0186870712929767,0.0490623990314974,"up"
"gene-PIG-M",743.710620805126,0.873943502360473,0.405344169838625,0.0187578103063409,0.049235704813164,"up"
"gene-Pld",358.122067239063,-1.05600367685351,0.517487774241079,0.0187636274570404,0.0492385585651099,"down"
"gene-LOC142983156",851.792905221067,1.7866362687896,1.28318131419191,0.0187945863371365,0.0492701193073762,"up"
"gene-DnaJ-17",109.983692591892,-1.28535426716018,0.681510760843144,0.0187925600493506,0.0492701193073762,"down"
"gene-Rpb5",627.589173017211,1.05915713047488,0.520338415535908,0.0187914585818469,0.0492701193073762,"up"
"gene-LOC142981773",6.30204959633406,-0.855412413985385,1.60493394551121,0.0187879898521005,0.0492701193073762,"down"
"gene-Atu",144.343107949421,-1.0188390386261,0.494318908074803,0.0188762817355641,0.0494718259987971,"down"
"gene-LOC142974050",122.836837253228,1.52820738230841,0.913759349879669,0.0188848584345963,0.0494818465401831,"up"
"gene-Tgt",528.0265905104,0.891969629967812,0.416375136537969,0.0189584703678428,0.0496570160446442,"up"
"gene-Prp3",254.482540535246,-0.823463015117225,0.379870476920985,0.0189620232105184,0.0496570160446442,"down"
"gene-LOC142983525",1138.2554730821,-0.821887841281635,0.379411154541549,0.018966022650673,0.0496570160446442,"down"
"gene-LOC142976192",6433.4766661257,-0.430258781810636,1.15660856915962,0.0189757146771523,0.0496698993686585,"down"
"gene-LOC142976993",6259.35342346117,1.52777027885347,0.899687748618317,0.0189823868051726,0.0496748734645165,"up"
"gene-LOC142975676",505.566609102986,1.11113405563666,0.554215754395634,0.0190058511121264,0.0497237773503984,"up"
"gene-LOC142981450",74.5312354661952,1.66938534092452,1.07966633727097,0.0190166505126743,0.0497395306122963,"up"
"gene-LOC142985424",85.1408092074513,-1.15849969038294,0.586609651157363,0.0190294573240626,0.0497545299959434,"down"
"gene-LOC142987549",3465.18445834939,0.889734888351277,0.415105741181908,0.0190319441348556,0.0497545299959434,"up"
"gene-LOC142980964",226.167777110371,0.886381455874668,0.413641408478323,0.0190519207873691,0.0497942494091169,"up"
"gene-LOC142979343",487.081120604244,-1.01365696736865,0.491618080534029,0.0190626905744228,0.0498098917870838,"down"
"gene-LOC142979162",468.845195075017,-1.21958125237872,0.633621099314553,0.0190690580110603,0.0498140260715528,"down"
"gene-mei-41",42.6510140683735,-1.3255350880197,0.715433271653166,0.0190819142418585,0.0498351046808195,"down"
"gene-brk",208.236449719829,-1.40289889743517,0.790228315206724,0.0190988794386952,0.0498669011680001,"down"
