gene_id,baseMean,log2FoldChange,lfcSE,stat,pvalue,padj,regulation
gene-Kdm3,668.3761526631721,-3.538032149762276,0.3387136651899582,-10.692074853980085,1.1086267617765246e-26,3.2856440303951285e-23,down
gene-Akt,830.9906295978416,-3.865305289704098,0.371329568943077,-10.676108836842356,1.3167594551227848e-26,3.2856440303951285e-23,down
gene-Mi-2,1071.9082089010146,-3.869200229583639,0.3678949173832936,-10.781827352933073,4.194687496880393e-27,3.2856440303951285e-23,down
gene-LOC142979247,967.3013988909516,-3.950611975249524,0.3783601889260651,-10.710448410205464,9.092035047937674e-27,3.2856440303951285e-23,down
gene-RpII215,1471.3183735839802,-4.274769985586733,0.4193993962079291,-10.47629602406671,1.110065459509322e-25,2.2159126702725084e-22,down
gene-LOC142982010,226.9147363002741,-4.694371295360225,0.4851306683992631,-9.958674214109248,2.3112418652748082e-23,3.844750842884643e-20,down
gene-LOC142980057,11160.080694084552,3.9506016412194103,0.4098787507442692,9.923251283923628,3.2983344548542505e-23,4.7029537419857536e-20,up
gene-ND-B17.2,4209.338591870494,3.100051406407878,0.3276208063769508,9.715878910481065,2.580133484279205e-22,3.219039038323843e-19,up
gene-app,214.28527814363252,-4.955893016275031,0.5282724184783668,-9.669191989083386,4.0758328171403312e-22,4.520098594208627e-19,down
gene-sip3,504.201436284855,-3.424697368556937,0.3698819944522949,-9.536027067069655,1.4840915978568479e-21,1.4247334089600634e-18,down
gene-MED14,140.7344972727803,-4.211399434937651,0.4548866687626068,-9.530174538907914,1.5701901110670973e-21,1.4247334089600634e-18,down
gene-LOC142982198,2565.6125387701977,4.953827631975716,0.5401549340880342,9.501206613613835,2.074721531752395e-21,1.7256496340350544e-18,up
gene-LOC142980569,809.2838736984895,-4.796040573544269,0.5281649919353842,-9.405706130119857,5.168200020471793e-21,3.9679849541791495e-18,down
gene-hfp,406.745666142009,-4.594606677265221,0.5079925888904768,-9.359575829497707,8.005743730538101e-21,5.707523441035771e-18,down
gene-LOC142972436,197.87631054194412,-4.677035379107204,0.5257536284495921,-9.202559130487346,3.4952442963711676e-20,2.325735554805375e-17,down
gene-LOC142972444,261.5308742994021,-4.564633228559319,0.5152769760216598,-9.17466340216418,4.5298742882282284e-20,2.825792204425372e-17,down
gene-Stam,1200.4315464481354,-6.071307257017025,0.6899033699501558,-9.158558458568576,5.259517683406596e-20,3.0879556469459546e-17,down
gene-LOC142983471,1200.1447933387913,-3.6331388687796458,0.4138645178777996,-9.08181320011679,1.0678091546271467e-19,5.921001762407526e-17,down
gene-NP15.6,4514.543844946954,3.538533032722372,0.4042457396675151,9.051674572616868,1.4079235843025192e-19,7.026242647461721e-17,up
gene-Cka,374.8887782550274,-4.92568100169075,0.5650339325072202,-9.054283018546938,1.37467904761276e-19,7.026242647461721e-17,down
gene-lig,1223.351006355413,-5.485959837176671,0.6365700917189776,-8.976669030220991,2.7908786745055657e-19,1.326464764297145e-16,down
gene-LOC142985080,204.43807156023655,-3.808264564983293,0.4443919443509165,-8.880725796984857,6.642551085431938e-19,3.013604653804371e-16,down
gene-Srp14,1142.0819029707811,2.5476017441926158,0.2951837882522726,8.870966917846747,7.251349565892991e-19,3.015655000715748e-16,up
gene-cut,140.23960907642777,-3.858115957299184,0.4502389947173308,-8.873364637006548,7.096848781277424e-19,3.015655000715748e-16,down
gene-LOC142976191,9374.405459667692,3.682316197458309,0.4373120878554107,8.737448741103007,2.384338200070164e-18,9.519231829960124e-16,up
gene-Wnk,985.0393099691292,-5.201564197167159,0.6230301731939288,-8.713485865589334,2.9467043826647465e-18,1.1311944785914166e-15,down
gene-LOC142972320,586.4085400468647,-3.5947408870785886,0.4299882501935162,-8.67893643572048,3.9948687676808154e-18,1.4767698211193413e-15,down
gene-Uba1,4065.154869366113,-5.454573961697536,0.6573928833449496,-8.67293483632947,4.211229745067654e-18,1.5011530030542949e-15,down
gene-LOC142975301,182.80878685009432,-4.414172647056011,0.5335216679220568,-8.597768226181888,8.128124348953271e-18,2.797476176789745e-15,down
gene-PlexA,1419.299178275025,-1.9854185608191937,0.2363695596681365,-8.5905137497937,8.658130775841042e-18,2.8805601091223145e-15,down
gene-Sin3A,1566.8233798036754,-6.663464160478951,0.8134961138950362,-8.583071518196682,9.237288615218128e-18,2.974108957048133e-15,down
gene-RpS23,43803.07364593415,2.8137842184097104,0.3408166339952289,8.564777897294267,1.0828436824686933e-17,3.3774571233500087e-15,up
gene-LOC142984753,789.8869660875284,4.6406420119567,0.5664334731894483,8.556107319761246,1.1674262517987537e-17,3.5309337633949576e-15,up
gene-Cnot4,902.3938794419008,-2.8687217352158694,0.3477017777821354,-8.530448012863127,1.4578203469243986e-17,4.234835305363836e-15,down
gene-Su(z)12,83.54079944053926,-6.107329129064435,0.7400174863033828,-8.528309816295971,1.485013883255528e-17,4.234835305363836e-15,down
gene-Btr175,8028.852903686557,-3.6045823707560745,0.4402437332188347,-8.518967360312683,1.6098220101061493e-17,4.463231523019299e-15,down
gene-ND-13A,3937.783373710408,3.506273901974016,0.4296228892525521,8.479721889951778,2.2573286061445584e-17,6.089296437278064e-15,up
gene-LOC142981190,133.6262075088595,-6.626686010464426,0.80970688085757,-8.476263031790428,2.3254268209907722e-17,6.107917131660234e-15,down
gene-mtgo,282.7358197910041,-6.427627417318006,0.7943167546946377,-8.467465578903317,2.507900014038773e-17,6.418294882082305e-15,down
gene-LOC142972305,141.16925397648365,-5.212410283671151,0.6412913862631223,-8.463320075738242,2.5987120777904668e-17,6.4844363121066625e-15,down
gene-IscU,3552.984530389764,3.366695205005417,0.4135822975008802,8.452146643055887,2.8599506854150056e-17,6.962236046616385e-15,up
gene-LOC142972148,5861.540031102434,4.345899964296386,0.5389264775236453,8.416444950503505,3.880812465677057e-17,9.222473623791119e-15,up
gene-LOC142979270,1608.1029121887716,2.046244575912444,0.2492441475270925,8.411013017324874,4.064846076739655e-17,9.339784813728316e-15,up
gene-LOC142981931,315.60636707334925,-9.496530002213158,1.1541141750844004,-8.409508376693594,4.117328241699689e-17,9.339784813728316e-15,down
gene-Fmr1,1943.158711087804,-3.64494145340388,0.4544943820372392,-8.360237777754376,6.259197329941012e-17,1.3882899677809163e-14,down
gene-LOC142980122,902.4270664784128,-8.251623904504845,1.0400895125950749,-8.3456258423826,7.0837744929912e-17,1.5370250698814166e-14,down
gene-bel,1426.98017762236,-2.263921089778908,0.2793940890916959,-8.327596143202484,8.250039666691325e-17,1.751992466239279e-14,down
gene-Spt5,629.7256054740125,-3.83151059200429,0.4808856279350768,-8.313291410759954,9.308356450546795e-17,1.9355563694355744e-14,down
gene-fliI,411.7912373730118,-3.695788585824472,0.464344937968953,-8.296610017431673,1.0712431368894855e-16,2.1820566835293792e-14,down
gene-nocte,1193.2144294461464,-3.7723287040347713,0.4755224352617165,-8.27590817068519,1.274802175559158e-16,2.5447601028511914e-14,down
gene-SF1,348.63573172342177,-5.9996310938498825,0.7615940086627083,-8.257832411485923,1.4834163084311724e-16,2.9031329753826536e-14,down
gene-mRpL49,1362.190056628317,3.000261532909107,0.3777396260940067,8.240803009884175,1.7105866652092082e-16,3.283339520279444e-14,up
gene-RpL13,45233.5468748245,2.381866228408932,0.2998439779006189,8.221184180241611,2.015035302020948e-16,3.72445691656872e-14,up
gene-LOC142977612,4224.116229338982,4.041336587414296,0.513550943773771,8.222149776497307,1.9988733589738003e-16,3.72445691656872e-14,up
gene-RpLP0,11606.41610802379,-3.25950036453138,0.4135421953723361,-8.202973254768004,2.345133867960386e-16,4.255778388384112e-14,down
gene-pbl,276.63834366379234,-2.516099872396412,0.3178147498708297,-8.17657726335135,2.920202994976246e-16,5.11342913909788e-14,down
gene-LOC142973627,204.63710834236528,2.887672029458872,0.3662488819173668,8.176719791330775,2.916752344802416e-16,5.11342913909788e-14,up
gene-LOC142978499,3864.575219832195,2.7570038518665543,0.3493881898029634,8.170363498401365,3.0746164767310845e-16,5.290990871422922e-14,up
gene-RpS11,30931.83783914985,2.8280250872165857,0.3594022101887337,8.161033489955098,3.321700465266535e-16,5.6193037870890317e-14,up
gene-Cisd2,6351.369760675646,3.521785839942245,0.4507521764531899,8.14510612027336,3.7894941938989653e-16,6.303823591550929e-14,up
gene-eEF1delta,8307.787933684132,2.2673608065269475,0.2880350580680432,8.105112954599157,5.26965369870622e-16,8.622362879801111e-14,up
gene-BuGZ,617.5617958695223,-3.561716400563117,0.4587562989816065,-8.102737588091324,5.373606263025552e-16,8.650639372783555e-14,down
gene-TER94,6122.955169800666,-3.4431421885980624,0.4424869922258865,-8.089827891332229,5.974909854959977e-16,9.465964327358017e-14,down
gene-E(bx),203.73321550907792,-2.681049184546015,0.3434485985906094,-8.082270739421334,6.357177483523245e-16,9.914216947350861e-14,down
gene-nej,199.96125385264,-5.269115273855898,0.6857640738013046,-8.060237967367687,7.614606915682075e-16,1.1692521788526585e-13,down
gene-ND-ASHI,6779.675830280685,3.657223763853623,0.4742664538787959,8.05511783066634,7.940228049189768e-16,1.2007790327115617e-13,up
gene-LOC142972324,496.8018698617543,2.0694164410599565,0.2641544802162726,8.050847142153986,8.222290993565988e-16,1.2248759165191362e-13,up
gene-LOC142976071,5370.535002981736,2.944614915112259,0.3819875785061664,8.020268563804722,1.0551421300998322e-15,1.5311928853983936e-13,up
gene-LOC142975852,84.1065947020635,-4.576801637480991,0.596366315001176,-8.01987430233115,1.058534306106494e-15,1.5311928853983936e-13,down
gene-LOC142984078,314.7000909562359,-3.2640701345269933,0.4253492346185791,-7.997393311116083,1.270808035785628e-15,1.8119907150251936e-13,down
gene-SNRPG,784.9126500777271,2.843023355917648,0.3698325988332126,7.982747451606224,1.431115230009964e-15,1.983883487601313e-13,up
gene-LOC142980021,14380.392507449282,3.37371609254308,0.4409307842039285,7.983673331166125,1.4204162106496021e-15,1.983883487601313e-13,up
gene-LOC142987559,138.0730859183462,-3.8785975608539465,0.5089700089345622,-7.960538980533628,1.7129148014988258e-15,2.342000360789011e-13,down
gene-Sir-1,132.25557881965196,-5.931675142297438,0.7841797755300487,-7.934090758264998,2.120429976913335e-15,2.860001567509729e-13,down
gene-LOC142978836,524.8836494592302,2.287671874652061,0.2980466784949357,7.919656466929629,2.381676858609409e-15,3.114617894501e-13,up
gene-Atg16,205.21326727363663,-2.7298537255100688,0.3576690669208329,-7.918607199840665,2.4018581354580946e-15,3.114617894501e-13,down
gene-ND-B18,5159.607632555723,3.900820938044333,0.5164225507225051,7.918557348540145,2.402821138929736e-15,3.114617894501e-13,up
gene-blp,1263.778099740353,2.822734471401984,0.3740789518990053,7.8467371360297715,4.2700094578461504e-15,5.463969794713132e-13,up
gene-MED1,185.31925963008783,-3.4976805713717534,0.46639817008586,-7.841473166374381,4.452910919045644e-15,5.625886567467669e-13,down
gene-Sf3a1,415.2696597498751,-3.316236210860846,0.4425815541921991,-7.829317226348388,4.905265277273891e-15,6.119931591558839e-13,down
gene-mxt,649.6076628542852,-2.8549176536530267,0.3800786084405885,-7.810746505137246,5.685025351800074e-15,7.005214572384758e-13,down
gene-ND-ACP,8263.531486161772,3.379687741228975,0.4544404703444543,7.7786343597856415,7.331161321143218e-15,8.923453798332983e-13,up
gene-LOC142976128,269.60539306582666,-2.9821913688100463,0.4012885249829976,-7.745343045554594,9.532413580864056e-15,1.1463014451880017e-12,down
gene-MED9,686.558290885342,2.420202296277945,0.3240026742328565,7.735631726057532,1.0289090385895696e-14,1.2081813075485285e-12,up
gene-ND-B12,7971.924641290265,4.062926153672872,0.5608789213889588,7.736845140956779,1.0191406684911216e-14,1.2081813075485285e-12,up
gene-LOC142973946,1472.1836320175173,1.8507042150509452,0.2452520118571536,7.733914514990492,1.0428907628423711e-14,1.2103596167360122e-12,up
gene-Pfdn5,1208.4748088371834,2.53590360433088,0.3404435662086509,7.726663045998941,1.1040236782885856e-14,1.2665816474710772e-12,up
gene-Kcmf1,533.8036541097489,-4.714068687774432,0.6466488360586793,-7.697399885071711,1.3886280878225622e-14,1.574988289154204e-12,down
gene-LOC142980900,368.9042230183405,-2.1488399025099985,0.2884385463317532,-7.686966197616797,1.5066492047202634e-14,1.689647832844152e-12,down
gene-LOC142973585,3422.1826830484374,2.916702671459061,0.3965268676366401,7.670486482184628,1.7134522586089383e-14,1.8793370322171224e-12,up
gene-LOC142977922,991.69149460221,2.9943614270286374,0.4073517145396502,7.671737485734152,1.696819564967179e-14,1.8793370322171224e-12,up
gene-LOC142983263,204.823581161128,-2.997424640322167,0.4079402498988239,-7.667748303850805,1.7504194231741472e-14,1.89901481116317e-12,down
gene-LOC142982894,3761.8638584943687,2.970503348354008,0.4044511954430132,7.664321324266701,1.7977929050347432e-14,1.9294377403389002e-12,up
gene-LOC142973511,751.7407334067226,3.7906837304024927,0.519915190608612,7.6615264376979235,1.8373604438422555e-14,1.9509249563818672e-12,up
gene-Pfdn2,1930.722621468791,2.4843589572688973,0.3365393430828264,7.654679234392982,1.9379535097547684e-14,2.036075155880247e-12,up
gene-LOC142976055,1178.8215344923044,2.536250701269281,0.3443220664200667,7.645800306650204,2.0764971586573154e-14,2.158908139641528e-12,up
gene-Usp20-33,924.5714445485291,-3.764838249122072,0.5190643790767687,-7.629069647625413,2.3645387525983844e-14,2.433037246359224e-12,down
gene-LOC142980898,277.35863878735483,-3.628013767441991,0.5004137487867476,-7.616492222684219,2.606622872799241e-14,2.6547656013682887e-12,down
gene-brun,446.8578220523321,-2.490599367624089,0.3400202637417487,-7.604698841140357,2.8556809485693304e-14,2.8790456108758065e-12,down
gene-LOC142978902,603.4529490120719,2.7264911067007973,0.3755524926175516,7.564174920301114,3.903341893180192e-14,3.89592554358315e-12,up
gene-SERCA,3709.311812499433,-4.106126317425788,0.572790617438601,-7.554066058097,4.21876034482527e-14,4.169054158584259e-12,down
gene-LOC142977913,4521.222462443815,2.986953645357143,0.4141297274426976,7.538103332905194,4.7685594985446704e-14,4.6661757210759175e-12,up
gene-RasGAP1,240.1390405084354,-3.366976497608249,0.4690942182796884,-7.530986450190498,5.0358414475593146e-14,4.8798770376785926e-12,down
gene-LOC142981582,497.1590544137911,-2.0784644257297717,0.2851926876752635,-7.528680899847895,5.1255471291509823e-14,4.919046720774611e-12,down
gene-ND-B16.6,4533.416711613148,4.204775178623673,0.5912194761072772,7.509345039248394,5.942391297459022e-14,5.648667384756048e-12,up
gene-LOC142972401,2368.1876278096047,2.714999062219331,0.3769409764912806,7.504789357837275,6.152745749041043e-14,5.793448615205532e-12,up
gene-LOC142983254,2494.1870763546176,3.4317646738482,0.4834954269715569,7.4951659501372445,6.621453368485568e-14,6.1765164552200416e-12,up
gene-Karybeta3,3173.639646842484,-3.5875112172947485,0.5044919055996012,-7.485624777812704,7.12075678994424e-14,6.580766066706802e-12,down
gene-mRpL15,1043.233276761591,2.787234059871712,0.3894754162156595,7.468985296780945,8.081556778227833e-14,7.40018515628367e-12,up
gene-RpL9,37674.06429627014,2.3849582360691635,0.331950329297992,7.466021907879492,8.265559118155529e-14,7.499867778028212e-12,up
gene-RhoGEF2,605.2835685803592,-4.182504139341156,0.5918533868176734,-7.462559030663538,8.485797605274522e-14,7.630337468310362e-12,down
gene-mRpS18C,346.5367835273462,3.0218701465661835,0.4241561553496439,7.461342765559904,8.56451250726745e-14,7.632357083485395e-12,up
gene-m-cup,742.6018742407895,-7.09595522028228,1.0153912308502142,-7.445855531069446,9.631816468314017e-14,8.507536298251522e-12,down
gene-Spx,200.17087574154783,-3.359990338875689,0.4737723237191923,-7.442400103255315,9.88722230989446e-14,8.656523322373386e-12,down
gene-Mmp1,2167.145132708155,-4.490277314201164,0.6413669577866619,-7.421489701047481,1.1581026074561188e-13,1.0051323586973495e-11,down
gene-LOC142977714,1186.4399854872129,2.365208151632755,0.3309817687972977,7.416958333849779,1.1984062675963546e-13,1.031145944558553e-11,up
gene-Bap60,777.2267080316884,-3.821015609929057,0.5446426372813861,-7.41159744857362,1.247870522474678e-13,1.0645295457110908e-11,down
gene-MTA1-like,164.071122687393,-5.665971277746851,0.8103004510108041,-7.401364016952703,1.3479266586887646e-13,1.1401403373197085e-11,down
gene-LOC142979939,540.9536301024528,3.761247191862748,0.5370454383303422,7.391710625702074,1.4495172061841782e-13,1.215767330665906e-11,up
gene-Srp19,1244.9312714230066,2.383415198314784,0.3352149039848549,7.383807242948931,1.538261055950117e-13,1.2794486332865098e-11,up
gene-LOC142987685,1279.0760302105402,3.563029752224359,0.5097326426878651,7.365713629248238,1.7620170793375426e-13,1.4534456585841332e-11,up
gene-LOC142972650,2824.950537439841,2.7193074835288926,0.3870113237752839,7.337612022991747,2.1743838718599606e-13,1.778895526642153e-11,up
gene-RpL30,29804.595990592145,2.720517333470277,0.3884044508503168,7.335282442210331,2.2125438064207213e-13,1.7953983521857898e-11,up
gene-ox,3530.807606018665,4.113089965054432,0.5939035193742688,7.329904993954219,2.3031594691044296e-13,1.8538576339622023e-11,up
gene-mTor,205.84692480880588,-2.3915685653860423,0.3392321996888752,-7.328150090516241,2.3335130075138777e-13,1.8619400874178778e-11,down
gene-LOC142979623,330.8831165492607,-3.756585570169276,0.5412735933454866,-7.327177143094003,2.3505104800586383e-13,1.8619400874178778e-11,down
gene-Sap-r,5868.963323937228,-4.435999127182987,0.6463136275592025,-7.304732068271779,2.778197815288241e-13,2.183400975936372e-11,down
gene-lqf,1342.3002663091704,-5.163078602278289,0.7535218894669076,-7.298751409910896,2.9045037814745455e-13,2.2648322064763623e-11,down
gene-LOC142987536,1330.7325227212625,2.6529209762689963,0.3798760931805139,7.291279469306229,3.0702513472628935e-13,2.3572445151562263e-11,up
gene-Vps15,269.95826191522895,-4.254768274550842,0.6186744400041052,-7.291418957527271,3.0670736617542974e-13,2.3572445151562263e-11,down
gene-LOC142987402,3442.051376872301,3.0675948616377573,0.4427345226947802,7.27535239553182,3.455173007153915e-13,2.6325253270536813e-11,up
gene-LOC142980234,4118.259806397725,4.200831680131042,0.6156835022318305,7.238328118924817,4.542494076031028e-13,3.434744952489825e-11,up
gene-Trc8,657.2870159633502,-2.7185510735798863,0.3934100338650146,-7.229686474275799,4.841103577554537e-13,3.633011639667056e-11,down
gene-LOC142978054,931.6459153412076,-2.86161401359133,0.4157196882750184,-7.218209858369589,5.267638291686813e-13,3.8376859700238e-11,down
gene-LOC142979552,690.6470784220573,2.868414143891232,0.4165795067269733,7.218922533523932,5.240109362867205e-13,3.8376859700238e-11,up
gene-Glob1,5674.696841570066,3.2387896893293844,0.4722795382316431,7.219882329979551,5.203257836448925e-13,3.8376859700238e-11,up
gene-LOC142972485,282.3151577332548,-3.364863216789609,0.4913589187807131,-7.218562105543175,5.254014129114055e-13,3.8376859700238e-11,down
gene-jar,4350.660033125795,-3.0889792340955964,0.451557890982721,-7.202688434223058,5.903677031739863e-13,4.269898583608375e-11,down
gene-eIF4B,1362.9173525191768,-2.9535049395378574,0.431309288671555,-7.192369192316344,6.367656383751684e-13,4.572343767354357e-11,down
gene-ND-B15,3688.155178437271,4.011101047900958,0.5920173336045156,7.181095068980635,6.915524093593322e-13,4.9051145863580246e-11,up
gene-ATPsynF,17154.189670899377,4.52171667279242,0.6697654213168172,7.180821502687513,6.929377383794024e-13,4.9051145863580246e-11,up
gene-Ufc1,2116.693764228085,2.654698179423124,0.387217987861035,7.167157850029151,7.657072871656958e-13,5.382059460000569e-11,up
gene-sun,13705.553899236143,5.041335754701944,0.7512136152122505,7.163295841017811,7.876012447912593e-13,5.4972363806024886e-11,up
gene-LOC142979245,2210.4695116634507,2.6170663333386,0.3824986914239979,7.154146791309596,8.419493407582621e-13,5.835761368130703e-11,up
gene-Acadvl,706.3935024954593,-2.9167469596494078,0.4285422291808811,-7.148500628036032,8.77308491240805e-13,6.038907621430672e-11,down
gene-Tak1,189.82730799714597,-3.6149384408236607,0.5350276612288583,-7.141009576111498,9.26478963037954e-13,6.333689404165629e-11,down
gene-Ufm1,1710.098115414966,3.003863037244429,0.4426635847736794,7.133468199454079,9.78709293931692e-13,6.645236369205589e-11,up
gene-Cul2,125.52374160425632,-4.802640632141961,0.7156013341459573,-7.128426359429604,1.0152288942489501e-12,6.84662134695863e-11,down
gene-LOC142980114,1379.0165356362952,2.160433069870768,0.314595829712654,7.121747693209781,1.065670078432688e-12,7.119878549018475e-11,up
gene-mRpL40,727.2904789895559,2.884369291781894,0.4270739279914014,7.1202713026236975,1.0771482425626589e-12,7.119878549018475e-11,up
gene-LOC142986676,712.8240727218787,-3.3899175875309213,0.5034650855217192,-7.121169233241112,1.0701529293139732e-12,7.119878549018475e-11,down
gene-Csk,562.2443165545864,-2.4301646590481134,0.3568629237278138,-7.106265704423018,1.1922478407932945e-12,7.828832696682809e-11,down
gene-LOC142977953,12124.480788571467,3.853032732698615,0.5744125400793,7.083226920396784,1.4083577334500328e-12,9.187463096447567e-11,up
gene-CYLD,310.70397401601423,-2.9632647847214173,0.4401179868654967,-7.0814411361955765,1.4266296688567382e-12,9.246227743415002e-11,down
gene-LOC142980365,835.1124885975408,3.423750609815568,0.5124176570963499,7.067230905657173,1.580558365477688e-12,1.0177776158601807e-10,up
gene-MagR,1079.4300609996665,2.0622654136464287,0.3026018024442672,7.061774488512261,1.6438962491310217e-12,1.0517774655497902e-10,up
gene-garnet,332.07081623672667,-1.5692602578209065,0.2277643969813473,-7.057429767789458,1.696104395972098e-12,1.0782686609043001e-10,down
gene-tej,80.06833541442278,-4.183651700199635,0.6268024813159037,-7.05370199827301,1.7421928799192176e-12,1.1005586793970701e-10,down
gene-Cbp20,462.1227726991583,2.483272358603743,0.3687989378822938,7.033050413696153,2.020663137345365e-12,1.2684426901788732e-10,up
gene-LOC142985505,151.0387880145528,2.3361352975037786,0.3464564544520478,7.032104176725613,2.0344180716823282e-12,1.2690954233413323e-10,up
gene-LOC142987106,153.84469743723022,-2.530492167161134,0.3764106391408406,-7.0288155417151,2.0829412340344512e-12,1.2833232380801147e-10,down
gene-LOC142987721,13930.717714981996,3.0347149632571155,0.4548964569397096,7.028847505533596,2.0824641951230978e-12,1.2833232380801147e-10,up
gene-Ist1,1010.0264563589856,-3.4028777762678013,0.5131636112160307,-7.024437552743603,2.149302766462376e-12,1.3160853320282807e-10,down
gene-CLS,318.20537214174414,2.263591765035117,0.3356837476880239,7.016353907349332,2.2773278306655288e-12,1.385976163284917e-10,up
gene-Chpf,347.7305850467698,-6.200959310719499,0.9497383482571516,-7.007817839773813,2.420636708100027e-12,1.4642651505179618e-10,down
gene-Frl,680.4047039952787,-5.299979139305395,0.811796829806203,-7.006179375277875,2.449138869435295e-12,1.4725816298694983e-10,down
gene-RpL24,38934.182349592906,2.5512982908635227,0.3819940083096255,6.997148622256114,2.612241448895563e-12,1.5612444252351262e-10,up
gene-LOC142974754,1015.8469931765104,2.497401497082102,0.3737040700352037,6.991498190308598,2.7196613591207044e-12,1.6157702396061756e-10,up
gene-RpS27A,34022.633314461884,2.2698919049599247,0.3396217762929095,6.975608248461636,3.045502773538016e-12,1.7986487090344932e-10,up
gene-aPKC,1287.7921662361468,-2.8889552290367866,0.43632534507241,-6.971651732414848,3.1324122486383097e-12,1.8390945090387628e-10,down
gene-Upf1,508.6279594087207,-3.1722887812667846,0.4811682880886793,-6.967127845439487,3.234767015892764e-12,1.888082431907934e-10,down
gene-Psi,703.7995147800976,-2.7321115603294137,0.4127000686452268,-6.954919911510141,3.527623822848181e-12,2.0470472892934702e-10,down
gene-alphaCOP,1158.105611098931,-2.739050182638501,0.4141592330715887,-6.9485874949965325,3.6896164754468906e-12,2.1177429966534016e-10,down
gene-LOC142983602,1930.2144709228803,2.9558191988306084,0.4481273722717674,6.948500674294649,3.69188740023737e-12,2.1177429966534016e-10,up
gene-EMC4,2177.390937789294,2.555323347619301,0.3854909248763872,6.943450355972742,3.826371143039356e-12,2.1808829671259794e-10,up
gene-ctrip,914.3262170694366,-3.0861027444896965,0.4695167966314908,-6.942740275228445,3.8456607776191996e-12,2.1808829671259794e-10,down
gene-RpL38,9983.417243199116,2.736961955334367,0.4140226315636361,6.941629607346316,3.876023871064928e-12,2.1856832913615278e-10,up
gene-LOC142982543,328.40009658252194,-4.7634899006142986,0.7355816208786501,-6.932520875808817,4.134065177080448e-12,2.3180957602494354e-10,down
gene-Ssb-c31a,4413.851581753708,3.812474305327132,0.5955552635242235,6.927436013351887,4.285362629499743e-12,2.389508625979717e-10,up
gene-LOC142979974,1014.9263622382422,3.790202359716099,0.5827581115840493,6.917563795102963,4.59476494055913e-12,2.5477971595400373e-10,up
gene-mago,1486.609880247667,2.8320178285249606,0.4313118537062617,6.910103160587799,4.843013894405333e-12,2.6706144574618576e-10,up
gene-Dhod,459.3536588633117,2.084070369371376,0.3132176890971453,6.909265189181364,4.871705142514052e-12,2.6716752212875136e-10,up
gene-msn,1528.3477335364637,-2.406003564467833,0.3643691467127526,-6.901309393443725,5.1525373247799335e-12,2.8102445376299727e-10,down
gene-Syx17,401.78173350881934,-3.2251038898939406,0.4958580878615371,-6.88896859612263,5.619834235416864e-12,3.048454646939985e-10,down
gene-LOC142987189,1793.1685253071444,3.47102558910587,0.5363048737596207,6.871448424288881,6.355326962793863e-12,3.4287847792240826e-10,up
gene-LOC142975164,1404.353971914764,-3.718691284686561,0.5770691932824544,-6.8669705050590135,6.557962199058912e-12,3.5190871348820965e-10,down
gene-Hcf,465.9952854056799,-2.2754136196888632,0.3459088521733527,-6.863863333431915,6.702275473249223e-12,3.577294732540134e-10,down
gene-LOC142979662,401.98349600387695,2.958245934481372,0.4549895231226246,6.860475709724883,6.863161343687213e-12,3.643681562305429e-10,up
gene-Swim,2796.8182506498592,-4.14652039353806,0.646993544390979,-6.856198810992288,7.071694492100386e-12,3.7345281865425364e-10,down
gene-Spt6,656.1012377506928,-3.618707993777575,0.5624756721731579,-6.850191918927885,7.375097809936764e-12,3.87425532847257e-10,down
gene-LOC142987321,3618.980724178126,2.593883261875843,0.397563662624277,6.849405789398893,7.415736682851647e-12,3.8752077398713234e-10,up
gene-DCTN5-p25,955.2461020901652,1.8657901920564424,0.2818268850750989,6.845161465394471,7.638966146914174e-12,3.9710688079349145e-10,up
gene-mRpS6,513.0244473021202,2.7909979220246544,0.4299153319622821,6.837939945659242,8.034006013687459e-12,4.154788291327178e-10,up
gene-Prx4,1231.5879337678691,3.1974196033451627,0.4958513564262884,6.829138114261507,8.542630118222372e-12,4.3950510932978084e-10,up
gene-Zn72D,1018.683206051182,-2.629461052897923,0.4058185918593032,-6.811553622167583,9.655029566461387e-12,4.94188974886416e-10,down
gene-LSm1,342.54868783449643,3.266591761312029,0.5088541332850247,6.810690280628317,9.713154524763146e-12,4.946275271003111e-10,up
gene-tzn,3402.9946177336565,2.832346187409127,0.4384056487104917,6.808775339191862,9.843305258012572e-12,4.987108110671242e-10,up
gene-Archease,2908.018535442819,3.3646627030961143,0.5247445011326556,6.807697974100919,9.917278771237264e-12,4.999210071500967e-10,up
gene-LOC142985477,306.8677452313954,4.301609769936958,0.6769818199248874,6.806933718839952,9.970083614528242e-12,5.000573093296804e-10,up
gene-LOC142986409,148.32076199889835,-2.7942492194669684,0.4324130273612389,-6.804452263531843,1.0143441481125814e-11,5.062084471155836e-10,down
gene-Stim,329.3006594421349,-3.3734854247147243,0.5267976131428348,-6.80283492803764,1.0258016712369312e-11,5.093794268963088e-10,down
gene-RpS15A,28114.04171146598,2.516784530361228,0.3890521317613325,6.799545591367813,1.0494964927496691e-11,5.160110588243571e-10,up
gene-LOC142979479,91.90988636212064,-2.6809131453753974,0.4142399795032169,-6.7995878019559575,1.0491890582252286e-11,5.160110588243571e-10,down
gene-LOC142982645,735.2501168183348,2.4439305212671294,0.3768437994953722,6.794459403463549,1.0871942470947464e-11,5.263420051555846e-10,up
gene-IP3K1,331.2271216589945,-3.160089409890843,0.4926080212473087,-6.793876027882419,1.0916019944615372e-11,5.263420051555846e-10,down
gene-ATPsynE,14800.08178583224,4.656494769058479,0.7357502628534743,6.7943036578676645,1.0883692881942408e-11,5.263420051555846e-10,up
gene-Eip75B,3181.239306803153,-5.139487497377049,0.8138602769597703,-6.794084265025469,1.0900266343336404e-11,5.263420051555846e-10,down
gene-SmD2,528.9394113678692,2.6579334332651725,0.4115052946785447,6.792150329636739,1.1047434003107354e-11,5.301174941587234e-10,up
gene-hyd,780.816254185328,-1.9915396437799056,0.3047579284026168,-6.785949772930415,1.153252707633518e-11,5.507471423392413e-10,down
gene-mRpS23,763.3346883949625,2.7793886355421127,0.4326390394130428,6.772314352284026,1.2673838342397608e-11,6.023694309308121e-10,up
gene-LOC142975234,1847.982230913516,-2.813275073363823,0.4384292430653383,-6.771447927079308,1.2749985259121667e-11,6.031166012857507e-10,down
gene-LOC142977493,767.8326305784553,-1.6776828847036276,0.2554570724302529,-6.7630654206771625,1.3510219371903716e-11,6.360636771272215e-10,down
gene-Grx5,654.1150360597937,2.8709698002572264,0.4477551526094636,6.754572288551026,1.4325722900723686e-11,6.712912688832071e-10,up
gene-LOC142977673,348.6013074050348,-3.4754130918906387,0.5477997007405837,-6.752562130305639,1.4525682570678974e-11,6.774805501773217e-10,down
gene-LOC142982993,647.5762831786848,-1.9788413117993788,0.3042336738398565,-6.750661225708354,1.4717287621655724e-11,6.832244081476547e-10,down
gene-LOC142974063,1552.1602960119317,2.9873525644676606,0.4691300232713634,6.7383237191502925,1.602242878030753e-11,7.403697298900437e-10,up
gene-LOC142982169,1492.8666487732607,5.142376734221604,0.8243118317590447,6.733726470380264,1.6537193443577126e-11,7.606346901398307e-10,up
gene-fray,558.8196253494738,-1.9887263572596563,0.3068196707313195,-6.731113011944409,1.6837012458093015e-11,7.673526088777461e-10,down
gene-LOC142972952,467.3347606952415,3.01993285542961,0.4750431635241899,6.731256738620715,1.6820386536410413e-11,7.673526088777461e-10,up
gene-LOC142973531,906.4828489639305,2.113964999043961,0.3272741944227472,6.725704333269595,1.7474507766838048e-11,7.92786645549139e-10,up
gene-NAT1,5502.911455547767,-5.255320071202304,0.84239053436537,-6.721618504647759,1.7971698453303963e-11,8.116539468888092e-10,down
gene-Dad1,796.39759983444,3.496547035426277,0.5553075599295769,6.7089782586913325,1.9599186402691983e-11,8.811688265102192e-10,up
gene-chic,29804.637270682364,1.9612577696553577,0.302757580070815,6.708101392255985,1.9717291783387252e-11,8.816466299715183e-10,up
gene-ATPsynG,15900.887019328991,4.458757203862731,0.7138537806642077,6.707590102814287,1.9786478821122144e-11,8.816466299715183e-10,up
gene-LOC142978252,3802.23015844735,-3.181171445762557,0.5043944709310395,-6.703006352372642,2.04174584794584e-11,9.057184581487744e-10,down
gene-LOC142984524,6032.061507026127,3.686185685391388,0.5936359519536247,6.700161285790071,2.0818962762775067e-11,9.194427758197255e-10,up
gene-mbf1,4778.6014864619065,2.073436935497098,0.3223543077955276,6.699381899113728,2.093029436970513e-11,9.202875246873433e-10,up
gene-LOC142986781,303.6758042500558,3.066271305038945,0.4858722268260429,6.690521705624176,2.223763707227842e-11,9.692308105607462e-10,up
gene-Tmem131,129.32403344703275,-4.091725090544328,0.6528837018234391,-6.690755340719866,2.2202159059791394e-11,9.692308105607462e-10,down
gene-RpLP2,27038.995193930503,2.778466049397865,0.4394573856156381,6.688398268697304,2.2562640747467184e-11,9.791205100020434e-10,up
gene-RpL14,38962.82557612551,2.0883572295938664,0.3260885397205413,6.686659719492646,2.283219352908129e-11,9.865286736526424e-10,up
gene-l(2)k05819,135.75142931218616,-3.228920374598532,0.5128882525481148,-6.684566322628609,2.3160949270911e-11,9.96419977038632e-10,down
gene-LOC142976117,2311.9886058255447,4.76962280693129,0.7703658095586781,6.675894808324708,2.457281832403996e-11,1.0526236038293683e-09,up
gene-mRpS35,983.4933188475848,1.7803042712341208,0.2757854420974587,6.669079783765314,2.57412296874716e-11,1.097962450900231e-09,up
gene-spen,59.19364755525456,-3.530839045453951,0.5623607420512501,-6.661017478901854,2.7193829515738102e-11,1.1549855846663067e-09,down
gene-Sec24AB,627.5558906064496,-2.861034881614796,0.4552441024748858,-6.654686863466521,2.8390384430105274e-11,1.198974125147918e-09,down
gene-LOC142975930,6930.21872325318,3.824013394501408,0.6283896706405697,6.654276098396319,2.846977934676451e-11,1.198974125147918e-09,up
gene-mRpL46,398.5886310803787,2.4766538237044906,0.3908895882688583,6.653106200401102,2.8697096418939828e-11,1.2034694090648672e-09,up
gene-Tim8,2319.6810574427923,2.7113034428716776,0.4302398511023455,6.651868192446396,2.8939582224775058e-11,1.2085605447091208e-09,up
gene-LOC142980840,625.1622408919737,-3.505953189178333,0.562782388936913,-6.64562242896351,3.0193836255082945e-11,1.255686165258262e-09,down
gene-mRpL16,668.5688775441754,2.83913194093333,0.4518319929228467,6.644889838379577,3.0344394181865873e-11,1.2567111963867356e-09,up
gene-LOC142981322,150.56907718499258,1.8406206659913769,0.2869512137473189,6.642044953447838,3.093605729679976e-11,1.275920611071729e-09,up
gene-CanB,576.1969955795533,-2.05160821973136,0.3220754251435698,-6.632872836607155,3.2921542295090576e-11,1.3522218668613132e-09,down
gene-Uch,2834.13116748131,2.6079926130982902,0.4142444977221172,6.631179432483614,3.330151155398303e-11,1.362222896804527e-09,up
gene-LOC142976519,4131.900517429032,5.121352220878813,0.8359049883387457,6.629139602289558,3.3764914126932424e-11,1.3755412567384182e-09,up
gene-Nacalpha,5690.148783660347,1.661537861526512,0.2585283584659303,6.6218767109230985,3.5466681954185786e-11,1.4389957422143426e-09,up
gene-Prp39,359.07405860752107,-2.2766851368422074,0.3608326209617077,-6.606542572319628,3.9339917788003336e-11,1.5896830746642155e-09,down
gene-LOC142976527,8971.100530001524,-2.8620927995397976,0.4582523643841123,-6.603839120418608,4.006443036750724e-11,1.6124317721697167e-09,down
gene-LOC142982719,738.6952757888272,-3.283687584008178,0.5301143353975214,-6.6012944375857865,4.075831328428261e-11,1.6337699794796175e-09,down
gene-LOC142979139,205.90681553334048,2.344462092738764,0.3723241126979776,6.598613166534128,4.150216251868953e-11,1.6569323363961607e-09,up
gene-Dorsal,454.8323894985822,-2.762427678236973,0.4426886695082477,-6.597122547764967,4.192142404196949e-11,1.6670029217645319e-09,down
gene-Ranbp21,272.7631595673891,-3.983930802191173,0.6477966146159707,-6.593785432635707,4.287512438414759e-11,1.6981611765007023e-09,down
gene-Esp,863.2448725531335,-2.847787109746821,0.4584361623664136,-6.58086940525577,4.677052624493576e-11,1.8451249899237303e-09,down
gene-LOC142981038,2500.216433825415,2.994012394541344,0.4830104918701216,6.579109997741615,4.732725608498146e-11,1.8597375708039366e-09,up
gene-Isha,310.417008334561,-3.2537382756973297,0.5280163652379356,-6.567768795149363,5.107476106786969e-11,1.999126236150617e-09,down
gene-LOC142974692,270.8545535004513,2.779947033946743,0.4487664397730596,6.55591957195622,5.5300031571292914e-11,2.1560531840354477e-09,up
gene-Pex2,421.2976272031049,2.099759255659357,0.3342456008969774,6.553580153251738,5.6173759413433824e-11,2.18159646967114e-09,up
gene-Cul3,1360.4428571722729,-2.0078731142041524,0.3193286971238228,-6.5506509576028975,5.7286814106775064e-11,2.216200355037682e-09,down
gene-RpS17,43965.72073273145,2.461595983131196,0.3970191749310098,6.54886495940045,5.797602557921244e-11,2.234203518556445e-09,up
gene-Bet5,637.1983054010044,2.2521399005195195,0.3603656768115273,6.544133110988406,5.984147991563766e-11,2.297222350146075e-09,up
gene-zetaCOP,1440.6381769663883,2.398145228048793,0.3858513988666182,6.530088025562067,6.573104840941457e-11,2.507388493972235e-09,up
gene-Fdx1,461.9613040546758,3.2677642059274774,0.5338324750488037,6.5298885852578765,6.581863394657105e-11,2.507388493972235e-09,up
gene-awd,18375.46002881164,1.3853922998971533,0.2173947152024912,6.525018579693006,6.799310522574315e-11,2.580377122654534e-09,up
gene-Dci,1057.546600256974,2.173666929937109,0.3485789690844601,6.5199289218806245,7.034071574209664e-11,2.649323335176855e-09,up
gene-RpL26,25777.403452967326,2.451128789033436,0.3961519169658201,6.520358234833324,7.013967153727724e-11,2.649323335176855e-09,up
gene-RpL36A,27314.73335328505,2.5804003702607945,0.4187995110129512,6.516713990523342,7.186426256855457e-11,2.6965308447245992e-09,up
gene-mRpL18,454.4951938501864,2.866340774160948,0.4666396020552198,6.5130845841847504,7.362302423119511e-11,2.7521775462605182e-09,up
gene-LOC142978219,17434.87537237044,4.026293690098426,0.6552281505152103,6.510023846342863,7.513887600349513e-11,2.7983623932495707e-09,up
gene-Rpn1,2837.9098549083046,-2.922762618330864,0.4782422251200832,-6.499744795067309,8.045638155503183e-11,2.9742042381510104e-09,down
gene-Cmc1,456.04661497603297,3.4365574244292496,0.5655937156981463,6.500266993287714,8.017758456318026e-11,2.9742042381510104e-09,up
gene-LOC142983616,3561.568926898251,-1.7775625971937783,0.283346105931184,-6.497766507808886,8.152119556885246e-11,3.0024466899362224e-09,down
gene-hep,443.3109751220708,-2.445765751412135,0.3967572148298526,-6.492701584524828,8.431059089558775e-11,3.0711825099593477e-09,down
gene-LOC142984080,117.99620609474702,-2.744054575539311,0.4469972936206882,-6.493185270746355,8.40402309772663e-11,3.0711825099593477e-09,down
gene-LOC142982990,48.834571869267656,6.412517747465147,1.0664254429159736,6.493369358733229,8.393755653454618e-11,3.0711825099593477e-09,up
gene-LOC142973584,632.5075552529776,2.498357306170368,0.4057955176299561,6.489223364316413,8.627997139287605e-11,3.131492343535621e-09,up
gene-LOC142977517,2413.439476269015,3.957671544916772,0.6564289130519734,6.487408508709583,8.732533438668572e-11,3.146549323153466e-09,up
gene-sud1,59.87764053353697,-5.613615343450793,0.9116927382797002,-6.4875770473285845,8.722773627195768e-11,3.146549323153466e-09,down
gene-LOC142975328,1536.0997619971615,3.940602357983812,0.6540045153810895,6.483138150821465,8.983416872748564e-11,3.2253051729101944e-09,up
gene-LOC142980007,3492.11149437034,-7.138692987034317,1.207280315549558,-6.479897332982639,9.178505160758563e-11,3.283536201058466e-09,down
gene-mRpL51,1450.3917004559592,2.9551691206452766,0.4849265505052594,6.477038241138861,9.354049249296563e-11,3.33438448418675e-09,up
gene-ND-MLRQ,22364.235762177253,3.62482107879821,0.6002932913259419,6.474346745241317,9.522300352855727e-11,3.382280420706513e-09,up
gene-LOC142987335,39010.135985915134,3.0724216792046177,0.505464472699345,6.472339931315215,9.649672475241832e-11,3.4153681196946362e-09,up
gene-Ccdc58,260.1635316081656,3.3786081335970053,0.558860227160456,6.467901831611929,9.937301742787735e-11,3.504742356705455e-09,up
gene-Dhrs4,3636.128043911802,2.7812813805138266,0.4566382514282809,6.458263424862425,1.0591126769504373e-10,3.7221843762825045e-09,up
gene-LOC142984621,7834.667369319805,3.976075043532745,0.6515172408681007,6.456198067182436,1.0736607097083683e-10,3.760072822315517e-09,up
gene-LOC142975374,518.6818819428954,2.543529002179212,0.4160192127347125,6.453313456076994,1.0943068377263368e-10,3.818977813757541e-09,up
gene-ced-6,299.9015065006517,-3.1168560114645683,0.5164833381526603,-6.437878433593842,1.211549707836216e-10,4.213406841084764e-09,down
gene-Atox1,4976.471335643923,2.2731573404962435,0.3705079112752573,6.436085142387069,1.2259428279204763e-10,4.233956873866531e-09,up
gene-Apoltp,281.8464978910451,-2.353433062184054,0.384581191229712,-6.436111669278687,1.2257287077867243e-10,4.233956873866531e-09,down
gene-Su(fu),91.80699666106996,-4.232024280585486,0.7085237391706041,-6.422321111351274,1.3421192903107275e-10,4.604916674796432e-09,down
gene-trbd,91.71413140699129,-5.863632195184943,0.9863333855984192,-6.422268694102261,1.34258165751504e-10,4.604916674796432e-09,down
gene-Tis11,1603.603397671796,-4.236082930848484,0.7135752513454227,-6.417534499743868,1.3849898024459397e-10,4.734103841853741e-09,down
gene-LOC142972268,298.8034473476944,-2.5509616616080244,0.4202685026427293,-6.413057486208725,1.4262970502911527e-10,4.858658996230714e-09,down
gene-noc,763.9292460901961,-2.219009783074269,0.3639127360296947,-6.397124435885419,1.58330295038305e-10,5.375151955024905e-09,down
gene-l(1)G0007,205.86449143545133,-3.2127451503126307,0.5371782864001463,-6.391652893609951,1.6410208107460227e-10,5.552213122730865e-09,down
gene-LOC142981347,73.00420426652572,-3.708012235062636,0.6224103269739542,-6.389495788126864,1.664336217290369e-10,5.612074251613235e-09,down
gene-LOC142980206,146.64400701842155,-7.028476677848946,1.1832413014975691,-6.382392937355194,1.7434191210230754e-10,5.858944864286639e-09,down
gene-LOC142973811,460.104073469635,4.735597607710353,0.8076914476108641,6.380223449578478,1.7682978039421968e-10,5.922610866156733e-09,up
gene-LOC142983902,85.08577920718587,-5.554265002105638,0.9325336892305032,-6.379081986795474,1.781526493376837e-10,5.94696184963017e-09,down
gene-ND-B17,4042.698007841871,3.605064506117228,0.6124858781614865,6.377011428716515,1.8057699060108604e-10,6.007796477298133e-09,up
gene-serpin-3,931.619670698415,-3.65475901848363,0.6175451937678706,-6.369785825471276,1.8929234520193857e-10,6.2768335463805625e-09,down
gene-LOC142983509,1541.4265658065517,4.254519802099696,0.7237558256076857,6.367063089655996,1.9268193481601868e-10,6.368074143704247e-09,up
gene-LOC142976554,99.10984163067737,3.404344082730854,0.5748971632231429,6.361643863681329,1.996058281565681e-10,6.575134557197049e-09,up
gene-rin,1116.8756446124523,-3.804139324837712,0.6436070499134875,-6.360393673960037,2.0123731615756927e-10,6.6070712255549315e-09,down
gene-LOC142987176,1618.862657887373,3.5741200607450043,0.6041538288507865,6.359566684701043,2.0232368206463827e-10,6.620959576023459e-09,up
gene-Rbfox1,48.77650707944856,-3.2311021418425416,0.5402389653602696,-6.358363123133238,2.0391497153332517e-10,6.651226571484048e-09,down
gene-tmod,2218.888155575841,-2.646278990443844,0.4415723873183335,-6.353777107674809,2.1009119447243844e-10,6.830358996838463e-09,down
gene-Irbp18,7004.778779802982,1.8737515962930176,0.3067061450924946,6.349429293478875,2.1611516801591007e-10,6.9823717778292934e-09,up
gene-kug,205.50801517948307,-3.7452970826185674,0.6342662988896434,-6.349393109070829,2.161660033412736e-10,6.9823717778292934e-09,down
gene-LOC142978780,1718.781557477367,3.1606517752266297,0.528119058539239,6.3479767604353725,2.181650287092018e-10,7.0242101662791714e-09,up
gene-UQCR-Q,9028.415018179645,4.267371241852828,0.7276685808182829,6.347392889527517,2.1899434667413235e-10,7.0282397882781845e-09,up
gene-Egfr,1109.7365698156211,-6.661640319691033,1.1518406129987202,-6.344323874223094,2.2340440253751015e-10,7.146792761945157e-09,down
gene-row,282.2870924278713,-3.219617151711612,0.5436423903937107,-6.3410622307136935,2.2818633863950717e-10,7.276446792207416e-09,down
gene-Snoo,47.9166001171661,-6.697085319789065,1.1036976246922725,-6.340536186604954,2.2896688387880444e-10,7.278084292975628e-09,down
gene-LOC142978713,1001.2872977855286,2.5697652128804283,0.4290720353628902,6.337989334960065,2.327829376607159e-10,7.3758936533066845e-09,up
gene-LOC142984567,2544.9494051709453,3.1089071096029683,0.5243070721395596,6.336537945653765,2.349853294310104e-10,7.422115737502895e-09,up
gene-mRpL34,334.77868715584776,3.0283144459301,0.5117122605671255,6.320343375658321,2.6098273017040595e-10,8.217251198204484e-09,up
gene-LOC142986519,7768.118993068548,5.774451898701739,1.002292872391608,6.319151435640931,2.6300345323505745e-10,8.254834801066378e-09,up
gene-LOC142987371,1676.804762026008,2.910140598639397,0.4916066922256607,6.309846110189499,2.7931305854891823e-10,8.729291523425871e-09,up
gene-LOC142976171,1202.787146526915,-2.913941086158604,0.4927192946573542,-6.309538313291475,2.7986908000163086e-10,8.729291523425871e-09,down
gene-LOC142983229,190.3284083292516,4.595049176056686,0.7931950914412136,6.3073275995428375,2.8389452163879127e-10,8.827262369086531e-09,up
gene-eIF3k,4604.1539878079575,2.0052524291491327,0.3321270292045591,6.303276302423383,2.9141870099244873e-10,9.033074703744196e-09,up
gene-LOC142985109,122.8946622636256,3.902330539641392,0.6695138789034134,6.2982785414286,3.009693270765613e-10,9.300231744740427e-09,up
gene-Pex13,445.4087896555416,-3.108873803830416,0.5284878510279778,-6.295755267506593,3.05906688306236e-10,9.423625481433773e-09,down
gene-cype,13449.57646197034,3.939422437713428,0.6601575871831127,6.291899487134804,3.136045323302518e-10,9.631036422117672e-09,up
gene-Rpp25,374.96437017175,2.273096453019248,0.3803272813159514,6.28810900243132,3.2135625246968607e-10,9.838824404601032e-09,up
gene-LOC142978899,1867.207338920731,3.1900666676078893,0.5435272453364345,6.28655450036708,3.2458910009362473e-10,9.90741225698614e-09,up
gene-NdufV3,2646.9722404037534,3.961801429889582,0.6820836640227722,6.2849080948481575,3.2804770153325357e-10,9.982451551839649e-09,up
gene-Blos1,916.7958925208696,2.334835491728674,0.3917492547515322,6.283955297660402,3.3006565094968527e-10,1.0013329064221304e-08,up
gene-p24-1,2190.5446781138394,3.06966406159634,0.5224740894055939,6.282722611031001,3.3269437546118717e-10,1.0062492610539726e-08,up
gene-LOC142985460,13981.041009513998,3.926005122009073,0.6643938370246328,6.282224869523222,3.3376160100940554e-10,1.0064273533760958e-08,up
gene-drpr,1025.8275573584776,-2.480972591590449,0.4177312506160708,-6.281256745192443,3.3584697339561036e-10,1.0096652534522854e-08,down
gene-CD98hc,1204.7730857463032,-2.671096240887412,0.4527034565158462,-6.277352419075977,3.4438688856490335e-10,1.0322298903202105e-08,down
gene-RpL37-1,20657.5838041718,2.721741298253217,0.4622185819253435,6.275346736383209,3.4885597229924567e-10,1.0424944489577162e-08,up
gene-RpS18,43131.79797163178,2.383189318947862,0.4030164540649094,6.2689654614173085,3.6345472925853484e-10,1.0828781052923694e-08,up
gene-mRpS24,315.2304183596603,3.2348995045311053,0.553797242396168,6.2657269727765845,3.710900401852823e-10,1.102336217586102e-08,up
gene-Prp8,1150.171375564299,-2.6423904473629025,0.4481717506820613,-6.264993713718837,3.728404483673309e-10,1.1042494110250238e-08,down
gene-LOC142987538,2760.4954080226016,-5.440490275563047,0.9517275595653916,-6.26096435617178,3.82603979119668e-10,1.1298137028382862e-08,down
gene-LOC142978814,696.3813861356357,1.6699940452754625,0.2759558107936649,6.258832544021968,3.87870077826317e-10,1.1419856185204928e-08,up
gene-LOC142987494,846.9569201770374,3.102113981264324,0.5309726779715168,6.255762937283533,3.955772504984757e-10,1.1612519227133192e-08,up
gene-SF2,511.6552218229779,-2.0775526121171377,0.3479688205201116,-6.254385248148825,3.9908477003279495e-10,1.1681129295300078e-08,down
gene-Rpb7,430.4801276972029,2.372003750915272,0.4003832779108666,6.25105987810091,4.0767652717816566e-10,1.1897717595804888e-08,up
gene-mtTFB1,1915.000335768532,2.3668547237306856,0.3997666831411166,6.249709956154967,4.112156126112477e-10,1.196601466318619e-08,up
gene-Pfdn4,618.7528410777073,2.80320114287006,0.4779938996221899,6.2480729916825535,4.155474855653264e-10,1.205691701577768e-08,up
gene-zfh2,122.98945637432716,-4.147092983110504,0.7181846521679244,-6.247494515919336,4.1708892313586786e-10,1.2066563889330718e-08,down
gene-LOC142974739,217.90121796539623,-3.6603180738688894,0.632670689710569,-6.244073494109808,4.2631951695207334e-10,1.2297962713001865e-08,down
gene-Spase12,2042.2340418681124,3.248854458527471,0.5590626173683914,6.239014182761511,4.403370737260256e-10,1.2665718538499891e-08,up
gene-LOC142984570,4027.267846499499,2.116578204708982,0.3561793595338968,6.236283584113232,4.4808848816593373e-10,1.2851641380414328e-08,up
gene-Sirt7,59.39135685827489,-3.4658496521676887,0.5963123669535693,-6.235381729084678,4.5067774219251925e-10,1.2888866890611849e-08,down
gene-LOC142972176,540.1506415281958,2.6384750253985767,0.4500603010097955,6.228539528846728,4.708033093013856e-10,1.342596522896323e-08,up
gene-mon2,104.92444826988044,-3.075885717751001,0.5281879831486224,-6.226677076463597,4.764316882194647e-10,1.3547762621420168e-08,down
gene-LOC142975058,7771.225094477927,-10.571121544224331,1.9025181287063664,-6.221720250660051,4.917332392270764e-10,1.3943151877060942e-08,down
gene-LOC142986297,585.9115649792408,4.531861828446127,0.7962618074955533,6.218880135426383,5.00715616106191e-10,1.4157627661064856e-08,up
gene-LOC142974725,703.3736803108735,2.8336880621035085,0.4866910189102424,6.211066321434898,5.262625493214321e-10,1.4837927979596648e-08,up
gene-mgl,451.64274943595,-5.4926255042274965,0.9706424654354788,-6.205440274254382,5.454398358921386e-10,1.533530986489982e-08,down
gene-Sf3b1,1023.0418965997488,-1.306527031906143,0.2154420734295322,-6.204405075371753,5.490420079897594e-10,1.5393225510521878e-08,down
gene-lsn,910.0468171619564,1.9838876293980237,0.334353516453941,6.2024103465790885,5.560486263452735e-10,1.5545998150006096e-08,up
gene-eIF3i,4746.800119009384,1.3229466441520814,0.2183629154782886,6.199902158351209,5.649827274454917e-10,1.5707778837419093e-08,up
gene-LOC142981133,399.58845758293177,-3.6176708831406135,0.6304308237107911,-6.200172905347588,5.640116301228106e-10,1.5707778837419093e-08,down
gene-LOC142973486,640.0237257211793,3.43467464753481,0.597654625851343,6.195216232625135,5.820506735847054e-10,1.613735492513596e-08,up
gene-LOC142979416,3574.660871707925,2.7492108594337514,0.4734495351174922,6.191099003839855,5.974616581509918e-10,1.6473107209958698e-08,up
gene-adp,117.62104617059998,-3.548405085843256,0.6176603577442237,-6.191368364131159,5.964413732432206e-10,1.6473107209958698e-08,down
gene-grp,299.9734942416248,-2.2735385731808284,0.3873472262328085,-6.187907993164554,6.096789367404756e-10,1.676365142591374e-08,down
gene-Tango2,264.1026218209693,2.8695932891660907,0.4956524734408021,6.186246667623833,6.161357224616298e-10,1.6894644631564642e-08,up
gene-Dyrk3,431.73252467823016,-7.28949743064561,1.3022419793780695,-6.183314699822978,6.276940430665295e-10,1.7164422585882277e-08,down
gene-LOC142974540,99.7513257118034,-7.0937249199133685,1.2384007686612817,-6.179368529718741,6.435850295783414e-10,1.7550880273829034e-08,down
gene-E(spl)mbeta,2176.3960301490547,-3.696174448100301,0.6490062964541002,-6.175200367218237,6.607961394156692e-10,1.7971134243890447e-08,down
gene-LOC142978392,5354.417879071753,2.3200139743820447,0.3967131190881252,6.171016197243191,6.785247007121218e-10,1.84031386896948e-08,up
gene-shd,1734.123364423379,-6.925641576597568,1.2428533099097103,-6.167644068293213,6.931495074847432e-10,1.8748848873184887e-08,down
gene-G9a,175.3453782039953,-2.7770511511119884,0.4807993480549887,-6.161566546865603,7.202878908028873e-10,1.9414985129043022e-08,down
gene-LOC142982347,2553.6717769780944,3.712854218637221,0.6522390089087761,6.161263671774885,7.216671158075301e-10,1.9414985129043022e-08,up
gene-ND-B14.7,2336.3986199351325,3.13428718520484,0.5469090400725426,6.155406428558556,7.488519981873524e-10,2.009218224168808e-08,up
gene-Tim9a,193.49775732538,3.4971224963593155,0.6140330986613481,6.153631614393815,7.572847474996744e-10,2.0263965321164213e-08,up
gene-LOC142987375,4616.114638513852,2.764379189220477,0.4790946252836175,6.153124813230277,7.597096871146236e-10,2.0274498361206043e-08,up
gene-LOC142979330,3097.637325229131,4.708255543681157,0.8383384734227847,6.150609167952664,7.718590873742179e-10,2.0543801469552183e-08,up
gene-Eip74EF,482.3311922385698,-3.564542962904197,0.6270779921585146,-6.148299481049682,7.831805514366335e-10,2.078969437204532e-08,down
gene-LOC142981266,3330.5103350102763,4.635096585732076,0.8250773184550819,6.147046496773764,7.893899461937734e-10,2.0898941785039928e-08,up
gene-LOC142987891,2461.243353109241,2.1268119829314607,0.3636816594541963,6.1424580077116255,8.125416273758264e-10,2.1454968208566463e-08,up
gene-LOC142983967,2199.8784266564976,-3.2777926563265747,0.5753280876625012,-6.140181279591948,8.242736057578027e-10,2.1707321527885567e-08,down
gene-LOC142982214,310.23854182426663,1.8271108219182528,0.3099105925814732,6.138666421384649,8.321710344680388e-10,2.1857629197435522e-08,up
gene-kud,1521.901216456752,3.624442166069956,0.6393818960034902,6.136647746196816,8.428098049423419e-10,2.2078962370418678e-08,up
gene-LOC142978383,177.23311212526963,1.6989736197949898,0.2873453352532513,6.1359324629237735,8.466112090988626e-10,2.2120488162344888e-08,up
gene-ND-B14.5B,2741.184093356137,3.2027486096880864,0.562290784275071,6.127846858302385,8.907625832194084e-10,2.3213319433715187e-08,up
gene-SA1,91.21758341034052,-5.586955463699364,0.9938071505345968,-6.1251471711859935,9.059982416004241e-10,2.3548876170348525e-08,down
gene-nhr,301.5110359027611,-2.982373578112086,0.5226169158438022,-6.122523111853874,9.210505147336641e-10,2.3877935552095333e-08,down
gene-Fas2,244.26647844120728,-3.376358803405902,0.5952012918899885,-6.120675299570782,9.317960854717046e-10,2.4093929349982084e-08,down
gene-LOC142984261,394.869185620554,-2.7772975262964428,0.4849612182573004,-6.117296445769681,9.5176215490283e-10,2.4546609995052063e-08,down
gene-LOC142975717,658.6005993849789,-2.5602293276140373,0.445368521199678,-6.115921460562412,9.60006007496562e-10,2.4695412270162845e-08,down
gene-LOC142981581,657.2785014191799,3.1143776803658016,0.5474941751764802,6.114282040525976,9.699263395437787e-10,2.4886464768602713e-08,up
gene-hrg,691.0623161679863,-3.081881122799489,0.5419665192232923,-6.113262954600764,9.76143262335106e-10,2.4981758721453057e-08,down
gene-LOC142978267,362.3073558812905,-6.035884494574111,1.0895801223277448,-6.111231822738319,9.886502796198798e-10,2.5237131562368336e-08,down
gene-mRpL14,596.2007775801277,2.820712116774484,0.4936035049971201,6.109909843192214,9.968743843840884e-10,2.5358836972437865e-08,up
gene-LOC142979351,315.292949888049,3.529349587339578,0.6254804830249386,6.109649882892968,9.984994419565251e-10,2.5358836972437865e-08,up
gene-dom,122.03404017648438,-7.7939797769961565,1.3251343322280065,-6.107293446131775,1.0133482631180523e-09,2.5670632015688533e-08,down
gene-Iml1,724.5013913566969,-2.0211955903575336,0.34689354371213,-6.106243940302479,1.0200307060449642e-09,2.57094102955424e-08,down
gene-Sptz,199.96414748256868,-2.0565091689427217,0.353412464554095,-6.106594800986175,1.0177919287676427e-09,2.57094102955424e-08,down
gene-LOC142984822,108.27212854889773,2.3162342388196864,0.4013775620251302,6.101682879977791,1.0495745790963751e-09,2.638741529964967e-08,up
gene-ND-13B,4633.87032434593,3.422025263116627,0.6057549360033094,6.100656362849834,1.0563378886098008e-09,2.649072478948347e-08,up
gene-LOC142972856,546.0014774802939,-2.5082826959473525,0.4369105123609843,-6.100085648829018,1.0601164552324182e-09,2.6518852981641018e-08,down
gene-LOC142982317,281.36292051586304,1.5545480450427418,0.2632478383493523,6.0946746895798425,1.0966022332896563e-09,2.7362967226160154e-08,up
gene-RpL35,41626.52835338307,2.457296636560318,0.4279454101344411,6.09156960754156,1.1180894970200254e-09,2.782955428867051e-08,up
gene-LOC142979996,67323.98928937346,-4.59169341583554,0.8267703091615819,-6.087277457566663,1.1484684632261932e-09,2.8514586396668254e-08,down
gene-ATPsynCF6,10258.492131973244,3.689094551507104,0.6548788074825309,6.083936130511007,1.1726733433620723e-09,2.904330679924776e-08,up
gene-RpL31,28091.412330511364,2.388088235141593,0.4161705822867295,6.081729246902956,1.1889321778008524e-09,2.9300573004025453e-08,up
gene-cbt,657.3344005460207,-3.278440705836224,0.5819799691829195,-6.0819396487301365,1.187372649644675e-09,2.9300573004025453e-08,down
gene-Stoml2,839.6641784481317,2.1062835278051404,0.3641892424609296,6.077365409980432,1.221731467406017e-09,2.9960938025010963e-08,up
gene-nmo,93.3540219915036,-6.113707686383538,1.097412994826134,-6.077690450439975,1.2192583087104526e-09,2.9960938025010963e-08,down
gene-LOC142982105,443.883752593938,2.023140621505203,0.3490526206705,6.076793700419782,1.2260933460048904e-09,2.999421001586964e-08,up
gene-26-29-p,830.1541224472543,-2.70339252496433,0.4751513818876804,-6.075907303961681,1.2328861715529075e-09,3.0086642734155426e-08,down
gene-LOC142981526,8854.74231353846,3.914244051952356,0.6987162235426407,6.069897021594843,1.2799229529888575e-09,3.1158319497028755e-08,up
gene-LOC142980280,306.6391010651335,1.517449849899567,0.2579174394349702,6.066623819257227,1.3062702851905071e-09,3.1645348826423426e-08,up
gene-RpLP1,23468.785275530845,2.228938790551945,0.3882729047635489,6.066825896271819,1.304628485682228e-09,3.1645348826423426e-08,up
gene-LOC142987276,684.0199567370468,-1.5186611088067947,0.2582981396621193,-6.063849511229792,1.3290151504054382e-09,3.2118402460524646e-08,down
gene-Ntf-2,3639.142931012058,2.1325892161083355,0.3704775142182262,6.054847031756752,1.4055116043880686e-09,3.3885051505790625e-08,up
gene-LOC142973132,504.93366236840416,2.107820090693255,0.3663894768253114,6.050626112948265,1.4428396061398631e-09,3.470116170814933e-08,up
gene-LOC142983906,1071.213580669301,3.074927955289344,0.5467107089088926,6.049922099933037,1.4491589058876742e-09,3.4708479060572265e-08,up
gene-Mcm3,69.10740154909575,-3.390683391790552,0.6032250948153282,-6.0498176489732485,1.4500987644783722e-09,3.4708479060572265e-08,down
gene-LOC142980101,20910.13527548063,-4.783457495008858,0.8695804584731059,-6.048091930020994,1.4657131966446282e-09,3.4998285683516825e-08,down
gene-mRpL27,386.6188394239775,2.9415389234198104,0.5224137134284245,6.045771839837631,1.4869640256709304e-09,3.533663795290847e-08,up
gene-LOC142976292,4492.262100442217,4.131832255739768,0.7451015265024353,6.046135625831725,1.4836121942207187e-09,3.533663795290847e-08,up
gene-LOC142973704,1151.9036915707543,3.281060523582303,0.5864147785368171,6.043434169819825,1.5086794878017196e-09,3.5767529614605616e-08,up
gene-Jheh-lp4,3627.930048440912,4.35439315198059,0.7895197603763143,6.039939968230052,1.5417157605186779e-09,3.6464135084684655e-08,up
gene-Trs20,273.9651312292136,2.2646126486242726,0.3964092663590053,6.038032599232362,1.5600455393845555e-09,3.6810436237818565e-08,up
gene-LOC142980917,730.2892197579735,-5.011966498807703,0.9136662912779722,-6.03719819619326,1.568130753165691e-09,3.6913945866383886e-08,down
gene-LOC142974456,1150.2799852781957,2.0767796388827504,0.3621667709374178,6.026940664283189,1.670923116365161e-09,3.9241137939860414e-08,up
gene-LOC142979334,4139.342078371762,3.541899760142728,0.6384119134105021,6.020804485361136,1.7355229391989811e-09,4.0662569145880365e-08,up
gene-LOC142972251,2036.825728846234,4.638535914340948,0.8472407848543353,6.0202872945292905,1.7410776430632791e-09,4.0697180223453374e-08,up
gene-LOC142975641,153.8821471712989,-2.5986018045525734,0.460373864078167,-6.017600638650451,1.7702126108583615e-09,4.128152352564792e-08,down
gene-RpS7,32753.55374184607,2.032352703706671,0.3565363069717553,6.004517123468044,1.9190216207719118e-09,4.4647447079077986e-08,up
gene-mRpS33,557.3484279805547,3.3357362793505225,0.6019480759861044,5.998247729785903,1.9945807836877533e-09,4.6297466981366216e-08,up
gene-LOC142983557,449.78953868133726,-1.4349356881272697,0.2465747130024075,-5.991595898725496,2.077917338181363e-09,4.808233660707693e-08,down
gene-Vps8,144.1780008619136,-3.160166539219884,0.5682938072261595,-5.99134618182043,2.081111052425331e-09,4.808233660707693e-08,down
gene-LOC142975921,420.9925242334303,2.134708043147118,0.3755232193495352,5.990495508675052,2.092026532173527e-09,4.822290258111772e-08,up
gene-LOC142981792,320.0463466886604,4.887454934201919,0.9008461010778396,5.989084771976229,2.1102515720025807e-09,4.85309238252483e-08,up
gene-Pfdn6,1269.873408133634,2.1800617463384064,0.3840154510876192,5.98780840893288,2.126873873019177e-09,4.8800754314033127e-08,up
gene-LOC142972528,2055.5463642929603,-3.123177305939054,0.5631468389381558,-5.987231271920635,2.1344318417205646e-09,4.88618445234242e-08,down
gene-RpL29,20331.075196417787,2.6534294800328557,0.4736510500314222,5.985591644614572,2.1560468148802704e-09,4.9243714552219625e-08,up
gene-Pngl,301.01980957434824,-2.086902120658043,0.3672131737064501,-5.983673320319983,2.181606565921713e-09,4.9713733183709186e-08,down
gene-ATPsynO,9128.78890268168,3.953613147290033,0.7290492259714715,5.978811933900984,2.247708678988757e-09,5.1103372038694275e-08,up
gene-ND-39,3341.604497014787,2.5830643371408537,0.4610816583370967,5.976002608314759,2.2867933956439556e-09,5.1639106067697564e-08,up
gene-Fdh,9324.539160357392,3.461952267678269,0.6271069200659989,5.97656071725219,2.2789763821839933e-09,5.1639106067697564e-08,up
gene-Atg1,793.7499879559355,-3.954985418465544,0.7238752745878679,-5.976298757740564,2.2826422058814715e-09,5.1639106067697564e-08,down
gene-mRpL23,723.2725506569608,2.7076231089818696,0.4851837391758793,5.971334520732242,2.353206699360312e-09,5.3018862452178966e-08,up
gene-crc,11683.693962924845,-1.464838496075574,0.2529929281413764,-5.96921485618546,2.383980044126997e-09,5.359122707304404e-08,down
gene-mRpS9,710.6267057604019,1.5779834737870138,0.2734044700967484,5.9684393222092105,2.395336921046457e-09,5.372552316621278e-08,up
gene-Cdk12,136.06926672060231,-3.3697502859499475,0.6113437261312832,-5.966561899419571,2.42304842901746e-09,5.422521607628536e-08,down
gene-LOC142973512,585.50276598869,3.288571980344859,0.5971612922192213,5.964847927981446,2.4486198232954663e-09,5.4674886926872594e-08,up
gene-LOC142974750,760.6719481238694,-2.425853459924379,0.4333473663950646,-5.95456396387117,2.6076612807690596e-09,5.8096132239633895e-08,down
gene-Npl4,523.7863990820111,-3.083662443065413,0.5597500773165267,-5.948053896452691,2.713492555976771e-09,6.031930779778207e-08,down
gene-LOC142976760,5314.783672096027,2.158384596331272,0.3839463831973884,5.941087843046781,2.831368333520324e-09,6.279974963748079e-08,up
gene-LOC142983444,399.1405623297584,-2.373522850932753,0.4245617393256662,-5.940680447090621,2.8384142822803773e-09,6.281643669942449e-08,down
gene-RpS24,21255.09447434812,2.539952595162705,0.4581354142670629,5.934085849946003,2.9548719597118134e-09,6.524906422540624e-08,up
gene-LOC142979151,3003.0171742662405,5.066332506523718,0.9463997208228684,5.932362468596578,2.9860649224689227e-09,6.579230461625235e-08,up
gene-LOC142979474,1007.841425869837,2.9835753410939296,0.5428484833383956,5.924206867816275,3.1380822423032754e-09,6.898942480270705e-08,up
gene-LOC142981794,4527.568522230545,4.589095889209386,0.854330767066068,5.920388586895645,3.2118181797027853e-09,7.04552906628868e-08,up
gene-RpS10b,26641.317145257013,2.131333352514172,0.3809528885576808,5.9192187051952505,3.2347457803846233e-09,7.08026263903924e-08,up
gene-Top2,227.25251787275752,-2.7775343562530943,0.504313147430142,-5.912261434616991,3.3744238118283812e-09,7.35373887900853e-08,down
gene-mRpS17,296.8436822210082,3.141804421336634,0.5747331988257719,5.91229739836354,3.373686904658486e-09,7.35373887900853e-08,up
gene-LOC142982820,806.5870099433902,3.70756251442242,0.6846832852891408,5.911157003268022,3.3971303714124734e-09,7.387093297836144e-08,up
gene-LOC142974960,808.8168954772449,3.4180437975171185,0.629116587693241,5.907592064385514,3.4714433538022726e-09,7.532277416152278e-08,up
gene-LOC142972375,716.9658814293717,2.2425577015271805,0.4025570957354871,5.900183171543126,3.630982357225618e-09,7.844336560058202e-08,up
gene-LOC142981661,39.80879872915846,-6.241893073578634,1.118418706671774,-5.900425790366056,3.6256466876339116e-09,7.844336560058202e-08,down
gene-LOC142976245,329.72353502677873,-2.8257667035669325,0.5150144425711831,-5.8991769198792605,3.653193537830746e-09,7.875275313410082e-08,down
gene-LOC142977243,32362.708513638296,4.838332820734268,0.9063944743159146,5.896561489979792,3.7115448598921012e-09,7.983820958315314e-08,up
gene-LOC142984803,352.2809971667109,2.472320895103329,0.4477805451117611,5.889750594352161,3.867788914315988e-09,8.30202175350277e-08,up
gene-LOC142980088,23409.014376461306,-4.896155978560735,0.9247518216785722,-5.884589746622138,3.990425621396256e-09,8.54687513458284e-08,down
gene-Saysd1,791.273469154699,1.9547004444472649,0.348859887653182,5.882168485505223,4.049258232437241e-09,8.654314008127645e-08,up
gene-bc10,1375.692317162113,2.423472895261154,0.4392809369833895,5.875487112700316,4.2160176628781245e-09,8.973844639737044e-08,up
gene-trsn,405.3580403767763,2.772289533838697,0.5070235728526458,5.875458540354845,4.216744951444417e-09,8.973844639737044e-08,up
gene-Arpc5,4095.04067875735,2.371130863227389,0.429422628929786,5.871967686729522,4.306526988471134e-09,9.145414015304339e-08,up
gene-LOC142979023,123.32326694105456,2.941683241505058,0.5407091617892117,5.870621006080258,4.3416575394062765e-09,9.200442441786423e-08,up
gene-LOC142980673,244.8616488304502,1.955430685407085,0.3499068929192428,5.868837202813087,4.3886208556578405e-09,9.280259483118833e-08,up
gene-mRpS7,420.12254725414186,2.721897131525484,0.4980296237878514,5.86762381845952,4.420848522883366e-09,9.328644631479681e-08,up
gene-Tctp,88761.43475456814,1.825464821970214,0.3272379551773646,5.857459677845509,4.700008816486784e-09,9.896790716741476e-08,up
gene-LOC142975500,75.73629990647227,-5.770438808286107,1.0834999116477169,-5.856460704513285,4.7283540059922284e-09,9.935516070275461e-08,down
gene-Usp16-45,751.8995826428451,-2.69893851205116,0.4951773151540862,-5.85569332040879,4.750240910678436e-09,9.960536665857452e-08,down
gene-woc,201.87775923061872,-2.1742526427751985,0.3931127493912616,-5.854977799808394,4.7707373882337735e-09,9.982542950096709e-08,down
gene-LOC142977559,2073.715685850524,3.886515707101663,0.7280700778915551,5.852911591332008,4.8304093003988845e-09,1.008625841574922e-07,up
gene-Chc,3623.133733797947,-2.663801665387558,0.4883901699079694,-5.845586509564807,5.047865147794746e-09,1.051831775368254e-07,down
gene-LOC142981272,419.2226953819725,2.386547110171138,0.4349112946830726,5.844332595089793,5.086032130351985e-09,1.0575768061050658e-07,up
gene-mus101,55.2052674489512,-5.11503492914228,0.955651075297688,-5.842841601410352,5.131780916719733e-09,1.0648712126773317e-07,down
gene-nonC,245.29155956720496,-2.4433153322886487,0.4467804953532159,-5.836398089232204,5.3341363129445134e-09,1.1045646170020577e-07,down
gene-nero,1852.6093572578368,4.161745806134015,0.7869010201888099,5.826384378832936,5.6641076225945665e-09,1.1704649726939207e-07,up
gene-LOC142984499,1389.8916812892928,4.545961862046165,0.8644403968174079,5.82069595499503,5.860309089982542e-09,1.2085071286594165e-07,up
gene-RpL5,28400.828283142226,1.6911656987724877,0.3021960386058467,5.818585641262491,5.934765041707821e-09,1.2200580005915265e-07,up
gene-LOC142978105,336.5444237120028,5.458956135271309,1.0480319173231951,5.818416584467823,5.940769344629614e-09,1.2200580005915265e-07,up
gene-LOC142984941,412.3560991365055,3.655603712526809,0.6878693778584989,5.817561076798892,5.971244697305781e-09,1.223798630879035e-07,up
gene-vri,7297.065867945351,-6.148581019668562,1.1925865470083263,-5.810532558690001,6.2274419566120694e-09,1.273690536248874e-07,down
gene-LOC142987660,6304.527209782184,6.146813536662763,1.191396373367151,5.809549195244369,6.264128565645357e-09,1.278573971650436e-07,up
gene-LOC142976389,356.93897260139914,-3.210889135170204,0.6004898670802521,-5.808154465199011,6.316522887617085e-09,1.2866370396184924e-07,down
gene-RpS27,31936.834277429047,2.201386671315937,0.4039481434899511,5.8075212039687685,6.340452402247776e-09,1.2888809659233209e-07,up
gene-Nedd4,167.77063074243898,-4.504048308024552,0.8571557470430137,-5.80469397361867,6.448367012643527e-09,1.3081534787234765e-07,down
gene-PPP1R15,945.0511551083108,-2.411906799001997,0.4438277991444061,-5.801006555661178,6.591802285130684e-09,1.334539119835484e-07,down
gene-LOC142987387,137.99119052653472,1.768572804371736,0.3184195399436485,5.800627467556319,6.606722978175889e-09,1.334852268120922e-07,up
gene-LOC142985293,14737.746475562124,2.7667667406361818,0.5141720709702547,5.796895428712858,6.755378388187587e-09,1.3621299331818245e-07,up
gene-mnd,129.09336939741905,-2.9494409506486257,0.5498117465774023,-5.796158597462347,6.785110157083523e-09,1.3653666225373112e-07,down
gene-mRpL13,502.4537456212064,3.2189229744653627,0.6041490750977483,5.793937313380036,6.875513046022125e-09,1.3807745616166366e-07,up
gene-Crag,545.7041934374741,-1.885874414758689,0.3418822330989349,-5.791217922867836,6.987783930535404e-09,1.400503441981403e-07,down
gene-LOC142987902,1252.0395135306069,-3.2376971448704714,0.6083411630235654,-5.790558469325359,7.015277118706441e-09,1.403196010457094e-07,down
gene-Ssu72,826.1978502574437,1.9447949029658196,0.3533357629185286,5.786947145319105,7.167711937016331e-09,1.4308186568671997e-07,up
gene-rho-7,911.521232101222,1.7565436760452515,0.3169840300656403,5.783906231895483,7.298563549140649e-09,1.4540311932928708e-07,up
gene-LOC142980491,770.1364405731297,2.788544677565057,0.5205302335407466,5.775505136993518,7.672255919987645e-09,1.5254339907847947e-07,up
gene-klar,872.4959804129859,-2.1634936387212784,0.3976682655006145,-5.769301476414333,7.960078968926329e-09,1.5795138804941089e-07,down
gene-Nipped-B,742.7824915647293,-2.209693485102071,0.4071829562772912,-5.76637714816174,8.099370016697831e-09,1.6039645265210528e-07,down
gene-Fbl6,179.82218806750674,-2.489566746138248,0.4621087500531061,-5.765841759158101,8.125126955708838e-09,1.6058790523748496e-07,down
gene-LOC142972400,388.04602040109626,1.7978347431276152,0.3264673166788988,5.760717261416963,8.375724162244623e-09,1.652136420224577e-07,up
gene-Sod2,4869.987678800421,4.008489378598609,0.7671204375131604,5.760191382646126,8.401861720420942e-09,1.654023310286419e-07,up
gene-LOC142972246,3824.642709005583,4.625745050564729,0.8923726550077808,5.7583163268188375,8.495703967389945e-09,1.6692051436716345e-07,up
gene-RanBPM,1383.513370254217,-3.860325313213436,0.7383282500402131,-5.75748694015767,8.537537196629556e-09,1.6741288557870257e-07,down
gene-LOC142979084,784.0520475498198,1.9869231955225704,0.3635697022473729,5.756692457857755,8.577797657075691e-09,1.6787254591229898e-07,up
gene-RpL37A,11466.0563576906,2.347375611395389,0.4358128397194701,5.752381839498413,8.799476973095222e-09,1.718739328149969e-07,up
gene-Ubc10,4047.8375018932834,1.6138274910192985,0.2915012489252011,5.749398922676649,8.956127582617447e-09,1.7459201055098584e-07,up
gene-LOC142984322,650.6314331379297,-3.5086459070774345,0.6682896145871685,-5.747358209885429,9.06485577589014e-09,1.7636710623617838e-07,down
gene-yps,21044.17340998029,1.6006473712228124,0.2902501007232222,5.743468019979246,9.275688852307845e-09,1.801179969550284e-07,up
gene-LOC142978175,550.9050122581094,4.909423441924481,0.953855635182506,5.74168835330985,9.373721706736737e-09,1.816681870969696e-07,up
gene-fh,458.4297492638738,2.5910820134770267,0.485170851720105,5.737541541090913,9.606072297835093e-09,1.858104798540544e-07,up
gene-Secp43,492.1461896810468,1.432615381437822,0.2578490300324079,5.73269141760446,9.884937743704022e-09,1.901249737499285e-07,up
gene-Ssrp,205.4933575432192,-2.3364984998017726,0.4345609398779158,-5.733260319383625,9.85182489849709e-09,1.901249737499285e-07,down
gene-LOC142977414,4722.607379125208,-3.266541669645844,0.6218405770904852,-5.732668566424037,9.886270050717653e-09,1.901249737499285e-07,down
gene-eEF5,25115.461060108504,1.4430409677620302,0.2613142820996155,5.7308258676699255,9.994282568094736e-09,1.9146436528244446e-07,up
gene-Spase25,2441.0549932826743,2.968203474720497,0.5612163645639754,5.73109667707574,9.978337078203888e-09,1.9146436528244446e-07,up
gene-Glut4EF,185.6270386424609,-6.8814224960036485,1.3473785106194571,-5.725712109398232,1.0300076348033046e-08,1.969445632753215e-07,down
gene-LOC142979187,739.0269817554504,-2.5784631623344416,0.4839390174078791,-5.725324102034611,1.0323646117428552e-08,1.970178047763946e-07,down
gene-Ube4A,604.4863625884185,-2.384464437468571,0.4451791411871193,-5.723592368526226,1.0429482077091403e-08,1.9865774925849105e-07,down
gene-C3G,349.5259438463009,-2.3748638599494774,0.4432708420570559,-5.721285556037746,1.0572103593237e-08,2.009907923125686e-07,down
gene-LOC142972527,7456.344969026755,3.976488970054074,0.7667623098117544,5.71898467370171,1.07162459339908e-08,2.033438225611448e-07,up
gene-enok,127.89566032317263,-3.568013216387508,0.6831001318753561,-5.715504496256954,1.0937902888147818e-08,2.0715599378862122e-07,down
gene-LOC142972927,296.0049714279018,1.5259551006483971,0.2765777443552318,5.714486753127611,1.1003561968986193e-08,2.0800483335691509e-07,up
gene-Vha13,43481.52822891134,3.2390016477682435,0.6178635174281235,5.710866681712052,1.1240227497626733e-08,2.1207695775767944e-07,up
gene-bcn92,406.9953815736578,2.6874205315422794,0.5077062885941349,5.704606609033397,1.1661209058767564e-08,2.196047690859605e-07,up
gene-LOC142980124,63522.70977789039,-4.358348634526958,0.8348926038623129,-5.701393795339297,1.1883176227618217e-08,2.233634311259085e-07,down
gene-Neurl4,166.32907897575203,-3.575821412119926,0.6895240945081808,-5.688332325215906,1.2828598755547777e-08,2.406809101111323e-07,down
gene-MRG15,541.0781840566482,1.858281845106266,0.3433022788244713,5.68460371482038,1.3111633307256563e-08,2.455294784985512e-07,up
gene-Sumo,5276.871868513586,1.9095291754562056,0.3540006427324141,5.680256192491975,1.3449313793128177e-08,2.5138127522324404e-07,up
gene-kek5,361.4342831420152,-3.016583473337203,0.5777762342015352,-5.677434288153739,1.3673002453332646e-08,2.550845560499311e-07,down
gene-Ggamma1,1560.8485154063762,2.6711758929989746,0.507371723643666,5.675046745781919,1.3865078858562737e-08,2.577045662706046e-07,up
gene-LOC142972730,69.70131128827707,-6.483332465658777,1.2213344909724304,-5.675273553399622,1.3846720222948111e-08,2.577045662706046e-07,down
gene-LOC142981772,1579.1071830306769,4.1579574083349335,0.8123034937003574,5.674396073322717,1.3917877982499234e-08,2.582050932032061e-07,up
gene-LOC142985575,84.85406538860356,-2.605473206675676,0.4936520855938305,-5.672452730842689,1.4076736914332949e-08,2.60667738667824e-07,down
gene-DnaJ-11,578.9586665083276,2.123090489340207,0.3974893280675944,5.663588692889054,1.4823949253219128e-08,2.739959953636669e-07,up
gene-nito,565.8899313213568,-1.7253748760487917,0.3186690665715925,-5.662524476281901,1.4916209186848672e-08,2.750517201651338e-07,down
gene-eIF3a,1302.6668833210897,-2.775604621127881,0.5305493379266016,-5.662294932565382,1.49361819787098e-08,2.750517201651338e-07,down
gene-LOC142981655,422.8297564668629,-3.011834026684037,0.5789008025847382,-5.65907102084977,1.5219456788976272e-08,2.797521145686411e-07,down
gene-mRpS18A,1033.3709461825551,2.357687415392309,0.4455031030843589,5.657803288309037,1.533227197399658e-08,2.81307732669963e-07,up
gene-LOC142983258,396.2052509770706,-2.7873258880269285,0.533157537358058,-5.656139988518851,1.5481521183185922e-08,2.8352488610895165e-07,down
gene-Echs1,16570.59347734492,3.6736193683528127,0.715685537926294,5.6531136121474095,1.57567079904726e-08,2.880360850785843e-07,up
gene-Drak,637.1742190582262,-2.8759920444448737,0.5521863720556475,-5.65145780036733,1.5909274794195133e-08,2.9029336694855866e-07,down
gene-LOC142972338,230.1393976818582,2.6439085345867865,0.5054467866633225,5.6443315620410415,1.6582423463273105e-08,3.020240302681184e-07,up
gene-mRpL52,492.46418795714686,2.96645851969042,0.5713179079360314,5.64332515113786,1.6679691162954004e-08,3.032422540937048e-07,up
gene-ssh,470.7613613124311,-3.099657691839741,0.5990455526668338,-5.64260040495286,1.6750079453864886e-08,3.039682600527735e-07,down
gene-ND-PDSW,2398.4816136418444,2.6528023622240133,0.506991805289263,5.6411470835682245,1.6892098201087092e-08,3.059891690472781e-07,up
gene-mgr,719.4143376297461,1.9208152025522205,0.3588150969750822,5.638055717723808,1.7198086782477255e-08,3.1096758002881426e-07,up
gene-RpS12,13498.006628276058,1.9978181889086464,0.3745509249484613,5.637155972296235,1.728815184056764e-08,3.120308201097751e-07,up
gene-fab1,155.9126608559495,-3.2636256352890465,0.6329863383326576,-5.636463749817336,1.7357755317368164e-08,3.1272158090731345e-07,down
gene-LOC142981658,55.194513720702766,-5.889323822425155,1.1562867752662989,-5.633283878097607,1.7681005585502594e-08,3.179713815295521e-07,down
gene-Pis,974.6246062140032,1.82968317620162,0.3410176254980482,5.632210304490626,1.7791454043202677e-08,3.188088021637449e-07,up
gene-LOC142977787,1345.3264549248745,-2.747044614052193,0.5268272542492427,-5.632267735439927,1.7785528665898786e-08,3.188088021637449e-07,down
gene-LOC142986285,152.00344956435535,-2.25415414611753,0.4267699261050238,-5.631675444049903,1.784672984080579e-08,3.19226183765381e-07,down
gene-LOC142981315,293.52741704367287,1.931164122634752,0.3615039766169818,5.629445754775014,1.8078961812397853e-08,3.22801641949093e-07,up
gene-tamo,242.89349878783813,-2.9786419617951885,0.5757819100868344,-5.629026480414501,1.8122957661913472e-08,3.2300935789921137e-07,down
gene-l(3)87Df,677.2343376787327,2.302839929453609,0.4369429582474801,5.627613227258129,1.827202216200064e-08,3.250856563260755e-07,up
gene-LOC142982780,177.92044773502502,-7.706898356066135,1.5456195661770984,-5.627285116573189,1.830679992739683e-08,3.251248577853163e-07,down
gene-RpL35A,27031.04216871344,2.2372001372808548,0.4255785858331528,5.624693432435135,1.8583771067955494e-08,3.294575826452288e-07,up
gene-Sec61beta,3524.5847951492783,3.4041211250080323,0.6643403439536401,5.622477461772138,1.8823813243636928e-08,3.331214184126599e-07,up
gene-mRpL30,478.1443545525383,2.563001534032631,0.4910069225430468,5.619734798226524,1.9125080135828436e-08,3.37853849266732e-07,up
gene-CHOp24,1411.670635745446,2.8044088925121926,0.5407930119153758,5.619205853393717,1.918371798222573e-08,3.382909702837368e-07,up
gene-eca,2296.8292957587378,2.185831649196781,0.4139145336179406,5.617615972334469,1.9361022078891465e-08,3.4081545215064494e-07,up
gene-LOC142977652,792.84372326251,3.077402145479988,0.5980845673959607,5.61047960742873,2.017666484905724e-08,3.545480490465498e-07,up
gene-Catsup,2083.5205446706377,2.0027512768921656,0.3774697619581224,5.60669461659462,2.062270609748256e-08,3.6174908534090237e-07,up
gene-TBCD,403.5738403292037,-1.972469576929418,0.3722146717902383,-5.605253751921141,2.0795007837136e-08,3.6413153196921836e-07,down
gene-Ptip,246.3618583139796,-2.77469794813622,0.5365209013304466,-5.603214523413373,2.104125387054049e-08,3.677981696705161e-07,down
gene-LOC142978301,239.53849942009484,3.1567037330357075,0.6158731688012611,5.60202202905355,2.118656217522721e-08,3.693793379987191e-07,up
gene-mib1,83.09321661618814,-3.644153713579202,0.7146416040054486,-5.601865343466741,2.1205726948528813e-08,3.693793379987191e-07,down
gene-LOC142972534,25.245150440499504,5.149444151390602,1.018496639361947,5.599502885697235,2.1496735535584116e-08,3.737960233112631e-07,up
gene-LOC142978250,256.0980230853018,2.04570086832445,0.3873069681150992,5.59632777684347,2.189395983842269e-08,3.800410663431249e-07,up
gene-RsfS312,220.4200596181311,2.240104731005326,0.4275370040079858,5.587896443276966,2.2983662524693776e-08,3.9826377718570934e-07,up
gene-mRpL12,1150.8434969706898,3.684065288202456,0.7287110352059989,5.585951330998279,2.3242432538392504e-08,4.020497732507722e-07,up
gene-Abl,178.90048851759047,-2.609905133090689,0.5043420814207247,-5.584594130945826,2.3424661669008983e-08,4.040168774785797e-07,down
gene-Arpc4,1652.7496739035207,2.6434995421988745,0.5113544092743312,5.584501809964364,2.3437107710660012e-08,4.040168774785797e-07,up
gene-RpS5,26507.087472508003,1.8437277313281144,0.3483478156149804,5.583829189077691,2.352797948718752e-08,4.043761957509659e-07,up
gene-ubl,771.7890854319712,2.3980132574887207,0.4605325689517195,5.583747928233082,2.3538981037101612e-08,4.043761957509659e-07,up
gene-gdl,228.52217027118408,2.095240563601418,0.3985653192683209,5.581333054965315,2.3868208685622848e-08,4.08625370310809e-07,up
gene-loj,502.4271166161568,2.891224044349823,0.5632220192883148,5.581359806799873,2.3864537156360353e-08,4.08625370310809e-07,up
gene-Pym,465.1821706996671,1.9293872183096925,0.3648038080871097,5.580984457043718,2.3916101812208408e-08,4.087441989514591e-07,up
gene-bark,743.6202732665283,-3.135560864406717,0.6147094880725337,-5.57830481641364,2.428737905017528e-08,4.1438005179452893e-07,down
gene-yata,1195.1931020440948,-2.143107432367521,0.409099221466788,-5.577793985229769,2.4358789280798822e-08,4.14889207869715e-07,down
gene-Rpb12,554.0130645560923,2.120826064497123,0.4042762472410244,5.575253056464121,2.4717029928775152e-08,4.198145460907843e-07,up
gene-LOC142981848,85.44651941548112,-3.286994103954112,0.6452944844493946,-5.575147049148092,2.473208627405883e-08,4.198145460907843e-07,down
gene-LOC142976461,280.9304802776924,2.0648744927013736,0.3930832908108196,5.571273147837747,2.5288448723784384e-08,4.28529722770954e-07,up
gene-Pex3,1548.658387476109,1.6177628842368423,0.3026637668600119,5.568014812602673,2.5765792593536292e-08,4.358786031798064e-07,up
gene-eIF2Bbeta,95.6810713129294,-2.911586302146365,0.5682038982668346,-5.566716633409956,2.5958400915201797e-08,4.3839390784201204e-07,down
gene-JMJD5,608.4397273375522,2.046179444743161,0.3900493981031043,5.561461801131036,2.6752424077112675e-08,4.5027983931477516e-07,up
gene-LOC142983791,738.4079977062216,-4.396564965829805,0.8830557755430988,-5.561482316868937,2.6749278725235704e-08,4.5027983931477516e-07,down
gene-LOC142972278,1542.7713189614967,-2.40017162147976,0.4644194900403923,-5.557371430811005,2.738675722554404e-08,4.601805115625506e-07,down
gene-LOC142972461,443.6091643169261,2.4663280660086477,0.477738332048828,5.552050901484427,2.8233734974608293e-08,4.728203167475929e-07,up
gene-LOC142973869,1950.8538447733547,2.847708066106742,0.557536121548459,5.5523010839924485,2.8193345030751763e-08,4.728203167475929e-07,up
gene-LOC142986840,5048.284841576966,2.091522240486976,0.4006744388520267,5.547919062275355,2.8908963825030756e-08,4.833171992255142e-07,up
gene-LOC142978756,1033.758050424333,-4.406728736758932,0.8884114782757582,-5.5463951025012,2.9161944620563467e-08,4.867313867188026e-07,down
gene-LOC142981861,7346.317255978459,4.478236057688993,0.9206272915635634,5.545417011704989,2.932544019114796e-08,4.886431027509979e-07,up
gene-wts,466.163158407188,-2.306112227774855,0.4455209867764513,-5.54346667388445,2.9654113449903623e-08,4.924753849309286e-07,down
gene-Eip93F,1941.7270041197637,-7.574066851898987,1.568824502522923,-5.543716234360542,2.9611858671220603e-08,4.924753849309286e-07,down
gene-LOC142979881,195.18929574846788,2.082052155127935,0.3991626967578607,5.540201210523696,3.0212430858932845e-08,5.009140737591506e-07,up
gene-FER,181.63585018145463,-2.4520356294653176,0.4760147900507674,-5.539856046958643,3.027203822483282e-08,5.010700058408895e-07,down
gene-poe,2037.138045821404,-2.7878676810631,0.5474062548792556,-5.538833796274882,3.044924396752626e-08,5.023370314708754e-07,down
gene-LOC142973662,2233.1055564712274,3.223070427632629,0.6381695742125649,5.538980348737997,3.0423777644153045e-08,5.023370314708754e-07,up
gene-RASSF8,136.74406310374903,-2.251631116605245,0.4345219711382457,-5.538107350391154,3.057578361821053e-08,5.035922381078536e-07,down
gene-RpL39,11412.157351103551,2.542207676254482,0.4952560337507583,5.532463755473656,3.1576370512376824e-08,5.192154103526081e-07,up
gene-PCB,1235.1133569462872,-3.029590746420925,0.599094484935569,-5.529863777940284,3.204795549119895e-08,5.261030324961459e-07,down
gene-PDCD-5,1552.5439478733315,2.3593394860179013,0.4579408048189382,5.528886177207415,3.2227034643504164e-08,5.273320720878475e-07,up
gene-LOC142976078,647.9776644904053,2.458858294590077,0.4787428242863331,5.528878251079624,3.222849052936448e-08,5.273320720878475e-07,up
gene-LOC142978680,82.70646371294991,-2.4608236909766963,0.4786940773824736,-5.523900933630731,3.3155445598378684e-08,5.416112970825165e-07,down
gene-ClC-b,566.4479706733628,-2.1093916604847007,0.4067494553197972,-5.523230254135589,3.328231049241965e-08,5.427953284719617e-07,down
gene-Ack-like,85.58613706813308,-2.8883476464952293,0.5685242861678218,-5.522356226904273,3.344834723220296e-08,5.446133013452167e-07,down
gene-ttv,244.07945541467657,-1.905534596311942,0.3647543433915866,-5.516381615197324,3.4605040719485896e-08,5.625291716957471e-07,down
gene-LOC142980455,568.4000853898505,-5.607803875728674,1.151070776284097,-5.515398559061132,3.4799042025107724e-08,5.647629893538215e-07,down
gene-brat,663.0850394828152,-5.5774637850712345,1.1468408621799235,-5.509234413623129,3.603977053753082e-08,5.839495937258038e-07,down
gene-Actn,1642.7959564569182,-3.2395208514551435,0.6468457929226541,-5.505902468233978,3.672818379448908e-08,5.941393880920511e-07,down
gene-Dscam1,208.0497687289344,-2.883035039738929,0.5703223159427595,-5.504373620312395,3.704831129468943e-08,5.973815751733361e-07,down
gene-LOC142974900,803.7983018890894,4.294696815575126,0.8744236504811611,5.504470799401874,3.7027882552416863e-08,5.973815751733361e-07,up
gene-LOC142977499,3463.399413540372,4.0192346436048885,0.8133859197478108,5.504003105367935,3.712630034107956e-08,5.976735543617984e-07,up
gene-LOC142980079,99081.87277266115,-4.601047876132696,0.9385585740216986,-5.502807933691334,3.737895660106527e-08,6.007719256605997e-07,down
gene-Mlc-c,11997.492858992577,1.8785319985507871,0.3601666164158105,5.4988779158949805,3.8221563743699936e-08,6.133270542216543e-07,up
gene-RpL34,20860.424118361185,1.9872945574572216,0.3836114228941983,5.497393474350167,3.854460102690804e-08,6.153216636327677e-07,up
gene-tara,415.46814586854094,-2.441603965529683,0.4788076362601696,-5.497599746800748,3.8499555096900656e-08,6.153216636327677e-07,down
gene-COX5A,8144.689610730765,2.5721757007848858,0.5060722581551166,5.497694996934739,3.847877153617669e-08,6.153216636327677e-07,up
gene-mRpL2,651.6253101302972,2.738278800541574,0.5409543775977781,5.497174568175208,3.8592461820870916e-08,6.153216636327677e-07,up
gene-mRpS34,530.9548766174976,2.42508691978428,0.4750539457755742,5.4936876326031445,3.936264707723349e-08,6.266006068227551e-07,up
gene-LOC142977535,210.3455777918787,2.231758343746738,0.4345564384379849,5.490018923283863,4.01890682521477e-08,6.377219240456061e-07,up
gene-mRpS2,378.9890973181868,2.302456873094663,0.4496777578073981,5.49023912787837,4.0138993446783444e-08,6.377219240456061e-07,up
gene-LOC142984303,360.3310244429193,-1.906865292941972,0.3672001958314926,-5.488589375439617,4.051562545850832e-08,6.418832661926533e-07,down
gene-LOC142983036,194.4007805365024,-5.2179704631292925,1.0728620808303897,-5.485556301213991,4.12170253452971e-08,6.519605863255314e-07,down
gene-QIL1,1912.332015808167,4.739556340737705,0.974739059172936,5.484981053906096,4.135137334186192e-08,6.530507236157023e-07,up
gene-Use1,403.3598623152379,2.234232511683922,0.436179131830511,5.48048102193167,4.2417101636613794e-08,6.688232092180762e-07,up
gene-ALiX,1462.8240606372335,-2.2974616576748064,0.4505579150755934,-5.473381505342788,4.4152815476356945e-08,6.950934562610704e-07,down
gene-LOC142981256,229.1821550765301,-1.444391307644244,0.2735017875568384,-5.472691729750847,4.432507827096744e-08,6.96706466492167e-07,down
gene-LOC142973042,479.4595596450905,2.180436075032421,0.4259842923942093,5.466669096480248,4.5857095905530034e-08,7.196535758382e-07,up
gene-Shark,560.2535695747723,-3.958796636465845,0.8081764046300891,-5.464080860274769,4.653114123126511e-08,7.290852757131195e-07,down
gene-Trmt112,399.4141834809814,2.685039110949999,0.533506340489346,5.463509984482701,4.6681100099883335e-08,7.302884954497422e-07,up
gene-LOC142975965,194.31102776488515,5.083511469747099,1.0587674633181647,5.460389601944601,4.750908425066714e-08,7.420785131547867e-07,up
gene-Nhe3,390.845556393325,-2.9671149068805747,0.595265257024608,-5.458496622262069,4.8018299786881915e-08,7.488603908951068e-07,down
gene-Trx2,54043.97390530363,2.190498409882613,0.4313236229993651,5.455850131459409,4.873908903373132e-08,7.589155189480067e-07,up
gene-LOC142975459,140.4056646620871,2.0761087943706915,0.4051453042687475,5.455060324707589,4.895622253501442e-08,7.611091232429578e-07,up
gene-Taf1,278.6540335338257,-1.892090304963588,0.3667623070744938,-5.453276748786157,4.9450017991057286e-08,7.675904036838923e-07,down
gene-LOC142984504,639.5263484500534,2.165771749939806,0.4242446177797655,5.4505289934891445,5.022021426600541e-08,7.783353394239131e-07,up
gene-LOC142974129,23194.658934733045,2.4897351532071097,0.4933966751723858,5.449268224793627,5.0577487400190784e-08,7.82657212002022e-07,up
gene-mRpL33,335.3569269729243,2.6668837848588454,0.5313939522646343,5.447799977965038,5.099666059592283e-08,7.879220888667272e-07,up
gene-ND-B8,1514.3901438195444,3.34997495215803,0.6800307559745227,5.4404473422764665,5.314694764982521e-08,8.198758647494674e-07,up
gene-AIMP1,523.6638686875523,2.5684729903747847,0.5118281058839382,5.434146224737791,5.5059417091471095e-08,8.477541319357634e-07,up
gene-LOC142974572,544.7768739079004,5.941110587284577,1.256547590697663,5.433937230689425,5.512397872220324e-08,8.477541319357634e-07,up
gene-LOC142973437,90.3557789511826,3.625006559300001,0.7429641476444083,5.431774879419244,5.57962848358475e-08,8.567734137639906e-07,up
gene-mRpS12,340.4002251163432,2.678281358289801,0.5361324756255136,5.430606433189747,5.6162871511905765e-08,8.609914368000159e-07,up
gene-LOC142974110,1990.6127774328413,4.1063534744670696,0.846728213900225,5.430350418578719,5.624350433760248e-08,8.609914368000159e-07,up
gene-LOC142972233,137.68196816375703,-3.0790122796010237,0.6225054178886977,-5.426581069854902,5.7443740242157427e-08,8.780183328590708e-07,down
gene-LOC142976161,2144.1385742283583,4.27165586788224,0.8845320909630859,5.425329470387907,5.784773558526935e-08,8.828413591384913e-07,up
gene-Fak,573.3092992340772,-2.955204318510246,0.5968229318620548,-5.42346787463638,5.845372478296784e-08,8.907276748989343e-07,down
gene-Polr3F,317.946884458528,1.813070767290324,0.352116457060019,5.422852340188551,5.8655444216659144e-08,8.924390072049921e-07,up
gene-LOC142982786,1643.192726128257,5.049495485645233,1.0591182634062717,5.418002730931682,6.02684958655164e-08,9.155857796555848e-07,up
gene-LOC142980727,128.66776417646557,-2.598120904975044,0.520021927590627,-5.416660982227578,6.07223192742362e-08,9.210782198725708e-07,down
gene-Ankrd49,393.4977231389915,2.406898080518564,0.4797272973017089,5.411163393078226,6.261660516438888e-08,9.483707680512372e-07,up
gene-NKAIN,129.275503068572,-2.8056988802534075,0.5660438591589129,-5.409372991369492,6.324578512227967e-08,9.564487595537476e-07,down
gene-BmDJ-1beta,3308.5225480091303,3.1141228673400634,0.6337245541967234,5.40609696571979,6.441293413251806e-08,9.72625560630352e-07,up
gene-Tao,77.90988231648535,-5.807832976712472,1.2044981312527898,-5.405227587615126,6.472615415887806e-08,9.758787683682202e-07,down
gene-FASN1,74.08012481529585,-5.382201842009963,1.1071759005097856,-5.401900573375344,6.593849746301478e-08,9.926578328481906e-07,down
gene-LOC142976234,39.026374819124094,2.7283877676901187,0.5493855838250769,5.394582599264998,6.868302629373318e-08,1.0308650908838358e-06,up
gene-LOC142985061,562.1304419609762,-2.818240677958717,0.5710661848319788,-5.394709849880402,6.863437035986651e-08,1.0308650908838358e-06,down
gene-LOC142985254,191.4604638207473,-4.348150751981129,0.906921420657202,-5.392987512073506,6.92957703053381e-08,1.0385001252516211e-06,down
gene-LOC142976875,4434.565011853765,1.6829660039610743,0.3273082635945583,5.391828657490493,6.974425549897401e-08,1.040871157414658e-06,up
gene-mRpL32,592.2007070399454,2.1972284148301773,0.4363427512233496,5.391770498419397,6.97668374221427e-08,1.040871157414658e-06,up
gene-LOC142982398,260.2841364274228,2.357940332847824,0.4710285319730727,5.392078174034215,6.964745388380552e-08,1.040871157414658e-06,up
gene-LOC142984185,4484.670989274183,3.481620847172792,0.7169928302326745,5.388157714464135,7.11835747627047e-08,1.0604227756814263e-06,up
gene-Pi3K59F,252.08950784728992,-3.8841481588879136,0.8058401972124616,-5.386750968819992,7.174272804095804e-08,1.0671597147195264e-06,down
gene-mbt,155.74708428712196,-2.1796530009832704,0.4332506107848362,-5.385802128528803,7.212227306092017e-08,1.0696172472823835e-06,down
gene-LOC142985264,510.7022717120642,2.664011179545976,0.5379137336126508,5.385813727998091,7.211762144331404e-08,1.0696172472823835e-06,up
gene-LOC142982572,2915.292530115578,2.1503720003716187,0.4268985838597641,5.3832631093808585,7.314749468359367e-08,1.08321238047025e-06,up
gene-mge,1486.0145316419246,1.6269444666794368,0.3161131303144123,5.381223386531453,7.398131846197764e-08,1.0939370956577762e-06,up
gene-mRpL47,681.3446009427922,2.0100676178045758,0.3973047565108621,5.378771814070887,7.499568949952585e-08,1.1072958238088277e-06,up
gene-LOC142987909,108.0861140370493,2.790386542329768,0.5664205317218083,5.376827421130968,7.580977413407943e-08,1.117662268289877e-06,up
gene-Ndufs8,2118.5512593062344,2.0018708945925927,0.3958289215614068,5.375167950034387,7.651133037112843e-08,1.1246827517440835e-06,up
gene-Usp14,1318.346820270055,-2.947667177477569,0.6018770438897781,-5.375240551845356,7.648050621391162e-08,1.1246827517440835e-06,down
gene-LOC142977011,4943.007382095367,5.364971672593677,1.141059389081505,5.3743002661264025,7.6880650638515e-08,1.128449667680909e-06,up
gene-Srp9,569.3473452995621,2.7287165030602183,0.5540097476387584,5.372867386961683,7.749432296809813e-08,1.135786839272522e-06,up
gene-Cse1,115.43062556944945,-2.1240356783214067,0.422305569913133,-5.371692129500995,7.800119999641894e-08,1.1415395559593216e-06,down
gene-Uba3,253.61551065757988,2.47870206383565,0.4994271541293268,5.370044508056164,7.871721210945761e-08,1.150331616492674e-06,up
gene-LOC142981893,37169.80977214119,4.715557210223313,1.0088718468084146,5.368496483612632,7.939573892461507e-08,1.1585509798341855e-06,up
gene-LOC142977939,4184.88927418328,2.1179194195530613,0.4225762011370261,5.36724051015662,7.995041325344172e-08,1.164941714865112e-06,up
gene-LOC142979493,256.9926741474612,-4.407656091567894,0.9256071271920328,-5.366186307726337,8.041887472273648e-08,1.1700594586117091e-06,down
gene-LOC142979988,8100.165921292458,-3.934785421175084,0.8223699780700746,-5.364397808074878,8.121972646507926e-08,1.179991397158597e-06,down
gene-Dtwd2,66.41831676919661,2.180096498992685,0.4350210106921828,5.362301706015507,8.21681476740247e-08,1.1920352935093611e-06,up
gene-LOC142981447,1026.9421783794176,-1.8376385875007653,0.3626505632590644,-5.361464146752627,8.255010839595503e-08,1.1958383626996038e-06,down
gene-LOC142985129,364.68122142476926,3.336867755494578,0.690687111516739,5.360143302281814,8.31559626770623e-08,1.2028690775068966e-06,up
gene-ksh,311.2505120471104,3.3555758358778736,0.6944722409229481,5.359262644616031,8.356229895815631e-08,1.2069975483377108e-06,up
gene-LOC142973648,4311.03536280342,4.643022510457668,0.982140645984523,5.358891278416416,8.373422339534593e-08,1.207733068943566e-06,up
gene-LOC142980570,117.4160991781413,-2.706201757213931,0.5497334561218222,-5.358581917090829,8.38777040601404e-08,1.2080568026324117e-06,down
gene-Cox11,485.2775277516512,3.269707877968848,0.6755679856594636,5.356162443139766,8.500808847474806e-08,1.2225730995193952e-06,up
gene-MED16,41.79522984785539,-3.3628305754770778,0.6896303670761839,-5.352424866986691,8.678334041600241e-08,1.2463086628663598e-06,down
gene-cry2,1338.3819659724152,-2.076735396505601,0.4147510527409768,-5.348102438121471,8.88811581213663e-08,1.274601780473214e-06,down
gene-Cand1,399.7461366454468,-1.8977608637112535,0.3763956674340574,-5.346501838134609,8.967037084985133e-08,1.284074564494069e-06,down
gene-RpL22,42609.49243550942,2.078445469321742,0.4157462866976994,5.345726087247399,9.005530954678555e-08,1.2858970594942296e-06,up
gene-mRpS14,430.9000779418907,3.1323684571410784,0.6466683831926562,5.3459060639011255,8.996586027878649e-08,1.2858970594942296e-06,up
gene-Rho1,15364.454797781276,1.8467651095662363,0.366258265533836,5.3433789203999815,9.122977581385352e-08,1.3008062748543886e-06,up
gene-sfl,275.9215576969072,-2.558663175281392,0.5207311300911156,-5.338656379659732,9.363792134660781e-08,1.33323836370969e-06,down
gene-LOC142979131,30357.67676709649,-3.180557311399603,0.6599591543888103,-5.33809805020019,9.392666322523666e-08,1.3354444809844545e-06,down
gene-NUCB1,1501.8651219785304,-2.200505005061883,0.4428759258950578,-5.335252007140829,9.54119500896766e-08,1.3546325374751951e-06,down
gene-Sod1,8728.067666766723,2.5149483956367216,0.5118853008193761,5.334854646187789,9.562112430189729e-08,1.355673922808575e-06,up
gene-RpS28b,26629.23129276612,2.2912968592029204,0.4629291510243429,5.3311508352796375,9.759231551893717e-08,1.38165801587874e-06,up
gene-MED7,548.6138055857978,1.7778389256970886,0.3515373164886848,5.329285384636923,9.859995785904389e-08,1.3939464297324602e-06,up
gene-LOC142972939,541.1977010816548,2.282782673370825,0.4613327917542206,5.326612998146219,1.0006104087392657e-07,1.4106062838455662e-06,up
gene-odd,49.55661104325764,-2.778985351803605,0.566797097558077,-5.326813146785823,9.995089083117643e-08,1.4106062838455662e-06,down
gene-LOC142974709,29.58305012442345,-5.183492736083265,1.0719840868965869,-5.325173623601241,1.0085665614615463e-07,1.419817045126614e-06,down
gene-Gbs-76A,350.92060428197084,-2.887787519946839,0.5962526731065757,-5.322514447057233,1.0234265341782049e-07,1.43870707572291e-06,down
gene-Not1,1763.95209895316,-2.6668169331975102,0.5474544140067992,-5.320780139094032,1.0332321104542909e-07,1.4504486208782388e-06,down
gene-LOC142979429,190.1399697943908,-3.319046387687065,0.6924746609715887,-5.316270653731021,1.0591557236349597e-07,1.4847518648315357e-06,down
gene-LOC142974728,3071.630550583474,3.771509038001293,0.7963494950782589,5.315037298265695,1.066354822821884e-07,1.4927471930694562e-06,up
gene-LOC142976054,36.3856113557187,3.508234694378216,0.7368474764879682,5.306488858319886,1.1175698862137197e-07,1.5622500048038004e-06,up
gene-LOC142986528,2236.766642611712,2.343338410342958,0.4769143529728515,5.305100325416818,1.1261104419337361e-07,1.5697916649358404e-06,up
gene-fabp,174407.71349688552,4.279288726358373,0.9071362025470688,5.305114657157704,1.126021968858477e-07,1.5697916649358404e-06,up
gene-LOC142977347,1235.771887479889,-5.45982466530098,1.1803737179541918,-5.302320435469495,1.143399130948852e-07,1.5916689994421885e-06,down
gene-Rabex-5,1426.021002276783,-2.6001155523737345,0.5351687640890755,-5.3020438415116535,1.145133306242809e-07,1.5918628871322391e-06,down
gene-Scox,1990.5467694858885,3.472628929666823,0.7296390460018791,5.300684314157018,1.1536942715114385e-07,1.6015330353206766e-06,up
gene-LOC142974580,223.73660513591324,2.0808170888151296,0.4197289344129861,5.29861788477604,1.1668253314385673e-07,1.617511615706714e-06,up
gene-LOC142985595,862.4263688477067,1.6186335061322483,0.3198189106372465,5.294850043025636,1.1911411550923083e-07,1.6489292467373549e-06,up
gene-kay,2446.106402906234,-2.4084986124954115,0.4933355691812047,-5.292224278867772,1.2083757067340918e-07,1.670470627273265e-06,down
gene-LOC142976629,3869.870126916499,-4.264808683668874,0.911963856449569,-5.290970720901142,1.2166884518833616e-07,1.6796358835750803e-06,down
gene-LOC142987658,20549.841553538063,6.446998034746032,1.4180089791513524,5.290643483944063,1.2188675558985378e-07,1.680320038041893e-06,up
gene-LOC142981547,415.01550600880864,6.027904100448454,1.3248742778386846,5.288679332308102,1.232026611278301e-07,1.6961182906439613e-06,up
gene-LOC142977558,6304.529557145495,2.8617701921975502,0.5942500105131743,5.286630893674495,1.245896754713113e-07,1.7128506210456723e-06,up
gene-LOC142985185,59.04871225877508,2.392557573303697,0.4895329080622028,5.282312232288601,1.2756355033236474e-07,1.7513229654296183e-06,up
gene-osa,363.9980252830582,-3.5093983834680675,0.7417581498200994,-5.280316099866042,1.2896120490895186e-07,1.7680793766431987e-06,down
gene-Prpk,52.855097562395166,3.215034093829481,0.6738217692789883,5.279878917342491,1.292692836339997e-07,1.769872043828465e-06,up
gene-px,73.76344430618032,-6.877255642462509,1.45380592791006,-5.279520254773177,1.2952256158797894e-07,1.770910530424134e-06,down
gene-Rbcn-3B,262.03954359572737,-2.807598692339137,0.5835264456164038,-5.278673025955455,1.3012275991685658e-07,1.7723898612001096e-06,down
gene-LOC142976110,435.3624672506068,2.9714474330999496,0.6206890343428537,5.278615672776059,1.301634874521271e-07,1.7723898612001096e-06,up
gene-Efa6,715.0944262324616,-3.722112181395088,0.7915905410836176,-5.279072171701196,1.2983966052213688e-07,1.7723898612001096e-06,down
gene-LOC142974625,2132.124595457679,3.0759424613573123,0.6440071884180408,5.2778195379084405,1.3073011260166554e-07,1.7776801823940374e-06,up
gene-LOC142980556,1302.7423177225678,-3.1754522400779552,0.6675311667493365,-5.277002645872917,1.313139911372397e-07,1.7831904020963115e-06,down
gene-LOC142975022,3862.1224509249937,5.94889329894629,1.3083243448359685,5.276719475246821,1.3151697725754245e-07,1.7835203125102325e-06,up
gene-LOC142974031,198.78730244283463,1.5893793635924731,0.3152025040453837,5.274837244028984,1.3287395829590038e-07,1.799477581752214e-06,up
gene-LOC142976988,548.662925374506,2.47998365225634,0.5106347111037474,5.274493450434622,1.3312327239300248e-07,1.8004110863882896e-06,up
gene-Sarm,768.5621597518399,-1.813850301586784,0.3642211955866471,-5.270103653798164,1.3634673979092334e-07,1.841511244726936e-06,down
gene-LOC142973597,637.2284833329967,-1.820181819370707,0.3657244468332807,-5.268278393985002,1.377091539428036e-07,1.854892126185051e-06,down
gene-eIF1A,4236.016320474337,1.950431720781306,0.3935320658951014,5.268367309973485,1.3764248105756625e-07,1.854892126185051e-06,up
gene-LOC142980107,170.64305990649183,-3.115923623477464,0.6554609253542497,-5.26327298351714,1.4151321701993918e-07,1.9035625594016348e-06,down
gene-LOC142986766,68.5255160122084,-3.804514541474657,0.8079616860270001,-5.262202628595146,1.423397678760817e-07,1.9121039342815224e-06,down
gene-RpL12,20660.784817201344,1.8954821241358628,0.3829254202135378,5.261913379083803,1.4256393273470417e-07,1.9125411460014542e-06,up
gene-RpL19,35205.8497116022,1.8483916922273935,0.3734413661878525,5.260970738261947,1.4329684004847537e-07,1.9164147334200063e-06,up
gene-LOC142972672,831.4133063355727,2.459304520537092,0.5073688433831414,5.261010701326382,1.432656947541568e-07,1.9164147334200063e-06,up
gene-LOC142979541,35.668085216362456,-4.947308664999,1.047148469455777,-5.260801645778468,1.434286951071781e-07,1.9164147334200063e-06,down
gene-LOC142978898,38.154858650910256,-3.778592657746697,0.8001482785905855,-5.259081519697258,1.4477670231187957e-07,1.9318399275065104e-06,down
gene-LOC142973332,5495.561299359887,2.5948216290410038,0.5379193194311751,5.257108677994784,1.463378425629746e-07,1.9500640942871155e-06,up
gene-mRpL39,199.21670038659803,2.242308740217927,0.459413302972315,5.255964521933545,1.4725067718230597e-07,1.959612011942128e-06,up
gene-LOC142973009,6714.384584372766,1.6327439273763162,0.3266252476090515,5.255256840485234,1.478180360376057e-07,1.961930608632105e-06,up
gene-LOC142976686,73.07983468005573,-6.248220287542791,1.3110873444321476,-5.255407558743357,1.47697026033579e-07,1.961930608632105e-06,down
gene-epsilonCOP,1995.5016698621369,1.78587203097848,0.3587030557870868,5.2545709892601264,1.4836991035350866e-07,1.9666402061598536e-06,up
gene-Kr-h2,1957.2008630093685,-1.9584178653153208,0.3977303717905428,-5.253349627991987,1.493576238830426e-07,1.977106689624202e-06,down
gene-osi,943.955664718891,2.577597576403015,0.5350833299495604,5.251911057382947,1.505291517049885e-07,1.9899754479039603e-06,up
gene-bai,3861.1416917465,2.5296749948911748,0.5239976182466746,5.246309260274791,1.551763413156978e-07,2.048697172846534e-06,up
gene-Sgf29,48.789211633992544,-3.219544502776737,0.6785048790949115,-5.2447666708933625,1.564802285474845e-07,2.063182511403491e-06,down
gene-LOC142985465,537.9002244910466,1.9153490333502772,0.3881007824736412,5.244168005490103,1.569891041649739e-07,2.067161277929557e-06,up
gene-LOC142974862,951.6226226568156,2.360271443422389,0.4870805721989475,5.241977357449583,1.5886486872092818e-07,2.086355598294189e-06,up
gene-LOC142977604,748.8557691188602,-3.1843987105128773,0.6748682111002708,-5.242164996672945,1.5870335578695936e-07,2.086355598294189e-06,down
gene-Sec71,1281.8476203177163,-1.9550600103526752,0.3982971220941006,-5.241530683922528,1.5924998864696004e-07,2.088665094198828e-06,down
gene-singed,201.0729934608399,-2.3336512124523816,0.4816944576818126,-5.240750784041435,1.5992458015426628e-07,2.0947601502883617e-06,down
gene-fkh,858.1028900710363,-3.1571001314953904,0.6695199505441423,-5.236690461382189,1.634815283620037e-07,2.135744940551255e-06,down
gene-ND-MNLL,1771.924596427693,3.493091898601969,0.7462600130249225,5.236756084029556,1.6342343770957852e-07,2.135744940551255e-06,up
gene-Atet,1451.5285517071331,-4.230097259434711,0.9168452386292358,-5.23519862848831,1.6480753183393593e-07,2.1502535623980583e-06,down
gene-DENR,1113.6329476362282,2.70510327674841,0.5665254980340325,5.231534935714104,1.6810825510991633e-07,2.1904549533316905e-06,up
gene-LOC142987400,269.5489006152822,2.244069747901968,0.4629044241536416,5.229277553309365,1.70173721331886e-07,2.2115936362155656e-06,up
gene-LOC142980532,172.2749012983543,-2.3037170750808293,0.4759205836669823,-5.229366170054285,1.700921778431756e-07,2.2115936362155656e-06,down
gene-LOC142978889,552.4380206700499,-1.5798081476576753,0.3168589129425644,-5.222035243531801,1.769672771351608e-07,2.2968925787854875e-06,down
gene-LOC142987447,479.4318366043208,2.187942293991922,0.4508762939814374,5.221670406685502,1.773163553975733e-07,2.298434471718414e-06,up
gene-Sbat,501.5253398725086,2.632456442041742,0.5513594051852599,5.2213293761425845,1.7764325752334177e-07,2.2996852831912764e-06,up
gene-LOC142974394,1512.051114573767,2.061984653384685,0.4226595418811719,5.221032909948986,1.77927914888917e-07,2.3003866820029542e-06,up
gene-Bap111,322.0632342922719,-1.9370229450067329,0.3954753133790614,-5.217446979201055,1.814061274441191e-07,2.3423215498315044e-06,down
gene-LOC142973727,97.89618908803902,-5.3421823517704565,1.1667573498554973,-5.215791745426322,1.830337260239617e-07,2.3602837460531803e-06,down
gene-Btl,2003.9164865045796,-3.216139367195888,0.6868483426660085,-5.212851708114636,1.8595954775449206e-07,2.394919027274304e-06,down
gene-Oatp30B,1014.4097881766252,-5.314125127068813,1.1743049878346783,-5.211578517157277,1.8724056450202026e-07,2.4083093740910618e-06,down
gene-LOC142975468,1309.9576159749,1.8773417390359652,0.3824573057297874,5.210807349013894,1.880206163545885e-07,2.41506922460825e-06,up
gene-LOC142977224,6353.577189156646,2.741907201243727,0.5778750192234298,5.2105811062058285,1.882500607900229e-07,2.41506922460825e-06,up
gene-shv,1985.697602501643,3.0328144538635198,0.6450013255824425,5.207114302344289,1.917999563406349e-07,2.457452328929239e-06,up
gene-MED21,636.9088013052707,1.6035408847982695,0.3227988907035745,5.205718744496554,1.9324715400670708e-07,2.4728203130012093e-06,up
gene-BI-1,14017.983633432696,1.6915665915295124,0.3427697650852225,5.204998843799875,1.9399781411374154e-07,2.4786309423473797e-06,up
gene-BCL7-like,176.39476279981068,2.0487694457197057,0.421153417848321,5.204807396164805,1.9419791573145486e-07,2.4786309423473797e-06,up
gene-betaCOP,512.1316329747505,-2.3115294322534266,0.4805475544829535,-5.204037197801651,1.950049468461841e-07,2.4857527132461858e-06,down
gene-LOC142979207,425.3819352837632,2.4796880728593504,0.5190045101910274,5.201317884893688,1.9788031200660417e-07,2.519188002726934e-06,up
gene-ND-SGDH,2678.792507504771,2.6763328759518905,0.5646981113326519,5.196804310596827,2.027435891427648e-07,2.577813711126032e-06,up
gene-Arpc3A,4911.873823991816,2.409026794975806,0.503244713557061,5.1958486776834185,2.037879804727866e-07,2.5877962253166453e-06,up
gene-GSTt1,880.9433695976101,2.0491098989408854,0.4220395491670879,5.195558359350747,2.0410629175862445e-07,2.5885449784534063e-06,up
gene-LOC142973605,1655.9249310386642,2.058879384979731,0.4245535734615078,5.191959816895137,2.0809192169963446e-07,2.6357429828477808e-06,up
gene-LOC142987440,1066.6805168310568,1.7092610384515563,0.3467546574914229,5.191408020204377,2.0870968677245105e-07,2.640217216319181e-06,up
gene-Lipt2,301.3820748572504,1.902846318535525,0.3901358178284199,5.190087327615485,2.1019547685259374e-07,2.6547524246194112e-06,up
gene-ATP8A,294.9793408246254,-2.923152891492065,0.6221960507524293,-5.189914504445805,2.1039065903957065e-07,2.6547524246194112e-06,down
gene-LOC142977327,229.05425379087683,-1.772859601803228,0.3613936385862885,-5.18874558013084,2.1171541925639915e-07,2.66809545403803e-06,down
gene-Noc3,88.29475875186763,-2.590055040819078,0.5442361577294456,-5.185862327040144,2.150176103900056e-07,2.706293530015947e-06,down
gene-LOC142977989,458.3563648286021,-4.1129924890173095,0.9003127998718149,-5.185126220626935,2.1586861627955538e-07,2.713582694063277e-06,down
gene-Sik2,718.5766744871536,-2.7473748117288936,0.5831576544663071,-5.183198618983105,2.1811254847763118e-07,2.738341316170109e-06,down
gene-LOC142981018,790.3045682224073,-1.072256962740295,0.2116131789638493,-5.180598687992196,2.211748738770028e-07,2.7725966489102805e-06,down
gene-LOC142972377,183.00915876025672,-1.5519516657323988,0.3135141594962514,-5.180177895517815,2.2167439393151027e-07,2.7725966489102805e-06,down
gene-LOC142985294,1348.2976111277894,2.2750692466688864,0.4746630385625625,5.180233499598276,2.2160832423039489e-07,2.7725966489102805e-06,up
gene-LOC142978495,225.8171052114236,2.3416407434281337,0.4903566986921959,5.1785931184295455,2.2356547479702627e-07,2.7927496920514626e-06,up
gene-Taf2,246.07044480666696,-2.0941711011986075,0.43420007320601,-5.177333059987046,2.2508019106433385e-07,2.808156733766395e-06,down
gene-mRpS21,282.8334252745402,3.030852187041436,0.6498891829642295,5.1748872081462896,2.280487037186435e-07,2.8416405890334343e-06,up
gene-Klp10A,129.52735285277944,-3.169664509859709,0.6813796466750337,-5.173868039364845,2.2929679548641774e-07,2.853630069513635e-06,down
gene-l(3)72Ab,621.526000375181,-2.0702058080584718,0.4299707407904637,-5.172288397498799,2.312443040791304e-07,2.872080561753899e-06,down
gene-Rpn2,4585.878092372155,-2.3397971100468697,0.490823074479865,-5.172199117539287,2.313548513826405e-07,2.872080561753899e-06,down
gene-LOC142981999,1399.2397651584618,1.9226078630304104,0.3958379727709145,5.171542477443159,2.3216947970613445e-07,2.8786131390645064e-06,up
gene-LOC142984411,90752.25889686578,-2.516049970645311,0.5398741619453757,-5.16896471377626,2.353943329240708e-07,2.914976224460484e-06,down
gene-LOC142975933,220.54416826811328,2.921480874684259,0.6255932759048386,5.168560465618032,2.3590396801850715e-07,2.9176672921842872e-06,up
gene-RpS8,30086.473176783635,1.7579139399963717,0.3604849025329999,5.167785796128336,2.3688357315285414e-07,2.92615710846366e-06,up
gene-mRpL55,236.19328649097903,2.7914689845967,0.5955648730520896,5.166580899900334,2.3841503437885722e-07,2.9414344352724024e-06,up
gene-Uqcr11,3940.107427879235,3.7975473030383786,0.8307788410765797,5.166175546422051,2.389323984784506e-07,2.944178110140019e-06,up
gene-RpS30,28644.52716629016,1.9553002898423573,0.4061707541612747,5.1631053235908135,2.428863838292343e-07,2.98034044733963e-06,up
gene-LOC142973205,2036.2510801013348,-2.311459274136636,0.485389500266138,-5.162970444619025,2.430615293191523e-07,2.98034044733963e-06,down
gene-Uqcc1,269.93379061872025,2.467927467979958,0.5209628601019591,5.163616729064524,2.42223411199401e-07,2.98034044733963e-06,up
gene-CAHbeta,251.017519699801,3.266564310155154,0.7068847051077305,5.163305091922441,2.426272010322621e-07,2.98034044733963e-06,up
gene-LOC142984096,1881.116691383231,1.371086957640825,0.2754179037557218,5.158598192791991,2.488056129975108e-07,3.0470292310774917e-06,up
gene-Tnpo,593.9711504667125,-1.5401045258506614,0.312552233745421,-5.157428891221719,2.503638817583873e-07,3.058606981432636e-06,down
gene-LOC142973583,248.86086126250112,1.993134705177796,0.4130380003489973,5.1574818077903295,2.502931593223971e-07,3.058606981432636e-06,up
gene-LOC142981091,367212.3066694604,2.3464617828140155,0.4990954621926707,5.156516530787124,2.515862817937805e-07,3.0697832256524736e-06,up
gene-RpS2,21938.431966373504,1.5154232605307312,0.3072214009529507,5.15549157391343,2.529664176882057e-07,3.0828544749035173e-06,up
gene-LOC142972533,42737.16561822312,4.114930651931328,0.9060698479908948,5.154523946552905,2.542760670976871e-07,3.0950358850024573e-06,up
gene-LOC142980148,1733.747055033674,-3.577897133995749,0.7810678806065037,-5.152824139986652,2.5659256998064175e-07,3.1176052401270075e-06,down
gene-LOC142979995,83265.88887746572,-4.098202460649756,0.8990696086422328,-5.152705519444472,2.567549852103397e-07,3.1176052401270075e-06,down
gene-Pi4KIIIalpha,92.1998712693906,-4.671952464697017,1.0332507798778192,-5.149816939496814,2.607408207827952e-07,3.1621556892260973e-06,down
gene-boca,918.3039511271212,2.739356923678512,0.5854278177581129,5.148953191386642,2.61944234918945e-07,3.1728949135024157e-06,up
gene-mRpS11,370.97756727477673,3.2100510842550407,0.6969263529709819,5.145160724927889,2.672918645609297e-07,3.233745575978956e-06,up
gene-LOC142983526,355.3489887051439,-2.6658984216836457,0.5695433967279332,-5.14314746563201,2.701733841109237e-07,3.264649572410568e-06,down
gene-LOC142987248,521.927141615828,-2.0622565671138022,0.4309655096390544,-5.139560586807603,2.753816900335311e-07,3.32356063872391e-06,down
gene-LOC142972431,364.51503941960976,3.181104785208895,0.691069389927912,5.137554726695127,2.783364251890633e-07,3.3551640818986e-06,up
gene-TfIIEalpha,180.14242689743125,1.6543010896973585,0.3389426830839013,5.136295930612071,2.802063079608181e-07,3.373629867016798e-06,up
gene-Ets,206.212118681173,-2.06105736565781,0.4308669819621645,-5.133581708742502,2.84279528440783e-07,3.418546955864404e-06,down
gene-kto,251.5312716433632,-3.0596575230937693,0.6632246367254832,-5.133098141298784,2.850111920478964e-07,3.42322106838755e-06,down
gene-Dlc90F,1257.7910979928251,1.6592431090784274,0.3402628466188436,5.132161974383443,2.864328346788639e-07,3.436161205444399e-06,up
gene-LOC142975871,201.71904514938217,-2.6495412031438192,0.5671492091858686,-5.13081425528908,2.8849148295324245e-07,3.456702870775886e-06,down
gene-mEFTs,481.19355720447993,2.457377688032572,0.5224767702817622,5.12972020433316,2.901731520732011e-07,3.4726837300271223e-06,up
gene-LOC142977527,551.9011405132158,-2.1038134278498988,0.4413691126159533,-5.129376260485003,2.907037821941081e-07,3.4748676048855e-06,down
gene-LOC142979577,346.0365977636647,-1.259085696496843,0.2534850387241675,-5.12515409140186,2.9729450413703205e-07,3.5493976624302835e-06,down
gene-mRpL10,886.434442800772,1.8560450252847576,0.3848423133703458,5.124171578476999,2.988487552888796e-07,3.563691071132983e-06,up
gene-LOC142973734,730.3173614101921,2.676081907739387,0.5743400110073901,5.123440666725568,3.0001008148761895e-07,3.5732704335655427e-06,up
gene-AIMP3,309.9121389725931,2.9593172224369533,0.6411373964583907,5.122320713877239,3.0179800308384655e-07,3.5902811308460933e-06,up
gene-LOC142981742,2107.5427399141304,4.599638326922437,1.0335511455360122,5.121717444975664,3.0276533618030105e-07,3.59750097668522e-06,up
gene-LOC142979790,143.3507872936827,2.431307655358714,0.5175101577922433,5.121038864334062,3.038570083636665e-07,3.606179310912908e-06,up
gene-LOC142982670,1888.8318959052688,-1.2571058335602288,0.2535188115643557,-5.12027373043909,3.0509248264297804e-07,3.616541649951976e-06,down
gene-mRpL41,443.23523263723183,2.74412229136502,0.5912283840021961,5.118677148292676,3.0768614958357894e-07,3.6429602123294206e-06,up
gene-ATPsynD,10395.321809718756,3.1196535482068017,0.6796810212397858,5.116215898497106,3.11726233127682e-07,3.682496059746403e-06,up
gene-fax,57.77679735429276,-3.9037343278481114,0.8600780792296789,-5.116193479786863,3.117632672563582e-07,3.682496059746403e-06,down
gene-LOC142979145,6017.931339002246,6.220151466358148,1.4336818380337977,5.1146339426606575,3.1434996510556e-07,3.708660758532617e-06,up
gene-LOC142975769,2415.379904643368,2.477270761426468,0.5292490346871137,5.11169207803392,3.192859582339547e-07,3.7624476377014183e-06,up
gene-LOC142974820,740.3247711851827,4.97208156570454,1.1295043458325942,5.1088798779745845,3.240742954229058e-07,3.81436974365097e-06,up
gene-LOC142974641,276.57600818678225,2.511650348774241,0.5379132685812233,5.108157441405058,3.2531553761623845e-07,3.82446923550963e-06,up
gene-HSPC300,693.0931489542327,1.7157080760833492,0.3546864171284257,5.106347452956735,3.284455260612164e-07,3.85435082504322e-06,up
gene-LOC142983715,247.21854175076956,-2.4379390779749306,0.5210805514715257,-5.106241497377638,3.286296515491213e-07,3.85435082504322e-06,down
gene-LOC142974122,141.981858586968,3.3317103705609297,0.7325175729543149,5.1059512694996645,3.291345087179975e-07,3.8557412341717525e-06,up
gene-w,759.5269164432216,-5.195456628631213,1.1795723297353278,-5.103957957268116,3.326222008766793e-07,3.89203069982431e-06,down
gene-Smr,754.4214213514997,-2.601964343778453,0.559815359015775,-5.103449622094976,3.335173267135601e-07,3.894517514489499e-06,down
gene-LOC142976727,24.857844003066123,4.701981924607336,1.0439173557494013,5.103394168004476,3.336151162096505e-07,3.894517514489499e-06,up
gene-twr,1104.959574016815,3.0206820943865784,0.6588565293488782,5.101871960048612,3.363102596104407e-07,3.918597960138341e-06,up
gene-LOC142980962,116.6683166599696,-4.219363630601878,0.941135336683978,-5.101785975405,3.364631251215869e-07,3.918597960138341e-06,down
gene-Hrs,6485.41188550264,-2.7365708705453096,0.5922875755331287,-5.101496306986239,3.369785981656765e-07,3.9200272590811394e-06,down
gene-LOC142973514,607.3050473068166,-4.451060144637574,1.0006959122468548,-5.101270598378936,3.3738078128753735e-07,3.920136877800826e-06,down
gene-LOC142980022,290.6628923706847,-2.1561768102747148,0.4563950117533119,-5.1002155980212525,3.392668062024636e-07,3.9374674333799865e-06,down
gene-LOC142976573,376.1267384317916,5.064763444828227,1.157465129745628,5.099712452785771,3.401698597090171e-07,3.943362798787108e-06,up
gene-Vha14-1,6580.2845665326,3.076697147603659,0.6724804475033691,5.098196767288221,3.429042824526115e-07,3.970449702041201e-06,up
gene-LOC142980128,58.0750744006918,-4.100211432288383,0.9064876508591988,-5.096842557574434,3.453653268389306e-07,3.994312082478987e-06,down
gene-LOC142976737,40050.47158272156,4.545832651211679,0.9962056522702236,5.096538262288932,3.459206728140908e-07,3.996104439071111e-06,up
gene-Alg1,503.33885644224097,3.1816500277833666,0.6989443851616535,5.091165632220683,3.558689853119719e-07,4.106275540345424e-06,up
gene-LOC142978573,698.5019492132975,-1.5053287596867544,0.3093560250359024,-5.090200646782791,3.576848295247645e-07,4.122462221116253e-06,down
gene-LOC142976997,9743.358604542693,5.810694625245858,1.344397635329884,5.086939727553629,3.638874141962846e-07,4.1891122042596495e-06,up
gene-LOC142978044,5045.262297615404,-5.846344787026934,1.3434208867357422,-5.08670784311131,3.643324124258548e-07,4.1894030050949954e-06,down
gene-LOC142976324,850.4445827694454,-3.5784864809752763,0.7947836452172611,-5.085891140233088,3.659038937806719e-07,4.202631488866382e-06,down
gene-LOC142976246,343.4560939922493,-2.9884241881941547,0.654448330738271,-5.08471311660608,3.681821490472286e-07,4.223937965103895e-06,down
gene-LOC142980254,374.0428574814511,-3.056963305537176,0.6703479978261639,-5.084330467681855,3.689251195556936e-07,4.227602317204797e-06,down
gene-LOC142977148,5392.821804019458,1.8212056849199665,0.3811305772376144,5.08357006285791,3.704058571373691e-07,4.239702821201928e-06,up
gene-LOC142974073,3745.984593115205,-3.121459281038053,0.687655180581651,-5.07731805782757,3.8279977559317e-07,4.376545887967274e-06,down
gene-RpII33,718.0617658913015,1.6032807350349003,0.3318100320263984,5.075435171178218,3.866101564598533e-07,4.415052599114183e-06,up
gene-LOC142986379,89.71335663715763,2.753227905410327,0.5998329012626844,5.075007334820659,3.874810543969695e-07,4.419941033069889e-06,up
gene-LOC142986178,25.20065526172439,-4.548368281675903,0.9985122776922618,-5.074229318678171,3.890696275768003e-07,4.432995379958954e-06,down
gene-Rnp4F,184.99293792118155,-1.9276718042986345,0.4060507832563896,-5.073716780234628,3.9011957350288244e-07,4.439889923754012e-06,down
gene-CDase,2663.202964893148,-5.0449090801546,1.1539045342592524,-5.07331786638821,3.9093864864167563e-07,4.444144250674902e-06,down
gene-dlp,273.79771836897095,-1.928869066219566,0.4065124241475024,-5.072300383174088,3.93035330871899e-07,4.46289606078774e-06,down
gene-veli,483.6694976880308,1.8541339809241864,0.3891066998558767,5.070660105988079,3.9643824201677924e-07,4.491316791792819e-06,up
gene-Gp150,27754.001130470704,-3.0234893012380417,0.6603857052955867,-5.070819762274034,3.961057749581138e-07,4.491316791792819e-06,down
gene-LOC142985437,2825.2997723627955,-2.4434804589077954,0.527364272628015,-5.069037618523372,3.998322062059133e-07,4.524631802881202e-06,down
gene-LOC142979033,1136.731778192806,1.6120265300189474,0.334475060883069,5.065234836530409,4.078971940294725e-07,4.610670321187049e-06,up
gene-Coa8,424.19168929933153,2.0124923031366597,0.4263686228629888,5.063114379576076,4.12462215430857e-07,4.656997027392967e-06,up
gene-LOC142974285,333.06709243465986,-2.6921751785878234,0.5873922904865099,-5.060001870774038,4.1925236456761467e-07,4.728313955648997e-06,down
gene-Tpst,186.8607054428932,-2.163794371498218,0.4618938723004033,-5.059360632227989,4.2066460683077414e-07,4.738886502006723e-06,down
gene-tgo,331.49703344149447,-2.2295971214332213,0.4780838118128167,-5.057487305661765,4.248166977307997e-07,4.780265456652888e-06,down
gene-AP-1gamma,1950.4584710949848,-2.230690454693105,0.4790151076191126,-5.05607220899762,4.2797934158665676e-07,4.81042996438786e-06,down
gene-LOC142986127,586.1667322661764,-1.499079893366375,0.3103249761076007,-5.054609644673826,4.3127193897150186e-07,4.841985627530438e-06,down
gene-e(r),186.66841905064908,1.8675211715028983,0.3936507183460869,5.053119680191787,4.346513442618988e-07,4.874443895593272e-06,up
gene-jing,167.30767040879104,-3.5505664837796678,0.7950303411948036,-5.050516994718286,4.406159064459124e-07,4.935788285338554e-06,down
gene-LOC142977255,300.8829124968058,3.851418083895852,0.8706902722036999,5.050278270868234,4.411669250559662e-07,4.935790084227762e-06,up
gene-LOC142972999,409.5776641357755,4.967931872333068,1.1474312275045395,5.050088638916386,4.416051042195563e-07,4.935790084227762e-06,up
gene-scrib,1378.5487465370927,-1.989813186323744,0.4242415945698181,-5.048725517108373,4.447672242501981e-07,4.965572332484595e-06,down
gene-Coq5,378.7343921223442,2.6004020497866565,0.5668618019813306,5.048055382594708,4.4632977530370565e-07,4.97744970648747e-06,up
gene-Svil,2390.9643240208798,-2.7547018255227638,0.6052408577020905,-5.041508745878174,4.618757426156603e-07,5.145068958757707e-06,down
gene-Phb2,4185.934365495023,1.9963765395037556,0.4247125347868182,5.039806877819079,4.660018443404078e-07,5.18195788892376e-06,up
gene-LOC142972210,5746.831662558591,-3.424149208116708,0.7676985882532934,-5.039714983310189,4.662256471549481e-07,5.18195788892376e-06,down
gene-LOC142987481,98.79649961838182,2.212219198664368,0.4761983120852183,5.034997887442406,4.778541032209553e-07,5.305296778919193e-06,up
gene-S6KL,319.3944542362696,-2.4664362556153674,0.5370296686105568,-5.034080030913808,4.801490613678508e-07,5.324853090569465e-06,down
gene-eEF2,38956.56804931555,-2.489207454859232,0.5427361454213472,-5.033087402859254,4.826429381354496e-07,5.346569551087594e-06,down
gene-Dbct,1806.131800804893,4.194393150247728,0.9573066174280102,5.032701026061352,4.836170443264654e-07,5.351420974969457e-06,up
gene-LOC142978023,279.550875216037,2.239824811649439,0.4830760386039561,5.032180420377761,4.849325581038619e-07,5.360035285088201e-06,up
gene-mRpL37,357.4982725050227,2.037215229436267,0.4354827791075496,5.030809096174882,4.884142842986188e-07,5.392547534938622e-06,up
gene-RpL27,32544.36956639728,1.7174791735072283,0.3625532262099754,5.026769146290524,4.988122272860085e-07,5.501265017173094e-06,up
gene-LOC142987594,2343.101373875849,1.6273282761412968,0.3416373073771167,5.0249368973881845,5.035980953445231e-07,5.541799988570767e-06,up
gene-Ythdf,1411.3431164646636,-1.630413009098826,0.3422198880403838,-5.025030008120905,5.033538240859818e-07,5.541799988570767e-06,down
gene-axed,145.36033143567215,-4.3983906427380965,1.0064944598013277,-5.022944972161816,5.088512751799847e-07,5.593441164726242e-06,down
gene-LOC142972368,601.1979043083146,2.2563684696348925,0.4883895106023255,5.019623822137536,5.177276474965651e-07,5.6847520898385215e-06,up
gene-mi,406.5545742971856,-1.5356666977510012,0.3209917431216583,-5.018925791130602,5.196121580796488e-07,5.699174670102169e-06,down
gene-LOC142980980,6275.624529124172,3.10713083667719,0.6935484515253806,5.01796798689527,5.222087600913958e-07,5.7213673265337225e-06,up
gene-LOC142982120,6683.241272309296,7.079254702908535,1.705284057727456,5.016925313170164,5.250496665051843e-07,5.746185001522199e-06,up
gene-LOC142987250,1428.9754935526446,3.331395146811189,0.7493824398362029,5.012884596386805,5.362005850958182e-07,5.861794129070495e-06,up
gene-LOC142985131,2776.087396062514,2.584239393127495,0.5679327183742996,5.010950184398222,5.416193526455185e-07,5.914554440650898e-06,up
gene-TfIIA-S,1125.0470619280445,2.113242126486118,0.4554885639575369,5.00948127227138,5.457693704606664e-07,5.940375230717461e-06,up
gene-SamDC,266.9596570591282,-2.188304738223961,0.4735928894451506,-5.009512769680232,5.456800621731855e-07,5.940375230717461e-06,down
gene-LOC142981408,148.11575239760396,2.801938590398618,0.6212989601804972,5.00985559280383,5.447089265182561e-07,5.940375230717461e-06,up
gene-bigmax,4749.731354968572,1.5204524296380917,0.3186075872606252,5.000833045171093,5.70831286515102e-07,6.206391144561256e-06,up
gene-mRpS18B,573.3550565991098,2.13106205773615,0.4607385129055383,5.000320788023501,5.723500646906766e-07,6.216132748289057e-06,up
gene-LOC142972811,341.3168348057787,3.7131705961787658,0.8479149092775057,4.995753639210294,5.860643933083652e-07,6.358161640881296e-06,up
gene-LOC142977515,1132.9062185342775,2.788907758168772,0.6199723354753326,4.994873041809966,5.887448509895231e-07,6.375630428702677e-06,up
gene-GSTd3,1761.6765389808695,4.78081388570039,1.1173177672096817,4.994805105045183,5.889521345820928e-07,6.375630428702677e-06,up
gene-CSN4,1150.4492328038168,1.4229601011150848,0.2969311691869227,4.9941066918812345,5.910871639567688e-07,6.391810382938796e-06,up
gene-Aptx,130.96541080490442,2.932864386475919,0.6561421378774899,4.993788146197399,5.9206342478576e-07,6.395438357994232e-06,up
gene-ND-24,1813.186528993583,2.1567673466379587,0.467639229079112,4.993568618739224,5.927371246311734e-07,6.395793773993234e-06,up
gene-SCAR,39.13502181755682,-6.031342142290157,1.3530528956860666,-4.991614893783392,5.987654820517421e-07,6.453864229328767e-06,down
gene-LOC142980159,282.1751694042658,-2.15977335205093,0.4688710078410111,-4.990383582930368,6.025950935179133e-07,6.488135521469571e-06,down
gene-LOC142986124,3841.949622531038,-2.697574073518859,0.5969514354885269,-4.990138857307343,6.03359044341009e-07,6.489360583585788e-06,down
gene-mRRF1,647.203508591225,2.029795721637178,0.4379378476735113,4.987401546017625,6.119678772461462e-07,6.574866935192449e-06,up
gene-raptor,282.72424373335167,-2.4541036769075864,0.5404134114909093,-4.986395971152013,6.151600441945842e-07,6.602056345275425e-06,down
gene-Marf1,171.4184492970439,-2.2351346594109915,0.4875421794668895,-4.985828902864278,6.169672562595416e-07,6.614339618395795e-06,down
gene-Aos1,408.7768297595276,2.0634590609640737,0.4462533479049086,4.985034028781392,6.195090875962197e-07,6.634463737444065e-06,up
gene-LOC142972265,121.423617920617,-2.854321703351564,0.6370932223209019,-4.984678386437402,6.206496185705071e-07,6.639553958148159e-06,down
gene-PIG-K,972.6348613457714,2.754036825869609,0.6133773261037381,4.983154287861311,6.255603044503578e-07,6.684922268435782e-06,up
gene-LOC142979700,40.539569243548826,-3.612818632340364,0.8203018483677954,-4.979185856284581,6.385230320890553e-07,6.816148003508942e-06,down
gene-YME1L,515.9710381215225,-1.631491371518075,0.3461107256368547,-4.976052429777184,6.489407697985275e-07,6.912569715431273e-06,down
gene-LOC142981748,30767.884464154387,7.965050212065919,1.9832035208177383,4.976187087375092,6.484897232517124e-07,6.912569715431273e-06,up
gene-RpS15,29725.010063017908,1.5676641109386875,0.3326423039529926,4.972558822858889,6.607491297571302e-07,7.030849748513771e-06,up
gene-RpL23,45924.14184728778,2.195298386720228,0.4799406102751506,4.971677263737018,6.637613512542252e-07,7.055380241606412e-06,up
gene-vtd,461.3305048638087,-1.8772269563014017,0.404313204544492,-4.967429160008231,6.784633016132986e-07,7.2039810780875884e-06,down
gene-sno,383.9194586405963,-3.090780363915392,0.6989789687328107,-4.966753650724124,6.808298505832579e-07,7.22142692738735e-06,down
gene-LOC142980505,343.55840316330045,-2.4121639316575223,0.5327992933726603,-4.965570893448348,6.849926388880356e-07,7.257867864906034e-06,down
gene-Ahcy,2802.6033112696864,2.088973961788607,0.4541700475045327,4.965360439658741,6.857359098825056e-07,7.258038299615364e-06,up
gene-LOC142979909,4361.229160819247,-3.2009814254514444,0.7270410709856472,-4.964374474705741,6.892284568492168e-07,7.287276724377154e-06,down
gene-LOC142985808,1883.650124224628,-5.851442932956793,1.3953366742978115,-4.961354489764898,7.00033014992487e-07,7.393682034539696e-06,down
gene-ND-30,2269.101714191649,2.3102160432597847,0.5083940175469467,4.958829607922273,7.091913388310623e-07,7.474768997869207e-06,up
gene-LOC142981532,405.8876260447037,2.5664100399910748,0.5710643463053005,4.958825010508097,7.092081195253121e-07,7.474768997869207e-06,up
gene-LOC142975096,73.47912433930544,-2.4344700938089905,0.5383730850703116,-4.957653044745715,7.134983304796011e-07,7.512053625017825e-06,down
gene-sdt,766.0133938047292,-1.4831439519365175,0.313555674612844,-4.956170871686767,7.189599347887209e-07,7.556442776473139e-06,down
gene-LOC142972390,971.5861053446844,2.3524387821440547,0.5190559213910094,4.956098241935727,7.192285981013408e-07,7.556442776473139e-06,up
gene-LOC142975900,194.53150937559133,-2.1879682269132923,0.47944655885837,-4.955720737282765,7.206265769667747e-07,7.563169153212805e-06,down
gene-LOC142975585,1385.74033211845,4.75321620257216,1.123271446585404,4.955435406990947,7.216849516562978e-07,7.56632090596797e-06,up
gene-kel,30.67965198543465,-7.2194387028549025,1.4650346009176605,-4.953715610648926,7.280959739922627e-07,7.625525620584234e-06,down
gene-LOC142980851,250.47853500932365,1.901561340587944,0.4108088123617549,4.9533942383660685,7.293000482771329e-07,7.630129750371136e-06,up
gene-LOC142977648,214.41926715922432,-3.916171416286773,0.905797135711258,-4.951674512357491,7.357759555413092e-07,7.689821792940113e-06,down
gene-eEF1alpha1,72852.31016374324,-1.7337902981234885,0.3730999040767648,-4.947499420042663,7.517292789824205e-07,7.848336750547635e-06,down
gene-SOCS2-12,242.98961107924296,-2.089345692123223,0.456530220385886,-4.947218943442796,7.52812861681822e-07,7.85143696180383e-06,down
gene-Apf,979.9887766606888,2.55896201506484,0.5709833750486535,4.945405358702242,7.59855802970317e-07,7.916618757251287e-06,up
gene-LOC142979342,348.99786254165923,3.1183270266244434,0.7098520926930816,4.944628550783764,7.628918649836126e-07,7.939962152660519e-06,up
gene-MED22,412.9314288401581,1.826743793762341,0.3940401548906966,4.943819313003998,7.660671017882936e-07,7.964703898905165e-06,up
gene-Prip,7379.366062362264,-3.2494765777571177,0.7429759146429082,-4.942908140739739,7.696575399367878e-07,7.993706457969905e-06,down
gene-LOC142987584,612.9699660694208,2.590652349860798,0.57914869240892,4.942543090402367,7.711005497144658e-07,8.00036859324333e-06,up
gene-LOC142987153,7277.08250940294,-1.984140144897167,0.434717858875274,-4.942305485393564,7.720411798500846e-07,8.001809985549007e-06,down
gene-LOC142984451,181.26862778668144,5.5054785245619575,1.322334807497889,4.93982046167358,7.819453488584558e-07,8.096054488543824e-06,up
gene-LOC142980073,404.7803447053988,3.790880073642197,0.8814494295857477,4.937743449085251,7.903171614085879e-07,8.174254495356597e-06,up
gene-LOC142987395,32.58785607558213,-4.499245516481413,1.0335167646006636,-4.936749623355151,7.943534478763446e-07,8.20749664933105e-06,down
gene-LOC142975047,318.0934513459287,1.7398334519996703,0.3742233102201252,4.935716190095848,7.985716504676646e-07,8.242547718012163e-06,up
gene-GSTo1,7805.615848336834,2.749192252183347,0.6197435008969295,4.935264891135783,8.004204946708903e-07,8.246385668801178e-06,up
gene-Amph,3199.644526185393,-3.743287402698796,0.8676876741103449,-4.935222126367696,8.005959035235288e-07,8.246385668801178e-06,down
gene-LOC142982290,752.9832427237397,2.2381926685768927,0.4940027663809493,4.9348184831676125,8.022533575404736e-07,8.254938929496358e-06,up
gene-LOC142984317,62.54783249333274,4.102480913944158,0.9603739885278864,4.933000151147765,8.097609246099069e-07,8.323608433091124e-06,up
gene-Ankle2,474.64763898567656,-4.146724415723987,0.9723009131233472,-4.92591417639554,8.396684887291714e-07,8.622151425931955e-06,down
gene-LOC142984896,1323.1041702283794,4.091175311979221,0.958924309699244,4.925662042504677,8.407520249790566e-07,8.624404893438812e-06,up
gene-LOC142987899,135.60277575378112,1.5095791477884506,0.3216177274127525,4.924002402503484,8.479179444151238e-07,8.686612389007969e-06,up
gene-ND-B22,2119.721287143137,2.901854913472084,0.6594327225721915,4.923855060514605,8.485569661639885e-07,8.686612389007969e-06,up
gene-cta,101.31467808323184,-1.9970101520027457,0.436882218913486,-4.922633522911653,8.53872661708423e-07,8.73207278331124e-06,down
gene-Tgi,340.5489152376248,-3.622275305580749,0.8406410158240822,-4.922410714333595,8.548456969078133e-07,8.733075640569994e-06,down
gene-LOC142975945,42.10326673067568,-4.409934147001409,1.0243972995617083,-4.920739435474003,8.621785187724695e-07,8.798981386368115e-06,down
gene-LOC142980003,516.5009165271318,-2.589524171175311,0.5836241953332383,-4.916207504868632,8.823687007218945e-07,8.995834526971634e-06,down
gene-LOC142987505,487.3067712344394,1.7565171955050474,0.380146426013364,4.913661310979414,8.939111905617852e-07,9.104211829588958e-06,up
gene-LOC142972603,280.66897465218864,-2.053668246146318,0.4520644317405408,-4.9133584184495245,8.952939104255576e-07,9.10899951066003e-06,down
gene-LOC142977579,384.3051048391772,1.9119084952110523,0.4176636944372455,4.910425886127544,9.087879969970004e-07,9.23687678006829e-06,up
gene-Dcr-1,60.56485069354173,-3.339894222270574,0.7687479928637688,-4.906027184874341,9.293964902869648e-07,9.417569918329136e-06,down
gene-LOC142978677,103029.55584222444,-3.877155727875277,0.9029088054233776,-4.906119982621322,9.289571111973567e-07,9.417569918329136e-06,down
gene-LOC142980225,155224.10045776216,-4.686697780250764,1.1164282076883705,-4.906265986785143,9.282662150184646e-07,9.417569918329136e-06,down
gene-eIF3m,2684.733389566097,1.2145094666605931,0.255263203724214,4.905352404326249,9.325974661086392e-07,9.440421206115952e-06,up
gene-Ran,6644.681147312778,1.5781448850481783,0.3401858138491497,4.903342037344337,9.421971439485442e-07,9.527932820415826e-06,up
gene-LOC142981401,162.4267004269221,-1.8824818896890865,0.4116281094616019,-4.90246390128103,9.464201088073852e-07,9.551283221442378e-06,down
gene-LOC142978042,132.8674206489696,6.862320510848426,1.716327968491368,4.902596912091791,9.45779289556738e-07,9.551283221442378e-06,up
gene-LOC142973503,410.0248919414655,-1.6488109373943345,0.3561565147143551,-4.900343499462794,9.56692399120832e-07,9.64519882386366e-06,down
gene-LOC142987320,11528.185128779529,2.052012104976636,0.4542327305312258,4.898411968547495,9.66143059305692e-07,9.730649722432e-06,up
gene-LOC142979030,113.17664843769296,1.5363263520119943,0.3295478732714829,4.8970977829156,9.726244599165349e-07,9.78605315970457e-06,up
gene-LOC142979152,9424.81554030395,4.7240127683332185,1.1313059981286515,4.896224510183847,9.769544592104098e-07,9.819720500885296e-06,up
gene-shi,1235.3688650203785,-2.9339942904571967,0.6734081448253093,-4.895234604554974,9.818852063633132e-07,9.85935235886542e-06,down
gene-LOC142978177,1135.1528544175378,-1.5528501883017864,0.3341399195090307,-4.894674597257566,9.84685218547388e-07,9.8676136208047e-06,down
gene-LOC142978276,404.371038255445,3.0431352499040765,0.7001882689170085,4.894744206324785,9.84336758360977e-07,9.8676136208047e-06,up
gene-LOC142976253,345.88452984831724,2.5548854304445388,0.5776285275402349,4.894095261788147,9.875899589745026e-07,9.886795767827994e-06,up
gene-LOC142987635,1484.930505028191,-3.953865662712885,0.9319071135503112,-4.893538150703628,9.903910469366111e-07,9.904902845164646e-06,down
gene-Taf3,147.04380927368217,-2.287351811486344,0.5114142611437664,-4.893121692005654,9.92489945103702e-07,9.91537824056156e-06,down
gene-MED15,73.13002336924154,-4.275802530844381,1.0078972305063116,-4.89293636761697,9.93425332187312e-07,9.91537824056156e-06,down
gene-LOC142979297,7122.280589663475,-0.9288302553105492,1.8920098433472488,-4.892074796902145,9.977850892467786e-07,9.948944031740357e-06,down
gene-LOC142974411,209.0447819870768,2.0467358548506365,0.452342349069058,4.888871433349807,1.01415699376607e-06,1.0102096761256631e-05,up
gene-LOC142985114,373.399280801036,-1.8865193789742405,0.4142570876476854,-4.885608427091626,1.031099425447848e-06,1.0249408399272384e-05,down
gene-Nup154,111.17106721033706,-2.234350727815072,0.4987168287986548,-4.885431391092941,1.032026394275999e-06,1.0249408399272384e-05,down
gene-HINT1,3090.3492037266046,2.680558708980901,0.6102355432238067,4.8855844294287305,1.0312250313723068e-06,1.0249408399272384e-05,up
gene-LOC142976070,1856.474830783532,-1.5220068529040496,0.3281139927861051,-4.880653136254971,1.0573507205366468e-06,1.049047469351518e-05,down
gene-LOC142974137,158.13424121808512,2.062382344084189,0.457428621155089,4.879313686729968,1.0645563355849665e-06,1.0551476450321302e-05,up
gene-LOC142972497,1410.1080857665877,-1.6264564572795028,0.3526983872139377,-4.876633862761402,1.079114661554306e-06,1.0674572286395966e-05,down
gene-LOC142979336,859.6272652527556,-1.9100299698136365,0.4214518696154367,-4.87682886547822,1.078048864364261e-06,1.0674572286395966e-05,down
gene-LOC142979475,87965.02622841056,3.779125077637976,0.8900294002481309,4.875252713794598,1.0866924794197703e-06,1.07388887495928e-05,up
gene-Lamtor3,725.636416218406,1.7075429215413036,0.3722023398985513,4.8735535869123146,1.0960851853908925e-06,1.0820995287227002e-05,up
gene-ACBP-like,197681.79260025965,3.874673626348915,0.91560454579433,4.873083512069276,1.0986975066984208e-06,1.0836067010234127e-05,up
gene-mRpL1,429.73274361828015,2.3468918599402344,0.5286648762233229,4.871144455447088,1.1095367914302191e-06,1.0932168524447204e-05,up
gene-mRpL3,564.4208379446304,2.1174024159539946,0.4718407585345147,4.870583633239322,1.112690912550768e-06,1.0952433923243802e-05,up
gene-dbo,248.0072214833533,-2.9666342415761666,0.6850760539318342,-4.8702944442499065,1.1143207107572437e-06,1.0957669964599064e-05,down
gene-LOC142978501,380.3372493628974,-1.6168757679948385,0.351529563554706,-4.865869222742153,1.139548539295488e-06,1.117705774051626e-05,down
gene-LOC142984672,217.0321452539904,-2.7244326022781737,0.6244281307531513,-4.866178479471251,1.1377677766458685e-06,1.117705774051626e-05,down
gene-LOC142980089,245.9818535302321,2.8812874546217366,0.6652245254637956,4.86579254848386,1.139990459858286e-06,1.117705774051626e-05,up
gene-RpL8,22725.097737825567,1.599898044062063,0.348167480341477,4.865002121658071,1.1445557952785382e-06,1.1210806077208137e-05,up
gene-USP,5539.75952639652,-2.8269118350520683,0.6520989251508555,-4.864608965306793,1.146833128132961e-06,1.1222099462642238e-05,down
gene-Slmap,297.00098865357705,-2.130330001199883,0.4763737888066039,-4.863193324305368,1.1550693057683617e-06,1.1291622664910886e-05,down
gene-LOC142987539,307.9048680356953,-4.016471757559496,0.9560990696905158,-4.860117236613269,1.173162586814438e-06,1.1457275713302257e-05,down
gene-LOC142980224,3421.878324637087,-6.979805086455268,1.7452238447291477,-4.856861214176523,1.1926112191973125e-06,1.1635828522784332e-05,down
gene-LOC142975319,302.80863497569715,-2.5308037634064946,0.5774732051607417,-4.854104286886365,1.2093208749884323e-06,1.1787335598886272e-05,down
gene-LOC142983189,157.17754771368178,3.090167178818352,0.719888895165894,4.853449406927678,1.2133230638999806e-06,1.1791798929684233e-05,up
gene-LOC142974681,437.5897986221343,-3.275513471060812,0.7674645715359445,-4.8534744230396045,1.2131699483262385e-06,1.1791798929684233e-05,down
gene-LOC142981822,3161.635900584942,-6.263970490862498,1.5523509146417662,-4.853508647628294,1.212960500741077e-06,1.1791798929684233e-05,down
gene-LOC142979799,16655.624917563815,-5.846930768878512,1.4431183342023322,-4.852924436312589,1.216540532260865e-06,1.1811567171688415e-05,down
gene-baf,2932.2504636652143,1.9431992534135127,0.431224029616823,4.850630478578639,1.230696418030021e-06,1.1925806745978291e-05,up
gene-LOC142977276,88.199566031948,-2.469129469906894,0.5615705954971306,-4.850755395803195,1.229921498223215e-06,1.1925806745978291e-05,down
gene-LOC142972572,9516.179185445491,3.3155906719372683,0.7778157459540392,4.849956601319678,1.23488490107525e-06,1.1954787776558748e-05,up
gene-LOC142980776,186.49062896039257,6.591407496400633,1.6653366899931772,4.846924338193131,1.2539022103874224e-06,1.2127129808020216e-05,up
gene-LOC142980635,40.6262401771525,-4.219741332078866,0.9990234064065306,-4.846414292453005,1.2571285971195656e-06,1.2146563918538608e-05,down
gene-DNApol-gamma35,103.483387190791,1.8645131472952317,0.4126974012665521,4.841675493659382,1.2874889764388465e-06,1.2427879568506894e-05,up
gene-polybromo,144.54241045017127,-2.282526231196881,0.5171278279250869,-4.838551258585444,1.3078896732220149e-06,1.2600431301572324e-05,down
gene-Urod,636.7970622583398,2.4528553547708145,0.5599045185017708,4.838710140164176,1.3068447435701884e-06,1.2600431301572324e-05,up
gene-LOC142975131,278.5296226784852,4.919285171345118,1.2075937502363143,4.837465249747699,1.3150536678339212e-06,1.2657233036307008e-05,up
gene-LOC142982437,496.0498786911893,-2.203746536924072,0.497756631309548,-4.837103489786139,1.3174484323760242e-06,1.2668066284725528e-05,down
gene-LOC142978428,250.97433471587263,3.483506105768724,0.8258775412958014,4.836519883489674,1.3213206106250783e-06,1.2693071236428208e-05,up
gene-Sf3b6,861.118235814528,1.913349229407024,0.4255203593915627,4.835874257519062,1.325617037019274e-06,1.2704930324833117e-05,up
gene-LOC142975423,1092.8906753520907,-2.258957997466248,0.5120353364430607,-4.835760739383731,1.32637385016292e-06,1.2704930324833117e-05,down
gene-LOC142974112,146.863467196954,5.992384914117688,1.4975074935182022,4.836048479582469,1.3244563251612622e-06,1.2704930324833117e-05,up
gene-Psat1,9601.144245571428,3.122293978778426,0.7311920252782166,4.834466181749123,1.3350339713951688e-06,1.2775622309199598e-05,up
gene-Gug,241.21267376447847,-2.370956362263627,0.5402268294467869,-4.832986265286146,1.3450006988070397e-06,1.2858670473939715e-05,down
gene-LOC142984179,316.9455292535467,4.31357218190144,1.0478145382180508,4.8301755230215,1.3641274547923577e-06,1.302904892467227e-05,up
gene-l(1)G0320,5430.676986496176,2.924899624683862,0.68162529674969,4.829984609682733,1.3654360403644136e-06,1.302907946355374e-05,up
gene-Pde11,178.5388350012511,-2.228662167725558,0.5050715238747211,-4.829533836181239,1.3685305889385065e-06,1.304613544240232e-05,down
gene-LOC142979807,750.8866240632855,2.493948063813101,0.5725123938694686,4.824690392168871,1.402209146561536e-06,1.3354436538006384e-05,up
gene-LOC142985757,75.67087916607711,2.1089052751473747,0.4758419307694443,4.82122273966955,1.4268093125904414e-06,1.3575770971368156e-05,up
gene-LOC142982836,6845.885108756629,3.302456507844783,0.7813855739092092,4.815579390150082,1.467733941309116e-06,1.3940973487167976e-05,up
gene-LOC142973152,624.0473803782014,-5.782096798804882,1.4379901400394948,-4.815545173197549,1.4679854859246111e-06,1.3940973487167976e-05,down
gene-DNApol-epsilon255,37.81986049939589,-2.873570794848173,0.66628817410444,-4.814439032867769,1.4761396003363498e-06,1.3997952715221672e-05,down
gene-LOC142983850,234.220338415304,4.560457465437509,1.1204592189721825,4.814351012933698,1.4767903225256407e-06,1.3997952715221672e-05,up
gene-ari-1,1337.590702757988,-2.1669416999342705,0.4915372103975619,-4.812534248615368,1.4902832323065502e-06,1.409906819113903e-05,down
gene-LOC142981829,488.2724006687281,-2.526127533798735,0.5817939411005978,-4.812579171179582,1.4899481727233002e-06,1.409906819113903e-05,down
gene-LOC142978438,586.998762466373,-2.4986412979689328,0.575752542624389,-4.812000294974281,1.494271332847752e-06,1.4123411148819516e-05,down
gene-LOC142974222,187.5647608385981,-4.299354853020509,1.042966283613972,-4.80837337956828,1.5216336059646816e-06,1.4368424807127236e-05,down
gene-LOC142979518,3450.95176457189,2.9166673170229824,0.6835258764222606,4.807811251396721,1.5259173107859123e-06,1.4395255840221352e-05,up
gene-LOC142980905,2377.95833252504,2.812857105579981,0.6568331789475789,4.806770883228306,1.5338760544648337e-06,1.4456673181882436e-05,up
gene-Rpa3,477.074154511761,1.914139975575892,0.4287723868362459,4.805549213341108,1.5432726933278694e-06,1.4531513917080627e-05,up
gene-LOC142983192,977.7633943093498,2.0731155707833744,0.4684518468633697,4.803289224002227,1.5608017868301654e-06,1.468271690325342e-05,up
gene-LOC142984164,155.84689507508534,2.0810493260162235,0.4710925883366859,4.800136985111024,1.5855713826854452e-06,1.490168358811999e-05,up
gene-mbl,797.109593891695,-2.157333783609895,0.4911611721747045,-4.797230817045857,1.6087418559277171e-06,1.5091026751893373e-05,down
gene-KdelR,2213.121127400396,2.2670227720424774,0.5179713741836919,4.797378019484096,1.6075604468310731e-06,1.5091026751893373e-05,up
gene-LOC142974447,45.25549953315087,-3.845972165448112,0.9218420735340918,-4.795431726386139,1.62324849899596e-06,1.5212810580731152e-05,down
gene-LOC142973548,624.5965030761035,1.815601024053676,0.4056810040457402,4.792117384342765,1.6503029393992842e-06,1.545185144291206e-05,up
gene-LOC142976622,511.1987005683545,-2.201218188172006,0.5027015635635789,-4.789552088565464,1.671540052588925e-06,1.562200930793026e-05,down
gene-140up,203.2753407738753,2.3651984599467544,0.5444367756063354,4.789544093834934,1.671606646715712e-06,1.562200930793026e-05,up
gene-cyp33,150.69939464939648,2.1513695406408666,0.4900407832707584,4.788198924691596,1.6828479574960994e-06,1.571235309987705e-05,up
gene-LOC142982738,62.85173728787809,-2.8161664886687228,0.6593260132257063,-4.787299589481135,1.6904040109660691e-06,1.57681518069648e-05,down
gene-LOC142982112,68.62239756678187,-3.1059202294784143,0.7355102367660882,-4.7864037640034125,1.6979629873811794e-06,1.5823873554669983e-05,down
gene-Ppib,19469.5847305876,1.3308692066575405,0.2905311116388705,4.785502880632713,1.7055973989871215e-06,1.5880193693367965e-05,up
gene-LOC142982430,5171.624818814481,-1.7679983286231689,0.3944806244582467,-4.784020462864208,1.718231801665306e-06,1.5982918557708683e-05,down
gene-LOC142984746,196.970249602168,-1.8559816364236568,0.4170167239954812,-4.783422327616643,1.7233550360419657e-06,1.5985879753471058e-05,down
gene-LOC142972810,34857.961304964025,-2.1030172198482853,0.4809289944047998,-4.783608006434578,1.7217630637591257e-06,1.5985879753471058e-05,down
gene-LOC142980066,234.00958934187028,2.7089822705861795,0.6339342715424069,4.783681194655837,1.721135951306839e-06,1.5985879753471058e-05,up
gene-Regnase-1,348.0191206608481,-4.151750758660789,1.0139113080820703,-4.782996295603856,1.72701309593609e-06,1.6004937521391006e-05,down
gene-LOC142977458,277.53946535044844,1.5630556385614771,0.344892285371068,4.7819440961446125,1.7360796505287335e-06,1.6074036170619006e-05,up
gene-Usp5,536.2902086534456,-1.7327665243142354,0.3869452797767064,-4.7797848983338005,1.7548284092641372e-06,1.621753921561607e-05,down
gene-LOC142980729,388.95530153307095,3.100059614182566,0.7369189539381618,4.779934503596907,1.7535231067671526e-06,1.621753921561607e-05,up
gene-LOC142976035,150.02782362333556,-4.656126260706734,1.1473378071183196,-4.778696279366638,1.7643547423816486e-06,1.6290494619529357e-05,down
gene-eEF1beta,17285.434165496623,1.5201596821055103,0.3364473490655716,4.777869398790254,1.77162383434569e-06,1.6342493059708256e-05,up
gene-LOC142974067,462.2298712015618,-1.726559979348378,0.3861955348209723,-4.776587645466132,1.7829486166419666e-06,1.6419538159528296e-05,down
gene-RpL27A,31259.20814636233,1.7682822666023867,0.395601228512085,4.7763663110269095,1.784911221629917e-06,1.6419538159528296e-05,up
gene-Tsc1,47.69854156258392,-3.043561622423469,0.7167824668272754,-4.77647458579984,1.783950874074431e-06,1.6419538159528296e-05,down
gene-LOC142975076,4473.252225606595,3.876134766200842,0.9286264995551204,4.7760707361786885,1.7875353647475652e-06,1.6428536349489364e-05,up
gene-Sptr,782.3579889083018,1.150143145856557,0.2480281440066354,4.775433525265345,1.793205204149464e-06,1.646548403184526e-05,up
gene-LOC142977644,156.11787409175443,-1.9110753780742011,0.4313447041595796,-4.775049371026668,1.796631715866321e-06,1.648178415079205e-05,down
gene-Mpk,126.3242190322582,2.12463005915724,0.4853513859034666,4.77268952271198,1.8178191199268607e-06,1.6660838049577593e-05,up
gene-Tango9,129.8327012310065,-3.357309791110848,0.8055167065412571,-4.771004179784588,1.8330973608884345e-06,1.6785453907364643e-05,down
gene-LOC142979864,22543.15751042109,-3.413109982682533,0.8221317629149772,-4.770595058853727,1.836824758731771e-06,1.6804168576445284e-05,down
gene-DnaJ-8,390.4950616801823,2.999733055078331,0.7125889606402435,4.769653872463929,1.8454273392336143e-06,1.686740867480834e-05,up
gene-Nup205,80.6769636081031,-2.6508725451645945,0.6200508629665832,-4.766350447336405,1.87592855782838e-06,1.713050588809246e-05,down
gene-Nt5b,1861.3136640435855,-1.902094359718569,0.430520733946209,-4.765786589316432,1.8811829384641216e-06,1.7162785108601828e-05,down
gene-Ddrgk1,977.9777250395942,1.6939955596622285,0.3781327651172949,4.765379954434986,1.8849809885546103e-06,1.7170420917594382e-05,up
gene-hob,52.163804290894575,-2.219332898750978,0.5087885549577084,-4.765144791480933,1.887180818214712e-06,1.7170420917594382e-05,down
gene-LOC142977356,79.66718056212397,-4.451783136181633,1.087719260468156,-4.76532076802628,1.8855344151413425e-06,1.7170420917594382e-05,down
gene-LOC142974300,153563.7157752019,2.270282526115913,0.5312844011425594,4.757357042919215,1.9614406822413573e-06,1.7829817349226764e-05,up
gene-NitFhit,538.4183517333403,-1.706965725472683,0.382751326456227,-4.756720905209272,1.9676290382033782e-06,1.7869795659970812e-05,down
gene-LOC142983051,58.74245700515036,-2.600569365193756,0.6079174860525546,-4.755484662841744,1.979708905004254e-06,1.7963158709861328e-05,down
gene-FNSI,2247.739576231,-2.7541497575800213,0.6521776694760038,-4.753983245655253,1.994475731324467e-06,1.8064303334255448e-05,down
gene-LOC142987562,5590.53339218298,5.652653652818689,1.455008363529038,4.754080368737278,1.993517308480221e-06,1.8064303334255448e-05,up
gene-sni,609.6059729643367,2.0659178893207124,0.4730794536113885,4.750102544954764,2.033135235119841e-06,1.839775410855044e-05,up
gene-LOC142983859,4385.720441867224,-3.690279175139485,0.9000233146080683,-4.74976948031975,2.0364865559112016e-06,1.8411387966077627e-05,down
gene-LOC142973359,483.7867179200508,-5.107752663135356,1.282145833580401,-4.749365184066257,2.040561744648816e-06,1.843153554148401e-05,down
gene-chif,268.1789386789689,-2.1824420180570265,0.5033654145049501,-4.74815473812657,2.0528095745922635e-06,1.8525399967455135e-05,down
gene-LOC142987425,842.544771425661,1.2198358220068497,0.2659547032127459,4.746013117040325,2.074652639424598e-06,1.870560794408032e-05,up
gene-LOC142985319,3620.93384558468,1.491058920176978,0.3312480050536803,4.74572613905592,2.0775965247272344e-06,1.8715244506590728e-05,up
gene-LOC142984729,40.767064070898535,-3.985564274098574,0.970856103216728,-4.745089107664239,2.0841456825790186e-06,1.8757311143211168e-05,down
gene-LOC142975132,230.66838018188844,-3.2521710878707037,0.7846402443260365,-4.744791005796905,2.0872171984224e-06,1.8768031403111693e-05,down
gene-GSTz2,239.43721168668696,2.3860109506777074,0.5565433942730087,4.744359599970682,2.091669921916113e-06,1.879114085566582e-05,up
gene-Aduk,150.68041782792386,-2.7895390863994205,0.6619869569902758,-4.74249508209575,2.1110195530679874e-06,1.8947919207888117e-05,down
gene-bug,531.2907689193325,1.4926044307488628,0.3309273149405339,4.742030897661658,2.115863437401921e-06,1.8974333305218845e-05,up
gene-ZnT63C,2096.9733936429225,-2.82567775440767,0.6737289305946745,-4.739863927684062,2.1386179183460974e-06,1.9161171851896227e-05,down
gene-mRpL35,654.4801076502409,1.851342390171014,0.4200427464046773,4.736213552997143,2.1774814133387142e-06,1.949187622110646e-05,up
gene-MBD-R2,406.6834210448399,-2.161322144216772,0.5000466429823507,-4.735008097693324,2.1904635316895327e-06,1.959051658583622e-05,down
gene-LOC142984458,144.27638764052057,-3.596211626776958,0.8767703553760301,-4.734098408434974,2.200309582861711e-06,1.9660957875150168e-05,down
gene-LOC142972637,408.3237604074798,2.4777339653740054,0.5778771466027091,4.7326368940120265,2.216217383954217e-06,1.978538972204565e-05,up
gene-LOC142987311,732.8960136883093,-5.576736371506337,1.4202681988391337,-4.73011461171803,2.2439311921760383e-06,2.0014903689999143e-05,down
gene-Zpr1,156.8785511576311,-2.0641432843664727,0.4749170211444565,-4.729092858346371,2.2552522501950874e-06,2.0080996539460917e-05,down
gene-LOC142972638,992.4263507858032,2.8842373158852266,0.690063365674716,4.729082715706988,2.2553649053938166e-06,2.0080996539460917e-05,up
gene-Pat1,1628.3057084876127,-2.114941503727952,0.4896954391687846,-4.726849843744804,2.280297593115572e-06,2.028489329490778e-05,down
gene-l(2)gd1,691.7096027028089,-2.4802713291347933,0.5840204773282944,-4.726658706203336,2.2824441266944803e-06,2.0285908128706687e-05,down
gene-LOC142976793,1531.6879638120563,3.371855204475856,0.8212681539783468,4.7261312120231525,2.288378119749111e-06,2.032055339254082e-05,up
gene-LOC142979784,593.886381444578,-1.4567533533578425,0.3240115319693247,-4.72568247653482,2.293437783133366e-06,2.0347380011959224e-05,down
gene-Mif,4068.9197682460263,3.64055731399036,0.8923889227051259,4.7179627289090655,2.38218121429771e-06,2.111594200702082e-05,up
gene-upSET,468.5510976074734,-2.030053476441557,0.4688711733608858,-4.717040868255558,2.3929963558329208e-06,2.1192987247176912e-05,down
gene-gus,1011.2748026627028,-3.751692552796293,0.9270474680883006,-4.716623577503189,2.39790743740911e-06,2.1217654373032205e-05,down
gene-ix,324.4372938610832,1.539869922375343,0.3447161328254693,4.716183323698032,2.403099259610033e-06,2.1225959035546677e-05,up
gene-LSm3,563.4845598443677,2.2996999384122785,0.5378362366529429,4.71622815246303,2.402570110145094e-06,2.1225959035546677e-05,up
gene-Chrac-14,112.06388708970634,2.726628815948952,0.6512969211678437,4.712009967676529,2.4528537902539305e-06,2.1646272042904048e-05,up
gene-LOC142979293,328.49392738094696,1.4861258214066602,0.331841133469339,4.711571961661837,2.4581326477495434e-06,2.1673694308470137e-05,up
gene-LOC142973667,1273.3031069538029,1.8351132733465767,0.4184030337305451,4.711385763359755,2.460380015554744e-06,2.1674362696603616e-05,up
gene-l(2)k10201,210.93096722573736,2.2313496815404923,0.5211510837888498,4.7105759790883655,2.4701768762923188e-06,2.174147742704906e-05,up
gene-RpI135,102.4811572027503,-2.3095730132505614,0.540700756065919,-4.709977584534031,2.477440369622361e-06,2.17861958847584e-05,down
gene-LOC142976791,13177.94900005692,2.2850495102094244,0.5349064315436828,4.709203713479173,2.486864257018089e-06,2.1849817032832344e-05,up
gene-OXA1L,554.9885726150063,1.934098071323182,0.4442454130851748,4.7077015801743,2.5052549428725708e-06,2.199204009218217e-05,up
gene-l(2)37Bb,103.26207305350324,2.108468835741839,0.4889383083067414,4.70727137851587,2.510545923935221e-06,2.2019120269593533e-05,up
gene-LOC142978046,22366.659095134488,2.742246269365114,0.6526385957630135,4.705917181515833,2.5272710914530637e-06,2.214635009990608e-05,up
gene-Tcs1,202.2726026350086,2.0121682176157303,0.4647363095245094,4.705009171268758,2.5385454215000487e-06,2.2225633203501746e-05,up
gene-Bcs1,306.84902341510127,2.3546013450565995,0.5539598327605371,4.703920406312083,2.5521277525580003e-06,2.2324966782017003e-05,up
gene-egg,44.35291720487771,-3.9023334245600383,0.9574809554081658,-4.701284877655759,2.5852953461452025e-06,2.259530021880496e-05,down
gene-LOC142981771,5930.946743834725,3.723518506077133,0.9171510613610656,4.70097200466961,2.589260152500492e-06,2.261015361514209e-05,up
gene-Usp7,2677.260620523049,-1.6976819735483426,0.3862838924631748,-4.699191692354817,2.6119320487306296e-06,2.278819386222064e-05,down
gene-l(2)k14505,318.24153563538727,2.4504106537951715,0.5800146271686325,4.699001517029962,2.6143651237977654e-06,2.2789500699236244e-05,up
gene-LOC142976310,78.76152686573819,2.8952822691231312,0.6982663554359388,4.697745184721684,2.6304931921324827e-06,2.2910080759750703e-05,up
gene-LOC142987603,340.8340840417538,1.8595853084195475,0.4264008987062774,4.695818709782566,2.6554097861628545e-06,2.310692683146596e-05,up
gene-Y-b,1536.7824269645982,-4.368989934385677,1.1007815291854746,-4.695548769696188,2.658919172293017e-06,2.311731032984025e-05,down
gene-ND-42,3463.525808220576,1.9291017932729624,0.4443214583811776,4.69481956980313,2.668421483888132e-06,2.315957811364125e-05,up
gene-LOC142974308,1812.8486710880131,1.943043376613922,0.4479211232547122,4.694893553284799,2.667455910614423e-06,2.315957811364125e-05,up
gene-LOC142977941,1420.9868057111746,3.143664320721406,0.76646164458602,4.69401517809059,2.6789414355065917e-06,2.3230681553250465e-05,up
gene-Pfk,2758.21195481175,-4.0031025652385335,1.000347401823293,-4.6916991784753845,2.7094531609190955e-06,2.34748715270256e-05,down
gene-LOC142981452,174.9494865109061,2.1587577859282816,0.5050607110967467,4.687240900224819,2.7691294404499947e-06,2.397110229412957e-05,up
gene-LOC142981302,490.6748045872616,-1.3110854165096806,0.2915449295583255,-4.686886562975366,2.7739261490083074e-06,2.399181706520963e-05,down
gene-LOC142975892,3767.523920469657,3.010894033931089,0.7318278960113751,4.686342682576671,2.7813042422792747e-06,2.403480315341077e-05,up
gene-LOC142977004,372.0800888675572,4.165026838119081,1.0539698706975833,4.678440017170435,2.890657044562073e-06,2.4958172977313195e-05,up
gene-GEFmeso,202.8025683435916,-5.9635270106232525,1.5438473593792117,-4.677607115117982,2.9024196837549447e-06,2.5038073347932677e-05,down
gene-nw,72.7282450866162,-4.287719853293794,1.0762574579435669,-4.677250655532548,2.907467796284117e-06,2.505996206797217e-05,down
gene-Vkor,1139.1889102431471,3.0479507010277427,0.7448919926586041,4.67359594960485,2.9597133566274456e-06,2.548826489430417e-05,up
gene-Zip99C,913.1141862260428,-2.638457598182301,0.6348509317269467,-4.673201858735556,2.9654005502705725e-06,2.5515226631250505e-05,down
gene-Polr3H,119.42711469836654,2.9021582515981525,0.7057701636603861,4.67248121635652,2.9758273914812933e-06,2.558288819498259e-05,up
gene-LOC142984472,190.44353376269865,-3.529228097333573,0.8758494269815194,-4.670743561988899,3.0011140470076222e-06,2.57780716894863e-05,down
gene-LOC142981587,5330.93601142699,1.551168001719436,0.351695381160703,4.669917089906392,3.013213230624491e-06,2.5859743125419643e-05,up
gene-Rbcn-3A,779.0092932590657,-1.86126506445518,0.430885334183634,-4.668414091223802,3.0353364949979374e-06,2.601295548472873e-05,down
gene-LOC142977474,166.77452246413003,-1.9337547762918093,0.4486181698426881,-4.668350344716707,3.036278242631897e-06,2.601295548472873e-05,down
gene-Cyt-c1,5748.148390309841,2.031855548793303,0.4743005088455775,4.6678343055959735,3.043912180053172e-06,2.6055992683628397e-05,up
gene-sloth1,162.25482607729643,2.826078116107299,0.6863617869485721,4.665996243594729,3.071253108684692e-06,2.62675040940719e-05,up
gene-LOC142980137,213.6622220860883,2.586721417043941,0.621720977333935,4.665306630753515,3.081571656263794e-06,2.6333190668809016e-05,up
gene-eIF1,16397.185596864612,1.382085142582285,0.3109228761386816,4.664761294978391,3.089754951845767e-06,2.638053393872763e-05,up
gene-LOC142981638,351.372320791399,-6.879292913215443,1.818483363182149,-4.663940395590455,3.10211266801413e-06,2.6463407298674385e-05,down
gene-Bcp,37800.95034736729,-3.8667210410485686,0.9716504157875656,-4.66352136814443,3.108438917930459e-06,2.6494730008423496e-05,down
gene-PGAP5,1748.852213554452,2.359625262391673,0.5611417384236053,4.663259591279644,3.1123973621816462e-06,2.650583453236776e-05,up
gene-LOC142976556,74.20212021717875,-3.096648126633513,0.7583799041803465,-4.661998880432015,3.13152894671845e-06,2.664496082483421e-05,down
gene-LOC142980220,11745.109703742804,-5.757822548335578,1.5114405481100468,-4.661831783033081,3.1340731398011588e-06,2.664496082483421e-05,down
gene-TOR1,150.7018080651312,-2.2862562583057504,0.5425356267985244,-4.659078155294246,3.176285991265024e-06,2.698085998197124e-05,down
gene-Dph1,335.22305272381385,2.092586724553617,0.4912338573113093,4.658779964508745,3.1808898164132494e-06,2.6996990865323677e-05,up
gene-trc,476.01231530270337,-2.260653885876447,0.5362889517073232,-4.657349148534033,3.203069642872943e-06,2.716213942694549e-05,down
gene-LOC142983880,382.4739874200655,-2.910513832269391,0.7113353483799276,-4.65218463136185,3.2843680473128525e-06,2.782790957574667e-05,down
gene-LOC142979650,12616.88282742392,3.190285483044348,0.7888014461988021,4.649890284333788,3.321116543221717e-06,2.811540646131973e-05,up
gene-strat,156.79113667005416,2.533691510224079,0.6102342520447566,4.649149292796758,3.333068995514652e-06,2.8192679359518423e-05,up
gene-RpS21,11667.969770307149,1.874334046880412,0.4354874540810733,4.64877904005133,3.339056747229523e-06,2.821941184936314e-05,up
gene-LOC142979882,12711.37277491417,-5.674882971203727,1.4908542379289376,-4.647374454458369,3.361865730980863e-06,2.838814032226734e-05,down
gene-LOC142977406,51.939358619528775,5.371105657368563,1.4203439783166905,4.6467183750574925,3.372570891586524e-06,2.8454463287341584e-05,up
gene-LOC142981806,352.1276808580804,4.466772878208641,1.1515606439001709,4.644211944306068,3.413769770585292e-06,2.8777733175854564e-05,up
gene-LOC142975995,56.43654751122756,6.013636377551746,1.5864852367170008,4.638374118514576,3.5116071106265047e-06,2.957751103051742e-05,up
gene-LOC142972549,336.35860802469546,-2.659870286351183,0.646581011818069,-4.637491000926563,3.5266395988281514e-06,2.9679080805989692e-05,down
gene-LOC142978568,204.05677530729076,1.9164204623013377,0.4476036276712665,4.637281066779959,3.5302221789470712e-06,2.9684201826512817e-05,up
gene-pink,88.38868235886527,-2.206824264583105,0.5240862224458164,-4.63694020213359,3.536046555560186e-06,2.9708148713001875e-05,down
gene-LOC142974795,14202.9028199772,1.5502920713775226,0.3537784928658494,4.63295683513724,3.6047972132260377e-06,3.026028678318678e-05,up
gene-TyrRS,1572.810420349697,2.2250761990081904,0.5298247734685003,4.6308293752250265,3.642039130392374e-06,3.0547220639030494e-05,up
gene-LOC142983988,3351.75214635305,3.255507188728277,0.811754611887249,4.629999773898254,3.656661319875522e-06,3.0644111363289324e-05,up
gene-LOC142974784,793.5045187549143,-3.7368459101808655,0.9466641341187192,-4.628791703015138,3.678054940415756e-06,3.079753889286045e-05,down
gene-ccdc25,384.941077391496,2.464151718465761,0.5946226265578599,4.628595855128864,3.681534477197551e-06,3.080083454895956e-05,up
gene-LOC142977782,4652.676976577076,-5.483063989428744,1.4462446567777043,-4.627765493781315,3.696322200054665e-06,3.089865316477857e-05,down
gene-LOC142976763,767.0618552129389,2.556571045388287,0.6200868883673839,4.62729138925747,3.7047909438956462e-06,3.0943530051064806e-05,up
gene-LOC142976095,1386.2002108446325,5.0497734411331,1.3274500995639784,4.6239679243992295,3.764681067008692e-06,3.1417459640312506e-05,up
gene-Uxs,715.3481922011534,1.1904417539562646,0.2663485312508476,4.62335688670498,3.7757927366275687e-06,3.1483865751278e-05,up
gene-BNIP3,7769.943272565763,-4.282300898605899,1.102548749928562,-4.622139697221722,3.798020988268261e-06,3.164277753247538e-05,down
gene-LOC142984147,448.8476670959851,-1.415452851094979,0.3218711730822431,-4.621324394377325,3.8129800996490543e-06,3.169779142838724e-05,down
gene-SMC3,362.7217412487429,-1.4999746667295113,0.3429177141959632,-4.621260672580017,3.8141516386627672e-06,3.169779142838724e-05,down
gene-LOC142982770,7728.028012931106,1.87306032303051,0.4374554649766884,4.621326700259042,3.812937711982998e-06,3.169779142838724e-05,up
gene-LOC142976493,1228.10521378227,5.5337225559799466,1.484812831156109,4.619059891721587,3.854825881092526e-06,3.2009165656559486e-05,up
gene-LOC142982538,1742.4263038153777,-3.1633426537695595,0.7893716998598374,-4.617183507644574,3.889832765247142e-06,3.227300152114025e-05,down
gene-Atac3,81.03856954539938,-2.603089553941365,0.6339391601377031,-4.615294879993602,3.925375669285708e-06,3.25408426537713e-05,down
gene-SmE,597.1506005286814,2.172033899465053,0.5189249928678015,4.607425773476107,4.07684663847855e-06,3.376846995738956e-05,up
gene-LOC142978104,1173.2328294151478,3.063749487710134,0.7641605998983552,4.605997034105024,4.104942391956645e-06,3.3944846739121194e-05,up
gene-LOC142987190,482.517730690859,4.367338184225693,1.1383319175287143,4.606163352161496,4.101662276785745e-06,3.3944846739121194e-05,up
gene-Uev1A,5436.371804406873,1.6090642871721117,0.371986176174252,4.6046497849696575,4.131605575398145e-06,3.413704904639808e-05,up
gene-LOC142973673,183.68165423326863,-2.3114579891229963,0.5574265988102275,-4.60433334206137,4.137892270880445e-06,3.414530122294539e-05,down
gene-LOC142972479,237.55773080829516,2.6587922765390157,0.6522129081591763,4.604083242367986,4.142867426208483e-06,3.414530122294539e-05,up
gene-LOC142978357,1091.5199479040905,-2.9401612019629457,0.7312469036788982,-4.60413779472872,4.141781744510048e-06,3.414530122294539e-05,down
gene-hry,105.3983431178902,-4.541787320635142,1.1787473497430048,-4.597568530606187,4.274500514454896e-06,3.5201146563345143e-05,down
gene-LOC142976987,95.32794986660036,-3.2500212982119416,0.8147174620132834,-4.596152131731679,4.303645302020888e-06,3.541194044474071e-05,down
gene-LOC142981932,2686.9861846154718,2.003046916860042,0.4755465265268132,4.595700392104052,4.312980583818275e-06,3.5444704403308226e-05,up
gene-LOC142985550,217.43060545715687,-3.553365208599446,0.9033695599082228,-4.595615861820807,4.314729571187205e-06,3.5444704403308226e-05,down
gene-LOC142979827,287.87716713774176,3.1323114934452043,0.7865419007938343,4.5948660913394495,4.330272592006149e-06,3.554313383290573e-05,up
gene-Ube4B,1798.2424329863136,-2.9674306294402037,0.741197691387715,-4.593210452389148,4.364784854205296e-06,3.576758426093848e-05,down
gene-LOC142974836,47.6082806241972,3.170376282100232,0.7964447469167322,4.593262987938036,4.363685698651023e-06,3.576758426093848e-05,up
gene-Uccr,3211.7185087267303,2.817004995837192,0.6981677518460008,4.592942905405993,4.370386623459175e-06,3.578410901455786e-05,up
gene-Mettl5,310.3654177491104,1.7072221681977349,0.3981022657600313,4.592755924246129,4.374305632963328e-06,3.578683977262867e-05,up
gene-ClpX,1407.8559322248493,-2.258255639503723,0.5450185544032363,-4.5919809432364245,4.390584683514429e-06,3.589060256032556e-05,down
gene-spn-E,120.92585307130024,-2.5528187599096666,0.6247898256669385,-4.59172023227365,4.396074146557877e-06,3.590606878624728e-05,down
gene-ATPsynB,11264.76583613566,3.0554813398688645,0.7648492691103178,4.591164378941947,4.407800015591e-06,3.597240552380522e-05,up
gene-LOC142987619,1939.8915165669496,2.4466014277163466,0.5964091529507933,4.588020607827144,4.474684760408754e-06,3.648842205362726e-05,up
gene-LOC142985182,1523.956356850268,4.378973022021325,1.1476411996316216,4.587741884952455,4.480661378271987e-06,3.650733160533282e-05,up
gene-Fkbp12,11280.16377700236,1.302055249380809,0.2957739803938227,4.587322216563127,4.489674700814265e-06,3.655093245418204e-05,up
gene-LOC142978729,9734.100001446492,-1.5973089404383742,0.3717110274234079,-4.586185537611041,4.514174759930359e-06,3.672043869508144e-05,down
gene-Sym,361.996402000224,-1.7997750670843118,0.4236645342983866,-4.585598309550123,4.526882040603899e-06,3.676388091722336e-05,down
gene-CRIF,328.89176116517746,2.452158142301157,0.6002007261816761,4.585664769923815,4.525442158113136e-06,3.676388091722336e-05,up
gene-LOC142982090,267.84012943989404,2.621545732773797,0.645166789152056,4.585062772924751,4.538500618522416e-06,3.682827209225385e-05,up
gene-RPA2,428.48018192979,1.92489225262348,0.4559098359104575,4.584516037669912,4.550391619821139e-06,3.68655280932374e-05,up
gene-LOC142979424,4604.811390720742,4.326585926440095,1.1325746591512005,4.5845120264183885,4.550478971131998e-06,3.68655280932374e-05,up
gene-MrgBP,134.83635019268215,2.098828733835668,0.5024615569696124,4.582935551354312,4.584933855668954e-06,3.711453756158299e-05,up
gene-Mcm7,76.95123557681065,-2.1563848062644304,0.5175946089238649,-4.582002434230437,4.605445327776269e-06,3.722020228059509e-05,down
gene-LOC142980780,71446.40635652705,4.340020206087172,1.1649907794639722,4.582028209101067,4.604877574465359e-06,3.722020228059509e-05,up
gene-LOC142978751,570.2389590432073,-4.066615027625853,1.0541713894899924,-4.581683982396388,4.612465527400492e-06,3.724677866422678e-05,down
gene-arm,1495.9156937288417,-1.4618095001417095,0.3368077239036774,-4.581282906971906,4.621321731875088e-06,3.728812627796706e-05,down
gene-l(3)05822,1172.077737018563,-2.9472417605712886,0.7377221719126748,-4.580717690078526,4.633830024875951e-06,3.7358850951766446e-05,down
gene-LOC142984940,1321.5217694240837,-2.363927284479709,0.5767756903857226,-4.5776688685238565,4.701861912794453e-06,3.787674233381875e-05,down
gene-LOC142982564,131.41056540077892,2.5858100377206825,0.6373697213429579,4.5745983338692255,4.771344721970066e-06,3.840547715321228e-05,up
gene-TFAM,500.6601338888366,1.4665764044179372,0.3381736655310789,4.572849197422527,4.811364324985376e-06,3.869639591271477e-05,up
gene-RhoGAP71E,143.30363128343652,-2.451184850562071,0.6009174248130678,-4.568593649371197,4.910076728274199e-06,3.945851515692816e-05,down
gene-sdk,176.83963022756174,-1.8501336242517368,0.4384633576330889,-4.566502508072035,4.9592910705993335e-06,3.9821950261988696e-05,down
gene-Src42A,79.19372005438488,-3.790103514615343,0.974526776269414,-4.56616728635812,4.967224210964681e-06,3.985358910742644e-05,down
gene-SelR,2412.11171236045,2.67976376900981,0.6654236336761978,4.562632693003759,5.051614653541414e-06,4.049812518634285e-05,up
gene-LOC142975934,19919.05569671822,2.653654054244347,0.657048095327236,4.561313602333077,5.083459124000825e-06,4.072071068752186e-05,up
gene-Fnta,2629.600768695093,1.828038401076338,0.4334589761299484,4.5604732060756525,5.10384747488047e-06,4.085124430375459e-05,up
gene-Dcps,531.9810311675074,-2.01342005006288,0.4832736137527886,-4.560238330809383,5.109559628939873e-06,4.086419443625711e-05,down
gene-eIF3g1,3459.9813171435994,0.9713946800327816,0.2187283245564253,4.556515061173416,5.20093114552592e-06,4.1561109105156906e-05,up
gene-LOC142976160,640.7125385763572,1.136149915364012,0.2574069230935398,4.556181527164111,5.209192214262227e-06,4.1561109105156906e-05,up
gene-LOC142975774,10084.65185980134,3.257064437593523,0.8299004502375307,4.556321646139487,5.205720176864774e-06,4.1561109105156906e-05,up
gene-LOC142977572,1067.9424767935536,-2.91818626550564,0.7353413203419454,-4.55421735695831,5.25809680492242e-06,4.191778291528009e-05,down
gene-mRpL43,465.4276249915592,2.730823030827591,0.6821357735114422,4.553497954480955,5.27611848627408e-06,4.202788396767884e-05,up
gene-LOC142987806,100.49734327885548,3.159799903278616,0.8035964401327185,4.552979799989613,5.289135346454484e-06,4.20979743963016e-05,up
gene-LOC142974511,220.01297098552985,2.2141938083581287,0.5382323550274528,4.552063207820609,5.312236931309044e-06,4.224815682182914e-05,up
gene-gkt,27.256799423653856,-2.885268619865578,0.7147222536038458,-4.551253317715672,5.332729586944212e-06,4.237736784019918e-05,down
gene-Klp31E,194.9520037236663,-2.294423334016291,0.5610687500554181,-4.550726605608397,5.346097582406964e-06,4.244980108989969e-05,down
gene-LOC142976534,135.65651314066892,-3.346685965730346,0.8557695851888546,-4.549014746885058,5.389766639626247e-06,4.276252848180412e-05,down
gene-LOC142982254,1655.0698659794728,1.6462375383698578,0.3863450452714613,4.548697803281194,5.397889165348429e-06,4.279295612338576e-05,up
gene-Hakai,274.2362791890877,-1.5647377721398996,0.3658972851130214,-4.547726860984442,5.422845159264025e-06,4.295668058302717e-05,down
gene-LOC142981920,152.81197935120403,1.3698573965990413,0.315581337062621,4.54737365257039,5.431950996391541e-06,4.299468905232671e-05,up
gene-MESR4,413.1225569945581,-1.881852547943425,0.4496836954991449,-4.545299073841588,5.4857305677029445e-06,4.338595625692796e-05,down
gene-LOC142972863,39.0977527359719,-1.9279797997352892,0.4606989636574728,-4.544742462830036,5.5002461675159385e-06,4.346631591288724e-05,down
gene-LOC142977333,474.73004807172816,1.2942617379462524,0.2970070781784464,4.544375058534261,5.509847671366504e-06,4.347335146870283e-05,up
gene-LOC142975042,1147.660722903569,3.329084918350854,0.8546735531189857,4.544511441475259,5.5062816575751065e-06,4.347335146870283e-05,up
gene-LOC142979990,13813.926228842956,-3.2029797207597404,0.8204415292506569,-4.543833430926937,5.524031481276522e-06,4.355083587252841e-05,down
gene-Amun,1971.952345833055,-2.794159231649076,0.7021341739162825,-4.542473761830965,5.559791832659496e-06,4.3798170703847226e-05,down
gene-LOC142978549,238.8878907924383,-2.6159718789935904,0.6521721831959825,-4.540535428737787,5.611154862841343e-06,4.416793114039388e-05,down
gene-dia,255.6510360644928,-2.506501460180294,0.6215443628683057,-4.539482194018165,5.639254206592949e-06,4.435413414972752e-05,down
gene-LOC142975049,45.06971056933912,4.781161995598567,1.2726597810478928,4.538345932739384,5.669719652345276e-06,4.455863925201433e-05,up
gene-p47,1134.1421747873796,-2.112752826242668,0.5133332000625818,-4.537703941380369,5.687002316761655e-06,4.465929986121013e-05,down
gene-mRpL48,334.73371240940816,2.5379463964104505,0.6328140990128779,4.536988453094658,5.706322963707624e-06,4.477579363267751e-05,up
gene-LOC142981304,229.88412663898512,-2.5747018804992807,0.6414010066581773,-4.534215763418396,5.781790311546061e-06,4.533232450867341e-05,down
gene-Tango10,217.97466249270303,-1.8261929070774,0.4362295818726909,-4.533154822810816,5.81091903752175e-06,4.548924150078791e-05,down
gene-GXIVsPLA2,320.5079358218713,2.3595792563658367,0.581591750754375,4.533292016731645,5.807144408670303e-06,4.548924150078791e-05,up
gene-kibra,377.8443112908874,-2.294479583082941,0.5647426872649661,-4.530270827039818,5.890812351156629e-06,4.607852513863191e-05,down
gene-ND-18,2752.0358770806047,2.256347032945514,0.5528873744359208,4.529672854466145,5.907508643303541e-06,4.617293952138813e-05,up
gene-LOC142980698,1605.132975270153,-2.4315059058529034,0.6037401236992274,-4.527664083722756,5.963928795233974e-06,4.657744390080618e-05,down
gene-Rad9,67.53556494744008,2.119516449825764,0.5167947747971221,4.526367860591258,6.000609047191701e-06,4.682727044567659e-05,up
gene-CtBP,1560.2758602688075,-1.7565975631191726,0.418927337470803,-4.525824369976183,6.016052784710864e-06,4.691111159703057e-05,down
gene-LOC142983213,23863.24758003804,3.750576754609175,0.9828266679447476,4.524685368896511,6.048541931021934e-06,4.712763232906318e-05,up
gene-LOC142973754,26865.67944545772,2.676660037782141,0.6726332046943999,4.523412062502242,6.08506080078417e-06,4.737518865259501e-05,up
gene-DCTN6-p27,438.29143992458,1.9744577183014027,0.4769661017329464,4.522829492916354,6.101839363716737e-06,4.7468790872374704e-05,up
gene-Chrac-16,63.10443899028127,2.265261443240155,0.5564333852830611,4.521797508247433,6.131670246173335e-06,4.766370773135207e-05,up
gene-LOC142975021,675.6974726829714,2.511315838605112,0.626175496717313,4.520436454601487,6.171226763412708e-06,4.793386328842197e-05,up
gene-mRpL17,504.62704598237696,2.186617143965898,0.5359575103781178,4.51698355200458,6.272677569791154e-06,4.868397731266369e-05,up
gene-LOC142976880,127.12242120767836,-1.6950483466463018,0.4028123621549086,-4.516543578626652,6.28571861556564e-06,4.874728632630976e-05,down
gene-LOC142972370,230.2326042623221,-2.2228615678799564,0.5469313731765911,-4.514681901326541,6.341187412899006e-06,4.9139279167814427e-05,down
gene-Bug22,254.62823033040655,1.3616840809612512,0.3163118017491267,4.511685898200111,6.431438090201675e-06,4.979998726012639e-05,up
gene-MESR6,121.30437204293192,1.7401262476378727,0.4153920036996157,4.510108045724024,6.479461576864193e-06,5.013295038657481e-05,up
gene-tai,665.3948610606924,-1.8702088937485812,0.4510383285474996,-4.509916616456531,6.485311196985571e-06,5.013934241449496e-05,down
gene-EcR,2935.6090526322096,-4.338968833682058,1.1627469081071111,-4.508985028577667,6.513850488629848e-06,5.032100752864901e-05,down
gene-sgl,147.96605232652067,-5.066525083895894,1.3725103222242256,-4.508528397492491,6.527883273341088e-06,5.039041218191601e-05,down
gene-LOC142980177,1719.201776864549,3.6314634609264713,0.9551656655106748,4.507184174064689,6.569360850946265e-06,5.067139926838846e-05,up
gene-LOC142986159,88.44036804590898,-2.761609631510671,0.6987398113957974,-4.506761111733445,6.582467011511534e-06,5.073328435667693e-05,down
gene-LOC142979149,994.4294221956536,3.195447918508082,0.8258121509799214,4.504434884478363,6.654979923919145e-06,5.125258844184953e-05,up
gene-TppII,281.106194699112,-1.978467339026894,0.4810373919202043,-4.50313164854511,6.695937592724063e-06,5.14885617203227e-05,down
gene-mRpL19,508.40101619033913,2.3435407598249984,0.5819133107442435,4.503161761004516,6.694988512715303e-06,5.14885617203227e-05,up
gene-Hr39,466.1661157706053,-2.238241561235345,0.5531422632341476,-4.502595521985326,6.712856709886124e-06,5.157892441984096e-05,down
gene-Mf-cpa,97.91756135858252,4.087992776396081,1.0894964758936163,4.501470603049138,6.7484900011811205e-06,5.181282977060674e-05,up
gene-LOC142987813,2424.147263255986,2.042046493510092,0.498019788384881,4.500357225271492,6.783935830849524e-06,5.2044937377178406e-05,up
gene-Ctl2,9582.681361567717,-2.1261194629785933,0.5243231835449144,-4.499684046849306,6.805453659617731e-06,5.216991780080228e-05,down
gene-LOC142976508,232.94311474118052,2.980377534529349,0.7650457673062742,4.499380134436061,6.815189451979543e-06,5.2204455809829486e-05,up
gene-RpIII128,69.09030905345851,-2.8437672255174444,0.7219215186775356,-4.498756682941703,6.835203349960875e-06,5.231761091714685e-05,down
gene-Uxt,127.18780154476931,1.658541813214312,0.3945250975169748,4.497925168914973,6.861983932832726e-06,5.248234607938961e-05,up
gene-LOC142974002,2937.4404035731072,2.1252626782064854,0.5215230486762858,4.496595725742705,6.905009952561815e-06,5.2730607755561946e-05,up
gene-LOC142981198,875.5664385578237,3.9188214919161184,1.0434204465916002,4.496666733395664,6.90270535657922e-06,5.2730607755561946e-05,up
gene-LOC142979021,330.1463421061956,-2.058778705527444,0.5050766329624298,-4.489643460817992,7.134248580263841e-06,5.4439552813160095e-05,down
gene-LOC142979991,35284.439269417286,-3.586475021732371,0.9463442807199556,-4.489168341191291,7.150177687071599e-06,5.451942207384387e-05,down
gene-bonsai,477.4961035091235,2.524967764670764,0.6356234865752853,4.488245838046387,7.181203195608133e-06,5.4714190149133416e-05,up
gene-LOC142981610,119.37777947416691,-3.15382883749695,0.8165456448014135,-4.487856756607271,7.19432729909164e-06,5.477237282397685e-05,down
gene-LOC142974632,394.78583768334687,-2.371261627361841,0.593002648600102,-4.48712729399116,7.218994639865321e-06,5.491828163147543e-05,down
gene-LOC142978239,4219.111986884002,3.3396410620771007,0.8762688954410964,4.486451511299568,7.241918912297182e-06,5.505071794641141e-05,up
gene-Dronc,207.60567421023745,-2.1746045347831235,0.5376111536314587,-4.48584944669163,7.262401106163414e-06,5.516440292284402e-05,down
gene-LOC142983257,24652.96241356485,-1.7175281589683342,0.4126320791228003,-4.485245080311052,7.283017316897553e-06,5.527893219768401e-05,down
gene-mub,233.83911431069785,-2.2516862826721917,0.5601220513124009,-4.483082269676403,7.357254830238775e-06,5.575760095718543e-05,down
gene-Cnep1r2,862.9929836315268,3.086526370518992,0.7994122459851508,4.483167059093926,7.354330892362577e-06,5.575760095718543e-05,up
gene-Ack,120.52036067356356,-1.900274504643394,0.4621183453599216,-4.481267793671163,7.420093587721496e-06,5.619116395982416e-05,down
gene-LOC142977083,13560.697709070344,2.550502875347308,0.644413323947994,4.480171143597203,7.45832115182637e-06,5.643783428080288e-05,up
gene-LOC142974778,630.7719641593056,3.946608931652404,1.0586740268606687,4.477751280861501,7.54334126919897e-06,5.703794636960221e-05,up
gene-Dnaaf5,43.8625949940417,-2.3170714740679084,0.5760345097261081,-4.476663039874626,7.581877188911152e-06,5.728593203824543e-05,down
gene-LOC142976215,2885.3284733184046,3.263375238590223,0.853021187400138,4.474198520855758,7.669845825678885e-06,5.790675581399466e-05,up
gene-LOC142974982,561.2133204479534,-3.191520992209776,0.8337788153544111,-4.472686384645081,7.724302242354287e-06,5.8273817597080976e-05,down
gene-LOC142978461,141.9873247603687,2.9722463215429893,0.7690215189625395,4.470858449026146,7.79062511528598e-06,5.868545605710895e-05,up
gene-LOC142974849,852.9955782437836,4.047943351624955,1.0910565962905652,4.470985480633271,7.78599848750446e-06,5.868545605710895e-05,up
gene-cib,24939.198927796155,-3.9930508605562296,1.0718556059915472,-4.467162272630243,7.926400519515614e-06,5.96632002905621e-05,down
gene-LOC142978607,281.43392091730635,-1.3657283878555555,0.3214542917515072,-4.465546883875749,7.986447982470868e-06,6.006988493823793e-05,down
gene-LOC142987645,106.67433604700848,1.1991959348672203,0.2786465699654899,4.4647317351957705,8.016913651678076e-06,6.02536258715353e-05,up
gene-Nubpl,1243.863145470326,2.10406516574069,0.5206321805555412,4.463289785626296,8.071077889732053e-06,6.061507029150912e-05,up
gene-Sec20,120.53428155793222,2.118905397982051,0.5246648423550729,4.462001308042269,8.119773029682266e-06,6.092757185384119e-05,up
gene-LOC142983921,168.19521908797438,2.293095735492774,0.574444898377519,4.461866154018866,8.124897118270978e-06,6.092757185384119e-05,up
gene-LOC142979910,34670.25445836911,-5.106315051391497,1.4174215226766038,-4.461005361425225,8.157604918388796e-06,6.11269179357647e-05,down
gene-LOC142985415,275.45492513739805,3.18615065297528,0.8356847043348464,4.460386909428261,8.181182086668988e-06,6.12575982048336e-05,up
gene-E(z),81.99925276383048,-3.56853619168502,0.9435519574548082,-4.458080947551425,8.269667495326266e-06,6.187372658984368e-05,down
gene-RpL40,27710.974822575605,1.6211897655149592,0.3915656258080296,4.457816230015647,8.279883693593944e-06,6.190375965974618e-05,up
gene-corn,950.3349146883988,-2.3862981912421075,0.6022543846723881,-4.457418776944898,8.295245187968423e-06,6.197218729125212e-05,down
gene-LOC142975744,336.5846296821412,-2.8379675955704955,0.7336006185807963,-4.456182542402353,8.343199774389263e-06,6.22838271863719e-05,down
gene-Nnp-1,51.583520595859206,-2.467495817741189,0.623569759569462,-4.455779179274869,8.358903823041903e-06,6.235442381000092e-05,down
gene-LOC142976420,157.00177765029235,-2.1046028271658104,0.5222058573241254,-4.45539741776939,8.373792881034785e-06,6.241883998925183e-05,down
gene-Ttc19,316.2161991278392,2.2380604078781707,0.5598598149705671,4.454564536352886,8.40636406574779e-06,6.26148654777826e-05,up
gene-LOC142977116,2023.61160594506,3.1775312619584795,0.8235884197932547,4.452977100700696,8.468778954455391e-06,6.303272389591294e-05,up
gene-oys,103.89841838201538,-1.8884505653917851,0.4625639657379571,-4.451795887741119,8.515509096437554e-06,6.333330573140329e-05,down
gene-LOC142979735,231718.61623605536,-3.622685258369404,0.9825475947259504,-4.448080582575729,8.664102789602756e-06,6.43904765026248e-05,down
gene-Surf1,529.1434691543558,2.6341368851910176,0.6752031052984666,4.446019688263092,8.747593476847101e-06,6.496259709256764e-05,up
gene-LOC142979890,177.1055294399846,2.906601648099144,0.7563851969730329,4.445796341429799,8.75668771275917e-06,6.498178443200689e-05,up
gene-COX7B,3632.208770086722,2.2716971806050483,0.5707452582116737,4.444392518364787,8.81405577697292e-06,6.53103865701312e-05,up
gene-EndoA,864.2568322150591,-2.511031805955968,0.6410893672510972,-4.4444297121544185,8.812531209647677e-06,6.53103865701312e-05,down
gene-LOC142984548,253.96012224410225,1.8010742259481094,0.4398903142886336,4.441498695214287,8.933448879196583e-06,6.614595939411061e-05,up
gene-Cdc25,54.77597261511156,-2.3120358905828167,0.5813902505461763,-4.441083067039857,8.950723229585524e-06,6.62247357705657e-05,down
gene-LOC142980741,289.07325612367805,-3.1681046717446177,0.8340124408532109,-4.439894701006977,9.000290404775565e-06,6.654214705930735e-05,down
gene-LOC142974566,5740.486333975874,4.720005134495261,1.3104144053689162,4.439181504549488,9.030163909524708e-06,6.671359436044863e-05,up
gene-LOC142982535,837.7892813084239,-2.922298997873775,0.7623063477326397,-4.438075598733692,9.076674181485328e-06,6.700760725251854e-05,down
gene-Nuak1,247.4155714418133,-2.2390135719585817,0.5637935403975957,-4.435399453724945,9.190171836043031e-06,6.779534744681856e-05,down
gene-MHF2,650.276758744326,1.9526245735679597,0.482336081021373,4.434369500095105,9.234213392377604e-06,6.806992900245263e-05,up
gene-EMC8-9,635.8022073136914,1.5565560366638551,0.3738496951823022,4.433458507266351,9.273336093933048e-06,6.830787273324411e-05,up
gene-LOC142984537,186.2343804808737,-6.479755452883896,1.8181960069144476,-4.43124614863209,9.369006463259875e-06,6.896169137890623e-05,down
gene-Coq9,1040.6340540169474,1.7402428462239985,0.4240247181103367,4.428510415867384,9.488613722602316e-06,6.974447192644519e-05,up
gene-Tti1,120.95730223289684,-1.964761825877232,0.4867252007531246,-4.428454089601966,9.4910915877201e-06,6.974447192644519e-05,down
gene-LOC142985521,73.71885297119194,-3.9082222246582927,1.053000009123085,-4.428335358739574,9.496316736603447e-06,6.974447192644519e-05,down
gene-LOC142975378,292.24904753162315,1.393994767181232,0.3314777543215451,4.427204305152717,9.54623050731107e-06,7.00300803120543e-05,up
gene-ATPsyndelta,5320.021535405174,2.6972999938290485,0.6960210126617894,4.42713634721161,9.549237481685792e-06,7.00300803120543e-05,up
gene-Rpb11,486.6494209456711,1.6196326552654772,0.3916669179113128,4.4255761074770446,9.618523688531725e-06,7.04864059730067e-05,up
gene-LOC142975815,1636.745070557655,-3.556794541549136,0.9548654647761028,-4.425321486578264,9.629876225228876e-06,7.051782436097535e-05,down
gene-LOC142976866,165.16677957905628,-2.1311965829973385,0.5343815596868043,-4.420934633174307,9.827490175132317e-06,7.185947211574773e-05,down
gene-HERC2,50.72640569257919,-2.1891968110495004,0.5488855693439194,-4.420937422871177,9.82736328590694e-06,7.185947211574773e-05,down
gene-LOC142987131,3730.885675769497,3.5541492712319185,0.956159864443415,4.420572054417946,9.843995378291735e-06,7.192746549833808e-05,up
gene-morgue,105.02576575658956,-1.7922443666665937,0.4398954403730089,-4.418079536486824,9.95817777898057e-06,7.270853870666062e-05,down
gene-LOC142974251,168.42799274946597,2.7880528691494884,0.7275298644771064,4.417286143600881,9.994787804194838e-06,7.292249786086892e-05,up
gene-yem,220.2719317022745,-3.1096878635309517,0.8228694053089702,-4.416090717031773,1.0050191984370374e-05,7.32731674185542e-05,down
gene-LOC142981941,473.4889711978655,-3.460120513965351,0.9294904569011396,-4.415791119163423,1.0064123283379842e-05,7.332117846088627e-05,down
gene-LOC142985478,26992.314285654997,3.927365737805055,1.0714990360388983,4.414624616051013,1.0118541582458686e-05,7.366386836945306e-05,up
gene-Anxb13,1337.3996496768434,-3.526793231911776,0.9499482377458028,-4.413545399961519,1.0169138052301924e-05,7.397825575803608e-05,down
gene-LOC142987454,499.1463458833511,1.4454661557343798,0.3461951779116879,4.41275131319049,1.0206521122815886e-05,7.413137033721298e-05,up
gene-LOC142972293,161.98878615265053,1.5840987345686888,0.3832116119241539,4.412505043392589,1.0218141357263955e-05,7.413137033721298e-05,up
gene-LOC142973750,392.20606446677175,2.126823178195254,0.5347089106520542,4.412310673704894,1.0227321606486553e-05,7.413137033721298e-05,up
gene-LOC142978974,737.8559077261076,2.141564361097861,0.5388521832326064,4.4123897705467545,1.0223584843825707e-05,7.413137033721298e-05,up
gene-LOC142987546,197.42477292390643,-3.1521302884838107,0.8363807176327154,-4.412353379807174,1.022530388521525e-05,7.413137033721298e-05,down
gene-LOC142982116,3698.112339150333,2.719764955136794,0.7073936378851076,4.411942541277862,1.024473041230715e-05,7.420366781221892e-05,up
gene-mRpL9,419.3760878084128,2.20907649424946,0.5585566815073785,4.4111444482109565,1.0282569083577202e-05,7.442372880578974e-05,up
gene-LOC142976459,915.2333819497476,-2.2625639706292344,0.5754019528213927,-4.410179847091008,1.032848028009186e-05,7.470185628666438e-05,down
gene-Rad17,90.18786794078476,1.563987270806572,0.3783572456640359,4.407151660296078,1.04738853464026e-05,7.569866013211033e-05,up
gene-mri,415.7164118739877,-2.4565320711213894,0.6322663690466127,-4.4053589717950175,1.0560884219446667e-05,7.627220361381853e-05,down
gene-LOC142983778,191.96495048677343,-1.205468358206124,0.2847519963542874,-4.405155725076961,1.0570791188022005e-05,7.628855158904382e-05,down
gene-LOC142976153,1690.5972299312086,1.6946047374442506,0.4142557932627743,4.40445394364326,1.0605066780013217e-05,7.648061526828895e-05,up
gene-LOC142987222,908.508141676084,2.4024812485322373,0.6156043705334856,4.403997356655093,1.0627423826130412e-05,7.658651061993333e-05,up
gene-l(2)gl,4807.652296546244,-2.141535774051903,0.5415581920986459,-4.40159458223123,1.0745820606965568e-05,7.738386398132996e-05,down
gene-LOC142982062,459.1043167194118,-2.120938260717808,0.535608211951515,-4.400325287885001,1.0808872455249102e-05,7.767771053304074e-05,down
gene-Tmf,128.15838794046172,-2.3464047825676086,0.5999800078025621,-4.40052060159605,1.0799147357413136e-05,7.767771053304074e-05,down
gene-ACBP,56442.20331319329,3.5134781160609023,0.9491982050940247,4.400303196868466,1.0809972941628452e-05,7.767771053304074e-05,up
gene-Smurf,216.34077615583973,-2.138519673503962,0.5406973556553798,-4.399085209752797,1.0870814032029403e-05,7.805870133358668e-05,down
gene-LOC142981546,1290.8520773002267,5.757070720327183,1.6867004902219431,4.394201226808066,1.111807954075111e-05,7.977681660405235e-05,up
gene-LOC142980064,122.56259281804483,-1.846324736778627,0.4589074178557308,-4.389483677570625,1.1362010574553115e-05,8.146855427055651e-05,down
gene-LOC142985486,82.56688230596411,-2.9594103512116003,0.7831359468204429,-4.383989349549003,1.1652547251755804e-05,8.349179764520794e-05,down
gene-LOC142985103,178.90483400883556,2.359399134559215,0.6066075704328118,4.383362719548495,1.1686130006785723e-05,8.367235552204326e-05,up
gene-bur,690.4999074190654,-1.971837090256149,0.495482196011153,-4.382697770605021,1.1721867396019048e-05,8.386807059474274e-05,down
gene-Ufsp1,241.1689686299495,1.915837150721546,0.4792762472028696,4.378358232648968,1.1957668476777715e-05,8.549390334292149e-05,up
gene-LOC142980439,489.4516069889055,-1.7221493062185993,0.4257202525991755,-4.376948988961202,1.203521269327237e-05,8.598672719509773e-05,down
gene-Dhfr,141.2604753996211,2.077207587230445,0.5260526271382957,4.373973217459448,1.2200535389877816e-05,8.710553914618776e-05,up
gene-LOC142974964,132.38055311789194,2.021699124298288,0.5109856911227657,4.370396083361235,1.2402136592991674e-05,8.848157636501065e-05,up
gene-LOC142980932,3208.8181077642807,2.496360514691122,0.6496945193486314,4.368884255865205,1.2488292842613702e-05,8.896905843121154e-05,up
gene-LOC142974843,147.69966815592304,2.944817538393152,0.7857289502942894,4.368934464857469,1.2485422378961147e-05,8.896905843121154e-05,up
gene-LOC142983960,262.2316238052844,2.1499840834204207,0.5485419212469954,4.36812855214696,1.253157279991671e-05,8.92137147760119e-05,up
gene-Ppt2,65.29269434366687,-2.532348693654198,0.6599032203031316,-4.3672600593264095,1.2581489071799144e-05,8.950523337535798e-05,down
gene-LOC142987478,326.919450599644,3.744225531759562,1.0370833121523846,4.365386373658462,1.268982534915714e-05,9.021164302702092e-05,up
gene-LOC142985963,1686.7140598430224,2.769167848605849,0.7332861863155642,4.364882911935723,1.2719086817561884e-05,9.035530642425988e-05,up
gene-SmD1,383.1000830294668,1.9399386466158748,0.4880754806758644,4.364226575519258,1.275733012906343e-05,9.056252632872128e-05,up
gene-LOC142974967,281.4083516404757,-2.794702249993415,0.7411349605821114,-4.363549587474121,1.279689170296579e-05,9.076636869521514e-05,down
gene-Prx5,6502.404469620476,2.8656188511141663,0.7626084678373395,4.363424185162596,1.280423275451988e-05,9.076636869521514e-05,up
gene-zip,2517.9395806223865,-1.3693907570631354,0.331956146284853,-4.362780435737372,1.2841981147743412e-05,9.096934977688218e-05,down
gene-LOC142980044,200773.78076574745,-3.565765039681688,0.968173406146972,-4.361588991456474,1.2912125744997505e-05,9.140136670980148e-05,down
gene-Smg6,139.07928399826676,-1.9043134113785647,0.4787222291256586,-4.361259430154595,1.2931592649455272e-05,9.147429215748624e-05,down
gene-LOC142980422,112.01249906418484,-2.724435679842402,0.7197319678808453,-4.358781764991827,1.307884542276784e-05,9.245039388431008e-05,down
gene-tim,1928.5976174499772,-1.1076770062138226,0.2634475279288342,-4.352397160712521,1.346570410144318e-05,9.511761686942984e-05,down
gene-shg,861.4340570960482,-1.7533243572815267,0.4374665373195578,-4.350544292627315,1.3580001954050662e-05,9.58571425059262e-05,down
gene-Rpb8,205.45617267480785,2.2217999629911405,0.5727139367908785,4.349945115979941,1.3617160959859258e-05,9.60515078023712e-05,up
gene-Ncoa6,37.02522817757295,-6.314591648302598,1.7050581236052846,-4.348406468052793,1.3713027785840703e-05,9.665941407519496e-05,down
gene-LOC142982145,384.6209984459815,1.420337971706429,0.3452781034592025,4.347481383390448,1.3770975529575868e-05,9.699936962646206e-05,up
gene-LOC142981622,840.6552391209266,-2.773867017083429,0.7387498874346405,-4.347115244553836,1.3793975094685258e-05,9.703555768119152e-05,down
gene-Faah,1257.056363832403,3.3979682633439987,0.9324274629727144,4.347090079928242,1.3795557193628972e-05,9.703555768119152e-05,up
gene-LOC142979156,1152.3990772864906,1.5364043814329122,0.3773776680932645,4.346879488106867,1.3808803879089762e-05,9.70603320543626e-05,up
gene-LOC142981262,60.44017469782105,1.7538193924489187,0.4377506045647035,4.346252664919997,1.3848304263065455e-05,9.726947561552168e-05,up
gene-EMC7,3615.7164476879175,1.473875531258682,0.3610410232042293,4.343336730346874,1.4033478172263185e-05,9.85008056521511e-05,up
gene-unk,659.8195487203051,-2.553086765144276,0.673728128118888,-4.342058234527196,1.411541052627138e-05,9.900626315018598e-05,down
gene-Zcchc7,2360.0881405957466,-1.5443497535931636,0.3810884531684907,-4.341049502964968,1.4180376823227542e-05,9.93920934498835e-05,down
gene-stumps,150.15194548749636,-2.2786796278298587,0.5905065171459737,-4.340213612825061,1.4234427414203617e-05,9.970092633064302e-05,down
gene-EMC5,631.7233481742945,1.9633497635065176,0.4982540995270587,4.339188878891249,1.430095718549343e-05,0.0001000966715767,up
gene-LOC142984432,1119.8998912757404,3.2836549195191367,0.8989035092675652,4.33886189262146,1.4322248762275032e-05,0.0001001754484206,up
gene-LOC142973645,128.55031122939417,-1.8679618644826104,0.4713171114699515,-4.336607109310191,1.4469893143784244e-05,0.0001011372573306,down
gene-MED6,435.1945575224018,1.365260819453762,0.331484243228663,4.335781904719387,1.452428989188786e-05,0.0001013754807069,up
gene-LOC142973561,592.0204282794841,-2.3769902686745485,0.6214580824719481,-4.335843344857871,1.4520233103134126e-05,0.0001013754807069,down
gene-casp,1791.2735656158147,-2.9165585506451017,0.7869300262175299,-4.333945283885062,1.4646059146147109e-05,0.0001021539597048,down
gene-wal,4714.035670914057,2.7308686557591897,0.7284914280510201,4.332467826477196,1.4744721547970009e-05,0.0001027702973256,up
gene-LOC142981032,2252.955034923631,2.324699393395901,0.6056672416691959,4.33212037948201,1.4768015413405829e-05,0.0001028608247321,up
gene-san,665.4736848220182,1.508281151424422,0.3712236076991182,4.325812784472996,1.5197045583774426e-05,0.0001057752524209,up
gene-LOC142982898,8731.175076556547,4.304207377307111,1.2247457110292048,4.323895631935933,1.5329784078435972e-05,0.0001066247908619,up
gene-LOC142975923,1065.8431694685637,-3.666474354026781,1.0234658961373109,-4.322699417980496,1.5413165960761884e-05,0.0001071300901492,down
gene-LOC142982718,443.69211444051945,-1.8370546098847973,0.465312092491936,-4.319846876039068,1.561375031904575e-05,0.0001084487417775,down
gene-LOC142973923,39.20089480567599,4.137152185293093,1.1723007976127942,4.319118116825009,1.5665392726241013e-05,0.0001087317696805,up
gene-mRpS10,331.61572773951235,2.0260870530246704,0.5195764870301988,4.318402214509166,1.5716282568771085e-05,0.0001090091843772,up
gene-Rpn9,1949.67905762914,-1.8758147363836195,0.4772242105087546,-4.318229697045656,1.5728569498458407e-05,0.0001090186473361,down
gene-Cog2,721.4908811043083,1.8795337891183916,0.4770039735306071,4.3174882588378685,1.578148006570446e-05,0.0001093094743482,up
gene-conv,58.4073921600573,-2.2496710142710907,0.5842026665541505,-4.317293939493055,1.579537513312756e-05,0.0001093298468819,down
gene-LOC142981380,112.01524487352202,2.533854647087431,0.6743371829297092,4.311926781587689,1.618380303878855e-05,0.0001119407748649,up
gene-LOC142979677,5945.439725324316,0.9670730859365716,0.2298052441518513,4.307396835015868,1.651870971843371e-05,0.0001141781452213,up
gene-ogre,30.02929228886325,-2.751849275691464,0.7355178586302976,-4.305153972003586,1.66869632801288e-05,0.0001152613013833,down
gene-LOC142979711,536.2480159689474,-2.291812929823716,0.6016526905237678,-4.304979531922161,1.6700117536555524e-05,0.0001152723880583,down
gene-LRP1,149.47317361529323,-4.189111466240194,1.1932277061853356,-4.304804926256501,1.671329417555364e-05,0.0001152836137983,down
gene-LOC142981841,1605.9180878357422,3.045326692567233,0.8329035335991104,4.304239684256661,1.675601822494183e-05,0.000115498493027,up
gene-FMO2,3105.229396584524,2.34935718107701,0.6183700495471012,4.304079712684852,1.67681286264645e-05,0.0001155022027748,up
gene-Mcm2,56.78756456912928,-2.705224549960544,0.7254610376113759,-4.301718749432324,1.6947834606399768e-05,0.000116659542901,down
gene-AP-1sigma,1527.2799938871503,1.903343099831849,0.4864847651602143,4.297101407135078,1.7304604317324378e-05,0.0001190332568512,up
gene-stai,10636.81277025196,-4.939336173413152,1.4480642020323098,-4.296890323715582,1.7321084038962162e-05,0.000119064559086,down
gene-Wdr59,212.56894466807435,-1.7484056413435975,0.4428429554614545,-4.294069214479685,1.7542774463055683e-05,0.0001205054589922,down
gene-Mtmr6,468.3419201990325,-2.4556272882313426,0.6537862209212769,-4.2916432803814,1.7735570484038558e-05,0.0001217460309499,down
gene-LOC142980061,59009.071768042726,-3.838924207914455,1.0922945197752558,-4.291072160589036,1.778125171909323e-05,0.0001219757205555,down
gene-Bin1,403.7868099430277,2.32463647342316,0.6145141881866069,4.285813509146621,1.820716803413776e-05,0.0001248116374647,up
gene-LOC142979718,335.3518285695256,-2.280259522832818,0.6013929927053373,-4.2854499099025904,1.823697364710376e-05,0.0001249301537211,down
gene-LOC142982081,4608.521781121913,1.9118451133418075,0.4911844898603345,4.284285524217783,1.8332735857957308e-05,0.0001255000251016,up
gene-MHF1,79.85784533444539,1.5323654708201135,0.3823730003321876,4.283885503748588,1.8365745028406564e-05,0.0001256398225692,up
gene-LOC142975887,1335.5470096540982,3.933626066598241,1.1295913753597162,4.280407422485151,1.8655147848465096e-05,0.0001275322127914,up
gene-Gata-beta,237.14210275235425,-1.6969471802455935,0.4299434263185205,-4.279102209864627,1.8764868296148424e-05,0.0001281944903927,down
gene-RpL13A,31043.140701768065,1.6250616288209017,0.4108612008995111,4.272890181187927,1.9295550197343225e-05,0.0001317297445415,up
gene-Elp5,319.1129349898327,1.604702664301629,0.4039406959211566,4.271597594129654,1.9407755715144965e-05,0.0001322244435446,up
gene-mRpL22,452.568478364456,2.0310655145129086,0.5282871989117244,4.271649577659991,1.940323121619098e-05,0.0001322244435446,up
gene-foxo,1167.3227559601507,-2.8664578725179086,0.7870973756859236,-4.271643671727267,1.9403745201228084e-05,0.0001322244435446,down
gene-LOC142982522,1652.0475552466626,-2.0208338625823115,0.526454529982326,-4.2698527344938375,1.9560207562653316e-05,0.0001331721907795,down
gene-Apt1,1597.1218463664525,1.705233928064928,0.4329599534329125,4.269550133745727,1.9586762165488164e-05,0.0001332620812363,up
gene-Usp15-31,207.30493542372872,-1.4188885446749055,0.3525899371114628,-4.269284093708149,1.961013675575472e-05,0.0001332643294916,down
gene-Ada,421.6056795540776,1.892306273412948,0.4873848560229457,4.269242470579689,1.9613796215137245e-05,0.0001332643294916,up
gene-LOC142979225,133.7067396053038,-2.4287283884864213,0.6497339480712577,-4.266937933487569,1.9817426466779856e-05,0.0001345562813366,down
gene-parvin,1779.4375419054898,1.1838934053400711,0.288719232149813,4.266100947392961,1.9891880193729195e-05,0.0001349699906278,up
gene-LOC142979961,202.0123417276673,2.805508226311879,0.7691837873068923,4.265789611737747,1.99196428283734e-05,0.0001350665455638,up
gene-LOC142972450,496.5002903133875,-2.159529899753209,0.5689168093589216,-4.263860265627796,2.009251235607744e-05,0.0001361462089789,down
gene-LOC142982322,19638.01143864592,2.0529915246854555,0.5387216439130746,4.261465742581166,2.0309048922172176e-05,0.0001375200931426,up
gene-Not3,532.7589745661486,-1.5154523556766637,0.380768235126568,-4.259869653875653,2.0454615343451416e-05,0.0001384118750799,down
gene-slim,319.7304960686816,2.0387925241634197,0.5324991676468533,4.259125061079547,2.05228629892532e-05,0.0001386856435313,up
gene-LOC142979894,77588.7628829652,-3.828515481511272,1.103013977223025,-4.259218493209725,2.0514287336514964e-05,0.0001386856435313,down
gene-LOC142982435,4007.437692278603,1.870716640281072,0.4830010923599152,4.2567714320597165,2.074001984386672e-05,0.0001400582801499,up
gene-mRpL45,378.07091188302,2.479059729808127,0.6715982015021267,4.25603262491619,2.0808635595151825e-05,0.0001404266341279,up
gene-l(3)neo43,825.2122129902422,2.0941142627865887,0.5501164197747426,4.252712399606265,2.1119674178968507e-05,0.0001424293702569,up
gene-LOC142981342,575.1725220878293,-1.4499130595014154,0.3627877145666871,-4.252552790560532,2.113473729804655e-05,0.0001424347150383,down
gene-LOC142974542,4211.426460099585,3.8759674950138976,1.1202012204294631,4.249881573774113,2.138835667066224e-05,0.0001440466855127,up
gene-SMC5,51.60739696590013,-2.8564615708253696,0.7840378478007832,-4.249293096187984,2.144461796185227e-05,0.0001442681494046,down
gene-Glpq,256.07314180286403,3.215791576987884,0.9043615750954724,4.249235326036833,2.1450148654093795e-05,0.0001442681494046,up
gene-Spred,82.20378206731495,-2.312802800599975,0.6166428660322204,-4.24873565863022,2.149804158613744e-05,0.000144492897691,down
gene-LOC142975894,49.09383742558996,1.6546344697178623,0.4207761412132149,4.248202564964418,2.1549250641205812e-05,0.0001447396168572,up
gene-LOC142972835,506.9062023059223,-1.8143829070212616,0.4682236285253417,-4.246529157602323,2.1710753799439027e-05,0.0001457263171971,down
gene-LOC142981312,5352.986126176308,2.6946719810435797,0.7358460195338467,4.246322770289631,2.1730752189735384e-05,0.0001457625252726,up
gene-LOC142974423,77.34431428539547,1.5786364088180946,0.3990681952059287,4.246106835007292,2.175169452305993e-05,0.0001458050121119,up
gene-RpS29,8482.868079133483,1.893368329411712,0.4906012601151082,4.244948655248083,2.1864348034664272e-05,0.000146461783714,up
gene-LOC142976729,141.5168575612585,3.281712155945081,0.9278737492333892,4.244654168597828,2.1893080513405196e-05,0.0001465558930947,up
gene-pea,465.251295081914,-1.7489860920856832,0.4496292258936323,-4.242289944149313,2.212505923705005e-05,0.0001480095283143,down
gene-LOC142978980,2204.921666306987,4.532037983092511,1.3540326534492535,4.241836582491886,2.21698097932908e-05,0.000148209558973,up
gene-rt,39.61191036965758,-2.39914667771432,0.6441789867545711,-4.238603870008635,2.2491411671701023e-05,0.0001502588888187,down
gene-Grx3,731.3746187252324,1.82177804251906,0.4708853368032907,4.237559033351832,2.259630179371392e-05,0.0001508586543164,up
gene-Akap200,211.96326172717735,-2.1546986749359927,0.5714844847689452,-4.236139795845535,2.273952351198809e-05,0.0001517133584045,down
gene-LOC142979143,253.0381464068645,-4.784087308464886,1.4292392235377966,-4.234229400482829,2.2933674803327486e-05,0.0001529064851115,down
gene-aay,11721.269804032345,1.6370098494816554,0.4174059863964979,4.233537036610015,2.3004427620572417e-05,0.0001532758291595,up
gene-LOC142983525,1106.3993533641865,-1.4497206514343188,0.3647222809519616,-4.233213106877004,2.303760135297724e-05,0.0001533944623776,down
gene-LOC142976275,228720.62887317105,3.901047847854089,1.0165006023656706,4.232733795779201,2.308677126187144e-05,0.0001536193759764,up
gene-LOC142981333,804.6959657824301,-3.610655360353724,1.0385391248214135,-4.232436794645217,2.31172890827721e-05,0.0001537199615823,down
gene-LOC142981562,63238.5250002014,5.4543922667855975,1.6767670486533943,4.231529778697288,2.3210725695697304e-05,0.0001542385174226,up
gene-RpS25,19557.808899957618,1.4556004774543558,0.3646895831225071,4.23130377463533,2.3234063463074177e-05,0.0001542908765302,up
gene-Pex5,396.51331210425536,2.440500267319337,0.6608991763146307,4.230681817672435,2.329840369181908e-05,0.0001546152707766,up
gene-aspr,103.11130657473824,4.6937201050978965,1.4218831188864145,4.228905217318065,2.348312466828344e-05,0.0001557375862552,up
gene-Tango14,660.4182371406532,2.809181146028947,0.7790827863479745,4.2283501761437705,2.354111987377335e-05,0.0001560185374901,up
gene-PrBP,638.5547364819819,-2.7186409281520385,0.7504916261680236,-4.227892493345082,2.358904478458193e-05,0.0001562324193728,down
gene-Pp2C1,323.370569115503,-1.8437578310224207,0.4792869571042126,-4.227648231694904,2.361465990546812e-05,0.0001562983557801,down
gene-LOC142976481,573.3850071761334,-0.6350840915553561,1.3661126529074026,-4.227017496307841,2.368092604522349e-05,0.0001566330834044,down
gene-LOC142986153,168.18767322662436,-1.7747233336647,0.4590235495380421,-4.226279790797228,2.375865514008918e-05,0.0001570431370551,down
gene-Tbc1d15-17,1107.8207147274863,-2.044867612508668,0.540765772769353,-4.2252846005601885,2.3863899086141127e-05,0.000157634398927,down
gene-pum,485.8323722933037,-1.7572577285385755,0.454646297639045,-4.223695786348202,2.4032840204021357e-05,0.0001586453558705,down
gene-CatD,4212.099617718149,-3.304962711401521,0.943396923366643,-4.222937892407768,2.4113828546312588e-05,0.000159074767165,down
gene-RMI1,97.26649279779224,1.6211532382816314,0.4140335238450133,4.221034924699412,2.4318325227486228e-05,0.0001603178362586,up
gene-LOC142980263,122.65246727662948,3.8922360907097264,1.143596316501399,4.21915157339211,2.4522337667900585e-05,0.0001615560741011,up
gene-Pmi,1709.8879034260442,1.4268094213348328,0.3593334773182162,4.216500553503505,2.481226786686042e-05,0.000163358341411,up
gene-PTP-ER,139.4605738220107,-1.972636165338622,0.5195670726581384,-4.215508261949549,2.4921626752318177e-05,0.0001639701757514,down
gene-Arf102F,2905.728842299615,1.298312964354997,0.3236443584182311,4.214646764679185,2.5016942697346395e-05,0.0001643685510032,up
gene-Dtd,56.77298480764335,2.4966334492190354,0.6823002152305965,4.214514746718834,2.5031579754027542e-05,0.0001643685510032,up
gene-Zasp52,153.228584579083,-3.123239013116622,0.8793954022261168,-4.2147562937093,2.5004805206566947e-05,0.0001643685510032,down
gene-LOC142981372,69.73766328267008,-2.5293964390423787,0.6921813944916162,-4.213190345960086,2.517886982117898e-05,0.0001652270214892,down
gene-LOC142976438,1803.4770578316777,1.6790705405139956,0.4319185456939354,4.212696507270738,2.5234001631131085e-05,0.0001654800067544,up
gene-LOC142979516,801.1311639243723,-1.9576098771005903,0.5158431090056929,-4.211854947102927,2.5328217491003413e-05,0.0001659887976216,down
gene-Rab1,6182.606055583609,-1.540167082333698,0.3932015080692634,-4.211154406025895,2.540690083169653e-05,0.0001663951950138,down
gene-LOC142976368,866.0086967950027,2.9290577075745614,0.8241869460318909,4.210038954685272,2.5532666070265304e-05,0.0001671092065884,up
gene-LOC142985598,1030.6397126911845,1.319272280365991,0.3297975359057361,4.209747369478577,2.5565639300750752e-05,0.00016721536426,up
gene-LOC142977771,327.3961194124635,5.12580488016179,1.5914647228711023,4.209444268765282,2.5599957666228657e-05,0.0001673301751582,up
gene-LOC142979341,51.27189791173343,-2.105986778821152,0.5593739805490225,-4.209263088221554,2.562049262556426e-05,0.0001673452319219,down
gene-LOC142974425,107.21061224606454,2.19538013375456,0.5886420874332092,4.209128173801981,2.563579396940529e-05,0.0001673452319219,up
gene-LOC142984745,179.39989719677342,4.104489359757228,1.2224534143088526,4.208803310953199,2.5672674020314884e-05,0.0001674764440501,up
gene-LOC142975300,123.25832284102314,3.74491364288665,1.0973260297306502,4.208644326453388,2.569074111959484e-05,0.0001674848380892,up
gene-mtSSB,171.75351163936318,2.034493567206383,0.5394025683640682,4.208120472333425,2.575035784463561e-05,0.0001677639175243,up
gene-LOC142976249,14422.512757302027,3.5891915732864774,1.0412543095660485,4.206644924767936,2.591898924773274e-05,0.0001687524016188,up
gene-AsnRS-m,127.99035982541083,2.135368326860561,0.5707941201493054,4.204555100031414,2.615962074687818e-05,0.0001702080669325,up
gene-LOC142977695,5773.10753333461,-1.6139462038430177,0.4151235330026452,-4.203411288541338,2.6292222309650016e-05,0.0001709593947052,down
gene-mys,283.3703250968219,-1.5269814641434576,0.3901116119767123,-4.199827913283343,2.6711792002706787e-05,0.0001735744765488,down
gene-wkd,205.79242149202332,-1.8490247624914504,0.4851229876623615,-4.1982505853947085,2.689848916036696e-05,0.0001746739234285,down
gene-HnRNP-K,675.9556189240408,-1.0957522981719643,0.2706632353049036,-4.197760401558531,2.69567610335791e-05,0.0001749385122731,down
gene-LOC142978671,5736.300059442937,3.4245313997875546,0.9904006063603504,4.197429355224655,2.6996182912618988e-05,0.0001750805078952,up
gene-Pmm2,2720.595350179887,2.1480463033375945,0.5760488159582633,4.196265303448025,2.713523703408097e-05,0.0001758680524916,up
gene-LOC142979470,439.1636541439261,1.7140235428403967,0.4447096940249951,4.194379282652084,2.7361982094633168e-05,0.0001772225459354,up
gene-qm,137.4010456751427,-1.6274347438957162,0.4198351117210013,-4.1926208191621575,2.757501367394336e-05,0.0001784865184692,down
gene-LOC142973687,289.4373161946224,1.4580760433914717,0.3705576995158904,4.192239901826628,2.762136779720105e-05,0.0001786706882591,up
gene-LOC142974638,60.49982948845466,2.0247630121720355,0.538217452046056,4.191868366019411,2.766665164172315e-05,0.0001787319417708,up
gene-wrm1,104.49204492807496,2.612186282586249,0.7253927752257332,4.191935963542323,2.765840741314689e-05,0.0001787319417708,up
gene-LOC142973502,959.440075924978,-1.740440596079038,0.4540597532984123,-4.188948590765656,2.8024987294588357e-05,0.0001809297530318,down
gene-LOC142974328,2616.005776232015,2.456663525173109,0.67544288979856,4.186480340039703,2.8331346066650248e-05,0.0001827893762709,up
gene-FBXO11,832.1950965644531,-1.4866929282077734,0.3800728942745359,-4.185539486056966,2.844896064517073e-05,0.0001834296357877,down
gene-LOC142973059,73.90905360482249,2.421467390402205,0.6653454565667135,4.184702642088105,2.855396301122468e-05,0.0001839878016882,up
gene-Smu1,137.83785374086722,-2.2766557151211835,0.6188431942728101,-4.183427508093954,2.871466816031264e-05,0.00018490393736,down
gene-IIM1,52278.04411474665,-2.057217934453427,0.5526006468262109,-4.182654010318164,2.881257066521226e-05,0.0001854147439132,down
gene-LOC142982144,603.5689349513024,2.3878700098434096,0.6545543191573666,4.181707888704018,2.893275382505487e-05,0.0001860681803658,up
gene-LOC142979801,1046.3611631703038,4.642244349072484,1.4304664634316744,4.176600051975291,2.958986230855275e-05,0.0001901715490673,up
gene-stv,883.3593478892163,-2.131854313928682,0.5763947421125898,-4.17617245582389,2.964551008714045e-05,0.0001904065869882,down
gene-mop,2790.0760131296265,-2.617197878593215,0.730453077561112,-4.175807674269741,2.9693061723337574e-05,0.000190589356309,down
gene-LOC142976546,47.68582822383359,1.815764204021644,0.4769311574625665,4.1750014244709,2.979841891628694e-05,0.000191023920882,up
gene-EMC10,841.6455350240475,2.089153845028934,0.5616863173071813,4.174996659303291,2.9799042662401004e-05,0.000191023920882,up
gene-LOC142982752,664.4137030525396,1.158901853882612,0.2890533039540877,4.174630931562974,2.9846952366864616e-05,0.0001912082359266,up
gene-thoc6,180.09519228274374,1.670985443315652,0.4347845734722944,4.171628189038655,3.024308387782516e-05,0.0001934975770413,up
gene-LOC142979184,3293.2483815549544,2.092633562989845,0.563011211377858,4.17172967450936,3.022961438926426e-05,0.0001934975770413,up
gene-HDAC6,63.63968494784791,-2.3748980774039348,0.6515728032698156,-4.171253290996987,3.029289106023669e-05,0.0001936920856324,down
gene-mRpL44,430.6458818300391,1.7370513452208842,0.454531534770386,4.170400449140004,3.0406486137024933e-05,0.0001942939424671,up
gene-Nup188,80.6985559598494,-1.6409396677525616,0.4260173952601173,-4.169136664483231,3.057556179615236e-05,0.0001952493168825,down
gene-sws,161.75247955319168,-3.2424101908000003,0.9369077226452014,-4.16890955594314,3.060604010265023e-05,0.0001953189809875,down
gene-LOC142983477,1144.2427961496596,2.504647967112236,0.6948742005988517,4.168168459615725,3.070569729147296e-05,0.0001958297537803,up
gene-LRR,428.1566199925965,-1.952445483763627,0.5212229042366263,-4.167677325719064,3.0771911181749736e-05,0.0001961267212675,down
gene-LOC142972852,578.2777747336087,1.9403954941453432,0.5166731447535106,4.1666741213858005,3.090758347186981e-05,0.0001968657247177,up
gene-Atg17,843.4004041855079,-3.1050404276200405,0.8940932399405268,-4.164955093440718,3.114138545475922e-05,0.0001982284236122,down
gene-eIF2Bgamma,614.8099305501427,1.365084694834216,0.3468151032825783,4.164372997355739,3.122093550450681e-05,0.0001985392798182,up
gene-mim,168.3494155403459,-4.242762379493178,1.2795015900311142,-4.1643067298967855,3.1230003938949635e-05,0.0001985392798182,down
gene-LOC142985268,171.21801959867983,-2.203356063611781,0.6000348942716264,-4.163802984618959,3.129902132269102e-05,0.0001988513888108,down
gene-Nup44A,370.7472255348469,-1.8335943292575465,0.4852653878575677,-4.162938641875848,3.141778143006729e-05,0.0001993521147193,down
gene-Pdzd8,1175.7187876717464,-2.8187131843960964,0.8007572735942339,-4.1630234757845646,3.140610638559247e-05,0.0001993521147193,down
gene-LOC142977061,94.226858189023,1.588141366703232,0.4114795494823604,4.161214567596805,3.1655948083155055e-05,0.0002007357165298,up
gene-LOC142972600,261.5629301532086,-2.140724163957396,0.5809138120619416,-4.1607812464976615,3.171607702483621e-05,0.0002009893109745,down
gene-LOC142972194,1110.285677318089,-3.336405588383599,0.97444287206605,-4.160468746933721,3.175950773875724e-05,0.0002011368316881,down
gene-LOC142983930,156.82241363765093,-2.23230105752934,0.6100346779617146,-4.158328457759858,3.205848421569869e-05,0.0002029015415072,down
gene-MED20,193.0326234500502,2.380357289424816,0.6581244377747262,4.155270320014287,3.249031815730879e-05,0.0002055043507782,up
gene-LOC142981210,208.54716643419815,1.0317899418813736,0.2562203946971934,4.154009987989527,3.266989048649788e-05,0.0002062775430618,up
gene-EloC,2290.9057110180934,1.4559146085927224,0.3736971603494656,4.154209655230187,3.2641379145651853e-05,0.0002062775430618,up
gene-Ccdc56,333.37885584936043,2.375988076438296,0.6569618122462323,4.153835024388024,3.26948937364434e-05,0.0002062775430618,up
gene-LOC142976803,132.34545206905048,-3.5971245508790606,1.0615061565110169,-4.153832684473907,3.269522824604607e-05,0.0002062775430618,down
gene-LOC142983062,228.37452523475667,1.058239433593994,0.2632655632755515,4.153417287834232,3.2754664097398734e-05,0.0002065219850638,up
gene-LOC142987684,365.6940437295589,1.2445670549654269,0.3142162320551945,4.152990308562143,3.28158641851903e-05,0.0002067772351214,up
gene-LOC142975795,26.18999554707626,-3.473271051466814,1.0047098169103552,-4.148666913722691,3.3441697272372274e-05,0.000210587747934,down
gene-LOC142973376,79.34213188621601,2.397900943024058,0.66475497013451,4.147927103928336,3.354991804999434e-05,0.0002111360227345,up
gene-LOC142974240,124.81645334169416,1.3534145421983583,0.3456936043540705,4.143946517060188,3.413793933000652e-05,0.0002145702884298,up
gene-LOC142978319,90.68009814659582,-2.083007873850632,0.5652063265292081,-4.143941912293982,3.4138625190522234e-05,0.0002145702884298,down
gene-ncm,149.91056768882314,-1.990327954043836,0.5366279303103523,-4.142473240445665,3.4358046712041894e-05,0.0002157144476579,down
gene-sea,585.7961209733263,3.0537024997795355,0.8846601605297174,4.142161151188818,3.440484550181635e-05,0.0002157144476579,up
gene-LOC142984091,1182.0846401343672,-3.659698285060684,1.0913335281435923,-4.142291499263405,3.4385292030291933e-05,0.0002157144476579,down
gene-LOC142982170,508.5718219585021,4.9288245916445,1.5678023482744,4.142146036176655,3.44071135829594e-05,0.0002157144476579,up
gene-NijA,89.8005908253309,-4.369621033409151,1.3297251079106134,-4.14103162162807,3.4574728673967266e-05,0.0002166292322001,down
gene-SkpA,3708.68160588888,1.3929923119391496,0.3576700383528443,4.140365868514068,3.467523192523601e-05,0.0002171226410575,up
gene-LOC142976294,135.33411342325317,2.4699807798015225,0.6913327263953685,4.137839682446101,3.505911894280066e-05,0.0002193887562182,up
gene-LOC142987317,1148.0876329164616,-1.8373652683593,0.4908165026472688,-4.136126804669616,3.5321705524526025e-05,0.0002208934478949,down
gene-UbcE2H,931.384686076966,-2.7287815110458817,0.7779572407371312,-4.135939292700787,3.5350564525520065e-05,0.0002209354943827,down
gene-LOC142986774,1251.3995694741902,-1.2712980189326923,0.3238685183660861,-4.135167259490143,3.546962022477883e-05,0.0002215408507281,down
gene-Pitslre,1508.0251930424622,-2.837315318381061,0.8141716992468208,-4.134727289192256,3.553763852536374e-05,0.0002218268731217,down
gene-LOC142974595,919.7979291812148,4.346522389863867,1.3475804921362888,4.132059273346849,3.595276740871841e-05,0.0002242778571915,up
gene-LOC142972620,299.39454013495475,-2.303411208248464,0.6382628739425139,-4.131505732509476,3.603947022232403e-05,0.0002246782962454,down
gene-Manf,1427.616542670229,2.7097525564081324,0.7727965255254531,4.127985955947721,3.6595445948125e-05,0.0002280019638003,up
gene-mRpS28,700.1319705077094,2.044706175716275,0.5560392759140274,4.124960500719473,3.707983879031502e-05,0.0002308757772714,up
gene-Pa1,156.35584474572912,2.757618575593715,0.7913683013062298,4.124247478244252,3.719488089309311e-05,0.0002314476971284,up
gene-LOC142977570,10918.842587686386,2.622359838959139,0.74362882511004,4.121740362368472,3.760208599770969e-05,0.0002336901745598,up
gene-LOC142978055,83.03885532780485,-4.120612515117887,1.2520787600207888,-4.121745996558329,3.760116616744887e-05,0.0002336901745598,down
gene-LOC142979085,815.9245851030634,-1.3470087116481546,0.3466541409379852,-4.117617409779623,3.828095148925205e-05,0.0002377611554537,down
gene-LOC142976747,119.95178498525232,2.71773073009124,0.7810481784151162,4.116921283103625,3.839671419575811e-05,0.0002383318435247,up
gene-LOC142982775,7387.216584101519,4.660791116925699,1.4591636185275934,4.116365828177593,3.8489322101553725e-05,0.0002387581876293,up
gene-LOC142975616,412.01431754377774,1.7934331053852373,0.4791707433924956,4.115952443059508,3.855838106433539e-05,0.0002389735988633,up
gene-dpa,25.2985385389098,-4.421164623309308,1.2885236745936992,-4.115871401332303,3.85719334504356e-05,0.0002389735988633,down
gene-LOC142981092,317.98404015591416,1.826836518460144,0.4895736246125983,4.114852409777027,3.874272290787965e-05,0.0002397910843076,up
gene-SsRbeta,1884.3050544203984,2.892403714320369,0.837854029045529,4.114797594764261,3.87519305669071e-05,0.0002397910843076,up
gene-LOC142972524,83.24667016312782,2.592337156077083,0.7370397695638449,4.1122355919100935,3.918461276083378e-05,0.0002421681857373,up
gene-LOC142981743,1115.4878871799428,3.631734783287719,1.0968899075460803,4.112360678659884,3.916338152565386e-05,0.0002421681857373,up
gene-raw,417.8463261104746,-2.4518461847796584,0.691203956312523,-4.111892806860132,3.92428503837953e-05,0.0002423780257924,down
gene-LOC142975881,319.08471707105593,1.4297510492760797,0.3707164969613755,4.110028412134774,3.956104379145904e-05,0.0002440412719916,up
gene-MICAL-like,293.99818390903243,-2.2665119541936147,0.6310531677544916,-4.110064101455593,3.955492982756515e-05,0.0002440412719916,down
gene-INTS7,28.258087583985983,-3.623180511551955,1.065348690778951,-4.109174111142314,3.970766269485758e-05,0.000244794429498,down
gene-Dhc64C,391.478950622756,-2.108276798810996,0.5806331179497826,-4.108565527106296,3.981242495382245e-05,0.0002452887737432,down
gene-CSN3,698.8399052261019,1.4199649640104763,0.3680272721774664,4.107424903819324,4.000947989453978e-05,0.0002463507827436,up
gene-LOC142977825,237.1978826371671,-2.291567091090936,0.639269128666133,-4.107193413085857,4.0049585236633246e-05,0.0002464456906577,down
gene-LOC142973539,590.9064932404906,3.832272014154866,1.1741230574000845,4.104062274081018,4.05958110813536e-05,0.0002496529823801,up
gene-LOC142977194,11706.328505650554,3.3935846274368284,1.0153548197700433,4.102649502874095,4.084457614191591e-05,0.0002510281493057,up
gene-Gli,278.0229810940531,-2.749105917676292,0.7930946465175374,-4.101748521211122,4.1003978410780936e-05,0.0002517789774748,down
gene-ZnT77C,664.0970977145256,-2.795364851823812,0.8090145571234104,-4.101673970352681,4.101719440678249e-05,0.0002517789774748,down
gene-ECSIT,96.66476895382372,2.200345173571552,0.6106241849835625,4.100314157084298,4.1258965566160986e-05,0.0002531073972439,up
gene-gem,445.8818309549102,-1.2264822497615513,0.3140511107192416,-4.098929794227916,4.150649024714836e-05,0.0002544694589415,down
gene-Polr3G,219.50050557839015,1.3906939049971965,0.3606140554783347,4.098599159789908,4.156581592494945e-05,0.0002546767395622,up
gene-LOC142980297,5287.040542898495,5.815824335858101,2.0106785417242365,4.09737236530537,4.17866432801715e-05,0.000255872691153,up
gene-snRNP-U1-70K,217.6631058048104,-1.5994117978824545,0.4231627010491269,-4.096293528268249,4.198175718538066e-05,0.0002569098212552,down
gene-Sult,260.0136590906341,3.855868638163941,1.1882556224316287,4.094117440064536,4.2377948495586425e-05,0.0002591754313323,up
gene-LOC142973060,2245.4768715913374,-2.5252905475245204,0.7209686765529842,-4.093707848480197,4.245291670839698e-05,0.0002594749305979,down
gene-LOC142978020,13089.729169643202,2.141038300922951,0.5944830594249664,4.09232035475284,4.270780803820264e-05,0.0002608730918171,up
gene-Paf-AHalpha,174.8012031558977,1.6233297642757898,0.4304595159970317,4.091249983921462,4.290543321312299e-05,0.0002618126563656,up
gene-TwdlT,23.118652889918557,-4.614738456551603,1.3426941558364889,-4.091203218653996,4.291408734737917e-05,0.0002618126563656,down
gene-ec,21.0761380113812,-4.158332435694952,1.2451684142976054,-4.089016249016134,4.332065095011846e-05,0.0002641315926286,down
gene-LOC142974227,1203.4854042344286,-2.8368305615182297,0.8277842795377376,-4.086506402093908,4.379174076493485e-05,0.0002667186563992,down
gene-LOC142984637,119.06097002545708,-10.720348691139147,3.5434033816352875,-4.086471082097026,4.379840475287393e-05,0.0002667186563992,down
gene-VhaPPA1-1,8404.098287865045,2.2989020326085905,0.6460330452778398,4.085427536868359,4.399572989334514e-05,0.0002677569390643,up
gene-LOC142987259,169.40138210565866,3.1009903071704943,0.9213950669743914,4.084867685269574,4.4101940117365646e-05,0.0002682397710611,up
gene-LOC142974083,105.66789866512262,-2.702797371673321,0.7816015182933185,-4.083412407267796,4.437916182624419e-05,0.0002697615189937,down
gene-Hmgc,4906.614618419352,2.888886006727356,0.8458286435549022,4.082998140179586,4.445837893468347e-05,0.0002700785636926,up
gene-Patj,210.31042501820284,-2.4231124904327377,0.6883401394720432,-4.082088232486885,4.463284463987014e-05,0.0002708087673863,down
gene-LOC142984620,2187.6640723514,3.080961420175155,0.91535331070284,4.0821703356396055,4.461707556710996e-05,0.0002708087673863,up
gene-LOC142987290,119.99272800921402,-1.8819147756672985,0.512242160630822,-4.0817798165032615,4.469212753192597e-05,0.000271003721079,down
gene-Prp31,485.03280491669005,0.912396243810398,0.2288534432994287,4.081108601722712,4.48214048669032e-05,0.0002716226120076,up
gene-Sas10,454.8521696454709,1.2027986363140517,0.3084416599204635,4.080849323239797,4.487143732875247e-05,0.0002717608106664,up
gene-psidin,50.255549157085945,-2.77267070597199,0.8004373370091271,-4.08050475251151,4.49380104450262e-05,0.0002719989583091,down
gene-LOC142973161,3000.8074388339314,-2.6652221995886767,0.7713487610069545,-4.079765852665718,4.508108625417297e-05,0.000272699589032,down
gene-Pex10,330.8082638161477,1.8027833740472368,0.4875196168261643,4.078782783357436,4.527211132874442e-05,0.0002736892448044,up
gene-beta-Man,27.05715841174514,-4.792216403958774,1.4511695655713552,-4.077639763040271,4.5495182443707776e-05,0.0002748713171735,down
gene-Cdc16,21.632996922572413,-3.66072470872409,1.0716757716266347,-4.075775431933204,4.58612622584545e-05,0.0002769154619489,down
gene-Keap1,690.5850052199756,-1.7980062738851683,0.4877768917621369,-4.074789153597429,4.605605580823511e-05,0.0002779235145235,down
gene-Apaf-1,359.1632425279275,-2.358920934088231,0.6692869514790857,-4.073546453895542,4.630261072492691e-05,0.0002792425121725,down
gene-LOC142973600,1037.9204276612552,-2.612686849212294,0.75552290325305,-4.073053428388856,4.640077465032552e-05,0.0002796655385174,down
gene-Hsc70-4,107314.6322053764,-1.634473933339465,0.4415029757367988,-4.072827077478832,4.644590835511333e-05,0.0002797686247992,down
gene-LOC142976342,5337.243300059911,4.511915530140004,1.4444706524049142,4.072471057001692,4.651698203227222e-05,0.0002800277428613,up
gene-LOC142978810,552.3893086237489,1.7642201873958243,0.4766187876522169,4.07108568665659,4.679453128302142e-05,0.0002815287623483,up
gene-Cypa,21941.123184992917,1.3360467751611285,0.3489389497426889,4.070703174477505,4.687144111961084e-05,0.0002817846686462,up
gene-Tim10,711.1123251777398,1.8896577268328068,0.5160010812014606,4.07059341930235,4.689353117137026e-05,0.0002817846686462,up
gene-Gdap1,3362.8433082452502,2.163140455466996,0.6044535833926757,4.070024989476677,4.70080951570876e-05,0.0002823031274144,up
gene-LOC142979989,176902.72136344924,-2.7118790609905314,0.7968088014073774,-4.067010696344042,4.762005809810053e-05,0.0002857496826005,down
gene-IntS1,29.06318601302088,-4.819450824762108,1.4691129032492871,-4.066916701956901,4.7639261782111006e-05,0.0002857496826005,down
gene-LOC142976710,928.7137645544614,-3.0123749365685137,0.8943570628620764,-4.066643286052664,4.769516423781833e-05,0.0002859131737283,down
gene-LOC142973877,819.9833502728198,2.0962150487101936,0.5832677748865068,4.065990214054515,4.78289427619035e-05,0.0002863711323974,up
gene-Acsf2,9549.864939851954,-3.5855481336525594,1.097511023272454,-4.066024187260459,4.782197475797972e-05,0.0002863711323974,down
gene-Scamp,3907.135336501996,-1.3563426818795816,0.3548311998135908,-4.065266189158921,4.797767144193824e-05,0.0002870894116678,down
gene-LOC142981595,1191.834233120009,4.277490388012315,1.3680922512496752,4.064992636734982,4.8033978431967e-05,0.0002872541274592,up
gene-LOC142974842,184.64485349512287,-4.940286275144715,1.592099928438124,-4.064124395319768,4.8213109229747033e-05,0.0002881527204922,down
gene-AGO1,509.7022997983979,-1.7740842045580911,0.4816328919877991,-4.063759905488137,4.828849735447315e-05,0.00028843057576,down
gene-LOC142978379,599.1751572511411,2.5446068779133126,0.7338207572725898,4.062454619146913,4.8559389953566834e-05,0.000289875162157,up
gene-pyd,22.384985630760116,-3.69215592447866,1.0747713534438168,-4.060243040301824,4.9021661219596577e-05,0.0002924597732413,down
gene-LOC142979592,499.34090158332407,-2.7857558865404584,0.8172692895962845,-4.059970186937686,4.907898213887999e-05,0.0002926268343656,down
gene-LOC142987113,12330.191981239686,4.114918305797708,1.298570633000355,4.05890802189593,4.930272698639421e-05,0.0002937853839111,up
gene-ZnT49B,213.3288074331976,1.3251867709507974,0.3456194656536913,4.058202480993164,4.9451883119325096e-05,0.0002944983564522,up
gene-LOC142981836,572.679376260608,2.646560750403671,0.7708246644546215,4.055701903783334,4.998397398580658e-05,0.0002974895911462,up
gene-VhaAC39-1,9341.497469759846,2.239708112440081,0.6334946781054287,4.054236959566594,5.029821152832075e-05,0.000299181435795,up
gene-Pi4KIIalpha,1086.3231207012504,-1.847472318272492,0.5062637930715094,-4.054014075360906,5.034618506224201e-05,0.0002992884294855,down
gene-LOC142975927,3082.2749639027224,-1.5771967949242525,0.4224685768599118,-4.053393560086679,5.047997314462602e-05,0.00029957666726,down
gene-LOC142980138,275.1439739160606,-1.9341358050155253,0.5339780455632575,-4.053371589299711,5.04847163942909e-05,0.00029957666726,down
gene-ema,908.9761723911544,-3.438623176916678,1.05050615123435,-4.053612470809617,5.043273580857595e-05,0.00029957666726,down
gene-LOC142984023,35384.68093495537,4.268028852387632,1.3113258883137262,4.053162769990549,5.052981926371763e-05,0.0002996661473981,up
gene-mRpL4,212.7495328122677,1.9215730413886565,0.5298084557775692,4.048269670887167,5.159767666749175e-05,0.0003058173460915,up
gene-Cln7,344.4778051797239,-1.759967935563853,0.4793689103967464,-4.047377406645049,5.1794693478558885e-05,0.0003068028697979,down
gene-Fib-l,28.37164189549807,-3.4635155741325945,1.036741195983065,-4.047136449592634,5.184802024310946e-05,0.0003069365895886,down
gene-mts,2431.737923709519,-1.5202726933219666,0.4052309208928377,-4.045609962638848,5.218706143940094e-05,0.0003087437403355,down
gene-LOC142981749,1284.2558630559297,3.0710520353204984,0.9229815024960824,4.0454839099123605,5.221515215773325e-05,0.0003087437403355,up
gene-LOC142978140,792.4856869028587,1.4765843915301788,0.3919352738313422,4.043979534687996,5.255150844594e-05,0.0003103648555023,up
gene-ERR,4187.485604945419,-3.3591277969079067,1.0260830191368469,-4.044024521106383,5.254142042819779e-05,0.0003103648555023,down
gene-LOC142980293,420.5117087038813,5.363470955239448,1.8504125487086052,4.043286391219872,5.2707175190062254e-05,0.0003111001274819,up
gene-LOC142984737,333.7595708088274,2.62670162070992,0.7683315412853264,4.042315249697908,5.292601007572417e-05,0.0003122071551807,up
gene-Rat1,154.2570711506322,-2.002380631680492,0.5576721451220872,-4.041709601608608,5.306292107068125e-05,0.0003126452273946,down
gene-ifc,724.4802294886209,3.310463537570816,1.0116105998879008,4.041758555079608,5.30518423410184e-05,0.0003126452273946,up
gene-LOC142978844,1261.5394275286033,-1.5382405647025772,0.41143771002018,-4.041433819186085,5.312537475682988e-05,0.0003128285341875,down
gene-mRpS5,774.5718677249471,1.6305477226632985,0.4391208442656966,4.039520413713095,5.356060644400456e-05,0.0003152054321448,up
gene-exd,2110.1627813881173,-1.5686504106685388,0.4210552422019187,-4.038784451485833,5.372890960464752e-05,0.0003160095738149,down
gene-Der-2,1010.4361115668692,1.4177701412955612,0.3749041607144099,4.0373861660876464,5.4050057176280846e-05,0.0003176679148624,up
gene-LOC142976877,892.9516904760543,-2.344237482474513,0.6728293206014886,-4.037279975759828,5.407452032375107e-05,0.0003176679148624,down
gene-baz,314.81395191233645,-1.6180792587835395,0.4367146986363981,-4.035785632230609,5.44198878311661e-05,0.0003194942372143,down
gene-LOC142983499,532.9331855698114,-3.1842907748163647,0.965629895142312,-4.035658253375002,5.444942365511325e-05,0.0003194942372143,down
gene-RpL28,24270.62421902148,1.6820097720636669,0.4586530054575936,4.034915575266654,5.462193392247104e-05,0.0003203181683197,up
gene-mRpL53,659.976592927576,1.832094119977486,0.5033902126380437,4.033762758960146,5.489073771140739e-05,0.00032170549213,up
gene-Ask1,134.85228549895285,-1.8808803670068976,0.5200617632969622,-4.031828533954439,5.534456102900845e-05,0.000323984788053,down
gene-LOC142976934,1625.4820073539329,4.334542614746521,1.402639087584429,4.031829345247319,5.534436993399632e-05,0.000323984788053,up
gene-insc,162.7818070683222,-2.2370168058327504,0.6376675990871027,-4.028916331801563,5.603455521177279e-05,0.0003278317090086,down
gene-RpS4,27506.66042354685,1.3022745434230765,0.3432325177135131,4.0276976609375446,5.63257092092773e-05,0.000329149240994,up
gene-Kap-alpha3,4314.813586238178,-1.833748932815048,0.5064710249730027,-4.027723776377813,5.63194549430281e-05,0.000329149240994,down
gene-LOC142975886,53.6543200225877,-2.132167898406608,0.6025210881494175,-4.026004227679832,5.673266914444112e-05,0.000331333394225,down
gene-Prp3,245.77877272239016,-1.4175255288486688,0.3767841552953109,-4.023658526624327,5.730098264126049e-05,0.0003344567881534,down
gene-LOC142973163,2717.5418667688696,3.299177760557404,1.014963942777921,4.019837767103819,5.823823126489413e-05,0.0003397286886352,up
gene-EMRE,407.83141155104585,1.8652438509213425,0.516850481162783,4.018534955833609,5.856112239827657e-05,0.000341213404937,up
gene-hibadh,7570.944377127649,2.3236649454775047,0.6692097280502174,4.018645936217983,5.853355089316233e-05,0.000341213404937,up
gene-ScsbetaG,3078.234356473753,2.7973729616196628,0.8335564597323825,4.018114957595409,5.866557640268369e-05,0.0003416225893087,up
gene-APP-BP1,224.7989159784626,1.9036280442075972,0.5290464103850266,4.017887281819604,5.8722273331344095e-05,0.0003416499806383,up
gene-Cdc37,2139.805760350195,1.9976018603076655,0.5598794195584499,4.0178211950929335,5.873874028408405e-05,0.0003416499806383,up
gene-EMC6,443.075701411244,1.2383676772695889,0.324227246893403,4.015043324314282,5.943487607932808e-05,0.0003454976692765,up
gene-LOC142980065,488.1602295754849,-3.030155351548005,0.9190534237238688,-4.014685419939722,5.952513314501399e-05,0.0003458209277767,down
gene-Or-60,318.6173644232819,3.546065892171282,1.112168286082697,4.013657510554558,5.9785075686136975e-05,0.0003471290520205,up
gene-LOC142981937,3051.059661867324,3.180589321893218,0.97584168915959,4.00941967480738,6.086815367972296e-05,0.0003532122336496,up
gene-jub,318.19472006043486,-2.245247243837188,0.6455975355051353,-4.008894030809957,6.100378209927639e-05,0.0003537935788105,down
gene-Set1,129.9804674170926,-2.18371738074041,0.6242224552217944,-4.007738516323116,6.130293836269748e-05,0.0003553220835064,down
gene-LOC142977551,600.7250132511564,2.5537624067298443,0.752763833333501,4.007022872809952,6.14889104117351e-05,0.0003561931600809,up
gene-LOC142972247,4562.242505812375,1.8039936649542103,0.4996966965022574,4.003992541174378,6.228232907450637e-05,0.000360580003766,up
gene-LOC142975254,159.24225418930482,1.2811635785205542,0.3377193116065948,4.003399813736996,6.243864939922754e-05,0.0003612754548717,up
gene-LOC142984650,4927.660954634096,1.7871392113576594,0.4945769174282623,4.001922209349949,6.282995745026117e-05,0.0003633289717908,up
gene-Atg3,375.2264578273783,-1.0991167149060828,0.2859599746822971,-4.001604224747731,6.29144710553051e-05,0.0003636070269849,down
gene-IntS6,291.7722120724039,-2.33474721556096,0.678134618106813,-4.000219199380108,6.32838383754345e-05,0.0003654127348189,down
gene-CAH3,3259.10560084442,2.588464547504031,0.7660530893797001,4.000158278793581,6.330013210118299e-05,0.0003654127348189,up
gene-heix,84.50927221280337,2.17464763315061,0.6230960041185704,3.995643840926136,6.451866900902938e-05,0.0003722316967509,up
gene-Hr3,186.15159261636344,-3.94784077082258,1.2577614436661042,-3.994674073619376,6.478330972530739e-05,0.0003735425848459,down
gene-14-3-3zeta,26123.770164683065,1.1081662203578218,0.2876105476420539,3.994064278172554,6.49502431651618e-05,0.0003742889012883,up
gene-Mad,193.72326512594336,-1.7336239587450708,0.4785811695104937,-3.9928315535734407,6.528894963588099e-05,0.0003760236620402,down
gene-Aps,3944.8081586240346,1.535264821550246,0.415667276452919,3.99169163885,6.560364250465339e-05,0.0003776181982923,up
gene-LOC142981402,398.2476094332206,-1.6509659468906277,0.4530971868795068,-3.990382954574111,6.596669708487166e-05,0.0003794891087055,down
gene-LOC142986083,191.33756180015757,-5.0375519909708535,1.6909738369374847,-3.988517171786723,6.64875908710556e-05,0.000382265348205,down
gene-RhoGAP93B,77.21924888128424,-2.290376707313896,0.664236742318742,-3.988049292938968,6.661882354459301e-05,0.0003827993539427,down
gene-LOC142984767,71.07311408971316,-4.270630979101021,1.3700118452852394,-3.985812701999942,6.724954587898278e-05,0.0003862012183073,down
gene-LOC142972402,232.42489079238797,-1.3387290969311734,0.3576645366098456,-3.981817766416536,6.839020852241681e-05,0.0003925259754239,down
gene-Rim2,470.391207234461,2.137836380811483,0.6138565422802164,3.981221296199457,6.856207958649546e-05,0.0003932862737659,up
gene-Naxd,471.613208153736,2.0137305275834145,0.5727495294358609,3.9782257617242296,6.943143126878032e-05,0.000398044293793,up
gene-LOC142984913,33.01377331007783,-3.799764924536959,1.189907356644484,-3.97674734528446,6.986432507867912e-05,0.0004002961128646,down
gene-LOC142975160,647.0411470495334,-1.635170561765067,0.4499997251919872,-3.9759037752746966,7.011247293975048e-05,0.0004014874311024,down
gene-LOC142984224,894.898079051199,-2.4479234714707285,0.7230896188708137,-3.975473291640271,7.023942679691224e-05,0.0004019837837499,down
gene-LOC142980539,882.9819037199233,2.386413856977806,0.7009340164388008,3.975159156350665,7.033220559998676e-05,0.0004022840940363,up
gene-Eph,244.7138486058034,-1.336813381815609,0.3578855644981618,-3.97299415156977,7.097479248576888e-05,0.0004057270353954,down
gene-Fas3,69.25625854453814,-1.9321327566131763,0.5466343853219484,-3.968943703258229,7.219193325931641e-05,0.0004124485895027,down
gene-mRpL11,186.88560904996012,2.601217541157578,0.7799366513811206,3.967817823339105,7.253374561649616e-05,0.0004141643678479,up
gene-Irbp,753.6395619743543,1.745922739368496,0.4859057020513955,3.9669718987906015,7.279157125675197e-05,0.0004153988980638,up
gene-JMJD4,56.70368163015943,1.352992770393155,0.363116356809368,3.964136040422463,7.366223832543149e-05,0.0004201273147006,up
gene-LOC142972986,124.8795556106848,2.20249626458082,0.640084757970857,3.963916013915623,7.37302011466392e-05,0.0004202747787804,up
gene-LOC142981445,168.06588906204308,-3.06392347942846,0.947095360511654,-3.963012346898339,7.400995251007929e-05,0.0004216286164401,down
gene-vap,733.6555739400328,-2.15395058227971,0.6247793834253208,-3.9626518981538488,7.412181770817242e-05,0.0004220250214177,down
gene-LOC142980604,1800.0573672933008,3.137942150927155,0.9802163385307594,3.960098973661314,7.491870645963846e-05,0.0004263190474194,up
gene-rau,108.43003793399224,-1.880278168377142,0.5312699180545779,-3.959808988741581,7.500973518607859e-05,0.000426593827289,down
gene-LOC142974920,28099.96370187151,-4.4392886466217725,1.4827396279510467,-3.959302127874203,7.516909434506988e-05,0.0004272566803292,down
gene-Drp1,550.3912434845976,-1.403253876672981,0.3798616747045583,-3.958437382205432,7.54417132736297e-05,0.0004285621742652,down
gene-crm,94.51423379813986,-2.7242768045838472,0.8245940656237446,-3.95789789119599,7.56122660357396e-05,0.0004292867049503,down
gene-LOC142975882,206.13773283509815,-1.9048319398879368,0.5412186265043593,-3.9545525092578697,7.667803088535928e-05,0.0004350900660982,down
gene-Lkb1,169.6505287242408,-1.4253179206348652,0.3867925720890453,-3.954333041546609,7.674844264180051e-05,0.0004352421625044,down
gene-stau,408.238570927685,-1.329267823378052,0.3576258018426927,-3.953684209969495,7.695696478716863e-05,0.0004361768685637,down
gene-Alg7,220.88855571112933,1.556097074420343,0.4271345070222977,3.9532312071387032,7.71028687328961e-05,0.0004367558075045,up
gene-LOC142981393,54.157729141246826,-3.053532121568097,0.9417755871074576,-3.953013592831241,7.717305129412247e-05,0.0004369054027037,down
gene-LOC142982345,113.41308287270007,1.649738024891984,0.4571142184741508,3.952587105997865,7.731077233978774e-05,0.0004374369720654,up
gene-LOC142977772,319.5503779465468,3.510180513196961,1.1287594684600135,3.950478423260293,7.799512938378654e-05,0.0004408671823996,up
gene-LOC142972796,292.9043899419556,-4.651303919371949,1.566702153551859,-3.95044704957741,7.800535458548486e-05,0.0004408671823996,down
gene-LOC142983680,252.01505559074732,1.567222326247372,0.4309543112331402,3.950265135247649,7.806466845575793e-05,0.0004409527197832,up
gene-eIF4AIII,1721.3137162442056,1.0928579515522123,0.2877404621133419,3.949511531217908,7.831083847194388e-05,0.0004420930309889,up
gene-LOC142987352,900.2175171214693,-2.190737723661045,0.6402874918792101,-3.946899886915748,7.916964117586682e-05,0.0004464362647323,down
gene-fne,554.6641021414785,-2.754726320542642,0.8413507220531246,-3.9470224393166657,7.912914322305402e-05,0.0004464362647323,down
gene-Ppox,189.5107683515816,2.088627241282598,0.6042748349462483,3.946381757008177,7.9341076006525e-05,0.0004468980133302,up
gene-LOC142975536,301.1518701694655,-4.247593410282518,1.4090395161534002,-3.9464555610543375,7.931663487650801e-05,0.0004468980133302,down
gene-Ufd4,599.8790965913329,-1.593700485306249,0.4412492424716974,-3.945964085615284,7.94795273082581e-05,0.000447425359314,down
gene-LOC142974567,6369.120264089462,3.6299366144198086,1.183860704608927,3.938456196448024,8.200756158971087e-05,0.0004613965457874,up
gene-LOC142983211,41.178308509186856,-2.535937593786243,0.7547752354840505,-3.9382512688077895,8.207761835404118e-05,0.0004615305401643,down
gene-LOC142985619,120.04072113622328,2.044397796592992,0.5913027450921575,3.9373605387981656,8.23827819765275e-05,0.0004629856683038,up
gene-RpS9,28397.87913374606,1.395544702442698,0.3803746290768326,3.93685244418135,8.255733490374005e-05,0.0004635819501222,up
gene-LOC142974534,350.7270403779464,1.808810020336144,0.5114199022268991,3.936781380946548,8.25817761063457e-05,0.0004635819501222,up
gene-Khc-73,537.2492550049161,-1.4430063143736385,0.394494082769421,-3.9359611559315897,8.286437644320961e-05,0.0004649068809891,down
gene-mRpL54,437.1576592469045,1.335355365997236,0.3606846617643869,3.935504759370572,8.30220188434139e-05,0.0004655296461101,up
gene-mahj,689.0965823312154,-2.119882005546008,0.6187101846260753,-3.934129511027603,8.34987542962281e-05,0.0004679399588044,down
gene-LOC142981269,20575.158145377078,3.8001648687302136,1.2479229295271868,3.9317838597755608,8.431785862420483e-05,0.0004722651778497,up
gene-eIF2Balpha,437.7754119753714,1.792984304141283,0.50722337194453,3.929396973229604,8.515915326174225e-05,0.0004767097637158,up
gene-LOC142980432,4421.345356829364,-3.320720902760101,1.0622047697971833,-3.927120334518508,8.596897520609281e-05,0.0004809732856121,down
gene-LOC142976358,5235.269929908559,-2.852294185364602,0.8862563521268502,-3.926875139545445,8.605662612118504e-05,0.0004811939413532,down
gene-LOC142978385,1252.6711670947263,-1.6010624211877773,0.4462766337171902,-3.925775774372129,8.645066005512862e-05,0.0004828562048182,down
gene-DUBAI,415.2853484557861,-1.8843691545067116,0.5392854515275838,-3.925862351999256,8.6419567210784e-05,0.0004828562048182,down
gene-hppy,142.39423534416954,-1.6259769398211616,0.4536513684577479,-3.925267169881083,8.663353002456368e-05,0.0004834884995069,down
gene-LOC142979006,117.95402416450958,-2.60495186462505,0.7926573974322847,-3.925191557061616,8.666074798295266e-05,0.0004834884995069,down
gene-LOC142987410,50.729505397431815,3.2875532714700886,1.0549596826701746,3.922156665129644,8.775989671738029e-05,0.0004893472229811,up
gene-LOC142978249,53.30415470445254,-2.6353681926830403,0.8003404099252102,-3.921571729033744,8.797325169596796e-05,0.0004902629956323,down
gene-LOC142976381,63.04549875031443,-3.078250314051225,0.9653601743514928,-3.921076469223725,8.81542803306951e-05,0.0004909976964177,down
gene-pnut,1314.414304362965,-2.132130521564485,0.6260541639637884,-3.9206656404382887,8.830471451280607e-05,0.0004915612691312,down
gene-LOC142975299,878.9685148866171,-2.421577306029852,0.7284674012070566,-3.9196507414691992,8.867738282127478e-05,0.0004933606231544,down
gene-Pcif1,210.3488062794368,-1.136919954157142,0.3035494231112538,-3.9191892684766447,8.884732546619524e-05,0.0004940307272858,down
gene-LOC142975148,4018.520170612066,-3.784609830101168,1.2460320785200678,-3.918153351383676,8.922993483508519e-05,0.0004958819485462,down
gene-LOC142976308,64.96192075656494,3.2803371495335867,1.0548601144846754,3.9179841556904624,8.929257386455345e-05,0.0004959539119321,up
gene-LOC142987403,426.77770245996953,-1.2624305000437837,0.341122108946076,-3.916830954844967,8.972061548854747e-05,0.0004978170244807,down
gene-Meltrin,319.3564317521958,-2.3230872993742104,0.6934447352397352,-3.9168117360453065,8.972776545846588e-05,0.0004978170244807,down
gene-LOC142983092,90.41736855712593,-1.883369551685364,0.539871765194791,-3.915797536123996,9.010584283151573e-05,0.0004996368985007,down
gene-LOC142982193,243.6578913827152,1.0770560618149685,0.2859840686558159,3.915011018684656,9.040007933087442e-05,0.0005009901120496,up
gene-LOC142982930,711.96266850937,-2.2809549233719117,0.6795769269205488,-3.914550367289457,9.057283040496308e-05,0.0005016689346681,down
gene-CSN8,210.42506882329704,1.0914162559021008,0.2904304446480295,3.912344332649891,9.14044570953547e-05,0.0005059943906093,up
gene-LOC142987146,2087.1539002895997,4.96834254019274,1.7697049747446534,3.9090726338827904,9.265110619492992e-05,0.0005126112477447,up
gene-Arf79F,9245.936351424576,1.576487326824741,0.4398968823546685,3.9083104869494663,9.294381221991488e-05,0.0005139458115052,up
gene-MCTS1,509.8419982088837,1.7143590163458784,0.4848185213189974,3.907051977814455,9.342906096421504e-05,0.0005163429997141,up
gene-LOC142977569,1306.8080545547189,1.1660898196493676,0.3128121959875451,3.906396855267184,9.368260528956472e-05,0.0005173976230042,up
gene-DNAlig1,69.62605389937276,-1.857714676074668,0.5323030660048235,-3.906291178287812,9.372356501269928e-05,0.0005173976230042,down
gene-Mt2,45.654346530988725,1.952704061224772,0.5651998876528896,3.9046683349405673,9.435469665651053e-05,0.0005205938238411,up
gene-LOC142974781,30.164373455485432,2.404772938440681,0.7236908143794702,3.904421789326708,9.445092990474914e-05,0.0005208368681653,up
gene-mino,836.4479156891927,-3.7980936150546456,1.2596171317940583,-3.903684233515405,9.473937104720247e-05,0.0005221389632369,down
gene-cactin,409.6243192745223,-1.126757356286201,0.3019184512262743,-3.9028987085362257,9.504748644962788e-05,0.0005235479924137,down
gene-mtTFB2,141.5913895945773,1.551249380010511,0.4322677526274386,3.901816598636724,9.547348460546626e-05,0.0005250252616237,up
gene-dnt,310.6730990660356,-2.7834839376267406,0.8664215726391875,-3.901982609859334,9.540801348909103e-05,0.0005250252616237,down
gene-LOC142987477,347.2545509298891,3.764323457476053,1.2559703672184046,3.901841552538031,9.546364063596664e-05,0.0005250252616237,up
gene-LSm7,307.6186256789437,2.199083043741439,0.6530412785103488,3.900470788643025,9.600581017594768e-05,0.0005276618895187,up
gene-hay,297.8527684929556,-2.602916429750612,0.8002163910383616,-3.898893180462569,9.66333899410177e-05,0.0005308188580084,down
gene-LOC142986486,549.9034154077739,-1.5372403804618977,0.4291567918018712,-3.898433154016391,9.681711874615944e-05,0.0005315355677697,down
gene-Rep,615.3246917779838,-1.1786076118354971,0.3178776926645807,-3.896992654993592,9.739457176507888e-05,0.0005344118860842,down
gene-LOC142973062,2677.7490247409846,3.311786741392786,1.0721609955638507,3.8950916249948055,9.816161640934396e-05,0.0005383247765833,up
gene-mRpS25,137.81147780101898,2.211656286817471,0.6585625029210039,3.893921254247843,9.863668081520354e-05,0.0005406330100035,up
gene-PQBP1,784.5073017591748,1.0511670494253251,0.2801213186492378,3.8937277353457382,9.871544075924596e-05,0.0005407677355752,up
gene-Snx6,914.7624625172588,-1.2581074728908082,0.3418232135325272,-3.893290596102474,9.88935699372312e-05,0.0005414463639843,down
gene-Taf13,654.1538475632534,1.6004581008466536,0.4493934251405316,3.891968233121822,9.943426671110428e-05,0.0005435202033951,up
gene-for,1414.3463392070787,-2.263895566057676,0.6788512531019111,-3.8919646953330727,9.9435717002258e-05,0.0005435202033951,down
gene-loco,142.84141479235618,-2.276664057651008,0.6823663235591276,-3.892152877774004,9.93586006714888e-05,0.0005435202033951,down
gene-LOC142980860,204.11104251350025,-1.999409362308266,0.5855771830781549,-3.8896607156176137,0.0001003844700268,0.000548405799309,down
gene-mRpL38,381.8003510530396,2.069033156306834,0.6091005732433181,3.889332672031348,0.0001005202476207,0.0005488471507128,up
gene-BGRP2,172.2131073992381,-2.3341034415909374,0.7041756705460381,-3.888300939290238,0.0001009484138128,0.0005508836075812,down
gene-LOC142972829,265.5559807696049,3.594925141125523,1.2025967161222997,3.887181782260968,0.0001014148071024,0.0005531263331636,up
gene-Sec13,1902.2905134430168,2.4035865565578933,0.7301864624443112,3.8861111483539847,0.0001018628820066,0.0005552667533089,up
gene-LOC142983003,565.4296909253968,-3.9112023404812697,1.3156213061778643,-3.8847881107843647,0.0001024191727646,0.0005577239283752,down
gene-knk,32.212791874880246,-9.039007367183116,3.0171473683847982,-3.884773328554543,0.0001024254043394,0.0005577239283752,down
gene-trio,969.2441918674313,-1.5126685398001882,0.4230151588820142,-3.884529597146654,0.0001025282029974,0.0005579792770544,down
gene-LOC142978047,136.16456943445476,-2.09190790893073,0.619134674335523,-3.883737763414994,0.0001028628474077,0.0005594954114314,down
gene-mRpL50,252.59143960769208,2.180442359584754,0.6503642043484161,3.882534873497317,0.0001033731853543,0.0005619650125388,up
gene-amx,769.0067597670682,1.4177068080315642,0.3923959709881702,3.8804834330595632,0.000104249046192,0.0005661097551919,up
gene-LOC142978230,78.93319834759558,1.6180094254660224,0.4562429578841473,3.880165494567024,0.0001043854149889,0.0005665420483985,up
gene-LOC142980034,290965.7276416632,-3.6452218906073455,1.225887986114186,-3.878109564276437,0.0001052713079527,0.0005710396329764,down
gene-LOC142976684,1325.8540209174778,1.8479585324044916,0.5348649122174346,3.8772249546540407,0.0001056546620659,0.0005728078121022,up
gene-Ptpmeg2,470.597732763591,-1.6495536911567823,0.4689527883738658,-3.8762433382115993,0.0001060815968676,0.000574810216252,down
gene-SREBP,1881.8258000840128,-1.576495909966387,0.4458182204954342,-3.874986789071545,0.0001066304842306,0.0005774708969648,down
gene-LOC142977152,854.1271942258641,1.750901143543153,0.5025072133922076,3.874607711759022,0.0001067965987322,0.0005780568611426,up
gene-TBC1D16,308.5343015774705,-2.637823678916041,0.8216491583935215,-3.874466913649227,0.0001068583596807,0.0005780776628584,down
gene-LOC142982262,72.49429079321443,-2.407379415962056,0.7341720809099402,-3.8728144942207496,0.0001075857150552,0.0005816971949979,down
gene-LOC142987600,90.64633616303364,-1.2761806257388373,3.688200273276327,-3.872024773049247,0.0001079349787873,0.0005832696390235,down
gene-mRpL24,1425.3490716173994,1.5679401020077537,0.4418680039300268,3.871770578441264,0.0001080476268315,0.0005835624260854,up
gene-Sclp,2032.198697673678,-4.153939877533555,1.4263067380221353,-3.871213503022807,0.0001082948865877,0.0005845815376052,down
gene-LOC142976615,761.4576769057209,1.7316120094816565,0.4959159953549878,3.8710496621880486,0.0001083677094183,0.0005846584365972,up
gene-Myo10A,39.57372478630504,-3.1882252006146827,1.0030511850432462,-3.870703206116763,0.0001085218519715,0.0005851737463685,down
gene-LOC142978586,219.08299240166707,1.963221652995496,0.5756404290082355,3.870512169376041,0.0001086069350166,0.0005853163166313,up
gene-LOC142981936,2804.713194900199,2.568023932979457,0.7961505681451232,3.870257565723693,0.0001087204270318,0.0005856117551027,up
gene-LOC142975428,315.94307470336395,3.4582755211171685,1.149911451687172,3.8698875249365616,0.0001088855757662,0.0005858798947209,up
gene-LOC142975016,9578.557159654076,4.243279949267499,1.4090418079301965,3.86988297711697,0.0001088876069238,0.0005858798947209,up
gene-Coq7,1046.2758646982386,1.7081310695427296,0.4884984544272147,3.869363493979033,0.0001091198550809,0.0005868131861871,up
gene-LOC142974785,56.49439759484667,2.0142474747033585,0.5937871470858089,3.867641232118429,0.0001098931837364,0.0005906536709065,up
gene-Trs31,849.1836520397534,2.124191086551913,0.633990941771087,3.8643082977141856,0.0001114044427059,0.0005984541133737,up
gene-LOC142983202,604.996190924303,4.159023395704751,1.454010124483607,3.8641466364907138,0.0001114782413173,0.0005985284166694,up
gene-LOC142976150,173.82654146624995,-1.8991426276085996,0.5555163408194643,-3.8633188189779606,0.0001118568646112,0.0006002383686476,down
gene-LOC142972184,299.30403846353903,-1.48381609336103,0.4166116435230891,-3.862014135005604,0.0001124560582889,0.0006028055412365,down
gene-LOC142974756,1717.3853066483896,-2.148903754372173,0.6444282648241643,-3.8620924927054414,0.0001124199861689,0.0006028055412365,down
gene-Synj,466.37516834270826,-1.4978989163762282,0.4213157100986003,-3.8615613236494255,0.0001126647248171,0.0006035999025226,down
gene-Npc1a,2006.2956311329235,-1.920161692093434,0.565466986523454,-3.8596868067097088,0.0001135324396688,0.0006079223606944,down
gene-fry,201.65098534269745,-1.420776510362498,0.3966011894166001,-3.859499354574938,0.0001136195571968,0.0006080626275506,down
gene-Fip1,331.1681152119008,-1.0632126803067186,0.2868722329794506,-3.858494521314959,0.0001140876247938,0.000610240398214,down
gene-LOC142987710,35.03636997594783,-2.0138065535131573,0.5952613195449673,-3.85542275298509,0.0001155298076187,0.0006176234653683,down
gene-dos,111.70734103444772,-1.7311675588337148,0.4996679826952643,-3.852333129884148,0.0001169977048942,0.0006251360238485,down
gene-LOC142982440,265.7942635553635,-1.63706342548006,0.468451543048422,-3.851964935675642,0.0001171738042678,0.0006257419691799,down
gene-LOC142973572,1069.0781594383925,-1.265383293135502,0.3490019604927148,-3.850302165820449,0.0001179721891463,0.0006296686737273,down
gene-colt,1577.0840266690975,1.7260645733672162,0.4979458482391863,3.849981686447274,0.0001181266569178,0.0006301561532321,up
gene-Cog8,515.3658512818179,1.7799147069493897,0.5159170948676487,3.8490055717244935,0.0001185983101312,0.0006323342593055,up
gene-LOC142979378,233.12092837636908,-2.162081438803793,0.6525806592588413,-3.846865643324629,0.0001196385327131,0.0006375398798772,down
gene-LOC142972950,54.30509534963228,1.4359430552809032,0.402003673536857,3.8467230477756353,0.0001197081534776,0.0006375704801818,up
gene-na,40.87361515547106,-2.297086141469509,0.6956398289605593,-3.845819249985434,0.0001201503123125,0.0006395841425022,down
gene-LOC142973569,387.7055879882874,-1.9547050769689849,0.5793630560274597,-3.844634486589419,0.0001207322586653,0.0006423393783255,down
gene-LOC142974074,54.76185743735466,-3.9316005887593297,1.3328138059142884,-3.84249659688469,0.0001217891033281,0.0006476169634089,down
gene-Arl2,289.16601609659773,2.9166717042263173,0.940910603933679,3.841983389717577,0.0001220440972203,0.0006486273345878,up
gene-LOC142979411,909.2772598329798,1.9259370310656043,0.5680892133404017,3.841688804153729,0.0001221906933192,0.0006490608355609,up
gene-Rab8,2867.8543169224304,1.5101376054431956,0.4269712178486016,3.8408093100675234,0.0001226293486803,0.0006510444304141,up
gene-LOC142972439,158.9165768710014,-2.0517233774629746,0.6138278491570057,-3.84052916004984,0.0001227693874236,0.0006514413906831,down
gene-LOC142975375,1400.072882986232,-2.285436352550453,0.7001563394040162,-3.839343137825397,0.0001233639168641,0.0006542482753563,down
gene-LOC142975827,783.6642122215318,1.1723339045812478,0.3206913624393593,3.838907685530511,0.0001235828808615,0.0006546483276225,up
gene-LOC142986068,5968.399429608987,-3.01114631015469,0.9789582885479856,-3.8388019223354544,0.0001236361183817,0.0006546483276225,down
gene-LOC142986070,5968.399429608987,-3.01114631015469,0.9789582885479856,-3.8388019223354544,0.0001236361183817,0.0006546483276225,down
gene-LOC142986074,5968.227696838204,-3.011015652722343,0.9791133959752376,-3.8383025115711096,0.0001238877966202,0.0006549386112639,down
gene-LOC142986075,5968.227696838204,-3.011015652722343,0.9791133959752376,-3.8383025115711096,0.0001238877966202,0.0006549386112639,down
gene-LOC142986076,5968.169873437786,-3.011017545249384,0.9791109807193524,-3.838310283135249,0.0001238838764409,0.0006549386112639,down
gene-Tmep,3624.199964227913,-1.4118079448178869,0.3965421717375706,-3.837893903839253,0.0001240940737801,0.0006552143590641,down
gene-LOC142974243,240.840914183402,-1.8501369912970649,0.5434826386099492,-3.837809160141582,0.0001241368954002,0.0006552143590641,down
gene-Hsl,71.63625320676012,-2.427244484371276,0.7509878991674402,-3.838064206339969,0.0001240080607669,0.0006552143590641,down
gene-LOC142976510,2233.95023001368,4.157187238176134,1.46689300101105,3.837550286290846,0.0001242677925654,0.0006555585822386,up
gene-cni,1735.933775981728,1.5079226245734263,0.427152805220683,3.835762700595355,0.0001251752262092,0.0006599967949256,up
gene-sqd,6253.529450742073,-1.277083921329894,0.3543527098509417,-3.835028872015185,0.0001255495455458,0.0006611556115847,down
gene-Pcd,603.4277325970019,1.973500718856684,0.5864975468712358,3.8349423833992673,0.0001255937320473,0.0006611556115847,up
gene-LOC142980260,4845.196688545122,3.3256997289110437,1.0682203440643436,3.8349755722688297,0.0001255767743252,0.0006611556115847,up
gene-LOC142986374,205.49266587532324,-1.193968632398681,0.3282366461036378,-3.83402275442341,0.0001260644722829,0.0006632838681373,down
gene-LOC142973779,248.33341596197184,-1.6982193103228869,0.4920861535019308,-3.832189655540094,0.0001270077657563,0.0006678905727997,down
gene-cno,587.326733925489,-2.1135916417786165,0.6388621361968925,-3.8320616961476377,0.0001270738601088,0.0006678905727997,down
gene-mbc,217.1946250995668,-1.4291078329480438,0.4028766656149986,-3.830400935277793,0.0001279346323427,0.0006720608239015,down
gene-sl,69.95100768225225,-1.752191614699809,0.5100822082356262,-3.829787056010959,0.0001282541946942,0.0006733851221691,down
gene-Ant,38039.89239803178,-1.1581261218136525,0.3179801359760612,-3.829142849937236,0.0001285903529051,0.000674440521464,down
gene-Prosalpha4,5493.780261744323,1.4508103441495916,0.4108459193731936,3.829191386385722,0.0001285649968249,0.000674440521464,up
gene-Taldo,6564.248913664288,2.155574237958992,0.6541361189130047,3.82778969457902,0.0001292991592961,0.00067780194797,up
gene-LOC142984934,67.29052584015544,2.106623942374225,0.6371824024226618,3.824938922905732,0.0001308045106882,0.0006853332394641,up
gene-LOC142976133,1850.7605087911047,-1.9368905845413469,0.5776617166143188,-3.824199852651109,0.0001311974643591,0.000686816039712,down
gene-LOC142979074,378.6828194938801,2.382441717216565,0.7393820469817088,3.82414786645313,0.0001312251465515,0.000686816039712,up
gene-LOC142982036,322.30212856487725,1.9754224664482205,0.5894516991109142,3.823581685587116,0.0001315269894789,0.0006880350534533,up
gene-LOC142978257,3191.2760021092017,-3.836451986775975,1.325944646609006,-3.823207761611112,0.0001317266948035,0.0006887187746645,down
gene-LOC142987345,818.1353443208613,1.2793697220918374,0.3552183508840215,3.822950396049983,0.0001318643145792,0.0006890773423117,up
gene-Paics,321.47176864290657,-2.3084557573475686,0.7122048167674527,-3.822046363447485,0.0001323487978407,0.0006912471749074,down
gene-LOC142981536,49566.88580012872,4.02300662433975,1.3862921365938188,3.821163371688556,0.0001328236238088,0.000693364324914,up
gene-Dph5,177.8573491721149,1.6393467727782511,0.4730052665648446,3.819945807108675,0.0001334809983785,0.0006964317014201,up
gene-LOC142972933,358.19566328804336,2.3098833999157944,0.7134682830759358,3.819337860566093,0.0001338103807242,0.0006977854806734,up
gene-LOC142979248,139.9412401286505,2.475672237746404,0.776408606414888,3.819150747722345,0.0001339119115339,0.0006979502814728,up
gene-IntS4,195.16093773465312,-1.6532036524002145,0.4790113642242792,-3.81770629631656,0.0001346981434414,0.0007016817169565,down
gene-svr,106.92825684708728,-1.6174298618580818,0.4664475035039369,-3.817403689896306,0.0001348634057455,0.0007021761360177,down
gene-Syx18,461.2737414362529,1.3658743603640953,0.3833058040050989,3.817232803055133,0.0001349568164768,0.000702296134127,up
gene-LOC142986544,1905.9736051420368,1.991255944039729,0.5969555040844815,3.8161405413074023,0.0001355553136772,0.0007050430358586,up
gene-LOC142973783,510.04274837613735,-1.240672244663831,0.3446500625950601,-3.815513378468393,0.0001359000923465,0.0007064195558345,down
gene-Idgf,1551.670921960341,-3.2622358580255444,1.090219393542914,-3.8154017905711104,0.0001359615235705,0.0007064195558345,down
gene-mEFTu1,1259.4864491258593,1.6512781423569414,0.4777664520683978,3.814808511023713,0.000136288574586,0.0007073823520247,up
gene-LOC142979544,118.19958504022031,-1.7413886105564178,0.5095560184875564,-3.8148897929544026,0.0001362437233727,0.0007073823520247,down
gene-brk,203.50401786890248,-2.66114618917126,0.8498620397582348,-3.812412193341317,0.0001376171250455,0.0007139067178169,down
gene-LOC142972376,791.2434205033054,3.9524752095398856,1.3985601152552798,3.810572814130009,0.000138645167444,0.0007188661902644,up
gene-LOC142985138,97.85163503094562,-1.3822701933628567,0.3899583139507029,-3.809767790019244,0.0001390973733653,0.000720836388141,down
gene-LOC142984779,111.40800732567608,-1.2639600051742943,0.3525313808999436,-3.8092368205357863,0.0001393963946412,0.0007212625271718,down
gene-Pld,352.4712932742409,-1.8325692773956692,0.5425461021601109,-3.8094012262178936,0.0001393037431289,0.0007212625271718,down
gene-Cul1,4011.580079451088,-2.3120900221509384,0.7198325240170642,-3.809346808538167,0.0001393344040165,0.0007212625271718,down
gene-LOC142975196,755.530854487804,-2.892554550379139,0.9439931141009604,-3.808854596139199,0.0001396120231944,0.0007220039396393,down
gene-Noc1,182.9611158788532,-1.9283123027228737,0.5773009188389341,-3.803628066172947,0.0001425922229001,0.0007370341671498,down
gene-LOC142975824,124.78315504259947,1.6440438854698858,0.4771700772942511,3.802883282744897,0.0001430217482881,0.0007384894307628,up
gene-LOC142987720,50.038309909434965,-2.773944656956628,0.8731582381426342,-3.802936092224428,0.0001429912523471,0.0007384894307628,down
gene-LOC142984028,60.05760296410168,3.389999134497927,1.1604391410315582,3.8013521211842094,0.0001439086176117,0.0007426845462164,up
gene-LOC142975052,19598.39789127396,3.840540566366921,1.342848361586257,3.8011598770205417,0.0001440203332402,0.0007428769747136,up
gene-SmB,520.4526540826212,1.614132092955627,0.4670040722206288,3.800367834103976,0.0001444814618171,0.0007448705942134,up
gene-LOC142973631,517.8302592352692,1.174704104909791,0.3250543552571447,3.7999130613675143,0.0001447468591692,0.0007458535887291,up
gene-LOC142985239,497.5516195940909,1.9287248024524493,0.5777423275658334,3.799424066176438,0.0001450327403058,0.0007469410634638,up
gene-Edc3,102.68027663272264,-2.102867829488624,0.6410291842658807,-3.798405637904591,0.0001456298514625,0.0007496294726395,down
gene-LOC142982361,184.75563213282743,1.4811931610653233,0.4229624129189198,3.797853367580138,0.0001459546184234,0.000750913941487,up
gene-LOC142978483,209.89815679029,-4.599599474767442,1.6689805070672803,-3.796879704369195,0.0001465288504928,0.000753479884992,down
gene-LOC142979741,670.9842893608894,-2.599518306288359,0.8315420919246457,-3.796087814727825,0.0001469974468953,0.0007555002664587,down
gene-LOC142985416,152.88783247810915,-1.5556645033118728,0.4489629774689189,-3.7945446752242233,0.0001479146480552,0.0007598230068139,down
gene-Zip71B,1323.5244553511636,-2.31511483048633,0.7225032074778441,-3.7942401467403215,0.0001480962871495,0.0007603647335593,down
gene-gw,486.6602243377115,-1.4779449692728568,0.4233685154843858,-3.7938624995089407,0.0001483218303674,0.0007611312025178,down
gene-c11.1,285.7430114179801,-1.8633599696374037,0.5565858194242576,-3.7929892315728098,0.0001488446135828,0.0007634214224925,down
gene-kuz,361.770232483352,-1.8029226348044047,0.5351894599884094,-3.792414133592136,0.0001491898438073,0.0007647990914436,down
gene-Tfb1,87.84334184273973,-1.4286645389177808,0.4071514831915911,-3.7916522547173,0.0001496483592459,0.0007667557872865,down
gene-Patronin,640.9319709408694,-1.8443091158598728,0.5497930081689417,-3.791200126205357,0.0001499210870435,0.0007677142766507,down
gene-Atu,143.03268169308225,-1.8481639203275255,0.5510295670988578,-3.791087224086362,0.0001499892635476,0.0007677142766507,down
gene-LOC142980242,732.4644616466549,2.011755164478185,0.6097074803911272,3.790180738490988,0.0001505377082912,0.000770126533293,up
gene-CrebA,322.95447909586835,-1.8437360415560045,0.5504215317908128,-3.788995951048384,0.0001512573787856,0.0007734118328171,down
gene-Vps13,640.6005654853584,-2.306327623919365,0.7216269141938148,-3.788434191084861,0.0001515997370702,0.0007747654765478,down
gene-LOC142973320,289.6897280649443,2.119202251396021,0.6500778001110802,3.787272965480816,0.0001523097467422,0.0007779956920342,up
gene-eIF3l,2304.599757050676,0.7431051058575117,0.1995720628163277,3.787113137630581,0.0001524077152067,0.0007780979056156,up
gene-sip1,183.36093421878925,-1.1586481936919926,0.3215791127555885,-3.786938300978251,0.0001525149514377,0.0007782473058791,down
gene-Ubr1,54.97444236116894,-4.222260140075815,1.4927258285647051,-3.7853206571216016,0.0001535105091791,0.0007825272687011,down
gene-LOC142975018,3619.68302732725,3.933955816788101,1.4050442808449308,3.785013265322724,0.0001537003797565,0.0007830951967073,up
gene-beta'COP,1095.438026408195,-1.5719800895882834,0.4567647412924398,-3.784089384352422,0.0001542723764886,0.0007856084641496,down
gene-Coprox,1575.2895308249406,1.5950369279147147,0.4634192517524933,3.782936068254862,0.0001549892339514,0.0007888564732634,up
gene-mRpL20,481.7584170381265,1.7074863413081838,0.5021371926126401,3.782132531056409,0.0001554905340395,0.0007910045974763,up
gene-LOC142974685,31.73536534459775,2.4426164505539925,0.7711032773373644,3.781693507321753,0.0001557650706072,0.0007919975393431,up
gene-LOC142981688,151.74449754562804,1.906454875441756,0.5736183647050351,3.77953275028663,0.0001571229270848,0.0007984948753737,up
gene-Mcm6,102.7402388904444,-2.432607692553854,0.772361393328477,-3.774912442656433,0.0001600638743988,0.0008130267330152,down
gene-NGR-A16,31.368373406237783,-4.336134079449059,1.504155890704708,-3.773529347699496,0.0001609542757243,0.0008171335839292,down
gene-LOC142979420,737.3112937667212,-2.1164623635545143,0.6534928916576863,-3.771643572476405,0.0001621758013409,0.0008229164581514,down
gene-LOC142981122,67.07847419765037,2.287700522261769,0.7188721062821619,3.7674638133984817,0.0001649144363598,0.0008363876978191,up
gene-LOC142982367,89.70480722546262,3.1526678322437576,1.0735905591546235,3.765695330865841,0.0001660862195244,0.000841902771495,up
gene-LOC142982021,860.5465409432012,-1.5347339917970213,0.4468788190339597,-3.763868961756805,0.0001673045766772,0.0008476482131042,down
gene-Arp8,81.78512776882759,1.9976894823835825,0.6100930387867245,3.762796265325834,0.0001680240785748,0.0008508616581715,up
gene-LOC142979408,657.236779992851,1.110028579312384,0.3091534127824318,3.758478490590972,0.0001709497311339,0.0008652379647304,up
gene-e(y)3,158.6460664940221,-1.5273505278313926,0.4451197307318405,-3.757878675141323,0.0001713599262817,0.0008668745181036,down
gene-LOC142981169,298.6902328230844,1.1610154747061134,0.3250276567600828,3.756934807846004,0.0001720072828689,0.0008697085563906,up
gene-LOC142986094,132.73004683925993,-1.5886315157121729,0.4662380299351439,-3.75583139060336,0.0001727669837854,0.0008731074760317,down
gene-Ndfip,960.5688371759384,-2.186026177983298,0.6843896296160685,-3.7544712792629,0.0001737077606686,0.0008774175907054,down
gene-RagC-D,1276.08284379868,1.1525915184688529,0.3224132867211628,3.7541420510249393,0.0001739362080625,0.000878127108079,up
gene-CCT5,1534.4269607330164,-1.287370976112023,0.366160164638881,-3.75213451484103,0.0001753353383627,0.00088429611531,down
gene-LOC142978914,215.8816781616896,2.7838824196956757,0.923253737041398,3.75224780140935,0.0001752561035861,0.00088429611531,up
gene-LOC142981100,204.41800880647847,1.419609757967708,0.4087864606840922,3.7513929361322527,0.0001758548452167,0.0008864340115439,up
gene-LOC142972152,113.92142840732998,1.4602364305438391,0.4223469155500752,3.751276054353612,0.0001759368577165,0.0008864340115439,up
gene-FAM21,166.63107882100877,-1.851106211214904,0.5604443193378129,-3.749120993626951,0.0001774554607757,0.0008931835370662,down
gene-LOC142973478,53.37549140156167,-3.6792717383704,1.2882016888890142,-3.749203835289114,0.0001773968577911,0.0008931835370662,down
gene-LOC142987725,63.1998292662528,-5.977421438732602,2.2633892435234326,-3.748591496820332,0.0001778304621307,0.0008946198803057,down
gene-Coa7,687.7382142758721,2.534664237877594,0.8223962394654917,3.747636425102739,0.0001785087499599,0.0008971278113543,up
gene-LOC142977335,45.36324044543735,-3.1684791478793874,1.0581328928464662,-3.7477242595974216,0.0001784462688507,0.0008971278113543,down
gene-pns,94.37076977852114,-1.686820496916323,0.50191733889258,-3.745746880152895,0.0001798578702306,0.0009034531468407,down
gene-Adamts-1,94.83927835686052,-3.926689719163844,1.3845265834089853,-3.744667656702612,0.0001806327228562,0.0009068889370365,down
gene-LOC142976270,1370.6057616484834,2.430749828603092,0.7816196633008586,3.743991409306042,0.0001811198481316,0.0009088774279547,up
gene-Hsdl2,2434.0245433315736,2.339939519986981,0.7456889721746063,3.742390496539144,0.0001822779704547,0.0009142293583463,up
gene-Nab2,187.1984288695786,-1.5327776692266335,0.4491094868532113,-3.739758208873267,0.0001841973506617,0.0009233921431214,down
gene-LOC142985607,2294.1422933543126,1.797752023442161,0.5420153401338836,3.738121317764487,0.0001854004835271,0.0009287859303127,up
gene-LOC142979655,10.484068890492416,-4.821184281217001,1.5882162363329062,-3.7380414052810593,0.000185459408788,0.0009287859303127,down
gene-rudimentary,5587.78585938336,-4.512238936792802,1.705675437282514,-3.7356052038832375,0.000187264268649,0.0009373543958807,down
gene-LOC142979570,2089.821180112332,1.9439683658134883,0.5967921162898524,3.735102713110136,0.000187638587038,0.0009382723020597,up
gene-LOC142978178,19.021382402131525,2.498181331973241,0.8036121087536866,3.735065598108061,0.0001876662628373,0.0009382723020597,up
gene-Wdr24,15.574950605741426,-3.6044421881318014,1.204950225942118,-3.734980591062565,0.0001877296650849,0.0009382723020597,down
gene-LOC142981540,268.97054565192235,-1.3198868268423434,0.3787556221112942,-3.7346798861924655,0.0001879541065201,0.0009386722423337,down
gene-LOC142984806,95.88371166035876,-2.391998661466161,0.7667971217859867,-3.7346214160287303,0.0001879977770188,0.0009386722423337,down
gene-LOC142985091,107.45028282960337,1.2052395696820952,0.3408597665318545,3.734440680441919,0.0001881328260607,0.0009388768684561,up
gene-Urm1,254.33419191484947,2.1172180949081416,0.6624192726059386,3.734286425275976,0.0001882481605512,0.0009389829537541,up
gene-LOC142984131,137.27317470975507,-1.6046637393687866,0.4752772001491477,-3.733383984894157,0.0001889242357598,0.0009418845140456,down
gene-atl,1174.9335279213751,-1.976040027584252,0.6103774814085594,-3.733226343535594,0.0001890425687719,0.0009420039335558,down
gene-LOC142976667,64.81395847155389,-2.7493183776780605,0.9108044352850864,-3.733053661416375,0.0001891722720345,0.0009421798638608,down
gene-LOC142987162,1835.4166590402983,2.07832114076887,0.6473515669460337,3.732543355079265,0.0001895560571963,0.0009433958198507,up
gene-LOC142972452,65.4024628762586,2.221652617384899,0.7031313980230266,3.732477747241017,0.0001896054518205,0.0009433958198507,up
gene-LOC142985771,1970.4375252331256,0.9755103835551852,0.2703966939191962,3.732143052720312,0.0001898576239135,0.0009441798426909,up
gene-spri,256.2658597271472,-1.6000416897823693,0.4743381277954546,-3.731247339212522,0.0001905340413916,0.0009470718461804,down
gene-Mrgn1,161.89476754545996,-2.420443985763186,0.781843471587651,-3.7310031503469214,0.000190718838429,0.0009475185297961,down
gene-Su(dx),2070.89882301015,-1.2117971350469712,0.3446317299852771,-3.730073203983677,0.0001914241458435,0.0009500767775556,down
gene-LOC142977137,641.9610565794716,2.9778060615741424,1.014946297476624,3.730109449696785,0.0001913966098394,0.0009500767775556,up
gene-LOC142984599,98.6251827550293,-2.246473386669173,0.7128032443536276,-3.72988164338516,0.0001915697369941,0.0009503268115999,down
gene-LOC142983841,148.91673156600814,-1.6606888233008843,0.4951794376980755,-3.729682549318835,0.0001917211640626,0.0009506055332882,down
gene-mRpS16,472.4396279896716,1.8923413855647344,0.5789351402864518,3.7289846074750113,0.0001922528938808,0.000952295848052,up
gene-LOC142985241,91.79822535497748,-3.220069256495772,1.1095721148180684,-3.729095218592893,0.0001921685320377,0.000952295848052,down
gene-LOC142985472,318.24037453537085,1.673940173615644,0.4994140943493342,3.728505943393477,0.0001926183668955,0.0009536328968176,up
gene-Etl1,210.4416933692096,-1.8530633053623968,0.5656778532060368,-3.7270397162327407,0.0001937419384397,0.0009587200235832,down
gene-BmMET2,14.128392810373844,-2.5975621197723604,0.8359075748621619,-3.7255205427445546,0.0001949125774857,0.0009640349038086,down
gene-LOC142980479,548.260395104857,2.906810436947763,0.9865382421432652,3.724767604746223,0.0001954952340507,0.0009664378063695,up
gene-LOC142973169,7322.173130413557,-1.7014538220641635,0.511204376905051,-3.7246238622005,0.000195606654247,0.0009665099089304,down
gene-su(sable),324.7220387631298,-1.3685735727998265,0.3961138835469162,-3.7223384557855903,0.0001973861937522,0.0009748201879473,down
gene-LOC142974551,10003.434648381446,2.866591650102332,0.9685111145202202,3.7200173553648,0.0001992090883943,0.0009833362568071,up
gene-Snx21,869.0649290205325,-2.393273636948676,0.7754483493237715,-3.7196629452862258,0.0001994888151567,0.0009842302837765,down
gene-LOC142980872,12232.80084302417,3.6096524061236304,1.2991598838341714,3.719032235557743,0.0001999875310734,0.0009862033338161,up
gene-Rbpn-5,190.96164179687256,-1.776482459681581,0.5390283326863831,-3.7186034124653498,0.0002003272795205,0.0009873909021702,down
gene-LOC142981230,4689.5721471854295,3.6914034058135146,1.342511308680349,3.7174794665908166,0.0002012203356227,0.0009913031440524,up
gene-LOC142984274,112.34949995148388,1.7241715099658703,0.5193730802172936,3.716804255587689,0.0002017586364709,0.0009930499116992,up
gene-Ldlr,138.20449942055697,-2.38268926711125,0.7700976655865786,-3.716785144063736,0.0002017738924883,0.0009930499116992,down
gene-LOC142979962,594.4552835811832,-1.495195052174853,0.4405199204735974,-3.714944366862224,0.0002032484060824,0.0009998138694475,down
gene-LOC142978228,88.96199706659951,1.2815321923167509,0.3677608778760682,3.713761665890418,0.0002042011170473,0.0010040055907634,up
gene-LOC142975609,2652.888766379379,-1.3537719631270904,0.3931274997086629,-3.713321732775309,0.0002045565692387,0.0010052580588733,down
gene-Capr,758.5946877368036,-1.503536610445901,0.4434772939795338,-3.71260762744389,0.0002051347816615,0.0010073622133604,down
gene-LOC142974321,5397.927354313753,2.033164485189104,0.6353913119533439,3.712543732223344,0.0002051865925019,0.0010073622133604,up
gene-LOC142987607,1207.0482171658298,-1.768859874346682,0.5387088035339958,-3.7116039358711146,0.0002059500683776,0.0010106133886317,down
gene-Yod1,600.9477895690275,-2.4604486757650825,0.8074718010567644,-3.710751147264389,0.0002066451690131,0.0010135260107713,down
gene-LOC142975908,851.3228562736404,4.736166931476983,1.938450876416025,3.709888889299901,0.000207350228016,0.0010164845902888,up
gene-ca,36.69986962598362,-1.9090022654106424,0.5867155276566383,-3.70953297281248,0.0002076419153677,0.0010174148047545,down
gene-Srx,9409.391811737516,-3.779469243355151,1.38024283339164,-3.708653916543435,0.0002083639883063,0.0010204518975888,down
gene-LOC142977808,230.2226316421894,-1.7525492190076015,0.5327597683023048,-3.707929696238466,0.0002089606473172,0.0010228721044007,down
gene-LOC142976393,364.0652073268809,-1.8386089251563345,0.5641966881984234,-3.707637197577725,0.0002092020810447,0.0010230715422514,down
gene-LOC142979529,126.88721602391692,-2.235060408563972,0.7152871557054886,-3.707631975379432,0.0002092063939219,0.0010230715422514,down
gene-Mctp,65.79895041505324,-3.1729840450990983,1.0951433790251022,-3.704790673919183,0.0002115653736968,0.0010341008789754,down
gene-tay,122.76624945219112,-2.770320872746584,0.932727721066525,-3.7042285852953976,0.0002120349955611,0.0010358890311776,down
gene-LOC142981043,261.6090067012943,-1.3833237023197291,0.4036817140529286,-3.703957653082168,0.0002122617073824,0.0010364892863916,down
gene-LOC142974752,2865.6581836402347,5.446802947585293,2.3528348499093594,3.701841536693346,0.0002140402888349,0.0010446631407638,up
gene-LOC142980465,902.8232476728216,3.298300103138589,1.1737792654778008,3.7014976872255674,0.000214330610355,0.0010455688279345,up
gene-LOC142976777,403.687492292036,-2.5378684818719197,0.8419722470010884,-3.7000474275445066,0.0002155591779195,0.0010510484390887,down
gene-l(3)mbt,53.7707831343977,-2.157604622669412,0.685301613116431,-3.699244368905266,0.0002162423194914,0.0010538645463105,down
gene-LOC142979994,88295.58165964938,-2.8889295109911526,0.9964448141967356,-3.698752612528315,0.0002166616471275,0.0010553928257587,down
gene-LOC142974119,6326.051135872819,1.4433642949858876,0.4237447741674628,3.695637628366807,0.0002193356250887,0.001067376340327,up
gene-spag,412.6282453282124,-1.8293564300732,0.5634013903016434,-3.695671928502913,0.0002193060130459,0.001067376340327,down
gene-ScpX,16360.861644403676,1.6234602583749993,0.4875816259788528,3.695436329316287,0.00021950948655,0.0010677018446666,up
gene-LOC142976045,404.7134176183824,-2.54392560091219,0.8447093841174802,-3.694859758333445,0.0002200081857099,0.001069606284253,down
gene-rb,54.59091834597198,-2.1225485672195745,0.6732679332617231,-3.694115663066199,0.0002206533555306,0.0010722206141922,down
gene-rswl,118.74980445576402,1.561497038085076,0.4658480659554718,3.6916104854331055,0.0002228385570039,0.0010823122323389,up
gene-grsm,1299.011801819682,-2.0872591628436945,0.6648459911238613,-3.690651904677679,0.0002236800632793,0.0010853430780704,down
gene-LOC142982305,800.8140390717643,2.486281045439205,0.8218614524171894,3.6906953575321673,0.0002236418530009,0.0010853430780704,up
gene-LOC142973508,62.61439892113129,-2.490922875765441,0.8212790005687003,-3.690299333882967,0.0002239903231632,0.0010863204156912,down
gene-LOC142976683,1622.811814680936,1.5532060744737273,0.4640363241911537,3.686970388694705,0.0002269397523944,0.0011000901741859,up
gene-eff,7691.929430536951,-0.9329357268215543,0.2618028087514345,-3.686697393038549,0.0002271832355538,0.0011004234182615,down
gene-LOC142987185,1108.5165824000226,1.1151053698145883,0.3173443666514482,3.6863064420421288,0.000227532349386,0.0011004234182615,up
gene-SppL,77.90604924877911,-1.345038499660645,0.3925633102092157,-3.6864119920063967,0.0002274380451386,0.0011004234182615,down
gene-LOC142979210,242.1319266903887,1.407021950215222,0.4131252176201282,3.686152440430671,0.0002276700088879,0.0011004234182615,up
gene-Nct,373.0676965562309,-1.5734204960244886,0.4719694908488596,-3.686552844972259,0.0002273122563554,0.0011004234182615,down
gene-hwt,740.331920181649,-2.043428171619144,0.6469802690666643,-3.686228190917305,0.0002276022870107,0.0011004234182615,down
gene-LOC142976359,1924.663842666063,3.186297631160174,1.1289094262956147,3.685298814742484,0.000228434469422,0.0011035839493231,up
gene-LOC142985435,168.16691381309275,-1.660091289672318,0.5030538154330578,-3.685067172795214,0.0002286423304984,0.0011036133173403,down
gene-Traf4,38.99894743061905,-2.4935730380824186,0.820300765829449,-3.6850456071031297,0.0002286616912393,0.0011036133173403,down
gene-ATP8B,431.8375224592514,-1.7078723715043216,0.5204309602215353,-3.684601289678189,0.0002290609226937,0.0011050058334491,down
gene-Taz,806.625996925594,-1.594960665983255,0.4804288727334178,-3.6833833386166,0.0002301586423707,0.0011097649321266,down
gene-LOC142972841,204.38055519390755,1.3479163245986792,0.3935916093286626,3.683235142513519,0.0002302925455337,0.0011098744070362,up
gene-Ide,344.2567872018317,-2.0183038162746105,0.6380292900866984,-3.682617518725967,0.000230851389588,0.0011120307526441,down
gene-Tmlh,825.9726052555349,3.779660929363237,1.4191821577412451,3.6821317737651817,0.0002312917996475,0.0011136147864362,up
gene-LOC142980886,1178.120136239584,1.6832360168668343,0.5107996859014271,3.680651843683952,0.0002326384726276,0.0011195586283973,up
gene-LOC142979928,1419.9049929822131,1.3740076272634625,0.4024827078152084,3.6802763343550886,0.0002329813385107,0.0011206683082775,up
gene-LOC142979911,957.7407286556733,-2.8968088349798293,1.0011628176932692,-3.6794049132324806,0.0002337788339917,0.001123962688859,down
gene-Rpt1,3147.2534339180274,-1.3751350126993795,0.4042211127994368,-3.678398254772351,0.0002347032828145,0.0011278639700393,down
gene-LOC142973523,58.1934081171049,1.5476007799531888,0.4635861195389315,3.6780641572089343,0.0002350108534096,0.0011287985215985,up
gene-LOC142983125,497.0277012456584,-2.7801488180088816,0.9507243856602816,-3.676315225788701,0.0002366271031541,0.0011360149670906,down
gene-stx,793.3202289316245,-1.3185657218530382,0.3858900744891532,-3.675311205949488,0.0002375596600025,0.0011398634155645,down
gene-Dera,1273.7275430588213,1.6984691867474089,0.5167729388249594,3.675206485289332,0.000237657125317,0.0011398634155645,up
gene-Ost48,1439.5829591604706,1.9189472021841527,0.5999188915030439,3.6745264316180153,0.0002382909764666,0.001142354580266,up
gene-Mlf,366.5595707214773,-1.1586385641123598,0.3330307748172746,-3.673836096141249,0.0002389360329424,0.0011448970450303,down
gene-Mpi,2246.201689348191,-3.380462518875863,1.22122120838885,-3.673282761328794,0.0002394542571145,0.0011468296258445,down
gene-Dap160,232.60386460438147,-1.4575539898733567,0.4328126781349559,-3.668756121629725,0.000243733442172,0.0011662049311214,down
gene-Rpp21,36.89355304452145,2.246771674052378,0.7296762411134349,3.6688140154861606,0.0002436782631271,0.0011662049311214,up
gene-LOC142982304,188.73148639066017,1.2589582013609957,0.3652019968757665,3.668580460314807,0.0002439009379629,0.0011664471786334,up
gene-RpL15,17097.06548744474,1.4658485638700596,0.4384303040652992,3.66776807761657,0.000244676962832,0.0011695980680203,up
gene-RpII15,762.1712435082482,1.58000186613203,0.4764852471387314,3.664735532071752,0.0002475942960748,0.0011829768641088,up
gene-LOC142986072,5968.3112998536735,-2.959880081656625,1.0368321297809924,-3.664462048815816,0.0002478589868388,0.0011831088224,down
gene-LOC142986073,5968.3112998536735,-2.959880081656625,1.0368321297809924,-3.664462048815816,0.0002478589868388,0.0011831088224,down
gene-slpr,174.33645672681894,-1.565139986780064,0.4724635949076699,-3.6629065105172622,0.0002493695697144,0.0011897503228107,down
gene-LOC142986149,372.23314778398793,1.765856977353926,0.5449378194671458,3.662345090659901,0.0002499168818362,0.0011917918765445,up
gene-LOC142987512,134.86563945276012,-2.046376688653126,0.6534763486214835,-3.660662505894536,0.0002515639412415,0.0011990733990122,down
gene-LOC142980986,3531.1572194467262,2.4864115963197118,0.8320662858941229,3.6594299904722414,0.0002527768878117,0.0012042797695701,up
gene-LOC142976188,4324.630372403285,-0.7346184848195856,1.4913909476924212,-3.657371223645381,0.0002548152075043,0.0012134115391704,down
gene-Csp,1402.281819126495,1.9510940435848656,0.6163251591202653,3.656679170833097,0.0002555038414165,0.0012161105585019,up
gene-LOC142980490,1119.9323910435196,-2.8572997435651626,0.9954385985800814,-3.656125005672679,0.0002560565267017,0.0012181602445232,down
gene-Rrp46,130.00013688387955,1.6831977348005254,0.5158258376406024,3.6551060434418647,0.0002570756948137,0.0012224261600458,up
gene-PSR,921.592665782296,1.791499977607942,0.5553969998875464,3.654654046790454,0.0002575289996065,0.0012239985452726,up
gene-LOC142973990,1689.6476605857135,1.250098363295599,0.3651916504598849,3.654450476488455,0.0002577334037727,0.0012243870076417,up
gene-LOC142985107,140.33872045562873,-3.898382618832168,1.4692979222969276,-3.6536469741809503,0.0002585416835616,0.0012276425041051,down
gene-Plap,2406.323425459938,-2.0110381103543333,0.6438403816997293,-3.649314848108468,0.0002629406762476,0.0012479367045303,down
gene-LOC142987468,7408.068578436058,-2.337344417329194,0.7776481896760888,-3.6478158565722674,0.0002644790765112,0.0012546414746479,down
gene-Mat89Ba,70.97159384257068,-2.145644665854551,0.6932899233528845,-3.645943918340037,0.0002664120773755,0.0012632108998979,down
gene-LOC142977548,1155.1807094404512,2.6846244284377088,0.9230694952164958,3.6448328626819113,0.0002675656305619,0.0012680781380051,up
gene-lap,1541.4991305907336,-1.6051384953499657,0.4912906374363754,-3.644328670118337,0.0002680906513408,0.0012699633559721,down
gene-mRpS31,628.6934522759607,1.2718351035651971,0.3726168903263488,3.644140627797333,0.0002682867088255,0.0012702892034097,up
gene-Sem1,4369.609141670035,1.4917346628601582,0.448148397452395,3.643240213589913,0.0002692273665035,0.0012741386178623,up
gene-LOC142981521,326.71333154044765,-1.430421541309401,0.4279556175270558,-3.643060246904994,0.0002694157470109,0.0012744258629932,down
gene-LOC142984165,146.97834702599968,4.684455317303174,1.9525792950400551,3.641764674677215,0.0002707755407003,0.0012802513840502,up
gene-mle,84.39994916267092,-2.0432690315156,0.6549771927520666,-3.641306011099062,0.0002712584801115,0.0012819275047317,down
gene-LOC142987404,320.5000199037557,1.3831850497428344,0.4112650613521046,3.639370802222569,0.0002733050174214,0.0012897670822143,up
gene-Wbp2,2519.9955507106592,-1.7988318234714304,0.5635716239451831,-3.639612577461112,0.0002730485446244,0.0012897670822143,down
gene-LOC142985723,47.12407514810249,-3.6056316799662262,1.3218208560528308,-3.639404988042618,0.000273268739739,0.0012897670822143,down
gene-LOC142977634,94.4905838879386,-1.6274571577898305,0.4988726997703669,-3.6388547478287294,0.0002738531983213,0.001291743276203,down
gene-LOC142981263,600.8343223007106,1.4359376359248193,0.4295522595287918,3.6383925645687913,0.0002743450289756,0.001293451929242,up
gene-LOC142983927,317.33212334602246,-1.2887782130654577,0.379979266529207,-3.637351650589209,0.0002754557472463,0.0012976167668235,down
gene-LOC142980661,595.5846480282082,-2.0113815302686024,0.6463188657240462,-3.637321089954192,0.0002754884208895,0.0012976167668235,down
gene-Pglym,2196.423804139625,2.821502520380629,0.9898371928913912,3.635799722892358,0.0002771195763317,0.0013046841940412,up
gene-ERp44,1031.566257610012,-1.0376493098033883,0.2982489090393843,-3.634525977511304,0.0002784921972038,0.0013092937448381,down
gene-Bruce,844.7242810367193,-1.450922706650585,0.4366664407490331,-3.634570589857615,0.0002784440143148,0.0013092937448381,down
gene-ATPCL,447.5862971900671,2.2407603121274104,0.7381132246896039,3.6346312750328704,0.0002783784847509,0.0013092937448381,up
gene-LOC142976177,263.6665625255652,1.3485860208553206,0.4000249925000411,3.633656916194792,0.0002794323737484,0.001312477422298,up
gene-LOC142973677,112.94500754476638,1.8810706317441463,0.5946913135776393,3.63373111190053,0.000279351990636,0.001312477422298,up
gene-Sdc,57.080506690079325,-2.18577059894625,0.7152614048226411,-3.6325896966797777,0.0002805909926661,0.0013172994815618,down
gene-LOC142986602,337.15417428732627,1.547110487408051,0.4699634088201319,3.632078971860734,0.0002811470484564,0.0013192894643363,up
gene-bbx,778.7072648056518,-1.9145800330767877,0.6102270006343,-3.630116780620975,0.000283293018781,0.0013287347840479,down
gene-LOC142979137,986.4576751564458,1.808483843895481,0.5674700718393909,3.629544642913426,0.000283921627066,0.0013310576607542,up
gene-LOC142980663,9656.115063946432,2.979756981146241,1.0638654146608817,3.628394508158444,0.0002851892375515,0.0013363726666675,up
gene-Idi,1394.4111605982423,1.0854547980563551,0.3134835038324499,3.627805013611317,0.0002858409970554,0.0013386818136103,up
gene-l(2)37Cg,81.8599211694813,1.8106956257851996,0.5682333820805089,3.627706304848493,0.0002859502681712,0.0013386818136103,up
gene-LOC142983517,6874.443776743119,2.023969690982832,0.6537784359325682,3.6268213810304375,0.0002869316331027,0.0013426463338014,up
gene-LOC142977416,18.73545338320633,-4.288620658437095,1.58602522406249,-3.6262685805903305,0.0002875462793537,0.001344891946687,down
gene-LOC142986142,90.38101626551384,-1.984655834314216,0.637570330309213,-3.625823381420408,0.000288042182706,0.0013465803398542,down
gene-LOC142979283,7578.914849611719,-0.5318358252769244,1.25376654383603,-3.6255769026540303,0.0002883170776619,0.0013466040019393,down
gene-mRpS29,218.8562426889166,2.0437603300574896,0.6608246556739982,3.625695713114341,0.0002881845390429,0.0013466040019393,up
gene-Naxe,904.2756781418476,1.511048044055822,0.4579909079031068,3.6246528628604304,0.000289349838106,0.001350795479016,up
gene-LOC142981797,789.6164023910543,3.919053933915595,1.536576744157618,3.6243570764063766,0.0002896811577456,0.0013517099745019,up
gene-LOC142973317,36.07405635504079,2.741578384445806,0.9590049861432842,3.623966906591405,0.0002901187427578,0.0013531192390026,up
gene-tho2,627.9327326971121,-1.501553240559836,0.4562471615254327,-3.623651281667018,0.0002904731768325,0.0013541395506612,down
gene-LOC142975501,70.38376729732995,-6.421367393638344,2.657619591261263,-3.620967153928243,0.0002935037790183,0.001367628953493,down
gene-mio,42.93092500245312,-2.0720898453211283,0.6719543824310529,-3.6200952873973256,0.0002944945441464,0.0013716052473753,down
gene-LOC142983884,24.76619673749592,-2.020937255209564,0.649894760752984,-3.6198659809376097,0.0002947556415203,0.0013721809972082,down
gene-Hyls1,52.41459036780005,3.268068158722897,1.2052877488313718,3.619583594120772,0.0002950774762074,0.0013730388298493,up
gene-LOC142987583,5812.481003253619,1.8456939687234628,0.585198197888794,3.6189492858251033,0.000295801594274,0.0013757668743937,up
gene-Stat92E,532.4179524928884,-1.504486002738758,0.4580490662715756,-3.616979113983848,0.0002980613442424,0.0013856312421445,down
gene-AP-1-2beta,594.9402835426367,-1.2867250374818582,0.3823000818561537,-3.6167425325194738,0.0002983337834381,0.0013862520914786,down
gene-Amacr,507.6073099130918,2.106233767707495,0.688623996231673,3.616530346752525,0.0002985783277509,0.0013867428056222,up
gene-Madm,152.38072006028082,-1.794638124731497,0.5665242263032365,-3.614549944577214,0.000300869813875,0.0013967356336219,down
gene-cert,1255.1746484429375,-1.4840336775203888,0.4512252156678084,-3.614264629931781,0.0003012013001939,0.001396974989422,down
gene-LOC142987905,205.8183040414473,-1.7630357689022065,0.5543952289617443,-3.614280951208713,0.0003011823284708,0.001396974989422,down
gene-Mondo,926.3499305528748,-1.1368565233385035,0.3323783183555764,-3.613472384263798,0.0003021235470975,0.0014006015436975,down
gene-holn1,818.7301176744332,1.203364344448831,0.3533509935091793,3.612842113481362,0.0003028591283554,0.0014033597772126,up
gene-Sra-1,178.6697300348723,-2.286142590398516,0.7653265450844015,-3.611955836426644,0.0003038963290757,0.0014075124178679,down
gene-LOC142975539,182.664605061432,1.2953679161819294,0.3846825124315985,3.611032686697669,0.0003049802176599,0.0014118773434433,up
gene-LOC142985427,156.41938207107617,-1.7215297199155737,0.5393776592748204,-3.610608807489766,0.0003054791144846,0.0014135313127822,down
gene-LOC142986555,46.686768958374834,2.327610152663697,0.7835624600456489,3.610463721970026,0.0003056500525392,0.0014136669019437,up
gene-LOC142983756,4207.994659234304,1.2797842041312653,0.3800302645882757,3.6099258581781832,0.000306284539168,0.0014146348845149,up
gene-tud,1927.573063337007,-1.4320225212284454,0.4335235920610003,-3.610043928046125,0.0003061451534529,0.0014146348845149,down
gene-tsu,1195.011715429928,1.950140639142694,0.6268455760900391,3.609976571787679,0.0003062246626537,0.0014146348845149,up
gene-Tcs3,372.9869571191476,1.5693253055131513,0.4816495145981884,3.60924549700824,0.0003070888884184,0.0014176938923702,up
gene-LOC142985213,448.56281714918686,1.737371490387482,0.5444183995957355,3.6090845283784816,0.0003072794808714,0.0014179179373917,up
gene-alpha-PheRS,560.0630179204383,1.5881719575717752,0.4890440927829069,3.606698834552036,0.0003101172424876,0.0014303512926385,up
gene-trx,265.36003911043525,-1.6277806959721388,0.5052195745843555,-3.605759039558457,0.0003112418423286,0.0014348752093682,down
gene-Hlc,125.3265216288833,-1.490646498723463,0.4549306972420545,-3.603563129366013,0.0003138844658874,0.0014463900526422,down
gene-ABCD,919.379949766647,-1.4850259658707827,0.4534446870920251,-3.6031937178598783,0.0003143310854662,0.0014477796788365,down
gene-LOC142981480,163.60856717459868,-1.479960325193141,0.4512022463716857,-3.601562263307878,0.0003163106435726,0.0014562253383294,down
gene-CycT,543.0223085789296,-1.4162481899450985,0.4290829376733486,-3.601362572784284,0.0003165537421326,0.0014566726142121,down
gene-otu,897.5918075624181,-2.137808541297861,0.7073539923355443,-3.6003865815124487,0.0003177444094319,0.001461477857392,down
gene-Prosbeta3,4824.930280999149,1.55828107619138,0.4790708705276563,3.5999886321741617,0.0003182310925888,0.0014630421626575,up
gene-Zir,100.11961545551922,-1.8482898806383392,0.5909603237671816,-3.593759159970873,0.0003259411368387,0.001497798566661,down
gene-phtf,321.16212386707303,-1.9101062024569668,0.6166747113925422,-3.593100269303055,0.000326766772179,0.0015009015891021,down
gene-Naprt,698.0528633001426,-2.3108216624288183,0.7826085044720666,-3.592571394835724,0.0003274309039027,0.0015032602814412,down
gene-Exo70,177.180096789584,-1.8356401105187807,0.5881223969320934,-3.5902776743185063,0.0003303258793214,0.0015158540696587,down
gene-Psa,2175.2558546224805,-1.5634202517059468,0.4844598109057144,-3.5887909849527904,0.0003322150508999,0.0015238228047022,down
gene-LOC142979027,324.1110737032857,1.2852719096961147,0.3841089768385164,3.5873742392511807,0.0003340247470998,0.001531419844191,up
gene-INPP5E,73.99293734186939,-1.787405755693351,0.568911365250271,-3.586946366096974,0.0003345731067027,0.0015332296501376,down
gene-ClC-c,1726.9341460315577,-1.9954091093846016,0.6536599267455255,-3.585403922112119,0.0003365568927849,0.0015409056637096,down
gene-LOC142975156,156.93688002977805,3.815295329466979,1.5233325623310487,3.5855151573623,0.0003364134621976,0.0015409056637096,up
gene-RpS3A,28837.99946271425,1.273568319400505,0.3819652640223185,3.5851380076316577,0.0003369000040459,0.0015417693445129,up
gene-LOC142987884,1606.634721488782,-1.204535407674142,0.3579436644577526,-3.584032929343492,0.0003383294032519,0.0015476011795863,down
gene-LOC142982921,150.7120714844022,-1.9771230236808364,0.6457007628122426,-3.583205413811033,0.0003394034931313,0.0015518031447292,down
gene-Bmp-2,419.9342295577292,-1.0882418596695784,0.3193177626102158,-3.582842624544908,0.0003398753876871,0.0015521315731886,down
gene-LOC142985954,578.7624611980756,-1.851317671545156,0.5960015288770231,-3.5829575949614747,0.0003397257746538,0.0015521315731886,down
gene-par-1,440.0411732952752,-1.9679650013482988,0.6426287990617989,-3.5827915655554765,0.0003399418514167,0.0015521315731886,down
gene-IntS9,96.2908434124035,-1.6920600709801,0.5334419426132122,-3.5819864485752624,0.0003409914849128,0.0015555009190652,down
gene-LOC142976149,324.6263569161553,-2.009054012132132,0.658933978584739,-3.5820640516546103,0.0003408901816528,0.0015555009190652,down
gene-LOC142980486,37.30330041186152,4.772141439120998,2.048958176977372,3.581318112585572,0.0003418650989234,0.001558773664849,up
gene-Shc,203.7014416487896,-1.2938510972060522,0.3887664387587662,-3.580227827517967,0.0003432947582351,0.0015640455654504,down
gene-PDZ-GEF,214.4202663498224,-1.6123739686638343,0.5038696081540248,-3.5801974134791474,0.0003433347193569,0.0015640455654504,down
gene-TRAM,928.8557764033096,1.8133731828847304,0.5795824746571566,3.579958846454917,0.0003436483244537,0.0015647600029074,up
gene-stj,53.86361773575561,-5.584695003335716,2.40023934320924,-3.579446190133279,0.0003443231368213,0.001567117751306,down
gene-RanBP3,981.1305353244376,-1.0594660070478157,0.310455853444496,-3.578360885359078,0.0003457558215046,0.0015729210822416,down
gene-LOC142973669,860.3585193372761,1.005885026887679,0.2926711045735182,3.577130123527096,0.0003473872672419,0.0015796229222513,up
gene-LOC142978551,181.0480375705972,-1.7011883177011082,0.5379594072104857,-3.5766722705258878,0.0003479960132502,0.0015816704044859,down
gene-Tasp1,179.5829199157149,1.2384340850941105,0.3696220038462998,3.575998682645443,0.000348893407153,0.0015850273540259,up
gene-Mef2,548.1770795372473,-1.8177759356002543,0.5844627614499623,-3.5757246529121147,0.0003492591049299,0.001585966845453,down
gene-eIF2Bdelta,284.5140196017763,-1.7230956626323064,0.5470442886267214,-3.575395290376416,0.0003496991197905,0.0015872427988311,down
gene-LOC142984893,98.25655921698429,-1.604350941617116,0.5016075068339757,-3.5744698394581285,0.0003509382612195,0.0015921430841966,down
gene-LOC142978938,142.2939229865285,-2.125658754979534,0.7097768274248683,-3.574288830867823,0.0003511811040916,0.0015922225314181,down
gene-LOC142986130,294.29479455286304,-3.5184076969285814,1.3548808336267597,-3.5742190061691854,0.000351274823583,0.0015922225314181,down
gene-jvl,463.5141712141879,-1.7545314244655072,0.5607158046936621,-3.5738344274777374,0.0003517914287796,0.0015938403316611,down
gene-C/EBP,466.4189753611724,-5.161952893097219,2.3151800325836467,-3.5725657545376848,0.0003535006822282,0.0016008576721051,down
gene-viaf,3538.279355757791,1.2162427084442362,0.3629309673040238,3.571854004790638,0.0003544630039579,0.0016044876383239,up
gene-Hel25E,2535.6193722656426,1.2553982604756857,0.3756726636311079,3.571624632061568,0.0003547736491474,0.0016051658169266,up
gene-LOC142983386,513.0356786698525,-4.618008528477491,1.9588225273184927,-3.5709623692998305,0.0003556719974926,0.0016085012265401,down
gene-LOC142976900,7.247825876688284,4.204022974370737,1.5315128205067667,3.570734176664076,0.0003559820294633,0.0016091742011202,up
gene-LOC142985631,170.7051966620877,-1.7433722942781082,0.5558588919358636,-3.570222357629691,0.0003566783274013,0.0016115918450849,down
gene-LOC142976826,28.02989099033365,-2.472116207191544,0.8420212500213581,-3.568703168896727,0.0003587525974547,0.0016202306222605,down
gene-ENGase,213.45509440505248,-1.6751753569908745,0.5302298528967226,-3.568504274994198,0.0003590249968115,0.0016207274957827,down
gene-LOC142977271,669.5615546047162,-1.7812498075872232,0.5718697042175687,-3.5666467131506345,0.0003615784150584,0.0016315163475129,down
gene-LOC142975163,141.83006214044104,-1.2241344058738737,0.3665669412541198,-3.5660958811273864,0.0003623388509912,0.0016342087987998,down
gene-LOC142983596,1154.3559444638715,1.0914546056926906,0.3216321307234422,3.564665363211046,0.0003643207034498,0.0016416636303083,up
gene-LOC142976569,44.28225414513747,-2.6097335362590752,0.9183049059742464,-3.5646871931630417,0.0003642903840303,0.0016416636303083,down
gene-LOC142981003,11931.957667322537,2.4410772279342003,0.8477150734252404,3.564487323583741,0.0003645680691573,0.0016420369576982,up
gene-xmas,385.83719056412656,-1.6770764609053244,0.531696670716665,-3.5642987375430404,0.0003648302591641,0.0016424766877387,down
gene-LOC142978255,500.6402905019754,-1.3835514754663236,0.4223562770748444,-3.5637695779016565,0.00036556688825,0.0016450509971254,down
gene-TH1,423.70379191854505,1.1768376197443249,0.3502589882275563,3.561619712330097,0.0003685739845426,0.0016570887115856,up
gene-LOC142987186,1083.3347471334816,-2.753562331509993,0.9906422015313407,-3.5617088632282967,0.0003684488276489,0.0016570887115856,down
gene-LOC142979895,19893.08553690592,-3.2745283657148114,1.2464682120914992,-3.56067091827754,0.0003699084394068,0.0016623395469245,down
gene-LOC142983252,40.96366722645091,-2.8233557349575285,1.0135597087105594,-3.559083817631004,0.00037215075835,0.0016716636899604,down
gene-LOC142982436,223.44920745413376,-2.3696173157470826,0.8163818924597407,-3.5588099371797988,0.0003725389907877,0.0016726548209862,down
gene-icln,214.24890754932767,-1.444661872807938,0.4453530273954083,-3.55837247761688,0.0003731598861708,0.0016746892193666,down
gene-LOC142981396,424.9605051373713,1.5014676168278849,0.4648901669856663,3.5581237445164198,0.000373513349443,0.0016755221306926,up
gene-LOC142984783,101.08287858033816,-2.0758694657292613,0.6925895968573593,-3.557729899495237,0.0003740736648495,0.0016772817829573,down
gene-LOC142972424,187.88130995988493,-1.79767318647958,0.5797925153106374,-3.557301873393517,0.0003746834999253,0.0016778929796508,down
gene-LOC142980193,20301.63249388905,-2.4919930949329943,0.8790887416834758,-3.5572802713266505,0.0003747143023386,0.0016778929796508,down
gene-ana1,220.38439311004933,-3.2717428643443958,1.2458155418296155,-3.5574020823032417,0.0003745406428742,0.0016778929796508,down
gene-LOC142979487,86.24111635371871,2.873858631264913,1.0596384246081465,3.553902887976301,0.0003795593397743,0.0016988259059585,up
gene-mRpS30,423.4181117333711,1.8557264503443307,0.6027261532511535,3.5533912244531334,0.0003802984355991,0.0017013709931489,up
gene-LOC142974963,51.89806878990322,-2.761898654427852,0.9933280415342236,-3.5523300651247527,0.0003818355657008,0.0017074824288802,down
gene-Ubc7,766.5502230663839,1.1943648690002155,0.3572900097709722,3.550628974373749,0.0003843117817305,0.0017176243165497,up
gene-Dip-B,2664.945119509144,2.6732583265408203,0.9596925848438452,3.550535883444919,0.0003844477229909,0.0017176243165497,up
gene-JTBR,777.5040401929224,1.422795249832046,0.4378859709953722,3.5489476202188284,0.000386774008985,0.0017267652889203,up
gene-LOC142974350,22.890055528930404,3.747649085079316,1.48434867291989,3.5489028900826547,0.0003868397140592,0.0017267652889203,up
gene-LOC142973821,487.9994738087325,1.148143328788436,0.3420324237986686,3.5480813595255087,0.0003880483349223,0.0017313859771391,up
gene-Tlk,558.7712016086144,-1.280787565703854,0.3884615221547966,-3.5465303587021864,0.0003903397649144,0.0017408316325339,down
gene-lilli,168.2461142850457,-1.248442224830968,0.3772448045370614,-3.5462311325739084,0.0003907832904344,0.0017420312737053,down
gene-LOC142980557,36.88303178411895,9.724820717222888,4.116791012161311,3.54577544509898,0.0003914596342683,0.0017442672364431,up
gene-Phb1,1866.9511742491911,1.6405426581856124,0.5210031224591957,3.5444140687809567,0.0003934867472177,0.0017525172797771,up
gene-rngo,2151.5317020236816,-1.569936693512954,0.4946192246913181,-3.543059060470851,0.0003955141143621,0.0017607610952046,down
gene-LOC142987114,12472.766395178342,4.1756527095598885,1.817084142359734,3.542434472708999,0.0003964519067964,0.0017641491224855,up
gene-mtm,139.02857204532788,-1.3872764749637754,0.4269205151280358,-3.542162162256162,0.0003968614195565,0.0017651844155945,down
gene-bic,2628.0445470908016,0.9781610891097948,0.2868543889007912,3.541970813749986,0.000397149414478,0.0017656785326974,up
gene-Gdi,4971.095915647505,1.3485545557766845,0.4132987244364298,3.541657319282879,0.0003976216709656,0.0017669910498255,up
gene-Ago2,5970.499593004388,-1.245411486777098,0.3771628472478775,-3.539448219016926,0.0004009644236666,0.0017810529206128,down
gene-LOC142975497,165.20474825735607,1.2393116635332888,0.3744887055052196,3.537638456866381,0.000403722453095,0.001791899909226,up
gene-LOC142987859,3842.6916707686064,2.6617169744035367,0.961036907018927,3.5376103386909707,0.0004037654439283,0.001791899909226,up
gene-LOC142979073,589.577041632048,3.3110729635463705,1.295004102645219,3.5374770049615085,0.0004039693606227,0.0017920080837223,up
gene-LOC142972328,291.1143944231931,1.1636965018028187,0.3485708549955342,3.537156271165825,0.0004044602756041,0.0017933887209261,up
gene-RhoGAP19D,995.0731978722176,-2.116063488537636,0.7169617719214482,-3.5361697020250835,0.0004059738136451,0.0017993004591437,down
gene-LOC142985251,210.46351175864237,-1.2756200298159883,0.3881806728194847,-3.5359359238304138,0.0004063332373699,0.0018000941154856,down
gene-LOC142976759,645.4554008474566,1.3273047540534335,0.4058446812429223,3.535176922812088,0.0004075022183723,0.0018044718906717,up
gene-LOC142982897,349.918388738618,-5.003745466987423,2.2937418469512707,-3.5346035738009145,0.0004083873480616,0.0018075894106443,down
gene-Cyca,178.28892838713054,-1.1281781088878835,0.3379063746824452,-3.533073885723554,0.0004107576581984,0.0018172749053541,down
gene-eco,18.14987893070724,-2.1640171263334893,0.724966385037373,-3.5323715612116167,0.0004118502356373,0.001821301374345,down
gene-ckn,422.2617784811167,-2.008403812987108,0.6723738380093477,-3.5305930954768385,0.0004146290733917,0.001832778025475,down
gene-LOC142977575,346.47300794480725,-2.099992514672884,0.7119040309534739,-3.529540625358189,0.0004162817866414,0.0018384550940124,down
gene-LOC142977848,36.02728570073148,-2.264550802721167,0.7754779231850651,-3.529628480461123,0.0004161435911521,0.0018384550940124,down
gene-Dmtn,1324.3899488153347,-2.041031101011505,0.6876633516986368,-3.529206153019446,0.0004168083016836,0.0018399662357826,down
gene-LOC142980223,24544.31306525456,-3.844083790623448,1.5737539795253517,-3.5288104529476394,0.0004174320024608,0.0018419048702749,down
gene-RpL11,20363.947616516136,1.4095422261266657,0.4371236610771511,3.527790737834402,0.0004190432925636,0.0018473812292745,up
gene-LOC142983033,204.3158501659741,3.673537879152448,1.5043861720639982,3.527826552308394,0.0004189866024902,0.0018473812292745,up
gene-Agpat1,225.07418048698048,-1.6973546064957503,0.5468412098337894,-3.52764644994472,0.0004192717557837,0.0018475723595927,down
gene-Had1,7257.953559811242,3.324157643616837,1.2737833365374127,3.5270579220238045,0.0004202048271968,0.0018508668933149,up
gene-mats,239.20471839464355,-1.368769937143664,0.4230942065902365,-3.526586685190414,0.0004209533390578,0.0018525287818063,down
gene-LOC142981085,166.08480899992745,-1.376652728575943,0.4252577025243726,-3.5266476002518807,0.0004208565116444,0.0018525287818063,down
gene-LOC142972904,258.2527337387981,2.0205928440364898,0.6795439827067525,3.5227273545426865,0.0004271305151428,0.0018788848266374,up
gene-LOC142972555,653.256413559793,-1.3086145134957257,0.4017114885418258,-3.5196395829035825,0.0004321335846363,0.0019000552018747,down
gene-LOC142980120,1411.554298450745,2.710143199036527,0.9943585850538764,3.5192814403892654,0.0004327174052881,0.0019017844219203,up
gene-scra,425.4357920562756,-4.034631416260418,1.693881268326151,-3.5188541321264863,0.0004334149388643,0.0019040116658473,down
gene-LOC142976951,99.66389252407906,-1.914159396806324,0.6350788387693973,-3.5181719666207463,0.0004345306747051,0.0019080733234633,down
gene-PolD2,78.70469968719435,1.6743126186928132,0.5393191775276462,3.5173087559417056,0.0004359463677012,0.0019134479753855,up
gene-Fmbp-1,1082.190999856413,1.272507536484019,0.3885345007896438,3.5165878102571075,0.0004371320401508,0.0019178087440638,up
gene-Bet1,1521.2768839318069,1.4940854016983909,0.4693897680372131,3.5159171034570047,0.0004382377917367,0.0019218152018123,up
gene-asl,169.096089083222,-1.632837498857686,0.5238355609681893,-3.51504977193691,0.0004396715775714,0.0019272560455603,down
gene-Dolk,208.46560528440327,2.4196367151925964,0.8584933396376585,3.514865953677708,0.0004399760093754,0.0019277438760212,up
gene-LOC142977803,122639.58653846168,2.0718478759300663,0.7136165083703431,3.514395321747452,0.0004407563465453,0.0019303155308774,up
gene-LOC142976318,259.72394689961874,1.7245063820918858,0.5590768808973828,3.5132729205693534,0.0004426225753374,0.0019376385633522,up
gene-rdx,1125.6724272767058,-2.1215833006671563,0.7276986309415812,-3.5104049053662845,0.0004474248118947,0.0019578023005355,down
gene-LOC142972770,90.43237406421724,6.688185100651253,2.940034889861403,3.509270676228927,0.000449337361302,0.0019653094667641,up
gene-LOC142975297,1006.69572027053,-2.3284258305390564,0.8202270711722813,-3.508584803355292,0.0004504975866163,0.001969520986429,down
gene-LOC142979763,171.7902537915016,-1.5167676752766102,0.4804165184405105,-3.507956197165578,0.0004515633942499,0.0019733162162909,down
gene-Setx,86.97456409448777,-2.2700686823292133,0.7925255232337471,-3.5075590289915857,0.0004522380091891,0.0019753993740554,down
gene-LOC142983455,153.37113623978084,-2.0971955112056966,0.71701339710663,-3.506510072319865,0.0004540242526667,0.001982334237037,down
gene-LOC142975448,197.90434242529736,2.0739016263690684,0.7074296325135367,3.5061396245530263,0.0004546566510027,0.0019842273868206,up
gene-LOC142980931,6325.068872495634,1.0456806744936504,0.312231121543741,3.5038571451568936,0.0004585712850229,0.0019995631261746,up
gene-LOC142979477,85.53760045642842,-2.081856145583169,0.7102320987370243,-3.503956069671767,0.0004584009716249,0.0019995631261746,down
gene-LOC142975024,43.097866262238114,3.532040109470872,1.4300719342128316,3.5035705297346333,0.0004590650699058,0.0020008421234629,up
gene-Timp,1139.7338441327636,2.808041717382068,1.0510754695701374,3.5027967400860267,0.0004604006439611,0.0020057873537218,up
gene-LOC142985206,1206.0555516814302,-3.0609191747590825,1.1760425437421829,-3.500875934767981,0.0004637316731611,0.002019417901318,down
gene-LOC142979777,106.78242814049578,-1.8858184558801865,0.6287964493228668,-3.500464331300283,0.0004644483884997,0.0020216569409575,down
gene-LOC142976111,12.195141782984091,6.211475180969509,2.467028537539499,3.4998843110207445,0.0004654601184962,0.0020251776123415,up
gene-Alg-2,913.948043621934,1.0272467169271366,0.3068635574807618,3.4996036654050893,0.0004659503867465,0.0020255447779258,up
gene-Cog4,180.09941466815528,-1.0946680394528645,0.329951114800426,-3.4996600878733144,0.0004658517819661,0.0020255447779258,down
gene-LOC142973507,207.43377595294103,-1.4578628436072425,0.4594276640989481,-3.4993659339670447,0.0004663660638005,0.0020259515622735,down
gene-LOC142973173,51.836708526453805,-2.139497858681958,0.7357877449232305,-3.499317997204823,0.0004664499238657,0.0020259515622735,down
gene-Blm,49.27682883542972,-2.186446380342899,0.7563954594440587,-3.4959380209987323,0.0004723984120368,0.0020508954112828,down
gene-Asph,141.6958661987617,-2.0155702706322183,0.6843812312066437,-3.494495017443749,0.0004749594749806,0.0020611176172966,down
gene-LOC142985618,26448.82670205744,3.601183013346094,1.482920533829421,3.494361622050513,0.0004751968798263,0.0020612516547354,up
gene-Etfb,3116.766966354377,2.280059155624308,0.8019174264462389,3.493838438328841,0.0004761290629036,0.0020643979916774,up
gene-Lamtor2,886.8861802341943,1.557809220957756,0.4974836839099651,3.492183750100601,0.0004790885458162,0.0020763277359064,up
gene-LOC142979461,116.86172590145372,-1.8550820398791623,0.618493082565968,-3.491244787057634,0.0004807755443128,0.002082734682199,down
gene-Ccm3,1090.075473059767,0.9644752387430467,0.287190910973477,3.48991172954374,0.0004831801156566,0.0020922432687069,up
gene-Aven,142.60940009217066,1.2672438339479997,0.3902176217553847,3.488998494729528,0.0004848338791293,0.0020975842859082,up
gene-LOC142979701,123.1853617377911,-2.151880525252112,0.7467288659710509,-3.4890128848208164,0.0004848077794393,0.0020975842859082,down
gene-Megf8,49.93725813804162,-1.628912236993312,0.5264305753161216,-3.488650343942141,0.0004854657289569,0.0020994079032579,down
gene-LOC142976407,143.48328696047932,1.358030008949081,0.4233062047944886,3.4876109956234007,0.0004873565866734,0.0021066721921124,up
gene-LOC142975756,2110.1594205225883,1.488618469051607,0.472295319175452,3.4852734053386687,0.0004916344234827,0.0021242438012041,up
gene-LOC142972946,60.65395735875257,4.148786452112647,1.831348058639302,3.485046082979546,0.0004920522907433,0.0021251293439675,up
gene-Nfs1,1095.995940683909,1.3208470042890772,0.4102451003293912,3.4839214045981794,0.0004941245680376,0.0021324158013697,up
gene-LOC142980720,42.36873382202096,-3.550559852611001,1.420986486676619,-3.4838985887115883,0.0004941666915708,0.0021324158013697,down
gene-dre4,1205.9610792023102,-1.2702519871330402,0.393303300571158,-3.483436159424824,0.000495021167635,0.0021351798937621,down
gene-LOC142972998,850.7856624961042,1.5014072311624806,0.477566229904293,3.483096643674786,0.0004956494011305,0.0021369661653063,up
gene-LOC142975133,45.897093318887165,3.241830684581792,1.2892249350825375,3.4817086687560583,0.0004982254234725,0.0021471450568565,up
gene-Sf3b5,458.4837616832456,1.4682109954153684,0.4652711576036007,3.4811536939745342,0.0004992589222619,0.0021506703940858,up
gene-Dhx15,274.5083710173966,-1.3913054234516349,0.4375061623526818,-3.480584513264616,0.00050032095199,0.0021537696517974,down
gene-LOC142974279,78.26688472594338,-2.385163109603298,0.8519413229415912,-3.480536861149316,0.000500409961178,0.0021537696517974,down
gene-Prosalpha3,3960.551614236012,1.1819198209994028,0.361929434805112,3.478772624295408,0.000503715782734,0.0021651969110545,up
gene-LOC142976911,517.5932974441757,1.5859001585252863,0.5108392677038931,3.4787980252929347,0.0005036680423004,0.0021651969110545,up
gene-Clp,225.65590740638004,1.843608453207317,0.6156714455150267,3.4789637026723312,0.0005033567599729,0.0021651969110545,up
gene-Gcy,140.7725255469635,-3.151621902579235,1.2345792876226738,-3.4767113524626967,0.0005076039752797,0.0021809708468647,down
gene-LOC142978672,8.335967101962064,4.567251082702058,1.9047701627079543,3.4765688903860363,0.0005078737336151,0.002181190935978,up
gene-Syx5,1246.7828535811789,1.0215823686054653,0.3075159905694828,3.47209603137878,0.0005164115726371,0.0022159518084656,up
gene-LOC142973857,74.52475512211724,1.6072388177915784,0.5207162076036479,3.472177243521848,0.0005162553687229,0.0022159518084656,up
gene-LOC142976402,64.23268894662297,3.8249524392655903,1.650573435587186,3.471946580187059,0.0005166991430732,0.0022162329810976,up
gene-LOC142974487,428.7914791438079,-2.141623198592103,0.7478202792224273,-3.4714565465272025,0.0005176431016142,0.0022193280915858,down
gene-LOC142973389,128.31733099184245,1.6483166841379011,0.5371782256070032,3.470991751135972,0.0005185399284273,0.0022222185597396,up
gene-raskol,470.5123369018344,-1.593451591790534,0.5175394267020479,-3.469701611472871,0.0005210368587999,0.002231960896001,down
gene-LOC142985527,375.9565613039808,-2.355296462011809,0.8476496192362714,-3.469402457471632,0.0005216174383347,0.0022334893402056,down
gene-LOC142978845,211.10673262384705,-1.6609199786600493,0.5441522795526382,-3.4690872595718547,0.0005222298071392,0.0022351525321854,down
gene-LOC142978037,7915.644702563773,1.5773610759466516,0.5071750377400401,3.4687350246770743,0.0005229149243917,0.002237125529513,up
gene-LOC142975209,1525.4837563464907,-1.7185407223733624,0.5688066969316065,-3.4666766462664764,0.0005269353689593,0.0022533598618608,down
gene-LOC142981048,1278.4573343408592,-4.003789860800899,1.744031627811032,-3.4648511816843235,0.0005305249669709,0.0022677386275533,down
gene-Osbp,1165.0110150510277,-1.7287039164019586,0.5729646033648536,-3.4646683524651443,0.0005308857354096,0.0022683093001385,down
gene-LOC142976466,4411.182530008699,3.4356192337260003,1.4167938380825296,3.4643658035985205,0.0005314832432963,0.0022698905654006,up
gene-LOC142976085,58.36769573592821,-2.554678783920324,0.9376709756838,-3.463566954263852,0.0005330639148066,0.0022756676363068,down
gene-LOC142974363,686.6098129976572,0.8710348651512086,0.2594085742349497,3.4629584459399,0.0005342708993592,0.002279845167381,up
gene-Rab2,3437.106943807561,-1.8341502880565552,0.6184051249569035,-3.462242306949819,0.0005356946326036,0.0022849436444515,down
gene-LOC142974306,391.3961720868165,1.0056214284517655,0.3033094628546649,3.4612031601244784,0.0005377668148862,0.0022928024687655,up
gene-tst,345.0429343343798,-1.2331156475375145,0.38277612732633,-3.4605960067453903,0.0005389810050172,0.0022969980405964,down
gene-LOC142980644,111.67533818965008,1.5470099971285638,0.4990631112111018,3.460093351337964,0.0005399881514062,0.0023003080406257,up
gene-LOC142976210,973.622785435602,-2.1729233519735014,0.7671377709232328,-3.459166092102098,0.000541850658186,0.0023072574314655,down
gene-Cirl,44.94547709969333,-2.277981170732608,0.8095388260601033,-3.458164481658513,0.0005438692310313,0.0023148651577499,down
gene-Prosalpha5,3202.013702922474,1.0457869998120228,0.3168762306405693,3.457953819986828,0.0005442946739535,0.0023156884657843,up
gene-LOC142980964,224.0418399176492,1.3601338762383222,0.4283893779288937,3.4576594473697457,0.0005448896951194,0.0023172322313536,up
gene-LOC142983620,191.80824008954943,1.4078645455056678,0.446663019898593,3.456313824068056,0.0005476173542493,0.002326849217864,up
gene-LOC142978059,236.4027265693026,-2.6597535865384025,0.998809855346933,-3.456420214819598,0.0005474012315937,0.002326849217864,down
gene-LOC142975899,127.44140833101008,1.3649950121274177,0.4305180746139648,3.454675835367317,0.0005509548207201,0.0023400340704715,up
gene-LOC142977981,109.30464052800492,3.327722035687867,1.3607873219543498,3.453801607721734,0.0005527438393688,0.0023466338837689,up
gene-Rab3GAP1,438.88310336906585,-1.476200333851218,0.4745139296344993,-3.4528634413980845,0.0005546697203894,0.0023538088772137,down
gene-SmF,327.04739448034184,1.749999567087129,0.5832563703844312,3.4513686213315475,0.0005577512257731,0.0023658797213946,up
gene-Cul4,683.2422956455745,-0.9811556057392596,0.2964191149972014,-3.450974156480019,0.0005585670525582,0.0023673501453749,down
gene-Bulli,360.2449990199514,-1.0674811731648046,0.3259352620807891,-3.450971646846458,0.0005585722465041,0.0023673501453749,down
gene-LOC142975324,3904.187986854231,1.360479961880003,0.4288404434699082,3.4508197301519803,0.0005588867375857,0.002367677643397,up
gene-bowl,216.2595278530717,-2.278842137492956,0.8176561263295419,-3.4495630813838805,0.0005614945266105,0.0023777161095033,down
gene-LOC142982655,171.0675105912261,4.735750873700076,2.4564207206055872,3.448289107995717,0.0005641498321485,0.0023879471902777,up
gene-LOC142978533,1508.0348777198672,3.203907959691103,1.3044000693912396,3.446035156387788,0.0005688763454881,0.0024069329395157,up
gene-LOC142985407,42.28087959256138,-1.6486579833027373,0.5423292032544728,-3.445456798407623,0.0005700950874505,0.0024110674016288,down
gene-LOC142974821,4711.347316323273,1.803041665766033,0.6083311464280442,3.444484336995407,0.0005721497843957,0.0024187323159908,up
gene-Gart,154.78463831432143,-1.9139495185253104,0.6560383589693755,-3.443183305745572,0.000574909496093,0.0024293698901376,down
gene-LOC142973426,252.2048662905233,-1.4266318268874096,0.4574579555803259,-3.4425981526589897,0.0005761547432316,0.0024317913347802,down
gene-Trp1,178.60906047660384,-1.8856331838131928,0.643557853438065,-3.4427736741071806,0.0005757809577558,0.0024317913347802,down
gene-Gdap2,5107.236385170011,-2.1278281642133745,0.7525003571985913,-3.4425705919545853,0.0005762134562423,0.0024317913347802,down
gene-LOC142976795,368.4371803452428,-1.9573738316174565,0.6757095224197361,-3.442279890294378,0.0005768330820209,0.0024323493838829,down
gene-ex,34.61597732025646,-2.086930533912326,0.7286103109320595,-3.4423919579470743,0.0005765941382262,0.0024323493838829,down
gene-LOC142977994,116.11785337180368,2.464093401742139,0.9109164644487234,3.441908709839321,0.0005776251488349,0.0024346607307948,up
gene-LOC142977516,27.329978251492197,-4.459391439741538,1.713460839329645,-3.4414276898872904,0.0005786531101165,0.0024379639899001,down
gene-EloB,3204.863258358348,1.1408757672164618,0.3515067424360604,3.438850584516614,0.0005841895689831,0.0024602515139329,up
gene-LOC142979983,2208.9479754960107,1.6901900514266095,0.561487529010755,3.4387025563610973,0.000584509074417,0.0024605588661985,up
gene-LOC142972532,812.2882829968097,2.7079771759190483,1.0371992930808822,3.4363788831518103,0.0005895458820404,0.0024807156191591,up
gene-Rpi,227.9339488397221,1.1882718976594888,0.3689405204046065,3.435703391584216,0.0005910176438279,0.0024852679128451,up
gene-LOC142982763,1320.9019700761626,2.643418719142092,1.003652240317288,3.4356538399976384,0.0005911257414181,0.0024852679128451,up
gene-LOC142974928,155.03602797372642,-1.32939700295439,0.4213399863825287,-3.43441361342304,0.0005938373183274,0.002495616957569,down
gene-LOC142976198,93.14157009030448,2.06741563649651,0.7256928060655728,3.433948624814148,0.0005948569298285,0.002498849754469,up
gene-LOC142974584,747.7211789571787,-3.356092489442401,1.3865833583033145,-3.433773823495504,0.0005952406495881,0.0024994097280352,down
gene-RpI12,74.7083729268447,1.875087084859284,0.6405083509885291,3.4333829779843774,0.0005960994581605,0.0025019632850715,up
gene-Hs6st,105.86794778417745,-1.1805675944992764,0.3678630946507182,-3.4307210274581164,0.000601979334722,0.0025255803866585,down
gene-LOC142982915,362.4365735614696,1.8159141615122392,0.616272989605314,3.4305144526814884,0.0006024378792334,0.0025264422153904,up
gene-LOC142974956,263.26434956249955,-3.944287158577209,1.7402076749107591,-3.429108214701777,0.0006055680262075,0.0025385025071724,down
gene-Atg9,415.7376678582993,-2.735661733196708,1.0564470201547018,-3.427606195641859,0.0006089280854887,0.0025515160458704,down
gene-qin,269.47784691863023,-1.004189921525,0.3069396676411545,-3.425664669790536,0.0006132970437841,0.00256874435334,down
gene-grn,569.8143541757009,-2.369222833949128,0.8715192197464576,-3.4252153376309917,0.0006143123106689,0.0025719174382494,down
gene-LOC142982946,593.8570396962497,-0.6066793702155169,0.1795403772631842,-3.42464011920794,0.0006156143004012,0.0025762877703585,down
gene-LOC142979897,2635.698814275835,2.083016516369632,0.7360617903531569,3.422950087651725,0.0006194545061606,0.0025912721818899,up
gene-RpS19a,17551.612099488197,-1.635143560666006,0.5460887651672578,-3.4221727278247385,0.0006212283501962,0.0025976037550517,down
gene-LOC142981634,174.0558931538035,2.414329564969885,0.8958975106129665,3.4217304460737914,0.0006222396935774,0.0026007430408696,up
gene-LOC142978149,452.5697147788608,1.4550154109208095,0.4705340345355017,3.420575316795471,0.0006248882990623,0.0026077596861531,up
gene-Pfrx,5368.581077056164,-3.0196080693024343,1.217744263152842,-3.420542565412575,0.0006249635476684,0.0026077596861531,down
gene-cnk,38.61185735824418,-3.2032832807390155,1.2897242075949704,-3.420713326685933,0.0006245713042213,0.0026077596861531,down
gene-LOC142985386,7665.877861264523,3.467352166658229,1.4702786653064923,3.420649471283247,0.0006247179550587,0.0026077596861531,up
gene-Rchy1,252.6609453098525,-1.2962594359332813,0.4111897848229457,-3.4200329180100577,0.0006261355852584,0.0026104675340288,down
gene-Marcal1,97.41658311871068,-1.4071296377575166,0.4531638475064026,-3.4201325310776505,0.0006259063441406,0.0026104675340288,down
gene-LOC142980456,390.8595545356832,-1.9929481888950524,0.69843818317451,-3.4192659609664635,0.0006279032133012,0.0026167440383965,down
gene-LOC142972243,265.71941672381405,-2.413507683637284,0.8948770847724116,-3.4189912694031728,0.0006285374312077,0.0026182938651438,down
gene-arr,345.5245136653141,-1.5261672665585009,0.5004970528253748,-3.418771935212879,0.0006290442658455,0.002619311980561,down
gene-LOC142979208,349.8532667530221,1.7900129555932562,0.6074774552444033,3.418064887105242,0.0006306806930989,0.0026250308581402,up
gene-LOC142975601,1403.957816741162,2.2960646798937456,0.8391124651105988,3.417722581897938,0.0006314743632486,0.0026272386909484,up
gene-LOC142973443,49.84408096373158,-1.507265977078809,0.4914403151974242,-3.417517074841628,0.0006319512989435,0.0026281274644813,down
gene-wech,222.01380498660464,-1.8288415037432608,0.6260103743086045,-3.4172661876629467,0.0006325340059652,0.0026292763248934,down
gene-LOC142972529,7473.712741331471,3.3115861749423963,1.3875175268566105,3.417171349192173,0.0006327544066119,0.0026292763248934,up
gene-rock1,237.8820043583308,-1.359795277065328,0.4357979226262996,-3.416672510965077,0.0006339148624234,0.0026308125745733,down
gene-serpin-29,94.49710847147328,2.8186461321865424,1.1129440419683838,3.4168382659634013,0.0006335290443173,0.0026308125745733,up
gene-LOC142983577,2991.4286302585074,3.643690053834335,1.594831171118492,3.416697357397403,0.0006338570149296,0.0026308125745733,up
gene-LOC142972519,147.12476515456189,1.607488661431815,0.5320927959904935,3.4164100409826084,0.0006345262453811,0.002631161801059,up
gene-LOC142983172,96.68617396312628,2.0257426980868094,0.7127150747256824,3.416455022057739,0.000634421430039,0.002631161801059,up
gene-Syx13,326.7242822869014,-2.43700095777057,0.9089914499488694,-3.4150393071518512,0.0006377280784385,0.0026433405111692,down
gene-Jupiter,50.40585906219038,-2.7839110278332773,1.0608672668474124,-3.414790232530372,0.0006383114912677,0.0026446604376683,down
gene-LOC142982551,669.9414057979167,-1.938280036225033,0.6755877808164903,-3.412974932502876,0.0006425785254034,0.0026612349635071,down
gene-LOC142976074,2230.384436024919,2.094953723413052,0.7450378253570988,3.4125602705290583,0.0006435569427552,0.0026641816033347,up
gene-LOC142974003,259.85304405821705,1.2266084186134845,0.386058310352714,3.4118343073785136,0.0006452732292951,0.0026701791465981,up
gene-cic,360.53473747519575,-1.5050148696649854,0.4924336005975788,-3.411320950224744,0.000646489451638,0.0026741032808948,down
gene-Nop60B,327.2286249797939,-2.1538680812426523,0.7756571924255766,-3.410019515307521,0.0006495823121558,0.0026857833710138,down
gene-Vti1a,131.7438787192005,1.0466769347719926,0.3223642961229963,3.408991714376396,0.0006520346005491,0.0026948063553128,up
gene-LOC142983523,150.35764168311286,2.177440196812209,0.7869866774504358,3.4086745608938496,0.0006527930514914,0.0026968242743941,up
gene-LOC142980674,10104.222986701025,3.0481590934069414,1.2399614793331677,3.4083832960154443,0.0006534903142495,0.0026985878471346,up
gene-LOC142987066,118.4427803358492,-3.0073471988955287,1.2045992388838618,-3.40742306752455,0.000655793926131,0.002706980635531,down
gene-UBL3,1367.811534472167,-2.572935150206387,0.9833610370000934,-3.4070885555061303,0.0006565982006896,0.0027091800913946,down
gene-LOC142983146,66.38753495404372,-3.490523756845304,1.4740715823441064,-3.40694305018139,0.000656948328506,0.0027095046557101,down
gene-LOC142980416,3292.609831921692,1.1914188945346598,0.3743136755623427,3.4064641357393746,0.0006581019614297,0.0027131415435893,up
gene-LOC142973621,330.81430524424815,3.2760398163674207,1.382312898939113,3.4058455166509614,0.0006595949101685,0.0027181737400462,up
gene-LOC142976806,510.0900646263511,-0.5593840541235031,1.2780370090024225,-3.4055974311456243,0.0006601945133312,0.0027183999329864,down
gene-Mcad,3261.634562358105,2.0243135535347148,0.7140827170691225,3.4056439728547283,0.0006600819870703,0.0027183999329864,up
gene-LOC142985498,97.08373028763263,-1.1913482962070543,0.3747410480829629,-3.405043408526304,0.0006615353726847,0.0027227977545429,down
gene-LOC142980161,99.83584713951262,1.3298447548891097,0.4246802650120514,3.404328107645074,0.000663270307053,0.0027253262593573,up
gene-RpL32,22335.111705423264,1.4497323525978263,0.4713630397889581,3.404547049961968,0.0006627388222337,0.0027253262593573,up
gene-Tab2,299.0471631378791,-1.4841297620943954,0.4860576008582615,-3.404441852555105,0.0006629941406218,0.0027253262593573,down
gene-LOC142981472,2161.28301838946,2.650906154919737,1.0236532841294002,3.4045228574238995,0.0006627975304121,0.0027253262593573,up
gene-LOC142986655,498.01243474920807,3.1592310731056066,1.3202830334078723,3.404227379228689,0.0006635149594467,0.0027253262593573,up
gene-Hpf1,240.92747318222405,1.7357651109104275,0.5882159230579337,3.403060695268983,0.000666354759548,0.002735864605121,up
gene-LOC142981212,948.3926557679092,-1.5217636605236968,0.5017174547648094,-3.4022255120648173,0.0006683945967797,0.0027431112131821,down
gene-Pgk,1163.8450853006952,2.2008687524533403,0.7993254229216951,3.4018648813317363,0.0006692771885375,0.0027456044466885,up
gene-LOC142979903,478.62430260372616,-2.658230197058069,1.0272169406052658,-3.4004508839391616,0.0006727482070102,0.0027587098825675,down
gene-LOC142975081,114.29619301222192,1.3825544535685323,0.4461491850192869,3.3989972829859694,0.0006763338823223,0.0027711364858207,up
gene-Ak2,1282.6318851054275,2.239744120815006,0.8189050079589368,3.399017192752131,0.0006762846500574,0.0027711364858207,up
gene-Prosbeta7,3106.9579313899044,-1.0562964794479166,0.3272614081015626,-3.39859653138272,0.0006773255574693,0.0027740608900705,down
gene-LOC142973635,970.7032207299064,-2.0019300278568046,0.7086341153250221,-3.3984176683999667,0.0006777685968846,0.0027740975295029,down
gene-AgmNAT,4493.307523926171,3.182106928298116,1.3320528071732531,3.398368521746319,0.0006778903791661,0.0027740975295029,up
gene-HtrA2,572.3955509310018,-1.5905282933935645,0.5303075190795028,-3.3981695297786176,0.0006783836765568,0.0027749784736531,down
gene-Pyroxd1,481.42116862365896,1.4167856709198057,0.4595281646769175,3.396344211727348,0.0006829242009628,0.0027924073944326,up
gene-PIG-N,115.88444754067172,1.9042933151360968,0.6633024730683034,3.396205257801344,0.0006832710068805,0.0027926813757879,up
gene-Mtr4,252.39634598452687,-1.5983638984950743,0.5337478047860819,-3.3952210389047885,0.0006857321440511,0.0027993016481694,down
gene-l(3)80Fj,360.0865081525435,-1.9096186289283923,0.6674831214833824,-3.395437838874577,0.0006851893076009,0.0027993016481694,down
gene-LOC142974268,441.5173085275024,2.3720219444594743,0.8867032351239172,3.395303350267397,0.0006855260009886,0.0027993016481694,up
gene-LOC142980775,33.57384426775655,3.876075416518406,1.7964172695193172,3.394724761711166,0.0006869762571269,0.0028032338603371,up
gene-LOC142975214,374.8769506915804,-1.2240376261219164,0.3881784379008943,-3.3940774684106456,0.0006886021040797,0.0028087199022558,down
gene-Nedd8,2779.2626645182536,1.6450505157569524,0.5534097333700274,3.392880876840242,0.0006916170782513,0.0028193031874401,up
gene-LOC142976938,111.33567867812836,2.820577643782637,1.1275528497752234,3.392823601742774,0.0006917616978299,0.0028193031874401,up
gene-Vlg,194.13542956444735,-1.1463282259808902,0.3599514748691519,-3.3924578241439325,0.0006926859491043,0.0028215009430747,down
gene-LOC142980747,3706.6962112290007,2.945555526505847,1.1916544566942324,3.3923864914239026,0.0006928663271692,0.0028215009430747,up
gene-GSTe3,2343.561513784589,3.1839038392083028,1.3277289232300926,3.392015350194397,0.0006938055315428,0.002824173332108,up
gene-Bdp1,35.29647500412559,-2.5384469401890333,0.9632343079732464,-3.391896949517597,0.0006941054033607,0.002824242165081,down
gene-LOC142975336,1449.3984047712047,1.7632556755245357,0.6034414559875092,3.3911921795936064,0.0006958928586792,0.0028303612968532,up
gene-LOC142986201,78.04497698156764,-1.5294937270391424,0.5068433333110336,-3.388123034007074,0.0007037268953016,0.0028610583063161,down
gene-LOC142979444,77.33386611949891,-1.3017721403926028,0.4177752136201036,-3.387517593098133,0.0007052819372732,0.0028662129543666,down
gene-LOC142985593,523.1194829749626,1.2610355305682774,0.4017033565923381,3.38703056117505,0.0007065351689863,0.00287013737145,up
gene-conu,1199.1895741650108,-1.6957527533397467,0.5772231121599714,-3.3860504015872768,0.0007090635931626,0.0028792366653199,down
gene-SDR39U1,546.166925841755,2.8042872765993323,1.1220121962243446,3.3853359431944376,0.0007109119083308,0.0028855680183204,up
gene-bwa,108.74750434212886,-2.845003144952296,1.133710531449034,-3.384900645910681,0.000712040222919,0.0028889729532337,down
gene-LOC142976476,807.4943620366963,1.2463069546027394,0.3967752789917316,3.3835473167335466,0.0007155587637253,0.0029020690860394,up
gene-LOC142977917,901.9492050568368,-2.05431609805554,0.7385730319259294,-3.3819007959869563,0.000719861359497,0.0029183331556214,down
gene-LOC142976322,23.88723351658238,-4.532791546787386,1.9869375040079589,-3.3813285483127755,0.0007213623448415,0.002923230842007,down
gene-LOC142981541,72.95117131781636,1.5007388057954336,0.4955357024103956,3.3810428270423905,0.0007221128694133,0.0029250846386421,up
gene-Samtor,160.52559579527622,0.8895220739881217,0.2721058801626379,3.38092296438848,0.0007224279371959,0.0029251737286622,up
gene-LOC142982493,88.74940413351011,-8.982756910356912,3.641932660921155,-3.3803072178377813,0.0007240484863084,0.0029305466106426,down
gene-LOC142984752,239.25238573332044,-1.4769768067058349,0.4879834703691321,-3.377126022555809,0.0007324748246692,0.0029634500304109,down
gene-Ip259,5460.006894002764,1.2471571035473503,0.3991293355733243,3.376759411927106,0.000733451733424,0.002966200061307,up
gene-Prosbeta6,4008.1534972707777,1.0590985417531391,0.3311412707939848,3.3759120416746127,0.000735714357469,0.002974145403766,up
gene-Usf,643.5870000807076,1.1438900252941098,0.3602766109191277,3.3754872370970377,0.0007368510968175,0.0029775347357634,up
gene-Ip6k,1610.0523388502495,-1.41188001083657,0.4629867273467966,-3.374780893136795,0.0007387448225947,0.0029839789859644,down
gene-LOC142984110,18.78236077995533,-7.658801491625713,2.907228085691619,-3.370916611481454,0.0007491853159247,0.0030249266335942,down
gene-Nep2,121.10496229572072,-2.599499540674893,1.0097674760917796,-3.37067670527039,0.0007498379893925,0.0030263376353121,down
gene-LOC142980956,919.1777927657062,2.9258905828334005,1.2276065450936071,3.368364743305358,0.000756154884305,0.0030505989895913,up
gene-LOC142973537,249.3791811569035,-2.073509084317747,0.7530456013454377,-3.36787685162196,0.0007574942328265,0.0030547676516533,down
gene-GCS2beta,2534.700215863488,1.1265912515384076,0.3553585497863474,3.3672556839962047,0.0007592026349515,0.0030604206379044,up
gene-Tim23,396.3556719510581,1.6523473533071316,0.5610987896405417,3.3670270818932804,0.0007598322611786,0.003061722163433,up
gene-LOC142972789,48.185898832595534,8.687597334487329,3.920429025333532,3.366473120338888,0.0007613600186355,0.0030666401719132,up
gene-Ctps,213.0607374453258,-2.4887457898999927,0.9585015369539552,-3.366088614488931,0.000762422114594,0.003069679356903,down
gene-Dim1,451.9157390625435,1.4916373616657577,0.4950020711155651,3.363511731496039,0.0007695756536446,0.003097231693156,up
gene-LOC142979915,113.94523217946026,-1.7285914057549616,0.5962158927546388,-3.3604056902976267,0.0007782809696113,0.003131004577868,down
gene-LOC142974247,3160.202242974095,3.2173975623923177,1.3620774766372223,3.359231173119083,0.0007815965467974,0.0031430762020892,up
gene-l(1)G0020,77.67130372051416,-2.317815613767404,0.8705133665841848,-3.3587379173445955,0.0007829928777048,0.0031461561644009,down
gene-snu,284.75301788137097,-2.384872437701407,0.9088509278373704,-3.3588098667797395,0.0007827890558233,0.0031461561644009,down
gene-LOC142975409,5270.311155805511,1.334572893532761,0.4343780595413145,3.357432144321836,0.0007867005057798,0.0031597817900156,up
gene-SdhA,4128.818081782745,-0.9325186580857447,0.2895285611355995,-3.356664869155177,0.0007888867105417,0.0031670105291823,down
gene-LOC142972445,338.5807071776404,-1.7408062394411965,0.6036376276486747,-3.3565778976301828,0.0007891348748698,0.0031670105291823,down
gene-syd,206.1076729929828,-1.6908869055715603,0.5818385798154029,-3.3556968522115898,0.0007916529357611,0.0031758392089355,down
gene-LOC142987369,390.0106412331729,1.0272328576392975,0.3213819756005308,3.3549964586718155,0.000793660005154,0.0031826116960397,up
gene-RpL10,63413.19248144379,1.1612717986847765,0.3690480175298127,3.354504043438666,0.0007950739116781,0.0031859437507928,up
gene-LOC142982007,199.85069514077543,-1.83774663786552,0.6467900850492985,-3.354484758278778,0.0007951293340572,0.0031859437507928,down
gene-LOC142981172,151.68799987721573,1.2144947972233882,0.3887952151283568,3.354255988178364,0.0007957870553137,0.0031872995983492,up
gene-LOC142978270,343.50225733481506,2.2243099100869625,0.8287403557647393,3.3541234371491795,0.0007961683747032,0.0031875477528734,up
gene-l(2)05287,257.40087967170666,-2.6074861222769163,1.027113003572821,-3.353600180879956,0.0007976753214622,0.0031923004745447,down
gene-LOC142975518,174.31664945096,-1.499001901367969,0.5015385051354028,-3.3533016697889426,0.0007985362009251,0.0031944648582902,down
gene-Boule,40.06585624932096,1.6672544430913103,0.5703176950198136,3.350800657197735,0.000805782847201,0.0032221628998049,up
gene-LOC142974497,286.25053797868617,-1.0981762643251147,0.3479820648195162,-3.3495613118725087,0.0008093964003595,0.0032340953564544,down
gene-Prp6,233.77386777739363,-1.161345859802709,0.3709093756952236,-3.349554977381326,0.0008094149083682,0.0032340953564544,down
gene-mldr,72.4269434138609,1.3428759340610787,0.4381863802541692,3.3490703719521786,0.0008108319850327,0.0032384610014454,up
gene-LOC142975996,631.9603373856813,-2.782690077313704,1.128496240322692,-3.348724596829617,0.0008118445028799,0.003241207993298,down
gene-Ipp,178.57144448205466,1.3420821815605644,0.4385536303119365,3.347219200835762,0.0008162663740806,0.0032570740724669,up
gene-LOC142976679,36.18343932090863,-3.483435331172882,1.44662725844186,-3.347149643159762,0.0008164712282649,0.0032570740724669,down
gene-LOC142978927,531.5424805997238,1.0889682221873087,0.3444961419377335,3.344717633655225,0.0008236637968699,0.003284453997826,up
gene-RpS16,22167.57226944061,1.2735090176150876,0.4161716805987811,3.34424076821874,0.0008250809818964,0.0032887912461294,up
gene-LOC142972353,97.1394104503543,1.8207888894997888,0.6399389488907338,3.343818682786312,0.0008263372544684,0.003292483886966,up
gene-Cdc45,28.338339257711223,-8.535326840332068,3.451087959334509,-3.3419986824664,0.0008317745553558,0.0033128259525167,down
gene-LOC142977482,897.9018133579447,3.129161784718528,1.362697281579262,3.340807126297138,0.0008353523192728,0.0033244224476324,up
gene-LOC142980430,48.0795992653025,-3.9921705402504815,1.8473927379355404,-3.340865964956882,0.0008351753159274,0.0033244224476324,down
gene-MET1,888.4445740290683,-1.4803430879657122,0.496503620548091,-3.340606930449288,0.0008359548257074,0.0033254942667941,down
gene-LOC142981491,1192.836334677476,1.7669795413038574,0.617248404277441,3.3394353307124427,0.0008394889446931,0.0033382227717062,up
gene-Atx-1,35.97290739455568,-4.260523696273605,1.9839916624111484,-3.339268788831132,0.0008399924401383,0.00333889468141,down
gene-LOC142978233,11472.801441843492,3.343276092039419,1.482778921647676,3.335863658474244,0.0008503485627248,0.0033787137756991,up
gene-LOC142985446,87968.96057464095,2.27050134832531,0.8510386555326799,3.3354192379285013,0.0008517088937682,0.0033827721721851,up
gene-LOC142979242,819.0610073641495,1.556967555855727,0.5276338484529395,3.3347859973669816,0.0008536506725782,0.0033891357848065,up
gene-Mk,113.72667856656956,2.238486403981437,0.8455049547497883,3.334340868488389,0.0008550180791627,0.0033932148899099,up
gene-LOC142987307,421.45633022582274,-1.1744319407226629,0.3777042684044432,-3.3338527685271715,0.0008565198247759,0.0033978236769034,down
gene-Rich,128.56343598249762,-1.9808405875319612,0.718080518767446,-3.3336313361795566,0.0008572019157388,0.0033991785144973,down
gene-LOC142983029,185.08504366548837,-2.3724461398700143,0.9140486135474104,-3.333029446820418,0.0008590584968613,0.0034051877907756,down
gene-AcCoAS,268.9254261590814,3.421817642823944,1.5677297672469577,3.3311046766829606,0.000865020679242,0.0034274598648334,up
gene-RhoGAP102A,34.96082705280816,-3.806638978163854,1.4497371714305791,-3.3309096363903223,0.0008656269736986,0.003428501120828,down
gene-LOC142985328,67.09017282960154,-2.789969298373165,1.1389921641609428,-3.330599581222057,0.0008665916099402,0.0034309602771969,down
gene-LOC142977139,452.8825913059055,1.5208303836968264,0.5134389182346513,3.3293842274743346,0.0008703824084691,0.0034439788529623,up
gene-LOC142982291,394.8090292831386,2.0002001737675714,0.7286348686890645,3.329324228776299,0.0008705699475026,0.0034439788529623,up
gene-RabX6,357.6639730960755,1.35384651120851,0.446236495945235,3.3281653275288194,0.0008741997053858,0.0034569680108779,up
gene-Tfb5,105.3338388396839,1.399155765591572,0.4643028246099719,3.3278122225975464,0.0008753084399411,0.0034599815996247,up
gene-mew,641.5793854757519,-1.5229979172728538,0.5169780115068204,-3.327136304160358,0.0008774344324707,0.0034670123002732,down
gene-AP-1mu,2507.758682451708,1.2189800763166,0.3948455861659915,3.3257021460519764,0.0008819612101229,0.0034835199201571,up
gene-Vha44,8034.176930197103,1.9451505944634755,0.704938524890444,3.325390976354333,0.0008829462404371,0.0034860310228651,up
gene-LOC142978777,485.4915642996901,-1.6964749669892605,0.5916341059936161,-3.3250002231224927,0.0008841846427149,0.0034891166846866,down
gene-tn,511.691458181806,-2.62392256194865,1.0524942572472256,-3.3249238327740094,0.0008844269323972,0.0034891166846866,down
gene-LOC142981815,49135.62094390203,2.3585325893401574,0.9021908248061156,3.3241200919823064,0.0008869799156989,0.0034978058232286,up
gene-roq,204.2243675989441,-1.3745033085565015,0.4567127850793098,-3.323479514857856,0.0008890195199195,0.003504464387171,down
gene-Uba4,86.11456636752119,-1.8711036874967388,0.67026541654661,-3.32334484606741,0.0008894488594418,0.0035047726277492,down
gene-LOC142986417,394.3428384014608,1.7330170426158145,0.6064363125694624,3.3230176257325943,0.0008904928763444,0.0035075017359093,up
gene-ush,47.44078526809992,-1.521884704917932,0.515758101207805,-3.3224667046346155,0.0008922531910926,0.0035130489547516,down
gene-U2A,229.00071968231524,1.2326253885971328,0.4004355352641695,3.3197864552566725,0.0009008632907256,0.0035455506722133,up
gene-LOC142972742,973.2220834275068,2.3251668633539366,0.8967625169451413,3.319083932098294,0.0009031327967949,0.0035530817677613,up
gene-LOC142978127,131.6012100230785,-1.4284095550923628,0.4790342655733834,-3.3183706860400486,0.0009054423633011,0.0035607644712798,down
gene-cpb,1189.8186859173811,1.3692131936748195,0.4537436760334743,3.318260535246084,0.0009057995308394,0.0035607660958284,up
gene-LOC142978727,276.1871367423076,-1.0515484146734797,0.3349147289658306,-3.3176446707759992,0.0009077988985599,0.0035672207899713,down
gene-shtd,55.759407502745546,-1.6047545682309745,0.5521740362544757,-3.3173135873407413,0.0009088754310527,0.0035700455243358,down
gene-drn,9739.777581393511,-2.063446930669612,0.7667940731507711,-3.316806674208697,0.0009105259742605,0.0035751218525155,down
gene-LOC142973986,230.2744958308318,-1.163846374978495,0.3762318343201711,-3.315929737792287,0.0009133878990945,0.0035849487301858,down
gene-Tsp26A,82.7313785523503,-1.9799757660217827,0.7233623674155711,-3.315599913918298,0.000914466450985,0.0035877710877679,down
gene-LOC142987394,117.05955216615844,1.5906414192073022,0.5459460959168916,3.3151859615911508,0.0009158217801733,0.0035916766946601,up
gene-Clc,9182.490798111605,0.992125980851696,0.3144830880983387,3.314862043209392,0.0009168836254255,0.0035932001535953,up
gene-Sdhaf3,151.66482371809232,2.2826003102732426,0.8766554769490283,3.3148478292819195,0.0009169302465892,0.0035932001535953,up
gene-mRpS22,291.5671102037392,1.0612507179958446,0.3379693620981657,3.313904355139901,0.0009200297240473,0.0036039311914114,up
gene-gek,220.7344179776904,-2.6905384671219896,1.0985902917879282,-3.313436395062872,0.0009215706539202,0.0036085510775904,down
gene-LOC142973580,1035.4580741049688,-1.2395056533048896,0.4055331601145657,-3.3129790898276044,0.0009230788089072,0.0036116227329294,down
gene-Dg,559.7850984974783,-1.5143351037999822,0.5166346779019427,-3.313049966643726,0.0009228449133492,0.0036116227329294,down
gene-muskelin,80.2731592937018,-1.5943516281640262,0.5498306565682951,-3.31220006462292,0.0009256532370951,0.0036202762380275,down
gene-cdm,120.32002448476106,-1.7629562657337343,0.6240069157140377,-3.3118546808845983,0.0009267967466861,0.0036233287617212,down
gene-LOC142977857,52.28129264397701,-4.856240544691248,2.5955373744401027,-3.3114324321624204,0.0009281965219922,0.0036273803782321,down
gene-LOC142982312,501.4418377078823,0.9905078740434284,0.3132979809219043,3.310632479848905,0.0009308537754865,0.0036363411088576,up
gene-Nmt,1295.9799584023378,1.3389351814224344,0.4435753931571018,3.3099349711730186,0.0009331764855382,0.003643988459373,up
gene-Orc5,86.34309782457552,1.4020526438903818,0.4685413630719803,3.308978866051022,0.000936369049506,0.0036547182283102,up
gene-LOC142981574,1085.4522171861236,2.029027960321602,0.7501321506073259,3.308833187251145,0.0009368563780801,0.0036547182283102,up
gene-Gar1,68.78434337692013,-2.301234494788987,0.8844001196092636,-3.308783472835472,0.0009370227378264,0.0036547182283102,down
gene-LOC142983643,56.01567898927016,1.5936604782041397,0.5482443456074252,3.307418865847022,0.0009415998327064,0.0036711359102511,up
gene-LOC142975385,119.86928564710574,2.503565140360492,1.0003322382436013,3.307224409891452,0.0009422537503535,0.003672250949738,up
gene-LOC142975041,18.770136530471145,3.158374381354757,1.3793917149302966,3.306796311658497,0.0009436948444951,0.0036764317888001,up
gene-Hsc20,731.6286204895961,2.1126446258177665,0.7921741475473105,3.3060491503747493,0.0009462148833267,0.0036848110614451,up
gene-CDC50,1091.373683201491,-0.8204542862168461,0.2558074322442397,-3.305417246837201,0.000948351042792,0.0036916894532401,down
gene-LOC142980945,67.0213373784412,-2.349453564568944,0.9092076047965988,-3.304266643415331,0.000952252151715,0.0037054303026386,down
gene-LOC142979557,2009.4242173405064,1.2794455797703932,0.4208723406849148,3.303199939581581,0.00095588207288,0.003718105599928,up
gene-LOC142974041,281.3012317482446,-2.1964564062701664,0.8377984189324184,-3.301755577921161,0.0009608175659481,0.0037358473415381,down
gene-LOC142986483,18.170323950534577,-2.3764978121515115,0.906539287571472,-3.301493291073029,0.0009617163481576,0.0037378858531782,down
gene-LOC142973589,18053.66558947684,-1.877824688782184,0.6832725222442576,-3.301130893151147,0.0009629594637173,0.0037412605711806,down
gene-Ube3a,1467.9143608879142,-1.8216314341045408,0.6553226033828721,-3.300786481050953,0.0009641422624947,0.003742980461762,down
gene-LOC142981111,2576.1790781300647,-1.9460302559847773,0.7139616374995987,-3.3006744846634724,0.0009645271764003,0.003742980461762,down
gene-path,1623.992551619541,-2.667571037953331,1.096961424888554,-3.300692967411541,0.0009644636443088,0.003742980461762,down
gene-Bx42,1256.8384392874154,-1.3731242808132818,0.4602285998838624,-3.298922604203539,0.0009705666673801,0.0037649537143882,down
gene-PIP4K,3156.17965213296,-1.438371504843427,0.4876587850035177,-3.2980693890143407,0.0009735207342363,0.003774945784154,down
gene-LOC142979256,988.2736575147948,2.099763715786791,0.788998880272319,3.2974334220982424,0.0009757280411704,0.00378203556463,up
gene-LOC142982922,60.11653525002694,1.7176092351066337,0.6077198404932929,3.2930673935185166,0.0009910071725564,0.0038397680859028,up
gene-Dhdds,609.2992871987218,1.3513668058022588,0.4510283133550626,3.292592716508438,0.000992681611999,0.0038447633563687,up
gene-Klc,664.7642063577931,-1.7928760166238369,0.6458953520220372,-3.2923564528106986,0.0009935160162918,0.003846502466489,down
gene-LOC142978904,558.8062826683553,1.429214265664685,0.4818671917725404,3.2918703933760867,0.0009952346579733,0.0038516623192059,up
gene-LOC142979579,386.8978200331469,-2.087965386548132,0.7872337808227551,-3.291683742681718,0.0009958953611806,0.0038527254263347,down
gene-bchs,120.8002269904117,-1.578016689800984,0.5473181217795022,-3.291314402685308,0.0009972039420573,0.0038562931211446,down
gene-Exo84,402.6473701044865,2.0166955639045794,0.7503630024225735,3.289655264153798,0.0010031019717501,0.0038775990627567,up
gene-LOC142973012,2906.030601432712,1.319897450947627,0.4398979624540548,3.288261641410788,0.0010080810636018,0.0038927084336295,up
gene-Sap47,499.7507197564072,-1.5092187651431552,0.5187802215182792,-3.288233826203036,0.0010081806733726,0.0038927084336295,down
gene-LOC142980417,2176.0819909470124,-2.028156349420153,0.7588393494192877,-3.2884482625661926,0.0010074129852563,0.0038927084336295,down
gene-LOC142984466,557.1279258964628,-2.2362959766669666,0.8643375794425986,-3.2880819204304106,0.0010087248278909,0.0038933033670454,down
gene-Mthfs,570.9895002573119,1.6986714145897397,0.6000698685007266,3.286996787753233,0.0010126198882191,0.0039068260936664,up
gene-LOC142978761,498.6456063533758,-1.9469484404315345,0.7192978113608168,-3.2864916268802644,0.0010144378972228,0.0039109483737641,down
gene-LOC142978103,41.14460281862689,-3.5609341750367824,1.5826487673959648,-3.2864821503670973,0.001014472030826,0.0039109483737641,down
gene-LOC142981382,40822.72393298902,2.19123335002429,0.8344777183614749,3.28633272563296,0.0010150103867051,0.0039115129998856,up
gene-LOC142980839,69.41031053142628,1.294655580294475,0.4296194881606882,3.285990567036599,0.0010162441312298,0.0039147559528387,up
gene-LOC142977227,646.8360449870959,1.521679249141647,0.5227822090002883,3.283573096125083,0.0010250005971124,0.0039469641048531,up
gene-CKIalpha,4757.384326624323,-0.9030600309051552,0.2858371200904461,-3.283462678075204,0.0010254022116189,0.0039469878419472,down
gene-LOC142976103,70.68363192005235,-1.7276593893104664,0.6152034853425646,-3.2825408777790184,0.0010287606874798,0.0039583887516329,down
gene-U2af50,1110.4349252278796,0.9677263626577932,0.3081488914794326,3.280932457837532,0.0010346451740631,0.0039793232664999,up
gene-LOC142978942,1310.5023301701806,1.227718893316353,0.4047613756946926,3.2808113540862704,0.001035089496864,0.0039793232664999,up
gene-LOC142972658,68.36036588989276,8.928068455315051,3.657175155957369,3.280727431521003,0.0010353975075744,0.0039793232664999,up
gene-Snx17,256.4110408800957,-1.4366807863407138,0.4895978183841147,-3.2806120468904045,0.001035821128124,0.0039794190453448,down
gene-ktub,27.587739647455933,-2.0614989969741546,0.77025975379502,-3.2800108843112445,0.001038030818824,0.0039863738371232,down
gene-Bet3,335.2273357407287,1.9414310863089472,0.7169611822089285,3.27928142162764,0.0010407179593658,0.00399515613555,up
gene-LOC142977206,1143.487413365976,1.128432884271532,0.3673345218042739,3.277969090383694,0.0010455684408371,0.0040106912405823,up
gene-LOC142977702,34.50429873860838,-2.3904589149782,0.942447329001324,-3.2779914387683298,0.0010454856646303,0.0040106912405823,down
gene-LOC142986283,60.0968048306057,-2.3141839984097787,0.9064704496729532,-3.277611047832479,0.0010468954221437,0.0040142386509476,down
gene-pps,257.20443970640525,-1.385433535798809,0.4689087519350601,-3.276884765216953,0.0010495919666953,0.0040230328032207,down
gene-Sirt2,315.0167169436324,-1.8391035075781557,0.6702374957448172,-3.2762712028111536,0.0010518750095472,0.0040302358811096,down
gene-GlcAT-I,111.61416658311292,-2.2964078051747805,0.9001171541143959,-3.2756106436744794,0.0010543380610047,0.004038122865268,down
gene-LOC142978391,102.6519799934212,1.2637111854175198,0.4192778971716075,3.274980390234614,0.00105669308395,0.004045590207482,up
gene-Orai,230.6958497501838,-1.2887078113802948,0.430508107861754,-3.274002551434602,0.0010603565388676,0.004058059284677,down
gene-LOC142975928,230.6974816115488,-1.8352699958737917,0.6696666876281286,-3.2733957371941624,0.0010626358618652,0.0040652236631953,down
gene-Fntb,396.7111538614001,1.005231133555574,0.3224781844327281,3.272959946860847,0.0010642755783835,0.0040652638912539,up
gene-LOC142982760,258.0537568779211,-1.161553541816431,0.380994563428452,-3.273150559353139,0.0010635580868647,0.0040652638912539,down
gene-LOC142976238,7066.397595750869,1.48783768364245,0.5097183583495979,3.2730331816793523,0.0010639998595454,0.0040652638912539,up
gene-Fib,316.5958001180932,-1.6340617538635276,0.5762977898774905,-3.273028660819521,0.0010640168780358,0.0040652638912539,down
gene-LOC142975011,590.1994113648921,-1.3050517651418492,0.4374418245198737,-3.2723108130808427,0.0010667223672073,0.0040699372886456,down
gene-LOC142980522,1508.9136063642084,1.5145863291400654,0.5222544844562362,3.2723911969816526,0.0010664190930226,0.0040699372886456,up
gene-LOC142978883,459.9027492614827,1.554251992595978,0.5395619863778204,3.2725168938269755,0.0010659450210214,0.0040699372886456,up
gene-LOC142982732,320.1968803822561,1.901529590206607,0.7001538215088351,3.2718860124036504,0.0010683263900864,0.0040744996940972,up
gene-LOC142984026,434.839815985461,-1.487836383086563,0.5133793777374704,-3.271490996786985,0.0010698199480595,0.0040786374719565,down
gene-LOC142977555,131.79896440313362,-1.8083298700867028,0.6566191320593407,-3.2709111548785725,0.0010720158350014,0.0040854486632872,down
gene-LOC142974899,1596.3444836460394,-1.3198082892699714,0.4435749632167892,-3.2704061766812296,0.0010739316056155,0.0040911875403239,down
gene-LOC142974882,133.94058944588147,3.475858632662661,1.706954663816575,3.270224213763436,0.0010746227067133,0.0040922583882891,up
gene-LOC142981474,195.3020839333891,1.0168173321684513,0.3270975159799498,3.268888790601368,0.0010797072896248,0.0041100528061579,up
gene-Chd1,737.3340013071929,-1.204431050724758,0.3981529617127952,-3.2681246988562758,0.0010826265450136,0.0041187748894197,down
gene-skd,303.292975392017,-1.6517122620907712,0.5858183899286055,-3.2680731125083824,0.0010828238963868,0.0041187748894197,down
gene-LOC142982895,318.87314501305576,-1.3401688671154632,0.4522121828065213,-3.2676554859180444,0.0010844228155651,0.0041232853798686,down
gene-MED10,1414.570048742674,1.4457648922838695,0.4941227814079612,3.267325855206564,0.001085686376687,0.0041265177934933,up
gene-Sos,13.919885500878737,-4.58727248980247,2.0981099848973903,-3.267126243156772,0.0010864522039552,0.0041278566607072,down
gene-LOC142987137,159.58448054360613,-1.681596643828295,0.5995128766116399,-3.2655699475843454,0.0010924402091037,0.0041490280544384,down
gene-LOC142973950,208.9769291902381,-1.2550687208116815,0.418469598045724,-3.2654551016480173,0.0010928832975723,0.0041491320627879,down
gene-IntS3,265.6773680040061,-1.0003429380704096,0.3223224115155391,-3.265246994289273,0.0010936866225246,0.0041506031100448,down
gene-Chsy,424.8130146193024,-2.2763677352201848,0.9001244740556679,-3.2646157381795025,0.0010961267055219,0.0041582822682684,down
gene-Gogat,548.643021544205,-2.785987595326079,1.1922284185461336,-3.263646669279442,0.0010998823822188,0.0041709445505037,down
gene-Klp64D,98.85891270586978,-1.7821725906351242,0.6464900599746443,-3.263126581010229,0.0011019029148777,0.0041770197468266,down
gene-nbs,173.7892509468136,1.305599481163641,0.4375939880021774,3.2625357521528584,0.0011042024375575,0.0041841475054144,up
gene-LOC142980080,102203.97846285863,-2.9901555133923274,1.337905953790709,-3.26210408962414,0.0011058852848714,0.0041889339765853,down
gene-Dus2,246.49064784699044,1.1758566941654451,0.3871641002494602,3.2611437998027557,0.0011096375090389,0.0042015523435956,up
gene-Pka-C3,424.80938857087375,-2.096064982780501,0.8046596340189452,-3.2597278188175096,0.0011151917760559,0.0042209818417955,down
gene-LOC142974631,1252.9357381766786,-1.1377354002042148,0.3730732115688931,-3.259438865879957,0.001116328363982,0.0042236821080004,down
gene-Tgs1,1254.8969801105784,-1.0902564948988842,0.3561615230230092,-3.2587998411198376,0.0011188457536856,0.0042237665348177,down
gene-LOC142979789,180.5284649715917,1.1657200762573154,0.3835731808260693,3.258806775291488,0.0011188184088953,0.0042237665348177,up
gene-sm,274.72554199231297,-1.1864537603678322,0.3927411338627443,-3.258792808324112,0.0011188734880294,0.0042237665348177,down
gene-PIG-U,277.13730834656934,1.267314279757487,0.422973859744564,3.2587886816023257,0.0011188897623542,0.0042237665348177,up
gene-Y-d,65.48599299033553,-1.8066912366708616,0.6580625856103001,-3.259320592107556,0.0011167938992537,0.0042237665348177,down
gene-LOC142974703,4259.8256095934,3.655853429407518,1.9012344666211431,3.258804286472877,0.0011188282234389,0.0042237665348177,up
gene-LOC142979264,953.264988300758,-1.756864540694446,0.6369754942488727,-3.2572895378336715,0.0011248163554672,0.0042445338540334,down
gene-PH,86.59812179142936,-2.31821297868463,0.9219178108812968,-3.256621763582824,0.0011274656117142,0.0042529230047317,down
gene-Src64B,383.1848834207048,-2.0363498250597702,0.7755527943932665,-3.2543861546386927,0.0011363769689796,0.0042849182196394,down
gene-Mhcl,196.3344944760804,-1.6544808665520097,0.5914555573435893,-3.2538849924760864,0.0011383835640859,0.0042908634264132,down
gene-LOC142979879,3138.722042053063,3.121257971151763,1.4338113310481406,3.253060155459327,0.0011416932484802,0.004301713972473,up
gene-CCT8,1537.616503256805,1.2363855012942775,0.4119602657943307,3.2523769909801894,0.0011444411991547,0.0043104406070805,up
gene-shep,2390.9701860801674,-2.3461695504635367,0.9483646025140076,-3.251899535170044,0.0011463653383735,0.0043160590125636,down
gene-LOC142974704,280.12277394861707,1.0487664177422225,0.3408257821378443,3.2500113580605183,0.0011540039935309,0.004343180188323,up
gene-LOC142973978,336.7602740195913,-0.8958945039042154,0.2868946416555967,-3.248918361189404,0.0011584472023025,0.0043568359862394,down
gene-Mppe,191.75513856439773,0.9791375819345712,0.3156798550977625,3.2489040630763677,0.0011585054310669,0.0043568359862394,up
gene-tapas,501.9808051364145,-1.5633193630120497,0.5511587326256013,-3.248398102622823,0.001160567686659,0.0043629476762877,down
gene-Zip89B,168.20559866747553,-2.246606601029108,0.8890951011588473,-3.2449778865495973,0.0011745974473638,0.0044140275309257,down
gene-RpL21,24920.95794594041,1.4045495273740565,0.4815569432743722,3.2427303475147515,0.0011839020298537,0.0044473188407868,up
gene-LOC142980072,213.63933229852896,-1.048703892408278,0.3425574167453148,-3.242126421083014,0.001186413806342,0.0044550775775394,down
gene-Rga,896.5035533382207,-1.1152553737695945,0.3677743272601633,-3.241145056706489,0.0011905058794803,0.0044675023226619,down
gene-LOC142974939,948.8907125868716,-1.693509558336899,0.6119764017136964,-3.241118261647781,0.0011906177916321,0.0044675023226619,down
gene-LOC142982328,286.6801394437553,1.4294551196107637,0.4925491459493787,3.240975925435468,0.0011912124355413,0.0044680538591276,up
gene-LOC142982653,428.3766108057748,-1.537412345126392,0.5413524068783567,-3.240491517763014,0.0011932382221295,0.0044739709598329,down
gene-LOC142984764,59.1831053855066,-1.3885241464266176,0.476556217160569,-3.239070590185253,0.001199198898553,0.0044946316960036,down
gene-LOC142983788,50.83483001098582,-2.12219773001319,0.8210784047909154,-3.2389237314971613,0.0011998165247713,0.0044952585336873,down
gene-obe,603.3217589656795,-1.201797787308416,0.4017278256610854,-3.238355965437361,0.0012022070765478,0.0045025248896899,down
gene-mnb,1885.7756609596036,-2.4139075240215515,0.9874335973899389,-3.2379061266568976,0.0012041042244316,0.0045079385836653,down
gene-LOC142981015,252.74222786336824,1.5075069108902468,0.5269509598453325,3.237759381882405,0.0012047237031281,0.0045085666595134,up
gene-koko,289.90770437220965,1.631596020666035,0.5825719236257803,3.2368374692028907,0.0012086222697256,0.0045214613471256,up
gene-LOC142985387,802.1980966266433,2.445150069085264,1.0073331170649291,3.233135313924984,0.0012243955283258,0.0045787530042038,up
gene-LOC142977002,175.35870429724625,2.355728733195978,0.9595500120424788,3.2304496732276964,0.0012359566134111,0.0046202557896842,up
gene-LOC142979647,67.583975877344,1.3461970942917438,0.4600308404383695,3.2294249779390065,0.0012403942061988,0.0046351084133547,up
gene-HDAC4,394.93726302505,-1.456064458770809,0.5083465122904693,-3.228776988697412,0.0012432080074448,0.0046438844020611,down
gene-LOC142984538,2076.2043067705717,-2.677116011404588,1.1560422070739145,-3.22848714583719,0.0012444685157826,0.0046468538181917,down
gene-LOC142979975,363.2195962124164,1.2401961654981928,0.4170250424337672,3.227733695449015,0.0012477507475251,0.0046538864764754,up
gene-LOC142972348,344.13391023289887,-2.242926027956043,0.8970689902646969,-3.227858709621812,0.0012472055997618,0.0046538864764754,down
gene-Tnks,30.542057849400702,-3.0938728323093128,1.3943658885455337,-3.227761306347576,0.0012476303260921,0.0046538864764754,down
gene-LOC142972453,326.28246777906594,1.0316852622884312,0.3373563790112807,3.226446169260816,0.0012533780632879,0.0046723852743884,up
gene-LOC142978561,100.76503872988424,1.035685231712879,0.3388722471610687,3.2263848377371875,0.0012536467052211,0.0046723852743884,up
gene-Cyp40,139.36234635331144,-1.8463747220823947,0.6889171004610551,-3.226116747121788,0.0012548216094397,0.0046750184710035,down
gene-LOC142979255,284.9936197922153,-1.3061708006990151,0.4453718706912832,-3.2251151437464167,0.001259220125817,0.0046896552521565,down
gene-LOC142974898,352.51167465158073,4.070432400781522,2.5653726457115766,3.2242151299057094,0.0012631846525389,0.004702665429687,up
gene-LOC142978951,23327.392961196263,-1.7764274045882202,0.6785799627840186,-3.222362226869887,0.0012713829289232,0.0047314217052883,down
gene-LOC142976825,45.42498093606947,2.288386853220127,0.92421437438923,3.221489058069103,0.001275263317964,0.0047440936178155,up
gene-LOC142978166,338.28997275589006,-1.4281700462551663,0.4977750621517012,-3.2209235143136112,0.0012777824425903,0.0047516939491408,down
gene-LOC142986268,120.87650408522524,-1.098689195822109,0.3642147479952514,-3.219652507842283,0.0012834607102892,0.0047710321599243,down
gene-Bsg,7803.409080237937,-0.9607770010797656,0.3123720446864632,-3.218491714937278,0.0012886669358526,0.0047886018937994,down
gene-Arl4,1052.2070817122817,-1.420599193662878,0.4950348270815525,-3.218117393081968,0.0012903499437436,0.004793071376444,down
gene-LOC142983952,195.8986587417355,-2.0294624604007,0.7858443895205419,-3.217231903923909,0.0012943393168182,0.004806101458766,down
gene-Rab6,2300.2687285195607,0.9610374756029708,0.312445693956791,3.2162420160614817,0.0012988125093228,0.004820917685218,up
gene-Liprin-beta,182.58252109733107,-1.1035171708641236,0.3665215897595818,-3.216115444792831,0.001299385498402,0.0048212515463015,down
gene-LOC142975153,121.56317323950628,3.03196679519728,1.4199830840270322,3.214971772940614,0.0013045734975096,0.0048387023703617,up
gene-csul,231.19072180075892,1.2115703229339183,0.4075812536293041,3.214677354765839,0.001305912147067,0.0048418681797458,up
gene-LOC142973802,56.868497201103445,-3.464196786649177,1.6755228522680263,-3.213568986825837,0.001310963010141,0.004858790124106,down
gene-LOC142980296,151.26672338011943,3.1128741640041784,1.4922203437919217,3.211990879095771,0.0013181856024565,0.0048837455449587,up
gene-Sec5,139.00018999677425,-1.148329647279937,0.384309951819188,-3.211352131924302,0.0013211194085537,0.0048927988188404,down
gene-LOC142987161,149.55481553037328,-1.7959849933370196,0.66901284338035,-3.210929148311917,0.0013230655137662,0.0048981887584945,down
gene-LOC142977001,26.62790130514609,1.491479072422292,0.524405906625503,3.2104077965087883,0.0013254678406264,0.0049052630764894,up
gene-LOC142981623,224.95475709354176,2.351609714705973,0.9700340214919664,3.210091985024709,0.0013269250190388,0.0049088356616111,up
gene-Polr1C,312.3275025413306,1.173242069349416,0.3934696688226008,3.209066071591153,0.0013316688685307,0.0049236162912918,up
gene-Als2,155.80195650949872,-1.8644897958301627,0.7038318711440322,-3.209014657033378,0.0013319070219905,0.0049236162912918,down
gene-MED4,206.7162155680082,1.2961578655761563,0.4428551955664754,3.208487698647184,0.0013343501722002,0.0049308215730211,up
gene-LOC142975969,465.5322368056466,1.0610814819133394,0.3504699500237175,3.2079847758318314,0.0013366857412785,0.0049357974042548,up
gene-SMC1,188.44180873567063,-1.3429507523368562,0.4636445218269163,-3.208020809478713,0.0013365182759885,0.0049357974042548,down
gene-UGT48C1,98.01279537091077,-1.031797107344116,0.3405041848087421,-3.206212288887278,0.0013449472585322,0.0049644669332139,down
gene-LOC142984528,195.9142923323518,1.7667726112393705,0.6563007056192378,3.205964902789459,0.0013461040577475,0.0049669000371084,up
gene-LOC142984768,341.9523943832269,1.8236793290665392,0.6826856425249852,3.2054090781108795,0.001348706491705,0.0049746635231737,up
gene-RpII18,834.2136650481096,1.1413131401203074,0.3815573275854836,3.204742868733603,0.001351831874664,0.0049843494425643,up
gene-LOC142972779,1363.6778153009002,-1.7616638382857452,0.6552034892782534,-3.2043312669448203,0.0013537661565767,0.0049877962380188,down
gene-Lipt1,12237.25389598384,-2.5062302990842853,1.075863799048761,-3.2043831776702567,0.0013535220666406,0.0049877962380188,down
gene-Tret1,166.88291441170853,-3.054369062020305,1.413588870548384,-3.203965178536733,0.0013554886977707,0.0049922998865128,down
gene-Swip-1,344.1952721660966,-1.7204739861841505,0.6345858683593802,-3.2037238274622872,0.0013566254229561,0.0049946434328754,down
gene-Dic1,338.11301826939604,1.8150511220080676,0.6791275411815582,3.203456528308645,0.0013578853856567,0.0049974388031858,up
gene-Dbp80,1532.449173399268,1.2094084320366891,0.4085524562005869,3.2033049497361925,0.0013586003580822,0.0049982271190633,up
gene-Jra,6485.630824399946,-1.3737585957658836,0.4811661870966477,-3.199709101324248,0.0013756635778023,0.0050591371297145,down
gene-LOC142972389,110.58247926592884,-2.9397856902726818,1.3201586153612497,-3.1985483158768027,0.0013812138617241,0.0050776779203937,down
gene-LOC142972149,994.3785806337644,2.356884701198226,0.9780378470872662,3.198246038081372,0.0013826625853035,0.0050811322768461,up
gene-LOC142987089,45.075508460302245,2.518517476732571,1.0770070672427372,3.198102455861884,0.001383351221081,0.0050817918798711,up
gene-Edem2,763.733081675241,-1.442218391521948,0.5089313539090986,-3.197287134007858,0.0013872675936107,0.0050943038454115,down
gene-LOC142986267,26.60135510246096,-1.8674241434610543,0.7048047903347766,-3.19682741768391,0.0013894803317556,0.0050986776438429,down
gene-LOC142985258,329.32466229393646,-2.688620162177577,1.1833583337027636,-3.196873311918372,0.0013892592843247,0.0050986776438429,down
gene-LOC142974574,948.613779111806,2.469610626347446,1.0466601011140817,3.196336467418762,0.001391847000828,0.005105485084625,up
gene-LOC142987070,359987.51896912325,1.807855053159764,0.6854216944606507,3.1948523080478703,0.0013990241450129,0.0051299265214455,up
gene-Ars2,269.6207548984199,-1.0494008742357726,0.3486198779028559,-3.1944827242044416,0.0014008166893996,0.0051346130653314,down
gene-LOC142981026,92.65182395318988,1.722190000451872,0.6361119277803973,3.1936967647631795,0.0014046357689032,0.0051467215893625,up
gene-LOC142975003,171.53819755825882,-2.2281492175429443,0.9016113265490824,-3.1933986215189565,0.0014060869957553,0.0051501483686731,down
gene-LOC142979779,262.3249666709207,-1.3682446550627492,0.4774824261830486,-3.192940401002235,0.0014083201019078,0.0051564354134784,down
gene-LOC142984468,13476.59610465164,1.015178380799313,0.3359102256672098,3.19230823632887,0.0014114062807336,0.0051658401496157,up
gene-LOC142980878,319.4750971227355,-0.92783878719392,0.3039660936007308,-3.1912057333868926,0.0014168035388221,0.0051823399856951,down
gene-mrj,1175.8632997001089,-1.1053383514992396,0.370573576411957,-3.1911753002736685,0.0014169527924017,0.0051823399856951,down
gene-Srrm234,410.70884376470514,-1.3159974505488832,0.45597357105796,-3.1904466862901244,0.0014205304759225,0.005193521860873,down
gene-LOC142976028,84.7139814190724,-1.1243774461180691,2.421024857196231,-3.188432768450609,0.0014304627015833,0.0052279195256328,down
gene-Wdr81,225.35795627208475,-1.352803559699555,0.471279697929083,-3.1881698708339634,0.001431763971553,0.0052307599561021,down
gene-LOC142973874,394.8812700518756,3.1600622666204186,1.5700864531974237,3.1864102110748647,0.0014405019308911,0.0052607573260975,up
gene-LOC142973375,155.08642951802423,0.9774801683608346,0.3219239067759475,3.1860744251401014,0.0014421749209728,0.0052649407045463,up
gene-LOC142984526,133.24281909103436,-1.6626566726829195,0.6118524220910818,-3.185639919696561,0.0014443424205415,0.005270925667066,down
gene-LOC142974723,8058.168004458126,1.225554782051901,0.4192713280268642,3.184672042156394,0.0014491814068775,0.0052866519086422,up
gene-GSTe6,270.26492171602166,2.158717584759799,0.8710674316661212,3.184461187611995,0.0014502375724179,0.0052885718707721,up
gene-LOC142983668,17035.408552842695,-2.34897429737137,0.9838200213978634,-3.1842225774121977,0.0014514336210464,0.005291000354881,down
gene-LOC142978206,107.70062310528294,-1.5606439413873392,0.5644329589137578,-3.1825468704816062,0.0014598588526763,0.0053197704302894,down
gene-RpL6,17371.061554904638,-1.1733065300215408,0.3976478089965542,-3.181347839834985,0.0014659150580216,0.0053398898518666,down
gene-LOC142985630,556.4045824213305,-2.12460095990668,0.8540144156427031,-3.1810090423380397,0.0014676304869077,0.0053441116571009,down
gene-GABA-B-R2,37.00222998665552,-4.786556982620029,2.901787736758152,-3.180907518432468,0.0014681448916712,0.0053441116571009,down
gene-eIF2beta,3654.1914218711054,1.684697228223505,0.6221564877212865,3.180540052939692,0.001470008167646,0.0053489433180004,up
gene-CIA30,136.526767544514,2.273595988892932,0.939801837638549,3.1784967259652808,0.0014804089004528,0.0053848255231123,up
gene-LOC142976966,207.0934880804863,-0.9500698383331192,0.313553735930095,-3.177780199825659,0.0014840721167321,0.0053951920225354,down
gene-Glo1,869.0423929456675,1.579866663703851,0.5729376140767766,3.1777278705650627,0.0014843399753413,0.0053951920225354,up
gene-LOC142976034,411.4675393417672,0.995563387383207,0.3297514041859887,3.1764202074161862,0.0014910480135376,0.0054176011005165,up
gene-mdu,3883.8168344180153,-1.658343658399675,0.6137763175149359,-3.174811771054155,0.0014993372590516,0.0054446814824267,down
gene-LOC142984602,27.154610967436497,-1.7124577650699353,0.6345540855958526,-3.174762439404404,0.0014995921646319,0.0054446814824267,down
gene-LOC142972451,491.158105922208,-1.0474723240506167,0.3505792568101161,-3.1743525898588056,0.0015017114758408,0.0054503935419517,down
gene-Rrp6,3210.394381670402,-2.422042980058181,1.0339877082753048,-3.173935976567872,0.0015038685897591,0.0054562386021032,down
gene-Iap,37450.6562707761,-1.3008023588926312,0.4642489418092134,-3.173762860983562,0.001504765775904,0.0054575098870997,down
gene-l(1)10Bb,361.3059098957242,1.1118971232110089,0.3745134381277518,3.1729137231503444,0.0015091736498851,0.0054715082453699,up
gene-Pp4-19C,724.499453987933,-1.288417656734998,0.4476494129367426,-3.1705143563322697,0.0015216931320142,0.0055148943902086,down
gene-LOC142979129,3400.678762075206,1.3128907476234886,0.4564907037079928,3.167861055108266,0.0015356489409357,0.005562501833647,up
gene-LOC142982762,278.50774530323537,2.641463859800102,1.1855326706122506,3.167805236229727,0.0015359437985704,0.005562501833647,up
gene-Su(var)2-10,211.58082498845437,-1.0699587679604483,0.3600202985915599,-3.1654485107778823,0.0015484406443227,0.0056057258146482,down
gene-Pde8,340.18700749163,-2.4742418070989576,1.0720303383899212,-3.165046392220745,0.001550582258765,0.0056114436275322,down
gene-sxc,807.9617338472802,-1.5121262716520287,0.547736647791432,-3.163751538032441,0.001557496977182,0.005634424548479,down
gene-sloth2,23.460669416013364,2.4764018009697755,1.075596164226954,3.163191728106955,0.0015604952298821,0.0056432256845846,up
gene-Nup98-96,315.92616577899486,-1.89037399439151,0.7337623015934049,-3.1627250669671225,0.0015629986533954,0.0056502316405434,down
gene-LOC142977591,296.75567657515666,-3.77362455955982,2.1602080997424413,-3.1625684901830486,0.0015638394444121,0.0056512242920629,down
gene-LOC142982245,1447.5856825785738,-2.273685120258514,0.951382944362048,-3.162170712379111,0.0015659773176632,0.005656901776184,down
gene-Ufl1,473.74214865136446,1.1850436768648884,0.4048658862671765,3.162060152305673,0.0015665720051001,0.0056570025987354,up
gene-LOC142977040,304.1860332228053,3.3347453343270925,1.7721170544038007,3.160911860362576,0.0015727608168648,0.0056772968221079,up
gene-P5cr,42.4606184500882,1.748968980335793,0.6594733733801323,3.159471610106251,0.0015805549842976,0.0057033692329265,up
gene-Adar,343.3539849132522,-1.737588040957189,0.6567444092565369,-3.1589047180949645,0.0015836325615122,0.0057124093228962,down
gene-hook,158.68153877922347,-1.127637741540889,0.3837637566560299,-3.158259127713888,0.0015871440995856,0.0057230076799004,down
gene-barc,932.4265665781446,0.947826892175748,0.3141085462612072,3.157828753955051,0.0015894889977828,0.0057293931696894,up
gene-LOC142980733,126.26705332052047,-2.6722064195391253,1.2026826984496932,-3.157095428301836,0.0015934918825685,0.0057417481876955,down
gene-LOC142987088,53.74198942001535,-2.302240289867242,0.9630962085032692,-3.15574740555917,0.0016008743314336,0.005766267304958,down
gene-Ypel,5069.180707241068,-3.225795195606871,1.6495165478794622,-3.1527278622635087,0.0016175252501641,0.0058241412416623,down
gene-IntS10,210.9926851077735,1.0739876525676169,0.3623537665664558,3.1523484244983715,0.0016196288517568,0.0058296125385449,up
gene-LOC142976363,73.86515993226921,-3.431868388901638,1.7289337947648404,-3.151077534618984,0.0016266930146475,0.0058529282549376,down
gene-mRpS26,377.1645670414397,1.6589435339675394,0.6181006593392643,3.1500987418755693,0.0016321528908339,0.00586834222025,up
gene-LOC142980509,1466.3696525771368,-2.360201811257498,1.0114411939182917,-3.150102832746565,0.0016321300361897,0.00586834222025,down
gene-LOC142978309,446.0089950484892,-2.172637302704942,0.8967473911204835,-3.148497762556567,0.0016411197965237,0.0058984575761987,down
gene-CSN6,739.3121857962286,1.0009504966499982,0.3351168997772272,3.147985479690946,0.001643998595073,0.005906677457676,up
gene-Dh31-R,23.16860566368432,-3.794614376758736,1.6472900630829328,-3.147317832657196,0.0016477574447732,0.0059180521972945,down
gene-LOC142987163,483.307550045631,2.979477653990896,1.483434328412959,3.147072179682051,0.0016491424588954,0.0059208960008042,up
gene-LOC142974539,23.514463590565715,2.6120414070612403,1.1784595031306535,3.146422921683448,0.0016528081940389,0.0059319232595119,up
gene-LOC142979133,537.7093625284197,3.2173313766155167,1.6822498492248037,3.145952828870713,0.0016554670336871,0.0059371959982864,up
gene-LOC142986693,6.684008200695554,4.513362488016546,1.9391957961560289,3.145983821473937,0.0016552916187659,0.0059371959982864,up
gene-LOC142975911,590.1873048628901,1.230019086702399,0.4259024601478855,3.145715543938627,0.0016568106086821,0.0059398802748766,up
gene-ago,232.9274491557865,-1.4722244861981062,0.5331135879681357,-3.1454597297224014,0.0016582602256251,0.0059429426613875,down
gene-Nadsyn,46.99867246492744,-1.4125060494773274,0.5052572085841623,-3.145075299656688,0.001660440861939,0.0059486217670544,down
gene-Vps29,464.6790436010601,1.2118911020575214,0.4184210581607825,3.144609853508808,0.0016630845837871,0.0059538189493468,up
gene-Atg101,2020.4405279722528,-2.3094692264522974,0.9815768553481772,-3.144707324264879,0.0016625306320837,0.0059538189493468,down
gene-LOC142982552,632.0146420192342,-0.981449974244522,0.3292456909393537,-3.142456534371778,0.0016753658571081,0.0059956352168508,down
gene-LOC142982593,100.70065108345392,2.7584464218548583,1.3007109769635856,3.1423247196801785,0.0016761203543262,0.0059961853966059,up
gene-LOC142972844,46.5708255218758,-1.5445306397394023,0.5662284845497118,-3.1412295752077144,0.0016824009751973,0.0060164973606037,down
gene-l(3)76BDm,273.8372435550246,-1.2018109259258498,0.4164124467044303,-3.140430457328461,0.0016869975469572,0.0060289545858196,down
gene-LOC142982652,10.13548948693232,-4.7505402937394665,2.022537406987578,-3.1404139722532367,0.0016870924915533,0.0060289545858196,down
gene-LOC142983439,189.6738790058516,1.5066537447458723,0.5479679824818505,3.140064366500589,0.0016891071783967,0.0060339938251891,up
gene-LOC142987718,106.02857194973984,-1.2308976290694127,0.4283520939707146,-3.1396255754062024,0.0016916389490741,0.0060387154330147,down
gene-LOC142976478,146.5023383826447,1.4352244954972828,0.5155617070948261,3.1396906385403134,0.0016912633224962,0.0060387154330147,up
gene-mus312,336.83894353146576,1.332434503755367,0.4708568008045985,3.13861192693911,0.001697500927747,0.0060574747085602,up
gene-p130CAS,547.6766169680569,-1.7902135922531293,0.6901634050369059,-3.138140179297881,0.0017002354337202,0.0060650642830458,down
gene-Zip88E,1141.1046420055154,-1.9183568681190544,0.759106996344721,-3.1369806310884245,0.0017069740339907,0.0060869266999863,down
gene-LOC142985429,617.6434602670628,-1.199373332570295,0.4160738864406633,-3.136773381689117,0.0017081810278834,0.0060890552997516,down
gene-LOC142977084,857.6054707842895,2.657464002502031,1.221163869055692,3.1366221152007587,0.0017090624799798,0.0060900223536876,up
gene-LOC142986669,34.93089097015852,-3.345076647863679,1.7072070747078771,-3.13636143775514,0.0017105824675281,0.0060932632435398,down
gene-LOC142981517,409.24548419870615,-1.7238936824439457,0.6565036979442562,-3.1358880073803115,0.0017133461788278,0.0061009305069144,down
gene-LOC142983095,793.7306825959973,1.4396915697526682,0.5186591459964034,3.13546571480055,0.001715814831229,0.0061053646454534,up
gene-LOC142976375,656690.9469649344,1.8398544892107345,0.7126825814133687,3.135514881234157,0.0017155272442444,0.0061053646454534,up
gene-Polr2M,328.28792652884675,1.0547176696308682,0.3574757310874253,3.134470186100247,0.001721647478297,0.0061239356667437,up
gene-LOC142977221,41.71307691376406,-1.375356440778804,0.4911120838338387,-3.133404605837028,0.0017279107459715,0.0061440246368156,down
gene-Atf-2,117.0607160927723,1.2476941498378311,0.4356006397253765,3.1325799809426407,0.0017327721007077,0.0061591162169388,up
gene-LOC142977622,19.4916123902093,2.6932961408396863,1.25294050121795,3.129031700042548,0.0017538338627528,0.0062317606921098,up
gene-Bka,123.95655961225464,1.49043591481475,0.543328361690401,3.128739606173226,0.0017555781066838,0.0062357384636339,up
gene-LOC142980055,67.78091825703679,-1.6597323815243443,0.6250289494900295,-3.128203175717585,0.0017587855657592,0.0062449088338109,down
gene-LOC142977906,21.788416207361465,-2.584391183387608,1.1522708299057938,-3.1272089486268646,0.0017647445619674,0.0062638390729009,down
gene-Cchl,1144.659683239215,1.9566975247232368,0.7809313176131111,3.126486470255425,0.0017690864445248,0.006277018060008,up
gene-Atac2,90.95476125309028,-1.2673083162408143,0.4459885426944585,-3.126230823137945,0.0017706251593264,0.0062802451013635,down
gene-lic,775.0575117015364,-0.9039191693606828,0.3022710386547559,-3.124412474067169,0.0017816051700866,0.0063169453650567,down
gene-MED11,204.8929254256053,1.2431625396972434,0.4355498480839986,3.1226678350724435,0.0017921988876498,0.0063522503897846,up
gene-Wwox,254.46028791876637,1.668561414080588,0.6313292616685022,3.120616385230167,0.0018047296613034,0.006394393592286,up
gene-LOC142972542,441.26100417255066,1.5326081954167965,0.5652393685754419,3.119700395712745,0.0018103507180682,0.0064120335404682,up
gene-LOC142983431,5298.030780442199,2.380371221697583,1.040646713985946,3.119472064236409,0.0018117543989112,0.0064147288597137,up
gene-PI31,746.7484839338476,-0.886815055507538,0.2965684735732761,-3.117717141910808,0.0018225763166067,0.0064507568142028,down
gene-LOC142973353,134.55293122049122,3.844142834377383,2.638049835085873,3.11737193293305,0.0018247120640704,0.0064560266258375,up
gene-LOC142975834,1185.1584290001058,-1.8180088530462333,0.7126640646924823,-3.11718283132284,0.0018258829773353,0.0064578802256497,down
gene-Paip1,1651.6330336394265,-1.232130436806429,0.4332614678336757,-3.1151095091638057,0.0018387663074667,0.0065011429383015,down
gene-Hrb27C,206.70239691951613,-1.564891681579423,0.5837670822248747,-3.114937597629216,0.0018398382825291,0.0065013787908158,down
gene-Ras85D,2535.135620336808,-1.7226528579104423,0.6635106367975107,-3.11488990676787,0.0018401357663615,0.0065013787908158,down
gene-TBCC,1678.0989820874156,1.1549673704815289,0.4013822379696132,3.1146883335314945,0.0018413936187359,0.0065021364554725,up
gene-LOC142980524,218.97335653775727,1.2002383411686155,0.4185273528853164,3.114646764202573,0.0018416531168841,0.0065021364554725,up
gene-LOC142975699,754.2883594454551,2.516229124168357,1.141127309019096,3.113977308574924,0.0018458368501171,0.0065146031121001,up
gene-LOC142983522,128.61093587862362,-2.5155664733232017,1.134910716807077,-3.111627672533712,0.0018605900011998,0.0065643509374252,down
gene-Rcd6,13.574820236366016,-3.039221623549137,1.373856937326016,-3.110831304502744,0.0018656148523973,0.0065797533009815,down
gene-LOC142980993,590.1634680763192,-1.6953870364222197,0.6513864433083375,-3.109838171693862,0.0018718986990201,0.0065980271444747,down
gene-LOC142979277,27.57155616403897,-3.4207562898133723,1.7976787445829068,-3.109803518280696,0.0018721183121082,0.0065980271444747,down
gene-LOC142977057,94.60881831179994,-2.9319210652537007,1.4422001336392078,-3.10889965228445,0.0018778548531179,0.0066159086794812,down
gene-LOC142974082,285.52658527190823,2.011671597127408,0.821277607623029,3.108639300375477,0.0018795102140241,0.0066173525419476,up
gene-LOC142979878,24.745759024206134,-2.2066300785372337,0.9203033775770946,-3.10862665211426,0.0018795906679111,0.0066173525419476,down
gene-LOC142987084,94.76607459845155,-2.096194486938366,0.8705292375901628,-3.1084352398956763,0.0018808086015138,0.0066193055894603,down
gene-LOC142977676,22.59282426214032,-8.251079171158999,3.8026995102261423,-3.108088557646255,0.0018830163458407,0.0066247395656809,down
gene-LOC142974104,992.0998075262128,1.2103333640389642,0.4239695839978323,3.107506249321862,0.0018867299634323,0.0066354657382023,up
gene-LOC142976711,22.621840014661675,1.737433883449949,0.6687469982166514,3.106949345685344,0.0018902878570414,0.0066432968665952,up
gene-AspRS-m,114.59789290571224,1.8795599851845397,0.7471395501885366,3.1069572405702828,0.0018902373759107,0.0066432968665952,up
gene-Snmp2,1271.064072595483,2.668573669555889,1.2626330918690034,3.1068348463253,0.0018910201231006,0.0066435310977358,up
gene-LOC142972597,794.2337528748595,1.6438083254293447,0.6227579089498569,3.106449031225912,0.0018934894728848,0.0066498657385162,up
gene-LOC142973201,251.6309911206256,2.153092442290649,0.9090412348838018,3.104852251864819,0.0019037409375795,0.0066835168125156,up
gene-LOC142979388,56.39359917376154,2.0384296325788225,0.8370909484950879,3.1040837438565227,0.0019086929748845,0.0066985459150218,up
gene-LOC142972469,175.08385547299056,-1.6790543069293615,0.6438347173231428,-3.1035342857169166,0.0019122407694018,0.006708638003304,down
gene-LOC142979951,5270.749341694867,2.0962118762389546,0.8701567751175315,3.100705566542389,0.001930601548227,0.0067706725414104,up
gene-LOC142977214,15.609825365247678,-3.145571159545792,1.499636646932908,-3.099931042768079,0.0019356570161939,0.0067836350697443,down
gene-LOC142982251,96217.70865734707,3.692703608166042,2.349213813657654,3.1000119567886704,0.0019351283065543,0.0067836350697443,up
gene-Cdc5,204.2257857348029,-1.4904052591642991,0.5526774636422562,-3.099682203690868,0.0019372838156003,0.006786953233944,down
gene-D2hgdh,1211.0252137166178,1.5862713649702658,0.5959730213830958,3.0983423321903563,0.001946064898751,0.0068153241243629,up
gene-Naa15-16,57.83547865339611,-2.4127816478792488,1.0721379769069286,-3.0959876087441947,0.0019615855856425,0.0068672696353202,down
gene-LOC142974294,16383.8921454104,-2.5820753502560088,1.20151411944597,-3.0954610804057348,0.0019650716007891,0.0068770615874741,down
gene-LOC142978345,7793.631425340271,1.531770151769793,0.5751843863346369,3.093479263443228,0.0019782437749837,0.0069207329541228,up
gene-LOC142975877,570.5797218945552,1.1459204893588584,0.3994944268022615,3.0926322192154183,0.0019838983497138,0.0069380831914834,up
gene-wbl,449.8341525171209,1.814327590633428,0.7166025380097809,3.092312772155243,0.0019860347176899,0.0069431217223339,up
gene-Lgr1,1058.8401610926785,-2.133974405462644,0.9039345681594996,-3.0916782402529206,0.0019902845445832,0.0069555427309124,down
gene-LOC142983156,816.5367687398735,2.759086871422954,1.3496966413844795,3.091510130688461,0.0019914118692678,0.006957046505832,up
gene-LOC142981117,154.33307296917323,-2.1258002527551274,0.8973535289898987,-3.0911754746088618,0.001993657781778,0.0069624556752717,down
gene-Tm,710.2278584313094,1.1410028978879505,0.397933320588592,3.090436382047411,0.0019986261495205,0.0069773653719359,up
gene-CLIP-190,704.3685463942126,-1.7598912578699786,0.6924711640593394,-3.086579065795528,0.002024740915738,0.007066062615378,down
gene-LOC142973047,1467.1663650729813,-1.5323138248329382,0.5763272585815709,-3.0861975882191333,0.0020273405332359,0.0070726619581364,down
gene-HemK2,314.9583529904123,0.9661231283959604,0.3292747664991598,3.085896201767105,0.0020293965269611,0.0070773608440247,up
gene-Pus10,21.637477252509505,-2.7707557815868955,1.2824924797372348,-3.085144795118093,0.0020345307958569,0.0070927879404289,down
gene-GatA,67.80079726373482,2.040094019107213,0.8477506945804463,3.0850340019668665,0.002035288839221,0.0070929531788634,up
gene-ebo,91.34758661172452,-1.357121867763754,0.493389564863454,-3.084751539105393,0.0020372226142207,0.0070972142801178,down
gene-S2P,349.8638723537371,2.075787050171705,0.8709826579809441,3.0833077286248383,0.0020471334735708,0.0071292530354887,up
gene-Dna2,42.3288950395907,-1.336497940202573,0.4832956556986884,-3.083182411543131,0.0020479957802898,0.0071297683582397,down
gene-LOC142981473,42.84185837227383,-1.641044048462003,0.6296770924918885,-3.0814092173797154,0.0020602328987371,0.0071696291361839,down
gene-LOC142984486,43.26553087351696,1.7892402145435675,0.7069670808832107,3.08131539100811,0.0020608822754946,0.0071696291361839,up
gene-RpL7,26730.362933229288,1.0965042691027245,0.3827894336103353,3.08050123645459,0.0020665249664995,0.0071864459677656,up
gene-LOC142973652,132.09659150151336,-1.1403363394572217,0.4006243667075706,-3.080410280996336,0.0020671562341904,0.0071864459677656,down
gene-per,594.4467424162171,-1.3632079678934133,0.497650698376161,-3.080297164184933,0.0020679415574407,0.0071866729403954,down
gene-LOC142973176,272.6766809883247,-1.7459514225494268,0.6867523343988038,-3.079179882977261,0.0020757130941682,0.0072106724072644,down
gene-LOC142979836,32.550841651446724,2.1271927791819816,0.9040299970515788,3.079096780339204,0.0020762922050373,0.0072106724072644,up
gene-APC10,904.6309376923376,1.418141887665204,0.5208756245642342,3.078120501968293,0.002083106626455,0.0072318216482254,up
gene-LOC142973202,4388.0807078155,1.2434742925792652,0.4434913298885999,3.0779610860633584,0.0020842212956033,0.0072331755046653,up
gene-Ocrl,115.7159224185126,-1.3802924586220409,0.5058058121895607,-3.076889063085503,0.0020917313242792,0.0072567154492982,down
gene-B52,705.3632804672185,-0.8527811431250435,0.288356991211551,-3.076489145713148,0.0020945392856742,0.0072590735327532,down
gene-Unc-76,407.442083383859,-1.7428242550935868,0.6860243942685403,-3.076481514040438,0.0020945929039504,0.0072590735327532,down
gene-LOC142982872,101.1083538476334,-1.748476120704226,0.6884625665041277,-3.076505597680862,0.0020944237024328,0.0072590735327532,down
gene-LOC142980992,119.98330405049306,-2.0816159123715106,0.8786336428195862,-3.0745552363185324,0.0021081667939607,0.0073035795801881,down
gene-LOC142980694,2327.881934225745,2.169351336241497,0.9320832666911184,3.073746646554084,0.0021138886805308,0.0073208615268488,up
gene-LOC142976516,661.9033158333045,0.9220698308388692,0.3139645429548787,3.0729819892224204,0.002119312783524,0.0073345564813987,up
gene-LOC142979202,978.4111087240632,1.847257471768878,0.741706838615855,3.073013431893072,0.0021190894933018,0.0073345564813987,up
gene-btz,195.6082956961436,-1.3329444069194611,0.485369268122389,-3.072234784089241,0.0021246254158992,0.0073503938565305,down
gene-LOC142985589,160.30590543242903,1.2324519058332002,0.4398730099181968,3.069418269286607,0.0021447608100441,0.0074174835914937,up
gene-LOC142984417,320.9800863073329,-0.9828340206722532,0.3386315608571698,-3.068682377328396,0.0021500504871524,0.0074332019093413,down
gene-LOC142979218,209.9839203658503,1.3001416882531922,0.4697322487509151,3.0676692213612924,0.0021573527413692,0.0074558648585896,up
gene-CPSF1,85.39054259479359,-1.887737334057611,0.7660901124085817,-3.067065570932113,0.0021617143139426,0.0074683525674842,down
gene-LOC142985124,239.2991663472776,1.803438173978996,0.7196795306025727,3.0665505017892003,0.0021654422476864,0.0074786432782554,up
gene-Ufsp2,745.8429545097125,1.1215633410309238,0.3935938031735512,3.0663036761302607,0.00216723079436,0.0074822312551046,up
gene-Gpo1,718.1042935108838,-1.7036846407157638,0.6689719309801102,-3.065874785086678,0.0021703418435696,0.0074903810306599,down
gene-LOC142981996,168.10881256626416,-1.9150935491585623,0.7848426624819735,-3.0654070139141285,0.0021737395848799,0.007499514274693,down
gene-LOC142982701,48.20763079358659,2.439749161582521,1.1336790503447305,3.064730275503204,0.0021786638286465,0.0075139058996963,up
gene-LOC142976511,474.7668025705024,1.6564505454496874,0.6420485449791766,3.063329684701714,0.0021888876344282,0.0075439528588496,up
gene-LOC142979709,40.63332470627922,3.55966575868242,2.1964190513714383,3.06304021856641,0.0021910061083184,0.0075486475551006,up
gene-PGRP-S5,4115.778048013949,-2.945426080793039,1.5455109052180824,-3.0626898577247563,0.0021935727573486,0.0075548825711169,down
gene-Dus1,311.0707006203315,1.009619118940208,0.3491183761829848,3.062086557479887,0.0021979988315161,0.0075649056335733,up
gene-PIG-B,81.60148268094457,-1.6903729223091497,0.6612857297227791,-3.0621731649154222,0.00219736293874,0.0075649056335733,down
gene-Rrp4,211.67749006491752,1.315731298081005,0.4777625520934731,3.061949364096084,0.0021990064837952,0.0075657648103276,up
gene-LOC142979200,2558.3942539232394,1.375957931464396,0.5054969079659967,3.0617411989491634,0.0022005362151559,0.0075658119061217,up
gene-Golgin84,465.9896021270448,-1.429930723744165,0.5327020652466748,-3.0618320606903966,0.0021998683847419,0.0075658119061217,down
gene-LOC142977097,10191.556902365568,1.94470989720234,0.8022013254688117,3.0615278694535424,0.0022021049093519,0.0075685981750142,up
gene-LOC142981992,103.36072148514484,-1.413590106254104,0.5247876749441245,-3.060681290860267,0.0022083402381639,0.0075874161504695,down
gene-LOC142975546,37.55675769282934,-2.130551777321107,0.9095203030413196,-3.0600144731275254,0.0022132629569035,0.0076017128605832,down
gene-LOC142975146,945.6332481577238,-2.079993392685468,0.8882675236801458,-3.0595298407945664,0.0022168470175987,0.0076114035372045,down
gene-LOC142987219,1308.3319638454718,-1.6400959012670997,0.637744640545921,-3.059393162739693,0.0022178587706386,0.0076122587309988,down
gene-LOC142981465,90.3390371063362,-1.8722552300104407,0.7633621821383745,-3.05771670288632,0.0022303031629682,0.0076523395907825,down
gene-tau,1711.4876731954837,1.3698966041958685,0.5036076115521769,3.0570806689228114,0.0022350411737884,0.0076659608094785,up
gene-LOC142981736,37532.96995266443,1.596443651905887,0.6030347440498411,3.056877552405066,0.0022365561925361,0.0076685219366895,up
gene-LOC142975363,61.15666380939138,-1.2182624368683015,0.4373367157562516,-3.0534215835724816,0.0022624784371351,0.0077547380772822,down
gene-Ent2,207.22117240998747,1.9470683055774092,0.8069804469111687,3.053079132408804,0.0022650619986353,0.0077609281868794,up
gene-Not11,86.65570872655307,-2.856278423494925,1.457363373357491,-3.0510527489815704,0.0022804050813819,0.0078108178164972,down
gene-Rad23,4733.143309786376,0.9960991346145114,0.346041112690519,3.0508762996713275,0.0022817455912428,0.0078123801952679,up
gene-LOC142973579,1254.766674907385,1.8507185549138103,0.7527505726941778,3.050786685929612,0.0022824266756238,0.0078123801952679,up
gene-Paip2,176.96821288652097,-1.0574668231886104,0.3708242326807895,-3.0504797516480164,0.0022847608560175,0.0078176887569115,down
gene-LOC142976014,235.06625263478304,-1.327382656911915,0.4877007787284511,-3.0494994344299866,0.0022922306463599,0.0078405600004518,down
gene-Klp3A,24.041348297095624,-2.4878495604165964,1.1325110117972128,-3.048681928439505,0.0022984769515362,0.0078592320840297,down
gene-LOC142987506,2347.6314801655967,0.500651584625201,0.8680192342697535,3.0484416204664284,0.0023003160317132,0.0078628268193596,up
gene-norpA,165.59947760740548,-1.286750988333095,0.4691261911255348,-3.045539799256399,0.0023226303641734,0.007936382630885,down
gene-LOC142974980,117.76273080976448,-1.1402354995049115,0.4060575159817539,-3.044465085124695,0.0023309448484726,0.0079620672596185,down
gene-LOC142978852,42.08435787662416,-3.2066450185082656,1.7205781343272188,-3.04424760284815,0.0023326307041395,0.0079650999172142,down
gene-Snf4agamma,1445.5382659479835,-2.167538916025772,0.9582620307743928,-3.042893821141789,0.0023431499356898,0.0079982830055132,down
gene-Daao1,2290.203121000681,0.8450031128439314,0.2879153023881667,3.0427813431267685,0.0023440258702942,0.0079985375081731,up
gene-beg,25.31164088244088,-2.4146909552275218,1.0862154060883826,-3.042665618522695,0.002344927401003,0.0079988791488077,down
gene-Ctr9,345.16690211881024,-1.152273804745653,0.4116193544026351,-3.0415254852535574,0.0023538263827374,0.0080264916727375,down
gene-Idh,11571.614524588696,1.7626127655172057,0.7068072365785537,3.041405799851358,0.0023547623438748,0.0080269408996636,up
gene-LOC142973695,189.18808070979333,1.23422002739571,0.4457901916651579,3.040130688759289,0.0023647551158889,0.0080582522402483,up
gene-spas,57.58081523917929,-1.630216176104354,0.636789449009593,-3.039048307981928,0.0023732679524473,0.0080845008305042,down
gene-LOC142984031,166.2695698948088,-2.2236044787346243,0.9926870299716416,-3.037287359355033,0.0023871776429179,0.0081291095373469,down
gene-LOC142976456,56.02692021544521,2.5511620931423358,1.2551267023543673,3.03707103802601,0.0023888914972981,0.0081321712259662,up
gene-Rs1,80.92260737032528,-1.5215074376998836,0.5815920003626949,-3.0365652948026973,0.0023929027577686,0.0081430489005418,down
gene-LOC142983776,304.2077790865207,-1.1534941215403145,0.4130955497930628,-3.036433083859816,0.0023939523940329,0.0081438441870628,down
gene-Rnb,207.55412376266733,-1.0863908972922738,0.3848558191524238,-3.035869013663813,0.0023984353420323,0.0081563145311158,down
gene-Poldip3,319.7505555934511,0.9626755215107992,0.3339295338577135,3.035638628810897,0.0024002685349642,0.0081569902102412,up
gene-LOC142973209,640.2248344724392,1.0401631514234777,0.3647737618151248,3.035695026889549,0.0023998196518748,0.0081569902102412,up
gene-LOC142980441,153.4867235392191,-1.7891216650542812,0.7257916671543199,-3.035183764259797,0.0024038916995426,0.008166522482347,down
gene-LOC142986421,21.36584563616728,-1.7077431139420038,0.6760513799000925,-3.0345759548182927,0.0024087409410723,0.0081774297050486,down
gene-gzl,229.8145761341372,-2.022807664051219,0.8643394398767763,-3.03459037857494,0.0024086257614269,0.0081774297050486,down
gene-LOC142983838,215.97648503709937,-1.4151104507512071,0.5318845379821402,-3.033270616413529,0.0024191855043079,0.0082100953820121,down
gene-rg,264.4356165754038,-1.6867993656477176,0.6710899243127049,-3.0323608432847533,0.0024264894781638,0.0082264916717232,down
gene-LOC142973722,497.23769366459305,1.6889221914157972,0.6688886540230473,3.032410409717147,0.0024260910224054,0.0082264916717232,up
gene-LOC142985400,13.060745685555023,-4.316499466769393,2.6606873969393527,-3.032514238935061,0.0024252565518405,0.0082264916717232,down
gene-Srp54,854.0557224176185,-1.4459088558363704,0.5477716342246979,-3.032077279063714,0.0024287701523252,0.0082314278065732,down
gene-LOC142972440,512.9229700365885,-1.6607888966918536,0.6575654767988366,-3.0311255155870223,0.0024364394266246,0.0082546170798167,down
gene-asp,169.46970223965815,1.3691504011978166,0.5092423944099368,3.030810317885822,0.0024389841590062,0.0082604346423622,up
gene-Nup54,381.03051362042464,-1.1734203323526076,0.4221423076705639,-3.030151497585772,0.0024443109678388,0.0082672544120636,down
gene-Gas41,142.65247274616794,1.176531884646718,0.4222262337486579,3.030337529196116,0.0024428057549222,0.0082672544120636,up
gene-Phyhd1,149.6663356508291,2.3950862147911702,1.1277374267650773,3.030194433517443,0.0024439634907019,0.0082672544120636,up
gene-LOC142984075,18.48568338733889,4.299353056953192,4.134925145757889,3.0304386807608585,0.0024419876767235,0.0082672544120636,up
gene-LOC142985210,158.50504021543009,1.1109684206712156,0.3949899583506216,3.029976992840631,0.0024457236864298,0.0082692303910082,up
gene-TBC1d7,204.8283729679396,1.051137050140959,0.3702169618701721,3.029097276368623,0.0024528568936283,0.0082905400119554,up
gene-LOC142983130,337.0770898795361,-2.687587838753444,1.347688827372157,-3.0278201398950624,0.0024632464785034,0.0083228378814974,down
gene-S,37.24167840992733,-1.5251658782907769,0.5851116672276888,-3.0274758643550794,0.0024660540638324,0.0083295044369243,down
gene-RpS3,27639.40842557708,1.1508988199757886,0.4137465638422956,3.025098214103889,0.0024855240077072,0.008392427307485,up
gene-DnaJ-13,285.5336236747209,1.0063283103815648,0.3526725961264284,3.024831687480237,0.0024877152668605,0.0083969854847938,up
gene-LOC142972199,56.99004352048704,-1.527591001403756,0.5888852369975434,-3.0246007369566805,0.0024896154648526,0.0084005584701466,down
gene-eEF1gamma,15270.487632551774,0.7897088779865521,0.2696194325551608,3.0243215208782304,0.0024919145518131,0.0084054745324932,up
gene-LOC142986112,9.717837246687074,2.9118046234559345,1.4536564190860612,3.0241400271085377,0.0024934100271355,0.0084076775273108,up
gene-LOC142985077,1281.738475970297,-1.483064083039809,0.5681167152394075,-3.022496053994052,0.0025069935132501,0.0084506255507429,down
gene-LOC142982223,583.4395621715308,1.0070231748508955,0.3534090551704136,3.022147290319548,0.0025098838964429,0.0084575122114778,up
gene-LOC142979308,1791.542498950469,2.561901293855745,1.2618013820817324,3.021851431968708,0.0025123382156228,0.0084629253223527,up
gene-LOC142975841,219.38836410689865,-0.9890647538828136,0.3472128721342143,-3.0217113959311286,0.0025135006623111,0.0084639845177217,down
gene-LOC142981689,543.7281942634207,1.3971517965969755,0.5240909316091645,3.0210800721319986,0.0025187474266741,0.0084787919277015,up
gene-LOC142984126,504.2019483301685,-1.7980063686935417,0.7384409215063531,-3.020948856140851,0.00251983918464,0.008479607182027,down
gene-LOC142976413,12380.684458328082,3.067193030504443,1.725527779821541,3.0197318264266717,0.0025299858972136,0.0085108827907278,up
gene-MsrA,1278.3091032829002,1.5026021434026453,0.5764174542570437,3.0195099218386074,0.0025318400002824,0.0085142503513541,up
gene-mus201,170.23306037479765,1.582600462876508,0.617422072251762,3.019264034358609,0.0025338959416695,0.0085182941710352,up
gene-LOC142986118,807.4929394944594,0.9143955268246752,0.3171952191546456,3.018746911910547,0.0025382247461581,0.0085299734651194,up
gene-LOC142980237,123.66951439624631,1.8601671866879588,0.7714735972659486,3.018533022396535,0.0025400171804386,0.0085331240248933,up
gene-Adat1,48.512800795515886,0.991860993067295,0.3480562378034409,3.018093396352948,0.0025437049649058,0.008542637703474,up
gene-LOC142981921,18.661336668856293,-3.193771780457654,1.5561647032904842,-3.0176628270789085,0.0025473215230607,0.0085519058599627,down
gene-LOC142987242,123.16590030135283,-2.2148101987293827,0.9954979859631148,-3.016941009543197,0.0025533949667678,0.008569413303063,down
gene-Tpi,3058.1938610765587,1.4972114801963456,0.5741532601300541,3.016432384013217,0.0025576825424738,0.0085788290905032,up
gene-LOC142979003,122015.89138224284,-1.7331089961737427,0.703635557479193,-3.016312479916203,0.0025586942601539,0.0085788290905032,down
gene-LOC142980852,16.5810503440375,2.820810135295281,1.494126744446677,3.016302426997532,0.0025587791005338,0.0085788290905032,up
gene-LOC142975305,51.56655295933558,-2.163673708193856,0.960574428742938,-3.015650054562162,0.0025642902216244,0.0085925075607731,down
gene-LOC142980988,136.07992642545824,3.623101059950474,2.9466870689927607,3.0156157044375598,0.0025645807056951,0.0085925075607731,up
gene-LOC142983421,155.90454814171036,-1.2794813866764632,0.4723046439071546,-3.015227757316532,0.002567863495578,0.0086006193118671,down
gene-LOC142982287,50611.0824013373,2.590888851505853,1.2765750499420252,3.014522248289761,0.0025738433291686,0.0086177558766966,up
gene-LOC142975029,513.2198694547395,1.094415205228641,0.3907684336857258,3.0121826285769164,0.0025937649917269,0.0086815453998748,up
gene-LOC142982638,194.30451160738664,-2.0712120099837947,0.9065645318831022,-3.011483793662132,0.002599742798299,0.0086986365638025,down
gene-sicily,95.22409459030996,1.570359931785369,0.6126835471093792,3.0111309368491725,0.0026027659049978,0.008705833276737,up
gene-Pak,140.67362672655096,-1.7186834628411296,0.6956726386054384,-3.010005601901031,0.0026124287142862,0.0087352264647542,down
gene-LOC142985166,3344.180531856281,2.1216705225091856,0.9398470531203376,3.009211170180746,0.0026192699240523,0.0087551684902768,up
gene-LOC142978264,725.6127720818794,-1.3560450020490675,0.509643468624926,-3.0088230559177043,0.0026226181026415,0.0087577303188383,down
gene-rols,145.7013339937187,-1.4395391499840526,0.5492517471176573,-3.0088171985608865,0.00262266866276,0.0087577303188383,down
gene-LOC142979788,66.4281521925683,2.9106245913122564,1.6359008127199717,3.008881269614578,0.0026221156562617,0.0087577303188383,up
gene-Flo1,628.8238464558063,-1.0455059377037597,0.371663422969344,-3.0080359443744773,0.0026294203618738,0.0087745517841168,down
gene-Tbc1d22,526.745955477461,-1.1207244593788293,0.403353754339403,-3.0080308522164803,0.0026294644210293,0.0087745517841168,down
gene-Dip-C,4731.8466906175145,2.300783123169545,1.0673726788607707,3.0079168389025344,0.0026304510813564,0.0087749105090304,up
gene-LOC142982196,127.44741593068606,-2.2355260241981427,1.0193134447972985,-3.007735808132189,0.0026320183996738,0.0087772053615586,down
gene-LOC142975145,9172.467216452982,-1.9366401744562844,0.8264128729323036,-3.007586009468522,0.0026333159637692,0.0087785994102809,down
gene-LOC142978882,1030.3231047713623,1.4293730406560374,0.5426182414078057,3.007317262885492,0.0026356453268275,0.008783431054112,up
gene-LOC142973216,655.6426125013982,1.2943469180424674,0.4787889882865856,3.0068836326369626,0.002639407791979,0.0087930337689394,up
gene-LOC142976063,295.5777025900449,0.3733815021507506,0.8048566192537903,3.0064242195816333,0.0026433993215574,0.0088033929357574,up
gene-LOC142981965,242.11765754519357,-1.532679032508181,0.5976929898787942,-3.004445820565734,0.0026606514124312,0.0088578925108326,down
gene-LOC142976484,241.4171268047937,1.933873695412864,0.8247990294669264,3.0022875058392544,0.0026795897351109,0.0089176526288996,up
gene-fwd,349.49026343172136,-1.9806733544569648,0.8576923631030784,-3.002196777904888,0.0026803885268709,0.0089176526288996,down
gene-Gbeta5,287.2957816757483,-1.082723147175187,0.3885228319091666,-3.001100722228136,0.0026900556881333,0.0089468329967539,down
gene-LOC142974253,110.25063478665652,1.8900142375647808,0.7951141307549103,3.000983048390905,0.0026910954577428,0.0089473097147673,up
gene-B4,66.31472673125658,-2.435735760168217,1.162922905587438,-3.000567957416367,0.0026947661475669,0.0089565304425127,down
gene-LOC142984916,66.44187062176,1.0286896153245193,0.3648424924643899,2.999508088036745,0.0027041594403948,0.0089847587798205,up
gene-LOC142973853,135.6299953226469,-1.5497128585325008,0.6082151762600158,-2.998861888843879,0.0027099011746133,0.0090008398082582,down
gene-LOC142987235,82.11219372351329,-1.698506922649806,0.6885812962990927,-2.997378237100027,0.0027231261768424,0.0090417572758033,down
gene-LOC142976409,613.7310120394027,2.122027135232387,0.948516417708558,2.996371257579673,0.0027321357744878,0.0090686555254948,up
gene-LOC142972765,24.92888685083052,-2.891662953135017,1.5474369855875223,-2.9956208579468497,0.0027388674128375,0.00908797727644,down
gene-3HCD,2136.2534739946827,2.1667153804511727,0.9815963792417188,2.995230882155405,0.0027423717636661,0.009096581114374,up
gene-Prp38,329.3544110472125,1.340586667621232,0.5030900269701617,2.9948797656276955,0.0027455304260693,0.0091040329510291,up
gene-LOC142979838,468.4154481583673,2.1992078059878595,1.007081415455383,2.9945967320185747,0.0027480790300105,0.0091094575883543,up
gene-LOC142973482,841.4589461189872,1.858100065476832,0.7801668990665728,2.994251563700316,0.0027511900569438,0.0091167423500519,up
gene-Sys1,378.3687090301773,0.8310958143107773,0.2881615244247882,2.992437632167824,0.0027675920963921,0.0091680506850612,up
gene-jv,412.9227754940972,-1.319366491672564,0.4968632025102178,-2.9891734553881277,0.0027973327866119,0.0092573536283732,down
gene-LOC142981505,27736.94436476637,1.5050955883384554,0.590096145066992,2.989211298757007,0.0027969863207944,0.0092573536283732,up
gene-LOC142983572,686.2852525928578,3.199698712712649,2.1592792252783064,2.989248394487484,0.0027966467378365,0.0092573536283732,up
gene-LOC142978241,15894.19650157918,2.745162094863568,1.4674332340486456,2.9880439013780613,0.0028076922071765,0.0092885568179746,up
gene-bbg,75.69994299873451,-3.0791770138566106,1.7947301656374135,-2.986859065603373,0.0028185962692271,0.0093215405444521,down
gene-LOC142973382,267.2749509101656,-1.788182439828848,0.7451519440070795,-2.9865326257508524,0.00282160728762,0.0093279677361809,down
gene-NGR-B3,1923.1413660402056,-1.89526505430944,0.8107077234272573,-2.986445779729934,0.0028224088331095,0.0093279677361809,down
gene-LOC142986603,399.3907406789544,-1.3847296701740328,0.5280221719955659,-2.986160389570161,0.0028250443065595,0.0093335872968455,down
gene-Vamp7,1004.937695179344,-1.6952310391647776,0.6925697676728398,-2.9858170665426407,0.0028282177463892,0.0093409799228032,down
gene-LOC142980909,149.04219308754972,1.133613996143861,0.4118351024217931,2.981814515125661,0.0028654554906304,0.0094608373311221,up
gene-LOC142980574,555.9484036572638,3.330483417627689,2.3747213110796994,2.9815766303342026,0.0028676826810925,0.0094650598015823,up
gene-ST5,952.6222859797372,-2.27406608344769,1.0726775552697538,-2.9802360443848968,0.0028802634581014,0.0095034411819208,down
gene-LOC142985616,271.2090639212265,-1.203170330502129,0.4446910614736394,-2.979149778875356,0.0028904944861194,0.0095340467501515,down
gene-Dis3,297.28778079968424,-1.2516113231465278,0.4666944420887349,-2.9789558449173734,0.0028923245456743,0.0095369313810294,down
gene-RabGGTa,475.77679280188977,0.9611277150934658,0.3404750110141376,2.9784482806882115,0.0028971191874863,0.0095464333477389,up
gene-Caspase1,923.3180481869412,-1.9548137127680356,0.8516669979977044,-2.9784791866077414,0.0028968270312963,0.0095464333477389,down
gene-LOC142983688,59.34590678854418,-1.6173779398352917,0.6506787126733022,-2.97736506188705,0.0029073759497349,0.00957706909383,down
gene-Ctu1,222.87863362557127,1.1653467061704823,0.4265261336117941,2.9772312502438822,0.0029086452803176,0.0095780892586112,up
gene-LOC142981904,1442.0623064798222,0.7388365526193538,1.0611076227858334,2.976190599703594,0.0029185341154143,0.0096043155311409,up
gene-LOC142975866,488.1619923210196,-0.8630051033049921,0.3028437843394089,-2.976251431196125,0.0029179552177101,0.0096043155311409,down
gene-LOC142985250,74.66850482715587,-1.6637733726212505,0.6765460714278719,-2.975735268845786,0.0029228705623606,0.0096154156502708,down
gene-Snx1,673.1888499924389,-1.3927929424193113,0.5350406709677843,-2.9751891006212263,0.0029280798763253,0.0096281040978144,down
gene-LOC142982608,131.00256140997462,-1.4708154535503104,0.5743631741200828,-2.975128662408554,0.0029286568521154,0.0096281040978144,down
gene-LOC142983518,997.805991463018,-0.5887254593194384,1.2994751749995512,-2.973819111419495,0.0029411840405513,0.0096661040200011,down
gene-LOC142982078,2560.479659210407,1.8528461019666695,0.7862297472398401,2.973006768701006,0.002948979480378,0.0096885333092999,up
gene-Hipk,934.0584589836084,-0.8909938208254098,0.3143436119055544,-2.972371452071682,0.0029550892679733,0.0097054116431858,down
gene-LOC142987889,3417.144243557517,-1.1016964751026108,0.4016690429853438,-2.9721664751532537,0.002957062977232,0.0097086992025503,down
gene-CAH9,149.11070810256595,-2.8820216719476317,1.6124674778902244,-2.971399500761108,0.0029644587988116,0.0097297807533505,down
gene-LOC142982663,87.58344990574385,-1.6914390633069505,0.6930797632465427,-2.9708598514943656,0.0029696726688446,0.0097436893187832,down
gene-Vha26,18030.651252522617,1.6888885195502674,0.6926401615294872,2.970302082834679,0.0029750703929112,0.0097581917816783,up
gene-LOC142975574,833.5972497814302,1.1300120131740288,0.4121712045503781,2.9695846327218622,0.0029820265727987,0.0097777947513482,up
gene-LOC142983470,4197.69413404949,2.502305184134917,1.265491550095781,2.9689280630684736,0.002988405474556,0.0097954926244808,up
gene-LOC142980313,172.1082688251685,2.0104824888272583,0.8913599021231693,2.968697065753472,0.0029906526874408,0.0097996403392473,up
gene-LOC142987563,197.24485463429224,1.7760276577634575,0.743302356102642,2.9671301484499653,0.0030059368829883,0.0098464903278984,up
gene-LOC142986038,15.31955342065794,-3.3765534808559416,1.832874716711694,-2.9668546213792424,0.0030086318141203,0.00985208469053,down
gene-LOC142975377,299.7495060361964,1.1362980763430577,0.4156793800104879,2.966592550854108,0.0030111971717583,0.0098536317858791,up
gene-sky,921.2976219352614,-1.137143134207815,0.4178461945067924,-2.966201612513196,0.0030150277000375,0.0098536317858791,down
gene-LOC142981529,239.0374389683002,-1.298431638169948,0.4911116200789809,-2.9662335690408934,0.0030147144138849,0.0098536317858791,down
gene-thoc7,171.70900896937235,1.343508873963018,0.5105350688161346,2.9666589634672764,0.0030105468828542,0.0098536317858791,up
gene-LOC142978457,23.911952886205075,-1.7333203101167811,0.7166708766194423,-2.966437895573392,0.0030127119984161,0.0098536317858791,down
gene-LOC142984158,284.0501433268635,1.764065296565669,0.7362239150527318,2.966239106180961,0.003014660133493,0.0098536317858791,up
gene-LOC142973321,146.52092218225198,1.1554814357610983,0.4249357904209633,2.964203061997156,0.003034679618173,0.0099146112173437,up
gene-LOC142978866,517.0829409216936,-2.170440738138443,1.007877992311282,-2.964053850033694,0.0030361515088825,0.0099157808066654,down
gene-LOC142985979,14.993601159682212,-2.956357071150044,1.5820175740150475,-2.963965378320494,0.0030370245392221,0.0099157808066654,down
gene-Tmem63,2275.724612013196,-1.3082334134966758,0.4971429689887514,-2.962936431974036,0.0030471949128749,0.0099457332980396,down
gene-LOC142978101,139.3985574597599,-1.6468700853716762,0.6732438615048232,-2.962253648633861,0.003053960856264,0.0099645581256526,down
gene-Sh3beta,3165.2512713837828,1.0801229817452682,0.3918382473122503,2.9617965491549127,0.0030584980713979,0.0099761010622951,up
gene-LOC142984572,2733.106958905584,2.648123190511136,1.4143147282361102,2.9614194218292185,0.0030622461023698,0.0099850631648981,up
gene-LOC142987795,317.32405984821065,1.5173461967331785,0.5996818678707265,2.960622801823685,0.0030701769793878,0.0100076539618777,up
gene-LOC142976311,166911.83334948352,3.452408466554901,1.7465816112586168,2.9601013151302893,0.0030753788626966,0.010021337390981,up
gene-toc,215.0165899751172,-1.4831688836288914,0.5848411954812894,-2.9596024972609705,0.0030803621417175,0.0100342997834472,down
gene-LOC142977398,18.919494586276944,-2.5847643515433667,1.2720102848580568,-2.959226650520898,0.0030841217803223,0.0100432690014346,down
gene-LOC142973795,157.71232768284008,-2.0258921430921903,0.9080576115340676,-2.9590008271880714,0.0030863827292044,0.0100473535617057,down
gene-LOC142976475,54.08194955944173,-1.6456567573625889,0.6706041717969221,-2.957246944153141,0.0031039941687521,0.0101013908700083,down
gene-LOC142975872,1245.7500100997083,-1.3549129062838183,0.5205661196608405,-2.957133272656124,0.0031051387452141,0.0101018219739186,down
gene-LOC142987472,546.248677919957,1.230970201668469,0.4598311808570899,2.9566846399487403,0.0031096598570894,0.0101132339633788,up
gene-abs,230.17006482179093,-1.0705531860641748,0.3902044866062971,-2.95581915073157,0.0031183988169247,0.0101383513328095,down
gene-LOC142972586,80.55549608636396,1.5660669481733998,0.6281287228839176,2.9549419789205227,0.0031272785778579,0.0101639099594922,up
gene-puml,1294.5000505432818,-1.3028357352953135,0.4961900389708491,-2.953938279925764,0.0031374674706182,0.0101937053464324,down
gene-SOCS5,282.005011895116,-1.2975473600354723,0.4940362535269511,-2.9534850631968426,0.0031420781390173,0.0102053634577065,down
gene-LOC142979398,27.585119967265783,-2.692456206677421,1.4359546963690095,-2.953200602472733,0.0031449751714702,0.0102114499630593,down
gene-Ugalt,451.10329785988114,1.405333913842672,0.544668517541043,2.9518248162338057,0.0031590209833339,0.0102523714416135,up
gene-LOC142974050,121.0780326746172,2.1019357789009123,0.9670304055531282,2.9517650197900496,0.0031596327576799,0.0102523714416135,up
gene-Epp,439.63223142142095,2.176394322419028,1.0214691047693891,2.951552355699393,0.0031618093881804,0.0102560999361161,up
gene-ash1,135.4553424506685,-1.0738334274572523,0.392156624371365,-2.9513696330602026,0.0031636806575871,0.0102563795726968,down
gene-Rab40,696.6915005642667,-1.3218678583674883,0.5058685874634973,-2.951343265029612,0.0031639507769094,0.0102563795726968,down
gene-LOC142980248,493.9114957635173,-1.1405935018525115,0.4216742947742461,-2.9510185584993063,0.0031672788586528,0.0102638345091603,down
gene-LOC142978237,94.03800602195132,1.1495947089247875,0.4244639136722963,2.9503827015783317,0.0031738053223152,0.0102816458688831,up
gene-Hmt4-20,251.9022528281832,-1.2515489370012798,0.4727123224482477,-2.950151194558904,0.0031761845628333,0.0102860149648408,down
gene-Rrp40,249.27327015116512,1.143501975818165,0.4216758810671042,2.9488855535482337,0.0031892205508593,0.0103248817120099,up
gene-LOC142979583,135.7347793550711,-2.516681717944393,1.2952363683519452,-2.9481644962666214,0.003196669161206,0.0103456403690006,down
gene-Set8,115.46868214637978,-1.373741751658311,0.5322751173103148,-2.947876580728909,0.0031996477906944,0.0103485692154639,down
gene-LOC142978945,20.962274045713407,-1.8726672212360904,0.8024714003535085,-2.947936205046371,0.0031990307398794,0.0103485692154639,down
gene-RpS14,16041.506918841693,1.0337443526034082,0.3769565536609235,2.9467916673349785,0.003210894496253,0.01038158016427,up
gene-LOC142979371,81.96007684325697,-2.051975449040561,0.931700589821429,-2.946472762053396,0.0032142072576859,0.0103889257250527,down
gene-LOC142977162,368.8320428505517,1.9456410187609847,0.860669473864191,2.94609300497968,0.0032181562050261,0.0103983221373797,up
gene-Phf5a,102.81625220656402,1.7756591962694603,0.7516458722441169,2.945017664368157,0.0032293622531174,0.0104311536078852,up
gene-Pisd,13.968586329140324,-2.6218512605074737,1.336268877980427,-2.944724032120649,0.0032324283477466,0.0104376795014104,down
gene-LOC142974877,82.32126070399649,3.6184360400509146,4.654983171927176,2.94377024144363,0.0032424060972882,0.0104665120494935,up
gene-TyrRS-m,72.2094235273664,1.8138782627612504,0.7769648379485949,2.94042263249635,0.0032776484345461,0.0105756402153612,up
gene-LOC142978434,4811.532646916679,2.4735021815462623,1.2720996888840186,2.9402711013682623,0.0032792519203317,0.0105756402153612,up
gene-LOC142986025,39.52447711889686,-2.883609042209562,1.617078744767376,-2.9402579150323245,0.0032793914904862,0.0105756402153612,down
gene-mTTF,211.9375787146936,1.2696384481936798,0.4810685378818256,2.939731070830866,0.0032849722774447,0.010590215859553,up
gene-Mo25,879.1089773777225,0.9963406526700532,0.3600944523409127,2.939335840071405,0.0032891645796053,0.0106003072873882,up
gene-LOC142986218,36.23202666082762,1.4109851818333123,0.550508919212452,2.9389878846420667,0.0032928594550855,0.0106087896130435,up
gene-geminin,170.79710260951904,1.1840356633041471,0.4417326305965861,2.93845333379709,0.0032985431195728,0.0106236717897569,up
gene-sw,258.244346109788,-1.5965071130345545,0.6532844284299013,-2.938150481973665,0.0033017671855212,0.0106306252511894,down
gene-LOC142987507,929.3586994054646,-1.3240756613680984,0.5105114553892671,-2.9365216112069565,0.0033191569230997,0.0106831684132405,down
gene-LOC142983467,93.88783328362128,-1.3523520804822995,0.5241805112556346,-2.935696841488516,0.00332799389601,0.0107081583095023,down
gene-LOC142972920,10.088629594546296,3.2974261288027296,2.167591375765119,2.935037633584334,0.0033350723629103,0.0107274757506309,up
gene-LOC142978692,170.03757128383089,-0.9315646226014194,0.3351882829936616,-2.934222903193819,0.0033438397489169,0.0107522115122231,down
gene-LOC142982131,79.87127843333707,1.4581006574454207,0.576262099071879,2.9330089286095444,0.0033569423789937,0.010787392751042,up
gene-LOC142986305,976.011194151741,-2.5770745333009963,1.3855314819347964,-2.93304924956437,0.0033565064386477,0.010787392751042,down
gene-Gyf,259.5394548215814,-0.843816848289467,0.3002405945873003,-2.9327021987541166,0.0033602603558246,0.0107943235146776,down
gene-LOC142977187,546.199835517642,1.2170773060221336,0.4582429707021331,2.9326096425808665,0.00336126214644,0.0107943235146776,up
gene-SPoCk,168.85261742096205,-1.619344091629244,0.667900721354484,-2.931058732389875,0.0033780890804029,0.010844872020425,down
gene-LOC142977538,8220.703521353424,2.2442814410329524,1.0904296679839662,2.929523542363281,0.0033948209584618,0.0108950829538286,up
gene-Prosalpha7,3495.385790051167,1.0401944279462516,0.3809457713865017,2.929195982546948,0.0033984007517427,0.0109030658640772,up
gene-rictor,83.74373150889862,-0.9825914911614232,0.3567016062849719,-2.9289672744740405,0.0034009022640456,0.0109055077224735,down
gene-LOC142978487,23.390597389519595,-2.4922682559206533,1.250387751941059,-2.9289266188511807,0.0034013471135217,0.0109055077224735,down
gene-Ltn1,264.82652873683054,-1.359761412788134,0.5302464846826687,-2.926151096118964,0.0034318421391664,0.0109997483593514,down
gene-sotv,10.266898971569782,-3.3509667405120798,1.943150977489159,-2.926026559130389,0.0034332162591406,0.0110006200585819,down
gene-LOC142973977,114.38049597599093,-1.5026361320379735,0.6048712797982587,-2.925342224108206,0.0034407760370402,0.0110213047579265,down
gene-LOC142978528,837.1000868329661,1.2323412702325465,0.4668863050726022,2.924500988346791,0.0034500898412582,0.0110475927833167,up
gene-LOC142975337,202.31658002074963,-1.6115910058928016,0.6653474919218589,-2.924039786270431,0.003455205807861,0.0110604262887302,down
gene-flfl,282.88740615837224,-1.0071086961662064,0.3680692462030856,-2.923875696740455,0.003457027665046,0.0110627102035346,down
gene-LOC142977594,750.659859220902,1.387199433586644,0.5426172362753048,2.9233203128368683,0.0034632004844695,0.0110789115498365,up
gene-Spindly,53.2952313470529,2.07610334796218,0.9648388959157954,2.923033012208064,0.0034663976253251,0.0110855862538834,up
gene-Droj2,2092.7929345327866,-0.9242122547912812,0.3340916008645684,-2.922469942906564,0.0034726713696727,0.011102092549873,down
gene-LOC142976239,1336.6092954154033,2.2416050276223247,1.0921653947827077,2.9220670819682946,0.0034771664049006,0.0111129035822328,up
gene-TM9SF3,1014.0483221037751,1.0770017505245264,0.3970935008794079,2.921756260767389,0.0034806380986955,0.0111204381764021,up
gene-HPS4,234.67347708411307,-1.8413432727893528,0.8062116346384118,-2.921448894350777,0.0034840743063655,0.011127854608587,down
gene-Prps,592.8685197690876,0.8365244222062129,0.2978872204798063,2.9205927122507505,0.0034936622908462,0.011151341005736,up
gene-Noa36,788.8174156033301,0.8954873532706453,0.3214537499827709,2.920619925102288,0.0034933571777129,0.011151341005736,up
gene-CPR25,61.617365247841256,3.306279673199791,2.530286567025612,2.920239526027318,0.0034976244495145,0.0111604186798607,up
gene-Lamtor5,1956.0308972075889,1.4114378527868263,0.5559326764022425,2.919655665376545,0.0035041833574516,0.0111777737586209,up
gene-ae48,773.5173469377643,1.055834649062249,0.3882412476088006,2.9192133081152525,0.0035091601105322,0.0111900725441605,up
gene-LOC142981379,69.29944585603481,-1.7663278189424505,0.757565233126152,-2.918866210725322,0.0035130696419693,0.0111989613850196,down
gene-LOC142978312,284.36703499750433,-1.3892115405124292,0.5474621527634076,-2.918236157888901,0.0035201763700135,0.0112180333170833,down
gene-key,206.85890793765296,-1.6311723597029857,0.6794718487077173,-2.9175589971252376,0.0035278290381575,0.0112388323108363,down
gene-LOC142976688,154.88211438597529,1.9694970841823616,0.8940435193984297,2.916361827736697,0.0035413954263653,0.0112748541469066,up
gene-LOC142982204,411.70344321958765,-2.0037174329421457,0.918677110074588,-2.9164299178345376,0.0035406225544932,0.0112748541469066,down
gene-Arp3,3898.378470685823,1.3194442955198462,0.5105204884743234,2.9147156669336853,0.0035601273173259,0.0113308771537725,up
gene-fbp,898.1223779813481,1.5153379088944037,0.6126844379581502,2.913780806995546,0.0035708053034028,0.0113612393156723,up
gene-frtz,39.78934865633166,-1.5810354543400054,0.6489472292903858,-2.913372226416895,0.0035754812601327,0.0113724915415503,down
gene-LOC142980547,1365.0758402065385,-2.0848056440352645,0.983030915182642,-2.913055157757897,0.0035791137561177,0.01138041873202,down
gene-LOC142984509,700.2178286576199,-2.429687942676409,1.2671683204392443,-2.911595248799105,0.0035958825495071,0.0114264577289497,down
gene-Ugt2,38.56208938089413,-2.521156167064304,1.3196949301251837,-2.911618414296135,0.0035956159091614,0.0114264577289497,down
gene-LOC142981429,1873.0842629372391,-1.2995232471489164,0.5040070303620623,-2.9111721711652443,0.0036007554378176,0.0114346611596749,down
gene-LOC142983225,297.2530520332912,1.3438125321348326,0.5220740372618118,2.911238627543006,0.0035999896146833,0.0114346611596749,up
gene-GSTz1,375.2401247174865,1.5289739079441866,0.6212336195931176,2.910233951515861,0.0036115830207679,0.0114653976241362,up
gene-LOC142977345,66324.26494108443,2.260873233808275,1.1117099963630497,2.909712085183746,0.0036176184606155,0.0114809061543413,up
gene-LOC142972794,4916.828387823673,-1.7868420367192015,0.779246376684064,-2.9092080026327034,0.0036234569371723,0.0114957799395795,down
gene-LOC142979173,250.4592704637044,1.0118114008440435,0.370959137781885,2.9088043397180017,0.0036281384925772,0.0115069749902807,up
gene-LOC142978208,557.4855807113676,-2.466027656215707,1.3069623264322616,-2.908269572302125,0.0036343490275529,0.0115230106874225,down
gene-LOC142980930,845.4469939871742,2.604779102464999,1.4697007473992787,2.906503320940236,0.0036549301927386,0.0115845850281754,up
gene-Ubr3,397.64429726982667,-1.599160545480465,0.6653631316000171,-2.9062657675529557,0.0036577063438944,0.0115860257119678,down
gene-tna,433.1241438050802,-1.6185671360769094,0.6766923006436,-2.9063422272353168,0.0036568125939432,0.0115860257119678,down
gene-wge,113.1278374818008,-0.8914157380895283,0.3223428958302899,-2.906012568252299,0.0036606674508322,0.0115865636891182,down
gene-xit,102.24881647769124,1.3345424149362932,0.5206600144226423,2.9059654347793176,0.0036612189064258,0.0115865636891182,up
gene-LOC142973162,73.4931254431805,2.134818131316538,1.0230995171958304,2.905953481590561,0.0036613587692093,0.0115865636891182,up
gene-LOC142977797,2133.75475972471,1.471654950268558,0.5906825399939745,2.90539138342194,0.0036679412988461,0.0116037154053194,up
gene-Vps52,379.3488447021281,0.9233613874038744,0.3346794495496766,2.9044565767422323,0.0036789123161098,0.0116347350529443,up
gene-LOC142984719,554.806193988132,-1.4265172778480184,0.5712422989735249,-2.903966699976189,0.003684673482561,0.0116492638674191,down
gene-LOC142984613,503.3340885749562,2.696620365167992,1.5907352709537124,2.903849329415147,0.0036860550295681,0.0116499414978214,up
gene-LOC142984437,150.20363221725913,-1.3025048431664403,0.5069747314441735,-2.903491110829749,0.0036902744664857,0.0116595851377,down
gene-nwk,11.241374791172312,-2.4913596879625164,1.2335255804841296,-2.9033281578371377,0.0036921953335374,0.0116619625392523,down
gene-LOC142974748,96.83151152058194,-1.4508777091995984,0.5827079378992527,-2.902527340052327,0.0037016484788608,0.011688121944799,down
gene-Tace,227.30634955834705,-1.3527696728574328,0.5330381050896479,-2.9015627230080105,0.0037130643823928,0.0117204603417655,down
gene-LOC142972601,26.186612348109488,-2.15602885459122,1.025680413779765,-2.900657167861424,0.0037238104256775,0.0117506645142864,down
gene-LOC142984444,416.4357857624046,-2.300069947471953,1.1632784746705331,-2.8987799246182218,0.0037461774004654,0.01181750841784,down
gene-LOC142981635,108.93981521611056,1.5622099799045657,0.6439960109952809,2.898083973517425,0.0037545004965854,0.0118400219451562,up
gene-LOC142985273,200.03114828341805,-1.007708267185806,0.3720854294780448,-2.897513894838345,0.0037613307638298,0.011857815020147,down
gene-LOC142978446,135.16785800467977,1.8272269225424167,0.8057790137436475,2.8973899024584115,0.0037628178446411,0.0118587574699598,up
gene-LOC142982327,1826.0451718463707,-2.5106424615594243,1.3703061174599784,-2.8967553664390584,0.0037704364086402,0.0118790169806307,down
gene-Spase22-23,8919.638868465308,0.8501322936088922,0.3061333640206748,2.894976031986823,0.003791874841041,0.0119427904034176,up
gene-LOC142972487,52.052915221669984,2.080139259927128,0.990741362349554,2.89480030016879,0.0037939981569644,0.011945708392638,up
gene-l(2)37Cd,289.9609013690243,1.3964945522421142,0.554618691192732,2.8941643544990394,0.0038016911347344,0.0119661555395095,up
gene-LOC142982611,2021.3482219929056,1.804132228038253,0.7958361324519798,2.8931748813197053,0.0038136888912916,0.0119992219624429,up
gene-Hecw,45.62129777963745,-2.0954838489521777,0.9895572119230572,-2.893099784748689,0.0038146008703367,0.0119992219624429,down
gene-dsd,171.69865371795368,-2.502598813054558,1.3560790586848523,-2.892367304382448,0.0038235065716524,0.0120234464687028,down
gene-LOC142981556,61.20002262217599,-1.9200924008586564,0.8716235703206127,-2.891936144132139,0.0038287575674681,0.0120323769776131,down
gene-LOC142986532,8.145499853055293,-3.297898112767818,1.7147389459482032,-2.891942826304074,0.0038286761369589,0.0120323769776131,down
gene-LOC142984772,157.05355338074128,-1.3891966206416229,0.5543867222983441,-2.891101503799009,0.0038389410719101,0.012060582574358,down
gene-Msr-110,674.7439824925062,-2.398767279978357,1.2630919555154163,-2.8894902158959264,0.003858670147031,0.0121182183869171,down
gene-LOC142974851,184.78805148268077,-2.7964031036825934,1.7124298207369202,-2.8894050840107397,0.0038597150838602,0.0121182183869171,down
gene-drosha,51.002274527408446,-1.7389694326060043,0.7540480685000476,-2.889203030711488,0.0038621961818802,0.0121221949972789,down
gene-LOC142979808,9.700456981365477,-2.9481499607909,1.529132321283618,-2.8881553066860315,0.0038750848799555,0.012158824956566,down
gene-LOC142983925,997.474533530513,1.2291383001399645,0.4735927946481063,2.8858905825818724,0.0039030782499335,0.0122428108147663,up
gene-Sar1,3169.5720452536902,-0.6410317434702593,0.2271544119733046,-2.8844426186515686,0.0039210720956204,0.0122953881829681,down
gene-vari,227.2013946914992,-1.2018228249517884,0.4622004646156447,-2.884267530642874,0.0039232530123634,0.0122983631646983,down
gene-Galk,423.8795480550377,1.0607295668104222,0.3959827792434382,2.8837048348094254,0.003930269479361,0.0123164896934074,up
gene-LOC142985751,56.71212669960988,1.4719233793588544,0.5980810674304357,2.8832423365534243,0.0039360450758489,0.0123268484160804,up
gene-LOC142976537,27.84006691436157,2.368020219911976,1.2387114168087607,2.8833270817369567,0.0039349862165392,0.0123268484160804,up
gene-LOC142975703,33.61217738306018,1.2394965320520055,0.4775931970913651,2.883052860020177,0.0039384134502268,0.0123303966896844,up
gene-lt,645.0250167903424,-1.0864244044334102,0.4091581535157023,-2.882286063029579,0.0039480113020092,0.0123565697100516,down
gene-LOC142987319,75.07521399786377,2.0844971328929915,1.0026557933240046,2.881484628427869,0.0039580654033388,0.0123841538528917,up
gene-Trax,359.19833591533444,1.3536581905714014,0.5360817388304693,2.881370454448586,0.0039594996213089,0.0123847589220573,up
gene-LOC142983145,24.807850183948293,2.7991867938110886,1.7468892072002298,2.880262913612027,0.0039734367165932,0.0124244586053625,up
gene-LOC142982875,731.3827393374535,1.585264973493529,0.6625184234403394,2.8786843129857065,0.0039933785421656,0.0124829036108223,up
gene-Ac13E,170.19670421405067,-1.0689254866261355,0.4017856793109068,-2.8780800637036874,0.004001035797273,0.0125029236983664,down
gene-LOC142978238,402.9521504975479,1.3912709615647862,0.5562500449991191,2.877772505595836,0.0040049383967519,0.0125072872772155,up
gene-LOC142982684,54.620755333209495,-3.3614319496342646,4.921615208828365,-2.8778315240351264,0.0040041892449508,0.0125072872772155,down
gene-LOC142980688,89.71094262813533,-3.1212602578996025,1.87592142688209,-2.877301895811216,0.0040109166463256,0.0125220391138493,down
gene-RhoL,4289.150000573904,2.4953550460716456,1.3898041867821518,2.8768473454858,0.0040166985799168,0.0125361690200595,up
gene-Usp12-46,489.567286980113,1.8308617394812707,0.819680321599852,2.876431201656598,0.0040219986120771,0.0125409460003566,up
gene-SCOT,2976.216950347874,2.1564336299043867,1.0606694238180854,2.8764385357394957,0.0040219051498354,0.0125409460003566,up
gene-T48,13.296414437706,-3.9710544998781607,1.90010037506564,-2.8764651532975547,0.0040215659642541,0.0125409460003566,down
gene-LOC142983865,268.8290368003051,-1.8401278966675971,0.826853482576088,-2.876115984496011,0.0040260174612503,0.0125456385515891,down
gene-LOC142983634,49.63029958353087,-3.405361722819398,4.308798940645907,-2.876124405127612,0.0040259100553545,0.0125456385515891,down
gene-PIG-F,480.6868244585356,1.1566216113258028,0.441128322554764,2.875813873311038,0.0040298726372105,0.0125537324569284,up
gene-LOC142982843,236.04151525550895,2.178554431922724,1.093530650894015,2.8755639727597737,0.0040330640966574,0.0125597543677808,up
gene-LOC142978701,5489.694365239982,2.95982915089643,1.9736238001048712,2.8750084457009417,0.0040401669079826,0.0125779494412272,up
gene-LOC142977496,194.0878115556891,-1.7797585957733169,0.7900611664465425,-2.8740323739857048,0.0040526741921103,0.0126129532620682,down
gene-LOC142976902,706.4660741570788,-2.021266725292086,0.9619961739518362,-2.8737759188464693,0.0040559662073081,0.0126192639386354,down
gene-LOC142979753,994.0830526364211,1.99063013080622,0.9323591784557552,2.873590381812744,0.0040583493873273,0.0126227439186395,up
gene-LOC142983063,6436.108331920216,1.4745156735871292,0.6018280885680435,2.872774999938712,0.0040688378516927,0.012651423862226,up
gene-LOC142982282,1303.661068904562,1.1127399619908198,0.4218211743935297,2.8714413059328163,0.0040860465398689,0.0126970207081045,up
gene-LOC142987216,992.6830913919524,2.2945127843837945,1.1878336012412232,2.871537149812479,0.0040848076644208,0.0126970207081045,up
gene-LOC142972593,195.61892098190236,2.0887131449532697,1.014003724672854,2.8708769516886967,0.004093348286023,0.012715751398318,up
gene-Med,208.71185208799184,-1.2618319930053394,0.494686978881692,-2.870089753627594,0.0041035530164287,0.0127434855808882,down
gene-nompA,162.49255616527563,-3.244044120066347,2.943271511591385,-2.8698992010544715,0.0041060266858383,0.0127472013534535,down
gene-waw,142.56032854783948,1.2219085779108574,0.4728787528140367,2.8695087611424586,0.0041110994319315,0.0127589811660785,up
gene-LOC142972362,6082.354419773813,-2.2273057417927444,1.133860500806653,-2.868889321570921,0.0041191590997808,0.0127800208190589,down
gene-Arp10,198.72648730949967,-1.1343731604448593,0.4334854041115993,-2.8685665738265467,0.0041233641225185,0.0127819255298106,down
gene-LOC142984135,1398.765437334795,-1.2510006681290915,0.4900595468102139,-2.868547336215299,0.0041236148888879,0.0127819255298106,down
gene-LOC142986131,25.903868966986533,-2.3237846236148267,1.196014471707948,-2.868627899572189,0.0041225648206972,0.0127819255298106,down
gene-Btk29A,160.8199942144245,-0.960432529541728,0.3563046222203644,-2.8669697247281354,0.0041442265536721,0.0128378414749229,down
gene-LOC142981563,616.7065535240121,1.1588949050996564,0.4435296900738863,2.866978910337474,0.0041441062726189,0.0128378414749229,up
gene-CycJ,466.1217832447151,-1.6639380820448046,0.7211011330248751,-2.866659709009833,0.0041482879155945,0.0128424508950214,down
gene-trus,71.07561399035201,-1.9740256875572195,0.9256970286966768,-2.8666800934782337,0.0041480207579206,0.0128424508950214,down
gene-LOC142974814,1082.627619275872,1.3526282259881577,0.5401475569036285,2.866186026502248,0.0041545003694796,0.0128497267393171,up
gene-LOC142985322,503.6241177673351,-1.4734657073645394,0.6070235392075681,-2.866290115251901,0.0041531344986325,0.0128497267393171,down
gene-shaker,26.373616778171264,-3.3387036382889157,1.84491167843869,-2.866200079900161,0.0041543159345293,0.0128497267393171,down
gene-LOC142982696,240.3622307648236,2.3180779460963143,1.2196536242435387,2.8659519132451856,0.0041575739340829,0.0128552495155148,up
gene-LOC142977663,14.390945482169323,-3.693483992771773,2.469736588236342,-2.864931301999456,0.0041709971822869,0.0128927602590293,down
gene-LOC142974684,254.76750019653568,-1.2777916074139128,0.5037914850824065,-2.864816124619192,0.0041725144806062,0.0128934572851178,down
gene-LOC142976426,12.38185178889511,2.58671282628458,1.4554753909539235,2.8636013257161426,0.0041885482503949,0.0129389972414706,up
gene-LOC142981947,488.5797474018677,-2.919381482690836,2.029955877293812,-2.8619748389712183,0.0042101032811438,0.0130015596686561,down
gene-PhKgamma,201.63487595597675,-1.3506082095729484,0.5419164271249286,-2.8616349076777774,0.0042146209161787,0.0130091226627836,down
gene-LOC142976465,195.84442443754668,1.5166405841967192,0.6300461669555819,2.8615944360032675,0.0042151590713798,0.0130091226627836,up
gene-Exd2,116.45870001314417,-1.4301199706434733,0.5836431857555958,-2.8613791799930066,0.0042180223958451,0.0130139355588655,down
gene-Traf-like,832.5845015969727,-1.4779671764700788,0.6118304485515237,-2.8604346815348194,0.0042306069315566,0.0130487292286362,down
gene-Cdc27,470.1554110312881,-0.9800640350462042,0.3659985482492672,-2.8586290596815496,0.004254759933858,0.0131191717330358,down
gene-pall,88.42211050799398,-1.0098764320121385,0.3792654952749911,-2.857201937098949,0.0042739383267236,0.0131742367013678,down
gene-RpS20,15607.533453306874,1.209315821574404,0.4714767565782711,2.8569769368900038,0.0042769691368973,0.0131795087852338,up
gene-Polr3C,95.26619216511988,1.3559875074699197,0.5438720129672919,2.854622282154701,0.004308804062676,0.0132735102930771,up
gene-LOC142980040,14165.73505004883,2.373396526825552,1.287216352936838,2.852491159527957,0.0043378018983182,0.013358716676061,up
gene-Cpsf6,370.9803611138262,-1.1392531598465283,0.4392503534061894,-2.851662535619216,0.0043491245360729,0.013389113028091,down
gene-ScsbetaA,2028.71171199336,1.5280548681131287,0.6389485861814912,2.8515726023418373,0.0043503550295661,0.013389113028091,up
gene-Khc,1506.3608570498027,-0.695079773399106,0.2504605831225325,-2.8494523250942274,0.0043794568714001,0.0134745249794837,down
gene-LOC142974856,18.821592155411555,-2.819638955057377,1.6556113657995275,-2.848913374784426,0.0043868823018374,0.0134932117887949,down
gene-LOC142974327,305.3729797986348,-1.0792396197546603,0.4117594820089135,-2.848616627447341,0.0043909756314191,0.0135016413361658,down
gene-sick,119.41182892955594,-1.4210726015992656,0.583220153362006,-2.84711203693892,0.004411783261359,0.0135614440195949,down
gene-ecd,89.27626810193306,1.2958073558781849,0.5142811526554653,2.8463624522441866,0.0044221829062098,0.0135892264737932,up
gene-LOC142978941,678.1518921007506,1.3722487929462257,0.5546187332071355,2.84556592382251,0.0044332581858708,0.013619067390944,up
gene-eRF1,860.1402054430587,-1.3273226463871255,0.5342842339635488,-2.844757034253092,0.0044445310600534,0.0136494967724288,down
gene-RfC38,90.1635786860855,1.428103314869338,0.5858705976712311,2.844119761120857,0.0044534305343831,0.0136726207824296,up
gene-LOC142983653,8.124026961622635,-2.7427255309924377,1.4880791831442164,-2.843982246348101,0.0044553530353909,0.0136743169268871,down
gene-FucTA,85.73702046093233,1.989323684738024,0.9549348480747816,2.8436450845745056,0.0044600698488382,0.013684585662851,up
gene-elgi,478.21207953909874,-0.980656612517134,0.3689642588520874,-2.840281035766084,0.0045073805020512,0.0138212487837091,down
gene-sp3,152.00856599924668,-1.8856552832682572,0.8804637189572183,-2.8403584187848137,0.0045062871284834,0.0138212487837091,down
gene-LOC142974672,58309.230984020745,-1.8057058450101215,0.8460167240159874,-2.8398661000169,0.0045132473848272,0.0138349883746809,down
gene-LOC142976707,42.19358941964427,-1.7258644034175683,0.7633259983092222,-2.8395261693947305,0.004518058905378,0.0138454853959405,down
gene-LOC142972238,145.80065626621663,0.9914360640367796,0.3727267936382911,2.838556153713352,0.0045318144749708,0.0138756186012692,up
gene-Sld5,195.53160022689747,1.3104148109283154,0.5245049385684408,2.8383948655621616,0.0045341053401868,0.0138756186012692,up
gene-LOC142987312,1859.1397505564728,-2.0076225253367928,0.9764517244129232,-2.838342947149111,0.0045348429894139,0.0138756186012692,down
gene-Ino80,41.74592922735325,-2.131437631569011,1.0660710266710978,-2.83846668214075,0.0045330851598945,0.0138756186012692,down
gene-LOC142976043,6.871712326497305,2.7408649564599097,1.4921038131262687,2.8387241241148784,0.0045294298126755,0.0138756186012692,up
gene-AlkB,237.34889920594145,1.7299670135878749,0.7710611092292667,2.837793456099158,0.0045426567445819,0.01389526722883,up
gene-Dnmt1,45.3710597427293,-1.4208498411690182,0.5853445580565678,-2.833708094290536,0.0046011340003335,0.0140664274507241,down
gene-LOC142986437,99.16751327116368,-1.4431143319604718,0.5978298417229917,-2.833687445887356,0.0046014312820974,0.0140664274507241,down
gene-LOC142985014,7467.4848862778335,1.2609880046921718,0.5013853762977648,2.8333630416769617,0.0046061041188352,0.0140764008604087,up
gene-LOC142974656,11.370209654891903,-3.174212120655688,1.996595260625436,-2.8312184213690603,0.0046371042799636,0.0141668006790074,down
gene-LOC142986015,8.199878093535812,-3.05993993014773,1.830512187859868,-2.8311131480707155,0.0046386308426691,0.014167128041824,down
gene-nes,841.1798086415647,-1.3718050771320298,0.562105408267585,-2.830818177852094,0.004642910614843,0.014175861378632,down
gene-atos,277.2328237238092,-1.6095129024115673,0.7007678278909262,-2.8295861467840098,0.0046608250408831,0.0142262063403836,down
gene-LOC142983905,116.86073371311396,-1.4302838869160754,0.5930598054582934,-2.8293423645948343,0.0046643771794556,0.0142283461577466,down
gene-LOC142973686,41.85588461539624,-3.3551802611124755,3.5154594088557007,-2.829364678073025,0.004664051948959,0.0142283461577466,down
gene-da,18.61735442247306,-3.010348858775933,2.1042702506189235,-2.8287366087539074,0.0046732142333212,0.0142509475291106,down
gene-LOC142977655,242.56520191815,-0.7204174541685777,0.2627277620689862,-2.827965897215792,0.0046844796501925,0.0142809381150189,down
gene-LOC142982428,80.92080543440903,2.62767178664112,1.6753392183388889,2.8277944314737065,0.0046869892894885,0.0142842259842396,up
gene-fz2,406.051381820001,-1.5340898663951832,0.6554996104732893,-2.8263881508060966,0.0047076181339527,0.0143427156883339,down
gene-LOC142978813,291.3480296124319,0.9283438166166617,0.3473132105922988,2.825852080468672,0.004715503405482,0.0143623556576491,up
gene-PIG-Q,105.5633298428628,1.0711797225756832,0.4112144927875584,2.8234255669800774,0.0047513457085186,0.0144626964064425,up
gene-LOC142979071,27.290464335665188,2.221433075111361,1.1698197762339153,2.8234936922584013,0.0047503360674934,0.0144626964064425,up
gene-mTerf3,60.08748972061733,1.061759011348457,0.4068486454073263,2.8222612604780304,0.0047686311995909,0.0145081135678136,up
gene-LOC142980612,551.4304503830665,-1.2546043714083093,0.5020476372124002,-2.8222247949320622,0.0047691734912329,0.0145081135678136,down
gene-LOC142982147,72.69613904174018,-1.29087038408847,0.5205437118127323,-2.820928361587216,0.0047884894982911,0.014562435613176,down
gene-eIF2Bepsilon,542.146034441096,1.269021027149286,0.5074159332505853,2.820400723156978,0.0047963712151502,0.0145819619550455,up
gene-MED31,102.00250594738289,1.005059139917185,0.3814654988141295,2.8201455562383013,0.0048001870378456,0.0145891190087506,up
gene-LOC142973024,527.6090957608303,0.9504861966496826,0.357711755329464,2.8197570740142788,0.0048060017622712,0.014602345080435,up
gene-LOC142984600,27.75110091863256,2.008303654262979,0.984263473656002,2.8172807225453456,0.004843217346547,0.0147109410638726,up
gene-lace,476.6511023830422,-1.356193338507934,0.5565952508799425,-2.816775150081801,0.0048508472630551,0.0147251540549128,down
gene-LOC142972793,3445.640740871921,-2.127889850017722,1.0962030904901254,-2.8168060091920784,0.0048503812370873,0.0147251540549128,down
gene-Es2,183.5729680447142,-1.2092372368864024,0.4802195068729528,-2.8162770463432865,0.0048583750978278,0.0147435213899116,down
gene-LOC142983576,51.95073315997191,2.1119117011105173,1.0622699153927453,2.81598784561119,0.0048627506324714,0.0147523143047711,up
gene-LOC142987625,1907.1184645161088,1.1428005610529377,0.4461171414741556,2.8143169692550414,0.0048881004478297,0.0148247130263715,up
gene-LOC142985878,179.47941045345564,-0.9444532201706384,0.3571369131032247,-2.813106056971614,0.0049065465325595,0.0148761363734741,down
gene-shop,199.19736976852772,1.8953706475697896,0.9028673023554566,2.812866573793055,0.0049102020799153,0.0148826987426768,up
gene-R2D2,109.25397769259553,-1.0876737800526046,0.4219843471219379,-2.812649308269908,0.0049135206210133,0.014888235980065,down
gene-Tbp,200.74158500425557,0.879367655523024,0.3284029333539399,2.812452272105009,0.0049165319303354,0.0148928392099174,up
gene-LOC142987582,27.04055904255806,1.894048087541356,0.8974851109384443,2.811706054809207,0.0049279515287199,0.0149229017621825,up
gene-LOC142981939,629.4988717313335,2.3502655272245145,1.3362530828503172,2.811464887635029,0.0049316473122926,0.0149250369387485,up
gene-LOC142980627,3656.5722580374713,2.70435431661219,1.8561034933992504,2.8115010438079584,0.0049310930747422,0.0149250369387485,up
gene-LOC142973660,195.84692551727937,-1.1288254445340036,0.4420068394057138,-2.810023229713729,0.0049537924338774,0.0149875120589665,down
gene-LOC142980036,14.262263415023888,3.483087481891338,6.181353365131544,2.8097401653990954,0.0049581510962946,0.0149961533612476,up
gene-Polr1F,504.6852098265709,1.0437962201404885,0.4014215709561947,2.807035164077323,0.0049999783357643,0.0151180805117429,up
gene-LOC142973128,58.1415671025917,-1.8068962517613183,0.8385991535672457,-2.80676361738173,0.0050041948159018,0.0151262472615131,down
gene-glu,99.78638441587452,-1.517502914201628,0.6517513607139747,-2.806370147833648,0.0050103101752715,0.0151401470963927,down
gene-LOC142976219,17.69340449408679,-3.3634116345729392,2.755484606666496,-2.806133293836369,0.0050139946508725,0.0151466950999876,down
gene-REPTOR-BP,1727.1607821366351,-2.063507453035996,1.049791805729397,-2.805656140171409,0.0050214246424034,0.0151645504858785,down
gene-LOC142983032,12752.939575937906,1.5033470340007973,0.6365752975860718,2.804427994826255,0.0050405944982969,0.0152178383809746,up
gene-Diap2,801.6299972769011,-1.6815070829699672,0.7584296593715537,-2.803841634029302,0.0050497701921143,0.0152409302351054,down
gene-LOC142977238,165.26534732388208,1.4339361755063835,0.6008394249505422,2.80367619503792,0.0050523618016486,0.0152441424251073,up
gene-Uvrag,476.57491503857386,-1.5058711414781645,0.646797497031332,-2.802853677360567,0.0050652644380676,0.0152784540212611,down
gene-cd,10.032084218325886,-3.3022919083388773,2.01747848442998,-2.8027129926824585,0.0050674743054418,0.0152805018255634,down
gene-Alg14,111.3398945223097,1.3514816504131384,0.5556176461226082,2.802473962112814,0.0050712309832836,0.0152872112486118,up
gene-LOC142975387,70.7716834838554,-2.079259018453649,1.0535486638116072,-2.801765204481437,0.0050823848400182,0.0153162086619027,down
gene-Cht5,16.99669823744815,-6.472094773656366,3.1639539584429173,-2.799544855131102,0.0051174706081759,0.015417287697013,down
gene-LOC142978691,183.5445527671229,-1.099250286324091,0.4294302242989998,-2.798587319275232,0.0051326689540208,0.0154584094236819,down
gene-Spf45,574.4571706721634,0.6315864505368974,0.230563078073631,2.7978435633894025,0.0051445022452211,0.0154847179832194,up
gene-TpnC25D,1201.8081680324117,2.287415131403751,1.289139916785587,2.7978432619215488,0.0051445070466241,0.0154847179832194,up
gene-LOC142985797,15.10892575621912,-2.915417742769,2.07228949795574,-2.796487896576184,0.0051661345942543,0.015545127942494,down
gene-LOC142981331,4896.62601420276,2.1246064980516755,1.098438584039875,2.79626759955204,0.0051696576233275,0.0155510406083281,up
gene-LOC142974654,134.04588595231297,-1.0983531624428504,0.4301608919244968,-2.7954723277317104,0.0051823938237896,0.0155846558467143,down
gene-LOC142981956,177.11946709817437,1.2781603298585618,0.5182550137284571,2.795062874696409,0.005188962224781,0.0155997084233552,up
gene-TTLL5,20.81716331692615,-2.397397248180602,1.2951850799467992,-2.7947447754199386,0.0051940703298355,0.0156103631322158,down
gene-LOC142974714,130.6034071996794,-1.2934319325123251,0.5280182076772678,-2.793676039056685,0.0052112656167904,0.0156573275500258,down
gene-Dak1,1171.003782849594,1.5862084882216725,0.6957193163255846,2.793357756118873,0.005216396516759,0.0156680269737501,up
gene-LOC142977592,115.61560049624448,-2.3842011997640835,1.3783020053200832,-2.792759343915298,0.0052260556173469,0.0156923168221239,down
gene-LOC142972639,456.76877345018056,2.7130091865322794,1.9796378128026335,2.7925338466990426,0.0052296996063906,0.0156985358710932,up
gene-Gclm,253.90976973356567,1.947071774125306,0.957589281016567,2.791716662829294,0.0052429243718324,0.0157335021513106,up
gene-Roe1,174.07502529786336,1.6414104598227115,0.7333089741546229,2.791427790466363,0.0052476065146047,0.0157428195438141,up
gene-LOC142975714,162.99133267886984,2.735214004210817,2.067807536787557,2.788829054640148,0.0052898978671864,0.0158649250638186,up
gene-PHO,153.43213177103272,-1.481166147830273,0.6367350498685443,-2.7880886538829053,0.0053020032354772,0.0158964536777706,down
gene-LOC142984030,12.258368472119583,-4.172817417373178,2.733459780449775,-2.786775658439218,0.0053235319267902,0.0159562078562442,down
gene-LOC142972521,327.5607722800645,-0.8660532099987873,0.3271285774834674,-2.7864713412162154,0.0053285329576474,0.0159604140254275,down
gene-SerRS-m,408.3910555967279,1.2499020209746368,0.505298221169303,2.7863983871691924,0.0053297324863991,0.0159604140254275,up
gene-LOC142985764,278.5108221505167,-1.364246209855094,0.5697555587560422,-2.786559037087217,0.0053270913628238,0.0159604140254275,down
gene-LOC142981593,52.94804409040544,0.8702432811660469,0.3280251014299924,2.7860728121185856,0.0053350886462584,0.0159716616011715,up
gene-Atf3,95.90554623877009,-2.129658225479633,1.1188964523322629,-2.7857539269853446,0.0053403394595576,0.0159825871501783,down
gene-LOC142979201,831.4705323828708,1.7685954179151662,0.8230386764740554,2.7850569878768443,0.0053518316193728,0.0160121796741489,up
gene-LOC142975257,293.0649101740391,-0.9103428008303148,0.3464796214260162,-2.7838879914858112,0.0053711579101087,0.0160651864251708,down
gene-LOC142976390,224.10560165328917,-1.4272463028236415,0.6065650873083439,-2.7834037343693656,0.0053791822753336,0.0160843673727097,down
gene-dnr1,4615.649867872312,-1.5207910006941665,0.6657069384138429,-2.782543444511452,0.0053934643785787,0.0161222425763984,down
gene-LOC142980537,10.303538210557615,6.535783332866201,4.310205805569325,2.7817638253496413,0.0054064367904695,0.0161561813190647,up
gene-NC2alpha,279.7708466202086,-1.7685615688561926,0.8293618156726388,-2.7813427083143587,0.0054134556461594,0.0161674748067976,down
gene-LOC142975891,201.09816876779504,-1.998220228111301,1.0045549156227074,-2.7813477431280904,0.0054133716811779,0.0161674748067976,down
gene-mRF1,250.30899729058672,1.114952842575062,0.4396173068648766,2.779583796797573,0.0054428608601711,0.016176570390099,up
gene-LOC142986476,604.5251613602943,-1.3231871482465292,0.5493679618543973,-2.7783906152010647,0.0054628902909225,0.016176570390099,down
gene-LOC142985710,4522.126534681117,-1.7399473402382617,0.8132179538448033,-2.776246352409707,0.0054990524064535,0.016176570390099,down
gene-LOC142985711,4522.126534681117,-1.7399473402382617,0.8132179538448033,-2.776246352409707,0.0054990524064535,0.016176570390099,down
gene-LOC142985713,4522.126534681117,-1.7399473402382617,0.8132179538448033,-2.776246352409707,0.0054990524064535,0.016176570390099,down
gene-LOC142985707,4522.028771112417,-1.7399502992577678,0.8132148191983878,-2.776256557427345,0.0054988797925411,0.016176570390099,down
gene-LOC142985708,4522.028771112417,-1.7399502992577678,0.8132148191983878,-2.776256557427345,0.0054988797925411,0.016176570390099,down
gene-LOC142985709,4522.028771112417,-1.7399502992577678,0.8132148191983878,-2.776256557427345,0.0054988797925411,0.016176570390099,down
gene-LOC142985718,4522.032996606648,-1.7399802085390983,0.8132464895306328,-2.776240066361274,0.005499158734957,0.016176570390099,down
gene-LOC142985714,4522.198697158187,-1.7399973844732517,0.813233481484529,-2.776284436795478,0.0054984082487793,0.016176570390099,down
gene-LOC142985715,4522.198697158187,-1.7399973844732517,0.813233481484529,-2.776284436795478,0.0054984082487793,0.016176570390099,down
gene-LOC142985716,4522.198697158187,-1.7399973844732517,0.813233481484529,-2.776284436795478,0.0054984082487793,0.016176570390099,down
gene-LOC142985717,4522.198697158187,-1.7399973844732517,0.813233481484529,-2.776284436795478,0.0054984082487793,0.016176570390099,down
gene-LOC142986946,4521.884107800724,-1.7402517233250998,0.813296946125728,-2.776507040770513,0.0054946444968703,0.016176570390099,down
gene-LOC142986949,4521.884107800724,-1.7402517233250998,0.813296946125728,-2.776507040770513,0.0054946444968703,0.016176570390099,down
gene-LOC142986942,4521.826284400307,-1.740251883790481,0.8132965383376669,-2.776508311256668,0.0054946230223718,0.016176570390099,down
gene-LOC142986945,4521.826284400307,-1.740251883790481,0.8132965383376669,-2.776508311256668,0.0054946230223718,0.016176570390099,down
gene-LOC142986950,4521.956270277795,-1.740301769684358,0.813312472163662,-2.7765451217938826,0.0054940008620793,0.016176570390099,down
gene-LOC142986951,4521.956270277795,-1.740301769684358,0.813312472163662,-2.7765451217938826,0.0054940008620793,0.016176570390099,down
gene-LOC142986963,4521.956270277795,-1.740301769684358,0.813312472163662,-2.7765451217938826,0.0054940008620793,0.016176570390099,down
gene-LOC142986964,4521.956270277795,-1.740301769684358,0.813312472163662,-2.7765451217938826,0.0054940008620793,0.016176570390099,down
gene-LOC142986965,4521.956270277795,-1.740301769684358,0.813312472163662,-2.7765451217938826,0.0054940008620793,0.016176570390099,down
gene-LOC142986966,4521.956270277795,-1.740301769684358,0.813312472163662,-2.7765451217938826,0.0054940008620793,0.016176570390099,down
gene-LOC142987060,4521.956270277795,-1.740301769684358,0.813312472163662,-2.7765451217938826,0.0054940008620793,0.016176570390099,down
gene-LOC142987068,4521.956270277795,-1.740301769684358,0.813312472163662,-2.7765451217938826,0.0054940008620793,0.016176570390099,down
gene-LOC142987069,4521.956270277795,-1.740301769684358,0.813312472163662,-2.7765451217938826,0.0054940008620793,0.016176570390099,down
gene-LOC142986059,4522.019774836644,-1.740317123677902,0.8132874492652754,-2.7766109170756077,0.0054928889690116,0.016176570390099,down
gene-LOC142986948,4521.942204040418,-1.7403460541585014,0.8132581606146841,-2.776706265385458,0.0054912780114034,0.016176570390099,down
gene-LOC142986054,4521.88438064,-1.7403462151973883,0.8132577528561741,-2.7767075361315534,0.0054912565443894,0.016176570390099,down
gene-LOC142986055,4521.88438064,-1.7403462151973883,0.8132577528561741,-2.7767075361315534,0.0054912565443894,0.016176570390099,down
gene-LOC142986056,4521.88438064,-1.7403462151973883,0.8132577528561741,-2.7767075361315534,0.0054912565443894,0.016176570390099,down
gene-LOC142986057,4521.88438064,-1.7403462151973883,0.8132577528561741,-2.7767075361315534,0.0054912565443894,0.016176570390099,down
gene-LOC142986058,4521.88438064,-1.7403462151973883,0.8132577528561741,-2.7767075361315534,0.0054912565443894,0.016176570390099,down
gene-LOC142986061,4521.88438064,-1.7403462151973883,0.8132577528561741,-2.7767075361315534,0.0054912565443894,0.016176570390099,down
gene-LOC142986062,4521.88438064,-1.7403462151973883,0.8132577528561741,-2.7767075361315534,0.0054912565443894,0.016176570390099,down
gene-LOC142986063,4521.88438064,-1.7403462151973883,0.8132577528561741,-2.7767075361315534,0.0054912565443894,0.016176570390099,down
gene-LOC142986941,4521.88438064,-1.7403462151973883,0.8132577528561741,-2.7767075361315534,0.0054912565443894,0.016176570390099,down
gene-LOC142986943,4521.88438064,-1.7403462151973883,0.8132577528561741,-2.7767075361315534,0.0054912565443894,0.016176570390099,down
gene-LOC142986053,4521.786617071301,-1.7403491741586374,0.8132546178243119,-2.776717742399038,0.0054910841302488,0.016176570390099,down
gene-LOC142986952,4522.014366517489,-1.740396097982129,0.8132736855280372,-2.776744342061937,0.0054906348059802,0.016176570390099,down
gene-LOC142986953,4522.014366517489,-1.740396097982129,0.8132736855280372,-2.776744342061937,0.0054906348059802,0.016176570390099,down
gene-LOC142986954,4522.014366517489,-1.740396097982129,0.8132736855280372,-2.776744342061937,0.0054906348059802,0.016176570390099,down
gene-LOC142986955,4522.014366517489,-1.740396097982129,0.8132736855280372,-2.776744342061937,0.0054906348059802,0.016176570390099,down
gene-LOC142986956,4522.014366517489,-1.740396097982129,0.8132736855280372,-2.776744342061937,0.0054906348059802,0.016176570390099,down
gene-LOC142986957,4522.014366517489,-1.740396097982129,0.8132736855280372,-2.776744342061937,0.0054906348059802,0.016176570390099,down
gene-LOC142986959,4522.014366517489,-1.740396097982129,0.8132736855280372,-2.776744342061937,0.0054906348059802,0.016176570390099,down
gene-LOC142986961,4522.014366517489,-1.740396097982129,0.8132736855280372,-2.776744342061937,0.0054906348059802,0.016176570390099,down
gene-LOC142986962,4522.014366517489,-1.740396097982129,0.8132736855280372,-2.776744342061937,0.0054906348059802,0.016176570390099,down
gene-LOC142985706,4521.139475539273,-1.74319491379566,0.813305013336813,-2.780414201802618,0.005428960355284,0.016176570390099,down
gene-LOC142972836,68.46846615126809,-1.806832975436605,0.857524868232842,-2.776530669123493,0.0054942451290534,0.016176570390099,down
gene-LOC142981712,1377.8099889128546,2.297233242006642,1.31054012126999,2.7771107859373485,0.005484448174755,0.016176570390099,up
gene-CycC,211.00908651953185,0.9676601227068556,0.3718518742050539,2.7757615328309013,0.0055072585787285,0.0161860859464927,up
gene-LOC142973125,134.0365839023702,-1.076088995670047,0.4233615059625582,-2.77584212975342,0.0055058936104181,0.0161860859464927,down
gene-LOC142977871,1511.1644043696713,-2.019677047962604,1.030454886637156,-2.775783190806022,0.0055068917549458,0.0161860859464927,down
gene-Shmt,586.7835667101764,-1.4258056533162875,0.6088502907928567,-2.775364493251495,0.0055139871958556,0.0162010910220298,down
gene-BORCS6,394.7137507110554,1.119571505041582,0.4425305292041214,2.775052907063269,0.0055192728320922,0.0162100811555993,up
gene-LOC142972307,94.93292994313258,1.140916733692766,0.4527562931492607,2.7749926731664574,0.0055202951455647,0.0162100811555993,up
gene-Rim,85.4318441423652,-1.3620420311794907,0.5708776953734251,-2.7746354193569287,0.0055263621117024,0.0162231235990889,down
gene-Prosbeta2,4085.6602335968178,1.026993254497248,0.3997607151631167,2.77397895787504,0.0055375259809017,0.0162511163820582,up
gene-LOC142979920,44.006693008001946,2.414893264374403,1.47195144212468,2.773011106767162,0.0055540225070566,0.0162947379902799,up
gene-LOC142983847,551.7499769987088,0.8269056015100404,0.3113633378130474,2.772611159579251,0.0055608523413382,0.0163099815512479,up
gene-CycH,283.08295367955924,0.7843847318654158,0.2937554508031069,2.7722835845624267,0.0055664519322838,0.0163216089119051,up
gene-LOC142986424,1405.2015747698442,1.0725732974746702,0.4201130403343029,2.771820352690645,0.0055743791362211,0.01634005232265,up
gene-LOC142980652,471.4860980921087,1.7302234698856471,0.8030853405748231,2.77074593168078,0.0055928047369503,0.0163892495829422,up
gene-LOC142976794,3334.209732671776,-1.5498776499576146,0.6869734894383611,-2.770384878871572,0.0055990088755453,0.0164026144956907,down
gene-LOC142978949,168.5659812811792,-1.5044546899922648,0.656135393325755,-2.7699224376594027,0.0056069642879423,0.0164209395328758,down
gene-LOC142978514,845.8675742139657,-2.3189761882855406,1.350494050675725,-2.769830068666172,0.0056085545403841,0.0164209395328758,down
gene-LOC142980123,20.989189613394032,-3.5359376387575145,3.796641706819983,-2.768345812818115,0.0056341638018186,0.0164910817906018,down
gene-MICU1,103.4371206819544,-1.0668673955022825,0.4202573523045492,-2.767996794073144,0.0056402010489183,0.0165009549240111,down
gene-LOC142984422,64.87821381933693,-1.2651218125605153,0.520282417755407,-2.7679596777078497,0.0056408434225755,0.0165009549240111,down
gene-LOC142972195,209.21023835228576,2.0130165757025384,1.0340391460725833,2.766840428506353,0.0056602453197081,0.0165528592253171,up
gene-Polr2D,166.17400429562733,1.1878395035368337,0.4784969916156609,2.7654169358514427,0.0056850081564942,0.0166155392122895,up
gene-LOC142982657,138.2713737775897,-1.6699606864438716,0.7672842298096555,-2.7654231893747743,0.0056848991579089,0.0166155392122895,down
gene-rno,79.75344875086417,-1.0883856878532567,0.4311415955317355,-2.764557558272586,0.005700005003739,0.0166457316582703,down
gene-Gmer,1005.614163334044,1.148478519443473,0.4590529084617176,2.7645413340202385,0.0057002884731693,0.0166457316582703,up
gene-LOC142979957,38.53323601647688,1.6070206857413567,0.7238678731007251,2.7643474372141665,0.0057036772138347,0.0166457316582703,up
gene-LOC142979463,235.8598160299913,-1.973357735056955,1.0017415524225983,-2.764421609670952,0.0057023806849159,0.0166457316582703,down
gene-LOC142980483,210.0228005151894,2.9506300912131564,7.128691235135958,2.7644098413052127,0.0057025863773133,0.0166457316582703,up
gene-LOC142983673,38.93379267801976,-1.344776256147015,0.5634693233469663,-2.76339226582019,0.0057203973109535,0.01668964792769,down
gene-LOC142978413,19.439312640664262,-2.703916927184778,1.782965782532481,-2.7621211055576027,0.0057427172899553,0.0167498717916553,down
gene-LOC142974743,241.1114399901572,2.457916620301347,1.5920541643451025,2.7611440444558637,0.0057599266058938,0.0167951584731015,up
gene-Muted,177.4441972951338,1.4849195315061186,0.6444912059095146,2.761018922125506,0.0057621337845518,0.0167966872966155,up
gene-LOC142979508,1503.74832297825,1.3192619480344718,0.5486882764369839,2.7604367781338564,0.0057724129331466,0.0168217382440105,up
gene-LOC142979028,161.33669234059582,-1.3600332252684169,0.5746751087434311,-2.760121436471654,0.0057779879480612,0.0168330699677755,down
gene-tok,12.643608112995784,-2.698139378457064,1.7685187467983965,-2.759369791246034,0.0057912960805633,0.0168669174730385,down
gene-Strip,157.92057538535354,-1.1159995751483849,0.4459538167727977,-2.758756200503384,0.0058021803938698,0.0168936880137734,down
gene-LOC142980046,1488.6130748893054,1.970148262795304,1.002939225507224,2.758656829653097,0.0058039448396683,0.0168938971842315,up
gene-Fdx2,1797.6504756591555,1.4692731257158012,0.635615900007288,2.7575624990674275,0.0058234079838407,0.0169456078970012,up
gene-LOC142977372,32.08828058976107,1.805544842916112,0.8651144032505669,2.7571984272053007,0.0058298961922992,0.0169595435427977,up
gene-kdn,6770.000926875772,1.7201780831087563,0.8024507034966131,2.7567807953361365,0.005837346931028,0.0169713252894236,up
gene-LOC142982914,855.000836284779,1.7693472906891468,0.8401933679658965,2.756843545626439,0.005836226890152,0.0169713252894236,up
gene-Nop10,311.43284252942215,1.286705373904158,0.532897571927827,2.7560481395840792,0.0058504385779305,0.0170044343175086,up
gene-sigmar,75.67667595179411,-1.7904432989501269,0.8534637830640938,-2.755430493338165,0.0058614957031674,0.0170309565105181,down
gene-meigo,107.02513063600196,1.8030160457338529,0.8652277186733914,2.75534786691694,0.0058629763120068,0.0170309565105181,up
gene-nuf,274.2704784325271,-0.8839965744877853,0.3390208665564734,-2.754327629646216,0.005881286065965,0.0170692399605691,down
gene-LOC142984912,2382.1790896586795,-0.9360461239570615,0.3620708427269402,-2.7545027779520943,0.0058781390956806,0.0170692399605691,down
gene-LOC142979703,5.022294429861152,6.296124532899878,3.8291391463277447,2.7543349902792578,0.0058811537835183,0.0170692399605691,up
gene-LOC142985923,88.17859220805998,1.195692486346666,0.4851511080679263,2.7541435975597355,0.0058845942912386,0.0170738766339689,up
gene-LOC142979377,363.9163700180111,-1.302972810833944,0.5451093963727044,-2.7535715523918167,0.0058948882883297,0.0170987736140132,down
gene-LOC142975157,15.509413891587869,-6.237038470393916,3.0721784374857743,-2.753182551647903,0.0059018976549943,0.0171141314626667,down
gene-Rme-8,501.2634882662407,-1.7425117893798392,0.8274633392377208,-2.752967370338004,0.0059057782122435,0.0171204102051706,down
gene-Usp39,398.358754024206,0.9655310874643798,0.3743209742733208,2.752352974095127,0.0059168708298399,0.0171475864554683,up
gene-Mon1,334.5748349947859,-1.5034027036091548,0.6638770738846185,-2.751418447257121,0.0059337792502983,0.0171915967190791,down
gene-LOC142986014,92.92371376211064,-1.6687774105041338,0.7728198983522566,-2.750994622936971,0.0059414618579479,0.017208859780667,down
gene-Pdp1,180.72121535585657,-1.3048545995156782,0.5465469964426152,-2.7505155951044467,0.0059501559226652,0.0172290415619732,down
gene-Mrtf,341.5083498484369,-1.246264073707418,0.5149637937164896,-2.749764537170543,0.0059638102487549,0.0172635702125356,down
gene-Arpc1,3470.7896165843104,1.1462143996261844,0.4611703515091687,2.749221268132259,0.0059737045383371,0.0172871977376465,up
gene-LOC142974095,115.34269712286547,1.055274517228937,0.4166471110399685,2.7488954471154923,0.0059796456481423,0.0172943619861225,up
gene-LOC142987602,188.5646949270399,1.482545502450603,0.6474941470071506,2.748929780937708,0.0059790193449506,0.0172943619861225,up
gene-LOC142984310,198.0061271075569,-1.1152685949671908,0.4477691995614274,-2.748556737972059,0.0059858274071986,0.0173072257680328,down
gene-LOC142986697,356.9914398725629,-0.9662705631354356,0.3770083714545508,-2.7470521797535663,0.0060133566601967,0.0173817876702647,down
gene-LOC142979826,333.8952963903159,2.841672258156528,3.630755822686109,2.745988214902816,0.006032893071938,0.0174332095399575,up
gene-RnrL,143.47249724330754,-1.4363875078340709,0.6240007751673181,-2.74556286487521,0.0060407192905952,0.0174507725729179,down
gene-LOC142974171,17.12442284149686,2.568763519245288,1.672323452581619,2.744512658343921,0.0060600817268131,0.0175016422787389,up
gene-wmd,677.9136776345148,1.3237174231910291,0.556700124508534,2.7439953684556446,0.0060696394267414,0.0175241744629175,up
gene-LOC142987678,4037.754096676086,2.0777296528437663,1.1105244500374911,2.7436823994432213,0.0060754285852589,0.0175358162838257,up
gene-LOC142974592,546.4662885606282,1.7897795098366915,0.8636892505152868,2.7429083185378684,0.0060897685516859,0.0175675977173119,up
gene-LOC142986144,13.627634234972788,3.658742065714205,2.1344128449000026,2.7428591699785247,0.0060906800646752,0.0175675977173119,up
gene-LOC142987547,15.86890369757242,-6.748563517377272,3.781543643327044,-2.742803113760129,0.0060917198376532,0.0175675977173119,down
gene-LOC142972416,292.3064167041761,-1.300150704062296,0.5464109607027745,-2.741406344474436,0.0061176798456626,0.0176373664181279,down
gene-Pten,452.8243294538253,-1.4950100640641308,0.663370302451387,-2.7395909639613647,0.0061515689473397,0.0177299479247469,down
gene-TSG101,910.155980769989,-1.3081434184908247,0.5526681293994012,-2.73839592273017,0.0061739698769796,0.0177893745214012,down
gene-LOC142978722,633.8009756354974,2.1666790398801434,1.215262581222848,2.7375631534764677,0.0061896234540392,0.0178293309364403,up
gene-LOC142981767,21440.185639052423,2.2470169818349177,1.305463409001495,2.737227924010881,0.0061959348493513,0.0178423617228436,up
gene-LOC142974208,1415.472506082031,2.247388479237113,1.3167101860837065,2.736058703198502,0.0062179932505849,0.0179007183830655,up
gene-Plod,473.6004335593689,-1.4925097930230975,0.6629858874593012,-2.735734529005055,0.0062241215943859,0.0179131942426661,down
gene-LOC142981050,1858.3828062070268,-1.3507755755320594,0.5779854142338797,-2.7349814763672637,0.0062383786544705,0.0179490508360537,down
gene-LOC142977387,24332.41028748261,2.506735982620238,1.741210481673164,2.734425277795522,0.006248927672992,0.0179742210674738,up
gene-LOC142984108,289.60179341757424,-0.9806878334333636,0.3858263599539062,-2.7342163779629183,0.0062528938724924,0.0179804476350754,down
gene-LOC142977386,404.63020920014606,1.6270789149673426,0.7510855549125739,2.732460729016968,0.0062863165117271,0.0180713493961834,up
gene-LOC142986113,126.073702829291,-0.951256022472448,0.3724829251735577,-2.7318933979294955,0.0062971512344393,0.0180972837520701,down
gene-Gem2,158.0917608905761,0.9615993955945168,0.3759361873124355,2.731460399349158,0.0063054318210111,0.0181158649987081,up
gene-LOC142975045,31.6361847522832,-1.4259375712822897,0.6202299360819211,-2.7312793850373143,0.0063088964100125,0.0181206028973625,down
gene-spel1,57.87320975179867,-1.031965344296566,0.4102691459316971,-2.730875435558452,0.0063166341263603,0.0181376079445347,down
gene-LOC142987595,51.04335588672672,1.4691398984102308,0.6462285929242656,2.730780597622398,0.0063184519996946,0.0181376098386403,up
gene-CCT1,1813.552599326699,-1.012641719216004,0.4006398928665229,-2.7303568368430216,0.0063265804885393,0.0181557216377549,down
gene-LOC142987537,632.4623355905894,-1.366674784586583,0.5888390950652262,-2.728735693165076,0.0063577638635473,0.0182399658298552,down
gene-LOC142982901,28.87867382408148,1.9612511882908517,1.0203559915140523,2.728437682038728,0.0063635112592899,0.0182512085859116,up
gene-Mccc2,803.5560901239254,2.3705554597204253,1.5172887068044083,2.7262543569025848,0.006405761331238,0.0183671082582839,up
gene-FoxK,34.04927799419473,-0.9843645329477704,1.875919679419366,-2.7257551025382947,0.0064154579140388,0.0183896282136765,down
gene-LOC142972753,103.1622340748136,1.490176072694101,0.6613175943146757,2.7249656922336767,0.0064308168950224,0.0184283615932298,up
gene-LOC142985692,2513.0657429392227,0.4864104051209612,0.860360485706804,2.7242889486137485,0.0064440101307487,0.0184608682878884,up
gene-LOC142978469,20390.94444342165,1.4860372478052566,0.6636635205974674,2.723961454767668,0.0064504034199831,0.0184738813586374,up
gene-LOC142978730,111.7444365942768,-1.2085269573325637,0.5009980223305471,-2.723580132430868,0.006457854731534,0.0184899162580153,down
gene-LOC142976267,362.0634471762114,2.725120409818572,2.874452675700492,2.722961561791402,0.0064699585150686,0.0185192589443361,up
gene-LOC142983803,79.5480582020529,-1.976268927034359,1.0359797634069945,-2.7223732298648264,0.0064814895392204,0.018546945840298,down
gene-COMMD4,931.6230154247828,0.9709723536262588,0.3825521587268623,2.722143055290666,0.006486005879545,0.0185545499236857,up
gene-TfIIS,960.3185251262888,0.9874106273033088,0.3893204841136462,2.7215386711093186,0.0064978782033433,0.0185831869190744,up
gene-LOC142983084,1030.103290131219,-1.8454554403136048,0.928181751691354,-2.720667152579388,0.0065150324446313,0.0186269088598871,down
gene-Tsf2,68.72307440514159,-1.0856535258888336,0.4384326243316477,-2.718925322291174,0.0065494392852095,0.018719917956952,down
gene-LOC142985799,24.608034316752605,-1.1062250737525858,2.390515520432994,-2.7187333738840187,0.0065532408728072,0.0187254214576263,down
gene-LOC142983558,2046.800603440786,-1.2301427122861388,0.5148862172844465,-2.71794166941892,0.0065689417651123,0.0187614939046709,down
gene-form3,56.950689617928255,-1.6316266149650973,0.7597747624215346,-2.7179072864338893,0.0065696244060539,0.0187614939046709,down
gene-LOC142976792,206.77688719852668,1.0480708323816312,0.4189497437647561,2.717753393615244,0.0065726805811099,0.0187640140609911,up
gene-Papst2,284.51524351332625,1.6898578876927417,0.8013280585962872,2.7176735441707502,0.0065742668240943,0.0187640140609911,up
gene-LOC142979896,42360.030045928965,1.4552369846442397,0.6463341961980501,2.7167617888542974,0.0065924036527899,0.018810400474127,up
gene-Clic,3937.164513614136,1.5836265834888152,0.7253686497472791,2.715891213505436,0.0066097632990426,0.0188545434374807,up
gene-Dhs,656.0317620868701,0.822940792207866,0.3168818743216913,2.715427108448768,0.0066190345406339,0.0188755953571621,up
gene-Ciao1,1213.39972528845,0.9103364963463246,0.3558840814431764,2.714995113191039,0.0066276748433557,0.0188840487044059,up
gene-LOC142974576,576.3352728653214,1.202456495462813,0.4975719264918352,2.715065539409366,0.0066262655626653,0.0188840487044059,up
gene-Cypl,338.94522240073866,1.258815052999402,0.5279603373575594,2.715022917174628,0.006627118432898,0.0188840487044059,up
gene-LOC142987689,57.55808245641945,-1.0968545529472673,0.4448598645955559,-2.714260657967242,0.0066423879034951,0.0189151708030771,down
gene-LOC142972352,118.64651416008934,2.394424045332184,1.607488686991379,2.714350331543012,0.0066405899346089,0.0189151708030771,up
gene-LOC142978955,26104.52259646052,2.069215576645649,1.1425901758746104,2.713638507483068,0.0066548741727466,0.0189453220531045,up
gene-LOC142977944,89.15186968865497,-1.3279194952800777,0.5698032783715722,-2.7134481997154927,0.0066586977731092,0.0189508019599096,down
gene-LOC142975037,47.14588360968216,1.1258332417675336,1.758182456091752,2.7131603875854,0.0066644841509994,0.0189564594788046,up
gene-LOC142981879,729.2681553125884,-2.312994052330982,1.4563494500165206,-2.7132044026917117,0.0066635989475787,0.0189564594788046,down
gene-PIG-M,733.7614611327496,1.0362219271295932,0.4144614802934039,2.7127803580899106,0.0066721314570311,0.0189728045790962,up
gene-kz,46.12426727442093,-1.7495602717004932,0.8512017612214341,-2.712429190829219,0.0066792049823405,0.0189875092363259,down
gene-LOC142981121,164.09102323272745,-2.267464408627189,1.3748905957332431,-2.711032160777647,0.006707412017075,0.0190622663275701,down
gene-LOC142977058,617.6583967999867,-1.7355266327895424,0.8460393510812227,-2.7107912846805178,0.0067122862861505,0.0190706887053996,down
gene-LOC142986740,683.4269122206183,-1.4320448984407763,0.633786454780829,-2.710155566480175,0.0067251657107119,0.0191018437560091,down
gene-nac,247.0932303173165,1.5007215195901948,0.6736815631648159,2.7098310560224093,0.0067317487370186,0.0191151021747319,up
gene-LOC142979558,93.85497161429444,1.2790976522872877,0.541312317966345,2.709365129988312,0.0067412106510199,0.019135060499202,up
gene-Reck,62.22736698108403,-1.696172284651043,0.8135292261729811,-2.7092961871763936,0.0067426117398751,0.019135060499202,down
gene-LOC142973796,364.7499331041332,-1.878494076605762,0.9651839512697182,-2.709015568069812,0.0067483173170075,0.0191458087382183,down
gene-LOC142985976,151.2742358420857,1.0457490765695925,0.4209222504413729,2.7088536335047437,0.0067516117617972,0.0191497121325656,up
gene-Sir-3,384.0944030926085,-1.7168268982902006,0.8326086549704985,-2.708121784098368,0.0067665187590677,0.0191865408335953,down
gene-LOC142980210,604.433203984489,1.0470527735401265,0.4202701911349719,2.7068607845033363,0.0067922733926102,0.0192540984753315,up
gene-slx1,43.650128844521134,1.2657651486495594,0.534852205061933,2.706031746115616,0.0068092536203851,0.0192967519548734,up
gene-trh,15.354234512591509,-1.6852181785325069,0.7928964057265375,-2.7056228602353998,0.006817642391921,0.019315040793007,down
gene-Ubqn,819.9488799746623,-1.0594330145478177,0.428401408289627,-2.704134627516201,0.0068482536949626,0.0193962599686214,down
gene-pelo,532.972350408188,1.3623234171211334,0.5899901432081432,2.7037898087032777,0.0068553638349988,0.0194096659377091,up
gene-LOC142975056,454.2602569670326,2.174729809870545,1.2948014723102437,2.7037165017208498,0.0068568762745579,0.0194096659377091,up
gene-wupA,20382.283838537183,1.7627154914482863,0.8667796129629424,2.7034372796735444,0.0068626398153094,0.0194204729222012,up
gene-LOC142985517,32.25058707816699,1.33253793338608,0.5734766304592316,2.702863454138634,0.0068744980576837,0.0194444942204996,up
gene-Fbxl4,44.794417078814114,-1.7449258591486332,0.8528323200810103,-2.7027438168958944,0.0068769727079815,0.0194444942204996,down
gene-LOC142981496,25.57073020811835,-1.977838514949164,1.0498317310637326,-2.7027967214281,0.0068758782994162,0.0194444942204996,down
gene-Dph3,290.7624345932623,1.2871957848894062,0.5472627286753202,2.702474626855703,0.0068825437268758,0.0194547349017129,up
gene-LOC142982391,80.25302286840247,-1.0415871744576657,0.4202050577217774,-2.701963902973975,0.0068931245511627,0.0194791268814142,down
gene-LOC142982298,17037.311773847978,2.1977432789525797,1.3094489108816396,2.7011969914270555,0.0069090403430475,0.0195185767517571,up
gene-Bre1,167.46991460323463,-0.976905683058736,0.3892610840870172,-2.7009174846147914,0.0069148491791933,0.0195294594390291,down
gene-Apn4,23144.885309864043,-1.51115281014057,0.6911621665075496,-2.7006665770688554,0.0069200673890061,0.0195386683478557,down
gene-LOC142979812,127.83660215595496,-2.4968052361047226,1.8108826796227373,-2.700349959960848,0.0069266572312013,0.0195517437286823,down
gene-LOC142979169,195.51770000766763,1.0747725904388878,0.4355770627846035,2.6992828049923623,0.0069489097715385,0.0196058952554146,up
gene-Rbmx2,178.9595090314116,1.1154997911334763,0.4558557884089442,2.6992415984628453,0.0069497703049451,0.0196058952554146,up
gene-LOC142978570,1883.3169623405968,1.3425564054532426,0.5783579636646681,2.698428548845176,0.0069667691530133,0.0196482969528754,up
gene-Utx,191.0756953121131,-1.2543980851789631,0.5329040910436927,-2.6982718133214214,0.0069700503937581,0.0196519980169773,down
gene-LOC142974366,543.7162142024913,-1.012206148842506,0.406459074552885,-2.696570012677556,0.0070057668587071,0.0197471220041671,down
gene-LOC142983935,636.8079303661893,1.4534655631301872,0.6483191889418841,2.696172672820872,0.0070141296432945,0.0197651123573469,up
gene-REPTOR,584.1512104978632,-1.5845969160589537,0.7421935476171346,-2.6956045765188863,0.0070261018989406,0.0197932608109868,down
gene-LOC142976945,67.89136484189466,-1.3760561624990897,0.6036474790729087,-2.6951334337129125,0.0070360448405544,0.0198156782036042,down
gene-Dlic,625.9117758008632,-1.164813286314741,0.4857187700339032,-2.694207376587608,0.0070556250727926,0.0198652168833692,down
gene-LOC142985689,41.04604260022023,-2.682303469213517,2.368662505716594,-2.693903917903392,0.0070620519337132,0.019877704554538,down
gene-cg,194.88949972183036,-1.6796967042071185,0.8133657568947159,-2.6927005750730983,0.0070875889542232,0.0199439597835078,down
gene-PPP4R2r,1332.213932857842,0.93478284432296,0.3695788042633165,2.692052306822982,0.0071013806669373,0.0199771365379656,up
gene-LOC142974708,80.32467073780049,1.662937559698033,0.7970865402446949,2.6919065362457717,0.00710448520846,0.0199802386209184,up
gene-LOC142983442,53.79250868695035,-1.4157757325742926,0.6292639964028423,-2.691416594312363,0.0071149286544081,0.020003972647788,down
gene-LOC142984199,782.8941317264438,1.1123625361880285,0.4559857569846987,2.691168690595734,0.0071202181402725,0.0200105153699893,up
gene-cv-2,198.8452313232632,-1.863966574284749,0.9650883572310824,-2.691119625020141,0.0071212654638014,0.0200105153699893,down
gene-LOC142974228,20.026588706220263,-0.5717103932009329,1.2891771544806334,-2.6909332254620164,0.0071252454946787,0.0200160639691496,down
gene-LOC142977864,43.83400241977867,-1.9287197703921743,1.0039156454121467,-2.6903032696237656,0.0071387111876885,0.0200482488363308,down
gene-LOC142987732,12.996252563357208,-6.101952772016077,3.0780542440366285,-2.689975457040426,0.0071457274162452,0.0200623081129517,down
gene-RapGAP1,143.14824273710408,-1.3464504715976873,0.5884075307985086,-2.689608328348921,0.0071535924821345,0.0200787420034264,down
gene-LOC142981762,57.03623588775728,1.0777569800983084,0.4394620108443727,2.6894399354199447,0.0071572025939229,0.020083227183004,up
gene-LOC142980967,923.389380765456,0.5947894798726505,0.2253201335189204,2.688594101440064,0.0071753608560267,0.0201285207150094,up
gene-LOC142981160,147.60264077596176,1.4698927708628902,0.6643248212150524,2.6865362104568207,0.0072197122196217,0.0202472457611815,up
gene-LOC142981527,1788.8062821655392,-0.8637813401607624,0.3396539518421206,-2.686125684991215,0.0072285891842125,0.0202607550260111,down
gene-drongo,762.906517039437,-1.316632729049555,0.5725455420839466,-2.686200108392096,0.0072269791691809,0.0202607550260111,down
gene-LOC142982098,48.69372243255665,-2.114155374410922,1.214076228883358,-2.6853326374181448,0.0072457653284403,0.0203031958852227,down
gene-betaggt-II,744.8354588051111,0.9721555334320664,0.3895684959931433,2.6821175606984813,0.0073157745951226,0.0204878637019974,up
gene-LOC142987337,8.69040209883554,-3.5502979822145373,2.010098622901312,-2.6821626473632763,0.0073147886381848,0.0204878637019974,down
gene-LOC142981246,60.1568224904864,0.9618973440846068,0.3844904514534469,2.680079597660941,0.0073604655441991,0.020607238877041,up
gene-wuho,89.34441478097716,1.5206073940229778,0.6999698512402391,2.679121447046662,0.0073815615639879,0.0206605064414367,up
gene-beag,257.7199440436037,-0.9332892132991452,0.3726410998755056,-2.6784491876231566,0.007396395354015,0.020690420972092,down
gene-slv,94.41835127350949,1.553516138267078,0.7228056644175995,2.6785192982695856,0.007394847074404,0.020690420972092,up
gene-LOC142976788,257.1404399980296,-1.4210709419620378,0.6392633761924866,-2.67663828133644,0.0074364871600494,0.0207967437221781,down
gene-LOC142977643,348.3672685852148,1.884538729926046,0.9944043674301624,2.6761298883903284,0.0074477775000557,0.0208224838173827,up
gene-Git,130.98991695760057,-0.9161196840881808,0.3656125180718751,-2.673169014772696,0.0075138383109926,0.0209898847247442,down
gene-scf,562.6845661796608,1.376310885961697,0.6083610692461687,2.673163477703938,0.0075139623405982,0.0209898847247442,up
gene-LOC142983004,6050.796863084962,1.812378371123442,0.9284888388713022,2.673278910761133,0.0075113770351968,0.0209898847247442,up
gene-Son,368.342845564826,-0.8474582367700338,0.3342178649962518,-2.6729098833473026,0.0075196447883686,0.0209941486241362,down
gene-LOC142985573,17.630237699814458,-1.6468850077118853,0.7864052057915347,-2.672907618539971,0.0075196955546826,0.0209941486241362,down
gene-LOC142978900,65.68624338509713,-1.6637531604771305,0.8099288836647901,-2.6706879813451483,0.0075695973610251,0.0211275590772907,down
gene-eIF3h,6015.59448291015,-0.9951991442373398,0.4043546558836641,-2.669205346416924,0.0076030950937073,0.0212100760195173,down
gene-LOC142985434,15.27652697568356,1.6079136405092245,0.7620874614686977,2.6691558822500148,0.0076042149435178,0.0212100760195173,up
gene-LOC142984849,8.302356950543095,-2.620384310050123,1.386907621946925,-2.6690975069951794,0.0076055367271668,0.0212100760195173,down
gene-Vps39,402.3719151131213,-0.9534677773426746,0.3838708437410691,-2.668595728404434,0.0076169069345294,0.0212358514283627,down
gene-LOC142978222,8.569402888061123,-2.3611758698506686,1.4174490820836865,-2.6670979523414946,0.0076509369349042,0.0213247700495055,down
gene-LOC142974651,176.95867118495974,-1.3431502823716943,0.5937507219236996,-2.6665867420075497,0.0076625829699131,0.0213419554389636,down
gene-LOC142976098,800.4280177840018,2.1225012215505106,1.2665952017348776,2.66654574983446,0.0076635175125985,0.0213419554389636,up
gene-CPR6,112.08725046095334,2.587765681043181,2.8539481844395573,2.6665649048181583,0.0076630808031062,0.0213419554389636,up
gene-morula,58.66980988171156,1.339878273363362,0.5879319147960576,2.6664382941694504,0.0076659677799522,0.0213428241036829,up
gene-mtd,3240.264590672869,-1.5984131815797509,0.7692016343569212,-2.6659463785587403,0.0076771936967007,0.0213681177598354,down
gene-LOC142980514,6.208941265324802,3.74986761559918,9.514757584897266,2.6654843305631024,0.0076877514267556,0.0213915380514211,up
gene-GATAd,105.6211693158478,-1.5269300638660268,0.7147690973233447,-2.6639824384203994,0.0077221593971882,0.0214812912328136,down
gene-Pdk1,1106.2693577398286,-1.8249312965838256,0.9546209959325972,-2.663553457163785,0.0077320125558622,0.0215027075285766,down
gene-LOC142979565,60.59713007885414,2.5592015447313714,2.622172732085467,2.662972358855461,0.0077453776183146,0.021533875768356,up
gene-Shab,14.975113777382708,-5.861506370976667,2.964657840416512,-2.6627575763042297,0.0077503227810222,0.0215416239703098,down
gene-LOC142981586,169.14535075170127,1.8755777596188887,0.9990836423132696,2.66181742607923,0.0077720021523505,0.0215898562434208,up
gene-Pli,2626.2443009992166,-1.979475423675748,1.1150190245834837,-2.661836663161828,0.0077715580113324,0.0215898562434208,down
gene-Unr,539.8782468449623,-0.6512479705941597,0.2513363938913142,-2.661611672798002,0.0077767539560578,0.0215910378958035,down
gene-LOC142976953,698.9995170984412,1.346652559294844,0.593154658129754,2.6616125760300924,0.0077767330905252,0.0215910378958035,up
gene-pcm,285.3044601316321,-1.0274265794345545,0.4215841905923228,-2.661112829911434,0.0077882853749032,0.0216050239930265,down
gene-LOC142987457,138.38186739942714,-1.2214433334577433,0.5237071095444534,-2.661129935704702,0.0077878896981441,0.0216050239930265,down
gene-LOC142985491,6.732253403729721,2.8121225558836658,2.926936555935995,2.661237193897096,0.0077854091027532,0.0216050239930265,up
gene-BGRP1,101.94632170002414,-2.2128175640056083,1.3914693318356584,-2.659133872293208,0.0078341827095622,0.021726306647441,down
gene-LOC142976192,7113.966653910916,-0.4378452678123936,1.1712442076326068,-2.658818189647731,0.0078415266043608,0.0217406325105904,down
gene-Miro,380.3648121270234,1.118287639660665,0.4665501927855901,2.6572864882422267,0.0078772470255823,0.0218336024888469,up
gene-LOC142984819,3719.574731313493,2.064771161818136,1.2057643091863188,2.6569511773779757,0.0078850861448084,0.0218492628571164,up
gene-LOC142974478,249.82687011269184,0.9709776192236288,0.3930308162851728,2.6558112911351808,0.0079117874405473,0.0219110850288853,up
gene-LOC142981475,796.6858443001971,-1.2270338661930849,0.5288729844116867,-2.655900110536726,0.0079097039825551,0.0219110850288853,down
gene-Nipped-A,166.18181777814365,-1.1831683374958508,0.5032390747040427,-2.6555037362181557,0.0079190056283135,0.0219249917271005,down
gene-Non3,430.02832221092166,1.0809993049706177,0.4477746799510767,2.655367874757653,0.0079221961188789,0.0219277425020884,up
gene-LOC142973965,968.6886573121044,2.056880148849319,1.1993272158207244,2.6551055459798736,0.0079283597511905,0.0219387187903058,up
gene-LOC142975772,26.81154883438088,2.4094212691709904,1.813789680921733,2.654334671818583,0.0079464969409676,0.021982812075332,up
gene-RpII140,863.8443483957071,-0.6059904342832589,0.2338809541475671,-2.652441606468315,0.0079911949032263,0.0221003370266284,down
gene-LOC142978828,256.7036244577683,-1.0700913733390005,0.4448266691444716,-2.652170122546948,0.0079976234492097,0.0221058653133654,down
gene-LOC142978577,170.7397906653995,1.1674306727724708,0.4940067410513662,2.652201240971578,0.0079968863521664,0.0221058653133654,up
gene-LOC142983201,24699.21301949902,-1.6691694470854772,0.8434476410000583,-2.651401749750058,0.0080158430776407,0.0221500912951085,down
gene-LOC142979343,480.7232442344802,-1.1994991751845474,0.5146986158165152,-2.650535664532514,0.0080364242068874,0.022200816498462,down
gene-LOC142982912,83.1136399850994,-0.4229459310633937,1.168220269952494,-2.649806073569392,0.0080537984706292,0.022242657038005,down
gene-LOC142975112,14.53244255159551,-3.6894905609096234,3.2822418115846976,-2.649535035794303,0.0080602614463152,0.0222543484082081,down
gene-LOC142980471,1187.7801673180932,-1.9659307028015336,1.1161736355569751,-2.648096406357385,0.0080946437829806,0.0223430972339408,down
gene-H,195.0232744940107,-1.141981530864959,0.4836581372800064,-2.647812406338545,0.0081014467014243,0.0223556924321029,down
gene-ldbr,74.90950926741172,1.571802618980013,0.7508443046914838,2.646700465668986,0.0081281313317536,0.0224231284749123,up
gene-LOC142985567,34.497460053306725,-1.1642066214224207,0.495108280663871,-2.64543363698622,0.0081586288583441,0.0225010430050106,down
gene-LOC142984811,81.80175359211943,1.171018138465801,0.4969328519916936,2.6452569810084627,0.0081628897862977,0.0225065754024965,up
gene-Caf1-55,360.87010664028975,-1.0148023653995846,0.4178595129341603,-2.6447847784654224,0.0081742890525112,0.0225317810088689,down
gene-rtet,57.61676783276619,1.3900720710627057,0.6273493316600766,2.644602696282233,0.0081786884355583,0.0225376834001401,up
gene-Achi,135.92442853236523,-1.366732253472948,0.6156825034734701,-2.64432400024619,0.0081854262605947,0.0225500247052156,down
gene-LOC142974794,2941.1906728108806,1.7736498973443386,0.916109808859544,2.6441641443642245,0.0081892932178869,0.0225544524303889,up
gene-Polr3A,50.547524590559696,-1.732706909105769,0.879365967148999,-2.643791650324665,0.0081983102942896,0.0225722293296917,down
gene-rasp,5.109538699000062,-3.2603270486251086,1.6216775563747838,-2.64371070778999,0.0082002708695984,0.0225722293296917,down
gene-LOC142975116,110.59414358481168,1.2273137309779196,0.5295888831971628,2.6432747083456456,0.0082108387876721,0.0225950873834451,up
gene-Snapin,141.29165453655926,1.1204738788226751,0.4707467643225863,2.6423510848842677,0.0082332661856636,0.0226505594815624,up
gene-LOC142983600,1020.4732111712776,-1.7441523670617152,0.8989447904167605,-2.6413561424850567,0.0082574866638445,0.0227109325962613,down
gene-Cpes,47.254777056833966,-1.4176848765551704,0.6486091792707858,-2.639883336908349,0.0082934570969628,0.0228035799682605,down
gene-LOC142976026,201.9755479534788,0.9516162169831808,0.3866118036495622,2.638596593443983,0.0083249979971216,0.0228840002779595,up
gene-spn-A,284.17926120541443,-1.0267510436105118,0.4252116147453714,-2.638484626213628,0.0083277476278387,0.0228852558021637,down
gene-LOC142982785,50.53624991613648,1.7777911802931872,0.9284975745530898,2.6377676306812643,0.008345374483868,0.0229273830783064,up
gene-LOC142983121,4609.638231350392,-1.3007236191283875,0.5770830568791367,-2.637335910245142,0.008356004133833,0.0229502689212403,down
gene-LOC142973844,96.42410377396712,1.4888513465444713,0.695257096629265,2.636060970335261,0.0083874659317389,0.0230303431814819,up
gene-LOC142977479,142.38791836846926,2.451589965440048,2.136918003238621,2.635662671389055,0.0083973164863746,0.0230510494638352,up
gene-l(1)G0289,2142.0170632155773,-1.209877337459283,0.5258991398667339,-2.6330678573783985,0.0084617439671041,0.0232215195313903,down
gene-RhoGAP15B,159.15853047402325,-2.061305748968105,1.2427491657991412,-2.632388706125969,0.0084786796620069,0.023261600249173,down
gene-LOC142984958,49.24923760585566,-1.1948857594232651,0.5163300704697368,-2.631982082064606,0.0084888339673795,0.0232830590350137,down
gene-Trap1,474.0320775610723,1.0668893270263051,0.4454750288941734,2.6315278353620557,0.0085001903742323,0.0233078022322013,up
gene-Ski6,1962.214525929036,1.3813325184077696,0.6248479435775874,2.630795461178921,0.008518528724912,0.0233516713000129,up
gene-LOC142978395,361.1072571235138,1.7319621388091555,0.8892590737627585,2.6300430241861137,0.0085374062743104,0.0233969939659232,up
gene-LOC142979760,1089.6010920040842,1.8425269878144177,0.9936393054327703,2.629092738077689,0.0085613010144095,0.0234560377229814,up
gene-milt,1110.503312848952,-1.1050897759659852,0.468403187899909,-2.6284758320292183,0.0085768449733908,0.0234857310505936,down
gene-LOC142982006,513.7285114266118,-1.4953734067088231,0.708816954138667,-2.6285335199022266,0.0085753903642822,0.0234857310505936,down
gene-Wdr82,379.487977962593,0.9255627182466224,0.3761280304367149,2.6266539017619137,0.0086228988850831,0.023605363075155,up
gene-LOC142973905,117.720539460436,-2.4771026733689894,2.7231007202089508,-2.626424479036097,0.0086287137692558,0.023614804532751,down
gene-LOC142974494,16382.806292132358,-1.3656210411171268,0.6218109762317483,-2.625128887382844,0.0086616173078975,0.0236983559073808,down
gene-LOC142985470,50.16540357256654,-1.2634977610924092,0.5569614357923905,-2.624700545527941,0.0086725203480261,0.0237216841857082,down
gene-Sec16,646.5995419648326,-1.038141600722275,0.4317650618454245,-2.623588909221466,0.0087008732541618,0.0237927166985723,down
gene-LOC142978620,316.63671061511394,1.0019349191129574,0.4139913780685556,2.623370651907455,0.0087064497482858,0.0238014447925612,up
gene-LOC142985807,5.689859063512411,5.83740603654161,4.1719222220177485,2.6226634445395707,0.0087245409093847,0.0238443709793452,up
gene-LOC142978095,10.29596517077566,-3.3378163501366167,1.8799328792772816,-2.622335061395664,0.0087329527352441,0.0238608270600799,down
gene-LOC142983531,8163.953028130618,1.8309140778275608,0.9907023879247152,2.6205564793891547,0.0087786387467929,0.0239790895817571,up
gene-La,953.1555370076444,1.0296548582914102,0.4282981757011922,2.619846265861925,0.0087969414144251,0.0240159388012519,up
gene-botv,39.06240046205855,-1.3867533854637608,0.6362903605791423,-2.6198781246639595,0.008796119662407,0.0240159388012519,down
gene-REG,1249.3426338356446,0.9265309663903748,0.3768211226422953,2.619723919285631,0.0088000978060743,0.0240179863829444,up
gene-LOC142983961,875.1847510663457,2.0316104385900746,1.219263164085704,2.6196259532012194,0.0088026259403879,0.0240183186197407,up
gene-LOC142973386,707.6867773208331,1.1220635042369254,0.4767651568568937,2.6185667604349048,0.0088300011655688,0.0240864284322337,up
gene-Uba2,323.8409517611957,-0.9590012526623152,0.3951375656949522,-2.618335443764387,0.0088359897389269,0.0240961785749261,down
gene-LOC142980160,9.241126589595751,-6.135701208063034,3.6463432538433938,-2.617618283002059,0.0088545794335547,0.024140277882084,down
gene-LOC142979058,4370.690556928649,2.573092710780195,2.683605233009934,2.6170522277863566,0.0088692769485799,0.0241737447361485,up
gene-Nc73EF,1784.9192628525495,-1.0749830920402443,0.453398173426254,-2.6169271101285534,0.0088725285439027,0.0241760052953025,down
gene-LOC142981157,333.1193863774035,-1.0680952158503123,0.4512444993710807,-2.6160014038255874,0.0088966191811483,0.0242350316722276,down
gene-LOC142972256,319.8750628966114,0.9716978004586244,0.4006472009137573,2.615293332782281,0.0089150854843753,0.0242787089275718,up
gene-LOC142987412,1162.638700381841,1.0197839634381385,0.4251784900144672,2.6143348312266723,0.0089401374856245,0.0243402924833658,up
gene-LOC142978724,92.99273825400076,-1.519526544994365,0.7336918222951413,-2.6134195054808065,0.0089641196867075,0.0243989306225875,down
gene-LOC142976724,12.573490225322734,-2.469081656834326,1.5305114417495764,-2.613100039354116,0.0089725034475485,0.0244150918511402,down
gene-Gnf1,33.80928244081754,-1.5620585178853656,0.7612993305264686,-2.6122435120461405,0.0089950158892783,0.0244696793651914,down
gene-LOC142977101,680.9147265657734,2.434998869925084,2.247486315872941,2.610433104883483,0.0090427655810623,0.0245928728241372,up
gene-RNaseX25,380.637006816171,-1.61331600184166,0.8114137065516679,-2.609388540387711,0.0090704189340942,0.0246613596788872,down
gene-LOC142982748,158.1641402682212,-1.971459473847205,1.1631146705887097,-2.608517550399401,0.009093534848524,0.0247174758505224,down
gene-LOC142983503,264.5544285294562,1.6580858780085217,0.8429213111679578,2.6071489661991034,0.0091299630777602,0.0248097363134019,up
gene-LOC142974657,217.80694977746248,-0.9142454291166668,0.3754587835325031,-2.6068258059021354,0.0091385837712494,0.0248264029996845,down
gene-anne,122.82877008571502,-1.663056499272049,0.8509595626721574,-2.6059457927084613,0.0091620960378285,0.024883504912535,down
gene-LOC142974889,2652.401009435349,-0.5873580777054243,0.2308779024332478,-2.6053431596260057,0.0091782283736127,0.0249173482646918,down
gene-LOC142979015,138.86779216104875,-1.559037866054316,0.7672945728576281,-2.605293827577808,0.0091795501021212,0.0249173482646918,down
gene-Acsl,3736.736040374271,-1.365748217658999,0.6314257462658699,-2.6051155038127565,0.0091843292572654,0.0249235427723671,down
gene-LOC142972330,10228.337986369344,0.8792293823456234,0.3572327734076068,2.6034722684838574,0.0092284733145086,0.0250365295330553,up
gene-Hpr1,299.3670803641241,0.94991832707784,0.3919413201541901,2.603193226396227,0.0092359883112629,0.0250501085148684,up
gene-Su(Tpl),963.4523403152124,-1.5094899623187763,0.7331681915257706,-2.6025912788842347,0.0092522182068349,0.0250873104923714,down
gene-LOC142984495,172.069692874828,-0.819019311302685,0.3311035729943427,-2.602252503304681,0.0092613635673784,0.0251052878234667,down
gene-LOC142987264,1017.4978073524712,0.8357165829868616,0.3378782167425773,2.6015088738358503,0.0092814663874347,0.0251529503157714,up
gene-wcy,354.05741962278574,-0.8309957046589539,0.3371197370991468,-2.6007696899809907,0.0093014876067201,0.0252003658530602,down
gene-LOC142985546,13.84012758004858,-2.4003326215791785,1.4463168984928785,-2.600154158914428,0.0093181890150354,0.0252387637880784,down
gene-LOC142981938,54.44834176008141,0.8979131679295328,1.2580634855646622,2.599962139568326,0.0093234046122181,0.0252460394559275,up
gene-LOC142981649,11638.44729835634,1.453979905707912,0.683186701788016,2.5997314420944075,0.0093296742225689,0.0252561644739518,up
gene-LOC142979755,151.13593245683924,-0.9270130866951228,0.3828679110196392,-2.599099606512264,0.0093468647313177,0.0252958397188945,down
gene-LOC142976243,129.20102900762535,-1.0842495670037215,0.4635794252992521,-2.5987533569978827,0.0093562972099008,0.025314503239908,down
gene-LOC142977747,3502.159167575399,1.7749761901773429,0.9515706720284856,2.598236154537094,0.0093704025804995,0.0253457962482292,up
gene-LOC142979265,680.9743600873322,-1.9317132618520036,1.134608382033872,-2.5974449722010644,0.0093920167577909,0.0253973772038774,down
gene-LOC142976639,1087.8597083984766,1.2583308531504769,0.5609625592458967,2.5973409302869146,0.0093948623676803,0.0253981910324534,up
gene-sinu,81.69206066028278,0.8239376854727275,0.3332429485669746,2.596968237477268,0.0094050620566638,0.0254188801482703,up
gene-east,136.26543677726235,-1.1255936584536628,0.4864854375731866,-2.596735081934564,0.0094114479742269,0.0254292534463344,down
gene-LOC142974205,36.37569792469859,1.6922540572626432,0.8779312504876868,2.596474482658927,0.0094185901277944,0.0254416638878258,up
gene-LOC142974686,191.1467038198801,1.1312178910510409,0.4874665104655931,2.5961183389397715,0.009428358653028,0.025461160096286,up
gene-Fibp,280.02439880964386,1.170972290992285,0.509881320373742,2.5955690593406366,0.0094434423435803,0.0254949954101366,up
gene-r-l,198.2396086302304,1.7143881655210558,0.898864632399802,2.5951457871275703,0.0094550804426032,0.0255195126818882,up
gene-LOC142979986,19.13613878137064,-2.272377209972152,1.52540135792854,-2.593972464831714,0.0094874084843774,0.0255998443045611,down
gene-LOC142980981,12602.518906706076,1.2523007533072723,0.5546054786313445,2.593167641233049,0.0095096404048046,0.025652897535231,up
gene-LOC142982427,3119.509935813616,1.533082656095355,0.7506335716477153,2.5930444037153104,0.0095130487359145,0.02565515791223,up
gene-LOC142972483,36.01010467981329,-1.4754867439874286,0.7072520204029349,-2.592249554224398,0.0095350577565086,0.0257075665769077,down
gene-Sce,292.79872939716023,-0.8083619929110786,0.3279769422201919,-2.591759950671313,0.0095486372439041,0.0257302776272699,down
gene-Lpin,1766.2528398313968,-1.5011897462785997,0.7342745732893311,-2.591829090716624,0.0095467185526415,0.0257302776272699,down
gene-LOC142972911,422.7218899633016,1.2627269939579406,0.565432178665241,2.58824970858631,0.009646502280644,0.0259869741600831,up
gene-LOC142984420,117.5245981150834,-1.3837400693372728,0.6480865266208236,-2.587444997803749,0.0096690631006982,0.026040722830024,down
gene-LOC142975111,883.8700743386199,-0.7589658338896563,0.3064347659567573,-2.5860132691139324,0.0097093192671399,0.0261420867562242,down
gene-NO66,154.76892308375545,1.0005730626449771,0.4203718834841206,2.585416184554832,0.0097261516932368,0.026180345213106,up
gene-Psf,991.9475708049434,-0.9094340788655724,0.3769338564074963,-2.584331950053649,0.0097567838840034,0.026248641494943,down
gene-LOC142986182,166.2904821345707,-1.2390478736478394,0.5556024734227631,-2.5844239183582505,0.0097541822284377,0.026248641494943,down
gene-Iswi,827.8353335414018,-1.0893940775703042,0.469419890225071,-2.583838959612296,0.009770740444316,0.0262720259630169,down
gene-LOC142976782,139.88017819369452,-1.5938448524608262,0.8045815233669326,-2.583871190111136,0.0097698274555502,0.0262720259630169,down
gene-LOC142974295,364.6471070376694,0.6684047511831944,0.9921154321601854,2.583586136648436,0.0097779047624677,0.0262842088430353,up
gene-GSTo3,387.7761112295525,1.6519833382400415,0.8510801108904404,2.5829370146326296,0.0097963205675498,0.0263266223976077,up
gene-LOC142980695,534.0605461493172,-1.1006820106671251,0.4763208854886041,-2.5824318102134427,0.0098106747657713,0.0263581008982945,down
gene-LOC142974702,203.8568594384893,1.9601433584635897,1.191525137033699,2.581937381824192,0.0098247409324454,0.0263887888177444,up
gene-ftz-f1,115.64585416744076,1.2647464500236192,0.5695259387342003,2.5807477289814558,0.0098586594498679,0.0264727683532773,up
gene-chm,6.68496799331906,-2.758358339922192,2.076893744226486,-2.5804270118265293,0.0098678213416232,0.0264902433595323,down
gene-LOC142985555,4022.1565172921696,1.8471172351065028,1.0371072172511853,2.579639231544779,0.0098903579845678,0.0265436039376101,up
gene-LOC142975230,4782.046459968645,1.48471775201157,0.7140508100478509,2.579429124505563,0.0098963764209077,0.0265526164131935,up
gene-Bx,7.252857851564091,-3.155796789106608,1.7115346203590371,-2.5782715706646635,0.009929592653997,0.0266345778767922,down
gene-CycY,551.9316976295312,0.8370498648283728,0.3421110295364867,2.5778449174318605,0.0099418605788092,0.0266603198380157,up
gene-LOC142974715,368.0870967518624,-1.1252339763588315,0.4912767960678136,-2.576658432640552,0.0099760476021555,0.026744810936641,down
gene-Rcc1,373.89799055653856,-0.9525826427278624,0.4002729735229193,-2.575933637351441,0.0099969831254626,0.0267937402189159,down
gene-Scp1,28.30324780564125,2.550971994684202,2.8413574592528748,2.5750264274236963,0.0100232427880038,0.0268569090649842,up
gene-LOC142974959,893.8875275948841,2.231406022974744,1.7809573327622406,2.574752043990124,0.0100311970500996,0.0268710085230929,up
gene-LOC142980639,827.1076799224643,1.9042384083531776,1.1157116811966823,2.5745963389297306,0.0100357133752177,0.0268758935331494,up
gene-LOC142983968,1932.1605714559464,1.7433538633371817,0.938245068564139,2.5741318063804424,0.0100491982023639,0.0269047873545585,up
gene-Tsp97E,754.9727142924622,-1.1168126335672452,0.4875101692191946,-2.5730556035142094,0.0100805011072155,0.0269813573481144,down
gene-Reps,289.82671302016536,-1.057808714195368,0.4563535768048878,-2.572829758350879,0.0100870811502538,0.0269917310886551,down
gene-LOC142978594,6908.237137822131,1.9908610789984709,1.230404624922712,2.571745161019332,0.010118734424949,0.027069174027182,up
gene-Vps11,417.5068241112049,-1.0271420045908564,0.4393448152113751,-2.571126048473373,0.0101368424511674,0.0271103495458473,down
gene-Pcl,132.05772906690154,-1.2638655262287877,0.5751694896543078,-2.5709466214104504,0.0101420957883461,0.027117133153893,down
gene-LOC142985615,1129.7247192904276,1.8566714712382315,1.065279282391141,2.5708378289329867,0.0101452822382824,0.0271183883289494,up
gene-Alr,579.1326399551538,1.8957835753312384,1.1202414247474244,2.568118450843476,0.0102252209236129,0.0273247469982812,up
gene-LOC142975573,528.6690509191304,-0.9145064318044848,0.3817037827404629,-2.568010327154786,0.0102284108796477,0.027325955297046,down
gene-blw,8597.373460415076,-1.150110072873937,0.5084676019627171,-2.565705999948816,0.0102966060329357,0.0275007826638297,down
gene-Rrp5,45.64387684017381,-1.252392900039176,0.5681011488307478,-2.564969277419694,0.0103184940978613,0.027551869874466,down
gene-LOC142977565,1015.477038862618,-0.8146018911435289,0.3351444613738055,-2.5648174664421823,0.0103230095522698,0.0275565547850242,down
gene-LOC142980495,275.8687219847749,-1.159286874731837,0.514869053302779,-2.562662178821869,0.0103873062483503,0.0277207763809584,down
gene-LOC142981510,134.06703260621634,1.2285214834066178,0.5529292616659273,2.562307367733391,0.0103979250914366,0.0277416974973613,up
gene-LOC142986563,572.5480242904163,1.7371516410608323,0.9463348487082878,2.561968146228906,0.0104080863979805,0.0277613870492367,up
gene-LOC142978875,65.74379350008702,-1.9194883008254415,1.1391490592391522,-2.560767456291688,0.0104441238269861,0.0278500667692088,down
gene-MFS9,26.10771192612217,-1.596667505498473,0.8160342171633063,-2.560345908027696,0.0104568024545064,0.0278764276972298,down
gene-Ras64B,1081.7422151541698,1.474117193702653,0.7186279617757123,2.560225589827186,0.0104604236962743,0.0278786352236354,up
gene-LOC142972302,484.6514837795508,1.4037069993528737,0.6682696844136696,2.5596651769158623,0.0104773052645264,0.0279161729432029,up
gene-LOC142987908,208.9357419709614,-1.3676046564738416,0.6480014849470017,-2.5591286201055645,0.01049349091245,0.0279518368820828,down
gene-LOC142980116,12749.22508038244,-2.0734015456137627,1.420805331380647,-2.558720268009806,0.0105058240692796,0.027977222528143,down
gene-LOC142985371,408.740895691147,-1.713748390749377,0.9339233776617392,-2.558209416827113,0.0105212710853933,0.0280108846901337,down
gene-LOC142981097,361.5203709419418,-1.8117426380717527,1.0383910768636104,-2.5567669338741297,0.0105649977209102,0.0281197979339747,down
gene-LOC142975421,53043.895346640806,2.1514857081806578,1.5586794819115457,2.5562685898597546,0.0105801417722154,0.0281525979814668,up
gene-LOC142977477,7.6291241840105775,2.8576327635178576,3.6582112905324657,2.5561672986240938,0.0105832222461171,0.0281532892426693,up
gene-LOC142981717,14.87486742455341,1.791988150716124,0.9997557661497694,2.5560486161200613,0.0105868326390062,0.0281553894404266,up
gene-LOC142979732,185.79160641398028,-1.3475817435759678,0.6359544440530667,-2.5559063922476786,0.0105911606173304,0.0281593964095832,down
gene-LOC142987284,599.0464289777495,-1.2306388501690997,0.5600700846173545,-2.55492487505862,0.0106210718434547,0.028231402947942,down
gene-LOC142975138,75.21077456459821,-1.0890823645595678,0.4752608593898852,-2.554022181768377,0.0106486472462022,0.0282971640480149,down
gene-LOC142977012,15.832946009202535,2.035168089461157,1.3261618479643835,2.5533371099908,0.010669617239095,0.0283453419386231,up
gene-LOC142983454,2268.819192798723,1.06107154145073,0.4596352304707611,2.5526101537026773,0.0106919094634882,0.0283970059486632,up
gene-LOC142982574,1079.6226548000034,-0.8819115434326051,0.3683153386300536,-2.5520373937252723,0.0107095023939168,0.0284134884087411,down
gene-Adck1,1300.3592633073074,1.162909741766634,0.515917571281603,2.552055261136399,0.0107089531887159,0.0284134884087411,up
gene-LOC142972628,464.7792971389476,-1.474705729422174,0.7293734812141724,-2.5520956491683657,0.0107077118410883,0.0284134884087411,down
gene-LOC142985151,2776.2366905933377,1.482447972296616,0.7278757533960017,2.5520977424379323,0.0107076475068232,0.0284134884087411,up
gene-LOC142978465,38.10511951015975,-1.2771932977822371,0.5887558903988646,-2.551490799775776,0.0107263156044274,0.0284505330980043,down
gene-LOC142977568,316.0908544349823,1.0827400714946074,0.4709058401606371,2.5510587789831365,0.0107396211496575,0.0284782568264431,up
gene-PNPase,81.88665916452855,-1.257089139118882,0.5769797791328127,-2.5506749960020896,0.0107514533538346,0.0284969750628268,down
gene-LOC142981660,1005.938408614552,2.06206665555574,1.3967973135147056,2.5506446201382733,0.0107523903503262,0.0284969750628268,up
gene-LOC142976521,319.43908154130025,0.8840073027349802,0.3686365044884412,2.55040844483972,0.010759678066271,0.0285087196122779,up
gene-LOC142978700,6675.245661458121,2.4315822407013483,2.872673530677732,2.550112830380416,0.0107688060982003,0.028525332713943,up
gene-Hmg-2,356.8423556581626,1.004557042695904,0.4296116442093689,2.5497985655295303,0.0107785175690025,0.0285434820525907,up
gene-LOC142980784,200.0807142241076,-1.1400360612977982,0.5068435666212004,-2.549317129280177,0.0107934101015233,0.0285753385207703,down
gene-LOC142973817,346.7057556092058,1.9459812696244052,1.2020408821365536,2.5490053595818587,0.010803064000892,0.0285933125942466,up
gene-Tmtc3,8.918097404379006,-2.4107024960778687,1.8770421358670488,-2.548658646998401,0.010813808914946,0.0286141640456195,down
gene-LOC142982758,146.49905978312842,1.0504878621735043,0.4542611461754887,2.548313355216867,0.0108245192377979,0.0286349129373074,up
gene-spt4,560.084392708691,1.126494546250027,0.496480473550681,2.5473310576549832,0.0108550399074916,0.0287080427442168,up
gene-bon,100.19491867633556,-1.2207903720579965,0.5558713090023631,-2.5463587578336684,0.0108853252420223,0.0287805115869204,down
gene-LOC142981007,272.9182088660906,-1.5637374255678549,0.8045918188562974,-2.546112232903009,0.0108930159603459,0.0287932182998445,down
gene-LOC142982284,46.33404811248203,1.1832673541370606,0.5300412847604362,2.545420670392941,0.0109146160807343,0.0288426749011939,up
gene-Mtl,203.75328396085985,0.7911995423739794,0.3257513816076524,2.5451955733055613,0.0109216549233111,0.0288536362598116,up
gene-Piezo,146.7972676463153,-1.5140335313833293,0.7628688973896913,-2.544920706637271,0.0109302555436595,0.0288687167455055,down
gene-LOC142985529,153.23308148573963,-1.0680861277861844,0.4668940888418926,-2.54389064832799,0.0109625397923333,0.0289463253088039,down
gene-boi,72.98200435100298,-1.7095822414942925,0.9384086173645422,-2.543559250732109,0.0109729445088388,0.0289661357161387,down
gene-LOC142986609,9.01995800473976,2.4151682158923617,3.100749470385326,2.542287903909562,0.0110129417692953,0.0290640327338279,up
gene-LOC142978405,49050.495474258205,1.850738403205632,1.0704948698700596,2.54209896509433,0.0110188969298275,0.0290720619235021,up
gene-LOC142981734,2446.555308355685,1.6367391802015738,0.8606617471605779,2.5419557728898567,0.0110234121091118,0.0290762886524961,up
gene-mmd,9.276417680479115,-2.35380618383121,1.9142635164574584,-2.5405569609594187,0.01106760640221,0.0291851464994605,down
gene-Patsas,73.29558544548047,1.671256447987145,0.8977877882303283,2.540344580390868,0.0110743301344856,0.0291951635161914,up
gene-fand,208.75142202168504,0.92752213714916,0.3920467046585166,2.5398035695666623,0.0110914743331669,0.0292326393766409,up
gene-sta,6912.906761144916,-0.8893114244160938,0.3752079818118838,-2.538968747847257,0.0111179754258751,0.0292870184021272,down
gene-LOC142986494,130.43839636715788,1.2874291282108286,0.5972063676061677,2.5390610207712814,0.0111150434952898,0.0292870184021272,up
gene-Pfas,253.62700160606548,-1.337175627667094,0.6350507654462598,-2.5386979429482253,0.0111265840965898,0.0293019619704651,down
gene-LOC142973568,1866.5493862975163,-0.8645190210544194,0.3638492386330912,-2.5377062934012917,0.0111581584010422,0.029375138709181,down
gene-LOC142984482,578.6859852455253,2.1877382693862764,1.7049234252302683,2.5376404686547938,0.0111602570869867,0.029375138709181,up
gene-LOC142976406,1369.13631811627,-1.388415489192348,0.6727300202576998,-2.5373950222910264,0.0111680857281498,0.0293879946355558,down
gene-SAK,340.51673073617866,0.7622873574822446,0.3133968276173772,2.5369503192100757,0.0111822821924009,0.0294033714550523,up
gene-Drat,497.0973321708688,-1.608563389195423,0.8515146023920507,-2.536935139574548,0.0111827670617552,0.0294033714550523,down
gene-LOC142977122,18.803035586650548,-1.6820068096943692,0.8949875211497811,-2.5370461344478303,0.0111792220838843,0.0294033714550523,down
gene-LOC142974238,306.79368536405684,-0.779492126612742,0.3224169044428164,-2.53682327305893,0.0111863408884754,0.0294050219667825,down
gene-LOC142987656,49.59600580187682,1.8258570419709708,1.070637423823015,2.5361841722816703,0.0112067778545823,0.0294509873003123,up
gene-IPIP,93.83435317883824,-1.1931455879696742,0.5423639930065437,-2.5354327143696764,0.0112308501532567,0.0295064794366033,down
gene-Syx7,3311.079102375172,-1.3264464931195876,0.6293903276370985,-2.5350443994425635,0.011243307469364,0.0295314346978218,down
gene-LOC142972359,403.36792435909183,-2.218703330768315,1.873270723619873,-2.5345726387699608,0.011258458270197,0.029563449617163,down
gene-mh,158.02869896524084,-1.080645987858395,0.4767480072374405,-2.534228372136825,0.0112695259835911,0.0295847287854347,down
gene-LOC142973251,15.863013317857176,-2.332931325115489,2.1778162405475694,-2.5340815151688494,0.0112742501783222,0.0295893481540452,down
gene-P450,32.315166923596884,1.9767729788533008,1.279308538592821,2.5339023474020097,0.0112800161501455,0.0295966985264465,up
gene-p27K,18561.37467356325,-2.1021973466681887,1.7123385844725831,-2.5336874392107007,0.0112869357732043,0.0296070712095539,down
gene-LOC142981795,42.40141951003835,2.308237062307697,2.6164821102119533,2.532544216665213,0.0113238086926501,0.0296959891122809,up
gene-pll,115.91715083184856,-0.9880678833106434,0.4263978421099531,-2.5316639506888654,0.0113522731837585,0.0297628155101376,down
gene-LOC142982439,263.7939187741183,1.1548978723443115,0.5174281216699356,2.5311955352049407,0.0113674458587677,0.0297947681503048,up
gene-LOC142975039,1659.1442043101824,1.8140803082496693,1.0352759340511075,2.5310484303311105,0.0113722145179247,0.0297994416128661,up
gene-LOC142983184,2433.393231843503,1.7343397773199365,0.970472773513467,2.5307710348393377,0.0113812116051514,0.0298151897719202,up
gene-LOC142982842,637.531097020328,-1.312957779566825,0.6231378484898036,-2.530609942043645,0.0113864394130416,0.0298210579327128,down
gene-LOC142982104,59.64230318755264,-1.4857959528780642,0.7476364547854671,-2.530028344041624,0.011405331265298,0.0298626997268992,down
gene-LOC142980885,411.9371867880072,-1.041840022541171,0.4561273514638034,-2.529912165557662,0.0114091083843699,0.0298647549919737,down
gene-LOC142979315,249.40578315491203,1.408268191822467,0.6877396861852768,2.529536397395475,0.0114213327185767,0.0298889150141883,up
gene-ninaB,89.52000312695624,-1.6293454493613495,0.8738818348684764,-2.5292837537181883,0.0114295581529154,0.029902600242267,down
gene-Slh,552.3562329727421,0.9549438165282588,0.4079327564745007,2.528275202206803,0.0114624464369254,0.0299807856097885,up
gene-Hao,43.90517832276254,1.5218183103172855,0.7746746401680394,2.5278820017359744,0.011475291217642,0.0300065186385341,up
gene-LOC142985075,75.4585686327499,-1.106559308451274,0.4928354637736038,-2.5263156573785737,0.0115265862903681,0.0301327547836995,down
gene-LOC142979356,131.67227735222818,0.9861159915500262,0.4248139251125389,2.526014262624611,0.0115364797593994,0.0301507212564978,up
gene-LOC142978330,1537.0694544857542,-1.2823325501529144,0.6033908189984956,-2.525835405326161,0.0115423544229688,0.0301581778784429,down
gene-LOC142987061,287.4573750315769,1.5962509663780178,0.8412448501927656,2.5240596461112346,0.0116008243577625,0.0303030169889631,up
gene-LOC142972881,1218.896008995904,2.1270998918129216,1.7057902645341507,2.523792834784771,0.0116096322537971,0.0303180898809913,up
gene-LOC142977010,6085.861535832676,1.4242569300065708,0.6947136095043578,2.5234363518455134,0.0116214096221122,0.0303409075172122,up
gene-Stip1,1570.5008912148776,-1.0655265606126918,0.470731697828277,-2.5228492093610058,0.0116408305550655,0.0303836636428108,down
gene-LOC142987181,782.0722783461146,0.8945838860303267,0.3789599169338905,2.5226409234330305,0.0116477269521357,0.0303937157409847,up
gene-LOC142974973,905.734611200616,1.7628006631121325,1.0086114548154417,2.522318886285247,0.0116583968142235,0.030413606534962,up
gene-Theg,12.168317378578053,2.348733111302068,3.343729526351228,2.521824539169779,0.0116747925907566,0.0304484203941317,up
gene-LOC142975797,200.5162127898912,-1.054360095967624,0.4648260405638045,-2.521716338542069,0.0116783839571628,0.0304498302707528,down
gene-LOC142974053,3997.175206030026,1.7252515840436125,0.9656599230013276,2.5216214655745177,0.0116815337618179,0.0304500883981991,up
gene-LOC142985329,185.25437247811823,-1.8368474319132837,1.0981850159216922,-2.5212351369252617,0.0116943677473453,0.0304676284224103,down
gene-LOC142979451,5.866497332718825,2.6031227534927712,3.365843297969422,2.521258673025069,0.0116935855114488,0.0304676284224103,up
gene-Msp300,2617.270708761628,-1.5152315932764546,0.7797638822544501,-2.520427667399675,0.0117212325943429,0.0305296509718519,down
gene-LOC142984090,170.53579423751037,-1.1314445999648854,0.5093598899316718,-2.5200526801566103,0.0117337271801974,0.0305542214937519,down
gene-LOC142979024,8.631905192175092,-2.6084453595777317,1.9718714223897476,-2.5191008746133856,0.0117654944349114,0.030628951474922,down
gene-LOC142976585,255.6069811770698,-1.0849955001260014,0.4830321527092555,-2.5184455776595622,0.0117874097992352,0.0306780018790526,down
gene-PPO1,261.1241398490384,-2.180468526173534,1.9505980638837523,-2.5182288220968294,0.0117946668086039,0.0306888867092481,down
gene-Lis-1,498.3938778509212,0.9221941539498276,0.3934723312404713,2.5170380964502104,0.0118346032023626,0.0307847731464115,up
gene-raf,115.843391899226,-0.8778252865837171,0.3728810124717395,-2.5164432938202066,0.011854597487687,0.0308287487036489,down
gene-Noki,79.29856682668586,-1.867341688081944,1.1498699810462116,-2.516023897812896,0.011868713482389,0.030857418407847,down
gene-Vps36,1056.749913151683,0.8742718511993158,0.3700254871061797,2.514606876792752,0.0119165177739968,0.0309736364328809,up
gene-Atg4a,1167.414551573264,-1.2996786059842245,0.6193447014090192,-2.514445250180145,0.0119219812040407,0.0309797694343999,down
gene-LOC142985763,105.21284719293536,-1.385846056774502,0.6801488324560003,-2.513710992849461,0.0119468291208961,0.0310362575366122,down
gene-Liprin-alpha,7.773696327108475,-2.555402480174822,1.873773644029786,-2.5134000789461672,0.011957364552219,0.0310555440009624,down
gene-LOC142981744,39.95575626724504,-1.1878184548574766,0.5441492138197922,-2.5129697632341794,0.0119719595465778,0.0310853611431823,down
gene-LOC142980520,309.29068267544613,0.9654404898777168,0.4166627484561573,2.512741022893008,0.0119797241472185,0.0310893465193417,up
gene-LOC142974078,49.71452584827469,-1.7660828354034217,1.0190156324148505,-2.512806235091135,0.0119775100615395,0.0310893465193417,down
gene-Ns2,789.426249297779,1.0798627049979093,0.4789381434789698,2.511325123393964,0.0120278863388439,0.0311981116288984,up
gene-LOC142984550,25.3080732432269,-2.2928250451123104,2.1144209316591853,-2.511364613169536,0.0120265407605,0.0311981116288984,down
gene-Ubc4,1034.1790043082894,-0.8318063118165984,0.3511225001704767,-2.51105284296165,0.0120371676808165,0.0312140739470589,down
gene-LOC142980643,70.4702967767689,-1.9988686255931407,1.3554756671352413,-2.510319493157451,0.0120621972791936,0.0312708548165277,down
gene-alien,761.3127021315123,-0.7300902912376881,0.3032597731070491,-2.509555382154836,0.0120883258367601,0.0313304544733063,down
gene-Cyp332a1,8922.53633771318,1.1595607767111595,0.5248618857855534,2.5093751813148475,0.0120944950582976,0.0313383061206823,up
gene-Cipc,1288.5466395602332,-1.803658631776738,1.087350525334843,-2.508975753384751,0.0121081795235771,0.0313656215480985,down
gene-LOC142979219,28.90134921384214,-1.3482670092248703,2.7031935612022635,-2.5086982608978765,0.0121176945374489,0.0313821248516549,down
gene-pofut1,115.3302051635189,0.9020576408396136,0.3849796800182388,2.5080813683198424,0.0121388710761817,0.031420661880542,up
gene-LOC142973692,535.2085034275998,1.148825018162098,0.5202179063291237,2.5080959906393767,0.0121383687455103,0.031420661880542,up
gene-LOC142982629,727.4552126764564,-1.8013141005298166,1.090762070472728,-2.502590047348681,0.012328825827407,0.0319040732650635,down
gene-LOC142973919,8.315252961406275,-1.1030341116523636,2.311791396221552,-2.5006789204341087,0.0123955501976234,0.0320684257445514,down
gene-Cdk1,79.33527276803255,-1.3117715599206494,0.6318454104399217,-2.499666364469389,0.012431031658168,0.0321435562124806,down
gene-fz4,134.8670117931717,-1.815214911830928,1.1113026452845196,-2.4996734314452214,0.0124307837094931,0.0321435562124806,down
gene-LOC142974507,1299.2124969436584,-2.060983520381483,1.5942917205242648,-2.499150922976118,0.0124491280165414,0.0321820115858845,down
gene-Ero1L,841.299867173234,1.413621015914826,0.7010543876948464,2.498952641187994,0.012456095596404,0.0321916856933477,up
gene-Gmppb,2783.313955730066,-1.4915402753097249,0.7745190176642712,-2.497515962717741,0.0125066834193823,0.0323140582989529,down
gene-LOC142974777,1739.656118859569,1.6952842930001129,0.9586647945819262,2.4973502356932267,0.0125125306293273,0.0323207992265311,up
gene-LOC142975429,248.4954376597087,1.0217497823870727,0.4501039732373262,2.49687692606768,0.0125292433534382,0.0323555958371714,up
gene-Stlk,280.7313093631504,-1.329694690420409,0.6470508832547456,-2.495946690542833,0.012562147894824,0.0324321774801445,down
gene-LOC142974472,632.4385436159458,0.992313258603668,0.4340121959217454,2.4954377365439293,0.0125801831151065,0.0324703407478351,up
gene-Roc2,1093.276293856882,1.1905315858072278,0.5492612793416044,2.495267717180259,0.0125862130027185,0.0324775056825579,up
gene-Atac1,172.6125379220733,0.962622844221496,0.4188783884324184,2.4947322694859464,0.0126052198526171,0.0325181440550456,up
gene-LOC142974958,5146.119942740769,-1.7994625523817074,1.1115033322019614,-2.494247290953602,0.0126224571190567,0.0325541975465905,down
gene-LOC142985452,486.0395072414468,1.3996791163295736,0.6944446370774755,2.493834195785928,0.0126371559368202,0.0325836872656685,up
gene-Cals,736.3939621036151,-1.1675401962819278,0.538696967370885,-2.493595308468828,0.0126456629762712,0.0325972009726661,down
gene-LOC142987637,62.27560180328215,-1.12948057201051,0.5154899145239773,-2.4931582609937486,0.0126612398384782,0.0326289271437777,down
gene-LOC142975776,31.984514366697965,1.6446940559697814,0.9072979402297092,2.4928716022411472,0.0126714658991892,0.0326468510944264,up
gene-LOC142982313,1008.9884614231248,0.9383920662013092,0.406689907048925,2.4925128874994447,0.0126842727320118,0.032662984039786,up
gene-LOC142977880,2852.680520776003,1.6933487421150686,0.958057639012328,2.492553269837961,0.0126828304297966,0.032662984039786,up
gene-Tsen34,177.66087414380908,1.0474065412614018,0.465360574425999,2.492386614305256,0.0126887836629022,0.0326661722309588,up
gene-LOC142975149,8677.479031138117,1.498698576273352,0.7690950626545804,2.49184196928226,0.0127082566093098,0.0327078672556786,up
gene-Ibm1,7.721446902922614,-2.152147571675722,1.4472501196225172,-2.491515053264202,0.0127199576885603,0.0327295431011912,down
gene-LOC142975287,26.62080970161523,1.2750723966898805,0.605142280942424,2.491140368689217,0.0127333802413296,0.0327556361311112,up
gene-Lrch,127.80293386953775,-1.240711039738123,0.5869497545860913,-2.4906544962137347,0.0127508046127471,0.0327920074310305,down
gene-LOC142981703,151.73432273441315,-1.7522981894284024,1.0352930981224595,-2.490027441223991,0.0127733232638124,0.0328414578815332,down
gene-LOC142982197,2072.7967796273656,-1.490120447413202,0.7771255073226979,-2.4896483100118063,0.0127869556010237,0.0328680411676069,down
gene-Top3beta,74.67757220807881,-1.2801697104211684,0.6130227462217175,-2.489443966306432,0.0127943084810424,0.0328784739828231,down
gene-YL-1,54.95751094657944,-0.9430129523155129,0.4112232793249715,-2.487564885220616,0.01286209886972,0.0330441721540993,down
gene-LOC142982022,70.44794070277717,-1.270552798570702,0.6080907021457913,-2.486560331767828,0.0128984696987208,0.0331290854510891,down
gene-LOC142983597,15.561256072119145,-1.3225152722311813,0.6396670602010607,-2.486329226746385,0.0129068499431667,0.0331413993194125,down
gene-LOC142977826,886.3690859214402,-1.4221746683932042,0.7222324411407022,-2.486245012817265,0.0129099048746494,0.0331413993194125,down
gene-Vps13D,137.70988103400046,1.6482634741550546,0.9196369392738386,2.48597500530634,0.0129197039394377,0.033158026489979,up
gene-LOC142981189,120.84632434730608,-0.9420368971306334,1.72258094823489,-2.485538232146785,0.0129355691655847,0.0331902097279437,down
gene-LOC142972656,264.87490515861106,1.1714925255366722,0.5405929214649363,2.4852565772923314,0.0129458090561823,0.0332058497341233,up
gene-LOC142977693,32.80327289180889,-1.358550006963945,0.6700573042321873,-2.4851875828787056,0.012948318521712,0.0332058497341233,down
gene-pico,123.19266444267951,-1.1484842750836797,0.5295790730935803,-2.484707821930013,0.0129657802950575,0.0332420891664447,down
gene-LOC142976884,831.6972701499026,-1.246912145089149,0.5941741791084886,-2.484109815257269,0.0129875750000011,0.0332894160439165,down
gene-LOC142978926,21.12729785136583,-0.5876189065998174,1.3652129750585176,-2.483949530104498,0.0129934221910264,0.0332958528597265,down
gene-LOC142986434,361.8986134145786,-1.5364252537713428,0.8201958683391544,-2.48368269146427,0.0130031616109384,0.0333122577101583,down
gene-Golgin97,138.4255617402175,-1.437453322023211,0.7343771445047679,-2.483536335401119,0.0130085062445046,0.0333173982105211,down
gene-LOC142976088,447.0268139215752,-0.7072663039813071,0.2962127509891822,-2.483310734997349,0.0130167485305662,0.0333240446948904,down
gene-LOC142975994,78.6508974009,0.95629285949087,0.4179995774028726,2.483282544106897,0.0130177788062697,0.0333240446948904,up
gene-LOC142983682,129.11565829039907,1.1726920159255,0.5422581809003305,2.482379813777463,0.0130508085130327,0.0334000307098923,up
gene-Kaz,505.8159248452399,-1.0236539158564182,0.4565328854348807,-2.481311645753124,0.0130899870908346,0.0334831268973913,down
gene-LOC142986568,80.9976563160342,-1.2849007453574826,0.619836905022869,-2.481318608115777,0.0130897313868603,0.0334831268973913,down
gene-LOC142975634,9805.14060209458,1.977364995512376,20.334236762258808,2.4803342213616597,0.0131259284457023,0.0335664595994248,up
gene-LOC142975545,236.6868042792072,0.7466116613060336,0.3138482671749412,2.4799893733189022,0.0131386298335471,0.033573150134249,up
gene-Papss,616.7092678717805,1.4431815746221694,0.734440430629124,2.479989210024506,0.0131386358505537,0.033573150134249,up
gene-blo,62.55528891929234,-1.6326275497667015,0.9069225655843408,-2.480011194433345,0.013137825799773,0.033573150134249,down
gene-Art4,393.6913634876039,-0.9599080033610112,0.4226876135387391,-2.4787046765505925,0.0131860432936974,0.0336856662693612,down
gene-Ogg1,42.81543150379576,0.9307131879936088,0.4052002944186067,2.4780692551020085,0.0132095502463507,0.0337370831650016,up
gene-LOC142978467,2887.529803404796,-1.337602211610377,0.6608623159380864,-2.477807443025649,0.0132192465661536,0.0337532105338396,down
gene-LOC142987427,151.90334303651392,1.066418466693277,0.4801079009864112,2.47610528065292,0.0132824404526483,0.0339058921119904,up
gene-LOC142973182,5465.3657386609,1.2219416108908487,0.5755534039857232,2.475586344030205,0.0133017593590583,0.0339465252269909,up
gene-LOC142985577,39.75580929838903,-1.3496287024371525,0.668908254649286,-2.475337451814978,0.0133110338969916,0.0339615105638735,down
gene-l(2)dtl,42.72029991758763,-1.2628375302772583,0.6057395268548903,-2.47495958066393,0.0133251255390018,0.0339887753653917,down
gene-LOC142975272,276.71650089127166,1.834825113130739,1.1785756432837242,2.47469923652722,0.0133348420122644,0.0340048692193181,up
gene-TTLL12,57.37499660679946,1.5465631369064563,0.8280072116705048,2.4735566701809257,0.013377558567408,0.0341050860948403,up
gene-LOC142982529,224.4997352840968,-1.2567170867986417,0.6042490559366333,-2.4731857360130958,0.0133914524789303,0.0341317893749244,down
gene-LOC142979446,426.1893467563809,1.9894006819912784,1.495737748823485,2.472207613541398,0.0134281507380087,0.0342165873158194,up
gene-mv,144.35576341932045,-1.459507241381124,0.7599246273513608,-2.4711408560455337,0.0134682757980179,0.0343092852230154,down
gene-LOC142986743,127.96781724835658,-1.7401177215440324,1.0456804734327747,-2.47105779376461,0.01347140454754,0.0343092852230154,down
gene-mRpL28,2163.159428431921,0.9806566184108736,0.4333284285143481,2.4709269361958017,0.0134763349296286,0.0343130864624039,up
gene-LOC142984082,43.225336647444834,-1.247526913654312,0.5974920302819998,-2.4696265492189653,0.013525416940373,0.0344292747977208,down
gene-LOC142979298,98.76486408620946,-1.4632437668741227,0.7647030224407352,-2.467311922057562,0.0136131714717688,0.0346438206169619,down
gene-Mulk,172.21808409674722,1.1140878500518685,0.5106100454429644,2.466803726281284,0.0136325059184639,0.0346841808748888,up
gene-LOC142981334,211.3527924993033,-0.9554366175610556,0.4229372995048208,-2.465981532000749,0.0136638378955487,0.0347550372159714,down
gene-kune,113.18869910234456,1.4043239806935035,0.7126221285422519,2.4646690471164026,0.0137139855678129,0.0348737044464564,up
gene-osy,38.48178413129183,-2.0247288376699437,1.4977333650487283,-2.464353056777975,0.0137260832386879,0.0348955773829201,down
gene-Gapvd1,268.0720712629781,-1.393793247011202,0.7091454598825657,-2.463860170946828,0.0137449721597661,0.0349347000577098,down
gene-eIF4EHP,177.25325244205325,-0.9187884348127816,0.4033440911977186,-2.4634245972415747,0.0137616838053022,0.0349647138041601,down
gene-Nmd3,1052.456001123906,1.1309815533231806,0.5216431109787629,2.4633698060030684,0.0137637872494284,0.0349647138041601,up
gene-LOC142980979,4368.86106915509,2.048447409137495,1.6861362585431154,2.4628292890959806,0.0137845529981952,0.0350085555915997,up
gene-LOC142976425,430.1559830541555,-0.8866968771146401,0.3869165143404017,-2.4624960176325525,0.0137973705102097,0.0350321941140686,down
gene-Nup43,87.34904809376458,1.158274007856706,0.5391517478508002,2.4619163991065074,0.0138196875205986,0.0350799341666061,up
gene-LOC142985722,10.724948394703802,-5.48377517251648,3.695674887466839,-2.4610112217061464,0.013854603260308,0.0351596224615139,down
gene-LOC142979364,106.9087878929716,1.1157221084536384,0.5136972825468706,2.4608598205240737,0.0138604509109517,0.035162561458036,up
gene-Cap-G,49.26403864760805,-1.9792518201773583,1.4801583435425885,-2.4607988281742514,0.0138628072675455,0.035162561458036,down
gene-LOC142974096,5.488882100404552,-5.091809575107987,2.762689523666346,-2.460440737841472,0.0138766487366935,0.0351887273986123,down
gene-LOC142973551,8.475151193846386,-5.322650691091315,3.238594662839008,-2.4597679585245897,0.0139026870595021,0.0352458012549889,down
gene-LOC142979079,413.51429373800016,-1.0068652443197903,0.4527861739078188,-2.45919687631693,0.0139248232756249,0.0352929560980224,down
gene-LOC142973774,60.72109937965138,-1.1720960005165235,0.5523711727487873,-2.4579597850701864,0.0139728819861378,0.0354057717957962,down
gene-LOC142982146,251.4929476288145,1.6778673759909393,0.9794611698198212,2.457493705343279,0.0139910262600354,0.0354427495181253,up
gene-Trissin,27.09764512675092,2.135898703730072,2.9595544401386302,2.4565533590177866,0.014027696838355,0.0355266283033801,up
gene-pic,276.8582520415788,-0.7802780433704386,0.3344265172057868,-2.45633609176391,0.0140361816397622,0.0355390991746491,down
gene-LOC142975775,3467.1179374598146,1.061199863858859,0.481816450592251,2.456231766994053,0.0140402573788408,0.0355404029668299,up
gene-LOC142974426,1037.634437623142,0.6005432895923419,0.2506409977268234,2.454495945366391,0.0141082255542187,0.0357028464528866,up
gene-LOC142976357,7749.190846009652,2.0870081599481045,1.851100595374657,2.454410342502164,0.0141115849370441,0.0357028464528866,up
gene-LOC142972987,397.0203082717744,-0.8005155188212807,0.3447130115786819,-2.4541742994762767,0.0141208518226851,0.0357172382266144,down
gene-IntS8,116.47212526562446,-1.103938252227457,0.5107056808059212,-2.4533086288372887,0.0141548834303303,0.0357942466476125,down
gene-LOC142977853,1356.892194750835,-1.2590154358260734,0.616039785074706,-2.4529865578276584,0.0141675632808432,0.0358172363490619,down
gene-LOC142984821,2792.843710439733,1.7539104929861655,1.0758974701760753,2.45201637980232,0.0142058195215498,0.0359048581019471,up
gene-ND-49,623.8558422758423,0.7382115019875715,0.3139894958110339,2.451544143518436,0.0142244737888571,0.0359371181852822,up
gene-Rexo5,63.357610152214335,1.0282621889903172,0.4639355149303019,2.4515109860688584,0.0142257843853371,0.0359371181852822,up
gene-LOC142975734,3379.051672010944,-1.7735763582390451,1.1269708828326752,-2.451169453607829,0.0142392901548268,0.035962134371287,down
gene-LOC142987561,329.6636966288154,-0.8811911266388419,0.3864388709017646,-2.450667631683066,0.0142591550313562,0.0359985069051584,down
gene-Naa20A,477.4982390493592,1.2398472693393945,0.5963640170025651,2.4506234450974955,0.0142609053504655,0.0359985069051584,up
gene-Drep4,56.47327413941134,-1.611339726951186,0.916223158256724,-2.450127052417812,0.0142805814873391,0.0360390603856213,down
gene-LOC142973536,8.163599359583193,-0.9359938443738188,1.8260973959180904,-2.4497981941556466,0.0142936300382461,0.0360548624557601,down
gene-AMPKalpha,752.0992802713187,-0.994396899676344,0.4480546465955407,-2.449787165920106,0.0142940678025691,0.0360548624557601,down
gene-Nup133,13.731814567334142,-1.6263537471384666,0.9142875825492084,-2.449444398201828,0.0143076798187253,0.0360800788960833,down
gene-CRAT,1842.7108155273052,1.012597954920358,0.4568594282444696,2.4489884592713658,0.0143258038184094,0.0361166577195112,up
gene-LOC142981468,246.85803482992597,-1.3993003613116055,0.7231295037045198,-2.4485232614645493,0.014344316736558,0.0361541983200974,down
gene-LOC142974550,54.08633828469527,1.5662722767598487,0.8673071031754814,2.446980978573021,0.0144058441557743,0.0363001086894177,up
gene-LOC142972849,43.076939746930975,-1.9080377741132333,1.3336459684638695,-2.44684913068596,0.0144111148437306,0.0363042244460565,down
gene-LOC142987520,5.432951085840121,2.464705355651189,2.695789781399292,2.4460656581832216,0.0144424696589007,0.0363740322143547,up
gene-LOC142978679,2905.4955947613,1.0898807723125017,0.5016101127304542,2.44455037213361,0.0145032826229656,0.0365179777648387,up
gene-Rab4,313.80742580117345,0.7943230876113935,0.3421736435825606,2.4437909799909696,0.0145338441496792,0.0365790183049634,up
gene-Lsm12a,813.0786036536829,0.902393946091148,0.3969010504900806,2.4437658893472567,0.0145348548840281,0.0365790183049634,up
gene-LOC142972447,50.473837756746114,-1.2726126024689208,0.6255489642116154,-2.443025785175277,0.0145646966245242,0.036635644407605,down
gene-LOC142985604,10.435987444521864,1.8919233521624068,1.2625424022128664,2.44304421429436,0.0145639528887021,0.036635644407605,up
gene-Pgrmc2,1361.634616442367,1.2306946263431042,0.5923310770230098,2.4424892273222176,0.0145863649378989,0.0366809041182085,up
gene-dmt,61.74395814206969,-1.1056984072837357,0.5147899187016625,-2.442323453778167,0.0145930652690546,0.0366885099371371,down
gene-Alg3,137.05523097541882,1.1475623976382845,0.5383213401192449,2.4416763609177323,0.0146192458190644,0.0367450749232139,up
gene-LOC142974059,146.2655822099231,-1.835342057368729,1.1932290252779436,-2.441376074863008,0.0146314090685195,0.0367663881955926,down
gene-Nubp1,912.4876979503048,0.9079836240392736,0.4002773998189679,2.441086097116769,0.0146431632405038,0.0367866630514645,up
gene-Tbc1d8-9,878.8348126456103,-0.9509401709435,0.425581528066492,-2.440215676116853,0.0146784955359628,0.0368661459346868,down
gene-sgg,2042.749712638985,-0.5143680693748675,0.2147143096884862,-2.439043428228556,0.0147261983891581,0.036967350634353,down
gene-LOC142976263,107.16349576456432,-0.9325903544646916,0.4157496529470003,-2.439050378862791,0.0147259151414128,0.036967350634353,down
gene-Pex7,365.7722136839762,-0.968489116762261,0.4347929406406854,-2.4388966195382795,0.0147321821637745,0.0369730727122539,down
gene-LOC142983464,2698.0518227501584,-1.836218787579563,1.254105985930795,-2.4382569248450667,0.0147582804960668,0.037029260339679,down
gene-LOC142974051,101.21936742958113,1.3696352952218522,0.6980893246965784,2.436817814089105,0.0148171424848879,0.0371676047101449,up
gene-LOC142978547,239.53073593679497,1.4709181898434522,0.784379508962179,2.436562153152552,0.014827621049685,0.0371845441449513,up
gene-LOC142973703,985.7013784690822,1.8414578566774844,1.2460247087538907,2.435772991534709,0.0148600069675282,0.0372564002870886,up
gene-LOC142975842,96.58884110014382,-1.0788798363389318,0.5006116818091658,-2.4352361516539807,0.0148820736154278,0.0373023547854308,down
gene-LOC142983131,53.6408771738727,-1.2847248651063603,0.6379862511249358,-2.434985595443295,0.0148923825346696,0.0373188225153245,down
gene-Mkk4,259.69391754253013,0.7459306229670003,0.3200517305250002,2.434792085276801,0.0149003486492927,0.0373294126176182,up
gene-LOC142979284,95.7865319849364,-1.1404103854757757,0.5397719235269463,-2.4344439949846124,0.0149146877207049,0.0373559593827744,down
gene-LOC142974688,3700.9544739184585,-1.0651340590285416,0.4940512658759058,-2.4328525834568637,0.0149803985554104,0.0375111284449452,down
gene-P38mapk,1762.420861569771,0.7764031997581127,0.3347031173468142,2.432501997566184,0.014994908801126,0.0375286320822565,up
gene-Tnpo-SR,162.46516524091547,-1.379413475129391,0.7133052352504247,-2.432505089223313,0.0149947807877937,0.0375286320822565,down
gene-Cda4,27.55071043240492,-1.8000247899629849,1.1414746071846689,-2.4318239071618306,0.0150230091234508,0.0375895347358141,down
gene-Prm,4093.790317330217,-1.4340977816395477,0.7593171700085096,-2.4316343881761986,0.0150308711510577,0.0375997806914054,down
gene-LOC142980481,3822.760789110013,1.3967007321110878,0.7213264831815952,2.431058345346199,0.015054790032206,0.0376501777277495,up
gene-LOC142979948,51.16800954920106,-1.2462328513014118,0.6114597652458702,-2.430860447158479,0.0150630150425745,0.0376613109067978,down
gene-LOC142979492,169822.83754980777,1.122103650713314,0.52537535972116,2.430086275213849,0.0150952290828136,0.0377204682534775,up
gene-LOC142974599,309.8556256681438,1.165847773048123,0.553897369097456,2.430019433064897,0.01509801329252,0.0377204682534775,up
gene-LOC142972937,33642.599381340384,1.7867224598867295,1.151478292010097,2.4301501463709694,0.0150925690478333,0.0377204682534775,up
gene-UbcE2M,2059.6137057440856,0.9599858246292482,0.4313682230437514,2.429804728740869,0.0151069595397537,0.0377333741657363,up
gene-BHD,411.54841469849504,0.9375483064283472,0.4183839965259314,2.429691094853905,0.0151116962978468,0.0377357620087088,up
gene-LOC142972682,252.39968536543336,1.314768661887219,0.6581146743135096,2.4289071993679454,0.0151444081447371,0.0378079884173639,up
gene-l(2)k01209,301.0657180208084,-1.678979854435869,1.0203672775485024,-2.428795038631993,0.0151490936921644,0.0378102285925214,down
gene-LOC142972602,78.57596620312965,-1.1841259769323245,0.5697147334060202,-2.428629586234597,0.0151560078448796,0.0378180285749359,down
gene-LOC142974194,8398.270955739003,1.513198474410563,0.8289359487722401,2.4268064755052885,0.0152323787208852,0.0379990932299814,up
gene-LOC142974753,130.3055478465786,-1.2852388363374645,0.6438802701782346,-2.4266950909355964,0.0152370556315295,0.0380012624333574,down
gene-LOC142976575,364.8165672605331,-1.3227578580153736,0.6727099676861962,-2.4259092813063,0.0152700868188367,0.0380666614607782,down
gene-LOC142984323,302.1978643255923,-1.5044853734189247,0.8305822082080772,-2.425889812776434,0.015270905970239,0.0380666614607782,down
gene-LOC142975858,244.0271844967588,-1.052237656350532,0.4869647739763666,-2.4248984761000387,0.0153126682978562,0.0381612340276912,down
gene-Fatp,1255.8918506568295,-1.0391237656581056,0.4806357353315732,-2.4247999858139977,0.0153168229124938,0.038162059283475,down
gene-LOC142975906,30.917655447109173,1.4720335875380983,0.791835354104554,2.424407220342988,0.0153334008049919,0.0381938291576304,up
gene-kon,80.16919674428651,-0.9628835221710652,0.4355602746308856,-2.424054222296618,0.0153483136645771,0.0382214367979402,down
gene-LOC142987140,1191.0531951045998,-1.349258454284514,0.6959945582130896,-2.422049864115609,0.0154332326797787,0.0384233213711329,down
gene-Sc2,1714.338926329459,1.6420546786235326,0.9706084125778398,2.421002183816929,0.0154777842984584,0.0385246296964872,up
gene-LOC142983761,847.6425506660761,1.2882191913104657,0.6414836305943016,2.420885047622144,0.0154827724328512,0.038527437460057,up
gene-tun,229.0250269912424,-1.5192552566404185,0.8476821450702596,-2.420143531692821,0.0155143820270808,0.0385964723360652,down
gene-LOC142979005,19.005296772334592,1.838571800619343,1.2601750904274938,2.4199173020071605,0.0155240371228975,0.0386108683089061,up
gene-LOC142979525,58.27335339191399,1.696479345050045,1.0445904145576976,2.4196790205194367,0.0155342122862404,0.038626550281257,up
gene-Mor,5970.480641456881,1.8794797400258416,1.3487652316520575,2.419519455542161,0.015541029355393,0.0386338764623108,up
gene-LOC142976492,92.45974857770535,1.014664084861027,0.4639266221692955,2.41816728310424,0.0155989037577293,0.038768092232544,up
gene-LOC142974312,788.9225194298928,1.1186362623758708,0.5274407441164629,2.417445775252013,0.0156298625738052,0.038821931855304,up
gene-LOC142985154,6891.480394674395,1.5255262512545378,0.8486513604108916,2.4173905213991502,0.0156322356604014,0.038821931855304,up
gene-Ir25a,13.532593452557554,-2.2057444196628184,1.8150570900005225,-2.4174376156477666,0.0156302129990561,0.038821931855304,down
gene-LOC142983327,338.42827475601126,-0.9800984157270785,0.4475469873127844,-2.4165479227451314,0.0156684635564989,0.0389022225764716,down
gene-Dus3,103.72988404193616,0.944257810355988,0.4248802693401986,2.4157089576745427,0.0157046085896219,0.0389822676779449,up
gene-LOC142973189,265.2902155819596,-0.8365655661229774,0.3696969150963789,-2.414420253361533,0.0157602725575046,0.0391107111875818,down
gene-LOC142981397,1100.131270201197,1.7883843395653254,1.1998611605529836,2.4125420378324653,0.0158417104891234,0.0393030356430378,up
gene-LOC142986698,186.78417406791343,-1.4425908081488648,0.7810875242001925,-2.4117046127099826,0.0158781397081702,0.0393836263487195,down
gene-LOC142979488,1183.1175151366094,-1.3356489904407056,0.6900114110990467,-2.411251982035491,0.015897860458625,0.0394227441583941,down
gene-LOC142972154,92.87419206816078,-1.388745565553512,0.7322761071537874,-2.410084971107965,0.0159488055628078,0.0395373149142422,down
gene-LOC142976181,13.892771322149246,-1.9442167891063595,2.818526650189848,-2.410012236574595,0.0159519854883932,0.0395373149142422,down
gene-LOC142972211,1813.8065592931189,-0.8414380527887044,0.3722710370088999,-2.4096095365853043,0.0159696014652561,0.0395613284250983,down
gene-Tango1,435.6411268736781,-1.0793826773942248,0.5086833488237446,-2.409639217924545,0.0159683024813245,0.0395613284250983,down
gene-LOC142979413,469.3962910009056,-0.9967496911541668,0.458092113868224,-2.409404850256021,0.0159785619551796,0.0395737039391185,down
gene-LOC142979987,33227.28009334519,-1.515747773093154,0.8633431026871067,-2.4089083504185576,0.0160003154426978,0.039617749549384,down
gene-LOC142978234,262.33525344774006,1.496566753050726,0.8250003864951367,2.4081888200436947,0.0160318869279973,0.0396860772391719,up
gene-e96h-0303,28.685837591940658,-0.893948921169058,1.6291473286125535,-2.407560958875072,0.0160594808921165,0.0397445273454538,down
gene-ATPsynC,10575.77936117634,1.257192283364396,0.6277214805446593,2.407406210687801,0.0160662883533047,0.0397515181096516,up
gene-Rab26,53.51160068929291,1.427122077328722,0.7608965199427179,2.4071453065388515,0.0160777714197412,0.0397700710137391,up
gene-TrpRS,382.9702141529479,1.3942777517985667,0.7334713659461854,2.406415841653287,0.0161099153493938,0.0398397088955152,up
gene-LOC142981839,328.6944797481104,0.7541510935586279,0.3282832375691277,2.4062012669050503,0.0161193813489219,0.0398462689825127,up
gene-Clbn,206.8751683888572,-1.1828487098520932,0.5772875495747853,-2.406174727814886,0.0161205524648218,0.0398462689825127,down
gene-LOC142978362,18.37176748770183,-1.8750890327085228,1.3473845465146643,-2.4044699907312475,0.0161959359012985,0.0400226878511664,down
gene-LOC142983239,943.14354569834,-1.2484102282433804,0.6257961017466095,-2.4034401907733254,0.0162416235807863,0.0401256546930269,down
gene-Prosbeta1,3056.6995355649888,0.9638845904068504,0.438624011016282,2.401839546177568,0.0163128619586045,0.0402916790915199,up
gene-Ns3,353.1172737449726,-0.993874262135067,0.4587172964315225,-2.401714998257789,0.016318416590511,0.0402954270138275,down
gene-LOC142975322,303.1117878655946,-0.6940594416410886,0.3010296918274712,-2.400698597203759,0.0163638085551127,0.0403975199576009,down
gene-LOC142982989,20.603780297212783,-1.910199959657212,1.4239616450551429,-2.4002062728169955,0.0163858353700294,0.0404418948635668,down
gene-nudE,157.02513052507464,-0.8458732603552707,0.3771625050101386,-2.4000866594500887,0.0163911908574399,0.040445111482845,down
gene-LOC142981029,137.29893735902525,-1.4185288928610853,0.7646082994369809,-2.399771363118965,0.0164053150903429,0.0404699579626083,down
gene-RhoGAP5A,70.33544266212245,-1.1355838505295488,0.5472710318235283,-2.3994464100231334,0.0164198831016041,0.040495886641243,down
gene-Pomp,3075.99181802119,0.9820770337993456,0.4506060080011807,2.398365473946965,0.0164684244850722,0.0406055693640085,up
gene-Vps28,2344.5639136841933,1.0518052954719244,0.4908929187611377,2.3972579164857075,0.0165182920510778,0.0407184670194634,up
gene-aub,225.5624650591443,-1.1102191069450544,0.5318423130314457,-2.396341161513569,0.0165596690452075,0.0408103843803004,down
gene-Cbp80,131.79210290223327,-0.954600167171278,0.4373784468480216,-2.3957710577280333,0.0165854460986695,0.0408638206642361,down
gene-LOC142976993,6293.998144930366,1.584534064587816,0.9218742163791628,2.395092495439392,0.0166161729933292,0.0409193246105154,up
gene-Incenp,9.63235398192664,-2.0241553328444377,1.6723203436018683,-2.395155999944547,0.0166132952413749,0.0409193246105154,down
gene-wda,274.80486922104257,0.7030521128787476,0.3051888025710182,2.3945975170436338,0.0166386182994403,0.0409644916740785,up
gene-Srrm1,1649.5749191681427,-0.7554226437673043,0.331785555894073,-2.39439311034872,0.0166478950966941,0.0409734829099425,down
gene-LOC142985430,22.91085618856557,-1.3768529187823946,0.7258046928305026,-2.394336159115577,0.0166504805813773,0.0409734829099425,down
gene-jumu,138.08470240103992,-1.3293950566469033,0.6924754714699598,-2.393541936404995,0.0166865736413862,0.0410521793233117,down
gene-Jheh-lp1,864.4405302895349,1.982222964611997,2.019355868717112,2.393152328154092,0.0167043042984509,0.0410856730416065,up
gene-Dph2,517.3627590115839,0.8837453521438211,0.3975506941856767,2.392827696884524,0.016719090553719,0.0411119100312071,up
gene-LOC142976697,198.5682579582634,1.7169913185661254,1.1171884010811852,2.3921516120996262,0.016749921651645,0.0411775783263717,up
gene-Spt-I,461.9518790260733,1.1809569660659087,0.5762338918340706,2.391840773849556,0.016764113368203,0.0412023185245097,up
gene-LOC142978003,27571.252812126764,-1.5095219468661685,0.8831312197336191,-2.3907759573366385,0.016812808973979,0.0413118282543784,down
gene-LOC142972443,77.55396489215296,1.0647059089016049,0.5017598952289186,2.3899871100089927,0.0168489641323647,0.0413904777270815,up
gene-LOC142979614,472.5064999339245,-0.3518839268615398,1.1768999154664757,-2.389728184984937,0.0168608462839837,0.0414094750886914,down
gene-LOC142983941,30.53343254521465,-1.876359865004184,1.4537888713341725,-2.388920301574231,0.0168979675999913,0.0414904340997572,down
gene-LOC142973851,13.622708339844548,1.9462944710706973,1.6278192433718484,2.3870606118944475,0.0169836909309315,0.0416906589231744,up
gene-LOC142980025,23.01143778569576,0.5943340493442605,0.9314110639048432,2.3859825630006157,0.0170335586727691,0.0417925145311969,up
gene-LOC142980679,9319.975220555072,1.472241048784014,0.8161575311129738,2.3860707016767497,0.0170294767891916,0.0417925145311969,up
gene-LOC142987164,60.44276847756104,1.9244892140000185,1.6897956143601087,2.385462015592932,0.0170576838078027,0.0418414210090142,up
gene-LOC142983088,68.05689456958082,-0.3131610400782995,1.10471596950225,-2.3851896372401646,0.0170703193179447,0.0418621270546453,down
gene-LOC142972942,297.47811674742417,-1.0129890144164384,0.4742544500630145,-2.384793591393393,0.0170887063595705,0.0418887521872615,down
gene-GluProRS,369.37002379459096,-1.2920462464960722,0.6662732682513897,-2.3847749967027387,0.0170895700737931,0.0418887521872615,down
gene-LOC142985526,23.493372143243025,1.4564721232128723,0.7995098240625929,2.384259056042877,0.0171135505434172,0.0419372325003307,up
gene-LOC142981481,38.071199368576536,-1.483874170232183,0.8329256930931952,-2.382680224013697,0.0171871167669998,0.0421071704593582,down
gene-vvl,20.90474249103569,-1.418024386123963,0.7692955185365894,-2.3817617904459887,0.017230038999128,0.0422019679141832,down
gene-Nsun5,156.81433396992028,0.926687309889956,0.4224976242493598,2.381321870662882,0.0172506315692872,0.0422420396695427,up
gene-ssp3,80.473681539987,-1.0263450140756865,0.4830856188601525,-2.3804745413893635,0.0172903557474909,0.0423289283089789,down
gene-Pex12,168.07948718465516,-0.9083171099883548,0.415020990475792,-2.379447054581157,0.0173386336166463,0.0424367096929247,down
gene-Sf3b3,486.93963765048255,-0.8601197767177188,0.388759182846093,-2.3773411261634414,0.0174379531225405,0.0426653643057106,down
gene-LOC142987426,199.3584002884784,1.2089557876605208,0.6012981648654101,2.3772850245290127,0.0174406057877266,0.0426653643057106,up
gene-Tsp,335.92983323011686,-1.5426286203638924,0.910263467763033,-2.3770887305729542,0.0174498899803949,0.0426776162446267,down
gene-LOC142982516,2805.2433014303465,-1.2148088351294917,0.6137095074432465,-2.3746835381814715,0.0175640016447622,0.0429461784459509,down
gene-LOC142979373,46.71179536302599,-1.5268363429722045,0.8886833507762807,-2.374288122925527,0.0175828241584771,0.0429816722815969,down
gene-LOC142972813,313.51857967353976,-1.8996892174500093,1.9310853980527365,-2.373654045395577,0.0176130443593774,0.0430450038567448,down
gene-LOC142987839,25.43788649823694,1.728932512288294,1.1468311644471,2.3733835281738447,0.0176259510871532,0.0430660019096393,up
gene-_Bre4,337.9775411466937,0.8032476154283513,0.3574481529184252,2.372377000622937,0.0176740466577711,0.0431729465715158,up
gene-LOC142976131,14.02203141751375,-0.9472125194843865,1.835867700280087,-2.3717451091383137,0.0177042994830616,0.0432362645315483,down
gene-MAPk-Ak2,439.0226000993,-1.0375337817666077,0.493676942249971,-2.369777297623161,0.0177988025557628,0.0434564208192439,down
gene-LOC142982776,48952.37951958799,1.52502952115035,0.8814498790163589,2.3691393439291235,0.0178295346664745,0.0435208083898466,up
gene-LOC142981730,222.88662090927468,-1.1951282575557267,0.5994355938123554,-2.3688391038918284,0.0178440141971168,0.0435455026164848,down
gene-AlaRS,716.5284184328069,1.0869244913231924,0.5212140011272135,2.368244613569023,0.0178727147930016,0.0436048805546198,up
gene-Hexo2,337.0719571726953,-1.6387611898498602,1.0447727623206424,-2.3678023962951538,0.0178940902278004,0.0436463623078387,down
gene-LOC142973388,216.21549641864544,1.4923968263603538,0.8583657011705269,2.366313258582676,0.0179662353883699,0.0438116284904277,up
gene-Impbeta11,182.53878636869368,-0.7986308920802082,0.3584264386946181,-2.36593515082972,0.017984594316714,0.0438242763366998,down
gene-Elp4,183.49855578615916,0.8232014788115849,0.3698161539579336,2.36602220913906,0.0179803657664454,0.0438242763366998,up
gene-LOC142980519,3042.5595714067435,1.7195596144078702,1.1415754107892273,2.366056888539666,0.0179786815794662,0.0438242763366998,up
gene-rump,484.0741012288234,0.7597823406167168,0.3373433230799419,2.365155698359397,0.0180224922999481,0.0439059056982627,up
gene-LOC142984671,585.2363638113776,-0.9158113398178612,0.4228693627233944,-2.364622319202532,0.0180484661749401,0.0439512118632538,down
gene-M7BP,1574.825690589828,1.1268039708683244,0.5492860236609693,2.36459296575428,0.0180498965461855,0.0439512118632538,up
gene-LOC142973535,291.95140371716855,-1.1582793738093875,0.5751729401935746,-2.3643760263594427,0.0180604709169224,0.0439662342004397,down
gene-LOC142974769,77.63801159028822,1.7836045579699709,1.3069367664568492,2.363785999525986,0.0180892583002525,0.0440255759802049,up
gene-LOC142976942,14875.1184238574,0.7681644892666323,0.3377882155249483,2.363175820191135,0.0181190711833378,0.0440873840762785,up
gene-LOC142976261,40873.60260854362,1.746436612402118,1.1745701030584748,2.362916059240188,0.0181317759517979,0.0441075446685097,up
gene-LOC142986792,151.92119755079696,-0.8606109043301811,0.3923337271457155,-2.3619212214075604,0.0181805051138892,0.0442045363073638,down
gene-LOC142976576,24.98032409240334,1.916595918638779,2.500246932193133,2.361987153853318,0.01817727206531,0.0442045363073638,up
gene-LOC142984684,328.63795835869195,-0.877337312177711,0.4018712651822615,-2.3604127614926917,0.0182546112832281,0.0443699206677612,down
gene-UQCR-C2,3246.1291011734284,0.97951589358982,0.4545945938235901,2.36035578576559,0.0182574155077142,0.0443699206677612,up
gene-GCS2alpha,789.5355738812286,-1.3475821364740743,0.7268385259909917,-2.3602179611413017,0.018264200503193,0.0443756049713655,down
gene-Hacl,2650.5217636827565,1.3772324671230598,0.7422131527387326,2.360028623583195,0.0182735250383983,0.0443874551979201,up
gene-sbr,675.1652465247362,-0.8651473442832702,0.3951932182767738,-2.3597169244627727,0.0182888847396222,0.044405048430078,down
gene-rdgB,50.35442756310426,-1.2352625414341014,0.6317194718419368,-2.3597010808052,0.0182896657745767,0.044405048430078,down
gene-Gro,529.8129303105214,-0.9953834882195686,0.4711548876347493,-2.358850250731854,0.0183316515290433,0.0444853425507857,down
gene-LOC142977952,120.92573025973326,-1.0658652831013478,0.5133205982862326,-2.3588831411726674,0.0183300269241142,0.0444853425507857,down
gene-LOC142972513,71.04997056723414,1.8497722666129672,2.75094225371722,2.358541919635778,0.0183468875015962,0.0445114934743393,up
gene-LOC142985412,44.98462510300461,-1.221311169769362,0.6209263787489101,-2.358272624792141,0.0183602035916521,0.0445329749813559,down
gene-LOC142987654,52.71000776942302,-1.5458793234070218,0.926195161805248,-2.358173239630054,0.0183651201254912,0.0445340777387094,down
gene-Sobp,15.665614450249334,-1.925155394694864,1.7160534783571129,-2.358021545726318,0.01837262656831,0.0445414587753952,down
gene-Faf2,522.1062857371061,-0.7801066542484342,0.3503325999377218,-2.356823393183028,0.0184320105589628,0.0446696418873079,down
gene-LOC142983024,22.83285243601776,1.812871675068576,1.3746290063083833,2.356774227295869,0.0184344509501874,0.0446696418873079,up
gene-Hip1,2327.714814491253,-1.0954839644861571,0.5361557367089023,-2.356372745111365,0.0184543894502678,0.0447071022094959,down
gene-LOC142983566,68.31435460253999,-1.055157359833545,0.507916770197444,-2.356072994973088,0.0184692880139771,0.0447323377014088,down
gene-LOC142985096,344.12411281204646,-1.4013050466561836,0.7774591945943699,-2.355427243707248,0.0185014197372557,0.0447884235744723,down
gene-LOC142975142,16.431899542196813,-1.8266933591302048,2.659251709582405,-2.355474287408486,0.0184990772542588,0.0447884235744723,down
gene-LOC142979403,12.17596048006354,-1.523119667595345,2.6830060224993053,-2.355184628717564,0.0185135045729011,0.0448068111401858,down
gene-Hat1,368.7040542157112,-1.2087129390426532,0.615309670906974,-2.35422100570028,0.0185615715936059,0.0449122535941287,down
gene-LOC142975290,100.3169423847646,-1.5178578189178331,0.8910049132414253,-2.354114590383311,0.0185668864455855,0.0449142253062019,down
gene-LOC142987657,10.625431858712458,1.2406200156650011,2.0362855675033,2.3527525084126277,0.0186350325456976,0.0450572334880348,up
gene-LOC142979837,7836.365480990821,-1.8311626984920215,2.029520441391391,-2.3527654743491504,0.018634382818784,0.0450572334880348,down
gene-LOC142981889,24280.08510319304,1.7443098109158008,1.2324870334780005,2.35175520077454,0.0186850673586969,0.0451672698733723,up
gene-LOC142983220,128.8320595673724,0.9762533085971722,0.4580850101568746,2.350879190382116,0.0187291136197608,0.0452627803968118,up
gene-LOC142980871,5126.283399813207,1.614791160697132,1.02035283544336,2.350013023221789,0.0187727542347861,0.0453572645890584,up
gene-serpin-34,27.045767206508813,-1.853648192642538,2.232153882044955,-2.348036983139256,0.0188726473046393,0.0455875829495656,down
gene-Phax,293.0217693393301,-1.124832565589713,0.5576017983768204,-2.347423161946117,0.0189037717688578,0.0456517169186959,down
gene-LOC142983428,647.8198103664968,1.2494003050752795,0.6443101775505233,2.3471080291565127,0.0189197683477843,0.0456792955682717,up
gene-LOC142973064,611.8632091940209,0.9161641710326216,0.4240982775318795,2.34698115159299,0.0189262121711255,0.0456838025828304,up
gene-LOC142975922,47515.99921117382,0.7743529286877752,0.3444531903296718,2.346102948133675,0.0189708667696948,0.0457739301906715,up
gene-Zw10,287.7801138310212,1.0274672343042277,0.4901889530767089,2.3460664797269164,0.0189727230937589,0.0457739301906715,up
gene-Nubp2,556.6389078116969,0.8236924842244755,0.3737430544739217,2.3455212710418385,0.019000494387279,0.0458266247046602,up
gene-Fur1,357.68215521503225,-0.8554391099465332,0.3927357313538426,-2.345457459366867,0.0190037470847198,0.0458266247046602,down
gene-Msh6,18.584241132716723,-1.8409025084467925,1.497095026167153,-2.345228906746232,0.0190154011818719,0.0458436519797739,down
gene-LOC142986927,277.46790625587505,-1.786095685429866,1.3827112973887377,-2.344930274472966,0.0190306381179017,0.0458693067024334,down
gene-Mct1,517.1326233070737,1.1062077530300956,0.5414812667644695,2.3447277921317458,0.0190409753251051,0.0458831421342044,up
gene-LOC142973172,10.511524597482229,-4.745258591985074,2.7905063029446486,-2.344513566459228,0.0190519174016915,0.0458984280922721,down
gene-LOC142972160,1888.034859629451,-1.2496217473181808,0.6521313426300144,-2.343554440684838,0.0191009744235327,0.0460055081373746,down
gene-Mau2,207.86263484777115,-1.0727462498206184,0.5240274642457049,-2.343295836165229,0.019114220321453,0.0460263047113202,down
gene-LOC142975763,760.4729793847355,0.9374329760587368,0.4371631287901451,2.342416104345206,0.0191593409191748,0.0461238257873334,up
gene-crok,39.05222666871968,1.0720692797953728,0.5193861513943151,2.342274418576152,0.0191666165440344,0.0461302145469031,up
gene-siz,189.2401492926349,-0.980363244815915,0.464891598187405,-2.3412945160481637,0.0192170010993801,0.0462403297909627,down
gene-LOC142981739,18.92137687179717,-0.9197489695004822,1.6417079555196608,-2.34118000989698,0.019222896315723,0.0462424559408666,down
gene-LOC142975102,250.09277291105,1.152657686332886,0.5747458542139546,2.341097391648969,0.0192271508019834,0.0462424559408666,up
gene-snRNP-U1-C,334.53508624373035,0.9670455476313192,0.4548128129505479,2.340816252731209,0.0192416344191032,0.0462661414447288,up
gene-LOC142981745,8.851788901393476,0.6418560397433253,0.9690915922330952,2.340325382771112,0.0192669457475833,0.0463158442935041,up
gene-LOC142987341,602.2897909282029,-0.6078785187476552,0.2678072288759506,-2.338783591642757,0.0193466363431609,0.0464962141442546,down
gene-LOC142973244,48.93145105567691,1.5085080041542356,0.8978879262357066,2.3372916945240223,0.0194240221101338,0.0466709592395874,up
gene-LOC142974809,2023.974187195727,-1.269147572627417,0.6717779382194425,-2.337054497731709,0.0194363505621244,0.0466893417474281,down
gene-eya,62.681743303829336,-0.9072674809028392,0.4232680562184602,-2.336637369548082,0.0194580476443154,0.0467302149994978,down
gene-LOC142980728,439.4058525007731,0.6278216845348488,0.2770989896723942,2.334835531934305,0.0195520142242183,0.0469220134580243,up
gene-LOC142983188,14.1022785122719,0.9164264567219118,1.2944418282816572,2.3349178940280004,0.0195477103770229,0.0469220134580243,up
gene-LOC142975624,12.088658692215818,1.9081644249243497,1.5239090366255408,2.334946479848858,0.0195462168128746,0.0469220134580243,up
gene-ath,109.24362484541848,-1.2454754303810287,0.6516417615232919,-2.334679414848914,0.0195601744243548,0.0469303127234339,down
gene-LOC142982867,710.5456415117286,1.1436943007492058,0.570615394864319,2.3339415074871783,0.019598784928762,0.047011649212683,up
gene-LOC142986428,10.59846995075349,-1.7498296283190404,1.197253192469397,-2.333407043125224,0.019626791969722,0.0470675181763083,down
gene-LOC142976046,25.993890107263667,-1.6214198396047406,2.70945302345464,-2.3328522122188966,0.0196559032334399,0.0471260077283122,down
gene-ash2,324.1286571601848,-0.831967423379058,0.3813827888200806,-2.3327270648224623,0.0196624747662884,0.0471304420370617,down
gene-Rrp42,332.9581750272981,0.90091918875024,0.4191347252465434,2.332209749429812,0.019689659539117,0.0471728629182279,up
gene-LOC142974735,255.82673609807804,-1.1792681897867492,0.6024518732122199,-2.3321205312525644,0.0196943512453918,0.0471728629182279,down
gene-LOC142973721,454.8558526535123,1.307344671065096,0.69786280668286,2.3321427159625805,0.0196931845293434,0.0471728629182279,up
gene-LOC142983851,450.448375407451,1.2702963728475156,0.6695749921973605,2.3310489350576424,0.0197507794865255,0.0472966722780737,up
gene-LOC142981125,274.1419141532305,-0.5984045261544755,0.2646035072277,-2.3289214950943045,0.0198632249766534,0.0475052091099583,down
gene-LOC142979578,18.93574266624538,0.8768949479072944,1.2128169402650253,2.328861190767572,0.0198664204814112,0.0475052091099583,up
gene-LOC142987570,136.00482914251918,0.9058247425098004,0.4222296367813985,2.3292284770495413,0.0198469650679796,0.0475052091099583,up
gene-Cnb,83.01369914373898,-1.2361764364184014,0.6467502464453275,-2.328861433386712,0.0198664076242104,0.0475052091099583,down
gene-serpin-12,37.521234213088114,-1.9035746114176104,1.5838187982421557,-2.329102688725299,0.0198536262904506,0.0475052091099583,down
gene-LOC142983991,10.578719725623378,-2.020657880021055,2.7290776546936604,-2.329195784426667,0.0198486961445757,0.0475052091099583,down
gene-Kr-h1,10.47592529558242,-1.4877817000963254,2.653411109528711,-2.3287429065674434,0.0198726896225349,0.0475088179934183,down
gene-MFS16,99.39421434226276,-1.1385802684732722,0.5733980707802135,-2.328337593860771,0.0198941845658669,0.0475488161283329,down
gene-RpL17,18889.634339806984,0.8118168850888797,0.3771021150522288,2.3268835921892936,0.0199714617156699,0.0477220874752458,up
gene-Taf9,417.58461316131417,0.948047629188345,0.4475763562615513,2.326385460281514,0.0199979965799273,0.0477740554964707,up
gene-wol,524.640315250084,0.9235479005347926,0.4326039547398846,2.326228908953909,0.0200063422263916,0.0477825560568593,up
gene-LOC142973753,230.52170361570643,1.6457606694225018,1.1090750174806148,2.325665090689114,0.0200364241954246,0.0478429545202232,up
gene-stmA,298.253453414903,-0.7692657053785482,0.3501331741019352,-2.3250561292799548,0.0200689590717079,0.047909179740425,down
gene-LOC142984182,266.7029447719736,-1.085187741327076,0.5378746987964251,-2.3239451692394058,0.0201284329420087,0.0480396674304613,down
gene-LOC142982889,3842.680184558933,0.6817023331936883,1.000514253653144,2.3234758742863866,0.0201536022385818,0.0480882390493152,up
gene-LOC142976268,15.05067632630586,1.850062504062645,2.6513824361508878,2.3224381548779363,0.02020935488656,0.0482097445322074,up
gene-LOC142973716,5.76549832570553,-2.614030746830093,2.400354555136383,-2.321820101548853,0.0202426244051444,0.0482775708931295,down
gene-crb,1087.63809523337,-0.7497373287336834,0.3397359258213628,-2.321033285614402,0.0202850474681119,0.0483671903438187,down
gene-LOC142979791,35.68675164169359,-0.9250852311074323,0.4369110960876468,-2.320283792974926,0.0203255302691793,0.0484521417761354,down
gene-LOC142976251,31.0041367101744,1.0797896650879857,0.5317925192470672,2.3197529177565657,0.0203542473792304,0.0485090121996416,up
gene-Gos28,886.0289203524075,0.636286240530133,0.2831575203369192,2.319151852375193,0.0203868040649578,0.0485402412624866,up
gene-wapl,390.4012868264087,-0.7808687174479941,0.3574171798109297,-2.3193053902459546,0.0203784833747891,0.0485402412624866,down
gene-tsr,35928.18503441176,0.8867306165603481,0.4178898663320265,2.3192098035270714,0.0203836631654125,0.0485402412624866,up
gene-_Bre3,84.17113671081881,1.3721025426952802,0.7629795293177,2.319226430915403,0.0203827620540722,0.0485402412624866,up
gene-LOC142985659,152.21935202716023,-0.9521663579587698,0.4548272077826036,-2.316685676416526,0.0205208603958455,0.0488477719081646,down
gene-LOC142978850,156.84804598223403,1.1447117755507592,0.5775112556707626,2.3163433086571605,0.0205395314506026,0.0488743742490424,up
gene-LOC142974069,75.53690967835017,-1.3228716664938542,0.7242329903658075,-2.31630118898667,0.0205418294734728,0.0488743742490424,down
gene-LOC142983552,138.2061084413356,-1.2974960148875982,0.7044462103557649,-2.3155335615490644,0.0205837500426708,0.0489624426062672,down
gene-LOC142984477,128.02905395120632,0.849058390835055,0.3931790434429907,2.3147812096274603,0.0206249087739141,0.0490486572486149,up
gene-LOC142972901,320.28548932657384,-1.127806912023467,0.5714346072345818,-2.3137876176254983,0.0206793749188356,0.0491664700011669,down
gene-LOC142977519,556.2265661559962,-1.1429770134605934,0.5827310830507044,-2.3134362960141748,0.0206986634485109,0.0492006096402924,down
gene-LOC142978039,376.1790640275228,-1.3886582546427535,0.7940522111181687,-2.3132533621150926,0.020708713234953,0.0492127778090633,down
gene-LOC142976739,166.13959248587832,1.2235355329739948,0.6381414895857042,2.3129613125936,0.0207247662914564,0.0492392031314037,up
gene-LOC142978375,27.3243683118035,1.4554686327090516,0.8542858569638039,2.312778886521318,0.0207347991906483,0.0492513162117709,up
gene-LOC142983647,280.9578325470836,-1.383653371074377,0.7883956320816518,-2.312672184872276,0.0207406694308946,0.0492535383273279,down
gene-LOC142973345,996.49343119171,0.9790926363039468,0.4692109862145809,2.3122082385089824,0.0207662105015184,0.0492907365078847,up
gene-LOC142980621,24.443551989884217,1.6591906243532075,1.1458962686277223,2.312279928488855,0.0207622620507772,0.0492907365078847,up
gene-LOC142986633,60.01162110480745,-1.0493013761540837,0.5165384769805712,-2.3116004491439406,0.0207997118687069,0.0493585173945707,down
gene-LOC142981701,364.7705190625701,0.794202855376832,0.3642757671738129,2.311147819596432,0.0208246914190762,0.049382571882585,up
gene-LOC142980629,68.39014993088959,-0.9290139878819283,0.4419499325223631,-2.3112171609239875,0.0208208629405132,0.049382571882585,down
gene-DNApol-alpha180,62.79455789291459,-1.3203701476112648,0.726235249136496,-2.3112388838162703,0.0208196637007682,0.049382571882585,down
gene-LOC142984246,151.21950903065786,1.6562657544378223,1.1450184616075754,2.310416621396217,0.0208650997537492,0.0494666414827009,up
gene-Yif1,339.7904846748715,-0.924248125207566,0.4396560244668533,-2.3102261060026263,0.0208756394555407,0.0494798758978275,down
gene-Smox,412.88474872862656,-0.8960478860740902,0.4233053775230726,-2.3098181418928747,0.0208982244737441,0.0495216473106458,down
gene-crim,47.38119813524987,1.1448630090664034,0.5804225292259808,2.3096003799798246,0.0209102885549788,0.0495384737876201,up
gene-LOC142986181,35.348757094221824,-1.681002882743953,1.1966252542078986,-2.309461777908928,0.0209179703156634,0.0495449126057515,down
gene-Mtap,2073.691522554836,1.360906676249367,0.7598362943844207,2.30904054678706,0.0209413313603957,0.04958847646693,up
gene-LOC142979032,53.36720444665715,-0.9777974311177916,0.4721381246821272,-2.308307322419486,0.0209820494650833,0.0496717421637753,down
gene-LOC142984442,145.53519054672503,-1.3016274322547656,0.7124572563620967,-2.308228192184472,0.0209864479215149,0.0496717421637753,down
