gene_id,baseMean,log2FoldChange,lfcSE,stat,pvalue,padj,regulation
gene-Kdm3,668.3761526631721,-5.4743838463673695,0.3707211105256015,-15.005031465122698,6.805866658404448e-51,6.94674809823342e-47,down
gene-hyd,780.816254185328,-3.2680507382488484,0.3121364351549091,-10.725553576950649,7.722327233719872e-27,3.9410897037289376e-23,down
gene-LOC142983471,1200.1447933387913,-4.168711044615144,0.4167878567791279,-10.293649528075086,7.526829238561142e-25,2.5608782012664525e-21,down
gene-LOC142980569,809.2838736984895,-5.2482389473303765,0.5340572248249043,-10.151785956122383,3.2535405805759222e-24,8.302222176484608e-21,down
gene-Akt,830.9906295978416,-3.647809405515922,0.3715329986649424,-10.09851620322973,5.6084326110871675e-24,1.1449054332273343e-20,down
gene-hfp,406.745666142009,-5.126102083699338,0.5301942286168883,-10.019223290259744,1.2548519120389224e-23,2.134712244363547e-20,down
gene-LOC142982010,226.9147363002741,-4.802136957372091,0.494647755183027,-9.974455349546805,1.9718028033842126e-23,2.87517017344895e-20,down
gene-bel,1426.98017762236,-2.725526969652236,0.2809073638431467,-9.92869223597252,3.1232475508691373e-23,3.680060643748203e-20,down
gene-RpII215,1471.3183735839802,-4.047997702524111,0.4198846598904389,-9.924881312219783,3.244885450547059e-23,3.680060643748203e-20,down
gene-LOC142979270,1608.1029121887716,2.3424551940376848,0.2492905330567843,9.602766273085226,7.78270822347108e-22,7.943810283696931e-19,up
gene-ctrip,914.3262170694366,-4.379904294351885,0.475446962440386,-9.540424438663008,1.4224892591750201e-21,1.3199407153090393e-18,down
gene-Sec24AB,627.5558906064496,-4.207047938741534,0.4613762934460713,-9.432013879306814,4.022896055913658e-21,3.42180833689256e-18,down
gene-LOC142984078,314.7000909562359,-3.999481721863872,0.4390074611788098,-9.405905054933726,5.158432350233438e-21,4.050162999910208e-18,down
gene-Zn72D,1018.683206051182,-3.72379421225789,0.4092310747419272,-9.392740393030609,5.8459094653463824e-21,4.262085565199323e-18,down
gene-RhoGEF2,605.2835685803592,-5.427219332301748,0.6081620515448896,-9.297098407550402,1.4433062059074882e-20,9.82121762913182e-18,down
gene-Sin3A,1566.8233798036754,-7.342926840840644,0.8271733313934766,-9.277313998509747,1.7380466658818404e-20,1.1087651449159965e-17,down
gene-MED14,140.7344972727803,-4.058486300746464,0.4549229887131366,-9.19355436037666,3.800705707488976e-20,2.281988420961175e-17,down
gene-PlexA,1419.299178275025,-2.131635417440907,0.2371180756823046,-9.178340513079696,4.377857545835515e-20,2.482488442796839e-17,down
gene-mRpL49,1362.190056628317,3.33501385617184,0.3773433305919826,9.12492100920138,7.178859133854458e-20,3.8565586936448656e-17,up
gene-ND-B17.2,4209.338591870494,2.8985146627516567,0.3278062262483595,9.101680901078051,8.894442980822091e-20,4.5392789752625546e-17,up
gene-LOC142982198,2565.6125387701977,4.715601692742776,0.5408231600618009,9.061491162906051,1.2867919389040765e-19,6.254421581139956e-17,up
gene-LOC142984548,253.96012224410225,3.801595340361888,0.4368489462880295,9.02052656747821,1.8718736336162856e-19,8.684642808327922e-17,up
gene-RasGAP1,240.1390405084354,-4.149566461267835,0.4847249562874288,-8.922001102847279,4.579376686579271e-19,2.0322477321702004e-16,down
gene-cut,140.23960907642777,-3.89627908836852,0.4557514039287709,-8.83703445127897,9.829283719620812e-19,4.180312455257068e-16,down
gene-LOC142972444,261.5308742994021,-4.37384059566619,0.5156225204685653,-8.814865461695803,1.1982887056122029e-18,4.892373127273501e-16,down
gene-LOC142972485,282.3151577332548,-4.28770057722748,0.5086696877923556,-8.768153946218993,1.816194017832625e-18,7.1299585923144645e-16,down
gene-SERCA,3709.311812499433,-4.784384068280804,0.5720699447366161,-8.720404029808273,2.772108215700875e-18,1.0479595762095861e-15,down
gene-RpL13,45233.5468748245,2.519093319912781,0.3001219821776919,8.666110698776507,4.471322332829074e-18,1.6299566803995129e-15,up
gene-RpS23,43803.07364593415,2.8394252475386828,0.3403662922180676,8.66195456587379,4.637431956136138e-18,1.6322161371131574e-15,up
gene-LOC142984753,789.8869660875284,4.685270414785256,0.566326836458608,8.633773010040244,5.93607396321348e-18,2.019650231417333e-15,up
gene-Chc,3623.133733797947,-4.024229653611042,0.4867956738216837,-8.60552738560699,7.59666594907685e-18,2.501263527168626e-15,down
gene-RpS11,30931.83783914985,2.9793927713727264,0.3593729750823819,8.578169531544193,9.639480501043715e-18,3.074693046067287e-15,up
gene-IscU,3552.984530389764,3.414383121674925,0.4136423854413393,8.562254579672432,1.1068146589922242e-17,3.322722713039304e-15,up
gene-lig,1223.351006355413,-5.215351600111686,0.6369589365577915,-8.562316518676317,1.106220029553486e-17,3.322722713039304e-15,down
gene-drpr,1025.8275573584776,-3.434983661775708,0.4194843131689788,-8.504967387948541,1.816466475117825e-17,5.215208514090844e-15,down
gene-LOC142986676,712.8240727218787,-4.129806520895012,0.5072757357031626,-8.503511724897526,1.8393994955155325e-17,5.215208514090844e-15,down
gene-eEF5,25115.461060108504,2.15049320266468,0.2625228760855779,8.451146065041385,2.884571026307115e-17,7.957517963653168e-15,up
gene-MED9,686.558290885342,2.642068359902998,0.3239838400548309,8.419149176686624,3.792282719126703e-17,1.0186270977401646e-14,up
gene-fry,201.65098534269745,-3.4386340467397583,0.4284743772746079,-8.331245715810983,7.999610344597426e-17,2.093641609930921e-14,down
gene-alphaCOP,1158.105611098931,-3.323792070174224,0.4159707203340969,-8.308852654062651,9.663182001281588e-17,2.4658024671770292e-14,down
gene-fray,558.8196253494738,-2.481725451590445,0.3104412324124599,-8.243302520788006,1.6752130666170147e-16,4.1704633587707e-14,down
gene-RpL14,38962.82557612551,2.5944097571357183,0.3265162983812797,8.223255603750895,1.9805211955574667e-16,4.8131380578702526e-14,up
gene-NP15.6,4514.543844946954,3.196470864070647,0.4048040402729255,8.208409002111654,2.2413858174565673e-16,5.3204244276230655e-14,up
gene-Dscam1,208.0497687289344,-4.721561857698932,0.6050058253422804,-8.205333928104912,2.299508478565403e-16,5.334337054708425e-14,down
gene-LOC142976071,5370.535002981736,3.015344464710303,0.3820769609933767,8.201613702766853,2.371814057316619e-16,5.3798013517846075e-14,up
gene-LOC142972528,2055.5463642929603,-4.392973058382359,0.562942784118462,-8.18548813012973,2.712021186649793e-16,6.017739185246618e-14,down
gene-LOC142982718,443.69211444051945,-3.7527529672650366,0.4797672160146691,-8.16667165096173,3.170142124107654e-16,6.884604395907836e-14,down
gene-mbf1,4778.6014864619065,2.537991624832002,0.3227492070000975,8.130034199039875,4.2916933706953655e-16,9.126107132226585e-14,up
gene-mtgo,282.7358197910041,-9.732782216301109,1.2209799739599263,-8.074741559934836,6.761971033454269e-16,1.408559966091178e-13,down
gene-Spt5,629.7256054740125,-3.709518467387402,0.4820519244288791,-8.055086481893278,7.942263372364214e-16,1.6213336448344308e-13,down
gene-Esp,863.2448725531335,-3.54401423849506,0.4600414293137487,-8.05213223420778,8.136392887489145e-16,1.6283953373059157e-13,down
gene-LOC142981272,419.2226953819725,3.343251888587992,0.4330118933491979,8.048071834700622,8.410857943462145e-16,1.6509543659407331e-13,up
gene-LOC142982993,647.5762831786848,-2.38828835137314,0.3069037577703304,-8.041446417678918,8.878416824965789e-16,1.705510020414497e-13,down
gene-ALiX,1462.8240606372335,-3.479970442616447,0.4522967335896495,-8.039467403023655,9.022978456195046e-16,1.705510020414497e-13,down
gene-zip,2517.9395806223865,-2.6194037083152573,0.3377356095433114,-8.0367520542884,9.225107447652446e-16,1.7120122130579734e-13,down
gene-Cln7,344.4778051797239,-3.8031111312137287,0.4961939218853579,-8.021073493971166,1.0482498282139432e-15,1.9106224993892357e-13,down
gene-Su(z)12,83.54079944053926,-7.145840841157121,0.9032586317457276,-7.989864447919621,1.3508720362342958e-15,2.419008925235694e-13,down
gene-SF1,348.63573172342177,-5.765699404001025,0.7526837723430129,-7.980363230804504,1.459032888934142e-15,2.567646327129446e-13,down
gene-LOC142973978,336.7602740195913,-2.3553227983594542,0.3050616359817367,-7.973100334010389,1.5474244481761713e-15,2.6770442953447764e-13,down
gene-DCTN5-p25,955.2461020901652,2.180795798835494,0.2821672233401014,7.961386059486177,1.701226792897564e-15,2.8940703125175733e-13,up
gene-Cka,374.8887782550274,-4.230898078829893,0.5593188567179939,-7.938311779722738,2.0495163285884e-15,3.429411994410131e-13,down
gene-app,214.28527814363252,-3.781840279329468,0.4974766009737885,-7.929436540666535,2.2014241687097827e-15,3.624183304842057e-13,down
gene-raptor,282.72424373335167,-4.212069569407354,0.5579050270350193,-7.926047613716624,2.2623087982946785e-15,3.6652993498720293e-13,down
gene-Mi-2,1071.9082089010146,-2.785926167343553,0.3653165421038954,-7.921279137616833,2.350795272858069e-15,3.749151148447236e-13,down
gene-RpL9,37674.06429627014,2.535145988684148,0.3320438280919923,7.91415684860377,2.489343085509123e-15,3.9090345959679417e-13,up
gene-Btr175,8028.852903686557,-3.3250676326451742,0.4408041847890518,-7.88665838154441,3.10385559120561e-15,4.800159699914496e-13,down
gene-LOC142980159,282.1751694042658,-3.701327247620424,0.4894459748962591,-7.8824595388190515,3.2099897477552832e-15,4.890203784378833e-13,down
gene-LOC142979245,2210.4695116634507,2.896628115495904,0.3824094757082697,7.875526571517701,3.3931075155961048e-15,5.019340349520209e-13,up
gene-LOC142980840,625.1622408919737,-4.2348506210695,0.5659902135591207,-7.876209017327849,3.374635307918325e-15,5.019340349520209e-13,down
gene-LOC142983778,191.96495048677343,-2.316231916903773,0.3043055862872783,-7.867615790985605,3.614636628944794e-15,5.195874559300623e-13,down
gene-sip3,504.201436284855,-2.7805983673623365,0.3677394231454384,-7.865878519777958,3.665160853038551e-15,5.195874559300623e-13,down
gene-RpS15A,28114.04171146598,2.9351114835694148,0.3889299006477835,7.868718783072958,3.582915389583304e-15,5.195874559300623e-13,up
gene-RpL30,29804.595990592145,2.9294172233157147,0.3879728317527249,7.860414599819628,3.828640789687782e-15,5.353278978129204e-13,up
gene-Ranbp21,272.7631595673891,-4.990015442568549,0.6760970747699794,-7.830042401708738,4.877054570139761e-15,6.727039999650882e-13,down
gene-Srp14,1142.0819029707811,2.239415342502804,0.2953949237408489,7.822693874399316,5.170473510499076e-15,7.036669749555209e-13,up
gene-eEF1delta,8307.787933684132,2.180829386579694,0.288019385842832,7.805297210982956,5.936148300425096e-15,7.972403381899863e-13,up
gene-eIF4B,1362.9173525191768,-3.220628079478682,0.4320453098426393,-7.789298843854421,6.7382064129231305e-15,8.93206140996187e-13,down
gene-LOC142975164,1404.353971914764,-4.253562555415047,0.5773121815066251,-7.761760650194485,8.375836692672765e-15,1.096053399001422e-12,down
gene-Pfdn5,1208.4748088371834,2.5473251838191606,0.340521746844231,7.758640307430886,8.584473752712103e-15,1.1091357416953472e-12,up
gene-Tctp,88761.43475456814,2.445529097537529,0.3281068128949542,7.748650875185003,9.287397640933173e-15,1.184955846512561e-12,up
gene-LOC142972324,496.8018698617543,1.9823333293536565,0.2644442103486598,7.711615381610999,1.2423506580797512e-14,1.546423556953661e-12,up
gene-LOC142983444,399.1405623297584,-3.1682921296995765,0.4302124269259043,-7.712273636837436,1.2359577171139056e-14,1.546423556953661e-12,down
gene-mTor,205.84692480880588,-2.5464255393411173,0.3428825983676594,-7.698869299797839,1.3727549019074136e-14,1.6881577450324065e-12,down
gene-kug,205.50801517948307,-5.002628720321175,0.6921634498695838,-7.668516722069706,1.7399668089201782e-14,2.11426681174384e-12,down
gene-LOC142980057,11160.080694084552,3.0144309685290143,0.411364033056593,7.651299678891895,1.9895806612516354e-14,2.389135271693581e-12,up
gene-LOC142973627,204.63710834236528,2.680813756761231,0.3673308443715822,7.596780520616743,3.0358878311928384e-14,3.603175243370384e-12,up
gene-Wnk,985.0393099691292,-4.4558459237990204,0.6216249127261898,-7.57801872155771,3.5087177834303587e-14,4.116492231663641e-12,down
gene-LOC142978573,698.5019492132975,-2.301680447002494,0.3147997552544082,-7.5719591773504575,3.676370050751711e-14,4.264171489548035e-12,down
gene-LOC142981190,133.6262075088595,-5.105399327087278,0.7053955060413277,-7.566739382547001,3.827086113636011e-14,4.389108759762108e-12,down
gene-LOC142976389,356.93897260139914,-4.3911000622709055,0.6126839773515367,-7.562829122176968,3.9439557787073805e-14,4.4728840703629145e-12,down
gene-Dorsal,454.8323894985822,-3.212016148835433,0.4464842749980838,-7.544993948010946,4.523085041994591e-14,5.0733108817185476e-12,down
gene-LOC142979131,30357.67676709649,-4.632246134937493,0.6520300165113139,-7.531864809706099,5.0020733521894874e-14,5.549582902804139e-12,down
gene-RpS17,43965.72073273145,2.850218538790087,0.3970110405837201,7.519905628075866,5.481579467621898e-14,6.016180820001797e-12,up
gene-nocte,1193.2144294461464,-3.4040037246110786,0.4759958892841077,-7.516167551573891,5.640525760755231e-14,6.124770897875388e-12,down
gene-slpr,174.33645672681894,-3.662838084330748,0.5107893371613362,-7.486303629397042,7.084040584522898e-14,7.611242341707917e-12,down
gene-LOC142979247,967.3013988909516,-2.693083903361315,0.3753033436635636,-7.482019463143495,7.31891029914023e-14,7.781678898262952e-12,down
gene-LOC142979662,401.98349600387695,3.2357473971353867,0.4544079741214185,7.468684950931148,8.100020918102663e-14,8.523393145471533e-12,up
gene-poe,2037.138045821404,-3.8562074756684814,0.5457063317142733,-7.454015929599803,9.05410590816055e-14,9.430128469856606e-12,down
gene-Abl,178.90048851759047,-3.704921544515455,0.5220927126454954,-7.43774644615783,1.0241739633516507e-13,1.0559337014071008e-11,down
gene-LOC142987321,3618.980724178126,2.829059703927621,0.3974973025187158,7.436255302551393,1.0357956423358477e-13,1.0572366121321997e-11,up
gene-tai,665.3948610606924,-3.230389462298539,0.4578763889166711,-7.418299756558482,1.1863336563441092e-13,1.1989017455746849e-11,down
gene-RpS15,29725.010063017908,2.3891715808281884,0.3350053883496865,7.415054480280265,1.2157482020123061e-13,1.2047710580523892e-11,up
gene-Glob1,5674.696841570066,3.332016175374012,0.4720571029977912,7.416138358592381,1.205845298386595e-13,1.2047710580523892e-11,up
gene-SNRPG,784.9126500777271,2.6318901369876726,0.3702155634873235,7.409741622542752,1.2654571885873596e-13,1.2419732234529979e-11,up
gene-Pfdn2,1930.722621468791,2.401874216176145,0.3365972616532454,7.40679982728515,1.2938352609118756e-13,1.252011759667394e-11,up
gene-blp,1263.778099740353,2.6590783591998823,0.3743657575738224,7.406146908075287,1.300217953607757e-13,1.252011759667394e-11,up
gene-bc10,1375.692317162113,3.093498075679972,0.4383880316397606,7.397359081904418,1.3891952814308822e-13,1.3209702630685704e-11,up
gene-C3G,349.5259438463009,-3.1645773180331185,0.4488651126119548,-7.396546838611481,1.3977151798903262e-13,1.3209702630685704e-11,down
gene-LOC142983258,396.2052509770706,-3.7690404464559366,0.5386851942703115,-7.392595603774673,1.4398989751849541e-13,1.3483531045608095e-11,down
gene-LOC142973585,3422.1826830484374,2.804301266251368,0.3966848233995325,7.387791831541502,1.4928721847530273e-13,1.3852496717976499e-11,up
gene-Upf1,508.6279594087207,-3.384727147248879,0.4835598449313243,-7.374127159536933,1.654252400181137e-13,1.5211670494278256e-11,down
gene-LOC142976875,4434.565011853765,2.334425910019742,0.3288079240062079,7.371152030124732,1.6915979880243661e-13,1.5416197021218487e-11,up
gene-LOC142975900,194.53150937559133,-3.4922874095896845,0.4980256736338162,-7.369963899715746,1.70674247579866e-13,1.541656677033356e-11,down
gene-l(2)gl,4807.652296546244,-3.766929684762083,0.5401443783791324,-7.368263351379983,1.7286505272506047e-13,1.5477487659339402e-11,down
gene-ND-ACP,8263.531486161772,3.189993384064584,0.4548662518698591,7.363105192641698,1.7968066623279746e-13,1.5947830958592727e-11,up
gene-Hipk,934.0584589836084,-2.3227782983920107,0.328420003001812,-7.349403867988437,1.990927809925736e-13,1.751844841026895e-11,down
gene-RpS27A,34022.633314461884,2.395668272305359,0.3397251989587137,7.34479286163978,2.0607799503998298e-13,1.7978103379257318e-11,up
gene-ND-ASHI,6779.675830280685,3.3152405963554146,0.4751742490267919,7.337090043363399,2.182877605272908e-13,1.888189128561065e-11,up
gene-LOC142984570,4027.267846499499,2.5036014232346715,0.3565058374237146,7.315966992060682,2.5553447532401345e-13,2.191798646749752e-11,up
gene-LOC142972148,5861.540031102434,3.7423591509976575,0.5407350344195536,7.308727669150007,2.6968370634092725e-13,2.2938846588515373e-11,up
gene-LOC142975301,182.80878685009432,-3.525332611875289,0.5144671102174202,-7.231078204463309,4.791742988159712e-13,4.0420926181938976e-11,down
gene-LOC142974754,1015.8469931765104,2.5864491334435225,0.3738475006118975,7.223123086735998,5.080698728730602e-13,4.2507124527994456e-11,up
gene-yps,21044.17340998029,2.0349599295683123,0.291600323846197,7.217608873543991,5.290963209526938e-13,4.390639144686296e-11,up
gene-RpL24,38934.182349592906,2.632290167218015,0.3820277151124538,7.207928103096506,5.68096095071288e-13,4.676255518058578e-11,up
gene-Acadvl,706.3935024954593,-2.944195515336108,0.429470207990392,-7.198255268235139,6.098788894948563e-13,4.980027060059199e-11,down
gene-awd,18375.46002881164,1.531470115513139,0.2177898566349314,7.196256669699719,6.18880807617605e-13,5.013425716946741e-11,up
gene-LOC142987721,13930.717714981996,3.1069654182141866,0.4547116079148399,7.186420966560121,6.651176126019724e-13,5.345555489628607e-11,up
gene-eIF1,16397.185596864612,2.1724557343920017,0.3140691820017765,7.181181097642659,6.911173257520999e-13,5.5111207374622535e-11,up
gene-RpL26,25777.403452967326,2.7104784444628645,0.395947937266042,7.178546741754547,7.045630362764732e-13,5.574786752925551e-11,up
gene-LOC142983254,2494.1870763546176,3.271281255673798,0.4839380856131463,7.16032347664327,8.048691088257212e-13,6.319460764449336e-11,up
gene-E(bx),203.73321550907792,-2.346332671300908,0.3421241796402903,-7.151860585725503,8.560949361724088e-13,6.67035191871128e-11,down
gene-RpS10b,26641.317145257013,2.600592425235176,0.381181909911076,7.149583692175929,8.704146771600048e-13,6.73054743164558e-11,up
gene-Npl4,523.7863990820111,-3.792064657697857,0.5631148872169142,-7.1433664394932,9.107241134478346e-13,6.989294004482742e-11,down
gene-MagR,1079.4300609996665,2.08646984686449,0.3027465437054922,7.139318501044262,9.379477472825026e-13,7.144501982472019e-11,up
gene-Uba1,4065.154869366113,-4.415276095219933,0.6583237810297251,-7.135133204664171,9.669347427150657e-13,7.310742902883464e-11,down
gene-Srp19,1244.9312714230066,2.293734460754664,0.335280313129188,7.114745477867488,1.1211954789920222e-12,8.324790283925462e-11,up
gene-LOC142987402,3442.051376872301,2.996853402090246,0.4429113335858174,7.1152093012245805,1.117431310118872e-12,8.324790283925462e-11,up
gene-LOC142977612,4224.116229338982,3.4685820659380027,0.5153704064223064,7.114214154458802,1.1255227384948699e-12,8.324790283925462e-11,up
gene-Isha,310.417008334561,-3.571886280250148,0.5329247376356728,-7.099571064767709,1.2514468303751326e-12,9.18958114938056e-11,down
gene-Nacalpha,5690.148783660347,1.7784332947076062,0.25889942248183,7.064636445743486,1.6103704102937825e-12,1.1740750555620455e-10,up
gene-rin,1116.8756446124523,-4.267311744244243,0.6453781450405914,-7.056191211362861,1.711283082911046e-12,1.2387990373952515e-10,down
gene-MED21,636.9088013052707,2.200166063744186,0.3242350881880044,7.050662763329674,1.780675864076205e-12,1.2799548270863256e-10,up
gene-RpL36A,27314.73335328505,2.7990943311157426,0.4187423405684407,7.035566357431936,1.9845324237910444e-12,1.4165120594150482e-10,up
gene-LOC142978054,931.6459153412076,-2.7832259231830885,0.4159889735236026,-7.026123637991787,2.1235031096522423e-12,1.4947997407048575e-10,down
gene-LOC142975815,1636.745070557655,-6.076249414122356,0.9286130873318724,-7.026732288075417,2.114264662648484e-12,1.4947997407048575e-10,down
gene-Cul2,125.52374160425632,-4.753277191750509,0.7309285701748777,-7.0159874615571605,2.283305315128345e-12,1.5962806405147273e-10,down
gene-osa,363.9980252830582,-4.924144565092566,0.7530164010068254,-7.0103602231093305,2.3770531417040817e-12,1.6505157426784734e-10,down
gene-LOC142980021,14380.392507449282,2.938242867792621,0.4417593669816412,7.001577435346153,2.5309647635258997e-12,1.7455106311695171e-10,up
gene-LOC142975468,1309.9576159749,2.563495562918197,0.3834349528031835,6.997471446042768,2.6062315528122747e-12,1.7853560711110658e-10,up
gene-RpL38,9983.417243199116,2.75848994721214,0.4140058525560485,6.993070908314316,2.689334965008837e-12,1.8300027991896799e-10,up
gene-ND-13A,3937.783373710408,2.860768457851804,0.4308530063743098,6.983396956903031,2.881267971703919e-12,1.934809354419862e-10,up
gene-LOC142979334,4139.342078371762,4.159377843280071,0.6347396458206256,6.983474461017754,2.879678155564757e-12,1.934809354419862e-10,up
gene-LOC142982894,3761.8638584943687,2.6930623397148405,0.4048499494988317,6.978658504149036,2.980118707443081e-12,1.9881092579654595e-10,up
gene-brun,446.8578220523321,-2.271526556823692,0.3394674596101553,-6.966417759848907,3.251127997896397e-12,2.1409202241631307e-10,down
gene-LOC142980365,835.1124885975408,3.372621729937308,0.5126528043764533,6.966901575207273,3.239971692669414e-12,2.1409202241631307e-10,up
gene-Bruce,844.7242810367193,-2.9504480948291265,0.4484924884333935,-6.939182732173872,3.943747449700061e-12,2.5803737319928536e-10,down
gene-LOC142978836,524.8836494592302,1.9963722472866088,0.2983310835552252,6.9328984079744576,4.1230431134723326e-12,2.6805032521791145e-10,up
gene-Tomosyn,313.5771537009365,-2.6430964262945738,0.4010383786061487,-6.930873479399876,4.182499964805296e-12,2.7019479203017503e-10,down
gene-RpS18,43131.79797163178,2.6527144327282035,0.4024498001526727,6.923439947312781,4.4080605969698606e-12,2.812067157079461e-10,up
gene-LOC142981380,112.01524487352202,4.270294425301112,0.6595522004880425,6.924152341476887,4.385937319977456e-12,2.812067157079461e-10,up
gene-LOC142980280,306.6391010651335,1.7377779918713474,0.2585150782417401,6.921070619691684,4.482429496935868e-12,2.8273166519021736e-10,up
gene-LOC142978499,3864.575219832195,2.319343130041208,0.3495043950501456,6.920914760215148,4.487364530304225e-12,2.8273166519021736e-10,up
gene-mRpS18C,346.5367835273462,2.790723708642942,0.4249244434517604,6.912016463171459,4.7781238713069735e-12,2.992043580026397e-10,up
gene-LOC142980066,234.00958934187028,4.051507803591537,0.6249814257295137,6.909933983838457,4.8487929497166665e-12,3.017782294985245e-10,up
gene-LOC142987335,39010.135985915134,3.292904566101184,0.5048050953188638,6.9060215117219785,4.984344323233702e-12,3.0833456064997816e-10,up
gene-LOC142972233,137.68196816375703,-4.188540867794426,0.6481939019304295,-6.894569157370042,5.402829707293097e-12,3.322089326647026e-10,down
gene-NAT1,5502.911455547767,-5.389908721652694,0.846370324826816,-6.8717270119360565,6.342925077866342e-12,3.876780614956991e-10,down
gene-LOC142975852,84.1065947020635,-3.666374016795349,0.5644532091333011,-6.8707447612266925,6.386757843793128e-12,3.8803355542616936e-10,down
gene-LOC142977922,991.69149460221,2.6665392768227845,0.4079048275519688,6.867520457322961,6.532738694051794e-12,3.9455422396560154e-10,up
gene-fliI,411.7912373730118,-3.0021598522548376,0.4622150520100064,-6.862929569259106,6.746249301737614e-12,4.0505274484021067e-10,down
gene-Stam,1200.4315464481354,-4.4030165654289135,0.688276760183725,-6.854329242759742,7.164789590601758e-12,4.2766670965656217e-10,down
gene-eIF3k,4604.1539878079575,2.1841314183213827,0.3324497942571213,6.83834634177892,8.011252892742315e-12,4.699474613575907e-10,up
gene-RpL37-1,20657.5838041718,2.9834378286887846,0.461885887578188,6.8384256898324,8.006817763478716e-12,4.699474613575907e-10,up
gene-LOC142980570,117.4160991781413,-3.764420157565736,0.5859594758229316,-6.839263900426677,7.960113001315106e-12,4.699474613575907e-10,down
gene-Psi,703.7995147800976,-2.6842944838627814,0.4134315516403726,-6.830971273197553,8.434162327554379e-12,4.919285421562717e-10,down
gene-LOC142987853,163.41841524530307,3.69965269508006,0.5778350052856496,6.826464250050086,8.703297063231847e-12,5.047417791159515e-10,up
gene-LOC142982317,281.36292051586304,1.7460130859309897,0.2638101473330075,6.82062105815521,9.064776301097832e-12,5.227354333633082e-10,up
gene-LOC142974129,23194.658934733045,3.1661053598119797,0.4921490371289104,6.811994919628347,9.625450714177296e-12,5.519493002225148e-10,up
gene-LOC142980727,128.66776417646557,-3.4302164003093765,0.5328247515890822,-6.807479944508018,9.932315137064884e-12,5.663639139889456e-10,down
gene-LOC142978501,380.3372493628974,-2.332097897356098,0.3584463962810927,-6.795212582112323,1.081529315476142e-11,6.132872068369435e-10,down
gene-TER94,6122.955169800666,-2.851553897347826,0.4440373388166181,-6.782109401888284,1.1843373102445269e-11,6.678746367771209e-10,down
gene-EMC4,2177.390937789294,2.493414654307723,0.3855513370409167,6.781004712060955,1.193429842957834e-11,6.693043080808029e-10,up
gene-LOC142983967,2199.8784266564976,-3.6393599902351386,0.5745986804747634,-6.76210896249903,1.3599735650413632e-11,7.585382611135078e-10,down
gene-Usp20-33,924.5714445485291,-3.304552025991596,0.5195458517666401,-6.759292133903648,1.3866754761497087e-11,7.692280752750041e-10,down
gene-Rbcn-3B,262.03954359572737,-3.730695567511524,0.589036382379182,-6.7500990411542805,1.4774426758020135e-11,8.151490482114137e-10,down
gene-Mondo,926.3499305528748,-2.2059526030147603,0.342192758398526,-6.732304598752939,1.6699657771088562e-11,9.164161659650587e-10,down
gene-LOC142972268,298.8034473476944,-2.6970545977933806,0.4223140394477731,-6.725061054617509,1.7551883023629472e-11,9.580324600116902e-10,down
gene-LOC142972650,2824.950537439841,2.4806458826138718,0.3871528777490836,6.72203937968068,1.791985033710623e-11,9.729144276108683e-10,up
gene-tej,80.06833541442278,-3.933777681965545,0.6304165520029503,-6.715334350913818,1.8763547532875134e-11,1.0133308448045316e-09,down
gene-Vps8,144.1780008619136,-3.6850045092332175,0.583319808283912,-6.709977318630835,1.946546681302052e-11,1.0457053671605286e-09,down
gene-Fmr1,1943.158711087804,-2.882001401841208,0.4550476786550153,-6.703279874541613,2.037926008454923e-11,1.0890633910104398e-09,down
gene-RpL35,41626.52835338307,2.720018610988148,0.4279406598002292,6.700997612744572,2.070014238572766e-11,1.1004497569329283e-09,up
gene-nej,199.96125385264,-4.14245978870526,0.6616957751083453,-6.695011339144279,2.156549095126587e-11,1.140512777925237e-09,down
gene-Tmem131,129.32403344703275,-7.542067135216774,1.1249564856942482,-6.685518661864132,2.3010819376080297e-11,1.2106774916064515e-09,down
gene-FDL,106.81839957176824,-3.0685198537254497,0.4877193538360524,-6.67937405987599,2.3996495402616276e-11,1.2560627106384835e-09,down
gene-arm,1495.9156937288417,-2.177081739673213,0.3410094622714232,-6.666584409584658,2.618251308531915e-11,1.363494444193125e-09,down
gene-fh,458.4297492638738,3.0400284553769934,0.4842032703181377,6.660918781458121,2.721209997181108e-11,1.4099182965090134e-09,up
gene-LOC142981038,2500.216433825415,3.033384084771968,0.4829349794172604,6.659845642486253,2.741153214839381e-11,1.4130783264578563e-09,up
gene-Grx5,654.1150360597937,2.827649097369587,0.4479884616672178,6.654597723807501,2.8407595397378652e-11,1.4570669659348943e-09,up
gene-AP-1gamma,1950.4584710949848,-3.0074013706041693,0.4786694044016404,-6.651619888817727,2.89884577864748e-11,1.4794259431327415e-09,down
gene-RpLP2,27038.995193930503,2.7614114844669118,0.4395066845500461,6.649789440167607,2.9351261020529645e-11,1.4904891603808262e-09,up
gene-LOC142986285,152.00344956435535,-2.743801245372313,0.4360110613740386,-6.642637962698683,3.081180239786344e-11,1.5569112231435252e-09,down
gene-Fak,573.3092992340772,-3.717562804556062,0.5990167689915801,-6.640593279316034,3.1242304065200533e-11,1.570887672874393e-09,down
gene-Cnot4,902.3938794419008,-2.195384229598719,0.3463207681367642,-6.627809990036917,3.407036263805862e-11,1.7046872129738444e-09,down
gene-eIF3i,4746.800119009384,1.4155482282097658,0.2186999005926683,6.626124056025662,3.4461558595124033e-11,1.7158494077094195e-09,up
gene-LOC142977241,1345.9608460620348,4.470693266486097,0.7319203293018218,6.625252585376552,3.466549030169746e-11,1.7176245607253687e-09,up
gene-LOC142987685,1279.0760302105402,3.182680630804218,0.5110450769042789,6.623036599359949,3.5189384737211515e-11,1.735159661897188e-09,up
gene-Sf3b1,1023.0418965997488,-1.3977700604204937,0.2163957064186322,-6.609307092572352,3.861230052920169e-11,1.894787266834431e-09,down
gene-Frl,680.4047039952787,-4.963107372986841,0.8125887379257725,-6.605184157569583,3.970234948639205e-11,1.9389563694143717e-09,down
gene-LOC142977913,4521.222462443815,2.597341423134306,0.414567138059392,6.602020962098086,4.0559014435563797e-11,1.97136123973238e-09,up
gene-Slmap,297.00098865357705,-3.0122301920029613,0.484273113555022,-6.599329500824132,4.130214378990349e-11,1.997966737741919e-09,down
gene-LOC142987189,1793.1685253071444,3.323752467969946,0.5369032793351851,6.598021346244282,4.1668128497671027e-11,2.0031087382871797e-09,up
gene-kek5,361.4342831420152,-3.5819458665567367,0.5798471878529192,-6.597549422518712,4.180093673510035e-11,2.0031087382871797e-09,down
gene-Swim,2796.8182506498592,-3.970782354680481,0.6480607925227903,-6.586541425060186,4.501899915370517e-11,2.147237964307797e-09,down
gene-LOC142978713,1001.2872977855286,2.673462071296808,0.4290233136128503,6.57770606338313,4.7776149590536836e-11,2.268144924979579e-09,up
gene-Bet5,637.1983054010044,2.263795638737847,0.3604903917664285,6.57407194083691,4.895755805070421e-11,2.31347127325712e-09,up
gene-LOC142975886,53.6543200225877,-4.286573321013129,0.6918388599637199,-6.568413406387371,5.0854191694645295e-11,2.39202181855873e-09,down
gene-RpL34,20860.424118361185,2.3937239080910087,0.3843952307218627,6.551092776029504,5.7117558046867005e-11,2.665018459465287e-09,up
gene-LOC142975374,518.6818819428954,2.585628705667507,0.4161267798753861,6.550248626382167,5.7441369754321846e-11,2.665018459465287e-09,up
gene-LOC142976622,511.1987005683545,-3.1226568825955066,0.50820932661073,-6.55055287975461,5.732445320235288e-11,2.665018459465287e-09,down
gene-Sec16,646.5995419648326,-2.83314276372129,0.458661341574026,-6.548539243092064,5.810259005228048e-11,2.683498355944013e-09,down
gene-LOC142973811,460.104073469635,4.8707111491281445,0.8064324913157379,6.546263687792236,5.899437938648389e-11,2.712412749539825e-09,up
gene-LOC142985505,151.0387880145528,2.173714258559181,0.3473806711860054,6.544846294045168,5.955660768485637e-11,2.713813815354147e-09,up
gene-ND-B12,7971.924641290265,3.3949676534273183,0.5632567340175811,6.545141033952842,5.943926519723572e-11,2.713813815354147e-09,up
gene-Taf1,278.6540335338257,-2.320096310734583,0.3720296098582479,-6.540860753825812,6.116576221420663e-11,2.7747508218684758e-09,down
gene-garnet,332.07081623672667,-1.4524546378744303,0.2279393110436957,-6.532525914759455,6.466960253303891e-11,2.8824569129027427e-09,down
gene-LOC142976055,1178.8215344923044,2.153179591542693,0.3443911762724188,6.532662163222265,6.46107778098598e-11,2.8824569129027427e-09,up
gene-RpS12,13498.006628276058,2.335772107554192,0.3751141279361281,6.533638845959747,6.419062845656277e-11,2.8824569129027427e-09,up
gene-nonC,245.29155956720496,-2.783849657896518,0.4507742756973673,-6.532841029419432,6.45336324945823e-11,2.8824569129027427e-09,down
gene-CLIP-190,704.3685463942126,-4.238845647334,0.6999945244454276,-6.5292911843368575,6.608167010811853e-11,2.932589594754634e-09,down
gene-LOC142978047,136.16456943445476,-3.973469152638293,0.6485485364859933,-6.525966111071235,6.756459657841483e-11,2.9854192089864947e-09,down
gene-Utx,191.0756953121131,-3.606785138631712,0.5902460329609204,-6.524284446040451,6.832693387516318e-11,3.006090577861167e-09,down
gene-LOC142978392,5354.417879071753,2.4520810260035955,0.3967986021507211,6.501371340068752,7.959109143413332e-11,3.47395189619027e-09,up
gene-mRpL40,727.2904789895559,2.621908502379311,0.4275984302634434,6.501275378934769,7.964188730366641e-11,3.47395189619027e-09,up
gene-LOC142987276,684.0199567370468,-1.635358583158515,0.2595013251381239,-6.4985620139904,8.109136770630482e-11,3.522125915652142e-09,down
gene-grp,299.9734942416248,-2.408200170571504,0.3892637559667015,-6.492333710546391,8.451678592057972e-11,3.6553509910650727e-09,down
gene-Iml1,724.5013913566969,-2.160568972695027,0.3485445064525857,-6.490322150214575,8.565302411389969e-11,3.6888625195382877e-09,down
gene-LOC142973531,906.4828489639305,2.038159956204024,0.3273912601338229,6.488643345374276,8.661272682449452e-11,3.698682947083875e-09,up
gene-LOC142972401,2368.1876278096047,2.3302682261116074,0.3770523691378172,6.48802621631772,8.696815002450572e-11,3.698682947083875e-09,up
gene-LOC142972856,546.0014774802939,-2.6872816374570667,0.438139580678087,-6.488951254815165,8.643592399350269e-11,3.698682947083875e-09,down
gene-LOC142984096,1881.116691383231,1.7374084256591695,0.2768859881423181,6.485707098340708,8.831659371571119e-11,3.7259447369824225e-09,up
gene-Cand1,399.7461366454468,-2.350597357090774,0.3810091180278201,-6.485668445892458,8.833924035953229e-11,3.7259447369824225e-09,down
gene-LOC142974063,1552.1602960119317,2.867095478411767,0.4694624287895601,6.481609510926237,9.074926282458988e-11,3.811842492389255e-09,up
gene-RpL35A,27031.04216871344,2.606242252838157,0.4252756722924345,6.476646464172102,9.378358061777459e-11,3.9231516695312515e-09,up
gene-RpS30,28644.52716629016,2.482084640082041,0.4072267316922845,6.454376062113728,1.0866566528168179e-10,4.527144675633168e-09,up
gene-Mrtf,341.5083498484369,-3.31016541117055,0.5487056817558593,-6.445028285436744,1.1557885925005052e-10,4.795582993354738e-09,down
gene-Secp43,492.1461896810468,1.6162387651155474,0.2585349171332415,6.443943426196278,1.1640849190983537e-10,4.810451323577691e-09,up
gene-ND-B18,5159.607632555723,3.134973413957979,0.5183922708430241,6.43601110093829,1.226540670174195e-10,5.048105088898392e-09,up
gene-LOC142981931,315.60636707334925,-5.088143161400327,0.8645920001601559,-6.425046447009123,1.3182925858403782e-10,5.403940732398691e-09,down
gene-RpL37A,11466.0563576906,2.641367157011532,0.4359244006674226,6.41862244533058,1.375129793710051e-10,5.614379921759398e-09,up
gene-mRpS35,983.4933188475848,1.7107501259535385,0.2757414717401645,6.412945998836972,1.4273409046439978e-10,5.781297068929082e-09,up
gene-LOC142975927,3082.2749639027224,-2.5888622352500423,0.4276629791863698,-6.413291240932895,1.424110830216641e-10,5.781297068929082e-09,down
gene-LOC142972338,230.1393976818582,3.030916193433148,0.5044534483776456,6.407345412811648,1.4807509704556902e-10,5.973922986340407e-09,up
gene-LOC142983576,51.95073315997191,5.764072425474937,0.980356411920736,6.406034277529431,1.4935339996770868e-10,6.0017722577574925e-09,up
gene-mon2,104.92444826988044,-3.216605603666669,0.5377045411252646,-6.4045574016267,1.508062101041865e-10,6.036388182484046e-09,down
gene-Not1,1763.95209895316,-3.2685257885399874,0.5469690861512208,-6.403366534886291,1.519877207149854e-10,6.059916661476e-09,down
gene-LOC142975163,141.83006214044104,-2.397379986137496,0.3936310040684243,-6.402528996149862,1.528240924090995e-10,6.0695545183645075e-09,down
gene-sdt,766.0133938047292,-1.947369555650364,0.3170788475682897,-6.401340247637152,1.5401891112398176e-10,6.093298549777061e-09,down
gene-LOC142976245,329.72353502677873,-3.1079185398824127,0.5195675216953166,-6.397101761714263,1.583537990925632e-10,6.240607055358272e-09,down
gene-LOC142984411,90752.25889686578,-3.209821011816014,0.5337234037876951,-6.391360108290784,1.6441666050092274e-10,6.454618668203533e-09,down
gene-msn,1528.3477335364637,-2.2179254568186924,0.3642944012875602,-6.388466633473453,1.6755737422288608e-10,6.535684987205897e-09,down
gene-LOC142972952,467.3347606952415,2.857617862027164,0.4756172351393082,6.388279715159607,1.6776226772292982e-10,6.535684987205897e-09,up
gene-Sptr,782.3579889083018,1.5499806509678264,0.24975004584026,6.385625701785641,1.7069805803365358e-10,6.6247721610247235e-09,up
gene-LOC142981256,229.1821550765301,-1.71505059696157,0.2780344107674933,-6.381061474771054,1.758646871777188e-10,6.799435083420363e-09,down
gene-LOC142986297,585.9115649792408,4.661131515699921,0.7949874604908984,6.379210584275779,1.7800313264193166e-10,6.856143301419609e-09,up
gene-LOC142976191,9374.405459667692,2.642522037934531,0.4390991939720674,6.37681161271877,1.8081264615240256e-10,6.912189810028363e-09,up
gene-Archease,2908.018535442819,3.1368550757010727,0.5254996510483942,6.377211306586414,1.8034156230729163e-10,6.912189810028363e-09,up
gene-LOC142977493,767.8326305784553,-1.5795526256852812,0.2554316154624241,-6.373467962430718,1.848008956261015e-10,7.038293812147828e-09,down
gene-LOC142972400,388.04602040109626,1.9985288646546089,0.3270733459745886,6.3727920486858665,1.8561749423560256e-10,7.043114363058721e-09,up
gene-LOC142980900,368.9042230183405,-1.7556685790005189,0.2863053901986127,-6.358412416735582,2.0384955851637436e-10,7.706268310283826e-09,down
gene-RpS27,31936.834277429047,2.418393953335833,0.4038220707412169,6.354817753840619,2.086738710554148e-10,7.859535800231064e-09,up
gene-RpL29,20331.075196417787,2.827192212443336,0.4734390756388318,6.350094144369509,2.1518319761469911e-10,8.074907713431006e-09,up
gene-roq,204.2243675989441,-2.8784348567695943,0.4822919641507447,-6.349132740924392,2.1653213805182996e-10,8.095763857490944e-09,down
gene-LOC142985114,373.399280801036,-2.528210869072688,0.4217375410505486,-6.347376809093625,2.190172305034736e-10,8.140700674877533e-09,down
gene-scrib,1378.5487465370927,-2.5501857066856903,0.426000874741752,-6.347157783667903,2.1932915504960526e-10,8.140700674877533e-09,down
gene-LOC142973503,410.0248919414655,-2.18313389203352,0.3615897180094741,-6.345032831111632,2.22378017407511e-10,8.223958056806031e-09,down
gene-corn,950.3349146883988,-3.546539925545237,0.6011753831711358,-6.343641105378868,2.2439724766896502e-10,8.268674032336194e-09,down
gene-LOC142980064,122.56259281804483,-2.8427112002334267,0.4755038206436048,-6.333516254450783,2.3963604860341477e-10,8.798435784514584e-09,down
gene-LOC142985080,204.43807156023655,-2.566064803592307,0.4291099951095775,-6.332519257151581,2.4119017244109555e-10,8.823756595362947e-09,down
gene-MED1,185.31925963008783,-2.7330087222148784,0.4587536626691215,-6.326019930144266,2.515653384817129e-10,9.170455035295873e-09,down
gene-LOC142984803,352.2809971667109,2.6663193096476405,0.4477524805688078,6.320421424846964,2.608509418630566e-10,9.475108767246332e-09,up
gene-cic,360.53473747519575,-3.0101286123521644,0.509865625112635,-6.312004660702832,2.7544392980958423e-10,9.96970280697314e-09,down
gene-Hcf,465.9952854056799,-2.0824270401515443,0.3458338010889347,-6.308699234056824,2.8139033497552387e-10,1.0148943989735593e-08,down
gene-mbl,797.109593891695,-2.920161146044813,0.4945863727670773,-6.3068528917704265,2.8476625235430025e-10,1.0234539217536418e-08,down
gene-Regnase-1,348.0191206608481,-5.85279186731555,1.0196786426932312,-6.301089993927311,2.9555971415109306e-10,1.0585185973123534e-08,down
gene-Snoo,47.9166001171661,-6.12103731774405,1.0391271371088855,-6.300520215464953,2.9664831676467806e-10,1.0587025766493248e-08,down
gene-LOC142974632,394.78583768334687,-3.495892150400795,0.5971002954501744,-6.29678071417503,3.038907007797659e-10,1.08077086510769e-08,down
gene-LOC142980898,277.35863878735483,-2.9362163766343903,0.4978729558959409,-6.292766671362768,3.1185693119500417e-10,1.1052512835789612e-08,down
gene-RpL19,35205.8497116022,2.2369608616398478,0.3747293877082774,6.291276447022401,3.1486601929793244e-10,1.1120544840740473e-08,up
gene-sun,13705.553899236143,4.369260990393102,0.7557345535261726,6.282889310344919,3.3233769481494096e-10,1.1697140865434836e-08,up
gene-RpL5,28400.828283142226,1.822196384875682,0.3022093155630571,6.269072127533869,3.6320587193619716e-10,1.2696035393331389e-08,up
gene-LOC142974031,198.78730244283463,1.901773564883288,0.3161226571784787,6.269088435113083,3.6316784021118665e-10,1.2696035393331389e-08,up
gene-stau,408.238570927685,-2.1967124917736927,0.3689574373576303,-6.265393788740873,3.7188440769750855e-10,1.2955031226513552e-08,down
gene-Sumo,5276.871868513586,2.117332339962409,0.3545235938391768,6.263017586460074,3.7759801494005424e-10,1.3109329722765762e-08,up
gene-LOC142974456,1150.2799852781957,2.160850920988277,0.3624187898577168,6.258102082145462,3.896907222930911e-10,1.3483298991340953e-08,up
gene-Tim8,2319.6810574427923,2.5408546082075585,0.430435081060192,6.256179017772299,3.9452386235898684e-10,1.3604408996953309e-08,up
gene-ox,3530.807606018665,3.465911242768973,0.5967972691978163,6.254655117086346,3.983953162484946e-10,1.3691653174910391e-08,up
gene-Khc-73,537.2492550049161,-2.388054602720316,0.4045803772531661,-6.2457141788326656,4.2186800901748726e-10,1.4449687141078833e-08,down
gene-LOC142984524,6032.061507026127,3.4155978591858087,0.5948010327004591,6.243139680279638,4.2887358160226106e-10,1.464051052646916e-08,up
gene-RpL27,32544.36956639728,2.1605836021192664,0.3642015282259966,6.241951231267644,4.3214570437698074e-10,1.4703037348586144e-08,up
gene-Dap160,232.60386460438147,-2.646724200524525,0.4518948731073857,-6.238800745787232,4.4093821680179375e-10,1.495234677374056e-08,down
gene-tzn,3402.9946177336565,2.575819520631431,0.4386904693623576,6.227175634166748,4.749186298456821e-10,1.6051306141837342e-08,up
gene-LOC142977347,1235.771887479889,-6.62147046184185,1.1759228616960655,-6.221341009276908,4.929234978797089e-10,1.6604851956627686e-08,down
gene-Cse1,115.43062556944945,-2.540863475575845,0.4323704077473353,-6.215105792606444,5.12900819212164e-10,1.7220982439797893e-08,down
gene-mago,1486.609880247667,2.5294487910269314,0.4316823191419858,6.211266131182337,5.255937077270452e-10,1.758929499924574e-08,up
gene-SmD2,528.9394113678692,2.4182958221131785,0.4119561630951486,6.207245810645804,5.39212240302469e-10,1.7986076263945433e-08,up
gene-Bap60,777.2267080316884,-3.1464644929824592,0.5446609522566973,-6.204392765720836,5.490849811217942e-10,1.825573420947933e-08,down
gene-Cisd2,6351.369760675646,2.6401669537619923,0.4524219833110858,6.202623743207426,5.552949083787618e-10,1.8349552358090853e-08,up
gene-Chpf,347.7305850467698,-5.340238688744806,0.9472607625198588,-6.20256500547232,5.555022708582416e-10,1.8349552358090853e-08,down
gene-Apoltp,281.8464978910451,-2.262051808103873,0.3849726006303201,-6.190811170816351,5.985537963443562e-10,1.97078664493124e-08,down
gene-LRR,428.1566199925965,-3.0497221885959074,0.5284374568222231,-6.1873593428879605,6.118039449968251e-10,2.007936613049065e-08,down
gene-Ntf-2,3639.142931012058,2.1774322044130203,0.3705077302411632,6.178086237953661,6.488327296966078e-10,2.1226396384657942e-08,up
gene-LOC142976420,157.00177765029235,-3.0972460440416127,0.5397978767170803,-6.177468992717311,6.513736289971165e-10,2.1241439716209485e-08,down
gene-LOC142986437,99.16751327116368,-3.892082038367526,0.6842290557292994,-6.176310155124704,6.561702493961062e-10,2.132971253371356e-08,down
gene-LOC142987380,323.237639337118,-2.5789840516735003,0.4454079323489424,-6.164174843567047,7.085162329239865e-10,2.2958175204619465e-08,down
gene-RpS7,32753.55374184607,2.092803381394908,0.3569408985312024,6.159627933422687,7.291605459405575e-10,2.3552347127896432e-08,up
gene-LOC142980234,4118.259806397725,3.5289916326573008,0.6193156052159327,6.157737883940904,7.379135363737984e-10,2.375988475005477e-08,up
gene-HSPC300,693.0931489542327,2.0885115099397726,0.3559922345230613,6.154888315065741,7.513042196909645e-10,2.4114975378571304e-08,up
gene-ATPsynF,17154.189670899377,3.819545453808156,0.6738683785401242,6.1442484889789375,8.034298365212002e-10,2.5707236179849188e-08,up
gene-LOC142977148,5392.821804019458,2.2270524400916885,0.3825133409861816,6.140457928003674,8.228392664475625e-10,2.62460012269696e-08,up
gene-LOC142973946,1472.1836320175173,1.4602412210574915,0.2446031055993903,6.139239696177501,8.291737324726039e-10,2.6309123946780603e-08,up
gene-eIF3a,1302.6668833210897,-3.033451618566452,0.5306900779729048,-6.1382296854411065,8.344615479237173e-10,2.6309123946780603e-08,down
gene-ND-B15,3688.155178437271,3.38604967349148,0.5948732305564479,6.1381790516263806,8.34727500413127e-10,2.6309123946780603e-08,up
gene-sud1,59.87764053353697,-4.682612365239438,0.8183068739336234,-6.138102744597284,8.351284568195272e-10,2.6309123946780603e-08,down
gene-Crag,545.7041934374741,-2.0098400386507502,0.3432857596526794,-6.135450619648389,8.491814075680828e-10,2.666952192937669e-08,down
gene-sno,383.9194586405963,-3.951695574656091,0.7000349754062675,-6.133930429288039,8.573402284636703e-10,2.6843164760517432e-08,down
gene-Su(var)2-10,211.58082498845437,-2.2257498088577607,0.3831630750369817,-6.1273598868280486,8.934922063924463e-10,2.7804496800755178e-08,down
gene-LOC142976519,4131.900517429032,4.697104405039168,0.840102947692382,6.12751567072086,8.926181041078654e-10,2.7804496800755178e-08,up
gene-LOC142975234,1847.982230913516,-2.5232052563700784,0.4382260590873292,-6.114890319682817,9.662339581816822e-10,2.997674775428702e-08,down
gene-LSm1,342.54868783449643,2.91176116437156,0.5103971711907911,6.112635458606185,9.799906065215952e-10,3.03114064265634e-08,up
gene-Blos1,916.7958925208696,2.268450288353085,0.3918944602296004,6.109273073404658,1.0008595310443566e-09,3.086336324280891e-08,up
gene-Cbp20,462.1227726991583,2.137768000083201,0.3691205030630962,6.091022790468864,1.1219157626278266e-09,3.4484202766944173e-08,up
gene-LOC142980505,343.55840316330045,-3.0447438171274968,0.5366960976168051,-6.090578258013286,1.1250357128825716e-09,3.4484202766944173e-08,down
gene-LOC142974725,703.3736803108735,2.7760194913069407,0.4870539440690766,6.089044002399517,1.1358690001029534e-09,3.4712020610930686e-08,up
gene-LOC142976747,119.95178498525232,4.239052186186799,0.7620272365458481,6.087925610045142,1.1438299235382775e-09,3.485096128225433e-08,up
gene-lilli,168.2461142850457,-2.3024645687577547,0.4005864438409773,-6.085646918807334,1.1602187539244074e-09,3.524509768245961e-08,down
gene-mRpS6,513.0244473021202,2.463964269156037,0.4305438009882026,6.075067162851393,1.2393583811600552e-09,3.7537480701782455e-08,up
gene-LOC142977644,156.11787409175443,-2.524031928295805,0.4433279696944486,-6.0704723892740216,1.275345431009205e-09,3.8513168089677386e-08,down
gene-LOC142973584,632.5075552529776,2.3294972646880785,0.4060793471380468,6.069704526194251,1.2814579843379547e-09,3.858360367592184e-08,up
gene-LOC142976078,647.9776644904053,2.7187309624376303,0.4785414207419807,6.068847218158284,1.2883163062027656e-09,3.8676013345328334e-08,up
gene-LOC142974540,99.7513257118034,-7.035623803864525,1.2421201534604407,-6.062960576832424,1.3363843084439044e-09,4.00013918952696e-08,down
gene-RpL31,28091.412330511364,2.378586900121347,0.4162153711788692,6.057923093760767,1.3789028906617632e-09,4.11533970905983e-08,up
gene-LOC142979315,249.40578315491203,3.9274389633860873,0.7078828777186015,6.0532597664847705,1.419436934999395e-09,4.2239629141512614e-08,up
gene-Syx17,401.78173350881934,-2.799369225919064,0.4957985758972737,-6.051945083634537,1.4310725941858096e-09,4.246208711876326e-08,down
gene-Sf3a1,415.2696597498751,-2.4962573502215317,0.4390830266417343,-6.048823628169239,1.4590728291370041e-09,4.316740975942434e-08,down
gene-sdk,176.83963022756174,-2.563454541918973,0.4516088967746702,-6.042492812799644,1.517511113520576e-09,4.4766577848856994e-08,down
gene-LOC142982645,735.2501168183348,2.1595231653838045,0.3769536782013271,6.040288500525231,1.5383891287948274e-09,4.5248384070159295e-08,up
gene-mxt,649.6076628542852,-2.166025995329342,0.3782038620069449,-6.039835977642123,1.542709675361559e-09,4.5248384070159295e-08,down
gene-ND-B16.6,4533.416711613148,3.3213992529624066,0.595277679851657,6.030451190935447,1.635025481594893e-09,4.781863922819219e-08,up
gene-sws,161.75247955319168,-5.277825803997866,0.9684521338727022,-6.029730651377465,1.642331672288736e-09,4.7895083940146084e-08,down
gene-LOC142978889,552.4380206700499,-1.8432960835002608,0.3193539090720154,-6.0282158563922295,1.6577954245653218e-09,4.8208313101248556e-08,down
gene-rg,264.4356165754038,-3.84520280232954,0.6936420948519838,-6.020132099383683,1.7427478377056982e-09,5.053473630528996e-08,down
gene-LOC142980114,1379.0165356362952,1.813998574256674,0.3141566478834471,6.018275354080321,1.762851417756354e-09,5.09728737139918e-08,up
gene-Uch,2834.13116748131,2.3526385018385745,0.4142813465140248,6.017092208835609,1.7757793963422184e-09,5.1201639261200633e-08,up
gene-RpS5,26507.087472508003,1.9924407715693095,0.3488066211645858,6.009571392282606,1.8601443767847006e-09,5.333284734225123e-08,up
gene-LOC142982169,1492.8666487732607,4.539798411913917,0.8304606226781384,6.009869629605177,1.8567257512506602e-09,5.333284734225123e-08,up
gene-Ssb-c31a,4413.851581753708,3.264224272080773,0.5976903713332291,6.0039366611158105,1.925898564690203e-09,5.506343599381765e-08,up
gene-Saysd1,791.273469154699,1.996865533717509,0.3490817031719326,6.000435416552534,1.967891115770648e-09,5.6106884409695546e-08,up
gene-LOC142972620,299.39454013495475,-3.5509986854679574,0.6428904800312484,-5.998587041201065,1.9904182159757102e-09,5.64338853624002e-08,down
gene-Nup205,80.6769636081031,-3.647721129932629,0.6557059849725398,-5.998829697498534,1.987446575142644e-09,5.64338853624002e-08,down
gene-LOC142983509,1541.4265658065517,3.984649150631594,0.7260395560514872,5.997684428295995,2.0015099265187115e-09,5.659116847638917e-08,up
gene-Atg1,793.7499879559355,-3.977008835112129,0.7245519353318183,-5.996449910537262,2.0167777840315408e-09,5.686533381660204e-08,down
gene-AP-1-2beta,594.9402835426367,-2.230423591909794,0.393255324359664,-5.993692863869068,2.051286265759851e-09,5.7679005274409924e-08,down
gene-Ran,6644.681147312778,1.9527754475196095,0.3418419435621982,5.990028491139777,2.098042798854563e-09,5.8831656175572873e-08,up
gene-LOC142987375,4616.114638513852,2.684708569649697,0.4792383591238126,5.987439037960803,2.1317080068154e-09,5.961190034401314e-08,up
gene-LOC142982543,328.40009658252194,-4.027074154275927,0.7358605573369661,-5.986860282457752,2.1393039877167594e-09,5.96608628487021e-08,down
gene-BicD,315.2660240674382,-2.464829632842738,0.4383929535243218,-5.983726802043129,2.180889992116857e-09,6.065488869083585e-08,down
gene-LOC142977953,12124.480788571467,3.218406198622767,0.5764946490399394,5.980441242900072,2.2253398761363853e-09,6.172294596664156e-08,up
gene-LOC142984303,360.3310244429193,-2.0965102430340794,0.3696028453561761,-5.978315782559584,2.254563743077613e-09,6.236404370079457e-08,down
gene-eEF1beta,17285.434165496623,1.9287230335365493,0.3383455958472473,5.977788725540153,2.2618681216316262e-09,6.238139413825369e-08,up
gene-Mmp1,2167.145132708155,-3.5439921604375213,0.6451918452007134,-5.9773896437214376,2.267414247603813e-09,6.238139413825369e-08,down
gene-SA1,91.21758341034052,-5.450925326465389,0.9871441264776404,-5.973817287889506,2.3176536599167806e-09,6.359217985691016e-08,down
gene-LOC142986781,303.6758042500558,2.717699359396377,0.4871514178349744,5.971246501380096,2.3544768312355424e-09,6.442934320756348e-08,up
gene-RpLP1,23468.785275530845,2.18805752162597,0.3879744236421106,5.969662512213362,2.377448485937579e-09,6.488400186086864e-08,up
gene-betaCOP,512.1316329747505,-2.694133547975538,0.4832046381438467,-5.9677194280461885,2.405926161608912e-09,6.548610221744578e-08,down
gene-LOC142972402,232.42489079238797,-2.089843666007293,0.3690760180479633,-5.966753824234244,2.420201274890465e-09,6.56994532255505e-08,down
gene-Paip2,176.96821288652097,-2.231079943969488,0.396130904730596,-5.9654584059061495,2.4394818764768562e-09,6.604719234270363e-08,down
gene-LOC142981133,399.58845758293177,-3.4691754631656067,0.6311189041623131,-5.96403106613276,2.4608991966819827e-09,6.645078862574869e-08,down
gene-chic,29804.637270682364,1.734268531806106,0.3022198309308601,5.958279493431599,2.549072945096799e-09,6.793312676397657e-08,up
gene-LOC142979084,784.0520475498198,2.061464556879668,0.3638723972521488,5.959082353673718,2.5365825293266037e-09,6.793312676397657e-08,up
gene-RpL10,63413.19248144379,2.141686915062591,0.3784315280617663,5.959314714148229,2.532978740892528e-09,6.793312676397657e-08,up
gene-RpL22,42609.49243550942,2.329527718352092,0.4158026581624445,5.958652852943838,2.543257009699319e-09,6.793312676397657e-08,up
gene-Vps15,269.95826191522895,-3.3848857155237013,0.6161144467962915,-5.958299292888265,2.548764197922817e-09,6.793312676397657e-08,down
gene-LOC142973132,504.93366236840416,2.0752713380155834,0.3666233734045824,5.957073977505941,2.567940205387459e-09,6.825772311559844e-08,up
gene-Trx2,54043.97390530363,2.406444607769199,0.4317865753284645,5.9522311951041855,2.645113531146045e-09,7.012642548677322e-08,up
gene-Dhc64C,391.478950622756,-3.236722812896054,0.5893883338975181,-5.947840770862005,2.7170270216970773e-09,7.184635961259605e-08,down
gene-mbc,217.1946250995668,-2.3349257873715423,0.4171637987433655,-5.9409544773582805,2.833673027515133e-09,7.47372108316459e-08,down
gene-LOC142983263,204.823581161128,-2.2539144567123808,0.4025268484180902,-5.933828770209951,2.95950484994793e-09,7.785480928716116e-08,down
gene-m-cup,742.6018742407895,-5.368810957642037,1.0041721163707653,-5.933117471281894,2.9723602127611903e-09,7.799198121247678e-08,down
gene-LOC142978814,696.3813861356357,1.579023152940749,0.2758889385199961,5.924067767186398,3.1407392893720913e-09,8.219878442723319e-08,up
gene-RpS2,21938.431966373504,1.7524024438924135,0.3082865856721626,5.922203411298868,3.176563625444682e-09,8.292374661103293e-08,up
gene-LOC142987440,1066.6805168310568,1.9632260602862448,0.3477767957864595,5.921449756728982,3.1911580430373732e-09,8.309221975837365e-08,up
gene-RpS24,21255.09447434812,2.5331017185392697,0.4581404431989052,5.919763429761267,3.224050391955217e-09,8.373506959462316e-08,up
gene-Rbcn-3A,779.0092932590657,-2.413833393238753,0.4342794299680818,-5.918897157691758,3.241075406966575e-09,8.396359563174577e-08,down
gene-mRpL18,454.4951938501864,2.584835311929788,0.4673499553282729,5.909081921109872,3.4401960039575593e-09,8.889640661365776e-08,up
gene-cno,587.326733925489,-3.480042434044853,0.6412423973146538,-5.905428755110044,3.5173076797823242e-09,9.065949365539945e-08,down
gene-l(2)k05819,135.75142931218616,-2.7989316893502654,0.5077938254253309,-5.901701859652341,3.5977087893443243e-09,9.249827106508192e-08,down
gene-mRpL15,1043.233276761591,2.1736721412283138,0.3897368357287286,5.894476919345927,3.758701279520806e-09,9.639463306549968e-08,up
gene-mRpL51,1450.3917004559592,2.670864520731045,0.4855522507715851,5.893212377842175,3.787590946006195e-09,9.689208217013845e-08,up
gene-zetaCOP,1440.6381769663883,2.146784978002078,0.3857805365769804,5.87997605592272,4.103258338557899e-09,1.047048946541512e-07,up
gene-Reps,289.82671302016536,-2.70078744785839,0.4917049696198766,-5.878784373898035,4.132903128459983e-09,1.0519835968127445e-07,down
gene-LOC142972251,2036.825728846234,4.512255791644384,0.848700550073741,5.872897934966335,4.2824215295627405e-09,1.087330262493704e-07,up
gene-Nuak1,247.4155714418133,-3.1026850859435444,0.573789911521475,-5.863468510230778,4.532968466337555e-09,1.1480895567222687e-07,down
gene-LOC142983557,449.78953868133726,-1.4044879579168394,0.2472412461102908,-5.85364309175617,4.809201057360237e-09,1.215037504764256e-07,down
gene-aPKC,1287.7921662361468,-2.393654168914075,0.4361632135180024,-5.849245377104411,4.938081666303201e-09,1.2445185078507846e-07,down
gene-mRpS23,763.3346883949625,2.379352080402896,0.4331267293225481,5.8488163764667584,4.950832501390443e-09,1.2446588015195134e-07,up
gene-RpS21,11667.969770307149,2.398094005585854,0.4372599065419932,5.844712857255238,5.074428043154876e-09,1.2725967330830913e-07,up
gene-LOC142976171,1202.787146526915,-2.680731534924339,0.4925209925370682,-5.8364818500334525,5.3314567101087095e-09,1.3337788882372446e-07,down
gene-Prp8,1150.171375564299,-2.448444462176174,0.4481566204513572,-5.832068706866544,5.474436666356765e-09,1.3628676842317926e-07,down
gene-bark,743.6202732665283,-3.295021448076206,0.614503884863382,-5.832468095264889,5.461344992475397e-09,1.3628676842317926e-07,down
gene-Nadsyn,46.99867246492744,-3.2730333465710024,0.6084356828123001,-5.82728141079869,5.6337568790625835e-09,1.399118162155518e-07,down
gene-Efa6,715.0944262324616,-4.174869345899169,0.7901768006109074,-5.826415010910695,5.663068579428451e-09,1.4029840046171408e-07,down
gene-Pp2C1,323.370569115503,-2.6457035192837326,0.4880715895839646,-5.823040354942927,5.778659475827196e-09,1.4281544133115786e-07,down
gene-Fas2,244.26647844120728,-3.1961063859844305,0.5970075765906144,-5.820916920950618,5.8525657422274545e-09,1.442926051471392e-07,down
gene-LOC142987559,138.0730859183462,-2.6344101593152747,0.4876163848501997,-5.817672700314649,5.967259774926732e-09,1.4676583258476426e-07,down
gene-BuGZ,617.5617958695223,-2.481093213482189,0.4560684869353862,-5.815046309068423,6.061710260064445e-09,1.487304726549947e-07,down
gene-p130CAS,547.6766169680569,-3.709312141000473,0.6998773450900458,-5.811401944657519,6.195181661671851e-09,1.5164081347885992e-07,down
gene-LOC142987371,1676.804762026008,2.663934435690411,0.4921803185609215,5.810365450706914,6.233661525751154e-09,1.522176631419666e-07,up
gene-Ufd4,599.8790965913329,-2.4397193818675618,0.4491613492082653,-5.806077865574102,6.395322891404626e-09,1.5579250776268978e-07,down
gene-LOC142987536,1330.7325227212625,2.087733165561035,0.3797292871124058,5.805330383770037,6.423920689857672e-09,1.56116567812803e-07,up
gene-ATP8B,431.8375224592514,-2.8699710416984976,0.533661180648605,-5.804129393961863,6.470129846068379e-09,1.5686606968840846e-07,down
gene-Patronin,640.9319709408694,-2.983508814960811,0.5572672273293278,-5.7999030529696425,6.6353269400815175e-09,1.6049000492277738e-07,down
gene-LOC142978252,3802.23015844735,-2.720959484277788,0.5051004158319174,-5.797401986459544,6.735011889832083e-09,1.625159961217874e-07,down
gene-woc,201.87775923061872,-2.15906542344175,0.3952637888140304,-5.794467690006529,6.853821650938269e-09,1.649928245073748e-07,down
gene-PDCD-5,1552.5439478733315,2.480349117743504,0.4579910047805383,5.79102856620989,6.995667630663367e-09,1.6801124589689642e-07,up
gene-LOC142987106,153.84469743723022,-2.0417658522282784,0.3720185373339796,-5.786270036816917,7.1966492497943825e-09,1.72432391766787e-07,down
gene-viaf,3538.279355757791,2.030960579172686,0.3703609802432233,5.785267655859486,7.239696286714192e-09,1.7305756439927814e-07,up
gene-stmA,298.253453414903,-2.0594762838788374,0.3767452367616639,-5.779521876782509,7.491321315215707e-09,1.7839616367978657e-07,down
gene-LOC142975930,6930.21872325318,3.2759932781209824,0.6309365750668249,5.779372231015174,7.4979870891181e-09,1.7839616367978657e-07,up
gene-trbd,91.71413140699129,-4.9509874203621305,0.9436147298299612,-5.778804882458266,7.523311308362026e-09,1.7858241517314232e-07,down
gene-spen,59.19364755525456,-2.92030082080874,0.5452157411945224,-5.774005799065306,7.740877069280034e-09,1.833204924504439e-07,down
gene-LOC142984261,394.869185620554,-2.6087516162995943,0.4863367570094617,-5.7720738186971925,7.830179684111362e-09,1.8500612045306638e-07,down
gene-RpL39,11412.157351103551,2.660281259544785,0.495074140582004,5.770785734609938,7.890274993707415e-09,1.859954661911584e-07,up
gene-RpS4,27506.66042354685,1.9060102988368692,0.3474158483828308,5.76293373763443,8.266425606961492e-09,1.9441337827247917e-07,up
gene-LOC142972176,540.1506415281958,2.428550702901104,0.450471248288697,5.759867877228835,8.417980169741182e-09,1.975225829713753e-07,up
gene-LOC142987447,479.4318366043208,2.431336995905548,0.4511884900857983,5.758221475788229,8.500478024112982e-09,1.9900086970670002e-07,up
gene-LOC142972810,34857.961304964025,-2.566092915316041,0.4801714926495463,-5.756228887102035,8.601374353506099e-09,2.0090212362983242e-07,down
gene-Rpp25,374.96437017175,2.0734213238805217,0.3804612107483727,5.755601019891127,8.633407460247526e-09,2.01189931385266e-07,up
gene-LOC142979330,3097.637325229131,4.369766082798316,0.8423553854962914,5.750695291556429,8.887717306475435e-09,2.0664448871798356e-07,up
gene-Smurf,216.34077615583973,-2.915222006783022,0.5491728593214327,-5.745955718691459,9.140322668824161e-09,2.1203471245610958e-07,down
gene-vtd,461.3305048638087,-2.2030051062290856,0.4073562571155469,-5.744021584361884,9.245399522405444e-09,2.1398592500043618e-07,down
gene-Fdx1,461.9613040546758,2.839790099622346,0.5355846812166083,5.730570123529147,1.0009363739339604e-08,2.3114383639692166e-07,up
gene-LOC142982670,1888.8318959052688,-1.413667588532574,0.2548209876543142,-5.729780364044305,1.0056075423051906e-08,2.314193696574649e-07,down
gene-LOC142986840,5048.284841576966,2.1649858527579737,0.4009289893267413,5.72960223274359,1.0066640553337357e-08,2.314193696574649e-07,up
gene-LOC142977787,1345.3264549248745,-2.7939476465486552,0.5274673854817303,-5.726227045457927,1.0268876959612484e-08,2.355380384871115e-07,down
gene-LOC142981322,150.56907718499258,1.5876783157556855,0.2879331098632651,5.724985585150533,1.0344252365530121e-08,2.367349414685335e-07,up
gene-eIF3g1,3459.9813171435994,1.2320036893235118,0.2202325742344941,5.724323795460116,1.038465245262433e-08,2.3712784694392965e-07,up
gene-Marf1,171.4184492970439,-2.627591691765277,0.4938588403563719,-5.723229353665457,1.0451801275190866e-08,2.381284277140026e-07,down
gene-LOC142972922,43609.52352283814,3.701938613635997,0.7064846042673559,5.722010614545165,1.0527072921757028e-08,2.3930920559548774e-07,up
gene-LOC142979939,540.9536301024528,2.857956662482142,0.5409397842826335,5.718754337347496,1.0730780442440776e-08,2.428582615875677e-07,up
gene-LOC142987176,1618.862657887373,3.183752026530673,0.6062970447476662,5.718900005774786,1.0721586359511553e-08,2.428582615875677e-07,up
gene-LOC142976527,8971.100530001524,-2.445922597661615,0.4588423537529313,-5.712821620403289,1.1111813866082164e-08,2.509254073696917e-07,down
gene-LOC142987891,2461.243353109241,1.9698122155761857,0.3633347934118863,5.712234734539653,1.1150213999379556e-08,2.512367202906559e-07,up
gene-Pex2,421.2976272031049,1.8203473776068095,0.3340433870882898,5.709938325884838,1.1301712117273551e-08,2.5381757694446e-07,up
gene-shg,861.4340570960482,-2.363043388109511,0.4420972604601405,-5.709746011667477,1.1314489811867278e-08,2.5381757694446e-07,down
gene-LOC142977517,2413.439476269015,3.435510347031422,0.6598843135344793,5.701880992279828,1.1849254577117311e-08,2.652310119926237e-07,up
gene-LOC142976393,364.0652073268809,-3.017323453810542,0.5751894043890108,-5.698174594395908,1.2109700323115538e-08,2.704676393830204e-07,down
gene-gw,486.6602243377115,-2.3118966432232275,0.4334090559322968,-5.696420902711991,1.223486130920478e-08,2.726664397009895e-07,down
gene-LOC142978383,177.23311212526963,1.575320973103194,0.2880200466690402,5.685787603845072,1.3021114624025548e-08,2.895566818462501e-07,up
gene-pall,88.42211050799398,-2.245785618258966,0.4189814333988116,-5.681451301413924,1.3355654465250885e-08,2.963503589713387e-07,down
gene-Usp10,310.2081415020106,-2.399463221061022,0.4523590752152358,-5.679212537089067,1.3531625557036656e-08,2.996036921055817e-07,down
gene-LOC142981661,39.80879872915846,-4.980436093188857,0.9820145345666192,-5.677200741391935,1.3691676496921782e-08,3.02491216459049e-07,down
gene-ATPsynG,15900.887019328991,3.704530339132172,0.7192038220591995,5.673190762738948,1.4016199979547616e-08,3.08992123523202e-07,up
gene-l(3)87Df,677.2343376787327,2.3222440215940887,0.4371130044356343,5.669716234209148,1.4303422303312952e-08,3.139678095697104e-07,up
gene-Ist1,1010.0264563589856,-2.696919523135638,0.513583181076524,-5.669839100387616,1.4293168736674695e-08,3.139678095697104e-07,down
gene-Trs20,273.9651312292136,2.11905091389558,0.3966086822073779,5.665512385895688,1.4658583509310284e-08,3.210733087543564e-07,up
gene-Ufc1,2116.693764228085,2.070584277467102,0.3869182228941806,5.663091740243277,1.4866962281892758e-08,3.249402227222257e-07,up
gene-Tpst,186.8607054428932,-2.4835689397232543,0.469968116024948,-5.662234988346767,1.4941402051826485e-08,3.258694246645149e-07,down
gene-Sirt7,59.39135685827489,-7.98072598340848,1.387863720961153,-5.656432262969822,1.5455193362287526e-08,3.3635641502957097e-07,down
gene-Vps13,640.6005654853584,-3.6939129966774433,0.7199862281258818,-5.65555111268291,1.5534698959122888e-08,3.373673878207815e-07,down
gene-ATPsynE,14800.08178583224,3.8066416538913903,0.7431108748690239,5.653783419410343,1.5695396349440878e-08,3.40133568022809e-07,up
gene-Fbl6,179.82218806750674,-2.442610276420099,0.4646007668852959,-5.652121140868147,1.584798299228671e-08,3.427126322082001e-07,down
gene-e(y)3,158.6460664940221,-2.437218376782744,0.4641128732260641,-5.640169574314185,1.698827758201114e-08,3.665948187729127e-07,down
gene-Csk,562.2443165545864,-1.8999570625395652,0.3551124158377117,-5.639606800958028,1.7043891150546926e-08,3.6701898095703057e-07,down
gene-Atox1,4976.471335643923,1.9767458411310224,0.3700109039670681,5.638336091502459,1.7170114435520768e-08,3.689586485123378e-07,up
gene-ND-MLRQ,22364.235762177253,3.114912611056301,0.6029637364542526,5.633535986126355,1.7655165596940598e-08,3.7858461186548883e-07,up
gene-LOC142981447,1026.9421783794176,-1.9381267539236036,0.3634720241073948,-5.632337008993467,1.7778383990241547e-08,3.804276003949591e-07,down
gene-GCS2alpha,789.5355738812286,-3.897308370737824,0.7670225092599295,-5.623604547839899,1.8701349301698325e-08,3.9934031866618164e-07,down
gene-LOC142980917,730.2892197579735,-4.618140638841928,0.9190582464048652,-5.62226494118226,1.8846991837548988e-08,4.016101162544104e-07,down
gene-LOC142985109,122.8946622636256,3.4483548128047192,0.6739978732523239,5.6179992206293,1.9318137111018073e-08,4.107921364420031e-07,up
gene-LOC142983229,190.3284083292516,4.044883443565692,0.7997385589885417,5.616853037893233,1.9446668745806186e-08,4.1266558812566267e-07,up
gene-LOC142977327,229.05425379087683,-1.938921314021009,0.3642326910503322,-5.6102715650629005,2.0200936375008776e-08,4.277820696674577e-07,down
gene-hep,443.3109751220708,-2.0876830048524657,0.3954402833575761,-5.603083920236952,2.105712088138482e-08,4.4498971601717364e-07,down
gene-LOC142973572,1069.0781594383925,-1.888754411872268,0.3555028230157902,-5.599159536017312,2.153935085301798e-08,4.533034106324836e-07,down
gene-LOC142979557,2009.4242173405064,2.263748216972794,0.4312779556690441,5.599384347263952,2.1511438837012197e-08,4.533034106324836e-07,up
gene-RpL8,22725.097737825567,1.8562816182417416,0.349649742140308,5.59609902332222,2.192285176385482e-08,4.604249957894365e-07,up
gene-Nc73EF,1784.9192628525495,-2.475818454913672,0.4764727069547034,-5.593597984568188,2.2241161091432653e-08,4.66150988214072e-07,down
gene-LOC142978899,1867.207338920731,2.807709546052902,0.5447789370079955,5.590532933622291,2.2637374301359016e-08,4.734829497827284e-07,up
gene-RpS9,28397.87913374606,2.031398643287549,0.3857527132846828,5.586296195133125,2.319634786021056e-08,4.841822548244767e-07,up
gene-l(3)72Ab,621.526000375181,-2.256783105993272,0.4318248948082389,-5.585836903895479,2.3257743218629993e-08,4.844730306786864e-07,down
gene-JMJD5,608.4397273375522,2.0562370947726536,0.390226703234958,5.585433537667888,2.3311792913721506e-08,4.846099190842269e-07,up
gene-LOC142978780,1718.781557477367,2.7321707715892583,0.5307334462766717,5.575766569948199,2.4644220826001165e-08,5.112674023800689e-07,up
gene-LOC142975386,241.16589167119923,-2.3627401509237407,0.4545561789105283,-5.574439193586519,2.483285224654059e-08,5.130949855879347e-07,down
gene-mgl,451.64274943595,-4.834607450534137,0.9749204702679942,-5.574550867877305,2.4816928550550703e-08,5.130949855879347e-07,down
gene-bigmax,4749.731354968572,1.7037580698694812,0.3197159116018065,5.571782516247442,2.5214606560670882e-08,5.199302811409447e-07,up
gene-LOC142972829,265.5559807696049,5.5579120793216825,1.1335664693511682,5.5687930988217005,2.56509855309282e-08,5.278621155527906e-07,up
gene-RpS28b,26629.23129276612,2.401895966076577,0.4631180739486644,5.56839943504705,2.5708993731410587e-08,5.279913461096738e-07,up
gene-LOC142982738,62.85173728787809,-3.4858972985383625,0.6875025083107585,-5.5676831893335565,2.581486258553501e-08,5.291010088565378e-07,down
gene-Prosbeta6,4008.1534972707777,1.7948215575595814,0.3387407429234405,5.565574226495365,2.6129052848833563e-08,5.344674196954793e-07,up
gene-Ankrd49,393.4977231389915,2.4799765210059155,0.4798254490875975,5.561341197081663,2.6770921635918707e-08,5.465015942756446e-07,up
gene-Gug,241.21267376447847,-2.7887566734545146,0.5457905846242052,-5.559317383930017,2.7083180367268678e-08,5.51772499019384e-07,down
gene-LOC142983960,262.2316238052844,2.804725297994298,0.5482802240759288,5.558124530165231,2.726888092573044e-08,5.544491386632083e-07,up
gene-baf,2932.2504636652143,2.249294814256793,0.4323811646327835,5.553145911963526,2.8057368270297543e-08,5.69347033667847e-07,up
gene-Mlf,366.5595707214773,-1.8080211153373529,0.3429282308393763,-5.5493274035863065,2.8677069982373653e-08,5.796175313071047e-07,down
gene-Fmbp-1,1082.190999856413,2.0726871737475583,0.3963676080726279,5.549339867201429,2.8675025834701132e-08,5.796175313071047e-07,up
gene-mRpS9,710.6267057604019,1.461231126765401,0.2730567139131498,5.544453730728369,2.9487329263373904e-08,5.948165410894416e-07,up
gene-Dlc90F,1257.7910979928251,1.7997834167267932,0.3410459654052633,5.544017192700808,2.956097906907285e-08,5.95126061850151e-07,up
gene-LOC142980206,146.64400701842155,-5.362942796322656,1.0803269807716818,-5.542775988212563,2.9771363353177063e-08,5.981817042241699e-07,down
gene-ATP8A,294.9793408246254,-3.155200062793758,0.6244468569211147,-5.53747245794165,3.06867932317399e-08,6.153636513091732e-07,down
gene-hook,158.68153877922347,-2.1120516858406204,0.405460541098653,-5.534162541829379,3.1271887610882515e-08,6.246421856052402e-07,down
gene-LOC142978219,17434.87537237044,3.38128200736507,0.6586709414610301,5.53426825425452,3.1253034619032675e-08,6.246421856052402e-07,up
gene-ncm,149.91056768882314,-2.79791527081596,0.5502126842600195,-5.533538758768323,3.1383359319579935e-08,6.248385137834821e-07,down
gene-kto,251.5312716433632,-3.3465292172432624,0.665796783246196,-5.533422655155675,3.140414985509222e-08,6.248385137834821e-07,down
gene-LOC142975921,420.9925242334303,1.9637582852105404,0.3754827381713118,5.532324163667755,3.160151780543903e-08,6.275422028017824e-07,up
gene-Set1,129.9804674170926,-3.2217369663139266,0.6350475969937999,-5.531817201270012,3.169300997033649e-08,6.281369956645137e-07,down
gene-Irbp18,7004.778779802982,1.6219873486195004,0.3058367708279706,5.528487421619976,3.230035800028902e-08,6.375730220513478e-07,up
gene-pbl,276.63834366379234,-1.6416191394510278,0.3108872469603036,-5.528182680903248,3.2356502931576196e-08,6.375730220513478e-07,down
gene-LOC142979623,330.8831165492607,-2.746556793167949,0.5397232140026529,-5.528414049283897,3.2313867355401e-08,6.375730220513478e-07,down
gene-Rpa3,477.074154511761,2.225051313688144,0.4298477172190272,5.527678108967227,3.244967264555928e-08,6.381768953626658e-07,up
gene-LOC142984941,412.3560991365055,3.4550792667148764,0.68964997965518,5.527311591547786,3.2517513579641746e-08,6.382812713603908e-07,up
gene-Polr3G,219.50050557839015,1.9051641614375407,0.3638502536785821,5.524743944133703,3.2996648021145166e-08,6.464429680457366e-07,up
gene-dia,255.6510360644928,-3.154568623902948,0.6273947961949335,-5.523528790487859,3.3225781686375615e-08,6.496849687219079e-07,down
gene-LOC142977474,166.77452246413003,-2.3544934025892594,0.4570799630585293,-5.522006491951629,3.3515010324565075e-08,6.540874003495902e-07,down
gene-mRpL13,502.4537456212064,3.054909354204722,0.605363038553072,5.521110418299784,3.3686399853943955e-08,6.561776399030649e-07,up
gene-mbt,155.74708428712196,-2.250743393315006,0.4359320415165122,-5.516448270972019,3.4591924573575e-08,6.725329030904382e-07,down
gene-LOC142985131,2776.087396062514,2.872296523354741,0.5671405638886946,5.515369644658269,3.480476408093261e-08,6.753844619279072e-07,up
gene-Ssu72,826.1978502574437,1.8492481252711197,0.3531764373312002,5.514650346487492,3.494740468202931e-08,6.768655779686398e-07,up
gene-CLS,318.20537214174414,1.7636092754592958,0.3356996730874644,5.510910765237538,3.5698168056239626e-08,6.900969722538596e-07,up
gene-LOC142983851,450.448375407451,3.5269940238498307,0.7079002934588892,5.5100635105681945,3.5870424988907445e-08,6.921161207216979e-07,up
gene-LOC142972436,197.87631054194412,-2.462235473570628,0.4806492389244915,-5.502527124220693,3.74385604846844e-08,7.210101639003276e-07,down
gene-Polr3F,317.946884458528,1.842280244845861,0.3525892070270195,5.502146740578509,3.7519446735041735e-08,7.212071427958021e-07,up
gene-RpL13A,31043.140701768065,2.137166113611277,0.4142125835378528,5.499600239382887,3.806532617779395e-08,7.288404544533712e-07,up
gene-tmod,2218.888155575841,-2.2659748323586038,0.4413380695063396,-5.49929731263093,3.813077326130109e-08,7.288404544533712e-07,down
gene-mnd,129.09336939741905,-2.7862598688674285,0.5498939887388915,-5.499526680798796,3.808120842944368e-08,7.288404544533712e-07,down
gene-LOC142974714,130.6034071996794,-2.870254475841144,0.5697256291686853,-5.49528365356741,3.900829004313189e-08,7.44219843869621e-07,down
gene-LOC142985185,59.04871225877508,2.4987570614417325,0.4899749524387021,5.492873458544249,3.9544614670033816e-08,7.530445558526774e-07,up
gene-Lipt2,301.3820748572504,2.023714054696796,0.3908398865359747,5.490771220719424,4.001824444785894e-08,7.606447319912406e-07,up
gene-Lamtor3,725.636416218406,1.9365890741636516,0.373536086623902,5.483111240035442,4.1791004694235914e-08,7.928639124796764e-07,up
gene-mRpL16,668.5688775441754,2.308410281693102,0.452485918096853,5.472972693982359,4.4254832475026566e-08,8.38050232045633e-07,up
gene-Ufm1,1710.098115414966,2.2651609851590595,0.4433225474063125,5.472515124996949,4.4369287753946456e-08,8.386617038972805e-07,up
gene-LOC142974279,78.26688472594338,-4.777770085123825,0.9520095112758435,-5.470181785744403,4.495742156132403e-08,8.482077668695644e-07,down
gene-jvl,463.5141712141879,-2.855620696238607,0.5707870320728992,-5.466944712832187,4.5785878282669716e-08,8.622443904634865e-07,down
gene-LOC142980297,5287.040542898495,8.352678652460662,1.8132068837197812,5.46140341177268,4.723852375136563e-08,8.879624529101087e-07,up
gene-ND-B17,4042.698007841871,3.0458885922849914,0.6148148250463256,5.460986797908854,4.734952630802223e-08,8.884128952683508e-07,up
gene-Smr,754.4214213514997,-2.804516520618726,0.5610253462353911,-5.456927748124963,4.844433608110713e-08,9.07286859412588e-07,down
gene-LOC142981302,490.6748045872616,-1.541004205891451,0.2944321777775991,-5.450979123815547,5.0093251139882576e-08,9.364502094959368e-07,down
gene-LOC142987387,137.99119052653472,1.6628641193787186,0.319044806614362,5.450182965322141,5.0318026472172127e-08,9.389325341891424e-07,up
gene-UQCR-Q,9028.415018179645,3.5993107165496405,0.732922252361012,5.44934587401658,5.055541237040733e-08,9.416406825999044e-07,up
gene-Sptz,199.96414748256868,-1.820461660416319,0.352508382879995,-5.4475553000501895,5.106684079171187e-08,9.477077162927328e-07,down
gene-RpL23,45924.14184728778,2.4249416219920934,0.4804061092249692,5.447666939740786,5.103480792691624e-08,9.477077162927328e-07,up
gene-LOC142982522,1652.0475552466626,-2.649689045951405,0.5288227132446357,-5.444093226988203,5.206994572500341e-08,9.645697568332302e-07,down
gene-LOC142981999,1399.2397651584618,2.0292701260778894,0.3963306027616419,5.438637618161462,5.368953093762635e-08,9.927700041310727e-07,up
gene-LOC142974692,270.8545535004513,2.280298768887556,0.4498656211628102,5.437535892319283,5.402247019010081e-08,9.971199877583343e-07,up
gene-ND-13B,4633.87032434593,3.014419139779676,0.6078283441246181,5.436495188511675,5.433880589349212e-08,9.994583757747508e-07,up
gene-Nopp34,128.3866689889264,-3.4053236192287164,0.684809015253035,-5.436474874646303,5.434499838884949e-08,9.994583757747508e-07,down
gene-LOC142981521,326.71333154044765,-2.2291303317025006,0.4401460269214036,-5.434857069747171,5.484037363411333e-08,1.0067548447543071e-06,down
gene-Pex13,445.4087896555416,-2.6436384969232773,0.5285295446688514,-5.433250338906791,5.5336687888270816e-08,1.0104621590240415e-06,down
gene-Sap-r,5868.963323937228,-3.218031217773077,0.6523682242507873,-5.433241884348643,5.5339310952722565e-08,1.0104621590240415e-06,down
gene-Sod2,4869.987678800421,3.755113464095748,0.769826404030837,5.433870219701659,5.5144695025015266e-08,1.0104621590240415e-06,up
gene-LOC142985129,364.68122142476926,3.3890251624715337,0.6905592849211692,5.432701005759716,5.5507371619414116e-08,1.0117209680702851e-06,up
gene-LOC142974625,2132.124595457679,3.175868652971974,0.6433876481516498,5.431661867171772,5.5831639600722795e-08,1.0158173714876605e-06,up
gene-LOC142982254,1655.0698659794728,1.9879293348876452,0.388373947980286,5.429138868362383,5.662661101818328e-08,1.028448075912094e-06,up
gene-LOC142979351,315.292949888049,3.1017741885679984,0.6284980584836394,5.42827986805139,5.689976800206608e-08,1.0315735914690735e-06,up
gene-LOC142972305,141.16925397648365,-2.870875145951917,0.5780160215196467,-5.421900643669917,5.8968657090686587e-08,1.0671863172422658e-06,down
gene-Pym,465.1821706996671,1.8718249439924448,0.3648751329860765,5.419670067944691,5.970912563722949e-08,1.0775218126023065e-06,up
gene-eIF2Bbeta,95.6810713129294,-2.8401521670135805,0.569475841997037,-5.419545054073948,5.975089114655681e-08,1.0775218126023065e-06,down
gene-LOC142979479,91.90988636212064,-2.0502480893439468,0.4032121506422307,-5.41318438127974,6.191367833221645e-08,1.1145554051797766e-06,down
gene-LOC142984567,2544.9494051709453,2.6195777419140853,0.5255421955522341,5.411488844848942,6.25028886735866e-08,1.1231813110762295e-06,up
gene-MRG15,541.0781840566482,1.767169354240096,0.3433415384932124,5.409735107508549,6.311803874901837e-08,1.132242217067189e-06,up
gene-LOC142982105,443.883752593938,1.792069393027968,0.34869113086304,5.409204723105992,6.33052315647444e-08,1.13274404564781e-06,up
gene-wts,466.163158407188,-2.2478882937173874,0.4463183444038568,-5.409027307994094,6.336796806749286e-08,1.13274404564781e-06,down
gene-skd,303.292975392017,-2.967015465372266,0.6021946560678911,-5.407733675642778,6.38272391914816e-08,1.1389591441039382e-06,down
gene-LOC142987684,365.6940437295589,1.6390229625301254,0.3171096267503518,5.4068519546049645,6.414211806870685e-08,1.1425804522291289e-06,up
gene-RpS8,30086.473176783635,1.847258815703916,0.3609992518895863,5.404697175273695,6.491797562402304e-08,1.1543863714188209e-06,up
gene-LOC142983902,85.08577920718587,-4.113632638342882,0.838647513561379,-5.401729910297823,6.600127558219428e-08,1.1716087302042728e-06,down
gene-LOC142974657,217.80694977746248,-2.042239973245719,0.4022924808616147,-5.399349966612934,6.688279069291784e-08,1.185195563546202e-06,down
gene-LOC142972603,280.66897465218864,-2.2856984010778114,0.4553600398540534,-5.394959971300374,6.853883046551456e-08,1.2124364689107571e-06,down
gene-LOC142973512,585.50276598869,2.9459718303743543,0.5991020917246318,5.393724059688611,6.90121743853606e-08,1.2186976884971897e-06,up
gene-Ptip,246.3618583139796,-2.6599265693973804,0.5373681170995518,-5.385914457068077,7.207723930191246e-08,1.2706258748784464e-06,down
gene-Fdh,9324.539160357392,3.0822373538917787,0.6300388548697888,5.383908050242207,7.288574687764375e-08,1.2826634799657065e-06,up
gene-mRpS7,420.12254725414186,2.480626747647216,0.4986150252261533,5.382398686223608,7.34997471854938e-08,1.2912425465100434e-06,up
gene-melt,83.32315629830468,-2.3549585500342247,0.470821440299785,-5.378847689887999,7.496409383045348e-08,1.3142178176516834e-06,down
gene-mRpL27,386.6188394239775,2.592324460397575,0.5235805739070342,5.378605350698464,7.50650521887853e-08,1.3142178176516834e-06,up
gene-LOC142984080,117.99620609474702,-2.2116279397351017,0.4402598569034449,-5.375504423813143,7.636857678095912e-08,1.3347501082247426e-06,down
gene-LOC142974067,462.2298712015618,-1.9659344334544608,0.388874614204398,-5.374721148669636,7.670129143130096e-08,1.338273643827844e-06,down
gene-LOC142973042,479.4595596450905,2.1395205608776515,0.4260766307454447,5.36831562116231,7.947538273084301e-08,1.3843092688288647e-06,up
gene-Nipped-B,742.7824915647293,-2.0478203633145746,0.4066691357868464,-5.367733486988781,7.973225443416096e-08,1.386417582639661e-06,down
gene-LOC142983526,355.3489887051439,-2.80055037423848,0.5711913644986483,-5.363224774590488,8.174917364592414e-08,1.419071114632564e-06,down
gene-Spn,398.0442808678724,-2.3357307788534576,0.4700760810397089,-5.360502986917332,8.299055472112437e-08,1.4381741800314372e-06,down
gene-Stoml2,839.6641784481317,1.844953952680335,0.3636441703052946,5.35850759313299,8.391221069473168e-08,1.451681245018858e-06,up
gene-SOCS2-12,242.98961107924296,-2.293286719025221,0.4607049702072788,-5.357990721013537,8.415256112677637e-08,1.453375958411178e-06,down
gene-ATPsynCF6,10258.492131973244,3.2128522772007977,0.6574059199761855,5.355849775061773,8.515523969568903e-08,1.468208668199152e-06,up
gene-LOC142987494,846.9569201770374,2.620530516631284,0.5323969371115359,5.354861164932959,8.562213464010656e-08,1.4737691876417667e-06,up
gene-hts,1094.4000447427718,-2.213804226552728,0.4440858609210862,-5.354339888963659,8.586931683851887e-08,1.4755355504558283e-06,down
gene-LOC142976760,5314.783672096027,1.93192598981659,0.3833923177510785,5.352005400458007,8.698480220352333e-08,1.4921913883888446e-06,up
gene-LOC142979416,3574.660871707925,2.3478721287950464,0.4736779361713606,5.347788912642906,8.90352175569113e-08,1.5248027946365662e-06,up
gene-LOC142980293,420.5117087038813,7.623267362216353,1.6918684838050342,5.345288988362002,9.02729084464621e-08,1.5434096759012369e-06,up
gene-LOC142979021,330.1463421061956,-2.5085368078775194,0.5091567760025075,-5.344818008937996,9.05079436759724e-08,1.5448404366231606e-06,down
gene-Ptp69D,107.55508078920542,-1.5806198422289492,0.3085361649268038,-5.34371670347055,9.105984835837755e-08,1.5516658968179624e-06,down
gene-brat,663.0850394828152,-5.378985364954087,1.1534824185064565,-5.3402021130840245,9.284301572673769e-08,1.5794144358713528e-06,down
gene-RhoGAP71E,143.30363128343652,-2.9585073086226044,0.6079231487714382,-5.333869147125118,9.61418170170481e-08,1.6328111918352908e-06,down
gene-Meltrin,319.3564317521958,-3.337904363649471,0.6958769419217544,-5.330836030368644,9.776165863765053e-08,1.6575635377317255e-06,down
gene-Ubc10,4047.8375018932834,1.4917194576914654,0.2909938713366912,5.326704927876461,1.0001043357343703e-07,1.6928797603384271e-06,up
gene-BmDJ-1beta,3308.5225480091303,3.0630899699844854,0.634030862348899,5.326178024811635,1.0030082992384117e-07,1.6949843891268983e-06,up
gene-Eaf,389.3867166640766,-1.5659081021180727,0.3071324855779542,-5.323748882617221,1.0165021127348113e-07,1.7149482751544164e-06,down
gene-jar,4350.660033125795,-2.2286827667212044,0.4516270709069833,-5.321251070547562,1.030560561898122e-07,1.7357973028538174e-06,down
gene-Eph,244.7138486058034,-1.846618214998416,0.3676607808061232,-5.311181673254034,1.0891668540999369e-07,1.8309989758414668e-06,down
gene-LOC142982572,2915.292530115578,2.119539250142456,0.4268463004053308,5.310865418601487,1.0910588103213233e-07,1.8309989758414668e-06,up
gene-LOC142983213,23863.24758003804,4.529257354094651,0.966565055460248,5.310630813199328,1.0924643639536137e-07,1.8309989758414668e-06,up
gene-LOC142977414,4722.607379125208,-2.998019802657835,0.6235873574756023,-5.305280089060627,1.1250012071578722e-07,1.882440544501705e-06,down
gene-LOC142981266,3330.5103350102763,3.928602513866797,0.8339623975752584,5.302586592429863,1.1417327924946448e-07,1.9073104112917905e-06,up
gene-IP3K1,331.2271216589945,-2.390220954249063,0.4882718797744106,-5.301717640883548,1.1471817739592957e-07,1.9132817592814597e-06,down
gene-Aps,3944.8081586240346,2.08357476863096,0.4200914445420091,5.297919965995919,1.171292815949723e-07,1.950307630081374e-06,up
gene-LOC142972521,327.5607722800645,-1.7243212175115048,0.3428730301095985,-5.296986050072561,1.1772968538907249e-07,1.957112212974369e-06,down
gene-LOC142985319,3620.93384558468,1.6745118933148178,0.332527657045063,5.294582390518201,1.1928869827001972e-07,1.9798044605562463e-06,up
gene-Uba3,253.61551065757988,2.4417679787833726,0.4996387291453938,5.293571109168721,1.1995056849967054e-07,1.987557553045677e-06,up
gene-Mlc-c,11997.492858992577,1.7992552686671102,0.3594789245331329,5.289586094711507,1.2259346628473898e-07,2.0280575532712007e-06,up
gene-LOC142975641,153.8821471712989,-2.251029752450268,0.4582981337257952,-5.286326316712992,1.2479719285028305e-07,2.061173054082264e-06,down
gene-Ppib,19469.5847305876,1.477173273541683,0.2913339946062789,5.285399691879489,1.254305883900511e-07,2.068287585940633e-06,up
gene-Rho1,15364.454797781276,1.8279213323492125,0.3658407541767319,5.284243585180003,1.2622520851886588e-07,2.0780333925033293e-06,up
gene-LOC142981581,657.2785014191799,2.657071485489325,0.5491591309895105,5.283483102084714,1.267505601541827e-07,2.0833220088466067e-06,up
gene-kud,1521.901216456752,3.072904300309364,0.6430323400437441,5.28244996587087,1.2746765421981418e-07,2.0917401071087515e-06,up
gene-Noa36,788.8174156033301,1.6645461599612452,0.3306487092114117,5.282061867537781,1.277380439417042e-07,2.0928125433595104e-06,up
gene-LOC142974580,223.73660513591324,2.075190007463805,0.4200662175916246,5.281196442100175,1.2834298921799604e-07,2.0993539919039835e-06,up
gene-Dci,1057.546600256974,1.7407969097590534,0.3476121482957667,5.275526596390732,1.32375410162346e-07,2.161849298443305e-06,up
gene-eEF1gamma,15270.487632551774,1.4023558674077623,0.2755654529625319,5.270083966583276,1.3636136496442238e-07,2.2233873038208613e-06,up
gene-LOC142982347,2553.6717769780944,3.123655461075232,0.6563669412221963,5.267327966459279,1.3842377824261706e-07,2.253415477707165e-06,up
gene-Tsc1,47.69854156258392,-3.600553185402658,0.762381295251756,-5.26623830459125,1.3924750670869416e-07,2.263215447413441e-06,down
gene-LOC142981402,398.2476094332206,-2.24989152202755,0.4608782096991168,-5.264442096958527,1.4061570759415265e-07,2.2781976625611363e-06,down
gene-shi,1235.3688650203785,-3.1917110852138237,0.6733904712466111,-5.264716957530333,1.4040550234137573e-07,2.2781976625611363e-06,down
gene-osi,943.955664718891,2.583759708879179,0.5351243434304458,5.262920243879779,1.417850958732282e-07,2.291560913793125e-06,up
gene-LOC142979006,117.95402416450958,-3.760158995722926,0.8009257033149687,-5.262784915169031,1.418895363492951e-07,2.291560913793125e-06,down
gene-LOC142978607,281.43392091730635,-1.6349274861109886,0.3259459486507755,-5.260690885096607,1.4351512775206497e-07,2.314153094731954e-06,down
gene-LOC142975933,220.54416826811328,2.9765436937208403,0.6253769267207917,5.254566928387672,1.483731838856731e-07,2.388714649717769e-06,up
gene-LOC142974795,14202.9028199772,1.7729220618322648,0.3559927299045863,5.25310765474895,1.495540607014988e-07,2.398457550300948e-06,up
gene-Usp15-31,207.30493542372872,-1.7882557389109284,0.3604601182549546,-5.252948621824251,1.4968330161082625e-07,2.398457550300948e-06,down
gene-LOC142979516,801.1311639243723,-2.507037865554898,0.5199954475413465,-5.253421014585119,1.4929971906325378e-07,2.398457550300948e-06,down
gene-LOC142974285,333.06709243465986,-2.8127575182827096,0.5887861849573034,-5.251540014584849,1.5083275631195008e-07,2.4130876860126558e-06,down
gene-Dyrk3,431.73252467823016,-5.907645390863299,1.2979628631960107,-5.250895510881098,1.5136152773107478e-07,2.4177576111910483e-06,down
gene-Ythdf,1411.3431164646636,-1.7096096142516457,0.3430446809162725,-5.250117796456248,1.520019765488725e-07,2.424194022866159e-06,down
gene-NdufV3,2646.9722404037534,3.245381636504898,0.687547741112354,5.249615822229364,1.524167437923386e-07,2.4270166987338533e-06,up
gene-Stim,329.3006594421349,-2.5277628805382046,0.525076977763096,-5.2473575877808205,1.5429623628607477e-07,2.453117887495273e-06,down
gene-AGO1,509.7022997983979,-2.3583445048652965,0.4876076550191584,-5.245092380374296,1.562040404132358e-07,2.4795873102611164e-06,down
gene-TppII,281.106194699112,-2.3549937131646206,0.4864422785541941,-5.244551573826294,1.5666288078482893e-07,2.483009354302405e-06,down
gene-Prp31,485.03280491669005,1.1780155528796934,0.2303735352372702,5.241773677958826,1.590403684350778e-07,2.516783008708277e-06,up
gene-RpS3,27639.40842557708,2.08762220865262,0.4274703620492399,5.241015398933884,1.5969538656229882e-07,2.523236548980471e-06,up
gene-CycT,543.0223085789296,-2.135773383623195,0.4389676097725248,-5.231139521967877,1.684682923431194e-07,2.657737032374374e-06,down
gene-Nedd4,167.77063074243898,-3.979820459621545,0.8566952382409188,-5.228684721647522,1.707202070676692e-07,2.689106718425462e-06,down
gene-LOC142977243,32362.708513638296,4.219769774472689,0.9156931324600348,5.228058716580877,1.7129911455427797e-07,2.6940678925354622e-06,up
gene-lsn,910.0468171619564,1.6610837976073989,0.3335241773444052,5.227641813953761,1.716857038524183e-07,2.6959938141871285e-06,up
gene-LOC142979541,35.668085216362456,-5.141728444322036,1.0794331063317764,-5.226329607619512,1.729080122847059e-07,2.7110170221044435e-06,down
gene-mge,1486.0145316419246,1.5778603550452144,0.3159650762747958,5.222630891518937,1.7639878463168978e-07,2.757024684651698e-06,up
gene-LOC142985460,13981.041009513998,3.216628414297735,0.6678562477229447,5.222499942722394,1.7652361188859078e-07,2.757024684651698e-06,up
gene-Egfr,1109.7365698156211,-5.2985564804974175,1.1686264098874826,-5.222364614664208,1.766527034155198e-07,2.757024684651698e-06,down
gene-arr,345.5245136653141,-2.46584468678506,0.5142992601234555,-5.221130580023072,1.7783408653134665e-07,2.77122522324497e-06,down
gene-Bre1,167.46991460323463,-2.031317142164905,0.4152842178640489,-5.218386212757687,1.804888063708391e-07,2.8083067783950525e-06,down
gene-LOC142987248,521.927141615828,-2.0999861758193963,0.4320544322572954,-5.21729985628285,1.815502256358958e-07,2.816235794932505e-06,down
gene-upSET,468.5510976074734,-2.2745058848950963,0.47123897602406,-5.2174359060821285,1.814169690600351e-07,2.816235794932505e-06,down
gene-LOC142984822,108.27212854889773,1.9662333628787143,0.4029675872011027,5.2076509357778695,1.91246259182989e-07,2.962140466586903e-06,up
gene-nhr,301.5110359027611,-2.4918144140138394,0.5219198656819695,-5.2064844202068565,1.924518442057513e-07,2.9762969300122776e-06,down
gene-LOC142984779,111.40800732567608,-1.805249487786,0.3673117076879566,-5.202253592347563,1.9688631360455969e-07,3.0402702011524068e-06,down
gene-Dad1,796.39759983444,2.652988108467932,0.5587181495830874,5.201811642487906,1.9735519234086362e-07,3.042109190025083e-06,up
gene-LOC142976117,2311.9886058255447,3.617654999679226,0.78239593546239,5.2015798981348285,1.9760148848698245e-07,3.042109190025083e-06,up
gene-RpL27A,31259.20814636233,1.934590820540419,0.3963039626343337,5.200581558582448,1.986659170430047e-07,3.0538900832198027e-06,up
gene-CDC50,1091.373683201491,-1.3121011455269274,0.2609790346288179,-5.199598886063367,1.9971905236332466e-07,3.065462206725496e-06,down
gene-Tnpo,593.9711504667125,-1.5556065695906662,0.3133278173991839,-5.198247904787662,2.0117571819658106e-07,3.0831840174662204e-06,down
gene-LOC142985061,562.1304419609762,-2.703265671352732,0.5715537465643,-5.195794757599691,2.0384706331516286e-07,3.1194407425155427e-06,down
gene-LOC142985622,23524.672660763397,6.617121840448242,1.4905607777237713,5.194544079995257,2.052221458328476e-07,3.135782099574664e-06,up
gene-RASSF8,136.74406310374903,-2.1013067206026816,0.4339162703302635,-5.189144677289596,2.1126221247342257e-07,3.2184379145018277e-06,down
gene-LOC142985954,578.7624611980756,-2.8389070133110565,0.6036117489906552,-5.189189001694174,2.112119364454625e-07,3.2184379145018277e-06,down
gene-Pmi,1709.8879034260442,1.7747399761101996,0.3621066069948017,5.185990587539373,2.148696616357319e-07,3.268516596595999e-06,up
gene-Arpc5,4095.04067875735,2.0753471203151688,0.4289063124767471,5.18556290017682,2.1536338316456403e-07,3.2711518630367626e-06,up
gene-ubl,771.7890854319712,2.212955648433024,0.4604276547260379,5.182183346530175,2.1930347835034567e-07,3.316266161572607e-06,up
gene-Eip74EF,482.3311922385698,-2.9422475140258464,0.6287197576589226,-5.182179260141229,2.193082844186842e-07,3.316266161572607e-06,down
gene-LOC142981772,1579.1071830306769,3.7557801415121927,0.8178741911386764,5.182502998065505,2.189278461823214e-07,3.316266161572607e-06,up
gene-nero,1852.6093572578368,3.647273046001424,0.792876192179415,5.181866619649892,2.1967628789191013e-07,3.316916968214093e-06,up
gene-px,73.76344430618032,-6.817184722093106,1.458683025241199,-5.180249626295995,2.21589165777504e-07,3.340857629381068e-06,down
gene-Vha14-1,6580.2845665326,3.131458510120082,0.6720840463384167,5.178949046537792,2.2313940075167003e-07,3.359268235209875e-06,up
gene-LOC142980780,71446.40635652705,5.008966293556567,1.1440068575177362,5.174228218771393,2.2885496133770707e-07,3.440239455631776e-06,up
gene-CSN4,1150.4492328038168,1.4776434761026758,0.2974076621545839,5.173573204071158,2.296590849939579e-07,3.447250412549012e-06,up
gene-CYLD,310.70397401601423,-2.09494868367029,0.4355763953893791,-5.16981153964068,2.343301865243727e-07,3.512200020344012e-06,down
gene-LOC142985465,537.9002244910466,1.8871976639569288,0.3881623949195008,5.168220043372287,2.363339645594921e-07,3.5370392613764458e-06,up
gene-LOC142976275,228720.62887317105,4.8897210990910125,1.0040286668257197,5.166701789206274,2.3826094957437798e-07,3.560658143932175e-06,up
gene-LOC142976088,447.0268139215752,-1.53106268630163,0.3102219843343803,-5.163709252907614,2.421036526237504e-07,3.612795295805e-06,down
gene-LOC142981526,8854.74231353846,3.279409701983677,0.7027548274637884,5.161699385091639,2.447180523924162e-07,3.646477606962616e-06,up
gene-LOC142984108,289.60179341757424,-1.968464971097177,0.4075630787676175,-5.161074036749214,2.45537042557736e-07,3.6533478037708623e-06,down
gene-LOC142973605,1655.9249310386642,2.0453165513748304,0.4245867401651547,5.159028864110196,2.482340434955884e-07,3.688100264860946e-06,up
gene-LOC142976153,1690.5972299312086,2.0086061746925408,0.4163819993876199,5.157636100025107,2.500870595297497e-07,3.7048455974167705e-06,up
gene-LOC142985619,120.04072113622328,2.7675367767466503,0.59100164128688,5.157641669031976,2.5007962365287546e-07,3.7048455974167705e-06,up
gene-LOC142979974,1014.9263622382422,2.75141834684688,0.5874885380414867,5.156927165130483,2.5103539329920133e-07,3.713504723775287e-06,up
gene-LOC142986379,89.71335663715763,2.804426743799536,0.6000594798156713,5.156358564740184,2.517985127838012e-07,3.719402923276786e-06,up
gene-LOC142975056,454.2602569670326,5.204674973078818,1.169788595621949,5.155380779884967,2.531160425154812e-07,3.733461627103348e-06,up
gene-MsrA,1278.3091032829002,2.763547842261453,0.5904578535803586,5.154027367174916,2.549507103528856e-07,3.755096537621794e-06,up
gene-gpp,294.60194002629527,-2.2386310275233083,0.4701052649768963,-5.153494928037315,2.556759927696972e-07,3.760352821614263e-06,down
gene-Rad23,4733.143309786376,1.7354929536591654,0.3558527185268267,5.153040862837395,2.562960893395137e-07,3.7640491854509594e-06,up
gene-LOC142987118,26.82763867478005,4.687627239025634,1.0296821254876758,5.152409154813081,2.571612017237131e-07,3.7713281407958897e-06,up
gene-Rpb7,430.4801276972029,1.9337915274494295,0.4000901442065098,5.1517277606311165,2.580975204797189e-07,3.779628969205869e-06,up
gene-LOC142982214,310.23854182426663,1.5245431842554549,0.3094249911569792,5.148003536991633,2.63273529319052e-07,3.849903887907684e-06,up
gene-RpL12,20660.784817201344,1.84890162372936,0.3820025602001122,5.147482786090235,2.640052226474826e-07,3.8550805544532974e-06,up
gene-eca,2296.8292957587378,1.9881532868350984,0.4133620914009907,5.141372622737797,2.727385297912482e-07,3.976917390827529e-06,up
gene-ND-B14.7,2336.3986199351325,2.5737159809079606,0.5485778496292356,5.139043714793711,2.7614015869244734e-07,4.020774036767204e-06,up
gene-LOC142981401,162.4267004269221,-1.990511523659924,0.4147474790835651,-5.134300398311213,2.8319546263048664e-07,4.117629753660082e-06,down
gene-kuz,361.770232483352,-2.550544299230061,0.5455968574291166,-5.131461129827257,2.875016016903541e-07,4.17429423677588e-06,down
gene-LOC142983062,228.37452523475667,1.313868401059849,0.2649487113905793,5.128541018750044,2.919962811045026e-07,4.2251899274916994e-06,up
gene-cbt,657.3344005460207,-2.7124263277587355,0.5824328808212251,-5.128508507085439,2.920467034792724e-07,4.2251899274916994e-06,down
gene-LOC142982780,177.92044773502502,-6.662186183968952,1.5261502002926943,-5.128378215296498,2.922488575300421e-07,4.2251899274916994e-06,down
gene-LOC142986528,2236.766642611712,2.256964427535673,0.4768234926281138,5.124802258715667,2.978501740451427e-07,4.300080235472096e-06,up
gene-nito,565.8899313213568,-1.5535926707555725,0.3178484479354893,-5.123087540186186,3.00572714887228e-07,4.333256639624203e-06,down
gene-norpA,165.59947760740548,-2.3339240224652373,0.4945571404071808,-5.118380457579277,3.081704672232033e-07,4.4365246247492745e-06,down
gene-LOC142974750,760.6719481238694,-2.052097638749794,0.4326616462336182,-5.109548525103562,3.2292954576245775e-07,4.635923872851485e-06,down
gene-Sir-3,384.0944030926085,-3.85372506112098,0.8540400652470159,-5.109778426131101,3.225368489891549e-07,4.635923872851485e-06,down
gene-Cmc1,456.04661497603297,2.643118394055622,0.5691111162322936,5.107473853724882,3.264942574927583e-07,4.680515289646887e-06,up
gene-mRpL46,398.5886310803787,1.874291567079002,0.3906980166161473,5.105979069107359,3.290861183415638e-07,4.700588585097413e-06,up
gene-LOC142976988,548.662925374506,2.3942610486083797,0.5107441597023169,5.105869967591699,3.29276069201984e-07,4.700588585097413e-06,up
gene-LOC142981792,320.0463466886604,4.083002045452477,0.913745206371858,5.106104586149743,3.288677181339961e-07,4.700588585097413e-06,up
gene-LOC142978942,1310.5023301701806,1.9783523728024388,0.4142309733302512,5.105205029476389,3.304360480729884e-07,4.7087712833237206e-06,up
gene-LOC142987153,7277.08250940294,-2.056896606968444,0.4349670983869364,-5.105012916021575,3.307719222242684e-07,4.7087712833237206e-06,down
gene-LOC142976128,269.60539306582666,-1.8693424446713256,0.3897887435796286,-5.10368309126405,3.331059232015746e-07,4.7276787380172365e-06,down
gene-bcn92,406.9953815736578,2.3821057846485347,0.50827213936972,5.103542412872206,3.333537584093884e-07,4.7276787380172365e-06,up
gene-LOC142980491,770.1364405731297,2.4374162989426447,0.5211583110373861,5.103465328983331,3.334896337192525e-07,4.7276787380172365e-06,up
gene-LOC142975908,851.3228562736404,7.192162804070066,1.7014371959063632,5.101731208906754,3.3656052524748735e-07,4.7645953969502125e-06,up
gene-mRpS18A,1033.3709461825551,2.110842127531679,0.4453057915541336,5.101346265754732,3.372459003490363e-07,4.767685463798634e-06,up
gene-eIF3m,2684.733389566097,1.264364077600943,0.2556249658272224,5.10089668769233,3.380480608868691e-07,4.772415708813656e-06,up
gene-LOC142980673,244.8616488304502,1.690653269850369,0.3496814027226894,5.09999680366948,3.396592172499382e-07,4.788119838852527e-06,up
gene-LOC142976997,9743.358604542693,5.830431225599261,1.3444914101157326,5.099752083165812,3.400986463376195e-07,4.788119838852527e-06,up
gene-ash1,135.4553424506685,-1.9851810898226867,0.4181002047738647,-5.098017962006389,3.432282577565985e-07,4.824977041482543e-06,down
gene-pcm,285.3044601316321,-2.1163031597828863,0.447429578257448,-5.097778815269921,3.436620269577554e-07,4.824977041482543e-06,down
gene-Ip6k,1610.0523388502495,-2.2237580832126014,0.4734612194512819,-5.09054034287314,3.570445948402052e-07,5.005981015843371e-06,down
gene-LOC142981091,367212.3066694604,2.313668125354046,0.4991653981918876,5.08919867970044,3.595797257342104e-07,5.03460941093153e-06,up
gene-Sra-1,178.6697300348723,-3.4893599361567778,0.7708361702546517,-5.086411564554992,3.649017505875658e-07,5.1021262578729925e-06,down
gene-mRpL14,596.2007775801277,2.3122342993767866,0.4943605104376946,5.082289962007197,3.729115643368934e-07,5.200505381257472e-06,up
gene-LOC142984026,434.839815985461,-2.4539695095010803,0.5277356954960132,-5.082007688437591,3.734662921976807e-07,5.200505381257472e-06,down
gene-gek,220.7344179776904,-4.756896262985236,1.0741067382955225,-5.082100788274631,3.732832431737333e-07,5.200505381257472e-06,down
gene-LOC142978727,276.1871367423076,-1.6682145385063871,0.3461626690253969,-5.08008016133282,3.772756371748031e-07,5.239255004956754e-06,down
gene-Ack-like,85.58613706813308,-2.624710439075307,0.5686714014729898,-5.080150735158802,3.7713550416162564e-07,5.239255004956754e-06,down
gene-vri,7297.065867945351,-5.256120997835241,1.2078266683843986,-5.077339830929213,3.8275592624124114e-07,5.308138232533082e-06,down
gene-LOC142978844,1261.5394275286033,-1.9690103064382103,0.4161626844315133,-5.07533659890685,3.86810641227677e-07,5.3570912008289e-06,down
gene-Sir-1,132.25557881965196,-3.214522635755698,0.7087345762229382,-5.074750072035767,3.880056461874067e-07,5.366359933109567e-06,down
gene-mRpS34,530.9548766174976,2.226147442888456,0.4750402159084991,5.074184096196778,3.891621570008393e-07,5.375071903257871e-06,up
gene-LOC142986409,148.32076199889835,-2.0030165818186805,0.4240802101410043,-5.07379646190016,3.899561646103578e-07,5.378760232672868e-06,down
gene-LOC142973119,58.82248230475036,3.1843559822456244,0.7036450485749617,5.072490890998849,3.926419360428029e-07,5.408496951671916e-06,up
gene-LOC142979474,1007.841425869837,2.5166196996193464,0.5440323245985573,5.070264011966768,3.972642283533565e-07,5.464792424262413e-06,up
gene-LOC142976880,127.12242120767836,-1.938268368054738,0.4086736618753013,-5.06626894342809,4.05688641466258e-07,5.573168187679805e-06,down
gene-MICAL-like,293.99818390903243,-2.891002315974082,0.6345481829550551,-5.061556942664129,4.1584649815738694e-07,5.705033879962968e-06,down
gene-LOC142973583,248.86086126250112,1.9537439770528136,0.4133449482180969,5.058481255165302,4.226087822436847e-07,5.782262520591541e-06,up
gene-pcx,103.57334543028914,-2.506530860601817,0.5398489073048981,-5.0587208841586255,4.220781396360826e-07,5.782262520591541e-06,down
gene-hob,52.163804290894575,-2.426190992193031,0.5245867668523322,-5.055426926438993,4.294290331269525e-07,5.867713709674437e-06,down
gene-Dhrs4,3636.128043911802,2.138176331186241,0.4566160646765098,5.054989829443827,4.304137051911166e-07,5.8715423126738645e-06,up
gene-p24-1,2190.5446781138394,2.4231397692430687,0.5237806120389766,5.054792159040275,4.3085972295412214e-07,5.8715423126738645e-06,up
gene-LOC142985268,171.21801959867983,-2.7738027013583824,0.6066185792328689,-5.0522950374952815,4.36532693109495e-07,5.94091893142482e-06,down
gene-Evi5,612.4353476728228,-1.2225108035774537,0.2492530010404539,-5.051575408000085,4.381808806067266e-07,5.955409118978506e-06,down
gene-E(spl)mbeta,2176.3960301490547,-2.9559275694371907,0.65290567720157,-5.049512557663187,4.4293882143048875e-07,6.012069880772603e-06,down
gene-LOC142983756,4207.994659234304,1.832463254149756,0.3863605713931272,5.048603906424376,4.450503911177825e-07,6.0327082896935e-06,up
gene-Spt6,656.1012377506928,-2.5802347836841726,0.562628211316356,-5.04418744601211,4.554526500984853e-07,6.165524137341167e-06,down
gene-BI-1,14017.983633432696,1.635927971869603,0.3423853878499849,5.0417972310706185,4.611798254624455e-07,6.218312389029302e-06,up
gene-LOC142985976,151.2742358420857,2.0498750617682657,0.4369599743169119,5.04187616792096,4.609895812206991e-07,6.218312389029302e-06,up
gene-Usp16-45,751.8995826428451,-2.2911448406353103,0.4946290284929059,-5.042074541251669,4.605118194258137e-07,6.218312389029302e-06,down
gene-Camta,378.91531764411616,-2.441206585546537,0.5308922971521005,-5.037200404850559,4.723901213337512e-07,6.361063282920314e-06,down
gene-Svil,2390.9643240208798,-2.748368342603555,0.6052468486238101,-5.035298939214787,4.771036766723166e-07,6.416070128846291e-06,down
gene-LOC142977527,551.9011405132158,-2.0631976665849003,0.4415206114800196,-5.033956831627038,4.804579101254313e-07,6.45267616927668e-06,down
gene-Sec71,1281.8476203177163,-1.8751416345598455,0.3977292310286333,-5.032965157897151,4.829509287679925e-07,6.477634861938108e-06,down
gene-Ip259,5460.006894002764,1.9173616589409537,0.4078534017381945,5.031959049049592,4.854929844670996e-07,6.503184898235809e-06,up
gene-LOC142984746,196.970249602168,-1.9691520305623584,0.4195608841729339,-5.030886733120151,4.882165256671685e-07,6.531095776520038e-06,down
gene-LOC142981965,242.11765754519357,-2.832931009410213,0.6248978696341464,-5.030569821743164,4.890242557713908e-07,6.533338453741604e-06,down
gene-LOC142979881,195.18929574846788,1.8812555300123688,0.399313388246266,5.02828731545752,4.948799976829984e-07,6.602928282810935e-06,up
gene-tara,415.46814586854094,-2.213824167519972,0.4784897548397228,-5.02579282913823,5.013569001244203e-07,6.680613419804122e-06,down
gene-mys,283.3703250968219,-1.871825730269662,0.3975450198233984,-5.025086569100201,5.032054950321805e-07,6.696503895428248e-06,down
gene-Neurl4,166.32907897575203,-3.091518025097622,0.6886603127318754,-5.024030887294244,5.059809423905408e-07,6.724671196588867e-06,down
gene-mtTFB1,1915.000335768532,1.876231682917292,0.3987112843813512,5.022666690020831,5.095893650333658e-07,6.763821389981228e-06,up
gene-mRpL32,592.2007070399454,2.0368034559878048,0.4361083741782681,5.022216119298961,5.107866067596813e-07,6.770907656098787e-06,up
gene-LOC142983616,3561.568926898251,-1.3587366439069022,0.2813814365481246,-5.019095118934104,5.191544082725025e-07,6.849978039083742e-06,down
gene-TFAM,500.6601338888366,1.618702418592246,0.3394742053768853,5.01900971052548,5.193852472036029e-07,6.849978039083742e-06,up
gene-LOC142985293,14737.746475562124,2.364736476964247,0.5145404091449991,5.019450287585542,5.181955312334603e-07,6.849978039083742e-06,up
gene-LOC142977482,897.9018133579447,5.302086167231816,1.2401223658848728,5.018990946388612,5.19435975531578e-07,6.849978039083742e-06,up
gene-mRpS12,340.4002251163432,2.456078341665501,0.5367520717885014,5.014956245049412,5.304553589471234e-07,6.9862681919655335e-06,up
gene-LOC142987320,11528.185128779529,2.103807478373679,0.4545403857101769,5.010623590838468,5.425394165759053e-07,7.136211114678177e-06,up
gene-GEFmeso,202.8025683435916,-6.676177850684908,1.5732801232356424,-5.004213661945578,5.60905174472082e-07,7.368287150368779e-06,down
gene-RpL32,22335.111705423264,2.2160558375798503,0.4809712670716382,5.00390917386585,5.617923438326415e-07,7.370455595758061e-06,up
gene-Acsl,3736.736040374271,-2.950975581565907,0.6590379103653577,-5.000922979771207,5.705650429611063e-07,7.475940171378706e-06,down
gene-Oatp30B,1014.4097881766252,-5.060086465018177,1.1823286280684102,-4.999294324966463,5.754051313906971e-07,7.529692533467751e-06,down
gene-zfh2,122.98945637432716,-3.1521312037684703,0.7047157329126772,-4.998343685942055,5.782485399251033e-07,7.557212352132559e-06,down
gene-RpL28,24270.62421902148,2.126958620173159,0.462448340306607,4.997303297420735,5.813759170729641e-07,7.588368267984328e-06,up
gene-LOC142976253,345.88452984831724,2.6155973656665994,0.5776324364749936,4.996618630176761,5.834428956216756e-07,7.605621501418189e-06,up
gene-LOC142977825,237.1978826371671,-2.889903785435468,0.6440185920948007,-4.99621880056122,5.846532371704972e-07,7.611678050764368e-06,down
gene-LOC142980860,204.11104251350025,-2.694976646174459,0.5978622112530435,-4.995204842792503,5.877334946325454e-07,7.642032840400498e-06,down
gene-tim,1928.5976174499772,-1.278252948030288,0.2649722885519561,-4.994360474335172,5.903104965990076e-07,7.665350598761235e-06,down
gene-LOC142979151,3003.0171742662405,4.165020076756061,0.9622556634363036,4.9941257529030825,5.910287960443903e-07,7.665350598761235e-06,up
gene-Cals,736.3939621036151,-2.5863451646390656,0.5722346474244333,-4.9863788602695225,6.15214500799252e-07,7.96890153509894e-06,down
gene-LOC142977569,1306.8080545547189,1.5049013197478451,0.3160806894586285,4.9852031846964335,6.189673204248901e-07,8.007350367017559e-06,up
gene-Spase12,2042.2340418681124,2.5414882966337324,0.5613976960882369,4.984684058633371,6.206314121901973e-07,8.018714967373854e-06,up
gene-LOC142978127,131.6012100230785,-2.288333976160707,0.5007534879091594,-4.980130424878358,6.354143604127977e-07,8.199335495238213e-06,down
gene-Kcmf1,533.8036541097489,-2.887203039732001,0.6473829947829144,-4.977935129447262,6.426618628262251e-07,8.282385901347576e-06,down
gene-Sec24CD,633.9948023543964,-2.718031883085841,0.6056803130169733,-4.977546561647848,6.439529437380442e-07,8.288559516688799e-06,down
gene-LOC142973332,5495.561299359887,2.442881022661328,0.5380590970689181,4.976528225313308,6.473484058781985e-07,8.32176974659795e-06,up
gene-Stat92E,532.4179524928884,-2.144118635202032,0.4675033319968054,-4.973256765184907,6.58373660699535e-07,8.441598980463617e-06,down
gene-LOC142978680,82.70646371294991,-2.185686090357542,0.4740050483995677,-4.9730281027229575,6.591510127784366e-07,8.441598980463617e-06,down
gene-fz2,406.051381820001,-3.0121758073109706,0.6792641021905517,-4.973289804642103,6.582614141100428e-07,8.441598980463617e-06,down
gene-LOC142978677,103029.55584222444,-3.897658795420485,0.8986359026402937,-4.968819918452751,6.736159153876029e-07,8.616037153334917e-06,down
gene-FBXO11,832.1950965644531,-1.789140895333137,0.3837160466616983,-4.966325008095909,6.823356609297875e-07,8.705750113887925e-06,down
gene-LOC142972272,11480.226889773354,5.620412824257994,1.3222044091381373,4.9663293953418,6.823202324067963e-07,8.705750113887925e-06,up
gene-LOC142982895,318.87314501305576,-2.1424087665483094,0.4687081475910495,-4.963220526409668,6.933378158958288e-07,8.835080008550218e-06,down
gene-tho2,627.9327326971121,-2.132006796210822,0.4653346801433287,-4.962068849007618,6.974626213374439e-07,8.876559820438017e-06,down
gene-spir,187.47514478909773,-1.938745079161529,0.4194388386562696,-4.961438249831248,6.997311594394311e-07,8.883278537808798e-06,down
gene-CtBP,1560.2758602688075,-1.940610248309496,0.4206311784393835,-4.961600691141019,6.991461088804143e-07,8.883278537808798e-06,down
gene-rho-7,911.521232101222,1.4957296522625645,0.3158493126601074,4.956305623197317,7.184617341623029e-07,9.10973778955854e-06,up
gene-LOC142984090,170.53579423751037,-2.4888357895525965,0.552061732386249,-4.949094506885831,7.455953931230343e-07,9.437944507373112e-06,down
gene-shep,2390.9701860801674,-3.9748920025921497,0.9240266490520552,-4.948937799412916,7.461958672920645e-07,9.437944507373112e-06,down
gene-LOC142981794,4527.568522230545,3.744390819655318,0.8666372367357847,4.946964622451046,7.537966964164567e-07,9.52228079247868e-06,up
gene-ckn,422.2617784811167,-2.991163883994567,0.6786818817167121,-4.944938971520196,7.616772229755502e-07,9.609937472078418e-06,down
gene-kay,2446.106402906234,-2.2302958077438766,0.4931407233494864,-4.9338139726295385,8.063924736484643e-07,1.0161540714234414e-05,down
gene-LOC142984650,4927.660954634096,2.2528856474256598,0.4975386777949846,4.931929699527792,8.142122230302959e-07,1.0234808079396834e-05,up
gene-FASN1,74.08012481529585,-7.60358582232731,1.596872657844976,-4.931950337790508,8.141261798042675e-07,1.0234808079396834e-05,down
gene-LOC142979143,253.0381464068645,-5.881933576541663,1.408794098028244,-4.93145537591361,8.161921467543112e-07,1.0247076558328726e-05,down
gene-Edc3,102.68027663272264,-2.9056458226205866,0.6620413323056956,-4.93116170641441,8.17420306649028e-07,1.0249888292342296e-05,down
gene-LOC142975336,1449.3984047712047,2.706640038849996,0.6098942783291113,4.929390544783784,8.248653354476882e-07,1.0330552734864482e-05,up
gene-LOC142984322,650.6314331379297,-2.945946058168687,0.6709531089442529,-4.926797063783516,8.358849017599847e-07,1.0455731853264906e-05,down
gene-LOC142983201,24699.21301949902,-3.678754017936363,0.8517289224061152,-4.92431885852904,8.465470418111521e-07,1.0576139113545202e-05,down
gene-LOC142979961,202.0123417276673,3.313604709259918,0.7635115333933492,4.924064240481465,8.476498913836391e-07,1.0576971199697803e-05,up
gene-dom,122.03404017648438,-4.181624699145061,0.990698130174468,-4.9216846928986895,8.580237449247653e-07,1.0693343546333433e-05,down
gene-LOC142976683,1622.811814680936,2.131893405167098,0.4700583229642912,4.91952326182014,8.675525803707222e-07,1.0798913643712148e-05,up
gene-LOC142987710,35.03636997594783,-2.829515565674051,0.631179193935841,-4.917182332932565,8.779876810814952e-07,1.0915493618512572e-05,down
gene-LOC142978902,603.4529490120719,1.730388738941841,0.37461708698665,4.90997126219971,9.10897409874061e-07,1.1310863579786543e-05,up
gene-LOC142978955,26104.52259646052,4.542526733616733,1.0776659175796772,4.906471578961944,9.27294185268009e-07,1.150047600125221e-05,up
gene-PPP1R15,945.0511551083108,-2.010855844749778,0.4425805398960941,-4.905433023188385,9.322144745238356e-07,1.154746740469028e-05,down
gene-LOC142983421,155.90454814171036,-2.2440302574593667,0.4985423059501679,-4.904279897491064,9.377070006804514e-07,1.1601424673873176e-05,down
gene-MHF2,650.276758744326,2.1790798800101507,0.483531913004169,4.900884860227158,9.540596188068496e-07,1.17894510038275e-05,up
gene-mRpS2,378.9890973181868,2.0379549810012985,0.4494926432053445,4.899792404581504,9.59379702536131e-07,1.184085686068475e-05,up
gene-LOC142981408,148.11575239760396,2.7340509277837364,0.6219782872235173,4.898599886475248,9.652196760364808e-07,1.1898547383217826e-05,up
gene-LOC142982752,664.4137030525396,1.3684226015567085,0.2908650555435015,4.896908286137968,9.73562480506244e-07,1.1986914642373018e-05,up
gene-Rpb12,554.0130645560923,1.8471803568060123,0.4036045725016663,4.894543716790505,9.853407224541522e-07,1.2102734962803288e-05,up
gene-LOC142980439,489.4516069889055,-1.949711780131028,0.4288217562934774,-4.894698530273789,9.84565397439284e-07,1.2102734962803288e-05,down
gene-mgr,719.4143376297461,1.6542968169472814,0.3577325512027181,4.893847528090014,9.888345915286982e-07,1.2131051292948826e-05,up
gene-Prp39,359.07405860752107,-1.6440506506761687,0.3558839950850256,-4.8900631641785655,1.0080362595678556e-06,1.2351772030503124e-05,down
gene-Ctl2,9582.681361567717,-2.337719363056024,0.5257668568647103,-4.888082831134018,1.0182269091727665e-06,1.2461681129408184e-05,down
gene-pnut,1314.414304362965,-2.7491184691883777,0.6276956285135782,-4.88763567632556,1.0205416203937778e-06,1.2475051879472205e-05,down
gene-LOC142979807,750.8866240632855,2.529372826215341,0.5725910732223171,4.886037143109333,1.0288579671180185e-06,1.2561666591355995e-05,up
gene-Apn4,23144.885309864043,-3.067659157621557,0.7113040216338599,-4.882593615887598,1.0469950466596728e-06,1.2758798060224773e-05,down
gene-LOC142981658,55.194513720702766,-4.6032744899040505,1.101323322781301,-4.882497826018509,1.047503945769409e-06,1.2758798060224773e-05,down
gene-LOC142976160,640.7125385763572,1.2198471743184292,0.2581560641937563,4.880734801251188,1.056912922425555e-06,1.2858057448388126e-05,up
gene-Cdk12,136.06926672060231,-2.6566633564056583,0.6044312031418547,-4.874784395023738,1.0892735657791386e-06,1.323597057846151e-05,down
gene-LOC142980124,63522.70977789039,-3.613100909908237,0.8428287080129737,-4.869730353677635,1.117506400012334e-06,1.356288683106527e-05,down
gene-Karybeta3,3173.639646842484,-2.2470038436718336,0.505493755677083,-4.867210287674568,1.1318457667522048e-06,1.3720605393396384e-05,down
gene-rictor,83.74373150889862,-1.7579375563212098,0.3844547696785288,-4.865900440504248,1.1393686594973546e-06,1.379541626036714e-05,down
gene-LOC142982391,80.25302286840247,-2.073292542093204,0.4601810893345749,-4.86522244815746,1.1432814714159154e-06,1.3826390970073754e-05,down
gene-LOC142985294,1348.2976111277894,2.1249452997752294,0.4743338807866588,4.864592887670101,1.1469263495414033e-06,1.383767996426608e-05,up
gene-LOC142973734,730.3173614101921,2.526981024318696,0.5747265124005198,4.8646561934787655,1.146559331745266e-06,1.383767996426608e-05,up
gene-PQBP1,784.5073017591748,1.3233716317744153,0.2825062447588961,4.864329558874846,1.148454221543375e-06,1.383975470990936e-05,up
gene-Trc8,657.2870159633502,-1.7743408162590406,0.3894449358925084,-4.862951964823481,1.1564791985447237e-06,1.3920027334370275e-05,down
gene-MED7,548.6138055857978,1.6150659852691291,0.3509541748516206,4.859302980814003,1.1779974263831689e-06,1.4162331838743234e-05,up
gene-LOC142974308,1812.8486710880131,2.016585452028869,0.4483724648835161,4.858028254432958,1.185604940789185e-06,1.4237023094864957e-05,up
gene-Use1,403.3598623152379,1.9632991570819875,0.4357866554365173,4.855910046307417,1.1983509634173369e-06,1.4373170721034965e-05,up
gene-Spase22-23,8919.638868465308,1.4562200730019674,0.3139462228639648,4.854233732229553,1.208531296245758e-06,1.4478261667582692e-05,up
gene-EloC,2290.9057110180934,1.717698804406811,0.3763208556250268,4.852412936096281,1.2196833365635946e-06,1.4594733665069882e-05,up
gene-Prx5,6502.404469620476,3.243665535794044,0.7589713819472977,4.850889038046191,1.229092972790917e-06,1.469010769704554e-05,up
gene-svr,106.92825684708728,-2.1427062502822176,0.4812820223727073,-4.849201863034633,1.2395922559052615e-06,1.4798266849152051e-05,down
gene-Zir,100.11961545551922,-2.686199505732185,0.6176046190163547,-4.846387268167863,1.2572997667157852e-06,1.499212467157479e-05,down
gene-COX5A,8144.689610730765,2.240968704080615,0.5055033448820329,4.845276298338388,1.264355996470748e-06,1.5041120811161916e-05,up
gene-Taf3,147.04380927368217,-2.270091830529928,0.5131643452332667,-4.845474310559362,1.2630955553021912e-06,1.5041120811161916e-05,down
gene-Nnp-1,51.583520595859206,-2.7793137510863537,0.6390222086875526,-4.843745777660561,1.2741393839253291e-06,1.5139861107946255e-05,down
gene-btz,195.6082956961436,-2.2426584289112244,0.5072368255119105,-4.84112438104201,1.2910652691529453e-06,1.5305346344069818e-05,down
gene-cype,13449.57646197034,2.884589470242449,0.6711608172141089,4.841138855308208,1.290971220346879e-06,1.5305346344069818e-05,up
gene-Tfb5,105.3338388396839,2.104896251653519,0.4722170176663944,4.840337273035852,1.2961895618865834e-06,1.5348267816909928e-05,up
gene-bai,3861.1416917465,2.315275926118277,0.5239993086991352,4.838857498421181,1.305876318081658e-06,1.543039324645144e-05,up
gene-bchs,120.8002269904117,-2.504287068185343,0.5737930341874088,-4.83881604166406,1.3061486984357838e-06,1.543039324645144e-05,down
gene-LOC142987909,108.0861140370493,2.4889512024572724,0.568225977699793,4.838380018297958,1.3090167832356527e-06,1.5446398042180702e-05,up
gene-LOC142974366,543.7162142024913,-1.9135941218264,0.4260851658621294,-4.83386968135476,1.3390426207503107e-06,1.576663182338296e-05,down
gene-mRpL34,334.77868715584776,2.2655821294281777,0.513469515164882,4.833839669326728,1.3392446155455108e-06,1.576663182338296e-05,up
gene-LOC142974119,6326.051135872819,1.929557690253903,0.4293133878047588,4.8335972967895895,1.3408769688953533e-06,1.5767662697597776e-05,up
gene-MED16,41.79522984785539,-2.928800302868902,0.6763150453428505,-4.830975062726404,1.3586602259144977e-06,1.5958394621299514e-05,down
gene-RpS14,16041.506918841693,1.7596119618428023,0.3883742739436225,4.828931815997036,1.3726739627756035e-06,1.610446337706964e-05,up
gene-Usp7,2677.260620523049,-1.7468787832600474,0.3868379102042876,-4.825386587771413,1.397319613451304e-06,1.6374789086679058e-05,down
gene-LOC142977152,854.1271942258641,2.230728737363835,0.5063638311929195,4.820991070684783,1.4284675208264777e-06,1.6720605487472314e-05,up
gene-tgo,331.49703344149447,-2.115319880496345,0.4785321947063329,-4.81763837985847,1.452673402776435e-06,1.6984464401075682e-05,down
gene-tamo,242.89349878783813,-2.496420374803034,0.5748569555418261,-4.814223879670462,1.47773069238528e-06,1.7257662674115046e-05,down
gene-LOC142976110,435.3624672506068,2.679876716762059,0.6221720599474058,4.811376617028258,1.4989425772783902e-06,1.748537929860632e-05,up
gene-LOC142975871,201.71904514938217,-2.4650005294403887,0.5674772655966378,-4.8092481434665935,1.5149904431262889e-06,1.765240576825346e-05,down
gene-singed,201.0729934608399,-2.121148492986566,0.4816414951080939,-4.806223326403329,1.5380808397879924e-06,1.79010161137013e-05,down
gene-LOC142979156,1152.3990772864906,1.711096866099062,0.3789985253374531,4.805513090852824,1.5435513749511953e-06,1.793250892491736e-05,up
gene-LOC142972320,586.4085400468647,-1.88429209329134,0.4220614512173617,-4.805416019140237,1.5443005138632662e-06,1.793250892491736e-05,down
gene-14-3-3zeta,26123.770164683065,1.3415661529026994,0.2897859968977787,4.803955273807528,1.55561592818486e-06,1.804337702157144e-05,up
gene-Rbfox1,48.77650707944856,-2.2219325009600284,0.5052880428840544,-4.7998518436485815,1.587830504654516e-06,1.8396124813857717e-05,down
gene-LOC142976368,866.0086967950027,3.418932865782994,0.8175569282919944,4.798986072995149,1.5947088181118056e-06,1.845486724089252e-05,up
gene-LOC142973507,207.43377595294103,-2.0905875287712763,0.4753181169647464,-4.7984805641677415,1.5987381836564712e-06,1.848054432681948e-05,down
gene-Vha13,43481.52822891134,2.668330144745653,0.6207247191225669,4.798065908019138,1.602050675335161e-06,1.849788602165836e-05,up
gene-LOC142979475,87965.02622841056,3.709639843195146,0.8913390525599555,4.797770612828385,1.604413669885929e-06,1.850423765935105e-05,up
gene-LOC142985477,306.8677452313954,2.925320796210852,0.6889332197571519,4.797029195623243,1.6103613723635727e-06,1.8551871927443552e-05,up
gene-Pde11,178.5388350012511,-2.218488101905461,0.5063675404934603,-4.79500667360765,1.6266941534197568e-06,1.8718903296454856e-05,down
gene-LOC142981587,5330.93601142699,1.59416921805983,0.3521317057402688,4.792034546127836,1.6509846550736623e-06,1.895568096100885e-05,up
gene-par-1,440.0411732952752,-2.7708660588677234,0.6493510185757261,-4.792119135036535,1.6502885350146722e-06,1.895568096100885e-05,down
gene-LOC142973388,216.21549641864544,3.678065787503908,0.8893243424398488,4.791228592810928,1.657631377023587e-06,1.901061063514579e-05,up
gene-Slik,64.46446962818537,-2.6851121346721745,0.6239451814772697,-4.789624374702713,1.6709380427028134e-06,1.91417111132072e-05,down
gene-mib1,83.09321661618814,-2.995741624394249,0.7117667790080017,-4.789002763131593,1.6761217342832457e-06,1.9179567872005703e-05,down
gene-LOC142972987,397.0203082717744,-1.634621464057493,0.362379189275259,-4.786818735867019,1.6944574242455711e-06,1.936766733401405e-05,down
gene-TBCD,403.5738403292037,-1.664437005106719,0.3703135993910223,-4.784381678397914,1.7151449585298574e-06,1.958219752988172e-05,down
gene-LOC142978166,338.28997275589006,-2.233635056504005,0.5127419016423552,-4.77962409648961,1.7562324428601602e-06,2.002889893214933e-05,down
gene-ksr,81.65726291775457,-2.6824079785081527,0.6240879353488717,-4.776162732951986,1.7867182110630657e-06,2.0353831228036505e-05,down
gene-Khc,1506.3608570498027,-1.1827687564421605,0.255819649741755,-4.775393961775125,1.7935578053676009e-06,2.0408968249038017e-05,down
gene-EndoA,864.2568322150591,-2.728076750889835,0.6418269964952367,-4.774353824060701,1.8028517489793215e-06,2.049187951206229e-05,down
gene-l(2)k14505,318.24153563538727,2.4931764085270465,0.5800742815241962,4.7708466760221695,1.8345314768086357e-06,2.082876839130783e-05,up
gene-Dhod,459.3536588633117,1.4198385141376,0.3115990740736144,4.76934840925569,1.8482276286774104e-06,2.096095489545592e-05,up
gene-oys,103.89841838201538,-2.054335936337567,0.467830191200639,-4.7668322951380215,1.8714495758385664e-06,2.120076117711903e-05,down
gene-LOC142984806,95.88371166035876,-3.3265381403192484,0.7925284529321344,-4.766353831968287,1.8758970603340957e-06,2.122758458406886e-05,down
gene-Bug22,254.62823033040655,1.4432183291361111,0.3172678082893098,4.765706089915275,1.8819342345802004e-06,2.127231753306767e-05,up
gene-SmD1,383.1000830294668,2.136427154505344,0.4892489838643619,4.764373764399677,1.8944106984665335e-06,2.138965707881406e-05,up
gene-gdl,228.52217027118408,1.7728603307605333,0.3980858081763678,4.761658125439519,1.920087622561571e-06,2.165561808119995e-05,up
gene-Agpat1,225.07418048698048,-2.3984806303921054,0.5567291493255242,-4.759172274939316,1.9438847100360272e-06,2.189981372553833e-05,down
gene-LOC142978457,23.911952886205075,-3.513983072802293,0.8272293211834247,-4.758477749564294,1.950583891245704e-06,2.195105818957541e-05,down
gene-LOC142974928,155.03602797372642,-1.9328699329790464,0.4386575434433356,-4.757300878837905,1.9619862937594126e-06,2.2055059581940887e-05,down
gene-LOC142983602,1930.2144709228803,1.969443784663321,0.4477088289009797,4.7569788587888135,1.965117404973226e-06,2.2065955283346225e-05,up
gene-LOC142984620,2187.6640723514,3.700235478174427,0.9028868961585228,4.756641157559947,1.968406146143314e-06,2.207859509196132e-05,up
gene-mRpL12,1150.8434969706898,3.070089209429577,0.7347413589427599,4.755101997972953,1.9834625085309106e-06,2.222305359448409e-05,up
gene-LOC142987711,145.55528126232363,-1.9292749583159037,0.438454555119247,-4.7532486393477695,2.001739268084022e-06,2.2403237619883343e-05,down
gene-Dhs,656.0317620868701,1.4755087570895524,0.3259909839180037,4.752338413508832,2.0107745241262085e-06,2.247971036994108e-05,up
gene-enok,127.89566032317263,-2.852622954358607,0.6765482888288873,-4.751524009953846,2.018891806484133e-06,2.254576440785946e-05,down
gene-Gapvd1,268.0720712629781,-3.139104424075021,0.7526385220803755,-4.747623903859084,2.058203036896136e-06,2.295964852196597e-05,down
gene-LOC142986113,126.073702829291,-1.7624661686122105,0.3966570427869126,-4.746838622326904,2.066206740942014e-06,2.302376878252744e-05,down
gene-LOC142977559,2073.715685850524,3.06996457070198,0.7361861558342606,4.74640349973895,2.070654436680284e-06,2.30481677592101e-05,up
gene-LOC142976459,915.2333819497476,-2.460321906344793,0.5761669315614971,-4.744559865338046,2.089601764220661e-06,2.323373116274541e-05,down
gene-RhoGAP19D,995.0731978722176,-3.0000957223930165,0.7184293790542171,-4.744274298720736,2.0925514321944564e-06,2.3241210520575425e-05,down
gene-LOC142973986,230.2744958308318,-1.7251090509306366,0.3889492014547451,-4.740861878746293,2.128109792694278e-06,2.355923715187689e-05,down
gene-Arpc3A,4911.873823991816,2.1799094115693896,0.5029275281058051,4.740941408835465,2.1272745014637307e-06,2.355923715187689e-05,up
gene-LOC142978249,53.30415470445254,-3.448159647085568,0.8234090726010341,-4.741297610022772,2.1235372417625587e-06,2.355923715187689e-05,down
gene-MED22,412.9314288401581,1.746966477360191,0.3937649120705445,4.739230933731249,2.145308964445802e-06,2.3723909642576707e-05,up
gene-LOC142975328,1536.0997619971615,2.7820000796608,0.6616224551689424,4.738469648840765,2.153382738631744e-06,2.378742165932274e-05,up
gene-LOC142984164,155.84689507508534,2.0537660039948804,0.471789569886527,4.737781410733792,2.1607069277298453e-06,2.384252498523084e-05,up
gene-shd,1734.123364423379,-5.061266053290814,1.2784075145726,-4.736728536651977,2.1719578656784133e-06,2.394079258637102e-05,down
gene-RpL40,27710.974822575605,1.7335631171189283,0.3928545100654902,4.736151960558519,2.1781429363498973e-06,2.3983068987403888e-05,up
gene-LOC142973568,1866.5493862975163,-1.686513871626066,0.3797885876807831,-4.733851867792537,2.202985335054416e-06,2.4230464778987524e-05,down
gene-LOC142975797,200.5162127898912,-2.1499344483477096,0.4979387959973154,-4.730382663223404,2.240970221781926e-06,2.4621725569136836e-05,down
gene-Atg16,205.21326727363663,-1.5472042237817374,0.3457233449126096,-4.72823943609784,2.264750212197135e-06,2.485624238268404e-05,down
gene-LOC142978357,1091.5199479040905,-3.0338262197845576,0.7313891249740274,-4.727704316061362,2.27072528474469e-06,2.4895051537474813e-05,down
gene-l(2)gd1,691.7096027028089,-2.477336875813145,0.5845136189696933,-4.722742042367349,2.3268590822752905e-06,2.5483101558781e-05,down
gene-EMC7,3615.7164476879175,1.6136470971383965,0.3623177434274641,4.722030544838016,2.3350160309953344e-06,2.5490383559753344e-05,up
gene-LOC142983776,304.2077790865207,-1.8798206117334453,0.4295109202404535,-4.722055676415464,2.334727443372736e-06,2.5490383559753344e-05,down
gene-bowl,216.2595278530717,-3.375238263688765,0.8223269375745157,-4.72203978648573,2.334909904541232e-06,2.5490383559753344e-05,down
gene-LOC142975717,658.6005993849789,-1.9290436941834908,0.4426699686479285,-4.719106992013312,2.36882214364889e-06,2.5831803013060063e-05,down
gene-LOC142972638,992.4263507858032,2.8772599409059736,0.6901413615093374,4.718797271083688,2.372430964433194e-06,2.5843546268911e-05,up
gene-LOC142974240,124.81645334169416,1.551999632114993,0.3477123486550657,4.717705994121015,2.385188467342355e-06,2.5954817362647565e-05,up
gene-Gata-beta,237.14210275235425,-1.8966470125617771,0.4349227432570957,-4.715417664859145,2.412154231479414e-06,2.622029631598549e-05,down
gene-mRpS18B,573.3550565991098,1.9992526147690932,0.4603447894538952,4.713433703920495,2.435769966785488e-06,2.644883409678668e-05,up
gene-Sem1,4369.609141670035,1.9724061078092776,0.4539822855415911,4.709736177418117,2.4803764422402265e-06,2.6904572099836334e-05,up
gene-beta'COP,1095.438026408195,-2.0034668147523083,0.4623255088669324,-4.709504809759967,2.483193546265144e-06,2.6906535591006712e-05,down
gene-EMC8-9,635.8022073136914,1.6596854669302803,0.374883313738638,4.7079490532148025,2.5022161631648333e-06,2.706260077277665e-05,up
gene-sni,609.6059729643367,2.0466122345847486,0.4730934412185708,4.707893378828941,2.5028994934359903e-06,2.706260077277665e-05,up
gene-trsn,405.3580403767763,2.1788818684521494,0.5075568034741651,4.707333055672635,2.5097867083627314e-06,2.70796965457277e-05,up
gene-Apf,979.9887766606888,2.422010187823305,0.5711006601893565,4.707450514536397,2.508341456788946e-06,2.70796965457277e-05,up
gene-LOC142987529,456.6550922031793,4.786288137041888,1.2172118598897257,4.70477217291348,2.5414960525390253e-06,2.739287244801038e-05,up
gene-HDAC4,394.93726302505,-2.234901987269722,0.5241332825108843,-4.700194444061846,2.599138890060784e-06,2.7984610391192423e-05,down
gene-GSTz2,239.43721168668696,2.3609673825817348,0.5567533902882295,4.697591903080342,2.6324674569703646e-06,2.831358833856324e-05,up
gene-mtd,3240.264590672869,-3.210216560700785,0.7885444148169927,-4.689171775831844,2.743130475884896e-06,2.947277133406014e-05,down
gene-LOC142987410,50.729505397431815,4.08565143627555,1.0294529264643166,4.686998974268199,2.772403560151008e-06,2.975596544528006e-05,up
gene-serpin-3,931.619670698415,-2.588685627131641,0.6206075163790049,-4.686234313810761,2.7827765836495486e-06,2.9835924988772e-05,down
gene-ced-6,299.9015065006517,-2.184111022856579,0.5126715096393617,-4.6818510534954445,2.842960241389117e-06,3.044920795787903e-05,down
gene-LOC142975209,1525.4837563464907,-2.4228677236445297,0.5763013206616112,-4.680891736768226,2.8562975724134543e-06,3.055998880673389e-05,down
gene-ND-39,3341.604497014787,1.98280158376969,0.4600048443921657,4.679636160536017,2.8738445177582427e-06,3.071552983534909e-05,up
gene-Shark,560.2535695747723,-3.303667769980167,0.8144007618085647,-4.67912291981922,2.8810469060903663e-06,3.076029892307988e-05,down
gene-LOC142978495,225.8171052114236,2.0977549608002506,0.4904071784614415,4.678328833923363,2.89222457785865e-06,3.084737331891666e-05,up
gene-LOC142982312,501.4418377078823,1.4204876841188214,0.3184561702548658,4.678029660355841,2.8964465711835584e-06,3.0860156734937975e-05,up
gene-LOC142979552,690.6470784220573,1.8096557213534008,0.4158351285812016,4.676100651027407,2.92381143303946e-06,3.111923180086941e-05,up
gene-Pfdn6,1269.873408133634,1.675142440187693,0.3819295334895231,4.675456966031309,2.9329977953186045e-06,3.1184488017517705e-05,up
gene-LOC142982492,736.725261071061,-1.7165713228400563,0.3932676945644278,-4.673587400813576,2.959836614604521e-06,3.143709919382762e-05,down
gene-Ube4B,1798.2424329863136,-3.025388400140664,0.7405937105620632,-4.673245066726422,2.964776496901216e-06,3.145683337200698e-05,down
gene-LOC142980981,12602.518906706076,2.451860403443485,0.5816608727080809,4.671186855478412,2.994643645512838e-06,3.174073488032143e-05,up
gene-nw,72.7282450866162,-4.320395676381336,1.076347532765108,-4.667144096562638,3.0541514581257143e-06,3.2337887897395404e-05,down
gene-LOC142978301,239.53849942009484,2.5770913184998308,0.619144484046926,4.665161732635286,3.0837439634496675e-06,3.261738304137902e-05,up
gene-LOC142979732,185.79160641398028,-2.797557874554776,0.6805490678578022,-4.663756777084134,3.1048833192822486e-06,3.280698140777837e-05,down
gene-LOC142977695,5773.10753333461,-1.8063500015199143,0.4170484001753676,-4.6634846839092,3.1089933454442054e-06,3.2816437514942094e-05,down
gene-raskol,470.5123369018344,-2.2300798923134177,0.5279021998677166,-4.663081559894932,3.115092215831537e-06,3.2846845296479856e-05,down
gene-ix,324.4372938610832,1.522940450590413,0.3449761263651829,4.659877582585695,3.163974992665931e-06,3.332785629529531e-05,up
gene-LOC142973580,1035.4580741049688,-1.7956208667496507,0.4149488640805046,-4.659219064535746,3.1741126905806016e-06,3.340017343583113e-05,down
gene-LOC142979677,5945.439725324316,1.0476371600883794,0.2303562761252773,4.657901005264352,3.1944975065864857e-06,3.356690726874699e-05,up
gene-Ipp,178.57144448205466,1.921297200518861,0.4465699965870779,4.6577696999386,3.196535109750374e-06,3.356690726874699e-05,up
gene-LOC142986798,774.9868664340025,-3.389451132963919,0.8417228070528837,-4.656149840120064,3.2217749556178187e-06,3.379718085507819e-05,down
gene-EMRE,407.83141155104585,2.1965173320786504,0.5192629253728573,4.655155550532358,3.2373620340935724e-06,3.392582575153295e-05,up
gene-qm,137.4010456751427,-1.8402103105850336,0.4267207417600387,-4.652994536713247,3.271489190466197e-06,3.421320713841032e-05,down
gene-LOC142974567,6369.120264089462,4.46783778750771,1.148674117191876,4.653121520758998,3.2694743281061818e-06,3.421320713841032e-05,up
gene-rock1,237.8820043583308,-1.9202843922925976,0.4478993957613434,-4.648929094593954,3.336628813152856e-06,3.4858720875999184e-05,down
gene-LOC142979033,1136.731778192806,1.4715847570059033,0.333459880290847,4.648006589179353,3.351582101977924e-06,3.497913958577574e-05,up
gene-LOC142979718,335.3518285695256,-2.5062478132980512,0.6036415078831248,-4.647093427199848,3.3664472197943945e-06,3.509839302598712e-05,down
gene-MESR6,121.30437204293192,1.7993717361767223,0.4161925309915864,4.646607545243844,3.374382511488726e-06,3.5109400912095235e-05,up
gene-RsfS312,220.4200596181311,1.8411334477532413,0.4268624492679371,4.646630977149663,3.3739994166739653e-06,3.5109400912095235e-05,up
gene-LOC142980416,3292.609831921692,1.6611083272321996,0.3811467961632079,4.645990950007152,3.384478404347943e-06,3.51785856142357e-05,up
gene-LOC142976476,807.4943620366963,1.751620600288381,0.4041381402361959,4.64482062070034,3.4037206487725915e-06,3.534260087692964e-05,up
gene-ClC-b,566.4479706733628,-1.7483667351475205,0.404446192295116,-4.642389797793722,3.444023388222911e-06,3.572474260527566e-05,down
gene-Pfdn4,618.7528410777073,2.033081659228208,0.4779026970045469,4.641326788736226,3.461791397085073e-06,3.5872593695479536e-05,up
gene-NFAT,213.01012073375864,-2.0884998417666423,0.4932273838084922,-4.640953749626489,3.4680474897313044e-06,3.590097436885135e-05,down
gene-LOC142973486,640.0237257211793,2.4965183898268744,0.6019228964317406,4.640050593332332,3.483238898328076e-06,3.602170155545559e-05,up
gene-ksh,311.2505120471104,2.851689553916616,0.6989451261867003,4.63960648716511,3.4907323033462703e-06,3.606265649823419e-05,up
gene-MED15,73.13002336924154,-4.003508507245119,1.0035273739819817,-4.638755343138953,3.5051368820520983e-06,3.617485556633546e-05,down
gene-LOC142972375,716.9658814293717,1.7360355466125583,0.4007762135210609,4.638176525282692,3.514965211211246e-06,3.623964637457898e-05,up
gene-RpL17,18889.634339806984,1.7266345803076109,0.3980488968344612,4.637888779568523,3.5198609623177047e-06,3.625350236364966e-05,up
gene-SF2,511.6552218229779,-1.5093589719304443,0.3439751231277365,-4.637655402362331,3.5238364802786177e-06,3.625786184899582e-05,down
gene-LOC142973009,6714.384584372766,1.430440047668398,0.3252247741969,4.633564536433972,3.594226413859182e-06,3.694488318858074e-05,up
gene-cni,1735.933775981728,1.8510626827295995,0.431321280680244,4.6314504527931,3.6311289996239767e-06,3.728665362088725e-05,up
gene-Atpalpha,370.9758273425716,-3.630193441485693,0.9132567580271465,-4.630047624246253,3.655816403320632e-06,3.750243017959165e-05,down
gene-mio,42.93092500245312,-2.89766345295405,0.7046448562636377,-4.628930511332002,3.675590708078297e-06,3.766742405356945e-05,down
gene-LOC142979023,123.32326694105456,2.2733775610503884,0.5437459158210651,4.627453571090687,3.701891862152328e-06,3.78989069578624e-05,up
gene-LOC142980148,1733.747055033674,-3.160474467152725,0.7870487427604443,-4.6259942398930525,3.728056589368171e-06,3.812853066901896e-05,down
gene-Pis,974.6246062140032,1.486679115069325,0.339217023465694,4.619021915774246,3.8555313782667416e-06,3.939280157954818e-05,up
gene-LOC142983850,234.220338415304,4.33546294032892,1.127833689261929,4.614413811871044,3.942063157215163e-06,4.023663864569517e-05,up
gene-eIF1A,4236.016320474337,1.6920714746792267,0.39193603343513,4.613326774324702,3.962745427230065e-06,4.0407335240496775e-05,up
gene-mRpL23,723.2725506569608,2.046529165005916,0.4847976556205037,4.613060119486058,3.967834736815893e-06,4.041885145576828e-05,up
gene-LOC142977579,384.3051048391772,1.788755239442852,0.4172115449726446,4.612463566060607,3.979243104806025e-06,4.0494650419496605e-05,up
gene-Hr39,466.1661157706053,-2.300686624740286,0.5540388145689819,-4.611512039857744,3.997504991040712e-06,4.063997354935513e-05,down
gene-Snrk,118.23697676724667,-1.650473738497423,0.3824829257713643,-4.610899542033307,4.009302639285601e-06,4.071935526287375e-05,down
gene-sky,921.2976219352614,-1.8430454131981349,0.4321337228025513,-4.610682495470518,4.0134912912797255e-06,4.072137734601606e-05,down
gene-LOC142972927,296.0049714279018,1.2262434116503076,0.2757404450492164,4.61041104115686,4.018735828935905e-06,4.073409792050524e-05,up
gene-LOC142973727,97.89618908803902,-4.475781665379843,1.1614967762197652,-4.608483560036863,4.056164393166158e-06,4.107268845341962e-05,down
gene-LOC142973779,248.33341596197184,-2.096493724383141,0.4992540606516394,-4.607816598829629,4.0691933275787945e-06,4.116378225430799e-05,down
gene-lqf,1342.3002663091704,-3.0727854932246927,0.7675275370267076,-4.603805361454849,4.148401947504333e-06,4.192350364175914e-05,down
gene-tud,1927.573063337007,-1.8684853656780944,0.4396130479062525,-4.603303506053213,4.158415300077241e-06,4.1983130532036e-05,down
gene-RpS3A,28837.99946271425,1.665320812150992,0.3872546266562556,4.600939244559761,4.205901020205464e-06,4.242058469687468e-05,up
gene-LOC142980520,309.29068267544613,1.8553194485302973,0.4359447852432601,4.59962576149857,4.2325061363883154e-06,4.264678196852472e-05,up
gene-Trmt112,399.4141834809814,2.2227422111996638,0.5339557950720831,4.599267456489933,4.239791694754788e-06,4.2678060974716094e-05,up
gene-bon,100.19491867633556,-2.487440111315446,0.6069650342224746,-4.598491433652342,4.2556120957032736e-06,4.279510606979637e-05,down
gene-LOC142973152,624.0473803782014,-5.454262482354476,1.448846200479529,-4.597702810087014,4.271747324099167e-06,4.291508359948838e-05,down
gene-RpI135,102.4811572027503,-2.253324727850981,0.5433080912559781,-4.589678248761324,4.439297657414416e-06,4.45544849451612e-05,down
gene-pum,485.8323722933037,-1.929838688256932,0.4576065369485911,-4.589361205552222,4.446045051832923e-06,4.4578371163122446e-05,down
gene-LOC142975058,7771.225094477927,-7.281878927209153,2.01456051260582,-4.588770598096922,4.4586407190698124e-06,4.466079079445101e-05,down
gene-SkpA,3708.68160588888,1.5558236867354909,0.3595551372419485,4.588445203949051,4.465594878713056e-06,4.468659502649428e-05,up
gene-LOC142973244,48.93145105567691,3.614267894876945,0.9261924991854704,4.587881489896513,4.4776668925382014e-06,4.476351221560962e-05,up
gene-EcR,2935.6090526322096,-4.429005553964055,1.1601433001406796,-4.585404055358337,4.531093128319328e-06,4.5253295069232274e-05,down
gene-jing,167.30767040879104,-3.164319815155835,0.7978664247840656,-4.583712304028962,4.567926306608405e-06,4.5576562865642216e-05,down
gene-Smg6,139.07928399826676,-2.021225953252055,0.4834857822212851,-4.579599754936239,4.65866558854232e-06,4.641066078106788e-05,down
gene-Nup98-96,315.92616577899486,-2.972241074435314,0.7440025515665295,-4.579512115049854,4.660617938727792e-06,4.641066078106788e-05,down
gene-LOC142973125,134.0365839023702,-1.8911324689230768,0.447797855780452,-4.578072361441842,4.692803686623183e-06,4.668562108125032e-05,down
gene-LOC142974980,117.76273080976448,-1.806991066943324,0.4246346026802132,-4.577728816405819,4.700515052556597e-06,4.671680344834001e-05,down
gene-Prosalpha3,3960.551614236012,1.5833932133826856,0.3675106815779425,4.577474583722491,4.706229486481805e-06,4.672809763474686e-05,up
gene-Unr,539.8782468449623,-1.142952922248788,0.2580209796571535,-4.576548246031512,4.727107293693294e-06,4.688978051188285e-05,down
gene-LOC142985963,1686.7140598430224,2.9231599079548265,0.7321316358960925,4.573130368091066,4.804909628122192e-06,4.7615254926449725e-05,up
gene-ND-B14.5B,2741.184093356137,2.319164431033656,0.564369102453397,4.572791432433545,4.81269143542643e-06,4.764611200911501e-05,up
gene-LOC142982820,806.5870099433902,2.778245059928769,0.6920598388919671,4.571715098723742,4.837483676809074e-06,4.784515105541688e-05,up
gene-LOC142984528,195.9142923323518,2.674914367240929,0.663921085606985,4.570299329030513,4.870280797514695e-06,4.812290038744675e-05,up
gene-LOC142973673,183.68165423326863,-2.295770008168652,0.5594674855412191,-4.56849329703615,4.912427765363487e-06,4.849240831824479e-05,down
gene-Pde8,340.18700749163,-4.008797983694295,1.042901868020336,-4.566902532840143,4.949840221691293e-06,4.881451124908505e-05,down
gene-vap,733.6555739400328,-2.539045053382133,0.6268284367289861,-4.565668992570299,4.979038972674535e-06,4.905506833406272e-05,down
gene-hrg,691.0623161679863,-2.2261384716366077,0.5410381958718533,-4.562338934690521,5.058689763337237e-06,4.979175160499824e-05,down
gene-SCAR,39.13502181755682,-4.794519629184522,1.2550708955874617,-4.561205143336236,5.086085992875966e-06,5.001317892994701e-05,down
gene-QIL1,1912.332015808167,3.8227002646914334,0.9948334610929942,4.560859048094495,5.094477088832117e-06,5.004747607864236e-05,up
gene-LOC142977276,88.199566031948,-2.3054387065478643,0.5620855809831258,-4.560387183858407,5.105938820621103e-06,5.011184379046115e-05,down
gene-LOC142982398,260.2841364274228,1.9652600126648083,0.4705099785854981,4.554733643211603,5.2451997114820495e-06,5.1429157977999306e-05,up
gene-LOC142977535,210.3455777918787,1.8279149299999664,0.4340361548060162,4.553206879404495,5.2834269720504045e-06,5.175426017631332e-05,up
gene-sfl,275.9215576969072,-2.1410648590723835,0.5191201889520795,-4.552281406059366,5.306728765900038e-06,5.193267546840047e-05,down
gene-LOC142973514,607.3050473068166,-3.876498287944544,1.0119494865820662,-4.550030375849183,5.3638171907e-06,5.24410747753591e-05,down
gene-LOC142978021,517.9450777408961,3.9449250407772936,1.0260944303158774,4.549549460474947,5.376089694345168e-06,5.251076316763745e-05,up
gene-LOC142987660,6304.527209782184,4.612448505146437,1.2370957723741631,4.548662484928609,5.398795017778239e-06,5.268212308457216e-05,up
gene-LOC142974122,141.981858586968,2.92101974284774,0.7372340041513235,4.54724588549342,5.435248480436311e-06,5.298718361013699e-05,up
gene-LOC142985808,1883.650124224628,-5.253855125024439,1.4186922249299494,-4.546924221991845,5.443558639426996e-06,5.30175601456406e-05,down
gene-LOC142982435,4007.437692278603,2.011388306761724,0.4841257926943669,4.543342186131291,5.536926119791446e-06,5.387550515225099e-05,up
gene-RpII33,718.0617658913015,1.4273435219866406,0.3307347336896191,4.540949357550843,5.600148348219492e-06,5.4438775419310816e-05,up
gene-RpII140,863.8443483957071,-1.0534609364895338,0.2386066273314702,-4.5392021968524645,5.646746910145671e-06,5.483952969729482e-05,down
gene-RpS20,15607.533453306874,2.01722484456402,0.4881930778203215,4.538565908167856,5.663809398713166e-06,5.495294917553734e-05,up
gene-P5cr,42.4606184500882,2.6569513354869354,0.6647213077654559,4.537739018534059,5.686056724826287e-06,5.511641119686791e-05,up
gene-epsilonCOP,1995.5016698621369,1.5281740142432227,0.356933764395995,4.535258621124863,5.75329430005184e-06,5.571525134784547e-05,up
gene-LOC142979377,363.9163700180111,-2.3201135071843626,0.5713457079096064,-4.534730792015082,5.767700349728083e-06,5.580181750680051e-05,down
gene-LOC142979336,859.6272652527556,-1.7670307367066054,0.4206725025829926,-4.534263314963421,5.780488034755555e-06,5.587257705563442e-05,down
gene-LOC142973652,132.09659150151336,-1.7603117361964824,0.4189357505617402,-4.531945911237405,5.8442816007301046e-06,5.643574484262269e-05,down
gene-LOC142987512,134.86563945276012,-2.652729612829035,0.6659444197034063,-4.531369595784977,5.860250744892674e-06,5.653646441693717e-05,down
gene-fab1,155.9126608559495,-2.5292769540568227,0.6299053534879208,-4.529987227360746,5.898725241773006e-06,5.685390797240517e-05,down
gene-LOC142975375,1400.072882986232,-2.774991354269178,0.7006499498786032,-4.5275277139624,5.9677776346497164e-06,5.746519463855628e-05,down
gene-Synj,466.37516834270826,-1.7848930419314524,0.4258094605216817,-4.526707761998837,5.990969758300141e-06,5.763414545048966e-05,down
gene-LOC142977558,6304.529557145495,2.405286618932573,0.5952243158210734,4.5256882745393625,6.019926000743411e-06,5.780374853206773e-05,up
gene-mRpS33,557.3484279805547,2.441193468956384,0.6057986923407929,4.525734552145178,6.018608692825383e-06,5.780374853206773e-05,up
gene-LOC142979401,620.7160693204034,2.997461314340341,0.7644103267288809,4.523690632807091,6.0770533211396e-06,5.826273444636425e-05,up
gene-Eip93F,1941.7270041197637,-5.889563446116714,1.6229417005580498,-4.523617903025588,6.079142959280683e-06,5.826273444636425e-05,down
gene-LOC142976573,376.1267384317916,4.388797084959122,1.1801095893798814,4.5231601964834685,6.092309358749382e-06,5.833414786562378e-05,up
gene-Pex3,1548.658387476109,1.303502418654564,0.3007833714399878,4.521340197915838,6.14493398452772e-06,5.878288770391231e-05,up
gene-MTA1-like,164.071122687393,-2.943185984388365,0.7486954372172594,-4.520798276640423,6.16068730840235e-06,5.887840389219362e-05,down
gene-Coprox,1575.2895308249406,1.93844468164259,0.4675902030775084,4.518286454676506,6.234210514570112e-06,5.95253383743846e-05,up
gene-LOC142983189,157.17754771368178,2.8472193682198497,0.7226213239252605,4.51607639642554,6.299594542796865e-06,6.009342196105384e-05,up
gene-LOC142986519,7768.118993068548,3.9221015725995017,1.0398981761298045,4.51398760309926,6.361993732729637e-06,6.063199816057087e-05,up
gene-LOC142982836,6845.885108756629,3.0579860489657262,0.7836817156062433,4.513474938158347,6.377398879230143e-06,6.072211787341611e-05,up
gene-Ankle2,474.64763898567656,-3.731311207582555,0.9803119862773066,-4.51227602476652,6.413564662176485e-06,6.100955685632375e-05,down
gene-mim,168.3494155403459,-4.738312349326025,1.2782814853712676,-4.511918092351796,6.424399842522794e-06,6.105572550524223e-05,down
gene-Sarm,768.5621597518399,-1.536794628374458,0.3622347491005318,-4.510715454796154,6.460934011667207e-06,6.128880432814794e-05,down
gene-l(3)80Fj,360.0865081525435,-2.6872200483590083,0.6790020683639906,-4.510876152363906,6.4560408008656375e-06,6.128880432814794e-05,down
gene-LOC142979470,439.1636541439261,1.854936890372352,0.4461978003078162,4.5093548035615445,6.5025080418613815e-06,6.162590490555165e-05,up
gene-LOC142976534,135.65651314066892,-3.3204729740484207,0.8591326445239224,-4.50750742182723,6.559363701118229e-06,6.210707355966026e-05,down
gene-RpS25,19557.808899957618,1.5519396845866524,0.3652374853297048,4.505855681385292,6.61060068649647e-06,6.253419945048143e-05,up
gene-LOC142980101,20910.13527548063,-3.395615857747032,0.8894623257959077,-4.505643156763395,6.61722093493895e-06,6.253886489159431e-05,down
gene-Spf45,574.4571706721634,1.0245615575118194,0.233365057138365,4.504956984091298,6.638638882621144e-06,6.268324428761704e-05,up
gene-CrebA,322.95447909586835,-2.252466356692323,0.556771251527064,-4.50432031349361,6.6585709922550966e-06,6.281334021991476e-05,down
gene-nes,841.1798086415647,-2.3422420964533988,0.5831964390375903,-4.497315755458101,6.881675023074018e-06,6.485803966806695e-05,down
gene-Tango2,264.1026218209693,2.031947968400313,0.4963656938100771,4.495617110899228,6.936846546389024e-06,6.531770544187524e-05,up
gene-LOC142974447,45.25549953315087,-3.5372878927659457,0.9260539315926024,-4.495048722046832,6.955401948279873e-06,6.543206238349554e-05,down
gene-MED11,204.8929254256053,1.8446966807994245,0.4458462954922355,4.490037168668727,7.121074646495081e-06,6.692892165448921e-05,up
gene-LOC142979139,205.90681553334048,1.5680079530654905,0.3716906246893381,4.489353127242782,7.143978416340523e-06,6.708241738324536e-05,up
gene-jv,412.9227754940972,-2.0935567906712333,0.5151060315977465,-4.486633261559732,7.235746645207984e-06,6.788167831584365e-05,down
gene-ZnT77C,664.0970977145256,-3.112541066024216,0.8066542017134319,-4.484560581656894,7.306434598419595e-06,6.848188975763894e-05,down
gene-MrgBP,134.83635019268215,2.0514587041856145,0.5027622306755049,4.484052407363211,7.3238662262938175e-06,6.858229593741376e-05,up
gene-LOC142981474,195.3020839333891,1.413202903974916,0.331939409716949,4.481286616913938,7.419439076366533e-06,6.941357896651989e-05,up
gene-LOC142974394,1512.051114573767,1.748495717927016,0.4208829554640814,4.480567549766027,7.444481349402819e-06,6.952042189693923e-05,up
gene-LOC142978761,498.6456063533758,-2.8305537856977785,0.7253065932248015,-4.48071934344324,7.439188253514088e-06,6.952042189693923e-05,down
gene-ClC-c,1726.9341460315577,-2.583917794972614,0.6585665884991985,-4.480040370955155,7.462892235937569e-06,6.962864812816707e-05,down
gene-LOC142976456,56.02692021544521,4.290748097551256,1.1709493748748934,4.477562043288986,7.550028919495242e-06,7.037730153542278e-05,up
gene-Tab2,299.0471631378791,-2.024346522404424,0.4977397812301666,-4.4765912616983625,7.584425546540967e-06,7.063342295031355e-05,down
gene-mahj,689.0965823312154,-2.4638794852512858,0.6220253575599582,-4.475912142554535,7.608577040105033e-06,7.079375191280955e-05,down
gene-raf,115.843391899226,-1.6656573723153718,0.3990302337116224,-4.47424567857935,7.66815345547493e-06,7.128309865212442e-05,down
gene-LOC142984417,320.9800863073329,-1.4760983179921454,0.3495996451963298,-4.473742831956946,7.686217744847339e-06,7.13695339683751e-05,down
gene-mRpL47,681.3446009427922,1.6513350203177777,0.3954370099754771,4.473597784021233,7.691436011091663e-06,7.13695339683751e-05,up
gene-LOC142986094,132.73004683925993,-1.9448861595848888,0.4763344107540219,-4.472532298049392,7.729872055679376e-06,7.166103912108936e-05,down
gene-LOC142973704,1151.9036915707543,2.349867349818315,0.5894672990523977,4.470034744558196,7.820689158673406e-06,7.243718170832982e-05,up
gene-Mhcl,196.3344944760804,-2.414689195614769,0.6090046146151497,-4.468754043668807,7.867653324184302e-06,7.280610832271003e-05,down
gene-LOC142975756,2110.1594205225883,1.957532035246217,0.4791714336292892,4.467735703054302,7.905188869332303e-06,7.306901299027448e-05,up
gene-mRpL41,443.23523263723183,2.357530308396192,0.5920802659564154,4.467595203165289,7.910381047737172e-06,7.306901299027448e-05,up
gene-Uqcc1,269.93379061872025,2.1034959785510905,0.5207910540687504,4.4632042026060725,8.074303634851868e-06,7.451574792127759e-05,up
gene-LOC142979187,739.0269817554504,-1.9606292263646583,0.4816884905776133,-4.462567559401143,8.098338330374477e-06,7.46700445692252e-05,down
gene-LOC142985264,510.7022717120642,2.162764322275438,0.5378313950359911,4.460233695846649,8.18703308822712e-06,7.541971726672762e-05,up
gene-RpS29,8482.868079133483,1.9994364592449176,0.4914827694868563,4.45995604460249,8.197646374837744e-06,7.544939273937679e-05,up
gene-Cpsf6,370.9803611138262,-1.8725322083475504,0.4576185735072309,-4.459745616328062,8.205698806391484e-06,7.545546641156565e-05,down
gene-Tak1,189.82730799714597,-2.0933565015816527,0.5173460089247728,-4.457660257156179,8.28590877406601e-06,7.612445621682427e-05,down
gene-Drak,637.1742190582262,-2.205422870635564,0.5512431039365873,-4.456856464200096,8.317025021429448e-06,7.634161366342659e-05,down
gene-LOC142981547,415.01550600880864,4.905885919788444,1.37039007332142,4.4562578991271975,8.340269055428558e-06,7.648618710580349e-05,up
gene-stai,10636.81277025196,-5.163925683293007,1.4364840932545555,-4.455899043156983,8.354234240723604e-06,7.654548374781492e-05,down
gene-LOC142985163,26.679692896506392,5.211295349106456,1.4498774459566155,4.454451434215615,8.4107964361525e-06,7.69946181379449e-05,up
gene-LOC142974900,803.7983018890894,3.3609790726580133,0.8908155381117856,4.454080835202503,8.425335531989542e-06,7.705860194894019e-05,up
gene-Scox,1990.5467694858885,2.843455789891994,0.7356742751903783,4.452583021050229,8.48434188688237e-06,7.752880719732171e-05,up
gene-LOC142982990,48.834571869267656,4.187357337360802,1.115377043227536,4.451543249720761,8.525535687964997e-06,7.783554809218133e-05,up
gene-LOC142978724,92.99273825400076,-3.002334701443216,0.7793732315206179,-4.4462608974093545,8.737782060863405e-06,7.970200312353243e-05,down
gene-LOC142981742,2107.5427399141304,3.887893935974447,1.0526578787522216,4.445053022357569,8.787019293770855e-06,8.007955886742778e-05,up
gene-LOC142982066,340.7310587190309,-2.1025159838624417,0.5236753697874021,-4.444191809108891,8.822287167117579e-06,8.026049443201533e-05,down
gene-DNApol-epsilon255,37.81986049939589,-2.605136645487083,0.6643794681700828,-4.444034972553404,8.828724383741907e-06,8.026049443201533e-05,down
gene-Gogat,548.643021544205,-4.201616081826648,1.1435548239868356,-4.443992633009619,8.830462941819655e-06,8.026049443201533e-05,down
gene-FNSI,2247.739576231,-2.549474552691425,0.6529328454390948,-4.443555447770818,8.848433903357423e-06,8.03522818964139e-05,down
gene-Pcd,603.4277325970019,2.332595881700638,0.5888441583206558,4.441887482254216,8.917318941403193e-06,8.080595699624338e-05,up
gene-LOC142976325,1346.601725604906,-2.486035224449877,0.6338515622209557,-4.4416817678574905,8.92585011907931e-06,8.080595699624338e-05,down
gene-LOC142981861,7346.317255978459,3.4690659918341984,0.9360059395068188,4.441580330091482,8.930059713114779e-06,8.080595699624338e-05,up
gene-LOC142974703,4259.8256095934,5.668885602803623,1.6240250525645925,4.441652444916342,8.927066805079065e-06,8.080595699624338e-05,up
gene-Ndufs8,2118.5512593062344,1.6315541498719657,0.393444973060134,4.43838167315122,9.063778976266705e-06,8.19433055896849e-05,up
gene-LOC142981932,2686.9861846154718,1.927483916115276,0.475054799353694,4.437108275298865,9.117543779724812e-06,8.23564330616382e-05,up
gene-gem,445.8818309549102,-1.3368229824362623,0.3163809442114539,-4.436552818290423,9.141091352060268e-06,8.249612681739977e-05,down
gene-foxo,1167.3227559601507,-2.9963575873422266,0.7861347362874119,-4.433364900257743,9.277365018665507e-06,8.365200065858556e-05,down
gene-Ggamma1,1560.8485154063762,2.037254789725503,0.5064827440298759,4.432558006551109,9.312163813466035e-06,8.377700006558172e-05,up
gene-mRpL43,465.4276249915592,2.648152519813193,0.6826940955968892,4.432472670246455,9.315851383798888e-06,8.377700006558172e-05,up
gene-LOC142976324,850.4445827694454,-3.045199135400551,0.7995279963852567,-4.432846423489956,9.299710998923924e-06,8.377700006558172e-05,down
gene-Atac3,81.03856954539938,-2.4914724275521976,0.6346603710022135,-4.431661840692342,9.350958793929098e-06,8.401869402256542e-05,down
gene-LOC142986268,120.87650408522524,-1.570723292615944,0.3773763924559523,-4.428065118492624,9.50821981045006e-06,8.535655198352132e-05,down
gene-LOC142976461,280.9304802776924,1.61964121331417,0.3914058617715116,4.427385617199717,9.538212313558569e-06,8.555055631326215e-05,up
gene-cta,101.31467808323184,-1.7762925099436453,0.4352083946128627,-4.424986790205634,9.644818481781257e-06,8.643078335692825e-05,down
gene-LOC142987400,269.5489006152822,1.8736081414807024,0.4619909100965234,4.424156228582944,9.681993986356552e-06,8.66878180866152e-05,up
gene-CAH3,3259.10560084442,2.916066557856648,0.7637373151670116,4.422183297326897,9.770850887579892e-06,8.733904632701068e-05,up
gene-ais,34.9371354027733,-3.1078377817397707,0.7896650118628469,-4.422161388831708,9.771841961932617e-06,8.733904632701068e-05,down
gene-LOC142985241,91.79822535497748,-4.127075519949212,1.1107370610773748,-4.4217484349064895,9.790540726623966e-06,8.74296143452763e-05,down
gene-hppy,142.39423534416954,-1.8699316328464035,0.4616576314585944,-4.421559080990331,9.79912619295977e-06,8.742979112896886e-05,down
gene-LOC142979790,143.3507872936827,2.07195977569344,0.5175250373832055,4.420473649171264,9.848479519134425e-06,8.776699485559634e-05,up
gene-LOC142972931,45.84623257958301,2.794724496115946,0.729160377410129,4.420349986036464,9.854117380671442e-06,8.776699485559634e-05,up
gene-TfIIA-S,1125.0470619280445,1.8454473635665944,0.4541445668734246,4.419540318731748,9.891106740015116e-06,8.80196394902653e-05,up
gene-LOC142974321,5397.927354313753,2.487646928686661,0.6376385778610242,4.419067654355533,9.912761511210238e-06,8.813550239104783e-05,up
gene-LOC142982946,593.8570396962497,-0.78938025177358,0.1813890449681126,-4.418337816372087,9.946287468214744e-06,8.829869358991758e-05,down
gene-LOC142972447,50.473837756746114,-2.736163168060161,0.7095739646784037,-4.41829152596674,9.948417520172942e-06,8.829869358991758e-05,down
gene-Spx,200.17087574154783,-1.827928683971774,0.4507139373431161,-4.417725655893055,9.974491261245538e-06,8.845319922114093e-05,down
gene-LOC142979207,425.3819352837632,2.0721531296354145,0.5184484775460082,4.416525712240675,1.002999749091746e-05,8.886821561614107e-05,up
gene-Hsl,71.63625320676012,-2.9132205434286718,0.7644575553147358,-4.416041489722296,1.005247978870937e-05,8.899016583118521e-05,down
gene-DUBAI,415.2853484557861,-2.15679482134482,0.5428975903092463,-4.415799439902704,1.006373612016927e-05,8.901261228645385e-05,down
gene-sm,274.72554199231297,-1.658648690088888,0.4037416333082584,-4.414379028111254,1.0130034211696852e-05,8.952143653574871e-05,down
gene-ema,908.9761723911544,-3.8255837686819247,1.0411297768787824,-4.413662051175311,1.0163657513500956e-05,8.974087564040162e-05,down
gene-LOC142979461,116.86172590145372,-2.467077274705148,0.6316320284372531,-4.4130988671731215,1.0190143268230018e-05,8.989696831359015e-05,down
gene-LOC142981848,85.44651941548112,-2.471548675000152,0.636731489782164,-4.412471961563558,1.021970328485647e-05,9.00798889710967e-05,down
gene-LOC142983788,50.83483001098582,-3.282814455608077,0.8661461944047691,-4.410366255511053,1.0319592744208055e-05,9.088186638492805e-05,down
gene-LOC142976438,1803.4770578316777,1.7644324684377248,0.4328773250061935,4.409340711708252,1.0368578969959296e-05,9.12345565054953e-05,up
gene-LOC142979492,169822.83754980777,2.212858312067924,0.557259010905532,4.408860381534284,1.0391598753919244e-05,9.135835355835808e-05,up
gene-LOC142979700,40.539569243548826,-3.0831629266342016,0.8094240754178996,-4.406983569737096,1.048201358578596e-05,9.199476583844996e-05,down
gene-Uqcr11,3940.107427879235,3.157115810207418,0.840125113237032,4.407137455717494,1.0474571994531528e-05,9.199476583844996e-05,up
gene-LOC142977652,792.84372326251,2.3488252601628443,0.6002215161032917,4.405779282030128,1.054042492062035e-05,9.242793570856692e-05,up
gene-mRpS21,282.8334252745402,2.5280516803890354,0.6527007786854695,4.405570660084568,1.0550575205027288e-05,9.243752885640649e-05,up
gene-parvin,1779.4375419054898,1.2227934751067024,0.2890787767328617,4.404605101323464,1.0597675157113612e-05,9.273943651153184e-05,up
gene-LOC142973877,819.9833502728198,2.2951975249310546,0.5842570178404235,4.404491989333394,1.0603205879196398e-05,9.273943651153184e-05,up
gene-boca,918.3039511271212,2.298935444552048,0.5857981960739181,4.403737207290456,1.0640182309402544e-05,9.29831685206094e-05,up
gene-Prosalpha4,5493.780261744323,1.687799874063422,0.4141487530340245,4.402254128599406,1.0713196629542976e-05,9.3541144566078e-05,up
gene-LOC142976234,39.026374819124094,2.1995791406880696,0.5546167089996269,4.4014259287022215,1.0754178147337748e-05,9.381871482895418e-05,up
gene-mRpL33,335.3569269729243,2.1084773084165462,0.5312554199509731,4.400966907363207,1.0776956162688304e-05,9.393714052310803e-05,up
gene-LOC142980851,250.47853500932365,1.676905904544363,0.4096592516398914,4.400067819889709,1.0821705128841017e-05,9.424671011098995e-05,up
gene-Mef2,548.1770795372473,-2.3112464686845344,0.5915430808545901,-4.398962672635383,1.0876953094900185e-05,9.46471101787265e-05,down
gene-Cyt-c1,5748.148390309841,1.9037100574665264,0.4734309307335316,4.398773952845996,1.0886414359532992e-05,9.464874903556496e-05,up
gene-mRRF1,647.203508591225,1.7714108714340353,0.4363882193267495,4.398029382257286,1.0923819322556003e-05,9.489312665985456e-05,up
gene-LOC142986486,549.9034154077739,-1.7567752090944035,0.433046639182638,-4.3969326159171365,1.0979141104365242e-05,9.52925963029388e-05,down
gene-Madm,152.38072006028082,-2.265341687897584,0.576550470907729,-4.396656252381863,1.0993123240051647e-05,9.533288777502732e-05,down
gene-LOC142978250,256.0980230853018,1.5857897362526945,0.3856318025152515,4.395484917069324,1.1052573877814497e-05,9.5767081129756e-05,up
gene-PIG-K,972.6348613457714,2.3905015055953185,0.6141305864811101,4.394688078892757,1.109319236718045e-05,9.6037501689407e-05,up
gene-LOC142986159,88.44036804590898,-2.68853700240548,0.7014892314510445,-4.39370121504885,1.1143694898090049e-05,9.639296086847892e-05,down
gene-ATPsynO,9128.78890268168,2.791625016247748,0.7392208834954359,4.392447509989733,1.1208169568568248e-05,9.68685747556106e-05,up
gene-SelR,2412.11171236045,2.564356897644095,0.6658203469521271,4.390804654678303,1.1293196428839894e-05,9.752085951706328e-05,up
gene-LOC142983884,24.76619673749592,-2.6757392669566213,0.6984052469769738,-4.388211219847743,1.1428675550619674e-05,9.86073468682798e-05,down
gene-LOC142972637,408.3237604074798,2.2645724726788035,0.578605784760316,4.387129618554457,1.1485634844099793e-05,9.901509700483662e-05,up
gene-ND-B8,1514.3901438195444,2.6255111609963384,0.6850275368034743,4.38653752945444,1.1516930112605648e-05,9.920110182224963e-05,up
gene-Megf8,49.93725813804162,-2.1847101868394114,0.5520528609534028,-4.385867199882945,1.1552459073548294e-05,9.942322914309228e-05,down
gene-LOC142985595,862.4263688477067,1.3278748242312508,0.3178259931835542,4.382405069651531,1.173763152383757e-05,0.0001008801541472,up
gene-Pfk,2758.21195481175,-3.679001348933343,1.00641552582675,-4.382333057902091,1.1741512993718038e-05,0.0001008801541472,down
gene-LOC142975934,19919.05569671822,2.5341585765262757,0.6574462787662132,4.381808045635314,1.1769848470119528e-05,0.0001010385562106,up
gene-Ptpmeg2,470.597732763591,-1.892977636792811,0.4734542792167907,-4.378042769861687,1.19749854115921e-05,0.00010271317319,down
gene-CHOp24,1411.670635745446,2.127889474543599,0.5406741539351956,4.376846221483244,1.2040886251939366e-05,0.0001031917094656,up
gene-LOC142977335,45.36324044543735,-5.319140813528788,1.3418183680158065,-4.37617938807568,1.2077762672899756e-05,0.0001034209090623,down
gene-LOC142974723,8058.168004458126,1.7322732880180167,0.4287372735881142,4.375742700077044,1.2101970245923583e-05,0.0001034546149917,up
gene-LOC142972835,506.9062023059223,-1.8774753884647244,0.4695266941381583,-4.375849867466731,1.2096025193321884e-05,0.0001034546149917,down
gene-AIMP1,523.6638686875523,2.025217450694469,0.510996412979596,4.375401172969098,1.2120934885752342e-05,0.0001035300270952,up
gene-wrm1,104.49204492807496,2.746495203919914,0.7248488842905216,4.374825919757327,1.2152942224643468e-05,0.0001037166231496,up
gene-Coq5,378.7343921223442,2.2147311408018817,0.566880051683349,4.3710216142413465,1.2366654895555217e-05,0.0001054523362731,up
gene-garz,281.49911278205104,-2.3465291895136726,0.6052932781649443,-4.370728751093922,1.2383254759281596e-05,0.0001055057440133,down
gene-LOC142981532,405.8876260447037,2.227645324871029,0.5709109687554444,4.370100706987177,1.2418924836693183e-05,0.0001057214060117,up
gene-RpS13,17455.07129600578,1.6490629080230328,0.406275349389486,4.369176471050035,1.2471595638325715e-05,0.000105893966747,up
gene-Mcm7,76.95123557681065,-2.053024015619118,0.517469770528845,-4.369370982602118,1.2460493041159074e-05,0.000105893966747,down
gene-LOC142984185,4484.670989274183,2.7071922070670285,0.7264844988374108,4.369017198624782,1.248069383723445e-05,0.000105893966747,up
gene-LOC142975965,194.31102776488515,3.910047472224541,1.091472700162513,4.369332068914967,1.24627134549996e-05,0.000105893966747,up
gene-LOC142978849,57.93931881969285,-3.148592642244937,0.8351499386885373,-4.367274810888465,1.2580639650103514e-05,0.000106653313047,down
gene-LOC142975881,319.08471707105593,1.5254938588926386,0.3719367797257047,4.366061710001863,1.2650675290601506e-05,0.0001071580437271,up
gene-MED6,435.1945575224018,1.3756646559910584,0.3317942243131528,4.36505683418051,1.270897109115323e-05,0.0001075625770542,up
gene-LOC142973869,1950.8538447733547,2.180718361700064,0.5577760388192732,4.364872811874857,1.2719674496797207e-05,0.0001075639748043,up
gene-Smu1,137.83785374086722,-2.40523190440905,0.6222392014329181,-4.364005832857817,1.2770216966495168e-05,0.0001079019905438,down
gene-spn-E,120.92585307130024,-2.410210232668677,0.6243236373502571,-4.361679912617895,1.2906760032570137e-05,0.0001089655083973,down
gene-LOC142973511,751.7407334067226,2.0581736733709395,0.5232157132380836,4.35750041586219,1.3155624877250675e-05,0.0001109747629108,up
gene-LOC142980122,902.4270664784128,-3.797513047490415,1.0536202864219375,-4.356890139510501,1.3192344112963798e-05,0.0001111926146664,down
gene-LOC142979990,13813.926228842956,-3.036861704787156,0.8224516984121586,-4.354026157871491,1.3365974763056023e-05,0.0001125631224476,down
gene-GlcAT-I,111.61416658311292,-3.334019687521084,0.905026223911614,-4.350233998623248,1.359923329688439e-05,0.0001144331197537,down
gene-LOC142982290,752.9832427237397,1.947346341960452,0.4926972547377815,4.346853305019145,1.3810451700219153e-05,0.0001161147285866,up
gene-JTBR,777.5040401929224,1.7773257273174694,0.4434939581981993,4.3465924323788085,1.3826879852220191e-05,0.0001161571709066,up
gene-mRpL54,437.1576592469045,1.4836367684994116,0.3625719510288684,4.345711525809928,1.3882491771907962e-05,0.000116528448615,up
gene-mRpL52,492.46418795714686,2.219806686383063,0.572671943524312,4.344779466687976,1.3941565223420129e-05,0.0001169281480981,up
gene-C/EBP,466.4189753611724,-6.97143649588872,2.098096035680882,-4.342932382643241,1.4059341610504856e-05,0.0001178191295717,down
gene-Rpb8,205.45617267480785,2.2180532589693853,0.5731033385623081,4.342387168667951,1.4094287313600882e-05,0.0001180150866365,up
gene-LOC142972730,69.70131128827707,-10.0327429078621,3.119955387745033,-4.340614349125188,1.4208490404679434e-05,0.0001188738209512,down
gene-Jheh-lp4,3627.930048440912,2.986759120303596,0.806678455787852,4.340357506604534,1.4225108930184002e-05,0.0001189153864458,up
gene-rno,79.75344875086417,-1.8411594578373656,0.4634031260374808,-4.3397695826685885,1.426321928314086e-05,0.0001191363987095,down
gene-Cnx99A,347.2518984528554,-2.21374619426766,0.5714314751547163,-4.338933740376496,1.4317567835280578e-05,0.0001194925714592,down
gene-Karl,145.11558029961654,3.044405591182923,0.8257159443403423,4.336946928875641,1.4447549065276195e-05,0.0001204788670827,up
gene-yata,1195.1931020440948,-1.633533681907232,0.4056978145220836,-4.33520845495048,1.4562205971596143e-05,0.0001213358664098,down
gene-LOC142974739,217.90121796539623,-2.3908023089980404,0.6262448524072567,-4.334917313684413,1.4581492126644174e-05,0.0001213974634067,down
gene-LOC142973353,134.55293122049122,6.399512652427489,1.954631549048465,4.334706101267587,1.4595498774050509e-05,0.0001214150415539,up
gene-LOC142983925,997.474533530513,1.927741849617716,0.4891772577029405,4.332085176793994,1.4770377461622044e-05,0.0001227697416537,up
gene-mRpL30,478.1443545525383,1.929953107793024,0.4897434096713382,4.331427662940955,1.4814561925834478e-05,0.0001230368051887,up
gene-Tcs3,372.9869571191476,1.918682903732595,0.4865314166285238,4.329599337025676,1.4938087577346428e-05,0.0001239618373186,up
gene-LOC142982112,68.62239756678187,-2.749494232826073,0.7368839254467136,-4.328442678371421,1.5016740448147532e-05,0.0001245132979319,down
gene-baz,314.81395191233645,-1.7507647500282333,0.4399363684539603,-4.3279138778358455,1.5052830304225296e-05,0.0001247112328857,down
gene-Ube4A,604.4863625884185,-1.756325620699965,0.4414503996593076,-4.326559319140041,1.5145654560350673e-05,0.0001253785045397,down
gene-LOC142985575,84.85406538860356,-1.9017512172369253,0.4821518198810138,-4.325400708495489,1.5225483829873071e-05,0.000125683168327,down
gene-Dg,559.7850984974783,-2.053282410469666,0.5277522352396479,-4.325348742893732,1.5229073687934484e-05,0.000125683168327,down
gene-LOC142979341,51.27189791173343,-2.1986828173913677,0.5718070971164922,-4.325310566324121,1.5231711494125291e-05,0.000125683168327,down
gene-LOC142980055,67.78091825703679,-2.518601837078166,0.6617011168582089,-4.3256529340356975,1.5208071187412196e-05,0.000125683168327,down
gene-LOC142981748,30767.884464154387,6.662670715326388,2.100954272435533,4.324159570448787,1.5311444292405617e-05,0.0001262390241458,up
gene-LOC142972770,90.43237406421724,8.954853611266033,2.5930648184064222,4.321954515799788,1.546530750574477e-05,0.0001274046761187,up
gene-LOC142981315,293.52741704367287,1.4628807744451429,0.3593267821414999,4.320219352735004,1.5587418042064485e-05,0.0001282036873129,up
gene-Ccdc58,260.1635316081656,2.1728664972380813,0.5627700437802685,4.320329810708778,1.5579617347118536e-05,0.0001282036873129,up
gene-mRpS14,430.9000779418907,2.4629406229200423,0.6503046220360728,4.319141807806891,1.5663711343398335e-05,0.0001287274570709,up
gene-mRpL53,659.976592927576,1.976309122982484,0.5049124083308252,4.318257497537925,1.572658889064876e-05,0.0001291402194745,up
gene-LOC142987562,5590.53339218298,5.0168013225039685,1.4869753266035275,4.318072450019113,1.5739776823475303e-05,0.0001291446157855,up
gene-trio,969.2441918674313,-1.6981786936708685,0.426050322240757,-4.315026081642676,1.595840608515761e-05,0.0001308332939045,down
gene-LOC142982915,362.4365735614696,2.36764102936961,0.6220221283491203,4.3137770855441815,1.6048877138358277e-05,0.0001314694132834,up
gene-Srp9,569.3473452995621,2.138565699383536,0.5540208713649852,4.312444828186268,1.614591800633514e-05,0.0001321582879636,up
gene-LOC142980088,23409.014376461306,-3.430080406878987,0.9442702172160746,-4.309825814654737,1.6338318303697715e-05,0.0001336259734982,down
gene-MESR4,413.1225569945581,-1.7758394395328083,0.4490185958070554,-4.3079176392023095,1.647987235268838e-05,0.0001345680456831,down
gene-LOC142972356,528.9719662464848,3.0885461408843944,0.8439964545981329,4.308016262034685,1.6472527666309556e-05,0.0001345680456831,up
gene-lace,476.6511023830422,-2.2222627009306355,0.5801557157928021,-4.304731030152242,1.6718873738048656e-05,0.0001364105069898,down
gene-LOC142980073,404.7803447053988,3.2244933701456207,0.8923700583038205,4.304084643465075,1.67677552247797e-05,0.0001367000619643,up
gene-LOC142977480,20015.7927801496,2.492065260994883,0.6634282406825929,4.303596266479262,1.6804777893349223e-05,0.0001368925522405,up
gene-IntS4,195.16093773465312,-1.898461304082851,0.4848630554283384,-4.302277223480489,1.6905161070219413e-05,0.0001373813527418,down
gene-fus,310.77541937527786,-1.984220754442484,0.5110130027375362,-4.302531556660421,1.6885761181204962e-05,0.0001373813527418,down
gene-l(2)k10201,210.93096722573736,2.0199470782911435,0.520736298087382,4.302352095602834,1.6899447809936385e-05,0.0001373813527418,up
gene-ACBP,56442.20331319329,3.419080176580393,0.9515836634346057,4.3017399615011565,1.6946211898158813e-05,0.0001376053976487,up
gene-tay,122.76624945219112,-3.3708104194009016,0.9426930183885668,-4.3009195338981305,1.7009082035656235e-05,0.0001380061210953,down
gene-LOC142977673,348.6013074050348,-2.09738492409679,0.5440997910050431,-4.300622342062322,1.7031910917967944e-05,0.0001380815843841,down
gene-LOC142973437,90.3557789511826,2.7813676235405347,0.754051487794864,4.299525800567006,1.711639496329109e-05,0.0001386563836431,up
gene-eIF3l,2304.599757050676,0.8445606865175335,0.2001504990643685,4.297758777870762,1.725337767852014e-05,0.0001396435689858,up
gene-LOC142987505,487.3067712344394,1.523937554832336,0.3784818903359191,4.297601507246162,1.726562007055267e-05,0.0001396435689858,up
gene-LOC142974864,266.35086837937905,-2.2730609688168637,0.5984336906690314,-4.294615527720102,1.7499633694561563e-05,0.0001414241972449,down
gene-Vps13B,84.47830732840336,-1.7112082512825966,0.4303199242813763,-4.293803457490798,1.7563797139052345e-05,0.0001418304409796,down
gene-Pi3K92E,186.7778538858871,-1.8517790280629336,0.4738048139520925,-4.29174170617001,1.7727709163859616e-05,0.0001430408912533,down
gene-LOC142973548,624.5965030761035,1.612761422953663,0.4040798622407345,4.290285993400705,1.7844316999157762e-05,0.000143868043926,up
gene-LOC142987352,900.2175171214693,-2.4125029384687564,0.6417807438031558,-4.2855858673515,1.8225823261128074e-05,0.0001468279226727,down
gene-LOC142978022,617.6597509982277,3.450415118411833,0.9702537115842752,4.28391941821484,1.83629442554472e-05,0.0001478159085294,up
gene-LOC142976311,166911.83334948352,5.559999492938412,1.5638883419600835,4.279012323329768,1.8772447032957688e-05,0.0001509931968994,up
gene-Ssdp,294.0661443202391,-1.214886995796438,0.2962114122247302,-4.278258732742327,1.883610042260304e-05,0.0001513858874122,down
gene-LOC142987311,732.8960136883093,-4.905869436541458,1.448477526415213,-4.277002094672015,1.894270210800894e-05,0.0001521228642143,down
gene-LOC142975774,10084.65185980134,3.0202348994368653,0.8332383797337478,4.274737489180433,1.913626301496146e-05,0.0001535564753095,up
gene-LOC142978276,404.371038255445,2.604804247004155,0.7032833269256799,4.274223369903009,1.918046757451405e-05,0.0001537902847863,up
gene-YME1L,515.9710381215225,-1.3880596858043888,0.3437019308488906,-4.273339199100281,1.92567171245706e-05,0.000154212416492,down
gene-mEFTs,481.19355720447993,2.0091534367794237,0.5213253390090328,4.27326265043115,1.926333212769631e-05,0.000154212416492,up
gene-mRpL35,654.4801076502409,1.6570690713211398,0.4184828369133546,4.272681141616284,1.931365430537609e-05,0.0001544940983502,up
gene-LOC142982770,7728.028012931106,1.7184862987756813,0.4359918840008277,4.2716192450748185,1.9405871156238728e-05,0.0001551102011681,up
gene-mRpL55,236.19328649097903,2.256710231571564,0.5967737062254281,4.271230064732873,1.943977310790712e-05,0.0001551546166603,up
gene-LOC142979028,161.33669234059582,-2.280791357071671,0.603284928069326,-4.271206477876822,1.944182959817453e-05,0.0001551546166603,down
gene-Bin1,403.7868099430277,2.315709335303501,0.6146531105719376,4.270715655919298,1.948467041584408e-05,0.0001553750241675,up
gene-mRpL9,419.3760878084128,2.1298762030776324,0.5583354161318745,4.268980045936448,1.9636883279480197e-05,0.0001564665633361,up
gene-Kdm2,133.94279829833155,-2.1844786716583164,0.5756801506524356,-4.267876821234733,1.973422394782405e-05,0.0001571195193724,down
gene-LOC142976054,36.3856113557187,2.7527981937302237,0.7494406529255287,4.266721339619711,1.983666798611312e-05,0.0001578120577819,up
gene-LOC142975882,206.13773283509815,-2.080893646959639,0.5458993427394153,-4.265687481410543,1.992875809788244e-05,0.0001584212102064,down
gene-ari-1,1337.590702757988,-1.8956466704957304,0.4897251904109717,-4.265364568729928,1.9957604630921846e-05,0.0001585270587298,down
gene-LOC142980980,6275.624529124172,2.57824957823518,0.6969200292520187,4.264551755314296,2.0030391234375588e-05,0.0001589814955904,up
gene-Uxs,715.3481922011534,1.096071666603753,0.2658759099862916,4.26359057386213,2.011679025553418e-05,0.0001594193153247,up
gene-LOC142981771,5930.946743834725,3.325768293463831,0.9233452182405212,4.263691177210697,2.0107730585322856e-05,0.0001594193153247,up
gene-ND-18,2752.0358770806047,2.108554558765941,0.5522776791797229,4.262848134468832,2.0183769710635916e-05,0.0001598260181818,up
gene-LOC142972939,541.1977010816548,1.7924923049807049,0.4591196398046295,4.262535134655304,2.0212070695517893e-05,0.0001599260508443,up
gene-LOC142974363,686.6098129976572,1.0770309637085094,0.2613934058232784,4.259098739592247,2.0525279518826417e-05,0.0001621683410947,up
gene-LOC142981473,42.84185837227383,-2.5031322304043524,0.6699655929716072,-4.259077432471796,2.052723588659505e-05,0.0001621683410947,down
gene-LOC142975039,1659.1442043101824,3.622355835711645,1.0346688980088157,4.257689137633746,2.065508908764199e-05,0.0001630521997815,up
gene-Ac13E,170.19670421405067,-1.652801392434849,0.4195289749064831,-4.257056744760984,2.071357950100143e-05,0.0001633875625708,down
gene-Su(Tpl),963.4523403152124,-2.777002821065486,0.7623918619475509,-4.256491806034206,2.076596437131937e-05,0.0001636742844309,down
gene-LOC142975536,301.1518701694655,-4.718944955690762,1.3912528681344765,-4.255390480280695,2.086844945344347e-05,0.0001642284221829,down
gene-CPR25,61.617365247841256,5.998099893507749,1.84328665987572,4.255558568473449,2.085277674269341e-05,0.0001642284221829,up
gene-Arpc4,1652.7496739035207,1.959102518529356,0.509795273846538,4.253402108767119,2.1054700239121403e-05,0.0001655665064258,up
gene-RecQ5,143.69781353565045,-1.9366327498736169,0.5038600882249872,-4.2515941953381455,2.1225420214607076e-05,0.0001667804958664,down
gene-Nhe3,390.845556393325,-2.233065673855769,0.5942047673717546,-4.2499324292872,2.138350124048615e-05,0.000167893382432,down
gene-LOC142983507,2381.987008421553,3.138267418043049,0.8784634155105296,4.2495878273143095,2.141642265970233e-05,0.0001680226180534,up
gene-LOC142974171,17.12442284149686,4.899493037366127,1.456239729254554,4.249070245361239,2.146596032836308e-05,0.0001682819178737,up
gene-LOC142979988,8100.165921292458,-3.0041064495087126,0.8335848608402305,-4.247373219883063,2.162914855610036e-05,0.0001694310969394,down
gene-mub,233.83911431069785,-2.119422331586496,0.5604428110274763,-4.246706002033405,2.1693631974882786e-05,0.0001698059061101,down
gene-LOC142983192,977.7633943093498,1.8128977210371175,0.4667747269496961,4.246492006059998,2.1714352393220774e-05,0.0001698378504809,up
gene-rb,54.59091834597198,-2.552712079923843,0.6874395507480541,-4.246047930621297,2.175741065825232e-05,0.0001700443266376,down
gene-Mtmr6,468.3419201990325,-2.4266387766273323,0.6543850024921606,-4.245278109018102,2.1832246423195435e-05,0.0001704986528244,down
gene-LOC142981920,152.81197935120403,1.278428564302795,0.315600498366316,4.243957687987619,2.196117783062688e-05,0.0001713744205789,up
gene-polybromo,144.54241045017127,-1.9671907606991372,0.5153499364329123,-4.243099907887223,2.2045323031777227e-05,0.0001718996273379,down
gene-Echs1,16570.59347734492,2.6400958403891943,0.7229405460031787,4.239314088299928,2.2420378281941272e-05,0.0001746906878807,up
gene-LOC142976554,99.10984163067737,2.1880296079417203,0.5817034288480771,4.237672180214517,2.2584920654110185e-05,0.0001758385088607,up
gene-LOC142982564,131.41056540077892,2.372375897453361,0.6382043783703362,4.237034926051688,2.264909157881065e-05,0.0001762037177933,up
gene-LOC142977604,748.8557691188602,-2.491898258195781,0.6770943587020695,-4.2344150066953565,2.291474289099853e-05,0.0001781346387573,down
gene-mop,2790.0760131296265,-2.655104051849161,0.7310953851092752,-4.234189045407024,2.2937793007701796e-05,0.0001781781227013,down
gene-Pten,452.8243294538253,-2.529499891161972,0.6889000060055703,-4.233408855084552,2.3017549286783745e-05,0.0001786616924488,down
gene-amx,769.0067597670682,1.5566995591594257,0.3944384152428667,4.232702909406414,2.3089943148866378e-05,0.0001790874237997,up
gene-mRpS11,370.97756727477673,2.5680706193042244,0.70166161670063,4.231815641161262,2.31812387448336e-05,0.0001796590006594,up
gene-Chsy,424.8130146193024,-3.175379456522185,0.8971182293799821,-4.231392415315848,2.3224907535592605e-05,0.0001798608734565,down
gene-Sod1,8728.067666766723,1.9471700883429597,0.5099848030435696,4.2297890649616114,2.339105361891579e-05,0.0001810102231146,up
gene-LOC142972184,299.30403846353903,-1.6433044716861236,0.420715869495592,-4.228409843828586,2.353487877810164e-05,0.000181985233097,down
gene-LOC142984621,7834.667369319805,2.436082792080616,0.6625871861645368,4.227300577412364,2.3651163204309995e-05,0.0001826390030215,up
gene-LOC142980079,99081.87277266115,-3.375560734033784,0.951036030050564,-4.227262036267557,2.365521328445869e-05,0.0001826390030215,down
gene-Tasp1,179.5829199157149,1.4782555860449995,0.3732889584118117,4.224053314990743,2.3994724690280317e-05,0.000184980479542,up
gene-dbo,248.0072214833533,-2.5114552075258105,0.6839728710849547,-4.224185403115025,2.3980657557514255e-05,0.000184980479542,down
gene-LOC142973597,637.2284833329967,-1.4372660233655037,0.362184421471182,-4.223646606117777,2.40380877286348e-05,0.000185174914299,down
gene-Fib,316.5958001180932,-2.2046391333182886,0.5900836269776498,-4.223394143709408,2.406504260311591e-05,0.0001852224858686,down
gene-LOC142976795,368.4371803452428,-2.502586807564356,0.6829472082186071,-4.223248962079192,2.408055635815504e-05,0.0001852224858686,down
gene-LOC142983906,1071.213580669301,2.067378497985124,0.5470446696878546,4.222813651782387,2.412712961329671e-05,0.0001854409728636,up
gene-LOC142978023,279.550875216037,1.8498948830843127,0.4815383788114977,4.221925694214207,2.422239681659364e-05,0.0001860331108404,up
gene-LOC142978105,336.5444237120028,3.740306935207465,1.0933964181218494,4.219720119457428,2.446057944931832e-05,0.0001877211537136,up
gene-mRpS17,296.8436822210082,2.1616865469431983,0.5770811461002789,4.216797679512969,2.4779610991039763e-05,0.0001898840010401,up
gene-Ubr3,397.64429726982667,-2.5076828451980187,0.6859471099014292,-4.216877573790346,2.4770836854417227e-05,0.0001898840010401,down
gene-LOC142982304,188.73148639066017,1.459157462523574,0.3681429702365373,4.216212025944817,2.484401887283332e-05,0.0001902347341597,up
gene-LOC142979709,40.63332470627922,5.76395331124085,1.789456650360987,4.215542781243095,2.4917814749913883e-05,0.0001906567729777,up
gene-Dhfr,141.2604753996211,1.994874854867468,0.5260188318670592,4.212767792982574,2.522603625824483e-05,0.0001928705259085,up
gene-Fas3,69.25625854453814,-2.096235740041684,0.5536233095135147,-4.212341170263074,2.5273742225262324e-05,0.0001930906339021,down
gene-LOC142979779,262.3249666709207,-1.8734871504642807,0.4908850138260525,-4.211949297164959,2.5317638012667385e-05,0.0001932358893872,down
gene-SmE,597.1506005286814,1.9666281130472312,0.5178654704789073,4.211833542253877,2.5330618203203743e-05,0.0001932358893872,up
gene-LOC142974073,3745.984593115205,-2.5165052208868253,0.6897605151069417,-4.210012957851477,2.5535604218127736e-05,0.0001946541540361,down
gene-LOC142987894,543.0591956934167,-1.8285368588369637,0.4776388117610418,-4.2073610614492205,2.583701556646863e-05,0.0001968047894678,down
gene-LOC142981655,422.8297564668629,-2.1522873221427847,0.5768143113342389,-4.20516662091163,2.608898856612149e-05,0.0001985759181912,down
gene-LOC142977714,1186.4399854872129,1.307126586549236,0.3270192521796519,4.204916280654329,2.6117881532575405e-05,0.0001986477025357,up
gene-Klp10A,129.52735285277944,-2.4750335905835428,0.6774904853808522,-4.203422496718777,2.6290919854864835e-05,0.0001998149061493,down
gene-Rnp4F,184.99293792118155,-1.5689607985477525,0.4016012007865703,-4.2017301516844485,2.6488276500253355e-05,0.0002010973163496,down
gene-wal,4714.035670914057,2.634431474463906,0.7290256367357695,4.201638040884177,2.649905853729919e-05,0.0002010973163496,up
gene-RpS16,22167.57226944061,1.6360460915251969,0.423216394616098,4.200719202006061,2.660684201636736e-05,0.0002016154687906,up
gene-Tim9a,193.49775732538,2.290747281430604,0.6205840899829788,4.200750840019089,2.6603123830384985e-05,0.0002016154687906,up
gene-LOC142980988,136.07992642545824,6.2073396783270125,2.010770820518404,4.198817776529503,2.6831212332912145e-05,0.000203164825135,up
gene-LOC142972452,65.4024628762586,2.550705981745633,0.7033812010895547,4.198204058891284,2.6904014969687303e-05,0.0002035650710123,up
gene-veli,483.6694976880308,1.5167551401299966,0.3866767904240879,4.19632447867864,2.712815173861756e-05,0.0002049171177865,up
gene-DnaJ-11,578.9586665083276,1.542050434655441,0.3944008247164405,4.196201023280207,2.7142935558681173e-05,0.0002049171177865,up
gene-LOC142974104,992.0998075262128,1.6771352228278082,0.4333675459500116,4.196313571192018,2.7129457604910345e-05,0.0002049171177865,up
gene-Polr3H,119.42711469836654,2.5658733155364724,0.7086246420496471,4.195896852175635,2.717939283391788e-05,0.0002050406967152,up
gene-Aos1,408.7768297595276,1.712591633228753,0.444162250388911,4.195293797301524,2.7251811371304505e-05,0.0002054351836535,up
gene-ND-24,1813.186528993583,1.7836024946312845,0.46526178412387,4.195012883658345,2.7285607812548275e-05,0.0002055381542012,up
gene-Ltn1,264.82652873683054,-2.0610194208168324,0.5500187809435956,-4.193702631345414,2.7443770096135225e-05,0.0002065771101557,down
gene-LOC142973923,39.20089480567599,3.991310521119892,1.179876817556489,4.192874029308959,2.754424127184188e-05,0.0002071805973925,up
gene-Mad,193.72326512594336,-1.8349790116957172,0.4820562733490574,-4.1878444220103965,2.816164512214384e-05,0.000211668565362,down
gene-mRpL37,357.4982725050227,1.6727493317010456,0.4333155816320376,4.187666900637376,2.818367514551353e-05,0.0002116782724137,up
gene-LOC142985250,74.66850482715587,-2.562781463323342,0.7088899035703801,-4.185213198138375,2.848985764123788e-05,0.0002138205712824,down
gene-Amph,3199.644526185393,-3.0739066480998605,0.879537740535271,-4.185031758206339,2.8512623534725006e-05,0.0002138342016303,down
gene-Pat1,1628.3057084876127,-1.8475590678508984,0.4877629726037282,-4.184567791983048,2.857091765588709e-05,0.0002141140649879,down
gene-ATPsynB,11264.76583613566,2.7386693055536107,0.7678652087063671,4.182617450782356,2.8817205892104783e-05,0.0002158013356865,up
gene-DCTN6-p27,438.29143992458,1.812699720799158,0.4758161276025115,4.181775359546805,2.892416743867592e-05,0.0002162867353402,up
gene-LOC142982328,286.6801394437553,1.897606650550703,0.5015453966201654,4.181773498794212,2.8924404206861625e-05,0.0002162867353402,up
gene-per,594.4467424162171,-1.92246787456473,0.5105318239135112,-4.180015225965313,2.914895781628987e-05,0.0002176469732486,down
gene-loj,502.4271166161568,2.0888156513647016,0.5641766005838991,4.180034229352684,2.9146522010039827e-05,0.0002176469732486,up
gene-MED20,193.0326234500502,2.3969958866161685,0.6584222151773523,4.179210553092283,2.925227650157155e-05,0.0002180993325431,up
gene-LOC142979775,81.51788124515248,-2.8981681728868907,0.813166044249972,-4.179360316733017,2.923302076747785e-05,0.0002180993325431,down
gene-pico,123.19266444267951,-2.126600422646522,0.5728160510001599,-4.178305735633744,2.93688693448274e-05,0.0002188087951844,down
gene-LOC142973750,392.20606446677175,2.001588080429303,0.534080522092865,4.177226591151781,2.9508503179070587e-05,0.0002196887614506,up
gene-ex,34.61597732025646,-2.762753574844182,0.7679184827616444,-4.176699218783051,2.957697083402155e-05,0.000220038003865,down
gene-LOC142972863,39.0977527359719,-1.7560848465996843,0.4597038771157222,-4.176053767163646,2.9660973972679903e-05,0.0002205022296716,down
gene-LOC142981582,497.1590544137911,-1.118609513972275,0.2779730393510732,-4.175501361239818,2.9733047596366144e-05,0.0002208771592548,down
gene-LOC142972152,113.92142840732998,1.6403497794859283,0.4249936917681881,4.175189186312351,2.977385133094833e-05,0.0002210194185709,up
gene-LOC142978810,552.3893086237489,1.8139037690867097,0.4773930815664661,4.174253864218689,2.989642418419349e-05,0.0002217680244535,up
gene-Clc,9182.490798111605,1.2638813955914368,0.3181911485129257,4.170977956086261,3.032952039514195e-05,0.0002246541470778,up
gene-faf,634.6592189340727,-1.8078173126814348,0.4763981915824271,-4.171055362620497,3.031921832208328e-05,0.0002246541470778,down
gene-LOC142977648,214.41926715922432,-3.1616062018801845,0.9119179366042948,-4.170462768001594,3.039817182672817e-05,0.0002249993762403,down
gene-Hel25E,2535.6193722656426,1.481752727342915,0.379306162889122,4.169082749340478,3.058279467714438e-05,0.0002262018733837,up
gene-RanBPM,1383.513370254217,-2.6616176744733027,0.7472017488514382,-4.168311239189647,3.068647339296299e-05,0.000226640256094,down
gene-LOC142976556,74.20212021717875,-2.7007072697163705,0.755676940911831,-4.168387037926545,3.067627246912342e-05,0.000226640256094,down
gene-kel,30.67965198543465,-9.323431102476697,2.969971480501248,-4.167787668352224,3.075702315638804e-05,0.0002269970609958,down
gene-Akap200,211.96326172717735,-2.1202186070615685,0.5740134930161392,-4.166879112046392,3.087981462744251e-05,0.0002277386328773,down
gene-LOC142981304,229.88412663898512,-2.335153846174459,0.6401020962143876,-4.166337309307288,3.095326089762787e-05,0.0002281154757993,down
gene-Phb2,4185.934365495023,1.6249658681260482,0.4217264375896648,4.165161440633148,3.111323203243767e-05,0.0002291289750036,up
gene-puf,137.65547436700254,-2.753067910757603,0.7771843178354076,-4.163054594389154,3.1401824802674794e-05,0.0002310875456098,down
gene-LOC142982922,60.11653525002694,2.2449705754861333,0.6147345242455053,4.159211107917218,3.1934864465155386e-05,0.0002348408945214,up
gene-LOC142979570,2089.821180112332,2.197687072662065,0.5992646763733179,4.15613859490655,3.236715215851201e-05,0.0002378484680215,up
gene-Btl,2003.9164865045796,-2.4776695464960508,0.690150439896073,-4.155250030699108,3.249320154177412e-05,0.0002386029554941,down
gene-LOC142981693,564.1050823521659,2.8016609534604697,0.796139030076358,4.154203560432405,3.264224909807122e-05,0.0002395251161351,up
gene-Scamp,3907.135336501996,-1.3875449832073918,0.3553112154506957,-4.152237624965296,3.2924012966162424e-05,0.0002412458006788,down
gene-rdx,1125.6724272767058,-2.596700096818427,0.7301413362714723,-4.152359982175091,3.290640914526046e-05,0.0002412458006788,down
gene-PCB,1235.1133569462872,-2.192288323387917,0.5992501226922256,-4.151800608598363,3.2986960609946486e-05,0.0002415336491719,down
gene-MBD-R2,406.6834210448399,-1.8661826806938515,0.4974546798044639,-4.149642155193941,3.329954369603357e-05,0.0002434730963505,down
gene-LOC142978483,209.89815679029,-5.277958840815946,1.6366998102014187,-4.149666697112751,3.329597382087408e-05,0.0002434730963505,down
gene-Sgf29,48.789211633992544,-2.3870455945824007,0.6588496469737521,-4.148789881470216,3.342374148671421e-05,0.0002442062486434,down
gene-LOC142983927,317.33212334602246,-1.4892802558891585,0.3848688599493441,-4.147913919585236,3.355184969434885e-05,0.0002449669025967,down
gene-axed,145.36033143567215,-3.4529320325850845,1.0169372720203664,-4.146958712115445,3.369207901791644e-05,0.0002458149038855,down
gene-ec,21.0761380113812,-6.417163854271432,1.6792133526410444,-4.146014698441787,3.383121186066255e-05,0.0002466536996155,down
gene-Cox11,485.2775277516512,2.442761981366167,0.6804147049335416,4.1456871585862185,3.387961350475669e-05,0.0002468302748344,up
gene-IntS6,291.7722120724039,-2.438444427834356,0.6797858938840491,-4.144868847482103,3.400082562902314e-05,0.0002475366813091,down
gene-Klp31E,194.9520037236663,-2.0626235284835284,0.5590156894385246,-4.141366625020035,3.452426066905558e-05,0.0002511683026721,down
gene-mRpL10,886.434442800772,1.4785783530316758,0.3817619189647799,4.140689836980658,3.4626290472922296e-05,0.0002517311587301,up
gene-mRpS10,331.61572773951235,1.9337849786483357,0.5190344624448505,4.139440120116703,3.4815445751808014e-05,0.0002529261599919,up
gene-Hrs,6485.41188550264,-2.15927857017792,0.5918784101104606,-4.137693633942964,3.508143588794016e-05,0.000254677251855,down
gene-LOC142978980,2204.921666306987,4.386737879862388,1.3627365247525196,4.135856736671467,3.536327739649764e-05,0.0002565408474669,up
gene-LOC142975319,302.80863497569715,-2.1080393652773752,0.5754305564079291,-4.135162463521274,3.54703610025938e-05,0.0002570551820722,down
gene-LOC142983033,204.3158501659741,4.559065713969419,1.4261665017164886,4.13507065088566,3.548454507100913e-05,0.0002570551820722,up
gene-Hs6st,105.86794778417745,-1.4567598785360196,0.3775272172039708,-4.134602917289994,3.555688855244316e-05,0.0002573965684076,down
gene-klar,872.4959804129859,-1.5115826599880902,0.3927777302625379,-4.134291722373101,3.560509805399815e-05,0.0002575628886159,down
gene-Cul3,1360.4428571722729,-1.2361385971218413,0.3140570492022483,-4.133340632574748,3.575282342097556e-05,0.0002584483489078,down
gene-LOC142982062,459.1043167194118,-1.9765702597873127,0.5344624143196851,-4.131423032477042,3.605244081837268e-05,0.000260429768884,down
gene-eIF2Bgamma,614.8099305501427,1.3534104677133223,0.3468343925552019,4.128849066926476,3.645836218766077e-05,0.0002629897546639,up
gene-unk,659.8195487203051,-2.408223595430863,0.6741741743319442,-4.128928622084783,3.644575139532784e-05,0.0002629897546639,down
gene-LOC142982345,113.41308287270007,1.7318141885072476,0.4585266752313162,4.128663943210647,3.648772336038764e-05,0.0002630156725561,up
gene-EMC5,631.7233481742945,1.8581957665954527,0.4974030100578439,4.127706289038851,3.663996897249568e-05,0.0002639267207496,up
gene-Top2,227.25251787275752,-1.8506598648580896,0.4959462806917977,-4.12668497477268,3.680299963625028e-05,0.0002649141165636,down
gene-LOC142984147,448.8476670959851,-1.255972259437765,0.3203755152697726,-4.123470456007775,3.732063480372516e-05,0.0002684508241308,down
gene-LOC142984772,157.05355338074128,-2.110482690156354,0.578972858175498,-4.123260532805182,3.735467813686992e-05,0.0002685064786922,down
gene-LOC142977989,458.3563648286021,-3.119617935547088,0.9132820843240606,-4.119665338957442,3.79423080558346e-05,0.0002725384506163,down
gene-LOC142977917,901.9492050568368,-2.6122887081881343,0.7428724876578532,-4.118670376908642,3.810647719924144e-05,0.0002735251847908,down
gene-HINT1,3090.3492037266046,2.207657249524749,0.6099708867576918,4.117892923956424,3.823522630355764e-05,0.000274256468644,up
gene-obe,603.3217589656795,-1.5625881557446382,0.4098082433355602,-4.11683794900251,3.841059452793636e-05,0.0002753208836703,down
gene-HERC2,50.72640569257919,-2.0198834544622315,0.5481481771960619,-4.116448872292115,3.847546315255251e-05,0.0002755593142521,down
gene-LOC142981032,2252.955034923631,2.193173547097178,0.6051795433354342,4.11631472637345,3.849785266225016e-05,0.0002755593142521,up
gene-LSm3,563.4845598443677,1.9751383893291925,0.5363531371134047,4.114499604019012,3.880202249438145e-05,0.0002773475095239,up
gene-Anxb13,1337.3996496768434,-3.2345672662388947,0.956361794453638,-4.1145946549694,3.878603785920117e-05,0.0002773475095239,down
gene-Git,130.98991695760057,-1.4739066741732765,0.3840055892646662,-4.114139296120622,3.886267195142753e-05,0.0002775866288371,down
gene-cib,24939.198927796155,-3.5957436615096188,1.0845905127580795,-4.113842350962471,3.8912723387886006e-05,0.0002777497675665,down
gene-LOC142976826,28.02989099033365,-3.2595920228301822,0.9201770302977776,-4.113369103784217,3.8992617795847895e-05,0.000278125541469,down
gene-G9a,175.3453782039953,-1.7555424090753944,0.4686072444555538,-4.111777464119894,3.9262465056435125e-05,0.0002796611550436,down
gene-LOC142981622,840.6552391209266,-2.5971874397705768,0.7399541064391045,-4.1117760504672365,3.926270551361964e-05,0.0002796611550436,down
gene-ABCD,919.379949766647,-1.7191343378221042,0.4579202815207981,-4.110220411214717,3.952816285039061e-05,0.000281355619396,down
gene-RpL15,17097.06548744474,1.6530828258068917,0.4409429851428495,4.108390090150578,3.9842673518854575e-05,0.0002833966331755,up
gene-Hrb27C,206.70239691951613,-2.173503888797784,0.6015372561532839,-4.107946068304034,3.991932855745498e-05,0.0002837441410765,down
gene-LOC142979210,242.1319266903887,1.58166347320046,0.4160046697937952,4.106810776660036,4.011595995111613e-05,0.0002849433564516,up
gene-Sf3b6,861.118235814528,1.6036050521228915,0.422927678503153,4.106078791786059,4.0243225997321125e-05,0.0002854500401352,up
gene-knockout,987.5321399149442,-2.15533684992171,0.5959919154892037,-4.106122900406101,4.0235546246683096e-05,0.0002854500401352,down
gene-l(2)k01209,301.0657180208084,-3.514233487578178,1.051936641534304,-4.102589756494081,4.0855128281243146e-05,0.0002895890933101,down
gene-LOC142983252,40.96366722645091,-3.505328218395422,1.062695817422976,-4.10077628514201,4.117664915077245e-05,0.0002916655502303,down
gene-wupA,20382.283838537183,3.0059290117126927,0.8805499775327829,4.10058410724695,4.121086183279736e-05,0.0002917054554281,up
gene-Rrp46,130.00013688387955,1.9129049188951956,0.5189835196851931,4.097269055346342,4.180529016711043e-05,0.0002955031833349,up
gene-Cp110,58.14087209836152,-2.424507848752425,0.6791052825090688,-4.097414757790003,4.177899395045124e-05,0.0002955031833349,down
gene-LOC142985616,271.2090639212265,-1.716951293552652,0.459478729340496,-4.0970833430666325,4.183883007929376e-05,0.0002955355976604,down
gene-LOC142986655,498.01243474920807,4.0532637119098665,1.2622662579619546,4.096576309278003,4.19305311842352e-05,0.0002959785143827,up
gene-LOC142980733,126.26705332052047,-3.878259419096153,1.1908971463026254,-4.096415066767393,4.195973311973179e-05,0.0002959799557381,down
gene-DENR,1113.6329476362282,2.05761422064845,0.5654617313304853,4.096158166090269,4.200629915821983e-05,0.0002961037952402,up
gene-LOC142978046,22366.659095134488,2.3378469098185763,0.6536114747251542,4.095888462278402,4.205523865828776e-05,0.0002962441828744,up
gene-LOC142983402,471.7968862019909,2.7168854215799985,0.784211475909822,4.093574159277955,4.247741328368235e-05,0.0002990116947493,up
gene-LOC142985415,275.45492513739805,2.874897886418599,0.840393878228373,4.091304075491199,4.289542537690762e-05,0.0003017461108353,up
gene-Gdap1,3362.8433082452502,2.17247223894375,0.6045181432237922,4.085228225807497,4.40335136286664e-05,0.0003095386181871,up
gene-LOC142979701,123.1853617377911,-2.6232352901390743,0.7532031930776988,-4.084724360933577,4.4129169450343247e-05,0.0003099975447898,down
gene-Arp10,198.72648730949967,-1.687030233107902,0.4515254140088849,-4.083481890225921,4.43658882523044e-05,0.0003114460944919,down
gene-Grx3,731.3746187252324,1.74919688817883,0.4701742122771274,4.082812360723224,4.449394765320967e-05,0.0003121303942929,up
gene-LOC142979959,109.9128782667188,-2.614279948292633,0.7485163890436746,-4.081506146056372,4.474479425923612e-05,0.0003136745295357,down
gene-Osbp,1165.0110150510277,-2.086903501597933,0.5789394004166892,-4.077867679491153,4.545061937889055e-05,0.0003184038929309,down
gene-LOC142972672,831.4133063355727,1.8575848412513989,0.5048408880047177,4.07754391124764,4.551393611450166e-05,0.0003186287694929,up
gene-LOC142975047,318.0934513459287,1.4214543503565968,0.3718383570883174,4.075278637132077,4.5959283170889946e-05,0.0003213057557022,up
gene-Catsup,2083.5205446706377,1.4263277276418531,0.373267532891436,4.075368064253164,4.594162395614117e-05,0.0003213057557022,up
gene-LOC142978037,7915.644702563773,1.8869690122509517,0.512491111494664,4.073770017370046,4.62581630068214e-05,0.0003229528521276,up
gene-LOC142974767,494.3691902540792,3.079028678709553,0.9130710724677544,4.073779376367226,4.6256303182687e-05,0.0003229528521276,up
gene-LOC142983841,148.91673156600814,-1.846990113799709,0.501534319109229,-4.073378413627682,4.633604626757699e-05,0.0003232754779584,down
gene-mRpL39,199.21670038659803,1.7033226863239903,0.4573587715749637,4.07234864649898,4.654144310800653e-05,0.0003244866870241,up
gene-LOC142982657,138.2713737775897,-2.740163603488607,0.7981863720075532,-4.071187817051444,4.6774016677750194e-05,0.0003258855892353,down
gene-milt,1110.503312848952,-1.7989570482151611,0.488573584239213,-4.06962035941606,4.708980781740362e-05,0.000327676681319,down
gene-ZnT63C,2096.9733936429225,-2.3686740568566425,0.6744283874096251,-4.069593204009934,4.709529651170559e-05,0.000327676681319,down
gene-ktub,27.587739647455933,-2.8699237472323555,0.824547070649134,-4.068844156871559,4.724693447692414e-05,0.0003282841798542,down
gene-LOC142981937,3051.059661867324,3.239359789065396,0.9742840694296044,4.068881340710157,4.723939603052006e-05,0.0003282841798542,up
gene-AgmNAT,4493.307523926171,4.051216216608177,1.273159833933557,4.066120638846457,4.780219750018743e-05,0.0003319163468601,up
gene-Vap33,859.6898140572245,-1.013268805107678,0.2576080298308171,-4.063537393343572,4.833457488702143e-05,0.0003353847762554,down
gene-Ant,38039.89239803178,-1.2335961102390955,0.3190266702165986,-4.062744295562779,4.8499147862344125e-05,0.0003362980993416,down
gene-LOC142983658,92.14305342750365,-2.264057083030784,0.6390666928452484,-4.058343626643013,4.9422009787076425e-05,0.0003424277487627,down
gene-LOC142984165,146.97834702599968,5.46137793576931,1.840390078573655,4.058210287663888,4.9450230398381054e-05,0.0003424277487627,up
gene-LOC142978898,38.154858650910256,-2.658298889350536,0.770771033974651,-4.057618925515427,4.957557381166297e-05,0.0003430629707767,down
gene-dsd,171.69865371795368,-4.16300906886154,1.3006634241241708,-4.0570583174543815,4.969467670888914e-05,0.0003436541769428,down
gene-Sbat,501.5253398725086,1.9866511645431697,0.5499255687447203,4.055881737949609,4.994552718733333e-05,0.0003451550413006,up
gene-LOC142974820,740.3247711851827,3.7538135645627895,1.1734979608995912,4.055455351038671,5.003673016511563e-05,0.0003455513564244,up
gene-LOC142974654,134.04588595231297,-1.674309340788078,0.4526209535103713,-4.05392232746449,5.036594545171018e-05,0.0003475897263188,down
gene-LOC142987222,908.508141676084,2.184918732402725,0.6149729501223519,4.052763472636818,5.061616983187127e-05,0.0003490805712661,up
gene-LOC142985416,152.88783247810915,-1.6834961947233906,0.4550531610410676,-4.051433507173309,5.090479308937015e-05,0.0003505973165068,down
gene-LOC142979364,106.9087878929716,1.953381491245462,0.5400800963064715,4.051463502940503,5.089826638118009e-05,0.0003505973165068,up
gene-LOC142975409,5270.311155805511,1.6363968242799578,0.4402612021178561,4.051026086161072,5.099352145926204e-05,0.0003509715937523,up
gene-LOC142981452,174.9494865109061,1.838852193962106,0.5035726818442274,4.048930459547754,5.1452228901687584e-05,0.0003538900946088,up
gene-LOC142982081,4608.521781121913,1.7955791554522402,0.4899044109970102,4.047199713702687,5.183401408111971e-05,0.0003562759472902,up
gene-gish,711.2228124700923,-1.2245794860514383,0.3180076476501704,-4.046125821283128,5.207225203735304e-05,0.0003576725952525,down
gene-Rrp5,45.64387684017381,-2.270340739128532,0.6370488809472155,-4.044752879554423,5.23783442264715e-05,0.0003595331267784,down
gene-AIMP3,309.9121389725931,2.2623505029303925,0.6433331415336971,4.043176935554082,5.273179674757195e-05,0.0003617160278242,up
gene-LOC142985771,1970.4375252331256,1.0591288633575633,0.2712911340357029,4.041662948373476,5.307348127080199e-05,0.000363815327959,up
gene-LOC142975305,51.56655295933558,-3.316277399838726,1.002800369646171,-4.041335171715549,5.314773137078903e-05,0.000364079794699,down
gene-noc,763.9292460901961,-1.3562692435826886,0.3569771083537196,-4.040168911805441,5.341271909814543e-05,0.0003654045736157,down
gene-LOC142975637,35.787949190280095,-2.879270405013218,0.8538763653757832,-4.040286959133716,5.338584054517989e-05,0.0003654045736157,down
gene-IntS1,29.06318601302088,-6.520398932990777,1.8107895781453955,-4.039795683500907,5.349778496337632e-05,0.0003657413872211,down
gene-LOC142985251,210.46351175864237,-1.478143769096192,0.3936437792743849,-4.037744601361764,5.39675615735516e-05,0.0003684594655392,down
gene-mRpL3,564.4208379446304,1.7252702314539825,0.4690445752380995,4.037777322504603,5.396003659038887e-05,0.0003684594655392,up
gene-ogre,30.02929228886325,-2.545198689210248,0.7358129085552444,-4.037109392884163,5.411383959409517e-05,0.0003692112037011,down
gene-mh,158.02869896524084,-1.8349624981881996,0.5048918528126943,-4.036790798541959,5.418734798725914e-05,0.0003694657721482,down
gene-thoc6,180.09519228274374,1.613707048175565,0.4343680873276906,4.036293562150618,5.430226304723484e-05,0.00036986969648,up
gene-GSTd3,1761.6765389808695,3.68474667732849,1.1569332257922351,4.036220952885245,5.431906290031561e-05,0.00036986969648,up
gene-LOC142987584,612.9699660694208,2.060976691000967,0.5779295874594567,4.034988144876681,5.4605054556750464e-05,0.0003715691945738,up
gene-Med,208.71185208799184,-1.8670423707039765,0.5150025289454518,-4.033004168907754,5.506830235376552e-05,0.0003744717935542,down
gene-CanB,576.1969955795533,-1.2094861464692888,0.3148660493996286,-4.03254070414706,5.517705409203673e-05,0.000374863405544,down
gene-LOC142980932,3208.8181077642807,2.276190957896315,0.6494441048792532,4.032445821000597,5.5199343443976686e-05,0.000374863405544,up
gene-LOC142975609,2652.888766379379,-1.4802030996083837,0.3953325856118235,-4.032172981582678,5.526348470337156e-05,0.0003750494603506,down
gene-LOC142987137,159.58448054360613,-2.164726501316426,0.6116664705436096,-4.03177935384304,5.53561462670929e-05,0.0003754286943177,down
gene-IntS9,96.2908434124035,-1.9543408198295569,0.5443486852478848,-4.031373079177536,5.545193931211105e-05,0.0003755792598266,down
gene-LOC142982090,267.84012943989404,2.263464214678498,0.6455432935762969,4.031512969545418,5.5418937695822144e-05,0.0003755792598266,up
gene-otu,897.5918075624181,-2.4465556358344083,0.709898578598184,-4.031127670466837,5.550987880268056e-05,0.0003757223693229,down
gene-LOC142972293,161.98878615265053,1.441113469337469,0.3824113803058303,4.030417634707175,5.5677837062098966e-05,0.0003761604119388,up
gene-Uccr,3211.7185087267303,2.418778441575924,0.6994858195322116,4.030568008952543,5.564222605054853e-05,0.0003761604119388,up
gene-LOC142979152,9424.81554030395,3.7207401263893134,1.1688521667584664,4.030386742398612,5.568515552460169e-05,0.0003761604119388,up
gene-LOC142973644,19094.77513502078,1.8770618018753549,0.5206796474156681,4.029744821886554,5.583743440311512e-05,0.0003769396117411,up
gene-eIF3f1,2901.8188427404607,1.3079364882871438,0.3433004241082877,4.027710133944888,5.632272202425284e-05,0.0003799643249845,up
gene-LOC142987185,1108.5165824000226,1.2231245691609491,0.3188203670557764,4.026696248701023,5.65660297034799e-05,0.0003813247369294,up
gene-LOC142979342,348.99786254165923,2.4602593238396877,0.7143355712863365,4.026558775946227,5.6599096350363714e-05,0.0003813247369294,up
gene-LOC142987341,602.2897909282029,-1.0670948810749668,0.2751622598370918,-4.025975579030065,5.6739577785043456e-05,0.0003817672184917,down
gene-Asator,71.53729300125171,-2.53527734898178,0.7353505882234176,-4.026018947483644,5.672911976401614e-05,0.0003817672184917,down
gene-Vkor,1139.1889102431471,2.558716116464798,0.7486798695559721,4.025017790691698,5.697100826827002e-05,0.0003830718586259,up
gene-LOC142973687,289.4373161946224,1.3979752907127156,0.3702380010006965,4.0245300522005225,5.7089203870853245e-05,0.0003831094700261,up
gene-gus,1011.2748026627028,-3.0928398775681187,0.939333034484412,-4.0248003228168185,5.702367945879082e-05,0.0003831094700261,down
gene-LOC142978751,570.2389590432073,-3.457729965268211,1.0702053366608533,-4.024551747948789,5.708394132186782e-05,0.0003831094700261,down
gene-EMC6,443.075701411244,1.2415674339774347,0.3245012939809352,4.022798026189309,5.75108122121504e-05,0.0003856851907026,up
gene-Trs31,849.1836520397534,2.2246289077872623,0.634739460951529,4.021267094708554,5.78859240027736e-05,0.0003879459135235,up
gene-Taldo,6564.248913664288,2.281971083763247,0.6549151108513899,4.019450165014399,5.833411865516631e-05,0.0003906931424627,up
gene-ND-MNLL,1771.924596427693,2.569017646699709,0.7547901357637608,4.018083827879518,5.867332541521445e-05,0.0003927073000085,up
gene-su(sable),324.7220387631298,-1.4883760727844506,0.3994308936841751,-4.016428885369213,5.90866829361904e-05,0.0003951301292038,down
gene-Prosbeta3,4824.930280999149,1.75905346944733,0.4826114362533266,4.016324941156075,5.911273707204318e-05,0.0003951301292038,up
gene-KdelR,2213.121127400396,1.861132710335576,0.5153592495726189,4.014974657773705,5.945218249661358e-05,0.0003971390227375,up
gene-LOC142979890,177.1055294399846,2.5765237117236977,0.7595502962324735,4.014032236729208,5.9690188920669045e-05,0.0003983622212389,up
gene-LOC142979996,67323.98928937346,-2.8318380222813166,0.8541904819726336,-4.013940703575057,5.971335343348098e-05,0.0003983622212389,down
gene-Pex10,330.8082638161477,1.7716738026422554,0.4873561098329382,4.013499757299253,5.982506408380343e-05,0.0003988467858284,up
gene-LOC142975138,75.21077456459821,1.6771831294698665,0.4574990023167579,4.011363991012369,6.036895178921569e-05,0.0004018121716089,up
gene-LOC142977083,13560.697709070344,2.245691407420296,0.6440643070707471,4.011414664665957,6.035599334186411e-05,0.0004018121716089,up
gene-LOC142976782,139.88017819369452,-2.8957045294196697,0.8620469679963696,-4.011289692523195,6.0387956426775136e-05,0.0004018121716089,down
gene-Zasp52,153.228584579083,-2.9374224905334345,0.8825516725505622,-4.008381062559606,6.113641571452828e-05,0.0004065272932887,down
gene-LOC142975945,42.10326673067568,-3.2488170785486385,1.003664188922364,-4.007729411342456,6.130530109747685e-05,0.0004073849012382,down
gene-PAPLA1,95.2115919149473,-1.7842239565746694,0.4951353330336409,-4.00695233369548,6.150727008289411e-05,0.0004084610967703,down
gene-NUCB1,1501.8651219785304,-1.6098011961515275,0.4381664457333298,-4.006251628612657,6.168992918870281e-05,0.0004094077420215,down
gene-ND-SGDH,2678.792507504771,1.999741220062616,0.5629105519275086,4.004892663005523,6.2045647829211e-05,0.0004115009274806,up
gene-MCTS1,509.8419982088837,1.7611690477920985,0.4855773874585755,4.00290015836593,6.25707122273709e-05,0.000414713428521,up
gene-Dph1,335.22305272381385,1.771475188167872,0.4888468169911476,4.00274685035492,6.261128572067492e-05,0.000414713428521,up
gene-LOC142978938,142.2939229865285,-2.4501834355771166,0.7164723855511304,-4.0020121034646365,6.280608498186106e-05,0.0004157339230932,down
gene-LOC142984504,639.5263484500534,1.5534799544945754,0.4201954110557552,4.001736755752381,6.287923403664513e-05,0.0004159483744731,up
gene-mRpL19,508.40101619033913,2.050446026923842,0.5806224934143687,4.00076673628997,6.313757309012289e-05,0.0004173867930899,up
gene-lap,1541.4991305907336,-1.7820113960592,0.4945591211972026,-4.000261677534676,6.327247958333535e-05,0.0004180078958622,down
gene-Uev1A,5436.371804406873,1.3852481406846806,0.3694949739677501,3.998219069505247,6.382086999671296e-05,0.0004213580983547,up
gene-Gyf,259.5394548215814,-1.173174472801683,0.3074151578790234,-3.997189802347109,6.409890486746107e-05,0.0004229201822767,down
gene-Ncoa6,37.02522817757295,-4.999795730103537,1.5766534982290934,-3.997030189056773,6.414212358758978e-05,0.0004229319479706,down
gene-LOC142972431,364.51503941960976,2.384153489732982,0.6956822154443035,3.9963213278943273,6.433439642016217e-05,0.0004239258775084,up
gene-LOC142976035,150.02782362333556,-3.68624074149853,1.1672126870268111,-3.994381964367853,6.486322482470359e-05,0.0004271347972811,down
gene-Zcchc7,2360.0881405957466,-1.4123704524078622,0.3794869321173606,-3.994159368470618,6.49241851279855e-05,0.0004272605787242,down
gene-mRpL2,651.6253101302972,1.9217338840959148,0.5392230955576525,3.9937158034162215,6.50458219582078e-05,0.0004277852478913,up
gene-LOC142980629,68.39014993088959,-1.7468308908765025,0.4820559395900884,-3.9899416125176494,6.60895621517489e-05,0.0004338110359375,down
gene-pink,88.38868235886527,-1.858546279138769,0.5183148414358775,-3.99007514959833,6.605236397700152e-05,0.0004338110359375,down
gene-Actn,1642.7959564569182,-2.239337455749106,0.6477916390354204,-3.990078015232716,6.60515659412561e-05,0.0004338110359375,down
gene-RpL11,20363.947616516136,1.60822598989248,0.4399253862291027,3.988799737254421,6.640845422063485e-05,0.0004356240952635,up
gene-snama,398.98778989597713,-1.659750134078667,0.4564004601868523,-3.986639725622488,6.701566828038111e-05,0.0004393249365047,down
gene-LOC142974641,276.57600818678225,1.908345180727905,0.5362269330501591,3.985861526581461,6.723571713832675e-05,0.0004404845730621,up
gene-Tet,85.39769329810646,-2.42690846107724,0.708331484891147,-3.9850721749747455,6.745961795271587e-05,0.0004416679412722,down
gene-LOC142981750,323.6238204633417,4.8140274675358805,1.6379850997004726,3.984375456602345,6.765782923727633e-05,0.0004426817070672,up
gene-LOC142987250,1428.9754935526446,2.5499895738140848,0.7571941236844043,3.9837313987383767,6.78415490608354e-05,0.00044359941785,up
gene-LOC142985607,2294.1422933543126,1.9291054841243744,0.5442999833194393,3.9833188644384703,6.795947386262825e-05,0.0004440860113417,up
gene-Mettl5,310.3654177491104,1.4665885513033046,0.3959157595055123,3.981538357609247,6.84706684968188e-05,0.000447140187682,up
gene-LOC142974728,3071.630550583474,2.714269783235512,0.8061969151177759,3.981376884571076,6.851720791845826e-05,0.0004471580186852,up
gene-OXA1L,554.9885726150063,1.6127080337347357,0.4413109330355622,3.980969346986551,6.863480068217996e-05,0.0004473697279872,up
gene-LOC142974960,808.8168954772449,2.1912206170366355,0.6331095942633765,3.9809606676095433,6.86373071449004e-05,0.0004473697279872,up
gene-Rpb11,486.6494209456711,1.4469509114737409,0.3899355985537254,3.980331594874445,6.881920389994544e-05,0.0004482690582046,up
gene-Bcs1,306.84902341510127,1.953258054508758,0.5522214020549163,3.979312764064408,6.9114767269425e-05,0.000449907161683,up
gene-LOC142972243,265.71941672381405,-2.9328528032745598,0.8954365292671848,-3.9776678784608936,6.959448558959781e-05,0.0004527411819076,down
gene-LOC142972740,20.44000602092653,4.047168726818821,1.3074739750945914,3.977093149594378,6.976284223973984e-05,0.000453547344421,up
gene-LOC142982119,815.1217719050491,3.9208617419019753,1.275324607249668,3.9759688383002953,7.009330410834156e-05,0.0004554057002125,up
gene-LOC142981904,1442.0623064798222,7.440451167647825,3.1736015549841503,3.97562584569347,7.019441224854007e-05,0.0004557724973415,up
gene-LOC142974328,2616.005776232015,2.3101330900910324,0.6752341212941856,3.971495691868711,7.142279258032512e-05,0.0004634535561776,up
gene-LOC142987162,1835.4166590402983,2.2331162350230827,0.6486398969987313,3.9698191684975024,7.192719931103984e-05,0.000466430065672,up
gene-LOC142984672,217.0321452539904,-2.149735772429588,0.6215425037516991,-3.968248387788479,7.24028477076407e-05,0.0004692164232075,down
gene-LOC142972513,71.04997056723414,5.394246412939295,1.894731820985242,3.967517072841335,7.262531092781198e-05,0.0004703594851777,up
gene-Psat1,9601.144245571428,2.4782130297541944,0.7354282365743776,3.9668058467177767,7.284228321317911e-05,0.0004714655578674,up
gene-CLIP3,1158.2949028979565,3.099031185666087,0.9610269379663344,3.9666211942051306,7.289871494489587e-05,0.0004715318019281,up
gene-LOC142976629,3869.870126916499,-3.0116784502902973,0.9341445953012284,-3.9623921337693377,7.420253465982887e-05,0.0004796613497611,down
gene-Hr3,186.15159261636344,-3.922976466864593,1.25811230248141,-3.9615098332707066,7.447731425508335e-05,0.0004811328775959,down
gene-hwt,740.331920181649,-2.225037608287848,0.6494680421627556,-3.960083729363607,7.492348917131787e-05,0.0004837090790459,down
gene-LOC142979008,404.298543545546,-1.6266586242973324,0.4494231182916088,-3.957305205942546,7.580005571711431e-05,0.0004887499486447,down
gene-LOC142982147,72.69613904174018,-1.933328081467357,0.5511963424556047,-3.957331141790437,7.579182884023724e-05,0.0004887499486447,down
gene-LOC142981160,147.60264077596176,2.335554620072757,0.6886966242960401,3.957133087760565,7.585467317656179e-05,0.0004887933390865,up
gene-LOC142986278,1062.777827740894,-1.0513767469827684,0.275754261324885,-3.9567078850876873,7.598976032328084e-05,0.0004893548792553,down
gene-Lamtor5,1956.0308972075889,1.9986712359645376,0.5721244394415477,3.955970317191559,7.622462578887743e-05,0.0004905578533588,up
gene-LOC142972328,291.1143944231931,1.3095038739122484,0.3508925898907809,3.955102283100419,7.65019151718313e-05,0.0004920321664517,up
gene-LOC142981996,168.10881256626416,-2.659576393739702,0.800007442510775,-3.954945298780258,7.655216480650276e-05,0.0004920453061586,down
gene-LOC142981640,11023.272541693415,2.171767730889621,0.6325319522674808,3.954000075829126,7.685538467492896e-05,0.000493683392937,up
gene-SPoCk,168.85261742096205,-2.342005043895005,0.6914890112472117,-3.952684544657985,7.727928700102619e-05,0.0004960941398864,down
gene-LOC142978177,1135.1528544175378,-1.2380549103740266,0.3308228308364364,-3.949432742339538,7.833661774244407e-05,0.0005025655922672,down
gene-Trax,359.19833591533444,1.9360746242523492,0.5516828312737669,3.948513446934508,7.863799948282597e-05,0.0005041708903943,up
gene-PGAP5,1748.852213554452,1.956775395568287,0.5588906805169734,3.948368465039616,7.868563029276458e-05,0.0005041708903943,up
gene-Npc1a,2006.2956311329235,-1.9693589326333207,0.566308548271196,-3.945777084894124,7.954158901021928e-05,0.0005093356330158,down
gene-LOC142981169,298.6902328230844,1.2231878910607092,0.3260469100425185,3.945387935799052,7.96708865027947e-05,0.0005098437232188,up
gene-Rpn2,4585.878092372155,-1.733690426108785,0.4868243096484367,-3.9439103570709975,8.016363398637139e-05,0.0005126755714905,down
gene-ND-42,3463.525808220576,1.5954842868663537,0.4408599325467115,3.9432912705823937,8.037094402737841e-05,0.0005136795401925,up
gene-spri,256.2658597271472,-1.7052728799940806,0.4773834147363295,-3.9428939242702254,8.050426807715997e-05,0.0005142096772613,down
gene-LOC142979079,413.51429373800016,-1.7010288169837968,0.4764412284158985,-3.942689663761767,8.057288619220367e-05,0.0005143261096709,down
gene-LOC142977702,34.50429873860838,-3.150592703943623,0.9860520276456,-3.942127337934259,8.07620764512446e-05,0.0005152115714611,down
gene-Spase25,2441.0549932826743,1.955625477936428,0.5600927486623465,3.940781276127992,8.121665577317135e-05,0.0005175839725955,up
gene-Aptx,130.96541080490442,2.2404853803694325,0.6589438546138954,3.940725984241009,8.123538004291935e-05,0.0005175839725955,up
gene-LOC142974715,368.0870967518624,-1.8188429305214535,0.5146921402802594,-3.9403842053397335,8.135121203649431e-05,0.0005179986408337,down
gene-LOC142982552,632.0146420192342,-1.2478906693626657,0.3345337679401915,-3.9400373460836735,8.146892540819792e-05,0.0005184247641156,down
gene-wkd,205.79242149202332,-1.7244478666233098,0.4839903009133974,-3.9395544598743255,8.163307025058784e-05,0.0005191036981586,down
gene-LOC142980306,19.253041146244477,3.355024729216233,1.0724770106909245,3.939424403122245,8.1677333128518e-05,0.0005191036981586,up
gene-LOC142983988,3351.75214635305,2.6839873889672847,0.8182624909668812,3.939135017286611,8.177590269212966e-05,0.0005194067447284,up
gene-stx,793.3202289316245,-1.4219509984803802,0.3880830092436587,-3.938561961686524,8.197142669695001e-05,0.000520324845955,down
gene-LOC142986792,151.92119755079696,-1.510703240998121,0.4161282448214378,-3.9368719051296863,8.255064277618594e-05,0.0005236758302153,down
gene-strat,156.79113667005416,2.0994725828077345,0.6100064952700153,3.936689273921331,8.261346520183471e-05,0.0005237488442951,up
gene-LOC142981803,50.60597886190889,3.751865443558464,1.2248350149720646,3.9356379847319314,8.297597265146811e-05,0.0005257205169792,up
gene-LOC142972390,971.5861053446844,1.8210691298482256,0.5158523450398481,3.934281746599985,8.34458541493787e-05,0.0005283696236369,up
gene-Noc3,88.29475875186763,-1.852659927554228,0.5250545395263757,-3.932025082428105,8.423327438487465e-05,0.0005330248181316,down
gene-LOC142977633,524.5918294765914,1.8436225521288012,0.5238453830698048,3.9311905913548575,8.4526228589969e-05,0.0005345472213245,up
gene-l(3)neo43,825.2122129902422,1.9163862746460016,0.548550961110961,3.930342574523049,8.482491728551476e-05,0.0005361039818781,up
gene-Diap2,801.6299972769011,-2.56355897697447,0.7774898560337391,-3.929594303837195,8.508930141693214e-05,0.0005374421408184,down
gene-Pi3K59F,252.08950784728992,-2.6614566467507177,0.8123369900002612,-3.92889788670189,8.533606373360658e-05,0.0005386674103456,down
gene-Uxt,127.18780154476931,1.438829162812277,0.3936188063446298,3.927581813248856,8.580423713076485e-05,0.0005412879161889,up
gene-Adat1,48.512800795515886,1.3038282159972423,0.3525960282655536,3.926642059235875,8.614002463426895e-05,0.0005430705567893,up
gene-LOC142980254,374.0428574814511,-2.2607000008356186,0.6689967434706361,-3.925440110427513,8.657130786388285e-05,0.0005454526786213,down
gene-LOC142981743,1115.4878871799428,3.4217913846785493,1.104865252826262,3.924386184314689,8.69511556504385e-05,0.0005475079862578,up
gene-LOC142980128,58.0750744006918,-2.834181092029364,0.8785440307666241,-3.923759386519444,8.717780736505701e-05,0.00054859671996,down
gene-LOC142981258,248.92606881557344,-1.236720781678931,0.3328508739984052,-3.922881900898657,8.749604631643845e-05,0.0005502601015107,down
gene-Psf,991.9475708049434,-1.4254999791511995,0.3901957060946238,-3.921241435003671,8.809394256304297e-05,0.0005536791082148,down
gene-Bmptp-Z,173.6679790231096,-1.780245992695842,0.5049097935806188,-3.9203749449768415,8.841130566296247e-05,0.000555331813478,down
gene-LOC142987603,340.8340840417538,1.531106431466844,0.4233460801990658,3.919399265572749,8.876995354964365e-05,0.0005572416456834,up
gene-MHF1,79.85784533444539,1.3993601428732494,0.3827057185194379,3.918396870645661,8.91398528606302e-05,0.000559219716133,up
gene-trx,265.36003911043525,-1.7910141203807957,0.5095401314233287,-3.917741474017258,8.938249113598538e-05,0.0005603974736025,down
gene-LOC142984224,894.898079051199,-2.4046826155066903,0.7235076953547546,-3.916158318938358,8.99711767027936e-05,0.0005637420507092,down
gene-atos,277.2328237238092,-2.4045822758274964,0.7223636954289817,-3.914595006807516,9.055607629183042e-05,0.0005670588163869,down
gene-LOC142982440,265.7942635553635,-1.6690289736786674,0.4698076362745226,-3.9127009420811145,9.12695362250213e-05,0.0005711760614646,down
gene-Zdhhc8,322.8655585446883,-1.993288434349871,0.5787705785589347,-3.911416382810965,9.175642435234212e-05,0.0005738712152967,down
gene-LOC142978239,4219.111986884002,2.8405978006558263,0.8821413068350659,3.9086541392443865,9.281172302990512e-05,0.0005797608671764,up
gene-LOC142977194,11706.328505650554,3.193964053120692,1.0215181426920903,3.908706204660146,9.279172618496727e-05,0.0005797608671764,up
gene-Ccdc56,333.37885584936043,2.2142058780739324,0.6565318405492069,3.908331914502303,9.293557095177802e-05,0.0005801794328469,up
gene-LOC142976042,61.86708051640114,5.685594260792714,2.098573608060485,3.907011318202185,9.344477809185648e-05,0.0005830017420437,up
gene-Cnep1r2,862.9929836315268,2.6164765806769257,0.804435979783131,3.903528061552481,9.480055293470335e-05,0.0005910991104486,up
gene-LOC142978267,362.3073558812905,-3.4557449195742858,1.1254954771782886,-3.9032183798709337,9.492198411309972e-05,0.0005914949278647,down
gene-LOC142979173,250.4592704637044,1.382083242256494,0.3784307260420797,3.9024475961548655,9.52248588840204e-05,0.0005926586186763,up
gene-LOC142974702,203.8568594384893,3.538215243994534,1.1637232978316558,3.9024713162740783,9.52155246135604e-05,0.0005926586186763,up
gene-LOC142980718,117.75142857938776,-1.9648070567303093,0.5674552593466933,-3.901634862549992,9.554520589791468e-05,0.0005942900162096,down
gene-LOC142986153,168.18767322662436,-1.6265369785466175,0.4570112858552209,-3.901465019251936,9.56122797450569e-05,0.0005943450300595,down
gene-LOC142982196,127.44741593068606,-3.196721798703295,1.023767014735181,-3.90124255036742,9.570020354463664e-05,0.0005945295055265,down
gene-LOC142973942,410.1048506066682,-2.6209175613829268,0.8075695294690646,-3.899447001291177,9.641263755912311e-05,0.0005985911140912,down
gene-LOC142982223,583.4395621715308,1.3182914786496147,0.3593665027499749,3.899153127128422,9.652971611648696e-05,0.0005989536853501,up
gene-swi2,89.9518062522373,2.3732289721448003,0.7162849445268022,3.8981146289635538,9.694452686274396e-05,0.0006011620812199,up
gene-psidin,50.255549157085945,-2.6314719122512638,0.7979781116487208,-3.89748881122093,9.719531141578306e-05,0.0006023512711723,down
gene-Wdr81,225.35795627208475,-1.699515737802267,0.4823946855200903,-3.896599677550869,9.755266833517255e-05,0.0006041990811268,down
gene-Rcc1,373.89799055653856,-1.4963984677177364,0.4169393207161835,-3.8950651406406704,9.81723427265238e-05,0.0006076683457911,down
gene-LOC142980679,9319.975220555072,2.7660927580547505,0.8613744879424832,3.892761443087619,9.910959964623957e-05,0.000613097990054,up
gene-LOC142975158,214.43489815607063,-1.9638961633006835,0.5735680301640721,-3.891241935335634,9.973242641914622e-05,0.0006165771510964,down
gene-LOC142985757,75.67087916607711,1.6768788705240896,0.4753468890720681,3.888548486755028,0.0001008455256162,0.000622327859713,up
gene-Amun,1971.952345833055,-2.3277279833728675,0.7028924763654506,-3.8885639151408578,0.0001008391163915,0.000622327859713,down
gene-Tango14,660.4182371406532,2.5429186044696537,0.7811017862836364,3.888817822512399,0.0001007336939903,0.000622327859713,up
gene-Stt3A,298.0738669609131,-1.867523799977599,0.5389887337629042,-3.887958382523352,0.000101090954182,0.0006234654799613,down
gene-Usp32,922.2574957063058,-2.422757521848448,0.7383382123228558,-3.886331482423616,0.0001017705167598,0.0006272775752218,down
gene-PrBP,638.5547364819819,-2.4577145565257106,0.7511622499434115,-3.8852266489233385,0.0001022344659739,0.0006297569065757,down
gene-LOC142972194,1110.285677318089,-3.0628606531495866,0.9805267005095862,-3.884671301270445,0.0001024684245693,0.0006308173761035,down
gene-LOC142984437,150.20363221725913,-1.8244737741263577,0.5256099774597047,-3.88360138500998,0.0001029205875517,0.0006332190700065,down
gene-Wdr62,190.41056342808963,-1.8181152443509272,0.5248094974836246,-3.880664149467416,0.0001041716090554,0.0006405298877285,down
gene-LOC142972904,258.2527337387981,2.265958833930216,0.6821683403812978,3.880096905144845,0.0001044148561341,0.0006416390346546,up
gene-LOC142975459,140.4056646620871,1.4480744798514291,0.4026054457847267,3.8790831781838544,0.0001048509004852,0.0006439308912474,up
gene-LOC142976150,173.82654146624995,-1.9117716053065748,0.5572308705810743,-3.877766991946975,0.0001054196089786,0.0006470342446454,down
gene-BCL7-like,176.39476279981068,1.4972209746614635,0.417844563331094,3.877193934599249,0.0001056681287839,0.0006481698260205,up
gene-LOC142981841,1605.9180878357422,2.680484584630459,0.8372122498428436,3.875931462966683,0.0001062175813075,0.000651148860304,up
gene-Rpn1,2837.9098549083046,-1.6608450137904305,0.4731520915484212,-3.8756892742724833,0.0001063232943318,0.0006514056814193,down
gene-LOC142978927,531.5424805997238,1.2712367383238825,0.3476794149547418,3.8735978478958537,0.00010724032114,0.0006566298487559,up
gene-SMC3,362.7217412487429,-1.2436658588023302,0.3397562784712589,-3.8733926058113672,0.0001073307145618,0.0006567893306549,down
gene-LOC142987163,483.307550045631,4.011513091701115,1.385798326008149,3.872308800882053,0.0001078092410363,0.0006593223027311,up
gene-LOC142976737,40050.47158272156,3.306447499943252,1.0217989222352653,3.872060680408964,0.0001079190751353,0.0006595988023392,up
gene-Ssrp,205.4933575432192,-1.5108762526287074,0.4238527613290064,-3.871035608524695,0.0001083739580436,0.0006619826389895,down
gene-LOC142973660,195.84692551727937,-1.617852568902448,0.4585358086087714,-3.8700610486625817,0.0001088081028975,0.0006642370252844,down
gene-LOC142973561,592.0204282794841,-2.083917844833579,0.6198266284722866,-3.869443078603924,0.0001090842444593,0.0006655247359215,down
gene-Rabex-5,1426.021002276783,-1.8284731550863924,0.5310340057272976,-3.868764494256992,0.0001093882332794,0.000666980703156,down
gene-LOC142977458,277.53946535044844,1.252762286261912,0.342492555919868,3.867803213740189,0.0001098202311866,0.0006691497277021,up
gene-l(1)10Bb,361.3059098957242,1.372801289221068,0.3797362091785804,3.867681419188048,0.0001098750802026,0.0006691497277021,up
gene-Tis11,1603.603397671796,-2.3693529154643547,0.7242354572793138,-3.8673381351522034,0.0001100298140077,0.0006696924934867,down
gene-mtTFB2,141.5913895945773,1.5379911256564438,0.4324073335401545,3.8661737814270944,0.0001105561739942,0.0006724951537303,up
gene-LOC142975378,292.24904753162315,1.2113220499636126,0.3300062681424587,3.862132223096776,0.000112401700376,0.0006829072355584,up
gene-LOC142975045,31.6361847522832,-2.2719561006614537,0.6811648693099747,-3.862180291391404,0.0001123795808388,0.0006829072355584,down
gene-LOC142985344,35.641991027516106,-2.49239017936072,0.7629955424789732,-3.861798135177738,0.0001125555507692,0.000683435161631,down
gene-LOC142976727,24.857844003066123,3.3798800591505365,1.0910207246047496,3.861639969782411,0.0001126284565703,0.0006834712581532,up
gene-Glut4EF,185.6270386424609,-4.012067990209845,1.3748055993648136,-3.860799441220253,0.0001130166432912,0.000685419416562,down
gene-LOC142979995,83265.88887746572,-2.8590536228563472,0.9214948504815236,-3.860166254707581,0.0001133099049595,0.0006867899049421,down
gene-E(Pc),172.6031859582902,-1.3807136805275293,0.3842626714311088,-3.859019943657312,0.0001138426481689,0.0006896094420539,down
gene-Prosalpha5,3202.013702922474,1.1720149174810994,0.3187775515299338,3.858790363075515,0.0001139496283456,0.00068984807623,up
gene-crc,11683.693962924845,-0.9346169589058472,0.2496159465851607,-3.8581921466580575,0.0001142288314088,0.0006907190060365,down
gene-LOC142981342,575.1725220878293,-1.307600763540157,0.3609490463744852,-3.8582201632162025,0.0001142157409679,0.0006907190060365,down
gene-RpII15,762.1712435082482,1.672298456689146,0.4782065511516414,3.857522711940008,0.0001145420388946,0.0006922028365883,up
gene-fabp,174407.71349688552,2.9204771104105096,0.9354504957722912,3.857164103287054,0.0001147101536156,0.00069280860234,up
gene-LOC142980532,172.2749012983543,-1.634520614638017,0.4659512931185648,-3.8565089260298873,0.0001150179000087,0.0006942564786452,down
gene-LOC142975922,47515.99921117382,1.3091039273081395,0.3563767307435738,3.8562966497613727,0.0001151177761969,0.000694448665273,up
gene-LOC142986697,356.9914398725629,-1.39418162246821,0.3886836923968313,-3.854543797538245,0.0001159456268212,0.0006986168907701,down
gene-LOC142977004,372.0800888675572,3.278984296400502,1.0840438418122946,3.85461030610246,0.0001159141134314,0.0006986168907701,up
gene-LOC142981939,629.4988717313335,3.708253123585469,1.260497441511254,3.854234382747644,0.0001160923414052,0.0006990882175357,up
gene-kon,80.16919674428651,-1.6397145266566993,0.4671394727077987,-3.853543662680524,0.0001164204906537,0.0007006509127966,down
gene-LOC142980022,290.6628923706847,-1.57896141464706,0.4492680797319995,-3.853126126864808,0.0001166192787567,0.0007014336937358,down
gene-Gp150,27754.001130470704,-2.193535161795047,0.6661446993079885,-3.852114277588127,0.0001171023471324,0.0007039244153007,down
gene-LOC142974963,51.89806878990322,-3.115616237427474,0.9988618596323392,-3.8518861654901313,0.0001172115107973,0.0007041659156611,down
gene-LOC142984310,198.0061271075569,-1.6294468533899062,0.4660979048274533,-3.851264146653521,0.0001175096674218,0.0007055031747824,down
gene-Rpp21,36.89355304452145,2.3817109929523417,0.7316610057639279,3.8511335822082704,0.0001175723425399,0.0007055031747824,up
gene-E2f1,164.1513717161552,-1.6228358681760489,0.4632996769244355,-3.849690354000416,0.0001182672416423,0.000709256013774,down
gene-mRpL44,430.6458818300391,1.5917624474073309,0.4527667926965781,3.848869771978145,0.0001186640683513,0.0007112179363839,up
gene-LOC142974126,75.25414685520337,2.714843024260099,0.8626713688772498,3.8461284775849465,0.0001199988579905,0.0007187959762379,up
gene-Naxd,471.613208153736,1.937640825635757,0.5720598970943553,3.845506807341244,0.0001203035243505,0.0007201982833114,up
gene-LOC142975841,219.38836410689865,-1.2842854109827384,0.3551068667646446,-3.8451936803413065,0.0001204572567757,0.0007206558806893,down
gene-Syx18,461.2737414362529,1.3773933890394288,0.383742885107385,3.844919999002994,0.0001205917746857,0.0007206558806893,up
gene-xmas,385.83719056412656,-1.830815982592108,0.5356539375733859,-3.8450431840893766,0.0001205312101073,0.0007206558806893,down
gene-LOC142982451,451.3003416732374,-1.595926526491403,0.4552939263169807,-3.844267650265796,0.0001209129838857,0.0007218895440165,down
gene-pns,94.37076977852114,-1.745283349898088,0.5054632858313138,-3.844213544723264,0.0001209396610432,0.0007218895440165,down
gene-mrj,1175.8632997001089,-1.3517226599234644,0.3759522156039415,-3.8428172361056254,0.0001216300444454,0.0007255861272092,down
gene-LOC142981947,488.5797474018677,-4.799192170642009,1.7235821045751432,-3.841658545237316,0.0001222057606144,0.0007285947421677,down
gene-knk,32.212791874880246,-8.887950421974148,3.0062367567322914,-3.841282386775883,0.0001223932133677,0.0007292863565934,down
gene-LOC142980604,1800.0573672933008,3.019746413101128,0.9831965609695276,3.840906791933196,0.0001225806556933,0.0007296588449606,up
gene-LOC142973383,14.458653270260603,3.035850012771573,0.9793444633925952,3.840870665841321,0.0001225986988446,0.0007296588449606,up
gene-aspr,103.11130657473824,4.137380286537773,1.4632232823017135,3.840406496374477,0.0001228307508274,0.00073061391241,up
gene-Pdp1,180.72121535585657,-1.942866887144284,0.5772784095290908,-3.8381109756860807,0.0001239844492702,0.0007370467523013,down
gene-LOC142977515,1132.9062185342775,2.065189966613105,0.619182862704153,3.836449245350914,0.0001248259786202,0.0007411860173221,up
gene-nmo,93.3540219915036,-3.175182525207999,1.0414347324985638,-3.836481851580512,0.0001248094145925,0.0007411860173221,down
gene-LOC142984432,1119.8998912757404,2.8247404531976983,0.9074365709253576,3.836243738186533,0.0001249304243542,0.0007413749077811,up
gene-LOC142975024,43.097866262238114,4.00132551609585,1.3919354544962916,3.835959256796791,0.0001250751434308,0.0007418024340491,up
gene-Hakai,274.2362791890877,-1.3041544417690234,0.3620902644072175,-3.835691685757517,0.0001252114042098,0.0007419632035996,down
gene-Dmtn,1324.3899488153347,-2.2538532184382745,0.6904229906500091,-3.83562058872454,0.0001252476339573,0.0007419632035996,down
gene-ND-PDSW,2398.4816136418444,1.732836642295126,0.5025962588214046,3.8331150259067353,0.0001265307514484,0.0007491295707853,up
gene-LOC142987539,307.9048680356953,-2.9862188866917942,0.9724335506883294,-3.8310496887001335,0.0001275977314945,0.0007550087219508,down
gene-AlkB,237.34889920594145,2.513009175883895,0.7867664599177565,3.8306370632765976,0.0001278119129877,0.0007558378886822,up
gene-LOC142979145,6017.931339002246,4.310470401829491,1.5555923797143414,3.826992676535536,0.0001297183726389,0.0007666678804435,up
gene-LOC142983596,1154.3559444638715,1.1755092783207854,0.3229663976182296,3.82585487107957,0.0001303190523473,0.0007697723190447,up
gene-Taz,806.625996925594,-1.663515941716913,0.4820388245575067,-3.8215137655700726,0.0001326350088531,0.0007829991528999,down
gene-LOC142986127,586.1667322661764,-1.117056640882344,0.3061543320126277,-3.820875328206416,0.0001329788651561,0.0007845753044211,down
gene-LOC142976292,4492.262100442217,2.398214196001019,0.7634978710750521,3.819923853821233,0.0001334928792512,0.0007871529858566,up
gene-LOC142973622,176.5033154499918,-2.055774825001828,0.6203926372267096,-3.8193949474622815,0.0001337794187856,0.0007883871406146,down
gene-LOC142980481,3822.760789110013,2.4428962424366163,0.7626439242324065,3.81755862911438,0.0001347787650117,0.0007938181503031,up
gene-Ccm3,1090.075473059767,1.0586331063975865,0.2884331644380946,3.817138325900941,0.0001350084860543,0.000794712581982,up
gene-LOC142976014,235.06625263478304,-1.7155758931585166,0.5003736730675639,-3.816489526475888,0.0001353638183896,0.000796344953489,down
gene-LOC142976113,142.521035769411,-2.408861268813678,0.7488372779939927,-3.815724659535505,0.000135783849789,0.0007983558495372,down
gene-LOC142978777,485.4915642996901,-1.9936089074045844,0.5989999437756593,-3.8148067721456105,0.0001362895342476,0.0008008677467273,down
gene-Pitslre,1508.0251930424622,-2.573030378990277,0.8157040080224158,-3.813624010904681,0.0001369437598227,0.0008042491119165,down
gene-Pi3K68D,957.8207210922776,-1.788237542500183,0.5271171693978848,-3.8131355669893767,0.0001372147970031,0.0008053774772921,down
gene-cyst,63.47823139190785,-2.2692275724991933,0.6977673430614157,-3.812905612012345,0.0001373425737384,0.0008056641667522,down
gene-LOC142980729,388.95530153307095,2.377914252099584,0.7416787824943497,3.811944946674054,0.0001378775900828,0.0008083380597218,up
gene-LOC142987190,482.517730690859,3.442139363897931,1.1776592019124423,3.810713137387099,0.0001385664855761,0.0008119105156579,up
gene-LOC142977386,404.63020920014606,2.459164961350021,0.7730380863956337,3.8080239639313143,0.0001400817008155,0.0008199483925388,up
gene-LOC142977255,300.8829124968058,2.750530394616765,0.8906381556406041,3.807993506032569,0.0001400989513655,0.0008199483925388,up
gene-Surf1,529.1434691543558,2.1965319635816405,0.6747415394919053,3.805639552859632,0.0001414382380041,0.0008273123755348,up
gene-Rich,128.56343598249762,-2.3395440707742443,0.7285809796466312,-3.8041586470668967,0.0001422869719631,0.0008318001848954,down
gene-dpa,25.2985385389098,-3.8081834662660583,1.2404527295772596,-3.803527246174622,0.0001426502958032,0.0008334468055314,down
gene-LOC142979544,118.19958504022031,-1.7410615549761297,0.5108324060465719,-3.802879517961854,0.0001430239225749,0.0008351517035026,down
gene-SmF,327.04739448034184,1.9558058510986305,0.587117214974367,3.801309123083987,0.0001439335972896,0.0008399829774359,up
gene-sloth1,162.25482607729643,2.228319104658761,0.6883931655198534,3.79881984227916,0.0001453867219783,0.0008479784407048,up
gene-Ada,421.6056795540776,1.662032864452683,0.4846676542610022,3.7941689927318905,0.0001481387579346,0.0008635364376009,up
gene-LOC142984783,101.08287858033816,-2.251632462093015,0.7016129932168471,-3.793038239924048,0.0001488152287678,0.0008669846118912,down
gene-LOC142977333,474.73004807172816,1.0741191110808426,0.2952200403552845,3.79242971843336,0.000149180478327,0.0008686167383251,up
gene-mRpL48,334.73371240940816,2.0728106927901635,0.6309186931195034,3.79220051902017,0.0001493182681359,0.0008689233539702,up
gene-LOC142981333,804.6959657824301,-3.137454195428653,1.0522673029762628,-3.7918348663367136,0.000149538338832,0.0008697081620848,down
gene-Trim9,113.4081204091857,-2.622836222881892,0.840731168922126,-3.79039412248298,0.0001504084363999,0.0008742704500763,down
gene-Gli,278.0229810940531,-2.4992669548823745,0.792962616111363,-3.789937259287655,0.000150685340172,0.0008753814838565,down
gene-Rrp4,211.67749006491752,1.6659512015519509,0.4864922140261228,3.789562407080036,0.000150912895621,0.0008757066092123,up
gene-LOC142976283,2506.906353754775,3.9921698317107626,1.4422338776811654,3.789655189158649,0.000150856541802,0.0008757066092123,up
gene-LOC142983921,168.19521908797438,1.9077299958624752,0.5727065854142825,3.7872923327101824,0.0001522978793864,0.0008832411675554,up
gene-Naxe,904.2756781418476,1.5857299261829736,0.4594999744240549,3.7869626564909487,0.0001525000087034,0.0008839111804859,up
gene-pds5,331.270818067235,-1.4752198453887668,0.4232591086849294,-3.7859532354864016,0.0001531204709671,0.0008865006506871,down
gene-retm,231.9431666888238,-2.750382575351127,0.8939483792726074,-3.78601577019754,0.000153081963723,0.0008865006506871,down
gene-RpL7A,26414.202723088223,1.2536293655393669,0.3501138564231742,3.7854322447161066,0.0001534416380972,0.000887856462618,up
gene-LOC142981527,1788.8062821655392,-1.2404274391502104,0.3475191612935567,-3.783951030166668,0.0001543582071613,0.0008925847073694,down
gene-NKAIN,129.275503068572,-1.853849962286216,0.5547242080625524,-3.783829428656564,0.0001544336821019,0.0008925847073694,down
gene-Zip99C,913.1141862260428,-2.066112148286529,0.6326289537191748,-3.7831980969100742,0.0001548260921846,0.0008943463061285,down
gene-snRNP-U1-70K,217.6631058048104,-1.4683541550137675,0.4215409906904631,-3.782635570356263,0.0001551765262443,0.000895357152841,down
gene-anne,122.82877008571502,-2.737476180403661,0.8909566710103677,-3.782637331524935,0.0001551754279347,0.000895357152841,down
gene-LOC142977217,29866.340636976573,4.175046760942862,1.5002220550011127,3.782069522547798,0.0001555299074061,0.000896382701804,up
gene-LOC142977338,29866.76679891338,4.175072223111294,1.5002223329386202,3.782083318002388,0.0001555212859667,0.000896382701804,up
gene-LOC142986602,337.15417428732627,1.6179489929794597,0.4715388464994062,3.781559424211684,0.0001558490082692,0.0008977149138852,up
gene-LOC142979508,1503.74832297825,1.890198034153956,0.5671664957776167,3.7789144990500345,0.0001575134917072,0.0009067908685029,up
gene-LOC142979487,86.24111635371871,3.112906516464069,1.0522487431512535,3.77840908955151,0.0001578334499764,0.0009081206448195,up
gene-LOC142980905,2377.95833252504,2.1298372556618057,0.6566584961391027,3.776469252266248,0.0001590671857218,0.0009147035293876,up
gene-LOC142978140,792.4856869028587,1.3734186713771086,0.3905068656471511,3.7762714895292286,0.0001591934712416,0.0009149142798216,up
gene-LOC142981424,111.63856416719013,-1.7579910837394837,0.5216455444493385,-3.7754837516206106,0.0001596974347178,0.0009172941565361,down
gene-rt,39.61191036965758,-2.0861512521825927,0.637425921283197,-3.7741025030901976,0.000160584728826,0.0009218719500153,down
gene-Arf102F,2905.728842299615,1.1554908072280958,0.3218466537435838,3.7722199410124646,0.0001618015315901,0.0009283351506128,up
gene-LOC142973202,4388.0807078155,1.551195467520334,0.4512639416927014,3.770237613136451,0.0001630921928554,0.0009352146137502,up
gene-LOC142972533,42737.16561822312,2.8277555774196297,0.9321564866323176,3.769728950924673,0.0001634249328076,0.0009365964565791,up
gene-ATPsyndelta,5320.021535405174,2.228461201694155,0.6961605353556041,3.7687595503433617,0.000164060832768,0.000939713198689,up
gene-LOC142974769,77.63801159028822,3.650283488677823,1.291571455342348,3.767846066887869,0.0001646621824634,0.0009426286575457,up
gene-LOC142980304,1251.7549523067407,5.417023275674925,2.2468225740420253,3.766038867318095,0.0001658579836312,0.0009489419500698,up
gene-LOC142979809,243.0814554757176,2.653025699779912,0.8644675455684644,3.7653752810460097,0.0001662991173978,0.0009509328242464,up
gene-heca,999.7562936196992,-1.492213121625387,0.4321892824752686,-3.764430199427048,0.0001669292872489,0.0009540018112821,down
gene-Ago2,5970.499593004388,-1.3305633836435071,0.3787681481459607,-3.762792260100011,0.0001680267704918,0.0009587858445645,down
gene-LOC142978904,558.8062826683553,1.6562534572445595,0.4871351392046123,3.762849545842281,0.0001679882725369,0.0009587858445645,up
gene-Tao,77.90988231648535,-3.3861894418841043,1.160209353174466,-3.762760392693649,0.0001680481900583,0.0009587858445645,down
gene-RpL7,26730.362933229288,1.3657606365346775,0.3886824365238265,3.7623943593741975,0.0001682944023432,0.0009596541702333,up
gene-LOC142985618,26448.82670205744,3.992738744109804,1.4443058480282929,3.7622284866870017,0.0001684060882881,0.0009597548538007,up
gene-heph,147.18641925797763,-1.491133244818501,0.4319126719826906,-3.761091467754704,0.0001691735486921,0.000963590631418,down
gene-LOC142984499,1389.8916812892928,2.7192327264399365,0.8948649411237654,3.7605304347059727,0.0001695534435055,0.0009652158381824,up
gene-PH,86.59812179142936,-2.8250101514904635,0.9270313648511308,-3.75888635918279,0.0001706713302022,0.0009710380531627,down
gene-Ack,120.52036067356356,-1.560626170056017,0.4572462146675642,-3.758042433909836,0.0001712478449709,0.0009737753502052,down
gene-LOC142985071,162.4144597411222,-1.1063719895252313,0.3082073677699955,-3.7566515227510826,0.0001722020238396,0.0009786559339259,down
gene-Ubqn,819.9488799746623,-1.5175367836844096,0.4421603879283288,-3.755821948888861,0.0001727734979862,0.0009813573143824,down
gene-Urod,636.7970622583398,1.845249944969502,0.5562384655306833,3.755600006937249,0.0001729266907997,0.0009813929723364,up
gene-Nedd8,2779.2626645182536,1.8469762962789067,0.5577194133429106,3.755534292681909,0.0001729720737957,0.0009813929723364,up
gene-Syx5,1246.7828535811789,1.108508175206101,0.3088165827029909,3.7548603465959975,0.000173438155447,0.0009834906959153,up
gene-asl,169.096089083222,-1.7650694759656216,0.5282626522091464,-3.754420791125341,0.0001737427754333,0.0009835787625337,down
gene-Chrac-16,63.10443899028127,1.8463957400736213,0.5555636597625279,3.754547797962034,0.0001736547057204,0.0009835787625337,up
gene-LOC142982732,320.1968803822561,2.243360378843145,0.7054295732342779,3.754470708387905,0.0001737081565474,0.0009835787625337,up
gene-LOC142972368,601.1979043083146,1.6392813100710972,0.4835463005678962,3.750870068488609,0.0001762220055625,0.0009970609815836,up
gene-LOC142987345,818.1353443208613,1.2539154556634868,0.3549378449899624,3.7489139491040895,0.0001776020056668,0.0010043122835688,up
gene-CycJ,466.1217832447151,-2.3219691297110554,0.7389820746626035,-3.748111860495751,0.0001781707942824,0.0010069708179627,down
gene-Mrgn1,161.89476754545996,-2.437880618593678,0.7841168438351592,-3.747820879283277,0.0001783775621436,0.0010075815034865,down
gene-Mctp,65.79895041505324,-3.249619501137606,1.105887560752195,-3.747563973882559,0.000178560303651,0.0010080558735435,down
gene-Tmep,3624.199964227913,-1.37613715595397,0.3960169568766636,-3.747160359849757,0.0001788477572542,0.0010091205407929,down
gene-loco,142.84141479235618,-2.1788433124704434,0.6826794605420009,-3.7466308064535374,0.0001792255647615,0.0010103028029074,down
gene-LOC142976161,2144.1385742283583,2.749928698351632,0.912389183283001,3.74658923727267,0.0001792552538518,0.0010103028029074,up
gene-Pa1,156.35584474572912,2.456740461060821,0.7938452314668221,3.745826498897463,0.0001798008301313,0.0010128184730412,up
gene-LOC142982776,48952.37951958799,2.806106058681193,0.9273035117057412,3.744657013896224,0.0001806403797021,0.0010169864068504,up
gene-EMC10,841.6455350240475,1.845755313615547,0.5590185905920222,3.742168255099094,0.0001824392922097,0.0010265478806971,up
gene-LOC142975011,590.1994113648921,-1.5132361620704822,0.442696779102011,-3.741036808813574,0.000183262675535,0.0010306127433535,down
gene-l(1)G0020,77.67130372051416,-2.6974757766763715,0.8816115819629978,-3.7393507477343606,0.0001844961510436,0.0010369780912461,down
gene-mRpS31,628.6934522759607,1.3070051315836426,0.3733398048366708,3.7353015777442953,0.0001874903636111,0.0010526480425624,up
gene-LOC142981595,1191.834233120009,3.820817618208879,1.4026982898240723,3.7353553996957527,0.0001874502664365,0.0010526480425624,up
gene-LOC142974251,168.42799274946597,2.28941236191217,0.7293958314171705,3.734907479384643,0.000187784211313,0.0010537182214799,up
gene-Nop60B,327.2286249797939,-2.414678407179013,0.779566552875945,-3.7336781715628393,0.0001887035915905,0.0010582953622884,down
gene-LOC142976918,1675.8398323234444,-1.6287197424109277,0.4836193093579987,-3.733514847874568,0.0001888260567456,0.0010584006376732,down
gene-LOC142983131,53.6408771738727,-2.213111985718865,0.6997403167382147,-3.7288510339582186,0.0001923548152772,0.0010775881446406,down
gene-LOC142983479,120.96885509554996,-2.277105924403954,0.724176740330792,-3.7277147500620766,0.0001932238963676,0.0010814820595555,down
gene-LOC142984110,18.78236077995533,-4.088999484782567,1.326626446772132,-3.727665291428401,0.0001932618082325,0.0010814820595555,down
gene-Dronc,207.60567421023745,-1.7601257626862403,0.5321813512397369,-3.7243499997699536,0.0001958191003703,0.0010945923096825,down
gene-LOC142987839,25.43788649823694,3.320440792982365,1.1636718819370973,3.7244296213659545,0.0001957573123462,0.0010945923096825,up
gene-LOC142973707,569.9352105089171,-2.521569195869613,0.8255037541022509,-3.7239329743518943,0.0001961430202779,0.0010958028505619,down
gene-LOC142981877,1743.9483474351628,2.751268070728214,0.9192991521078048,3.7237071276292,0.0001963186543366,0.0010961840835962,up
gene-Hrd3,529.8299091817117,-1.3730174154294628,0.3977940131882426,-3.721107549252405,0.000198350934953,0.001106598716755,down
gene-Amacr,507.6073099130918,2.1790493373839874,0.6894900840186341,3.721044243614482,0.0001984006712708,0.001106598716755,up
gene-LOC142974899,1596.3444836460394,-1.5224580334102935,0.448705700986436,-3.7198935011952834,0.0001993068013895,0.0011110456153922,down
gene-LOC142977206,1143.487413365976,1.2910391348273256,0.3706836482968984,3.718572374594,0.0002003518912732,0.0011158968491028,up
gene-Nubp1,912.4876979503048,1.4261619650257673,0.4151606050930908,3.718517134496433,0.0002003957014211,0.0011158968491028,up
gene-LOC142978230,78.93319834759558,1.5477047228961038,0.4565485488821891,3.718304106908122,0.0002005647349106,0.0011162291435297,up
gene-LOC142979991,35284.439269417286,-2.8286259892262886,0.9622194560843416,-3.718137293146455,0.0002006971920802,0.0011163576237402,down
gene-pyd,22.384985630760116,-3.1568332031837,1.030384007704313,-3.717773541861455,0.0002009863110041,0.001117356904368,down
gene-LOC142978428,250.97433471587263,2.543300295220283,0.8386637288656394,3.716186560024802,0.0002022522687133,0.0011237827472818,up
gene-LOC142984495,172.069692874828,-1.201261882640294,0.3432596400464672,-3.715239604971956,0.0002030112325866,0.001127386099571,down
gene-bbx,778.7072648056518,-1.9658650513424831,0.6113190208707029,-3.7126191029049327,0.0002051254778341,0.0011379934109891,down
gene-RhoGAP93B,77.21924888128424,-2.1057160099447487,0.6632223323522234,-3.712595887168458,0.0002051443005995,0.0011379934109891,down
gene-LOC142974003,259.85304405821705,1.343389403650976,0.38870833401741,3.711183044740123,0.0002062928581684,0.0011437431848592,up
gene-LOC142978438,586.998762466373,-1.8561448055771568,0.5706858574379602,-3.709773947607063,0.0002074443850853,0.0011495031696884,down
gene-LOC142986421,21.36584563616728,-2.278628436325125,0.7279205984419542,-3.709430915898895,0.0002077256260351,0.0011504370401198,down
gene-LOC142974069,75.53690967835017,-2.515078829131524,0.8185702517036325,-3.7090634682015033,0.0002080272821333,0.0011514829006155,down
gene-LOC142987594,2343.101373875849,1.182914275998148,0.3370470938083811,3.705756595479696,0.0002107606325267,0.0011659803665045,up
gene-LOC142982568,293.2720596312223,-1.196357658788469,0.341691757807904,-3.7043788884530127,0.0002119093223273,0.0011705091692033,down
gene-LOC142978828,256.7036244577683,-1.5533467554658296,0.4620326857519758,-3.704415571191263,0.0002118786613482,0.0011705091692033,down
gene-Atg17,843.4004041855079,-2.679273083876731,0.900098711710777,-3.704362188155089,0.0002119232825206,0.0011705091692033,down
gene-LOC142978852,42.08435787662416,-5.270980584245676,1.792969124234519,-3.703925159504309,0.0002122889127808,0.0011718945012188,down
gene-LOC142975423,1092.8906753520907,-1.6763441074554066,0.5060897263065741,-3.702687445108975,0.0002133276361222,0.001176991990216,down
gene-LOC142978568,204.05677530729076,1.5026118183135349,0.443478323548419,3.702512002299678,0.0002134752580853,0.0011771701562813,up
gene-LOC142981941,473.4889711978655,-2.7785429210011934,0.9403141268480076,-3.702302685459522,0.0002136515080013,0.0011775059082989,down
gene-alpha-Cat,249.15280051358005,-1.7527066427048028,0.533733272612018,-3.699933508284907,0.0002156559626414,0.0011879117165034,down
gene-Tm2,11699.774720750867,2.8264752431803624,0.9624953160720318,3.697216230787888,0.0002179766658646,0.0012000473724275,up
gene-rhea,187.22722618084515,-1.7887622776889034,0.5483242141904444,-3.695600388756324,0.0002193677790929,0.0012070549440442,down
gene-LOC142984477,128.02905395120632,1.3952335017604818,0.4079631768182268,3.694622338883487,0.000220213848247,0.0012110575156559,up
gene-LOC142976508,232.94311474118052,2.3592229578748998,0.7693685070831524,3.694079186163204,0.0002206850285533,0.0012129952000237,up
gene-Hip1,2327.714814491253,-1.8391059078264116,0.5674941851563167,-3.6932701010808464,0.0002213886582129,0.0012162077687726,down
gene-Pi4KIIIalpha,92.1998712693906,-2.9867282483511017,1.0269629921365624,-3.692690248275051,0.0002218942285166,0.001218329419295,down
gene-LOC142985631,170.7051966620877,-1.81694976452068,0.5596733642014294,-3.692304490001763,0.0002222311690757,0.0012195234100842,down
gene-LOC142979763,171.7902537915016,-1.611049776985198,0.4844499977412553,-3.69212884530076,0.0002223847450195,0.0012197104204271,down
gene-Mpk,126.3242190322582,1.6054506857950532,0.4815784502154229,3.691922812463031,0.0002225650179802,0.0012200435760068,up
gene-Rs1,80.92260737032528,-1.947524013907291,0.6065919193740271,-3.691224771944002,0.0002231768041357,0.0012227405474041,down
gene-Lkb1,169.6505287242408,-1.3256642993930632,0.3858695673670512,-3.6909804184148074,0.0002233913365496,0.0012232593198295,down
gene-l(3)76BDm,273.8372435550246,-1.435734866051363,0.4236445477553001,-3.688470725250231,0.000225605977607,0.0012347239750322,down
gene-LOC142982007,199.85069514077543,-2.063041800126741,0.6548440383679343,-3.687535159876812,0.0002264368137191,0.0012386069440683,down
gene-LOC142977526,81.90546163876165,-1.889902782035997,0.585709524563687,-3.686962584398888,0.0002269467095959,0.0012407311541757,down
gene-Gbs-76A,350.92060428197084,-1.8957243118028857,0.5902814885068115,-3.685730582043168,0.0002280475016105,0.0012460818249134,down
gene-pn,386.1205887091113,1.6026081692848495,0.4815386169559563,3.6831370205673513,0.0002303812442245,0.0012574873581817,up
gene-Sdc,57.080506690079325,-2.23437739552584,0.7226900662037699,-3.6831511340320886,0.0002303684841889,0.0012574873581817,down
gene-pck,83.40638515367958,1.396003086650251,0.4101267282957437,3.682401724487149,0.0002310469463637,0.0012604469169077,up
gene-LOC142972572,9516.179185445491,2.3877220015378167,0.7855062130228027,3.6786906894086977,0.0002344343772032,0.0012782434231374,up
gene-LOC142975337,202.31658002074963,-2.1430869584144245,0.6844730204673126,-3.678503904019952,0.0002346061006324,0.0012784967801149,down
gene-Uggt,233.97707702403383,-2.074673616706957,0.6607553178485636,-3.6762308737454097,0.0002367053189166,0.0012892482338221,down
gene-LOC142987506,2347.6314801655967,0.5266248264000983,0.8842963251519449,3.675502444501328,0.0002373817677772,0.0012922430419744,up
gene-FoxP,221.30762560738808,-2.179158454305859,0.7017353865749466,-3.674936640504197,0.0002379084474192,0.0012944197882772,down
gene-mew,641.5793854757519,-1.706995088358065,0.5219150937749685,-3.674357855668091,0.0002384483445903,0.001296666091227,down
gene-Nipped-A,166.18181777814365,-1.7204860514219746,0.526432802028203,-3.673835689816752,0.0002389364130981,0.0012986283112314,down
gene-LOC142973537,249.3791811569035,-2.31297873746385,0.7570278225083144,-3.6715618574257274,0.0002410727126733,0.0013095418724092,down
gene-l(1)G0004,2454.380957742988,1.6552999592362374,0.5023991407201019,3.671294020279862,0.0002413255260411,0.0013102178959051,up
gene-uri,86.30017344208756,-2.092859527086498,0.6640242453376749,-3.670248171715119,0.0002423150936943,0.0013148911011898,down
gene-Mcm3,69.10740154909575,-1.8088412596496728,0.5601825550219177,-3.668863821344583,0.0002436308021879,0.0013213281604316,down
gene-Hsc20,731.6286204895961,2.4024209538938126,0.7945702990903656,3.668642090984126,0.0002438421598705,0.0013217721326597,up
gene-LOC142972946,60.65395735875257,4.475186854208689,1.7781790823565355,3.668171646926503,0.0002442911660341,0.0013235031484665,up
gene-Usp5,536.2902086534456,-1.3024407156903726,0.3810375453408662,-3.66768714922125,0.0002447543960423,0.0013239046742998,down
gene-LOC142972278,1542.7713189614967,-1.5220952872332023,0.4568318239621445,-3.667904873962166,0.0002445461267809,0.0013239046742998,down
gene-Ehbp1,298.92593256696665,-2.158148076205232,0.6963237356226648,-3.667774201134786,0.0002446711047153,0.0013239046742998,down
gene-LOC142980698,1605.132975270153,-1.9072782703841,0.5998324348565718,-3.665827186676645,0.0002465403773316,0.001332858914949,down
gene-LOC142981515,61.55033717838583,1.7071599518546103,0.5222248908783145,3.6652268881438888,0.0002471194030922,0.0013352820261314,up
gene-GluProRS,369.37002379459096,-2.195561951042865,0.7109210329770533,-3.6643761118811424,0.0002479422156887,0.0013383110499921,down
gene-LOC142982655,171.0675105912261,5.220570193089186,2.29551119241078,3.664449169838893,0.0002478714582978,0.0013383110499921,up
gene-cdm,120.32002448476106,-1.9968219277166064,0.6330607065736321,-3.661109315529033,0.0002511255753921,0.0013547773509662,down
gene-Ufsp1,241.1689686299495,1.5744718315897477,0.475173203880544,3.660068473386388,0.000252147859144,0.0013588559653029,up
gene-LOC142976791,13177.94900005692,1.7229029940030467,0.5296093562443139,3.660196321034796,0.0002520220811173,0.0013588559653029,up
gene-LOC142982843,236.04151525550895,3.036797877756274,1.0807866769076424,3.6594302303119295,0.0002527766512474,0.0013615257410462,up
gene-l(3)mbt,53.7707831343977,-2.139929420515935,0.6891349964479087,-3.659139513593227,0.0002530635502942,0.0013616339788369,down
gene-LOC142979427,159.97358270576171,2.80521852141638,0.972956577997251,3.659232965794852,0.0002529712920123,0.0013616339788369,up
gene-LOC142979420,737.3112937667212,-2.04098062404424,0.6527314355701292,-3.657760636127816,0.0002544284844222,0.0013682568706523,down
gene-eIF4AIII,1721.3137162442056,1.00829643682043,0.2867720406809487,3.657610988181947,0.0002545770336934,0.0013683347987936,up
gene-LOC142979129,3400.678762075206,1.5373729328908334,0.4622474188268891,3.657239690093053,0.0002549459571382,0.0013695965181632,up
gene-LOC142973320,289.6897280649443,2.034439877000389,0.6493011504426761,3.655992924920368,0.0002561884200794,0.001375547187665,up
gene-Faah,1257.056363832403,2.7403405816072084,0.9459816378212572,3.655671188365948,0.0002565099668545,0.0013765495434722,up
gene-LOC142974426,1037.634437623142,0.9007779926273434,0.2538316074037637,3.655082073639522,0.000257099715189,0.0013784752094652,up
gene-cass,370.8026972173762,-1.2212867411550392,0.3553222695165996,-3.655042971288257,0.0002571389045578,0.0013784752094652,down
gene-Tmf,128.15838794046172,-1.8889990364872968,0.5927326331945802,-3.654908229761487,0.0002572739888462,0.0013784753827578,down
gene-Edem2,763.733081675241,-1.6790602230824128,0.5156377824962433,-3.653971858535299,0.0002582145816949,0.0013827892105774,down
gene-LOC142975840,1220.5909664220342,-1.5156191192360595,0.4570260829306,-3.65353965579041,0.0002586498198007,0.0013836680873723,down
gene-140up,203.2753407738753,1.7487958897573606,0.5403296407095478,3.653664061162155,0.000258524470277,0.0013836680873723,up
gene-LOC142979777,106.78242814049578,-1.9928302858087197,0.632800661773003,-3.653126015203704,0.0002590670095112,0.0013844486733411,down
gene-l(3)05822,1172.077737018563,-2.2518413848467684,0.7388164254064515,-3.6531714246407327,0.0002590211796399,0.0013844486733411,down
gene-LOC142979710,977.0164788565156,-2.2982540969357337,0.7585940726908136,-3.6525165541723577,0.0002596828496777,0.0013870135252018,down
gene-LOC142984134,320.9691158399397,-1.5864115797742095,0.4817529582795894,-3.651887129039301,0.0002603203035388,0.0013896910764755,down
gene-LOC142982144,603.5689349513024,2.038168990866509,0.6523362317068829,3.6502900897313,0.0002619443042871,0.0013976296465546,up
gene-LOC142972999,409.5776641357755,3.3100793533522017,1.217461693966223,3.649047430999276,0.0002632145075178,0.0014036731861203,up
gene-Cyca,178.28892838713054,-1.172286221469042,0.3406380174725965,-3.647910220874526,0.000264381983014,0.0014069587594494,down
gene-USP,5539.75952639652,-2.0208361397617005,0.6505360985153951,-3.6482865222480254,0.0002639951305144,0.0014069587594494,down
gene-LOC142983149,287.5269883011076,3.337146558412721,1.2226055797369386,3.64796045622606,0.0002643303083913,0.0014069587594494,up
gene-LOC142983150,287.5269883011076,3.337146558412721,1.2226055797369386,3.64796045622606,0.0002643303083913,0.0014069587594494,up
gene-Cirl,44.94547709969333,-2.4633375119388567,0.8266086237307754,-3.646432846398477,0.0002659059266265,0.0014143313147873,down
gene-LOC142977406,51.939358619528775,3.9140345274183335,1.5242381560927205,3.64446791110269,0.0002679455618662,0.0014244376822755,up
gene-LOC142977481,41.65092643156337,5.2329956503758215,2.23941309528006,3.644008582125075,0.0002684244631631,0.0014262407576816,up
gene-LOC142979073,589.577041632048,3.448097589858696,1.2857207989979391,3.643673349810213,0.0002687744863008,0.0014273575346891,up
gene-LOC142978533,1508.0348777198672,3.459914295840139,1.286924610777778,3.642662186094469,0.0002698328569666,0.0014322329542686,up
gene-LOC142972811,341.3168348057787,2.5440657492112924,0.8656572530862562,3.642295295679759,0.0002702178408654,0.0014335309260467,up
gene-LOC142972424,187.88130995988493,-1.8520381374087005,0.5831573540865181,-3.6408437367172897,0.000271746038245,0.0014401411279165,down
gene-LOC142972658,68.36036588989276,10.3241019919886,3.599069668299986,3.64089580665089,0.0002716910793648,0.0014401411279165,up
gene-mRpS24,315.2304183596603,1.7740116380972206,0.5525854267421213,3.6406700120165008,0.0002719294769354,0.0014403654234978,up
gene-LOC142978577,170.7397906653995,1.6617498983369197,0.5107566695929989,3.639811787486832,0.0002728373941064,0.0014444249386123,up
gene-GSTe6,270.26492171602166,2.5580527405349494,0.8728408925685427,3.638240851798724,0.0002745066539641,0.001452508769835,up
gene-LOC142982646,114.93450584806128,-1.651220767298721,0.5064138584500768,-3.637844754212565,0.0002749290514999,0.0014539900666633,down
gene-grsm,1299.011801819682,-2.0515484367004766,0.6644084110185433,-3.637676219454061,0.0002751089612383,0.0014541880721695,down
gene-RpLP0,11606.41610802379,-1.3684541061718944,0.4067396430259245,-3.635722008329551,0.0002772031416062,0.0014644992061982,down
gene-LOC142987595,51.04335588672672,2.061662034461055,0.664812840900044,3.635284527717882,0.0002776739985911,0.0014662278859906,up
gene-LOC142981835,545.8430792248556,-1.328972090840991,0.3943769531513097,-3.6329734128378575,0.0002801738967556,0.0014781715975692,down
gene-LOC142976627,11541.575735794386,-2.1051448593846347,0.6857910501468936,-3.632925877626186,0.0002802255355438,0.0014781715975692,down
gene-LOC142981936,2804.713194900199,2.37636102837181,0.7964867910000551,3.632206482024313,0.0002810081240959,0.001481534050954,up
gene-CSN8,210.42506882329704,1.013300188737552,0.2902743072414722,3.6318318935040415,0.0002814164274657,0.0014829207409103,up
gene-row,282.2870924278713,-1.7112638258527495,0.531375500104641,-3.63105081749888,0.0002822695929572,0.0014866489862305,down
gene-e(r),186.66841905064908,1.316030809788981,0.3891729553837787,3.629103266182006,0.0002844074608798,0.0014971361285202,up
gene-Mthfs,570.9895002573119,1.9050841334995596,0.6048719481795857,3.628415207434001,0.0002851663772528,0.0015003573260928,up
gene-Paf-AHalpha,174.8012031558977,1.426795031835024,0.4280516957703094,3.626826289401,0.0002869261811143,0.0015088385010995,up
gene-MED10,1414.570048742674,1.624345745026581,0.4987151944742262,3.6264902031135207,0.0002872997143186,0.0015100248115602,up
gene-LOC142979065,40.36665165582514,3.194829142791637,1.1648625794226273,3.6235046675567335,0.0002906379565116,0.0015267841596058,up
gene-LOC142979184,3293.2483815549544,1.7834613171942224,0.5591339766681886,3.6226489452520383,0.000291601451645,0.001531057621883,up
gene-Zip71B,1323.5244553511636,-2.1861118015421117,0.7219008762401437,-3.6202132432923073,0.0002943603193117,0.0015447484726043,down
gene-LOC142987613,561.6212875282037,2.400146056232276,0.8093538481986686,3.6198970723864097,0.0002947202268689,0.0015458424232533,up
gene-LOC142976358,5235.269929908559,-2.575169170427423,0.8886978684596891,-3.619291140230864,0.0002954111312174,0.0015486704757763,down
gene-LOC142973321,146.52092218225198,1.4335546514519264,0.4325019331097111,3.617045478621435,0.0002979849628356,0.001560688495523,up
gene-ND-30,2269.101714191649,1.6273886876884447,0.5020811083546523,3.6170242502402674,0.0002980093933353,0.001560688495523,up
gene-LOC142981574,1085.4522171861236,2.2622780189194693,0.75323816486374,3.616506551560658,0.0002986057634381,0.0015630097576476,up
gene-LOC142985598,1030.6397126911845,1.1250897270482625,0.3273475073513643,3.614228581645661,0.0003012432064022,0.0015760068722438,up
gene-LOC142972916,37691.75380000235,3.1794589205433224,1.143413216905811,3.6132867054446343,0.0003023400765286,0.0015809350210695,up
gene-LOC142974638,60.49982948845466,1.720800144150077,0.5367421281892413,3.612570159445448,0.0003031770402285,0.0015844997693869,up
gene-LOC142977398,18.919494586276944,-4.322759902551941,1.4968102761128568,-3.612306624495881,0.0003034854083868,0.0015852996742092,down
gene-CD98hc,1204.7730857463032,-1.4592303051515114,0.4439475734906201,-3.6119642425886185,0.0003038864758265,0.0015865827410547,down
gene-trc,476.01231530270337,-1.6954223574654934,0.5296335299103151,-3.6116012263668495,0.0003043122564534,0.0015871820141137,down
gene-Mif,4068.9197682460263,2.597949214660773,0.913603248776754,3.61170046159854,0.0003041958083009,0.0015871820141137,up
gene-Ppt2,65.29269434366687,-2.0081525542707728,0.6515963076122218,-3.610478099687506,0.0003056331088841,0.0015932569675076,down
gene-Nubpl,1243.863145470326,1.6600447657501989,0.515312344667165,3.609627198310964,0.0003066373831695,0.001597068832434,up
gene-bonsai,477.4961035091235,1.9626447619715768,0.6326708007511296,3.609593455526365,0.0003066772716342,0.001597068832434,up
gene-Hmg-2,356.8423556581626,1.4652850907802069,0.4440638616036262,3.609228948345826,0.0003071084775037,0.0015984988423665,up
gene-Cul4,683.2422956455745,-1.0287680638381562,0.2976384949728902,-3.608748663755109,0.0003076775129718,0.0016006444316534,down
gene-sgl,147.96605232652067,-3.730477158972072,1.430229405384061,-3.607505740123619,0.0003091547007334,0.0016075099492542,down
gene-LOC142973600,1037.9204276612552,-2.2538703998686107,0.7552591214023187,-3.605644139598662,0.0003113795982993,0.0016182543583713,down
gene-LOC142983477,1144.2427961496596,2.1091967239650966,0.6931020984928813,3.604825239858444,0.0003123630488293,0.0016225392566925,up
gene-LOC142977011,4943.007382095367,3.2704736393684386,1.2241820156925114,3.6041368626220183,0.000313191998411,0.0016260176641821,up
gene-LOC142972247,4562.242505812375,1.6038970723387738,0.4962675889876491,3.603650552725103,0.0003137788577623,0.0016278548534425,up
gene-grn,569.8143541757009,-2.5285596922477254,0.8724600947622051,-3.603447401493472,0.0003140243172752,0.0016278548534425,down
gene-LOC142979371,81.96007684325697,-2.7095934357142726,0.9486281863566308,-3.603522648460411,0.0003139333784197,0.0016278548534425,down
gene-LOC142982701,48.20763079358659,3.045384065060777,1.116689137001815,3.602760531964802,0.0003148555663043,0.0016313354138417,up
gene-LOC142987437,52.41775822138925,-3.094040755563394,1.0732585369041927,-3.599219873717096,0.0003191732436765,0.0016524048851993,down
gene-LOC142977782,4652.676976577076,-3.926062270534579,1.548569679370998,-3.5991607145805045,0.0003192458541797,0.0016524048851993,down
gene-chico,347.3939387555417,-1.858160862508912,0.5949357948001247,-3.596789669197405,0.0003221687794847,0.0016666886630516,down
gene-eIF4A,20242.75910482037,0.9711568985959296,0.279928927001316,3.596430272504292,0.0003226140086477,0.0016681464976024,up
gene-LOC142980930,845.4469939871742,3.5615682731230884,1.390404033579044,3.5962642841442465,0.0003228198333264,0.0016683655892473,up
gene-LOC142979611,14.566163681552595,5.019027972627711,2.02934081019816,3.5942857497898726,0.0003252826877038,0.0016802431140653,up
gene-Gip,2687.052609620533,1.5686590497773003,0.4836169921069822,3.593782400915639,0.0003259120500144,0.0016826425364175,up
gene-LOC142979788,66.4281521925683,3.820822902150799,1.5194251024171093,3.5935234412474872,0.0003262362840636,0.0016834649906157,up
gene-atl,1174.9335279213751,-1.890257449702382,0.6091610898434894,-3.5930618610637213,0.0003268149606672,0.0016847476280458,down
gene-LOC142979518,3450.95176457189,2.0769546143052278,0.6834208189270379,3.5930940841354064,0.0003267745318844,0.0016847476280458,up
gene-LOC142977496,194.0878115556891,-2.373606561055991,0.8097214880566104,-3.5916658850474485,0.0003285709275203,0.0016929447032812,down
gene-Srrm1,1649.5749191681427,-1.1597579639061617,0.3410874243615371,-3.590975221806266,0.0003294429584203,0.001696581370634,down
gene-GXIVsPLA2,320.5079358218713,1.810791991277815,0.5772919137519216,3.5889133098907307,0.0003320592287962,0.0017091924096435,up
gene-LOC142986774,1251.3995694741902,-1.0960509030271224,0.3214894407869052,-3.5875580809389103,0.0003337893951123,0.0017172320342299,down
gene-eIF2beta,3654.1914218711054,1.939035791116744,0.6286376849129165,3.5868537994083103,0.0003346918503769,0.0017210074140038,up
gene-Clk,341.0324290344711,-1.2009732236910522,0.3564602109487234,-3.5862683216518945,0.0003354438096519,0.0017240055212072,down
gene-Sf3a2,375.2654690509542,0.9114419486420898,0.2624635067634407,3.5851550264316927,0.0003368780347735,0.001730505335145,up
gene-LOC142976318,259.72394689961874,1.7650010727135552,0.5600763564865391,3.584396574651289,0.0003378584092963,0.0017346684022572,up
gene-LOC142987654,52.71000776942302,-2.8343497315719866,0.998561328077712,-3.58393290369178,0.0003384590643136,0.0017368786673955,down
gene-CAHbeta,251.017519699801,2.1363129113402777,0.7116411609383927,3.581016930179828,0.0003422594729019,0.0017554987135228,up
gene-AP-1sigma,1527.2799938871503,1.554971338682143,0.4813195326242203,3.5796859106733248,0.0003440074371898,0.0017635780569546,up
gene-LOC142972986,124.8795556106848,1.957166664348584,0.6379301028005979,3.578921324619832,0.0003450153042964,0.0017678570336111,up
gene-S6KL,319.3944542362696,-1.6756474411443012,0.5286267544124262,-3.578672560693952,0.0003453438166805,0.0017686524520112,down
gene-LOC142974898,352.51167465158073,4.859916999322881,2.2357818797135574,3.5785211260438827,0.0003455439413327,0.001768789874214,up
gene-LOC142987295,436.2482761632476,1.944304743770406,0.6327472451016302,3.576698255659821,0.0003479614375962,0.0017802718764635,up
gene-LOC142975573,528.6690509191304,-1.3059728745995578,0.3930222246084838,-3.573999173418428,0.0003515700383428,0.001796933090318,down
gene-LOC142978319,90.68009814659582,-1.7546392141415537,0.5594631786907104,-3.5740997782334243,0.0003514349067287,0.001796933090318,down
gene-LOC142984422,64.87821381933693,-1.7155489654545737,0.5441137130675309,-3.573617856605744,0.0003520826614573,0.0017983139116621,down
gene-LOC142986142,90.38101626551384,-1.955790630831037,0.640117230782886,-3.573492195124957,0.0003522517475152,0.0017983139116621,down
gene-LOC142973059,73.90905360482249,2.0181534634823426,0.6642085351285992,3.57336409471045,0.0003524241934948,0.0017983139116621,up
gene-LOC142980313,172.1082688251685,2.5560122191644257,0.8971055214986938,3.5732744385701745,0.0003525449335981,0.0017983139116621,up
gene-LOC142979335,2524.6618511789407,2.568729528875685,0.902419396309729,3.5710712321866382,0.0003555241808495,0.0018126050519137,up
gene-sol,19.21367475200638,-3.265740597590091,1.1450850055846609,-3.569991893415248,0.0003569922753196,0.0018191813051361,down
gene-syd,206.1076729929828,-1.821315661749074,0.5865252286464931,-3.5697881651755323,0.000357270017558,0.0018196881582908,down
gene-pnt,1319.0402862453036,-2.0196956779546538,0.6678129493272796,-3.5685456279457086,0.0003589683450795,0.0018268901292983,down
gene-LOC142975744,336.5846296821412,-2.174639124283614,0.7305458860000263,-3.56849187146783,0.0003590419907291,0.0018268901292983,down
gene-TpnC25D,1201.8081680324117,3.2660082713819647,1.2477664676115623,3.5669955772530724,0.0003610975724977,0.0018364339424437,up
gene-LOC142974243,240.840914183402,-1.702749953298262,0.541443472527117,-3.566304681815456,0.000362050421149,0.0018403628728428,down
gene-CCHa2,188.86518817565005,1.8038409614239472,0.5796416146314826,3.562559784880403,0.0003672562362479,0.0018658956711711,up
gene-Rab4,313.80742580117345,1.178166282997328,0.3506653065689238,3.561875617696589,0.0003682148315512,0.0018698352167381,up
gene-LOC142982684,54.620755333209495,-6.302237345523576,2.634698135347346,-3.561648934448484,0.000368532955905,0.0018705200800212,down
gene-LOC142979424,4604.811390720742,3.13577486104993,1.1847272353625782,3.561077846015663,0.0003693355535774,0.0018736620255291,up
gene-LOC142979655,10.484068890492416,-4.20068255572061,1.518442207021915,-3.5592680453190275,0.0003718898237726,0.0018856827775694,down
gene-LOC142986790,279.23795288014264,-1.687715408522755,0.5366904084460911,-3.55883615681452,0.0003725018074134,0.0018869111405802,down
gene-LOC142976890,5051.728880923875,2.4372483969538488,0.8454014264988733,3.5589373960162862,0.0003723582676005,0.0018869111405802,up
gene-tapas,501.9808051364145,-1.7378659735902409,0.5560975886664355,-3.558206941681404,0.0003733950869232,0.0018904978433657,down
gene-cry2,1338.3819659724152,-1.336203677846714,0.4068064709081504,-3.5577880556785453,0.0003739908777982,0.0018916377054937,down
gene-odd,49.55661104325764,-1.6636307145595148,0.5262375367487849,-3.557907957825229,0.0003738202475917,0.0018916377054937,down
gene-Cyp332a1,8922.53633771318,1.7213947327272088,0.5476516262732201,3.557307972005097,0.0003746748043362,0.0018941583595145,up
gene-LOC142987481,98.79649961838182,1.520385671744947,0.4720720792984475,3.5552842137126133,0.0003775707198117,0.0019077349131201,up
gene-Nup154,111.17106721033706,-1.550186604947801,0.4849652610182519,-3.555112899516838,0.0003778168215018,0.0019077349131201,down
gene-ACBP-like,197681.79260025965,2.6309776418910613,0.939936398707784,3.5549422973712,0.0003780620492933,0.0019077349131201,up
gene-LOC142976043,6.871712326497305,3.812303447374683,1.4080534529493374,3.554910384202556,0.0003781079385952,0.0019077349131201,up
gene-Snf4agamma,1445.5382659479835,-2.6712376422631965,0.958856157167063,-3.554689186720339,0.0003784261509938,0.0019083970964399,down
gene-gly,128.05934043876604,-1.435159737288133,0.4434828963845809,-3.554165748470098,0.0003791801611334,0.0019112552615751,down
gene-Prp4k,171.11853016738883,-1.4414599769516918,0.4439632821253386,-3.5539870901200006,0.0003794378388564,0.0019116100795692,down
gene-LOC142987395,32.58785607558213,-2.69342680014711,0.9563388546133892,-3.5538496242121966,0.0003796362164065,0.0019116659402375,down
gene-LOC142985013,925.5894468636616,-1.2274376405664595,0.3690321073896955,-3.553104746886472,0.0003807128384515,0.0019161419832715,down
gene-exd,2110.1627813881173,-1.365858319467223,0.4176217623857106,-3.552499644356288,0.0003815895344533,0.0019196078748966,down
gene-LOC142981085,166.08480899992745,-1.391562928618972,0.4274161913663024,-3.5520982725156225,0.0003821720980395,0.0019215914308816,down
gene-Lis-1,498.3938778509212,1.3325903526387717,0.4051817861150756,3.551430659274481,0.0003831429342346,0.0019255243376334,up
gene-SmB,520.4526540826212,1.4983067742980083,0.4650045089043987,3.5508467271453386,0.0003839939714347,0.0019288516074971,up
gene-LOC142978044,5045.262297615404,-3.658184297163909,1.45788827953051,-3.548753513402743,0.0003870592123188,0.0019432923660296,down
gene-Gdap2,5107.236385170011,-2.206322466444596,0.7533583405587772,-3.54809304292521,0.0003880311218083,0.0019472141889368,down
gene-Rme-8,501.2634882662407,-2.4247204475818105,0.8482586152703581,-3.547879924357049,0.0003883452209183,0.0019477373133054,down
gene-LOC142982161,24.18846366644516,2.5234158864683875,0.8964862774101235,3.5477634290850197,0.0003885170147829,0.0019477373133054,up
gene-LOC142976243,129.20102900762535,-1.5494046144568865,0.4855984258065154,-3.547209269105071,0.0003893351992275,0.0019508808927423,down
gene-LOC142986615,64.74866261040877,-2.2143657212435723,0.7477743285856794,-3.5469113704330977,0.0003897756941484,0.0019511723934149,down
gene-LOC142975795,26.18999554707626,-2.757254384885276,0.987495354306946,-3.5469193835603456,0.0003897638392555,0.0019511723934149,down
gene-Lamtor2,886.8861802341943,1.584632945278706,0.4981817759594306,3.545582976305801,0.000391745630158,0.0019600723759916,up
gene-LOC142974655,277.17757834823766,1.462791458555341,0.4531546016836978,3.545162708222072,0.0003923707994738,0.0019622384861488,up
gene-LOC142984179,316.9455292535467,2.931159296088581,1.0946761638895712,3.5446196870084163,0.0003931799505578,0.001965322113293,up
gene-LOC142986555,46.686768958374834,2.278403032713728,0.7845554036716721,3.5440615404439693,0.0003940132645159,0.0019685234414654,up
gene-LOC142978175,550.9050122581094,2.7469639172167226,1.0038959486705574,3.543254048805271,0.0003952217723204,0.0019730192559332,up
gene-LOC142980260,4845.196688545122,2.939151555269335,1.0933812504545009,3.5432020366349657,0.0003952997333578,0.0019730192559332,up
gene-LOC142979208,349.8532667530221,1.866061354732117,0.6092074860046512,3.5422371681850646,0.0003967485828321,0.0019792828861034,up
gene-LOC142972998,850.7856624961042,1.5297361349205785,0.4783214577977231,3.541791773950634,0.0003974190606204,0.0019816591850285,up
gene-LOC142978237,94.03800602195132,1.4005606252490412,0.4312288977443404,3.540839662804564,0.0003988558806412,0.0019868823688164,up
gene-LOC142979074,378.6828194938801,2.1721579040850423,0.7384057688197381,3.540851695593311,0.0003988376918564,0.0019868823688164,up
gene-LOC142973667,1273.3031069538029,1.3480124004290155,0.4120390945879151,3.5397876092782385,0.0004004491659732,0.0019938461644335,up
gene-LOC142987546,197.42477292390643,-2.398077578632663,0.8392956170962863,-3.5396029180317643,0.0004007294849495,0.0019942690652753,down
gene-Elp5,319.1129349898327,1.3116650113846446,0.4001098828135607,3.53752331487434,0.0004038985246985,0.0020090605465879,up
gene-LOC142981347,73.00420426652572,-1.802999895322143,0.5868700693808567,-3.535593581573421,0.0004068601099718,0.0020228062067623,down
gene-LOC142982608,131.00256140997462,-1.8089376209622237,0.589345505872971,-3.5354121894941546,0.0004071395351304,0.0020232099489172,down
gene-LOC142976426,12.38185178889511,3.5377962981527005,1.3857812130393183,3.533523020844176,0.000410060376964,0.0020367329769692,up
gene-dock,117.3332780625355,-1.412508974296488,0.4355356910436191,-3.532702131182888,0.0004113356437967,0.0020420734028372,down
gene-LOC142975585,1385.74033211845,3.1048173425874444,1.1920427463485754,3.531926147297873,0.0004125445537631,0.0020467930380496,up
gene-ana1,220.38439311004933,-3.246503676279477,1.2484899816892312,-3.53183461024801,0.0004126873784957,0.0020467930380496,down
gene-wge,113.1278374818008,-1.1065603942394542,0.330285768359964,-3.5287642375399506,0.000417504903807,0.0020696806960461,down
gene-LOC142987329,145.63726135661335,-1.4874566416880923,0.4663864729765164,-3.523803094964291,0.000425400249853,0.0021077962865289,down
gene-LOC142978974,737.8559077261076,1.6611434413634654,0.5327526089813795,3.522014541183572,0.0004282806508703,0.0021210386236943,up
gene-BORCS6,394.7137507110554,1.4517023576953376,0.4528221615688427,3.5200536436632146,0.0004314595263114,0.0021342139507015,up
gene-GSTz1,375.2401247174865,1.913040057778418,0.6341330770922944,3.519986787920458,0.0004315682957037,0.0021342139507015,up
gene-LOC142972527,7456.344969026755,2.2515920479626037,0.7810909383378684,3.519994476859273,0.0004315557850612,0.0021342139507015,up
gene-LOC142978531,2096.344590620041,2.452178313557017,0.8712740350479122,3.519231774173476,0.0004327984260412,0.0021392607915752,up
gene-Prosalpha7,3495.385790051167,1.2681120725313737,0.386369844137011,3.518294190064018,0.0004343305715901,0.0021457948423142,up
gene-Hlc,125.3265216288833,-1.4544504250062584,0.4559976387217903,-3.5161152618388822,0.0004379108291777,0.0021603459803852,down
gene-Tim10,711.1123251777398,1.60457852562342,0.5113490442140909,3.5161940604985595,0.0004377808741933,0.0021603459803852,up
gene-LOC142987119,195.5358723241809,2.755445154659438,1.0182636448663716,3.5162665652804663,0.0004376613308945,0.0021603459803852,up
gene-LOC142975601,1403.957816741162,2.378567673743384,0.8394552680594445,3.5152658939607395,0.0004393138971799,0.0021662207480753,up
gene-LOC142985407,42.28087959256138,-1.6996768257194,0.5497681655991897,-3.513177481125053,0.0004427816033283,0.0021822654877703,down
gene-LOC142985437,2825.2997723627955,-1.6199266608480622,0.5202484779796407,-3.512035331481256,0.0004446888769499,0.0021906078026197,down
gene-fax,57.77679735429276,-2.364249830436754,0.8348151921501051,-3.5118372756395613,0.0004450203891675,0.002191183363354,down
gene-LOC142973874,394.8812700518756,3.6549458719917833,1.5089632627060388,3.510929180092483,0.0004465433442052,0.0021976219451798,up
gene-LOC142974566,5740.486333975874,3.4641639502481065,1.3957946782702475,3.5106971658128296,0.0004469332317318,0.0021984807211019,up
gene-Rat1,154.2570711506322,-1.7011279644362824,0.5522802499266626,-3.5085036683721147,0.0004506350196579,0.002215622179985,down
gene-LOC142981762,57.03623588775728,1.4368844416690385,0.4495921449824122,3.507961038413702,0.0004515551768844,0.002219077366615,up
gene-LOC142981610,119.37777947416691,-2.3174108901786075,0.8169997827004002,-3.507577961268375,0.0004522058301981,0.0022212054421716,down
gene-LOC142983420,97.02445916257912,-1.7102367491739496,0.5571803993542148,-3.5072885011930444,0.0004526980559263,0.002222553658894,down
gene-LOC142974576,576.3352728653214,1.6008880203437827,0.5118843994199567,3.5061043557531466,0.0004547169018683,0.0022313920275819,up
gene-Irbp,753.6395619743543,1.5228882940258328,0.4819725566627368,3.505568735842607,0.0004556328354984,0.0022348122786796,up
gene-MED31,102.00250594738289,1.2661161410815678,0.3876254721617814,3.505235556773909,0.0004562034546283,0.0022362105853395,up
gene-RpI12,74.7083729268447,1.9225237810066296,0.6425555439666064,3.505073622920333,0.0004564810313945,0.0022362105853395,up
gene-LOC142987312,1859.1397505564728,-2.6737956950849435,0.983353311762036,-3.505018719132816,0.0004565751797636,0.0022362105853395,down
gene-LOC142977342,130976.49714910802,1.8157103477063965,0.5980783781722335,3.504680883003478,0.0004571548960772,0.0022378197475096,up
gene-LOC142972348,344.13391023289887,-2.499928734820714,0.8989157589543796,-3.504571805996461,0.0004573422154702,0.0022378197475096,down
gene-Gcn5,222.0352352875631,-1.086044463185634,0.3271657864806063,-3.502254481084608,0.0004613387518736,0.0022562935507305,down
gene-stv,883.3593478892163,-1.7437797763765048,0.5708966832365708,-3.5014434422659204,0.0004627451779641,0.0022610052807469,down
gene-by,834.8703336727561,-1.8436239261242429,0.6115738640708525,-3.5015548144099227,0.0004625518103523,0.0022610052807469,down
gene-Not3,532.7589745661486,-1.2273548393245326,0.3761765443853528,-3.5002418766580314,0.0004648361735721,0.0022701353223208,down
gene-LOC142984719,554.806193988132,-1.7751077336274097,0.584097131196267,-3.499844470235629,0.0004655296882354,0.0022724349726536,down
gene-LOC142979827,287.87716713774176,2.260786495643774,0.7925485529932189,3.499598260929889,0.0004659598327131,0.0022734474247144,up
gene-LanA,64.34020218338843,-1.9346722451282643,0.6471413425563723,-3.499460959633054,0.0004661998684813,0.0022735318000903,down
gene-LOC142980003,516.5009165271318,-1.754372964486704,0.5761196321666734,-3.4990835302022423,0.0004668603006911,0.002275665276578,down
gene-mnb,1885.7756609596036,-2.674776399396326,0.9867998547748134,-3.498153730073032,0.0004684910058611,0.0022825239602981,down
gene-mv,144.35576341932045,-2.289111146032309,0.8050466353348179,-3.4979987900920158,0.0004687632591928,0.0022827607760409,down
gene-Gem2,158.0917608905761,1.2496751234145935,0.3831117314237322,3.4969899708309407,0.0004705395218577,0.0022903180255613,up
gene-LOC142982423,326.9503025122184,1.627407486096962,0.523874681703131,3.4962676288536034,0.0004718152295649,0.0022948738064587,up
gene-IIM1,52278.04411474665,-1.6810178756548628,0.5472751343189377,-3.496205467766102,0.00047192516114,0.0022948738064587,down
gene-LOC142978691,183.5445527671229,-1.4091197102840902,0.4417306325063647,-3.4946567070415,0.0004746718630398,0.0023071312885939,down
gene-LOC142976402,64.23268894662297,3.863041435800482,1.645492769862929,3.4943642026468966,0.0004751922860685,0.0023085614773448,up
gene-mRpS28,700.1319705077094,1.694861733538934,0.5509265754071534,3.494102994499248,0.0004756574767213,0.0023088600250565,up
gene-LOC142973662,2233.1055564712274,1.9037943710605,0.637168418701377,3.4940756800681365,0.0004757061460462,0.0023088600250565,up
gene-FER,181.63585018145463,-1.4575076575658816,0.4606138809433421,-3.493322240641008,0.0004770504701017,0.0023142842910307,down
gene-muskelin,80.2731592937018,-1.7035941541610884,0.55622988806209,-3.4925168783714446,0.0004784913552715,0.0023201716214994,down
gene-HnRNP-K,675.9556189240408,-0.9060726885872024,0.2686524012391801,-3.491608146647549,0.0004801220541036,0.002323663255683,down
gene-LOC142974325,158.00614643016695,-1.2187378121364396,0.372995440379358,-3.4916570928056783,0.0004800340894005,0.002323663255683,down
gene-spg,124.1045198426446,-1.6181850351067637,0.5222673811460146,-3.4916891895593194,0.0004799764141495,0.002323663255683,down
gene-LOC142987619,1939.8915165669496,1.7890720889897689,0.5905925642486528,3.491617169225651,0.0004801058378416,0.002323663255683,up
gene-LOC142972203,734.7065754362014,-1.6647939418466629,0.5415271610396011,-3.491192347548953,0.0004808699235095,0.0023261797674227,down
gene-dos,111.70734103444772,-1.5497235974713932,0.4963204823186481,-3.489707199043584,0.000483550039075,0.002338036593481,down
gene-LOC142986394,237.17861845124432,-1.6770629739540437,0.5463302368564238,-3.489542302136192,0.0004838484716309,0.0023383718512958,down
gene-LOC142980543,82.96722730710032,-3.658610200081735,1.4754467369442248,-3.4887878005837285,0.000485216170774,0.0023438719617088,down
gene-Drp1,550.3912434845976,-1.224951052013409,0.3768583629272777,-3.4864613395579296,0.0004894561234714,0.0023621175660863,down
gene-LOC142977499,3463.399413540372,2.326079106788414,0.8339426133182369,3.4865161158732323,0.0004893558982365,0.0023621175660863,up
gene-LOC142976888,22731.46842745043,2.595755123149176,0.9506737800514972,3.485866104642397,0.0004905464707034,0.0023662607875567,up
gene-pea,465.251295081914,-1.4082804872710522,0.4436375259330876,-3.48500728809638,0.0004921236371362,0.002372747267005,down
gene-LOC142975196,755.530854487804,-2.5801889644738463,0.9483941955634544,-3.484341324972746,0.0004933498931561,0.0023775365247613,down
gene-FAM21,166.63107882100877,-1.702643962832702,0.5582114101662261,-3.483936376760634,0.0004940969276973,0.0023800129027875,down
gene-LOC142981396,424.9605051373713,1.4673334719586733,0.4642718593106707,3.483695655570025,0.0004945415016057,0.0023810307107972,up
gene-Nop10,311.43284252942215,1.6791467718436073,0.5475881681328181,3.4831010224774226,0.0004956412939472,0.0023852007012349,up
gene-LOC142972789,48.185898832595534,9.092039122064914,3.871112937464946,3.482936358412147,0.0004959462481987,0.002385543522792,up
gene-LOC142987264,1017.4978073524712,1.1337697861552116,0.3443423731671358,3.482689553671818,0.0004964036528316,0.0023866189752483,up
gene-Roc2,1093.276293856882,1.7455152885768015,0.5738450834003598,3.4823598122642,0.000497015378316,0.0023876381764594,up
gene-Gp93,1816.3769078507528,-2.479966435107929,0.8994431528942186,-3.482323124134997,0.0004970834843711,0.0023876381764594,down
gene-LOC142974756,1717.3853066483896,-1.901745157733284,0.6413335693446741,-3.481880594104592,0.0004979056613428,0.0023904624107838,down
gene-ttv,244.07945541467657,-1.158473690906702,0.3540374547334965,-3.4810909105469823,0.0004993759661332,0.0023963942107768,down
gene-Polr1C,312.3275025413306,1.280593361395937,0.3961872610837043,3.480686126565932,0.0005001311982244,0.0023988905734386,up
gene-Fnta,2629.600768695093,1.3635240844200198,0.426699203827454,3.480521914175288,0.0005004378836103,0.0023992341371587,up
gene-LOC142981018,790.3045682224073,-0.7146162328760953,0.2091898529384398,-3.480359188406883,0.0005007419655199,0.0023995649023766,down
gene-LOC142983257,24652.96241356485,-1.3041014364734786,0.4064179089069041,-3.4797502128661773,0.000501881473489,0.0024038968558906,down
gene-Mcm6,102.7402388904444,-2.198832961987974,0.7723477980224804,-3.47935866391303,0.0005026154118146,0.0024062830714785,down
gene-BBS9,31.74516881367649,-4.544709926021416,1.6853928979993749,-3.4780626111814787,0.0005050519399689,0.0024168144169073,down
gene-ssh,470.7613613124311,-1.7778332945423905,0.5908049791340442,-3.477042536731429,0.0005069773791156,0.0024248913348797,down
gene-twr,1104.959574016815,1.939984829180292,0.6573548804199133,3.4766856617244315,0.0005076526119714,0.0024269837051019,up
gene-LSm7,307.6186256789437,1.9222091794107792,0.6498170509256802,3.4764231698587555,0.0005081498002323,0.002428223319743,up
gene-LOC142978409,42.92735438060794,1.5489461540053666,0.4962518941643289,3.4762927610784984,0.0005083969774506,0.0024282676410103,up
gene-LOC142984629,28.40936857883669,3.9461091588726833,1.6850946073823805,3.4751738495610933,0.0005105223770953,0.0024372787198375,up
gene-LOC142982535,837.7892813084239,-2.1730840631324595,0.7624368722914746,-3.4748238061130103,0.0005111889922103,0.0024393202634366,down
gene-for,1414.3463392070787,-1.976256539023102,0.6755553506032158,-3.4741224973713902,0.0005125269912627,0.0024445621494481,down
gene-Ttc7,62.19311668119558,-1.5257991401737063,0.4864850876220015,-3.4739496979203333,0.000512857169366,0.0024449944547966,down
gene-LOC142975911,590.1873048628901,1.3698657287264622,0.4296323693883751,3.4735456619071425,0.0005136299587497,0.0024475354757042,up
gene-LOC142979957,38.53323601647688,2.1246243412550125,0.7407244465159311,3.4734180495147964,0.0005138742651845,0.0024475569877456,up
gene-stumps,150.15194548749636,-1.753240594130719,0.5808065429068638,-3.470945506448452,0.0005186292371275,0.0024690525295525,down
gene-Sf3b5,458.4837616832456,1.4638719655362726,0.4653188555368716,3.4706567365813283,0.0005191872398355,0.0024705567165509,up
gene-slim,319.7304960686816,1.6206002369594716,0.5266680200211675,3.469613001014837,0.0005212087656749,0.0024781013790485,up
gene-LOC142978465,38.10511951015975,-1.8934661824615289,0.637933746246395,-3.469587463566952,0.0005212583188808,0.0024781013790485,down
gene-Src64B,383.1848834207048,-2.20580042147895,0.7791651276196896,-3.4681159626192968,0.0005241210661596,0.0024905510811411,down
gene-CycH,283.08295367955924,0.9882532889779676,0.2969414173185788,3.4672965976205816,0.00052572145269,0.0024969934237356,up
gene-vvl,20.90474249103569,-2.467574141084204,0.8786344718110214,-3.466481052918336,0.0005273188987248,0.0025034158136208,down
gene-l(1)G0196,472.83867824417376,-2.0416805150908424,0.7063129809849343,-3.464205605278293,0.0005317998748372,0.0025223426219628,down
gene-LOC142981230,4689.5721471854295,3.346786443255669,1.3691775435401323,3.4643184640308795,0.0005315767915316,0.0025223426219628,up
gene-Tnks,30.542057849400702,-3.5127844365641803,1.4064210014738483,-3.463430629978109,0.0005333340948313,0.0025284445452592,down
gene-CenB1A,229.7707185276055,-1.9571082226841547,0.6692096447015341,-3.462479405505793,0.0005352228734887,0.0025362209237232,down
gene-botv,39.06240046205855,-1.985392216028604,0.6763262608808751,-3.4615055420208125,0.0005371630603175,0.0025442335761768,down
gene-Gar1,68.78434337692013,-2.4551557793985266,0.8934011484220273,-3.460070618587117,0.0005400337413385,0.0025566439693147,down
gene-RalGPS,63.987930289476445,-1.608273152869104,0.5215905506437128,-3.459570842064214,0.000541036936495,0.0025579765387361,down
gene-Eip75B,3181.239306803153,-2.3312572264222857,0.840946280076088,-3.459555854897705,0.0005410670468434,0.0025579765387361,down
gene-LOC142983803,79.5480582020529,-2.8116107814513294,1.067906514448175,-3.4596281327683154,0.0005409218495369,0.0025579765387361,down
gene-Mppe,191.75513856439773,1.0463649754892028,0.3170540313800139,3.4586901264869847,0.0005428090127439,0.002565023885684,up
gene-Cdc37,2139.805760350195,1.684309784262108,0.5546729066397544,3.4581774595493884,0.0005438430315948,0.0025687208808367,up
gene-LOC142975834,1185.1584290001058,-2.0641687518875504,0.7193691103658809,-3.4568444447153444,0.0005465402389228,0.002580266521131,down
gene-LOC142975769,2415.379904643368,1.6005330555586896,0.5212720333468253,3.456606671840316,0.0005470226536003,0.0025813500810441,up
gene-CRIF,328.89176116517746,1.7835877296321971,0.594038510553167,3.456018049279768,0.0005482186102427,0.0025857982230813,up
gene-LOC142976484,241.4171268047937,2.3119539715210067,0.8325368325423226,3.455342148194016,0.0005495949025172,0.0025910924572717,up
gene-lqfR,500.5489493638324,-1.3120262137981509,0.4120560797412586,-3.454094998969889,0.0005521428413965,0.0026019030388434,down
gene-Pdzd8,1175.7187876717464,-2.242803604567614,0.8012168063230668,-3.453288080010232,0.0005537972433074,0.0026084949065246,down
gene-LOC142984468,13476.59610465164,1.0953106130807844,0.3371319547807556,3.4525781465422605,0.0005552566158718,0.0026141624899462,up
gene-Mitf,166.97276755788758,-1.446057239210261,0.463785616272325,-3.449889874864271,0.0005608152788163,0.0026391155144667,down
gene-H,195.0232744940107,-1.5424890859282598,0.5009894910594326,-3.4476082573990454,0.0005655736995509,0.0026597390127083,down
gene-Tm1,20317.71751560442,1.7670030145824591,0.5911976694912505,3.447504816642998,0.0005657903185263,0.0026597390127083,up
gene-LOC142984846,27.62427723660012,-1.8742710016712247,0.6288419066245856,-3.4474144903907065,0.0005659795371414,0.0026597390127083,down
gene-LOC142979962,594.4552835811832,-1.3782933142406486,0.4381990775842459,-3.4472536577028827,0.0005663166010147,0.0026600982726912,down
gene-Bap111,322.0632342922719,-1.2341331369400288,0.3850112861067439,-3.446997671337883,0.0005668534680536,0.0026613952844633,down
gene-Liprin-beta,182.58252109733107,-1.1929405176216956,0.3702757582795061,-3.4464814314659264,0.0005679375933963,0.0026652593176076,down
gene-slx1,43.650128844521134,1.6626418509245904,0.5484558224852476,3.446268870639103,0.0005683845409674,0.0026661309787018,up
gene-Klc,664.7642063577931,-1.893983270244011,0.648824828547015,-3.445315880431936,0.0005703924043019,0.0026743202897151,down
gene-Atac1,172.6125379220733,1.363134023422753,0.4317770454288399,3.4446419847522085,0.000571816225513,0.0026797650201153,up
gene-LOC142974956,263.26434956249955,-3.979463542820806,1.738395945966391,-3.4438312995893288,0.0005735334437738,0.00268657910078,down
gene-U2af50,1110.4349252278796,1.017475587281793,0.3090218896602791,3.4430755001149485,0.0005751387256144,0.0026928628313515,up
gene-LOC142983688,59.34590678854418,-1.943479411887364,0.6682099200818131,-3.442374347834098,0.0005766316793279,0.0026986151081615,down
gene-LOC142976866,165.16677957905628,-1.5960658869592443,0.5239678135832105,-3.4413594725794447,0.0005787990314043,0.0027075168256388,down
gene-LOC142972377,183.00915876025672,-1.0028900478042897,0.3050001987835711,-3.439874679558739,0.0005819836017237,0.0027211665702218,down
gene-Or-60,318.6173644232819,2.893815224481453,1.139440111587975,3.437709596294193,0.0005866564985129,0.0027405047507192,up
gene-LOC142972442,1168.6764701661052,3.8900144125446334,1.7511371605921289,3.43772702576406,0.0005866187414416,0.0027405047507192,up
gene-LOC142987113,12330.191981239686,3.193182643458281,1.3890310103107386,3.437128659100473,0.0005879162649299,0.0027451332644737,up
gene-LOC142975076,4473.252225606595,2.55151195931925,0.9605991299561298,3.4367134781213604,0.0005888181303501,0.0027480871771762,up
gene-LOC142978104,1173.2328294151478,2.158379618692544,0.7662842372901537,3.4362714731228,0.0005897796787848,0.0027513168104921,up
gene-Dph3,290.7624345932623,1.6941485978033557,0.5635946592099247,3.435699923297518,0.0005910252093527,0.0027558676618835,up
gene-tst,345.0429343343798,-1.224586526607302,0.3830768393273566,-3.4340040101126186,0.000594735397362,0.0027719014615863,down
gene-Ndfip,960.5688371759384,-1.9632596401111109,0.6814195472690378,-3.433278470134474,0.0005963292896045,0.0027780616426259,down
gene-LOC142974137,158.13424121808512,1.4090330192333105,0.4512204882332415,3.432371411032287,0.0005983275421891,0.0027860990981409,up
gene-LOC142985427,156.41938207107617,-1.626981661697334,0.5380494829816618,-3.431612177226973,0.0006000049251922,0.002792635782689,down
gene-Ocrl,115.7159224185126,-1.5673330010178788,0.5136877013895784,-3.4291968884461705,0.0006053702009388,0.002815156554258,down
gene-LOC142980986,3531.1572194467262,2.2923010209381376,0.8317158622498839,3.429185688767318,0.000605395183364,0.002815156554258,up
gene-bic,2628.0445470908016,0.9459770141469362,0.2864998170495263,3.4288064396569844,0.0006062417172732,0.0028178092933553,up
gene-wapl,390.4012868264087,-1.1847058251701912,0.3694221654886722,-3.428548114926925,0.0006068189626606,0.0028179259107721,down
gene-Mpi,2246.201689348191,-3.072581316630635,1.2360945127399552,-3.428559933932144,0.000606792541072,0.0028179259107721,down
gene-LOC142974967,281.4083516404757,-2.0859754215707174,0.737268500474742,-3.428185856585605,0.0006076293169108,0.0028193407107127,down
gene-LOC142987259,169.40138210565866,2.488906449075285,0.931555835184503,3.4281649735744635,0.0006076760618759,0.0028193407107127,up
gene-LOC142981546,1290.8520773002267,4.063630804711655,1.917862279762559,3.427434389946848,0.0006093135235153,0.0028256534005092,up
gene-Mlc2,14503.780322882114,2.534210761163395,0.9530328995001108,3.424370099177263,0.0006162263678467,0.0028555392727001,up
gene-LOC142984729,40.767064070898535,-2.541475842789559,0.9428964080180154,-3.424329903856313,0.000616317528927,0.0028555392727001,down
gene-conu,1199.1895741650108,-1.717926033899311,0.57801580283724,-3.4231493133553816,0.0006190006557329,0.0028666695522081,down
gene-dop,301.0584028291227,-1.5654227944758154,0.5161046814530715,-3.422747322608765,0.0006199167373614,0.0028696100400217,down
gene-Ubr1,54.97444236116894,-3.625373092111043,1.513936917096825,-3.4220675789727983,0.0006214686501001,0.0028754898057897,down
gene-Tango5,153.38527531643413,-2.134824263631026,0.759501266889935,-3.4205691157845446,0.0006249025456742,0.0028900680941082,down
gene-LOC142983620,191.80824008954943,1.3918400049105444,0.4466722761576933,3.4178367143620827,0.0006312096320913,0.0029179151787844,up
gene-Tm,710.2278584313094,1.2709932125425436,0.4013358648867758,3.4174799217949454,0.0006320375585744,0.0029204198100357,up
gene-LOC142985472,318.24037453537085,1.519377098570493,0.4964689441751987,3.41636529363797,0.0006346305320653,0.0029310741361045,up
gene-CSN6,739.3121857962286,1.0898392167557258,0.3368888935957848,3.4136835540131543,0.000640909696447,0.0029587359889802,up
gene-LOC142981003,11931.957667322537,2.3107381053800315,0.8476193816125719,3.412822919577603,0.0006429370473761,0.0029667533646332,up
gene-LOC142974072,905.6221713403116,1.1210832477911594,0.3479301458865697,3.411431539074934,0.000646227269548,0.002980588224255,up
gene-LOC142972370,230.2326042623221,-1.6142906729119255,0.5373459326711059,-3.409705983378945,0.0006503294750199,0.0029981539979803,down
gene-LOC142976739,166.13959248587832,1.9453927138661176,0.679193626818202,3.4071566620869107,0.000656434376222,0.0030249325860489,up
gene-Cypl,338.94522240073866,1.627822277272252,0.5424370387453109,3.405369588976271,0.0006607456363948,0.0030434254109578,up
gene-LOC142980871,5126.283399813207,2.7482028653828943,1.075043464121749,3.404929609044595,0.0006618111063274,0.0030469580344086,up
gene-LOC142975497,165.20474825735607,1.1921197268912749,0.3740993334788166,3.4047259965906624,0.0006623047215009,0.0030478558576916,up
gene-DnaJ-8,390.4950616801823,2.0165208865904423,0.7127813753017186,3.403526022837896,0.0006652207637432,0.0030598955996069,up
gene-Hex-A,4848.501404057556,-1.4719152458873457,0.4815619817235143,-3.403378637896573,0.0006655797441702,0.0030601677697051,down
gene-flfl,282.88740615837224,-1.187568845411123,0.3737019542320496,-3.403076443590336,0.000666316351775,0.0030621751474867,down
gene-koko,289.90770437220965,1.727670664654075,0.5854652528826999,3.4001602221319134,0.0006734637813219,0.003093172053473,up
gene-Pka-C3,424.80938857087375,-2.2130621388863325,0.8071515605328737,-3.40007763265594,0.0006736672357079,0.003093172053473,down
gene-LOC142976177,263.6665625255652,1.256454841158575,0.3984956595706121,3.398291917651288,0.000678080239805,0.0031092385479288,up
gene-Myc,244.26190815290616,-1.782126310626872,0.6105679408289558,-3.398451313783416,0.0006776852374925,0.0031092385479288,down
gene-LOC142981102,23.35373240960276,2.323757649716611,0.8644413926209671,3.3983709147972587,0.000677884448867,0.0031092385479288,up
gene-LOC142982145,384.6209984459815,1.0959591757432,0.3411974519012461,3.397357968267831,0.0006803989801942,0.0031171633643162,up
gene-LOC142981541,72.95117131781636,1.5114936669265338,0.496250518670852,3.397349789764281,0.0006804193176934,0.0031171633643162,up
gene-LOC142972296,7680.17547374124,2.255482682724244,0.8274626983113007,3.3969808127308747,0.0006813374415909,0.0031199691638935,up
gene-LOC142979741,670.9842893608894,-2.258583386874483,0.8315431510586008,-3.395921082769745,0.0006839807703622,0.00313066893412,down
gene-LOC142976246,343.4560939922493,-1.862425225335536,0.6474515662528672,-3.3954793629603937,0.000685085382754,0.0031343193643077,down
gene-LOC142975131,278.5296226784852,3.1159172682299325,1.3032523755884096,3.3940166441292656,0.0006887550639027,0.0031496966564762,up
gene-Myo81F,33.08241806411361,-2.3410873670373427,0.8455350281868209,-3.392548870519477,0.0006924557847938,0.0031647777075869,down
gene-LOC142987538,2760.4954080226016,-2.590246289224454,1.001391721781436,-3.392462942290102,0.0006926730085969,0.0031647777075869,down
gene-Smox,412.88474872862656,-1.365080147077263,0.4417925457628751,-3.3912988414109635,0.0006956220658342,0.0031768297207922,down
gene-LOC142982719,738.6952757888272,-1.5592388381266802,0.5196569493303722,-3.390874631298179,0.0006966996298804,0.003180327872178,down
gene-Fkbp12,11280.16377700236,0.9515931189252927,0.2918161913496224,3.389843579932302,0.000699325142036,0.0031908858850074,up
gene-LOC142975892,3767.523920469657,2.049343544753412,0.7321095090046831,3.389598008386812,0.0006999518300014,0.0031923182881254,up
gene-mus101,55.2052674489512,-2.313692059981792,0.8654185071206794,-3.388906564362682,0.0007017191698846,0.0031989493376563,down
gene-LOC142982437,496.0498786911893,-1.4799809572227125,0.487594578562183,-3.388721172140187,0.0007021937393132,0.003199683704094,down
gene-LOC142981893,37169.80977214119,2.736941052140368,1.0496265692838378,3.387413808986023,0.0007055488214821,0.0032135371802177,up
gene-chif,268.1789386789689,-1.4912501649357814,0.4918840752249936,-3.387044135780616,0.0007065002107627,0.0032164351700516,down
gene-Pmm2,2720.595350179887,1.6821506216265676,0.5690871207313779,3.3864155617464786,0.0007081206432832,0.0032209437898183,up
gene-LOC142980237,123.66951439624631,2.1471835369395635,0.7791737922406322,3.386415164711724,0.0007081216679095,0.0032209437898183,up
gene-LOC142980046,1488.6130748893054,2.608247180480284,1.0125683740050468,3.385634449776636,0.0007101391232781,0.0032286815284189,up
gene-LOC142973060,2245.4768715913374,-2.008699784250512,0.7172486569121087,-3.3854814213640365,0.0007105351914218,0.0032290439442755,down
gene-LOC142972878,12222.223837036305,3.4900996551831733,1.5203788004958871,3.3842302172326706,0.0007137812663188,0.0032423521964027,up
gene-Coq9,1040.6340540169474,1.3010950815043505,0.4170997866947262,3.383949304686552,0.0007145119463154,0.003244227507136,up
gene-LOC142972844,46.5708255218758,-1.702008997286638,0.5830056667078151,-3.382596604940345,0.0007180401863996,0.0032587977690445,down
gene-mRpL17,504.62704598237696,1.5802332916322903,0.5280551527320806,3.3815623741628755,0.0007207486769709,0.0032681838053498,up
gene-LOC142976793,1531.6879638120563,2.244849826764165,0.8302616095366581,3.381596116611832,0.0007206601611337,0.0032681838053498,up
gene-LOC142981992,103.36072148514484,-1.5907625411887445,0.5340714539237621,-3.381323855735648,0.0007213746653152,0.0032695698085581,down
gene-LOC142976711,22.621840014661675,1.9234177409569024,0.6734801781756584,3.3801531168514427,0.0007244545841369,0.0032820718776235,up
gene-LOC142987131,3730.885675769497,2.510669959677901,0.9759671548680204,3.3794693922856656,0.0007262589368992,0.0032887865878131,up
gene-msps,342.2868044882828,-1.4873521072175024,0.4928130212844028,-3.379211586191881,0.0007269403717242,0.0032889540665734,down
gene-LOC142973754,26865.67944545772,1.9017322045393483,0.6674700878899186,3.379296849060301,0.0007267149386222,0.0032889540665734,up
gene-mRpL1,429.73274361828015,1.5594009542509997,0.5203706164097517,3.376851092397603,0.0007332073187029,0.0033158383260968,up
gene-LOC142982516,2805.2433014303465,-1.851449053011024,0.6476010765646011,-3.3766661781070058,0.0007337003668962,0.0033165986027057,down
gene-LOC142981377,33.63371462673968,2.6514641493604496,1.0389773755678495,3.3761536299033024,0.0007350686156002,0.003321312686778,up
gene-Chd1,737.3340013071929,-1.2474121652613488,0.3995329884935255,-3.375196283372824,0.0007376306042278,0.0033299405472596,down
gene-LOC142972416,292.3064167041761,-1.6560140570463582,0.56252030314006,-3.375196970861139,0.0007376287614441,0.0033299405472596,down
gene-LOC142983036,194.4007805365024,-2.7780480874869324,1.1088854853257832,-3.3747414286472512,0.000738850761096,0.0033339742345301,down
gene-LOC142982003,2894.032055494548,3.24943731140252,1.38272361179111,3.3739329111711176,0.0007410242541081,0.0033423042694132,up
gene-LOC142982515,36.16123037241423,-2.0899624780864805,0.7393570474149865,-3.373258174360998,0.0007428426561294,0.0033490260561452,down
gene-LOC142984091,1182.0846401343672,-2.7878651340283835,1.1193456418824417,-3.3728055902871024,0.0007440646822562,0.0033530543981409,down
gene-LOC142987317,1148.0876329164616,-1.4630052116174443,0.4839801676423202,-3.371114561576832,0.0007486471828629,0.0033722161498156,down
gene-Apaf-1,359.1632425279275,-1.8820624125998653,0.6629661000739291,-3.370407635021687,0.0007505706328662,0.0033793888176736,down
gene-Psa,2175.2558546224805,-1.4569678097064378,0.4820092005368978,-3.367324027028362,0.0007590144955741,0.0034153962991187,down
gene-LOC142987813,2424.147263255986,1.479970310936421,0.4895290228198786,3.367243126054337,0.0007592372100225,0.0034153962991187,up
gene-LOC142974689,178.38000721823278,-1.2959091667880234,0.4184440104427326,-3.366445828335904,0.0007614353602746,0.0034237756486006,down
gene-LOC142987625,1907.1184645161088,1.3880894725589468,0.4541416014891129,3.364809955370755,0.0007659639750796,0.003442621881831,up
gene-LOC142983474,54.744106874064265,-1.820717975443519,0.6350330990438899,-3.3644608297752714,0.0007669336976747,0.0034449213185195,down
gene-cnk,38.61185735824418,-3.1203011837033903,1.3160531497921937,-3.364382795941022,0.0007671505983143,0.0034449213185195,down
gene-LOC142984023,35384.68093495537,3.3752499074086217,1.357980245327199,3.364229790049782,0.000767576054489,0.0034453160897842,up
gene-LOC142972461,443.6091643169261,1.425640632818467,0.4688527246617927,3.363998699878023,0.0007682190512012,0.0034466865299387,up
gene-Ahcy,2802.6033112696864,1.3657313431191702,0.4448822682102999,3.363781868644264,0.0007688228278547,0.003446786990146,up
gene-LOC142973648,4311.03536280342,2.6171183693339843,1.033956675601479,3.363748128128061,0.0007689168194927,0.003446786990146,up
gene-ND-B22,2119.721287143137,1.862693979467336,0.655273418172643,3.3603139466832608,0.0007785394843636,0.0034883900425374,up
gene-fkh,858.1028900710363,-1.879170291194016,0.6650982836168645,-3.359942487445343,0.000779586995521,0.0034915508834062,down
gene-LOC142983264,482.9923798660902,2.220596104676871,0.825408275916051,3.358997102146004,0.0007822588771332,0.0035019808591662,up
gene-LOC142973635,970.7032207299064,-1.972465304151915,0.7082507695972825,-3.357584756733389,0.0007862663367673,0.00351837812336,down
gene-LOC142981540,268.97054565192235,-1.1782474503631362,0.3761118579578452,-3.3569344867696413,0.0007881178445964,0.0035251178088503,down
gene-mthl1,61.99169732704464,-3.350529397622187,1.3497496504720432,-3.355943239037055,0.0007909480028581,0.0035362270105884,down
gene-ebo,91.34758661172452,-1.500380645268342,0.5014583152773675,-3.354118279641624,0.0007961832151151,0.0035572104334504,down
gene-LOC142977772,319.5503779465468,2.8246735658411057,1.1586210234628584,3.354064360474465,0.0007963383795859,0.0035572104334504,up
gene-LOC142978795,64.11904617164487,1.4182291846969803,0.4676873005249655,3.35340965451623,0.0007982246830764,0.0035640767017326,up
gene-LOC142975254,159.24225418930482,1.0674133860127764,0.3359008002070939,3.352596837311347,0.0008005722977726,0.0035729958213227,up
gene-scra,425.4357920562756,-3.7421312850633432,1.7309452100138047,-3.3485969054472147,0.0008122187123787,0.0036233900337632,down
gene-LOC142981372,69.73766328267008,-1.9094223362783829,0.6815665878024805,-3.3484519715002694,0.0008126436464702,0.003623701922028,down
gene-swm,150.8277070843877,-1.440587458218377,0.4783652779741442,-3.3482445537322816,0.0008132521367043,0.0036248316853016,down
gene-sl,69.95100768225225,-1.5027113874166578,0.5026703619939206,-3.345473196130176,0.0008214229817462,0.003659652717016,down
gene-ATPsynD,10395.321809718756,1.900002939942852,0.6774714251357123,3.3426867405331824,0.0008297150729721,0.0036949833114426,up
gene-LOC142985517,32.25058707816699,1.6995263785644448,0.5870243459827224,3.3425131192106794,0.0008302343063309,0.0036956831943828,up
gene-LOC142983051,58.74245700515036,-1.6839947945850813,0.5813247851317664,-3.3421236633920643,0.0008314001127177,0.0036992593507016,down
gene-Ciao1,1213.39972528845,1.1342558195984462,0.3613305998830963,3.3418761044749523,0.0008321419507565,0.003700946793626,up
gene-LOC142985550,217.43060545715687,-2.374956753573513,0.9130100028231148,-3.3413025841630426,0.0008338629282973,0.0037069855876004,down
gene-Tbc1d15-17,1107.8207147274863,-1.5661404030502146,0.5325196549944363,-3.340978615877981,0.0008348365271289,0.0037096980550305,down
gene-LOC142983905,116.86073371311396,-1.755958234295708,0.6142961701117279,-3.339520281297188,0.0008392322268353,0.0037276080675841,down
gene-LOC142979477,85.53760045642842,-1.9653724178301557,0.709888625025892,-3.339202226463426,0.000840193752232,0.0037302556020149,down
gene-Btk29A,160.8199942144245,-1.1355349963390429,0.362582525398649,-3.338747934938945,0.0008415689128759,0.0037347364755324,down
gene-ush,47.44078526809992,-1.541035828051252,0.5213097191156275,-3.337621046653711,0.0008449890707776,0.0037482848524239,down
gene-LOC142987398,2220.048699483326,1.6584487490272304,0.569650592674962,3.337308922557589,0.000845938659112,0.0037508670258717,up
gene-LOC142972459,158.76903654909907,-1.5331802867910789,0.5177119690545943,-3.3367963032029,0.0008475003704927,0.0037555917609611,down
gene-LOC142984323,302.1978643255923,-2.298430225026655,0.8750355008601879,-3.336717684515796,0.0008477401212162,0.0037555917609611,down
gene-LOC142981198,875.5664385578237,2.6747453846377143,1.0840510301332733,3.3358139221846943,0.0008505007008077,0.0037661868343358,up
gene-LOC142981116,4426.620771569659,1.9289839301738383,0.687950694399604,3.334284917353312,0.0008551901009976,0.0037839746150975,up
gene-LOC142974214,2050.782346743667,3.373272660275425,1.5136561066258671,3.3342624842121,0.0008552590807318,0.0037839746150975,up
gene-LOC142972901,320.28548932657384,-1.7344659717830608,0.6066293434972166,-3.3341086699773856,0.0008557321835839,0.0037844273820805,down
gene-LOC142973502,959.440075924978,-1.3524345051755873,0.4467217852569992,-3.3306891413986555,0.0008663128701312,0.0038295606173362,down
gene-LOC142980556,1302.7423177225678,-1.8503648672953623,0.6629107268649734,-3.330329368446065,0.000867433102234,0.0038328526729447,down
gene-LOC142987503,1581.9530116693268,1.67826584158233,0.5803053101245993,3.3294834660109243,0.0008700722989653,0.0038414373068073,up
gene-Chd64,765.4420570036199,1.8280678553633625,0.647637414992899,3.329465433027739,0.0008701286424354,0.0038414373068073,up
gene-Sur,22.523270063780856,-2.24911687219763,0.8345837478612694,-3.32881525534954,0.0008721623627558,0.0038487510750752,down
gene-yem,220.2719317022745,-2.188033787729355,0.8219162109205594,-3.328543870766289,0.0008730125418971,0.0038499140697701,down
gene-LOC142981766,254.277492214374,4.269391574171758,2.3231949796342715,3.3284903576981955,0.0008731802754499,0.0038499140697701,up
gene-LOC142981734,2446.555308355685,2.3297689793888257,0.8924549044147406,3.3279494964119025,0.0008748772511594,0.0038557306142418,up
gene-hibadh,7570.944377127649,1.85760239425034,0.6624559525592729,3.3261977917615586,0.0008803943110886,0.0038783706229097,up
gene-pix,3149.782139606173,0.7213707063106589,0.2213222678082775,3.3256096386517786,0.0008822539425625,0.003884886105149,up
gene-LOC142981043,261.6090067012943,-1.232054818220368,0.4002936716526755,-3.324351029075064,0.0008862456739993,0.0038990989631516,down
gene-Msh6,18.584241132716723,-3.7208517242921286,1.586528987758167,-3.324428065593277,0.0008860008693435,0.0038990989631516,down
gene-LOC142977634,94.4905838879386,-1.471442214274964,0.4952320963893152,-3.3241242770892643,0.0008869666045488,0.0039005894582638,down
gene-LOC142987645,106.67433604700848,0.8933651364860975,0.2784240560397483,3.323873334274497,0.000887765080625,0.0039024195426095,up
gene-LOC142981795,42.40141951003835,4.004388832728023,2.0006469749398827,3.3237358255712404,0.0008882029027423,0.0039026633785151,up
gene-Kdm5,180.26042596890167,-1.6052961604843623,0.5527598734235541,-3.3214743276402885,0.0008954321955173,0.0039327351203295,down
gene-LOC142983740,218.9207266078828,-1.5939250484580996,0.5476894726112078,-3.321064033943689,0.0008967496052283,0.0039351346606042,down
gene-LOC142981197,306.13641214010414,1.769398677899982,0.6234933682795221,3.3211225813403056,0.0008965615058984,0.0039351346606042,up
gene-LOC142976063,295.5777025900449,0.3825906179403251,0.8088374899743674,3.320703829152807,0.0008979076654601,0.0039385232236147,up
gene-26-29-p,830.1541224472543,-1.3878956395910549,0.4628305851832528,-3.3205187460818504,0.0008985032474343,0.0039394427175954,down
gene-AGO3,45.56984845994068,-2.645336164760004,1.052140070744259,-3.3199862372160043,0.000900218859675,0.0039452700303575,down
gene-Atg9,415.7376678582993,-2.622953119469966,1.0591725993239929,-3.3197522200631755,0.0009009737651305,0.0039468837857026,down
gene-LOC142974709,29.58305012442345,-2.407637891266912,0.9298471030088776,-3.319598375049387,0.0009014703664784,0.0039473650925118,down
gene-LOC142983486,1527.7633340134046,2.782649621072516,1.1491009446919265,3.319443216756475,0.0009019714639416,0.0039478656657171,up
gene-LOC142976294,135.33411342325317,1.9046014351517373,0.6872326771064661,3.3192906706821987,0.0009024643766811,0.0039483300011934,up
gene-LOC142977101,680.9147265657734,3.8055707353014183,1.853731583794392,3.3177652488892635,0.0009074071271162,0.0039682538759537,up
gene-LOC142972605,93.87268655306468,-2.001893828877132,0.7330586659847735,-3.31673282572387,0.0009107666615732,0.0039812399634594,down
gene-l(1)G0320,5430.676986496176,1.882442047262159,0.6776417896936799,3.313542598013091,0.0009212207321914,0.0040252140468657,up
gene-Pi4KIIalpha,1086.3231207012504,-1.4733419062656894,0.4988809106565517,-3.313391349909236,0.0009217191076882,0.0040256683492398,down
gene-GSTt1,880.9433695976101,1.2614333740835924,0.4126170661607309,3.313121773054968,0.0009226080061019,0.004027713802895,up
gene-hpo,115.67534075027903,-1.4064436786122176,0.4712047865255088,-3.313010047173732,0.0009229766420075,0.004027713802895,down
gene-LOC142980242,732.4644616466549,1.72064437245776,0.6039419505129269,3.312276824090115,0.0009253992765546,0.0040365600067491,up
gene-LOC142973977,114.38049597599093,-1.747683769869634,0.6170063781441151,-3.311219185494177,0.0009289041893868,0.004050117497254,down
gene-LOC142986201,78.04497698156764,-1.4952073324930348,0.5084128398813765,-3.3109951709642917,0.0009296481287196,0.0040516304226481,down
gene-Nufip,39.9873680111548,-1.692241422745019,0.5848099919453541,-3.3098172744317584,0.0009335689457987,0.0040669817455262,down
gene-Rack1,15799.564580229053,1.1377183571342675,0.3675081308041128,3.309418514462556,0.0009348997495242,0.0040710416994002,up
gene-Etl1,210.4416933692096,-1.6165077203410256,0.5598741922266343,-3.309225235519881,0.0009355454222442,0.0040721160447108,down
gene-jumu,138.08470240103992,-1.998753343175848,0.7372992281866451,-3.309035920701556,0.0009361782527889,0.0040731336002629,down
gene-RPA2,428.48018192979,1.3484998451336914,0.4475039897502581,3.3080152912854413,0.0009395967909687,0.0040862652089553,up
gene-LOC142980255,86.62087142391795,-1.4255957409618816,0.4778698761341483,-3.3075569844245387,0.0009411356221102,0.0040912143504596,down
gene-hay,297.8527684929556,-2.1192115745503752,0.7965425820196382,-3.305511475829625,0.0009480322171051,0.0041194401191964,down
gene-Cypa,21941.123184992917,1.0721081179923555,0.3444892933367336,3.304937294904206,0.0009499765116562,0.0041243769691515,up
gene-san,665.4736848220182,1.1342058692867618,0.3655470578772813,3.305049764866641,0.0009495953746142,0.0041243769691515,up
gene-LOC142972889,31163.074289661043,3.6016987518304453,1.6983587551032313,3.3040608848056627,0.0009529513389292,0.0041355332978106,up
gene-Fatp,1255.8918506568295,-1.4705783684745195,0.4988378275590941,-3.303463719003269,0.0009549832584473,0.0041425899358148,down
gene-Dera,1273.7275430588213,1.5030613583129335,0.512301891695634,3.301228192417851,0.0009626255568225,0.0041739673145657,up
gene-LOC142978405,49050.495474258205,2.6733176481636525,1.091156828366166,3.2992941261935123,0.000969282951689,0.0042010492942208,up
gene-stc,198.0692496541657,-1.6709119100815135,0.5882186075536582,-3.297961447781302,0.0009738950493608,0.0042192473551893,down
gene-LOC142977224,6353.577189156646,1.6302364865108725,0.5683373229784584,3.2976716273870106,0.0009749007386087,0.0042218124051672,up
gene-LOC142973579,1254.766674907385,2.03800060809034,0.7584222145069182,3.296848570687194,0.0009777620267944,0.0042315457534722,up
gene-LOC142980747,3706.6962112290007,2.82574050928435,1.196366088200903,3.296786677088906,0.0009779775088117,0.0042315457534722,up
gene-Idi,1394.4111605982423,0.9827971876696928,0.3119502047220621,3.296296472619211,0.0009796857053498,0.0042371406756382,up
gene-mRpL24,1425.3490716173994,1.3155388718863708,0.4365463735541332,3.2958913037426494,0.000981099666673,0.0042396355441135,up
gene-LOC142976615,761.4576769057209,1.4465809073730196,0.4896967943125354,3.2957742108837893,0.0009815086500186,0.0042396355441135,up
gene-PTP-ER,139.4605738220107,-1.4888262293367451,0.5087251090172268,-3.295798371495072,0.0009814242486209,0.0042396355441135,down
gene-bsk,2668.104330297446,-2.249106075573086,0.8674385640057535,-3.295578237627926,0.0009821935009901,0.0042407990967034,down
gene-Gart,154.78463831432143,-1.8172898186897544,0.6549981272257508,-3.2951976475650904,0.0009835247807514,0.00424475155904,down
gene-LOC142980137,213.6622220860883,1.735226611412612,0.6150179825914066,3.2947217208024058,0.0009851918932091,0.0042501494733669,up
gene-LOC142979894,77588.7628829652,-2.693859213803929,1.1379694635937996,-3.292652918385641,0.0009924691028687,0.0042797347414369,down
gene-LOC142973205,2036.2510801013348,-1.4040261563208614,0.4745021483773972,-3.2920016203175297,0.0009947703858753,0.0042878468448603,down
gene-bug,531.2907689193325,1.019268324427414,0.3255458201765737,3.291106191506921,0.000997942340947,0.0042997034504208,up
gene-adp,117.62104617059998,-1.6727526926367764,0.5898713984477152,-3.2896791711546194,0.0010030167565296,0.0043197434742184,down
gene-LOC142973619,78.09586961353398,1.8487630002656463,0.6686692519692069,3.289479016788939,0.0010037304028801,0.00432099376727,up
gene-srl,100.26697342120193,-1.642129394896289,0.5787816270503744,-3.288835640070479,0.0010060275346315,0.0043290569333827,down
gene-LOC142974041,281.3012317482446,-2.1862902524227508,0.8386377934965834,-3.288544038953702,0.0010070702779868,0.004331717794948,down
gene-LOC142977575,346.47300794480725,-1.9265407079613333,0.7088301749027457,-3.287832109354506,0.00100962028849,0.0043390291724706,down
gene-LOC142978788,8510.47274810785,2.8126824629137337,1.188197743645409,3.2879351908389154,0.0010092506984953,0.0043390291724706,up
gene-sp3,152.00856599924668,-2.296671378272133,0.8984613588262187,-3.287626967749333,0.0010103561792485,0.0043403642767635,down
gene-Adi1,829.5764027280325,1.2003708887526057,0.3935826925886793,3.286911061379318,0.0010129281937897,0.0043495826983641,up
gene-Usp12-46,489.567286980113,2.1710739191505075,0.8308249001198287,3.285875874346581,0.0010166579969844,0.0043637628995882,up
gene-LOC142985567,34.497460053306725,-1.5210003695849048,0.5209648161823407,-3.2855268034019742,0.0010179185710618,0.0043673370554134,down
gene-Axn,77.62163007417226,-1.799562602435349,0.6435089634639193,-3.283869322535557,0.0010239238761734,0.0043912567244128,down
gene-chb,250.9931434914757,-1.7269753912432475,0.616847704905002,-3.282442639534534,0.0010291192071232,0.0044098319677192,down
gene-Arglu1,498.4566559542014,-1.008905353935865,0.3235063006140395,-3.281179611028356,0.0010337389306382,0.004427768890065,down
gene-LOC142987186,1083.3347471334816,-2.467122197331289,0.9944689934633668,-3.2805780762466785,0.0010359458777429,0.0044353605596149,down
gene-ECSIT,96.66476895382372,1.7047914816524166,0.6045026696879052,3.2800584116133407,0.0010378559642526,0.0044416753992145,up
gene-LOC142973982,48.739757386715816,-1.7305714044551634,0.6152693459469587,-3.2794570576842847,0.0010400703765877,0.0044490171864937,down
gene-LOC142980497,16.115068781417488,2.0303308170021457,0.7535490442105084,3.279237731316093,0.0010408791066275,0.0044490171864937,up
gene-LOC142975300,123.25832284102314,2.702630706620344,1.138522309700547,3.2793395455024568,0.0010405036111627,0.0044490171864937,up
gene-ago,232.9274491557865,-1.5439408503044794,0.5362365818814974,-3.27696335542328,0.0010492998669404,0.0044831325834495,down
gene-Cdc7,128.070209403421,-1.4723648107334693,0.5051434036350271,-3.2766284800189545,0.0010505450362159,0.0044846981115247,down
gene-Prpk,52.855097562395166,1.8708435886927457,0.6803673140692394,3.2766652343910003,0.0010504083054473,0.0044846981115247,up
gene-Hexo2,337.0719571726953,-2.642495713517289,1.0967649135835569,-3.27622113813508,0.0010520615009487,0.0044874181948114,down
gene-LOC142975387,70.7716834838554,-2.645373294721584,1.0718303985883593,-3.2763088707277235,0.0010517347163586,0.0044874181948114,down
gene-LOC142986149,372.23314778398793,1.556663305707088,0.5400849570093457,3.2759848655013712,0.0010529420317206,0.0044892979606402,up
gene-qin,269.47784691863023,-0.9600890453162482,0.3066727490669263,-3.2757688035384613,0.0010537478390429,0.0044908577006726,down
gene-LOC142973209,640.2248344724392,1.1279321694705198,0.3669716623364293,3.275341003581921,0.0010553450108642,0.0044957873647291,up
gene-LOC142974821,4711.347316323273,1.699289802596565,0.605468361679142,3.273584080167886,0.0010619279210621,0.0045219433835133,up
gene-UbcE2H,931.384686076966,-2.045136000768601,0.7749185498264063,-3.269800965748197,0.0010762318081073,0.0045809416452674,down
gene-LOC142974534,350.7270403779464,1.4702088813141316,0.5045460265884248,3.2687194127347685,0.0010803537784587,0.004595317133269,up
gene-LOC142979909,4361.229160819247,-1.9471335587700347,0.7262468116162633,-3.268678611470172,0.0010805095640095,0.004595317133269,down
gene-sinu,81.69206066028278,1.0462657489945837,0.3376776438160755,3.267532863037062,0.001084892702323,0.0046120365733491,up
gene-Phb1,1866.9511742491911,1.4987116345906977,0.5167884975671038,3.266407606071278,0.0010892134506174,0.0046284769735437,up
gene-mRpL4,212.7495328122677,1.5112197944432673,0.5222725100499498,3.265980068797991,0.0010908592712139,0.0046335416484729,up
gene-Wdr24,15.574950605741426,-2.8200662717145404,1.179044201795534,-3.265593229894842,0.0010923504036023,0.0046379453284396,down
gene-LOC142984260,1187.6712369429426,2.42618560387506,0.978949494906404,3.265170620968993,0.0010939815717057,0.0046429396683577,up
gene-LOC142983798,159.7248446732601,-2.686819128440213,1.131162651826533,-3.2641432754149986,0.0010979562753882,0.0046578718632119,down
gene-LOC142973589,18053.66558947684,-1.851559418313792,0.6826663975048409,-3.2629391223563653,0.0011026320292093,0.0046757644878022,down
gene-LOC142984737,333.7595708088274,2.0240734593243133,0.765440397820213,3.262143212400842,0.0011057326660589,0.0046862382619102,up
gene-LOC142978241,15894.19650157918,3.142164770293176,1.431766508551972,3.262069514456035,0.0011060201795769,0.0046862382619102,up
gene-Nct,373.0676965562309,-1.3737244272134257,0.4671499756057468,-3.2616195236365337,0.0011077772028884,0.0046917352323163,down
gene-LOC142976310,78.76152686573819,1.8912143889244093,0.6976276502956493,3.260814030849471,0.0011109287570687,0.004703131407466,up
gene-LOC142982538,1742.4263038153777,-2.068904803762229,0.7909523620182691,-3.2591510574025278,0.0011174615148227,0.0047288265679087,down
gene-LOC142974120,3238.393643668684,1.243973369584512,0.4136236647168025,3.258667551837453,0.0011193675526244,0.0047349293865053,up
gene-dlp,273.79771836897095,-1.190021285328127,0.3942133047100173,-3.2579830645989687,0.0011220710247762,0.0047443989021917,down
gene-mRpL45,378.07091188302,1.8190098306906413,0.6638146440767908,3.2576360675850764,0.0011234438396516,0.0047482365512731,up
gene-LOC142986483,18.170323950534577,-2.3618328873443866,0.9211929659361844,-3.2552509962212897,0.001132921931464,0.0047863138056511,down
gene-Taf13,654.1538475632534,1.3173935790252531,0.4435499790527629,3.2550699846701705,0.0011336442670834,0.0047873839611587,up
gene-TBC1d7,204.8283729679396,1.1351197016267311,0.3724017270594732,3.2542387252389093,0.0011369669194721,0.0047994298374903,up
gene-LOC142987120,51.00693816576993,2.885250136446421,1.2754034164249548,3.25333417242634,0.0011405927614776,0.0048127450667226,up
gene-LOC142982272,3895.810675449124,2.139560318887085,0.8277524414794788,3.249337166875799,0.0011567428244292,0.0048788735574171,up
gene-LOC142973426,252.2048662905233,-1.3383764414437904,0.4556822563677595,-3.2466004492792604,0.0011679222542003,0.0049219580712727,down
gene-LOC142977570,10918.842587686386,1.966526412275485,0.739609757636213,3.2466454919324788,0.0011677374506333,0.0049219580712727,up
gene-if,247.03658832191425,-1.9326023928271343,0.724679634258376,-3.2462247912033395,0.0011694645785709,0.0049264238355236,down
gene-DIP2,252.09390114563507,-1.9199944331128576,0.7178376698305311,-3.2457659865028545,0.0011713508278127,0.0049303573679082,down
gene-LOC142972937,33642.599381340384,2.75200821147864,1.1820105757428256,3.2457626832878037,0.0011713644182597,0.0049303573679082,up
gene-LOC142977594,750.659859220902,1.562702532632562,0.5493844416144901,3.2452024684627965,0.0011736714241286,0.0049365628017737,up
gene-LOC142983880,382.4739874200655,-1.8820542988587643,0.7009420145106465,-3.2451698187036246,0.0011738060076325,0.0049365628017737,down
gene-LOC142981397,1100.131270201197,2.814390090461138,1.2335741920093717,3.244985564301035,0.0011745657783903,0.0049377235996828,up
gene-alpha-Man-Ib,244.6603345313015,-1.3366305309664386,0.4540247370923156,-3.242123672017342,0.0011864252511664,0.0049847719998581,down
gene-Tgi,340.5489152376248,-2.160973351000216,0.8466321097267141,-3.242049471720129,0.0011867341980655,0.0049847719998581,down
gene-LOC142972882,230.3001289560725,2.8916368643845844,1.2963427214627377,3.240979446033258,0.0011911977240848,0.0050014624309887,up
gene-LOC142972942,297.47811674742417,-1.4285835097326909,0.4941193325155862,-3.2404012241060296,0.0011936161807811,0.0050095560679412,down
gene-tau,1711.4876731954837,1.4619170005933355,0.5068692299759294,3.239808592619436,0.0011960996132032,0.0050168253210802,up
gene-FMO2,3105.229396584524,1.690989435640933,0.6091547924551357,3.2397533797119027,0.001196331226757,0.0050168253210802,up
gene-ScsbetaG,3078.234356473753,2.140013890968961,0.8338378019746382,3.239006108128705,0.001199470046935,0.0050279222870909,up
gene-LOC142972519,147.12476515456189,1.5147041026634738,0.5299901500673577,3.238215194553727,0.0012028004659304,0.0050398129539213,up
gene-LOC142984564,628.0194113983171,4.062023562989422,2.388463655394248,3.2379495658545845,0.0012039209036058,0.0050424376951598,up
gene-uzip,27.52084307582317,-2.055203817137115,0.7791474779636934,-3.237675446205151,0.0012050781674371,0.0050452144606362,down
gene-RpII18,834.2136650481096,1.1537706125000535,0.3820109028169216,3.236531211096501,0.0012099199446673,0.0050634083129233,up
gene-LOC142972319,64.27080106670782,-1.588775551964542,0.5606848606111849,-3.2357084575037915,0.0012134124868078,0.0050759431364131,down
gene-LOC142981334,211.3527924993033,-1.2904346657818653,0.4372378705000168,-3.23519788185239,0.0012155845314623,0.005082946051879,down
gene-eIF5B,364.7065330750207,-1.6145427784920878,0.5761922187405903,-3.2348141831790187,0.0012172191904788,0.0050876970832178,down
gene-LOC142976575,364.8165672605331,-1.8868030302442849,0.7073985261397094,-3.233703728100649,0.0012219614742511,0.0051012518477223,down
gene-LOC142980547,1365.0758402065385,-2.406236827534912,0.9883735771150944,-3.233770191891432,0.0012216771560991,0.0051012518477223,down
gene-LOC142986669,34.93089097015852,-3.583875036505879,1.6874235285338417,-3.233763937880372,0.0012217039068418,0.0051012518477223,down
gene-SREBP,1881.8258000840128,-1.2916796532130812,0.4395230081591063,-3.231146344976192,0.001232947951894,0.0051450121606633,down
gene-LOC142980776,186.49062896039257,3.736005684639952,2.048153203894297,3.230902320300616,0.0012340010315756,0.0051473022187546,up
gene-c11.1,285.7430114179801,-1.5495030217084722,0.5494815173509029,-3.230737086663607,0.0012347145629533,0.0051481746503532,down
gene-LOC142974306,391.3961720868165,0.9369388028454052,0.302665678266391,3.229261112719885,0.0012411052115386,0.0051727075925579,up
gene-LOC142979011,190.6005154924056,-2.8794504344990317,1.270429870262071,-3.2290298072591628,0.0012421094782605,0.0051747801814715,down
gene-Hpf1,240.92747318222405,1.6331321573141755,0.5855104374758168,3.227329463488676,0.0012495149831726,0.0052035085406948,up
gene-Roc1a,6048.461535054134,1.5729351419780633,0.5574582194610965,3.2265710043162894,0.0012528314298686,0.0052151918452974,up
gene-DnaJ-13,285.5336236747209,1.0773006847720283,0.3544171329745666,3.2259131650054016,0.0012557144849259,0.0052250622697267,up
gene-Ctps,213.0607374453258,-2.351482556091316,0.9592148869198476,-3.224504247179093,0.0012619098473478,0.0052487016348328,down
gene-LOC142976585,255.6069811770698,-1.43363346483689,0.4994913756710554,-3.223918088337988,0.0012644956365641,0.0052573144449736,down
gene-LOC142979032,53.36720444665715,-1.4454947444278574,0.5047835747788971,-3.2225595939416807,0.0012705073352977,0.0052801581316709,down
gene-LOC142978272,6.297160983620024,5.115487947289398,2.289522767747383,3.221069155423101,0.0012771332686579,0.005305534909724,up
gene-LOC142985014,7467.4848862778335,1.4562097269662164,0.509087882038991,3.2199857411510995,0.0012819697297773,0.0053234601431397,up
gene-LOC142977116,2023.61160594506,2.1169285694145863,0.8311960055270481,3.219630888778201,0.0012835574953949,0.0053278858704741,up
gene-east,136.26543677726235,-1.4418163992926916,0.5036676398504946,-3.219378257659064,0.0012846889841199,0.005330414821509,down
gene-Elp3,645.9309604579254,1.134100145687312,0.3769524500459344,3.2182242584748115,0.0012898692539076,0.0053497340408918,up
gene-fne,554.6641021414785,-2.1289878465108094,0.8393332682970858,-3.2175962303539487,0.0012926965493324,0.0053592825666274,down
gene-LOC142981312,5352.986126176308,1.9273617309091025,0.7310585316905341,3.2171220276874792,0.0012948351327365,0.0053659692244589,up
gene-LOC142982786,1643.192726128257,2.622336162661247,1.1389259590890668,3.216283914554911,0.0012986228859103,0.0053794820602624,up
gene-Coq7,1046.2758646982386,1.391463304547768,0.4812664336565647,3.215905941889232,0.0013003344323102,0.0053843868359393,up
gene-Paics,321.47176864290657,-1.869598206557488,0.7048763522064657,-3.2152016231174105,0.0013035293036918,0.0053954272517367,down
gene-LOC142986025,39.52447711889686,-3.4369539672972813,1.616911291103469,-3.214827724313053,0.0013052282941216,0.0054002696384678,down
gene-LOC142981744,39.95575626724504,-1.6191060428634785,0.5802085313338056,-3.214193176226912,0.0013081163488082,0.0054100257586248,down
gene-LOC142983439,189.6738790058516,1.5476103933977832,0.5497039702544583,3.2134560693877274,0.001311478588585,0.005419791694441,up
gene-LOC142972895,953.5825182388844,2.405457112280569,0.995914192003592,3.2134426930113595,0.0013115396772087,0.005419791694441,up
gene-csw,197.08661990306723,-1.6621736795122757,0.6048264591103707,-3.213134537346467,0.0013129477217375,0.0054234145672906,down
gene-htt,154.50606054434067,-1.8411410669949395,0.6900442129175136,-3.2124113928798,0.0013162574391291,0.0054348866024237,down
gene-GCS2beta,2534.700215863488,1.0727459195813474,0.3541997496461327,3.2109437267310312,0.0013229983959306,0.0054599426333772,up
gene-Mybbp1A,90.49972413190794,-1.720424053436178,0.6298444051961181,-3.210857478742314,0.0013233955202287,0.0054599426333772,down
gene-LOC142981855,18.615227660593348,-3.89467522118054,1.6136912010037932,-3.2094506799079223,0.0013298885994872,0.0054845143171582,down
gene-LOC142984671,585.2363638113776,-1.2792976222068464,0.4372949772977518,-3.2092045247642087,0.0013310277454702,0.0054869952334471,down
gene-LOC142987493,806.2105014390614,4.206502521502763,2.8999763014008573,3.208823661049898,0.0013327920641262,0.0054920503021946,up
gene-LOC142976945,67.89136484189466,-1.7077427135595598,0.6253454370164553,-3.207545983548961,0.0013387265690536,0.005514278486816,down
gene-LOC142975113,208.3474023105214,1.7533922599977896,0.6495228069583393,3.207291846064388,0.0013399098795587,0.0055169262366505,up
gene-Cog2,721.4908811043083,1.3543051559552088,0.4673883462360368,3.206505381851556,0.0013435779169424,0.0055297983057386,up
gene-LOC142982187,64.00472141739918,-1.5678712901420322,0.5624250358359697,-3.205907305286697,0.0013463735204506,0.0055375343986561,down
gene-LOC142974595,919.7979291812148,3.054496202663862,1.4557466090039335,3.205871168816025,0.0013465426058062,0.0055375343986561,up
gene-LOC142974686,191.1467038198801,1.4303459047164262,0.5000912048328623,3.205533513378286,0.0013481234688088,0.0055418027572019,up
gene-Gpo1,718.1042935108838,-1.798968652386379,0.6727478889163331,-3.204556526987259,0.001352707253222,0.005558406978115,down
gene-Tango1,435.6411268736781,-1.491211567400971,0.5296862833780073,-3.204399887546829,0.0013534435036026,0.0055591943023226,down
gene-LOC142972469,175.08385547299056,-1.7467025094555677,0.6482327450044186,-3.203626814082397,0.0013570825882667,0.0055718994281733,down
gene-Son,368.342845564826,-1.02743718225054,0.3395322743366293,-3.203074775972912,0.0013596867157758,0.0055781038215129,down
gene-ssp3,80.473681539987,-1.4486571356906048,0.5089379006121233,-3.203105786601758,0.0013595403073339,0.0055781038215129,down
gene-Mcm2,56.78756456912928,-1.8672035401912577,0.7014700280426909,-3.2016062236015235,0.0013666367706416,0.0056043638079307,down
gene-LOC142980417,2176.0819909470124,-1.961391365903397,0.7573542499428774,-3.201457649267977,0.0013673417340937,0.0056050028433313,down
gene-gfzf,70.27864485819093,1.916513427111512,0.7297072805118884,3.2011983624468403,0.0013685728155788,0.0056077971612255,up
gene-gas2,76.72622869316275,-2.4105558326097865,1.0068683759731172,-3.2005471546719444,0.0013716692286149,0.0056182294608638,down
gene-PGRP-S5,4115.778048013949,-3.1585817924890587,1.5276242415310988,-3.200180456459798,0.0013734156759926,0.0056231262755144,down
gene-LOC142982322,19638.01143864592,1.483725946549488,0.527856333773836,3.199085929253537,0.0013786407062983,0.0056422556893291,up
gene-LOC142980661,595.5846480282082,-1.726520445612766,0.6398353648969128,-3.198360461781505,0.0013821140232981,0.0056542035414045,down
gene-LOC142987369,390.0106412331729,0.9780828073513216,0.3208355924176751,3.1976488592736665,0.0013855287976583,0.005663983596357,up
gene-LOC142984037,635.9216287502067,-3.163546442489488,1.51852368272108,-3.197631023926196,0.0013856144841876,0.005663983596357,down
gene-LOC142975041,18.770136530471145,3.011287180404177,1.392628774461815,3.197347801405976,0.0013869758279675,0.0056672787334124,up
gene-LOC142979529,126.88721602391692,-1.8631623578672551,0.707277387145015,-3.1960867099309827,0.0013930524048632,0.0056898302906921,down
gene-LOC142981535,56.50692037203152,1.1649967193072517,0.3921876906627418,3.1952396680812143,0.0013971476534353,0.0057042744394457,up
gene-LOC142978549,238.8878907924383,-1.7243782108540882,0.6397886002672617,-3.1951181328425458,0.001397736157645,0.0057043954262625,down
gene-Tcs1,202.2726026350086,1.3196710013888011,0.4551587155981693,3.1938984879685326,0.0014036546547764,0.0057262602163482,up
gene-wcy,354.05741962278574,-1.034031708043155,0.3430829671061157,-3.1930200726193445,0.0014079315930641,0.0057414134120678,down
gene-LOC142974542,4211.426460099585,2.653541591604706,1.1716714842748164,3.1916241596794945,0.0014147529134925,0.0057669261134258,up
gene-TfIIEalpha,180.14242689743125,1.009878202351724,0.3335966996652675,3.1910566807629035,0.001417534678244,0.0057715287624261,up
gene-Fur1,357.68215521503225,-1.193390542390155,0.4053254831000473,-3.191227107976907,0.0014166987197608,0.0057715287624261,down
gene-LOC142976763,767.0618552129389,1.6637699074414027,0.6100042206327901,3.1910477721639103,0.0014175783881064,0.0057715287624261,up
gene-Kap-alpha3,4314.813586238178,-1.4120564343410869,0.4972977623068138,-3.190462404242996,0.00142045320889,0.0057809273935966,down
gene-LOC142985498,97.08373028763263,-1.1135767670713876,0.3740681029229327,-3.189092516518125,0.001427201931906,0.0058060781661877,down
gene-ninaB,89.52000312695624,-2.2407291735692527,0.9114175833206866,-3.188883953801823,0.0014282320005818,0.0058079537967885,down
gene-LOC142972883,92301.95433976989,3.574848540594242,1.8572861143818156,3.188596607947888,0.0014296522932372,0.0058114141605226,up
gene-Adar,343.3539849132522,-1.7579672265277573,0.6580324847924837,-3.1880352842978046,0.00143243055964,0.0058203896187284,down
gene-Rchy1,252.6609453098525,-1.2020190454577644,0.4094173032554049,-3.1875766903531537,0.0014347040593974,0.0058273077334936,down
gene-Mp20,8404.183734003875,2.097686067230718,0.834339665254562,3.187116553794093,0.0014369885493786,0.005834264965596,up
gene-LOC142975518,174.31664945096,-1.415769336223775,0.5005539037127653,-3.1851283678646776,0.001446898108862,0.0058698286952125,down
gene-Y-b,1536.7824269645982,-2.624809951157816,1.1550062425908416,-3.1851707395652493,0.0014466862636688,0.0058698286952125,down
gene-Dcr-1,60.56485069354173,-1.920235958699908,0.7400776990361925,-3.1838909195824856,0.0014530975868716,0.0058902966915006,down
gene-LOC142976987,95.32794986660036,-2.02522091823788,0.7915432869360189,-3.183955949413356,0.0014527711861576,0.0058902966915006,down
gene-LOC142977771,327.3961194124635,3.4187629552377183,1.8330954032421216,3.183730341730944,0.0014539038561278,0.0058912253511302,up
gene-RabX6,357.6639730960755,1.2900228286683826,0.4447454421789333,3.182770191819522,0.0014587334254561,0.005908449235568,up
gene-LOC142980674,10104.222986701025,2.7632751465187035,1.255256560050512,3.1819758443230564,0.0014627401772746,0.0059223280402389,up
gene-TH1,423.70379191854505,1.0456089685050456,0.3480181227717155,3.180852712270508,0.0014684226544416,0.0059429778088366,up
gene-LOC142976475,54.08194955944173,-1.8164117741021293,0.6891179269660253,-3.1806438539896966,0.0014694816117825,0.0059449063858359,down
gene-LOC142979784,593.886381444578,-0.9598309470722972,0.316873311731748,-3.180404884167852,0.0014706941044706,0.0059474543281822,down
gene-Mat89Ba,70.97159384257068,-1.8045443069233664,0.6862794595950505,-3.178254302504028,0.0014816473487859,0.0059893760352706,down
gene-LOC142978178,19.021382402131525,2.060413764938265,0.8088672214610073,3.1779282983955355,0.0014833142836257,0.0059937406543816,up
gene-LOC142982291,394.8090292831386,1.889618922870561,0.7259009609906585,3.1772033760072387,0.001487027175746,0.0060063658024691,up
gene-LOC142973216,655.6426125013982,1.375251425276519,0.4816905877929859,3.175521155013261,0.0014956761550783,0.0060389108049387,up
gene-LOC142987658,20549.841553538063,3.2557649448407844,1.688675756858902,3.175349308805841,0.0014965622901725,0.0060400993656744,up
gene-LOC142973024,527.6090957608303,1.0774267549701122,0.3609377482782244,3.17491066988729,0.0014988263510767,0.0060468460732967,up
gene-Art4,393.6913634876039,-1.258198697016149,0.4346035979320309,-3.1735114798298314,0.0015060694578856,0.0060657044456755,down
gene-LOC142979948,51.16800954920106,-1.7389500050130768,0.6564947477657489,-3.173474878809224,0.0015062593603458,0.0060657044456755,down
gene-LOC142977343,161158.5984848302,2.1007658455997333,0.8248184067463646,3.17375060754357,0.0015048292990749,0.0060657044456755,up
gene-LOC142985182,1523.956356850268,2.695196303076968,1.2259471246431597,3.173433880438648,0.0015064721044173,0.0060657044456755,up
gene-LOC142980720,42.36873382202096,-3.072312457642456,1.4384755935319844,-3.173811092768858,0.0015045157610606,0.0060657044456755,down
gene-LOC142981472,2161.28301838946,2.4076166792482483,1.0260457916760335,3.170994429983321,0.001519180560955,0.0061144621394592,up
gene-LOC142980065,488.1602295754849,-2.236653361285383,0.922914532001981,-3.169944705933728,0.0015246794881678,0.0061341756151868,down
gene-LOC142973853,135.6299953226469,-1.6582833597100424,0.6148693957646096,-3.169358621911392,0.0015277576299691,0.0061441379547261,down
gene-LOC142985478,26992.314285654997,2.5432944831738147,1.1179131410146776,3.167661990830531,0.0015367007166638,0.006177670033473,up
gene-aus,13.449962400709994,-2.685908047078277,1.171496066411651,-3.16564805473638,0.001547378918995,0.0062181482780247,down
gene-LOC142982022,70.44794070277717,-1.71220169674615,0.6379416372235066,-3.164029642456307,0.0015560094672856,0.0062503693949565,down
gene-LOC142983125,497.0277012456584,-2.2795780013089018,0.9530700102032068,-3.163459535999426,0.0015590602310269,0.0062601604162441,down
gene-LOC142983831,119.28559626216412,-1.3349746314285702,0.4677374056834733,-3.163280529077632,0.0015600192716476,0.0062615480557246,down
gene-Taf2,246.07044480666696,-1.2170775555850313,0.4189043738460694,-3.162486280372506,0.0015642810639963,0.0062751426125124,down
gene-LOC142984574,38.95073583540274,-2.392981551401264,0.9989629269027268,-3.162420253707267,0.0015646358331384,0.0062751426125124,down
gene-Br140,49.87504238488652,-1.565860996077903,0.5694296559265496,-3.162234177619897,0.0015656360407728,0.0062766877722577,down
gene-LOC142986374,205.49266587532324,-0.9747491279468788,0.324350099133345,-3.161986909130493,0.0015669660845726,0.0062795535238451,down
gene-LOC142979329,167.1146772043329,2.128204209347223,0.8649233731188553,3.16131143285239,0.0015706047396074,0.0062916650616847,up
gene-LOC142982141,77.52680517179684,-1.2522527634876424,0.4320041426332484,-3.1604683636801574,0.0015751570980997,0.0063049523530604,down
gene-mle,84.39994916267092,-1.7185830471061865,0.6447474006071692,-3.1605576796515296,0.0015746742399271,0.0063049523530604,down
gene-LOC142975022,3862.1224509249937,3.02518468652894,1.5035711158526308,3.159944007541236,0.0015779946120251,0.0063138341846101,up
gene-NitFhit,538.4183517333403,-1.0998883370705357,0.3727523840916792,-3.159119215841442,0.0015824674350956,0.0063292496512624,down
gene-LOC142974497,286.25053797868617,-1.0324824582894492,0.3471780131318125,-3.1560838984804853,0.0015990285845677,0.0063911156513662,down
gene-Alg1,503.33885644224097,1.815256715095125,0.695429577777557,3.156054867228258,0.0015991877509149,0.0063911156513662,up
gene-Prosbeta2,4085.6602335968178,1.1795613483015928,0.4044704161944055,3.155246663754933,0.0016036246550419,0.0064063392775001,up
gene-LOC142985692,2513.0657429392227,0.5049124876021296,0.8713007594268442,3.15496220598945,0.0016051889754269,0.006409190759381,up
gene-MET1,888.4445740290683,-1.388784217746292,0.4938266636475623,-3.154888547362914,0.0016055942756674,0.006409190759381,down
gene-Arp8,81.78512776882759,1.6327283554870131,0.6035153219335712,3.154724795562375,0.0016064956433339,0.0064102818731467,up
gene-LOC142979293,328.49392738094696,0.9795116320107248,0.3264260492787232,3.154593843898873,0.0016072167986236,0.0064106533269057,up
gene-Naprt,698.0528633001426,-1.963289525366904,0.7769107278139052,-3.1537480196255,0.0016118819645595,0.0064267496922889,down
gene-LOC142987347,2674.3984523935865,1.268565320580585,0.4406992416055221,3.1529407104675795,0.0016163463217522,0.0064420331535047,up
gene-LOC142975743,341.3379560884578,-1.612257808116914,0.5942899604624883,-3.1521497488321155,0.0016207313130144,0.0064569884902178,down
gene-LOC142976215,2885.3284733184046,2.115397163041552,0.8604595819064955,3.1518521978839646,0.0016223837300348,0.0064608920626951,up
gene-LOC142983913,27.85546245566169,-2.2504414428183046,0.9056756391647824,-3.151745417929564,0.0016229770989272,0.0064608920626951,down
gene-Pex23,180.6494216250139,-0.8806089562547572,0.290755713761232,-3.15144472630473,0.0016246490950054,0.0064650266326395,down
gene-LOC142975842,96.58884110014382,-1.4560655642210218,0.524996388498777,-3.150954918636092,0.0016273760657537,0.0064733544439394,down
gene-Setx,86.97456409448777,-1.980550355743504,0.7872486102814582,-3.1493719448312207,0.0016362179965414,0.0065059902963377,down
gene-Idgf,1551.670921960341,-2.5144576654390423,1.1089628305122856,-3.149138009582862,0.0016375284189999,0.0065086653320609,down
gene-cyp33,150.69939464939648,1.3585711117941588,0.4800876108680231,3.1480176013020937,0.0016438179496492,0.0065311209856247,up
gene-Gcy,140.7725255469635,-2.7261757429441573,1.2520502451196287,-3.147875446896347,0.0016446175356589,0.0065317553254749,down
gene-LOC142976500,115.52465805617555,2.5007299337086404,1.1053546881825151,3.147520599693556,0.0016466150319728,0.0065371449363465,up
gene-LOC142977853,1356.892194750835,-1.698956676539304,0.6418619899324105,-3.1459166120948305,0.0016556720385556,0.0065705460721374,down
gene-LOC142980138,275.1439739160606,-1.4487423579663825,0.5228405829060954,-3.14496461511517,0.0016610691965544,0.0065875633281412,down
gene-CPSF1,85.39054259479359,-1.9549754322946784,0.7760638916083645,-3.1449326130375224,0.0016612509068909,0.0065875633281412,down
gene-Had1,7257.953559811242,2.8527677921039465,1.2945249697392356,3.1438539002877866,0.0016673866323034,0.006609326351814,up
gene-ppan,123.62198619317805,-1.9328759494753407,0.760702390245104,-3.1436515112102024,0.0016685401430285,0.0066113312266664,down
gene-LOC142979242,819.0610073641495,1.4566830899299912,0.5245240641388914,3.143180486574276,0.0016712275776241,0.0066194101221614,up
gene-LOC142975866,488.1619923210196,-0.9140712237826478,0.3042242342946684,-3.1409339912093204,0.0016840998469405,0.0066678072683172,down
gene-LOC142986181,35.348757094221824,-2.821337078805039,1.2812236726187514,-3.140451683218576,0.00168687530522,0.006673618697822,down
gene-LOC142974842,184.64485349512287,-3.328584006478589,1.7491911845593686,-3.140470421633834,0.0016867673958375,0.006673618697822,down
gene-EloB,3204.863258358348,1.036905534198138,0.3494660068651942,3.139872889341625,0.0016902115491248,0.0066842267655627,up
gene-LOC142976026,201.9755479534788,1.144902168091255,0.3922616899729684,3.1381143131588423,0.0017003854850389,0.0067218569503458,up
gene-LOC142981511,248.1487455419409,3.487857450831724,2.004203693531967,3.1376596794460125,0.0017030248369288,0.0067296842859205,up
gene-LOC142980432,4421.345356829364,-2.458398752638457,1.082882938715773,-3.1375074977614275,0.0017039091610492,0.0067305730676586,down
gene-LOC142982502,10.176325214258798,3.566925336095885,1.757106499607581,3.1367100329589257,0.0017085501193612,0.0067462944171453,up
gene-CatD,4212.099617718149,-2.2558210537173973,0.9552994883129516,-3.13545523579885,0.0017158761313089,0.0067726015747372,down
gene-LOC142976877,892.9516904760543,-1.733282742418336,0.6623696291927288,-3.1351873067596423,0.001717444147273,0.00677617024013,down
gene-sw,258.244346109788,-1.7299515318258902,0.6599987985828948,-3.1333383992124664,0.0017283005858038,0.0068163694278591,down
gene-Keap1,690.5850052199756,-1.340202289020693,0.4776387932977163,-3.132348576042585,0.0017341385442763,0.0068341127881964,down
gene-LOC142986218,36.23202666082762,1.5185559405741058,0.556363122863645,3.132366161969763,0.0017340346647764,0.0068341127881964,up
gene-LOC142980029,263.2661154570082,4.213494012282348,3.5326993560471984,3.1304734550386577,0.0017452477147391,0.0068752386817223,up
gene-CSN3,698.8399052261019,1.0649600539730604,0.3619209679966069,3.1289104884886574,0.0017545574862862,0.0069092470148624,up
gene-Hexim,605.8696520487397,1.01604363654988,0.3432908120150053,3.1278908151108475,0.0017606557332451,0.0069285950945427,up
gene-LRP1,149.47317361529323,-2.6844573529929985,1.2368518750933724,-3.1278619879973166,0.0017608284192459,0.0069285950945427,down
gene-LOC142984961,101.43971010725984,-2.21088873092746,0.9230824344231594,-3.1269527648063407,0.0017662830291194,0.0069473799145364,down
gene-LOC142977040,304.1860332228053,3.2750785708026755,1.7842887049240104,3.126361444588747,0.0017698388080369,0.0069586844043272,up
gene-LOC142974843,147.69966815592304,1.9604033559279457,0.7849947082599388,3.1254549078313305,0.0017753028541559,0.0069774802589025,up
gene-LOC142972213,3100.85945065759,1.4107436540949292,0.5072959215130753,3.125279335611869,0.0017763628863729,0.006978959192151,up
gene-Traf4,38.99894743061905,-2.00255947146078,0.8070994908974514,-3.1242648609242805,0.0017824992658004,0.0070003732227875,down
gene-LOC142980878,319.4750971227355,-0.909253607900994,0.3043232067288821,-3.123560357336361,0.0017867721423179,0.0070144550987073,down
gene-Bulli,360.2449990199514,-0.961153764406246,0.324163853216959,-3.1199456703498525,0.0018088439916823,0.0070983739419847,down
gene-Fem-1,300.47712718694794,-1.5536394233824635,0.577597749218821,-3.119102832379915,0.0018140263895678,0.0071159751569252,down
gene-br,560.0648686049634,-2.347154952875813,1.020030191484764,-3.11862042928222,0.0018169987008589,0.0071248965576902,down
gene-Su(dx),2070.89882301015,-1.003194035803128,0.340782679347279,-3.1184969188017315,0.0018177604260469,0.0071251461861217,down
gene-tna,433.1241438050802,-1.7646739142633148,0.6837991424699917,-3.1181953292893017,0.001819621649921,0.0071297037162164,down
gene-mats,239.20471839464355,-1.197151993210138,0.4189250656235824,-3.117453709228525,0.0018242059206871,0.0071403211950083,down
gene-Pdk,321.926127426808,-1.7451260522225132,0.6741596862109421,-3.117417492182218,0.0018244300653063,0.0071403211950083,down
gene-LOC142976777,403.687492292036,-2.0398201900583115,0.8372413605019052,-3.1174958643266586,0.0018239450577737,0.0071403211950083,down
gene-MFS16,99.39421434226276,-1.6152770934060048,0.609737563702463,-3.116288301395347,0.0018314312519667,0.0071649746220101,down
gene-Arp3,3898.378470685823,1.4214204861359998,0.5145419181908345,3.1160345833004395,0.0018330077428095,0.0071683946478379,up
gene-colt,1577.0840266690975,1.3630805856599084,0.4889435022027746,3.1152542957191787,0.0018378639187136,0.0071846330977825,up
gene-LOC142979934,241.83551675694227,2.5926998528666867,1.19437245706988,3.114075795840191,0.0018452208109779,0.0072106312471869,up
gene-LOC142974350,22.890055528930404,3.0883377116853232,1.5601131852106158,3.11359968793205,0.0018482006238812,0.0072195115836035,up
gene-BHD,411.54841469849504,1.2245509299918154,0.4289173245612834,3.113354983881028,0.0018497338707661,0.0072227366560481,up
gene-RagC-D,1276.08284379868,0.948619069129032,0.3191896321007635,3.1129472827890523,0.0018522910070833,0.0072299557588142,up
gene-LOC142981050,1858.3828062070268,-1.5718016193494515,0.588456587729998,-3.112774248578088,0.001853377273935,0.007231430365082,down
gene-LOC142981157,333.1193863774035,-1.295691708812062,0.4613110183485641,-3.1124275837712188,0.0018555553126456,0.0072343976608762,down
gene-LOC142974681,437.5897986221343,-1.9042998255504504,0.762469349494064,-3.112452997940064,0.0018553955597064,0.0072343976608762,down
gene-LOC142978226,2487.8906509340472,-1.0545128160215362,0.3610667260834458,-3.112070424041673,0.0018578017484331,0.007240390395669,down
gene-LOC142981634,174.0558931538035,2.1361785662208845,0.8936357123344275,3.111423540665813,0.0018618768276336,0.0072535025876553,up
gene-LOC142979789,180.5284649715917,1.1109688128217912,0.3827866372561387,3.110127528076397,0.0018700658509119,0.0072826257688891,up
gene-Dbct,1806.131800804893,2.2941523690507517,0.9960978720401812,3.1087560670852006,0.0018787676260873,0.007313722791561,up
gene-LOC142982116,3698.112339150333,1.7908698569925083,0.6987584873525843,3.107093216864529,0.0018893681164882,0.0073521846606922,up
gene-LOC142987290,119.99272800921402,-1.376924128370818,0.4985476641536255,-3.104908850555384,0.0019033766993396,0.0074038742264328,down
gene-LOC142985589,160.30590543242903,1.2489141131191135,0.4408585203177586,3.1046709307411,0.0019049082523151,0.0074070089643356,up
gene-LOC142974112,146.863467196954,3.233980683311356,1.7962030187673328,3.1044580761576026,0.0019062794128838,0.0074095178854931,up
gene-VIG,5982.927456713595,1.055104826277376,0.3624423607205749,3.103679456747035,0.0019113028268575,0.0074262154372801,up
gene-Cortactin,445.5647553794467,-1.0079110971619856,0.3441527058187596,-3.1033675126316704,0.0019133188034246,0.0074312195687045,down
gene-LOC142987859,3842.6916707686064,2.2391765614683394,0.9622305026346438,3.10318631272047,0.0019144907261609,0.0074329428839577,up
gene-ena,285.1564113699828,-1.465198736231571,0.5405384232244497,-3.099254648336036,0.0019400819144825,0.0075294357798949,down
gene-LOC142979429,190.1399697943908,-1.739440223468382,0.678088281741888,-3.0990715507853634,0.0019412813148944,0.0075312270547805,down
gene-LOC142985630,556.4045824213305,-2.053204388893449,0.8526021009524046,-3.0971879438239283,0.001953659674651,0.0075763694145755,down
gene-Tmlh,825.9726052555349,2.929304526051161,1.5063286282566295,3.095721512495484,0.0019633466335309,0.0076081545514238,up
gene-LOC142976342,5337.243300059911,3.041081769602696,1.6054518043850243,3.095725919730186,0.0019633174542557,0.0076081545514238,up
gene-Nubp2,556.6389078116969,1.1032836220537825,0.3823609941044585,3.0952651399451887,0.0019663703259132,0.0076112028504347,up
gene-Ctr9,345.16690211881024,-1.175794650257741,0.4131536396726066,-3.0953673928912204,0.0019656924785449,0.0076112028504347,down
gene-Hmt4-20,251.9022528281832,-1.3226038837573526,0.4762006028456522,-3.095288589100074,0.0019662148596194,0.0076112028504347,down
gene-LOC142983653,8.124026961622635,-4.428023313757473,1.8036287484778089,-3.095078866524975,0.0019676057068711,0.007613097592886,down
gene-LOC142979565,60.59713007885414,3.500392585614699,2.1691497314095813,3.094848420730057,0.0019691350286576,0.0076161277898859,up
gene-Dna2,42.3288950395907,-1.3579125281221338,0.4879203802709166,-3.094620180542646,0.0019706507887105,0.0076191032577154,down
gene-LOC142978882,1030.3231047713623,1.476792957301176,0.5445359722971197,3.094355619824149,0.0019724090963442,0.0076230138759505,up
gene-LOC142972929,13153.31277609952,3.0359703058735863,1.5586190521537222,3.09409187634902,0.0019741634058162,0.0076269060874965,up
gene-Tango11,2937.010488369448,1.367238155123241,0.4946770663897995,3.091523957114947,0.0019913191286228,0.0076902740619951,up
gene-LOC142974836,47.6082806241972,1.969360002114084,0.8026090835689612,3.0899955049063137,0.0020015952459468,0.0077270358076322,up
gene-LOC142982921,150.7120714844022,-1.6571120447774197,0.6359836340656222,-3.089839441015512,0.002002647231247,0.0077281740224342,down
gene-LOC142978729,9734.100001446492,-1.0488179403981033,0.3623931109687198,-3.0894834467013927,0.0020050487936644,0.0077345173986897,down
gene-LOC142987635,1484.930505028191,-2.211087195090185,0.955135458749726,-3.089353187503501,0.0020059281915556,0.0077349864190435,down
gene-mRpS16,472.4396279896716,1.523826685500974,0.5695162683883547,3.087441168974693,0.0020188772899935,0.0077819790403942,up
gene-LOC142979186,20423.16756614496,1.901229018593936,0.7634293836739684,3.0838111742684315,0.0020436726207416,0.0078745815175199,up
gene-APC10,904.6309376923376,1.4210641044431924,0.5211033756781664,3.08327441195554,0.0020473626930264,0.0078858230217814,up
gene-Sdhaf3,151.66482371809232,2.0779066970850777,0.8734197943751589,3.081655981293254,0.0020585259299602,0.0079258295613368,up
gene-LOC142983843,2176.2673155372427,1.2197876008551145,0.4322199646681265,3.081381209818967,0.0020604267207339,0.0079301566887374,up
gene-LOC142977939,4184.88927418328,1.160230744575861,0.4097036613899155,3.0803658688017266,0.0020674645370673,0.0079542444515062,up
gene-LOC142979408,657.236779992851,0.9036583958950426,0.3062875723211136,3.0790102015844263,0.0020768956972811,0.0079875186066876,up
gene-Ccz1,667.7426878148348,1.1782880843344012,0.4151739443474875,3.078038937680179,0.0020836768725815,0.0080105799768133,up
gene-LOC142987886,73.57495001503516,-1.4580223032657906,0.5426582809237536,-3.0776056819404185,0.0020867083248611,0.0080192138071753,down
gene-LOC142982024,155.6142890272738,-1.3372446757227403,0.4853971961630034,-3.075221825842148,0.0021034604399437,0.0080805497593171,down
gene-LOC142979650,12616.88282742392,1.9295062982231128,0.788167373331472,3.0745254915376403,0.00210837702737,0.0080963898865184,up
gene-LOC142975539,182.664605061432,1.0935228955226577,0.3811961332123446,3.0739540232641147,0.0021124198482529,0.0081088640056855,up
gene-prd1,194.4640117124169,-1.4105380304336743,0.5203692688364514,-3.073826010733798,0.0021133264399372,0.008109294350541,down
gene-RpS6,24881.239590729925,1.15587182150827,0.4111928661731094,3.073517750570923,0.0021155110194709,0.0081146264471024,up
gene-LOC142987561,329.6636966288154,-1.125056933710843,0.3954097446303883,-3.071724662286336,0.0021282593962228,0.0081604596759003,down
gene-LOC142979298,98.76486408620946,-1.947074774167131,0.8013951817856605,-3.0706521486421776,0.0021359183111026,0.0081867511083082,down
gene-AsnRS-m,127.99035982541083,1.4944161294243858,0.5595060319432853,3.068327051818565,0.0021526088880102,0.0082476272221925,up
gene-LOC142976382,312.73385461178106,-1.381842252085088,0.5082369465972694,-3.0675845172716283,0.0021579642692259,0.0082614569740802,down
gene-LOC142978730,111.7444365942768,-1.387495025470969,0.5125658957723993,-3.067609340439871,0.0021577850399445,0.0082614569740802,down
gene-Ttc19,316.2161991278392,1.4670248029147752,0.5469941659671311,3.067433811460869,0.0021590526946447,0.0082614569740802,up
gene-LOC142975037,47.14588360968216,5.356072077373248,4.311413638460793,3.0673779890982784,0.0021594559818601,0.0082614569740802,up
gene-LOC142983680,252.01505559074732,1.1927879620722377,0.4233064090389475,3.0667197297507065,0.0021642167710229,0.008264858659066,up
gene-Nol8,155.16714560360592,-1.2975877933185311,0.4704129202947828,-3.0666970504665128,0.0021643809678163,0.008264858659066,down
gene-RpL24-like,3585.101144647661,1.3902015113779649,0.5107819328800007,3.0670371325641868,0.0021619199897434,0.008264858659066,up
gene-LOC142973355,7.922905392348503,3.459573150689586,1.920647220604668,3.0669116730888906,0.0021628275688557,0.008264858659066,up
gene-LOC142981638,351.372320791399,-3.567315891425224,2.2479253959945336,-3.0666952824612137,0.0021643937685591,0.008264858659066,down
gene-LOC142978149,452.5697147788608,1.288813927046686,0.4657237556991139,3.065828661486324,0.002170676654267,0.0082857504151472,up
gene-LOC142981427,17.14493448693356,2.8330802637501225,1.3824467331489496,3.0652774617652216,0.0021746814724443,0.0082979341268184,up
gene-VhaAC39-1,9341.497469759846,1.6155780966092783,0.620790065162268,3.064792801583326,0.0021782084332544,0.0083082860531494,up
gene-LOC142983662,19.026068097531013,2.081217900352664,0.8859372170965394,3.063478702642619,0.0021877977706267,0.0083417451792258,up
gene-mRpL50,252.59143960769208,1.6500817544802533,0.6393714228543068,3.0626312941178733,0.0021940020472651,0.0083622774071825,up
gene-mtSSB,171.75351163936318,1.4244304995720782,0.527985493608977,3.0622146444043485,0.0021970584460031,0.0083708008803112,up
gene-LOC142985091,107.45028282960337,0.9838669516477306,0.3388502674255961,3.0614215781440173,0.0022028868929107,0.0083885948234637,up
gene-kune,113.18869910234456,1.839191046860817,0.741935543795724,3.0613555944196342,0.002203372462203,0.0083885948234637,up
gene-LOC142975081,114.29619301222192,1.2360247670114404,0.4429383865013149,3.0611007002672683,0.0022052491307495,0.0083926092011786,up
gene-LOC142981212,948.3926557679092,-1.351962462372776,0.4963920121659763,-3.060765998133955,0.0022077156135892,0.0083988644308257,down
gene-LOC142972923,46.929032870291486,-1.5985442448673872,0.6119752407934361,-3.059777672597388,0.0022150135328049,0.0084234884982639,down
gene-SDR39U1,546.166925841755,2.434789601374604,1.1305965398793414,3.058794514168037,0.0022222952270407,0.0084480325446573,up
gene-LOC142984896,1323.1041702283794,2.269849995390238,0.9917246196155144,3.057494908942468,0.0022319543274777,0.0084815926361002,up
gene-LOC142983523,150.35764168311286,1.9013915503778425,0.7809622661480771,3.0566927831563566,0.0022379351787761,0.0085011553292773,up
gene-alpha-Spec,1754.1144013531896,-2.3328107174765447,1.0554437851390022,-3.0554939765619644,0.0022469011605218,0.0085320387445858,down
gene-LOC142986766,68.5255160122084,-1.8896709827454723,0.7718235131473163,-3.055281616907234,0.0022484928447055,0.0085349075737856,down
gene-LOC142979015,138.86779216104875,-1.919014029951544,0.791572929877803,-3.055060214210253,0.0022501534085406,0.0085380356286151,down
gene-LOC142974312,788.9225194298928,1.4587555208357543,0.5457731437790447,3.0531105063831165,0.0022648251908821,0.0085905130893102,up
gene-LOC142983032,12752.939575937906,1.6633125974413705,0.6444638625762027,3.052938117854274,0.0022661266431244,0.0085922565551156,up
gene-LOC142980120,1411.554298450745,2.2400154595290296,0.9966648735592096,3.051084850166135,0.002280161281813,0.0086422600087136,up
gene-Ide,344.2567872018317,-1.6143510685366451,0.6271673639886238,-3.050330445614007,0.0022858970921266,0.0086607838230649,down
gene-shv,1985.697602501643,1.6326470799417458,0.6344424427879493,3.050017955000373,0.0022882768572315,0.0086665832585389,up
gene-LOC142975887,1335.5470096540982,2.496086880040201,1.189072266547385,3.048351323461532,0.002301007424224,0.0087115663127059,up
gene-LOC142978461,141.9873247603687,1.870846295444998,0.7656493844864282,3.048020226765582,0.0023035442177468,0.0087179369041682,up
gene-Dim1,451.9157390625435,1.3359701099629815,0.4901922221235803,3.045399424316961,0.002323714825139,0.0087910145367657,up
gene-drosha,51.002274527408446,-1.869993180025988,0.764310488601873,-3.045263382276477,0.0023247662549209,0.0087917336657939,down
gene-LOC142981468,246.85803482992597,-1.8459294389589576,0.754395106331659,-3.042586060357592,0.0023455473680457,0.0088670377724604,down
gene-LOC142987412,1162.638700381841,1.2021388583351336,0.431928846969656,3.0421558301300493,0.0023489025926191,0.0088764341958027,up
gene-Pomp,3075.99181802119,1.2741567641738385,0.4633565977363159,3.042023455385399,0.0023499358236659,0.0088770521658618,up
gene-LOC142972534,25.245150440499504,2.450620363649685,1.1064783537604377,3.040524559704809,0.0023616642972871,0.0089180567822454,up
gene-Top1,1013.2127404942812,-1.009920818574222,0.3533462601032379,-3.039886886982122,0.002366670153876,0.0089336546821793,down
gene-wmd,677.9136776345148,1.489834934274992,0.5648806900454378,3.0391272883230283,0.0023726458308419,0.0089529005528296,up
gene-LOC142978257,3191.2760021092017,-2.7434372692180924,1.3960154078255071,-3.038797616412845,0.0023752436186493,0.008959390840929,down
gene-LOC142972796,292.9043899419556,-3.0928045543618308,1.7271844625603725,-3.037442186951125,0.0023859516776744,0.0089964568799495,down
gene-LOC142982313,1008.9884614231248,1.1599710149591966,0.4145720745930485,3.0364340485167127,0.0023939447339964,0.0090232621491514,up
gene-LOC142977341,10324.031966583603,2.305102903160175,1.0441241656490003,3.036316021662042,0.0023948821146387,0.009023463176123,up
gene-LOC142982193,243.6578913827152,0.8309739004036263,0.2838859188657409,3.0334174914983723,0.0024180082286055,0.0091072361584418,up
gene-Fancm,79.41965974417717,-1.2835368653365464,0.4692478596027906,-3.032334544165132,0.0024267009164411,0.0091366050365602,down
gene-CIAPIN1,4025.7464807028646,1.4184502527624994,0.5309025629766995,3.032092126456078,0.0024286506878133,0.0091405743254096,up
gene-LOC142980210,604.433203984489,1.182855616522115,0.4250644213449061,3.0305961294436554,0.0024407147861375,0.0091825933734264,up
gene-LOC142979221,34153.11899480783,1.382549671050156,0.5110215112647557,3.030334764525998,0.0024428281181203,0.009187157922496,up
gene-LOC142979398,27.585119967265783,-2.8369767540099917,1.4313726029161054,-3.0296035034656525,0.0024487498140166,0.009206036593616,down
gene-LOC142977548,1155.1807094404512,2.1133506019520505,0.9221580782454526,3.029407245662861,0.002450341328978,0.0092086281093074,up
gene-Phf5a,102.81625220656402,1.839296016022123,0.7547923707968642,3.029243098733561,0.0024516731738384,0.0092102422102941,up
gene-Fer1HCH,130535.14054850009,1.1106998544900633,0.3921283647779423,3.0289902602775056,0.0024537259344177,0.0092111734507545,up
gene-path,1623.992551619541,-2.3629975120053346,1.0993045771626084,-3.029067752730916,0.0024530966167762,0.0092111734507545,down
gene-LOC142982036,322.30212856487725,1.5105756515925908,0.5779215301053587,3.028376478653132,0.0024587156878873,0.0092265114067155,up
gene-LOC142976886,239.96986975543223,-1.1916825147502983,0.4306969406101243,-3.028192006123847,0.0024602171757009,0.0092287529262694,down
gene-LOC142980061,59009.071768042726,-2.398201048710511,1.135182842345546,-3.02670643863219,0.0024723393592916,0.0092708184571234,down
gene-mrn,19.601811706110816,-2.821603973954966,1.357289227242087,-3.026153800540708,0.0024768627978983,0.009284369657785,down
gene-Dlic,625.9117758008632,-1.3270092316900144,0.4931603163946699,-3.025102045701157,0.0024854925189589,0.0093132974085952,down
gene-LOC142975096,73.47912433930544,-1.3637676603044664,0.5104737307446527,-3.022212686207421,0.0025093416951254,0.0093992112595029,down
gene-cdi,316.8393008370729,-1.5265949562039025,0.5907316956567807,-3.0205278115011325,0.0025233453309863,0.0094481972829706,down
gene-LOC142973376,79.34213188621601,1.6545398062121246,0.654723452675323,3.019958632477768,0.0025280921238799,0.0094624995630517,up
gene-hry,105.3983431178902,-2.518424464097034,1.21928850823805,-3.019627607830289,0.002530856531242,0.0094693741255088,down
gene-LOC142983930,156.82241363765093,-1.529310792534323,0.5906469490759201,-3.0194399767598137,0.0025324246774173,0.0094717693962619,down
gene-LOC142974973,905.734611200616,2.273270560094176,1.039407340908854,3.019292644213633,0.0025336566473345,0.0094729060070856,up
gene-LOC142985075,75.4585686327499,-1.3636050169827725,0.5107197508084582,-3.01904151531833,0.0025357578083896,0.009477290351605,down
gene-LOC142976697,198.5682579582634,2.437804430322605,1.168673822930674,3.0187951174544723,0.0025378209344335,0.0094815293842471,up
gene-Cog8,515.3658512818179,1.3555041496733728,0.505153902337837,3.0179872179744285,0.0025445963716071,0.0094998885021925,up
gene-LOC142983865,268.8290368003051,-1.964295564059068,0.8346100009300069,-3.0180273207851447,0.0025442596601301,0.0094998885021925,down
gene-Atg8,28508.023771632623,1.635921290016059,0.6412951894977985,3.0174672675500176,0.0025489656739621,0.0095127212556238,up
gene-LOC142979989,176902.72136344924,-1.8303321497683105,0.7961352416300885,-3.017261832168029,0.0025506939005513,0.0095156917554561,down
gene-LOC142982871,1630.3850600774986,1.9105362058375,0.8009614937462248,3.0171315217341688,0.0025517906933857,0.0095163053004705,up
gene-Cdc25,54.77597261511156,-1.4479949671440095,0.5501540962088372,-3.0159483629418697,0.0025617688223216,0.0095500271619565,down
gene-LOC142980784,200.0807142241076,-1.3810436592889557,0.5202718733633824,-3.015618259838789,0.0025645590947418,0.0095569385469259,down
gene-gzl,229.8145761341372,-2.0072499529091568,0.865152311970519,-3.015318798631272,0.0025670927634564,0.0095628889914598,down
gene-Apt1,1597.1218463664525,1.16854925003302,0.4220364694474197,3.0138433655231918,0.0025796095002099,0.0096060102767759,up
gene-LOC142984444,416.4357857624046,-2.4354373922563872,1.1658020925012649,-3.012795630336243,0.0025885317485186,0.0096357197509589,down
gene-LOC142973162,73.4931254431805,2.2445242144308337,1.0259182765793986,3.0118178430598204,0.0025968837830749,0.0096632857359991,up
gene-VhaPPA1-1,8404.098287865045,1.608690521398118,0.6325393920023291,3.011554262637144,0.0025991394388974,0.0096681546110883,up
gene-Rim2,470.391207234461,1.5458123698661526,0.6006377585353516,3.0112512033140457,0.0026017351591713,0.0096742844333923,up
gene-LOC142984132,283.6711865104847,0.8021098587222578,0.2754086294833345,3.010983268730264,0.0026040320078122,0.0096792988724471,up
gene-Nup188,80.6985559598494,-1.1374944368585544,0.4099729671517674,-3.010284618123207,0.0026100298586486,0.0096945323024844,down
gene-jub,318.19472006043486,-1.598367737057347,0.6307548174187406,-3.0103650232735766,0.0026093389453118,0.0096945323024844,down
gene-SppL,77.90604924877911,-1.077763851223465,0.3856755112076267,-3.0096548162847365,0.0026154474708174,0.0097111212566875,down
gene-Sym,361.996402000224,-1.1364257478253963,0.4099774374831821,-3.0088218218380445,0.0026226287550196,0.0097342442554493,down
gene-LOC142980127,1732.9328132046458,1.943297337922604,0.824970081488308,3.007917686913608,0.0026304437415005,0.009759701661031,up
gene-LOC142978445,15.249856579994908,-3.0150959997635893,1.4307400596595468,-3.0077266380355767,0.0026320978147474,0.0097622901145083,down
gene-Arf79F,9245.936351424576,1.183808181142857,0.4305867385530171,3.007137137093676,0.0026372076226059,0.0097775315733573,up
gene-Dh31,477.8007230411196,1.6600842688837305,0.6609445641474733,3.0070316378884905,0.0026381230482047,0.0097775315733573,up
gene-LOC142975824,124.78315504259947,1.272049264586747,0.4690106720301372,3.006567114287116,0.0026421572152292,0.0097853768852849,up
gene-LOC142984458,144.27638764052057,-2.0004868514815835,0.8670068839774319,-3.006569357688713,0.0026421377188078,0.0097853768852849,down
gene-LOC142972453,326.28246777906594,0.9592629450658636,0.3362607069653847,3.006290533962214,0.0026445618615204,0.0097871801742346,up
gene-Trpm,274.8798915430215,-1.4675969342622623,0.5646169131952209,-3.006364674955784,0.0026439170682887,0.0097871801742346,down
gene-LOC142978006,3343.7151334548,-1.6702724515861167,0.6717829815164322,-3.0045069900019783,0.0026601164629314,0.0098411775053065,down
gene-Nmt,1295.9799584023378,1.2050624783645505,0.4395967317157941,3.0043325315395872,0.0026616424268429,0.0098432551633281,up
gene-Ypel,5069.180707241068,-2.943712540998055,1.6955344214273556,-3.00074944678349,0.0026931606569282,0.0099562081945914,down
gene-nsl1,105.17972796199518,-1.6980118792829897,0.6893015905607309,-3.0004760530713668,0.002695579485012,0.0099615422894707,down
gene-LOC142987084,94.76607459845155,-2.0025770542986514,0.8688660559200129,-3.0000999376497544,0.0026989103790093,0.009970241852533,down
gene-Daao1,2290.203121000681,0.8333234640692077,0.2878284142454189,2.9988935632304066,0.0027096194757958,0.0100061816170218,up
gene-LOC142977805,66.57721652403553,2.024951035552578,0.8861741161113832,2.9969082938211797,0.0027273274467901,0.0100679317357639,up
gene-LOC142979838,468.4154481583673,2.2015564449806093,1.0072109473452813,2.9967621182860755,0.002728635455907,0.0100691186183815,up
gene-LOC142973173,51.836708526453805,-1.759474273600368,0.7237349973399085,-2.996204950535244,0.0027336263662551,0.0100838902494998,down
gene-Dph5,177.8573491721149,1.2570297940498782,0.4642262471630662,2.9960327108499665,0.0027351709147931,0.0100859427482995,up
gene-eIF2Bdelta,284.5140196017763,-1.4065339868029387,0.5368620880614131,-2.995374116063294,0.0027410841776795,0.0101040975809227,down
gene-LOC142979027,324.1110737032857,1.0615244054660995,0.3794937556987817,2.994370714197549,0.0027501157814981,0.0101337298851087,up
gene-LOC142978679,2905.4955947613,1.3676042684563685,0.5157563939431441,2.9941320872910206,0.0027522676557608,0.0101379992646519,up
gene-LOC142972336,48.52208013364589,3.006475821589369,1.7595114893637829,2.99354822851976,0.002757539226855,0.0101537528457825,up
gene-Pgant5,489.898545449496,-1.0845153477086125,0.3906118902394439,-2.9920248565685044,0.0027713369738547,0.0101935266638325,down
gene-ArfGAP3,551.5727540546875,-1.5288605426464943,0.5996009424925652,-2.99206067790426,0.0027710118040074,0.0101935266638325,down
gene-mino,836.4479156891927,-2.591410757545745,1.3206696671698124,-2.992238702396245,0.0027693962952777,0.0101935266638325,down
gene-LOC142986205,93.8573695437136,-1.0089221724728905,0.3589414075398669,-2.990899026829449,0.0027815745243489,0.0102274968191749,down
gene-LOC142975111,883.8700743386199,-0.8830886860602758,0.3091734938420096,-2.9900875389488464,0.0027889750666398,0.010246507201175,down
gene-LOC142980652,471.4860980921087,1.908207936897479,0.8127192791500649,2.9901467745815604,0.0027884342464341,0.010246507201175,up
gene-LOC142976366,16749.431110030735,3.049523950399126,1.7966047985999611,2.990001979286994,0.0027897563938537,0.010246507201175,up
gene-LOC142987902,1252.0395135306069,-1.5144531462809363,0.5940688949965486,-2.98922187704877,0.0027968894808095,0.0102690111261232,down
gene-kz,46.12426727442093,-2.0099091062350376,0.8708690283039643,-2.9884273426117223,0.0028041716509295,0.0102846496733877,down
gene-Cyp4g15,51.35631927534529,3.061418370892843,1.8472918027777752,2.9885190559645447,0.0028033301847008,0.0102846496733877,up
gene-LOC142980585,39.675661835699465,-3.561668501447518,2.045814716919495,-2.98845709158938,0.0028038986800145,0.0102846496733877,down
gene-Bdp1,35.29647500412559,-2.134767105747001,0.9477988149533628,-2.987585573503712,0.0028119056288851,0.0103093106156718,down
gene-Ars2,269.6207548984199,-0.979296345985624,0.3472829956294112,-2.987335887425538,0.0028142034292481,0.0103140303060452,down
gene-LOC142976829,4864.321276829318,1.1137507996811935,0.4038287467728191,2.9865196916533048,0.0028217266497192,0.0103378908520044,up
gene-LOC142974511,220.01297098552985,1.3797050525393733,0.5240780922466893,2.984674633449063,0.0028388010565251,0.0103967141671875,up
gene-par-6,205.65359164927293,-1.1872399823356214,0.4369675487654061,-2.9825858056825254,0.002858245157859,0.0104604189050796,down
gene-LOC142980430,48.0795992653025,-3.251608710600572,1.943682845744538,-2.9826951097560435,0.0028572246807571,0.0104604189050796,down
gene-LOC142983643,56.01567898927016,1.4200890290291908,0.5447765536395754,2.982096291191433,0.002862819412324,0.0104728160533495,up
gene-LOC142981505,27736.94436476637,1.5002744255113252,0.5897685819160058,2.982003773970333,0.0028636846874594,0.0104728160533495,up
gene-COMMD4,931.6230154247828,1.0711413175548468,0.3855858060638771,2.981415470720668,0.0028691924318389,0.010489200269262,up
gene-LOC142972915,146.9432332672107,-1.914779386402687,0.8257681724379171,-2.980741712624474,0.0028755120902032,0.0105085398871124,down
gene-LOC142976686,73.07983468005573,-2.3598251350094186,1.1265109381424072,-2.980098132597484,0.0028815605502821,0.0105268749236685,down
gene-RhoGAP102A,34.96082705280816,-2.8162050811061823,1.3131639035868954,-2.979084730850886,0.0028911081945544,0.0105579754353548,down
gene-Ho,2387.816786021122,1.421792142387611,0.5454215212526888,2.9786360603330717,0.0028953445057529,0.0105696642955007,up
gene-LOC142975448,197.90434242529736,1.7022776334163254,0.6970067926152134,2.9777009941943136,0.0029041915401729,0.0105981705579355,up
gene-LOC142974331,1786.0717765101556,-1.1522527356990473,0.4212269905507824,-2.9770258850219085,0.0029105943484387,0.0106157225343158,down
gene-cert,1255.1746484429375,-1.199794994662064,0.4434536948035506,-2.9769745909355256,0.0029110813533408,0.0106157225343158,down
gene-LOC142983552,138.2061084413356,-1.7895781502553565,0.7466801922598575,-2.976648998455216,0.0029141743827147,0.0106204653217222,down
gene-Pfrx,5368.581077056164,-2.470797133328132,1.235002219937792,-2.9766186376993016,0.0029144629534774,0.0106204653217222,down
gene-GSTo1,7805.615848336834,1.5316777611344523,0.6045455975974491,2.9752276394182413,0.0029277120183405,0.010664938105354,up
gene-LOC142978957,25.391891615863745,-1.3917646207371916,0.5329698819547924,-2.9750173144854197,0.0029297201111476,0.0106656052115172,down
gene-LOC142981475,796.6858443001971,-1.3971040505584784,0.537293024345796,-2.9748994332128085,0.0029308461408887,0.0106656052115172,down
gene-LOC142980486,37.30330041186152,3.4724139079216454,2.5177628459095254,2.974880195449252,0.0029310299420305,0.0106656052115172,up
gene-PDZ-GEF,214.4202663498224,-1.3085456774874429,0.4942089799100065,-2.9747065590494963,0.0029326893722378,0.0106678404926698,down
gene-LOC142985764,278.5108221505167,-1.4736062721779566,0.5756044073957217,-2.974508817385658,0.0029345802188305,0.0106709156728192,down
gene-LOC142978270,343.50225733481506,1.9067771896073509,0.820571469076428,2.9738112349583674,0.0029412595346351,0.0106913946118306,up
gene-LOC142986178,25.20065526172439,-1.9780239186824249,0.8573959727246581,-2.97348746328738,0.0029443643430272,0.0106988703628619,down
gene-casp,1791.2735656158147,-1.83077602486162,0.7787021626534661,-2.973374075543962,0.0029454523816906,0.0106990151102906,down
gene-LOC142978845,211.10673262384705,-1.391321390294981,0.5350834586221135,-2.973166744789785,0.002947442821372,0.0107024364559745,down
gene-Achi,135.92442853236523,-1.5761687170199847,0.6299701494215205,-2.9728458328468568,0.0029505260960789,0.0107098221417774,down
gene-LOC142975016,9578.557159654076,2.814547578137047,1.582690688540218,2.972536939633555,0.0029534966762239,0.0107167936630707,up
gene-Ric,81.26124333611557,-1.3341589953800796,0.5056248313190065,-2.971498852429536,0.0029634998146231,0.0107492688727285,down
gene-heix,84.50927221280337,1.5441041763724517,0.6108372694838979,2.971089680696228,0.0029674511312493,0.0107597775121356,up
gene-LOC142982653,428.3766108057748,-1.3918922922799737,0.5362356381111981,-2.9700750087912837,0.0029772704313051,0.0107915480441518,down
gene-Hmgc,4906.614618419352,1.9350209880628295,0.841197859224208,2.969133076442,0.002986412331909,0.0108208415590328,up
gene-LOC142980227,191.52115972382043,-1.1370977218453284,0.4177787712459772,-2.968763925739411,0.0029900020944632,0.0108300040376814,down
gene-fwd,349.49026343172136,-1.954195370263036,0.8564445329336584,-2.9685832900624,0.0029917600989148,0.0108325276089477,down
gene-LOC142983961,875.1847510663457,2.4571470100490296,1.2310916942054733,2.9678128301098976,0.0029992690565257,0.010855864985801,up
gene-Elys,86.43616386319388,-1.5783303467294267,0.6275543825212192,-2.966926997076283,0.0030079236938463,0.0108833311389895,down
gene-Mbs,344.5597729228234,-1.181952535918194,0.4371580543012318,-2.965628270101652,0.0030206535168559,0.0109255175218104,down
gene-Ask1,134.85228549895285,-1.3246484426871554,0.503890622439601,-2.9650143928125243,0.0030266876881209,0.0109434648362205,down
gene-Moca-cyp,64.04227620562351,-1.730591000688788,0.7183551590552884,-2.964458754834521,0.0030321588676814,0.0109593645759293,down
gene-LOC142987497,257.8476179481701,-1.1756286368821534,0.4351644355243416,-2.9642442627742764,0.003034273310745,0.01096312484346,down
gene-RhoGAP1A,567.5632841123733,-1.194490365455607,0.4434852306236932,-2.96387495140289,0.0030379170999389,0.01097240617094,down
gene-LOC142975257,293.0649101740391,-0.9744277264755168,0.3486683948475165,-2.963459315287785,0.0030420227226161,0.010983348401041,down
gene-LOC142986743,127.96781724835658,-2.286158226228157,1.0841110278580426,-2.9625574193137685,0.0030509489943074,0.0110116818899916,down
gene-LOC142973692,535.2085034275998,1.3861891289525947,0.5327888352473459,2.96179373089854,0.0030585260647509,0.0110351274453561,up
gene-LOC142973064,611.8632091940209,1.1767119630687704,0.4345999996978771,2.9598677466126446,0.003077711337672,0.0110972620669732,up
gene-p120ctn,510.49169637541735,-1.376131706951155,0.5310571464186526,-2.9598466685765605,0.0030779219076713,0.0110972620669732,down
gene-LOC142972439,158.9165768710014,-1.5065026331524,0.5979246110128462,-2.959240135892802,0.0030839868122399,0.0111144861550348,down
gene-Pglym,2196.423804139625,2.144540580334052,0.9921386513035314,2.9591512050363478,0.0030848769743522,0.0111144861550348,up
gene-LOC142975042,1147.660722903569,1.9503879665769484,0.8579661007556542,2.9588019129882794,0.0030883755150379,0.0111231647431167,up
gene-LOC142985425,36.88904434986241,-1.4842635804937234,0.5846142993676666,-2.958152510760821,0.0030948896040187,0.011138765228568,down
gene-LOC142987699,36.34196280138952,2.300292887849967,1.1104664296605022,2.958171891436828,0.0030946950171653,0.011138765228568,up
gene-LOC142972911,422.7218899633016,1.472981291641557,0.5772322393308779,2.9579031086099827,0.0030973946599527,0.0111399250507886,up
gene-LOC142975018,3619.68302732725,2.734950222046792,1.526841037224392,2.957919833099811,0.0030972266172897,0.0111399250507886,up
gene-LOC142987089,45.075508460302245,2.260505214692372,1.0786675679532685,2.9576446489257653,0.00309999264258,0.0111453416353698,up
gene-LOC142974290,68.43367074665984,-1.1256324661799195,0.4134362419379163,-2.9561646751821127,0.0031149073289456,0.0111950208121647,down
gene-Pp4-19C,724.499453987933,-1.1935303417322265,0.4447040326058117,-2.9556014302257103,0.00312060069168,0.0112115351143888,down
gene-LOC142973609,282.5168266467444,-0.8379307179933068,0.2953038423278812,-2.9549842087021174,0.0031268505508993,0.0112300364437119,down
gene-LOC142987070,359987.51896912325,1.6413088766638555,0.6775199372001603,2.9536042138306784,0.0031408653966563,0.0112764027800461,up
gene-eIF2Balpha,437.7754119753714,1.3038973518950363,0.4949404654860305,2.9534606876949083,0.0031423262910324,0.0112776808904951,up
gene-Gnf1,33.80928244081754,-1.8499106867005173,0.7956358087478604,-2.953222845332888,0.0031447485558569,0.0112824072090095,down
gene-LOC142976383,53.13292653326668,-1.3683225592317207,0.5269813658604546,-2.952902940235117,0.0031480092589285,0.0112901372121867,down
gene-LOC142985577,39.75580929838903,-1.692804123934524,0.704538330072951,-2.951950629928324,0.0031577341424529,0.0113210370186223,down
gene-LOC142978059,236.4027265693026,-2.142901072720062,0.9967781201554076,-2.951816493473659,0.003159106126597,0.011321979014809,down
gene-Blm,49.27682883542972,-1.763015343158018,0.7395487491908505,-2.951636150613582,0.0031609515787835,0.0113246166250065,down
gene-LOC142978669,134.24146960728817,1.0653986830169786,0.3876860443487093,2.951004174463082,0.0031674263617067,0.0113438318855931,up
gene-LOC142982175,2629.7494364144272,1.6756773951038113,0.6890651875774734,2.9503321600533323,0.0031743246082773,0.011364549728757,up
gene-LOC142979839,849.3032282197868,1.4198790614738184,0.5520248933943371,2.950083750820297,0.0031768780003413,0.0113697032782202,up
gene-LOC142977207,629.4398088264217,1.4662287960368297,0.5762089204346363,2.9497978133897447,0.003179819461284,0.0113762415847621,up
gene-LOC142985723,47.12407514810249,-2.584383348108984,1.3374489094699291,-2.9489298889382005,0.0031887630774407,0.0114042413214569,down
gene-Vps37B,2571.7320993066573,0.9008816018659704,0.3197621928438406,2.948356205362491,0.0031946872369714,0.011417427390675,up
gene-Blos2,373.58439136097815,-1.058568155363037,0.3864682404760807,-2.948450975016887,0.0031937079043701,0.011417427390675,down
gene-LOC142976786,10.612779117319487,-2.341452765148465,1.0209567764660654,-2.947809035818065,0.0032003469426015,0.0114336511176526,down
gene-hop,122.9838184789428,-0.968762940897506,0.3487731479396887,-2.947017360791917,0.0032085518919758,0.0114589535204329,down
gene-LOC142973533,473.6812418402633,1.6402149161278117,0.6705986046163087,2.946897163571852,0.0032097992952297,0.0114593988829696,up
gene-LOC142987457,138.38186739942714,-1.3754472147666148,0.5330961277629074,-2.9452007963433866,0.0032274513393541,0.0115183901471287,down
gene-BBS1,57.77743696716391,1.385564743219621,0.5365433690485568,2.945002287824823,0.0032295227485099,0.0115217541747783,up
gene-LOC142985527,375.9565613039808,-1.905675292975567,0.837972673466804,-2.944410315053838,0.0032357070978297,0.0115397841885213,down
gene-Sps1,696.9680353694363,0.8505336903486065,0.3005724918054234,2.9440398575507385,0.0032395827608434,0.0115495708138067,up
gene-thoc7,171.70900896937235,1.3325620172746284,0.5104903605361182,2.9433878088656757,0.0032464146582974,0.0115698863188694,up
gene-l(2)37Cg,81.8599211694813,1.428709557229568,0.5589688018214047,2.942043599081437,0.0032605401765271,0.0116161722798646,up
gene-LOC142982038,18.53706992649236,-6.685853774364934,2.9907857311104094,-2.941703012165758,0.0032641280861787,0.0116248972001487,down
gene-Alg9,73.08541930328632,-2.044179074919599,0.9253065348928752,-2.940750986535594,0.0032741762786256,0.0116566157223341,down
gene-LOC142987583,5812.481003253619,1.4505862646359464,0.5724525118137936,2.939664579263848,0.0032856772278155,0.0116894065752226,up
gene-LOC142974778,630.7719641593056,2.265430670085828,1.1062087553776372,2.9397512791337097,0.0032847580542601,0.0116894065752226,up
gene-Naa20A,477.4982390493592,1.5345451987401393,0.6153411320752692,2.939027572457418,0.0032924378264419,0.0117093773151544,up
gene-smg,325.1389155333179,-1.1767116685220116,0.4395785989102869,-2.938554629386694,0.0032974653984956,0.0117207156424041,down
gene-LOC142977316,47.19767835580061,-2.66046634248354,1.4210273366851145,-2.938511659101688,0.0032979225360031,0.0117207156424041,down
gene-gry,509.6342333669718,-0.7961317119395952,0.2808606210968877,-2.9381577637495546,0.0033016896323427,0.0117300195187339,down
gene-Dd,516.1077078764202,-1.4341004014392262,0.5648853893621236,-2.9376975147258757,0.0033065946907804,0.0117433583885858,down
gene-LOC142972793,3445.640740871921,-2.2629875910200954,1.100484743918526,-2.9362979201395123,0.0033215515404408,0.0117923744602712,down
gene-LOC142974247,3160.202242974095,2.599716674510809,1.4171427253380842,2.9324262478841474,0.0033632479398785,0.0119362558144436,up
gene-Chrac-14,112.06388708970634,1.5723940973561252,0.6393373230448429,2.932120622968916,0.0033665596129115,0.011943856089325,up
gene-LOC142981269,20575.158145377078,2.5041745689357024,1.323928280535802,2.931323672082208,0.0033752091389603,0.0119703820991549,up
gene-LOC142979137,986.4576751564458,1.4155109781632234,0.5552581323518824,2.930861522121094,0.0033802342434017,0.0119833497739291,up
gene-LOC142973774,60.72109937965138,-1.4566155401625818,0.576370278263895,-2.930756222364238,0.0033813801538107,0.0119833497739291,down
gene-LOC142980044,200773.78076574745,-2.0881143374707536,0.9946061712136894,-2.930663668979268,0.0033823876456049,0.0119833497739291,down
gene-LOC142983987,5.841658658905304,-3.909689574444482,1.8478921477805528,-2.930285462670247,0.0033865074592885,0.0119937826637604,down
gene-LOC142981586,169.14535075170127,2.147863714018264,1.0141115926880375,2.930089872521085,0.0033886398210421,0.0119971719227806,up
gene-ed,26.62530313083384,-1.877410914026878,0.8095972701912647,-2.925523899582587,0.0034387676110101,0.0121704233722539,down
gene-Ube3a,1467.9143608879142,-1.57486683485123,0.6460937301185637,-2.9240922616470773,0.0034546233674309,0.0122180667745556,down
gene-LOC142972881,1218.896008995904,2.784731893303558,1.6764064649901071,2.9241273255893554,0.0034542342317017,0.0122180667745556,up
gene-LOC142972160,1888.034859629451,-1.634967599069547,0.6804283863854754,-2.92381157494684,0.0034577398355996,0.012220619979905,down
gene-LOC142985797,15.10892575621912,-3.2535259010050748,2.059585183009257,-2.9239068760462503,0.0034566814194292,0.012220619979905,down
gene-CenG1A,179.50916343564032,-1.7276289988280071,0.7345105479164672,-2.923225433199561,0.0034642560277769,0.0122394120026027,down
gene-neur,33.37884145160793,-1.425661595510763,0.5659263529314763,-2.9226472254719225,0.0034706949653556,0.0122579181700292,down
gene-LOC142978055,83.03885532780485,-2.483862581557445,1.2930264639917568,-2.9224447489521665,0.003472952323269,0.0122616479984805,down
gene-LOC142977061,94.226858189023,1.09283114108832,0.4042118797585464,2.9214218180979623,0.0034843771536661,0.0122977308462899,up
gene-LOC142973569,387.7055879882874,-1.4203673163990402,0.5639883185349029,-2.9207085282743237,0.0034923639183462,0.0123216586638644,down
gene-Rrp40,249.27327015116512,1.131003861277264,0.4216899448540665,2.917797130804208,0.0035251361394093,0.0124329870680549,up
gene-Usf,643.5870000807076,0.9813929935918664,0.3568141258724216,2.916946036619128,0.0035347692211916,0.0124626561107783,up
gene-LOC142986074,5968.227696838204,-2.0797886385607267,0.9823763692139088,-2.916346301185736,0.0035415716854413,0.0124737136622843,down
gene-LOC142986075,5968.227696838204,-2.0797886385607267,0.9823763692139088,-2.916346301185736,0.0035415716854413,0.0124737136622843,down
gene-LOC142986076,5968.169873437786,-2.079790050793662,0.98237446715727,-2.9163522094305616,0.0035415046134701,0.0124737136622843,down
gene-LOC142986068,5968.399429608987,-2.079236086276193,0.9822018974764256,-2.916010754851095,0.003545382794095,0.0124785248894234,down
gene-LOC142986070,5968.399429608987,-2.079236086276193,0.9822018974764256,-2.916010754851095,0.003545382794095,0.0124785248894234,down
gene-LOC142976569,44.28225414513747,-1.984317760105735,0.9017468391458316,-2.9157756810293067,0.0035480549661234,0.0124836253151403,down
gene-LOC142984940,1321.5217694240837,-1.408522368514608,0.5588112981390211,-2.915543386317984,0.0035506973467914,0.0124886174426949,down
gene-LOC142987454,499.1463458833511,0.936720434930538,0.3385576167719514,2.915229191087868,0.0035542742042738,0.0124968917681787,up
gene-LOC142976219,17.69340449408679,-3.9942687577100178,2.591964144410681,-2.914899039807602,0.0035580362401123,0.0125058112613039,down
gene-Cdep,235.75894359719192,-1.388617492648745,0.547695632315359,-2.9146424939102555,0.0035609620517988,0.0125117864587646,down
gene-LOC142983577,2991.4286302585074,2.8250297053774385,1.72390317694675,2.9132930941169564,0.0035763875248702,0.01256166120659,up
gene-Fntb,396.7111538614001,0.8912647656958999,0.3207306372235876,2.9122360132292884,0.0035885138271053,0.0125912549444016,up
gene-LOC142985446,87968.96057464095,1.9088015826898228,0.841915646256543,2.912254598473376,0.003588300303903,0.0125912549444016,up
gene-Dh31-R,23.16860566368432,-6.551511098585007,2.9492344201413023,-2.91233514466317,0.0035873750538532,0.0125912549444016,down
gene-Coa8,424.19168929933153,1.107752459082774,0.4129158921112689,2.9088870365173816,0.0036271789533385,0.0127200855487997,up
gene-LOC142979879,3138.722042053063,2.6238803463239573,1.47788782361616,2.908840142894653,0.003627723036402,0.0127200855487997,up
gene-Kr-h2,1957.2008630093685,-1.0374749899245492,0.3836906681186802,-2.9080956983285176,0.0036363703991385,0.0127416521331984,down
gene-LOC142977162,368.8320428505517,1.9131161382455424,0.8593341676281814,2.9081852128961034,0.0036353296200321,0.0127416521331984,up
gene-LOC142975049,45.06971056933912,2.5975188459383016,1.4164624409943805,2.9072334682188004,0.0036464093679154,0.0127724435203544,up
gene-PSMG1,1204.9793672758262,1.2798768675421397,0.4930590101525008,2.906160266890782,0.0036589398848134,0.0128119380460688,up
gene-Nfs1,1095.995940683909,1.086606650435057,0.4040808966849827,2.9052994068444717,0.0036690194273479,0.0128428262328329,up
gene-RpL21,24920.95794594041,1.2423468494212475,0.4765098401252752,2.9048692702448538,0.0036740652163247,0.0128560794182472,up
gene-LOC142986182,166.2904821345707,-1.4215707879151125,0.5666608043210827,-2.904597262510832,0.0036772593039881,0.012862846372792,down
gene-Pi3K21B,176.97584291086352,-0.9057506822741151,0.3287330637307891,-2.903960803616328,0.0036847428762814,0.0128846079267573,down
gene-LOC142982211,44.55723276338904,-1.8295752050068277,0.7980300268072559,-2.903608014537847,0.0036888969817121,0.0128947162644986,down
gene-fbp,898.1223779813481,1.5085932694841304,0.6124030696176831,2.9023310263289184,0.0037039691933013,0.0129429693789889,up
gene-LOC142981382,40822.72393298902,1.8701572699401192,0.8250659430522409,2.9019017281457216,0.0037090487333406,0.012956283511707,up
gene-LOC142976516,661.9033158333045,0.8693392118162595,0.3131750682134718,2.901493101711285,0.0037138895630351,0.0129687549674647,up
gene-Oga,82.06358520702086,-1.695851326389893,0.72642041635084,-2.900813020183448,0.003721958945311,0.0129924880146341,down
gene-LOC142981100,204.41800880647847,1.0789371472385596,0.4015356835346296,2.9006501450281545,0.003723893874609,0.0129935672216225,up
gene-LOC142977711,135.68324069116954,1.484894978514091,0.6006334416590051,2.900572709452012,0.0037248141168284,0.0129935672216225,up
gene-S,37.24167840992733,-1.4556438243281211,0.5866997382084326,-2.900301760524353,0.0037280356936546,0.013000362256622,down
gene-LOC142981623,224.95475709354176,2.0499514562329413,0.9643712892581792,2.8992935005930347,0.0037400461435546,0.0130377906377261,up
gene-LOC142973359,483.7867179200508,-2.543562107622135,1.398148847926788,-2.899090679413427,0.0037424664059808,0.0130417735083122,down
gene-LOC142980455,568.4000853898505,-2.377833597192632,1.2415908354237286,-2.8984748644186937,0.0037498236438306,0.0130629521954195,down
gene-pofut1,115.3302051635189,1.0514292386236084,0.3900530474693603,2.895311279922528,0.0037878271336187,0.0131908398337926,up
gene-Droj2,2092.7929345327866,-0.9152067753546054,0.3339755854518264,-2.894834675507421,0.0037935827248618,0.0132028212600261,down
gene-LOC142977227,646.8360449870959,1.3208898296508795,0.515424024863738,2.894812171625778,0.0037938546836148,0.0132028212600261,up
gene-RpL18,15908.980841638291,1.0882421655975638,0.4083181727193354,2.893729925594493,0.0038069545283147,0.0132438939572285,up
gene-ERp44,1031.566257610012,-0.8190360049751007,0.294811990635304,-2.8931129033382845,0.0038144415428029,0.013265419021257,down
gene-LOC142979985,41.91757781801123,1.7182890914924054,0.7413939423823259,2.8929194918849928,0.0038167911709985,0.0132690693059886,up
gene-LOC142986544,1905.9736051420368,1.4442322889806252,0.5809548553145344,2.8923487578927043,0.0038237323100904,0.0132886740514448,up
gene-LOC142976537,27.84006691436157,2.381374962383855,1.2397226075098708,2.892149414464704,0.0038261593815683,0.0132925829842301,up
gene-LOC142972451,491.158105922208,-0.950105901828844,0.3484167966172655,-2.8919447564426357,0.0038286526161322,0.013296719038061,down
gene-eff,7691.929430536951,-0.7311292943674611,0.2593195759832227,-2.8905470217738607,0.0038457199436115,0.0133486505003008,down
gene-PpD3,351.6682368104257,-0.834489659734933,0.3011794084350082,-2.890506045790653,0.0038462213305951,0.0133486505003008,down
gene-LOC142975428,315.94307470336395,2.30283543386666,1.1902272274084085,2.888355546828072,0.0038726185867153,0.0134356960960582,up
gene-LOC142977097,10191.556902365568,1.808458460478908,0.796311675593181,2.888061304304858,0.0038762431690196,0.0134437016738644,up
gene-MAPk-Ak2,439.0226000993,-1.2959060021418127,0.5081049606406305,-2.886994050382182,0.0038894158511955,0.0134848055683262,down
gene-LOC142977994,116.11785337180368,1.9585466273726044,0.9026992136044928,2.8864597825437475,0.0038960253635205,0.0135031344263001,up
gene-Dip-B,2664.945119509144,2.0289542543032524,0.9548872029965874,2.8858328946534626,0.0039037937007658,0.0135254658193202,up
gene-LOC142972246,3824.642709005583,1.95925512560066,0.9218521278093076,2.885542295362975,0.0039073995507953,0.0135333651900127,up
gene-Sec13,1902.2905134430168,1.6730698359252094,0.7141138020890089,2.8853037390386507,0.003910361895586,0.0135390311629058,up
gene-LOC142982021,860.5465409432012,-1.147013585772921,0.4364352601435321,-2.885017953866284,0.0039139134042902,0.0135467324915534,down
gene-Uba2,323.8409517611957,-1.0658500942439144,0.3998459246471446,-2.883932158691167,0.0039274335210903,0.0135847959787329,down
gene-PIP4K,3156.17965213296,-1.2391491174066227,0.4806878852377947,-2.8839210116441945,0.0039275725417106,0.0135847959787329,down
gene-Tim23,396.3556719510581,1.383819173307356,0.5513953682998475,2.883007332046724,0.0039389827229363,0.013619646562673,up
gene-LOC142972303,5.42058665792186,4.305664334213764,2.63420829390926,2.882564474831131,0.0039445240212736,0.0136341878378395,up
gene-Dnmt1,45.3710597427293,-1.4594745466713468,0.5918189392475319,-2.8816899551846773,0.0039554873395548,0.0136628288578126,down
gene-LOC142982602,30.38340674915898,-1.626460154999571,0.6830993319004027,-2.881707065079168,0.0039552725781437,0.0136628288578126,down
gene-LOC142980737,43.99627786533805,2.2671408054655364,1.1551609330513817,2.880922503172222,0.0039651312047914,0.0136915068360306,up
gene-LOC142975322,303.1117878655946,-0.8404068810714109,0.3048182688737098,-2.8807183802328344,0.003967699822526,0.0136957430126897,down
gene-Pak,140.67362672655096,-1.6284239870443074,0.6925869540296844,-2.8802845286590077,0.003973164291071,0.0137099688705078,down
gene-LOC142973163,2717.5418667688696,2.118262635925816,1.030739862068815,2.880077035953819,0.003975780128206,0.013714358826833,up
gene-LOC142979538,268.99143731713224,-1.1105398791545529,0.420379059125425,-2.8799498261737324,0.0039773846207043,0.0137152583863274,down
gene-LOC142983522,128.61093587862362,-2.2456894426186733,1.1333459787886393,-2.8789091908640434,0.0039905322111979,0.013755948085004,down
gene-LOC142981956,177.11946709817437,1.322030439953761,0.5205475740897413,2.878498683958235,0.0039957294800692,0.0137692136404681,up
gene-LOC142986171,71.92087062748726,-1.5835314493507662,0.6646678480748672,-2.8781671054150437,0.0039999319535194,0.0137790433511891,down
gene-ClpX,1407.8559322248493,-1.3273397452449731,0.5267169191714374,-2.8767894676388432,0.0040174353357639,0.0138346701997781,down
gene-LOC142979994,88295.58165964938,-2.0314373366816696,0.9965652177516624,-2.875837890765,0.0040295660330645,0.0138717640807721,down
gene-BNIP3,7769.943272565763,-2.258562556035675,1.1606377710072937,-2.875136305597094,0.0040385311223914,0.0138979390311023,down
gene-BTBD9,366.98482022012166,-1.990274128563698,0.9382995252684304,-2.874747049802763,0.004043512968688,0.0139103932832488,down
gene-RpL4,21394.899378620117,0.831377283863627,0.3008879147805484,2.8745890014190008,0.0040455373249176,0.0139126682868713,up
gene-GATAd,105.6211693158478,-1.6866437237668788,0.7266395378270706,-2.8741471021930733,0.0040512022559397,0.0139274575366714,down
gene-LOC142980479,548.260395104857,2.0562875631303537,0.9876308073972316,2.873642921798425,0.0040576743944706,0.0139450109576977,up
gene-LOC142974483,439.3440636240887,1.1784032101627462,0.4515619047224319,2.8725565031846485,0.0040716526076399,0.0139883400088122,up
gene-LOC142978866,517.0829409216936,-2.07754638754214,1.0049941526782489,-2.872274776878997,0.0040752845185058,0.0139961066892291,down
gene-scny,254.9796765372399,-0.8696294094362181,0.3176031649351527,-2.871690391262331,0.0040828275777597,0.0140160273669531,down
gene-JMJD4,56.70368163015943,0.9749223363743068,0.3610615464084218,2.87161270871143,0.0040838312324207,0.0140160273669531,up
gene-Ppox,189.5107683515816,1.4454860421516809,0.5880509263260979,2.8700371331180783,0.0041042359774589,0.0140813232342599,up
gene-lic,775.0575117015364,-0.8278970506114145,0.3010646342158597,-2.8688555742893187,0.0041195986048427,0.0141263752764345,down
gene-sbr,675.1652465247362,-1.0671995672112984,0.4029010746993158,-2.868814382329566,0.0041201351227535,0.0141263752764345,down
gene-LOC142980483,210.0228005151894,3.3020327886657257,4.373590646425442,2.8683670488757507,0.0041259656454868,0.0141416156291083,up
gene-RnrL,143.47249724330754,-1.51583976545011,0.6301443882096017,-2.867343986641901,0.0041393283412416,0.0141798741976884,down
gene-HisT,113.91688440185123,-1.94692438948284,0.9082302150929772,-2.867299793877001,0.0041399064474489,0.0141798741976884,down
gene-LOC142976103,70.68363192005235,-1.4708955402184671,0.6040179604327669,-2.866584277852368,0.0041492766477982,0.0142072011888884,down
gene-LOC142987243,1113.081887940789,-0.9998314394863588,0.3733375357817349,-2.866102445134135,0.0041555974338794,0.0142240721018134,down
gene-LOC142980886,1178.120136239584,1.2719368627103855,0.4981981903844382,2.8658795779670823,0.0041585240075811,0.0142245491103824,up
gene-LOC142980296,151.26672338011943,2.594413977085843,1.5440582645509746,2.8658860416768253,0.0041584391032418,0.0142245491103824,up
gene-LOC142976942,14875.1184238574,0.9227482507217528,0.3410497175802024,2.864744519019826,0.0041734580350394,0.0142617935064355,up
gene-LOC142980495,275.8687219847749,-1.3174086895705754,0.5239783467773473,-2.864814977559326,0.0041725295940079,0.0142617935064355,down
gene-LOC142986124,3841.949622531038,-1.4171691335688252,0.579280507773136,-2.864733434425908,0.0041736041151879,0.0142617935064355,down
gene-LOC142983741,14.00937107021798,3.186358131323207,2.5144788353456877,2.8645196265281934,0.0041764227256488,0.0142666488489618,up
gene-LOC142978591,252.42299665610105,-1.5282479986562625,0.6388966246849018,-2.863333612110971,0.0041920892301923,0.0143106147263068,down
gene-AspRS-m,114.59789290571224,1.699927450649526,0.7392422560727253,2.8633329956385167,0.0041920973872496,0.0143106147263068,up
gene-LOC142979085,815.9245851030634,-0.9173571091096916,0.3386683479340521,-2.863122251891346,0.0041948867561648,0.01431534908732,down
gene-LOC142986424,1405.2015747698442,1.1091588945796536,0.4213851002043988,2.861037009981479,0.0042225775552435,0.0144050297815412,up
gene-LOC142976396,396.3330087719421,-1.383046439030219,0.5595861306679805,-2.860249998112762,0.0042330716378119,0.0144360047467913,down
gene-mRpL38,381.8003510530396,1.4481092936152256,0.59209741056524,2.860125360320022,0.0042347357366603,0.0144368562672318,up
gene-LOC142975995,56.43654751122756,2.947674423214617,2.009242247189175,2.858716243745739,0.0042535908439977,0.014496294405571,up
gene-Nmdar2,8.430746226022002,-6.09007079897586,2.67594132404002,-2.85837117909398,0.0042582196752354,0.0145072257093217,down
gene-LOC142980509,1466.3696525771368,-2.05971870337154,1.005133021389946,-2.8571555988096606,0.0042745623559927,0.0145580440332391,down
gene-LOC142983442,53.79250868695035,-1.5277686266895585,0.6436724823926456,-2.856099283547361,0.0042888099888118,0.0146016956490334,down
gene-LOC142983558,2046.800603440786,-1.3020457082213572,0.5184095861226338,-2.8557762135021703,0.0042931761650555,0.0146116869345523,down
gene-LOC142982923,6.846632201246273,6.701181942604192,3.9038702166115926,2.854975739212524,0.0043040116595136,0.0146436823362185,up
gene-LOC142984472,190.44353376269865,-1.8743906038808316,0.8642957278064014,-2.8539288503449667,0.0043182201269287,0.0146871285689975,down
gene-LOC142985763,105.21284719293536,-1.6262357154851632,0.6993617260586668,-2.8537924655747204,0.0043200742807101,0.0146885403674912,down
gene-LOC142984269,13.065932430694296,-2.425102134976329,1.1915915503840553,-2.852957650859665,0.004331439344219,0.014722278183964,down
gene-Strip,157.92057538535354,-1.1599580750207297,0.4488352573870133,-2.852339121491078,0.004339877400873,0.0147411409752784,down
gene-LOC142983634,49.63029958353087,-3.331219869251973,4.5363979037528415,-2.85236982882747,0.0043394581361586,0.0147411409752784,down
gene-LOC142978869,1974.7579365557904,-1.666045502742973,0.7278281960314434,-2.85207412500727,0.0043434970746852,0.0147485278247877,down
gene-siz,189.2401492926349,-1.22107850976689,0.4784582364681905,-2.851753868142905,0.004347875220614,0.0147535779178217,down
gene-Magi,42.89430854817427,-2.049986466564431,0.9845966833338792,-2.851801542845388,0.0043472232191566,0.0147535779178217,down
gene-LOC142985588,264.37770327754794,-1.496288209359357,0.6244222429704469,-2.85159425191566,0.0043500587849037,0.0147560817605558,down
gene-LOC142975581,143.39204997054716,1.3944231557043243,0.5659005437560101,2.8512911622653574,0.0043542078148377,0.0147652488923749,up
gene-Vps29,464.6790436010601,1.090131451026068,0.4147770522631792,2.85028065673233,0.0043680666758459,0.0148073253272534,up
gene-LOC142983172,96.68617396312628,1.626318640387256,0.6996335345815582,2.8495231705668003,0.0043784816399985,0.014837703220274,up
gene-LOC142981649,11638.44729835634,1.625500819772682,0.6949282150155942,2.8489641173362577,0.0043861827060072,0.0148588672021956,up
gene-Atf-2,117.0607160927723,1.1278512496613446,0.4327886622082451,2.848410411265048,0.0043938222136918,0.0148798086712517,up
gene-Kua,1192.824019648597,-0.8665434793897316,0.3194156805481762,-2.848078582867587,0.0043984062425858,0.0148903922116331,down
gene-LOC142986603,399.3907406789544,-1.3125413854132275,0.525408372493071,-2.847612331687292,0.0044048545736005,0.0149072780612536,down
gene-LOC142974453,7276.193217307413,2.0683993429854897,1.0157344046767929,2.846805308408673,0.0044160360925483,0.0149401658590127,up
gene-LOC142986199,526.0125739998888,-0.9716536399394544,0.3643098315211498,-2.8452550602699347,0.0044375873839338,0.0150081028587849,down
gene-LOC142979395,5226.392756997378,2.5128182782554416,1.466857395165747,2.8450603493060207,0.0044403009501009,0.0150123059945944,up
gene-Pyroxd1,481.42116862365896,1.1665053353162884,0.4517194448120333,2.84318013317762,0.0044665818314356,0.0150864287287355,up
gene-Rpe,2267.0751401041166,1.2725653986912693,0.503865179294187,2.843174632630632,0.0044666589221356,0.0150864287287355,up
gene-LOC142983566,68.31435460253999,-1.3166832981600047,0.52690981598678,-2.84337287757517,0.0044638812611666,0.0150864287287355,down
gene-Dh44,707.0363179901586,2.561708665903716,1.542696766610692,2.843041500198306,0.0044685251538626,0.0150877394129923,up
gene-LOC142973384,18.02764933185928,2.716028384031102,1.759599176483087,2.84286618597083,0.0044709837618447,0.0150910486961471,up
gene-LOC142984466,557.1279258964628,-1.8468696962729487,0.8526395751745318,-2.841881876232341,0.0044848105030996,0.0151277134187501,down
gene-LOC142981749,1284.2558630559297,1.944504536850152,0.9218121999274514,2.8419768345987486,0.0044834749226826,0.0151277134187501,up
gene-Marc,247.47047196460176,2.231247366975152,1.168377034736898,2.8410684084106705,0.0044962666303814,0.0151613457206155,up
gene-LOC142977401,11581.19996102714,-1.321877742030609,0.5325635084543385,-2.8405291163718096,0.0045038761281167,0.0151819893129746,down
gene-Set2,66.07501024694031,-1.5669743587822853,0.6680831674194931,-2.8403876391200344,0.0045058743259574,0.0151837105464007,down
gene-shn,577.2374339697909,-1.0832868190145208,0.4152797505901787,-2.83970240564852,0.0045155638037738,0.0152113398498743,down
gene-LKRSDH,3588.9457368205585,-1.465857891920277,0.6113339376568729,-2.838952604291588,0.0045261879226977,0.0152420983592793,down
gene-LOC142987563,197.24485463429224,1.6806957001533211,0.7384110926354512,2.837838101363243,0.0045420214346484,0.0152903736093194,up
gene-Tfb1,87.84334184273973,-1.03953854634007,0.3957164953904656,-2.837553220751305,0.0045460767178524,0.0152989795776855,down
gene-Atet,1451.5285517071331,-1.9481701824563515,0.9331804676226744,-2.836912516593312,0.0045552091441635,0.0153246604266571,down
gene-shot,1446.3477448269286,-1.4748246971032637,0.6178623824600625,-2.835634708898645,0.0045734723106896,0.0153810319193441,down
gene-UbcE2M,2059.6137057440856,1.1352151166002191,0.4388152911632115,2.8355050778726234,0.0045753287726338,0.0153822071087857,up
gene-LOC142975624,12.088658692215818,2.701645339347807,1.5696634035360906,2.8353513291720662,0.0045775315115779,0.0153845453206045,up
gene-Elp4,183.49855578615916,0.9958647686155268,0.3753151026237209,2.8345052430193047,0.0045896704805447,0.0154202655019488,up
gene-LOC142984031,166.2695698948088,-2.018394924235292,0.9873160915047624,-2.8338910664316965,0.0045985004508929,0.0154448483390142,down
gene-mus312,336.83894353146576,1.1903953590797651,0.4659915127842921,2.8321226013213847,0.0046240115338257,0.0155254229361052,up
gene-LOC142978345,7793.631425340271,1.3814859592335498,0.568148131687287,2.8314791814641422,0.0046333249699447,0.0155515777600217,up
gene-LOC142973539,590.9064932404906,2.286054347195396,1.2383721708826845,2.8311572056248204,0.0046379919109715,0.0155621247321785,up
gene-LOC142982586,10.753715867058045,3.8119140618446554,4.575451578471092,2.830537392366152,0.004646987899703,0.0155871855051821,up
gene-LOC142979356,131.67227735222818,1.1148091795897146,0.430155234002984,2.830049277887389,0.0046540835254449,0.0156007325268363,up
gene-Girdin,63.61695327423655,-1.2876260148351102,0.5149902991189833,-2.8301446587319727,0.0046526962218648,0.0156007325268363,down
gene-LOC142985269,971.1052315514564,1.555253328727748,0.6611882693416872,2.829662280764799,0.0046597161983073,0.0156144856323451,up
gene-Unc-115a,966.4799173115362,-1.6784616054063852,0.7442329068367103,-2.829403340493159,0.0046634884727779,0.0156219976506874,down
gene-PAN3,755.4089881485132,-1.1289138798031804,0.4383036383135885,-2.828588837392614,0.0046753722907453,0.0156566682977815,down
gene-LOC142981496,25.57073020811835,-2.1323933922989404,1.0677924142617246,-2.828153403584398,0.0046817366267034,0.0156728388811944,down
gene-DNAlig1,69.62605389937276,-1.2712760564577426,0.5108255303591953,-2.8275153301093487,0.0046910769288761,0.0156989581026355,down
gene-LOC142979290,312.3329899179109,2.925900638704001,2.3683036824648624,2.8272212577573645,0.004695387320526,0.0157082328353356,up
gene-LOC142984431,143.82819387177685,-1.7507776788079217,0.7918005964789356,-2.8271108759727537,0.004697006176631,0.0157085000147029,down
gene-mRpS25,137.81147780101898,1.5161164805212064,0.640992543958264,2.826509873127749,0.0047058293356741,0.0157328529411157,up
gene-Hyls1,52.41459036780005,2.2950252752299902,1.2422301303204268,2.826006433500895,0.0047132317406532,0.0157524415117381,up
gene-LOC142975616,412.01431754377774,1.1854157163286578,0.4645341343686814,2.825559835863587,0.0047198071812864,0.0157692543042196,up
gene-LOC142985400,13.060745685555023,-3.529600389065579,2.960766043154696,-2.8253316213504167,0.0047231704822244,0.0157753275890264,down
gene-Cpes,47.254777056833966,-1.5489503390330086,0.6628367431061848,-2.823463825326883,0.0047507786822089,0.0158623480566918,down
gene-LOC142972602,78.57596620312965,-1.4201769192799534,0.5887129541277313,-2.8233546929795894,0.0047523962927237,0.0158625601569103,down
gene-LOC142978174,64.44311632674041,-1.1176151498435338,0.4330126078601604,-2.8223790432824525,0.0047668799923195,0.0159005046018318,down
gene-puml,1294.5000505432818,-1.2388178302755657,0.4936057293876628,-2.8224509182549826,0.0047658116335571,0.0159005046018318,down
gene-LOC142979493,256.9926741474612,-1.932674284009624,0.930734656769813,-2.820017976998043,0.0048020959160283,0.016012738652369,down
gene-fwe,638.3991106653426,-1.049162667240013,0.4028748623774269,-2.819098644625281,0.0048158715597196,0.0160534294611555,down
gene-Prip,7379.366062362264,-1.6471020782378083,0.7302911486810799,-2.8185553518642044,0.0048240292758126,0.0160753727777407,down
gene-Pkn,314.547847679777,-0.879138526285127,0.3282945880158851,-2.81762318590822,0.0048380551839154,0.0161168502814048,down
gene-LOC142980040,14165.73505004883,2.328745606510166,1.2871750365384895,2.817320658571261,0.0048426151094853,0.0161267772993529,up
gene-Sf3b3,486.93963765048255,-1.0331567572959417,0.3956965582025051,-2.8160073500063136,0.0048624554237837,0.0161863236250284,down
gene-asp,169.46970223965815,1.2620223900931238,0.5054770901118247,2.815927272641561,0.0048636675377644,0.0161863236250284,up
gene-LOC142977264,367.908932439838,-1.2309325175815071,0.4910748834046386,-2.81555705024226,0.0048692750694127,0.0161997035963156,down
gene-INPP5E,73.99293734186939,-1.345517365840174,0.5511757494548801,-2.8152945819193045,0.0048732540585627,0.0162023792103418,down
gene-LOC142984028,60.05760296410168,2.225879766175094,1.1976111736043338,2.8153112184754723,0.0048730017630249,0.0162023792103418,up
gene-LOC142978715,836.4557431101767,-1.0073848068082327,0.3838490482764884,-2.814927719487222,0.0048788205793475,0.0162156045761643,down
gene-Chro,260.2404900394937,-1.1102993149736178,0.4330540924291288,-2.8122081834071464,0.0049202646596454,0.0163480277932947,down
gene-Sec61beta,3524.5847951492783,1.520053285746892,0.6490338605317499,2.8116321319021087,0.0049290840992536,0.0163720017575925,up
gene-LOC142985725,18.44305801250769,-3.56778575159449,3.380774445517829,-2.811217410246813,0.0049354424031587,0.0163877880966302,down
gene-Mlc1,7905.315147155456,1.927049264575297,0.9310244011072936,2.804334798527997,0.0050420518766069,0.0167363328470007,up
gene-GSTe3,2343.561513784589,2.377714447812178,1.3759943282339289,2.804187409927084,0.0050443574770204,0.0167385425123368,up
gene-LOC142986720,18.722404975396312,-2.4766059101136606,1.3928010344282866,-2.803281506755108,0.0050585494688754,0.016780180184859,down
gene-LOC142978208,557.4855807113676,-2.325700867522613,1.308393981888648,-2.8030580984402405,0.0050620549553176,0.0167863531283066,down
gene-LOC142979836,32.550841651446724,1.8833793383356536,0.8953930949481118,2.8027754427775955,0.0050664932351478,0.016795614306968,up
gene-LOC142983188,14.1022785122719,1.0526266242844995,1.5958972657521568,2.801496356746636,0.0050866215470762,0.0168568656269504,up
gene-LOC142973703,985.7013784690822,2.303133449732708,1.2866649023659251,2.801359635307144,0.0050887773318291,0.0168585362628952,up
gene-LOC142975287,26.62080970161523,1.4640727788347765,0.6177663752622028,2.8009201762812777,0.005095712191373,0.0168705593050096,up
gene-NijA,89.8005908253309,-2.4140892061718358,1.405990886695943,-2.8010172503957818,0.0050941795838667,0.0168705593050096,down
gene-LOC142976188,4324.630372403285,-0.6934015384446441,1.4049466103941952,-2.799942963536224,0.0051111636716947,0.0169162281442894,down
gene-Patsas,73.29558544548047,1.9069263968705088,0.9178221315167184,2.7995918844237653,0.0051167251917269,0.0169291455533085,up
gene-beg,25.31164088244088,-2.137928280022085,1.0677824132447158,-2.798657649197676,0.0051315512662156,0.01697269726969,down
gene-dlt,19.62134786970431,-2.682599429330669,1.5913085614168163,-2.798219033422831,0.0051385253706904,0.0169902586519719,down
gene-Aduk,150.68041782792386,-1.4820284892225304,0.6340664017369562,-2.7976911273061167,0.0051469305732749,0.0170125389771428,down
gene-LOC142985239,497.5516195940909,1.3569270239754578,0.5601506182886784,2.7972625520925867,0.005153763387417,0.0170296092247867,up
gene-LOC142974982,561.2133204479534,-1.7666346968787878,0.8221673464735333,-2.7967636318854177,0.0051617280436063,0.0170504071654012,down
gene-NGR-A2,17.19386340980601,2.450027129752859,1.4406662175828395,2.795677541622515,0.0051791046320702,0.0171022714265743,up
gene-w,759.5269164432216,-2.283718004348396,1.2790230759803882,-2.795329988590021,0.0051846763603874,0.0171151331211108,down
gene-jet,100.78631044056146,-1.4415020185796503,0.6094114394778303,-2.7935695369945592,0.0052129819820907,0.0172030090821855,down
gene-LOC142975928,230.6974816115488,-1.5146872383173529,0.6555353381943162,-2.793127282415196,0.0052201147311431,0.017220979657653,down
gene-LOC142979093,5.94075297220279,4.095266742329801,4.572180154148822,2.792986081182946,0.0052223939023956,0.0172229320070283,up
gene-msk,587.024056962197,-1.0192840427048484,0.3929382093305875,-2.791638117005882,0.0052441970958721,0.0172892505676896,down
gene-dre4,1205.9610792023102,-1.002148871542193,0.3862564909469476,-2.791340175546599,0.0052490273537999,0.0172995874072444,down
gene-Chi,585.1860414581678,-1.0397678489336384,0.4029442073969084,-2.790287150818433,0.0052661313221715,0.0173503558442238,down
gene-LOC142973632,167.605383561886,1.0204147655679772,0.3933792540905862,2.789118176156534,0.0052851775838395,0.0174074887377379,up
gene-l(2)k09022,43.98027271705565,-2.141202580619795,1.103574906872809,-2.7890032538477896,0.0052870533836593,0.0174080496409711,down
gene-LOC142982611,2021.3482219929056,1.7233784047059766,0.7904673972763846,2.788731544868528,0.0052914906990282,0.0174170414592006,up
gene-sstn,303.1767151067706,-0.98634286732395,0.3796133666440429,-2.7881804654315694,0.0053005007817639,0.017441073977906,down
gene-LOC142974472,632.4385436159458,1.1185421436809693,0.4393520185312775,2.787999355045671,0.0053034649388233,0.0174452035548082,up
gene-mtm,139.02857204532788,-1.0671691254102975,0.41683028441782,-2.787385057079765,0.0053135300482685,0.0174726807998316,down
gene-LOC142981173,5638.030378420462,1.862775893006217,0.8862745793696641,2.78652061374367,0.0053277229443338,0.0175137095306975,up
gene-LOC142972450,496.5002903133875,-1.322682864479703,0.5476023721218204,-2.7853447567724725,0.0053470837572689,0.0175716947554554,down
gene-LOC142973043,77.51688028797028,1.0675082114323151,0.4157180793812355,2.785163519824174,0.0053500735188065,0.0175758610899448,up
gene-ifc,724.4802294886209,2.013246082783985,1.022875930038962,2.784174972202621,0.0053664076088009,0.0176238489263291,up
gene-LOC142986072,5968.3112998536735,-2.0261967716499947,1.0372824562441936,-2.783858672932967,0.0053716434245731,0.0176296991751184,down
gene-LOC142986073,5968.3112998536735,-2.0261967716499947,1.0372824562441936,-2.783858672932967,0.0053716434245731,0.0176296991751184,down
gene-LOC142980291,42.00809548086067,2.484405341619604,1.555076075775787,2.782678710293947,0.0053912164974529,0.0176882503341376,up
gene-LOC142981736,37532.96995266443,1.432084479305272,0.5954478722304732,2.782434172666739,0.0053952809037531,0.017695897231558,up
gene-LOC142981562,63238.5250002014,2.7755355594165647,2.285505956190934,2.781419256806076,0.0054121791831456,0.0177456193133208,up
gene-E(z),81.99925276383048,-1.8888570302444525,0.9160137839458852,-2.779870024762157,0.0054380659431957,0.0178190494645904,down
gene-Sema5c,13.226305178598787,-2.6844515403310134,1.6760439275194745,-2.779875284971359,0.0054379778593868,0.0178190494645904,down
gene-Manf,1427.616542670229,1.664768862114687,0.7545098411696176,2.779051369088221,0.0054517902917924,0.0178582873903485,up
gene-LOC142973389,128.31733099184245,1.284053165180615,0.5251330626122662,2.778361547953843,0.0054633790594979,0.0178847691020832,up
gene-Alg14,111.3398945223097,1.3390697893292005,0.55583730411422,2.7784481456380123,0.0054619230274265,0.0178847691020832,up
gene-eRF1,860.1402054430587,-1.291674711827802,0.5326593130759023,-2.777919076722175,0.0054708241316229,0.017903399138017,down
gene-Eps-15,266.7312824598326,-1.404043419659605,0.5954669906426058,-2.777653018978161,0.0054753052576999,0.0179123207581229,down
gene-LOC142973631,517.8302592352692,0.847981137896847,0.3197772057891021,2.7757930647819924,0.0055067245255215,0.0180093358641457,up
gene-LOC142984933,51.49168206486559,-1.2265968895694055,0.4952789700630224,-2.775186728100136,0.0055170021800967,0.0180371688828468,down
gene-LOC142983715,247.21854175076956,-1.219925521683382,0.4956900924507706,-2.7744477695837664,0.0055295512330659,0.018072407760456,down
gene-fzr,195.10078956591644,-1.8835010299030264,0.9242907626475548,-2.770860037095456,0.0055908453007615,0.0182668879593062,down
gene-Usp14,1318.346820270055,-1.372837972035062,0.5804299252888397,-2.770187255737867,0.0056024073548313,0.0182988069986443,down
gene-NetA,25.452782101489365,-2.610748653575669,1.5325549298732026,-2.769643519484964,0.005611767468199,0.0183235158502584,down
gene-LOC142976546,47.68582822383359,1.168044986678397,0.4664481869959634,2.7692990217205407,0.0056177051021073,0.0183370374087656,up
gene-LOC142979915,113.94523217946026,-1.3763914023753103,0.581094307747411,-2.768769742518197,0.005626838603323,0.018360978780089,down
gene-LOC142980193,20301.63249388905,-1.7972238245997283,0.863086003470842,-2.767939455375248,0.0056411934386543,0.0184019371774833,down
gene-Bap170,42.33673337258285,-1.6811634168024128,0.7657703549389079,-2.767815216596829,0.0056433442422215,0.018403071782861,down
gene-Ibm1,7.721446902922614,-3.010346959291455,1.6223883420277432,-2.7672938684995323,0.00565237781189,0.0184266433490775,down
gene-APP-BP1,224.7989159784626,1.2533139559077175,0.5117752819539322,2.7671348126347866,0.005655136420821,0.0184297501428226,up
gene-cpb,1189.8186859173811,1.122213379954506,0.4454870187474108,2.7658860525051745,0.0056768367088708,0.018494565045466,up
gene-LOC142984916,66.44187062176,0.948493451450058,0.3646151519580297,2.764259895089339,0.0057052077856089,0.0185810644121604,up
gene-LOC142975377,299.7495060361964,1.0536164593491597,0.4133989332020069,2.763916113829617,0.0057112219836503,0.0185947185923824,up
gene-LOC142975268,17.7454540856258,2.90428926892491,2.611484832091254,2.7637760071816078,0.0057136746850611,0.0185967721653123,up
gene-dsh,74.72172457151699,-0.9548687368172428,0.3684041631704139,-2.763388212388375,0.0057204683596142,0.0186129488513173,down
gene-LOC142974658,97.10447327852228,-1.1728485460221043,0.472521075638013,-2.7619432666339194,0.0057458461726525,0.01868361003003,down
gene-INTS7,28.258087583985983,-1.9836599848766348,0.9937353463891812,-2.762016485463046,0.0057445577807579,0.01868361003003,down
gene-LOC142978848,77.35569995779451,-2.3440638489645926,1.3621325231989327,-2.761417285521852,0.0057551092382654,0.0187077706990367,down
gene-key,206.85890793765296,-1.525018718981909,0.6739301681580233,-2.760059164128317,0.0057790894523882,0.0187797408597666,down
gene-Prp19,218.54710731170476,-1.1640990478633224,0.469424413586579,-2.759858672718187,0.0057826371308897,0.0187852887316969,down
gene-LOC142979577,346.0365977636647,-0.6623062163718533,0.246371000205388,-2.7574263044373706,0.005825834377176,0.0189195964008387,down
gene-LOC142977968,112.5537595101918,-1.2681166547867462,0.5248997512323457,-2.756994660003377,0.0058335304182996,0.0189385639248042,down
gene-ERR,4187.485604945419,-1.99581078163664,1.034908634702686,-2.7566638544909807,0.0058394347456276,0.0189517044351736,down
gene-pelo,532.972350408188,1.3936366466507153,0.5920140730664353,2.7564632329638785,0.0058430181294524,0.0189573064358935,up
gene-Vps39,402.3719151131213,-0.9878618962645996,0.3855056539719906,-2.7558085156185754,0.0058547261004889,0.0189892562147093,down
gene-LOC142972479,237.55773080829516,1.4604702232906468,0.6314176685923802,2.754418162897703,0.0058796592237788,0.0190640666128052,up
gene-Vti1a,131.7438787192005,0.8430816406816285,0.3202249311888319,2.7541914225434314,0.0058837344113074,0.01906516734483,up
gene-LOC142974074,54.76185743735466,-2.331782383100734,1.368375965552586,-2.7542353441157106,0.005882944813397,0.01906516734483,down
gene-ScsbetaA,2028.71171199336,1.4650081565305213,0.6352021561801205,2.752976893478741,0.0059056064242963,0.019129966605139,up
gene-LOC142978256,148.16884177479685,-1.7043584588447371,0.7977946021187621,-2.75244455316274,0.0059152162255199,0.0191550165018661,down
gene-LOC142986037,565.5113496560556,1.285421660240066,0.5325983717639616,2.7520265849309857,0.0059227712573626,0.0191733987389471,up
gene-LOC142976788,257.1404399980296,-1.4699961880482837,0.6433567950158189,-2.7513961649953207,0.0059341829348544,0.0191981633014452,down
gene-LOC142981536,49566.88580012872,2.4245226298063263,1.5388394481251744,2.75149766244503,0.0059323443204207,0.0191981633014452,up
gene-SrpRalpha,619.50264840433,-1.31537710548954,0.5522150734730755,-2.751279784564806,0.0059362917847459,0.0191989005852035,down
gene-Coa7,687.7382142758721,1.7146638851765577,0.8032950627895549,2.751043065448971,0.0059405832934161,0.019206694227399,up
gene-LOC142986588,421.40174268813536,0.7783046987132801,0.2937589293390612,2.7497439498362803,0.0059641849262982,0.0192768953586848,up
gene-LOC142982619,51.6662895122708,-1.5042277168892944,0.6631001346453252,-2.748501714742327,0.0059868321761831,0.0193439683514724,down
gene-LOC142979897,2635.698814275835,1.5882752254370347,0.7163095586787169,2.74700945653297,0.0060141400397722,0.019426052970239,up
gene-LOC142975938,96.71310726525869,1.0533681186431487,0.4163432303949276,2.7461626938654486,0.0060296853929097,0.0194635559724702,up
gene-nst,148.50339093672997,-1.0839982113146664,0.4323240922884785,-2.7461426848508363,0.0060300531672456,0.0194635559724702,down
gene-ScpX,16360.861644403676,1.1653447023742332,0.4729244583344805,2.745961835067076,0.0060333781813359,0.0194635559724702,up
gene-LOC142987480,1576.4455071045134,1.331597983353443,0.5588142910383843,2.7459981489204197,0.0060327104004051,0.0194635559724702,up
gene-LOC142973010,51.56361688564579,1.6977658926788868,0.7913223473798449,2.7457773264141663,0.0060367721676724,0.0194683518216216,up
gene-RanBP3,981.1305353244376,-0.8042207291486367,0.3059760929107036,-2.745400530386863,0.0060437085711101,0.0194845651880359,down
gene-Sec20,120.53428155793222,1.2351021086659562,0.5071913491459185,2.744980824620568,0.006051443348289,0.0195033414133204,up
gene-Dbp80,1532.449173399268,1.0247330757903288,0.403035778060771,2.7437252488007093,0.0060746356835702,0.0195541478345507,up
gene-Pep,154.70449090309134,-1.0526270207838142,0.4172024667012183,-2.743609043016485,0.0060767862183986,0.0195541478345507,down
gene-beta-PheRS,222.62630604221104,-1.2734401098960169,0.531454021894348,-2.7436231656280343,0.0060765248250302,0.0195541478345507,down
gene-LOC142977681,50.137985262451416,-1.389818273697402,0.5908803826076269,-2.743673795307733,0.0060755878108699,0.0195541478345507,down
gene-Atg101,2020.4405279722528,-1.9111231624391525,0.968706238925664,-2.743931636568165,0.0060708179071539,0.0195541478345507,down
gene-3HCD,2136.2534739946827,1.9199310767144169,0.9704589927727532,2.743076628059748,0.0060866480010342,0.0195797088391289,up
gene-LOC142976583,159.52550575517287,0.5764362472660814,0.9180052951876568,2.7427358978152605,0.0060929668204386,0.0195938602193502,up
gene-LOC142974889,2652.401009435349,-0.6218196878588159,0.2314440648592441,-2.7423107422932658,0.006100859586504,0.0196068872164504,down
gene-LOC142986700,61.61247599690798,2.1678224085047653,1.2078828545070424,2.742408783176392,0.0060990386977973,0.0196068872164504,up
gene-LOC142980621,24.443551989884217,2.164338729950172,1.2129443281164,2.7413294581022334,0.0061191117257256,0.0196593558024807,up
gene-Nxt1,427.2700664735833,1.1899322786416042,0.4849985117919557,2.7402307557163983,0.0061396062202622,0.0197189932945929,up
gene-LOC142986252,126.53442852728668,-1.2557647663017204,0.5220085159044543,-2.739114808517695,0.0061604856476197,0.0197798291932225,down
gene-conv,58.4073921600573,-1.2971552467294325,0.5453967512838285,-2.738524801942832,0.0061715505202187,0.0198091245785761,down
gene-LOC142987340,722.0764548038392,-1.2599212295834574,0.5245084288165129,-2.73706515646827,0.0061990013778118,0.0198909799004481,down
gene-LOC142980839,69.41031053142628,1.0680808509388433,0.424309000101957,2.73662114802757,0.0062073734133838,0.0199060476422509,up
gene-LOC142981463,119.6709418084116,-1.8329100950049648,0.9038586404805844,-2.7366092608786787,0.0062075976922979,0.0199060476422509,down
gene-Cap-G,49.26403864760805,-2.41957981949748,1.511495927902177,-2.736452303268788,0.0062105597496005,0.019909291257592,down
gene-scf,562.6845661796608,1.414467576530014,0.6108924720016753,2.7351894512902986,0.0062344382636086,0.0199732929556351,up
gene-LOC142976688,154.88211438597529,1.8080799079080083,0.8852846003621194,2.735271513329861,0.0062328840941469,0.0199732929556351,up
gene-Ets,206.212118681173,-1.026932571425553,0.4074930858792345,-2.734655544618728,0.006244558421248,0.019999437654747,down
gene-Vlg,194.13542956444735,-0.911719483694459,0.3543550614530731,-2.734369535502127,0.0062499857818571,0.0200042661885907,down
gene-Pgk,1163.8450853006952,1.6700774881235048,0.7794150198603091,2.734393959443086,0.0062495221429675,0.0200042661885907,up
gene-LOC142974110,1990.6127774328413,1.7636705480415322,0.8514356265753603,2.7341653523659684,0.0062538629954463,0.0200104011268089,up
gene-bys,689.1913355586707,0.9875811939752044,0.3875755124719563,2.7331960262230783,0.0062722989899603,0.0200568157238489,up
gene-LOC142978411,161.0599901814508,-2.3321414146339685,1.401820331078963,-2.7332171702625305,0.0062718963217936,0.0200568157238489,down
gene-cg,194.88949972183036,-1.7143366960255968,0.8166435967155737,-2.732413554490134,0.0062872167969445,0.0200982216869442,down
gene-LOC142975446,651.3698583613051,1.8947874746700808,0.9573911991994586,2.731992997765042,0.0062952478904276,0.0201175939942376,up
gene-mei-P26,177.69306743070982,-1.321009274438084,0.5620267065228032,-2.7303218431503504,0.0063272521505857,0.0202135407514955,down
gene-LOC142983092,90.41736855712593,-1.2398805820870558,0.5146589797644097,-2.729834305473629,0.0063366165306665,0.0202371229438401,down
gene-LOC142983686,163.42649723838545,-1.8294542245360097,0.9014543877161316,-2.729464687457689,0.0063437242795453,0.0202534856807381,down
gene-Tango9,129.8327012310065,-1.659753408920478,0.7798552278760812,-2.729032719870206,0.0063520401019235,0.0202736939713364,down
gene-LOC142972549,336.35860802469546,-1.4189470159636837,0.6195628999942541,-2.728794067789925,0.0063566386070006,0.02028202884078,down
gene-LOC142978528,837.1000868329661,1.14201700761835,0.4632566848651256,2.7283253809375205,0.0063656782933232,0.0202981812995783,up
gene-LOC142973677,112.94500754476638,1.3524167923934378,0.5772907748589866,2.7284038710197724,0.0063641636285253,0.0202981812995783,up
gene-LOC142980134,385.0761633553349,-0.7137411160038205,0.2703408261025632,-2.727635848470734,0.0063789985167856,0.0203343028922022,down
gene-LOC142977519,556.2265661559962,-1.3862207522656047,0.6005979989213254,-2.7269769613808568,0.0063917501688249,0.0203685900634394,down
gene-ave,658.753980208506,1.125949815071155,0.4549234794539246,2.7262805558795464,0.0064052528556698,0.0204030498310661,up
gene-bs,109.40423110331744,-1.2447375897051578,0.5186777385579889,-2.7262131248927264,0.0064065616448091,0.0204030498310661,down
gene-LOC142985095,129.03357353708083,1.0609932486176554,0.4239325319259925,2.725337897290742,0.0064235710553688,0.0204508389775889,up
gene-LOC142981172,151.68799987721573,0.975701057278638,0.3836888898956785,2.724778318264255,0.0064344673484645,0.0204791419475453,up
gene-LOC142975894,49.09383742558996,1.0403653726031072,0.4143548351860039,2.7243178043912346,0.0064434470856578,0.0205013293027773,up
gene-LOC142976085,58.36769573592821,-1.830289946846984,0.9131682740987568,-2.723434092025217,0.0064607105157652,0.0205498511169885,down
gene-LOC142982578,59.93138256527042,-1.3366117888325006,0.5705305245078726,-2.723159969389787,0.0064660739843485,0.0205605037876154,down
gene-Cc2d2a,28.25432167635268,1.8313891914239684,0.9095403944912058,2.722828058005122,0.0064725735054475,0.0205747610620066,up
gene-LOC142987472,546.248677919957,1.1249553144450224,0.4557818376343772,2.722414665341121,0.0064806768189715,0.0205941059437244,up
gene-LOC142977643,348.3672685852148,1.930195000996464,0.9978827767884308,2.721898291506762,0.0064908115856717,0.0206198922673364,up
gene-Prosbeta1,3056.6995355649888,1.1040986791925484,0.4449595236879458,2.721118286440656,0.0065061476245519,0.0206621807105791,up
gene-apolpp,793.6211686409838,-0.6606504024261226,1.3638373441887002,-2.7206908992759216,0.0065145644952302,0.0206816191669876,down
gene-LOC142987689,57.55808245641945,-1.1060864049713464,0.4486835904731529,-2.720601777095646,0.0065163208818489,0.0206816191669876,down
gene-wake,98.25508440805024,-1.777390640020924,0.8678417460346333,-2.719651331504746,0.006535078417446,0.0207347048202897,down
gene-LOC142974600,7.706031545934042,-3.712031747882914,2.044114967133716,-2.718645050121156,0.0065549908142396,0.0207914205223567,down
gene-LOC142977551,600.7250132511564,1.5857092718105237,0.7297050055821102,2.717513198390498,0.0065774532006598,0.0208561866477586,up
gene-LOC142976425,430.1559830541555,-0.986588822051394,0.3911450071902715,-2.7163537714613515,0.006600534583605,0.0209228746878436,down
gene-Tlk,558.7712016086144,-0.962259447943838,0.3800248626623764,-2.716029019731664,0.0066070126483051,0.0209369072031204,down
gene-N,34.17211908320888,-1.6365209820863458,0.7731492250198845,-2.7138620092463723,0.0066503861702176,0.0210547430643334,down
gene-HPS4,234.67347708411307,-1.6741662447042878,0.7965199979775417,-2.714033680982106,0.0066469407828475,0.0210547430643334,down
gene-LOC142973478,53.37549140156167,-2.2239356365887666,1.3101290291877694,-2.71394435606702,0.0066487333000788,0.0210547430643334,down
gene-LOC142984913,33.01377331007783,-2.087443048922765,1.149733855776378,-2.713740772328036,0.0066528203169833,0.0210559184419997,down
gene-nbs,173.7892509468136,1.0707826895996675,0.430718744942931,2.713568444762489,0.0066562816199719,0.0210603429928871,up
gene-Rpi,227.9339488397221,0.9280874036388166,0.36350689902869,2.7131695424096955,0.0066643000263725,0.0210791789182474,up
gene-LOC142982536,15.250887253476613,-2.552609157314504,1.7159363180521772,-2.7114518905966207,0.0066989261401009,0.0211821372713785,down
gene-Gk2,821.0713615680135,-1.3633958664788943,0.5919083382579552,-2.71123629803497,0.0067032836710397,0.0211893516352748,down
gene-Vps28,2344.5639136841933,1.203556557543374,0.4991890864026557,2.709691710741428,0.0067345772755659,0.0212619332668424,up
gene-LOC142979378,233.12092837636908,-1.4210141500768878,0.6278817204246601,-2.709828262813081,0.0067318054252577,0.0212619332668424,down
gene-LOC142976074,2230.384436024919,1.5736283206995345,0.7236245826499906,2.709782609879157,0.0067327320132837,0.0212619332668424,up
gene-LOC142980558,9.658548061132343,2.074662228700636,1.1260123267401576,2.70984386007225,0.0067314888840627,0.0212619332668424,up
gene-Ptx1,349.34543515380386,-1.4123095570840556,0.6223758086732563,-2.7093635136346297,0.006741243496338,0.0212763983819179,down
gene-LOC142979882,12711.37277491417,-2.510766903842286,1.794636643027064,-2.7089087889278045,0.0067504895012311,0.0212989942315507,down
gene-Zpr1,156.8785511576311,-1.098144643543672,0.4475242310330917,-2.708127018987549,0.0067664120249656,0.0213360418717407,down
gene-serpin-29,94.49710847147328,2.0278953990248305,1.1123651937355563,2.708205173203194,0.006764818719376,0.0213360418717407,up
gene-LOC142979558,93.85497161429444,1.2793613014283756,0.5418841615489718,2.70759956145381,0.0067771739589709,0.0213633769608452,up
gene-LOC142987213,3743.740985448834,1.9543127623854044,1.0295874220773884,2.707473906197489,0.0067797400228625,0.0213648676793324,up
gene-LOC142974443,421.6795588576762,1.3006506628441088,0.5533030637599571,2.70719513078606,0.0067854361417787,0.0213762181170172,up
gene-Gdi,4971.095915647505,1.0080976514960864,0.4036294483150366,2.7064987137002245,0.0067996845812095,0.0214144956866418,up
gene-RMI1,97.26649279779224,1.0124383092064502,0.4042753754917133,2.705549328525588,0.0068191519656781,0.0214691807876855,up
gene-L2HGDH,907.3070168521914,1.5509899121001736,0.7082716049560291,2.7053990086682704,0.006822238901084,0.0214722764302696,up
gene-elg1,83.69093887001567,-1.0793060491608086,0.4378709637536689,-2.7048567652369795,0.0068333847297607,0.0214951770587503,down
gene-Patj,210.31042501820284,-1.4706805485107772,0.6611473484923156,-2.7048401356130025,0.0068337268105853,0.0214951770587503,down
gene-LOC142984082,43.225336647444834,-1.4008676627475127,0.6152004434646429,-2.7042958627360045,0.0068449313099592,0.0215237873939475,down
gene-LOC142981122,67.07847419765037,1.5337217571378188,0.6986489333201825,2.703919621806271,0.0068526863196979,0.0215415365768886,up
gene-LOC142973161,3000.8074388339314,-1.597774696246124,0.7484180254227278,-2.703689820021346,0.0068574268348397,0.0215498016327616,down
gene-rols,145.7013339937187,-1.2729629527194686,0.5420006914781836,-2.70201214786255,0.0068921244222652,0.0216521742006961,down
gene-LOC142980248,493.9114957635173,-1.0372617303102345,0.418185093573761,-2.701426043979926,0.0069042833385209,0.0216836984727025,down
gene-verm,273.318184595348,-1.622231238954888,0.7657147612998412,-2.6983766231518023,0.0069678560579103,0.0218766246641313,down
gene-LOC142984317,62.54783249333274,1.900014636988371,0.9874455788972656,2.697885150881345,0.0069781510656124,0.0219022103095653,up
gene-LOC142981688,151.74449754562804,1.2968570856047152,0.5545898998796303,2.696406758502418,0.0070092017737427,0.0219929057806922,up
gene-Vha44,8034.176930197103,1.5076173140403235,0.684725718901826,2.696224840465839,0.0070130311634605,0.0219981589076342,up
gene-LOC142972799,340.4458338483332,1.0489947745944233,0.4234695820871163,2.695802339423025,0.0070219320952828,0.0220158921500001,up
gene-LOC142978097,7811.793526723161,-1.9793917908580685,1.0707774021512468,-2.6957517565419384,0.007022998416812,0.0220158921500001,down
gene-Pi-t1,841.2352768991937,1.944351151731584,1.031857638437437,2.695531558177524,0.0070276420426148,0.0220236850871875,up
gene-LOC142977271,669.5615546047162,-1.2893374476407629,0.5536820179918613,-2.694906267513669,0.0070408434422788,0.0220515155002577,down
gene-Acf,76.42915584405505,-1.567413333641881,0.7268436405306935,-2.695003823694972,0.0070387823300964,0.0220515155002577,down
gene-LOC142980967,923.389380765456,0.5942684647785912,0.2254123053217093,2.693368181336453,0.0070734109713987,0.0221467195659715,up
gene-Msp300,2617.270708761628,-1.6508508083304156,0.7912442756065542,-2.6926050825336665,0.0070896190178683,0.0221906597103286,down
gene-rho-5,132.5945404028993,-1.2080276015818363,0.5090266296859673,-2.692164342944009,0.0070989954111603,0.0222088302419087,down
gene-LOC142979168,622.3643409979117,-1.3483565420582853,0.5893051896679855,-2.692127677294545,0.0070997759458556,0.0222088302419087,down
gene-AdipoR,1745.217967005443,-1.1677721323378003,0.4859751302556101,-2.69122174790479,0.0071190857672776,0.0222555921674127,down
gene-LOC142979735,231718.61623605536,-1.820289690463036,0.9905897484395956,-2.6913063095894803,0.0071172813478787,0.0222555921674127,down
gene-LOC142986725,177.36907283118958,-1.2123600749196706,0.5112857908993852,-2.690687806809402,0.0071304887554246,0.0222844147968829,down
gene-Vps36,1056.749913151683,0.9385931033673268,0.3721394891519122,2.68944277526601,0.007157141697991,0.0223608648029981,up
gene-LOC142973317,36.07405635504079,1.8502556447980405,0.94870278520968,2.687709510318516,0.0071943953787014,0.0224703774878842,up
gene-LOC142972936,19.777005435430528,2.1525751817804504,1.2668018402847792,2.6868327560815253,0.0072133059765298,0.0225225494348241,up
gene-Vps24,554.678089985469,0.7604301800562996,0.2938741600457966,2.685181809253521,0.0072490361679466,0.0226271902649025,up
gene-LOC142977847,943.620832628174,1.2319423610280056,0.5207213808665427,2.6842739679308987,0.0072687514988424,0.0226817935031136,up
gene-LOC142987425,842.544771425661,0.6809865073043282,0.2609458158210385,2.6837719157145954,0.0072796750735095,0.0227089374924547,up
gene-LOC142976836,219.4308080469181,1.2393297542360964,0.525709489650801,2.6830778428051194,0.0072948008636368,0.0227491696960408,up
gene-Alg-2,913.948043621934,0.7806982234504092,0.3028956365126396,2.6825242176326367,0.0073068861162434,0.0227798981638658,up
gene-LOC142978312,284.36703499750433,-1.261849139638722,0.5416964663445081,-2.6821628381055573,0.0073147844672784,0.0227975587961867,down
gene-LOC142976684,1325.8540209174778,1.2197382967569363,0.5149471815698142,2.6820126406810303,0.0073180694517488,0.0228008348272286,up
gene-LOC142976794,3334.209732671776,-1.4879666761175796,0.6829608933433244,-2.6795871407336254,0.0073713014178718,0.0229596806750741,down
gene-LOC142983533,11000.627808465171,2.187599140171704,1.333521485674375,2.678225299407773,0.0074013415082583,0.0230462150014621,up
gene-Clp,225.65590740638004,1.358455401718357,0.5963314238246785,2.677671762027114,0.0074135830330584,0.0230772924728353,up
gene-LOC142973375,155.08642951802423,0.8186779378591862,0.3200524657054673,2.677511382574678,0.0074171332294557,0.0230813045344678,up
gene-LOC142980441,153.4867235392191,-1.5290212868483148,0.711848562736241,-2.6768782247891245,0.0074311638538774,0.0231179181519435,down
gene-vir,148.36988402868778,-1.1766431006884703,0.4949069095755299,-2.675013214827459,0.0074726304614263,0.0232347827487008,down
gene-LOC142978944,8.806388473493605,3.4896234729834616,18.037072522280447,2.6749839747368207,0.0074732822341515,0.0232347827487008,up
gene-LOC142984875,987.7191320375368,1.198456202661288,0.5049898858209296,2.6743860537889472,0.0074866213042098,0.0232691667637241,up
gene-LOC142980977,176.93572660192245,-1.1568183285748626,0.4854235221419453,-2.673657095074601,0.0075029125873876,0.0233127028247993,down
gene-LOC142975029,513.2198694547395,0.9643406661131118,0.3871242019569637,2.67285718073987,0.0075208262122514,0.0233612517189442,up
gene-Csp,1402.281819126495,1.3524040004080466,0.5940927516345686,2.672617089193203,0.0075262104032173,0.0233708638836748,up
gene-LOC142976511,474.7668025705024,1.4079762017886424,0.6287053659522812,2.6717058585773503,0.0075466767394136,0.0234272899875898,up
gene-LOC142973453,123.57838558634278,1.229453673077734,0.523323843209772,2.6716022023176067,0.0075490080282214,0.0234274019288709,up
gene-LOC142987477,347.2545509298891,2.1608533166191166,1.3299726489089536,2.669491028586223,0.0075966302509366,0.023568025827146,up
gene-mRpL22,452.568478364456,1.1984983485457346,0.5068179697515296,2.669176433817166,0.0076037496459484,0.0235757814812258,up
gene-ca,36.69986962598362,-1.2783213785617924,0.5544174920189806,-2.669215878509215,0.0076028566702597,0.0235757814812258,down
gene-form3,56.950689617928255,-1.6024913508949543,0.7596434176291575,-2.6680435857901945,0.0076294359876981,0.0236482396375448,down
gene-LOC142985155,63.50009053376771,-2.1811415187828813,1.3210172137578138,-2.6678053359132967,0.0076348479850622,0.0236578304139437,down
gene-TfIIB,475.34676699569656,-1.137470282160805,0.4758222983008026,-2.6675041050472323,0.0076416955614953,0.0236718623964136,down
gene-Nprl3,464.12502164963513,-1.0066777273034064,0.409365179363785,-2.665759570345826,0.0076814606715361,0.0237878243550879,down
gene-mRpS5,774.5718677249471,1.038815799225523,0.4240885842990801,2.665563026865794,0.0076859523086876,0.0237945147754852,up
gene-Brf,45.77107089815038,-1.3851935802586643,0.6173643708479357,-2.664295177375712,0.0077149832709788,0.0238771480433235,down
gene-Mical,260.02268575108496,-1.417813359524014,0.6427876299608994,-2.663677208783353,0.0077291689815571,0.0239127980894543,down
gene-lin,114.69553564595265,-1.4439826542725824,0.6576325169679449,-2.6635893468911545,0.0077311877824237,0.0239127980894543,down
gene-Cdc27,470.1554110312881,-0.9100258511454788,0.364244280147979,-2.663240923516104,0.0077391981521833,0.0239303227928916,down
gene-Pli,2626.2443009992166,-1.9804835603109552,1.1151879541461402,-2.662023792102985,0.0077672388109348,0.0240097536472476,down
gene-LOC142979583,135.7347793550711,-2.139255181160168,1.28764085645072,-2.661812993645176,0.0077721044905185,0.0240175205978572,down
gene-LOC142982298,17037.311773847978,2.146673608087785,1.3030577023189946,2.6616196804514134,0.0077765689732885,0.0240240434353377,up
gene-LOC142975923,1065.8431694685637,-1.9016319044751515,1.0325701474361848,-2.660743286225267,0.0077968377461281,0.0240793715203418,down
gene-LOC142978020,13089.729169643202,1.30071036563897,0.5693290145345342,2.660462800425296,0.0078033346613948,0.0240921466693456,up
gene-Pdi,18791.310126784625,-0.9967071462058166,0.4048544689729737,-2.660315998073067,0.0078067369894329,0.0240953627006779,down
gene-Jhbp16,5.0723956101169065,5.83370952624741,3.721607864737426,2.660017939060643,0.0078136489685807,0.0241094059922321,up
gene-LOC142980220,11745.109703742804,-2.4762217977434315,1.844725831046753,-2.6597722094736165,0.0078193515528415,0.0241197102749633,down
gene-LOC142977122,18.803035586650548,-1.835998041999923,0.9233809803464044,-2.6595834495428297,0.0078237345885926,0.0241209415784892,down
gene-Mf-cpa,97.91756135858252,2.007335551436996,1.13827659507461,2.659551482727226,0.0078244770810598,0.0241209415784892,up
gene-LOC142975363,61.15666380939138,-1.0468825521756169,0.4322916441857106,-2.6580513804566506,0.0078593909888993,0.0242212571931447,down
gene-l(2)37Bb,103.26207305350324,1.1292598128090054,0.4716369806019818,2.657601713926977,0.0078698838379656,0.0242462735690056,up
gene-Sik2,718.5766744871536,-1.275279417457517,0.5570178573440056,-2.6574108269023826,0.0078743419288729,0.0242526880108647,down
gene-Exo70,177.180096789584,-1.2923011661388173,0.5660248663469093,-2.6571554428817943,0.0078803098593273,0.0242637474311175,down
gene-LOC142980456,390.8595545356832,-1.463366802878852,0.6753639148479803,-2.656427872014995,0.0078973342869414,0.0243015046930393,down
gene-LOC142976724,12.573490225322734,-5.7220562238785,2.84935933471011,-2.6564399338229223,0.0078970517844196,0.0243015046930393,down
gene-LOC142978586,219.08299240166707,1.2762321047545229,0.5539792390317556,2.6557189890972968,0.0079139531123828,0.0243453042248619,up
gene-LOC142976059,56.87699011436785,-1.581386522416319,0.75577980217582,-2.6542074164468548,0.0079494945864223,0.0244472706368222,down
gene-LOC142980631,118.64103203507898,1.071574536366722,0.4424834234390655,2.654000369928758,0.0079543739676458,0.0244549081589641,up
gene-LOC142986065,132.9911577347739,-1.8780634995623295,1.0144000371995132,-2.6524813650476746,0.0079902538369105,0.0245578202087763,down
gene-LOC142976803,132.34545206905048,-1.922247912482954,1.0574116141364265,-2.6521229197374074,0.0079987416505834,0.0245765069318197,down
gene-Slbp,99.69837064733184,0.9753434448625092,0.3954530245429241,2.651426532955309,0.008015254839617,0.0246198333277072,up
gene-LOC142973380,65.1387194690087,1.6182402100921998,0.7852736195752466,2.651174594640926,0.008021236484516,0.0246307944637349,up
gene-LOC142980437,107.08971331563134,-1.3391357875079333,0.594722373170965,-2.650255940982589,0.0080430814902985,0.0246830224809011,down
gene-insc,162.7818070683222,-1.3556492666137008,0.6072187875929564,-2.650344154248545,0.0080409815249634,0.0246830224809011,down
gene-Dtd,56.77298480764335,1.4462364910598693,0.6606887007731669,2.6489495473817097,0.0080742384413432,0.0247699539375486,up
gene-LOC142984613,503.3340885749562,2.273441503616056,1.6220399882296572,2.648864854931106,0.0080762620460627,0.0247699539375486,up
gene-LOC142979614,472.5064999339245,-0.3559855955822782,1.1301394403978722,-2.647615612844418,0.0081061636818027,0.0248392712999582,down
gene-LOC142976390,224.10560165328917,-1.346666180136996,0.6017169480151566,-2.647764890240375,0.0081025853986761,0.0248392712999582,down
gene-LOC142979895,19893.08553690592,-2.043545409951001,1.2723969041890573,-2.647660830266973,0.0081050796393784,0.0248392712999582,down
gene-LOC142977387,24332.41028748261,2.35760295973701,1.7508870010203152,2.6471636843981483,0.0081170053468381,0.0248650280837865,up
gene-LOC142981117,154.33307296917323,-1.7252434302164217,0.8755640385906998,-2.6461668359580868,0.0081409654274741,0.0249309433298016,down
gene-Scr-c,235.6974166179104,1.6936599777785506,0.8473654584933002,2.644317905150559,0.008185573672645,0.0250600331363791,up
gene-Mk,113.72667856656956,1.6609876004832382,0.8221865638535496,2.6437922304793955,0.0081982962434019,0.0250914571983219,up
gene-LOC142978042,132.8674206489696,2.5132745765544886,2.771077486596535,2.641537630686816,0.0082530638395365,0.0252515055785818,up
gene-LOC142976239,1336.6092954154033,1.9348467425685136,1.0763201431599174,2.641406224380256,0.0082562659681478,0.0252537329148592,up
gene-LOC142977084,857.6054707842895,2.0482438489672656,1.2168638766415378,2.6412308669538183,0.008260540835841,0.0252592391586067,up
gene-CKIalpha,4757.384326624323,-0.7211012146596285,0.2830986609032291,-2.639312045183482,0.0083074474877848,0.0253950633446601,down
gene-LOC142987732,12.996252563357208,-5.908445442533309,3.0865340169523865,-2.6380633702735,0.0083380998834486,0.0254811333863353,down
gene-twin,446.3810011671279,-1.044148868255833,0.4347161173966709,-2.636863092614045,0.0083676595568743,0.0255638135579216,down
gene-cher,265.05457840943603,-1.864346667654465,1.0037264849773817,-2.636520279007987,0.0083761193441651,0.0255820018389868,down
gene-LOC142980979,4368.86106915509,2.332999558755395,1.7110222504092731,2.636297301382946,0.0083816259830564,0.0255911625513184,up
gene-LOC142981445,168.06588906204308,-1.7664002887857149,0.9249536981110956,-2.633646359800289,0.0084473419736321,0.02576868485501,down
gene-LOC142977591,296.75567657515666,-2.46421694148829,2.6790793789439102,-2.6338425045977965,0.0084424638680746,0.02576868485501,down
gene-Trissin,27.09764512675092,2.5796929672697373,2.8942247263717054,2.633669158548645,0.008446774841129,0.02576868485501,up
gene-Plod,473.6004335593689,-1.4251213240070706,0.6587517118359112,-2.6321780532698,0.0084839387746316,0.0258725912974797,down
gene-LOC142978324,20520.09073477898,1.668885317486682,0.8187124628935559,2.631349394996513,0.0085046551925416,0.025928021371049,up
gene-Mys45A,155.97113383780604,-1.1086751822505545,0.4689259221588017,-2.630591514264641,0.0085236417656332,0.0259781461635766,down
gene-LOC142984519,11.419970118731785,-3.07818599873963,2.7169592360322,-2.6302699252916244,0.0085317097205802,0.0259949734680484,down
gene-SMC1,188.44180873567063,-1.0772502897121503,0.4535171702917532,-2.62844283647479,0.0085776770608286,0.0261272306057527,down
gene-LOC142985210,158.50504021543009,0.9566523641760378,0.3913262898129173,2.6277211999822407,0.0085958934695761,0.0261655697192992,up
gene-LOC142980644,111.67533818965008,1.14257956797534,0.4858353952253958,2.627639641992819,0.0085979544272097,0.0261655697192992,up
gene-Drat,497.0973321708688,-1.6868084577734117,0.8591408083005326,-2.62782790992352,0.008593197592981,0.0261655697192992,down
gene-LOC142976699,1290.5773776964827,1.7475539847656203,0.9017345789115372,2.6269513935098443,0.0086153639585583,0.0262107361922518,up
gene-LOC142972639,456.76877345018056,2.399794932016451,2.0349017065382284,2.626378196636603,0.0086298872547822,0.0262470974998696,up
gene-LOC142982889,3842.680184558933,0.7270029799577596,1.0469991144133235,2.6261808868072145,0.0086348916259926,0.0262544947353311,up
gene-Wdr59,212.56894466807435,-1.0173503583172967,0.4227802362804785,-2.6248327338077506,0.0086691543114442,0.0263508213391636,down
gene-LOC142975157,15.509413891587869,-2.684664647058508,2.008508295781476,-2.6235403560281405,0.0087021135165042,0.026443129700196,down
gene-LOC142974753,130.3055478465786,-1.4144122797414946,0.6561521930686843,-2.62237149941947,0.0087320189855559,0.0265261064838006,down
gene-Tbp,200.74158500425557,0.8190542477734825,0.3276811115812706,2.621304165696598,0.0087594071532985,0.0265776661158496,up
gene-Iap,37450.6562707761,-1.07655448633688,0.4532583249604684,-2.621595161171552,0.0087519325038909,0.0265776661158496,down
gene-GatA,67.80079726373482,1.6524477832847455,0.8272518486357325,2.621305360254897,0.0087593764576443,0.0265776661158496,up
gene-dnt,310.6730990660356,-1.6591554334045888,0.8401703781825209,-2.62135994170604,0.008757974022216,0.0265776661158496,down
gene-LOC142980635,40.6262401771525,-1.7550484533739188,0.920937069072684,-2.620951103609378,0.0087684837341656,0.0265972996952835,down
gene-Wdr82,379.487977962593,0.9239582700085684,0.37633603945019,2.6206514939236776,0.008776192742244,0.0266127746048975,up
gene-LOC142976759,645.4554008474566,0.963696441517103,0.3959677431508005,2.6202177836302663,0.0087873629099819,0.0266387327657219,up
gene-LOC142972376,791.2434205033054,2.211474603969048,1.5371218716928852,2.6200899337001617,0.0087906580962103,0.0266408097351601,up
gene-LOC142975546,37.55675769282934,-1.7147506239970531,0.8834655459137509,-2.6189942698322883,0.0088189428877757,0.0267185960390404,down
gene-stj,53.86361773575561,-1.8879433485025752,5.540817590023606,-2.6185978494712403,0.0088291965758268,0.0267417238722447,down
gene-spoon,296.5042577823538,-1.398407683756443,0.6456096806559446,-2.618163301207896,0.0088404487041068,0.0267678611458969,down
gene-LOC142984407,2024.56787844912,-1.8934614925303948,1.066616873954432,-2.61782078160568,0.0088493268825026,0.0267867970016916,down
gene-LOC142975763,760.4729793847355,1.057167797771713,0.4428077001168536,2.617429323388064,0.0088594833126085,0.0268095897337076,up
gene-Syx13,326.7242822869014,-1.7063186236563574,0.8828647245144593,-2.616864326826639,0.0088741605764388,0.0268460453478692,down
gene-LOC142972779,1363.6778153009002,-1.3803778173801975,0.6360229501917887,-2.616729472558422,0.0088776669781051,0.0268486953616352,down
gene-LOC142976034,411.4675393417672,0.8146421679768495,0.3264657563219212,2.6155101902665514,0.0089094262656122,0.0269367635939289,up
gene-Nup133,13.731814567334142,-1.827614606756831,0.946438865948357,-2.6153260024475253,0.008914232715482,0.0269433145771173,down
gene-LOC142972872,1647.6948916567796,1.7360677966131877,6.152851158289234,2.6148668823073145,0.0089262237100616,0.02697157057685,up
gene-LOC142978385,1252.6711670947263,-1.0264504262709118,0.4302655082574728,-2.6141471333983253,0.0089450506296741,0.0270204592415164,down
gene-LOC142975000,24.23548130798212,-1.4555498169714836,0.676238952522416,-2.613833084891232,0.0089532764989749,0.0270294905782017,down
gene-CDase,2663.202964893148,-2.022867276254799,1.232899781886556,-2.613830787671638,0.0089533366949054,0.0270294905782017,down
gene-Ost48,1439.5829591604706,1.292052621837586,0.5760776151695259,2.6130032948353925,0.008975043698354,0.0270825202564187,up
gene-Traf-like,832.5845015969727,-1.3281662010127082,0.6029302850778121,-2.61295892008011,0.008976209074896,0.0270825202564187,down
gene-LOC142981829,488.2724006687281,-1.2461943656108878,0.553042897675188,-2.6126968957103043,0.0089830931537975,0.0270952812709252,down
gene-LOC142984684,328.63795835869195,-0.9791780249699684,0.4066441658269704,-2.611672969393525,0.00901003966104,0.0271685302275437,down
gene-Zip88E,1141.1046420055154,-1.5202906925303574,0.7376354113303166,-2.609292698669219,0.0090729599843454,0.0273429968921251,down
gene-LOC142972885,705.54632072282,2.312920789715304,1.8532647849941013,2.6092815113499186,0.0090732566350179,0.0273429968921251,up
gene-Gp210,19.91733322734608,-1.893262080781369,1.0417963987510304,-2.607863468944674,0.0091109286129494,0.0274322266526179,down
gene-Gfrl,18.08732752843395,-2.29261862348472,1.5747648827961658,-2.6079256263327677,0.0091092744065968,0.0274322266526179,down
gene-LOC142975227,20.80139121599409,-2.398220070441537,1.8487052120293368,-2.6080468207295224,0.0091060498081785,0.0274322266526179,down
gene-drongo,762.906517039437,-1.2724573873686902,0.5700591320422213,-2.607756307274701,0.0091137811565062,0.0274327231685224,down
gene-LOC142975868,232.0792977306824,-1.060309486912462,0.4484938421111849,-2.607021343576782,0.0091333666985222,0.0274815097495887,down
gene-Lpin,1766.2528398313968,-1.5121835746354393,0.7353414881707683,-2.606946096834875,0.0091353740159061,0.0274815097495887,down
gene-LOC142974078,49.71452584827469,-1.876285124456849,1.0373145273528472,-2.606837902893373,0.0091382609384529,0.0274820946961664,down
gene-LOC142976518,968.5150083786858,0.9577990634742772,0.3954130726063614,2.6057004594662523,0.0091686604898742,0.0275653954698517,up
gene-Rad17,90.18786794078476,0.9046662111316904,0.3692063560950405,2.6054466010741058,0.009175457470938,0.0275745854158438,up
gene-LOC142978945,20.962274045713407,-1.590912121051921,0.7787322520899185,-2.605384523023215,0.0091771202760479,0.0275745854158438,down
gene-pps,257.20443970640525,-1.075597532022885,0.4570728979389748,-2.60522665654209,0.0091813500547055,0.0275791759883401,down
gene-Scp1,28.30324780564125,2.6337771698668813,2.8032158025491394,2.605029581044896,0.0091866328178776,0.0275869259111729,up
gene-LOC142985435,168.16691381309275,-1.1226383580638972,0.4834914929698389,-2.6047123277476265,0.0091951427403035,0.0276043593971407,down
gene-Dus1,311.0707006203315,0.853096635035457,0.3457790175011478,2.6034278121986976,0.0092296702193692,0.0276998659009416,up
gene-LOC142979370,133.30732055816742,-0.9541915027420816,0.3961508952680872,-2.6027472814422548,0.0092480095760441,0.027746747131888,down
gene-LOC142986693,6.684008200695554,3.3031452445050373,2.147529029839359,2.602232107068507,0.0092619144279889,0.0277802999019931,up
gene-LOC142974382,207.18069510474103,-1.0509486734216866,0.4454978476386328,-2.6005241671146617,0.0093081462551341,0.0279025694056253,down
gene-LOC142974351,50.60044258386017,-1.8908748554549943,1.0357461367477627,-2.60056931889256,0.0093069214072951,0.0279025694056253,down
gene-mi,406.5545742971856,-0.7680222027435764,0.3087573008105313,-2.598967481405248,0.0093504630626687,0.0280211909808162,down
gene-CycC,211.00908651953185,0.9037019903889968,0.3705462416540853,2.59811972683564,0.0093735804621807,0.0280635191046803,up
gene-LOC142978604,131.79595927903395,-1.3067587493715451,0.5920259058674202,-2.598109338386425,0.0093738640605092,0.0280635191046803,down
gene-Vdup1,20.850995014417357,1.5082919311824303,0.7238584342919073,2.598314484306073,0.0093682651186935,0.0280635191046803,up
gene-LOC142986064,516.8042232003253,-1.9804309848648685,1.1927293076874448,-2.598046290374977,0.0093755853969785,0.0280635191046803,down
gene-LOC142976667,64.81395847155389,-1.6802188118071637,0.8730476965541872,-2.5977166184429072,0.0093845906913019,0.0280822389874286,down
gene-Bka,123.95655961225464,1.2079314094829925,0.531159416360424,2.5967130986629274,0.0094120502754615,0.0281561539160715,up
gene-Mfap1,480.8397058149682,-1.2515673459664434,0.5596651472173526,-2.596060228980793,0.0094299533853887,0.0282014457089547,down
gene-LOC142980422,112.01249906418484,-1.4340958775894268,0.6793108035092191,-2.5950710865589226,0.0094571357027945,0.0282744534617528,down
gene-MESK2,80.86509052882087,-1.562793514569796,0.7758083624513439,-2.5949406231049186,0.0094607261404322,0.0282769053339361,down
gene-LOC142977339,390225.6930960207,1.4256950772713746,0.6681885795861723,2.5938655729496087,0.0094903585239592,0.0283538432648673,up
gene-LOC142977667,326.5547444674306,2.064098719708044,1.31673661092353,2.593805262274916,0.0094920233600521,0.0283538432648673,up
gene-sick,119.41182892955594,-1.2748304917562432,0.5752845507540668,-2.592805684253808,0.0095196540043627,0.028428059807645,down
gene-LOC142975340,582.9931369521088,-1.6403635559333127,0.8439503866978167,-2.5916892927167767,0.0095505984136116,0.0285121257700303,down
gene-mRpS30,423.4181117333711,1.2860917617026029,0.5793688988347074,2.591504742676717,0.0095557224462357,0.0285190815814995,up
gene-LOC142978894,187.8196903742796,-1.309494940591663,0.5985177316661894,-2.5902510792333624,0.0095905953504949,0.0286147929677,down
gene-Rab1,6182.606055583609,-0.9161731262043238,0.379132182378722,-2.5890256987871263,0.0096247911274146,0.0287084287076334,down
gene-LOC142984759,40.12587961195643,-1.4592788046071306,0.7014453016252377,-2.5887302901004845,0.0096330511209845,0.0287246721565554,down
gene-Enoph,114.46833459050336,-1.065878196782505,0.455287537577705,-2.5877302027371685,0.0096610617380467,0.0287997830491363,down
gene-slmb,44.41241247650782,-1.5683957701310094,0.7805294914883626,-2.587120304717168,0.0096781794853049,0.0288203042229405,down
gene-LOC142979760,1089.6010920040842,1.8001590909703256,0.989363434513042,2.587279595627844,0.009673706128814,0.0288203042229405,up
gene-LOC142983003,565.4296909253968,-2.089597529014906,1.386866527480658,-2.587082549988504,0.009679240019226,0.0288203042229405,down
gene-LOC142981605,5.978233462297673,-5.805074977889701,3.2988679552287903,-2.587309568845392,0.0096728645989235,0.0288203042229405,down
gene-LOC142979133,537.7093625284197,2.2724865096621127,1.8063925550457085,2.586920089037832,0.0096838047448564,0.028825487031423,up
gene-LOC142979218,209.9839203658503,1.0789738397711497,0.4613675561796894,2.5861351052767816,0.0097058877721793,0.0288827978106807,up
gene-LOC142987607,1207.0482171658298,-1.1729359968177566,0.5174134078516357,-2.584232992690809,0.0097595839410275,0.0290256623793906,down
gene-LOC142987637,62.27560180328215,-1.1810172131350094,0.521445509364586,-2.584273803278735,0.009758429094578,0.0290256623793906,down
gene-Rnb,207.55412376266733,-0.9152328535538032,0.3797051092468138,-2.5838811154249166,0.0097695463179075,0.0290299153615376,down
gene-LOC142982983,80.20725824227475,2.269480250169778,1.8032644289286384,2.5839761380466144,0.0097668551370928,0.0290299153615376,up
gene-LOC142979826,333.8952963903159,2.3641131117853176,4.62291594033898,2.583997593170315,0.0097662475877773,0.0290299153615376,up
gene-LOC142979877,196.36425537794452,1.3915678843306818,0.6511383240639348,2.5832131799035785,0.0097884818936031,0.0290692565283699,up
gene-drn,9739.777581393511,-1.5039502267938216,0.7397768040476016,-2.5832544606038508,0.0097873106627024,0.0290692565283699,down
gene-LOC142984030,12.258368472119583,-2.905506957681281,3.145075604810993,-2.5828210585671307,0.0097996135312017,0.0290938497129076,down
gene-LOC142977693,32.80327289180889,-1.4352396625952748,0.6806485774907483,-2.582696506681144,0.0098031517009402,0.0290958910763294,down
gene-Nf-YA,723.8132710569015,0.7771341919446129,0.3139131763618037,2.581926237026439,0.0098250582017047,0.0291439607860508,up
gene-LOC142982170,508.5718219585021,2.275749892053856,1.979786062853741,2.581988566572998,0.0098232839261315,0.0291439607860508,up
gene-LOC142980537,10.303538210557615,5.73287683979503,4.931507156139782,2.5804587190822703,0.0098669152261262,0.0292596175807874,up
gene-LOC142980465,902.8232476728216,1.9555199687153864,1.1893366387180722,2.579665118848025,0.0098896166782826,0.0293184192376504,up
gene-Prp6,233.77386777739363,-0.8794629409383836,0.3631031249415647,-2.5789363658411317,0.0099105041069006,0.0293718105165897,down
gene-LOC142978778,183.5198615100301,-1.4818362880075793,0.7213719871839799,-2.5782841290905902,0.0099292317552572,0.0294102346273681,down
gene-LOC142975335,26823.507504188583,1.7048090907936415,0.8928602939282261,2.5783767717021675,0.0099265697920519,0.0294102346273681,up
gene-LOC142984379,184.62643059722092,-1.6245940063599704,0.835558400452895,-2.578033966756543,0.0099364230171804,0.0294229967323356,down
gene-LOC142980072,213.63933229852896,-0.8240262047565918,0.3372459879248559,-2.5777972109782112,0.009943233162149,0.029429001556015,down
gene-Pgant9,205.0088831021788,-1.0005385114646337,0.4244359753342022,-2.5777630079020883,0.0099442173377775,0.029429001556015,down
gene-LOC142985141,9.613281359436405,2.541578007947784,5.337528891481714,2.576904981725142,0.0099689350027311,0.029493599876196,up
gene-LOC142980962,116.6683166599696,-1.7011077994963522,0.9048204806347984,-2.575449281931172,0.0100109954102746,0.0296094552746082,down
gene-LOC142983499,532.9331855698114,-1.7394969492020795,0.9480356139960732,-2.575284012388041,0.0100157806192926,0.0296150268774971,down
gene-TyrRS,1572.810420349697,1.15108127037957,0.5041802876687481,2.574444619945047,0.0100401158235617,0.0296563377755173,up
gene-LOC142978469,20390.94444342165,1.3877399089698914,0.6562532446061853,2.5745034162137275,0.0100384095209599,0.0296563377755173,up
gene-LOC142974225,1981.9535989879903,2.3018998457857864,1.8835537403566949,2.574401274634837,0.0100413738955802,0.0296563377755173,up
gene-LOC142979024,8.631905192175092,-3.361698268972064,2.1393206605920447,-2.5746460204144483,0.0100342721352073,0.0296563377755173,down
gene-LOC142984234,217.9334458250022,-1.1914853856029948,0.5301968190176332,-2.5742592021439914,0.0100454984499823,0.0296599371359472,down
gene-LOC142986305,976.011194151741,-2.0684079533056314,1.378344794480879,-2.572250011676472,0.0101039896972905,0.0298240089185208,down
gene-LOC142979584,268.94972683247744,-0.8717698171624799,0.3605933863686616,-2.5707246558355323,0.0101485979391844,0.0299470191284347,down
gene-LOC142978941,678.1518921007506,1.2215541502721696,0.5460846212246391,2.5705416472041147,0.0101539616957065,0.0299541870023343,up
gene-LOC142986242,6806.632201471429,-1.5540373315848135,0.7971018113119991,-2.570418923337568,0.0101575599940328,0.0299561441372706,down
gene-Polr1F,504.6852098265709,0.9512957994504024,0.3984148404853683,2.570284132328391,0.0101615134125896,0.0299591471410464,up
gene-Liprin-alpha,7.773696327108475,-3.098837254818509,2.085830531610476,-2.569745382675964,0.0101773286170435,0.0299971103650487,down
gene-LOC142978818,249.428914357949,1.1150735491777328,0.48496596790157,2.56926607174808,0.0101914173918243,0.0300299645838195,up
gene-LOC142979256,988.2736575147948,1.5314510545531854,0.7598537497159354,2.5690290409460323,0.0101983910447244,0.0300418405176054,up
gene-TBC1D16,308.5343015774705,-1.5589840967626558,0.7897824846417764,-2.568435614828673,0.0102158687933243,0.030084643039083,down
gene-LOC142985107,140.33872045562873,-2.163101855409153,1.5686560477820537,-2.568320819892926,0.010219252841527,0.0300859283973079,down
gene-Nrx-IV,105.95537943117596,-1.2168996753754415,0.5452821485558041,-2.56819832757279,0.0102228649019617,0.0300878840987093,down
gene-LOC142984725,506.11774782166566,-1.0937220803640029,0.4760716057986211,-2.566997724558421,0.0102583285578069,0.0301835571027775,down
gene-LOC142972841,204.38055519390755,0.9200680913926604,0.3839699671778422,2.566198997781997,0.0102819821301142,0.0302369340560204,up
gene-LOC142983952,195.8986587417355,-1.5202139731907476,0.7580358421483155,-2.5661850959467123,0.0102823942498723,0.0302369340560204,down
gene-LOC142984521,1603.9017918512989,0.656987606501773,0.2633061633519696,2.565816585158753,0.0102933241100395,0.0302603569099003,up
gene-betaggt-II,744.8354588051111,0.929023631964775,0.3881781601956216,2.565222931791312,0.0103109533433254,0.0303034554492723,up
gene-LOC142974964,132.38055311789194,1.121185498635328,0.4899131859387239,2.5650549818643382,0.0103159456876364,0.0303094005854073,up
gene-LOC142978128,7.745538373539691,-2.4095092123682,1.2864535180006702,-2.564656094864372,0.0103278113045943,0.0303355309312214,down
gene-Cht5,16.99669823744815,-2.6204339447516087,2.088180087786334,-2.5642996975650125,0.0103384232612817,0.0303579649677511,down
gene-LOC142987899,135.60277575378112,0.7744679482973238,0.3156285742767439,2.563738731657328,0.0103551460366876,0.0303983248767531,up
gene-LOC142986130,294.29479455286304,-2.0709496222036474,1.4037347329210046,-2.563513133220111,0.0103618780637131,0.0304093414020471,down
gene-LOC142979413,469.3962910009056,-1.0680352017742427,0.4623261225381797,-2.562970004627498,0.0103781014071214,0.030448198063377,down
gene-LOC142974342,216.1279839185792,1.29110787565408,0.591316422001418,2.562785834718308,0.0103836077230866,0.0304555988590647,up
gene-LOC142974478,249.82687011269184,0.9352243910396436,0.3923024476742283,2.561484174392673,0.0104225989648808,0.0305545601421921,up
gene-LOC142978238,402.9521504975479,1.2180177076844911,0.5466644183664282,2.561459651031727,0.0104233348109251,0.0305545601421921,up
gene-LOC142972362,6082.354419773813,-1.8734854872885367,1.1126826490934754,-2.560849679371357,0.0104416524526047,0.0305994678678542,down
gene-Snx6,914.7624625172588,-0.8100680153091109,0.3327587244413069,-2.5607349323327946,0.0104451015413847,0.0306007897339018,down
gene-Snmp2,1271.064072595483,1.981347235382243,1.251248814968268,2.560583318994573,0.0104496603190242,0.0306053609401093,up
gene-Gmppb,2783.313955730066,-1.5405454380170138,0.7793069835532737,-2.560370900572327,0.0104560503886366,0.0306152915424022,down
gene-crm,94.51423379813986,-1.5485236092640504,0.7837509487581071,-2.5592648514678573,0.010489379283373,0.0307040706467991,down
gene-wbl,449.8341525171209,1.438225335408403,0.693930929713226,2.5588345833771657,0.0105023701876707,0.0307332834018221,up
gene-Sh3beta,3165.2512713837828,0.9246257934242096,0.3868776827341156,2.5586711209359225,0.0105073092910922,0.0307352150969127,up
gene-Mor,5970.480641456881,2.065212562031204,1.377322938268287,2.558613438861995,0.01050905267838,0.0307352150969127,up
gene-LOC142972477,1039.717133860615,1.7923049514112228,1.006220335563108,2.5568570942718774,0.0105622599197749,0.0308819785165117,up
gene-LOC142979983,2208.9479754960107,1.2052422485635437,0.5402789826145695,2.5564998223324045,0.0105731125073121,0.0309048566329139,up
gene-LOC142982629,727.4552126764564,-1.8602127009858616,1.0975916397343255,-2.555723644310297,0.0105967240831518,0.0309650050720673,down
gene-Ada2b,166.09956557200871,-0.8574386068290504,0.3563276481430425,-2.555350220796113,0.0106081004415232,0.0309893618261524,down
gene-Delta,22.884937026990144,-2.2857054570178232,1.5858894710096525,-2.5552507866804253,0.0106111315354563,0.0309893618261524,down
gene-Fdx2,1797.6504756591555,1.3417147128244749,0.6266818526573505,2.554892553788833,0.0106220580937563,0.031012399016868,up
gene-LOC142974268,441.5173085275024,1.6334589643959283,0.8549471687701222,2.5538429109823366,0.0106541311672401,0.0310971452170488,up
gene-Dnaaf5,43.8625949940417,-1.1703908016617135,0.5223648681563651,-2.5535392678952378,0.0106634253856872,0.0311076771713344,down
gene-LOC142981660,1005.938408614552,2.063842426288412,1.3965942223247594,2.5535258957193765,0.0106638348606347,0.0311076771713344,up
gene-LOC142987818,467.99729529628,1.1047383713215393,0.4831870110950453,2.552678705888089,0.0106898055332407,0.0311745271650824,up
gene-LOC142979472,19.490725758090857,-2.361985023644323,1.9370816701193916,-2.552448843902994,0.0106968616637239,0.0311861945163183,down
gene-DNApol-gamma35,103.483387190791,0.9472978892070184,0.3994101673872021,2.5523256150884266,0.01070064615425,0.0311883196163422,up
gene-LOC142974450,9700.426803838594,0.9406854601359896,0.3991990188662747,2.5490199174358725,0.0108026130484637,0.0314675432036728,up
gene-S1P,103.94382545783216,-1.0765086216704545,0.4706659928896918,-2.549028810834439,0.0108023375696872,0.0314675432036728,down
gene-LOC142985526,23.493372143243025,1.59059156134611,0.8156443517077016,2.548899394852776,0.010806346929307,0.0314694388323642,up
gene-LOC142976267,362.0634471762114,2.289324015027475,3.1345878437187493,2.548774224062601,0.0108102260295726,0.0314717561562601,up
gene-LOC142972497,1410.1080857665877,-0.8185878649233183,0.3388895100490404,-2.5485548123092285,0.0108170286871918,0.0314736065593406,down
gene-LOC142975173,6.967464201440722,2.2131175139035943,1.5278430711990822,2.548649257044746,0.0108141000495744,0.0314736065593406,up
gene-LOC142980618,251.6367597554539,-1.399396137372082,0.6761131058927282,-2.5481688143705408,0.0108290054308977,0.0314994751875672,down
gene-LOC142973851,13.622708339844548,2.205368769666933,1.677292347109116,2.5476959359724383,0.0108436939661294,0.0315332149037843,up
gene-LOC142979805,62.46476809843258,-1.6421937715316894,0.8649304968220078,-2.547520187541488,0.0108491575711888,0.0315401171544074,down
gene-Sulf1,144.7272704504769,-1.1184950160047336,0.4933019421964297,-2.5471685258305934,0.0108600972529245,0.0315629307120161,down
gene-LOC142974592,546.4662885606282,1.6216663157480995,0.8489180808321106,2.5463881448227506,0.0108844087924187,0.0316245831324274,up
gene-LOC142974624,22.413256133036157,-2.011668622185953,1.3073910707708205,-2.5457923972791408,0.0109030009133856,0.0316695874567236,down
gene-POLDIP2,1422.1626622010742,0.8451347482222483,0.3508650237833294,2.5448058896668653,0.0109338499661865,0.0317501583513133,up
gene-LOC142974477,229.70366355923,-1.0951358018542998,0.4820302979815684,-2.544598583072556,0.0109403424992082,0.031759976077764,down
gene-LOC142979896,42360.030045928965,1.3448065402740896,0.637942166343357,2.543489232451961,0.0109751439585936,0.0318519460862568,up
gene-LOC142987905,205.8183040414473,-1.176292785066489,0.5303069085044596,-2.5432170062050097,0.0109836989904431,0.0318677133585712,down
gene-LOC142976493,1228.10521378227,2.173922567207306,1.8772035812652037,2.542963406783549,0.01099167398291,0.0318817892422742,up
gene-LOC142980623,93.9466063774704,1.0661332813110782,0.4637116532614311,2.542662197194601,0.0110011528663266,0.0319002179848285,up
gene-LOC142974572,544.7768739079004,2.0479756443477197,1.4487829379674029,2.5420764267168714,0.0110196075076834,0.0319446560155993,up
gene-Cul1,4011.580079451088,-1.4088359261572816,0.6874775663555677,-2.541750863942621,0.01102987621842,0.0319653454177778,down
gene-LOC142980908,1916.498739092379,1.4861399063766636,0.7355471057717772,2.5396687872239085,0.0110957491443126,0.0321471222015326,up
gene-LOC142977516,27.329978251492197,-2.181942927000884,1.6098051018907784,-2.539548547973204,0.0110995639360475,0.0321490491189664,down
gene-Prx4,1231.5879337678691,1.0796980425712728,0.4726805450607998,2.5392177544751013,0.0111100649265441,0.0321592068886512,up
gene-cyc,487.1933962311916,-1.3123949996871995,0.6180875137242298,-2.5391403610570644,0.0111125230426445,0.0321592068886512,down
gene-LOC142984538,2076.2043067705717,-1.867795678238423,1.135661024670522,-2.5392723422492365,0.0111083314379942,0.0321592068886512,down
gene-LOC142982785,50.53624991613648,1.6892431551190197,0.9201734745580684,2.5388583518280288,0.0111214841122625,0.0321760171014354,up
gene-LOC142984852,22.793865671243765,2.3423049744796045,2.505510814930715,2.53869783245054,0.0111265876104308,0.0321816604532919,up
gene-Flo1,628.8238464558063,-0.8743351716225646,0.3667039823964049,-2.538435142605127,0.0111349439693685,0.0321826600258586,down
gene-LOC142973345,996.49343119171,1.0846681561022211,0.475095188541172,2.5385067756409603,0.011132664716716,0.0321826600258586,up
gene-numb,240.2763266725304,-1.341496956142349,0.6380846803132714,-2.538389633865373,0.0111363922025406,0.0321826600258586,down
gene-Rep,615.3246917779838,-0.7532018072982937,0.310046959559519,-2.537954909614241,0.0111502349490033,0.0322135431996822,down
gene-bur,690.4999074190654,-1.0723757851520868,0.4711726776417907,-2.5365632406224097,0.0111946521275325,0.0323235683920013,down
gene-spas,57.58081523917929,-1.309558087826505,0.617417086943974,-2.536656739801852,0.0111916630459166,0.0323235683920013,down
gene-LOC142981608,42.59388474270487,1.6135985768378165,0.8506706349236152,2.5359513356906827,0.0112142316675895,0.0323709453142213,up
gene-LOC142987520,5.432951085840121,2.6972574905295787,2.652107423742433,2.5337110537820053,0.0112861752459562,0.032569406484443,up
gene-LOC142985138,97.85163503094562,-0.8869150798833043,0.3750743484435701,-2.5332438380016287,0.0113012307842983,0.0325986426573324,down
gene-SPZ1,44.67339540060916,1.6900764361970726,0.927844555726346,2.533198463696646,0.0113026938732536,0.0325986426573324,up
gene-LOC142981701,364.7705190625701,0.8745317147281085,0.3670944143980686,2.532963100957064,0.0113102858153299,0.0326068470713739,up
gene-LOC142972265,121.423617920617,-1.273550879740745,0.5953943794734873,-2.5329122199530807,0.0113119276457073,0.0326068470713739,down
gene-side-II,6.497490264386009,-3.336004698485969,2.7150840493358444,-2.532620250407089,0.01132135302304,0.0326248024579814,down
gene-Shab,14.975113777382708,-2.44309233254534,1.8371171739157963,-2.531859222771727,0.0113459533419806,0.032686465075246,down
gene-LOC142987885,226.5090458349173,1.7760715101078888,1.0172240743443894,2.531398483321789,0.0113608698581846,0.032710972818756,up
gene-LOC142973843,4.895838386078288,5.932970373901146,4.805102317924501,2.531411586640767,0.0113604453956449,0.032710972818756,up
gene-LOC142983517,6874.443776743119,1.3210995469180264,0.6235877716162143,2.531225769145827,0.0113664659931794,0.0327178562866279,up
gene-Cdc42,2162.4873722313423,-0.7023594984768878,0.2879571220990965,-2.531093298033483,0.011370759865483,0.0327209884259897,down
gene-LOC142981767,21440.185639052423,1.9712408600825304,1.2831360599007169,2.529607684901086,0.0114190127297536,0.0328505814353427,up
gene-Mvb12,83.75745596056969,-1.0610180156860032,0.466095213254738,-2.527701176065317,0.0114812025835205,0.0330201844942222,down
gene-LOC142975703,33.61217738306018,1.0800452273780996,0.4746547331376678,2.5273554616202683,0.0114925118462883,0.0330433995535393,up
gene-PIG-A,97.9922110983214,1.0300074664871075,0.4479347365609112,2.5270545642741937,0.0115023630656696,0.0330624105354238,up
gene-Alr,579.1326399551538,1.8503164638962908,1.1145091295845695,2.526770435713033,0.0115116721626317,0.0330798529740941,up
gene-LOC142976359,1924.663842666063,1.8841000405139965,1.1220903706581415,2.5259080394218363,0.011539968397212,0.0331518315311971,up
gene-Ldlr,138.20449942055697,-1.45696353250469,0.7303287508632156,-2.525339011040018,0.0115586726690326,0.0331962217030997,down
gene-Arfrp1,1636.94348153048,0.9598979822029622,0.4119859300890759,2.524795386149169,0.0115765670366481,0.0332289144384329,up
gene-LOC142985206,1206.0555516814302,-1.875983132055079,1.1702477864264178,-2.524809666204707,0.0115760966693502,0.0332289144384329,down
gene-Spred,82.20378206731495,-1.23673241290067,0.5736966882956582,-2.524638413423869,0.011581738641243,0.0332344127948181,down
gene-B52,705.3632804672185,-0.6949649875913333,0.2858413759583078,-2.5243417973140683,0.011591516517063,0.0332344407555231,down
gene-LOC142977216,1395.4626214289108,1.0168946383366029,0.4411899593305891,2.5244559941013534,0.0115877511817328,0.0332344407555231,up
gene-Catl-like,1603.2566687357655,1.574593251980274,0.819096897972236,2.524349947298143,0.0115912477570442,0.0332344407555231,up
gene-LOC142976133,1850.7605087911047,-1.1999795888242102,0.5509089134452154,-2.523440976305244,0.011621256772864,0.0333103532380295,down
gene-Pka-R1,247.23754666406816,-0.9058105629173638,0.3855127621270121,-2.5231556520976803,0.0116306907482752,0.0333280349431907,down
gene-LOC142983597,15.561256072119145,-1.3617688903140832,0.6540095654333926,-2.5227050083854725,0.011645604698018,0.0333614053193011,down
gene-LOC142983030,2095.057061938536,1.7434846807784423,0.9844558737772834,2.5219513219898837,0.0116705856958301,0.0334235881586246,up
gene-LOC142975635,1850.503198442032,1.173128220100864,0.5303764812908243,2.5213100546254874,0.0116918779754992,0.0334751748936664,up
gene-olf186-M,199.57440114320488,0.9255462407634332,0.394848641844286,2.519708872532468,0.0117451932403313,0.0336089675929527,up
gene-REPTOR,584.1512104978632,-1.4554052413994123,0.7318160543618925,-2.519803932866713,0.0117420219635649,0.0336089675929527,down
gene-R2D2,109.25397769259553,-0.9665039163557548,0.4170587646156236,-2.518077908641044,0.0117997217537383,0.0337555380998898,down
gene-LOC142979711,536.2480159689474,-1.226991351135121,0.570118577418913,-2.517686037827783,0.0118128566968675,0.0337836448038462,down
gene-LOC142985281,223.2687688630199,1.0393591267438096,0.4551995874847197,2.5166986220173877,0.0118460109659488,0.033868973089479,up
gene-Pcif1,210.3488062794368,-0.7151897156867255,0.2956642135145311,-2.5163339992418394,0.0118582746801029,0.033894542049793,down
gene-LOC142980519,3042.5595714067435,1.8909296595618583,1.169962164291862,2.515923261437726,0.0118721029094462,0.0339245673003128,up
gene-LOC142975365,9.73693904101582,2.410057516906848,3.4683411246874445,2.5154249629524466,0.0118888982222651,0.0339630518205037,up
gene-LOC142984182,266.7029447719736,-1.188075526148302,0.5458589421870246,-2.5153171291764838,0.0118925355665753,0.0339639369132721,down
gene-LOC142972440,512.9229700365885,-1.3254433768596432,0.637563736141,-2.5146799577684105,0.0119140481621964,0.0340158572284024,down
gene-LOC142983224,104.99339868862184,-1.4162442125305357,0.7030579947976203,-2.5140227448066503,0.0119362735558389,0.0340697830493424,down
gene-LOC142987474,282.2725610886527,-1.4644731699515616,0.7416959404243775,-2.513899493562588,0.0119404457134012,0.0340721636557691,down
gene-LOC142978892,286.6157467037349,-0.9704208511443978,0.420799663607724,-2.513425692559041,0.0119564963143477,0.0341084286977495,down
gene-LOC142973362,26.6956896136788,0.9297977794351066,1.3087546189841803,2.5123641166963115,0.0119925279832011,0.0342016577604175,up
gene-Yod1,600.9477895690275,-1.4979088425772698,0.7711320454721181,-2.5119454514862927,0.012006764630498,0.0342326945763947,down
gene-fz4,134.8670117931717,-1.8298945703058744,1.114551805911869,-2.511380174258959,0.0120260105671204,0.0342779921414684,down
gene-slmo,19817.091374448344,1.271566545089947,0.5952509024453583,2.510542765464516,0.0120545720028373,0.0343416472450568,up
gene-TwdlT,23.118652889918557,-1.86752032541114,1.1404695117538304,-2.510528115195572,0.0120550722130928,0.0343416472450568,down
gene-LOC142981029,137.29893735902525,-1.5057265119193004,0.7759821974565475,-2.5103352925854745,0.0120616575508989,0.0343508199280204,down
gene-Arpc2,2841.1025120786944,-1.140325101171181,0.5165851780824371,-2.510207519340413,0.0120660230588653,0.0343536673254779,down
gene-shtd,55.759407502745546,-1.1578464146824436,0.5292072081105023,-2.5100724434433035,0.0120706395924151,0.0343572276407644,down
gene-LOC142977238,165.26534732388208,1.260651465155758,0.5898816964887169,2.5088241048922084,0.0121133786183013,0.034469265558127,up
gene-LOC142986384,2061.942984154925,2.198715179439323,2.122450122541727,2.50867187039946,0.0121185997932746,0.0344745117307565,up
gene-Pngl,301.01980957434824,-0.8204986898105802,0.3464025025270145,-2.508497339708124,0.0121245881132515,0.034481936715508,down
gene-SdhA,4128.818081782745,-0.6902324174130965,0.2857329895349066,-2.5082405736203888,0.0121334027777647,0.0344973933572827,down
gene-LOC142987478,326.919450599644,1.7676008884468797,1.0416681066122429,2.507898719577609,0.0121451472874139,0.0345211691346795,up
gene-LOC142983682,129.11565829039907,1.186827789088251,0.5438621339395534,2.507553296813429,0.0121570246332893,0.0345453091403075,up
gene-LOC142974851,184.78805148268077,-2.118987314415936,1.735268106426831,-2.507423936827554,0.0121614753189946,0.0345483380409069,down
gene-Klp64D,98.85891270586978,-1.2960027551587951,0.6198114316207092,-2.506651003824589,0.0121880985109378,0.0346143354204625,down
gene-CCT8,1537.616503256805,0.9352998205460236,0.4022896696260563,2.506470599793184,0.0121943198432526,0.0346223706926509,up
gene-LOC142976510,2233.95023001368,2.0911802385800144,1.6515950977841023,2.5061831570776416,0.0122042382772419,0.0346408954660203,up
gene-Nmd3,1052.456001123906,1.1529884342418495,0.5231161227728046,2.5056914606549827,0.0122212212170844,0.0346794564811734,up
gene-UBL3,1367.811534472167,-1.6821847594621764,0.9508691963522836,-2.50556840112537,0.0122254749043312,0.0346818850329374,down
gene-rudimentary,5587.78585938336,-2.1311884065855304,2.060889172649092,-2.505423444313529,0.0122304871777645,0.0346864636352994,down
gene-Sar1,3169.5720452536902,-0.5554494643405429,0.2264005135403719,-2.5050983168177394,0.0122417359617304,0.0347087219337174,down
gene-LOC142976478,146.5023383826447,1.1163898671494488,0.5016319828555103,2.504957293314897,0.0122466179524106,0.0347129212552779,up
gene-S2P,349.8638723537371,1.5786048017516163,0.8385773295676353,2.504832406828163,0.0122509427475144,0.0347155393181233,up
gene-LOC142979525,58.27335339191399,1.7854737642158685,1.0582674214949672,2.504449977175909,0.0122641946304387,0.034743445626669,up
gene-LOC142987468,7408.068578436058,-1.4506151391782285,0.7424094293616833,-2.5038405455301915,0.012285338791158,0.0347936884132492,down
gene-LOC142983088,68.05689456958082,-0.3145632859390828,1.106592146619479,-2.502799919584179,0.0123215178502698,0.0348864723155906,down
gene-Als2,155.80195650949872,-1.3714523246084158,0.6755698852775648,-2.502293990382803,0.0123391413780288,0.0349266822089683,down
gene-LOC142979411,909.2772598329798,1.1797405966338104,0.5409151654726951,2.50140259572973,0.0123702465355736,0.0350050197916828,up
gene-LOC142986225,9.551748268715595,-2.302106893985847,1.513293377894566,-2.501244173682883,0.0123757819252711,0.0350109773035596,down
gene-LOC142982496,443.1701797360641,-1.4091457210831024,0.7051680262042512,-2.5010713303432395,0.012381823708692,0.0350183637003656,down
gene-toc,215.0165899751172,-1.217859086078245,0.5699145576335797,-2.500648678811085,0.0123966086080123,0.0350418432797396,down
gene-LOC142977514,2188.4457323829174,1.2447016147623473,0.5813171470738486,2.500637728367455,0.012396991876471,0.0350418432797396,up
gene-Glyp,329.6833907802278,-1.3107106419804953,0.6312400107792338,-2.5001345982828016,0.012414612887071,0.035081936250923,down
gene-LOC142985158,8360.097967581425,-1.5965405604977,0.8747097369333529,-2.500002405857862,0.0124192463106068,0.0350853161063835,down
gene-rdgB,50.35442756310426,-1.331139207648342,0.6454613393569856,-2.4995539475000847,0.0124349764574846,0.0351162288269456,down
gene-CCE-un1,737.8668910326469,1.6938988233354704,0.9548045842834568,2.499494317103557,0.012437069384678,0.0351162288269456,up
gene-DCAF12,187.95393571050636,-1.218351887116177,0.5699734263082394,-2.498535270999042,0.0124707731825418,0.0351821951006647,down
gene-LOC142972586,80.55549608636396,1.287417277991415,0.6116888429362791,2.4986464392245216,0.012466862252851,0.0351821951006647,up
gene-LOC142984246,151.21950903065786,1.872931470016304,1.1867023680955595,2.49858894853056,0.0124688846561345,0.0351821951006647,up
gene-LOC142980761,64.63724818207771,1.6785961083736494,6.613663519021035,2.498223719346057,0.0124817394477608,0.0352034027475256,up
gene-LOC142973861,249.5681757750399,1.9019037764239544,1.2267754757941072,2.4972573614663767,0.0125158084923625,0.0352897395805372,up
gene-LOC142973138,407.7492705943628,-0.9918209951493436,0.4361405190833432,-2.497018902319346,0.0125242280495749,0.0352939800392079,down
gene-Uvrag,476.57491503857386,-1.3106857808033612,0.6336259125880686,-2.4971098943760395,0.0125210146945898,0.0352939800392079,down
gene-Tango4,335.9084689990918,0.8476604254435071,0.3599892990183173,2.4962380016559385,0.012551835340917,0.035362015822451,up
gene-LOC142981651,149.927815207353,0.8846905676722141,0.3784047776390958,2.495696465557052,0.0125710119685067,0.0354062690845883,up
gene-LOC142978926,21.12729785136583,-0.6061756285399038,1.3213963805882285,-2.4955594681035325,0.0125758673686407,0.0354101733053009,down
gene-LOC142984158,284.0501433268635,1.4232609048327212,0.7122744488176891,2.4951331639515395,0.0125909868660762,0.0354429682686265,up
gene-LOC142979920,44.006693008001946,2.016119889510137,1.4505325105951044,2.4947988655164086,0.0126028545026159,0.0354665938539292,up
gene-morgue,105.02576575658956,-0.9491615507652996,0.4138981868875193,-2.494446579418876,0.0126153714189131,0.0354893700323794,down
gene-LOC142974672,58309.230984020745,-1.5243342685140755,0.8226986002099498,-2.494375399471963,0.0126179018171357,0.0354893700323794,down
gene-mAcon1,1947.8556023553992,-1.4394327858009246,0.7328766879619845,-2.493563591687263,0.0126467928267884,0.0355608304085482,down
gene-LOC142974892,20.756600638573307,-2.538160114925635,1.7036133517005163,-2.493383949212749,0.012653193937701,0.0355690307138844,down
gene-LOC142980899,14.974200423901015,-2.0528384683965,1.2902877672303843,-2.4929254742954154,0.0126695435481112,0.0356051847454768,down
gene-RpL36,11080.772892213412,0.9510616038748944,0.4144263201813086,2.49227655841715,0.0126927164115868,0.0356604889658869,up
gene-LOC142981635,108.93981521611056,1.306011263589739,0.6280182809092792,2.4914287662018424,0.0127230476919336,0.0357358689575033,up
gene-LOC142975297,1006.69572027053,-1.49745070429062,0.783739996087864,-2.4912149013641667,0.0127307092137409,0.0357475512915139,down
gene-Rab40,696.6915005642667,-1.0928172765598558,0.4947449752405489,-2.48874126099151,0.0128196224241863,0.0359873174047498,down
gene-LOC142982184,5530.773975945072,0.7904617079836639,0.3365871028774734,2.488600184074804,0.0128247098548365,0.0359917001617587,up
gene-LOC142987404,320.5000199037557,0.9209012546044184,0.3987486567745258,2.487753417490582,0.0128552829990555,0.0360477674646593,up
gene-l(1)G0007,205.86449143545133,-1.0930138689377114,0.4954702429445582,-2.4878888281677725,0.0128503895670656,0.0360477674646593,down
gene-LOC142972529,7473.712741331471,1.9931503786852416,1.4302975586072348,2.487460117500484,0.0128658878432195,0.0360633489861351,up
gene-LOC142972920,10.088629594546296,2.306849954734247,2.4204863344194014,2.487404323960821,0.0128679060456063,0.0360633489861351,up
gene-LOC142973131,114.55453100981724,-1.1658180925879624,0.5382755970499239,-2.4855532391817152,0.0129350237684532,0.0362415008522103,down
gene-Membrin,880.0838173146318,-1.1860665492540683,0.5545507680196222,-2.4813922840949973,0.0130870257886351,0.036657319490834,down
gene-DCP1,606.2561650593842,-1.0369386644773255,0.4648084471415841,-2.4805536534566306,0.0131178520118781,0.0367335844952648,down
gene-cac,16.337238209977865,-3.1526654025804137,2.441630729545024,-2.4789005165962514,0.0131788057945025,0.0368941499573471,down
gene-ath,109.24362484541848,-1.3409640038413817,0.6617995978158856,-2.478427168919504,0.0131963049327573,0.0369330091715532,down
gene-Rad9,67.53556494744008,1.0920723106711063,0.4955265840830672,2.476900578864566,0.0132528813258582,0.0370811841263802,up
gene-LOC142977002,175.35870429724625,1.6408318666621726,0.9208948425603968,2.4766228638562557,0.013263196641946,0.0370998761645225,up
gene-PolD2,78.70469968719435,1.1313944379348984,0.519338045161073,2.4760894021561755,0.013283031207242,0.0371451779540602,up
gene-mEFTu1,1259.4864491258593,1.0253075890653556,0.4572591351273488,2.4756644168795856,0.0132988512865492,0.0371792317397448,up
gene-LOC142974551,10003.434648381446,1.6534613760297006,0.9352040004878458,2.475420635955776,0.0133079335480789,0.0371944353026402,up
gene-LOC142974487,428.7914791438079,-1.401358406959013,0.7113324763732869,-2.475154872091751,0.0133178410487629,0.0372119363768747,down
gene-Dhc93AB,6.253034143990974,-5.3411613267464695,3.219901858558978,-2.4738847800987878,0.0133652793250326,0.0373342654818303,down
gene-spt4,560.084392708691,1.0905378889723043,0.4946010750919161,2.473224352751728,0.0133900054348974,0.0373869185223627,up
gene-Noc1,182.9611158788532,-1.1677650410291862,0.5447349429081229,-2.473185687214164,0.0133914543076083,0.0373869185223627,down
gene-Cchl,1144.659683239215,1.4538621145318715,0.7479294680569867,2.4730196178184145,0.0133976788257723,0.037394068300426,up
gene-ACC,258.09187862521964,-1.538913757598722,0.8274911444998626,-2.472782849492856,0.0134065576623939,0.0374086205740993,down
gene-LOC142976969,442.7829049659633,-0.6509772203904287,0.2717849059600805,-2.472658840805688,0.0134112100757328,0.0374113750322506,down
gene-LOC142977187,546.199835517642,1.0100759550963576,0.4495068138223525,2.4710729123926414,0.013470835018619,0.0375674352554766,up
gene-LOC142979801,1046.3611631703038,2.028776107188277,1.6426108311564431,2.470947373081186,0.0134755648144466,0.0375703605739025,up
gene-LOC142984590,1181.987569148211,1.656532997378992,0.9391770630596986,2.4707729543178973,0.0134821386191863,0.0375784240540784,up
gene-LOC142973489,14.79483119481342,2.194814717540984,3.251550485865437,2.470536163567873,0.0134910677452449,0.0375930462669164,up
gene-Sec5,139.00018999677425,-0.8670517006316444,0.3753912651230663,-2.470224159574516,0.0135028410608781,0.03761558370862,down
gene-LOC142984576,223.1041556925069,-1.011801076639968,0.4524823848957323,-2.4699988131474244,0.0135113500417145,0.0376290177014406,down
gene-Tudor-SN,619.7068150494816,-1.3309491963408906,0.658694934096036,-2.469889404585361,0.0135154829686216,0.037630260409362,down
gene-LOC142985287,876.6459564004596,0.6314584162463541,0.2625942948910131,2.4695768883871567,0.0135272944736961,0.0376528755639531,up
gene-LOC142975358,140.58956193048047,-1.2543723271949805,0.6039379888724092,-2.467596564930613,0.0136023527431875,0.0378430850077244,down
gene-LOC142979403,12.17596048006354,-1.9398956527382163,3.967497846535733,-2.467578349195549,0.0136030448607172,0.0378430850077244,down
gene-LOC142972407,379.6345855312267,-0.74539234781499,0.3161128675601843,-2.466953963634527,0.0136267875734361,0.037898806747156,down
gene-Tmem63,2275.724612013196,-1.0651023079803827,0.4855855204589733,-2.4657336238323504,0.0136732975915933,0.0379971000591868,down
gene-LOC142974052,104.85033695239996,1.3770188894945337,0.6894339050340886,2.465872308719637,0.0136680049319965,0.0379971000591868,up
gene-LOC142983464,2698.0518227501584,-1.8698133518662368,1.2594880427518462,-2.465744801318109,0.013672870955867,0.0379971000591868,down
gene-mdu,3883.8168344180153,-1.230469443260473,0.59066292001286,-2.4654488090470643,0.0136841727129271,0.0380169708439977,down
gene-LOC142977881,527.6622432225167,1.929468261403128,1.3541275945720683,2.464489714231904,0.0137208501601937,0.038108494580979,up
gene-Cdc5,204.2257857348029,-1.1450277330314091,0.5346183240067462,-2.4638715130846403,0.013744537235775,0.0381561948613077,down
gene-LOC142982354,100.01554492118032,1.7033214176129543,1.0004832887754556,2.463846380563223,0.0137455009802124,0.0381561948613077,up
gene-LOC142984451,181.26862778668144,1.9835935031241243,1.5214055245238691,2.463577202959651,0.0137558267445535,0.0381744762320983,up
gene-RpL3,21567.411622927662,0.939826605442187,0.41375066960815,2.463344336507808,0.0137647651239571,0.0381888985105273,up
gene-LOC142982533,12.74818617688851,-2.177846126130446,1.482955435550895,-2.4625794249062984,0.0137941617066167,0.0382600566683252,down
gene-LOC142980766,61.45940838932052,1.5751287534493306,0.8628630900656746,2.4620581285892027,0.0138142275784339,0.0383053031494363,up
gene-LOC142973950,208.9769291902381,-0.9237344435616076,0.4069306149240154,-2.460292220894657,0.013882393025541,0.0384838635555939,down
gene-LOC142979582,164.17134386747676,-1.140665752889182,0.5315307926392508,-2.4601277538876247,0.0138887566751264,0.0384910506063033,down
gene-LOC142975969,465.5322368056466,0.804581508014081,0.3445600117523447,2.4597277661495487,0.0139042439743113,0.0385235120102594,up
gene-LOC142984903,192.02192900238137,1.1616399752419728,0.5420599329609245,2.4590306317713626,0.0139312730702929,0.0385879251637665,up
gene-tank,236.84993712477615,-1.125381995161726,0.5231392580936192,-2.457868406294444,0.0139764376828922,0.0387025229053936,down
gene-LOC142979284,95.7865319849364,-1.1553840135189244,0.5424368168609593,-2.4569388529921183,0.0140126535260706,0.0387922849310017,down
gene-Dus2,246.49064784699044,0.8721758538565674,0.379250276803488,2.4565027201040333,0.0140296740032958,0.03882887270923,up
gene-vito,63.73456029863035,-1.4075658525882528,0.7195258835971209,-2.4561177197556665,0.0140447141484444,0.0388599613210008,down
gene-LOC142985486,82.56688230596411,-1.4112516541759808,0.7245565941978949,-2.4556853593227403,0.0140616213908771,0.0388856595872888,down
gene-LOC142983113,89.10846505110106,1.7926224269987814,1.129885254539006,2.4557804104933507,0.0140579029218459,0.0388856595872888,up
gene-SIDL,82.14072725145478,-0.9591097005235296,0.4277027298469337,-2.453470613101203,0.0141485099382229,0.0391153415328932,down
gene-LOC142979327,15.421302892065391,0.6980538782551104,1.017077924099958,2.45291332973244,0.0141704476496655,0.0391653829299042,up
gene-LOC142972210,5746.831662558591,-1.4134431497613198,0.735918411016882,-2.4525117490087336,0.0141862746576866,0.0391985125693037,down
gene-LOC142979579,386.8978200331469,-1.43389109977054,0.7504192481315564,-2.4513268916101048,0.0142330629249266,0.0393171510892359,down
gene-da,18.61735442247306,-2.107298931784672,2.166841178603823,-2.4511274401884644,0.0142409523404374,0.0393283010115923,down
gene-Alg7,220.88855571112933,0.9316957290197704,0.411211491342798,2.45086337277264,0.0142514036141163,0.0393465179035123,up
gene-LOC142978708,1847.087208241089,-1.4699532684603185,0.7851568933948928,-2.4501360795311573,0.0142802234546747,0.0394154247706504,down
gene-LOC142973114,6.5804992461864416,1.0541610109850892,1.636207183915587,2.450026463658579,0.0142845715666316,0.0394167672291454,up
gene-LOC142980749,132.84331021460977,-1.207818719342874,0.5804799007426895,-2.4498054262710656,0.0142933429668207,0.0394303112600916,down
gene-LOC142987140,1191.0531951045998,-1.3672506629935788,0.6978915832821398,-2.4492501163661013,0.0143154002291631,0.0394804890945874,down
gene-tsu,1195.011715429928,1.236781998169188,0.5948187411902612,2.449031536307198,0.0143240906000093,0.0394937851848448,up
gene-LOC142975102,250.09277291105,1.214472191817087,0.5797755876148831,2.448761140700837,0.0143348475076515,0.0395127703242234,up
gene-LOC142975324,3904.187986854231,0.9394289067710248,0.4150283128050555,2.4478479004159905,0.0143712308243032,0.0396023631273388,up
gene-LOC142973189,265.2902155819596,-0.8499361427975046,0.37063707746235,-2.446774477611579,0.0144140998933008,0.0397097753335821,down
gene-LOC142982876,2824.7583656882653,2.029259889914756,1.704093140878379,2.445565141305889,0.014462531981003,0.0398324511414187,up
gene-Faf2,522.1062857371061,-0.811125187464799,0.351555067861953,-2.444159394044815,0.0145190103436062,0.0399772156938734,down
gene-LOC142981556,61.20002262217599,-1.5279723052702756,0.8398762060961681,-2.443449758006314,0.0145475950137611,0.0400451192841047,down
gene-LOC142979277,27.57155616403897,-2.055508955213605,1.8565075455521445,-2.442783464227634,0.0145744789793446,0.0401083059968105,down
gene-stac,261.8442934112967,-0.9903644552622516,0.4474096666307857,-2.442557000071646,0.0145836264408267,0.0401119837066813,down
gene-LOC142984274,112.34949995148388,1.0813716316802369,0.4974716128969709,2.442458543498563,0.0145876049298717,0.0401119837066813,up
gene-LOC142974959,893.8875275948841,2.010057124551735,1.7469134384476117,2.442458915461307,0.0145875898975897,0.0401119837066813,up
gene-TpnT,12963.449410844669,1.6823765234817858,0.9979629356004486,2.442325675019259,0.0145929754717125,0.0401159441529139,up
gene-LOC142980490,1119.9323910435196,-1.6372696594121423,0.9590667417383846,-2.441850422264697,0.014612199451611,0.0401485575571645,down
gene-Phyhd1,149.6663356508291,1.7424729061241866,1.0853928274461684,2.441837904032713,0.0146127061158877,0.0401485575571645,up
gene-LOC142982652,10.13548948693232,-2.159205889369646,1.7933945784588248,-2.4399636913941527,0.0146887381646003,0.0403465959219794,down
gene-LOC142973686,41.85588461539624,-1.4489924567107368,2.8046483281374,-2.4396877959341947,0.0146999599370396,0.0403665566525057,down
gene-LOC142982698,143.84370849774422,1.3876692982096552,0.7110182919593193,2.439502918437958,0.0147074838724298,0.0403763549988949,up
gene-l(2)05287,257.40087967170666,-1.6592428026061496,0.9859461233421698,-2.4390789873948235,0.0147247493555972,0.0404128842894814,down
gene-LOC142978264,725.6127720818794,-1.0706583962520513,0.4955962163966534,-2.438101920120314,0.0147646105249745,0.0405005051406652,down
gene-LOC142982897,349.918388738618,-1.463519155301801,2.7331714388288524,-2.4381572944539034,0.0147623488925805,0.0405005051406652,down
gene-LOC142987545,13.061300231831346,-2.221424700067061,2.539956300946032,-2.4375575260443694,0.0147868612638942,0.0405506429125654,down
gene-Hsc70-4,107314.6322053764,-0.9212001993432736,0.4220457924920807,-2.435723859158026,0.0148620253403892,0.040734879873618,down
gene-p47,1134.1421747873796,-1.0513927740623523,0.4848856123394494,-2.4357708211876306,0.0148600961209419,0.040734879873618,down
gene-LOC142972487,52.052915221669984,1.6346449386648472,0.9541360722252948,2.4351453782663985,0.0148858076816225,0.0407891111426367,up
gene-LOC142979864,22543.15751042109,-1.4461424458210106,0.7889217600322628,-2.434433875200257,0.0149151047722472,0.0408584203999806,down
gene-Pisd,13.968586329140324,-1.8871490288406851,1.268654635275702,-2.4342165351827663,0.0149240641616966,0.0408719943381908,down
gene-LOC142976466,4411.182530008699,1.9366464063625397,1.4665773299173697,2.433728954040481,0.0149441809309344,0.0409161091099913,up
gene-LOC142985452,486.0395072414468,1.358382382985226,0.6905188255983813,2.4335153698265883,0.0149530005743712,0.0409183047889029,up
gene-Appl,43.17924106457398,-1.9877513906431368,1.5764058640000105,-2.433608549091145,0.0149491523110639,0.0409183047889029,down
gene-HDAC6,63.63968494784791,-1.2313450763332767,0.6026295001595943,-2.432291990407484,0.0150036066236296,0.04104577734354,down
gene-LOC142976902,706.4660741570788,-1.6009113817749605,0.927258868449351,-2.43219497378323,0.0150076262414119,0.04104577734354,down
gene-LOC142979975,363.2195962124164,0.9162716524407484,0.4065410073230791,2.4319906085338245,0.0150160966590442,0.0410469465985175,up
gene-LOC142976934,1625.4820073539329,1.9536468276149108,1.5499858422674204,2.432004002028419,0.0150155414039758,0.0410469465985175,up
gene-Bet3,335.2273357407287,1.345755755291256,0.6823792559174887,2.4315616894688503,0.0150338879542978,0.0410845768004065,up
gene-LOC142974663,829.7541033109295,0.7870698009162856,0.3407084708328631,2.4304840153780765,0.0150786711605427,0.0411849067529193,up
gene-LOC142979200,2558.3942539232394,1.0639028146095384,0.490404321460466,2.430514571565854,0.0150773997684314,0.0411849067529193,up
gene-Paip1,1651.6330336394265,-0.9417230811615026,0.4224614241102203,-2.430311344620136,0.0150858574779642,0.0411935118452597,down
gene-LOC142974604,347.5342882938275,1.5359816762176803,0.8485395042361447,2.43012502527896,0.0150936152139002,0.041203672235432,up
gene-LOC142976792,206.77688719852668,0.9303984928071686,0.4149182324737852,2.4291537425026823,0.0151341132191502,0.0412930870398584,up
gene-lili,197.4225785081439,-1.1280570871855626,0.5332320261075698,-2.429145422718755,0.0151344605286676,0.0412930870398584,down
gene-mst,532.5003461403435,0.9068966267829148,0.4028833302519077,2.427374396815381,0.0152085520020533,0.0414787688381422,up
gene-LOC142977995,15.53980960743612,2.019154606546365,1.7611758706737444,2.42722762338901,0.0152147066258454,0.0414787688381422,up
gene-LOC142983222,241.67748898439652,2.048420718351358,2.6624983962491453,2.4272438813167456,0.0152140247770824,0.0414787688381422,up
gene-Arpc1,3470.7896165843104,1.001097043197562,0.4542274690120149,2.4270824160002844,0.0152207977392768,0.0414832396076468,up
gene-Phax,293.0217693393301,-1.1700217004339672,0.5616384347179265,-2.426994779504828,0.0152244749260551,0.0414832396076468,down
gene-Hap40,156.260726597979,0.8882452721880407,0.3933652049480893,2.4266305919983706,0.015239764446128,0.0415028876618231,up
gene-LOC142979910,34670.25445836911,-2.006498544987588,1.602587094820206,-2.4266293154709464,0.0152398180617726,0.0415028876618231,down
gene-LOC142976981,2442.380229108628,1.6154934100989733,0.9194785087736534,2.425902364664663,0.0152703778367243,0.0415750190929435,up
gene-LOC142975149,8677.479031138117,1.4481352501707632,0.7636416860042181,2.4254191718877154,0.0152907202760638,0.0416193018287424,up
gene-LOC142974951,129.30462753136524,-1.6621219912591902,0.9933400178635828,-2.425168503102482,0.0153012828400235,0.0416369485332231,down
gene-LOC142979258,4391.886306512729,1.588803140703024,0.9058089481159126,2.4241417942006454,0.015344612885761,0.0417437270055872,up
gene-LOC142980036,14.262263415023888,1.5068172036874998,3.2583842751011405,2.423568588039727,0.0153688507770532,0.0417985238159824,up
gene-mRpL20,481.7584170381265,1.0417060337165118,0.4788489968689501,2.423281746576594,0.0153809924497876,0.0418204022202936,up
gene-LOC142978427,89.88700003444171,1.2781573460143916,0.6335084606695521,2.4231273574421626,0.0153875310608296,0.041827038492114,up
gene-RfC38,90.1635786860855,1.188493259926429,0.5716445628169023,2.422402607600534,0.0154182580140031,0.0418882511442455,up
gene-D2hgdh,1211.0252137166178,1.1904223513957828,0.572964135244334,2.422403641386358,0.0154182141465307,0.0418882511442455,up
gene-LOC142986439,7.793258792053368,-0.7867661977823133,1.5465275067172513,-2.422159465796246,0.0154285784992485,0.0419051359078845,down
gene-LOC142984312,259.1166570944292,-0.948667918212082,0.4283588539663235,-2.4220545416166943,0.0154330340267953,0.0419060862760042,down
gene-glu,99.78638441587452,-1.2708013916129757,0.6330887453147398,-2.421416383953292,0.0154601573170607,0.0419685706742657,down
gene-LOC142979976,4.263699334284676,2.2441980685983114,4.139087425099982,2.421223784845971,0.0154683514962217,0.0419796500191265,up
gene-Sap47,499.7507197564072,-1.0683329580848384,0.4988206932673238,-2.4210274726365717,0.0154767075835707,0.0419911627606343,down
gene-LOC142977058,617.6583967999867,-1.49300112756418,0.8232262442429009,-2.4204180861230715,0.0155026716123284,0.0420504302809026,down
gene-LOC142975382,74.49018825665424,1.106759310502695,1.6217619877115548,2.420233369492845,0.0155105493696712,0.0420606209926234,up
gene-Afti,407.1808789544222,-0.8486758782374312,0.3749677769439982,-2.4199850692236557,0.0155211443795028,0.0420781728237942,down
gene-LOC142974708,80.32467073780049,1.4502366309092845,0.7768254320093111,2.418375885417339,0.0155899630070013,0.042253518962417,up
gene-Hem,331.8483863229663,-0.8698277618783918,0.3863992881516628,-2.418062070584383,0.0156034149056892,0.0422787512456516,down
gene-CycY,551.9316976295312,0.7833280030857928,0.3409385547853623,2.4179621085048435,0.0156077019963114,0.0422791439162291,up
gene-Dbp21E2,153.15070017242704,0.9229019468236074,0.413268351941754,2.417161061852716,0.0156420940642822,0.0423610650342607,up
gene-hth,226.57431668914504,-1.087096649241833,0.5109144188894112,-2.41701636509698,0.0156483135669085,0.0423666675271712,down
gene-LOC142981883,14.460361101459108,1.6099778792235002,0.9315091495934236,2.4166250229450785,0.0156651455324754,0.0424009918986945,up
gene-LOC142984123,6.355495846242506,-5.136610119583215,3.2352696291821883,-2.4163906875527266,0.0156752321237073,0.0424170451449312,down
gene-LOC142973997,100.53412921806785,-0.8105922693197094,0.3553410042276382,-2.415295487874641,0.0157224490273677,0.0425335375622428,down
gene-LOC142985248,484.0778515447553,1.5468329248656705,0.8713163899656962,2.415144745650415,0.0157289577016969,0.0425398704984685,up
gene-exu,5813.867051762713,-0.93895800228597,0.4242575790401315,-2.4149175882327665,0.0157387702709041,0.0425551332861242,down
gene-Sardh,57.85299145068984,-1.9082280996434988,1.4589912190696224,-2.4133154180503067,0.015808132624962,0.0427313585018504,down
gene-LOC142981317,17.5853618667137,1.6470321707184843,0.9807600384656432,2.41261523003908,0.0158385300166438,0.0428021911252008,up
gene-Jarid2,78.86243453303076,-1.4632720226192284,0.7937469708056566,-2.412505496910093,0.0158432985377395,0.0428037448847822,down
gene-LOC142974343,3252.6638714661044,0.99304506540813,0.4529341752086739,2.411996043037558,0.0158654537132076,0.0428522588120429,up
gene-snRNP-U1-C,334.53508624373035,0.9992305863808746,0.4567309417971175,2.4117557954196585,0.0158759110735218,0.0428578218268812,up
gene-LOC142976993,6293.998144930366,1.5995757798889412,0.9242360951441232,2.4117766563958005,0.0158750028086859,0.0428578218268812,up
gene-LOC142977247,170.39190367676736,-1.0375059410380818,0.4829053798207878,-2.4107174010913512,0.0159211794537807,0.0429614199283855,down
gene-Glo1,869.0423929456675,1.1506504233536945,0.5499604611440891,2.4106824486905114,0.0159227051620537,0.0429614199283855,up
gene-LOC142981921,18.661336668856293,-1.9617526002882872,1.4277110694007018,-2.410374183710732,0.0159361668136654,0.0429863780832671,down
gene-Sult,260.0136590906341,1.7865555026120097,1.2090725516268197,2.410148724798675,0.015946018734579,0.0430015886985067,up
gene-LOC142979155,150.31029964386775,1.3782002054489284,0.7183322653740631,2.409943995621449,0.0159549694632578,0.0430143616776208,up
gene-LOC142985722,10.724948394703802,-5.225734998129028,3.786552077650277,-2.409544976713531,0.015972427205626,0.0430500566379257,down
gene-Timp,1139.7338441327636,1.6745881551298505,1.009079427850388,2.4094147257042007,0.0159781295392789,0.0430540570769324,up
gene-LOC142975292,705.7062010260743,-1.7526786738450844,1.1610492809362836,-2.4083954198094712,0.016022816162935,0.0431630732581362,down
gene-Pgam5,152.417563070699,-1.0562169065277194,0.4946824377854344,-2.4082249288283304,0.0160303012459159,0.0431718429596474,down
gene-sxc,807.9617338472802,-1.1062177298978662,0.5271057701948211,-2.4069871817899777,0.0160847344096854,0.0433070124293483,down
gene-MED23,92.78828170219084,-0.8833145838983048,0.3960238163480516,-2.4063677970617103,0.0161120344196297,0.0433690757703482,down
gene-Pif1,8.120463169405403,-2.202417851553001,1.3412458294667762,-2.4060554274516432,0.0161258178702165,0.0433947331930662,down
gene-LOC142978255,500.6402905019754,-0.903212470296373,0.4067233579254616,-2.405935054298429,0.0161311321560186,0.0433975924924835,down
gene-LOC142987691,349.6531788894917,-1.074458991769296,0.5056279656495707,-2.405494942032541,0.0161505755273017,0.0434384517541946,down
gene-LOC142984493,108.181680007201,-1.272356466130233,0.6412810498414492,-2.405363274626238,0.0161563963589528,0.0434426600726638,down
gene-elB,21.38713467710711,-1.8754143319670724,1.3867185467116854,-2.4047463030823137,0.016183696376838,0.0435046059832462,down
gene-dnr1,4615.649867872312,-1.272948183490833,0.6469576639473256,-2.4034807294936824,0.0162398229174242,0.0436439896045679,down
gene-LOC142976321,2035.9195759455904,1.9848193596231696,1.7906835389470557,2.4032728653530318,0.0162490577578766,0.0436573131178329,up
gene-wde,71.42491804734796,-1.0234813101152502,0.4772436973730807,-2.4026504724510667,0.0162767365890042,0.0437086688671314,down
gene-pxb,15.065589248439156,-2.00051714568158,1.8134188289090551,-2.4026705019682733,0.0162758451988065,0.0437086688671314,down
gene-LOC142973919,8.315252961406275,-0.8930652615686311,1.7168970030261546,-2.402431299003426,0.0162864934498869,0.0437124753821452,down
gene-LOC142987537,632.4623355905894,-1.178055892811667,0.5762175687543124,-2.402426227018078,0.0162867192983538,0.0437124753821452,down
gene-LOC142978379,599.1751572511411,1.3380616797200149,0.6911434854830981,2.400252383655103,0.0163837712453427,0.0439613967143042,up
gene-LOC142982624,127.092123008562,-1.1066522550906268,0.5290448632043028,-2.3986876238981063,0.0164539445921959,0.0441224831326497,down
gene-Lrch,127.80293386953775,-1.1884445693298236,0.5839896432207534,-2.3986246530808715,0.0164567741046338,0.0441224831326497,down
gene-LOC142980012,764.6074519807556,1.5110210281615577,0.8471684876934741,2.398794571368039,0.0164491400248226,0.0441224831326497,up
gene-LOC142973964,3312.458410310342,0.985330494655048,0.4516024709840198,2.3980645444078457,0.0164819606799289,0.0441461853433425,up
gene-Idh,11571.614524588696,1.3182895068132918,0.6751146464961174,2.3981476917620874,0.0164782196290413,0.0441461853433425,up
gene-LOC142976487,20.531458171642537,1.875871842188349,3.55340904986451,2.398268917238474,0.0164727666647519,0.0441461853433425,up
gene-LOC142981597,51.08730396014158,-1.979045981790844,1.7342579847239548,-2.3980433389718607,0.0164829148960006,0.0441461853433425,down
gene-dcr-2,3175.4213656989923,-1.2192196692456745,0.6064698641843879,-2.3974928705561656,0.0165077022188208,0.0442009749599959,down
gene-TSG101,910.155980769989,-1.123907589663951,0.5413212961129834,-2.397101211934245,0.0165253583433787,0.044217602255818,down
gene-LOC142972561,64.99279634068341,1.3430707103962545,0.697166619543988,2.39706684832382,0.0165269082596204,0.044217602255818,up
gene-LOC142980110,9.19989870579331,1.754156358804699,1.1318154413009702,2.397117143365016,0.0165246398247319,0.044217602255818,up
gene-geminin,170.79710260951904,0.9514106193527614,0.4330313955370419,2.396741358044501,0.0165415953165614,0.0442452996321128,up
gene-LOC142973519,442.14058361834327,-0.9368768087995448,0.4272822391203786,-2.396381182451777,0.0165578608341568,0.0442656064783235,down
gene-DnaJ-17,107.88567990106912,-1.299298659165964,0.6668415100735966,-2.3964582230489677,0.0165543805029215,0.0442656064783235,down
gene-Tfb4,145.61609504366612,1.1319458431347469,0.5421494015703474,2.395689631892404,0.0165891306152077,0.0443375899946126,up
gene-LOC142977303,141.50788438664213,-1.2493773498297611,0.6278863970227744,-2.3952629040840154,0.0166084517925689,0.0443736819616425,down
gene-LOC142982721,43.542988407343564,-1.2505766142732972,0.6242922018772846,-2.395199387394595,0.0166113293597958,0.0443736819616425,down
gene-LOC142983156,816.5367687398735,1.8270595012436632,1.3142494144543817,2.3947692856180414,0.0166308262615422,0.044414140149545,up
gene-Bsg,7803.409080237937,-0.7074302482469128,0.3075037578798624,-2.3933883646436045,0.0166935605548718,0.0445700163702792,down
gene-LOC142975872,1245.7500100997083,-1.0688088040039467,0.5056549727156188,-2.3930802414671124,0.0167075866997329,0.0445957995408405,down
gene-LOC142981450,73.86686263332219,1.7081527398851228,1.0934138712947865,2.392624102430612,0.0167283697049854,0.0446395998898789,up
gene-RpS19a,17551.612099488197,-1.091831483175364,0.5219849208217512,-2.391840285318801,0.0167641356810032,0.0447233489012022,down
gene-LOC142973722,497.23769366459305,1.2697452561555236,0.64055462753813,2.391359684755681,0.0167860989165408,0.0447702408260079,up
gene-LOC142987547,15.86890369757242,-1.245532032137498,2.3645558466428023,-2.3897295947743524,0.0168607815683901,0.0449459382263146,down
gene-LOC142978039,376.1790640275228,-1.4472295477265198,0.8021426284479347,-2.389815151014005,0.0168568545652113,0.0449459382263146,down
gene-LOC142982252,545.7574266644809,-0.6477885022159376,0.2803995899381526,-2.3890706984676755,0.0168910516062819,0.0449913788479435,down
gene-IntS14,115.18740779210913,1.199356544160037,0.5903724603141398,2.3891505348334303,0.0168873813444947,0.0449913788479435,up
gene-Etfb,3116.766966354377,1.4089034102156364,0.7557740338176581,2.389191809221728,0.0168854841402116,0.0449913788479435,up
gene-LOC142980225,155224.10045776216,-1.793835049350298,1.1500435838369156,-2.3887465320057624,0.0169059614796727,0.0450193448533838,down
gene-Rpb5,619.587892037828,1.07222265633888,0.5063792670276743,2.3884257755139475,0.0169207258815272,0.0450469089913273,up
gene-cv-c,114.77779795338506,-0.9689433254717028,0.4478018894383296,-2.388255469537817,0.0169285696537324,0.0450560392322418,down
gene-Tgt,520.1725353612875,0.8939437704714276,0.4036085822200629,2.388079012779549,0.0169367000780867,0.0450659274496954,up
gene-LOC142975534,403.6325420155105,1.7898471767739157,3.837740130411028,2.3876597615926585,0.0169560312478795,0.0451056061889774,up
gene-LOC142980592,365.9265363217041,-0.915125392463892,0.4171409137964842,-2.3869675265211208,0.0169879917592251,0.0451788514555525,down
gene-Arl2,289.16601609659773,1.548682712106925,0.8979486143844864,2.386811329763369,0.0169952106734786,0.0451862764637136,up
gene-mRpS22,291.5671102037392,0.7559135559835803,0.3321941569589643,2.3863545111945825,0.0170163388171971,0.0452188935972744,up
gene-l(1)G0289,2142.0170632155773,-1.0831012344747917,0.5182589886201064,-2.386367781317628,0.0170157247408361,0.0452188935972744,down
gene-Bet1,1521.2768839318069,0.9774384411325936,0.4502303878449356,2.386091202348089,0.0170285274839376,0.0452395054733346,up
gene-LOC142979923,58.45530551784005,1.5215041773954712,0.8656939121375736,2.3857612089166538,0.0170438138219452,0.0452568822629319,up
gene-Sas-4,25.24423191871394,-1.8060577723086115,1.2707334512458284,-2.3857585710378144,0.0170439360653189,0.0452568822629319,down
gene-Fancl,133.64026414435617,0.9607121634650982,0.4411479275569325,2.3846768441009303,0.0170941298485203,0.0453783571817547,up
gene-LOC142985541,3339.952841194034,1.1506656139453082,0.5577161587555483,2.38420278942392,0.0171161675510681,0.0454250447721665,up
gene-LOC142973645,128.55031122939417,-0.9554435177127888,0.4401298285945453,-2.383815942788053,0.017134169619649,0.045461000599885,down
gene-Gmer,1005.614163334044,0.9773782148491532,0.4510651314411265,2.383680761222464,0.0171404642651605,0.0454658832522072,up
gene-LOC142979201,831.4705323828708,1.4417419386184966,0.7912731277321137,2.3806647853918164,0.017281429820695,0.0458248987626774,up
gene-LOC142974050,121.0780326746172,1.5565787836890286,0.9198784444809656,2.3805931394414697,0.0172847908529742,0.0458248987626774,up
gene-LOC142975154,5518.7606959347095,1.4564041130289176,0.8100153329214362,2.380171064935664,0.0173046027191159,0.0458655102451353,up
gene-LOC142975776,31.984514366697965,1.5441737549168415,0.8962719382684156,2.379951640803862,0.0173149101921224,0.045869008131584,up
gene-LOC142974784,793.5045187549143,-1.5463136674968223,0.91845135465428,-2.38002791669732,0.0173113265131481,0.045869008131584,down
gene-LOC142974016,843.6969050057049,1.542057025243771,0.888515955421094,2.378132111371429,0.0174005904434189,0.0460840235225679,up
gene-Rrp6,3210.394381670402,-1.5997185764516275,0.9841303853006804,-2.377330904339119,0.0174384364168167,0.0461722750989491,down
gene-LOC142981664,458.0626892700539,1.4960880867967716,0.8463226731305524,2.377035628676344,0.0174524023063272,0.0461972692792224,up
gene-Snx27,53.2497764072049,-0.9911091751113146,0.464300252194312,-2.37665716921147,0.0174703169461547,0.0462327003031894,down
gene-Rab5,14130.850233935029,-1.4528902296488495,0.8338389810671811,-2.3760284015345032,0.0175001157437214,0.0462995545350349,down
gene-Srrm234,410.70884376470514,-0.951914178116175,0.4409886841540641,-2.375560759791075,0.0175223072860965,0.0463462530368457,down
gene-LOC142980645,7.108129132679907,4.880155956578496,6.2570121573703625,2.375380241727145,0.0175308802151459,0.0463569156362681,up
gene-LOC142986594,80.49789210270221,1.846709657604192,1.4270768865600814,2.3752604166659026,0.0175365728213358,0.0463599582458883,up
gene-LOC142979268,22.790179529250285,-1.6973939014873658,1.1214999265179275,-2.37441326775801,0.0175768651162704,0.0464544438740995,down
gene-LOC142980083,80.41632727027837,0.9417817368161292,0.4325746743836168,2.374103606524258,0.0175916135370065,0.0464813873601411,up
gene-LOC142986342,45.458961925034494,1.1952567520679949,0.5922653653864408,2.373967133084828,0.0175981168822357,0.046482672373645,up
gene-LOC142986212,18.001812198018666,1.4440170047247136,2.6598770287034057,2.37390228386375,0.0176012078695148,0.046482672373645,up
gene-Orc5,86.34309782457552,0.9791640426893968,0.4539723376074985,2.3737422035720237,0.0176088400084828,0.0464907992670937,up
gene-Ten-a,14.832122208863938,-2.1126880770889613,2.5893390454057226,-2.3729371097919114,0.0176472684164598,0.0465802091354552,down
gene-LOC142986451,114.41550021024682,-1.5867640388257922,0.9659406250231584,-2.372019956674116,0.0176911351409966,0.0466839235739796,down
gene-LOC142981879,729.2681553125884,-1.8181057087338364,1.4052460460034015,-2.371574362643135,0.0177124820317178,0.0467281737135549,down
gene-Rim,85.4318441423652,-1.1348685126778373,0.5559416736660415,-2.371039968694609,0.0177381127909743,0.0467836995497353,down
gene-Usp39,398.358754024206,0.8257650756745745,0.370272455102287,2.3707036874560528,0.0177542582669636,0.0468141860322649,up
gene-LOC142986077,93.14787946231785,-1.4128890405359922,0.77361531398358,-2.3701401906776094,0.0177813416465481,0.0468734902340693,down
gene-LOC142983431,5298.030780442199,1.6091680199255098,0.986251477706766,2.3698314444979123,0.0177961962793876,0.0469005358697934,up
gene-Nt5b,1861.3136640435855,-0.8919148607656957,0.4078423093891468,-2.369246604746849,0.0178243643474575,0.0469626450424624,down
gene-eRF3,1861.5183595212795,-0.5480028880554455,0.2372033084142556,-2.3633146400028133,0.0181122847778675,0.0470132043292071,down
gene-LOC142987403,426.77770245996953,-0.7420326293626313,0.3296624565627468,-2.364433850095333,0.0180576518593386,0.0470132043292071,down
gene-LOC142980909,149.04219308754972,0.8864482059810053,0.4041026778251423,2.3635762306184294,0.0180995025949268,0.0470132043292071,up
gene-LOC142987381,466.5851789241404,-0.930450801497469,0.4298764688267836,-2.367036612484297,0.0179311588594411,0.0470132043292071,down
gene-mRF1,250.30899729058672,0.9366243446312066,0.4322667197136013,2.363064427739321,0.0181245183732174,0.0470132043292071,up
gene-LOC142982731,607.2869274356449,0.946731126190814,0.4373756429086183,2.365574343960847,0.018002128525065,0.0470132043292071,up
gene-U2af38,284.44145995369115,1.0370377066778835,0.4908344683060052,2.365977742450498,0.0179825254701581,0.0470132043292071,up
gene-spag,412.6282453282124,-1.094653460590258,0.5321965188290405,-2.3657502799728114,0.0179935766554565,0.0470132043292071,down
gene-mRpS26,377.1645670414397,1.1872066013226166,0.590097938206994,2.368463599709549,0.0178621379550448,0.0470132043292071,up
gene-purple,71.10383176370352,1.2595399867744277,0.6436439536462804,2.3653026894053646,0.0180153400588004,0.0470132043292071,up
gene-LOC142983455,153.37113623978084,-1.286723685707872,0.6722698802944408,-2.364206033855163,0.0180687607261702,0.0470132043292071,down
gene-LOC142985710,4522.126534681117,-1.4080754080621871,0.7825212279433902,-2.363127422712661,0.0181214376868856,0.0470132043292071,down
gene-LOC142985711,4522.126534681117,-1.4080754080621871,0.7825212279433902,-2.363127422712661,0.0181214376868856,0.0470132043292071,down
gene-LOC142985713,4522.126534681117,-1.4080754080621871,0.7825212279433902,-2.363127422712661,0.0181214376868856,0.0470132043292071,down
gene-LOC142985707,4522.028771112417,-1.4080786859700527,0.7825187249359926,-2.3631361105352404,0.0181210128563308,0.0470132043292071,down
gene-LOC142985708,4522.028771112417,-1.4080786859700527,0.7825187249359926,-2.3631361105352404,0.0181210128563308,0.0470132043292071,down
gene-LOC142985709,4522.028771112417,-1.4080786859700527,0.7825187249359926,-2.3631361105352404,0.0181210128563308,0.0470132043292071,down
gene-LOC142985714,4522.198697158187,-1.4081218618482487,0.7825378511257115,-2.363171188173649,0.0181192976645371,0.0470132043292071,down
gene-LOC142985715,4522.198697158187,-1.4081218618482487,0.7825378511257115,-2.363171188173649,0.0181192976645371,0.0470132043292071,down
gene-LOC142985716,4522.198697158187,-1.4081218618482487,0.7825378511257115,-2.363171188173649,0.0181192976645371,0.0470132043292071,down
gene-LOC142985717,4522.198697158187,-1.4081218618482487,0.7825378511257115,-2.363171188173649,0.0181192976645371,0.0470132043292071,down
gene-LOC142985706,4521.139475539273,-1.408123264191986,0.7824196694944144,-2.363363223496884,0.0181099102300193,0.0470132043292071,down
gene-LOC142986059,4522.019774836644,-1.4083473706415464,0.7825954435111587,-2.3634169925496025,0.0181072825526671,0.0470132043292071,down
gene-LOC142986946,4521.884107800724,-1.408685443296937,0.7826492912748275,-2.363832690963122,0.0180869787637673,0.0470132043292071,down
gene-LOC142986949,4521.884107800724,-1.408685443296937,0.7826492912748275,-2.363832690963122,0.0180869787637673,0.0470132043292071,down
gene-LOC142986942,4521.826284400307,-1.4086859190967471,0.7826490305069745,-2.363833772784209,0.0180869259508416,0.0470132043292071,down
gene-LOC142986945,4521.826284400307,-1.4086859190967471,0.7826490305069745,-2.363833772784209,0.0180869259508416,0.0470132043292071,down
gene-LOC142986950,4521.956270277795,-1.4087319048815663,0.782665913324904,-2.3638764460675006,0.0180848428111997,0.0470132043292071,down
gene-LOC142986951,4521.956270277795,-1.4087319048815663,0.782665913324904,-2.3638764460675006,0.0180848428111997,0.0470132043292071,down
gene-LOC142986963,4521.956270277795,-1.4087319048815663,0.782665913324904,-2.3638764460675006,0.0180848428111997,0.0470132043292071,down
gene-LOC142986964,4521.956270277795,-1.4087319048815663,0.782665913324904,-2.3638764460675006,0.0180848428111997,0.0470132043292071,down
gene-LOC142986965,4521.956270277795,-1.4087319048815663,0.782665913324904,-2.3638764460675006,0.0180848428111997,0.0470132043292071,down
gene-LOC142986966,4521.956270277795,-1.4087319048815663,0.782665913324904,-2.3638764460675006,0.0180848428111997,0.0470132043292071,down
gene-LOC142987060,4521.956270277795,-1.4087319048815663,0.782665913324904,-2.3638764460675006,0.0180848428111997,0.0470132043292071,down
gene-LOC142987068,4521.956270277795,-1.4087319048815663,0.782665913324904,-2.3638764460675006,0.0180848428111997,0.0470132043292071,down
gene-LOC142987069,4521.956270277795,-1.4087319048815663,0.782665913324904,-2.3638764460675006,0.0180848428111997,0.0470132043292071,down
gene-LOC142985718,4522.032996606648,-1.408766291985907,0.7826298048596895,-2.3639809424629927,0.018079742600811,0.0470132043292071,down
gene-LOC142986948,4521.942204040418,-1.4087765591174255,0.7826205213739251,-2.3640114530352645,0.018078253692921,0.0470132043292071,down
gene-LOC142986054,4521.88438064,-1.408777035207317,0.782620260629743,-2.364012535081893,0.0180782008913024,0.0470132043292071,down
gene-LOC142986055,4521.88438064,-1.408777035207317,0.782620260629743,-2.364012535081893,0.0180782008913024,0.0470132043292071,down
gene-LOC142986056,4521.88438064,-1.408777035207317,0.782620260629743,-2.364012535081893,0.0180782008913024,0.0470132043292071,down
gene-LOC142986057,4521.88438064,-1.408777035207317,0.782620260629743,-2.364012535081893,0.0180782008913024,0.0470132043292071,down
gene-LOC142986058,4521.88438064,-1.408777035207317,0.782620260629743,-2.364012535081893,0.0180782008913024,0.0470132043292071,down
gene-LOC142986061,4521.88438064,-1.408777035207317,0.782620260629743,-2.364012535081893,0.0180782008913024,0.0470132043292071,down
gene-LOC142986062,4521.88438064,-1.408777035207317,0.782620260629743,-2.364012535081893,0.0180782008913024,0.0470132043292071,down
gene-LOC142986063,4521.88438064,-1.408777035207317,0.782620260629743,-2.364012535081893,0.0180782008913024,0.0470132043292071,down
gene-LOC142986941,4521.88438064,-1.408777035207317,0.782620260629743,-2.364012535081893,0.0180782008913024,0.0470132043292071,down
gene-LOC142986943,4521.88438064,-1.408777035207317,0.782620260629743,-2.364012535081893,0.0180782008913024,0.0470132043292071,down
gene-LOC142986053,4521.786617071301,-1.4087803139951602,0.7826177564593875,-2.36402122577727,0.0180777768083929,0.0470132043292071,down
gene-LOC142986952,4522.014366517489,-1.408823019788753,0.7826371422447403,-2.364055204498315,0.0180761188204521,0.0470132043292071,down
gene-LOC142986953,4522.014366517489,-1.408823019788753,0.7826371422447403,-2.364055204498315,0.0180761188204521,0.0470132043292071,down
gene-LOC142986954,4522.014366517489,-1.408823019788753,0.7826371422447403,-2.364055204498315,0.0180761188204521,0.0470132043292071,down
gene-LOC142986955,4522.014366517489,-1.408823019788753,0.7826371422447403,-2.364055204498315,0.0180761188204521,0.0470132043292071,down
gene-LOC142986956,4522.014366517489,-1.408823019788753,0.7826371422447403,-2.364055204498315,0.0180761188204521,0.0470132043292071,down
gene-LOC142986957,4522.014366517489,-1.408823019788753,0.7826371422447403,-2.364055204498315,0.0180761188204521,0.0470132043292071,down
gene-LOC142986959,4522.014366517489,-1.408823019788753,0.7826371422447403,-2.364055204498315,0.0180761188204521,0.0470132043292071,down
gene-LOC142986961,4522.014366517489,-1.408823019788753,0.7826371422447403,-2.364055204498315,0.0180761188204521,0.0470132043292071,down
gene-LOC142986962,4522.014366517489,-1.408823019788753,0.7826371422447403,-2.364055204498315,0.0180761188204521,0.0470132043292071,down
gene-Klp98A,161.6769393842684,-1.4674928103866784,0.8331716187726859,-2.3681559518879,0.0178769986344851,0.0470132043292071,down
gene-LOC142983029,185.08504366548837,-1.4932827609987054,0.8629037364798502,-2.368242497339489,0.0178728170317901,0.0470132043292071,down
gene-LOC142978824,37.82794210888813,1.7642357687513874,3.354483415334634,2.368121486449692,0.0178786641341572,0.0470132043292071,up
gene-LOC142976192,7113.966653910916,-0.429400167557161,1.158641114355384,-2.36227171734368,0.0181633240486824,0.0471018924199444,down
gene-LOC142978671,5736.300059442937,1.5758711355858632,0.955649550646228,2.362017191324954,0.018175799321538,0.0471222716979777,up
gene-Tango10,217.97466249270303,-0.8938756293848923,0.4108269020112491,-2.361631817215403,0.0181947022292381,0.0471330790183551,down
gene-LOC142973012,2906.030601432712,0.9218007029398216,0.4251455553100288,2.361739982415735,0.0181893949028891,0.0471330790183551,up
gene-RhoGAP5A,70.33544266212245,-1.1188735086791293,0.54686902488348,-2.361555681982939,0.018198438758826,0.0471330790183551,down
gene-LOC142984747,15.85966172129831,1.8936336779552216,1.5779690362539784,2.361604329999328,0.0181960511565749,0.0471330790183551,up
gene-LOC142980964,224.0418399176492,0.9034434066095218,0.4142369162615739,2.360504537829586,0.0182500950394449,0.0472548757147677,up
gene-LOC142982159,16.030575589989436,1.9697715546228771,2.2762457762397923,2.3593217457215645,0.0183083743418189,0.0473937552388907,up
gene-LOC142974735,255.82673609807804,-1.1960288348712134,0.6045221127575174,-2.358467553282799,0.0183505639234142,0.0474909244336432,down
gene-LOC142979820,198.81670365999744,1.7718440582451511,1.278353189572921,2.357357694015543,0.018405508303974,0.0476210451859728,up
gene-LOC142977655,242.56520191815,-0.5987342939074433,0.2613588454991701,-2.3568461314152294,0.0184308820228192,0.047670418156379,down
gene-clu,219.2613523064035,-1.3317445209089829,0.7122289622485414,-2.356784688795566,0.0184339316609413,0.047670418156379,down
gene-Ivd,1871.9769751765975,1.4298551277798948,0.7943718040443049,2.3559179093108,0.0184770004106427,0.0477696917911425,up
gene-LOC142984126,504.2019483301685,-1.318938896218016,0.7037901798382673,-2.3554393606613013,0.0185008163636765,0.0478191523484544,down
gene-LOC142987549,3447.93629149802,0.935677229923644,0.4332543970758599,2.355171597749438,0.018514153850684,0.0478415109756791,up
gene-mei-41,42.00141134542508,-1.3329246984886158,0.712659979053089,-2.354344659059865,0.0185553974697514,0.0479238213496337,down
gene-Theg,12.168317378578053,1.9087094667628317,2.9361454061392527,2.354379084713198,0.0185536788856437,0.0479238213496337,up
gene-Nab2,187.1984288695786,-0.9202466323445484,0.4267567335088975,-2.353921907389628,0.0185765132758077,0.0479662208464886,down
gene-LOC142979421,10.06655171740338,-1.6820030988256496,3.106758526990962,-2.353420068625538,0.0186016066545479,0.0480188667483487,down
gene-LOC142977221,41.71307691376406,-0.9910963895387592,0.4707204606818097,-2.3519475360063224,0.018675408784166,0.0481971927838135,down
gene-LOC142972742,973.2220834275068,1.4723753960645136,0.8434616215343878,2.351774736038517,0.0186840861492556,0.0482073982116916,up
gene-LOC142973002,12.884961477924312,1.8926138266412689,1.7061480893263723,2.351313336558966,0.0187072731829041,0.0482550258726061,up
gene-LOC142985213,448.56281714918686,1.0702535322538964,0.5163807753951335,2.35012046524461,0.0187673360915638,0.0483977259945913,up
gene-Asx,167.88140088586962,-0.8210484906104366,0.3732458774481137,-2.3493237938218607,0.0188075436118582,0.0484891633357506,down
gene-LOC142982809,22.159271396869716,1.897264222449452,2.1397413304188304,2.349052852507137,0.018821235013507,0.0485122085310267,up
gene-LOC142987450,19.82707535709804,-1.8851984258551893,1.4506223893586454,-2.348485622843774,0.0188499269037734,0.0485738964672597,down
gene-Herc4,1856.010913563534,-0.8098063340286826,0.3664371049581502,-2.347517111752164,0.018899005035266,0.0486880727902475,down
gene-tkv,386.9139282976116,-1.1152535195282216,0.5510996363199715,-2.3471170197967077,0.0189193118063857,0.0487280887226291,down
gene-LOC142980936,9.162554964997602,0.4592132675793174,0.8475077962921218,2.3465888725802224,0.0189461472728503,0.0487725914789366,up
gene-LOC142982269,13212.352909485422,1.8840705489691667,1.926165485833265,2.3466318765672662,0.0189439609712353,0.0487725914789366,up
gene-Ada3,519.0485839229029,0.7613681628829376,0.3409229731411104,2.346353710277844,0.0189581067116123,0.0487818332163847,up
gene-LOC142978813,291.3480296124319,0.7659103443508197,0.3437792143551116,2.346256096762723,0.0189630728932239,0.0487818332163847,up
gene-GAPcenA,281.4860391148536,-1.122498230200483,0.5550956122249986,-2.3462364011109687,0.0189640750663872,0.0487818332163847,down
gene-LOC142985154,6891.480394674395,1.4626138148328724,0.8404638480701847,2.3460179639901746,0.0189751929002618,0.0487981340219128,up
gene-LOC142986596,42.54283276028532,-1.7020261560286138,1.159708014272281,-2.34527612883561,0.0190129927743734,0.048883027014617,down
gene-Dus4,70.53861321346439,1.2421813343935004,0.6395094233458176,2.344573766777422,0.0190488419745986,0.0489628632673706,up
gene-LOC142975574,833.5972497814302,0.8780185568588895,0.4031296133646953,2.3441313241752613,0.0190714549754251,0.0490086457538179,up
gene-LOC142974082,285.52658527190823,1.3986779343257223,0.7751570299542895,2.343632859538513,0.0190969593429039,0.0490618333785605,up
gene-LOC142974293,10679.574917051064,1.2786337795262637,0.6681977531692443,2.3435328178159,0.0191020816539504,0.0490626440467719,up
gene-mRpL11,186.88560904996012,1.3512306940185932,0.7323413533482477,2.3423849051954653,0.0191609428015588,0.0492014448240279,up
gene-Lipt1,12237.25389598384,-1.5746975472984917,1.0226348793460711,-2.339794125259929,0.0192943724130576,0.0495316044316095,down
gene-LOC142976722,1490.04189755347,1.594864651486105,0.9979878143039518,2.339367016729839,0.0193164470258775,0.0495619118277804,up
gene-SCOT,2976.216950347874,1.5993294346305476,1.0043057518338934,2.339393026260853,0.0193151021223909,0.0495619118277804,up
gene-Cipc,1288.5466395602332,-1.622018177880124,1.060460984889126,-2.3392839018186766,0.0193207452887957,0.0495619118277804,down
gene-Pld,352.4712932742409,-1.0512178082475905,0.5112618706961541,-2.3390270155808905,0.0193340353683939,0.0495835424636173,down
gene-Arfip,64.82659637468907,-1.102328184334202,0.5449436582805989,-2.3384134486722887,0.0193658107515071,0.0496525572320103,down
gene-LOC142975996,631.9603373856813,-1.6282731963347794,1.0775696389438056,-2.337641937862861,0.0194058304859495,0.0497426699573298,down
gene-LOC142983525,1106.3993533641865,-0.7725847741601372,0.3500632236928436,-2.336767009169893,0.0194513021245191,0.0498467087082517,down
gene-LOC142981727,288.8634937890632,-0.9139517689775396,0.427272057472907,-2.3363973846982806,0.0194705401351028,0.0498709669156823,down
gene-Ugalt,451.10329785988114,1.0783779264069324,0.5259631818509095,2.3364276655654224,0.0194689634683486,0.0498709669156823,up
gene-Cp190,102.48166731702746,-0.8641809935666684,0.3990217108563241,-2.336237417092816,0.0194788711932962,0.0498797888283929,down
gene-Cyp305b1,55.03755605783135,1.8711989101740645,1.753085326351037,2.336090968306752,0.0194865009264231,0.0498868108743418,up
gene-LOC142977577,98.46754132990954,1.6465801071834667,1.0848019321679276,2.33579884400562,0.0195017279050069,0.0499132740036124,up
