gene_id,kegg_ko
gene--w-2,ko:K21396
gene-14-3-3epsilon,ko:K06630
gene-14-3-3zeta,ko:K06630
gene-14-3-3zeta,ko:K16197
gene-3HCD,ko:K00022
gene-5-HT2A,ko:K04157
gene-5PtaseI,ko:K01106
gene-6pgl,ko:K01057
gene-A1,ko:K05692
gene-A2,ko:K05692
gene-ABCB7,ko:K05662
gene-ABCD,ko:K05675
gene-ABCD,ko:K05676
gene-ACBP,ko:K08762
gene-ACBP-like,ko:K08762
gene-ACC,ko:K11262
gene-ADD1,ko:K10779
gene-ADD1,ko:K10875
gene-AGBE,ko:K00700
gene-AGO1,ko:K11593
gene-AGO3,ko:K02156
gene-AGPAT2,ko:K13509
gene-AGPAT5,ko:K13509
gene-AIMP1,ko:K15437
gene-AK,ko:K00933
gene-AK,ko:K00934
gene-ALiX,ko:K12200
gene-AMPKalpha,ko:K07198
gene-AP-1-2beta,ko:K11825
gene-AP-1-2beta,ko:K12392
gene-AP-1gamma,ko:K12391
gene-AP-1gamma,ko:K12400
gene-AP-1mu,ko:K02332
gene-AP-1mu,ko:K10352
gene-AP-1mu,ko:K12393
gene-AP-1mu,ko:K12473
gene-AP-1sigma,ko:K12394
gene-AP-2alpha,ko:K11824
gene-AP-2mu,ko:K11826
gene-AP-2sigma,ko:K11827
gene-APC10,ko:K03357
gene-APC4,ko:K03351
gene-APP-BP1,ko:K04532
gene-AQP,ko:K09871
gene-AQP,ko:K09884
gene-ASPP,ko:K02177
gene-ASPP,ko:K16823
gene-ASPP,ko:K17554
gene-ATP7,ko:K17686
gene-ATP8A,ko:K14802
gene-ATP8B,ko:K01530
gene-ATP8B,ko:K14802
gene-ATPCL,ko:K01648
gene-ATPsynB,ko:K02127
gene-ATPsynC,ko:K02128
gene-ATPsynCF6,ko:K02131
gene-ATPsynD,ko:K02138
gene-ATPsynE,ko:K02129
gene-ATPsynF,ko:K02130
gene-ATPsynG,ko:K02140
gene-ATPsynO,ko:K02137
gene-ATPsyndelta,ko:K02134
gene-Aanat,ko:K00669
gene-Aasdh,ko:K00142
gene-Aatf,ko:K14782
gene-Abd-b,ko:K09294
gene-Abd-b,ko:K09300
gene-Abd-b,ko:K09306
gene-Abd-b,ko:K21951
gene-Abi,ko:K05751
gene-Abl,ko:K03679
gene-Abl,ko:K06619
gene-Abl,ko:K08887
gene-Abp1,ko:K20520
gene-Ac13E,ko:K08049
gene-Ac3,ko:K01768
gene-Ac3,ko:K08043
gene-Ac3,ko:K08045
gene-AcCoAS,ko:K01895
gene-Acade,ko:K09478
gene-Acadvl,ko:K09479
gene-Acci,ko:K01278
gene-Acci,ko:K08674
gene-Acf,ko:K11655
gene-Achi,ko:K19383
gene-Achi,ko:K19553
gene-Achl,ko:K18733
gene-Ack,ko:K04256
gene-Ack,ko:K08252
gene-Ack,ko:K08885
gene-Ack,ko:K08886
gene-Ack-like,ko:K08886
gene-Acox3,ko:K00232
gene-Acsf2,ko:K00666
gene-Acsf3,ko:K18660
gene-Acsl,ko:K01897
gene-Actbeta,ko:K04667
gene-Actn,ko:K05699
gene-Actn,ko:K21073
gene-Ada,ko:K01488
gene-Ada2a,ko:K03012
gene-Ada2a,ko:K11314
gene-Ada2b,ko:K15127
gene-Ada2b,ko:K20167
gene-Ada3,ko:K11315
gene-AdamTS-B,ko:K08622
gene-AdamTS-B,ko:K08626
gene-Adar,ko:K13194
gene-Adat1,ko:K15440
gene-Adck1,ko:K08869
gene-Adh,ko:K00069
gene-Adi1,ko:K08967
gene-AdipoR,ko:K07297
gene-Adk2,ko:K00856
gene-AdoR,ko:K04266
gene-Adsl,ko:K01756
gene-Adss,ko:K01939
gene-Aduk,ko:K21358
gene-Ae2,ko:K13855
gene-Ae2,ko:K13856
gene-Afg3l2,ko:K08956
gene-Ago2,ko:K11593
gene-Agpat1,ko:K13509
gene-Agps,ko:K00803
gene-Agxt,ko:K00830
gene-Ahcy,ko:K01251
gene-Ai-b,ko:K22255
gene-Ak2,ko:K00939
gene-Ak6,ko:K18532
gene-AkhR,ko:K04280
gene-Akt,ko:K04456
gene-AlaRS,ko:K01872
gene-AlaRS-m,ko:K01872
gene-Alas,ko:K00643
gene-Aldh,ko:K00128
gene-Aldh,ko:K07249
gene-Aldh7A1,ko:K14085
gene-Alg1,ko:K03842
gene-Alg10,ko:K18693
gene-Alg11,ko:K03844
gene-Alg12,ko:K01873
gene-Alg12,ko:K03847
gene-Alg14,ko:K07441
gene-Alg2,ko:K03843
gene-Alg3,ko:K03845
gene-Alg7,ko:K01001
gene-Alg9,ko:K03846
gene-Alk,ko:K05088
gene-Alk,ko:K05119
gene-AlkB,ko:K01426
gene-AlkB,ko:K10765
gene-AlkB,ko:K20168
gene-Alr,ko:K17783
gene-Als2,ko:K04575
gene-Aly,ko:K21773
gene-Amacr,ko:K01796
gene-Amnionless,ko:K18259
gene-Amph,ko:K12562
gene-Amt,ko:K03320
gene-Amy,ko:K01176
gene-Ance-3,ko:K01283
gene-Ankle2,ko:K21412
gene-Ankrd49,ko:K21439
gene-AnnIX,ko:K17095
gene-Ant,ko:K05863
gene-AnxB10,ko:K17089
gene-AnxB10,ko:K17095
gene-Anxb13,ko:K17095
gene-Aos1,ko:K10684
gene-Aox1,ko:K00106
gene-Apaf-1,ko:K02084
gene-ApepP,ko:K01262
gene-Apf,ko:K01518
gene-Aplip1,ko:K04434
gene-Apn1,ko:K11140
gene-Apn2,ko:K11140
gene-Apn3,ko:K11140
gene-Apn4,ko:K11140
gene-Appl,ko:K04520
gene-Appl,ko:K08117
gene-Aprt,ko:K00759
gene-Aps,ko:K07766
gene-Apt1,ko:K06128
gene-Apt1,ko:K06130
gene-Aptx,ko:K10863
gene-Arc42,ko:K00248
gene-Arf102F,ko:K07937
gene-Arf102F,ko:K07939
gene-Arf102F,ko:K07940
gene-Arf102F,ko:K07977
gene-Arf51F,ko:K07941
gene-Arf79F,ko:K07937
gene-ArfGAP1,ko:K12492
gene-ArfGAP3,ko:K12493
gene-Arfip,ko:K20314
gene-Arfrp1,ko:K07952
gene-ArgRS-m,ko:K01887
gene-ArgRS-m,ko:K02890
gene-Argl,ko:K01755
gene-Arglu1,ko:K16608
gene-Arl1,ko:K07942
gene-Arl2,ko:K07943
gene-Arl2,ko:K21596
gene-Arl4,ko:K07945
gene-Arl5,ko:K07949
gene-Arl5,ko:K07950
gene-Arl6,ko:K07951
gene-Arp1,ko:K16575
gene-Arp10,ko:K16576
gene-Arp2,ko:K17260
gene-Arp3,ko:K18584
gene-Arp5,ko:K11672
gene-Arp6,ko:K11662
gene-Arp8,ko:K11673
gene-Arpc1,ko:K05757
gene-Arpc2,ko:K05758
gene-Arpc3A,ko:K05756
gene-Arpc4,ko:K00275
gene-Arpc4,ko:K05755
gene-Arpc5,ko:K05754
gene-Arr1,ko:K13808
gene-Arr2,ko:K13805
gene-Art1,ko:K11434
gene-Art1,ko:K11439
gene-Art3,ko:K11436
gene-Art4,ko:K05931
gene-Art7,ko:K11438
gene-Art8,ko:K11434
gene-Arv1,ko:K21848
gene-Asap,ko:K12488
gene-Asator,ko:K08204
gene-Asator,ko:K08815
gene-Ase,ko:K09067
gene-Ask1,ko:K04426
gene-Ask1,ko:K13986
gene-AsnRS,ko:K01893
gene-AsnRS,ko:K02902
gene-AsnRS-m,ko:K01893
gene-AsnS,ko:K01953
gene-AspRS,ko:K22503
gene-AspRS-m,ko:K01876
gene-AspRS-m,ko:K17387
gene-Asph,ko:K00476
gene-Ass,ko:K01940
gene-AstA-R1,ko:K04233
gene-Asx,ko:K11471
gene-Atac3,ko:K09454
gene-Ate1,ko:K00685
gene-Atet,ko:K05679
gene-Atet,ko:K05680
gene-Atf-2,ko:K04450
gene-Atf-2,ko:K09047
gene-Atf3,ko:K09032
gene-Atf3,ko:K21406
gene-Atf6,ko:K09049
gene-Atf6,ko:K09054
gene-Atg1,ko:K08269
gene-Atg1,ko:K21357
gene-Atg10,ko:K17888
gene-Atg12,ko:K08336
gene-Atg14,ko:K17889
gene-Atg16,ko:K17890
gene-Atg17,ko:K17589
gene-Atg3,ko:K08343
gene-Atg4a,ko:K08342
gene-Atg4b,ko:K08342
gene-Atg5,ko:K08339
gene-Atg6,ko:K08334
gene-Atg7,ko:K08337
gene-Atg8,ko:K08341
gene-Atg9,ko:K17907
gene-Atox1,ko:K07213
gene-Atpalpha,ko:K01539
gene-Atpsyn-beta,ko:K02133
gene-Atu,ko:K15177
gene-Awh,ko:K09375
gene-Axn,ko:K02157
gene-Axn,ko:K04385
gene-Axud1,ko:K17494
gene-B52,ko:K12893
gene-B9d1,ko:K16744
gene-BAEE,ko:K09640
gene-BBS1,ko:K16746
gene-BBS5,ko:K16748
gene-BBS9,ko:K19398
gene-BCAS2,ko:K12861
gene-BGRP1,ko:K20692
gene-BGRP1,ko:K20697
gene-BGRP2,ko:K20697
gene-BGRP3,ko:K20692
gene-BGRP3,ko:K20697
gene-BHD,ko:K09594
gene-BI-1,ko:K21889
gene-BNIP3,ko:K15464
gene-BNIP3,ko:K15465
gene-BORCS5,ko:K18463
gene-BORCS5,ko:K20819
gene-BORCS6,ko:K20820
gene-BORCS7,ko:K20821
gene-BRWD3,ko:K11797
gene-BRWD3,ko:K11798
gene-BTBD9,ko:K10481
gene-Baldspot,ko:K10203
gene-Bap111,ko:K11651
gene-Bap170,ko:K11765
gene-Bap55,ko:K11340
gene-Bap55,ko:K11652
gene-Bap60,ko:K11650
gene-Bcat,ko:K00826
gene-BckdhA,ko:K00166
gene-BckdhA,ko:K21439
gene-BckdhB,ko:K00167
gene-Bcp,ko:K01365
gene-Bcs1,ko:K08900
gene-Bdp1,ko:K00858
gene-Bdp1,ko:K15198
gene-Bem46,ko:K06889
gene-Best2,ko:K22204
gene-Bet1,ko:K08504
gene-Bet3,ko:K20302
gene-Bet5,ko:K20300
gene-BicC,ko:K18756
gene-BicD,ko:K18739
gene-Bin1,ko:K14324
gene-Bka,ko:K14566
gene-Blm,ko:K10901
gene-Blos1,ko:K20185
gene-Blos2,ko:K16750
gene-Bm-re,ko:K11367
gene-Bm-re,ko:K20091
gene-BmDJ-1beta,ko:K05687
gene-BmMET2,ko:K09026
gene-Bmap-A,ko:K09373
gene-Bmcp,ko:K15106
gene-BmorPDSN,ko:K00507
gene-Bmp-2,ko:K13187
gene-Bmp-2,ko:K13189
gene-Bmptp-Z,ko:K05696
gene-Bmptp-Z,ko:K18026
gene-BomSIFR,ko:K04225
gene-BomSIFR,ko:K04240
gene-BomSIFR,ko:K08375
gene-Br140,ko:K11348
gene-Br140,ko:K11349
gene-Br140,ko:K11350
gene-Bre1,ko:K10696
gene-Brf,ko:K15196
gene-Brms1,ko:K19196
gene-Bruce,ko:K10586
gene-Btk29A,ko:K07364
gene-Btk29A,ko:K07370
gene-Btl,ko:K04362
gene-Btl,ko:K05093
gene-Btl,ko:K05094
gene-Bub1,ko:K02178
gene-Bub1,ko:K06637
gene-Bub3,ko:K02180
gene-Bx42,ko:K06063
gene-C/EBP,ko:K09055
gene-C/EBP,ko:K10052
gene-C15,ko:K15607
gene-C1GalTA,ko:K00731
gene-C3G,ko:K06277
gene-CAH3,ko:K01672
gene-CAH9,ko:K01672
gene-CAH9,ko:K01674
gene-CAH9,ko:K18246
gene-CAHbeta,ko:K01673
gene-CCDC53,ko:K18463
gene-CCT1,ko:K09493
gene-CCT2,ko:K09494
gene-CCT3,ko:K09495
gene-CCT4,ko:K09496
gene-CCT5,ko:K09497
gene-CCT6,ko:K09498
gene-CCT7,ko:K09499
gene-CCT8,ko:K09500
gene-CD98hc,ko:K06519
gene-CD98hc,ko:K14210
gene-CDase,ko:K12349
gene-CHMP2B,ko:K12192
gene-CHOp24,ko:K20347
gene-CIA30,ko:K18159
gene-CKIalpha,ko:K08957
gene-CLIP-190,ko:K10421
gene-CLIP-190,ko:K10422
gene-CLIP3,ko:K01315
gene-CLIP4,ko:K01362
gene-CLIP4,ko:K09640
gene-CLS,ko:K08744
gene-CNBP,ko:K09250
gene-COX5A,ko:K02264
gene-CPR146,ko:K06237
gene-CPSF1,ko:K14401
gene-CPSF2,ko:K14402
gene-CPT2,ko:K08766
gene-CRAT,ko:K00624
gene-CREG,ko:K14407
gene-CRMP,ko:K01464
gene-CRMP,ko:K07528
gene-CSN1b,ko:K12175
gene-CSN3,ko:K12177
gene-CSN4,ko:K12178
gene-CSN5,ko:K09613
gene-CSN6,ko:K12179
gene-CSN7,ko:K12180
gene-CSN8,ko:K10655
gene-CSN8,ko:K12181
gene-CSP10,ko:K15127
gene-CSP4,ko:K15127
gene-CTL10,ko:K06721
gene-CTL10,ko:K17519
gene-CYLD,ko:K08601
gene-CYP338A1,ko:K14999
gene-CYP338A1,ko:K15003
gene-CYP341B1,ko:K07427
gene-CYP341B1,ko:K15001
gene-CYP354A1,ko:K14999
gene-CYP354A1,ko:K15003
gene-CYP367A1,ko:K15001
gene-CYP49A1,ko:K00488
gene-CYP49A1,ko:K15004
gene-CYP49A1,ko:K17951
gene-CYP49A1,ko:K17960
gene-Ca-Ma2d,ko:K04860
gene-Ca-Ma2d,ko:K04861
gene-Ca-alpha1T,ko:K04854
gene-Ca-alpha1T,ko:K04855
gene-Ca-alpha1T,ko:K04856
gene-CaBP1,ko:K09584
gene-CaMKII,ko:K04515
gene-Cad96Ca,ko:K04362
gene-Cad96Ca,ko:K05093
gene-Cad96Ca,ko:K05094
gene-Cad96Ca,ko:K05126
gene-Cad96Ca,ko:K08252
gene-Cad99C,ko:K16500
gene-Cadps,ko:K19933
gene-Caf1-105,ko:K10751
gene-Caf1-55,ko:K10752
gene-CalpA,ko:K01367
gene-CalpA,ko:K03853
gene-CalpA,ko:K08573
gene-CalpA,ko:K08577
gene-CalpA,ko:K08578
gene-CalpA,ko:K08585
gene-CalpC,ko:K08578
gene-Cals,ko:K04493
gene-Calx,ko:K05849
gene-Camta,ko:K21596
gene-CanB,ko:K06268
gene-Cand1,ko:K02941
gene-Cand1,ko:K17263
gene-Cap-D2,ko:K06677
gene-Cap-G,ko:K06678
gene-Cap-d3,ko:K11703
gene-Caper,ko:K13091
gene-Capr,ko:K18743
gene-Casp-4,ko:K02187
gene-Casp-4,ko:K04397
gene-Caspase1,ko:K02187
gene-Caspase1,ko:K04397
gene-Caspase1,ko:K04489
gene-Caspase1,ko:K20008
gene-Cat,ko:K03781
gene-CatD,ko:K01379
gene-CatD,ko:K01382
gene-CatD,ko:K08565
gene-Catl-like,ko:K01363
gene-Catl-like,ko:K01365
gene-Catsup,ko:K14713
gene-Cbl,ko:K04707
gene-Cbp20,ko:K12883
gene-Cbp53E,ko:K14757
gene-Cbp80,ko:K12882
gene-Cbp80,ko:K13288
gene-Cc2d2a,ko:K19352
gene-Ccdc56,ko:K18175
gene-Ccdc85,ko:K16758
gene-Cchl,ko:K01764
gene-Ccm3,ko:K18269
gene-Ccnl1,ko:K02333
gene-Ccnl1,ko:K11459
gene-Ccs,ko:K04569
gene-Cdc10,ko:K02449
gene-Cdc16,ko:K03353
gene-Cdc25,ko:K05866
gene-Cdc25,ko:K05867
gene-Cdc25,ko:K06645
gene-Cdc25,ko:K16723
gene-Cdc27,ko:K03350
gene-Cdc37,ko:K09554
gene-Cdc42,ko:K04393
gene-Cdc45,ko:K06628
gene-Cdc5,ko:K12860
gene-Cdc7,ko:K02214
gene-Cdep,ko:K06082
gene-Cdep,ko:K17477
gene-Cdk1,ko:K02087
gene-Cdk12,ko:K08819
gene-Cdk2,ko:K02088
gene-Cdk2,ko:K02206
gene-Cdk4,ko:K02089
gene-Cdk4,ko:K02091
gene-Cdk4,ko:K02503
gene-Cdk5,ko:K02090
gene-Cdk5alpha,ko:K11716
gene-Cdk5alpha,ko:K19929
gene-Cdk7,ko:K02202
gene-Cdk8,ko:K02208
gene-Cdk9,ko:K02211
gene-Cds,ko:K00981
gene-Ced-12,ko:K12366
gene-Ced-12,ko:K18985
gene-Ced-12,ko:K19241
gene-CenB1A,ko:K12489
gene-CenG1A,ko:K12491
gene-CenG1A,ko:K17848
gene-Cep135,ko:K16461
gene-Cep164,ko:K16462
gene-Cep97,ko:K16717
gene-ChT,ko:K14387
gene-Chbp,ko:K18271
gene-Chc,ko:K04646
gene-Chd1,ko:K11367
gene-Chd1,ko:K20091
gene-Chd64,ko:K20526
gene-Chi,ko:K15617
gene-ChiR1,ko:K01183
gene-Chk2,ko:K06641
gene-Chmp1,ko:K12197
gene-Chpf,ko:K00747
gene-Chpf,ko:K03419
gene-Chrac-14,ko:K02326
gene-Chrac-16,ko:K11656
gene-Chsy,ko:K13499
gene-Cht11,ko:K01183
gene-Cht2,ko:K01183
gene-Cht5,ko:K01183
gene-Cht6,ko:K01183
gene-Cht7,ko:K01183
gene-Cip4,ko:K07196
gene-Cip4,ko:K20121
gene-Cipc,ko:K07560
gene-Cirl,ko:K04593
gene-CkIIalpha,ko:K20305
gene-Cka,ko:K17608
gene-Cks30A,ko:K02219
gene-ClC-a,ko:K05010
gene-ClC-a,ko:K05011
gene-ClC-b,ko:K05015
gene-ClC-b,ko:K05016
gene-ClC-c,ko:K05012
gene-Clc,ko:K04644
gene-Clc,ko:K04645
gene-Clic,ko:K05022
gene-Clk,ko:K02223
gene-Clk,ko:K09026
gene-Cln7,ko:K12307
gene-Clp,ko:K14404
gene-ClpP,ko:K01358
gene-ClpX,ko:K03544
gene-Cluap1,ko:K19684
gene-Cmc1,ko:K18171
gene-Cmtr1,ko:K14589
gene-Cna,ko:K04348
gene-Cnb,ko:K16468
gene-Cndp2,ko:K08660
gene-CngB,ko:K04952
gene-CngB,ko:K04953
gene-Cngl,ko:K04950
gene-Cnot4,ko:K10643
gene-Cnx99A,ko:K08054
gene-Cnx99A,ko:K09551
gene-CoRest,ko:K11829
gene-Coa7,ko:K00772
gene-Coa7,ko:K18180
gene-Coc,ko:K01312
gene-Coc,ko:K09622
gene-Cog1,ko:K20288
gene-Cog2,ko:K20289
gene-Cog3,ko:K20290
gene-Cog4,ko:K20291
gene-Cog6,ko:K20293
gene-Cog7,ko:K20294
gene-Cog8,ko:K20295
gene-Col4a1,ko:K06237
gene-Con,ko:K13023
gene-Copg1,ko:K17267
gene-Coprox,ko:K00228
gene-Coq2,ko:K06125
gene-Coq4,ko:K18586
gene-Coq5,ko:K06127
gene-Coq6,ko:K06126
gene-Coq7,ko:K06134
gene-Coq8,ko:K08869
gene-Coq9,ko:K18587
gene-Corin,ko:K09614
gene-Corin,ko:K20049
gene-Cortactin,ko:K06106
gene-Cow,ko:K08136
gene-Cox10,ko:K02257
gene-Cox11,ko:K02258
gene-Cp110,ko:K16453
gene-Cph,ko:K22045
gene-Cph,ko:K22046
gene-Cpr,ko:K00327
gene-Cpr50Cb,ko:K03006
gene-Cpsf5,ko:K14397
gene-Cpsf6,ko:K13911
gene-Cpsf6,ko:K14398
gene-Cpsf73,ko:K14403
gene-Crag,ko:K20163
gene-CrebA,ko:K09048
gene-CrebB,ko:K05870
gene-CrebB,ko:K09050
gene-CrebB,ko:K09052
gene-Crk,ko:K04438
gene-Crt,ko:K08057
gene-Cse1,ko:K18423
gene-Csk,ko:K05728
gene-Csk,ko:K08888
gene-Csl4,ko:K07573
gene-Csp,ko:K09525
gene-CstF50,ko:K14406
gene-CstF64,ko:K14407
gene-CtBP,ko:K04496
gene-Ctf4,ko:K11274
gene-Ctl1,ko:K06515
gene-Ctl2,ko:K15377
gene-Ctns,ko:K12386
gene-Ctns,ko:K16686
gene-Ctns,ko:K17436
gene-Ctps,ko:K01937
gene-Ctr9,ko:K08399
gene-Ctr9,ko:K15176
gene-CtsB,ko:K01363
gene-Ctu1,ko:K14168
gene-Ctu2,ko:K14169
gene-Cul1,ko:K03347
gene-Cul2,ko:K03870
gene-Cul3,ko:K03869
gene-Cul4,ko:K00558
gene-Cul4,ko:K10609
gene-Cul5,ko:K10612
gene-CycB,ko:K00774
gene-CycB,ko:K05868
gene-CycB,ko:K21770
gene-CycB3,ko:K21771
gene-CycC,ko:K15161
gene-CycG,ko:K10146
gene-CycH,ko:K06634
gene-CycJ,ko:K13983
gene-CycT,ko:K15188
gene-CycY,ko:K18468
gene-Cyca,ko:K06627
gene-Cyce,ko:K06626
gene-Cyp18a1,ko:K07418
gene-Cyp18a1,ko:K14985
gene-Cyp303a1,ko:K07418
gene-Cyp305b1,ko:K17855
gene-Cyp307a1,ko:K14939
gene-Cyp332a1,ko:K14999
gene-Cyp337a1,ko:K14999
gene-Cyp366a1,ko:K07427
gene-Cyp366a1,ko:K15001
gene-Cyp366a1,ko:K15007
gene-Cyp40,ko:K01409
gene-Cyp40,ko:K05864
gene-Cyp40,ko:K09566
gene-Cyp4g15,ko:K15001
gene-Cyp6ab5,ko:K14999
gene-Cyp6ab5,ko:K15003
gene-Cyp6ae22,ko:K14999
gene-Cypa,ko:K09565
gene-Cypl,ko:K12733
gene-CysRS,ko:K01883
gene-CysRS-m,ko:K01883
gene-Cyt-c1,ko:K00413
gene-D2hgdh,ko:K18204
gene-DAAM,ko:K04512
gene-DAT,ko:K05036
gene-DCAF12,ko:K11803
gene-DCP1,ko:K12611
gene-DCP2,ko:K12613
gene-DCTN1-p150,ko:K04648
gene-DCTN2-p50,ko:K10424
gene-DCTN4-p62,ko:K10426
gene-DCTN5-p25,ko:K10427
gene-DCTN6-p27,ko:K10428
gene-DCX-EMAP,ko:K18595
gene-DESAT4,ko:K00507
gene-DESAT4,ko:K15331
gene-DLDH,ko:K00382
gene-DMAP1,ko:K11324
gene-DNAlig1,ko:K10747
gene-DNAlig1,ko:K16679
gene-DNAlig3,ko:K10776
gene-DNApol-alpha180,ko:K02320
gene-DNApol-alpha50,ko:K02684
gene-DNApol-alpha50,ko:K16733
gene-DNApol-alpha73,ko:K02321
gene-DNApol-epsilon255,ko:K02324
gene-DNApol-epsilon58,ko:K02325
gene-DNApol-eta,ko:K03509
gene-DNApol-gamma35,ko:K02333
gene-DNApol-theta,ko:K02349
gene-DNApol-zeta,ko:K02350
gene-DNaseII,ko:K01158
gene-DPCoAC,ko:K15085
gene-DUBAI,ko:K11854
gene-DZIP1,ko:K16470
gene-Daao1,ko:K00272
gene-Daao2,ko:K00272
gene-Daao2,ko:K00273
gene-Daao2,ko:K16582
gene-Dab,ko:K12475
gene-Dab,ko:K20054
gene-Dad,ko:K04677
gene-Dad,ko:K19631
gene-Dad1,ko:K12668
gene-Dak1,ko:K13800
gene-Dap160,ko:K20045
gene-Dbct,ko:K09699
gene-Dbp21E2,ko:K20096
gene-Dbp45A,ko:K14778
gene-Dbp73D,ko:K14807
gene-Dbp80,ko:K18655
gene-Dbp80,ko:K18656
gene-Dci,ko:K13239
gene-Dci,ko:K17964
gene-Dcps,ko:K12584
gene-Dcr-1,ko:K11592
gene-Dd,ko:K17617
gene-Ddx1,ko:K13177
gene-Delta,ko:K06051
gene-Delta,ko:K21635
gene-Der-1,ko:K11519
gene-Der-1,ko:K13989
gene-Der-2,ko:K13989
gene-Der-2,ko:K19737
gene-Dera,ko:K01619
gene-Desat1,ko:K00507
gene-Desat1,ko:K15331
gene-Det,ko:K08731
gene-Dfd,ko:K09304
gene-Dg,ko:K06265
gene-Dgk,ko:K00901
gene-Dgkepsilon,ko:K00901
gene-Dh31-R,ko:K04576
gene-Dh31-R,ko:K04577
gene-Dh44-R2,ko:K04578
gene-Dh44-R2,ko:K04579
gene-Dhap-at,ko:K00649
gene-Dhc16F,ko:K10408
gene-Dhc36C,ko:K10408
gene-Dhc62B,ko:K10408
gene-Dhc64C,ko:K10413
gene-Dhc93AB,ko:K10408
gene-Dhc98D,ko:K10408
gene-Dhdds,ko:K11778
gene-Dhfr,ko:K00287
gene-Dhit,ko:K16449
gene-Dhod,ko:K00254
gene-Dhpr,ko:K00357
gene-Dhr-1,ko:K05052
gene-Dhr-1,ko:K05053
gene-Dhrs4,ko:K11147
gene-Dhrs4,ko:K11164
gene-Dhs,ko:K00809
gene-Dhx15,ko:K12820
gene-Dhx15,ko:K14305
gene-Diap2,ko:K04725
gene-Diap2,ko:K16060
gene-Diap2,ko:K16061
gene-Dic1,ko:K13577
gene-Dim1,ko:K12859
gene-Dip-B,ko:K01255
gene-Dip-C,ko:K06106
gene-Dip-C,ko:K14213
gene-Dis3,ko:K12585
gene-Dlc90F,ko:K10420
gene-Dlic,ko:K10416
gene-Dll,ko:K09314
gene-Dll,ko:K18488
gene-Dll,ko:K18489
gene-Dmc1,ko:K10872
gene-Dmc1,ko:K19347
gene-Dmtn,ko:K16288
gene-Dna2,ko:K10742
gene-Dna2,ko:K15376
gene-DnaJ-1,ko:K09503
gene-DnaJ-10,ko:K09529
gene-DnaJ-11,ko:K19374
gene-DnaJ-13,ko:K09524
gene-DnaJ-14,ko:K09504
gene-DnaJ-15,ko:K09537
gene-DnaJ-16,ko:K09506
gene-DnaJ-17,ko:K09531
gene-DnaJ-21,ko:K09528
gene-DnaJ-5,ko:K09507
gene-DnaJ-5,ko:K09510
gene-DnaJ-5,ko:K09511
gene-DnaJ-6,ko:K09518
gene-DnaJ-6,ko:K09520
gene-DnaJ-8,ko:K19371
gene-Dnaaf3,ko:K19752
gene-Dnaaf5,ko:K19759
gene-Dnah3,ko:K10408
gene-Dnali1,ko:K10410
gene-Dnmt1,ko:K00558
gene-Doa,ko:K08823
gene-Doc1,ko:K10176
gene-Doc1,ko:K10180
gene-Dok,ko:K20234
gene-Dolk,ko:K00902
gene-Dopr1,ko:K04144
gene-Dopr1,ko:K04148
gene-Dopr1,ko:K05840
gene-Dorsal,ko:K09254
gene-Dp,ko:K04683
gene-Dp,ko:K09392
gene-Dp,ko:K09393
gene-Dp,ko:K09394
gene-Dpck,ko:K00859
gene-Dpck,ko:K08597
gene-Dph1,ko:K07561
gene-Dph2,ko:K17866
gene-Dph3,ko:K15455
gene-Dph5,ko:K00586
gene-Dpm1,ko:K00721
gene-Dpp10,ko:K01278
gene-DppIII,ko:K01277
gene-Drak,ko:K08804
gene-Dredd,ko:K02187
gene-Dredd,ko:K04398
gene-Drep1,ko:K02310
gene-Drep4,ko:K02311
gene-Drip,ko:K09884
gene-Drl-2,ko:K05128
gene-Droj2,ko:K09502
gene-Droj2,ko:K09503
gene-Droj2,ko:K09505
gene-Dronc,ko:K20009
gene-Drp1,ko:K17065
gene-Dscam1,ko:K06767
gene-Dscam1,ko:K14965
gene-Dscam3,ko:K06767
gene-Dsor1,ko:K04368
gene-Dsor1,ko:K04369
gene-Dtd,ko:K07560
gene-Duox,ko:K13411
gene-Dus1,ko:K05542
gene-Dus2,ko:K05543
gene-Dus3,ko:K05544
gene-Dus4,ko:K05545
gene-Dyrk2,ko:K08825
gene-Dyrk2,ko:K18669
gene-Dyrk3,ko:K18669
gene-Dysb,ko:K20189
gene-E(Pc),ko:K11322
gene-E(bx),ko:K11728
gene-E(spl)mbeta,ko:K09087
gene-E(spl)mbeta,ko:K09090
gene-E(z),ko:K11430
gene-E(z),ko:K17451
gene-E2f1,ko:K06620
gene-E2f1,ko:K09389
gene-ECSIT,ko:K04405
gene-ENGase,ko:K01227
gene-ERR,ko:K08552
gene-ERR,ko:K08553
gene-ERR,ko:K08554
gene-ERR,ko:K08703
gene-ERp44,ko:K17264
gene-ERp57,ko:K08056
gene-Eaat1,ko:K05614
gene-Eaat2,ko:K05613
gene-Eaat2,ko:K05614
gene-Eaf,ko:K15186
gene-Eaf6,ko:K11344
gene-Eb1,ko:K10436
gene-EcR,ko:K08535
gene-EcR,ko:K08536
gene-EcR,ko:K14034
gene-Echs1,ko:K07511
gene-Edc3,ko:K12615
gene-Edem1,ko:K10085
gene-Edem2,ko:K10086
gene-Efa6,ko:K12494
gene-Egfr,ko:K04361
gene-Egfr,ko:K05083
gene-Egfr,ko:K05084
gene-Egfr,ko:K05085
gene-Egm,ko:K15980
gene-Eif2g,ko:K03242
gene-Eif2g,ko:K11419
gene-Eip63E,ko:K08821
gene-Eip63E,ko:K15594
gene-Eip63F-1,ko:K02183
gene-Eip74EF,ko:K09428
gene-Eip75B,ko:K08701
gene-Eip93F,ko:K20015
gene-EloB,ko:K03873
gene-EloC,ko:K03872
gene-Elovl7,ko:K10247
gene-Elovl7,ko:K10250
gene-Elp1,ko:K11373
gene-Elp3,ko:K07739
gene-Elp4,ko:K11375
gene-EndoA,ko:K11247
gene-EndoG,ko:K01173
gene-Eno,ko:K01689
gene-Enoph,ko:K09880
gene-Ent1,ko:K15014
gene-Ent2,ko:K15014
gene-Ent3,ko:K03323
gene-Eogt,ko:K18134
gene-Eph,ko:K05104
gene-Eph,ko:K05105
gene-Eph,ko:K05106
gene-Eph,ko:K05108
gene-Eph,ko:K05110
gene-Eph,ko:K05111
gene-Eph,ko:K05112
gene-Eph,ko:K05113
gene-Ephrin,ko:K05463
gene-Ephrin,ko:K19495
gene-Epp,ko:K18993
gene-Eps-15,ko:K12472
gene-Ercc1,ko:K10849
gene-Erk7,ko:K19603
gene-Ero1L,ko:K10950
gene-Ero1L,ko:K10976
gene-Es2,ko:K13118
gene-Esp,ko:K14708
gene-Etf-QO,ko:K00311
gene-Etfb,ko:K03521
gene-Ethr,ko:K04239
gene-Ethr,ko:K04282
gene-Ethr,ko:K04284
gene-Etl1,ko:K14439
gene-Ets,ko:K09429
gene-Ets,ko:K17102
gene-Ets65A,ko:K09436
gene-Ets97D,ko:K09441
gene-Evi5,ko:K20242
gene-Exd2,ko:K20777
gene-Exo70,ko:K07195
gene-Exo84,ko:K19986
gene-FAM21,ko:K18462
gene-FANCI,ko:K10895
gene-FASN1,ko:K00665
gene-FASN3,ko:K00665
gene-FBXO11,ko:K10297
gene-FDL,ko:K20730
gene-FER,ko:K07527
gene-FER,ko:K08889
gene-FRG1,ko:K13122
gene-Fa2h,ko:K01265
gene-Fa2h,ko:K08849
gene-Fa2h,ko:K13091
gene-Fa2h,ko:K19703
gene-Fa2h,ko:K19706
gene-Fa2h,ko:K20409
gene-Faa,ko:K01555
gene-Faf2,ko:K14776
gene-Faf2,ko:K18726
gene-Fak,ko:K05725
gene-Fak,ko:K05871
gene-Fancd2,ko:K10891
gene-Fancl,ko:K10606
gene-Fancm,ko:K10896
gene-Fas1,ko:K19897
gene-Fas2,ko:K06491
gene-Fatp,ko:K08745
gene-Fatp3,ko:K08745
gene-Fbl6,ko:K10272
gene-Fbw5,ko:K10263
gene-Fbxl4,ko:K10270
gene-Fbxl7,ko:K10273
gene-Fbxo42,ko:K10317
gene-Fcp1,ko:K15732
gene-Fdh,ko:K00121
gene-Fdh,ko:K13980
gene-Fdx1,ko:K22071
gene-Fdx2,ko:K22070
gene-Fdx2,ko:K22071
gene-FeCH,ko:K01772
gene-Fem-1,ko:K10349
gene-Fen1,ko:K04799
gene-Fer1HCH,ko:K00522
gene-Fib,ko:K14563
gene-Fim,ko:K17275
gene-Fim,ko:K17276
gene-Fim,ko:K17336
gene-Fip1,ko:K14405
gene-Fis1,ko:K17969
gene-Fkbp12,ko:K09568
gene-Fkbp14,ko:K09577
gene-Fkbp45,ko:K14826
gene-Fkbp59,ko:K06269
gene-Fkbp59,ko:K09571
gene-Fkbp59,ko:K12487
gene-Flo1,ko:K07192
gene-Flo2,ko:K07192
gene-Fmo-1,ko:K00485
gene-Fmr1,ko:K15516
gene-Fnta,ko:K05955
gene-Fntb,ko:K05954
gene-FoxK,ko:K09404
gene-FoxP,ko:K09409
gene-Foxg1,ko:K09385
gene-Fps,ko:K00787
gene-Fs(2)Ket,ko:K14293
gene-Fsn,ko:K10319
gene-FucT6,ko:K00717
gene-FucTA,ko:K00753
gene-FucTA,ko:K07635
gene-FucTA,ko:K14464
gene-FucTB,ko:K09669
gene-FucTB,ko:K11257
gene-Fuca,ko:K01206
gene-Fur1,ko:K01349
gene-Fur1,ko:K01359
gene-Fur1,ko:K08654
gene-G6P,ko:K01084
gene-G9a,ko:K11420
gene-GAA1,ko:K05289
gene-GABA-B-R1,ko:K04615
gene-GABA-B-R2,ko:K04615
gene-GABA-B-R3,ko:K04615
gene-GABPI,ko:K18932
gene-GAPcenA,ko:K08407
gene-GAPcenA,ko:K20284
gene-GCC88,ko:K20281
gene-GCS1,ko:K01228
gene-GCS2alpha,ko:K05546
gene-GCS2alpha,ko:K12317
gene-GCS2beta,ko:K08288
gene-GLS,ko:K01425
gene-GPHR,ko:K22193
gene-GSTd1,ko:K00799
gene-GSTd2,ko:K00799
gene-GSTd3,ko:K00799
gene-GSTe3,ko:K00799
gene-GSTe6,ko:K00799
gene-GSTo1,ko:K00310
gene-GSTo1,ko:K00799
gene-GSTo2,ko:K00310
gene-GSTo2,ko:K00799
gene-GSTo3,ko:K00310
gene-GSTt1,ko:K00799
gene-GSTz1,ko:K01800
gene-GSTz2,ko:K01800
gene-GXIVsPLA2,ko:K01047
gene-Gad1,ko:K01580
gene-Gadd45,ko:K04402
gene-Gale,ko:K01784
gene-Galk,ko:K18674
gene-Galphaf,ko:K04632
gene-Galphaf,ko:K04640
gene-Galphao,ko:K04534
gene-Galphao,ko:K04630
gene-Galphaq,ko:K04634
gene-Galphaq,ko:K04635
gene-Galt,ko:K00965
gene-Gar1,ko:K11128
gene-Gart,ko:K11787
gene-Gas41,ko:K11341
gene-Gas8,ko:K19942
gene-Gasz,ko:K18410
gene-Gat,ko:K05034
gene-GatA,ko:K02433
gene-GatB,ko:K02434
gene-Gata-beta,ko:K09183
gene-Gbeta13F,ko:K04536
gene-Gbeta13F,ko:K04537
gene-Gbeta13F,ko:K04538
gene-Gbeta5,ko:K04539
gene-Gbeta76C,ko:K07972
gene-Gbs-70E,ko:K07189
gene-Gbs-76A,ko:K07189
gene-Gcat,ko:K01176
gene-Gclc,ko:K11204
gene-Gclm,ko:K11205
gene-Gcn2,ko:K16196
gene-Gcn5,ko:K06062
gene-Gcy,ko:K12323
gene-Gcy,ko:K12324
gene-Gdap1,ko:K22077
gene-Gdh,ko:K00261
gene-Gdi,ko:K17255
gene-Ge-1,ko:K12616
gene-Gem2,ko:K13130
gene-Gen,ko:K15338
gene-Gfrl,ko:K19895
gene-Gga,ko:K12404
gene-Ggamma30A,ko:K04547
gene-Gint3,ko:K14011
gene-Gip,ko:K01816
gene-Git,ko:K05737
gene-Git,ko:K12487
gene-Gk-2,ko:K00864
gene-Gk1,ko:K00864
gene-Gk2,ko:K00864
gene-GlcAT-I,ko:K00735
gene-GlcAT-I,ko:K10158
gene-GlcT,ko:K00720
gene-Gld,ko:K00108
gene-Gld,ko:K00115
gene-Gle1,ko:K18723
gene-Glg1,ko:K06816
gene-Gli,ko:K07378
gene-GlnRS,ko:K01886
gene-Glo1,ko:K01759
gene-Glob1,ko:K21894
gene-Glpq,ko:K01126
gene-GluClalpha,ko:K05193
gene-GluClalpha,ko:K05194
gene-GluClalpha,ko:K05195
gene-GluClalpha,ko:K05271
gene-GluClalpha,ko:K05273
gene-GluProRS,ko:K01885
gene-GluProRS,ko:K14163
gene-GluRS-m,ko:K01885
gene-GlyRS,ko:K01880
gene-GlyS,ko:K00693
gene-GlyT,ko:K05038
gene-Glyp,ko:K00688
gene-Gmd,ko:K01711
gene-Gmer,ko:K02377
gene-Gmppa,ko:K00966
gene-Gmppa,ko:K14000
gene-Gmppb,ko:K00966
gene-Gnf1,ko:K10754
gene-Gnpnat,ko:K00621
gene-Gogat,ko:K00264
gene-Golgin97,ko:K16731
gene-Gorab,ko:K19748
gene-Gos28,ko:K08495
gene-Got1,ko:K14454
gene-Got2,ko:K14455
gene-Gp210,ko:K14314
gene-Gp93,ko:K09487
gene-Gpat4,ko:K13506
gene-Gpdh1,ko:K00006
gene-Gpo1,ko:K00111
gene-Gprk1,ko:K00910
gene-Gprk2,ko:K08291
gene-Gr21a,ko:K08471
gene-Gr63a,ko:K08471
gene-Gr9,ko:K08471
gene-Grina,ko:K06890
gene-Grip,ko:K20251
gene-Grip163,ko:K16573
gene-Grip71,ko:K16547
gene-Grip75,ko:K16571
gene-Grip91,ko:K16570
gene-Gro,ko:K04497
gene-Grp170,ko:K09486
gene-Grx3,ko:K15216
gene-Grx5,ko:K07390
gene-Gug,ko:K05626
gene-Gug,ko:K05628
gene-Gyc88E,ko:K01769
gene-Gycalpha99B,ko:K12318
gene-Gycalpha99B,ko:K12319
gene-Gycbeta100B,ko:K12318
gene-Gycbeta100B,ko:K12319
gene-Gyf,ko:K18730
gene-H,ko:K06064
gene-H2.0,ko:K09339
gene-H2ax-l,ko:K11251
gene-HBS1,ko:K14416
gene-HDAC1,ko:K06067
gene-HDAC11,ko:K11418
gene-HDAC3,ko:K06067
gene-HDAC3,ko:K11404
gene-HDAC4,ko:K11406
gene-HDAC4,ko:K11408
gene-HDAC4,ko:K11409
gene-HDAC6,ko:K11407
gene-HERC2,ko:K10595
gene-HGTX,ko:K08030
gene-HGTX,ko:K09350
gene-HLH4C,ko:K09075
gene-HPS1,ko:K20193
gene-HPS4,ko:K20194
gene-HSPBAP1,ko:K19375
gene-HSPC300,ko:K05752
gene-Hacd1,ko:K10703
gene-Hacd2,ko:K10703
gene-Hacl,ko:K12261
gene-Had1,ko:K13247
gene-Hakai,ko:K15685
gene-Hakai,ko:K15714
gene-Hand,ko:K18486
gene-Hao,ko:K00070
gene-Hao,ko:K11517
gene-Hap40,ko:K20135
gene-Hasp,ko:K17495
gene-Haspin,ko:K16315
gene-Hat1,ko:K11303
gene-Hcf,ko:K14966
gene-Hcs,ko:K01942
gene-Hdc,ko:K01590
gene-Hdc,ko:K01593
gene-Hdc,ko:K22329
gene-Hecw,ko:K12168
gene-Hel25E,ko:K12812
gene-Hel25E,ko:K13182
gene-Hel89B,ko:K15192
gene-Hem,ko:K05750
gene-HemK2,ko:K03120
gene-HemK2,ko:K10754
gene-HemK2,ko:K16622
gene-HemK2,ko:K19589
gene-Hen1,ko:K20798
gene-Hepa,ko:K07964
gene-Hepa,ko:K07965
gene-Herc4,ko:K10614
gene-Herc4,ko:K10615
gene-Herp,ko:K14027
gene-Hex-A,ko:K00844
gene-Hex-A,ko:K12407
gene-Hexim,ko:K15189
gene-Hexo1,ko:K12373
gene-Hexo2,ko:K12373
gene-Hey,ko:K09091
gene-Hgsnat,ko:K10532
gene-Hip1,ko:K04559
gene-Hip1,ko:K20040
gene-Hip14,ko:K20032
gene-Hipk,ko:K08826
gene-Hira,ko:K11293
gene-His2Av,ko:K11251
gene-His2Av,ko:K21799
gene-HisRS,ko:K01892
gene-HisT,ko:K08220
gene-Hk,ko:K04882
gene-Hk,ko:K04883
gene-Hk,ko:K04884
gene-Hlc,ko:K14810
gene-Hlh54f,ko:K09072
gene-Hmg-s,ko:K01641
gene-Hmga,ko:K09283
gene-Hmgc,ko:K01640
gene-Hmgcr,ko:K00021
gene-Hml,ko:K03900
gene-Hml,ko:K10955
gene-Hmt-1,ko:K05661
gene-Hmt-1,ko:K05663
gene-Hmt4-20,ko:K11429
gene-HnRNP-K,ko:K00733
gene-HnRNP-K,ko:K12886
gene-Hnf4,ko:K07292
gene-Hnf4,ko:K07295
gene-Hnf4,ko:K08037
gene-Hnf4,ko:K08542
gene-Hnf4,ko:K08704
gene-Ho,ko:K00510
gene-Ho,ko:K21418
gene-Hp1b-l,ko:K11585
gene-Hp1b-l,ko:K11586
gene-Hp1b-l,ko:K11587
gene-Hph,ko:K09592
gene-Hpr1,ko:K12878
gene-Hr3,ko:K08532
gene-Hr3,ko:K08533
gene-Hr3,ko:K08701
gene-Hr3,ko:K14033
gene-Hr38,ko:K04465
gene-Hr38,ko:K08558
gene-Hr39,ko:K08705
gene-Hr4,ko:K09185
gene-Hr96,ko:K14035
gene-Hrb27C,ko:K12741
gene-Hrb27C,ko:K14411
gene-Hrd3,ko:K14026
gene-Hrs,ko:K12182
gene-Hs2st,ko:K02513
gene-Hs3st-A,ko:K08104
gene-Hs3st-B,ko:K07808
gene-Hs3st-B,ko:K07809
gene-Hs3st-B,ko:K09678
gene-Hs3st-B,ko:K09679
gene-Hs6st,ko:K02514
gene-Hs6st,ko:K08102
gene-Hs6st,ko:K08103
gene-Hsc20,ko:K04082
gene-Hsc20,ko:K15151
gene-Hsc70-3,ko:K09490
gene-Hsc70-4,ko:K03283
gene-Hsc70-5,ko:K04043
gene-Hsc70Cb,ko:K09485
gene-Hsc70Cb,ko:K09489
gene-Hsepi,ko:K01793
gene-Hsf,ko:K09414
gene-Hsl,ko:K07188
gene-Hsp21.4,ko:K09545
gene-Hsp83,ko:K04079
gene-HtrA2,ko:K00884
gene-HtrA2,ko:K08669
gene-Hus1-like,ko:K10903
gene-Hyccin,ko:K21844
gene-Hydr1,ko:K13696
gene-Hydr1,ko:K13697
gene-Hydr2,ko:K13697
gene-Hydr2,ko:K19572
gene-Hyls1,ko:K16472
gene-ICA69,ko:K16343
gene-IFT46,ko:K19682
gene-IFT52,ko:K19681
gene-IFT54,ko:K19680
gene-IFT57,ko:K04638
gene-IKKbeta,ko:K04467
gene-IKKbeta,ko:K07209
gene-IKKepsilon,ko:K05410
gene-IKKepsilon,ko:K07211
gene-INPP5E,ko:K20278
gene-INTS7,ko:K13144
gene-IP3K1,ko:K00911
gene-IP3K2,ko:K00911
gene-IRSp53,ko:K05627
gene-Iap,ko:K04725
gene-Iap,ko:K16061
gene-Ide,ko:K01408
gene-Idh,ko:K00031
gene-Idh3a,ko:K00030
gene-Idh3b,ko:K00030
gene-Idh3g,ko:K00030
gene-Idh3g,ko:K14832
gene-Idi,ko:K01823
gene-Ids,ko:K01136
gene-Ih,ko:K04955
gene-Ih,ko:K04956
gene-Ih,ko:K04957
gene-IleRS,ko:K01870
gene-IleRS-m,ko:K01870
gene-Ilk,ko:K06272
gene-Iml1,ko:K20404
gene-Imp,ko:K02888
gene-Imp,ko:K13197
gene-Imp,ko:K17391
gene-Imp,ko:K17392
gene-InR,ko:K04527
gene-InR,ko:K05087
gene-Incenp,ko:K11515
gene-Ing3,ko:K11319
gene-Ing5,ko:K11345
gene-Ing5,ko:K11346
gene-Ino80,ko:K11665
gene-Inos,ko:K01858
gene-IntS1,ko:K13138
gene-IntS10,ko:K13147
gene-IntS11,ko:K13148
gene-IntS12,ko:K13149
gene-IntS2,ko:K13139
gene-IntS3,ko:K13140
gene-IntS4,ko:K13141
gene-IntS6,ko:K13143
gene-IntS6,ko:K13180
gene-IntS8,ko:K04676
gene-IntS8,ko:K13145
gene-IntS9,ko:K13146
gene-Inv,ko:K09319
gene-Invadolysin,ko:K13539
gene-Inx2,ko:K22037
gene-Inx3,ko:K22037
gene-Inx4,ko:K00803
gene-Inx7,ko:K22037
gene-Ip259,ko:K14842
gene-Ip6k,ko:K07756
gene-Ipk2,ko:K00915
gene-Ipp,ko:K01107
gene-Ir25a,ko:K05313
gene-Ir68a,ko:K00232
gene-Ir76b,ko:K05313
gene-Ir8a,ko:K05313
gene-Irbp,ko:K10884
gene-Irbp18,ko:K10049
gene-Ire1,ko:K08852
gene-Ire1,ko:K11715
gene-Ire1,ko:K18412
gene-IscU,ko:K22068
gene-Isha,ko:K13167
gene-Isha,ko:K13191
gene-Isha,ko:K15560
gene-Ist1,ko:K19476
gene-Iswi,ko:K11654
gene-Iswi,ko:K11727
gene-Itpr,ko:K04958
gene-Ivd,ko:K00253
gene-Iyd,ko:K17231
gene-JMJD5,ko:K10277
gene-JMJD7,ko:K16342
gene-JMJD7,ko:K19219
gene-Jafrac1,ko:K03386
gene-Jafrac1,ko:K13279
gene-Jarid2,ko:K11478
gene-JhI-21,ko:K13780
gene-JhI-21,ko:K13867
gene-JhI-21,ko:K13872
gene-Jheh-lp1,ko:K01253
gene-Jheh-lp1,ko:K05361
gene-Jheh-lp1,ko:K10719
gene-Jheh-lp3,ko:K01253
gene-Jheh-lp3,ko:K05361
gene-Jheh-lp3,ko:K10719
gene-Jheh-lp4,ko:K01253
gene-Jheh-lp4,ko:K10719
gene-Josd,ko:K15235
gene-Jra,ko:K04448
gene-Jra,ko:K04449
gene-KCNQ,ko:K04927
gene-KCNQ,ko:K04929
gene-KCNQ,ko:K04930
gene-KaiR1D,ko:K05313
gene-Kap-alpha1,ko:K15042
gene-Kap-alpha1,ko:K15043
gene-Karybeta3,ko:K20222
gene-Kat60,ko:K07767
gene-Kaz,ko:K18624
gene-Kcmf1,ko:K22376
gene-KdelR,ko:K10949
gene-Kdm2,ko:K10276
gene-Kdm2,ko:K10285
gene-Kdm3,ko:K11449
gene-Kdm3,ko:K15601
gene-Kdm5,ko:K11446
gene-Kdm5,ko:K12495
gene-Kdm5,ko:K19952
gene-Kdsr,ko:K04708
gene-Keap1,ko:K10456
gene-Khc,ko:K10396
gene-Khc-73,ko:K17914
gene-Kif19A,ko:K10401
gene-Klc,ko:K10407
gene-Klp10A,ko:K10393
gene-Klp31E,ko:K10395
gene-Klp3A,ko:K10395
gene-Klp61F,ko:K10398
gene-Klp64D,ko:K10394
gene-Klp64D,ko:K16606
gene-Klp64D,ko:K20198
gene-Klp98A,ko:K17916
gene-Kpc2,ko:K12174
gene-Kr-h2,ko:K20724
gene-Ktl,ko:K21918
gene-Kua,ko:K10704
gene-Kua,ko:K20656
gene-Kyat,ko:K00816
gene-Kynu,ko:K01556
gene-L(b002),ko:K00161
gene-L2HGDH,ko:K00109
gene-LBR,ko:K00222
gene-LBR,ko:K19532
gene-LIMK1,ko:K05743
gene-LIMK1,ko:K05744
gene-LKRSDH,ko:K14157
gene-LOC142972141,ko:K12959
gene-LOC142972142,ko:K11374
gene-LOC142972143,ko:K03098
gene-LOC142972144,ko:K08451
gene-LOC142972145,ko:K04506
gene-LOC142972145,ko:K08742
gene-LOC142972148,ko:K17784
gene-LOC142972149,ko:K15382
gene-LOC142972152,ko:K16734
gene-LOC142972154,ko:K07763
gene-LOC142972154,ko:K07995
gene-LOC142972154,ko:K07996
gene-LOC142972154,ko:K07997
gene-LOC142972154,ko:K08002
gene-LOC142972154,ko:K08003
gene-LOC142972164,ko:K10412
gene-LOC142972165,ko:K13254
gene-LOC142972168,ko:K03098
gene-LOC142972176,ko:K15149
gene-LOC142972184,ko:K07525
gene-LOC142972184,ko:K13744
gene-LOC142972184,ko:K20687
gene-LOC142972184,ko:K20688
gene-LOC142972188,ko:K04565
gene-LOC142972195,ko:K14708
gene-LOC142972196,ko:K14708
gene-LOC142972197,ko:K14708
gene-LOC142972200,ko:K06497
gene-LOC142972206,ko:K10598
gene-LOC142972210,ko:K06497
gene-LOC142972211,ko:K20217
gene-LOC142972213,ko:K17351
gene-LOC142972215,ko:K06497
gene-LOC142972216,ko:K06497
gene-LOC142972218,ko:K06497
gene-LOC142972219,ko:K06497
gene-LOC142972220,ko:K06571
gene-LOC142972220,ko:K17295
gene-LOC142972233,ko:K10608
gene-LOC142972243,ko:K13240
gene-LOC142972243,ko:K13241
gene-LOC142972243,ko:K13242
gene-LOC142972246,ko:K00069
gene-LOC142972247,ko:K00069
gene-LOC142972251,ko:K00069
gene-LOC142972252,ko:K05948
gene-LOC142972261,ko:K06158
gene-LOC142972263,ko:K14768
gene-LOC142972264,ko:K04682
gene-LOC142972264,ko:K06620
gene-LOC142972264,ko:K13157
gene-LOC142972266,ko:K08488
gene-LOC142972266,ko:K13813
gene-LOC142972268,ko:K09228
gene-LOC142972277,ko:K17925
gene-LOC142972278,ko:K01322
gene-LOC142972281,ko:K08707
gene-LOC142972281,ko:K13151
gene-LOC142972284,ko:K19788
gene-LOC142972287,ko:K19788
gene-LOC142972290,ko:K09195
gene-LOC142972290,ko:K09200
gene-LOC142972293,ko:K08051
gene-LOC142972293,ko:K20313
gene-LOC142972305,ko:K20685
gene-LOC142972307,ko:K20095
gene-LOC142972309,ko:K04906
gene-LOC142972309,ko:K04907
gene-LOC142972309,ko:K04911
gene-LOC142972310,ko:K20069
gene-LOC142972317,ko:K00637
gene-LOC142972318,ko:K17254
gene-LOC142972320,ko:K01769
gene-LOC142972320,ko:K12323
gene-LOC142972321,ko:K12323
gene-LOC142972322,ko:K17257
gene-LOC142972323,ko:K06066
gene-LOC142972324,ko:K04078
gene-LOC142972328,ko:K13221
gene-LOC142972337,ko:K17585
gene-LOC142972338,ko:K17585
gene-LOC142972343,ko:K07376
gene-LOC142972348,ko:K17935
gene-LOC142972353,ko:K15445
gene-LOC142972355,ko:K01466
gene-LOC142972356,ko:K01466
gene-LOC142972359,ko:K00750
gene-LOC142972360,ko:K01298
gene-LOC142972368,ko:K15438
gene-LOC142972370,ko:K13956
gene-LOC142972375,ko:K11864
gene-LOC142972376,ko:K13524
gene-LOC142972377,ko:K10301
gene-LOC142972381,ko:K14388
gene-LOC142972390,ko:K11166
gene-LOC142972416,ko:K14857
gene-LOC142972420,ko:K20027
gene-LOC142972421,ko:K12353
gene-LOC142972424,ko:K13098
gene-LOC142972424,ko:K14651
gene-LOC142972436,ko:K15190
gene-LOC142972439,ko:K16484
gene-LOC142972440,ko:K14999
gene-LOC142972440,ko:K15003
gene-LOC142972441,ko:K12600
gene-LOC142972443,ko:K03439
gene-LOC142972444,ko:K12460
gene-LOC142972447,ko:K08041
gene-LOC142972447,ko:K08043
gene-LOC142972447,ko:K08045
gene-LOC142972447,ko:K08048
gene-LOC142972450,ko:K19026
gene-LOC142972451,ko:K17499
gene-LOC142972452,ko:K16473
gene-LOC142972453,ko:K11666
gene-LOC142972454,ko:K15074
gene-LOC142972457,ko:K12891
gene-LOC142972459,ko:K14835
gene-LOC142972461,ko:K18588
gene-LOC142972462,ko:K09567
gene-LOC142972465,ko:K13356
gene-LOC142972467,ko:K08471
gene-LOC142972469,ko:K11138
gene-LOC142972474,ko:K03103
gene-LOC142972476,ko:K05271
gene-LOC142972479,ko:K18156
gene-LOC142972483,ko:K07817
gene-LOC142972485,ko:K13765
gene-LOC142972485,ko:K16449
gene-LOC142972489,ko:K04560
gene-LOC142972489,ko:K14843
gene-LOC142972514,ko:K01148
gene-LOC142972519,ko:K09458
gene-LOC142972521,ko:K10737
gene-LOC142972521,ko:K14574
gene-LOC142972524,ko:K15447
gene-LOC142972528,ko:K17501
gene-LOC142972529,ko:K01016
gene-LOC142972530,ko:K01016
gene-LOC142972531,ko:K01016
gene-LOC142972532,ko:K01016
gene-LOC142972533,ko:K17289
gene-LOC142972534,ko:K01016
gene-LOC142972536,ko:K01016
gene-LOC142972549,ko:K13128
gene-LOC142972555,ko:K11321
gene-LOC142972556,ko:K10588
gene-LOC142972557,ko:K06483
gene-LOC142972557,ko:K06584
gene-LOC142972557,ko:K06585
gene-LOC142972560,ko:K06483
gene-LOC142972560,ko:K06484
gene-LOC142972560,ko:K06487
gene-LOC142972560,ko:K06584
gene-LOC142972560,ko:K06585
gene-LOC142972561,ko:K06483
gene-LOC142972561,ko:K06584
gene-LOC142972561,ko:K06585
gene-LOC142972563,ko:K01290
gene-LOC142972563,ko:K01298
gene-LOC142972564,ko:K01290
gene-LOC142972564,ko:K01298
gene-LOC142972571,ko:K01007
gene-LOC142972572,ko:K13347
gene-LOC142972575,ko:K03983
gene-LOC142972576,ko:K22001
gene-LOC142972582,ko:K04525
gene-LOC142972582,ko:K13963
gene-LOC142972584,ko:K01915
gene-LOC142972585,ko:K01915
gene-LOC142972589,ko:K07299
gene-LOC142972591,ko:K15117
gene-LOC142972592,ko:K15117
gene-LOC142972593,ko:K15117
gene-LOC142972597,ko:K02932
gene-LOC142972597,ko:K09521
gene-LOC142972602,ko:K19201
gene-LOC142972603,ko:K20042
gene-LOC142972606,ko:K00232
gene-LOC142972612,ko:K08471
gene-LOC142972615,ko:K11479
gene-LOC142972615,ko:K11481
gene-LOC142972617,ko:K14165
gene-LOC142972617,ko:K17614
gene-LOC142972620,ko:K09236
gene-LOC142972622,ko:K08865
gene-LOC142972626,ko:K19599
gene-LOC142972628,ko:K09866
gene-LOC142972628,ko:K09885
gene-LOC142972629,ko:K09864
gene-LOC142972629,ko:K09866
gene-LOC142972631,ko:K10583
gene-LOC142972637,ko:K02888
gene-LOC142972638,ko:K17423
gene-LOC142972639,ko:K00079
gene-LOC142972644,ko:K00164
gene-LOC142972648,ko:K17353
gene-LOC142972649,ko:K06497
gene-LOC142972650,ko:K06497
gene-LOC142972651,ko:K10766
gene-LOC142972652,ko:K10766
gene-LOC142972654,ko:K21423
gene-LOC142972656,ko:K00069
gene-LOC142972657,ko:K00069
gene-LOC142972659,ko:K00069
gene-LOC142972661,ko:K00507
gene-LOC142972661,ko:K15331
gene-LOC142972663,ko:K00507
gene-LOC142972663,ko:K15331
gene-LOC142972664,ko:K00507
gene-LOC142972664,ko:K15331
gene-LOC142972665,ko:K00507
gene-LOC142972665,ko:K15331
gene-LOC142972666,ko:K00507
gene-LOC142972666,ko:K15331
gene-LOC142972667,ko:K00507
gene-LOC142972667,ko:K15331
gene-LOC142972675,ko:K19677
gene-LOC142972680,ko:K13524
gene-LOC142972682,ko:K13348
gene-LOC142972685,ko:K08470
gene-LOC142972727,ko:K18932
gene-LOC142972729,ko:K05609
gene-LOC142972730,ko:K01196
gene-LOC142972736,ko:K06176
gene-LOC142972743,ko:K08252
gene-LOC142972751,ko:K04506
gene-LOC142972751,ko:K11152
gene-LOC142972751,ko:K11153
gene-LOC142972751,ko:K11161
gene-LOC142972752,ko:K15001
gene-LOC142972753,ko:K01044
gene-LOC142972753,ko:K01049
gene-LOC142972753,ko:K01050
gene-LOC142972753,ko:K03927
gene-LOC142972753,ko:K15743
gene-LOC142972755,ko:K18266
gene-LOC142972757,ko:K11153
gene-LOC142972767,ko:K08471
gene-LOC142972768,ko:K10249
gene-LOC142972768,ko:K10250
gene-LOC142972769,ko:K10249
gene-LOC142972770,ko:K10249
gene-LOC142972771,ko:K10250
gene-LOC142972775,ko:K10250
gene-LOC142972778,ko:K17834
gene-LOC142972779,ko:K07955
gene-LOC142972783,ko:K14823
gene-LOC142972785,ko:K10401
gene-LOC142972791,ko:K14613
gene-LOC142972791,ko:K17917
gene-LOC142972791,ko:K20840
gene-LOC142972793,ko:K14613
gene-LOC142972793,ko:K17917
gene-LOC142972793,ko:K20840
gene-LOC142972794,ko:K14613
gene-LOC142972794,ko:K17917
gene-LOC142972794,ko:K20840
gene-LOC142972795,ko:K14613
gene-LOC142972795,ko:K17917
gene-LOC142972795,ko:K20840
gene-LOC142972796,ko:K14613
gene-LOC142972796,ko:K17917
gene-LOC142972796,ko:K20840
gene-LOC142972797,ko:K14613
gene-LOC142972797,ko:K17917
gene-LOC142972797,ko:K20840
gene-LOC142972798,ko:K15429
gene-LOC142972799,ko:K06883
gene-LOC142972800,ko:K15429
gene-LOC142972810,ko:K14381
gene-LOC142972811,ko:K14999
gene-LOC142972813,ko:K14999
gene-LOC142972814,ko:K14165
gene-LOC142972815,ko:K07521
gene-LOC142972832,ko:K14388
gene-LOC142972832,ko:K17391
gene-LOC142972835,ko:K11886
gene-LOC142972836,ko:K16831
gene-LOC142972840,ko:K14388
gene-LOC142972840,ko:K17391
gene-LOC142972841,ko:K12870
gene-LOC142972843,ko:K08471
gene-LOC142972849,ko:K04459
gene-LOC142972849,ko:K14819
gene-LOC142972849,ko:K18498
gene-LOC142972849,ko:K20216
gene-LOC142972849,ko:K21946
gene-LOC142972852,ko:K14381
gene-LOC142972863,ko:K04506
gene-LOC142972870,ko:K07427
gene-LOC142972870,ko:K15001
gene-LOC142972870,ko:K15007
gene-LOC142972873,ko:K08471
gene-LOC142972874,ko:K08471
gene-LOC142972877,ko:K13963
gene-LOC142972877,ko:K20698
gene-LOC142972879,ko:K13963
gene-LOC142972880,ko:K13963
gene-LOC142972881,ko:K13963
gene-LOC142972882,ko:K13963
gene-LOC142972884,ko:K13963
gene-LOC142972885,ko:K13963
gene-LOC142972886,ko:K13963
gene-LOC142972887,ko:K13963
gene-LOC142972890,ko:K13963
gene-LOC142972891,ko:K13963
gene-LOC142972892,ko:K13963
gene-LOC142972893,ko:K13963
gene-LOC142972894,ko:K13963
gene-LOC142972901,ko:K11294
gene-LOC142972910,ko:K06134
gene-LOC142972910,ko:K14820
gene-LOC142972911,ko:K12173
gene-LOC142972915,ko:K13293
gene-LOC142972917,ko:K13293
gene-LOC142972920,ko:K20877
gene-LOC142972923,ko:K10876
gene-LOC142972933,ko:K18798
gene-LOC142972939,ko:K07933
gene-LOC142972941,ko:K21108
gene-LOC142972942,ko:K13526
gene-LOC142972942,ko:K14951
gene-LOC142972943,ko:K21111
gene-LOC142972945,ko:K00939
gene-LOC142972946,ko:K14073
gene-LOC142972946,ko:K14074
gene-LOC142972946,ko:K14075
gene-LOC142972947,ko:K21111
gene-LOC142972950,ko:K01409
gene-LOC142972950,ko:K10721
gene-LOC142972983,ko:K09288
gene-LOC142972987,ko:K08595
gene-LOC142972987,ko:K08596
gene-LOC142972995,ko:K02174
gene-LOC142973000,ko:K01310
gene-LOC142973003,ko:K13023
gene-LOC142973004,ko:K13023
gene-LOC142973009,ko:K02373
gene-LOC142973012,ko:K00281
gene-LOC142973014,ko:K01292
gene-LOC142973014,ko:K01294
gene-LOC142973014,ko:K07752
gene-LOC142973021,ko:K07840
gene-LOC142973021,ko:K07841
gene-LOC142973024,ko:K06883
gene-LOC142973029,ko:K14073
gene-LOC142973029,ko:K14074
gene-LOC142973029,ko:K14075
gene-LOC142973031,ko:K05213
gene-LOC142973031,ko:K05214
gene-LOC142973041,ko:K14073
gene-LOC142973041,ko:K14074
gene-LOC142973041,ko:K14075
gene-LOC142973042,ko:K06963
gene-LOC142973044,ko:K20823
gene-LOC142973055,ko:K10247
gene-LOC142973055,ko:K10250
gene-LOC142973056,ko:K13444
gene-LOC142973057,ko:K10247
gene-LOC142973057,ko:K10250
gene-LOC142973059,ko:K01409
gene-LOC142973059,ko:K10721
gene-LOC142973060,ko:K01768
gene-LOC142973062,ko:K13523
gene-LOC142973074,ko:K16530
gene-LOC142973075,ko:K16530
gene-LOC142973077,ko:K16530
gene-LOC142973080,ko:K16530
gene-LOC142973081,ko:K16351
gene-LOC142973081,ko:K16358
gene-LOC142973082,ko:K16530
gene-LOC142973083,ko:K16530
gene-LOC142973084,ko:K16530
gene-LOC142973090,ko:K03936
gene-LOC142973102,ko:K15407
gene-LOC142973119,ko:K17286
gene-LOC142973121,ko:K17286
gene-LOC142973128,ko:K06027
gene-LOC142973131,ko:K06027
gene-LOC142973132,ko:K13617
gene-LOC142973137,ko:K11887
gene-LOC142973138,ko:K20400
gene-LOC142973138,ko:K20401
gene-LOC142973142,ko:K15307
gene-LOC142973152,ko:K08145
gene-LOC142973161,ko:K01229
gene-LOC142973161,ko:K05350
gene-LOC142973162,ko:K01436
gene-LOC142973162,ko:K14677
gene-LOC142973163,ko:K01436
gene-LOC142973163,ko:K14677
gene-LOC142973167,ko:K05683
gene-LOC142973169,ko:K08145
gene-LOC142973174,ko:K01187
gene-LOC142973174,ko:K14210
gene-LOC142973183,ko:K03283
gene-LOC142973189,ko:K09534
gene-LOC142973189,ko:K18732
gene-LOC142973202,ko:K03259
gene-LOC142973208,ko:K11791
gene-LOC142973212,ko:K07521
gene-LOC142973213,ko:K19511
gene-LOC142973214,ko:K19511
gene-LOC142973215,ko:K19511
gene-LOC142973217,ko:K19511
gene-LOC142973221,ko:K07378
gene-LOC142973221,ko:K12298
gene-LOC142973230,ko:K03440
gene-LOC142973234,ko:K07378
gene-LOC142973234,ko:K12298
gene-LOC142973238,ko:K09239
gene-LOC142973239,ko:K07427
gene-LOC142973239,ko:K15001
gene-LOC142973239,ko:K15007
gene-LOC142973243,ko:K05280
gene-LOC142973244,ko:K10250
gene-LOC142973245,ko:K07955
gene-LOC142973246,ko:K14613
gene-LOC142973246,ko:K17917
gene-LOC142973246,ko:K20840
gene-LOC142973248,ko:K08471
gene-LOC142973249,ko:K13963
gene-LOC142973249,ko:K20698
gene-LOC142973251,ko:K10656
gene-LOC142973259,ko:K03103
gene-LOC142973261,ko:K16530
gene-LOC142973265,ko:K16530
gene-LOC142973266,ko:K16530
gene-LOC142973291,ko:K08145
gene-LOC142973291,ko:K14258
gene-LOC142973292,ko:K10106
gene-LOC142973294,ko:K19511
gene-LOC142973295,ko:K03440
gene-LOC142973296,ko:K03440
gene-LOC142973298,ko:K05313
gene-LOC142973305,ko:K11153
gene-LOC142973306,ko:K04506
gene-LOC142973306,ko:K11152
gene-LOC142973306,ko:K11153
gene-LOC142973306,ko:K11161
gene-LOC142973311,ko:K15001
gene-LOC142973312,ko:K06563
gene-LOC142973312,ko:K10060
gene-LOC142973312,ko:K17513
gene-LOC142973314,ko:K10250
gene-LOC142973315,ko:K10250
gene-LOC142973316,ko:K10250
gene-LOC142973317,ko:K10249
gene-LOC142973318,ko:K10249
gene-LOC142973320,ko:K14613
gene-LOC142973320,ko:K17917
gene-LOC142973320,ko:K20840
gene-LOC142973323,ko:K13963
gene-LOC142973323,ko:K20698
gene-LOC142973328,ko:K08471
gene-LOC142973329,ko:K08471
gene-LOC142973331,ko:K06560
gene-LOC142973331,ko:K06563
gene-LOC142973331,ko:K06794
gene-LOC142973331,ko:K06795
gene-LOC142973331,ko:K17513
gene-LOC142973331,ko:K22244
gene-LOC142973332,ko:K06721
gene-LOC142973332,ko:K10059
gene-LOC142973333,ko:K00326
gene-LOC142973335,ko:K16600
gene-LOC142973338,ko:K01017
gene-LOC142973343,ko:K01895
gene-LOC142973343,ko:K08295
gene-LOC142973345,ko:K12848
gene-LOC142973350,ko:K21108
gene-LOC142973359,ko:K01672
gene-LOC142973359,ko:K18245
gene-LOC142973364,ko:K01915
gene-LOC142973370,ko:K03103
gene-LOC142973371,ko:K03103
gene-LOC142973372,ko:K03103
gene-LOC142973373,ko:K03103
gene-LOC142973375,ko:K03595
gene-LOC142973376,ko:K13348
gene-LOC142973378,ko:K19760
gene-LOC142973380,ko:K17286
gene-LOC142973386,ko:K13120
gene-LOC142973389,ko:K09140
gene-LOC142973390,ko:K03781
gene-LOC142973391,ko:K03781
gene-LOC142973392,ko:K03781
gene-LOC142973393,ko:K19607
gene-LOC142973394,ko:K03259
gene-LOC142973398,ko:K19511
gene-LOC142973399,ko:K19511
gene-LOC142973400,ko:K19511
gene-LOC142973402,ko:K19511
gene-LOC142973403,ko:K19511
gene-LOC142973405,ko:K19511
gene-LOC142973406,ko:K07521
gene-LOC142973407,ko:K20797
gene-LOC142973412,ko:K21844
gene-LOC142973414,ko:K17343
gene-LOC142973414,ko:K17344
gene-LOC142973433,ko:K08471
gene-LOC142973434,ko:K17785
gene-LOC142973435,ko:K08471
gene-LOC142973436,ko:K05605
gene-LOC142973437,ko:K01462
gene-LOC142973443,ko:K20031
gene-LOC142973444,ko:K14621
gene-LOC142973445,ko:K02154
gene-LOC142973466,ko:K01283
gene-LOC142973467,ko:K01283
gene-LOC142973469,ko:K01283
gene-LOC142973474,ko:K08202
gene-LOC142973477,ko:K08202
gene-LOC142973478,ko:K15537
gene-LOC142973487,ko:K01265
gene-LOC142973491,ko:K03926
gene-LOC142973498,ko:K00873
gene-LOC142973498,ko:K12406
gene-LOC142973501,ko:K17919
gene-LOC142973507,ko:K09187
gene-LOC142973507,ko:K09188
gene-LOC142973508,ko:K06104
gene-LOC142973508,ko:K16819
gene-LOC142973511,ko:K01011
gene-LOC142973512,ko:K01011
gene-LOC142973519,ko:K04733
gene-LOC142973520,ko:K06704
gene-LOC142973521,ko:K04733
gene-LOC142973523,ko:K08155
gene-LOC142973526,ko:K14813
gene-LOC142973533,ko:K20776
gene-LOC142973536,ko:K01262
gene-LOC142973536,ko:K14208
gene-LOC142973537,ko:K11866
gene-LOC142973537,ko:K11867
gene-LOC142973538,ko:K01230
gene-LOC142973546,ko:K06704
gene-LOC142973548,ko:K08963
gene-LOC142973555,ko:K06258
gene-LOC142973557,ko:K00949
gene-LOC142973558,ko:K19673
gene-LOC142973565,ko:K07418
gene-LOC142973568,ko:K02580
gene-LOC142973568,ko:K04469
gene-LOC142973569,ko:K00602
gene-LOC142973570,ko:K09142
gene-LOC142973577,ko:K00128
gene-LOC142973578,ko:K00128
gene-LOC142973582,ko:K00942
gene-LOC142973584,ko:K18170
gene-LOC142973585,ko:K18186
gene-LOC142973586,ko:K07855
gene-LOC142973586,ko:K17198
gene-LOC142973590,ko:K12076
gene-LOC142973597,ko:K13886
gene-LOC142973597,ko:K13887
gene-LOC142973600,ko:K17598
gene-LOC142973602,ko:K19176
gene-LOC142973617,ko:K04526
gene-LOC142973617,ko:K05459
gene-LOC142973617,ko:K13769
gene-LOC142973620,ko:K14388
gene-LOC142973621,ko:K14388
gene-LOC142973622,ko:K08834
gene-LOC142973622,ko:K17481
gene-LOC142973623,ko:K16533
gene-LOC142973627,ko:K07401
gene-LOC142973644,ko:K09884
gene-LOC142973651,ko:K20394
gene-LOC142973657,ko:K19919
gene-LOC142973662,ko:K12350
gene-LOC142973663,ko:K02133
gene-LOC142973667,ko:K02896
gene-LOC142973673,ko:K14972
gene-LOC142973677,ko:K00604
gene-LOC142973678,ko:K04255
gene-LOC142973686,ko:K01672
gene-LOC142973686,ko:K01674
gene-LOC142973686,ko:K18246
gene-LOC142973687,ko:K12871
gene-LOC142973692,ko:K06692
gene-LOC142973695,ko:K06692
gene-LOC142973703,ko:K11153
gene-LOC142973704,ko:K11153
gene-LOC142973705,ko:K14286
gene-LOC142973705,ko:K18202
gene-LOC142973728,ko:K13205
gene-LOC142973732,ko:K11273
gene-LOC142973733,ko:K08059
gene-LOC142973734,ko:K11415
gene-LOC142973736,ko:K14808
gene-LOC142973744,ko:K01128
gene-LOC142973745,ko:K01477
gene-LOC142973746,ko:K05038
gene-LOC142973748,ko:K08145
gene-LOC142973748,ko:K14258
gene-LOC142973749,ko:K11160
gene-LOC142973749,ko:K14457
gene-LOC142973749,ko:K14458
gene-LOC142973750,ko:K22066
gene-LOC142973751,ko:K11160
gene-LOC142973751,ko:K14457
gene-LOC142973751,ko:K14458
gene-LOC142973754,ko:K20526
gene-LOC142973760,ko:K02154
gene-LOC142973761,ko:K07767
gene-LOC142973763,ko:K11140
gene-LOC142973765,ko:K11140
gene-LOC142973766,ko:K05293
gene-LOC142973774,ko:K11140
gene-LOC142973783,ko:K12816
gene-LOC142973790,ko:K19410
gene-LOC142973791,ko:K19176
gene-LOC142973796,ko:K08202
gene-LOC142973796,ko:K08209
gene-LOC142973796,ko:K08210
gene-LOC142973799,ko:K22282
gene-LOC142973800,ko:K06772
gene-LOC142973800,ko:K06773
gene-LOC142973800,ko:K06774
gene-LOC142973801,ko:K18080
gene-LOC142973802,ko:K01310
gene-LOC142973802,ko:K09615
gene-LOC142973802,ko:K09628
gene-LOC142973810,ko:K17563
gene-LOC142973814,ko:K08471
gene-LOC142973815,ko:K08471
gene-LOC142973817,ko:K08202
gene-LOC142973819,ko:K08471
gene-LOC142973821,ko:K08059
gene-LOC142973828,ko:K00873
gene-LOC142973829,ko:K00873
gene-LOC142973830,ko:K00873
gene-LOC142973830,ko:K12406
gene-LOC142973835,ko:K14428
gene-LOC142973838,ko:K03440
gene-LOC142973844,ko:K05605
gene-LOC142973849,ko:K01128
gene-LOC142973852,ko:K08471
gene-LOC142973865,ko:K00507
gene-LOC142973865,ko:K06227
gene-LOC142973866,ko:K00507
gene-LOC142973866,ko:K06227
gene-LOC142973867,ko:K04240
gene-LOC142973867,ko:K14072
gene-LOC142973869,ko:K03958
gene-LOC142973871,ko:K07855
gene-LOC142973871,ko:K17198
gene-LOC142973872,ko:K01229
gene-LOC142973872,ko:K05350
gene-LOC142973873,ko:K01229
gene-LOC142973873,ko:K05350
gene-LOC142973877,ko:K01312
gene-LOC142973880,ko:K06772
gene-LOC142973880,ko:K06773
gene-LOC142973880,ko:K06774
gene-LOC142973881,ko:K15607
gene-LOC142973884,ko:K08471
gene-LOC142973890,ko:K19919
gene-LOC142973892,ko:K06772
gene-LOC142973892,ko:K06773
gene-LOC142973892,ko:K06774
gene-LOC142973894,ko:K12504
gene-LOC142973898,ko:K00873
gene-LOC142973898,ko:K12406
gene-LOC142973900,ko:K11415
gene-LOC142973907,ko:K01672
gene-LOC142973907,ko:K01674
gene-LOC142973907,ko:K04413
gene-LOC142973910,ko:K01672
gene-LOC142973914,ko:K16535
gene-LOC142973917,ko:K03440
gene-LOC142973918,ko:K03440
gene-LOC142973919,ko:K08202
gene-LOC142973920,ko:K03440
gene-LOC142973942,ko:K13206
gene-LOC142973946,ko:K18740
gene-LOC142973952,ko:K00026
gene-LOC142973960,ko:K08202
gene-LOC142973964,ko:K13206
gene-LOC142973964,ko:K17986
gene-LOC142973965,ko:K20828
gene-LOC142973973,ko:K14616
gene-LOC142973977,ko:K15193
gene-LOC142973978,ko:K01530
gene-LOC142973983,ko:K17352
gene-LOC142973985,ko:K06537
gene-LOC142973985,ko:K17352
gene-LOC142973986,ko:K16482
gene-LOC142973986,ko:K18404
gene-LOC142973990,ko:K10771
gene-LOC142973990,ko:K10772
gene-LOC142973997,ko:K06537
gene-LOC142973997,ko:K17352
gene-LOC142974002,ko:K01201
gene-LOC142974003,ko:K09647
gene-LOC142974006,ko:K10802
gene-LOC142974006,ko:K11295
gene-LOC142974016,ko:K22369
gene-LOC142974019,ko:K09191
gene-LOC142974025,ko:K08811
gene-LOC142974027,ko:K08811
gene-LOC142974035,ko:K17659
gene-LOC142974042,ko:K15001
gene-LOC142974045,ko:K15001
gene-LOC142974046,ko:K15001
gene-LOC142974047,ko:K08145
gene-LOC142974050,ko:K14209
gene-LOC142974051,ko:K14209
gene-LOC142974052,ko:K14209
gene-LOC142974053,ko:K00326
gene-LOC142974057,ko:K01044
gene-LOC142974057,ko:K01049
gene-LOC142974057,ko:K03927
gene-LOC142974060,ko:K14686
gene-LOC142974067,ko:K05694
gene-LOC142974069,ko:K04964
gene-LOC142974069,ko:K04967
gene-LOC142974069,ko:K04968
gene-LOC142974069,ko:K13803
gene-LOC142974072,ko:K03695
gene-LOC142974073,ko:K04714
gene-LOC142974078,ko:K10483
gene-LOC142974078,ko:K10521
gene-LOC142974085,ko:K00026
gene-LOC142974090,ko:K00710
gene-LOC142974092,ko:K01135
gene-LOC142974095,ko:K10770
gene-LOC142974098,ko:K07378
gene-LOC142974098,ko:K12298
gene-LOC142974098,ko:K15743
gene-LOC142974104,ko:K13125
gene-LOC142974110,ko:K07342
gene-LOC142974113,ko:K01312
gene-LOC142974114,ko:K01329
gene-LOC142974114,ko:K08661
gene-LOC142974114,ko:K08662
gene-LOC142974115,ko:K01312
gene-LOC142974115,ko:K09640
gene-LOC142974118,ko:K08202
gene-LOC142974118,ko:K08209
gene-LOC142974118,ko:K08210
gene-LOC142974121,ko:K00488
gene-LOC142974121,ko:K15004
gene-LOC142974121,ko:K17951
gene-LOC142974121,ko:K17960
gene-LOC142974126,ko:K06236
gene-LOC142974126,ko:K19719
gene-LOC142974126,ko:K19720
gene-LOC142974126,ko:K19721
gene-LOC142974129,ko:K18168
gene-LOC142974131,ko:K08202
gene-LOC142974132,ko:K02881
gene-LOC142974135,ko:K12563
gene-LOC142974135,ko:K12564
gene-LOC142974141,ko:K09330
gene-LOC142974143,ko:K12586
gene-LOC142974149,ko:K17607
gene-LOC142974150,ko:K08471
gene-LOC142974153,ko:K02183
gene-LOC142974158,ko:K17575
gene-LOC142974166,ko:K06483
gene-LOC142974166,ko:K06584
gene-LOC142974166,ko:K06585
gene-LOC142974175,ko:K19511
gene-LOC142974185,ko:K08202
gene-LOC142974186,ko:K08202
gene-LOC142974196,ko:K05636
gene-LOC142974196,ko:K10414
gene-LOC142974198,ko:K21245
gene-LOC142974200,ko:K08471
gene-LOC142974201,ko:K08471
gene-LOC142974205,ko:K16482
gene-LOC142974205,ko:K18404
gene-LOC142974212,ko:K01044
gene-LOC142974212,ko:K01049
gene-LOC142974212,ko:K01063
gene-LOC142974212,ko:K03927
gene-LOC142974212,ko:K15743
gene-LOC142974213,ko:K01044
gene-LOC142974213,ko:K01049
gene-LOC142974213,ko:K03927
gene-LOC142974214,ko:K01044
gene-LOC142974214,ko:K01049
gene-LOC142974214,ko:K03927
gene-LOC142974214,ko:K15743
gene-LOC142974216,ko:K14616
gene-LOC142974217,ko:K15620
gene-LOC142974218,ko:K01044
gene-LOC142974218,ko:K01049
gene-LOC142974218,ko:K01050
gene-LOC142974218,ko:K03927
gene-LOC142974218,ko:K15743
gene-LOC142974219,ko:K13169
gene-LOC142974221,ko:K19347
gene-LOC142974222,ko:K12350
gene-LOC142974225,ko:K08145
gene-LOC142974229,ko:K06254
gene-LOC142974232,ko:K21032
gene-LOC142974233,ko:K15255
gene-LOC142974234,ko:K14850
gene-LOC142974234,ko:K17478
gene-LOC142974236,ko:K01312
gene-LOC142974236,ko:K09640
gene-LOC142974238,ko:K22380
gene-LOC142974240,ko:K14769
gene-LOC142974244,ko:K04526
gene-LOC142974244,ko:K05459
gene-LOC142974244,ko:K13769
gene-LOC142974246,ko:K00552
gene-LOC142974247,ko:K01050
gene-LOC142974248,ko:K01049
gene-LOC142974249,ko:K08202
gene-LOC142974250,ko:K12345
gene-LOC142974251,ko:K12345
gene-LOC142974252,ko:K12669
gene-LOC142974252,ko:K19478
gene-LOC142974253,ko:K12669
gene-LOC142974253,ko:K19478
gene-LOC142974255,ko:K14558
gene-LOC142974256,ko:K06259
gene-LOC142974256,ko:K12384
gene-LOC142974256,ko:K13885
gene-LOC142974257,ko:K22402
gene-LOC142974258,ko:K01312
gene-LOC142974258,ko:K09640
gene-LOC142974259,ko:K01362
gene-LOC142974259,ko:K09640
gene-LOC142974260,ko:K01362
gene-LOC142974260,ko:K09640
gene-LOC142974261,ko:K01353
gene-LOC142974262,ko:K01353
gene-LOC142974263,ko:K14209
gene-LOC142974264,ko:K14209
gene-LOC142974267,ko:K10249
gene-LOC142974268,ko:K14209
gene-LOC142974270,ko:K14209
gene-LOC142974272,ko:K09442
gene-LOC142974279,ko:K15009
gene-LOC142974286,ko:K03175
gene-LOC142974290,ko:K10292
gene-LOC142974293,ko:K17278
gene-LOC142974303,ko:K03257
gene-LOC142974303,ko:K11498
gene-LOC142974304,ko:K13133
gene-LOC142974305,ko:K03257
gene-LOC142974305,ko:K11498
gene-LOC142974306,ko:K13119
gene-LOC142974308,ko:K15433
gene-LOC142974310,ko:K07427
gene-LOC142974310,ko:K15001
gene-LOC142974312,ko:K01444
gene-LOC142974315,ko:K07427
gene-LOC142974315,ko:K15001
gene-LOC142974316,ko:K07427
gene-LOC142974316,ko:K15001
gene-LOC142974317,ko:K00488
gene-LOC142974317,ko:K15004
gene-LOC142974317,ko:K17951
gene-LOC142974317,ko:K17960
gene-LOC142974318,ko:K00488
gene-LOC142974318,ko:K15004
gene-LOC142974318,ko:K17951
gene-LOC142974318,ko:K17960
gene-LOC142974319,ko:K01302
gene-LOC142974321,ko:K01302
gene-LOC142974322,ko:K01302
gene-LOC142974324,ko:K01278
gene-LOC142974324,ko:K08674
gene-LOC142974326,ko:K19906
gene-LOC142974326,ko:K19910
gene-LOC142974327,ko:K17544
gene-LOC142974328,ko:K01049
gene-LOC142974333,ko:K19404
gene-LOC142974340,ko:K17675
gene-LOC142974342,ko:K11317
gene-LOC142974343,ko:K19363
gene-LOC142974344,ko:K19363
gene-LOC142974345,ko:K19363
gene-LOC142974346,ko:K19363
gene-LOC142974347,ko:K06753
gene-LOC142974347,ko:K06754
gene-LOC142974347,ko:K06755
gene-LOC142974356,ko:K08515
gene-LOC142974357,ko:K20051
gene-LOC142974362,ko:K05175
gene-LOC142974364,ko:K07190
gene-LOC142974366,ko:K20478
gene-LOC142974367,ko:K04503
gene-LOC142974367,ko:K10151
gene-LOC142974367,ko:K10152
gene-LOC142974371,ko:K10352
gene-LOC142974382,ko:K06061
gene-LOC142974386,ko:K09228
gene-LOC142974386,ko:K09231
gene-LOC142974386,ko:K15618
gene-LOC142974391,ko:K05636
gene-LOC142974391,ko:K06243
gene-LOC142974394,ko:K15101
gene-LOC142974402,ko:K08202
gene-LOC142974406,ko:K12563
gene-LOC142974406,ko:K12564
gene-LOC142974409,ko:K00010
gene-LOC142974411,ko:K17406
gene-LOC142974422,ko:K21877
gene-LOC142974425,ko:K12581
gene-LOC142974426,ko:K12581
gene-LOC142974430,ko:K19511
gene-LOC142974437,ko:K10840
gene-LOC142974437,ko:K16465
gene-LOC142974444,ko:K18207
gene-LOC142974445,ko:K17575
gene-LOC142974447,ko:K06842
gene-LOC142974450,ko:K13504
gene-LOC142974453,ko:K09377
gene-LOC142974462,ko:K16749
gene-LOC142974463,ko:K00522
gene-LOC142974472,ko:K02520
gene-LOC142974472,ko:K16817
gene-LOC142974474,ko:K22204
gene-LOC142974477,ko:K16537
gene-LOC142974483,ko:K01443
gene-LOC142974485,ko:K13023
gene-LOC142974485,ko:K16665
gene-LOC142974488,ko:K08134
gene-LOC142974488,ko:K19606
gene-LOC142974488,ko:K22461
gene-LOC142974502,ko:K04984
gene-LOC142974503,ko:K16569
gene-LOC142974504,ko:K04984
gene-LOC142974506,ko:K01304
gene-LOC142974506,ko:K15013
gene-LOC142974509,ko:K05323
gene-LOC142974510,ko:K04345
gene-LOC142974512,ko:K04345
gene-LOC142974513,ko:K04345
gene-LOC142974530,ko:K08873
gene-LOC142974530,ko:K12852
gene-LOC142974530,ko:K12853
gene-LOC142974531,ko:K05313
gene-LOC142974534,ko:K15033
gene-LOC142974539,ko:K08145
gene-LOC142974540,ko:K07207
gene-LOC142974542,ko:K05607
gene-LOC142974547,ko:K00002
gene-LOC142974547,ko:K00011
gene-LOC142974547,ko:K00555
gene-LOC142974556,ko:K01049
gene-LOC142974556,ko:K01050
gene-LOC142974561,ko:K10275
gene-LOC142974564,ko:K21270
gene-LOC142974568,ko:K02349
gene-LOC142974568,ko:K16618
gene-LOC142974568,ko:K19178
gene-LOC142974571,ko:K21270
gene-LOC142974572,ko:K08145
gene-LOC142974573,ko:K08145
gene-LOC142974574,ko:K00753
gene-LOC142974574,ko:K07632
gene-LOC142974574,ko:K14464
gene-LOC142974576,ko:K06694
gene-LOC142974578,ko:K00753
gene-LOC142974578,ko:K07632
gene-LOC142974578,ko:K14464
gene-LOC142974580,ko:K15901
gene-LOC142974584,ko:K01016
gene-LOC142974585,ko:K00753
gene-LOC142974585,ko:K07632
gene-LOC142974585,ko:K14464
gene-LOC142974586,ko:K21270
gene-LOC142974588,ko:K19404
gene-LOC142974592,ko:K01620
gene-LOC142974593,ko:K02175
gene-LOC142974593,ko:K03766
gene-LOC142974593,ko:K07819
gene-LOC142974594,ko:K11838
gene-LOC142974598,ko:K19511
gene-LOC142974599,ko:K01092
gene-LOC142974602,ko:K03574
gene-LOC142974602,ko:K17816
gene-LOC142974605,ko:K05313
gene-LOC142974606,ko:K21270
gene-LOC142974611,ko:K21270
gene-LOC142974612,ko:K01988
gene-LOC142974617,ko:K03934
gene-LOC142974625,ko:K19269
gene-LOC142974625,ko:K21013
gene-LOC142974627,ko:K03363
gene-LOC142974627,ko:K03364
gene-LOC142974629,ko:K09228
gene-LOC142974631,ko:K01303
gene-LOC142974632,ko:K19749
gene-LOC142974638,ko:K10899
gene-LOC142974639,ko:K17922
gene-LOC142974643,ko:K00683
gene-LOC142974643,ko:K04580
gene-LOC142974646,ko:K00108
gene-LOC142974646,ko:K21270
gene-LOC142974651,ko:K00784
gene-LOC142974654,ko:K08898
gene-LOC142974654,ko:K17480
gene-LOC142974656,ko:K19599
gene-LOC142974657,ko:K18461
gene-LOC142974658,ko:K10841
gene-LOC142974663,ko:K14852
gene-LOC142974670,ko:K01988
gene-LOC142974672,ko:K01052
gene-LOC142974674,ko:K00115
gene-LOC142974674,ko:K21270
gene-LOC142974676,ko:K05767
gene-LOC142974676,ko:K16848
gene-LOC142974681,ko:K21988
gene-LOC142974687,ko:K05692
gene-LOC142974688,ko:K05692
gene-LOC142974689,ko:K19347
gene-LOC142974692,ko:K13135
gene-LOC142974694,ko:K21270
gene-LOC142974696,ko:K00108
gene-LOC142974701,ko:K06841
gene-LOC142974701,ko:K06842
gene-LOC142974711,ko:K14464
gene-LOC142974713,ko:K11667
gene-LOC142974714,ko:K10581
gene-LOC142974722,ko:K19404
gene-LOC142974723,ko:K11253
gene-LOC142974729,ko:K16599
gene-LOC142974734,ko:K09402
gene-LOC142974735,ko:K08145
gene-LOC142974737,ko:K08145
gene-LOC142974739,ko:K22381
gene-LOC142974740,ko:K13963
gene-LOC142974740,ko:K13966
gene-LOC142974743,ko:K01229
gene-LOC142974743,ko:K05350
gene-LOC142974748,ko:K14556
gene-LOC142974750,ko:K20638
gene-LOC142974750,ko:K21067
gene-LOC142974754,ko:K17966
gene-LOC142974773,ko:K01988
gene-LOC142974774,ko:K00115
gene-LOC142974774,ko:K21270
gene-LOC142974776,ko:K00849
gene-LOC142974777,ko:K08193
gene-LOC142974778,ko:K08193
gene-LOC142974780,ko:K06254
gene-LOC142974781,ko:K06928
gene-LOC142974782,ko:K08193
gene-LOC142974784,ko:K08193
gene-LOC142974787,ko:K21270
gene-LOC142974791,ko:K08193
gene-LOC142974792,ko:K14445
gene-LOC142974795,ko:K20278
gene-LOC142974799,ko:K06254
gene-LOC142974802,ko:K00108
gene-LOC142974802,ko:K00115
gene-LOC142974802,ko:K10724
gene-LOC142974802,ko:K21270
gene-LOC142974805,ko:K02435
gene-LOC142974811,ko:K14775
gene-LOC142974812,ko:K21270
gene-LOC142974820,ko:K03331
gene-LOC142974821,ko:K03331
gene-LOC142974822,ko:K00943
gene-LOC142974823,ko:K04506
gene-LOC142974833,ko:K05643
gene-LOC142974834,ko:K05643
gene-LOC142974837,ko:K14555
gene-LOC142974838,ko:K01052
gene-LOC142974849,ko:K05038
gene-LOC142974850,ko:K05038
gene-LOC142974851,ko:K05038
gene-LOC142974852,ko:K05038
gene-LOC142974853,ko:K05038
gene-LOC142974859,ko:K13212
gene-LOC142974860,ko:K11143
gene-LOC142974862,ko:K00108
gene-LOC142974862,ko:K00115
gene-LOC142974862,ko:K10724
gene-LOC142974862,ko:K21270
gene-LOC142974863,ko:K00736
gene-LOC142974864,ko:K07207
gene-LOC142974866,ko:K02137
gene-LOC142974867,ko:K00108
gene-LOC142974867,ko:K00115
gene-LOC142974867,ko:K10724
gene-LOC142974867,ko:K21270
gene-LOC142974871,ko:K01769
gene-LOC142974871,ko:K12323
gene-LOC142974871,ko:K16573
gene-LOC142974872,ko:K01194
gene-LOC142974876,ko:K08145
gene-LOC142974877,ko:K08145
gene-LOC142974878,ko:K10737
gene-LOC142974880,ko:K01539
gene-LOC142974882,ko:K00002
gene-LOC142974882,ko:K00011
gene-LOC142974883,ko:K00108
gene-LOC142974883,ko:K21270
gene-LOC142974885,ko:K14445
gene-LOC142974886,ko:K14445
gene-LOC142974887,ko:K05038
gene-LOC142974889,ko:K10737
gene-LOC142974891,ko:K11143
gene-LOC142974893,ko:K16628
gene-LOC142974905,ko:K00753
gene-LOC142974905,ko:K07632
gene-LOC142974905,ko:K14464
gene-LOC142974907,ko:K00753
gene-LOC142974907,ko:K07632
gene-LOC142974907,ko:K14464
gene-LOC142974911,ko:K20493
gene-LOC142974914,ko:K01988
gene-LOC142974915,ko:K14999
gene-LOC142974915,ko:K15003
gene-LOC142974917,ko:K14999
gene-LOC142974917,ko:K15003
gene-LOC142974928,ko:K14317
gene-LOC142974930,ko:K14648
gene-LOC142974933,ko:K17256
gene-LOC142974935,ko:K06768
gene-LOC142974946,ko:K19511
gene-LOC142974949,ko:K05607
gene-LOC142974951,ko:K14708
gene-LOC142974952,ko:K00108
gene-LOC142974952,ko:K00115
gene-LOC142974952,ko:K10724
gene-LOC142974952,ko:K21270
gene-LOC142974955,ko:K21270
gene-LOC142974956,ko:K14708
gene-LOC142974959,ko:K01373
gene-LOC142974963,ko:K12182
gene-LOC142974964,ko:K12624
gene-LOC142974966,ko:K05330
gene-LOC142974967,ko:K05330
gene-LOC142974973,ko:K05330
gene-LOC142974976,ko:K13051
gene-LOC142974977,ko:K00232
gene-LOC142974984,ko:K00108
gene-LOC142974984,ko:K00115
gene-LOC142974984,ko:K21270
gene-LOC142974993,ko:K17402
gene-LOC142974993,ko:K19528
gene-LOC142975001,ko:K15684
gene-LOC142975003,ko:K08193
gene-LOC142975004,ko:K17256
gene-LOC142975008,ko:K21270
gene-LOC142975010,ko:K21957
gene-LOC142975010,ko:K21958
gene-LOC142975011,ko:K09228
gene-LOC142975012,ko:K21270
gene-LOC142975016,ko:K13236
gene-LOC142975016,ko:K13237
gene-LOC142975023,ko:K00753
gene-LOC142975023,ko:K07632
gene-LOC142975023,ko:K14464
gene-LOC142975024,ko:K00753
gene-LOC142975024,ko:K07632
gene-LOC142975024,ko:K14464
gene-LOC142975025,ko:K00753
gene-LOC142975025,ko:K07632
gene-LOC142975025,ko:K14464
gene-LOC142975028,ko:K15118
gene-LOC142975029,ko:K12304
gene-LOC142975035,ko:K13948
gene-LOC142975040,ko:K13948
gene-LOC142975045,ko:K14772
gene-LOC142975047,ko:K11670
gene-LOC142975047,ko:K11680
gene-LOC142975049,ko:K00108
gene-LOC142975049,ko:K00115
gene-LOC142975049,ko:K10724
gene-LOC142975049,ko:K21270
gene-LOC142975051,ko:K16599
gene-LOC142975056,ko:K08665
gene-LOC142975056,ko:K09637
gene-LOC142975056,ko:K09640
gene-LOC142975058,ko:K15001
gene-LOC142975060,ko:K04392
gene-LOC142975060,ko:K07860
gene-LOC142975060,ko:K07861
gene-LOC142975065,ko:K03103
gene-LOC142975067,ko:K01229
gene-LOC142975067,ko:K05350
gene-LOC142975075,ko:K15001
gene-LOC142975090,ko:K06944
gene-LOC142975096,ko:K11865
gene-LOC142975097,ko:K08399
gene-LOC142975097,ko:K18808
gene-LOC142975098,ko:K00248
gene-LOC142975111,ko:K19404
gene-LOC142975112,ko:K01316
gene-LOC142975112,ko:K09614
gene-LOC142975113,ko:K04678
gene-LOC142975113,ko:K14459
gene-LOC142975118,ko:K01988
gene-LOC142975119,ko:K01988
gene-LOC142975121,ko:K01988
gene-LOC142975122,ko:K01988
gene-LOC142975123,ko:K05961
gene-LOC142975126,ko:K14999
gene-LOC142975126,ko:K15003
gene-LOC142975130,ko:K14999
gene-LOC142975130,ko:K15003
gene-LOC142975131,ko:K01312
gene-LOC142975131,ko:K09640
gene-LOC142975132,ko:K14708
gene-LOC142975138,ko:K14611
gene-LOC142975142,ko:K14999
gene-LOC142975142,ko:K15003
gene-LOC142975143,ko:K14999
gene-LOC142975143,ko:K15003
gene-LOC142975144,ko:K14999
gene-LOC142975144,ko:K15003
gene-LOC142975145,ko:K14999
gene-LOC142975145,ko:K15003
gene-LOC142975146,ko:K14999
gene-LOC142975146,ko:K15003
gene-LOC142975147,ko:K14999
gene-LOC142975147,ko:K15003
gene-LOC142975148,ko:K14999
gene-LOC142975148,ko:K15003
gene-LOC142975149,ko:K14999
gene-LOC142975149,ko:K15003
gene-LOC142975150,ko:K14999
gene-LOC142975150,ko:K15003
gene-LOC142975153,ko:K00069
gene-LOC142975154,ko:K00069
gene-LOC142975155,ko:K00069
gene-LOC142975156,ko:K00069
gene-LOC142975157,ko:K14708
gene-LOC142975158,ko:K06532
gene-LOC142975159,ko:K01050
gene-LOC142975161,ko:K14708
gene-LOC142975163,ko:K01802
gene-LOC142975164,ko:K17908
gene-LOC142975169,ko:K12319
gene-LOC142975169,ko:K17479
gene-LOC142975173,ko:K00940
gene-LOC142975196,ko:K05679
gene-LOC142975204,ko:K12896
gene-LOC142975207,ko:K01312
gene-LOC142975207,ko:K09640
gene-LOC142975214,ko:K11141
gene-LOC142975215,ko:K08471
gene-LOC142975216,ko:K18283
gene-LOC142975219,ko:K03358
gene-LOC142975221,ko:K09254
gene-LOC142975227,ko:K07427
gene-LOC142975227,ko:K15001
gene-LOC142975227,ko:K17953
gene-LOC142975232,ko:K13356
gene-LOC142975233,ko:K00115
gene-LOC142975233,ko:K21270
gene-LOC142975235,ko:K00115
gene-LOC142975235,ko:K21270
gene-LOC142975236,ko:K00108
gene-LOC142975236,ko:K21270
gene-LOC142975247,ko:K00507
gene-LOC142975247,ko:K15331
gene-LOC142975251,ko:K10718
gene-LOC142975252,ko:K00472
gene-LOC142975254,ko:K01436
gene-LOC142975254,ko:K14677
gene-LOC142975257,ko:K11804
gene-LOC142975259,ko:K20752
gene-LOC142975263,ko:K10417
gene-LOC142975269,ko:K07427
gene-LOC142975269,ko:K15001
gene-LOC142975269,ko:K17953
gene-LOC142975270,ko:K00232
gene-LOC142975270,ko:K05313
gene-LOC142975271,ko:K00232
gene-LOC142975271,ko:K05313
gene-LOC142975273,ko:K14620
gene-LOC142975274,ko:K05679
gene-LOC142975276,ko:K00710
gene-LOC142975277,ko:K11446
gene-LOC142975277,ko:K12495
gene-LOC142975277,ko:K19952
gene-LOC142975287,ko:K17434
gene-LOC142975288,ko:K10404
gene-LOC142975300,ko:K18157
gene-LOC142975301,ko:K11657
gene-LOC142975303,ko:K13525
gene-LOC142975303,ko:K14575
gene-LOC142975305,ko:K09364
gene-LOC142975324,ko:K14008
gene-LOC142975328,ko:K09565
gene-LOC142975335,ko:K20526
gene-LOC142975336,ko:K20526
gene-LOC142975337,ko:K05665
gene-LOC142975337,ko:K05666
gene-LOC142975339,ko:K09530
gene-LOC142975340,ko:K00507
gene-LOC142975342,ko:K14965
gene-LOC142975350,ko:K10408
gene-LOC142975351,ko:K13915
gene-LOC142975352,ko:K13915
gene-LOC142975353,ko:K13915
gene-LOC142975354,ko:K13915
gene-LOC142975355,ko:K13915
gene-LOC142975356,ko:K01185
gene-LOC142975356,ko:K13915
gene-LOC142975358,ko:K08013
gene-LOC142975358,ko:K17701
gene-LOC142975358,ko:K17702
gene-LOC142975359,ko:K01530
gene-LOC142975359,ko:K14802
gene-LOC142975363,ko:K06813
gene-LOC142975363,ko:K16501
gene-LOC142975363,ko:K16502
gene-LOC142975365,ko:K09385
gene-LOC142975368,ko:K13208
gene-LOC142975369,ko:K13220
gene-LOC142975375,ko:K22382
gene-LOC142975377,ko:K11806
gene-LOC142975380,ko:K09437
gene-LOC142975380,ko:K09443
gene-LOC142975386,ko:K16476
gene-LOC142975386,ko:K16477
gene-LOC142975390,ko:K17555
gene-LOC142975393,ko:K10718
gene-LOC142975399,ko:K07023
gene-LOC142975402,ko:K06832
gene-LOC142975402,ko:K10091
gene-LOC142975402,ko:K10093
gene-LOC142975402,ko:K20300
gene-LOC142975405,ko:K12349
gene-LOC142975406,ko:K00507
gene-LOC142975406,ko:K15331
gene-LOC142975407,ko:K00507
gene-LOC142975407,ko:K15331
gene-LOC142975410,ko:K13356
gene-LOC142975411,ko:K13356
gene-LOC142975413,ko:K00507
gene-LOC142975413,ko:K15331
gene-LOC142975414,ko:K00507
gene-LOC142975414,ko:K15331
gene-LOC142975418,ko:K01265
gene-LOC142975419,ko:K00699
gene-LOC142975419,ko:K04628
gene-LOC142975421,ko:K01312
gene-LOC142975423,ko:K01301
gene-LOC142975423,ko:K11984
gene-LOC142975424,ko:K22370
gene-LOC142975427,ko:K06483
gene-LOC142975427,ko:K06484
gene-LOC142975427,ko:K06487
gene-LOC142975427,ko:K06584
gene-LOC142975427,ko:K06585
gene-LOC142975428,ko:K01312
gene-LOC142975433,ko:K08664
gene-LOC142975433,ko:K09628
gene-LOC142975433,ko:K09630
gene-LOC142975435,ko:K09560
gene-LOC142975439,ko:K14258
gene-LOC142975448,ko:K10732
gene-LOC142975462,ko:K14209
gene-LOC142975464,ko:K13356
gene-LOC142975467,ko:K01988
gene-LOC142975470,ko:K06483
gene-LOC142975470,ko:K06484
gene-LOC142975470,ko:K06487
gene-LOC142975470,ko:K06584
gene-LOC142975470,ko:K06585
gene-LOC142975474,ko:K00993
gene-LOC142975477,ko:K00863
gene-LOC142975488,ko:K08664
gene-LOC142975488,ko:K09628
gene-LOC142975488,ko:K09630
gene-LOC142975490,ko:K00507
gene-LOC142975490,ko:K15331
gene-LOC142975493,ko:K06587
gene-LOC142975494,ko:K08471
gene-LOC142975497,ko:K14210
gene-LOC142975500,ko:K01487
gene-LOC142975505,ko:K01312
gene-LOC142975505,ko:K09640
gene-LOC142975507,ko:K19042
gene-LOC142975516,ko:K12302
gene-LOC142975518,ko:K04716
gene-LOC142975518,ko:K04717
gene-LOC142975519,ko:K01512
gene-LOC142975527,ko:K05052
gene-LOC142975527,ko:K05053
gene-LOC142975537,ko:K00472
gene-LOC142975538,ko:K14638
gene-LOC142975539,ko:K13188
gene-LOC142975541,ko:K13356
gene-LOC142975542,ko:K19404
gene-LOC142975545,ko:K13983
gene-LOC142975545,ko:K18422
gene-LOC142975545,ko:K18432
gene-LOC142975546,ko:K18809
gene-LOC142975547,ko:K22322
gene-LOC142975548,ko:K09254
gene-LOC142975549,ko:K04735
gene-LOC142975549,ko:K09254
gene-LOC142975557,ko:K10605
gene-LOC142975560,ko:K19404
gene-LOC142975564,ko:K10718
gene-LOC142975568,ko:K09324
gene-LOC142975571,ko:K08664
gene-LOC142975571,ko:K09628
gene-LOC142975571,ko:K09630
gene-LOC142975573,ko:K01758
gene-LOC142975574,ko:K20032
gene-LOC142975575,ko:K13356
gene-LOC142975581,ko:K05336
gene-LOC142975583,ko:K15109
gene-LOC142975584,ko:K06832
gene-LOC142975584,ko:K10091
gene-LOC142975584,ko:K10093
gene-LOC142975584,ko:K20300
gene-LOC142975585,ko:K01312
gene-LOC142975585,ko:K09640
gene-LOC142975590,ko:K19675
gene-LOC142975593,ko:K15333
gene-LOC142975601,ko:K18334
gene-LOC142975603,ko:K00507
gene-LOC142975603,ko:K15331
gene-LOC142975605,ko:K20230
gene-LOC142975609,ko:K02177
gene-LOC142975609,ko:K13207
gene-LOC142975611,ko:K02270
gene-LOC142975613,ko:K13236
gene-LOC142975613,ko:K13237
gene-LOC142975614,ko:K13236
gene-LOC142975614,ko:K13237
gene-LOC142975616,ko:K20825
gene-LOC142975618,ko:K00472
gene-LOC142975619,ko:K00472
gene-LOC142975620,ko:K00472
gene-LOC142975623,ko:K07523
gene-LOC142975623,ko:K16351
gene-LOC142975623,ko:K20230
gene-LOC142975624,ko:K00682
gene-LOC142975627,ko:K17343
gene-LOC142975629,ko:K01185
gene-LOC142975629,ko:K13915
gene-LOC142975634,ko:K19404
gene-LOC142975635,ko:K00682
gene-LOC142975641,ko:K05674
gene-LOC142975644,ko:K11491
gene-LOC142975650,ko:K10667
gene-LOC142975659,ko:K12461
gene-LOC142975664,ko:K02330
gene-LOC142975665,ko:K03120
gene-LOC142975678,ko:K07611
gene-LOC142975678,ko:K12641
gene-LOC142975678,ko:K20478
gene-LOC142975682,ko:K01185
gene-LOC142975682,ko:K13915
gene-LOC142975690,ko:K00115
gene-LOC142975690,ko:K21270
gene-LOC142975695,ko:K10718
gene-LOC142975701,ko:K13136
gene-LOC142975704,ko:K00115
gene-LOC142975704,ko:K21270
gene-LOC142975714,ko:K01312
gene-LOC142975714,ko:K09640
gene-LOC142975717,ko:K10589
gene-LOC142975718,ko:K04735
gene-LOC142975718,ko:K09254
gene-LOC142975719,ko:K09254
gene-LOC142975720,ko:K00115
gene-LOC142975720,ko:K21270
gene-LOC142975721,ko:K00026
gene-LOC142975724,ko:K00757
gene-LOC142975729,ko:K08794
gene-LOC142975743,ko:K05665
gene-LOC142975743,ko:K05666
gene-LOC142975744,ko:K05665
gene-LOC142975744,ko:K05666
gene-LOC142975746,ko:K05665
gene-LOC142975746,ko:K05666
gene-LOC142975747,ko:K01044
gene-LOC142975747,ko:K01049
gene-LOC142975747,ko:K01050
gene-LOC142975747,ko:K03927
gene-LOC142975747,ko:K15743
gene-LOC142975751,ko:K00940
gene-LOC142975751,ko:K20790
gene-LOC142975752,ko:K00128
gene-LOC142975753,ko:K00128
gene-LOC142975755,ko:K11979
gene-LOC142975756,ko:K09602
gene-LOC142975764,ko:K17964
gene-LOC142975767,ko:K17108
gene-LOC142975768,ko:K08145
gene-LOC142975769,ko:K09646
gene-LOC142975771,ko:K14258
gene-LOC142975772,ko:K14258
gene-LOC142975774,ko:K09646
gene-LOC142975775,ko:K01436
gene-LOC142975775,ko:K14677
gene-LOC142975776,ko:K01436
gene-LOC142975776,ko:K14677
gene-LOC142975782,ko:K00507
gene-LOC142975782,ko:K15331
gene-LOC142975795,ko:K03639
gene-LOC142975797,ko:K03637
gene-LOC142975799,ko:K06546
gene-LOC142975804,ko:K08202
gene-LOC142975804,ko:K08212
gene-LOC142975808,ko:K01050
gene-LOC142975809,ko:K01044
gene-LOC142975809,ko:K01049
gene-LOC142975809,ko:K01050
gene-LOC142975809,ko:K03927
gene-LOC142975809,ko:K15743
gene-LOC142975811,ko:K15287
gene-LOC142975813,ko:K15287
gene-LOC142975815,ko:K08202
gene-LOC142975824,ko:K13288
gene-LOC142975827,ko:K06013
gene-LOC142975840,ko:K15720
gene-LOC142975845,ko:K01044
gene-LOC142975845,ko:K01049
gene-LOC142975845,ko:K01050
gene-LOC142975845,ko:K03927
gene-LOC142975845,ko:K15743
gene-LOC142975846,ko:K01044
gene-LOC142975846,ko:K01049
gene-LOC142975846,ko:K01050
gene-LOC142975846,ko:K03927
gene-LOC142975846,ko:K15743
gene-LOC142975852,ko:K19525
gene-LOC142975854,ko:K13115
gene-LOC142975855,ko:K09395
gene-LOC142975855,ko:K09411
gene-LOC142975859,ko:K21246
gene-LOC142975861,ko:K08134
gene-LOC142975861,ko:K19606
gene-LOC142975861,ko:K22461
gene-LOC142975866,ko:K13108
gene-LOC142975867,ko:K13170
gene-LOC142975868,ko:K14569
gene-LOC142975871,ko:K17541
gene-LOC142975877,ko:K20774
gene-LOC142975877,ko:K20799
gene-LOC142975880,ko:K05313
gene-LOC142975882,ko:K21108
gene-LOC142975884,ko:K09114
gene-LOC142975886,ko:K04912
gene-LOC142975886,ko:K04917
gene-LOC142975891,ko:K00019
gene-LOC142975892,ko:K00626
gene-LOC142975894,ko:K00232
gene-LOC142975894,ko:K02886
gene-LOC142975898,ko:K18808
gene-LOC142975900,ko:K19983
gene-LOC142975903,ko:K06643
gene-LOC142975906,ko:K20800
gene-LOC142975911,ko:K17808
gene-LOC142975912,ko:K00591
gene-LOC142975920,ko:K01255
gene-LOC142975920,ko:K10768
gene-LOC142975920,ko:K11142
gene-LOC142975921,ko:K10768
gene-LOC142975922,ko:K02183
gene-LOC142975923,ko:K10442
gene-LOC142975924,ko:K00626
gene-LOC142975930,ko:K00236
gene-LOC142975933,ko:K01512
gene-LOC142975934,ko:K00432
gene-LOC142975934,ko:K05361
gene-LOC142975936,ko:K15432
gene-LOC142975938,ko:K10743
gene-LOC142975939,ko:K04143
gene-LOC142975956,ko:K00108
gene-LOC142975956,ko:K00115
gene-LOC142975956,ko:K21270
gene-LOC142975961,ko:K03781
gene-LOC142975962,ko:K03781
gene-LOC142975963,ko:K13513
gene-LOC142975964,ko:K08202
gene-LOC142975964,ko:K08209
gene-LOC142975964,ko:K08210
gene-LOC142975965,ko:K08202
gene-LOC142975965,ko:K08209
gene-LOC142975965,ko:K08210
gene-LOC142975966,ko:K13513
gene-LOC142975967,ko:K01053
gene-LOC142975968,ko:K08202
gene-LOC142975975,ko:K18438
gene-LOC142975979,ko:K10743
gene-LOC142975982,ko:K00591
gene-LOC142975989,ko:K00591
gene-LOC142975994,ko:K07432
gene-LOC142975995,ko:K08202
gene-LOC142975999,ko:K03781
gene-LOC142976006,ko:K01049
gene-LOC142976022,ko:K08471
gene-LOC142976029,ko:K19404
gene-LOC142976034,ko:K02259
gene-LOC142976035,ko:K09208
gene-LOC142976036,ko:K08202
gene-LOC142976039,ko:K09228
gene-LOC142976042,ko:K08202
gene-LOC142976043,ko:K08202
gene-LOC142976044,ko:K08202
gene-LOC142976045,ko:K10265
gene-LOC142976046,ko:K08202
gene-LOC142976047,ko:K08202
gene-LOC142976050,ko:K08202
gene-LOC142976055,ko:K14394
gene-LOC142976061,ko:K08202
gene-LOC142976062,ko:K09310
gene-LOC142976065,ko:K08202
gene-LOC142976065,ko:K08209
gene-LOC142976065,ko:K08210
gene-LOC142976065,ko:K17662
gene-LOC142976068,ko:K14394
gene-LOC142976074,ko:K10777
gene-LOC142976074,ko:K15201
gene-LOC142976078,ko:K18178
gene-LOC142976081,ko:K04358
gene-LOC142976082,ko:K10777
gene-LOC142976082,ko:K15201
gene-LOC142976084,ko:K03781
gene-LOC142976095,ko:K01050
gene-LOC142976101,ko:K05313
gene-LOC142976107,ko:K01077
gene-LOC142976107,ko:K21411
gene-LOC142976110,ko:K05752
gene-LOC142976110,ko:K07554
gene-LOC142976111,ko:K08202
gene-LOC142976119,ko:K14191
gene-LOC142976121,ko:K07374
gene-LOC142976124,ko:K08202
gene-LOC142976129,ko:K19473
gene-LOC142976134,ko:K10402
gene-LOC142976135,ko:K06460
gene-LOC142976135,ko:K06508
gene-LOC142976143,ko:K05313
gene-LOC142976149,ko:K17338
gene-LOC142976150,ko:K10631
gene-LOC142976151,ko:K14827
gene-LOC142976153,ko:K08964
gene-LOC142976155,ko:K05313
gene-LOC142976156,ko:K05313
gene-LOC142976158,ko:K05313
gene-LOC142976159,ko:K05313
gene-LOC142976161,ko:K19269
gene-LOC142976161,ko:K21013
gene-LOC142976169,ko:K04521
gene-LOC142976171,ko:K08202
gene-LOC142976173,ko:K12792
gene-LOC142976173,ko:K16676
gene-LOC142976177,ko:K18160
gene-LOC142976181,ko:K14999
gene-LOC142976189,ko:K03781
gene-LOC142976191,ko:K08059
gene-LOC142976193,ko:K08202
gene-LOC142976195,ko:K00078
gene-LOC142976198,ko:K00591
gene-LOC142976199,ko:K22369
gene-LOC142976201,ko:K03781
gene-LOC142976202,ko:K01436
gene-LOC142976202,ko:K14677
gene-LOC142976205,ko:K03781
gene-LOC142976206,ko:K00106
gene-LOC142976210,ko:K16860
gene-LOC142976210,ko:K18160
gene-LOC142976211,ko:K01312
gene-LOC142976211,ko:K09640
gene-LOC142976212,ko:K01052
gene-LOC142976215,ko:K00038
gene-LOC142976218,ko:K01312
gene-LOC142976220,ko:K00682
gene-LOC142976221,ko:K00432
gene-LOC142976225,ko:K01312
gene-LOC142976225,ko:K09640
gene-LOC142976228,ko:K03242
gene-LOC142976228,ko:K11419
gene-LOC142976234,ko:K14530
gene-LOC142976238,ko:K01050
gene-LOC142976239,ko:K01050
gene-LOC142976242,ko:K01312
gene-LOC142976242,ko:K09640
gene-LOC142976245,ko:K17586
gene-LOC142976249,ko:K01312
gene-LOC142976249,ko:K09640
gene-LOC142976250,ko:K00308
gene-LOC142976250,ko:K12259
gene-LOC142976251,ko:K17817
gene-LOC142976255,ko:K00597
gene-LOC142976259,ko:K15255
gene-LOC142976260,ko:K15255
gene-LOC142976261,ko:K01312
gene-LOC142976264,ko:K08202
gene-LOC142976265,ko:K08202
gene-LOC142976267,ko:K01312
gene-LOC142976267,ko:K09640
gene-LOC142976269,ko:K01044
gene-LOC142976269,ko:K01049
gene-LOC142976269,ko:K01050
gene-LOC142976269,ko:K03927
gene-LOC142976269,ko:K15743
gene-LOC142976270,ko:K01050
gene-LOC142976274,ko:K18809
gene-LOC142976275,ko:K01312
gene-LOC142976275,ko:K09640
gene-LOC142976285,ko:K08202
gene-LOC142976285,ko:K08209
gene-LOC142976285,ko:K08210
gene-LOC142976287,ko:K04153
gene-LOC142976290,ko:K16531
gene-LOC142976292,ko:K01312
gene-LOC142976292,ko:K09640
gene-LOC142976298,ko:K09641
gene-LOC142976303,ko:K01312
gene-LOC142976303,ko:K09640
gene-LOC142976305,ko:K03781
gene-LOC142976306,ko:K03781
gene-LOC142976311,ko:K01312
gene-LOC142976311,ko:K09640
gene-LOC142976312,ko:K01053
gene-LOC142976313,ko:K20730
gene-LOC142976314,ko:K04603
gene-LOC142976314,ko:K04604
gene-LOC142976314,ko:K04605
gene-LOC142976320,ko:K14776
gene-LOC142976322,ko:K15499
gene-LOC142976322,ko:K15500
gene-LOC142976322,ko:K15501
gene-LOC142976324,ko:K15499
gene-LOC142976324,ko:K15500
gene-LOC142976324,ko:K15501
gene-LOC142976326,ko:K01312
gene-LOC142976326,ko:K09640
gene-LOC142976342,ko:K01312
gene-LOC142976342,ko:K09640
gene-LOC142976357,ko:K01312
gene-LOC142976357,ko:K09640
gene-LOC142976358,ko:K13160
gene-LOC142976358,ko:K13161
gene-LOC142976359,ko:K01312
gene-LOC142976359,ko:K09640
gene-LOC142976367,ko:K13963
gene-LOC142976369,ko:K10742
gene-LOC142976369,ko:K12482
gene-LOC142976370,ko:K09646
gene-LOC142976371,ko:K00507
gene-LOC142976372,ko:K09640
gene-LOC142976375,ko:K01312
gene-LOC142976375,ko:K09640
gene-LOC142976376,ko:K12757
gene-LOC142976380,ko:K01312
gene-LOC142976380,ko:K09640
gene-LOC142976383,ko:K06103
gene-LOC142976384,ko:K01312
gene-LOC142976384,ko:K09640
gene-LOC142976385,ko:K00027
gene-LOC142976385,ko:K00029
gene-LOC142976386,ko:K00027
gene-LOC142976386,ko:K00029
gene-LOC142976388,ko:K01312
gene-LOC142976388,ko:K09640
gene-LOC142976389,ko:K11972
gene-LOC142976389,ko:K11973
gene-LOC142976390,ko:K10264
gene-LOC142976390,ko:K22379
gene-LOC142976393,ko:K04428
gene-LOC142976395,ko:K01312
gene-LOC142976395,ko:K09640
gene-LOC142976396,ko:K02085
gene-LOC142976409,ko:K01312
gene-LOC142976412,ko:K20241
gene-LOC142976413,ko:K01312
gene-LOC142976413,ko:K09640
gene-LOC142976415,ko:K15288
gene-LOC142976419,ko:K01312
gene-LOC142976419,ko:K09640
gene-LOC142976420,ko:K18809
gene-LOC142976421,ko:K17256
gene-LOC142976426,ko:K01310
gene-LOC142976430,ko:K04798
gene-LOC142976436,ko:K12749
gene-LOC142976443,ko:K14427
gene-LOC142976446,ko:K09463
gene-LOC142976453,ko:K13179
gene-LOC142976455,ko:K01185
gene-LOC142976455,ko:K13915
gene-LOC142976456,ko:K13915
gene-LOC142976459,ko:K12741
gene-LOC142976459,ko:K13158
gene-LOC142976460,ko:K10295
gene-LOC142976461,ko:K07561
gene-LOC142976462,ko:K00261
gene-LOC142976464,ko:K12898
gene-LOC142976470,ko:K09307
gene-LOC142976470,ko:K09311
gene-LOC142976476,ko:K22378
gene-LOC142976486,ko:K08145
gene-LOC142976487,ko:K01312
gene-LOC142976487,ko:K09640
gene-LOC142976493,ko:K01312
gene-LOC142976493,ko:K09640
gene-LOC142976498,ko:K02868
gene-LOC142976498,ko:K15076
gene-LOC142976500,ko:K10268
gene-LOC142976503,ko:K01312
gene-LOC142976503,ko:K09640
gene-LOC142976508,ko:K12627
gene-LOC142976510,ko:K01312
gene-LOC142976510,ko:K09640
gene-LOC142976516,ko:K17795
gene-LOC142976516,ko:K19382
gene-LOC142976517,ko:K20349
gene-LOC142976519,ko:K01312
gene-LOC142976519,ko:K09640
gene-LOC142976521,ko:K03504
gene-LOC142976526,ko:K01312
gene-LOC142976528,ko:K08735
gene-LOC142976528,ko:K09319
gene-LOC142976531,ko:K07910
gene-LOC142976532,ko:K06560
gene-LOC142976534,ko:K06753
gene-LOC142976534,ko:K06754
gene-LOC142976534,ko:K06755
gene-LOC142976536,ko:K15791
gene-LOC142976537,ko:K02685
gene-LOC142976538,ko:K01283
gene-LOC142976542,ko:K13179
gene-LOC142976549,ko:K06258
gene-LOC142976555,ko:K06901
gene-LOC142976563,ko:K09640
gene-LOC142976565,ko:K13885
gene-LOC142976568,ko:K18629
gene-LOC142976570,ko:K17964
gene-LOC142976570,ko:K19942
gene-LOC142976573,ko:K13353
gene-LOC142976580,ko:K14554
gene-LOC142976586,ko:K01312
gene-LOC142976587,ko:K06772
gene-LOC142976587,ko:K06773
gene-LOC142976587,ko:K06774
gene-LOC142976589,ko:K09311
gene-LOC142976590,ko:K01185
gene-LOC142976590,ko:K13915
gene-LOC142976594,ko:K19511
gene-LOC142976603,ko:K09646
gene-LOC142976614,ko:K15430
gene-LOC142976622,ko:K16726
gene-LOC142976626,ko:K00854
gene-LOC142976626,ko:K16732
gene-LOC142976629,ko:K04428
gene-LOC142976630,ko:K15119
gene-LOC142976631,ko:K01283
gene-LOC142976633,ko:K06753
gene-LOC142976633,ko:K06754
gene-LOC142976633,ko:K06755
gene-LOC142976634,ko:K09301
gene-LOC142976635,ko:K01047
gene-LOC142976636,ko:K06254
gene-LOC142976637,ko:K06254
gene-LOC142976639,ko:K15730
gene-LOC142976649,ko:K01185
gene-LOC142976649,ko:K13915
gene-LOC142976658,ko:K06258
gene-LOC142976661,ko:K09083
gene-LOC142976662,ko:K06258
gene-LOC142976663,ko:K22290
gene-LOC142976664,ko:K09228
gene-LOC142976667,ko:K18734
gene-LOC142976674,ko:K13885
gene-LOC142976675,ko:K11585
gene-LOC142976675,ko:K11586
gene-LOC142976675,ko:K11587
gene-LOC142976678,ko:K18809
gene-LOC142976680,ko:K01769
gene-LOC142976681,ko:K07191
gene-LOC142976681,ko:K07299
gene-LOC142976681,ko:K07593
gene-LOC142976681,ko:K08142
gene-LOC142976683,ko:K16220
gene-LOC142976684,ko:K20840
gene-LOC142976686,ko:K06258
gene-LOC142976688,ko:K13353
gene-LOC142976693,ko:K03909
gene-LOC142976711,ko:K05323
gene-LOC142976722,ko:K01758
gene-LOC142976726,ko:K00027
gene-LOC142976726,ko:K00029
gene-LOC142976727,ko:K03283
gene-LOC142976731,ko:K04706
gene-LOC142976731,ko:K19511
gene-LOC142976741,ko:K01373
gene-LOC142976745,ko:K03781
gene-LOC142976746,ko:K06258
gene-LOC142976752,ko:K01792
gene-LOC142976754,ko:K16617
gene-LOC142976756,ko:K16617
gene-LOC142976757,ko:K06254
gene-LOC142976759,ko:K13984
gene-LOC142976760,ko:K18399
gene-LOC142976763,ko:K07555
gene-LOC142976774,ko:K06236
gene-LOC142976774,ko:K19719
gene-LOC142976774,ko:K19720
gene-LOC142976774,ko:K19721
gene-LOC142976775,ko:K04307
gene-LOC142976782,ko:K00901
gene-LOC142976786,ko:K19495
gene-LOC142976788,ko:K04670
gene-LOC142976788,ko:K13596
gene-LOC142976791,ko:K19514
gene-LOC142976792,ko:K21806
gene-LOC142976794,ko:K12741
gene-LOC142976794,ko:K13158
gene-LOC142976796,ko:K01758
gene-LOC142976798,ko:K01052
gene-LOC142976803,ko:K13355
gene-LOC142976804,ko:K03440
gene-LOC142976805,ko:K01540
gene-LOC142976806,ko:K00799
gene-LOC142976806,ko:K04097
gene-LOC142976808,ko:K08739
gene-LOC142976809,ko:K10738
gene-LOC142976809,ko:K16766
gene-LOC142976809,ko:K18078
gene-LOC142976814,ko:K19514
gene-LOC142976816,ko:K08665
gene-LOC142976816,ko:K09637
gene-LOC142976816,ko:K09640
gene-LOC142976817,ko:K08665
gene-LOC142976817,ko:K09637
gene-LOC142976817,ko:K09640
gene-LOC142976821,ko:K01672
gene-LOC142976823,ko:K08809
gene-LOC142976823,ko:K09566
gene-LOC142976823,ko:K17341
gene-LOC142976826,ko:K10356
gene-LOC142976827,ko:K14613
gene-LOC142976827,ko:K17917
gene-LOC142976827,ko:K20840
gene-LOC142976866,ko:K12842
gene-LOC142976872,ko:K02021
gene-LOC142976872,ko:K05657
gene-LOC142976872,ko:K19762
gene-LOC142976873,ko:K05657
gene-LOC142976875,ko:K00852
gene-LOC142976884,ko:K22390
gene-LOC142976886,ko:K09407
gene-LOC142976887,ko:K01310
gene-LOC142976887,ko:K09640
gene-LOC142976888,ko:K01310
gene-LOC142976888,ko:K09640
gene-LOC142976889,ko:K01310
gene-LOC142976890,ko:K01310
gene-LOC142976891,ko:K01310
gene-LOC142976892,ko:K09640
gene-LOC142976893,ko:K00477
gene-LOC142976894,ko:K01316
gene-LOC142976894,ko:K09614
gene-LOC142976894,ko:K09625
gene-LOC142976894,ko:K09640
gene-LOC142976898,ko:K00019
gene-LOC142976899,ko:K01158
gene-LOC142976900,ko:K01158
gene-LOC142976902,ko:K06927
gene-LOC142976902,ko:K13761
gene-LOC142976904,ko:K00106
gene-LOC142976909,ko:K20067
gene-LOC142976910,ko:K10779
gene-LOC142976914,ko:K17725
gene-LOC142976919,ko:K15407
gene-LOC142976923,ko:K14360
gene-LOC142976925,ko:K06269
gene-LOC142976927,ko:K06105
gene-LOC142976928,ko:K11518
gene-LOC142976929,ko:K17339
gene-LOC142976930,ko:K01679
gene-LOC142976931,ko:K19465
gene-LOC142976933,ko:K00699
gene-LOC142976934,ko:K00699
gene-LOC142976938,ko:K00699
gene-LOC142976939,ko:K00106
gene-LOC142976940,ko:K00106
gene-LOC142976944,ko:K17339
gene-LOC142976945,ko:K11671
gene-LOC142976951,ko:K00913
gene-LOC142976953,ko:K08074
gene-LOC142976954,ko:K12592
gene-LOC142976962,ko:K00669
gene-LOC142976964,ko:K09327
gene-LOC142976966,ko:K01410
gene-LOC142976968,ko:K20364
gene-LOC142976969,ko:K13168
gene-LOC142976976,ko:K01312
gene-LOC142976976,ko:K09463
gene-LOC142976976,ko:K09640
gene-LOC142976976,ko:K20752
gene-LOC142976981,ko:K01310
gene-LOC142976982,ko:K00106
gene-LOC142976983,ko:K12385
gene-LOC142976986,ko:K09104
gene-LOC142976987,ko:K14824
gene-LOC142976988,ko:K22075
gene-LOC142976993,ko:K01310
gene-LOC142976994,ko:K00504
gene-LOC142976994,ko:K12597
gene-LOC142976994,ko:K18200
gene-LOC142976995,ko:K10325
gene-LOC142976997,ko:K08371
gene-LOC142977000,ko:K18060
gene-LOC142977001,ko:K01426
gene-LOC142977001,ko:K10765
gene-LOC142977001,ko:K20168
gene-LOC142977002,ko:K00297
gene-LOC142977004,ko:K18179
gene-LOC142977007,ko:K09331
gene-LOC142977011,ko:K00477
gene-LOC142977012,ko:K09640
gene-LOC142977021,ko:K13023
gene-LOC142977024,ko:K09228
gene-LOC142977026,ko:K14999
gene-LOC142977033,ko:K01312
gene-LOC142977033,ko:K09640
gene-LOC142977034,ko:K01312
gene-LOC142977034,ko:K09640
gene-LOC142977036,ko:K01312
gene-LOC142977036,ko:K09640
gene-LOC142977040,ko:K19625
gene-LOC142977044,ko:K14999
gene-LOC142977050,ko:K21027
gene-LOC142977053,ko:K00106
gene-LOC142977054,ko:K00106
gene-LOC142977055,ko:K00106
gene-LOC142977056,ko:K01077
gene-LOC142977057,ko:K01832
gene-LOC142977057,ko:K07424
gene-LOC142977057,ko:K17689
gene-LOC142977057,ko:K17690
gene-LOC142977057,ko:K17691
gene-LOC142977057,ko:K17692
gene-LOC142977057,ko:K17860
gene-LOC142977060,ko:K04314
gene-LOC142977063,ko:K00140
gene-LOC142977064,ko:K04145
gene-LOC142977064,ko:K14049
gene-LOC142977066,ko:K08471
gene-LOC142977073,ko:K00665
gene-LOC142977077,ko:K21894
gene-LOC142977078,ko:K21894
gene-LOC142977080,ko:K06721
gene-LOC142977083,ko:K02149
gene-LOC142977084,ko:K08371
gene-LOC142977086,ko:K08741
gene-LOC142977093,ko:K21893
gene-LOC142977096,ko:K14010
gene-LOC142977101,ko:K14999
gene-LOC142977102,ko:K18735
gene-LOC142977108,ko:K17655
gene-LOC142977111,ko:K08421
gene-LOC142977113,ko:K08421
gene-LOC142977119,ko:K15110
gene-LOC142977120,ko:K13443
gene-LOC142977123,ko:K09228
gene-LOC142977125,ko:K20174
gene-LOC142977127,ko:K13026
gene-LOC142977127,ko:K13185
gene-LOC142977127,ko:K14442
gene-LOC142977128,ko:K00078
gene-LOC142977129,ko:K00106
gene-LOC142977133,ko:K20174
gene-LOC142977134,ko:K08515
gene-LOC142977136,ko:K01904
gene-LOC142977137,ko:K01904
gene-LOC142977138,ko:K01904
gene-LOC142977139,ko:K01904
gene-LOC142977146,ko:K21893
gene-LOC142977148,ko:K02734
gene-LOC142977150,ko:K14999
gene-LOC142977151,ko:K09866
gene-LOC142977151,ko:K09884
gene-LOC142977156,ko:K06491
gene-LOC142977159,ko:K01904
gene-LOC142977161,ko:K15380
gene-LOC142977162,ko:K08202
gene-LOC142977162,ko:K08209
gene-LOC142977162,ko:K08210
gene-LOC142977163,ko:K16732
gene-LOC142977165,ko:K00106
gene-LOC142977167,ko:K02734
gene-LOC142977178,ko:K01312
gene-LOC142977178,ko:K09640
gene-LOC142977186,ko:K15420
gene-LOC142977186,ko:K18595
gene-LOC142977186,ko:K18596
gene-LOC142977187,ko:K17804
gene-LOC142977192,ko:K20752
gene-LOC142977193,ko:K01346
gene-LOC142977193,ko:K20752
gene-LOC142977194,ko:K01310
gene-LOC142977194,ko:K09640
gene-LOC142977195,ko:K09640
gene-LOC142977196,ko:K20752
gene-LOC142977199,ko:K13023
gene-LOC142977203,ko:K08059
gene-LOC142977204,ko:K20780
gene-LOC142977209,ko:K09335
gene-LOC142977209,ko:K09336
gene-LOC142977211,ko:K01312
gene-LOC142977211,ko:K09640
gene-LOC142977212,ko:K09640
gene-LOC142977213,ko:K09640
gene-LOC142977214,ko:K04527
gene-LOC142977217,ko:K09640
gene-LOC142977219,ko:K03671
gene-LOC142977221,ko:K17569
gene-LOC142977224,ko:K06497
gene-LOC142977227,ko:K15110
gene-LOC142977237,ko:K01310
gene-LOC142977243,ko:K03676
gene-LOC142977247,ko:K08029
gene-LOC142977247,ko:K09995
gene-LOC142977249,ko:K14999
gene-LOC142977250,ko:K01052
gene-LOC142977254,ko:K01312
gene-LOC142977254,ko:K01316
gene-LOC142977254,ko:K09463
gene-LOC142977254,ko:K09614
gene-LOC142977254,ko:K09618
gene-LOC142977254,ko:K09621
gene-LOC142977254,ko:K09623
gene-LOC142977254,ko:K09640
gene-LOC142977254,ko:K17495
gene-LOC142977254,ko:K20676
gene-LOC142977255,ko:K01904
gene-LOC142977261,ko:K18709
gene-LOC142977262,ko:K01362
gene-LOC142977264,ko:K14284
gene-LOC142977291,ko:K08471
gene-LOC142977292,ko:K13023
gene-LOC142977301,ko:K04145
gene-LOC142977301,ko:K14049
gene-LOC142977303,ko:K06550
gene-LOC142977303,ko:K06756
gene-LOC142977303,ko:K06757
gene-LOC142977303,ko:K06758
gene-LOC142977303,ko:K06760
gene-LOC142977305,ko:K13023
gene-LOC142977309,ko:K13023
gene-LOC142977311,ko:K04255
gene-LOC142977311,ko:K04256
gene-LOC142977323,ko:K09395
gene-LOC142977323,ko:K09411
gene-LOC142977325,ko:K14079
gene-LOC142977327,ko:K17602
gene-LOC142977333,ko:K00670
gene-LOC142977335,ko:K07526
gene-LOC142977337,ko:K01691
gene-LOC142977338,ko:K09640
gene-LOC142977345,ko:K09640
gene-LOC142977347,ko:K06115
gene-LOC142977349,ko:K06115
gene-LOC142977352,ko:K09640
gene-LOC142977353,ko:K01312
gene-LOC142977353,ko:K09640
gene-LOC142977354,ko:K15255
gene-LOC142977362,ko:K00106
gene-LOC142977363,ko:K00106
gene-LOC142977364,ko:K00106
gene-LOC142977365,ko:K01104
gene-LOC142977365,ko:K05693
gene-LOC142977365,ko:K18032
gene-LOC142977365,ko:K20164
gene-LOC142977366,ko:K01312
gene-LOC142977366,ko:K09640
gene-LOC142977369,ko:K09322
gene-LOC142977375,ko:K05313
gene-LOC142977384,ko:K09640
gene-LOC142977385,ko:K01310
gene-LOC142977385,ko:K09640
gene-LOC142977386,ko:K01310
gene-LOC142977387,ko:K09640
gene-LOC142977388,ko:K15255
gene-LOC142977389,ko:K01310
gene-LOC142977390,ko:K06820
gene-LOC142977392,ko:K09395
gene-LOC142977392,ko:K09411
gene-LOC142977394,ko:K00665
gene-LOC142977395,ko:K06721
gene-LOC142977396,ko:K18709
gene-LOC142977398,ko:K16719
gene-LOC142977401,ko:K02145
gene-LOC142977403,ko:K13443
gene-LOC142977405,ko:K13443
gene-LOC142977414,ko:K18709
gene-LOC142977419,ko:K14689
gene-LOC142977419,ko:K14690
gene-LOC142977419,ko:K14695
gene-LOC142977458,ko:K11669
gene-LOC142977466,ko:K01229
gene-LOC142977466,ko:K05350
gene-LOC142977467,ko:K14787
gene-LOC142977471,ko:K19373
gene-LOC142977474,ko:K20473
gene-LOC142977475,ko:K18741
gene-LOC142977477,ko:K12301
gene-LOC142977479,ko:K12301
gene-LOC142977480,ko:K12301
gene-LOC142977481,ko:K09541
gene-LOC142977481,ko:K09542
gene-LOC142977482,ko:K12301
gene-LOC142977484,ko:K21626
gene-LOC142977488,ko:K06698
gene-LOC142977493,ko:K16794
gene-LOC142977494,ko:K20773
gene-LOC142977499,ko:K13251
gene-LOC142977501,ko:K09542
gene-LOC142977509,ko:K03950
gene-LOC142977511,ko:K21971
gene-LOC142977512,ko:K02427
gene-LOC142977512,ko:K14864
gene-LOC142977515,ko:K17414
gene-LOC142977517,ko:K03945
gene-LOC142977525,ko:K12796
gene-LOC142977525,ko:K13866
gene-LOC142977526,ko:K03372
gene-LOC142977545,ko:K00507
gene-LOC142977545,ko:K15331
gene-LOC142977548,ko:K00471
gene-LOC142977554,ko:K13728
gene-LOC142977555,ko:K08145
gene-LOC142977558,ko:K00275
gene-LOC142977559,ko:K00275
gene-LOC142977560,ko:K04605
gene-LOC142977560,ko:K04611
gene-LOC142977565,ko:K12387
gene-LOC142977568,ko:K20726
gene-LOC142977570,ko:K14009
gene-LOC142977572,ko:K05126
gene-LOC142977575,ko:K08193
gene-LOC142977575,ko:K12301
gene-LOC142977577,ko:K01077
gene-LOC142977579,ko:K06677
gene-LOC142977580,ko:K11295
gene-LOC142977583,ko:K01044
gene-LOC142977585,ko:K01106
gene-LOC142977587,ko:K12739
gene-LOC142977591,ko:K12373
gene-LOC142977596,ko:K06316
gene-LOC142977604,ko:K10162
gene-LOC142977611,ko:K06768
gene-LOC142977612,ko:K03950
gene-LOC142977622,ko:K13863
gene-LOC142977622,ko:K13864
gene-LOC142977622,ko:K13865
gene-LOC142977623,ko:K13863
gene-LOC142977623,ko:K13864
gene-LOC142977623,ko:K13865
gene-LOC142977625,ko:K13863
gene-LOC142977625,ko:K13864
gene-LOC142977625,ko:K13865
gene-LOC142977627,ko:K00078
gene-LOC142977632,ko:K05626
gene-LOC142977632,ko:K05628
gene-LOC142977634,ko:K08576
gene-LOC142977640,ko:K00681
gene-LOC142977640,ko:K18592
gene-LOC142977643,ko:K15278
gene-LOC142977645,ko:K09403
gene-LOC142977646,ko:K11997
gene-LOC142977646,ko:K12021
gene-LOC142977646,ko:K12035
gene-LOC142977648,ko:K07763
gene-LOC142977648,ko:K07995
gene-LOC142977648,ko:K07996
gene-LOC142977648,ko:K07997
gene-LOC142977648,ko:K08002
gene-LOC142977648,ko:K08003
gene-LOC142977652,ko:K18183
gene-LOC142977653,ko:K08471
gene-LOC142977656,ko:K11393
gene-LOC142977660,ko:K04599
gene-LOC142977662,ko:K13863
gene-LOC142977662,ko:K13864
gene-LOC142977662,ko:K13865
gene-LOC142977663,ko:K01195
gene-LOC142977668,ko:K00799
gene-LOC142977668,ko:K04097
gene-LOC142977673,ko:K10345
gene-LOC142977676,ko:K12301
gene-LOC142977681,ko:K10640
gene-LOC142977685,ko:K00078
gene-LOC142977686,ko:K21437
gene-LOC142977689,ko:K14552
gene-LOC142977690,ko:K01044
gene-LOC142977695,ko:K06961
gene-LOC142977695,ko:K11701
gene-LOC142977695,ko:K12862
gene-LOC142977698,ko:K00488
gene-LOC142977698,ko:K15004
gene-LOC142977698,ko:K17951
gene-LOC142977698,ko:K17960
gene-LOC142977702,ko:K06058
gene-LOC142977706,ko:K06054
gene-LOC142977706,ko:K09090
gene-LOC142977707,ko:K00567
gene-LOC142977707,ko:K13531
gene-LOC142977714,ko:K13948
gene-LOC142977717,ko:K14317
gene-LOC142977717,ko:K16219
gene-LOC142977718,ko:K04599
gene-LOC142977723,ko:K01052
gene-LOC142977724,ko:K00115
gene-LOC142977724,ko:K21270
gene-LOC142977729,ko:K08740
gene-LOC142977729,ko:K14415
gene-LOC142977734,ko:K05658
gene-LOC142977735,ko:K02183
gene-LOC142977736,ko:K05643
gene-LOC142977738,ko:K12739
gene-LOC142977739,ko:K12739
gene-LOC142977740,ko:K14552
gene-LOC142977745,ko:K08471
gene-LOC142977746,ko:K08471
gene-LOC142977747,ko:K00252
gene-LOC142977749,ko:K15271
gene-LOC142977752,ko:K00710
gene-LOC142977755,ko:K10658
gene-LOC142977766,ko:K14325
gene-LOC142977767,ko:K08471
gene-LOC142977771,ko:K12301
gene-LOC142977772,ko:K12301
gene-LOC142977773,ko:K13863
gene-LOC142977773,ko:K13864
gene-LOC142977773,ko:K13865
gene-LOC142977775,ko:K08466
gene-LOC142977782,ko:K17960
gene-LOC142977783,ko:K20072
gene-LOC142977790,ko:K12373
gene-LOC142977792,ko:K04153
gene-LOC142977797,ko:K01296
gene-LOC142977800,ko:K07915
gene-LOC142977800,ko:K10756
gene-LOC142977802,ko:K07915
gene-LOC142977802,ko:K10756
gene-LOC142977803,ko:K04565
gene-LOC142977806,ko:K05323
gene-LOC142977806,ko:K20007
gene-LOC142977812,ko:K07059
gene-LOC142977812,ko:K12456
gene-LOC142977814,ko:K15890
gene-LOC142977826,ko:K00503
gene-LOC142977826,ko:K15441
gene-LOC142977828,ko:K12739
gene-LOC142977848,ko:K16727
gene-LOC142977853,ko:K13863
gene-LOC142977853,ko:K13864
gene-LOC142977853,ko:K13865
gene-LOC142977855,ko:K00457
gene-LOC142977864,ko:K04599
gene-LOC142977867,ko:K01052
gene-LOC142977868,ko:K15331
gene-LOC142977868,ko:K15332
gene-LOC142977876,ko:K05037
gene-LOC142977877,ko:K13516
gene-LOC142977880,ko:K00078
gene-LOC142977882,ko:K01077
gene-LOC142977886,ko:K09070
gene-LOC142977892,ko:K03440
gene-LOC142977893,ko:K03440
gene-LOC142977895,ko:K14552
gene-LOC142977897,ko:K01512
gene-LOC142977902,ko:K14863
gene-LOC142977902,ko:K15456
gene-LOC142977906,ko:K20405
gene-LOC142977909,ko:K05658
gene-LOC142977911,ko:K04599
gene-LOC142977913,ko:K03940
gene-LOC142977914,ko:K07935
gene-LOC142977917,ko:K15108
gene-LOC142977922,ko:K17968
gene-LOC142977930,ko:K16733
gene-LOC142977931,ko:K03103
gene-LOC142977933,ko:K04605
gene-LOC142977933,ko:K04611
gene-LOC142977936,ko:K12301
gene-LOC142977939,ko:K14574
gene-LOC142977941,ko:K13948
gene-LOC142977952,ko:K20671
gene-LOC142977952,ko:K20675
gene-LOC142977953,ko:K02266
gene-LOC142977954,ko:K00457
gene-LOC142977956,ko:K17767
gene-LOC142977964,ko:K10399
gene-LOC142977968,ko:K22197
gene-LOC142977969,ko:K00699
gene-LOC142977976,ko:K08471
gene-LOC142977978,ko:K20254
gene-LOC142977980,ko:K22255
gene-LOC142977990,ko:K15255
gene-LOC142977991,ko:K07831
gene-LOC142977994,ko:K05166
gene-LOC142977996,ko:K14999
gene-LOC142978000,ko:K04599
gene-LOC142978005,ko:K14999
gene-LOC142978005,ko:K15003
gene-LOC142978011,ko:K03440
gene-LOC142978012,ko:K01052
gene-LOC142978014,ko:K08202
gene-LOC142978016,ko:K04599
gene-LOC142978023,ko:K20310
gene-LOC142978024,ko:K17508
gene-LOC142978032,ko:K12835
gene-LOC142978039,ko:K00681
gene-LOC142978039,ko:K18592
gene-LOC142978042,ko:K01312
gene-LOC142978042,ko:K01316
gene-LOC142978042,ko:K09463
gene-LOC142978042,ko:K09614
gene-LOC142978042,ko:K09618
gene-LOC142978042,ko:K09621
gene-LOC142978042,ko:K09623
gene-LOC142978042,ko:K09640
gene-LOC142978042,ko:K17495
gene-LOC142978042,ko:K20676
gene-LOC142978043,ko:K15626
gene-LOC142978044,ko:K14570
gene-LOC142978055,ko:K19475
gene-LOC142978062,ko:K01176
gene-LOC142978093,ko:K03783
gene-LOC142978098,ko:K05038
gene-LOC142978098,ko:K05336
gene-LOC142978101,ko:K15559
gene-LOC142978103,ko:K06794
gene-LOC142978103,ko:K06795
gene-LOC142978104,ko:K13238
gene-LOC142978105,ko:K13238
gene-LOC142978107,ko:K13349
gene-LOC142978110,ko:K16471
gene-LOC142978118,ko:K08858
gene-LOC142978127,ko:K05695
gene-LOC142978127,ko:K06777
gene-LOC142978127,ko:K06778
gene-LOC142978128,ko:K14010
gene-LOC142978134,ko:K15759
gene-LOC142978135,ko:K10688
gene-LOC142978140,ko:K13295
gene-LOC142978142,ko:K08471
gene-LOC142978144,ko:K20465
gene-LOC142978148,ko:K04718
gene-LOC142978149,ko:K21442
gene-LOC142978152,ko:K09636
gene-LOC142978153,ko:K09636
gene-LOC142978154,ko:K09636
gene-LOC142978158,ko:K17710
gene-LOC142978166,ko:K10661
gene-LOC142978171,ko:K11975
gene-LOC142978173,ko:K01805
gene-LOC142978182,ko:K12585
gene-LOC142978182,ko:K18758
gene-LOC142978184,ko:K00791
gene-LOC142978193,ko:K19716
gene-LOC142978195,ko:K11143
gene-LOC142978207,ko:K08042
gene-LOC142978207,ko:K08044
gene-LOC142978207,ko:K08047
gene-LOC142978213,ko:K06823
gene-LOC142978213,ko:K08135
gene-LOC142978226,ko:K12823
gene-LOC142978228,ko:K17658
gene-LOC142978234,ko:K01044
gene-LOC142978234,ko:K01049
gene-LOC142978234,ko:K03927
gene-LOC142978234,ko:K15743
gene-LOC142978239,ko:K04078
gene-LOC142978241,ko:K01307
gene-LOC142978241,ko:K15699
gene-LOC142978248,ko:K17285
gene-LOC142978249,ko:K14303
gene-LOC142978250,ko:K13354
gene-LOC142978255,ko:K14996
gene-LOC142978261,ko:K14557
gene-LOC142978267,ko:K10305
gene-LOC142978275,ko:K00814
gene-LOC142978276,ko:K02437
gene-LOC142978305,ko:K15108
gene-LOC142978307,ko:K16862
gene-LOC142978316,ko:K11433
gene-LOC142978320,ko:K00814
gene-LOC142978321,ko:K10744
gene-LOC142978322,ko:K14616
gene-LOC142978324,ko:K01052
gene-LOC142978328,ko:K10448
gene-LOC142978329,ko:K08202
gene-LOC142978330,ko:K04992
gene-LOC142978330,ko:K04993
gene-LOC142978330,ko:K04994
gene-LOC142978334,ko:K10302
gene-LOC142978336,ko:K06823
gene-LOC142978336,ko:K08135
gene-LOC142978341,ko:K07427
gene-LOC142978341,ko:K15001
gene-LOC142978344,ko:K14830
gene-LOC142978348,ko:K08706
gene-LOC142978349,ko:K18630
gene-LOC142978356,ko:K03440
gene-LOC142978365,ko:K14073
gene-LOC142978365,ko:K14074
gene-LOC142978365,ko:K14075
gene-LOC142978368,ko:K01738
gene-LOC142978371,ko:K13131
gene-LOC142978372,ko:K09585
gene-LOC142978374,ko:K12621
gene-LOC142978377,ko:K18629
gene-LOC142978381,ko:K01738
gene-LOC142978385,ko:K18749
gene-LOC142978387,ko:K00069
gene-LOC142978391,ko:K14845
gene-LOC142978392,ko:K03671
gene-LOC142978395,ko:K19269
gene-LOC142978396,ko:K09270
gene-LOC142978396,ko:K18435
gene-LOC142978402,ko:K10282
gene-LOC142978406,ko:K12823
gene-LOC142978406,ko:K13178
gene-LOC142978411,ko:K00814
gene-LOC142978413,ko:K04459
gene-LOC142978413,ko:K14165
gene-LOC142978422,ko:K19363
gene-LOC142978423,ko:K00814
gene-LOC142978426,ko:K20167
gene-LOC142978427,ko:K11170
gene-LOC142978431,ko:K06823
gene-LOC142978431,ko:K08135
gene-LOC142978434,ko:K04506
gene-LOC142978435,ko:K08471
gene-LOC142978438,ko:K12866
gene-LOC142978454,ko:K10694
gene-LOC142978457,ko:K03377
gene-LOC142978458,ko:K19404
gene-LOC142978461,ko:K13348
gene-LOC142978462,ko:K16913
gene-LOC142978465,ko:K09257
gene-LOC142978467,ko:K13084
gene-LOC142978487,ko:K08706
gene-LOC142978496,ko:K16862
gene-LOC142978501,ko:K12823
gene-LOC142978501,ko:K13178
gene-LOC142978506,ko:K02140
gene-LOC142978508,ko:K15865
gene-LOC142978508,ko:K20280
gene-LOC142978514,ko:K00274
gene-LOC142978514,ko:K14388
gene-LOC142978518,ko:K01052
gene-LOC142978526,ko:K07843
gene-LOC142978526,ko:K07844
gene-LOC142978526,ko:K13238
gene-LOC142978527,ko:K05048
gene-LOC142978527,ko:K05334
gene-LOC142978528,ko:K01414
gene-LOC142978528,ko:K08202
gene-LOC142978529,ko:K19758
gene-LOC142978531,ko:K07048
gene-LOC142978537,ko:K12823
gene-LOC142978537,ko:K13178
gene-LOC142978544,ko:K00653
gene-LOC142978546,ko:K10843
gene-LOC142978546,ko:K11270
gene-LOC142978547,ko:K10843
gene-LOC142978547,ko:K11270
gene-LOC142978549,ko:K12047
gene-LOC142978549,ko:K12316
gene-LOC142978551,ko:K17926
gene-LOC142978552,ko:K10249
gene-LOC142978556,ko:K14537
gene-LOC142978556,ko:K16474
gene-LOC142978561,ko:K13157
gene-LOC142978563,ko:K14545
gene-LOC142978566,ko:K02730
gene-LOC142978574,ko:K04255
gene-LOC142978583,ko:K13348
gene-LOC142978586,ko:K00827
gene-LOC142978589,ko:K00665
gene-LOC142978592,ko:K01312
gene-LOC142978592,ko:K09640
gene-LOC142978593,ko:K09329
gene-LOC142978599,ko:K05673
gene-LOC142978604,ko:K09291
gene-LOC142978604,ko:K20478
gene-LOC142978607,ko:K13092
gene-LOC142978612,ko:K01539
gene-LOC142978613,ko:K01273
gene-LOC142978620,ko:K15627
gene-LOC142978671,ko:K00008
gene-LOC142978672,ko:K00026
gene-LOC142978675,ko:K14999
gene-LOC142978675,ko:K15003
gene-LOC142978676,ko:K14999
gene-LOC142978676,ko:K15003
gene-LOC142978681,ko:K02149
gene-LOC142978683,ko:K19679
gene-LOC142978685,ko:K08202
gene-LOC142978688,ko:K14079
gene-LOC142978691,ko:K20099
gene-LOC142978692,ko:K04497
gene-LOC142978710,ko:K12316
gene-LOC142978711,ko:K00948
gene-LOC142978713,ko:K09659
gene-LOC142978715,ko:K11982
gene-LOC142978716,ko:K14846
gene-LOC142978718,ko:K08471
gene-LOC142978728,ko:K06258
gene-LOC142978729,ko:K04551
gene-LOC142978729,ko:K08770
gene-LOC142978730,ko:K20915
gene-LOC142978740,ko:K17496
gene-LOC142978749,ko:K14549
gene-LOC142978751,ko:K11860
gene-LOC142978752,ko:K01431
gene-LOC142978753,ko:K09360
gene-LOC142978756,ko:K08202
gene-LOC142978758,ko:K01349
gene-LOC142978758,ko:K01359
gene-LOC142978758,ko:K08654
gene-LOC142978760,ko:K16459
gene-LOC142978761,ko:K18085
gene-LOC142978762,ko:K19638
gene-LOC142978763,ko:K10870
gene-LOC142978765,ko:K11141
gene-LOC142978768,ko:K10582
gene-LOC142978772,ko:K10348
gene-LOC142978773,ko:K17540
gene-LOC142978776,ko:K14999
gene-LOC142978777,ko:K13096
gene-LOC142978778,ko:K06825
gene-LOC142978778,ko:K17307
gene-LOC142978780,ko:K09580
gene-LOC142978785,ko:K09210
gene-LOC142978787,ko:K14999
gene-LOC142978788,ko:K20752
gene-LOC142978797,ko:K12321
gene-LOC142978797,ko:K12322
gene-LOC142978801,ko:K01187
gene-LOC142978802,ko:K01187
gene-LOC142978803,ko:K00507
gene-LOC142978803,ko:K06227
gene-LOC142978810,ko:K08871
gene-LOC142978810,ko:K11721
gene-LOC142978810,ko:K11722
gene-LOC142978810,ko:K11724
gene-LOC142978810,ko:K14568
gene-LOC142978813,ko:K11883
gene-LOC142978814,ko:K08492
gene-LOC142978822,ko:K10477
gene-LOC142978826,ko:K14999
gene-LOC142978826,ko:K15003
gene-LOC142978827,ko:K04349
gene-LOC142978827,ko:K12326
gene-LOC142978827,ko:K14549
gene-LOC142978829,ko:K10951
gene-LOC142978844,ko:K09183
gene-LOC142978844,ko:K17894
gene-LOC142978844,ko:K17897
gene-LOC142978845,ko:K11986
gene-LOC142978847,ko:K14999
gene-LOC142978849,ko:K10750
gene-LOC142978850,ko:K17776
gene-LOC142978852,ko:K15686
gene-LOC142978861,ko:K15102
gene-LOC142978863,ko:K01431
gene-LOC142978865,ko:K09228
gene-LOC142978867,ko:K01349
gene-LOC142978867,ko:K01359
gene-LOC142978867,ko:K08654
gene-LOC142978870,ko:K00699
gene-LOC142978875,ko:K09183
gene-LOC142978880,ko:K15187
gene-LOC142978882,ko:K12602
gene-LOC142978883,ko:K12602
gene-LOC142978884,ko:K11153
gene-LOC142978885,ko:K07767
gene-LOC142978887,ko:K08471
gene-LOC142978888,ko:K00753
gene-LOC142978888,ko:K07632
gene-LOC142978888,ko:K14464
gene-LOC142978891,ko:K15255
gene-LOC142978892,ko:K13101
gene-LOC142978892,ko:K13566
gene-LOC142978899,ko:K00657
gene-LOC142978905,ko:K13963
gene-LOC142978914,ko:K17362
gene-LOC142978929,ko:K14999
gene-LOC142978929,ko:K15003
gene-LOC142978938,ko:K01349
gene-LOC142978938,ko:K01359
gene-LOC142978938,ko:K08654
gene-LOC142978941,ko:K14009
gene-LOC142978942,ko:K13101
gene-LOC142978942,ko:K13566
gene-LOC142978944,ko:K00030
gene-LOC142978944,ko:K01897
gene-LOC142978946,ko:K04527
gene-LOC142978952,ko:K08202
gene-LOC142978955,ko:K14999
gene-LOC142978955,ko:K15003
gene-LOC142978956,ko:K14999
gene-LOC142978958,ko:K01832
gene-LOC142978958,ko:K07424
gene-LOC142978958,ko:K17692
gene-LOC142978960,ko:K14999
gene-LOC142978960,ko:K15003
gene-LOC142978961,ko:K11153
gene-LOC142978962,ko:K00030
gene-LOC142978962,ko:K01897
gene-LOC142978972,ko:K14529
gene-LOC142978973,ko:K00415
gene-LOC142978973,ko:K16830
gene-LOC142978974,ko:K16830
gene-LOC142978976,ko:K20101
gene-LOC142978988,ko:K08892
gene-LOC142978992,ko:K14536
gene-LOC142979001,ko:K01431
gene-LOC142979003,ko:K08770
gene-LOC142979005,ko:K15001
gene-LOC142979006,ko:K15001
gene-LOC142979008,ko:K15187
gene-LOC142979015,ko:K15630
gene-LOC142979015,ko:K16582
gene-LOC142979015,ko:K21138
gene-LOC142979023,ko:K15720
gene-LOC142979027,ko:K04554
gene-LOC142979028,ko:K10360
gene-LOC142979030,ko:K16912
gene-LOC142979031,ko:K14999
gene-LOC142979031,ko:K15003
gene-LOC142979033,ko:K03454
gene-LOC142979035,ko:K04860
gene-LOC142979035,ko:K04861
gene-LOC142979037,ko:K07378
gene-LOC142979040,ko:K00008
gene-LOC142979041,ko:K01187
gene-LOC142979044,ko:K00699
gene-LOC142979045,ko:K12259
gene-LOC142979051,ko:K10429
gene-LOC142979053,ko:K00699
gene-LOC142979056,ko:K10951
gene-LOC142979061,ko:K00108
gene-LOC142979061,ko:K00115
gene-LOC142979063,ko:K01044
gene-LOC142979063,ko:K07378
gene-LOC142979063,ko:K12298
gene-LOC142979063,ko:K15743
gene-LOC142979071,ko:K14999
gene-LOC142979072,ko:K14999
gene-LOC142979073,ko:K14999
gene-LOC142979073,ko:K15003
gene-LOC142979074,ko:K01832
gene-LOC142979074,ko:K14999
gene-LOC142979074,ko:K20771
gene-LOC142979075,ko:K14999
gene-LOC142979076,ko:K14999
gene-LOC142979078,ko:K14999
gene-LOC142979080,ko:K09048
gene-LOC142979081,ko:K14999
gene-LOC142979085,ko:K12872
gene-LOC142979107,ko:K01044
gene-LOC142979107,ko:K07378
gene-LOC142979107,ko:K12298
gene-LOC142979107,ko:K15743
gene-LOC142979115,ko:K11064
gene-LOC142979117,ko:K18626
gene-LOC142979125,ko:K04077
gene-LOC142979132,ko:K09381
gene-LOC142979137,ko:K11214
gene-LOC142979138,ko:K17578
gene-LOC142979143,ko:K01897
gene-LOC142979145,ko:K00799
gene-LOC142979145,ko:K04097
gene-LOC142979146,ko:K00799
gene-LOC142979146,ko:K04097
gene-LOC142979147,ko:K00799
gene-LOC142979147,ko:K04097
gene-LOC142979148,ko:K14999
gene-LOC142979148,ko:K15003
gene-LOC142979149,ko:K00799
gene-LOC142979149,ko:K04097
gene-LOC142979150,ko:K00799
gene-LOC142979150,ko:K04097
gene-LOC142979151,ko:K00799
gene-LOC142979151,ko:K04097
gene-LOC142979152,ko:K00799
gene-LOC142979152,ko:K04097
gene-LOC142979155,ko:K14800
gene-LOC142979156,ko:K00049
gene-LOC142979156,ko:K13403
gene-LOC142979158,ko:K01103
gene-LOC142979159,ko:K08585
gene-LOC142979162,ko:K05719
gene-LOC142979163,ko:K11151
gene-LOC142979163,ko:K15734
gene-LOC142979166,ko:K16809
gene-LOC142979168,ko:K14321
gene-LOC142979169,ko:K12857
gene-LOC142979170,ko:K07375
gene-LOC142979173,ko:K00940
gene-LOC142979177,ko:K00503
gene-LOC142979178,ko:K07378
gene-LOC142979179,ko:K07375
gene-LOC142979184,ko:K04507
gene-LOC142979186,ko:K01489
gene-LOC142979187,ko:K00858
gene-LOC142979188,ko:K00901
gene-LOC142979196,ko:K08193
gene-LOC142979196,ko:K12301
gene-LOC142979200,ko:K00049
gene-LOC142979201,ko:K00049
gene-LOC142979202,ko:K00049
gene-LOC142979204,ko:K07375
gene-LOC142979206,ko:K12868
gene-LOC142979207,ko:K18665
gene-LOC142979208,ko:K18665
gene-LOC142979209,ko:K06254
gene-LOC142979210,ko:K11663
gene-LOC142979225,ko:K12654
gene-LOC142979226,ko:K17572
gene-LOC142979232,ko:K14075
gene-LOC142979234,ko:K00026
gene-LOC142979235,ko:K15104
gene-LOC142979239,ko:K16833
gene-LOC142979242,ko:K10885
gene-LOC142979243,ko:K15116
gene-LOC142979243,ko:K21403
gene-LOC142979247,ko:K14763
gene-LOC142979248,ko:K17623
gene-LOC142979249,ko:K02374
gene-LOC142979249,ko:K18039
gene-LOC142979255,ko:K21486
gene-LOC142979256,ko:K02260
gene-LOC142979268,ko:K14861
gene-LOC142979270,ko:K22074
gene-LOC142979272,ko:K08872
gene-LOC142979293,ko:K22385
gene-LOC142979294,ko:K08193
gene-LOC142979298,ko:K08202
gene-LOC142979299,ko:K04526
gene-LOC142979299,ko:K05459
gene-LOC142979299,ko:K13769
gene-LOC142979300,ko:K04526
gene-LOC142979300,ko:K05459
gene-LOC142979300,ko:K13769
gene-LOC142979301,ko:K04526
gene-LOC142979301,ko:K05459
gene-LOC142979301,ko:K13769
gene-LOC142979302,ko:K04526
gene-LOC142979302,ko:K05459
gene-LOC142979302,ko:K13769
gene-LOC142979303,ko:K04526
gene-LOC142979303,ko:K05459
gene-LOC142979303,ko:K13769
gene-LOC142979305,ko:K14995
gene-LOC142979306,ko:K14567
gene-LOC142979308,ko:K08202
gene-LOC142979314,ko:K19914
gene-LOC142979316,ko:K08471
gene-LOC142979318,ko:K08202
gene-LOC142979320,ko:K08781
gene-LOC142979321,ko:K08781
gene-LOC142979327,ko:K17543
gene-LOC142979329,ko:K08193
gene-LOC142979336,ko:K17577
gene-LOC142979341,ko:K13211
gene-LOC142979342,ko:K22384
gene-LOC142979347,ko:K00326
gene-LOC142979351,ko:K17525
gene-LOC142979352,ko:K11151
gene-LOC142979352,ko:K15734
gene-LOC142979354,ko:K01887
gene-LOC142979355,ko:K01077
gene-LOC142979357,ko:K13236
gene-LOC142979357,ko:K13237
gene-LOC142979358,ko:K08471
gene-LOC142979359,ko:K19737
gene-LOC142979362,ko:K13236
gene-LOC142979362,ko:K13237
gene-LOC142979366,ko:K19176
gene-LOC142979367,ko:K17550
gene-LOC142979369,ko:K09228
gene-LOC142979369,ko:K09229
gene-LOC142979370,ko:K09517
gene-LOC142979370,ko:K12735
gene-LOC142979375,ko:K19754
gene-LOC142979377,ko:K05747
gene-LOC142979383,ko:K08824
gene-LOC142979386,ko:K08193
gene-LOC142979396,ko:K07858
gene-LOC142979396,ko:K07859
gene-LOC142979403,ko:K14463
gene-LOC142979407,ko:K12858
gene-LOC142979408,ko:K15122
gene-LOC142979411,ko:K19754
gene-LOC142979413,ko:K15084
gene-LOC142979419,ko:K02375
gene-LOC142979419,ko:K02842
gene-LOC142979419,ko:K04690
gene-LOC142979420,ko:K18667
gene-LOC142979424,ko:K08738
gene-LOC142979427,ko:K06254
gene-LOC142979428,ko:K00134
gene-LOC142979428,ko:K10705
gene-LOC142979432,ko:K01077
gene-LOC142979433,ko:K08031
gene-LOC142979433,ko:K09381
gene-LOC142979436,ko:K18808
gene-LOC142979446,ko:K06254
gene-LOC142979449,ko:K08193
gene-LOC142979456,ko:K01077
gene-LOC142979461,ko:K19480
gene-LOC142979461,ko:K19496
gene-LOC142979461,ko:K19497
gene-LOC142979461,ko:K19499
gene-LOC142979470,ko:K20306
gene-LOC142979474,ko:K07512
gene-LOC142979476,ko:K20214
gene-LOC142979477,ko:K17583
gene-LOC142979484,ko:K07512
gene-LOC142979489,ko:K07966
gene-LOC142979489,ko:K07967
gene-LOC142979489,ko:K07968
gene-LOC142979489,ko:K07969
gene-LOC142979489,ko:K09905
gene-LOC142979490,ko:K14320
gene-LOC142979491,ko:K11295
gene-LOC142979493,ko:K09090
gene-LOC142979497,ko:K04887
gene-LOC142979498,ko:K17543
gene-LOC142979501,ko:K04526
gene-LOC142979501,ko:K05459
gene-LOC142979501,ko:K13769
gene-LOC142979502,ko:K04526
gene-LOC142979502,ko:K05459
gene-LOC142979502,ko:K13769
gene-LOC142979504,ko:K06082
gene-LOC142979504,ko:K17477
gene-LOC142979505,ko:K13236
gene-LOC142979505,ko:K13237
gene-LOC142979511,ko:K08041
gene-LOC142979511,ko:K08043
gene-LOC142979511,ko:K08045
gene-LOC142979511,ko:K08048
gene-LOC142979516,ko:K12163
gene-LOC142979518,ko:K00022
gene-LOC142979519,ko:K07575
gene-LOC142979524,ko:K15104
gene-LOC142979525,ko:K11518
gene-LOC142979529,ko:K20641
gene-LOC142979531,ko:K01324
gene-LOC142979531,ko:K09626
gene-LOC142979531,ko:K09628
gene-LOC142979534,ko:K09087
gene-LOC142979534,ko:K09090
gene-LOC142979537,ko:K07512
gene-LOC142979538,ko:K09228
gene-LOC142979545,ko:K20822
gene-LOC142979546,ko:K04462
gene-LOC142979546,ko:K22410
gene-LOC142979549,ko:K00710
gene-LOC142979553,ko:K04462
gene-LOC142979553,ko:K22410
gene-LOC142979558,ko:K22072
gene-LOC142979577,ko:K15542
gene-LOC142979578,ko:K15001
gene-LOC142979598,ko:K01077
gene-LOC142979601,ko:K04526
gene-LOC142979601,ko:K05459
gene-LOC142979601,ko:K13769
gene-LOC142979602,ko:K15104
gene-LOC142979603,ko:K15104
gene-LOC142979604,ko:K18328
gene-LOC142979605,ko:K06867
gene-LOC142979607,ko:K08781
gene-LOC142979610,ko:K07512
gene-LOC142979616,ko:K07966
gene-LOC142979616,ko:K07967
gene-LOC142979616,ko:K07968
gene-LOC142979617,ko:K07553
gene-LOC142979617,ko:K07966
gene-LOC142979617,ko:K07967
gene-LOC142979617,ko:K07968
gene-LOC142979618,ko:K07553
gene-LOC142979618,ko:K07966
gene-LOC142979618,ko:K07967
gene-LOC142979618,ko:K07968
gene-LOC142979618,ko:K07969
gene-LOC142979618,ko:K09905
gene-LOC142979619,ko:K07966
gene-LOC142979619,ko:K07967
gene-LOC142979619,ko:K07968
gene-LOC142979619,ko:K07969
gene-LOC142979623,ko:K01530
gene-LOC142979628,ko:K19176
gene-LOC142979630,ko:K19176
gene-LOC142979634,ko:K00134
gene-LOC142979634,ko:K10705
gene-LOC142979636,ko:K08059
gene-LOC142979640,ko:K09215
gene-LOC142979648,ko:K19970
gene-LOC142979650,ko:K05862
gene-LOC142979650,ko:K15040
gene-LOC142979650,ko:K15041
gene-LOC142979655,ko:K10392
gene-LOC142979658,ko:K03440
gene-LOC142979677,ko:K06890
gene-LOC142979689,ko:K14613
gene-LOC142979692,ko:K00128
gene-LOC142979692,ko:K00129
gene-LOC142979692,ko:K04513
gene-LOC142979694,ko:K05313
gene-LOC142979694,ko:K19398
gene-LOC142979698,ko:K01304
gene-LOC142979700,ko:K05643
gene-LOC142979701,ko:K05643
gene-LOC142979706,ko:K01080
gene-LOC142979707,ko:K01080
gene-LOC142979710,ko:K01080
gene-LOC142979715,ko:K01017
gene-LOC142979718,ko:K15305
gene-LOC142979722,ko:K09522
gene-LOC142979729,ko:K04661
gene-LOC142979732,ko:K10847
gene-LOC142979736,ko:K20478
gene-LOC142979741,ko:K02207
gene-LOC142979742,ko:K17914
gene-LOC142979743,ko:K03951
gene-LOC142979755,ko:K15289
gene-LOC142979763,ko:K15309
gene-LOC142979763,ko:K16335
gene-LOC142979766,ko:K09542
gene-LOC142979772,ko:K13749
gene-LOC142979772,ko:K13750
gene-LOC142979778,ko:K06232
gene-LOC142979785,ko:K01312
gene-LOC142979785,ko:K09640
gene-LOC142979790,ko:K03424
gene-LOC142979798,ko:K17757
gene-LOC142979801,ko:K01044
gene-LOC142979801,ko:K01049
gene-LOC142979801,ko:K01050
gene-LOC142979801,ko:K03927
gene-LOC142979801,ko:K15743
gene-LOC142979805,ko:K19583
gene-LOC142979808,ko:K06234
gene-LOC142979811,ko:K14613
gene-LOC142979811,ko:K17917
gene-LOC142979811,ko:K20840
gene-LOC142979812,ko:K14613
gene-LOC142979812,ko:K17917
gene-LOC142979812,ko:K20840
gene-LOC142979814,ko:K08471
gene-LOC142979822,ko:K16747
gene-LOC142979828,ko:K03910
gene-LOC142979832,ko:K15199
gene-LOC142979838,ko:K02728
gene-LOC142979839,ko:K12301
gene-LOC142979843,ko:K05313
gene-LOC142979843,ko:K19398
gene-LOC142979850,ko:K17259
gene-LOC142979850,ko:K17595
gene-LOC142979850,ko:K20642
gene-LOC142979851,ko:K09213
gene-LOC142979862,ko:K19367
gene-LOC142979870,ko:K05313
gene-LOC142979870,ko:K19398
gene-LOC142979879,ko:K08193
gene-LOC142979880,ko:K05643
gene-LOC142979883,ko:K08798
gene-LOC142979883,ko:K19008
gene-LOC142979888,ko:K13963
gene-LOC142979888,ko:K13966
gene-LOC142979890,ko:K00799
gene-LOC142979892,ko:K21270
gene-LOC142979897,ko:K07508
gene-LOC142979897,ko:K17972
gene-LOC142979898,ko:K16717
gene-LOC142979898,ko:K20176
gene-LOC142979899,ko:K07508
gene-LOC142979899,ko:K17972
gene-LOC142979900,ko:K09397
gene-LOC142979903,ko:K13963
gene-LOC142979903,ko:K13966
gene-LOC142979904,ko:K10523
gene-LOC142979905,ko:K21270
gene-LOC142979907,ko:K09574
gene-LOC142979909,ko:K04455
gene-LOC142979909,ko:K09542
gene-LOC142979909,ko:K09543
gene-LOC142979909,ko:K09545
gene-LOC142979911,ko:K01204
gene-LOC142979920,ko:K10734
gene-LOC142979926,ko:K07508
gene-LOC142979926,ko:K17972
gene-LOC142979930,ko:K08202
gene-LOC142979932,ko:K18200
gene-LOC142979938,ko:K00626
gene-LOC142979943,ko:K19868
gene-LOC142979943,ko:K19869
gene-LOC142979945,ko:K00488
gene-LOC142979945,ko:K15004
gene-LOC142979945,ko:K17951
gene-LOC142979945,ko:K17960
gene-LOC142979951,ko:K17981
gene-LOC142979954,ko:K01050
gene-LOC142979957,ko:K08811
gene-LOC142979959,ko:K14786
gene-LOC142979960,ko:K00787
gene-LOC142979961,ko:K08371
gene-LOC142979962,ko:K04681
gene-LOC142979962,ko:K07605
gene-LOC142979962,ko:K16332
gene-LOC142979964,ko:K14610
gene-LOC142979967,ko:K01298
gene-LOC142979970,ko:K06126
gene-LOC142979975,ko:K11792
gene-LOC142979976,ko:K09542
gene-LOC142979979,ko:K01044
gene-LOC142979979,ko:K01049
gene-LOC142979979,ko:K01050
gene-LOC142979979,ko:K03927
gene-LOC142979981,ko:K10409
gene-LOC142979982,ko:K19873
gene-LOC142979983,ko:K01551
gene-LOC142979986,ko:K01080
gene-LOC142980003,ko:K15363
gene-LOC142980004,ko:K16364
gene-LOC142980007,ko:K01304
gene-LOC142980009,ko:K21411
gene-LOC142980011,ko:K01080
gene-LOC142980012,ko:K07508
gene-LOC142980012,ko:K17972
gene-LOC142980016,ko:K09828
gene-LOC142980018,ko:K05655
gene-LOC142980019,ko:K01044
gene-LOC142980019,ko:K01049
gene-LOC142980019,ko:K01050
gene-LOC142980019,ko:K03927
gene-LOC142980019,ko:K14999
gene-LOC142980019,ko:K15743
gene-LOC142980020,ko:K14613
gene-LOC142980020,ko:K17917
gene-LOC142980020,ko:K20840
gene-LOC142980021,ko:K19770
gene-LOC142980029,ko:K15127
gene-LOC142980031,ko:K12023
gene-LOC142980033,ko:K01052
gene-LOC142980036,ko:K14548
gene-LOC142980036,ko:K18169
gene-LOC142980040,ko:K00079
gene-LOC142980042,ko:K00799
gene-LOC142980042,ko:K12472
gene-LOC142980046,ko:K01176
gene-LOC142980051,ko:K00547
gene-LOC142980053,ko:K01254
gene-LOC142980054,ko:K01080
gene-LOC142980055,ko:K14572
gene-LOC142980064,ko:K10779
gene-LOC142980065,ko:K02603
gene-LOC142980065,ko:K18081
gene-LOC142980066,ko:K06258
gene-LOC142980070,ko:K09595
gene-LOC142980072,ko:K08451
gene-LOC142980078,ko:K01784
gene-LOC142980081,ko:K16530
gene-LOC142980082,ko:K03938
gene-LOC142980083,ko:K13963
gene-LOC142980086,ko:K17256
gene-LOC142980087,ko:K00787
gene-LOC142980097,ko:K00108
gene-LOC142980097,ko:K00115
gene-LOC142980097,ko:K10724
gene-LOC142980097,ko:K21270
gene-LOC142980098,ko:K08873
gene-LOC142980098,ko:K12852
gene-LOC142980098,ko:K12853
gene-LOC142980102,ko:K21270
gene-LOC142980103,ko:K21270
gene-LOC142980107,ko:K01189
gene-LOC142980107,ko:K01204
gene-LOC142980109,ko:K12405
gene-LOC142980110,ko:K11504
gene-LOC142980122,ko:K09268
gene-LOC142980123,ko:K01050
gene-LOC142980127,ko:K21870
gene-LOC142980132,ko:K00108
gene-LOC142980132,ko:K00115
gene-LOC142980132,ko:K21270
gene-LOC142980134,ko:K08827
gene-LOC142980137,ko:K17711
gene-LOC142980146,ko:K15127
gene-LOC142980149,ko:K15127
gene-LOC142980158,ko:K20730
gene-LOC142980161,ko:K13023
gene-LOC142980161,ko:K17256
gene-LOC142980162,ko:K17585
gene-LOC142980163,ko:K10249
gene-LOC142980163,ko:K10250
gene-LOC142980164,ko:K03956
gene-LOC142980168,ko:K00108
gene-LOC142980168,ko:K00115
gene-LOC142980168,ko:K10724
gene-LOC142980168,ko:K21270
gene-LOC142980169,ko:K00108
gene-LOC142980169,ko:K00115
gene-LOC142980169,ko:K10724
gene-LOC142980169,ko:K21270
gene-LOC142980172,ko:K05658
gene-LOC142980174,ko:K17341
gene-LOC142980175,ko:K16531
gene-LOC142980177,ko:K01044
gene-LOC142980177,ko:K01049
gene-LOC142980177,ko:K01050
gene-LOC142980177,ko:K03927
gene-LOC142980177,ko:K15743
gene-LOC142980182,ko:K00683
gene-LOC142980182,ko:K05313
gene-LOC142980182,ko:K12385
gene-LOC142980184,ko:K15127
gene-LOC142980191,ko:K19770
gene-LOC142980192,ko:K11265
gene-LOC142980198,ko:K13525
gene-LOC142980199,ko:K00232
gene-LOC142980199,ko:K05313
gene-LOC142980200,ko:K12323
gene-LOC142980205,ko:K01044
gene-LOC142980205,ko:K01049
gene-LOC142980205,ko:K01050
gene-LOC142980205,ko:K03927
gene-LOC142980206,ko:K10636
gene-LOC142980208,ko:K06947
gene-LOC142980210,ko:K12736
gene-LOC142980216,ko:K16691
gene-LOC142980216,ko:K20229
gene-LOC142980217,ko:K01254
gene-LOC142980218,ko:K16782
gene-LOC142980227,ko:K20465
gene-LOC142980234,ko:K03938
gene-LOC142980235,ko:K03120
gene-LOC142980235,ko:K10754
gene-LOC142980235,ko:K16622
gene-LOC142980235,ko:K19589
gene-LOC142980236,ko:K11316
gene-LOC142980237,ko:K00799
gene-LOC142980242,ko:K17605
gene-LOC142980248,ko:K12792
gene-LOC142980248,ko:K16676
gene-LOC142980254,ko:K03917
gene-LOC142980254,ko:K05619
gene-LOC142980261,ko:K01044
gene-LOC142980261,ko:K01049
gene-LOC142980261,ko:K01050
gene-LOC142980261,ko:K03927
gene-LOC142980262,ko:K01044
gene-LOC142980262,ko:K01049
gene-LOC142980262,ko:K01050
gene-LOC142980262,ko:K03927
gene-LOC142980263,ko:K01044
gene-LOC142980263,ko:K01049
gene-LOC142980263,ko:K01050
gene-LOC142980263,ko:K03927
gene-LOC142980266,ko:K00799
gene-LOC142980273,ko:K05480
gene-LOC142980276,ko:K00787
gene-LOC142980277,ko:K00787
gene-LOC142980279,ko:K05313
gene-LOC142980281,ko:K16606
gene-LOC142980292,ko:K15127
gene-LOC142980294,ko:K15127
gene-LOC142980298,ko:K15127
gene-LOC142980302,ko:K15127
gene-LOC142980303,ko:K15127
gene-LOC142980315,ko:K05673
gene-LOC142980349,ko:K20222
gene-LOC142980365,ko:K09535
gene-LOC142980365,ko:K09539
gene-LOC142980374,ko:K17341
gene-LOC142980377,ko:K17805
gene-LOC142980377,ko:K18619
gene-LOC142980378,ko:K13963
gene-LOC142980379,ko:K08471
gene-LOC142980380,ko:K08471
gene-LOC142980381,ko:K12319
gene-LOC142980381,ko:K17479
gene-LOC142980385,ko:K20366
gene-LOC142980387,ko:K01205
gene-LOC142980388,ko:K00968
gene-LOC142980394,ko:K06467
gene-LOC142980395,ko:K17341
gene-LOC142980396,ko:K17341
gene-LOC142980397,ko:K17341
gene-LOC142980400,ko:K12319
gene-LOC142980400,ko:K17479
gene-LOC142980401,ko:K08471
gene-LOC142980405,ko:K17341
gene-LOC142980406,ko:K08031
gene-LOC142980416,ko:K01785
gene-LOC142980417,ko:K00907
gene-LOC142980418,ko:K04529
gene-LOC142980418,ko:K04530
gene-LOC142980421,ko:K12483
gene-LOC142980421,ko:K14410
gene-LOC142980421,ko:K19283
gene-LOC142980430,ko:K01204
gene-LOC142980432,ko:K15701
gene-LOC142980436,ko:K04688
gene-LOC142980436,ko:K08745
gene-LOC142980436,ko:K13803
gene-LOC142980436,ko:K18628
gene-LOC142980438,ko:K12377
gene-LOC142980446,ko:K09993
gene-LOC142980449,ko:K01637
gene-LOC142980449,ko:K01638
gene-LOC142980455,ko:K18575
gene-LOC142980456,ko:K21413
gene-LOC142980457,ko:K07917
gene-LOC142980462,ko:K20872
gene-LOC142980470,ko:K03943
gene-LOC142980471,ko:K08145
gene-LOC142980475,ko:K01312
gene-LOC142980475,ko:K09640
gene-LOC142980476,ko:K01312
gene-LOC142980476,ko:K09640
gene-LOC142980477,ko:K01312
gene-LOC142980477,ko:K09640
gene-LOC142980478,ko:K01312
gene-LOC142980478,ko:K09640
gene-LOC142980479,ko:K01312
gene-LOC142980479,ko:K09640
gene-LOC142980480,ko:K01312
gene-LOC142980480,ko:K09640
gene-LOC142980481,ko:K01312
gene-LOC142980481,ko:K09640
gene-LOC142980483,ko:K01312
gene-LOC142980483,ko:K09640
gene-LOC142980484,ko:K01312
gene-LOC142980484,ko:K09640
gene-LOC142980485,ko:K01312
gene-LOC142980485,ko:K09640
gene-LOC142980486,ko:K01312
gene-LOC142980486,ko:K09640
gene-LOC142980487,ko:K01312
gene-LOC142980487,ko:K09640
gene-LOC142980492,ko:K00323
gene-LOC142980495,ko:K14803
gene-LOC142980496,ko:K14573
gene-LOC142980505,ko:K20196
gene-LOC142980505,ko:K20197
gene-LOC142980505,ko:K20198
gene-LOC142980506,ko:K15698
gene-LOC142980509,ko:K05402
gene-LOC142980516,ko:K15446
gene-LOC142980518,ko:K16358
gene-LOC142980519,ko:K01291
gene-LOC142980519,ko:K01298
gene-LOC142980534,ko:K00108
gene-LOC142980534,ko:K00115
gene-LOC142980534,ko:K21270
gene-LOC142980537,ko:K21032
gene-LOC142980539,ko:K00031
gene-LOC142980546,ko:K09856
gene-LOC142980547,ko:K15001
gene-LOC142980548,ko:K13667
gene-LOC142980551,ko:K01052
gene-LOC142980551,ko:K14452
gene-LOC142980552,ko:K21270
gene-LOC142980558,ko:K09427
gene-LOC142980560,ko:K00235
gene-LOC142980561,ko:K01374
gene-LOC142980561,ko:K04832
gene-LOC142980562,ko:K14410
gene-LOC142980562,ko:K19283
gene-LOC142980569,ko:K03234
gene-LOC142980569,ko:K20071
gene-LOC142980570,ko:K04727
gene-LOC142980571,ko:K15630
gene-LOC142980572,ko:K14464
gene-LOC142980573,ko:K01368
gene-LOC142980579,ko:K01374
gene-LOC142980579,ko:K04832
gene-LOC142980584,ko:K19283
gene-LOC142980585,ko:K19283
gene-LOC142980595,ko:K04949
gene-LOC142980595,ko:K04950
gene-LOC142980602,ko:K17930
gene-LOC142980604,ko:K08664
gene-LOC142980604,ko:K09628
gene-LOC142980604,ko:K09630
gene-LOC142980617,ko:K17341
gene-LOC142980629,ko:K09668
gene-LOC142980630,ko:K12319
gene-LOC142980630,ko:K17479
gene-LOC142980631,ko:K10523
gene-LOC142980632,ko:K15025
gene-LOC142980634,ko:K03781
gene-LOC142980638,ko:K14410
gene-LOC142980638,ko:K19283
gene-LOC142980639,ko:K00753
gene-LOC142980639,ko:K07632
gene-LOC142980639,ko:K14464
gene-LOC142980641,ko:K07919
gene-LOC142980641,ko:K07920
gene-LOC142980643,ko:K01052
gene-LOC142980644,ko:K14829
gene-LOC142980659,ko:K16358
gene-LOC142980663,ko:K01298
gene-LOC142980665,ko:K06867
gene-LOC142980668,ko:K01298
gene-LOC142980669,ko:K01298
gene-LOC142980673,ko:K01052
gene-LOC142980673,ko:K18164
gene-LOC142980676,ko:K22415
gene-LOC142980677,ko:K08031
gene-LOC142980679,ko:K01298
gene-LOC142980682,ko:K05658
gene-LOC142980689,ko:K10408
gene-LOC142980690,ko:K19903
gene-LOC142980690,ko:K19906
gene-LOC142980690,ko:K19909
gene-LOC142980690,ko:K19910
gene-LOC142980694,ko:K01126
gene-LOC142980695,ko:K11793
gene-LOC142980706,ko:K11279
gene-LOC142980706,ko:K11282
gene-LOC142980706,ko:K11405
gene-LOC142980714,ko:K12176
gene-LOC142980714,ko:K14464
gene-LOC142980718,ko:K18061
gene-LOC142980720,ko:K18061
gene-LOC142980722,ko:K05658
gene-LOC142980728,ko:K19323
gene-LOC142980730,ko:K11578
gene-LOC142980730,ko:K11790
gene-LOC142980733,ko:K05673
gene-LOC142980737,ko:K00488
gene-LOC142980737,ko:K17951
gene-LOC142980737,ko:K17960
gene-LOC142980740,ko:K05170
gene-LOC142980743,ko:K04249
gene-LOC142980743,ko:K04308
gene-LOC142980743,ko:K04309
gene-LOC142980743,ko:K08399
gene-LOC142980747,ko:K01298
gene-LOC142980749,ko:K10625
gene-LOC142980749,ko:K10626
gene-LOC142980750,ko:K08051
gene-LOC142980752,ko:K14464
gene-LOC142980753,ko:K14464
gene-LOC142980754,ko:K14464
gene-LOC142980756,ko:K17341
gene-LOC142980757,ko:K06491
gene-LOC142980758,ko:K06756
gene-LOC142980758,ko:K06760
gene-LOC142980760,ko:K17341
gene-LOC142980768,ko:K01493
gene-LOC142980769,ko:K08471
gene-LOC142980770,ko:K08471
gene-LOC142980771,ko:K08471
gene-LOC142980772,ko:K08471
gene-LOC142980775,ko:K01312
gene-LOC142980775,ko:K09640
gene-LOC142980777,ko:K01312
gene-LOC142980777,ko:K09640
gene-LOC142980778,ko:K01312
gene-LOC142980778,ko:K09640
gene-LOC142980779,ko:K01312
gene-LOC142980779,ko:K09640
gene-LOC142980781,ko:K01312
gene-LOC142980781,ko:K09640
gene-LOC142980782,ko:K01312
gene-LOC142980782,ko:K09640
gene-LOC142980783,ko:K01312
gene-LOC142980783,ko:K09640
gene-LOC142980837,ko:K13443
gene-LOC142980838,ko:K13443
gene-LOC142980839,ko:K14845
gene-LOC142980840,ko:K06699
gene-LOC142980855,ko:K08781
gene-LOC142980859,ko:K17782
gene-LOC142980860,ko:K07874
gene-LOC142980860,ko:K19194
gene-LOC142980860,ko:K19195
gene-LOC142980870,ko:K01298
gene-LOC142980871,ko:K01298
gene-LOC142980872,ko:K01298
gene-LOC142980885,ko:K11802
gene-LOC142980886,ko:K10578
gene-LOC142980887,ko:K14000
gene-LOC142980888,ko:K07377
gene-LOC142980893,ko:K08817
gene-LOC142980893,ko:K10267
gene-LOC142980893,ko:K18086
gene-LOC142980896,ko:K01697
gene-LOC142980898,ko:K17339
gene-LOC142980899,ko:K19682
gene-LOC142980900,ko:K12874
gene-LOC142980903,ko:K19828
gene-LOC142980905,ko:K05901
gene-LOC142980910,ko:K01757
gene-LOC142980910,ko:K21407
gene-LOC142980914,ko:K14825
gene-LOC142980930,ko:K13443
gene-LOC142980932,ko:K01082
gene-LOC142980934,ko:K14281
gene-LOC142980934,ko:K14282
gene-LOC142980934,ko:K14283
gene-LOC142980936,ko:K09542
gene-LOC142980936,ko:K19766
gene-LOC142980938,ko:K03929
gene-LOC142980941,ko:K19363
gene-LOC142980945,ko:K01373
gene-LOC142980946,ko:K02975
gene-LOC142980946,ko:K13339
gene-LOC142980955,ko:K01697
gene-LOC142980957,ko:K00974
gene-LOC142980959,ko:K10872
gene-LOC142980959,ko:K19347
gene-LOC142980964,ko:K01802
gene-LOC142980964,ko:K20097
gene-LOC142980965,ko:K08268
gene-LOC142980971,ko:K04077
gene-LOC142980974,ko:K22400
gene-LOC142980977,ko:K11668
gene-LOC142980979,ko:K01290
gene-LOC142980979,ko:K01298
gene-LOC142980980,ko:K01290
gene-LOC142980980,ko:K01298
gene-LOC142980981,ko:K01290
gene-LOC142980981,ko:K01298
gene-LOC142980985,ko:K03952
gene-LOC142980986,ko:K00799
gene-LOC142980988,ko:K00799
gene-LOC142980993,ko:K17562
gene-LOC142980999,ko:K03098
gene-LOC142981002,ko:K17916
gene-LOC142981002,ko:K19196
gene-LOC142981003,ko:K03098
gene-LOC142981007,ko:K01373
gene-LOC142981012,ko:K05330
gene-LOC142981015,ko:K03858
gene-LOC142981022,ko:K09541
gene-LOC142981022,ko:K09542
gene-LOC142981026,ko:K16329
gene-LOC142981026,ko:K16330
gene-LOC142981028,ko:K00002
gene-LOC142981040,ko:K03098
gene-LOC142981043,ko:K11800
gene-LOC142981046,ko:K01097
gene-LOC142981050,ko:K18422
gene-LOC142981051,ko:K04599
gene-LOC142981052,ko:K18266
gene-LOC142981055,ko:K14960
gene-LOC142981060,ko:K14999
gene-LOC142981060,ko:K15003
gene-LOC142981061,ko:K01754
gene-LOC142981062,ko:K03097
gene-LOC142981062,ko:K08826
gene-LOC142981062,ko:K08827
gene-LOC142981071,ko:K05673
gene-LOC142981074,ko:K01754
gene-LOC142981075,ko:K09592
gene-LOC142981078,ko:K05673
gene-LOC142981081,ko:K20477
gene-LOC142981083,ko:K00658
gene-LOC142981085,ko:K18188
gene-LOC142981090,ko:K01823
gene-LOC142981093,ko:K04255
gene-LOC142981097,ko:K13868
gene-LOC142981098,ko:K13868
gene-LOC142981102,ko:K09645
gene-LOC142981103,ko:K14774
gene-LOC142981106,ko:K04455
gene-LOC142981106,ko:K09542
gene-LOC142981106,ko:K09543
gene-LOC142981106,ko:K09545
gene-LOC142981108,ko:K16772
gene-LOC142981114,ko:K01754
gene-LOC142981115,ko:K00477
gene-LOC142981124,ko:K01639
gene-LOC142981126,ko:K13278
gene-LOC142981130,ko:K09645
gene-LOC142981136,ko:K10408
gene-LOC142981142,ko:K18190
gene-LOC142981143,ko:K12505
gene-LOC142981145,ko:K01639
gene-LOC142981147,ko:K09645
gene-LOC142981148,ko:K09342
gene-LOC142981148,ko:K09343
gene-LOC142981148,ko:K09344
gene-LOC142981148,ko:K09345
gene-LOC142981157,ko:K09680
gene-LOC142981157,ko:K21915
gene-LOC142981157,ko:K21953
gene-LOC142981160,ko:K03098
gene-LOC142981163,ko:K20635
gene-LOC142981169,ko:K12864
gene-LOC142981176,ko:K04599
gene-LOC142981178,ko:K12298
gene-LOC142981179,ko:K04914
gene-LOC142981179,ko:K04919
gene-LOC142981179,ko:K04923
gene-LOC142981185,ko:K08077
gene-LOC142981187,ko:K07378
gene-LOC142981187,ko:K12298
gene-LOC142981188,ko:K14686
gene-LOC142981190,ko:K09228
gene-LOC142981207,ko:K01697
gene-LOC142981209,ko:K02138
gene-LOC142981210,ko:K01358
gene-LOC142981212,ko:K01490
gene-LOC142981213,ko:K03132
gene-LOC142981214,ko:K15212
gene-LOC142981218,ko:K19404
gene-LOC142981220,ko:K06095
gene-LOC142981221,ko:K04506
gene-LOC142981221,ko:K11153
gene-LOC142981221,ko:K11161
gene-LOC142981229,ko:K01697
gene-LOC142981230,ko:K01290
gene-LOC142981230,ko:K01298
gene-LOC142981235,ko:K14795
gene-LOC142981236,ko:K09680
gene-LOC142981243,ko:K00002
gene-LOC142981243,ko:K00011
gene-LOC142981246,ko:K15441
gene-LOC142981247,ko:K01697
gene-LOC142981256,ko:K03131
gene-LOC142981258,ko:K11584
gene-LOC142981262,ko:K08824
gene-LOC142981263,ko:K03424
gene-LOC142981265,ko:K12505
gene-LOC142981267,ko:K00665
gene-LOC142981269,ko:K01290
gene-LOC142981269,ko:K01298
gene-LOC142981270,ko:K00507
gene-LOC142981270,ko:K15331
gene-LOC142981271,ko:K01298
gene-LOC142981272,ko:K03098
gene-LOC142981273,ko:K01639
gene-LOC142981277,ko:K01754
gene-LOC142981278,ko:K01754
gene-LOC142981281,ko:K10250
gene-LOC142981282,ko:K09341
gene-LOC142981285,ko:K03440
gene-LOC142981286,ko:K03440
gene-LOC142981288,ko:K08471
gene-LOC142981289,ko:K01384
gene-LOC142981295,ko:K20673
gene-LOC142981302,ko:K12172
gene-LOC142981303,ko:K17343
gene-LOC142981304,ko:K17082
gene-LOC142981304,ko:K17083
gene-LOC142981305,ko:K10442
gene-LOC142981310,ko:K16546
gene-LOC142981315,ko:K22073
gene-LOC142981325,ko:K03940
gene-LOC142981331,ko:K14709
gene-LOC142981332,ko:K08508
gene-LOC142981332,ko:K18211
gene-LOC142981333,ko:K17906
gene-LOC142981334,ko:K20282
gene-LOC142981337,ko:K01490
gene-LOC142981343,ko:K21232
gene-LOC142981344,ko:K03440
gene-LOC142981347,ko:K03231
gene-LOC142981347,ko:K13199
gene-LOC142981366,ko:K00820
gene-LOC142981367,ko:K08471
gene-LOC142981372,ko:K20779
gene-LOC142981379,ko:K01411
gene-LOC142981380,ko:K09640
gene-LOC142981382,ko:K09640
gene-LOC142981383,ko:K09562
gene-LOC142981384,ko:K09640
gene-LOC142981389,ko:K00558
gene-LOC142981389,ko:K10609
gene-LOC142981396,ko:K14999
gene-LOC142981397,ko:K14999
gene-LOC142981398,ko:K16756
gene-LOC142981402,ko:K18728
gene-LOC142981403,ko:K03440
gene-LOC142981407,ko:K19306
gene-LOC142981409,ko:K00115
gene-LOC142981409,ko:K21270
gene-LOC142981410,ko:K21270
gene-LOC142981419,ko:K02265
gene-LOC142981421,ko:K15362
gene-LOC142981422,ko:K09228
gene-LOC142981423,ko:K08752
gene-LOC142981423,ko:K08753
gene-LOC142981423,ko:K08754
gene-LOC142981423,ko:K08756
gene-LOC142981423,ko:K17289
gene-LOC142981428,ko:K01201
gene-LOC142981429,ko:K03098
gene-LOC142981433,ko:K01446
gene-LOC142981435,ko:K01446
gene-LOC142981438,ko:K10176
gene-LOC142981438,ko:K10177
gene-LOC142981438,ko:K17509
gene-LOC142981444,ko:K05648
gene-LOC142981448,ko:K00289
gene-LOC142981452,ko:K11414
gene-LOC142981458,ko:K15306
gene-LOC142981463,ko:K14453
gene-LOC142981463,ko:K14700
gene-LOC142981463,ko:K14701
gene-LOC142981463,ko:K14702
gene-LOC142981463,ko:K14703
gene-LOC142981463,ko:K14704
gene-LOC142981463,ko:K14707
gene-LOC142981463,ko:K17341
gene-LOC142981465,ko:K17981
gene-LOC142981468,ko:K00871
gene-LOC142981468,ko:K09115
gene-LOC142981472,ko:K00939
gene-LOC142981472,ko:K00944
gene-LOC142981474,ko:K06883
gene-LOC142981480,ko:K14794
gene-LOC142981491,ko:K03951
gene-LOC142981496,ko:K16308
gene-LOC142981499,ko:K14615
gene-LOC142981504,ko:K00115
gene-LOC142981504,ko:K21270
gene-LOC142981505,ko:K14999
gene-LOC142981510,ko:K14822
gene-LOC142981517,ko:K16056
gene-LOC142981518,ko:K10801
gene-LOC142981521,ko:K10575
gene-LOC142981521,ko:K20129
gene-LOC142981522,ko:K19919
gene-LOC142981523,ko:K17807
gene-LOC142981523,ko:K21121
gene-LOC142981526,ko:K00416
gene-LOC142981527,ko:K04506
gene-LOC142981532,ko:K17790
gene-LOC142981536,ko:K08750
gene-LOC142981536,ko:K08752
gene-LOC142981537,ko:K04710
gene-LOC142981541,ko:K17807
gene-LOC142981541,ko:K21121
gene-LOC142981543,ko:K00665
gene-LOC142981546,ko:K09640
gene-LOC142981548,ko:K11313
gene-LOC142981551,ko:K01488
gene-LOC142981551,ko:K19572
gene-LOC142981552,ko:K20007
gene-LOC142981556,ko:K16773
gene-LOC142981557,ko:K00115
gene-LOC142981557,ko:K21270
gene-LOC142981559,ko:K00908
gene-LOC142981559,ko:K05215
gene-LOC142981559,ko:K07359
gene-LOC142981562,ko:K08750
gene-LOC142981562,ko:K08752
gene-LOC142981564,ko:K00108
gene-LOC142981564,ko:K00115
gene-LOC142981564,ko:K10724
gene-LOC142981564,ko:K21270
gene-LOC142981565,ko:K14860
gene-LOC142981566,ko:K14999
gene-LOC142981566,ko:K15003
gene-LOC142981573,ko:K06269
gene-LOC142981574,ko:K04794
gene-LOC142981574,ko:K18177
gene-LOC142981578,ko:K00115
gene-LOC142981578,ko:K21270
gene-LOC142981580,ko:K00115
gene-LOC142981580,ko:K21270
gene-LOC142981582,ko:K01372
gene-LOC142981587,ko:K10418
gene-LOC142981588,ko:K15001
gene-LOC142981592,ko:K14821
gene-LOC142981593,ko:K11405
gene-LOC142981595,ko:K08752
gene-LOC142981595,ko:K08753
gene-LOC142981595,ko:K08754
gene-LOC142981595,ko:K08756
gene-LOC142981595,ko:K17289
gene-LOC142981597,ko:K19625
gene-LOC142981603,ko:K15890
gene-LOC142981610,ko:K16896
gene-LOC142981611,ko:K01298
gene-LOC142981613,ko:K13443
gene-LOC142981616,ko:K19496
gene-LOC142981616,ko:K20826
gene-LOC142981623,ko:K00469
gene-LOC142981626,ko:K01081
gene-LOC142981626,ko:K19970
gene-LOC142981627,ko:K13485
gene-LOC142981630,ko:K11318
gene-LOC142981631,ko:K00115
gene-LOC142981631,ko:K21270
gene-LOC142981634,ko:K09648
gene-LOC142981635,ko:K03019
gene-LOC142981640,ko:K09640
gene-LOC142981641,ko:K00115
gene-LOC142981641,ko:K21270
gene-LOC142981643,ko:K02183
gene-LOC142981648,ko:K01137
gene-LOC142981649,ko:K14999
gene-LOC142981652,ko:K06085
gene-LOC142981652,ko:K10769
gene-LOC142981655,ko:K10632
gene-LOC142981657,ko:K01052
gene-LOC142981659,ko:K09237
gene-LOC142981660,ko:K11153
gene-LOC142981661,ko:K04162
gene-LOC142981664,ko:K08752
gene-LOC142981664,ko:K08753
gene-LOC142981664,ko:K08754
gene-LOC142981664,ko:K08756
gene-LOC142981664,ko:K17289
gene-LOC142981666,ko:K01312
gene-LOC142981666,ko:K01316
gene-LOC142981666,ko:K09463
gene-LOC142981666,ko:K09614
gene-LOC142981666,ko:K09618
gene-LOC142981666,ko:K09621
gene-LOC142981666,ko:K09623
gene-LOC142981666,ko:K09640
gene-LOC142981666,ko:K17495
gene-LOC142981666,ko:K20676
gene-LOC142981672,ko:K01435
gene-LOC142981672,ko:K08069
gene-LOC142981678,ko:K13443
gene-LOC142981680,ko:K00665
gene-LOC142981681,ko:K00665
gene-LOC142981685,ko:K00665
gene-LOC142981688,ko:K09645
gene-LOC142981689,ko:K09645
gene-LOC142981693,ko:K01312
gene-LOC142981693,ko:K09640
gene-LOC142981695,ko:K17609
gene-LOC142981697,ko:K00232
gene-LOC142981697,ko:K05313
gene-LOC142981702,ko:K21847
gene-LOC142981702,ko:K21851
gene-LOC142981703,ko:K01081
gene-LOC142981703,ko:K19970
gene-LOC142981707,ko:K09391
gene-LOC142981711,ko:K01201
gene-LOC142981712,ko:K00115
gene-LOC142981712,ko:K21270
gene-LOC142981713,ko:K20359
gene-LOC142981719,ko:K01047
gene-LOC142981720,ko:K21270
gene-LOC142981727,ko:K04710
gene-LOC142981729,ko:K01488
gene-LOC142981729,ko:K19572
gene-LOC142981730,ko:K15340
gene-LOC142981731,ko:K19625
gene-LOC142981733,ko:K01488
gene-LOC142981733,ko:K19572
gene-LOC142981734,ko:K14999
gene-LOC142981735,ko:K09640
gene-LOC142981736,ko:K14999
gene-LOC142981744,ko:K14809
gene-LOC142981744,ko:K16833
gene-LOC142981745,ko:K08750
gene-LOC142981745,ko:K08752
gene-LOC142981748,ko:K08750
gene-LOC142981748,ko:K08752
gene-LOC142981749,ko:K01623
gene-LOC142981756,ko:K01897
gene-LOC142981767,ko:K00469
gene-LOC142981777,ko:K01081
gene-LOC142981777,ko:K19970
gene-LOC142981778,ko:K03283
gene-LOC142981781,ko:K01319
gene-LOC142981781,ko:K01353
gene-LOC142981781,ko:K09616
gene-LOC142981792,ko:K01424
gene-LOC142981792,ko:K13278
gene-LOC142981793,ko:K14999
gene-LOC142981793,ko:K15003
gene-LOC142981797,ko:K01488
gene-LOC142981797,ko:K19572
gene-LOC142981798,ko:K00108
gene-LOC142981798,ko:K00115
gene-LOC142981798,ko:K21270
gene-LOC142981799,ko:K09640
gene-LOC142981803,ko:K21270
gene-LOC142981804,ko:K13236
gene-LOC142981804,ko:K13237
gene-LOC142981809,ko:K10175
gene-LOC142981809,ko:K10181
gene-LOC142981810,ko:K10249
gene-LOC142981813,ko:K00682
gene-LOC142981815,ko:K08750
gene-LOC142981815,ko:K08752
gene-LOC142981818,ko:K16811
gene-LOC142981819,ko:K07850
gene-LOC142981819,ko:K07851
gene-LOC142981823,ko:K00115
gene-LOC142981823,ko:K21270
gene-LOC142981826,ko:K03283
gene-LOC142981828,ko:K13443
gene-LOC142981836,ko:K13675
gene-LOC142981839,ko:K12607
gene-LOC142981841,ko:K00002
gene-LOC142981841,ko:K00011
gene-LOC142981841,ko:K00555
gene-LOC142981846,ko:K21437
gene-LOC142981848,ko:K09228
gene-LOC142981849,ko:K09519
gene-LOC142981850,ko:K20210
gene-LOC142981856,ko:K15255
gene-LOC142981864,ko:K08471
gene-LOC142981865,ko:K08471
gene-LOC142981866,ko:K08471
gene-LOC142981867,ko:K08471
gene-LOC142981871,ko:K00665
gene-LOC142981872,ko:K00665
gene-LOC142981873,ko:K00665
gene-LOC142981874,ko:K00665
gene-LOC142981875,ko:K01044
gene-LOC142981876,ko:K01201
gene-LOC142981877,ko:K14999
gene-LOC142981878,ko:K14999
gene-LOC142981878,ko:K15003
gene-LOC142981879,ko:K14999
gene-LOC142981879,ko:K15003
gene-LOC142981880,ko:K13703
gene-LOC142981887,ko:K04710
gene-LOC142981888,ko:K14445
gene-LOC142981889,ko:K09640
gene-LOC142981890,ko:K14453
gene-LOC142981890,ko:K14700
gene-LOC142981890,ko:K14701
gene-LOC142981890,ko:K14702
gene-LOC142981890,ko:K14703
gene-LOC142981890,ko:K14704
gene-LOC142981890,ko:K14707
gene-LOC142981890,ko:K17341
gene-LOC142981892,ko:K15255
gene-LOC142981893,ko:K08750
gene-LOC142981893,ko:K08752
gene-LOC142981905,ko:K06767
gene-LOC142981921,ko:K00011
gene-LOC142981922,ko:K00011
gene-LOC142981926,ko:K20634
gene-LOC142981926,ko:K20636
gene-LOC142981926,ko:K20637
gene-LOC142981927,ko:K19332
gene-LOC142981930,ko:K05948
gene-LOC142981931,ko:K18082
gene-LOC142981936,ko:K12367
gene-LOC142981937,ko:K12367
gene-LOC142981938,ko:K12367
gene-LOC142981938,ko:K17439
gene-LOC142981939,ko:K12367
gene-LOC142981939,ko:K17439
gene-LOC142981944,ko:K01623
gene-LOC142981947,ko:K14445
gene-LOC142981956,ko:K13703
gene-LOC142981986,ko:K11135
gene-LOC142981989,ko:K17613
gene-LOC142981992,ko:K14570
gene-LOC142981996,ko:K20689
gene-LOC142981997,ko:K20028
gene-LOC142982002,ko:K01081
gene-LOC142982002,ko:K19970
gene-LOC142982003,ko:K00699
gene-LOC142982003,ko:K04628
gene-LOC142982004,ko:K00699
gene-LOC142982004,ko:K04628
gene-LOC142982007,ko:K16601
gene-LOC142982010,ko:K11649
gene-LOC142982012,ko:K01053
gene-LOC142982018,ko:K13617
gene-LOC142982021,ko:K11839
gene-LOC142982036,ko:K09579
gene-LOC142982051,ko:K09640
gene-LOC142982056,ko:K09625
gene-LOC142982058,ko:K01044
gene-LOC142982058,ko:K01049
gene-LOC142982058,ko:K03927
gene-LOC142982058,ko:K15743
gene-LOC142982063,ko:K01044
gene-LOC142982063,ko:K01049
gene-LOC142982063,ko:K03927
gene-LOC142982063,ko:K15743
gene-LOC142982065,ko:K00605
gene-LOC142982068,ko:K01044
gene-LOC142982068,ko:K01049
gene-LOC142982068,ko:K03927
gene-LOC142982068,ko:K15743
gene-LOC142982071,ko:K01044
gene-LOC142982071,ko:K01049
gene-LOC142982071,ko:K03927
gene-LOC142982071,ko:K15743
gene-LOC142982078,ko:K01044
gene-LOC142982078,ko:K01049
gene-LOC142982078,ko:K03927
gene-LOC142982078,ko:K15743
gene-LOC142982081,ko:K00799
gene-LOC142982082,ko:K00799
gene-LOC142982094,ko:K01312
gene-LOC142982095,ko:K01044
gene-LOC142982095,ko:K01049
gene-LOC142982095,ko:K03927
gene-LOC142982095,ko:K15743
gene-LOC142982098,ko:K08860
gene-LOC142982102,ko:K22255
gene-LOC142982103,ko:K06560
gene-LOC142982104,ko:K19403
gene-LOC142982107,ko:K11985
gene-LOC142982112,ko:K08202
gene-LOC142982112,ko:K08209
gene-LOC142982112,ko:K08210
gene-LOC142982116,ko:K01312
gene-LOC142982116,ko:K09640
gene-LOC142982117,ko:K01580
gene-LOC142982117,ko:K01594
gene-LOC142982117,ko:K18966
gene-LOC142982120,ko:K01312
gene-LOC142982120,ko:K09640
gene-LOC142982121,ko:K15107
gene-LOC142982122,ko:K08145
gene-LOC142982124,ko:K21777
gene-LOC142982131,ko:K10755
gene-LOC142982140,ko:K12323
gene-LOC142982141,ko:K18084
gene-LOC142982144,ko:K17623
gene-LOC142982145,ko:K17623
gene-LOC142982151,ko:K08683
gene-LOC142982160,ko:K08510
gene-LOC142982160,ko:K13504
gene-LOC142982166,ko:K16809
gene-LOC142982167,ko:K00699
gene-LOC142982167,ko:K04628
gene-LOC142982168,ko:K00699
gene-LOC142982168,ko:K04628
gene-LOC142982169,ko:K00699
gene-LOC142982169,ko:K04628
gene-LOC142982170,ko:K00699
gene-LOC142982170,ko:K04628
gene-LOC142982174,ko:K08510
gene-LOC142982174,ko:K13504
gene-LOC142982175,ko:K07763
gene-LOC142982175,ko:K08024
gene-LOC142982178,ko:K03469
gene-LOC142982182,ko:K10420
gene-LOC142982193,ko:K03469
gene-LOC142982195,ko:K01832
gene-LOC142982195,ko:K07424
gene-LOC142982195,ko:K14999
gene-LOC142982195,ko:K17689
gene-LOC142982195,ko:K17690
gene-LOC142982195,ko:K17691
gene-LOC142982195,ko:K17692
gene-LOC142982195,ko:K17860
gene-LOC142982197,ko:K21486
gene-LOC142982207,ko:K08471
gene-LOC142982211,ko:K11583
gene-LOC142982223,ko:K18732
gene-LOC142982227,ko:K01363
gene-LOC142982236,ko:K19613
gene-LOC142982237,ko:K17043
gene-LOC142982237,ko:K21869
gene-LOC142982242,ko:K00615
gene-LOC142982243,ko:K06236
gene-LOC142982243,ko:K06237
gene-LOC142982243,ko:K19720
gene-LOC142982258,ko:K05360
gene-LOC142982265,ko:K02219
gene-LOC142982269,ko:K01312
gene-LOC142982271,ko:K01312
gene-LOC142982279,ko:K20316
gene-LOC142982280,ko:K19197
gene-LOC142982280,ko:K19198
gene-LOC142982287,ko:K01312
gene-LOC142982290,ko:K00605
gene-LOC142982291,ko:K18172
gene-LOC142982298,ko:K03992
gene-LOC142982298,ko:K03993
gene-LOC142982300,ko:K01487
gene-LOC142982300,ko:K11265
gene-LOC142982307,ko:K01487
gene-LOC142982307,ko:K11265
gene-LOC142982311,ko:K01908
gene-LOC142982312,ko:K11876
gene-LOC142982314,ko:K16806
gene-LOC142982325,ko:K10435
gene-LOC142982327,ko:K08145
gene-LOC142982328,ko:K06201
gene-LOC142982329,ko:K11153
gene-LOC142982329,ko:K11161
gene-LOC142982334,ko:K10870
gene-LOC142982338,ko:K17784
gene-LOC142982347,ko:K09569
gene-LOC142982348,ko:K08471
gene-LOC142982350,ko:K01340
gene-LOC142982350,ko:K09633
gene-LOC142982352,ko:K01312
gene-LOC142982352,ko:K01316
gene-LOC142982352,ko:K09614
gene-LOC142982352,ko:K09625
gene-LOC142982352,ko:K09626
gene-LOC142982352,ko:K09628
gene-LOC142982352,ko:K09629
gene-LOC142982352,ko:K09630
gene-LOC142982352,ko:K09640
gene-LOC142982354,ko:K11153
gene-LOC142982354,ko:K11161
gene-LOC142982354,ko:K11168
gene-LOC142982356,ko:K02265
gene-LOC142982361,ko:K11153
gene-LOC142982361,ko:K11161
gene-LOC142982361,ko:K11168
gene-LOC142982365,ko:K00699
gene-LOC142982365,ko:K04628
gene-LOC142982366,ko:K00699
gene-LOC142982366,ko:K04628
gene-LOC142982367,ko:K00699
gene-LOC142982367,ko:K04628
gene-LOC142982368,ko:K00699
gene-LOC142982368,ko:K04628
gene-LOC142982374,ko:K11433
gene-LOC142982377,ko:K22255
gene-LOC142982379,ko:K14075
gene-LOC142982380,ko:K08202
gene-LOC142982380,ko:K08209
gene-LOC142982380,ko:K08210
gene-LOC142982384,ko:K09636
gene-LOC142982389,ko:K14840
gene-LOC142982398,ko:K14816
gene-LOC142982409,ko:K16312
gene-LOC142982413,ko:K22255
gene-LOC142982414,ko:K22255
gene-LOC142982419,ko:K16365
gene-LOC142982425,ko:K22139
gene-LOC142982427,ko:K00699
gene-LOC142982427,ko:K04628
gene-LOC142982428,ko:K00699
gene-LOC142982428,ko:K04628
gene-LOC142982435,ko:K01080
gene-LOC142982435,ko:K01899
gene-LOC142982437,ko:K10635
gene-LOC142982437,ko:K17821
gene-LOC142982438,ko:K10262
gene-LOC142982451,ko:K20283
gene-LOC142982492,ko:K06107
gene-LOC142982493,ko:K05673
gene-LOC142982496,ko:K00993
gene-LOC142982499,ko:K15730
gene-LOC142982507,ko:K07375
gene-LOC142982508,ko:K13421
gene-LOC142982509,ko:K05673
gene-LOC142982516,ko:K05673
gene-LOC142982519,ko:K08469
gene-LOC142982520,ko:K04905
gene-LOC142982520,ko:K04909
gene-LOC142982520,ko:K04910
gene-LOC142982523,ko:K17654
gene-LOC142982529,ko:K01469
gene-LOC142982530,ko:K11583
gene-LOC142982531,ko:K01312
gene-LOC142982533,ko:K01081
gene-LOC142982533,ko:K19970
gene-LOC142982538,ko:K10532
gene-LOC142982543,ko:K20210
gene-LOC142982544,ko:K05048
gene-LOC142982544,ko:K05334
gene-LOC142982545,ko:K01049
gene-LOC142982552,ko:K12486
gene-LOC142982553,ko:K10419
gene-LOC142982564,ko:K09568
gene-LOC142982566,ko:K21797
gene-LOC142982567,ko:K21797
gene-LOC142982568,ko:K15683
gene-LOC142982570,ko:K02263
gene-LOC142982571,ko:K05035
gene-LOC142982571,ko:K05036
gene-LOC142982572,ko:K10419
gene-LOC142982574,ko:K13198
gene-LOC142982574,ko:K14942
gene-LOC142982574,ko:K17843
gene-LOC142982578,ko:K19484
gene-LOC142982578,ko:K19486
gene-LOC142982584,ko:K21442
gene-LOC142982585,ko:K01047
gene-LOC142982586,ko:K04506
gene-LOC142982586,ko:K11153
gene-LOC142982586,ko:K11161
gene-LOC142982590,ko:K20818
gene-LOC142982591,ko:K13960
gene-LOC142982593,ko:K01229
gene-LOC142982593,ko:K05350
gene-LOC142982597,ko:K00993
gene-LOC142982600,ko:K00079
gene-LOC142982607,ko:K15208
gene-LOC142982608,ko:K04675
gene-LOC142982609,ko:K07847
gene-LOC142982610,ko:K03514
gene-LOC142982614,ko:K08066
gene-LOC142982615,ko:K08145
gene-LOC142982616,ko:K08139
gene-LOC142982616,ko:K08145
gene-LOC142982616,ko:K14258
gene-LOC142982619,ko:K13123
gene-LOC142982627,ko:K08145
gene-LOC142982631,ko:K01278
gene-LOC142982638,ko:K08145
gene-LOC142982639,ko:K12169
gene-LOC142982640,ko:K02731
gene-LOC142982641,ko:K08145
gene-LOC142982642,ko:K08145
gene-LOC142982649,ko:K08139
gene-LOC142982649,ko:K08145
gene-LOC142982649,ko:K14258
gene-LOC142982650,ko:K01312
gene-LOC142982653,ko:K16759
gene-LOC142982657,ko:K14689
gene-LOC142982663,ko:K14790
gene-LOC142982670,ko:K17046
gene-LOC142982674,ko:K00739
gene-LOC142982674,ko:K03766
gene-LOC142982674,ko:K07819
gene-LOC142982674,ko:K07970
gene-LOC142982675,ko:K12587
gene-LOC142982683,ko:K21442
gene-LOC142982684,ko:K01052
gene-LOC142982685,ko:K08471
gene-LOC142982685,ko:K16458
gene-LOC142982686,ko:K07847
gene-LOC142982690,ko:K01229
gene-LOC142982690,ko:K05350
gene-LOC142982691,ko:K01229
gene-LOC142982691,ko:K05350
gene-LOC142982692,ko:K01229
gene-LOC142982692,ko:K05350
gene-LOC142982693,ko:K01229
gene-LOC142982693,ko:K05350
gene-LOC142982694,ko:K01229
gene-LOC142982694,ko:K05350
gene-LOC142982695,ko:K01229
gene-LOC142982695,ko:K05350
gene-LOC142982696,ko:K01229
gene-LOC142982696,ko:K05350
gene-LOC142982697,ko:K01229
gene-LOC142982697,ko:K05350
gene-LOC142982698,ko:K01229
gene-LOC142982698,ko:K05350
gene-LOC142982700,ko:K03935
gene-LOC142982703,ko:K19404
gene-LOC142982704,ko:K06639
gene-LOC142982709,ko:K03965
gene-LOC142982710,ko:K14165
gene-LOC142982711,ko:K06693
gene-LOC142982713,ko:K14726
gene-LOC142982717,ko:K01044
gene-LOC142982717,ko:K01049
gene-LOC142982717,ko:K01050
gene-LOC142982717,ko:K03927
gene-LOC142982717,ko:K15743
gene-LOC142982720,ko:K05181
gene-LOC142982723,ko:K20478
gene-LOC142982725,ko:K15111
gene-LOC142982726,ko:K15111
gene-LOC142982731,ko:K10790
gene-LOC142982731,ko:K10791
gene-LOC142982736,ko:K21442
gene-LOC142982738,ko:K15168
gene-LOC142982743,ko:K09545
gene-LOC142982745,ko:K03006
gene-LOC142982745,ko:K16250
gene-LOC142982745,ko:K16251
gene-LOC142982748,ko:K08202
gene-LOC142982752,ko:K20188
gene-LOC142982758,ko:K14805
gene-LOC142982760,ko:K20309
gene-LOC142982762,ko:K01229
gene-LOC142982762,ko:K05350
gene-LOC142982763,ko:K01229
gene-LOC142982763,ko:K05350
gene-LOC142982770,ko:K02265
gene-LOC142982771,ko:K01365
gene-LOC142982773,ko:K09326
gene-LOC142982774,ko:K10419
gene-LOC142982781,ko:K20463
gene-LOC142982784,ko:K01229
gene-LOC142982784,ko:K05350
gene-LOC142982785,ko:K01229
gene-LOC142982785,ko:K05350
gene-LOC142982786,ko:K01229
gene-LOC142982786,ko:K05350
gene-LOC142982787,ko:K01229
gene-LOC142982787,ko:K05350
gene-LOC142982788,ko:K01229
gene-LOC142982788,ko:K05350
gene-LOC142982790,ko:K21442
gene-LOC142982794,ko:K08145
gene-LOC142982796,ko:K08145
gene-LOC142982806,ko:K08145
gene-LOC142982807,ko:K18078
gene-LOC142982809,ko:K04675
gene-LOC142982809,ko:K13578
gene-LOC142982812,ko:K01052
gene-LOC142982820,ko:K18161
gene-LOC142982828,ko:K02263
gene-LOC142982832,ko:K01312
gene-LOC142982832,ko:K01362
gene-LOC142982832,ko:K09640
gene-LOC142982833,ko:K01312
gene-LOC142982833,ko:K01362
gene-LOC142982833,ko:K09640
gene-LOC142982840,ko:K01312
gene-LOC142982840,ko:K01362
gene-LOC142982840,ko:K09640
gene-LOC142982842,ko:K19363
gene-LOC142982843,ko:K14165
gene-LOC142982844,ko:K08145
gene-LOC142982849,ko:K14942
gene-LOC142982849,ko:K17843
gene-LOC142982862,ko:K08137
gene-LOC142982863,ko:K06107
gene-LOC142982867,ko:K19363
gene-LOC142982870,ko:K08131
gene-LOC142982876,ko:K08145
gene-LOC142982881,ko:K10419
gene-LOC142982888,ko:K01312
gene-LOC142982888,ko:K01362
gene-LOC142982888,ko:K09640
gene-LOC142982889,ko:K08145
gene-LOC142982892,ko:K14075
gene-LOC142982894,ko:K01070
gene-LOC142982899,ko:K21442
gene-LOC142982901,ko:K13348
gene-LOC142982905,ko:K08145
gene-LOC142982912,ko:K08145
gene-LOC142982915,ko:K20301
gene-LOC142982918,ko:K06695
gene-LOC142982920,ko:K21442
gene-LOC142982921,ko:K01596
gene-LOC142982922,ko:K11271
gene-LOC142982923,ko:K19511
gene-LOC142982926,ko:K21456
gene-LOC142982929,ko:K11424
gene-LOC142982930,ko:K07375
gene-LOC142982931,ko:K22255
gene-LOC142982932,ko:K01581
gene-LOC142982935,ko:K04632
gene-LOC142982935,ko:K04633
gene-LOC142982942,ko:K17609
gene-LOC142982948,ko:K00364
gene-LOC142982962,ko:K06095
gene-LOC142982962,ko:K13804
gene-LOC142982964,ko:K00757
gene-LOC142982965,ko:K13711
gene-LOC142982966,ko:K13208
gene-LOC142982967,ko:K08155
gene-LOC142982969,ko:K08471
gene-LOC142982972,ko:K06767
gene-LOC142982972,ko:K06768
gene-LOC142982975,ko:K01312
gene-LOC142982975,ko:K09640
gene-LOC142982982,ko:K00699
gene-LOC142982983,ko:K00699
gene-LOC142982984,ko:K00699
gene-LOC142982985,ko:K00699
gene-LOC142982986,ko:K08873
gene-LOC142982986,ko:K12852
gene-LOC142982986,ko:K12853
gene-LOC142982987,ko:K00507
gene-LOC142982987,ko:K06227
gene-LOC142982989,ko:K09420
gene-LOC142982989,ko:K09421
gene-LOC142982989,ko:K21769
gene-LOC142982993,ko:K10310
gene-LOC142982994,ko:K06890
gene-LOC142982996,ko:K08471
gene-LOC142982997,ko:K08471
gene-LOC142982998,ko:K08471
gene-LOC142982999,ko:K08471
gene-LOC142983001,ko:K04525
gene-LOC142983001,ko:K13963
gene-LOC142983002,ko:K04525
gene-LOC142983002,ko:K13963
gene-LOC142983003,ko:K00825
gene-LOC142983004,ko:K01253
gene-LOC142983004,ko:K10719
gene-LOC142983005,ko:K01253
gene-LOC142983005,ko:K10719
gene-LOC142983006,ko:K01253
gene-LOC142983006,ko:K10719
gene-LOC142983007,ko:K01253
gene-LOC142983007,ko:K10719
gene-LOC142983012,ko:K18631
gene-LOC142983013,ko:K18631
gene-LOC142983020,ko:K20673
gene-LOC142983021,ko:K20673
gene-LOC142983026,ko:K18668
gene-LOC142983029,ko:K10310
gene-LOC142983030,ko:K01185
gene-LOC142983032,ko:K00699
gene-LOC142983033,ko:K00699
gene-LOC142983034,ko:K00699
gene-LOC142983040,ko:K05546
gene-LOC142983040,ko:K12317
gene-LOC142983044,ko:K14966
gene-LOC142983045,ko:K10524
gene-LOC142983046,ko:K08331
gene-LOC142983050,ko:K08471
gene-LOC142983051,ko:K09420
gene-LOC142983051,ko:K09421
gene-LOC142983051,ko:K21769
gene-LOC142983053,ko:K18631
gene-LOC142983055,ko:K21270
gene-LOC142983056,ko:K21270
gene-LOC142983063,ko:K02136
gene-LOC142983070,ko:K15361
gene-LOC142983074,ko:K00699
gene-LOC142983074,ko:K04628
gene-LOC142983075,ko:K00699
gene-LOC142983086,ko:K01204
gene-LOC142983087,ko:K06497
gene-LOC142983096,ko:K06767
gene-LOC142983096,ko:K06768
gene-LOC142983104,ko:K01044
gene-LOC142983104,ko:K01049
gene-LOC142983104,ko:K03927
gene-LOC142983105,ko:K01044
gene-LOC142983105,ko:K01049
gene-LOC142983105,ko:K01050
gene-LOC142983105,ko:K03927
gene-LOC142983105,ko:K15743
gene-LOC142983106,ko:K09332
gene-LOC142983107,ko:K10904
gene-LOC142983109,ko:K09068
gene-LOC142983109,ko:K15604
gene-LOC142983112,ko:K01446
gene-LOC142983115,ko:K04950
gene-LOC142983121,ko:K18201
gene-LOC142983124,ko:K00477
gene-LOC142983127,ko:K21270
gene-LOC142983128,ko:K21270
gene-LOC142983131,ko:K20839
gene-LOC142983135,ko:K01185
gene-LOC142983140,ko:K21270
gene-LOC142983141,ko:K17478
gene-LOC142983142,ko:K21270
gene-LOC142983143,ko:K07295
gene-LOC142983143,ko:K08546
gene-LOC142983148,ko:K14816
gene-LOC142983149,ko:K01373
gene-LOC142983150,ko:K01373
gene-LOC142983152,ko:K09640
gene-LOC142983153,ko:K01253
gene-LOC142983153,ko:K10719
gene-LOC142983155,ko:K01044
gene-LOC142983155,ko:K01049
gene-LOC142983155,ko:K03927
gene-LOC142983158,ko:K01253
gene-LOC142983158,ko:K10719
gene-LOC142983159,ko:K08471
gene-LOC142983160,ko:K09640
gene-LOC142983161,ko:K00444
gene-LOC142983166,ko:K01044
gene-LOC142983166,ko:K01049
gene-LOC142983166,ko:K03927
gene-LOC142983173,ko:K06767
gene-LOC142983173,ko:K06768
gene-LOC142983175,ko:K01044
gene-LOC142983175,ko:K01049
gene-LOC142983175,ko:K03927
gene-LOC142983179,ko:K00699
gene-LOC142983180,ko:K16072
gene-LOC142983180,ko:K19878
gene-LOC142983184,ko:K01253
gene-LOC142983184,ko:K10719
gene-LOC142983185,ko:K12737
gene-LOC142983186,ko:K08069
gene-LOC142983187,ko:K10641
gene-LOC142983189,ko:K12625
gene-LOC142983191,ko:K07369
gene-LOC142983194,ko:K01253
gene-LOC142983194,ko:K05361
gene-LOC142983194,ko:K10719
gene-LOC142983197,ko:K01197
gene-LOC142983205,ko:K00477
gene-LOC142983208,ko:K13185
gene-LOC142983211,ko:K20673
gene-LOC142983215,ko:K01253
gene-LOC142983215,ko:K10719
gene-LOC142983219,ko:K21270
gene-LOC142983220,ko:K02358
gene-LOC142983221,ko:K01183
gene-LOC142983222,ko:K00699
gene-LOC142983222,ko:K04628
gene-LOC142983226,ko:K17656
gene-LOC142983227,ko:K10443
gene-LOC142983229,ko:K15324
gene-LOC142983233,ko:K01253
gene-LOC142983233,ko:K10719
gene-LOC142983234,ko:K05330
gene-LOC142983239,ko:K05330
gene-LOC142983239,ko:K15276
gene-LOC142983249,ko:K01253
gene-LOC142983249,ko:K10719
gene-LOC142983252,ko:K07819
gene-LOC142983252,ko:K07820
gene-LOC142983258,ko:K16815
gene-LOC142983263,ko:K13094
gene-LOC142983264,ko:K05689
gene-LOC142983264,ko:K07127
gene-LOC142983267,ko:K13868
gene-LOC142983273,ko:K00182
gene-LOC142983273,ko:K00408
gene-LOC142983273,ko:K00444
gene-LOC142983273,ko:K00572
gene-LOC142983327,ko:K08805
gene-LOC142983375,ko:K01412
gene-LOC142983383,ko:K11140
gene-LOC142983385,ko:K08145
gene-LOC142983386,ko:K08145
gene-LOC142983390,ko:K03662
gene-LOC142983394,ko:K17785
gene-LOC142983395,ko:K07427
gene-LOC142983395,ko:K15001
gene-LOC142983395,ko:K15007
gene-LOC142983397,ko:K15001
gene-LOC142983399,ko:K07427
gene-LOC142983399,ko:K15001
gene-LOC142983399,ko:K15007
gene-LOC142983400,ko:K07427
gene-LOC142983400,ko:K15001
gene-LOC142983400,ko:K15007
gene-LOC142983401,ko:K07427
gene-LOC142983401,ko:K15001
gene-LOC142983401,ko:K15007
gene-LOC142983403,ko:K14315
gene-LOC142983408,ko:K07427
gene-LOC142983411,ko:K00733
gene-LOC142983415,ko:K14315
gene-LOC142983419,ko:K13348
gene-LOC142983419,ko:K13349
gene-LOC142983420,ko:K17582
gene-LOC142983424,ko:K08145
gene-LOC142983425,ko:K08145
gene-LOC142983426,ko:K08145
gene-LOC142983427,ko:K08145
gene-LOC142983428,ko:K08145
gene-LOC142983431,ko:K14766
gene-LOC142983432,ko:K14999
gene-LOC142983433,ko:K05323
gene-LOC142983433,ko:K20007
gene-LOC142983435,ko:K13763
gene-LOC142983437,ko:K07371
gene-LOC142983439,ko:K11529
gene-LOC142983442,ko:K07117
gene-LOC142983442,ko:K11424
gene-LOC142983442,ko:K11425
gene-LOC142983442,ko:K15588
gene-LOC142983444,ko:K17603
gene-LOC142983448,ko:K17785
gene-LOC142983450,ko:K11140
gene-LOC142983452,ko:K00235
gene-LOC142983454,ko:K11278
gene-LOC142983457,ko:K07944
gene-LOC142983457,ko:K11278
gene-LOC142983461,ko:K15255
gene-LOC142983464,ko:K08145
gene-LOC142983470,ko:K14343
gene-LOC142983471,ko:K01255
gene-LOC142983477,ko:K06997
gene-LOC142983479,ko:K14837
gene-LOC142983482,ko:K16546
gene-LOC142983483,ko:K14837
gene-LOC142983484,ko:K20696
gene-LOC142983485,ko:K20696
gene-LOC142983486,ko:K20696
gene-LOC142983499,ko:K10660
gene-LOC142983503,ko:K08145
gene-LOC142983506,ko:K10419
gene-LOC142983507,ko:K06721
gene-LOC142983508,ko:K08471
gene-LOC142983509,ko:K00799
gene-LOC142983514,ko:K14459
gene-LOC142983516,ko:K13023
gene-LOC142983518,ko:K06721
gene-LOC142983519,ko:K06721
gene-LOC142983520,ko:K06835
gene-LOC142983522,ko:K13509
gene-LOC142983524,ko:K11140
gene-LOC142983526,ko:K04163
gene-LOC142983526,ko:K04165
gene-LOC142983531,ko:K01229
gene-LOC142983531,ko:K05350
gene-LOC142983547,ko:K09214
gene-LOC142983552,ko:K17346
gene-LOC142983554,ko:K04142
gene-LOC142983554,ko:K04144
gene-LOC142983554,ko:K04160
gene-LOC142983557,ko:K08871
gene-LOC142983557,ko:K11721
gene-LOC142983557,ko:K11722
gene-LOC142983557,ko:K11724
gene-LOC142983557,ko:K14568
gene-LOC142983558,ko:K10082
gene-LOC142983558,ko:K10083
gene-LOC142983572,ko:K01312
gene-LOC142983572,ko:K09640
gene-LOC142983576,ko:K04122
gene-LOC142983576,ko:K21719
gene-LOC142983577,ko:K01312
gene-LOC142983581,ko:K19385
gene-LOC142983583,ko:K02433
gene-LOC142983594,ko:K08664
gene-LOC142983594,ko:K09628
gene-LOC142983594,ko:K09630
gene-LOC142983595,ko:K15263
gene-LOC142983596,ko:K14686
gene-LOC142983600,ko:K01229
gene-LOC142983600,ko:K05350
gene-LOC142983602,ko:K13279
gene-LOC142983602,ko:K20011
gene-LOC142983603,ko:K01312
gene-LOC142983603,ko:K09640
gene-LOC142983605,ko:K20696
gene-LOC142983606,ko:K20696
gene-LOC142983607,ko:K20696
gene-LOC142983608,ko:K01229
gene-LOC142983608,ko:K05350
gene-LOC142983611,ko:K09317
gene-LOC142983612,ko:K04142
gene-LOC142983612,ko:K04144
gene-LOC142983612,ko:K04160
gene-LOC142983613,ko:K01229
gene-LOC142983613,ko:K05350
gene-LOC142983615,ko:K13752
gene-LOC142983615,ko:K13753
gene-LOC142983616,ko:K03456
gene-LOC142983621,ko:K08139
gene-LOC142983623,ko:K09343
gene-LOC142983623,ko:K09345
gene-LOC142983623,ko:K09352
gene-LOC142983623,ko:K09995
gene-LOC142983624,ko:K15001
gene-LOC142983633,ko:K09341
gene-LOC142983642,ko:K08597
gene-LOC142983642,ko:K14764
gene-LOC142983657,ko:K09341
gene-LOC142983659,ko:K06721
gene-LOC142983664,ko:K15399
gene-LOC142983664,ko:K21995
gene-LOC142983669,ko:K04008
gene-LOC142983671,ko:K15262
gene-LOC142983677,ko:K21270
gene-LOC142983680,ko:K21919
gene-LOC142983694,ko:K01229
gene-LOC142983694,ko:K05350
gene-LOC142983695,ko:K09353
gene-LOC142983697,ko:K07427
gene-LOC142983697,ko:K15001
gene-LOC142983697,ko:K15007
gene-LOC142983706,ko:K00416
gene-LOC142983708,ko:K01229
gene-LOC142983708,ko:K05350
gene-LOC142983711,ko:K00611
gene-LOC142983712,ko:K09995
gene-LOC142983722,ko:K06721
gene-LOC142983723,ko:K09349
gene-LOC142983728,ko:K11140
gene-LOC142983734,ko:K14561
gene-LOC142983735,ko:K03450
gene-LOC142983735,ko:K13780
gene-LOC142983735,ko:K13867
gene-LOC142983735,ko:K13872
gene-LOC142983737,ko:K14561
gene-LOC142983740,ko:K15113
gene-LOC142983760,ko:K12734
gene-LOC142983760,ko:K22190
gene-LOC142983761,ko:K10712
gene-LOC142983763,ko:K08145
gene-LOC142983778,ko:K19721
gene-LOC142983781,ko:K04851
gene-LOC142983782,ko:K21032
gene-LOC142983785,ko:K01020
gene-LOC142983785,ko:K04746
gene-LOC142983789,ko:K01432
gene-LOC142983791,ko:K08145
gene-LOC142983793,ko:K05700
gene-LOC142983795,ko:K10870
gene-LOC142983798,ko:K08114
gene-LOC142983798,ko:K16667
gene-LOC142983803,ko:K20813
gene-LOC142983807,ko:K08131
gene-LOC142983807,ko:K19721
gene-LOC142983817,ko:K00844
gene-LOC142983817,ko:K12407
gene-LOC142983818,ko:K17987
gene-LOC142983818,ko:K21997
gene-LOC142983819,ko:K04455
gene-LOC142983819,ko:K09542
gene-LOC142983819,ko:K09543
gene-LOC142983819,ko:K09545
gene-LOC142983820,ko:K04455
gene-LOC142983820,ko:K09542
gene-LOC142983820,ko:K09543
gene-LOC142983820,ko:K09545
gene-LOC142983824,ko:K02308
gene-LOC142983825,ko:K15122
gene-LOC142983831,ko:K15169
gene-LOC142983835,ko:K17307
gene-LOC142983840,ko:K08145
gene-LOC142983843,ko:K00079
gene-LOC142983848,ko:K08145
gene-LOC142983849,ko:K08145
gene-LOC142983850,ko:K04455
gene-LOC142983850,ko:K09542
gene-LOC142983850,ko:K09543
gene-LOC142983850,ko:K09545
gene-LOC142983852,ko:K11445
gene-LOC142983852,ko:K19414
gene-LOC142983852,ko:K19415
gene-LOC142983857,ko:K05397
gene-LOC142983859,ko:K09233
gene-LOC142983861,ko:K08145
gene-LOC142983864,ko:K08145
gene-LOC142983865,ko:K03283
gene-LOC142983868,ko:K15203
gene-LOC142983868,ko:K15210
gene-LOC142983869,ko:K05397
gene-LOC142983873,ko:K09640
gene-LOC142983874,ko:K08145
gene-LOC142983877,ko:K08145
gene-LOC142983878,ko:K08145
gene-LOC142983879,ko:K05397
gene-LOC142983882,ko:K09232
gene-LOC142983884,ko:K16288
gene-LOC142983885,ko:K04455
gene-LOC142983885,ko:K09542
gene-LOC142983885,ko:K09543
gene-LOC142983885,ko:K09545
gene-LOC142983886,ko:K10061
gene-LOC142983888,ko:K08471
gene-LOC142983892,ko:K08471
gene-LOC142983895,ko:K09452
gene-LOC142983896,ko:K01246
gene-LOC142983898,ko:K01312
gene-LOC142983898,ko:K09640
gene-LOC142983902,ko:K06271
gene-LOC142983905,ko:K05700
gene-LOC142983909,ko:K04914
gene-LOC142983909,ko:K04919
gene-LOC142983909,ko:K04923
gene-LOC142983910,ko:K10380
gene-LOC142983915,ko:K09427
gene-LOC142983916,ko:K04455
gene-LOC142983916,ko:K09542
gene-LOC142983916,ko:K09543
gene-LOC142983916,ko:K09545
gene-LOC142983918,ko:K01312
gene-LOC142983918,ko:K01324
gene-LOC142983918,ko:K08670
gene-LOC142983924,ko:K14559
gene-LOC142983925,ko:K00286
gene-LOC142983927,ko:K06184
gene-LOC142983930,ko:K14806
gene-LOC142983931,ko:K04455
gene-LOC142983931,ko:K09542
gene-LOC142983931,ko:K09543
gene-LOC142983931,ko:K09545
gene-LOC142983932,ko:K00079
gene-LOC142983933,ko:K10062
gene-LOC142983934,ko:K10061
gene-LOC142983935,ko:K08145
gene-LOC142983936,ko:K05643
gene-LOC142983936,ko:K10380
gene-LOC142983936,ko:K15503
gene-LOC142983937,ko:K01291
gene-LOC142983939,ko:K10411
gene-LOC142983941,ko:K01312
gene-LOC142983941,ko:K09640
gene-LOC142983941,ko:K17495
gene-LOC142983943,ko:K06721
gene-LOC142983944,ko:K07375
gene-LOC142983945,ko:K08145
gene-LOC142983946,ko:K06721
gene-LOC142983947,ko:K01311
gene-LOC142983947,ko:K01345
gene-LOC142983947,ko:K01346
gene-LOC142983947,ko:K20751
gene-LOC142983948,ko:K08778
gene-LOC142983948,ko:K13047
gene-LOC142983948,ko:K18542
gene-LOC142983948,ko:K18543
gene-LOC142983949,ko:K09360
gene-LOC142983950,ko:K08145
gene-LOC142983953,ko:K09541
gene-LOC142983953,ko:K09542
gene-LOC142983960,ko:K00079
gene-LOC142983961,ko:K09542
gene-LOC142983967,ko:K17277
gene-LOC142983968,ko:K13358
gene-LOC142983968,ko:K13365
gene-LOC142983974,ko:K10061
gene-LOC142983977,ko:K11518
gene-LOC142983979,ko:K06560
gene-LOC142983980,ko:K09828
gene-LOC142983982,ko:K08145
gene-LOC142983984,ko:K08145
gene-LOC142983985,ko:K01312
gene-LOC142983985,ko:K09640
gene-LOC142983988,ko:K08145
gene-LOC142983994,ko:K08471
gene-LOC142983995,ko:K08471
gene-LOC142983997,ko:K01052
gene-LOC142984003,ko:K09542
gene-LOC142984004,ko:K09542
gene-LOC142984005,ko:K04804
gene-LOC142984005,ko:K04806
gene-LOC142984005,ko:K04808
gene-LOC142984005,ko:K04813
gene-LOC142984005,ko:K04815
gene-LOC142984005,ko:K05312
gene-LOC142984006,ko:K01365
gene-LOC142984006,ko:K01371
gene-LOC142984011,ko:K08145
gene-LOC142984014,ko:K18809
gene-LOC142984019,ko:K14819
gene-LOC142984019,ko:K18042
gene-LOC142984023,ko:K01312
gene-LOC142984026,ko:K12792
gene-LOC142984026,ko:K14429
gene-LOC142984027,ko:K08145
gene-LOC142984028,ko:K08145
gene-LOC142984030,ko:K17307
gene-LOC142984031,ko:K06639
gene-LOC142984034,ko:K04851
gene-LOC142984049,ko:K18203
gene-LOC142984062,ko:K20730
gene-LOC142984071,ko:K14209
gene-LOC142984073,ko:K14209
gene-LOC142984076,ko:K00108
gene-LOC142984076,ko:K00115
gene-LOC142984076,ko:K10724
gene-LOC142984076,ko:K21270
gene-LOC142984077,ko:K00108
gene-LOC142984077,ko:K00115
gene-LOC142984077,ko:K10724
gene-LOC142984077,ko:K21270
gene-LOC142984078,ko:K17498
gene-LOC142984086,ko:K15717
gene-LOC142984090,ko:K12888
gene-LOC142984090,ko:K15047
gene-LOC142984090,ko:K15698
gene-LOC142984091,ko:K20057
gene-LOC142984096,ko:K17770
gene-LOC142984098,ko:K18466
gene-LOC142984099,ko:K05284
gene-LOC142984108,ko:K11647
gene-LOC142984116,ko:K00326
gene-LOC142984120,ko:K17542
gene-LOC142984123,ko:K05127
gene-LOC142984130,ko:K08816
gene-LOC142984133,ko:K15212
gene-LOC142984135,ko:K20803
gene-LOC142984141,ko:K10790
gene-LOC142984141,ko:K10791
gene-LOC142984152,ko:K13152
gene-LOC142984155,ko:K13106
gene-LOC142984158,ko:K12663
gene-LOC142984159,ko:K07124
gene-LOC142984164,ko:K07565
gene-LOC142984171,ko:K15255
gene-LOC142984172,ko:K14209
gene-LOC142984180,ko:K06497
gene-LOC142984182,ko:K15434
gene-LOC142984183,ko:K15615
gene-LOC142984183,ko:K19474
gene-LOC142984191,ko:K20727
gene-LOC142984199,ko:K09228
gene-LOC142984216,ko:K18741
gene-LOC142984216,ko:K18760
gene-LOC142984224,ko:K04445
gene-LOC142984224,ko:K16510
gene-LOC142984234,ko:K13106
gene-LOC142984242,ko:K13704
gene-LOC142984242,ko:K13705
gene-LOC142984246,ko:K14209
gene-LOC142984257,ko:K13117
gene-LOC142984261,ko:K12822
gene-LOC142984264,ko:K00115
gene-LOC142984264,ko:K21270
gene-LOC142984265,ko:K21270
gene-LOC142984270,ko:K20727
gene-LOC142984271,ko:K16488
gene-LOC142984275,ko:K14209
gene-LOC142984296,ko:K14209
gene-LOC142984303,ko:K11089
gene-LOC142984311,ko:K13456
gene-LOC142984312,ko:K14546
gene-LOC142984316,ko:K15614
gene-LOC142984316,ko:K19472
gene-LOC142984323,ko:K21988
gene-LOC142984328,ko:K07962
gene-LOC142984335,ko:K03006
gene-LOC142984352,ko:K00889
gene-LOC142984415,ko:K00002
gene-LOC142984415,ko:K00011
gene-LOC142984415,ko:K00555
gene-LOC142984422,ko:K18449
gene-LOC142984422,ko:K18450
gene-LOC142984431,ko:K17616
gene-LOC142984436,ko:K07819
gene-LOC142984444,ko:K01251
gene-LOC142984445,ko:K03909
gene-LOC142984452,ko:K06721
gene-LOC142984453,ko:K06560
gene-LOC142984458,ko:K14999
gene-LOC142984458,ko:K15003
gene-LOC142984466,ko:K14999
gene-LOC142984466,ko:K15003
gene-LOC142984474,ko:K06972
gene-LOC142984474,ko:K20175
gene-LOC142984477,ko:K15442
gene-LOC142984486,ko:K17776
gene-LOC142984488,ko:K00699
gene-LOC142984489,ko:K11251
gene-LOC142984491,ko:K09625
gene-LOC142984493,ko:K06258
gene-LOC142984495,ko:K00889
gene-LOC142984495,ko:K03029
gene-LOC142984504,ko:K19761
gene-LOC142984508,ko:K02435
gene-LOC142984508,ko:K15456
gene-LOC142984509,ko:K10268
gene-LOC142984514,ko:K08025
gene-LOC142984519,ko:K09321
gene-LOC142984520,ko:K17604
gene-LOC142984524,ko:K02503
gene-LOC142984527,ko:K11275
gene-LOC142984537,ko:K00011
gene-LOC142984546,ko:K01283
gene-LOC142984548,ko:K06721
gene-LOC142984555,ko:K09320
gene-LOC142984561,ko:K06563
gene-LOC142984561,ko:K17513
gene-LOC142984567,ko:K03952
gene-LOC142984572,ko:K00002
gene-LOC142984572,ko:K00011
gene-LOC142984572,ko:K00555
gene-LOC142984576,ko:K12737
gene-LOC142984578,ko:K11253
gene-LOC142984578,ko:K11275
gene-LOC142984598,ko:K00011
gene-LOC142984598,ko:K00555
gene-LOC142984599,ko:K19787
gene-LOC142984610,ko:K11536
gene-LOC142984613,ko:K01904
gene-LOC142984616,ko:K08532
gene-LOC142984616,ko:K08533
gene-LOC142984616,ko:K08701
gene-LOC142984616,ko:K14033
gene-LOC142984620,ko:K02272
gene-LOC142984621,ko:K02272
gene-LOC142984623,ko:K01283
gene-LOC142984624,ko:K01283
gene-LOC142984628,ko:K09640
gene-LOC142984629,ko:K12505
gene-LOC142984630,ko:K14789
gene-LOC142984641,ko:K07890
gene-LOC142984645,ko:K00710
gene-LOC142984646,ko:K14999
gene-LOC142984646,ko:K15003
gene-LOC142984670,ko:K04671
gene-LOC142984670,ko:K04672
gene-LOC142984680,ko:K00456
gene-LOC142984687,ko:K09319
gene-LOC142984719,ko:K12617
gene-LOC142984725,ko:K17267
gene-LOC142984734,ko:K12311
gene-LOC142984737,ko:K11162
gene-LOC142984738,ko:K13356
gene-LOC142984739,ko:K13356
gene-LOC142984743,ko:K09228
gene-LOC142984745,ko:K13356
gene-LOC142984746,ko:K19009
gene-LOC142984752,ko:K11298
gene-LOC142984759,ko:K21440
gene-LOC142984763,ko:K18162
gene-LOC142984766,ko:K08202
gene-LOC142984768,ko:K13370
gene-LOC142984769,ko:K17580
gene-LOC142984770,ko:K13356
gene-LOC142984771,ko:K13356
gene-LOC142984772,ko:K05673
gene-LOC142984774,ko:K16862
gene-LOC142984777,ko:K04439
gene-LOC142984779,ko:K03114
gene-LOC142984779,ko:K06632
gene-LOC142984783,ko:K20161
gene-LOC142984784,ko:K08873
gene-LOC142984784,ko:K12852
gene-LOC142984784,ko:K12853
gene-LOC142984785,ko:K15043
gene-LOC142984794,ko:K02503
gene-LOC142984803,ko:K12621
gene-LOC142984803,ko:K14998
gene-LOC142984806,ko:K07277
gene-LOC142984807,ko:K09008
gene-LOC142984811,ko:K01855
gene-LOC142984815,ko:K09205
gene-LOC142984815,ko:K09206
gene-LOC142984815,ko:K09207
gene-LOC142984815,ko:K09212
gene-LOC142984815,ko:K15605
gene-LOC142984819,ko:K21616
gene-LOC142984821,ko:K06497
gene-LOC142984823,ko:K13356
gene-LOC142984828,ko:K21435
gene-LOC142984833,ko:K09228
gene-LOC142984833,ko:K09229
gene-LOC142984833,ko:K20796
gene-LOC142984841,ko:K01052
gene-LOC142984843,ko:K13356
gene-LOC142984846,ko:K08775
gene-LOC142984848,ko:K08202
gene-LOC142984850,ko:K13356
gene-LOC142984851,ko:K13356
gene-LOC142984852,ko:K13356
gene-LOC142984853,ko:K05658
gene-LOC142984856,ko:K13356
gene-LOC142984860,ko:K19480
gene-LOC142984860,ko:K19496
gene-LOC142984860,ko:K19498
gene-LOC142984860,ko:K19499
gene-LOC142984862,ko:K13356
gene-LOC142984863,ko:K13356
gene-LOC142984864,ko:K13356
gene-LOC142984865,ko:K13356
gene-LOC142984866,ko:K13356
gene-LOC142984870,ko:K17623
gene-LOC142984874,ko:K13885
gene-LOC142984883,ko:K21762
gene-LOC142984883,ko:K21763
gene-LOC142984893,ko:K12185
gene-LOC142984908,ko:K13356
gene-LOC142984910,ko:K13356
gene-LOC142984911,ko:K13356
gene-LOC142984912,ko:K18808
gene-LOC142984913,ko:K05673
gene-LOC142984919,ko:K13356
gene-LOC142984924,ko:K13356
gene-LOC142984927,ko:K13356
gene-LOC142984928,ko:K13356
gene-LOC142984929,ko:K13356
gene-LOC142984930,ko:K13356
gene-LOC142984931,ko:K13356
gene-LOC142984933,ko:K11833
gene-LOC142984940,ko:K14156
gene-LOC142984941,ko:K17933
gene-LOC142984941,ko:K20647
gene-LOC142984942,ko:K13356
gene-LOC142984947,ko:K13356
gene-LOC142984948,ko:K13356
gene-LOC142984957,ko:K09228
gene-LOC142984959,ko:K09228
gene-LOC142984964,ko:K18622
gene-LOC142984967,ko:K09228
gene-LOC142984968,ko:K09228
gene-LOC142984972,ko:K08466
gene-LOC142984974,ko:K19179
gene-LOC142984975,ko:K10577
gene-LOC142984976,ko:K01126
gene-LOC142984976,ko:K19179
gene-LOC142984977,ko:K00699
gene-LOC142984977,ko:K06515
gene-LOC142984978,ko:K11253
gene-LOC142984978,ko:K11275
gene-LOC142984979,ko:K11251
gene-LOC142984980,ko:K11252
gene-LOC142984980,ko:K11275
gene-LOC142984981,ko:K11253
gene-LOC142984981,ko:K11275
gene-LOC142984982,ko:K11253
gene-LOC142984982,ko:K11254
gene-LOC142984983,ko:K11251
gene-LOC142984984,ko:K11252
gene-LOC142984984,ko:K11275
gene-LOC142984985,ko:K11253
gene-LOC142984985,ko:K11275
gene-LOC142984986,ko:K11253
gene-LOC142984986,ko:K11254
gene-LOC142984987,ko:K11251
gene-LOC142984988,ko:K11252
gene-LOC142984988,ko:K11275
gene-LOC142984989,ko:K11253
gene-LOC142984989,ko:K11275
gene-LOC142984991,ko:K11253
gene-LOC142984991,ko:K11254
gene-LOC142984992,ko:K11251
gene-LOC142984993,ko:K11252
gene-LOC142984993,ko:K11275
gene-LOC142984994,ko:K11253
gene-LOC142984994,ko:K11275
gene-LOC142984995,ko:K11253
gene-LOC142984995,ko:K11254
gene-LOC142984999,ko:K09228
gene-LOC142985002,ko:K06709
gene-LOC142985003,ko:K00507
gene-LOC142985003,ko:K15331
gene-LOC142985004,ko:K11797
gene-LOC142985004,ko:K11798
gene-LOC142985005,ko:K03992
gene-LOC142985005,ko:K19904
gene-LOC142985005,ko:K20674
gene-LOC142985006,ko:K00658
gene-LOC142985007,ko:K15278
gene-LOC142985010,ko:K09641
gene-LOC142985012,ko:K00507
gene-LOC142985012,ko:K15331
gene-LOC142985013,ko:K16302
gene-LOC142985014,ko:K15102
gene-LOC142985018,ko:K11253
gene-LOC142985018,ko:K11275
gene-LOC142985019,ko:K11253
gene-LOC142985019,ko:K11275
gene-LOC142985020,ko:K11253
gene-LOC142985020,ko:K11275
gene-LOC142985021,ko:K11253
gene-LOC142985021,ko:K11275
gene-LOC142985022,ko:K11253
gene-LOC142985022,ko:K11275
gene-LOC142985023,ko:K11253
gene-LOC142985023,ko:K11275
gene-LOC142985024,ko:K11253
gene-LOC142985024,ko:K11275
gene-LOC142985025,ko:K11253
gene-LOC142985025,ko:K11275
gene-LOC142985026,ko:K11253
gene-LOC142985026,ko:K11275
gene-LOC142985027,ko:K11253
gene-LOC142985027,ko:K11275
gene-LOC142985028,ko:K11253
gene-LOC142985028,ko:K11275
gene-LOC142985029,ko:K11253
gene-LOC142985029,ko:K11275
gene-LOC142985030,ko:K11253
gene-LOC142985030,ko:K11275
gene-LOC142985031,ko:K11251
gene-LOC142985032,ko:K11251
gene-LOC142985033,ko:K11251
gene-LOC142985034,ko:K11252
gene-LOC142985034,ko:K11275
gene-LOC142985035,ko:K11252
gene-LOC142985035,ko:K11275
gene-LOC142985036,ko:K11252
gene-LOC142985036,ko:K11275
gene-LOC142985037,ko:K11251
gene-LOC142985038,ko:K11251
gene-LOC142985039,ko:K11251
gene-LOC142985040,ko:K11252
gene-LOC142985040,ko:K11275
gene-LOC142985041,ko:K11252
gene-LOC142985041,ko:K11275
gene-LOC142985042,ko:K11252
gene-LOC142985042,ko:K11275
gene-LOC142985043,ko:K11253
gene-LOC142985043,ko:K11254
gene-LOC142985044,ko:K11253
gene-LOC142985044,ko:K11254
gene-LOC142985045,ko:K11253
gene-LOC142985045,ko:K11254
gene-LOC142985046,ko:K11253
gene-LOC142985046,ko:K11254
gene-LOC142985047,ko:K11253
gene-LOC142985047,ko:K11254
gene-LOC142985048,ko:K11253
gene-LOC142985048,ko:K11254
gene-LOC142985049,ko:K11253
gene-LOC142985049,ko:K11254
gene-LOC142985050,ko:K11253
gene-LOC142985050,ko:K11254
gene-LOC142985054,ko:K11253
gene-LOC142985054,ko:K11275
gene-LOC142985055,ko:K11253
gene-LOC142985055,ko:K11275
gene-LOC142985056,ko:K11251
gene-LOC142985057,ko:K11252
gene-LOC142985057,ko:K11275
gene-LOC142985058,ko:K11253
gene-LOC142985058,ko:K11254
gene-LOC142985061,ko:K08655
gene-LOC142985061,ko:K08656
gene-LOC142985062,ko:K00699
gene-LOC142985064,ko:K11253
gene-LOC142985064,ko:K11275
gene-LOC142985065,ko:K11253
gene-LOC142985065,ko:K11275
gene-LOC142985066,ko:K11251
gene-LOC142985067,ko:K11252
gene-LOC142985067,ko:K11275
gene-LOC142985068,ko:K11253
gene-LOC142985068,ko:K11254
gene-LOC142985069,ko:K09228
gene-LOC142985073,ko:K04135
gene-LOC142985073,ko:K04136
gene-LOC142985073,ko:K04137
gene-LOC142985073,ko:K04153
gene-LOC142985075,ko:K15053
gene-LOC142985076,ko:K09228
gene-LOC142985078,ko:K09228
gene-LOC142985081,ko:K14411
gene-LOC142985086,ko:K16302
gene-LOC142985089,ko:K11251
gene-LOC142985094,ko:K14825
gene-LOC142985104,ko:K03113
gene-LOC142985104,ko:K12367
gene-LOC142985104,ko:K17439
gene-LOC142985106,ko:K01362
gene-LOC142985106,ko:K20111
gene-LOC142985107,ko:K11253
gene-LOC142985107,ko:K11275
gene-LOC142985108,ko:K09228
gene-LOC142985111,ko:K08059
gene-LOC142985114,ko:K12824
gene-LOC142985120,ko:K13915
gene-LOC142985124,ko:K05166
gene-LOC142985126,ko:K11253
gene-LOC142985126,ko:K11275
gene-LOC142985127,ko:K13089
gene-LOC142985132,ko:K09641
gene-LOC142985133,ko:K08155
gene-LOC142985134,ko:K12174
gene-LOC142985138,ko:K09228
gene-LOC142985139,ko:K02133
gene-LOC142985140,ko:K09228
gene-LOC142985141,ko:K03662
gene-LOC142985143,ko:K09057
gene-LOC142985145,ko:K01262
gene-LOC142985150,ko:K06550
gene-LOC142985150,ko:K06756
gene-LOC142985150,ko:K06757
gene-LOC142985150,ko:K06758
gene-LOC142985150,ko:K06760
gene-LOC142985154,ko:K00002
gene-LOC142985154,ko:K00011
gene-LOC142985155,ko:K00764
gene-LOC142985166,ko:K00002
gene-LOC142985166,ko:K00011
gene-LOC142985168,ko:K00699
gene-LOC142985168,ko:K04628
gene-LOC142985169,ko:K09228
gene-LOC142985170,ko:K11253
gene-LOC142985170,ko:K11275
gene-LOC142985171,ko:K11251
gene-LOC142985172,ko:K11252
gene-LOC142985172,ko:K11275
gene-LOC142985173,ko:K01823
gene-LOC142985173,ko:K03134
gene-LOC142985176,ko:K12846
gene-LOC142985182,ko:K00002
gene-LOC142985182,ko:K00011
gene-LOC142985191,ko:K09228
gene-LOC142985193,ko:K06867
gene-LOC142985200,ko:K03850
gene-LOC142985203,ko:K01126
gene-LOC142985203,ko:K19179
gene-LOC142985205,ko:K09228
gene-LOC142985206,ko:K00699
gene-LOC142985206,ko:K04628
gene-LOC142985213,ko:K18177
gene-LOC142985216,ko:K06124
gene-LOC142985216,ko:K13248
gene-LOC142985221,ko:K05201
gene-LOC142985221,ko:K05202
gene-LOC142985221,ko:K05313
gene-LOC142985223,ko:K11253
gene-LOC142985223,ko:K11275
gene-LOC142985224,ko:K11253
gene-LOC142985224,ko:K11254
gene-LOC142985230,ko:K11253
gene-LOC142985230,ko:K11275
gene-LOC142985231,ko:K11252
gene-LOC142985231,ko:K11275
gene-LOC142985234,ko:K04257
gene-LOC142985234,ko:K10683
gene-LOC142985236,ko:K13171
gene-LOC142985244,ko:K09228
gene-LOC142985251,ko:K09228
gene-LOC142985252,ko:K10523
gene-LOC142985256,ko:K09640
gene-LOC142985257,ko:K03115
gene-LOC142985263,ko:K05313
gene-LOC142985268,ko:K14409
gene-LOC142985275,ko:K09228
gene-LOC142985276,ko:K10683
gene-LOC142985278,ko:K10840
gene-LOC142985278,ko:K16465
gene-LOC142985282,ko:K10523
gene-LOC142985286,ko:K14025
gene-LOC142985287,ko:K03115
gene-LOC142985293,ko:K02153
gene-LOC142985294,ko:K00814
gene-LOC142985306,ko:K09228
gene-LOC142985315,ko:K11253
gene-LOC142985315,ko:K11275
gene-LOC142985322,ko:K00666
gene-LOC142985322,ko:K01897
gene-LOC142985328,ko:K01265
gene-LOC142985328,ko:K17921
gene-LOC142985333,ko:K05860
gene-LOC142985342,ko:K12850
gene-LOC142985344,ko:K10143
gene-LOC142985346,ko:K10093
gene-LOC142985359,ko:K11253
gene-LOC142985359,ko:K11275
gene-LOC142985360,ko:K11253
gene-LOC142985360,ko:K11275
gene-LOC142985361,ko:K16865
gene-LOC142985376,ko:K06721
gene-LOC142985376,ko:K10057
gene-LOC142985376,ko:K10058
gene-LOC142985376,ko:K10059
gene-LOC142985376,ko:K10060
gene-LOC142985376,ko:K17513
gene-LOC142985376,ko:K17514
gene-LOC142985382,ko:K17080
gene-LOC142985388,ko:K09228
gene-LOC142985389,ko:K09640
gene-LOC142985390,ko:K20796
gene-LOC142985391,ko:K09228
gene-LOC142985391,ko:K20796
gene-LOC142985394,ko:K22203
gene-LOC142985396,ko:K10479
gene-LOC142985398,ko:K20364
gene-LOC142985401,ko:K01681
gene-LOC142985401,ko:K22416
gene-LOC142985403,ko:K13201
gene-LOC142985403,ko:K19041
gene-LOC142985404,ko:K09228
gene-LOC142985406,ko:K01262
gene-LOC142985416,ko:K18809
gene-LOC142985420,ko:K09431
gene-LOC142985420,ko:K15592
gene-LOC142985420,ko:K15593
gene-LOC142985425,ko:K10479
gene-LOC142985427,ko:K17254
gene-LOC142985428,ko:K07375
gene-LOC142985433,ko:K12311
gene-LOC142985436,ko:K18415
gene-LOC142985437,ko:K09041
gene-LOC142985439,ko:K07375
gene-LOC142985442,ko:K00939
gene-LOC142985448,ko:K09572
gene-LOC142985452,ko:K09490
gene-LOC142985453,ko:K03979
gene-LOC142985456,ko:K05768
gene-LOC142985456,ko:K06564
gene-LOC142985456,ko:K08017
gene-LOC142985460,ko:K01262
gene-LOC142985461,ko:K01930
gene-LOC142985463,ko:K09228
gene-LOC142985465,ko:K12623
gene-LOC142985467,ko:K03005
gene-LOC142985469,ko:K01306
gene-LOC142985469,ko:K11141
gene-LOC142985473,ko:K01050
gene-LOC142985483,ko:K13124
gene-LOC142985486,ko:K14319
gene-LOC142985488,ko:K01044
gene-LOC142985488,ko:K01049
gene-LOC142985488,ko:K01050
gene-LOC142985488,ko:K03927
gene-LOC142985488,ko:K15743
gene-LOC142985490,ko:K09640
gene-LOC142985491,ko:K09640
gene-LOC142985492,ko:K10887
gene-LOC142985496,ko:K09228
gene-LOC142985497,ko:K20827
gene-LOC142985502,ko:K03283
gene-LOC142985521,ko:K14771
gene-LOC142985526,ko:K10745
gene-LOC142985527,ko:K06990
gene-LOC142985528,ko:K15121
gene-LOC142985529,ko:K12852
gene-LOC142985537,ko:K00599
gene-LOC142985541,ko:K05768
gene-LOC142985541,ko:K06564
gene-LOC142985541,ko:K08017
gene-LOC142985543,ko:K18809
gene-LOC142985550,ko:K07912
gene-LOC142985556,ko:K09228
gene-LOC142985558,ko:K15691
gene-LOC142985559,ko:K01255
gene-LOC142985567,ko:K22371
gene-LOC142985581,ko:K01262
gene-LOC142985589,ko:K18327
gene-LOC142985590,ko:K12259
gene-LOC142985598,ko:K02183
gene-LOC142985600,ko:K03875
gene-LOC142985602,ko:K09228
gene-LOC142985603,ko:K10887
gene-LOC142985604,ko:K11321
gene-LOC142985606,ko:K19404
gene-LOC142985614,ko:K18408
gene-LOC142985615,ko:K01044
gene-LOC142985615,ko:K01049
gene-LOC142985615,ko:K01050
gene-LOC142985615,ko:K03927
gene-LOC142985615,ko:K15743
gene-LOC142985619,ko:K20752
gene-LOC142985620,ko:K20752
gene-LOC142985626,ko:K22402
gene-LOC142985631,ko:K17576
gene-LOC142985641,ko:K10411
gene-LOC142985647,ko:K22402
gene-LOC142985649,ko:K05768
gene-LOC142985649,ko:K06564
gene-LOC142985649,ko:K08017
gene-LOC142985661,ko:K07191
gene-LOC142985661,ko:K07299
gene-LOC142985661,ko:K07593
gene-LOC142985661,ko:K08142
gene-LOC142985736,ko:K18415
gene-LOC142985757,ko:K14560
gene-LOC142985762,ko:K09228
gene-LOC142985780,ko:K09228
gene-LOC142985788,ko:K14999
gene-LOC142985811,ko:K09228
gene-LOC142985835,ko:K14819
gene-LOC142985873,ko:K01104
gene-LOC142985873,ko:K05693
gene-LOC142985873,ko:K18032
gene-LOC142985873,ko:K20164
gene-LOC142985878,ko:K11723
gene-LOC142985878,ko:K22184
gene-LOC142985900,ko:K00799
gene-LOC142985900,ko:K04097
gene-LOC142985914,ko:K04494
gene-LOC142985914,ko:K14437
gene-LOC142985914,ko:K14438
gene-LOC142985923,ko:K03177
gene-LOC142985946,ko:K19832
gene-LOC142985957,ko:K14995
gene-LOC142985968,ko:K13155
gene-LOC142985976,ko:K13155
gene-LOC142986022,ko:K06721
gene-LOC142986022,ko:K10057
gene-LOC142986022,ko:K10058
gene-LOC142986022,ko:K10059
gene-LOC142986022,ko:K10060
gene-LOC142986022,ko:K17513
gene-LOC142986022,ko:K17514
gene-LOC142986069,ko:K00294
gene-LOC142986077,ko:K08041
gene-LOC142986077,ko:K08043
gene-LOC142986077,ko:K08045
gene-LOC142986077,ko:K08046
gene-LOC142986077,ko:K08048
gene-LOC142986083,ko:K00699
gene-LOC142986085,ko:K12839
gene-LOC142986089,ko:K05467
gene-LOC142986089,ko:K14325
gene-LOC142986089,ko:K22288
gene-LOC142986093,ko:K19737
gene-LOC142986107,ko:K08835
gene-LOC142986112,ko:K08606
gene-LOC142986115,ko:K15255
gene-LOC142986116,ko:K10758
gene-LOC142986118,ko:K07890
gene-LOC142986120,ko:K10480
gene-LOC142986127,ko:K21436
gene-LOC142986131,ko:K20405
gene-LOC142986133,ko:K16513
gene-LOC142986137,ko:K12321
gene-LOC142986137,ko:K12322
gene-LOC142986139,ko:K14209
gene-LOC142986140,ko:K03129
gene-LOC142986143,ko:K05181
gene-LOC142986144,ko:K15407
gene-LOC142986145,ko:K08331
gene-LOC142986147,ko:K00738
gene-LOC142986152,ko:K14206
gene-LOC142986152,ko:K14637
gene-LOC142986153,ko:K14206
gene-LOC142986153,ko:K14637
gene-LOC142986158,ko:K05658
gene-LOC142986160,ko:K09219
gene-LOC142986161,ko:K09219
gene-LOC142986165,ko:K00236
gene-LOC142986172,ko:K14206
gene-LOC142986172,ko:K14637
gene-LOC142986173,ko:K18729
gene-LOC142986178,ko:K13915
gene-LOC142986181,ko:K17509
gene-LOC142986182,ko:K20160
gene-LOC142986182,ko:K20161
gene-LOC142986186,ko:K19930
gene-LOC142986194,ko:K08471
gene-LOC142986197,ko:K01273
gene-LOC142986198,ko:K05692
gene-LOC142986199,ko:K15280
gene-LOC142986201,ko:K04699
gene-LOC142986202,ko:K04422
gene-LOC142986202,ko:K04423
gene-LOC142986203,ko:K08471
gene-LOC142986205,ko:K20029
gene-LOC142986209,ko:K08471
gene-LOC142986210,ko:K00234
gene-LOC142986211,ko:K13867
gene-LOC142986211,ko:K13872
gene-LOC142986216,ko:K08471
gene-LOC142986217,ko:K01785
gene-LOC142986220,ko:K21198
gene-LOC142986223,ko:K08471
gene-LOC142986227,ko:K14209
gene-LOC142986229,ko:K05181
gene-LOC142986235,ko:K14388
gene-LOC142986235,ko:K17391
gene-LOC142986240,ko:K13023
gene-LOC142986242,ko:K01446
gene-LOC142986248,ko:K07191
gene-LOC142986248,ko:K07299
gene-LOC142986248,ko:K07593
gene-LOC142986248,ko:K08142
gene-LOC142986255,ko:K08471
gene-LOC142986258,ko:K01126
gene-LOC142986259,ko:K18932
gene-LOC142986278,ko:K03260
gene-LOC142986282,ko:K13356
gene-LOC142986287,ko:K01044
gene-LOC142986287,ko:K01049
gene-LOC142986287,ko:K01063
gene-LOC142986287,ko:K03927
gene-LOC142986287,ko:K15743
gene-LOC142986291,ko:K08701
gene-LOC142986292,ko:K04397
gene-LOC142986292,ko:K04398
gene-LOC142986292,ko:K04400
gene-LOC142986297,ko:K12383
gene-LOC142986301,ko:K05673
gene-LOC142986307,ko:K05673
gene-LOC142986310,ko:K00016
gene-LOC142986313,ko:K01109
gene-LOC142986315,ko:K19932
gene-LOC142986321,ko:K11321
gene-LOC142986323,ko:K08076
gene-LOC142986323,ko:K08606
gene-LOC142986325,ko:K01829
gene-LOC142986325,ko:K09583
gene-LOC142986325,ko:K13984
gene-LOC142986329,ko:K00710
gene-LOC142986331,ko:K04967
gene-LOC142986333,ko:K17751
gene-LOC142986336,ko:K10812
gene-LOC142986337,ko:K05124
gene-LOC142986337,ko:K05125
gene-LOC142986341,ko:K10638
gene-LOC142986341,ko:K15713
gene-LOC142986343,ko:K09667
gene-LOC142986346,ko:K09207
gene-LOC142986356,ko:K09624
gene-LOC142986359,ko:K05336
gene-LOC142986362,ko:K10879
gene-LOC142986363,ko:K01278
gene-LOC142986365,ko:K14410
gene-LOC142986365,ko:K19283
gene-LOC142986367,ko:K00665
gene-LOC142986375,ko:K05197
gene-LOC142986375,ko:K05198
gene-LOC142986375,ko:K05199
gene-LOC142986375,ko:K05200
gene-LOC142986375,ko:K05313
gene-LOC142986377,ko:K13871
gene-LOC142986378,ko:K01052
gene-LOC142986381,ko:K01446
gene-LOC142986383,ko:K04948
gene-LOC142986383,ko:K04949
gene-LOC142986383,ko:K04950
gene-LOC142986383,ko:K04951
gene-LOC142986384,ko:K01395
gene-LOC142986384,ko:K08606
gene-LOC142986385,ko:K09398
gene-LOC142986385,ko:K09405
gene-LOC142986390,ko:K01312
gene-LOC142986398,ko:K19363
gene-LOC142986400,ko:K14209
gene-LOC142986401,ko:K00411
gene-LOC142986404,ko:K01482
gene-LOC142986406,ko:K01312
gene-LOC142986410,ko:K16862
gene-LOC142986419,ko:K01102
gene-LOC142986422,ko:K13356
gene-LOC142986425,ko:K01052
gene-LOC142986432,ko:K02136
gene-LOC142986437,ko:K09206
gene-LOC142986437,ko:K09228
gene-LOC142986440,ko:K12567
gene-LOC142986448,ko:K08545
gene-LOC142986453,ko:K17286
gene-LOC142986458,ko:K01052
gene-LOC142986459,ko:K03941
gene-LOC142986467,ko:K03909
gene-LOC142986479,ko:K16479
gene-LOC142986480,ko:K07293
gene-LOC142986481,ko:K07852
gene-LOC142986481,ko:K17198
gene-LOC142986483,ko:K19949
gene-LOC142986483,ko:K22127
gene-LOC142986486,ko:K20493
gene-LOC142986489,ko:K10345
gene-LOC142986498,ko:K01362
gene-LOC142986498,ko:K20111
gene-LOC142986506,ko:K15108
gene-LOC142986508,ko:K18420
gene-LOC142986515,ko:K01052
gene-LOC142986518,ko:K18438
gene-LOC142986519,ko:K07253
gene-LOC142986520,ko:K09552
gene-LOC142986524,ko:K03781
gene-LOC142986528,ko:K09548
gene-LOC142986532,ko:K08145
gene-LOC142986537,ko:K05692
gene-LOC142986539,ko:K09228
gene-LOC142986541,ko:K07374
gene-LOC142986552,ko:K04257
gene-LOC142986558,ko:K02437
gene-LOC142986562,ko:K04579
gene-LOC142986562,ko:K04590
gene-LOC142986563,ko:K08683
gene-LOC142986568,ko:K05635
gene-LOC142986568,ko:K06247
gene-LOC142986575,ko:K02187
gene-LOC142986575,ko:K04397
gene-LOC142986576,ko:K14209
gene-LOC142986579,ko:K05197
gene-LOC142986579,ko:K05198
gene-LOC142986579,ko:K05199
gene-LOC142986579,ko:K05200
gene-LOC142986579,ko:K05313
gene-LOC142986581,ko:K01285
gene-LOC142986585,ko:K05863
gene-LOC142986592,ko:K05658
gene-LOC142986595,ko:K03963
gene-LOC142986596,ko:K09399
gene-LOC142986598,ko:K01052
gene-LOC142986602,ko:K06999
gene-LOC142986603,ko:K19573
gene-LOC142986608,ko:K17341
gene-LOC142986609,ko:K01187
gene-LOC142986609,ko:K14210
gene-LOC142986613,ko:K17286
gene-LOC142986615,ko:K20478
gene-LOC142986616,ko:K01540
gene-LOC142986617,ko:K20840
gene-LOC142986625,ko:K08545
gene-LOC142986625,ko:K08546
gene-LOC142986638,ko:K19383
gene-LOC142986638,ko:K19553
gene-LOC142986639,ko:K04257
gene-LOC142986653,ko:K17732
gene-LOC142986654,ko:K01915
gene-LOC142986655,ko:K08202
gene-LOC142986660,ko:K00016
gene-LOC142986661,ko:K05466
gene-LOC142986661,ko:K05467
gene-LOC142986661,ko:K09624
gene-LOC142986663,ko:K01191
gene-LOC142986664,ko:K09228
gene-LOC142986665,ko:K19765
gene-LOC142986668,ko:K00939
gene-LOC142986668,ko:K15326
gene-LOC142986668,ko:K19383
gene-LOC142986671,ko:K19919
gene-LOC142986675,ko:K00939
gene-LOC142986675,ko:K13800
gene-LOC142986677,ko:K01689
gene-LOC142986678,ko:K02154
gene-LOC142986685,ko:K12311
gene-LOC142986686,ko:K19949
gene-LOC142986688,ko:K04493
gene-LOC142986690,ko:K09452
gene-LOC142986693,ko:K05038
gene-LOC142986694,ko:K21842
gene-LOC142986696,ko:K00058
gene-LOC142986697,ko:K10350
gene-LOC142986704,ko:K00753
gene-LOC142986704,ko:K07632
gene-LOC142986704,ko:K14464
gene-LOC142986705,ko:K18693
gene-LOC142986707,ko:K04345
gene-LOC142986714,ko:K14825
gene-LOC142986718,ko:K10408
gene-LOC142986720,ko:K14354
gene-LOC142986723,ko:K13293
gene-LOC142986723,ko:K18436
gene-LOC142986735,ko:K05635
gene-LOC142986735,ko:K06247
gene-LOC142986737,ko:K00665
gene-LOC142986740,ko:K14209
gene-LOC142986741,ko:K01052
gene-LOC142986745,ko:K08145
gene-LOC142986748,ko:K01052
gene-LOC142986749,ko:K17732
gene-LOC142986755,ko:K16479
gene-LOC142986766,ko:K18729
gene-LOC142986768,ko:K18419
gene-LOC142986769,ko:K11352
gene-LOC142986770,ko:K00873
gene-LOC142986770,ko:K12406
gene-LOC142986774,ko:K06185
gene-LOC142986776,ko:K14209
gene-LOC142986779,ko:K07595
gene-LOC142986779,ko:K09035
gene-LOC142986779,ko:K09036
gene-LOC142986779,ko:K09038
gene-LOC142986780,ko:K19511
gene-LOC142986781,ko:K17362
gene-LOC142986789,ko:K02135
gene-LOC142986790,ko:K03129
gene-LOC142986792,ko:K14296
gene-LOC142986797,ko:K06231
gene-LOC142986797,ko:K06238
gene-LOC142986797,ko:K16628
gene-LOC142986798,ko:K06255
gene-LOC142986840,ko:K12189
gene-LOC142986867,ko:K03935
gene-LOC142986899,ko:K06571
gene-LOC142986899,ko:K17295
gene-LOC142986912,ko:K03139
gene-LOC142986912,ko:K22204
gene-LOC142986960,ko:K01323
gene-LOC142986960,ko:K01324
gene-LOC142986970,ko:K11253
gene-LOC142986970,ko:K11275
gene-LOC142986971,ko:K11253
gene-LOC142986971,ko:K11275
gene-LOC142986972,ko:K11253
gene-LOC142986972,ko:K11275
gene-LOC142986974,ko:K11253
gene-LOC142986974,ko:K11275
gene-LOC142986975,ko:K11251
gene-LOC142986976,ko:K11251
gene-LOC142986977,ko:K11252
gene-LOC142986977,ko:K11275
gene-LOC142986978,ko:K11252
gene-LOC142986978,ko:K11275
gene-LOC142986979,ko:K11253
gene-LOC142986979,ko:K11254
gene-LOC142986980,ko:K11253
gene-LOC142986980,ko:K11254
gene-LOC142986981,ko:K11253
gene-LOC142986981,ko:K11254
gene-LOC142986982,ko:K11253
gene-LOC142986982,ko:K11275
gene-LOC142986983,ko:K11253
gene-LOC142986983,ko:K11275
gene-LOC142986984,ko:K11253
gene-LOC142986984,ko:K11275
gene-LOC142986985,ko:K11253
gene-LOC142986985,ko:K11275
gene-LOC142986986,ko:K11253
gene-LOC142986986,ko:K11275
gene-LOC142986987,ko:K11253
gene-LOC142986987,ko:K11275
gene-LOC142986988,ko:K11251
gene-LOC142986989,ko:K11251
gene-LOC142986990,ko:K11251
gene-LOC142986991,ko:K11252
gene-LOC142986991,ko:K11275
gene-LOC142986992,ko:K11252
gene-LOC142986992,ko:K11275
gene-LOC142986993,ko:K11252
gene-LOC142986993,ko:K11275
gene-LOC142986994,ko:K11253
gene-LOC142986994,ko:K11254
gene-LOC142986995,ko:K11253
gene-LOC142986995,ko:K11254
gene-LOC142986996,ko:K11254
gene-LOC142986998,ko:K11253
gene-LOC142986998,ko:K11275
gene-LOC142987000,ko:K00699
gene-LOC142987001,ko:K11253
gene-LOC142987001,ko:K11275
gene-LOC142987002,ko:K11253
gene-LOC142987002,ko:K11275
gene-LOC142987003,ko:K11253
gene-LOC142987003,ko:K11275
gene-LOC142987004,ko:K11253
gene-LOC142987004,ko:K11275
gene-LOC142987005,ko:K11253
gene-LOC142987005,ko:K11275
gene-LOC142987006,ko:K11253
gene-LOC142987006,ko:K11275
gene-LOC142987007,ko:K11253
gene-LOC142987007,ko:K11275
gene-LOC142987008,ko:K09645
gene-LOC142987009,ko:K11253
gene-LOC142987009,ko:K11275
gene-LOC142987010,ko:K11253
gene-LOC142987010,ko:K11275
gene-LOC142987011,ko:K11253
gene-LOC142987011,ko:K11275
gene-LOC142987012,ko:K11253
gene-LOC142987012,ko:K11275
gene-LOC142987013,ko:K11253
gene-LOC142987013,ko:K11275
gene-LOC142987014,ko:K11253
gene-LOC142987014,ko:K11275
gene-LOC142987015,ko:K11253
gene-LOC142987015,ko:K11275
gene-LOC142987016,ko:K11253
gene-LOC142987016,ko:K11275
gene-LOC142987017,ko:K11253
gene-LOC142987017,ko:K11275
gene-LOC142987018,ko:K11253
gene-LOC142987018,ko:K11275
gene-LOC142987019,ko:K11253
gene-LOC142987019,ko:K11275
gene-LOC142987020,ko:K11253
gene-LOC142987020,ko:K11275
gene-LOC142987021,ko:K11251
gene-LOC142987022,ko:K11251
gene-LOC142987023,ko:K11252
gene-LOC142987023,ko:K11275
gene-LOC142987024,ko:K11252
gene-LOC142987024,ko:K11275
gene-LOC142987025,ko:K11251
gene-LOC142987027,ko:K11251
gene-LOC142987028,ko:K11251
gene-LOC142987029,ko:K11251
gene-LOC142987030,ko:K11251
gene-LOC142987031,ko:K11251
gene-LOC142987032,ko:K11251
gene-LOC142987033,ko:K11251
gene-LOC142987034,ko:K11252
gene-LOC142987034,ko:K11275
gene-LOC142987035,ko:K11252
gene-LOC142987035,ko:K11275
gene-LOC142987036,ko:K11252
gene-LOC142987036,ko:K11275
gene-LOC142987038,ko:K11252
gene-LOC142987038,ko:K11275
gene-LOC142987039,ko:K11252
gene-LOC142987039,ko:K11275
gene-LOC142987040,ko:K11252
gene-LOC142987040,ko:K11275
gene-LOC142987041,ko:K11252
gene-LOC142987041,ko:K11275
gene-LOC142987042,ko:K11252
gene-LOC142987042,ko:K11275
gene-LOC142987043,ko:K11253
gene-LOC142987043,ko:K11254
gene-LOC142987044,ko:K11253
gene-LOC142987044,ko:K11254
gene-LOC142987045,ko:K11253
gene-LOC142987045,ko:K11254
gene-LOC142987046,ko:K11253
gene-LOC142987046,ko:K11254
gene-LOC142987047,ko:K11253
gene-LOC142987047,ko:K11254
gene-LOC142987049,ko:K11253
gene-LOC142987049,ko:K11254
gene-LOC142987050,ko:K11253
gene-LOC142987050,ko:K11254
gene-LOC142987051,ko:K11253
gene-LOC142987051,ko:K11254
gene-LOC142987052,ko:K11253
gene-LOC142987052,ko:K11254
gene-LOC142987053,ko:K11253
gene-LOC142987053,ko:K11254
gene-LOC142987054,ko:K17805
gene-LOC142987054,ko:K18619
gene-LOC142987061,ko:K01057
gene-LOC142987070,ko:K03879
gene-LOC142987074,ko:K09628
gene-LOC142987075,ko:K01314
gene-LOC142987076,ko:K01314
gene-LOC142987084,ko:K09267
gene-LOC142987089,ko:K06287
gene-LOC142987095,ko:K11143
gene-LOC142987096,ko:K11143
gene-LOC142987104,ko:K01278
gene-LOC142987104,ko:K08674
gene-LOC142987106,ko:K02213
gene-LOC142987107,ko:K12593
gene-LOC142987113,ko:K01229
gene-LOC142987113,ko:K05350
gene-LOC142987114,ko:K01229
gene-LOC142987114,ko:K05350
gene-LOC142987117,ko:K09645
gene-LOC142987119,ko:K01373
gene-LOC142987120,ko:K01373
gene-LOC142987122,ko:K10687
gene-LOC142987123,ko:K01373
gene-LOC142987123,ko:K08569
gene-LOC142987126,ko:K11143
gene-LOC142987128,ko:K01044
gene-LOC142987128,ko:K01049
gene-LOC142987128,ko:K01050
gene-LOC142987128,ko:K03927
gene-LOC142987129,ko:K07378
gene-LOC142987129,ko:K12298
gene-LOC142987129,ko:K15743
gene-LOC142987131,ko:K00079
gene-LOC142987142,ko:K10457
gene-LOC142987144,ko:K19868
gene-LOC142987144,ko:K19869
gene-LOC142987146,ko:K01187
gene-LOC142987146,ko:K14210
gene-LOC142987147,ko:K01187
gene-LOC142987147,ko:K14210
gene-LOC142987152,ko:K01044
gene-LOC142987153,ko:K06528
gene-LOC142987155,ko:K01540
gene-LOC142987156,ko:K01540
gene-LOC142987157,ko:K01540
gene-LOC142987158,ko:K01540
gene-LOC142987162,ko:K18703
gene-LOC142987164,ko:K10251
gene-LOC142987167,ko:K12616
gene-LOC142987172,ko:K14773
gene-LOC142987173,ko:K14773
gene-LOC142987176,ko:K01112
gene-LOC142987178,ko:K14003
gene-LOC142987180,ko:K10478
gene-LOC142987181,ko:K11585
gene-LOC142987181,ko:K11586
gene-LOC142987181,ko:K11587
gene-LOC142987184,ko:K19519
gene-LOC142987185,ko:K16194
gene-LOC142987186,ko:K01528
gene-LOC142987187,ko:K08513
gene-LOC142987188,ko:K17259
gene-LOC142987190,ko:K00939
gene-LOC142987192,ko:K00939
gene-LOC142987192,ko:K13800
gene-LOC142987194,ko:K12021
gene-LOC142987206,ko:K17310
gene-LOC142987209,ko:K04397
gene-LOC142987210,ko:K02187
gene-LOC142987210,ko:K04397
gene-LOC142987210,ko:K04489
gene-LOC142987210,ko:K20008
gene-LOC142987213,ko:K20701
gene-LOC142987219,ko:K08814
gene-LOC142987226,ko:K09452
gene-LOC142987237,ko:K01052
gene-LOC142987239,ko:K16469
gene-LOC142987239,ko:K20478
gene-LOC142987240,ko:K05719
gene-LOC142987240,ko:K06464
gene-LOC142987240,ko:K06493
gene-LOC142987240,ko:K09884
gene-LOC142987241,ko:K05719
gene-LOC142987241,ko:K06464
gene-LOC142987241,ko:K06493
gene-LOC142987241,ko:K09884
gene-LOC142987243,ko:K08838
gene-LOC142987244,ko:K16608
gene-LOC142987246,ko:K21396
gene-LOC142987248,ko:K17908
gene-LOC142987250,ko:K09660
gene-LOC142987256,ko:K10359
gene-LOC142987259,ko:K01519
gene-LOC142987262,ko:K14950
gene-LOC142987265,ko:K02685
gene-LOC142987269,ko:K05038
gene-LOC142987274,ko:K13105
gene-LOC142987275,ko:K16605
gene-LOC142987276,ko:K12823
gene-LOC142987276,ko:K13178
gene-LOC142987293,ko:K17506
gene-LOC142987295,ko:K19283
gene-LOC142987296,ko:K14410
gene-LOC142987296,ko:K19283
gene-LOC142987297,ko:K04360
gene-LOC142987297,ko:K05122
gene-LOC142987297,ko:K05129
gene-LOC142987300,ko:K10808
gene-LOC142987302,ko:K01278
gene-LOC142987302,ko:K08674
gene-LOC142987305,ko:K21598
gene-LOC142987311,ko:K08745
gene-LOC142987312,ko:K08745
gene-LOC142987315,ko:K10808
gene-LOC142987323,ko:K15200
gene-LOC142987331,ko:K07252
gene-LOC142987340,ko:K18695
gene-LOC142987341,ko:K17552
gene-LOC142987345,ko:K21891
gene-LOC142987346,ko:K07378
gene-LOC142987359,ko:K19612
gene-LOC142987369,ko:K20367
gene-LOC142987380,ko:K04494
gene-LOC142987380,ko:K14437
gene-LOC142987380,ko:K14438
gene-LOC142987381,ko:K20358
gene-LOC142987386,ko:K14530
gene-LOC142987387,ko:K14317
gene-LOC142987387,ko:K16219
gene-LOC142987394,ko:K14785
gene-LOC142987395,ko:K05706
gene-LOC142987395,ko:K09218
gene-LOC142987402,ko:K17563
gene-LOC142987403,ko:K18643
gene-LOC142987406,ko:K14788
gene-LOC142987419,ko:K01273
gene-LOC142987420,ko:K04531
gene-LOC142987420,ko:K20055
gene-LOC142987421,ko:K00547
gene-LOC142987430,ko:K02561
gene-LOC142987430,ko:K20017
gene-LOC142987433,ko:K16745
gene-LOC142987433,ko:K19382
gene-LOC142987437,ko:K03910
gene-LOC142987437,ko:K06530
gene-LOC142987440,ko:K11368
gene-LOC142987450,ko:K19871
gene-LOC142987454,ko:K10486
gene-LOC142987455,ko:K16506
gene-LOC142987459,ko:K19919
gene-LOC142987463,ko:K01593
gene-LOC142987463,ko:K01618
gene-LOC142987468,ko:K00698
gene-LOC142987472,ko:K07200
gene-LOC142987472,ko:K20346
gene-LOC142987476,ko:K10478
gene-LOC142987478,ko:K01590
gene-LOC142987478,ko:K01593
gene-LOC142987478,ko:K22329
gene-LOC142987481,ko:K18932
gene-LOC142987482,ko:K19530
gene-LOC142987483,ko:K08202
gene-LOC142987496,ko:K19329
gene-LOC142987499,ko:K14765
gene-LOC142987502,ko:K09223
gene-LOC142987503,ko:K00079
gene-LOC142987507,ko:K18666
gene-LOC142987512,ko:K17985
gene-LOC142987516,ko:K18342
gene-LOC142987517,ko:K00815
gene-LOC142987520,ko:K00815
gene-LOC142987526,ko:K03440
gene-LOC142987526,ko:K14818
gene-LOC142987532,ko:K03917
gene-LOC142987532,ko:K05619
gene-LOC142987534,ko:K03917
gene-LOC142987534,ko:K05619
gene-LOC142987535,ko:K10582
gene-LOC142987535,ko:K19362
gene-LOC142987536,ko:K17796
gene-LOC142987539,ko:K10582
gene-LOC142987542,ko:K10185
gene-LOC142987544,ko:K03139
gene-LOC142987544,ko:K22204
gene-LOC142987545,ko:K17570
gene-LOC142987549,ko:K21890
gene-LOC142987550,ko:K11974
gene-LOC142987553,ko:K10630
gene-LOC142987559,ko:K15623
gene-LOC142987561,ko:K14353
gene-LOC142987562,ko:K01229
gene-LOC142987562,ko:K05350
gene-LOC142987566,ko:K07190
gene-LOC142987570,ko:K07478
gene-LOC142987580,ko:K00857
gene-LOC142987580,ko:K05961
gene-LOC142987583,ko:K02187
gene-LOC142987583,ko:K04397
gene-LOC142987583,ko:K04489
gene-LOC142987583,ko:K20008
gene-LOC142987594,ko:K05995
gene-LOC142987597,ko:K04255
gene-LOC142987597,ko:K13802
gene-LOC142987598,ko:K04251
gene-LOC142987598,ko:K04253
gene-LOC142987598,ko:K04256
gene-LOC142987602,ko:K15421
gene-LOC142987604,ko:K00819
gene-LOC142987607,ko:K18953
gene-LOC142987609,ko:K09086
gene-LOC142987610,ko:K07852
gene-LOC142987610,ko:K17198
gene-LOC142987614,ko:K14309
gene-LOC142987619,ko:K12666
gene-LOC142987622,ko:K03355
gene-LOC142987625,ko:K19765
gene-LOC142987628,ko:K03120
gene-LOC142987636,ko:K11501
gene-LOC142987646,ko:K09645
gene-LOC142987646,ko:K13289
gene-LOC142987646,ko:K16298
gene-LOC142987647,ko:K09645
gene-LOC142987648,ko:K09645
gene-LOC142987648,ko:K17086
gene-LOC142987649,ko:K09645
gene-LOC142987654,ko:K09200
gene-LOC142987655,ko:K22078
gene-LOC142987656,ko:K01017
gene-LOC142987657,ko:K01187
gene-LOC142987657,ko:K14210
gene-LOC142987658,ko:K01187
gene-LOC142987658,ko:K14210
gene-LOC142987660,ko:K01187
gene-LOC142987660,ko:K14210
gene-LOC142987662,ko:K00232
gene-LOC142987662,ko:K10214
gene-LOC142987678,ko:K00232
gene-LOC142987678,ko:K10214
gene-LOC142987680,ko:K00411
gene-LOC142987683,ko:K13153
gene-LOC142987685,ko:K17781
gene-LOC142987687,ko:K00232
gene-LOC142987687,ko:K10214
gene-LOC142987688,ko:K00232
gene-LOC142987688,ko:K10214
gene-LOC142987694,ko:K00232
gene-LOC142987694,ko:K10214
gene-LOC142987698,ko:K01373
gene-LOC142987699,ko:K01365
gene-LOC142987700,ko:K09267
gene-LOC142987705,ko:K05283
gene-LOC142987709,ko:K20372
gene-LOC142987710,ko:K06129
gene-LOC142987713,ko:K01052
gene-LOC142987718,ko:K08592
gene-LOC142987720,ko:K04862
gene-LOC142987720,ko:K04863
gene-LOC142987720,ko:K04865
gene-LOC142987721,ko:K22255
gene-LOC142987725,ko:K21396
gene-LOC142987727,ko:K18264
gene-LOC142987730,ko:K00681
gene-LOC142987732,ko:K04527
gene-LOC142987735,ko:K01187
gene-LOC142987735,ko:K14210
gene-LOC142987803,ko:K08471
gene-LOC142987804,ko:K18809
gene-LOC142987818,ko:K15115
gene-LOC142987822,ko:K12870
gene-LOC142987822,ko:K13675
gene-LOC142987837,ko:K16734
gene-LOC142987839,ko:K00059
gene-LOC142987840,ko:K00507
gene-LOC142987840,ko:K15331
gene-LOC142987841,ko:K00507
gene-LOC142987841,ko:K15331
gene-LOC142987842,ko:K00507
gene-LOC142987842,ko:K15331
gene-LOC142987843,ko:K00507
gene-LOC142987843,ko:K15331
gene-LOC142987844,ko:K00507
gene-LOC142987844,ko:K15331
gene-LOC142987845,ko:K00507
gene-LOC142987845,ko:K15331
gene-LOC142987846,ko:K00507
gene-LOC142987846,ko:K15331
gene-LOC142987848,ko:K00507
gene-LOC142987848,ko:K15331
gene-LOC142987851,ko:K13169
gene-LOC142987853,ko:K06721
gene-LOC142987854,ko:K08471
gene-LOC142987855,ko:K08471
gene-LOC142987859,ko:K01016
gene-LOC142987859,ko:K01025
gene-LOC142987860,ko:K01016
gene-LOC142987861,ko:K01016
gene-LOC142987861,ko:K01025
gene-LOC142987865,ko:K00799
gene-LOC142987869,ko:K09884
gene-LOC142987878,ko:K02857
gene-LOC142987883,ko:K20804
gene-LOC142987892,ko:K13156
gene-LOC142987896,ko:K10666
gene-LOC142987904,ko:K04729
gene-LOC142987905,ko:K04729
gene-LOC142987907,ko:K11374
gene-LOC142987908,ko:K04729
gene-LOC142987909,ko:K02888
gene-LOC142987910,ko:K03098
gene-LOC142987911,ko:K11136
gene-LPCAT,ko:K13510
gene-LRP1,ko:K04550
gene-LRP1,ko:K20049
gene-LRR,ko:K20493
gene-LSm1,ko:K12620
gene-LSm3,ko:K12622
gene-LSm7,ko:K12626
gene-LTV1,ko:K14798
gene-La,ko:K11090
gene-Lamtor2,ko:K20398
gene-Lamtor3,ko:K04370
gene-Lamtor4,ko:K20399
gene-Lamtor5,ko:K16344
gene-LanA,ko:K06240
gene-Lap1,ko:K12796
gene-Lap1,ko:K13866
gene-Larp7,ko:K15191
gene-Las,ko:K03644
gene-Lcch3,ko:K05181
gene-Lcch3,ko:K05192
gene-Ldlr,ko:K06826
gene-Letm1,ko:K17800
gene-LeuRS,ko:K01869
gene-LeuRS-m,ko:K01869
gene-Lgr1,ko:K04247
gene-Lgr1,ko:K04248
gene-Lgr1,ko:K04249
gene-Lim1,ko:K09372
gene-Lim1,ko:K18493
gene-Lim3,ko:K09374
gene-Lipt1,ko:K10105
gene-Lipt2,ko:K03801
gene-Lis-1,ko:K11887
gene-Lk6,ko:K04372
gene-Lkb1,ko:K07298
gene-Lmx1a,ko:K09371
gene-Lmx1a,ko:K09372
gene-Lnk,ko:K07193
gene-Lnk,ko:K12459
gene-Lon,ko:K08675
gene-Loqs,ko:K09573
gene-Loqs,ko:K18420
gene-Loxl2,ko:K00280
gene-LpR1,ko:K20053
gene-Lpin,ko:K15728
gene-Lrrk,ko:K14304
gene-Lsd-1,ko:K17284
gene-Lsd-2,ko:K17284
gene-Lst8,ko:K08266
gene-Ltn1,ko:K22377
gene-LysRS,ko:K04567
gene-MAPk-Ak2,ko:K04443
gene-MAPk-Ak2,ko:K04444
gene-MAPk-Ak2,ko:K14031
gene-MBD-R2,ko:K18402
gene-MBD-like,ko:K11590
gene-MBD-like,ko:K11591
gene-MCTS1,ko:K07575
gene-MCU,ko:K20858
gene-MED1,ko:K15144
gene-MED10,ko:K04082
gene-MED10,ko:K15151
gene-MED11,ko:K15131
gene-MED14,ko:K15156
gene-MED15,ko:K15157
gene-MED16,ko:K15159
gene-MED17,ko:K15133
gene-MED18,ko:K15135
gene-MED19,ko:K15137
gene-MED20,ko:K10258
gene-MED20,ko:K13528
gene-MED21,ko:K15152
gene-MED22,ko:K15139
gene-MED23,ko:K15166
gene-MED24,ko:K15167
gene-MED27,ko:K15170
gene-MED30,ko:K15143
gene-MED31,ko:K15153
gene-MED4,ko:K14618
gene-MED4,ko:K15146
gene-MED6,ko:K15128
gene-MED7,ko:K15148
gene-MED7,ko:K20414
gene-MED8,ko:K15129
gene-MED9,ko:K15149
gene-MESK2,ko:K18266
gene-MET1,ko:K09026
gene-MFS16,ko:K13783
gene-MFS3,ko:K08193
gene-MFS9,ko:K08193
gene-MFS9,ko:K12301
gene-MFS9,ko:K12302
gene-MHF1,ko:K11511
gene-MHF2,ko:K15360
gene-MICAL-like,ko:K19948
gene-MOF,ko:K11308
gene-MRG15,ko:K11339
gene-MSL1,ko:K13163
gene-MSL1,ko:K14820
gene-MTA1-like,ko:K11660
gene-MTA1-like,ko:K18596
gene-MTF-1,ko:K20828
gene-MYPT-75D,ko:K17458
gene-MYPT-75D,ko:K17459
gene-Mad,ko:K04676
gene-Mad,ko:K16790
gene-Mad1,ko:K06638
gene-Madm,ko:K08875
gene-MagR,ko:K22063
gene-Magi,ko:K05629
gene-Magi,ko:K05631
gene-Magi,ko:K06112
gene-Manf,ko:K13190
gene-Mapmodulin,ko:K18646
gene-Mapmodulin,ko:K18647
gene-Marcal1,ko:K14440
gene-Marf,ko:K06030
gene-Marf,ko:K21356
gene-Marf1,ko:K17573
gene-Mat1,ko:K10842
gene-Mat89Ba,ko:K14544
gene-Mau2,ko:K11266
gene-Max,ko:K04453
gene-Mbs,ko:K06270
gene-Mbs,ko:K17457
gene-Mcad,ko:K00249
gene-Mccc1,ko:K01968
gene-Mccc2,ko:K01969
gene-Mccc2,ko:K17425
gene-Mcm10,ko:K10736
gene-Mcm2,ko:K02540
gene-Mcm3,ko:K02541
gene-Mcm5,ko:K02209
gene-Mcm6,ko:K02542
gene-Mcm7,ko:K02210
gene-Mct1,ko:K08187
gene-Mdh1,ko:K00025
gene-Mdh2,ko:K00026
gene-Med,ko:K04501
gene-Mef2,ko:K04454
gene-Mef2,ko:K09260
gene-Meltrin,ko:K06835
gene-Membrin,ko:K08496
gene-Mer,ko:K16684
gene-MetRS,ko:K01874
gene-MetRS-m,ko:K01874
gene-Mettl14,ko:K05925
gene-Mettl3,ko:K05925
gene-Mettl5,ko:K07579
gene-Mfap1,ko:K13110
gene-Mgat2,ko:K00736
gene-Mhc,ko:K10352
gene-Mhc,ko:K17751
gene-Mhcl,ko:K10362
gene-Mi-2,ko:K11642
gene-Mi-2,ko:K11643
gene-Mi-2,ko:K14435
gene-Mical,ko:K19947
gene-Mif,ko:K07253
gene-Miro,ko:K07870
gene-Miro,ko:K07871
gene-Mitf,ko:K09455
gene-Mk,ko:K00869
gene-Mkk4,ko:K04430
gene-Mkp,ko:K14165
gene-Mlc-c,ko:K12751
gene-Mlc1,ko:K12749
gene-Mlc2,ko:K12757
gene-Mlf,ko:K15622
gene-Mlh1,ko:K08734
gene-Mmp1,ko:K07763
gene-Mmp1,ko:K07994
gene-Mms19,ko:K15075
gene-MnM,ko:K12567
gene-Mnn1,ko:K14970
gene-Mo25,ko:K08272
gene-Moca-cyp,ko:K01802
gene-Moca-cyp,ko:K09566
gene-Moca-cyp,ko:K12740
gene-Mocs2B,ko:K03635
gene-Mocs2B,ko:K21232
gene-Moe,ko:K05762
gene-Moe,ko:K05763
gene-Moe,ko:K08007
gene-Mon1,ko:K20195
gene-Mondo,ko:K09113
gene-Mp20,ko:K20526
gene-Mpc1,ko:K22138
gene-Mpi,ko:K01809
gene-Mpk,ko:K13273
gene-Mps1,ko:K08866
gene-MrgBP,ko:K11343
gene-Mrgn1,ko:K07195
gene-Mrgn1,ko:K10604
gene-Mrm2,ko:K02427
gene-Msh6,ko:K08737
gene-Msp300,ko:K19326
gene-MsrA,ko:K07304
gene-Mt2,ko:K15336
gene-Mtap,ko:K00772
gene-Mtch,ko:K17885
gene-Mthfs,ko:K01934
gene-Mtl,ko:K04392
gene-Mtmr6,ko:K18083
gene-Mtpalpha,ko:K07515
gene-Mtpbeta,ko:K07509
gene-Mtr4,ko:K12598
gene-Mul1,ko:K15688
gene-Mulk,ko:K09881
gene-Muted,ko:K20187
gene-Mvb12,ko:K12186
gene-Mvd,ko:K01597
gene-Mybbp1A,ko:K02331
gene-Mybbp1A,ko:K10575
gene-Myc,ko:K04377
gene-Myo10A,ko:K10361
gene-Myo31DF,ko:K10356
gene-Myo61F,ko:K10356
gene-Mys45A,ko:K14856
gene-N,ko:K02599
gene-N,ko:K20994
gene-N,ko:K20995
gene-NANS,ko:K05304
gene-NAT1,ko:K03260
gene-NAT1,ko:K17682
gene-NC2alpha,ko:K21752
gene-NC2beta,ko:K21751
gene-ND-13A,ko:K03939
gene-ND-13B,ko:K03949
gene-ND-18,ko:K03937
gene-ND-24,ko:K03943
gene-ND-30,ko:K03936
gene-ND-39,ko:K03953
gene-ND-42,ko:K03954
gene-ND-49,ko:K03935
gene-ND-51,ko:K03942
gene-ND-75,ko:K03934
gene-ND-ACP,ko:K03955
gene-ND-ASHI,ko:K03964
gene-ND-B12,ko:K03959
gene-ND-B14.5B,ko:K03968
gene-ND-B14.7,ko:K03956
gene-ND-B15,ko:K03960
gene-ND-B16.6,ko:K11353
gene-ND-B17,ko:K03962
gene-ND-B17.2,ko:K11352
gene-ND-B17.2,ko:K18160
gene-ND-B18,ko:K03963
gene-ND-B22,ko:K03965
gene-ND-B8,ko:K03946
gene-ND-MLRQ,ko:K03948
gene-ND-MNLL,ko:K03957
gene-ND-PDSW,ko:K03966
gene-ND-SGDH,ko:K03961
gene-NELF-B,ko:K15180
gene-NFAT,ko:K17335
gene-NGR-A1,ko:K04009
gene-NGR-A1,ko:K04218
gene-NGR-A1,ko:K04219
gene-NGR-A1,ko:K04220
gene-NGR-A1,ko:K04221
gene-NGR-A10,ko:K04205
gene-NGR-A10,ko:K04209
gene-NGR-A10,ko:K04314
gene-NGR-A11,ko:K04205
gene-NGR-A11,ko:K04209
gene-NGR-A11,ko:K04314
gene-NGR-A14,ko:K04169
gene-NGR-A15,ko:K04169
gene-NGR-A15,ko:K12812
gene-NGR-A16,ko:K04238
gene-NGR-A16,ko:K04239
gene-NGR-A17,ko:K04232
gene-NGR-A2,ko:K05052
gene-NGR-A2,ko:K05053
gene-NGR-A21,ko:K04280
gene-NGR-A22,ko:K04240
gene-NGR-A22,ko:K14072
gene-NGR-A23,ko:K14071
gene-NGR-A24,ko:K04222
gene-NGR-A24,ko:K04223
gene-NGR-A24,ko:K04224
gene-NGR-A24,ko:K04225
gene-NGR-A25,ko:K05052
gene-NGR-A25,ko:K05053
gene-NGR-A26,ko:K08376
gene-NGR-A27,ko:K05052
gene-NGR-A27,ko:K05053
gene-NGR-A28,ko:K04280
gene-NGR-A29,ko:K04280
gene-NGR-A30,ko:K08376
gene-NGR-A32,ko:K04225
gene-NGR-A33,ko:K04225
gene-NGR-A5,ko:K04238
gene-NGR-A5,ko:K04239
gene-NGR-A7,ko:K04205
gene-NGR-A7,ko:K04209
gene-NGR-A7,ko:K04314
gene-NGR-A9,ko:K04194
gene-NGR-A9,ko:K04195
gene-NGR-A9,ko:K04196
gene-NGR-A9,ko:K08378
gene-NGR-B2,ko:K04579
gene-NGR-B2,ko:K04590
gene-NGR-B3,ko:K04577
gene-NGR-B3,ko:K04579
gene-NGR-B3,ko:K04585
gene-NGR-B4,ko:K04576
gene-NGR-B4,ko:K04577
gene-NHP2,ko:K02449
gene-NHP2,ko:K11129
gene-NO66,ko:K16914
gene-NP15.6,ko:K11351
gene-NPF2,ko:K05232
gene-NPFR,ko:K04204
gene-NPFR,ko:K04206
gene-NPFR,ko:K04208
gene-NPFR,ko:K04209
gene-NPFR,ko:K04217
gene-NPFR,ko:K04221
gene-NPFR,ko:K04230
gene-NTPase,ko:K01511
gene-NUCB1,ko:K20371
gene-NaPi-III,ko:K14640
gene-Naa15-16,ko:K20792
gene-Naa20A,ko:K17972
gene-Naa35,ko:K20823
gene-Naa40,ko:K20794
gene-Naa60,ko:K21121
gene-Naam,ko:K03679
gene-Nab2,ko:K15193
gene-Nacalpha,ko:K03626
gene-Nadk2,ko:K00858
gene-Nadsyn,ko:K01950
gene-Nanoso,ko:K18741
gene-Naprt,ko:K00763
gene-Nasp,ko:K11291
gene-Naxd,ko:K17757
gene-Naxe,ko:K17759
gene-Nc73EF,ko:K00164
gene-Nca,ko:K19695
gene-Ncc69,ko:K10951
gene-Ncc69,ko:K14425
gene-Ncd,ko:K10405
gene-Ncoa6,ko:K14971
gene-Nct,ko:K06171
gene-Ndae1,ko:K13575
gene-Ndae1,ko:K13855
gene-Ndae1,ko:K13858
gene-Ndae1,ko:K13859
gene-Ndae1,ko:K13861
gene-Ndc1,ko:K14315
gene-Ndc80,ko:K11547
gene-Ndf,ko:K00020
gene-Ndufs8,ko:K03941
gene-Nedd4,ko:K10591
gene-Nedd4,ko:K13305
gene-Nedd8,ko:K12158
gene-Nelf-A,ko:K15179
gene-Nelf-E,ko:K15182
gene-Nep1,ko:K14568
gene-Nep3,ko:K01415
gene-Nep4,ko:K01389
gene-Nep4,ko:K08635
gene-Nep4,ko:K08636
gene-NetA,ko:K06843
gene-Neurl4,ko:K16777
gene-Nf-YA,ko:K08064
gene-Nf-YB,ko:K08065
gene-Nf1,ko:K08052
gene-NfI,ko:K09168
gene-NfI,ko:K09169
gene-NfI,ko:K09170
gene-NfI,ko:K09171
gene-NfI,ko:K09172
gene-Nfs1,ko:K04487
gene-Nhe1,ko:K14724
gene-Nhe2,ko:K05742
gene-Nhe2,ko:K12040
gene-Nhe2,ko:K13961
gene-Nhe2,ko:K14722
gene-Nhe2,ko:K14723
gene-Nhe3,ko:K09273
gene-Nhe3,ko:K12041
gene-NiPp1,ko:K13216
gene-NimA,ko:K04437
gene-Nipped-A,ko:K08874
gene-Nipped-B,ko:K06672
gene-Nipsnap,ko:K19269
gene-NitFhit,ko:K11206
gene-Nle,ko:K14855
gene-Nlg3,ko:K07378
gene-Nlg3,ko:K12298
gene-Nlg3,ko:K15743
gene-Nmd3,ko:K07562
gene-Nmdar1,ko:K05208
gene-Nmdar2,ko:K05209
gene-Nmdar2,ko:K05210
gene-Nmdar2,ko:K05211
gene-Nmdar2,ko:K05212
gene-Nmdmc,ko:K00049
gene-Nmdmc,ko:K13403
gene-Nmnat,ko:K06210
gene-Nmt,ko:K00671
gene-Nnp-1,ko:K14849
gene-Noc1,ko:K14832
gene-Noc2,ko:K14833
gene-Noc3,ko:K14834
gene-Noki,ko:K20230
gene-Non1,ko:K06943
gene-Non2,ko:K15223
gene-Non3,ko:K14847
gene-Nop10,ko:K11130
gene-Nop17l,ko:K19751
gene-Nop56,ko:K14564
gene-Nop60B,ko:K11131
gene-Nopp34,ko:K06173
gene-Nopp34,ko:K14838
gene-Nos,ko:K13240
gene-Nos,ko:K13241
gene-Nos,ko:K13242
gene-Nost,ko:K20126
gene-Not1,ko:K12604
gene-Not3,ko:K12580
gene-Notum,ko:K19882
gene-Nox,ko:K21424
gene-Np,ko:K08670
gene-Np,ko:K09640
gene-Npc1a,ko:K12385
gene-Npl4,ko:K14015
gene-Nprl3,ko:K20406
gene-Nrk,ko:K05122
gene-Nrk,ko:K05129
gene-Nrx-IV,ko:K07379
gene-Nrx-IV,ko:K07380
gene-Ns1,ko:K14538
gene-Ns2,ko:K14537
gene-Ns2,ko:K16474
gene-Ns3,ko:K14539
gene-Nsun2,ko:K15335
gene-Nsun5,ko:K15264
gene-Nt5b,ko:K01081
gene-Ntan1,ko:K14662
gene-Nthl1,ko:K10773
gene-Nuak1,ko:K08800
gene-Nubp1,ko:K15255
gene-Nubpl,ko:K03593
gene-Nup107,ko:K14301
gene-Nup133,ko:K14300
gene-Nup154,ko:K14312
gene-Nup188,ko:K14311
gene-Nup205,ko:K14310
gene-Nup35,ko:K14313
gene-Nup43,ko:K14305
gene-Nup44A,ko:K14299
gene-Nup44A,ko:K16725
gene-Nup50,ko:K14295
gene-Nup54,ko:K14308
gene-Nup58,ko:K14307
gene-Nup62,ko:K14306
gene-Nup75,ko:K14304
gene-Nup98-96,ko:K14297
gene-Nurf-38,ko:K01507
gene-Nurf-38,ko:K11726
gene-Nxt1,ko:K14285
gene-OXA1L,ko:K03217
gene-Oamb,ko:K04135
gene-Oamb,ko:K04165
gene-Oat,ko:K00819
gene-Oatp30B,ko:K14353
gene-Oatp30B,ko:K14356
gene-Obsc,ko:K08809
gene-Obsc,ko:K12567
gene-Obsc,ko:K17341
gene-Ocrl,ko:K01099
gene-Oct-TyrR,ko:K04153
gene-Octalpha2R,ko:K04138
gene-Octalpha2R,ko:K04139
gene-Octalpha2R,ko:K04140
gene-Oda,ko:K16548
gene-Oda,ko:K16613
gene-OdsH,ko:K09328
gene-Oga,ko:K15719
gene-Ogg1,ko:K03660
gene-Ogg1,ko:K20315
gene-Opa1,ko:K17079
gene-Or-1,ko:K08471
gene-Or-11,ko:K08471
gene-Or-13,ko:K08471
gene-Or-14,ko:K08471
gene-Or-18,ko:K08471
gene-Or-29,ko:K08471
gene-Or-36,ko:K08471
gene-Or-42,ko:K08471
gene-Or-44,ko:K08471
gene-Or-49,ko:K19026
gene-Or-56,ko:K08471
gene-Or-60,ko:K08471
gene-Or-64,ko:K08471
gene-Or85e,ko:K08471
gene-Orai,ko:K10640
gene-Orai,ko:K16056
gene-Orai,ko:K16057
gene-Orai,ko:K16058
gene-Orc1,ko:K02603
gene-Orc2,ko:K02604
gene-Orc2,ko:K20472
gene-Orc3,ko:K02605
gene-Orc4,ko:K02606
gene-Orc5,ko:K02607
gene-Orc6,ko:K02608
gene-Orco,ko:K08471
gene-Ork1,ko:K04920
gene-Orp8,ko:K20464
gene-Orp8,ko:K22285
gene-Osbp,ko:K20456
gene-Osbp,ko:K20462
gene-Oscillin,ko:K02564
gene-Oseg1,ko:K19656
gene-Oseg2,ko:K19676
gene-Oseg4,ko:K19674
gene-Oseg5,ko:K19678
gene-Oseg6,ko:K19671
gene-Osi24,ko:K04209
gene-Ost48,ko:K12670
gene-OstDelta,ko:K12667
gene-P32,ko:K15414
gene-P37k,ko:K09640
gene-P38mapk,ko:K04441
gene-P450,ko:K07414
gene-P450,ko:K07418
gene-P450,ko:K07422
gene-P450,ko:K14937
gene-P450,ko:K14985
gene-P58IPK,ko:K09523
gene-P5CDh1,ko:K00294
gene-P5CS,ko:K12657
gene-P5cr,ko:K00286
gene-PAH,ko:K00500
gene-PAN2,ko:K12571
gene-PAN3,ko:K12572
gene-PAPLA1,ko:K16545
gene-PCB,ko:K01958
gene-PDCD-5,ko:K06875
gene-PDZ-GEF,ko:K08018
gene-PDZ-GEF,ko:K08020
gene-PGAP1,ko:K05294
gene-PGRP-S1,ko:K01446
gene-PGRP-S2,ko:K01446
gene-PGRP-S5,ko:K01446
gene-PGS1,ko:K00995
gene-PGS1,ko:K19948
gene-PH,ko:K11456
gene-PH,ko:K11457
gene-PH,ko:K11458
gene-PH4alphaEFB,ko:K00472
gene-PHO,ko:K07765
gene-PHO,ko:K09201
gene-PI31,ko:K06700
gene-PIG-A,ko:K03857
gene-PIG-B,ko:K05286
gene-PIG-F,ko:K05287
gene-PIG-G,ko:K05310
gene-PIG-K,ko:K05290
gene-PIG-L,ko:K03434
gene-PIG-M,ko:K05284
gene-PIG-N,ko:K05285
gene-PIG-N,ko:K06626
gene-PIG-O,ko:K05288
gene-PIG-Q,ko:K03860
gene-PIG-S,ko:K05291
gene-PIG-T,ko:K05292
gene-PIG-T,ko:K15168
gene-PIG-U,ko:K05293
gene-PIG-V,ko:K07542
gene-PIG-Z,ko:K08098
gene-PIP4K,ko:K00889
gene-PIP4K,ko:K00920
gene-PKD,ko:K06070
gene-PKD,ko:K22154
gene-PMCA,ko:K01537
gene-PMCA,ko:K05850
gene-PNKP,ko:K08073
gene-PNPase,ko:K00962
gene-POLDIP2,ko:K17809
gene-POSH,ko:K12171
gene-PPO1,ko:K00505
gene-PPO2,ko:K00505
gene-PPP1R15,ko:K14019
gene-PPP4R2r,ko:K15425
gene-PQBP1,ko:K12865
gene-PRL-1,ko:K18041
gene-PSMG1,ko:K11875
gene-PSR,ko:K11323
gene-PTP-ER,ko:K04458
gene-PTP-ER,ko:K18018
gene-PTP-ER,ko:K20220
gene-PTPMT1,ko:K14165
gene-Pa1,ko:K14973
gene-Pabp,ko:K13126
gene-Pabp2,ko:K02163
gene-Pabp2,ko:K14396
gene-Paf-AHalpha,ko:K16795
gene-Paics,ko:K01587
gene-Paip1,ko:K14322
gene-Pak,ko:K01930
gene-Pak,ko:K04409
gene-Pak,ko:K04410
gene-Pak,ko:K05733
gene-Pak3,ko:K04409
gene-Papss,ko:K13811
gene-Papst2,ko:K15277
gene-Parg,ko:K07759
gene-Parn,ko:K01148
gene-Parp1,ko:K10798
gene-Parp16,ko:K00774
gene-Pask,ko:K08801
gene-Past1,ko:K12476
gene-Past1,ko:K12477
gene-Past1,ko:K12483
gene-Patj,ko:K06095
gene-Patronin,ko:K17493
gene-Patsas,ko:K20032
gene-Pax,ko:K05760
gene-Pbanr,ko:K05052
gene-Pbanr,ko:K05053
gene-Pbp49,ko:K15210
gene-Pbp95,ko:K09453
gene-Pc,ko:K11453
gene-Pc,ko:K11454
gene-Pc,ko:K11455
gene-Pcd,ko:K01724
gene-Pcf11,ko:K14400
gene-Pcif1,ko:K17584
gene-Pcl,ko:K11467
gene-Pcl,ko:K11485
gene-Pcl,ko:K11486
gene-Pcmt,ko:K00573
gene-Pcna,ko:K04802
gene-Pde11,ko:K13298
gene-Pde11,ko:K13762
gene-Pde1c,ko:K13293
gene-Pde1c,ko:K13755
gene-Pde1c,ko:K18437
gene-Pde8,ko:K18437
gene-Pdhb,ko:K00162
gene-Pdhb,ko:K09189
gene-Pdi,ko:K09580
gene-Pdk,ko:K00898
gene-Pdk,ko:K12077
gene-Pdk1,ko:K06276
gene-Pdp1,ko:K09057
gene-Pdss2,ko:K12505
gene-Pdxk,ko:K00868
gene-Pect,ko:K00967
gene-Pex1,ko:K05093
gene-Pex1,ko:K13338
gene-Pex10,ko:K13346
gene-Pex11ab,ko:K13352
gene-Pex12,ko:K13345
gene-Pex13,ko:K13344
gene-Pex14,ko:K13343
gene-Pex16,ko:K13335
gene-Pex19,ko:K13337
gene-Pex2,ko:K06664
gene-Pex23,ko:K17988
gene-Pex3,ko:K13336
gene-Pex5,ko:K13342
gene-Pex5,ko:K20915
gene-Pex7,ko:K13341
gene-Pez,ko:K18025
gene-Pfas,ko:K01952
gene-Pfdn2,ko:K09549
gene-Pfdn4,ko:K09550
gene-Pfdn5,ko:K04797
gene-Pfdn6,ko:K04798
gene-Pfk,ko:K00850
gene-Pfrx,ko:K01103
gene-Pfrx,ko:K19028
gene-Pfrx,ko:K19029
gene-Pfrx,ko:K19030
gene-Pgam5,ko:K15637
gene-Pgant5,ko:K00710
gene-Pgant7,ko:K00710
gene-Pgant9,ko:K00710
gene-Pgd,ko:K00033
gene-Pgd,ko:K11511
gene-Pgi,ko:K01810
gene-Pgk,ko:K00927
gene-Pglym,ko:K01834
gene-Pgm1,ko:K01835
gene-Pgm1,ko:K15636
gene-Pgm2a,ko:K01835
gene-Pgm2a,ko:K11809
gene-Pgm2a,ko:K15779
gene-Pgrmc2,ko:K17278
gene-PhKgamma,ko:K00871
gene-Phax,ko:K14291
gene-Phb1,ko:K17080
gene-Phb2,ko:K17081
gene-PheRS-m,ko:K01889
gene-Phf5a,ko:K12834
gene-Phlpp,ko:K16340
gene-Phm,ko:K00504
gene-Phm,ko:K18200
gene-Phyhd1,ko:K00477
gene-Phyhd1,ko:K18741
gene-Pi-t1,ko:K08193
gene-Pi-t1,ko:K12301
gene-Pi3K21B,ko:K02649
gene-Pi3K59F,ko:K00914
gene-Pi3K68D,ko:K00923
gene-Pi3K92E,ko:K00922
gene-Pi4KIIIalpha,ko:K00888
gene-Pi4KIIalpha,ko:K13711
gene-Picot,ko:K08193
gene-Picot,ko:K12301
gene-Piezo,ko:K22128
gene-Pif1,ko:K15255
gene-Pis,ko:K00999
gene-Pisd,ko:K01613
gene-Pitslre,ko:K08818
gene-Pka-C1,ko:K04345
gene-Pka-C3,ko:K19584
gene-Pka-R1,ko:K04739
gene-Pka-R2,ko:K04739
gene-Pkc53E,ko:K02677
gene-Pkc53E,ko:K19662
gene-Pkc53E,ko:K19663
gene-Pkc98E,ko:K18050
gene-Pkcdelta,ko:K06068
gene-Pkcdelta,ko:K18050
gene-Pkcdelta,ko:K18052
gene-Pkn,ko:K06071
gene-Plap,ko:K14018
gene-Plc21C,ko:K05858
gene-Pld,ko:K01115
gene-PlexA,ko:K06820
gene-PlexB,ko:K06820
gene-PlexB,ko:K06821
gene-Pli,ko:K11964
gene-Plod,ko:K13647
gene-Pmm2,ko:K17497
gene-Pmp70,ko:K05677
gene-Pms2,ko:K10858
gene-Pngl,ko:K01456
gene-Pnn,ko:K13114
gene-PolD1,ko:K02327
gene-PolD2,ko:K02328
gene-PolE4,ko:K03004
gene-PolE4,ko:K03506
gene-PolI,ko:K03510
gene-Poldip3,ko:K12881
gene-Poldip3,ko:K22414
gene-Polr1C,ko:K03027
gene-Polr1F,ko:K03004
gene-Polr2D,ko:K03012
gene-Polr2D,ko:K11314
gene-Polr2M,ko:K21987
gene-Polr2M,ko:K22031
gene-Polr3A,ko:K03018
gene-Polr3C,ko:K03023
gene-Polr3E,ko:K14721
gene-Polr3F,ko:K03025
gene-Polr3G,ko:K03024
gene-Polr3H,ko:K03022
gene-Pomp,ko:K11599
gene-Pop1,ko:K01164
gene-Pop4,ko:K03538
gene-Pop5,ko:K03537
gene-Poxm,ko:K09382
gene-Poxn,ko:K09383
gene-Pp2C1,ko:K10147
gene-Pp4-19C,ko:K15423
gene-PpD3,ko:K04460
gene-PpD3,ko:K11800
gene-PpV,ko:K15498
gene-Ppa,ko:K10280
gene-Ppat-Dpck,ko:K02318
gene-Ppcdc,ko:K01598
gene-Ppcs,ko:K01922
gene-Ppib,ko:K03768
gene-Ppox,ko:K00231
gene-Ppox,ko:K06171
gene-Ppt1,ko:K01074
gene-Ppt2,ko:K01074
gene-PrBP,ko:K13758
gene-Prip,ko:K09866
gene-Prip,ko:K09867
gene-Prip,ko:K09884
gene-Prm,ko:K17751
gene-ProRS-m,ko:K01881
gene-Prosalpha2,ko:K02726
gene-Prosalpha3,ko:K02728
gene-Prosalpha4,ko:K02731
gene-Prosalpha5,ko:K02729
gene-Prosalpha6,ko:K02725
gene-Prosalpha6,ko:K13141
gene-Prosalpha7,ko:K02727
gene-Prosbeta1,ko:K02738
gene-Prosbeta1,ko:K02741
gene-Prosbeta2,ko:K02733
gene-Prosbeta2,ko:K02739
gene-Prosbeta3,ko:K02735
gene-Prosbeta5,ko:K02737
gene-Prosbeta5,ko:K02740
gene-Prosbeta6,ko:K02732
gene-Prosbeta7,ko:K02736
gene-Prp19,ko:K10599
gene-Prp3,ko:K12843
gene-Prp31,ko:K12844
gene-Prp38,ko:K12849
gene-Prp39,ko:K13217
gene-Prp40,ko:K12821
gene-Prp4k,ko:K08827
gene-Prp5,ko:K12811
gene-Prp6,ko:K12855
gene-Prp8,ko:K12856
gene-Prpk,ko:K08851
gene-Prps,ko:K00948
gene-Prx4,ko:K03386
gene-Prx5,ko:K11187
gene-Prx6a,ko:K11188
gene-Psa,ko:K08776
gene-Psat1,ko:K00831
gene-Psf,ko:K13214
gene-Psf,ko:K13219
gene-Psf2,ko:K10733
gene-Psi,ko:K13210
gene-Psn,ko:K04505
gene-Psn,ko:K04522
gene-Pten,ko:K01110
gene-Pten,ko:K18079
gene-Ptip,ko:K14972
gene-Ptp-h,ko:K14165
gene-Ptp36E,ko:K01273
gene-Ptp36E,ko:K06776
gene-Ptp69D,ko:K01104
gene-Ptp69D,ko:K18032
gene-Ptpmeg,ko:K18027
gene-Ptpmeg,ko:K18037
gene-Ptpmeg2,ko:K18038
gene-Ptx1,ko:K04686
gene-Ptx1,ko:K09356
gene-Ptx1,ko:K09357
gene-Pu,ko:K01495
gene-Pus1,ko:K06173
gene-Pus1,ko:K20674
gene-Pus10,ko:K07583
gene-Pvr,ko:K04362
gene-Pvr,ko:K05093
gene-Pvr,ko:K05096
gene-Pvr,ko:K05097
gene-Pvr,ko:K05098
gene-Pvr,ko:K08252
gene-Pym,ko:K14294
gene-Pyroxd1,ko:K16174
gene-R2D2,ko:K18420
gene-RASSF8,ko:K09855
gene-REG,ko:K06698
gene-REPTOR,ko:K21554
gene-RIOK1,ko:K07178
gene-RIOK2,ko:K07179
gene-RMI1,ko:K10990
gene-RMI1,ko:K15700
gene-RN-tre,ko:K20133
gene-RNaseX25,ko:K01166
gene-RPA2,ko:K10739
gene-RSG7,ko:K16449
gene-RYBP,ko:K11468
gene-RYBP,ko:K11469
gene-Rab1,ko:K07874
gene-Rab1,ko:K07875
gene-Rab10,ko:K07902
gene-Rab10,ko:K07903
gene-Rab11,ko:K07904
gene-Rab11,ko:K07905
gene-Rab14,ko:K07881
gene-Rab19,ko:K07930
gene-Rab2,ko:K07877
gene-Rab26,ko:K07913
gene-Rab26,ko:K07914
gene-Rab27,ko:K07885
gene-Rab27,ko:K07886
gene-Rab3,ko:K06108
gene-Rab3,ko:K07882
gene-Rab3,ko:K07883
gene-Rab3-GAP,ko:K19937
gene-Rab3-GEF,ko:K01886
gene-Rab32,ko:K07918
gene-Rab32,ko:K07923
gene-Rab35,ko:K07876
gene-Rab39,ko:K07924
gene-Rab39,ko:K07925
gene-Rab3GAP1,ko:K18270
gene-Rab4,ko:K07879
gene-Rab4,ko:K07880
gene-Rab4,ko:K07881
gene-Rab40,ko:K07928
gene-Rab5,ko:K07887
gene-Rab5,ko:K07888
gene-Rab5,ko:K07889
gene-Rab6,ko:K07893
gene-Rab6,ko:K07894
gene-Rab6,ko:K07895
gene-Rab7,ko:K07897
gene-Rab8,ko:K06109
gene-Rab8,ko:K07901
gene-Rab8,ko:K07902
gene-Rab8,ko:K07976
gene-Rab9,ko:K07899
gene-Rab9,ko:K07900
gene-RabGGTa,ko:K14050
gene-RabX4,ko:K07976
gene-Rabex-5,ko:K20131
gene-Rabex-5,ko:K21917
gene-Rack1,ko:K14753
gene-Rad1,ko:K02830
gene-Rad17,ko:K06662
gene-Rad23,ko:K10839
gene-Rad51D,ko:K10871
gene-Rad9,ko:K10994
gene-Rad9,ko:K10995
gene-Rae1,ko:K14298
gene-RagA-B,ko:K16185
gene-RagC-D,ko:K16186
gene-Rala,ko:K07834
gene-Ran,ko:K07936
gene-RanBP3,ko:K15304
gene-Ranbp16,ko:K18460
gene-Ranbp21,ko:K14289
gene-Rap1,ko:K04353
gene-Rap1,ko:K07836
gene-Rap2l,ko:K07837
gene-Rap2l,ko:K07838
gene-Rap2l,ko:K07839
gene-RapGAP1,ko:K17700
gene-RapGAP1,ko:K17708
gene-Ras64B,ko:K07830
gene-Ras85D,ko:K07827
gene-Ras85D,ko:K07828
gene-RasGAP1,ko:K08053
gene-RasGAP1,ko:K12380
gene-Rat1,ko:K12619
gene-Rbbp5,ko:K14961
gene-Rbfox1,ko:K14946
gene-Rbm13,ko:K14831
gene-Rbmx2,ko:K07919
gene-Rbmx2,ko:K13107
gene-Rbp,ko:K17591
gene-Rbp,ko:K19922
gene-Rbp1,ko:K12892
gene-Rbp6,ko:K14411
gene-Rbpn-5,ko:K12480
gene-Rbsn-5,ko:K12481
gene-Rcc1,ko:K11493
gene-Rcd-1,ko:K12606
gene-Rcd5,ko:K11674
gene-Rchy1,ko:K10144
gene-RecQ4,ko:K10730
gene-RecQ5,ko:K10902
gene-Reck,ko:K17461
gene-ReepB,ko:K17279
gene-Ref1,ko:K12881
gene-Regnase-1,ko:K18668
gene-Remo,ko:K08460
gene-Remo,ko:K08461
gene-Remo,ko:K08462
gene-Reps,ko:K20068
gene-Rev1,ko:K03515
gene-Rexo5,ko:K14570
gene-RfC38,ko:K10756
gene-RfC4,ko:K10755
gene-Rfk,ko:K00861
gene-Rfx,ko:K09173
gene-Rga,ko:K12605
gene-Rgl,ko:K08732
gene-Rgl,ko:K10839
gene-Rgl,ko:K17635
gene-Rgl,ko:K17639
gene-Rh5,ko:K04255
gene-Rh50,ko:K06580
gene-Rhau,ko:K13185
gene-Rhau,ko:K14442
gene-Rheb,ko:K07208
gene-Rho1,ko:K04513
gene-Rho1,ko:K07857
gene-RhoBTB,ko:K07868
gene-RhoGAP100F,ko:K20655
gene-RhoGAP102A,ko:K20631
gene-RhoGAP15B,ko:K12490
gene-RhoGAP15B,ko:K18439
gene-RhoGAP15B,ko:K18440
gene-RhoGAP19D,ko:K20315
gene-RhoGAP1A,ko:K08878
gene-RhoGAP1A,ko:K20629
gene-RhoGAP54D,ko:K20640
gene-RhoGAP5A,ko:K20630
gene-RhoGAP68F,ko:K18470
gene-RhoGAP68F,ko:K20411
gene-RhoGAP68F,ko:K20633
gene-RhoGAP71E,ko:K20641
gene-RhoGAP93B,ko:K20649
gene-RhoGAPp190,ko:K05732
gene-RhoGAPp190,ko:K13709
gene-RhoGDI,ko:K12462
gene-RhoGEF2,ko:K07532
gene-RhoGEF2,ko:K12331
gene-RhoL,ko:K04392
gene-Ric,ko:K07832
gene-Ric,ko:K07833
gene-Ric,ko:K07847
gene-Rich,ko:K20476
gene-Rilpl,ko:K20173
gene-Rim,ko:K15297
gene-Rim2,ko:K15116
gene-Rint1,ko:K20474
gene-Rip11,ko:K12484
gene-Rlip,ko:K08773
gene-Rme-8,ko:K09533
gene-Rnb,ko:K22499
gene-Rnf146,ko:K15700
gene-Rnmt,ko:K00565
gene-RnrL,ko:K10807
gene-Roc1a,ko:K03868
gene-Roc2,ko:K10611
gene-Roe1,ko:K03687
gene-Root,ko:K16469
gene-Rop,ko:K15292
gene-Rop,ko:K15300
gene-Ror,ko:K05122
gene-Ror,ko:K05123
gene-Ror,ko:K08252
gene-Rox8,ko:K13201
gene-Rox8,ko:K19041
gene-RpA-70,ko:K07466
gene-RpI1,ko:K02999
gene-RpI12,ko:K03000
gene-RpI135,ko:K03002
gene-RpII140,ko:K03010
gene-RpII15,ko:K03017
gene-RpII18,ko:K03014
gene-RpII215,ko:K03006
gene-RpII33,ko:K03011
gene-RpIII128,ko:K03021
gene-RpIIIC53,ko:K03026
gene-RpL10,ko:K02866
gene-RpL10Ab,ko:K02865
gene-RpL10Ab,ko:K04532
gene-RpL11,ko:K02868
gene-RpL11,ko:K10523
gene-RpL12,ko:K02870
gene-RpL13,ko:K02873
gene-RpL13A,ko:K02872
gene-RpL14,ko:K02875
gene-RpL15,ko:K02877
gene-RpL15,ko:K15276
gene-RpL17,ko:K02880
gene-RpL18,ko:K02883
gene-RpL18,ko:K21442
gene-RpL18A,ko:K02882
gene-RpL19,ko:K02885
gene-RpL21,ko:K02889
gene-RpL22,ko:K02891
gene-RpL23,ko:K02894
gene-RpL23A,ko:K02893
gene-RpL24,ko:K02896
gene-RpL24-like,ko:K02896
gene-RpL26,ko:K02898
gene-RpL27,ko:K02901
gene-RpL27A,ko:K02900
gene-RpL28,ko:K02903
gene-RpL29,ko:K02905
gene-RpL3,ko:K02925
gene-RpL30,ko:K02908
gene-RpL31,ko:K02910
gene-RpL32,ko:K02912
gene-RpL34,ko:K02915
gene-RpL35,ko:K02918
gene-RpL36,ko:K02920
gene-RpL36A,ko:K02929
gene-RpL37-1,ko:K02922
gene-RpL37A,ko:K02921
gene-RpL38,ko:K02923
gene-RpL4,ko:K02930
gene-RpL40,ko:K02927
gene-RpL5,ko:K02932
gene-RpL6,ko:K02934
gene-RpL7,ko:K02937
gene-RpL7A,ko:K02936
gene-RpL8,ko:K02938
gene-RpL9,ko:K02940
gene-RpLP0,ko:K02941
gene-RpLP0-like,ko:K14815
gene-RpLP1,ko:K02942
gene-RpLP2,ko:K02943
gene-RpS10b,ko:K02947
gene-RpS11,ko:K02949
gene-RpS12,ko:K02951
gene-RpS13,ko:K02953
gene-RpS14,ko:K02955
gene-RpS15,ko:K02958
gene-RpS15A,ko:K02957
gene-RpS16,ko:K02960
gene-RpS17,ko:K02962
gene-RpS18,ko:K02964
gene-RpS2,ko:K02981
gene-RpS20,ko:K02969
gene-RpS21,ko:K02971
gene-RpS23,ko:K02973
gene-RpS24,ko:K02974
gene-RpS25,ko:K02975
gene-RpS25,ko:K10886
gene-RpS26,ko:K02976
gene-RpS27,ko:K02978
gene-RpS27A,ko:K02977
gene-RpS27A,ko:K14842
gene-RpS28b,ko:K02979
gene-RpS29,ko:K02980
gene-RpS3,ko:K02985
gene-RpS30,ko:K02983
gene-RpS30,ko:K15708
gene-RpS3A,ko:K02984
gene-RpS4,ko:K02987
gene-RpS5,ko:K10846
gene-RpS5,ko:K18914
gene-RpS6,ko:K02991
gene-RpS7,ko:K02993
gene-RpS8,ko:K02995
gene-RpS9,ko:K02997
gene-Rpa3,ko:K10740
gene-Rpb10,ko:K03007
gene-Rpb10,ko:K11313
gene-Rpb11,ko:K03008
gene-Rpb12,ko:K03009
gene-Rpb5,ko:K03013
gene-Rpb7,ko:K03015
gene-Rpb7,ko:K09186
gene-Rpb8,ko:K03016
gene-Rpe,ko:K01783
gene-Rph,ko:K19916
gene-Rph,ko:K19917
gene-Rph,ko:K19918
gene-Rph,ko:K19938
gene-Rph,ko:K19939
gene-Rpi,ko:K01807
gene-Rpn1,ko:K03028
gene-Rpn10,ko:K03029
gene-Rpn11,ko:K03030
gene-Rpn12,ko:K03031
gene-Rpn13,ko:K06691
gene-Rpn13,ko:K20174
gene-Rpn2,ko:K03032
gene-Rpn3,ko:K03033
gene-Rpn5,ko:K03035
gene-Rpn6,ko:K03036
gene-Rpn7,ko:K03037
gene-Rpn8,ko:K03038
gene-Rpn9,ko:K03039
gene-Rpp21,ko:K03540
gene-Rpp25,ko:K14525
gene-Rpp30,ko:K03539
gene-Rpt1,ko:K03061
gene-Rpt2,ko:K03062
gene-Rpt3,ko:K03063
gene-Rpt4,ko:K03064
gene-Rpt4,ko:K20858
gene-Rpt5,ko:K03065
gene-Rpt6,ko:K03066
gene-Rrp4,ko:K03679
gene-Rrp40,ko:K03681
gene-Rrp42,ko:K12589
gene-Rrp45,ko:K03678
gene-Rrp45,ko:K12586
gene-Rrp46,ko:K12590
gene-Rrp5,ko:K14792
gene-Rrp6,ko:K12591
gene-Rs1,ko:K13181
gene-Rsf1,ko:K12896
gene-Rsph1,ko:K19755
gene-Rsph4a,ko:K19756
gene-Rsph9,ko:K19757
gene-RtGEF,ko:K05729
gene-RtGEF,ko:K07847
gene-RtGEF,ko:K13710
gene-Rtc1,ko:K11108
gene-RtcB,ko:K14415
gene-Rtca,ko:K01974
gene-Rtf1,ko:K15178
gene-Rtnl1,ko:K20721
gene-Rtnl1,ko:K20722
gene-RunxA,ko:K08367
gene-RunxA,ko:K09278
gene-RunxA,ko:K09279
gene-RunxA,ko:K09280
gene-RunxA,ko:K20213
gene-RunxA,ko:K20214
gene-RyR,ko:K04961
gene-RyR,ko:K04962
gene-RyR,ko:K04963
gene-RyR,ko:K17675
gene-S-Lap,ko:K11142
gene-S1P,ko:K08653
gene-S2P,ko:K07765
gene-S2P,ko:K09201
gene-S6k,ko:K04688
gene-S6kII,ko:K04373
gene-SA1,ko:K06671
gene-SA1,ko:K13055
gene-SAK,ko:K08863
gene-SC1,ko:K04834
gene-SC1,ko:K04837
gene-SC1,ko:K04856
gene-SC1,ko:K21862
gene-SC35,ko:K12891
gene-SCAR,ko:K05748
gene-SCAR,ko:K05753
gene-SCAR,ko:K06083
gene-SCAR,ko:K06220
gene-SCCRO,ko:K17822
gene-SCCRO3,ko:K17823
gene-SCCRO4,ko:K17824
gene-SCOT,ko:K01027
gene-SCRB3,ko:K13885
gene-SCRB4,ko:K13885
gene-SCaMC,ko:K14684
gene-SDR39U1,ko:K07071
gene-SERCA,ko:K05853
gene-SF1,ko:K13095
gene-SF2,ko:K12890
gene-SH3PX1,ko:K17923
gene-SIDL,ko:K20307
gene-SK,ko:K04942
gene-SK,ko:K04943
gene-SK,ko:K04944
gene-SK,ko:K04945
gene-SLO2,ko:K04946
gene-SLO2,ko:K04947
gene-SMC1,ko:K06636
gene-SMC1,ko:K19719
gene-SMC2,ko:K06674
gene-SMC3,ko:K06669
gene-SNRPG,ko:K11099
gene-SOCS2-12,ko:K04695
gene-SOCS2-12,ko:K04696
gene-SOCS2-12,ko:K04701
gene-SOCS5,ko:K04697
gene-SOCS5,ko:K04698
gene-SOCS5,ko:K04699
gene-SOCS6,ko:K04699
gene-SPZ1,ko:K20694
gene-SPoCk,ko:K01537
gene-SREBP,ko:K07197
gene-SREBP,ko:K09107
gene-SRPK,ko:K08831
gene-SRPK,ko:K08832
gene-SRPK,ko:K15409
gene-ST5,ko:K08145
gene-ST5,ko:K14258
gene-STUB1,ko:K09561
gene-STUB1,ko:K12735
gene-SWIP,ko:K18465
gene-Sam-S,ko:K00789
gene-SamDC,ko:K01611
gene-SamDC,ko:K15203
gene-Samtor,ko:K18849
gene-Sans,ko:K21878
gene-Sap-r,ko:K12382
gene-Sap130,ko:K19192
gene-Sap30,ko:K19202
gene-Sar1,ko:K01462
gene-Sar1,ko:K07953
gene-Sardh,ko:K00314
gene-Sas-4,ko:K11502
gene-Sas-6,ko:K16487
gene-Sas10,ko:K14767
gene-Sb,ko:K01312
gene-Sb,ko:K01315
gene-Sb,ko:K08670
gene-Sb,ko:K09614
gene-Sbat,ko:K20824
gene-Sbds,ko:K14574
gene-Sc2,ko:K10258
gene-Scamp,ko:K19995
gene-Sce,ko:K10695
gene-Scgbeta,ko:K12566
gene-Scm,ko:K11461
gene-Scm,ko:K11465
gene-Scox,ko:K03138
gene-Scox,ko:K07152
gene-ScpX,ko:K08764
gene-Scr,ko:K09304
gene-Scr,ko:K09305
gene-Scr,ko:K09306
gene-Scr,ko:K09311
gene-ScsbetaA,ko:K01900
gene-ScsbetaG,ko:K01900
gene-Sdc,ko:K16336
gene-SdhA,ko:K00234
gene-SdhD,ko:K00237
gene-SdhD,ko:K09518
gene-Sec10,ko:K19984
gene-Sec13,ko:K14004
gene-Sec15,ko:K19985
gene-Sec16,ko:K16681
gene-Sec20,ko:K08497
gene-Sec22,ko:K08517
gene-Sec23,ko:K14006
gene-Sec24AB,ko:K14007
gene-Sec24CD,ko:K14007
gene-Sec31,ko:K14005
gene-Sec5,ko:K17637
gene-Sec6,ko:K06110
gene-Sec61alpha,ko:K10956
gene-Sec61beta,ko:K09481
gene-Sec63,ko:K09540
gene-Sec71,ko:K18442
gene-Sec8,ko:K06111
gene-Seipin,ko:K19365
gene-SelR,ko:K07305
gene-SelT,ko:K22366
gene-Sem1,ko:K10881
gene-Sema1a,ko:K06841
gene-Sema1a,ko:K06842
gene-Sema2a,ko:K06842
gene-Sema5c,ko:K06841
gene-Sema5c,ko:K06842
gene-Septin1,ko:K16942
gene-Septin2,ko:K16939
gene-Septin2,ko:K16940
gene-Septin4,ko:K04557
gene-Septin4,ko:K06262
gene-Septin4,ko:K13737
gene-Septin4,ko:K16942
gene-Septin4,ko:K16943
gene-Ser,ko:K06052
gene-Ser,ko:K21635
gene-Ser-4,ko:K04153
gene-SerRS,ko:K01875
gene-SerRS-m,ko:K01875
gene-Sert,ko:K05037
gene-Set1,ko:K11422
gene-Set2,ko:K11423
gene-Set8,ko:K11428
gene-Setd3,ko:K19199
gene-Setx,ko:K10706
gene-Sf3a1,ko:K12825
gene-Sf3a2,ko:K12826
gene-Sf3b1,ko:K12828
gene-Sf3b2,ko:K12829
gene-Sf3b2,ko:K16061
gene-Sf3b3,ko:K12830
gene-Sf3b5,ko:K12832
gene-Sf3b5,ko:K19485
gene-Sf3b6,ko:K12833
gene-Sfxn1-3,ko:K03351
gene-Sgf11,ko:K11363
gene-Sgf29,ko:K11364
gene-Sgsh,ko:K01565
gene-Sgt1,ko:K12795
gene-Shab,ko:K04885
gene-Shab,ko:K04886
gene-Shal,ko:K04891
gene-Shal,ko:K04892
gene-Shal,ko:K04893
gene-Shal,ko:K13912
gene-Shark,ko:K17512
gene-Shaw,ko:K04887
gene-Shc,ko:K06279
gene-Shc,ko:K17447
gene-Shc,ko:K17448
gene-Shc,ko:K17449
gene-Shmt,ko:K00600
gene-SiaT,ko:K00778
gene-SiaT,ko:K00779
gene-Sik2,ko:K16311
gene-Sik2,ko:K19008
gene-Sik2,ko:K19009
gene-Sin1,ko:K18407
gene-Sin1,ko:K20410
gene-Sin3A,ko:K11644
gene-Sirt2,ko:K11412
gene-Sirt2,ko:K11413
gene-Sirt6,ko:K11416
gene-Sirt7,ko:K11416
gene-Sirt7,ko:K11417
gene-Ski6,ko:K11600
gene-SkpA,ko:K03094
gene-Slbp,ko:K18710
gene-Sld5,ko:K10735
gene-Slh,ko:K19998
gene-Slik,ko:K08836
gene-Slik,ko:K08837
gene-Slimp,ko:K01875
gene-Slimp,ko:K14821
gene-Slob,ko:K15104
gene-Slob,ko:K17543
gene-Slu7,ko:K12819
gene-SmB,ko:K11086
gene-SmB,ko:K11100
gene-SmD1,ko:K11087
gene-SmD2,ko:K11096
gene-SmD3,ko:K11088
gene-SmF,ko:K11098
gene-Smg5,ko:K11125
gene-Smg6,ko:K11124
gene-Smn,ko:K13129
gene-Smox,ko:K04500
gene-Smr,ko:K04650
gene-Sms,ko:K00802
gene-Smu1,ko:K13111
gene-Smug,ko:K10800
gene-Smurf,ko:K04678
gene-Smyd3,ko:K11426
gene-Smyd4-4,ko:K11426
gene-Snap29,ko:K08509
gene-Snapin,ko:K20002
gene-Snf4agamma,ko:K07200
gene-Snf4agamma,ko:K20346
gene-Snmp2,ko:K06259
gene-Snmp2,ko:K12384
gene-Snmp2,ko:K13885
gene-Snoo,ko:K18499
gene-Snr1,ko:K11648
gene-Snrk,ko:K08802
gene-Snup,ko:K13151
gene-Snx1,ko:K17917
gene-Snx16,ko:K17928
gene-Snx17,ko:K17929
gene-Snx21,ko:K17931
gene-Snx21,ko:K17932
gene-Snx27,ko:K17936
gene-Snx3,ko:K17918
gene-Snx6,ko:K17920
gene-Sod1,ko:K04565
gene-Sod2,ko:K04564
gene-Sos,ko:K03099
gene-Sox102F,ko:K09269
gene-Sox15,ko:K09270
gene-Sox21b,ko:K09267
gene-SoxB3,ko:K09267
gene-SoxN,ko:K09267
gene-SoxN,ko:K16796
gene-Sp1,ko:K09199
gene-Spase12,ko:K12946
gene-Spase22-23,ko:K12948
gene-Spase25,ko:K12947
gene-SpdS,ko:K00797
gene-Spf30,ko:K12839
gene-Spf45,ko:K12840
gene-Spg7,ko:K09552
gene-Sply,ko:K01634
gene-Sply,ko:K20704
gene-Spn,ko:K17551
gene-SppL,ko:K09598
gene-Spred,ko:K04703
gene-Sps1,ko:K01008
gene-Spt-I,ko:K00654
gene-Spt5,ko:K15172
gene-Spt6,ko:K11292
gene-Sptr,ko:K00072
gene-Sptz,ko:K19027
gene-Spx,ko:K07951
gene-Spx,ko:K12831
gene-Sqor,ko:K22470
gene-Sra-1,ko:K05749
gene-Sras,ko:K08658
gene-Src42A,ko:K04447
gene-Src42A,ko:K08892
gene-Src64B,ko:K05703
gene-Src64B,ko:K05704
gene-Src64B,ko:K08892
gene-Srp14,ko:K03104
gene-Srp19,ko:K03105
gene-Srp54,ko:K12899
gene-Srp54,ko:K13165
gene-Srp54k,ko:K03106
gene-Srp68,ko:K03107
gene-Srp72,ko:K03108
gene-Srp9,ko:K03109
gene-SrpRalpha,ko:K13431
gene-SrpRbeta,ko:K12272
gene-SrpRbeta,ko:K13343
gene-Srrm1,ko:K13171
gene-Srrm234,ko:K13172
gene-Srx,ko:K12260
gene-SsRbeta,ko:K13250
gene-Ssadh,ko:K15621
gene-Sse,ko:K02365
gene-Ssl1,ko:K03142
gene-Ssl1,ko:K14766
gene-Ssrp,ko:K09272
gene-Ssu72,ko:K15544
gene-St2,ko:K01016
gene-Stam,ko:K04705
gene-Start1,ko:K22291
gene-Stat92E,ko:K11223
gene-Stat92E,ko:K11224
gene-Stim,ko:K16059
gene-Stim,ko:K18196
gene-Stip1,ko:K04734
gene-Stip1,ko:K09553
gene-Stip1,ko:K16362
gene-Stlk,ko:K08271
gene-Stoml2,ko:K03364
gene-Strump,ko:K18464
gene-Stt3A,ko:K07151
gene-Stt3B,ko:K07151
gene-Su(H),ko:K06053
gene-Su(H),ko:K18196
gene-Su(P),ko:K05309
gene-Su(Tpl),ko:K15183
gene-Su(dx),ko:K05632
gene-Su(dx),ko:K05633
gene-Su(fu),ko:K06229
gene-Su(var)2-10,ko:K04706
gene-Su(var)2-10,ko:K16063
gene-Su(var)2-10,ko:K16064
gene-Su(var)3-3,ko:K11450
gene-Su(z)12,ko:K11463
gene-Sulf1,ko:K14607
gene-Sult,ko:K01016
gene-Sur,ko:K05032
gene-Sur,ko:K05033
gene-Sur-8,ko:K19613
gene-Surf1,ko:K14998
gene-Surf4,ko:K20369
gene-Suv3,ko:K17675
gene-Svil,ko:K10369
gene-Svip,ko:K14014
gene-Sxl,ko:K13201
gene-Sxl,ko:K18747
gene-Sym,ko:K06100
gene-Syn,ko:K19941
gene-Synd,ko:K20123
gene-Synj,ko:K20279
gene-Sys1,ko:K20318
gene-Syt14,ko:K19328
gene-Syt4,ko:K19904
gene-Syt4,ko:K19911
gene-Syt4,ko:K20674
gene-Syt7,ko:K19907
gene-Syti,ko:K15290
gene-Syti,ko:K19902
gene-Syti,ko:K19905
gene-Syx13,ko:K13814
gene-Syx16,ko:K08489
gene-Syx17,ko:K08491
gene-Syx18,ko:K08492
gene-Syx1A,ko:K04560
gene-Syx1A,ko:K08486
gene-Syx5,ko:K08490
gene-Syx6,ko:K08498
gene-Syx7,ko:K08488
gene-Syx7,ko:K13813
gene-T3dh,ko:K11173
gene-TAF1B,ko:K12880
gene-TAF1B,ko:K13379
gene-TAF1C-like,ko:K15214
gene-TAR2,ko:K04145
gene-TBC1D5,ko:K18469
gene-TBC1d7,ko:K20396
gene-TBCB,ko:K17262
gene-TBCC,ko:K21766
gene-TBCD,ko:K21767
gene-TDRD12,ko:K18409
gene-TER94,ko:K13525
gene-TFAM,ko:K11830
gene-TH1,ko:K15181
gene-THG,ko:K10761
gene-TM9SF2,ko:K09645
gene-TM9SF2,ko:K17086
gene-TM9SF3,ko:K17087
gene-TM9SF4,ko:K17086
gene-TOR1,ko:K07203
gene-TPT,ko:K15283
gene-TRAM,ko:K00850
gene-TSG101,ko:K12183
gene-TTLL12,ko:K16609
gene-TTLL15,ko:K16610
gene-TTLL5,ko:K16602
gene-Tab2,ko:K04404
gene-Tace,ko:K06059
gene-Taf1,ko:K03125
gene-Taf11,ko:K03135
gene-Taf12,ko:K03126
gene-Taf13,ko:K03127
gene-Taf2,ko:K03128
gene-Taf3,ko:K13154
gene-Taf3,ko:K14650
gene-Taf5,ko:K03130
gene-Taf8,ko:K14649
gene-Taf9,ko:K03133
gene-Taf9,ko:K14535
gene-Tak1,ko:K04427
gene-Taldo,ko:K00616
gene-Tango11,ko:K22076
gene-Tango14,ko:K19177
gene-Tango4,ko:K12862
gene-Tango5,ko:K21248
gene-Tao,ko:K04429
gene-Tap42,ko:K17606
gene-Tapdelta,ko:K04571
gene-Tasp1,ko:K08657
gene-Taz,ko:K13511
gene-Tbc1d15-17,ko:K19945
gene-Tbc1d15-17,ko:K20168
gene-Tbc1d22,ko:K20360
gene-Tbc1d8-9,ko:K19951
gene-Tbca,ko:K17292
gene-Tbce,ko:K21768
gene-Tbh,ko:K00503
gene-Tbp,ko:K03120
gene-Tcs3,ko:K01409
gene-Tctp,ko:K20301
gene-Tdc2,ko:K01590
gene-Tdc2,ko:K01593
gene-Tdc2,ko:K22329
gene-Tdh,ko:K15789
gene-Tektin-A,ko:K18631
gene-Tert,ko:K11126
gene-Tet,ko:K13097
gene-Tf,ko:K06569
gene-TfAP-2,ko:K09176
gene-TfAP-2,ko:K09177
gene-TfAP-2,ko:K09179
gene-TfAP-2,ko:K09180
gene-TfIIA-L,ko:K03122
gene-TfIIA-S,ko:K03123
gene-TfIIB,ko:K03124
gene-TfIIEalpha,ko:K03136
gene-TfIIEbeta,ko:K03137
gene-TfIIFalpha,ko:K03138
gene-TfIIS,ko:K03145
gene-Tfb1,ko:K03141
gene-Tfb4,ko:K03143
gene-Tfb5,ko:K10845
gene-Tfb5,ko:K11663
gene-Tgs1,ko:K14292
gene-Tgt,ko:K00773
gene-Thor,ko:K07205
gene-Thor,ko:K18644
gene-Thor,ko:K18645
gene-ThrRS,ko:K01868
gene-Tif-IA,ko:K15216
gene-Tim10,ko:K17778
gene-Tim23,ko:K17794
gene-Tim8,ko:K17780
gene-Tim9a,ko:K17777
gene-Time,ko:K04565
gene-Timp,ko:K16866
gene-Tip60,ko:K11304
gene-Tis11,ko:K15308
gene-Tis11,ko:K18753
gene-Tkz,ko:K05124
gene-Tkz,ko:K05125
gene-Tkz,ko:K05906
gene-Tlk,ko:K08864
gene-Tm,ko:K14527
gene-Tm2,ko:K09290
gene-Tm2,ko:K10373
gene-Tm2,ko:K10374
gene-Tmc,ko:K21988
gene-Tmem18,ko:K22145
gene-Tmem63,ko:K21989
gene-Tmep,ko:K01414
gene-Tmf,ko:K20286
gene-Tmlh,ko:K00471
gene-Tmlh,ko:K00474
gene-Tnks,ko:K10799
gene-Tnpo,ko:K18727
gene-Tnpo,ko:K18752
gene-Tnpo-SR,ko:K15436
gene-Tob,ko:K14443
gene-Toll-6,ko:K18808
gene-Tollo,ko:K18808
gene-Tom70,ko:K17768
gene-Tomosyn,ko:K08518
gene-Top1,ko:K03163
gene-Top2,ko:K03164
gene-Top3alpha,ko:K03165
gene-Top3beta,ko:K03165
gene-Top3beta,ko:K08466
gene-Tpi,ko:K01803
gene-TpnT,ko:K12045
gene-TpnT,ko:K12046
gene-TppII,ko:K01280
gene-Tpr2,ko:K09527
gene-Tps1,ko:K16055
gene-Tpst,ko:K01021
gene-Tra2,ko:K12897
gene-Traf-like,ko:K03174
gene-Traf-like,ko:K09849
gene-Traf4,ko:K03174
gene-Traf4,ko:K09848
gene-Traf4,ko:K09849
gene-Trap1,ko:K09488
gene-Trc8,ko:K15703
gene-Tre1,ko:K04163
gene-Treh-2,ko:K01194
gene-Tret1,ko:K08145
gene-Tret1,ko:K14258
gene-Trhn,ko:K00502
gene-Trim9,ko:K10649
gene-Trm1,ko:K00011
gene-Trm1,ko:K00555
gene-Trmt112,ko:K15448
gene-Trmt6,ko:K03256
gene-Trmt61,ko:K07442
gene-Trp1,ko:K12275
gene-TrpA1,ko:K04984
gene-TrpRS,ko:K01867
gene-TrpRS,ko:K10402
gene-Trpm,ko:K04976
gene-Trpm,ko:K04977
gene-Trpm,ko:K04978
gene-Trpm,ko:K04981
gene-Trpm,ko:K04982
gene-Trs20,ko:K20301
gene-Trs23,ko:K20303
gene-Trs31,ko:K10840
gene-Trs31,ko:K20280
gene-Trs33,ko:K02321
gene-Trs33,ko:K04706
gene-Trs33,ko:K20304
gene-Trx2,ko:K03671
gene-Trxr1,ko:K22182
gene-Tsc1,ko:K07206
gene-Tsen2,ko:K15322
gene-Tsen34,ko:K15323
gene-Tsen54,ko:K15326
gene-Tsf2,ko:K06569
gene-Tsf2,ko:K14736
gene-Tsf2,ko:K17283
gene-Tsp,ko:K04659
gene-Tsp26A,ko:K10303
gene-Tsp26A,ko:K17345
gene-Tsp2A,ko:K06460
gene-Tsp97E,ko:K17356
gene-Tsr1,ko:K14799
gene-Tssk,ko:K08811
gene-Ttc19,ko:K18169
gene-Ttc26,ko:K19685
gene-Ttc30,ko:K19683
gene-Ttc7,ko:K21843
gene-Tti1,ko:K20403
gene-Tua1,ko:K05673
gene-Tua1,ko:K07374
gene-Tua2,ko:K07374
gene-Tua3,ko:K07374
gene-Tub1,ko:K07375
gene-Tudor-SN,ko:K13221
gene-Tudor-SN,ko:K15979
gene-Tyms,ko:K00560
gene-TyrRS,ko:K01866
gene-TyrRS-m,ko:K01866
gene-U2A,ko:K08672
gene-U2A,ko:K11092
gene-U2af38,ko:K12836
gene-U2af50,ko:K12837
gene-U3-55K,ko:K14793
gene-U4-U6-60K,ko:K12662
gene-UGP,ko:K00963
gene-UGT39B1,ko:K00699
gene-UGT39B1,ko:K04628
gene-UGT46A2,ko:K00699
gene-UGT46A2,ko:K04628
gene-UGT47A1,ko:K00699
gene-UGT47A1,ko:K04628
gene-UGT48C1,ko:K00699
gene-UGT48C1,ko:K04628
gene-UK114,ko:K09022
gene-UQCR-C1,ko:K00414
gene-UQCR-C1,ko:K17732
gene-UQCR-C2,ko:K00415
gene-UQCR-Q,ko:K00418
gene-USP,ko:K07295
gene-USP,ko:K08524
gene-USP,ko:K08525
gene-USP,ko:K08526
gene-USP,ko:K14030
gene-Uba1,ko:K03178
gene-Uba1,ko:K10698
gene-Uba2,ko:K10685
gene-Uba3,ko:K10686
gene-Uba4,ko:K11996
gene-Uba5,ko:K12164
gene-Ubc10,ko:K04552
gene-Ubc13,ko:K10580
gene-Ubc4,ko:K04649
gene-Ubc6,ko:K10573
gene-Ubc6,ko:K10574
gene-Ubc7,ko:K04555
gene-UbcE2H,ko:K10576
gene-UbcE2M,ko:K10579
gene-Ube2g1,ko:K02331
gene-Ube2g1,ko:K10575
gene-Ube3a,ko:K10587
gene-Ube3a,ko:K12232
gene-Ube4A,ko:K10596
gene-Ube4B,ko:K10597
gene-Ublcp1,ko:K17618
gene-Ubqn,ko:K04523
gene-Ubr1,ko:K10625
gene-Ubr1,ko:K10626
gene-Ubr3,ko:K11978
gene-Ubr3,ko:K17455
gene-Ubx,ko:K09311
gene-Uccr,ko:K00417
gene-Uch,ko:K05609
gene-Uch-L5,ko:K05610
gene-Uch-L5,ko:K08588
gene-Uck,ko:K00876
gene-Ucp4A,ko:K15112
gene-Ucp4A,ko:K19347
gene-Uev1A,ko:K10704
gene-Ufc1,ko:K12165
gene-Ufd1-like,ko:K14016
gene-Ufd4,ko:K12231
gene-Ufm1,ko:K12162
gene-Ufsp1,ko:K01376
gene-Ufsp2,ko:K01376
gene-Ugalt,ko:K15272
gene-Uggt,ko:K11718
gene-Ugt2,ko:K00699
gene-Ugt50B3,ko:K00699
gene-Ugt50B3,ko:K04628
gene-Unc-115a,ko:K07520
gene-Upf1,ko:K14326
gene-Upf2,ko:K14327
gene-Upf3,ko:K14328
gene-Uqcc1,ko:K17662
gene-Uqcr11,ko:K00420
gene-Urm1,ko:K12161
gene-Uro,ko:K00365
gene-Urod,ko:K01599
gene-Uros1,ko:K01719
gene-Use1,ko:K08507
gene-Usf,ko:K09106
gene-Usp1,ko:K11832
gene-Usp10,ko:K11841
gene-Usp10,ko:K13958
gene-Usp12-46,ko:K11842
gene-Usp14,ko:K11843
gene-Usp15-31,ko:K11852
gene-Usp15-31,ko:K11856
gene-Usp15-31,ko:K21343
gene-Usp16-45,ko:K11844
gene-Usp20-33,ko:K11848
gene-Usp30,ko:K11851
gene-Usp32,ko:K11837
gene-Usp39,ko:K12847
gene-Usp5,ko:K11836
gene-Usp7,ko:K11838
gene-Utx,ko:K11447
gene-Uvrag,ko:K21249
gene-Uxs,ko:K08678
gene-VAChT,ko:K14636
gene-VATPc,ko:K02155
gene-VGAT,ko:K15015
gene-VGlut,ko:K08193
gene-VGlut,ko:K12301
gene-VGlut,ko:K12302
gene-VIG,ko:K13199
gene-ValRS,ko:K01873
gene-ValRS-m,ko:K01873
gene-Vamp7,ko:K08515
gene-Vang,ko:K04510
gene-Vap33,ko:K06096
gene-Vap33,ko:K10707
gene-Varp,ko:K20175
gene-Vav,ko:K05730
gene-Vha100-2,ko:K02154
gene-Vha13,ko:K02152
gene-Vha14-1,ko:K02151
gene-Vha26,ko:K02150
gene-Vha44,ko:K02148
gene-Vha55,ko:K02147
gene-VhaAC39-1,ko:K02146
gene-VhaAC45,ko:K03662
gene-VhaPPA1-1,ko:K03661
gene-VhaSFD,ko:K02144
gene-Vhl,ko:K03871
gene-Vkor,ko:K05357
gene-Vlg,ko:K13982
gene-Vps11,ko:K20179
gene-Vps13,ko:K07050
gene-Vps13,ko:K19525
gene-Vps13B,ko:K19526
gene-Vps13D,ko:K19527
gene-Vps15,ko:K08333
gene-Vps16A,ko:K20180
gene-Vps2,ko:K12191
gene-Vps20,ko:K12195
gene-Vps24,ko:K12193
gene-Vps26,ko:K18466
gene-Vps28,ko:K12184
gene-Vps29,ko:K18467
gene-Vps33B,ko:K20182
gene-Vps35,ko:K18468
gene-Vps36,ko:K12190
gene-Vps37B,ko:K12185
gene-Vps39,ko:K20183
gene-Vps4,ko:K12196
gene-Vps45,ko:K12479
gene-Vps51,ko:K20296
gene-Vps52,ko:K20298
gene-Vps53,ko:K20299
gene-Vps60,ko:K12198
gene-Vps8,ko:K20178
gene-Vta1,ko:K12199
gene-Vti1a,ko:K08493
gene-WDR79,ko:K16745
gene-Wdr24,ko:K20408
gene-Wdr59,ko:K20409
gene-Wdr62,ko:K21762
gene-Wdr62,ko:K21763
gene-Wdr81,ko:K17601
gene-Wdr82,ko:K08870
gene-Wdr82,ko:K14962
gene-Wnk,ko:K08867
gene-Wnt10,ko:K01064
gene-Wnt10,ko:K01357
gene-Wnt2,ko:K00572
gene-Wnt4,ko:K01064
gene-Wnt6,ko:K00445
gene-Wwox,ko:K19329
gene-XRCC1,ko:K10803
gene-Xbp1,ko:K09027
gene-Xdh2,ko:K00106
gene-Xdh2,ko:K00157
gene-Xe7,ko:K13169
gene-Xpac,ko:K10847
gene-Xpc,ko:K10838
gene-Xpd,ko:K10844
gene-YL-1,ko:K11664
gene-YME1L,ko:K08955
gene-Yif1,ko:K20362
gene-Yip1d1,ko:K20363
gene-Ykt6,ko:K08516
gene-Yod1,ko:K13719
gene-Ythdc1,ko:K20100
gene-Ythdf,ko:K20102
gene-Zasp52,ko:K19867
gene-Zcchc7,ko:K00504
gene-Zcchc7,ko:K12597
gene-Zcchc7,ko:K18200
gene-Zdhhc8,ko:K20030
gene-Zfrp8,ko:K14801
gene-Zip102B,ko:K14715
gene-Zip48C,ko:K14717
gene-Zip71B,ko:K14711
gene-Zip71B,ko:K14716
gene-Zip88E,ko:K14709
gene-Zip89B,ko:K14709
gene-Zip99C,ko:K14719
gene-Zir,ko:K21852
gene-Ziz,ko:K21853
gene-Zn72D,ko:K13203
gene-ZnT49B,ko:K14696
gene-ZnT63C,ko:K14688
gene-ZnT77C,ko:K14688
gene-ZnT86D,ko:K12623
gene-ZnT86D,ko:K14692
gene-Zpr1,ko:K06874
gene-Zpr1,ko:K09025
gene-Zw,ko:K00036
gene-Zw10,ko:K10481
gene-Zw10,ko:K11578
gene-Zwilch,ko:K11579
gene-_Bre2,ko:K07819
gene-_Bre3,ko:K02359
gene-_Bre4,ko:K07966
gene-_Bre4,ko:K07967
gene-_Bre4,ko:K07968
gene-aPKC,ko:K06069
gene-aPKC,ko:K18952
gene-aay,ko:K01079
gene-abd-A,ko:K09307
gene-abd-A,ko:K09311
gene-abo,ko:K10571
gene-abs,ko:K13116
gene-ac,ko:K09067
gene-ace1,ko:K01049
gene-ace1,ko:K01050
gene-ace2,ko:K01049
gene-ace2,ko:K01050
gene-acj6,ko:K09366
gene-adp,ko:K11807
gene-aft,ko:K14590
gene-ago,ko:K10260
gene-aif,ko:K04727
gene-ais,ko:K14779
gene-alc,ko:K07199
gene-alien,ko:K12176
gene-alka,ko:K05194
gene-alka,ko:K05195
gene-alph,ko:K04461
gene-alpha-Cat,ko:K05691
gene-alpha-Catr,ko:K18763
gene-alpha-Man-IIa,ko:K01231
gene-alpha-Man-IIb,ko:K01191
gene-alpha-Man-Ib,ko:K01230
gene-alpha-PheRS,ko:K01889
gene-alpha-Spec,ko:K06114
gene-alphaCOP,ko:K05236
gene-alphaSnap,ko:K15296
gene-amon,ko:K01360
gene-amrt,ko:K09488
gene-ana1,ko:K16714
gene-anne,ko:K14951
gene-aop,ko:K03211
gene-aos,ko:K02104
gene-ap,ko:K09373
gene-aph-1,ko:K06172
gene-apolpp,ko:K06271
gene-app,ko:K16675
gene-aralar1,ko:K15105
gene-arg,ko:K01476
gene-ari-1,ko:K11968
gene-ari-2,ko:K11969
gene-arm,ko:K02105
gene-arr,ko:K03068
gene-asf1,ko:K10753
gene-ash1,ko:K06101
gene-ash2,ko:K14964
gene-asl,ko:K16716
gene-asl,ko:K16728
gene-asp,ko:K16743
gene-ast,ko:K10870
gene-ath,ko:K00759
gene-ath,ko:K17820
gene-atl,ko:K17339
gene-atms,ko:K15174
gene-aub,ko:K02156
gene-aurB,ko:K11479
gene-aux,ko:K08855
gene-aux,ko:K09526
gene-awd,ko:K00940
gene-axed,ko:K10477
gene-babo,ko:K04674
gene-babo,ko:K04675
gene-babo,ko:K13567
gene-babo,ko:K13568
gene-babo,ko:K13578
gene-baf,ko:K21870
gene-bai,ko:K20352
gene-barc,ko:K13093
gene-bark,ko:K09624
gene-barr,ko:K01053
gene-barr,ko:K06676
gene-baz,ko:K04237
gene-bbc,ko:K00993
gene-bbc,ko:K00994
gene-bbc,ko:K13644
gene-bbx,ko:K21643
gene-bchs,ko:K22262
gene-bcn92,ko:K22069
gene-bdg,ko:K05336
gene-be2,ko:K01044
gene-be2,ko:K01049
gene-be2,ko:K03927
gene-be2,ko:K15743
gene-beag,ko:K13109
gene-beg,ko:K00645
gene-bel,ko:K11594
gene-bel,ko:K17642
gene-bent,ko:K12567
gene-beta'COP,ko:K17302
gene-beta-Man,ko:K01192
gene-beta-PheRS,ko:K01890
gene-beta3GalTII,ko:K00734
gene-betaCOP,ko:K17301
gene-betaggt-I,ko:K11713
gene-betaggt-II,ko:K05956
gene-betaggt-II,ko:K12373
gene-bic,ko:K01527
gene-bigmax,ko:K09113
gene-black,ko:K01580
gene-black,ko:K01594
gene-black,ko:K18966
gene-blp,ko:K17805
gene-blw,ko:K02132
gene-bma,ko:K17541
gene-bmm,ko:K13534
gene-bmm,ko:K16765
gene-bmm,ko:K16814
gene-bmm,ko:K16816
gene-boi,ko:K20020
gene-boi,ko:K20244
gene-boi,ko:K20245
gene-bon,ko:K08825
gene-bon,ko:K08881
gene-bon,ko:K08883
gene-bonsai,ko:K02956
gene-bor,ko:K17681
gene-bora,ko:K16831
gene-botv,ko:K02370
gene-bowl,ko:K09215
gene-br,ko:K02174
gene-brat,ko:K11997
gene-bru3,ko:K13207
gene-brun,ko:K20306
gene-bs,ko:K04378
gene-bsf,ko:K17964
gene-bsk,ko:K04440
gene-btv,ko:K05636
gene-btv,ko:K10414
gene-btz,ko:K14323
gene-bug,ko:K01724
gene-bur,ko:K01951
gene-bwa,ko:K01441
gene-bwa,ko:K04711
gene-by,ko:K18080
gene-byn,ko:K10172
gene-bys,ko:K14797
gene-c12.1,ko:K09191
gene-c12.1,ko:K12863
gene-cN-IIIB,ko:K01081
gene-cac,ko:K04849
gene-cact,ko:K04734
gene-cact,ko:K05872
gene-calypso,ko:K08588
gene-calypso,ko:K14779
gene-capt,ko:K17261
gene-capu,ko:K02184
gene-capu,ko:K10367
gene-car,ko:K20182
gene-carmine,ko:K12398
gene-casp,ko:K20703
gene-cbc,ko:K14399
gene-cbt,ko:K09209
gene-cbt,ko:K13943
gene-cdi,ko:K08287
gene-cdi,ko:K08841
gene-cdi,ko:K08842
gene-cert,ko:K08283
gene-chb,ko:K16578
gene-cher,ko:K04437
gene-chic,ko:K05759
gene-chm,ko:K11307
gene-ci,ko:K06230
gene-ci,ko:K16797
gene-ci,ko:K16798
gene-ci,ko:K16799
gene-cib,ko:K06643
gene-cic,ko:K20225
gene-cin,ko:K10742
gene-cin,ko:K15376
gene-ck,ko:K10359
gene-ck,ko:K21868
gene-ckn,ko:K21952
gene-clu,ko:K03255
gene-cn,ko:K00486
gene-cni,ko:K20368
gene-cnir,ko:K20368
gene-cnk,ko:K17536
gene-cnn,ko:K16542
gene-cnn,ko:K16549
gene-cnn,ko:K16718
gene-cno,ko:K05702
gene-colt,ko:K15109
gene-conu,ko:K20639
gene-coro,ko:K13882
gene-coro,ko:K13886
gene-cos,ko:K06227
gene-cpa,ko:K10364
gene-cpb,ko:K10365
gene-cpx,ko:K15294
gene-crb,ko:K02599
gene-crb,ko:K06052
gene-crb,ko:K16681
gene-crc,ko:K04374
gene-crn,ko:K12869
gene-croc,ko:K09396
gene-crp,ko:K09108
gene-cry,ko:K02295
gene-cry2,ko:K02295
gene-csul,ko:K02516
gene-csw,ko:K07293
gene-cta,ko:K04346
gene-cta,ko:K04639
gene-ctrip,ko:K10590
gene-cut,ko:K09313
gene-cutlet,ko:K11269
gene-cv-c,ko:K20632
gene-cv-d,ko:K13211
gene-cwo,ko:K03963
gene-cwo,ko:K09091
gene-cyc,ko:K02296
gene-cycD,ko:K04503
gene-cycD,ko:K10151
gene-cycD,ko:K10152
gene-cyp33,ko:K09564
gene-cype,ko:K02268
gene-cyst,ko:K16529
gene-cyst,ko:K21066
gene-cyst,ko:K21072
gene-cysu,ko:K19511
gene-d4,ko:K13196
gene-d4,ko:K22198
gene-dUTPase,ko:K01520
gene-da,ko:K15603
gene-dachs,ko:K16677
gene-dally,ko:K02306
gene-dally,ko:K08109
gene-dally,ko:K08111
gene-dare,ko:K10846
gene-dare,ko:K18914
gene-daw,ko:K04667
gene-daw,ko:K04669
gene-dbe,ko:K06961
gene-dbo,ko:K10457
gene-dco,ko:K08959
gene-dco,ko:K08960
gene-dcr-2,ko:K11592
gene-deltaCOP,ko:K06258
gene-deltaCOP,ko:K20471
gene-dgo,ko:K21435
gene-dgt1,ko:K18401
gene-dia,ko:K05740
gene-dia,ko:K05741
gene-dia,ko:K05745
gene-dia,ko:K16688
gene-dib,ko:K10721
gene-didum,ko:K10357
gene-dila,ko:K16540
gene-dila,ko:K17480
gene-dimm,ko:K08040
gene-disp,ko:K10649
gene-dlg1,ko:K12076
gene-dlg1,ko:K21098
gene-dlp,ko:K08108
gene-dlp,ko:K08110
gene-dlp,ko:K08112
gene-dlp,ko:K16330
gene-dlt,ko:K16308
gene-dlt,ko:K18952
gene-dlt,ko:K19531
gene-dmpd,ko:K10306
gene-dmrt11E,ko:K19489
gene-dmrt93B,ko:K19489
gene-dmrt93B,ko:K19490
gene-dmrt93B,ko:K19491
gene-dmrt99B,ko:K19491
gene-dnr1,ko:K10637
gene-dnt,ko:K05128
gene-dock,ko:K07365
gene-dock,ko:K19862
gene-dom,ko:K11320
gene-dom,ko:K11661
gene-dop,ko:K08789
gene-dor,ko:K20181
gene-dos,ko:K08091
gene-dos,ko:K09593
gene-dos,ko:K20231
gene-dpa,ko:K02212
gene-dpp,ko:K04662
gene-dpp,ko:K21283
gene-drk,ko:K04364
gene-drongo,ko:K15044
gene-drongo,ko:K17969
gene-drosha,ko:K03685
gene-ds,ko:K16507
gene-dsf,ko:K07295
gene-dsf,ko:K08545
gene-dsf,ko:K08546
gene-dsh,ko:K02353
gene-dtn,ko:K17599
gene-dtr,ko:K19750
gene-dup,ko:K10727
gene-dve,ko:K19774
gene-dysc,ko:K21879
gene-e(y)3,ko:K22197
gene-eEF1alpha1,ko:K03231
gene-eEF1beta,ko:K03232
gene-eEF1beta,ko:K15410
gene-eEF1delta,ko:K15410
gene-eEF1gamma,ko:K03233
gene-eEF2,ko:K03234
gene-eEF5,ko:K03263
gene-eIF1,ko:K03113
gene-eIF1A,ko:K03236
gene-eIF1A,ko:K17410
gene-eIF2A,ko:K11294
gene-eIF2A,ko:K15026
gene-eIF2A,ko:K15076
gene-eIF2Balpha,ko:K03239
gene-eIF2Bbeta,ko:K19041
gene-eIF2Bdelta,ko:K03680
gene-eIF2Bepsilon,ko:K03240
gene-eIF2Bgamma,ko:K03241
gene-eIF2D,ko:K15027
gene-eIF2alpha,ko:K03237
gene-eIF2beta,ko:K03238
gene-eIF3a,ko:K03254
gene-eIF3b,ko:K03253
gene-eIF3c,ko:K03252
gene-eIF3d1,ko:K03251
gene-eIF3e,ko:K03250
gene-eIF3f1,ko:K03249
gene-eIF3g1,ko:K03248
gene-eIF3h,ko:K03247
gene-eIF3i,ko:K03246
gene-eIF3j,ko:K03245
gene-eIF3k,ko:K15028
gene-eIF3l,ko:K15029
gene-eIF3m,ko:K15030
gene-eIF4A,ko:K03257
gene-eIF4AIII,ko:K13025
gene-eIF4B,ko:K03258
gene-eIF4EHP,ko:K03259
gene-eIF5,ko:K03262
gene-eIF5B,ko:K03243
gene-eIF5B,ko:K12162
gene-eIF6,ko:K03264
gene-eRF1,ko:K03265
gene-eRF3,ko:K03267
gene-eag,ko:K04904
gene-eag,ko:K04908
gene-eas,ko:K00894
gene-east,ko:K03233
gene-ebi,ko:K04508
gene-ebo,ko:K15001
gene-eca,ko:K20346
gene-eco,ko:K11268
gene-ed,ko:K06491
gene-ed,ko:K16680
gene-edl,ko:K20232
gene-eff,ko:K06689
gene-egg,ko:K11421
gene-egl,ko:K18740
gene-egr,ko:K05475
gene-egr,ko:K05480
gene-egr,ko:K16678
gene-elgi,ko:K11981
gene-elm,ko:K17610
gene-elm,ko:K17611
gene-ema,ko:K19513
gene-emb,ko:K14290
gene-emc,ko:K04680
gene-emc,ko:K17693
gene-emc,ko:K17695
gene-emc,ko:K17696
gene-emp,ko:K06259
gene-emp,ko:K12384
gene-emp,ko:K13885
gene-ena,ko:K05746
gene-enc,ko:K02360
gene-enok,ko:K11305
gene-enok,ko:K11306
gene-epsilonCOP,ko:K17268
gene-ergic53,ko:K10080
gene-escl,ko:K11462
gene-esn,ko:K04511
gene-ewg,ko:K11831
gene-ex,ko:K16683
gene-ex,ko:K16821
gene-ex,ko:K16822
gene-exd,ko:K09355
gene-exd,ko:K15609
gene-exd,ko:K15610
gene-exu,ko:K18745
gene-eya,ko:K15616
gene-eya,ko:K17622
gene-eys,ko:K19601
gene-fab1,ko:K00889
gene-fab1,ko:K00921
gene-fabp,ko:K08752
gene-fabp,ko:K08753
gene-fabp,ko:K08754
gene-fabp,ko:K08756
gene-fabp,ko:K17289
gene-faf,ko:K11840
gene-fand,ko:K12867
gene-fbl,ko:K09680
gene-fbl,ko:K12648
gene-fbp,ko:K03841
gene-fh,ko:K19054
gene-fid,ko:K15444
gene-fj,ko:K16674
gene-fkh,ko:K08035
gene-fkh,ko:K09387
gene-flfl,ko:K17491
gene-flz,ko:K09641
gene-fne,ko:K13208
gene-foi,ko:K14711
gene-foi,ko:K14712
gene-foi,ko:K14716
gene-for,ko:K07376
gene-foxo,ko:K07201
gene-foxo,ko:K09408
gene-foxo,ko:K17847
gene-fra,ko:K06765
gene-fra,ko:K06766
gene-fra,ko:K14395
gene-fray,ko:K08835
gene-frc,ko:K15281
gene-frj,ko:K13516
gene-ft,ko:K16496
gene-ft,ko:K16506
gene-ft,ko:K16669
gene-ftz-f1,ko:K08027
gene-ftz-f1,ko:K08560
gene-ftz-f1,ko:K08705
gene-fu,ko:K06228
gene-fus,ko:K14947
gene-fwd,ko:K19801
gene-fws,ko:K20292
gene-fz,ko:K02235
gene-fz,ko:K02432
gene-fz2,ko:K02375
gene-fz4,ko:K02354
gene-fz4,ko:K02842
gene-fzr,ko:K03364
gene-fzy,ko:K02084
gene-fzy,ko:K03363
gene-galene,ko:K05323
gene-galene,ko:K20007
gene-gammaTub37C,ko:K10389
gene-garnet,ko:K12396
gene-garz,ko:K18443
gene-gbb,ko:K04663
gene-gbb,ko:K04669
gene-gbb,ko:K16620
gene-gbb,ko:K16621
gene-gek,ko:K08583
gene-gek,ko:K08788
gene-gek,ko:K16307
gene-gem,ko:K09275
gene-geminin,ko:K10749
gene-gfzf,ko:K00799
gene-gish,ko:K08958
gene-gkt,ko:K10862
gene-glu,ko:K06675
gene-gly,ko:K00726
gene-gny,ko:K03848
gene-gpp,ko:K11427
gene-grh,ko:K09275
gene-grn,ko:K17894
gene-grp,ko:K02216
gene-grsm,ko:K09611
gene-gry,ko:K20308
gene-gus,ko:K10343
gene-gw,ko:K18412
gene-gwl,ko:K08789
gene-gwl,ko:K16309
gene-gzl,ko:K15692
gene-gzl,ko:K15706
gene-hay,ko:K10843
gene-hay,ko:K11270
gene-hd,ko:K22422
gene-hdm,ko:K22420
gene-heix,ko:K20824
gene-hep,ko:K04431
gene-heph,ko:K08524
gene-heph,ko:K13218
gene-heph,ko:K14948
gene-heph,ko:K17844
gene-hfp,ko:K12838
gene-hgo,ko:K00451
gene-hh,ko:K06224
gene-hh,ko:K11988
gene-hh,ko:K11989
gene-hh,ko:K11990
gene-hibadh,ko:K00020
gene-hiw,ko:K10693
gene-hkb,ko:K12379
gene-hoip,ko:K12845
gene-holn1,ko:K13099
gene-homer,ko:K15010
gene-hook,ko:K16536
gene-hook,ko:K16611
gene-hop,ko:K04447
gene-hop,ko:K11217
gene-hop,ko:K11218
gene-hop,ko:K14165
gene-how,ko:K14945
gene-hpo,ko:K04412
gene-hppy,ko:K04406
gene-hppy,ko:K04408
gene-hppy,ko:K08833
gene-hrg,ko:K14376
gene-hry,ko:K06054
gene-hry,ko:K09090
gene-hth,ko:K15613
gene-hth,ko:K16670
gene-hth,ko:K16671
gene-hth,ko:K16672
gene-hts,ko:K18622
gene-htt,ko:K04533
gene-hyd,ko:K10593
gene-hyx,ko:K15175
gene-hzg,ko:K15731
gene-iPLA2-VIA,ko:K16343
gene-iav,ko:K04974
gene-iav,ko:K04975
gene-icln,ko:K05019
gene-ida,ko:K03352
gene-if,ko:K06484
gene-if,ko:K06487
gene-if,ko:K06584
gene-ifc,ko:K04712
gene-imd,ko:K20699
gene-in,ko:K16632
gene-inaE,ko:K13806
gene-inc,ko:K21914
gene-inc,ko:K22383
gene-ine,ko:K05039
gene-ix,ko:K15142
gene-jagn,ko:K05168
gene-jar,ko:K10358
gene-jbug,ko:K04437
gene-jdp,ko:K09532
gene-jet,ko:K10281
gene-jhe1,ko:K01044
gene-jhe1,ko:K01049
gene-jhe1,ko:K01063
gene-jhe1,ko:K03927
gene-jhe1,ko:K15743
gene-jing,ko:K17452
gene-jub,ko:K16682
gene-jumu,ko:K09407
gene-kappaB-Ras,ko:K14726
gene-kappaB-Ras,ko:K17197
gene-kar,ko:K08187
gene-kar,ko:K08231
gene-kay,ko:K04502
gene-kay,ko:K09030
gene-kay,ko:K09031
gene-kdn,ko:K01647
gene-kel,ko:K10443
gene-kel,ko:K10457
gene-kermit,ko:K20056
gene-key,ko:K19946
gene-key,ko:K20700
gene-kibra,ko:K16685
gene-kin17,ko:K13102
gene-kkv,ko:K00698
gene-kl-2,ko:K10408
gene-kl-3,ko:K10408
gene-klhl10,ko:K10448
gene-kn,ko:K09103
gene-kon,ko:K08115
gene-kri,ko:K00761
gene-kri,ko:K02881
gene-krz,ko:K04439
gene-krz,ko:K13801
gene-ksr,ko:K14958
gene-ksr,ko:K18529
gene-kst,ko:K06115
gene-kto,ko:K15162
gene-kug,ko:K16506
gene-kuz,ko:K06704
gene-kz,ko:K14780
gene-l(1)10Bb,ko:K12873
gene-l(1)G0004,ko:K11884
gene-l(1)G0007,ko:K12815
gene-l(1)G0020,ko:K14521
gene-l(1)G0196,ko:K12847
gene-l(1)G0196,ko:K13024
gene-l(1)G0320,ko:K13249
gene-l(1)sc,ko:K09067
gene-l(2)05287,ko:K14552
gene-l(2)09851,ko:K14848
gene-l(2)10685,ko:K21970
gene-l(2)37Bb,ko:K18166
gene-l(2)37Cb,ko:K12813
gene-l(2)37Cd,ko:K15202
gene-l(2)37Cg,ko:K03020
gene-l(2)dtl,ko:K11790
gene-l(2)gd1,ko:K18260
gene-l(2)gl,ko:K06094
gene-l(2)k01209,ko:K00876
gene-l(2)k05819,ko:K00591
gene-l(2)k09022,ko:K14415
gene-l(2)k09022,ko:K14550
gene-l(2)k09848,ko:K14841
gene-l(2)k14505,ko:K07556
gene-l(3)02640,ko:K01749
gene-l(3)07882,ko:K14766
gene-l(3)72Ab,ko:K12854
gene-l(3)72Dn,ko:K14548
gene-l(3)73Ah,ko:K11488
gene-l(3)73Ah,ko:K14404
gene-l(3)76BDm,ko:K20305
gene-l(3)77CDf,ko:K08729
gene-l(3)80Fg,ko:K09536
gene-l(3)87Df,ko:K18184
gene-l(3)neo43,ko:K18182
gene-lace,ko:K00654
gene-lap,ko:K20043
gene-lap,ko:K20044
gene-lap,ko:K20241
gene-lark,ko:K13187
gene-larp,ko:K18757
gene-ldbr,ko:K18328
gene-ldd,ko:K05647
gene-lds,ko:K14862
gene-lds,ko:K15173
gene-lft,ko:K16673
gene-lic,ko:K04432
gene-lic,ko:K04433
gene-lilli,ko:K12670
gene-lilli,ko:K15184
gene-lilli,ko:K15185
gene-lilli,ko:K15194
gene-lilli,ko:K15195
gene-lin,ko:K04710
gene-lin,ko:K21752
gene-lin-28,ko:K18754
gene-lin-52,ko:K21775
gene-lms,ko:K09360
gene-lobo,ko:K18402
gene-loco,ko:K16449
gene-loj,ko:K20351
gene-lovit,ko:K15378
gene-lqf,ko:K12471
gene-lqfR,ko:K12471
gene-lsn,ko:K12188
gene-lt,ko:K20184
gene-lute,ko:K10478
gene-lwr,ko:K10577
gene-mAChR-A,ko:K04129
gene-mAChR-A,ko:K04131
gene-mAChR-A,ko:K04133
gene-mAChR-B,ko:K04133
gene-mAChR-B,ko:K04134
gene-mAcon1,ko:K01681
gene-mEFG1,ko:K02355
gene-mEFTs,ko:K02357
gene-mEFTs,ko:K21803
gene-mEFTu1,ko:K02358
gene-mIF2,ko:K02519
gene-mRF1,ko:K02835
gene-mRNA-cap,ko:K03942
gene-mRNA-cap,ko:K13917
gene-mRRF1,ko:K02838
gene-mRRF2,ko:K02355
gene-mRpL1,ko:K02863
gene-mRpL10,ko:K02864
gene-mRpL11,ko:K02867
gene-mRpL12,ko:K02935
gene-mRpL12,ko:K13577
gene-mRpL13,ko:K01254
gene-mRpL13,ko:K02871
gene-mRpL13,ko:K03283
gene-mRpL13,ko:K08798
gene-mRpL14,ko:K02874
gene-mRpL15,ko:K02876
gene-mRpL16,ko:K02878
gene-mRpL17,ko:K02879
gene-mRpL18,ko:K02881
gene-mRpL19,ko:K02884
gene-mRpL2,ko:K02886
gene-mRpL20,ko:K02887
gene-mRpL22,ko:K02890
gene-mRpL23,ko:K02892
gene-mRpL24,ko:K02895
gene-mRpL27,ko:K02899
gene-mRpL28,ko:K02902
gene-mRpL3,ko:K02906
gene-mRpL30,ko:K02907
gene-mRpL32,ko:K02911
gene-mRpL33,ko:K02913
gene-mRpL34,ko:K02914
gene-mRpL35,ko:K02916
gene-mRpL37,ko:K17418
gene-mRpL38,ko:K17419
gene-mRpL39,ko:K17420
gene-mRpL4,ko:K02926
gene-mRpL40,ko:K17421
gene-mRpL41,ko:K17422
gene-mRpL43,ko:K17424
gene-mRpL44,ko:K17425
gene-mRpL44,ko:K20301
gene-mRpL45,ko:K17426
gene-mRpL46,ko:K17427
gene-mRpL47,ko:K17428
gene-mRpL48,ko:K17429
gene-mRpL48,ko:K17920
gene-mRpL49,ko:K17430
gene-mRpL50,ko:K17431
gene-mRpL51,ko:K17432
gene-mRpL52,ko:K17433
gene-mRpL53,ko:K17434
gene-mRpL54,ko:K17435
gene-mRpL55,ko:K17436
gene-mRpL9,ko:K02939
gene-mRpS10,ko:K02946
gene-mRpS11,ko:K02948
gene-mRpS12,ko:K02950
gene-mRpS14,ko:K02954
gene-mRpS14,ko:K19514
gene-mRpS16,ko:K02959
gene-mRpS17,ko:K02961
gene-mRpS18A,ko:K02963
gene-mRpS18B,ko:K02874
gene-mRpS18B,ko:K16174
gene-mRpS18C,ko:K02963
gene-mRpS2,ko:K02967
gene-mRpS21,ko:K02970
gene-mRpS22,ko:K17401
gene-mRpS23,ko:K17402
gene-mRpS23,ko:K19528
gene-mRpS24,ko:K17403
gene-mRpS25,ko:K17404
gene-mRpS26,ko:K17405
gene-mRpS28,ko:K17407
gene-mRpS29,ko:K17408
gene-mRpS30,ko:K17409
gene-mRpS31,ko:K17410
gene-mRpS33,ko:K17411
gene-mRpS34,ko:K03504
gene-mRpS34,ko:K17412
gene-mRpS35,ko:K17413
gene-mRpS5,ko:K02988
gene-mRpS6,ko:K02990
gene-mRpS6,ko:K14383
gene-mRpS7,ko:K02992
gene-mRpS9,ko:K02996
gene-mTerf3,ko:K15032
gene-mTor,ko:K07203
gene-mad2,ko:K02537
gene-mael,ko:K18411
gene-maf-S,ko:K09037
gene-mago,ko:K12877
gene-magu,ko:K17580
gene-mahj,ko:K11789
gene-mal,ko:K15631
gene-mars,ko:K16804
gene-mats,ko:K06685
gene-mbc,ko:K05727
gene-mbc,ko:K13708
gene-mbf1,ko:K03627
gene-mbl,ko:K14943
gene-mbo,ko:K14318
gene-mbt,ko:K05734
gene-mbt,ko:K05735
gene-mbt,ko:K05736
gene-mdlc,ko:K13127
gene-mdlc,ko:K15696
gene-mdy,ko:K11155
gene-me31B,ko:K12614
gene-mei-41,ko:K06640
gene-mei-9,ko:K10848
gene-mei-W68,ko:K10878
gene-meigo,ko:K09228
gene-meigo,ko:K15275
gene-mew,ko:K06482
gene-mew,ko:K06485
gene-mew,ko:K06583
gene-mge,ko:K17769
gene-mgl,ko:K06233
gene-mgl,ko:K20049
gene-mi,ko:K17259
gene-mi,ko:K17595
gene-mi,ko:K20642
gene-mib1,ko:K10645
gene-mid,ko:K10185
gene-milt,ko:K15369
gene-milt,ko:K15374
gene-mim,ko:K20128
gene-mino,ko:K00629
gene-mio,ko:K20407
gene-mip40,ko:K21774
gene-mldr,ko:K17655
gene-mle,ko:K13184
gene-mmd,ko:K08610
gene-mmd,ko:K16067
gene-mmd,ko:K16068
gene-mmm,ko:K17770
gene-mmy,ko:K00972
gene-mnb,ko:K08825
gene-mnd,ko:K13867
gene-mnd,ko:K13872
gene-mol,ko:K17233
gene-mon2,ko:K18466
gene-mop,ko:K18040
gene-mora,ko:K16729
gene-mora,ko:K16730
gene-mora,ko:K16735
gene-morula,ko:K03349
gene-mre11,ko:K10865
gene-mri,ko:K00864
gene-mri,ko:K10482
gene-mrj,ko:K09508
gene-mrj,ko:K09509
gene-mrj,ko:K09512
gene-mrn,ko:K03144
gene-msk,ko:K18755
gene-msk,ko:K20223
gene-msl-2,ko:K13164
gene-msl-3,ko:K18403
gene-msn,ko:K04407
gene-msn,ko:K08840
gene-msps,ko:K16803
gene-mtDNA-helicase,ko:K17680
gene-mtRNApol,ko:K10908
gene-mtRNApol,ko:K16310
gene-mtSSB,ko:K03111
gene-mtTFB1,ko:K15266
gene-mtTFB2,ko:K17653
gene-mtd,ko:K21841
gene-mthl1,ko:K04599
gene-mthl5,ko:K04599
gene-mtm,ko:K18081
gene-mts,ko:K04382
gene-mts,ko:K22074
gene-mub,ko:K12889
gene-mub,ko:K13162
gene-mub,ko:K21444
gene-muc,ko:K00627
gene-mus101,ko:K10728
gene-mus101,ko:K11824
gene-mus201,ko:K10846
gene-mus301,ko:K19178
gene-mus81,ko:K08991
gene-mv,ko:K22262
gene-myo,ko:K04669
gene-myo,ko:K05497
gene-mys,ko:K05719
gene-mys,ko:K06464
gene-mys,ko:K06493
gene-mys,ko:K09884
gene-nAChRa3,ko:K05312
gene-nAChRa4,ko:K05312
gene-nAChRa5,ko:K04810
gene-nAChRa5,ko:K04811
gene-nAChRa5,ko:K05312
gene-nAChRa9,ko:K09525
gene-nAChRalpha1,ko:K05312
gene-nAChRalpha2,ko:K05312
gene-nAChRalpha6,ko:K04809
gene-nAChRalpha6,ko:K05312
gene-nAChRalpha7,ko:K04809
gene-nAChRalpha7,ko:K05312
gene-nAChRbeta1,ko:K05312
gene-nAChRbeta2,ko:K05312
gene-nSMase,ko:K12351
gene-na,ko:K21863
gene-nab,ko:K22388
gene-nac,ko:K15279
gene-nahoda,ko:K06568
gene-nan,ko:K04974
gene-nan,ko:K04975
gene-nau,ko:K18484
gene-nbs,ko:K10867
gene-nbs,ko:K10888
gene-nclb,ko:K14791
gene-ncm,ko:K13100
gene-nebu,ko:K08145
gene-nebu,ko:K14258
gene-nej,ko:K04498
gene-nemy,ko:K08360
gene-nemy,ko:K08370
gene-nero,ko:K06072
gene-nero,ko:K08187
gene-nes,ko:K13515
gene-net,ko:K09084
gene-neur,ko:K01931
gene-neur,ko:K15689
gene-neur,ko:K16782
gene-nhr,ko:K08543
gene-nhr,ko:K08544
gene-nhr,ko:K14031
gene-ninaA,ko:K01802
gene-ninaA,ko:K03768
gene-ninaB,ko:K00515
gene-ninaB,ko:K10252
gene-ninaB,ko:K18048
gene-ninaC,ko:K08834
gene-ninaC,ko:K17481
gene-nito,ko:K13190
gene-nkd,ko:K03213
gene-nmdyn-D7,ko:K00940
gene-nmo,ko:K04468
gene-noi,ko:K12827
gene-nompB,ko:K16474
gene-nonC,ko:K08873
gene-nop5,ko:K14565
gene-norpA,ko:K05858
gene-nos-M,ko:K18741
gene-not,ko:K11366
gene-nrv3,ko:K01540
gene-nsl1,ko:K18400
gene-nst,ko:K01836
gene-nudE,ko:K16738
gene-nudE,ko:K16739
gene-nuf,ko:K12485
gene-numb,ko:K06057
gene-nvd,ko:K14938
gene-nvy,ko:K10053
gene-nwk,ko:K20125
gene-obe,ko:K18663
gene-oc,ko:K09326
gene-oc,ko:K18490
gene-odd,ko:K09215
gene-ogre,ko:K22037
gene-okr,ko:K10875
gene-omd,ko:K13142
gene-onecut,ko:K08026
gene-opa,ko:K06235
gene-opa,ko:K09224
gene-opa,ko:K09225
gene-opa,ko:K09226
gene-opa,ko:K09227
gene-or,ko:K12399
gene-orb,ko:K02602
gene-orb2,ko:K02602
gene-os,ko:K15015
gene-osa,ko:K11653
gene-osp,ko:K20478
gene-otu,ko:K07432
gene-otu,ko:K13718
gene-ovo,ko:K09216
gene-ox,ko:K00419
gene-oxt,ko:K00771
gene-oys,ko:K13517
gene-p120ctn,ko:K05690
gene-p130CAS,ko:K05726
gene-p130CAS,ko:K16832
gene-p24-1,ko:K05409
gene-p24-1,ko:K14825
gene-p24-1,ko:K20349
gene-p24-1,ko:K20350
gene-p47,ko:K14012
gene-p53,ko:K04451
gene-pall,ko:K10306
gene-pan,ko:K04491
gene-papi,ko:K18406
gene-par-1,ko:K08798
gene-par-6,ko:K06093
gene-para,ko:K04834
gene-para,ko:K04841
gene-para,ko:K21862
gene-parvin,ko:K06275
gene-pasha,ko:K18419
gene-pasilla,ko:K14944
gene-path,ko:K14209
gene-pav,ko:K17387
gene-pb,ko:K09302
gene-pb,ko:K09303
gene-pb,ko:K09305
gene-pbl,ko:K20704
gene-pch2,ko:K22399
gene-pcm,ko:K12618
gene-pdm3,ko:K09368
gene-pds5,ko:K11267
gene-pea,ko:K12818
gene-pelo,ko:K06965
gene-pen-2,ko:K06170
gene-peng,ko:K14844
gene-per,ko:K02633
gene-phr,ko:K01669
gene-phr6-4,ko:K02295
gene-phtm,ko:K10720
gene-pic,ko:K10610
gene-pico,ko:K17704
gene-pink,ko:K20191
gene-pins,ko:K15837
gene-pins,ko:K15839
gene-pip,ko:K03193
gene-pit,ko:K13179
gene-pix,ko:K06174
gene-pkaap,ko:K16526
gene-ple,ko:K00501
gene-pll,ko:K04730
gene-plx,ko:K17902
gene-plx,ko:K18341
gene-pn,ko:K01514
gene-pns,ko:K20164
gene-pnt,ko:K02678
gene-pnt,ko:K21932
gene-pnut,ko:K16944
gene-pod1,ko:K17805
gene-pod1,ko:K18619
gene-poe,ko:K10691
gene-pofut1,ko:K03691
gene-pofut2,ko:K03691
gene-polo,ko:K06631
gene-polybromo,ko:K11757
gene-pont,ko:K04499
gene-por,ko:K00181
gene-ppan,ko:K08387
gene-ppan,ko:K14859
gene-ppk23,ko:K03440
gene-ppk9,ko:K03440
gene-prd1,ko:K15348
gene-pros,ko:K20211
gene-pros,ko:K20212
gene-psidin,ko:K17973
gene-ptc,ko:K06225
gene-ptc,ko:K11101
gene-pths,ko:K14777
gene-puf,ko:K11853
gene-pug,ko:K00288
gene-pug,ko:K13402
gene-pum,ko:K17943
gene-puml,ko:K13698
gene-puml,ko:K13699
gene-purple,ko:K01737
gene-pyd,ko:K05701
gene-pyd,ko:K06098
gene-pyx,ko:K16772
gene-qin,ko:K18405
gene-qless,ko:K12504
gene-qm,ko:K00804
gene-qua,ko:K05761
gene-qua,ko:K05768
gene-qua,ko:K08017
gene-qua,ko:K10368
gene-r-l,ko:K13421
gene-rad50,ko:K10866
gene-rad50,ko:K13912
gene-raf,ko:K04365
gene-raf,ko:K04366
gene-raf,ko:K05695
gene-raf,ko:K08845
gene-raptor,ko:K07204
gene-ras,ko:K00088
gene-raskol,ko:K17631
gene-raskol,ko:K17633
gene-raskol,ko:K19901
gene-raw,ko:K20235
gene-rb,ko:K12397
gene-rdgA,ko:K00901
gene-rdgC,ko:K13807
gene-rdx,ko:K10523
gene-rempA,ko:K19672
gene-rept,ko:K11338
gene-rhea,ko:K06271
gene-rho-4,ko:K02857
gene-rho-7,ko:K09650
gene-rictor,ko:K08267
gene-rin,ko:K17265
gene-rl,ko:K04371
gene-rngo,ko:K11885
gene-rno,ko:K11347
gene-rno,ko:K22155
gene-rno,ko:K22156
gene-ro,ko:K09362
gene-rock1,ko:K04514
gene-rock1,ko:K16307
gene-rock1,ko:K17388
gene-rod,ko:K11577
gene-roq,ko:K15690
gene-rsh,ko:K17700
gene-rswl,ko:K15445
gene-rswl,ko:K17654
gene-rt,ko:K00728
gene-rudimentary,ko:K11540
gene-rump,ko:K12887
gene-run,ko:K09279
gene-run,ko:K20213
gene-ry,ko:K00106
gene-ry,ko:K00157
gene-sad,ko:K07436
gene-sad,ko:K10722
gene-san,ko:K20793
gene-sand,ko:K05323
gene-sand,ko:K20007
gene-sau,ko:K15620
gene-sav,ko:K16686
gene-sbr,ko:K14284
gene-sc,ko:K09067
gene-scaf6,ko:K12841
gene-scalloped,ko:K01201
gene-scalloped,ko:K09448
gene-scat,ko:K17600
gene-scny,ko:K11845
gene-scny,ko:K11855
gene-scra,ko:K18621
gene-scrib,ko:K01768
gene-scrib,ko:K12796
gene-scrib,ko:K16175
gene-sdk,ko:K16353
gene-sdt,ko:K06091
gene-sea,ko:K15100
gene-sens-2,ko:K09223
gene-serpin-12,ko:K13963
gene-serpin-14,ko:K13963
gene-serpin-2,ko:K13963
gene-serpin-29,ko:K13963
gene-serpin-3,ko:K13963
gene-serpin-32,ko:K03984
gene-serpin-32,ko:K04525
gene-serpin-33,ko:K03984
gene-serpin-33,ko:K04525
gene-serpin-4,ko:K13963
gene-serpin-5,ko:K13963
gene-serpin-6,ko:K13963
gene-sev,ko:K05088
gene-sff,ko:K08796
gene-sfl,ko:K02576
gene-sfl,ko:K02577
gene-sfl,ko:K02578
gene-sfl,ko:K02579
gene-sgg,ko:K03083
gene-sgg,ko:K08822
gene-sgl,ko:K00012
gene-shakB,ko:K22037
gene-shaker,ko:K04874
gene-shaker,ko:K04875
gene-shaker,ko:K04876
gene-shaker,ko:K04877
gene-shaker,ko:K04878
gene-shaker,ko:K04879
gene-shaker,ko:K04880
gene-shaker,ko:K04881
gene-shams,ko:K13676
gene-shd,ko:K10723
gene-shi,ko:K01528
gene-shn,ko:K09239
gene-shop,ko:K00387
gene-shot,ko:K10382
gene-shot,ko:K10388
gene-shot,ko:K19827
gene-shps,ko:K00274
gene-shrb,ko:K12194
gene-shtd,ko:K03348
gene-shv,ko:K09517
gene-sicily,ko:K18163
gene-sick,ko:K11136
gene-sick,ko:K19483
gene-sif,ko:K05731
gene-sif,ko:K16847
gene-sim,ko:K01942
gene-sim,ko:K09100
gene-singed,ko:K17455
gene-sip1,ko:K13103
gene-sip3,ko:K10601
gene-siz,ko:K12495
gene-skd,ko:K15164
gene-sky,ko:K21841
gene-sl,ko:K01116
gene-sl,ko:K05859
gene-slgA,ko:K00318
gene-slgA,ko:K11394
gene-sli,ko:K06838
gene-sli,ko:K06839
gene-sli,ko:K06850
gene-sli,ko:K19036
gene-sll,ko:K15276
gene-slmb,ko:K03362
gene-slo,ko:K04936
gene-slou,ko:K09309
gene-slpr,ko:K04417
gene-slpr,ko:K04418
gene-slpr,ko:K04419
gene-slpr,ko:K17534
gene-slv,ko:K15382
gene-slx1,ko:K13113
gene-slx1,ko:K15078
gene-sm,ko:K13159
gene-smash,ko:K06084
gene-smg,ko:K17576
gene-smid,ko:K14571
gene-smog,ko:K08469
gene-snRNP-U1-70K,ko:K11093
gene-snRNP-U1-C,ko:K11095
gene-snama,ko:K10624
gene-snf,ko:K11091
gene-snf,ko:K11094
gene-snky,ko:K22375
gene-snz,ko:K17887
gene-sog,ko:K04657
gene-sol,ko:K08582
gene-sotv,ko:K02367
gene-sp3,ko:K21798
gene-spag,ko:K00237
gene-spag4,ko:K19347
gene-spas,ko:K13254
gene-spel1,ko:K08735
gene-spen,ko:K05688
gene-spg,ko:K05727
gene-spg,ko:K13708
gene-spg,ko:K17697
gene-spidey,ko:K10251
gene-spin,ko:K12890
gene-spir,ko:K02098
gene-spn-A,ko:K04482
gene-spn-E,ko:K18408
gene-spoon,ko:K16518
gene-sprt,ko:K17725
gene-spt4,ko:K15171
gene-sqd,ko:K03102
gene-sqd,ko:K14411
gene-sqh,ko:K12755
gene-sqh,ko:K12757
gene-sr,ko:K09203
gene-sr,ko:K12497
gene-sr,ko:K18757
gene-sra,ko:K17903
gene-sra,ko:K17905
gene-srl,ko:K17963
gene-sro,ko:K00019
gene-ss,ko:K09093
gene-ssh,ko:K05766
gene-st4,ko:K08145
gene-st4,ko:K14258
gene-sta,ko:K02998
gene-sta,ko:K21848
gene-stac,ko:K15621
gene-stai,ko:K04381
gene-stan,ko:K04600
gene-stan,ko:K04601
gene-stan,ko:K04602
gene-stan,ko:K14704
gene-stau,ko:K17597
gene-stc,ko:K12236
gene-ste14,ko:K00587
gene-step,ko:K18441
gene-stet,ko:K02857
gene-stg1,ko:K04870
gene-stg1,ko:K04872
gene-stj,ko:K04860
gene-stj,ko:K04861
gene-stmA,ko:K21842
gene-stol,ko:K04860
gene-stol,ko:K04861
gene-stops,ko:K10339
gene-strat,ko:K19952
gene-stumps,ko:K12230
gene-sty,ko:K17383
gene-sty,ko:K17384
gene-su(f),ko:K14408
gene-su(f),ko:K17081
gene-su(r),ko:K00207
gene-sun,ko:K02135
gene-sv,ko:K09293
gene-sv,ko:K09383
gene-sv,ko:K15608
gene-svp,ko:K08547
gene-svp,ko:K08548
gene-svp,ko:K14032
gene-svr,ko:K07752
gene-sw,ko:K10415
gene-swm,ko:K13192
gene-swm,ko:K13193
gene-sws,ko:K14676
gene-sxc,ko:K09667
gene-syd,ko:K04436
gene-syd,ko:K20317
gene-tab1,ko:K04403
gene-tadr,ko:K13871
gene-tai,ko:K11255
gene-tam,ko:K02332
gene-tamo,ko:K17595
gene-tank,ko:K10134
gene-tap,ko:K08028
gene-tap,ko:K09081
gene-tap,ko:K09082
gene-tapas,ko:K18405
gene-tau,ko:K04380
gene-tau,ko:K10430
gene-tau,ko:K10431
gene-tefu,ko:K04728
gene-tej,ko:K18407
gene-temp,ko:K14137
gene-tex,ko:K12880
gene-tgo,ko:K09097
gene-tgo,ko:K15589
gene-tho2,ko:K12879
gene-thoc5,ko:K13174
gene-thoc6,ko:K13175
gene-thoc7,ko:K13176
gene-tilB,ko:K19753
gene-tim,ko:K03155
gene-tim,ko:K12074
gene-timeout,ko:K03155
gene-tkv,ko:K13578
gene-tmod,ko:K10370
gene-tmod,ko:K22030
gene-tn,ko:K11997
gene-tn,ko:K12035
gene-tna,ko:K22403
gene-tok,ko:K05502
gene-tok,ko:K08076
gene-tok,ko:K09608
gene-tok,ko:K13045
gene-tok,ko:K13046
gene-tok,ko:K13047
gene-torso,ko:K12378
gene-tos,ko:K10746
gene-trbd,ko:K11862
gene-trc,ko:K08790
gene-trh,ko:K09098
gene-trio,ko:K08810
gene-trio,ko:K15048
gene-trio,ko:K20690
gene-trp,ko:K04967
gene-trpl,ko:K04964
gene-trpl,ko:K04967
gene-trpl,ko:K04968
gene-trpl,ko:K13803
gene-trus,ko:K14801
gene-trx,ko:K09186
gene-tsl,ko:K12377
gene-tsr,ko:K05765
gene-tsr,ko:K10363
gene-tst,ko:K12599
gene-tsu,ko:K12876
gene-ttv,ko:K02366
gene-ttv,ko:K21988
gene-tud,ko:K18405
gene-tun,ko:K21286
gene-tup,ko:K09370
gene-tup,ko:K18492
gene-twf,ko:K08870
gene-twf,ko:K10161
gene-twf,ko:K14962
gene-twi,ko:K09069
gene-twin,ko:K12603
gene-twin,ko:K20363
gene-twisted,ko:K00728
gene-twr,ko:K13280
gene-tws,ko:K04354
gene-twz,ko:K21754
gene-tzn,ko:K01069
gene-ubl,ko:K01191
gene-ubl,ko:K13113
gene-unc-13,ko:K15293
gene-unc-13-4A,ko:K15621
gene-unc-45,ko:K21991
gene-und,ko:K01265
gene-upSET,ko:K09189
gene-uri,ko:K17560
gene-ush,ko:K17441
gene-vap,ko:K04352
gene-veli,ko:K19931
gene-vermilion,ko:K00453
gene-vih,ko:K06688
gene-vih,ko:K08707
gene-vito,ko:K14851
gene-vkg,ko:K06237
gene-vkg,ko:K19721
gene-vlc,ko:K15008
gene-vlc,ko:K16804
gene-vn,ko:K16690
gene-vnc,ko:K20791
gene-vri,ko:K09059
gene-vri,ko:K12114
gene-vtd,ko:K06670
gene-vvl,ko:K09365
gene-w,ko:K21396
gene-wal,ko:K02906
gene-wal,ko:K03522
gene-wap,ko:K11805
gene-waw,ko:K21594
gene-waw,ko:K21643
gene-wb,ko:K05637
gene-wbl,ko:K09586
gene-wcd,ko:K14553
gene-wda,ko:K03130
gene-wda,ko:K05657
gene-wdb,ko:K11584
gene-wds,ko:K14963
gene-wech,ko:K12035
gene-wfs1,ko:K14020
gene-wg,ko:K03209
gene-wgn,ko:K16679
gene-whd,ko:K08765
gene-whd,ko:K14848
gene-whd,ko:K19523
gene-wkd,ko:K16756
gene-wkd,ko:K19944
gene-wmd,ko:K13137
gene-wol,ko:K00729
gene-wol,ko:K03027
gene-wtrw,ko:K21486
gene-wts,ko:K08791
gene-wuho,ko:K15443
gene-wupA,ko:K10371
gene-wupA,ko:K12043
gene-wupA,ko:K12044
gene-wus,ko:K19370
gene-wwk,ko:K19502
gene-xit,ko:K03849
gene-yata,ko:K08876
gene-yem,ko:K17492
gene-yki,ko:K16687
gene-yps,ko:K06099
gene-yps,ko:K09276
gene-yps,ko:K09277
gene-zen,ko:K09303
gene-zen,ko:K09311
gene-zetaCOP,ko:K20472
gene-zfh1,ko:K09299
gene-zfh2,ko:K09378
gene-zfh2,ko:K09380
gene-zip,ko:K10352
gene-zip,ko:K17751
gene-zip,ko:K18669
gene-zyd,ko:K13753
