gene_id,pfam_accessions
gene--w-2,PF00005.34;PF01061.30;PF13304.13;PF19055.7
gene-128up,PF01926.30;PF02421.25;PF02824.28;PF16897.11
gene-14-3-3epsilon,PF00244.27
gene-14-3-3zeta,PF00244.27
gene-140up,PF02466.25
gene-18w,PF00560.40;PF01582.26;PF12799.14;PF13306.13;PF13855.13;PF14580.13;PF23598.2
gene-26-29-p,PF00112.30;PF08246.18
gene-2mit,PF00560.40;PF12799.14;PF13306.13;PF13855.13;PF14580.13
gene-3HCD,PF00725.28;PF02737.25;PF07992.21
gene-5-HT2A,PF00001.27
gene-5-HT2B,PF00001.27
gene-5PtaseI,PF22669.3
gene-6pgl,PF01182.27
gene-7B2,PF05281.17
gene-A1,PF00022.26
gene-A2,PF00022.26
gene-ABCB7,PF00005.34;PF00664.29;PF02463.26
gene-ABCD,PF00005.34;PF05992.18;PF06472.21
gene-ACBP,PF00887.25
gene-ACBP-like,PF00887.25
gene-ACC,PF00289.29;PF00364.29;PF01039.28;PF02785.26;PF02786.23;PF08326.18;PF21385.3
gene-ADD1,PF17981.8
gene-AGBE,PF00128.32;PF02806.25;PF02922.25
gene-AGO1,PF02170.29;PF02171.24;PF08699.16;PF16486.12;PF16487.11;PF16488.11
gene-AGO3,PF02170.29;PF02171.24;PF23278.2
gene-AGPAT2,PF01553.27
gene-AGPAT5,PF01553.27
gene-AIMP1,PF01588.27
gene-AIMP3,PF21972.2
gene-AK,PF00217.25;PF02807.21
gene-AKH1,PF06377.17
gene-AKH2,PF06377.17
gene-AKH3,PF06377.17
gene-ALiX,PF03097.25;PF13949.12
gene-AMPKalpha,PF00069.32;PF07714.24;PF14531.13;PF16579.12;PF21147.4
gene-AP-1-2beta,PF00514.30;PF01602.27;PF02883.27;PF02985.29;PF09066.16;PF12717.14;PF12719.14;PF13513.13;PF13646.13;PF20168.5;PF23271.2
gene-AP-1gamma,PF01602.27;PF02883.27;PF12717.14;PF22928.3
gene-AP-1mu,PF00928.27;PF01217.27
gene-AP-1sigma,PF01217.27
gene-AP-2alpha,PF01602.27;PF02296.23;PF02883.27;PF12717.14;PF23271.2
gene-AP-2mu,PF00928.27;PF01217.27
gene-AP-2sigma,PF01217.27
gene-APC10,PF03256.23
gene-APC4,PF12894.14;PF12896.13;PF23405.2;PF24807.2;PF24817.2
gene-APP-BP1,PF00899.28
gene-ASPP,PF00018.35;PF00023.37;PF07653.24;PF12796.14;PF13606.13;PF13637.13;PF13857.13;PF14604.13
gene-AST-A,PF05953.18
gene-ATP7,PF00122.26;PF00403.33;PF00702.33
gene-ATP8A,PF00122.26;PF00702.33;PF13246.13;PF16209.11;PF16212.12
gene-ATP8B,PF00702.33;PF13246.13;PF16209.11;PF16212.12
gene-ATPCL,PF00285.27;PF00549.25;PF02629.26;PF08442.16;PF16114.11;PF24948.2
gene-ATPsynB,PF05405.20
gene-ATPsynC,PF00137.27
gene-ATPsynCF6,PF05511.17
gene-ATPsynD,PF05873.18
gene-ATPsynE,PF05680.18
gene-ATPsynF,PF10206.15
gene-ATPsynG,PF04718.21
gene-ATPsynO,PF00213.24
gene-ATPsyndelta,PF02823.22;PF21335.3
gene-Aasdh,PF00501.35;PF13360.14;PF13570.14;PF23414.2
gene-Aatf,PF08164.18;PF13339.12
gene-Abd-b,PF00046.36
gene-Abi,PF00018.35;PF07653.24;PF07815.20;PF14604.13;PF27594.1
gene-Abl,PF00017.31;PF00018.35;PF00069.32;PF07653.24;PF07714.24;PF14604.13
gene-Abp1,PF00018.35;PF00241.26;PF07653.24;PF14604.13
gene-Ac13E,PF00211.26
gene-Ac3,PF00211.26;PF16214.10
gene-AcCoAS,PF00501.35;PF13193.13;PF16177.12
gene-Acade,PF00441.30;PF02770.25;PF02771.22;PF08028.17
gene-Acadvl,PF00441.30;PF02770.25;PF02771.22;PF08028.17;PF21343.3;PF22924.2
gene-Acci,PF00326.28;PF00930.28;PF16294.11
gene-Acf,PF00439.31;PF00628.36;PF02791.23;PF10537.15;PF13831.13;PF15612.12;PF15613.12
gene-Achi,PF05920.18
gene-Achl,PF05383.24
gene-Ack,PF00018.35;PF00069.32;PF07714.24;PF22931.5
gene-Ack-like,PF00069.32;PF07714.24;PF22931.5
gene-Acox3,PF01756.25;PF02770.25;PF22924.2
gene-Acsf2,PF00501.35;PF13193.13
gene-Acsf3,PF00501.35;PF13193.13
gene-Acsl,PF00501.35
gene-Actbeta,PF00019.26
gene-Actn,PF00036.39;PF00307.37;PF00435.28;PF08726.17;PF13405.13;PF13499.13
gene-Ada,PF00962.29
gene-Ada2a,PF00249.38;PF04433.24;PF13921.13;PF22941.2;PF23588.3;PF25299.2
gene-Ada2b,PF00249.38;PF00569.24;PF13921.13;PF22941.2;PF24533.2;PF25299.2
gene-Ada3,PF10198.15
gene-AdamTS-B,PF00090.26;PF01421.26;PF01562.25;PF05986.20;PF13574.13;PF13582.13;PF13688.13;PF17771.7;PF19028.7;PF19030.7;PF19035.7;PF25379.2
gene-Adamts-1,PF00090.26;PF01421.26;PF13574.13;PF13582.13;PF13583.12;PF13688.13;PF17771.7;PF19030.7;PF25379.2
gene-Adamts-like,PF01421.26;PF13574.13;PF13582.13;PF13583.12;PF13688.13;PF17771.7
gene-Adar,PF00035.33;PF02137.25
gene-Adat1,PF02137.25
gene-Adck1,PF03109.23
gene-Adh,PF00106.32;PF01073.26;PF08659.17;PF13561.13
gene-Adi1,PF03079.21;PF07883.18
gene-AdipoR,PF03006.27
gene-Adk2,PF00294.30
gene-AdoR,PF00001.27;PF10320.16
gene-Adsl,PF00206.26;PF10397.15
gene-Adss,PF00709.28
gene-Aduk,PF00069.32;PF03109.23;PF04212.25;PF07714.24
gene-Ae2,PF00955.28;PF07565.19
gene-Afg3l2,PF00004.36;PF01434.25;PF06480.21;PF17862.8
gene-Afti,PF15045.12
gene-Ago2,PF02170.29;PF02171.24;PF08699.16;PF16486.12;PF16488.11
gene-Agpat1,PF01553.27
gene-Agps,PF01565.29;PF02913.25
gene-Agxt,PF00266.26
gene-Ahcy,PF00670.28;PF02826.26;PF05221.24
gene-Ahsa1,PF08327.18;PF09229.18
gene-Ai-b,PF04568.18
gene-Ak2,PF00406.30;PF05191.21;PF13207.13
gene-Ak6,PF13238.13
gene-AkhR,PF00001.27
gene-Akt,PF00069.32;PF00169.36;PF00433.30;PF07714.24;PF14531.13
gene-AlaRS,PF01411.25;PF02272.25;PF07973.20
gene-AlaRS-m,PF01411.25;PF07973.20
gene-Alas,PF00155.28
gene-Aldh,PF00171.28
gene-Aldh7A1,PF00171.28
gene-Alg-2,PF00036.39;PF13202.13;PF13405.13;PF13499.13;PF13833.13;PF23564.2;PF24548.2
gene-Alg1,PF00534.27;PF13439.13;PF13524.13;PF13692.13
gene-Alg10,PF01569.28
gene-Alg11,PF00534.27;PF13692.13;PF15924.12
gene-Alg12,PF03901.24
gene-Alg14,PF08660.18
gene-Alg2,PF00534.27;PF13439.13;PF13579.13;PF13692.13
gene-Alg3,PF05208.20
gene-Alg7,PF00953.27
gene-Alg9,PF03901.24
gene-Alk,PF00069.32;PF00629.31;PF07714.24;PF12810.14
gene-AlkB,PF13532.13
gene-Alr,PF04777.19
gene-Als2,PF00415.25;PF02204.24;PF02493.27;PF13540.13;PF25383.2;PF25384.2;PF25390.2;PF25582.2;PF26202.1
gene-Aly,PF06584.19;PF19438.5
gene-Amacr,PF02515.23
gene-Amnionless,PF14828.12
gene-Amph,PF00018.35;PF03114.24;PF07653.24;PF14604.13
gene-Amt,PF00909.27
gene-Amy,PF00128.32;PF02806.25
gene-Ance-3,PF01401.25
gene-Ankle2,PF00023.37;PF24567.2
gene-Ankrd49,PF00023.37;PF12796.14;PF13606.13;PF13637.13;PF13857.13
gene-AnnIX,PF00191.26
gene-Ant,PF00153.33
gene-AnxB10,PF00191.26
gene-Anxb13,PF00191.26
gene-Aos1,PF00899.28
gene-Aox1,PF00941.28;PF01315.28;PF01799.26;PF02738.24;PF03450.23;PF20256.4
gene-Apaf-1,PF00619.28;PF00931.29;PF12894.14;PF17908.7;PF21296.4;PF23098.2;PF23381.2;PF23414.2;PF24796.2;PF24805.2;PF24807.2;PF24814.2;PF24817.2;PF25047.1;PF25168.2;PF25171.2;PF25173.2;PF25174.2;PF25175.2
gene-ApepP,PF00557.30;PF01321.25;PF16188.11;PF16189.12
gene-Apf,PF00293.35
gene-Aplip1,PF00018.35;PF00640.30;PF14604.13
gene-Apn1,PF01433.27;PF11838.15;PF17900.7
gene-Apn2,PF01433.27;PF11838.15;PF17900.7
gene-Apn3,PF01433.27;PF11838.15;PF17900.7
gene-Apn4,PF01433.27;PF11838.15;PF17900.7
gene-Apoltp,PF00094.31;PF01347.29;PF06448.17;PF09172.17
gene-Appl,PF02177.22;PF10515.15;PF12924.13;PF12925.13
gene-Aprt,PF00156.34
gene-Aps,PF00293.35
gene-Apt1,PF00561.27;PF02230.23;PF12697.14
gene-Aptx,PF01230.30;PF11969.14;PF16278.12
gene-Arc42,PF00441.30;PF02770.25;PF02771.22;PF08028.17
gene-Archease,PF01951.22
gene-Arf102F,PF00025.28;PF00071.29;PF00503.27;PF01926.30;PF04670.19;PF08477.20;PF09439.17
gene-Arf51F,PF00025.28;PF00071.29;PF00503.27;PF04670.19;PF08477.20;PF09439.17
gene-Arf79F,PF00025.28;PF00071.29;PF00503.27;PF04670.19;PF08477.20;PF09439.17
gene-ArfGAP1,PF01412.24
gene-ArfGAP3,PF01412.24
gene-Arfip,PF06456.19
gene-Arfrp1,PF00025.28;PF00071.29;PF00503.27;PF01926.30;PF04670.19;PF08477.20;PF09439.17
gene-ArgRS-m,PF00750.26;PF05746.22
gene-Argl,PF00206.26;PF14698.12
gene-Arglu1,PF15346.12
gene-Arl1,PF00025.28;PF00071.29;PF00503.27;PF04670.19;PF08477.20;PF09439.17
gene-Arl2,PF00009.34;PF00025.28;PF00071.29;PF00503.27;PF01926.30;PF04670.19;PF08477.20;PF09439.17
gene-Arl4,PF00025.28;PF00071.29;PF08477.20;PF09439.17
gene-Arl5,PF00025.28;PF00071.29;PF00503.27;PF01926.30;PF04670.19;PF08477.20;PF09439.17
gene-Arl6,PF00025.28;PF00083.31;PF00503.27;PF01926.30;PF07690.22;PF08477.20
gene-Arl6IP1,PF24456.2
gene-Arp1,PF00022.26
gene-Arp10,PF00022.26
gene-Arp2,PF00022.26
gene-Arp3,PF00022.26
gene-Arp5,PF00022.26
gene-Arp6,PF00022.26
gene-Arp8,PF00022.26;PF17003.13
gene-Arpc1,PF00400.39;PF12894.14;PF23381.2;PF23383.2;PF23414.2;PF23775.2;PF24105.2;PF24796.2;PF24797.2;PF24807.2;PF24814.2;PF24817.2;PF25047.1;PF25172.2;PF25173.2;PF25174.2;PF25175.2;PF25460.2
gene-Arpc2,PF04045.20
gene-Arpc3A,PF04062.20
gene-Arpc4,PF05856.18
gene-Arpc5,PF04699.20
gene-Arr1,PF00339.35;PF02752.28
gene-Arr2,PF00339.35;PF02752.28
gene-Ars2,PF04959.20;PF12066.14
gene-Art1,PF02353.27;PF02475.24;PF05175.21;PF06325.20;PF08241.19;PF13649.13;PF13847.13;PF22528.2
gene-Art3,PF03848.21;PF05175.21;PF06325.20;PF08003.18;PF08241.19;PF08242.19;PF13489.13;PF13649.13;PF13847.13;PF21137.4;PF22528.2
gene-Art4,PF05175.21;PF05185.23;PF06325.20;PF08003.18;PF08241.19;PF08242.19;PF11531.15;PF13489.13;PF13649.13;PF13847.13;PF22528.2
gene-Art7,PF05175.21;PF06325.20;PF22528.2
gene-Art8,PF05175.21;PF06325.20;PF08241.19;PF13649.13;PF13847.13;PF22528.2
gene-Arv1,PF04161.19
gene-Asap,PF00018.35;PF00023.37;PF00169.36;PF01412.24;PF07653.24;PF12796.14;PF13606.13;PF13637.13;PF13857.13;PF14604.13;PF16746.11
gene-Asator,PF00069.32;PF07714.24
gene-Ase,PF00010.32
gene-Ask1,PF00069.32;PF07714.24;PF13281.13;PF19039.7;PF20302.5;PF20308.5;PF20309.5
gene-AsnRS,PF00152.26;PF01336.32;PF20917.3
gene-AsnRS-m,PF00152.26;PF01336.32
gene-AsnS,PF00733.28;PF13522.12;PF13537.12
gene-AspRS,PF00152.26;PF01336.32
gene-AspRS-m,PF00152.26;PF01336.32
gene-Asph,PF05118.22;PF13432.13
gene-Ass,PF00764.26;PF20979.3
gene-AstA-R1,PF00001.27;PF10320.16;PF10323.16;PF10324.16;PF10328.16
gene-Asx,PF13919.12;PF13922.12
gene-Atac1,PF00249.38
gene-Atac2,PF00583.32;PF13508.14
gene-Atac3,PF00023.37;PF12796.14;PF13606.13;PF13637.13;PF13857.13
gene-Ate1,PF04376.20;PF04377.22
gene-Atet,PF00005.34;PF01061.30;PF02463.26;PF13304.13;PF19055.7
gene-Atf3,PF00170.27;PF07716.21
gene-Atf6,PF00170.27
gene-Atg1,PF00069.32;PF03109.23;PF06293.21;PF07714.24;PF21127.5
gene-Atg10,PF03987.21
gene-Atg101,PF07855.18
gene-Atg12,PF02991.23;PF04110.20
gene-Atg14,PF10186.15
gene-Atg16,PF00400.39;PF08614.17;PF08662.18;PF12894.14;PF20426.5;PF23381.2;PF23389.2;PF23393.3;PF23409.2;PF23414.2;PF23609.2;PF23761.2;PF23775.2;PF24105.2;PF24780.2;PF24782.3;PF24796.2;PF24805.2;PF24807.2;PF24814.2;PF24817.2;PF25047.1;PF25048.2;PF25168.2;PF25171.2;PF25172.2;PF25173.2;PF25174.2;PF25175.2;PF25391.2;PF25460.2
gene-Atg17,PF04108.18;PF10377.15
gene-Atg3,PF03987.21
gene-Atg4a,PF03416.26
gene-Atg4b,PF03416.26
gene-Atg5,PF04106.19;PF20637.3;PF20638.4
gene-Atg6,PF04111.18;PF17675.7
gene-Atg7,PF00899.28;PF16420.11
gene-Atg8,PF02991.23
gene-Atg9,PF04109.22
gene-Atox1,PF00403.33
gene-Atpalpha,PF00122.26;PF00689.27;PF00690.32;PF00702.33;PF08282.19;PF13246.13
gene-Atpsyn-beta,PF00006.32;PF02874.30;PF22919.2
gene-Atu,PF04004.19
gene-Atx-1,PF08517.18
gene-Aven,PF28377.1
gene-Awh,PF00046.36;PF00412.29
gene-Axn,PF00615.25;PF00778.24;PF08833.16
gene-Axud1,PF16019.11
gene-B52,PF00076.29
gene-B9d1,PF07162.18
gene-BAEE,PF00089.33;PF12032.14
gene-BBS1,PF14779.13;PF23304.2
gene-BBS5,PF07289.18
gene-BBS8,PF00515.35;PF07719.24;PF13176.13;PF13181.13;PF13428.13;PF14559.13
gene-BBS9,PF14727.14;PF23337.2;PF23338.2
gene-BCAS2,PF05700.17
gene-BCL7-like,PF04714.19
gene-BGRP1,PF00722.29;PF15886.12
gene-BGRP2,PF00722.29;PF15886.12
gene-BGRP3,PF15886.12
gene-BHD,PF11704.14;PF16692.11
gene-BI-1,PF01027.27
gene-BNIP3,PF06553.18
gene-BORCS5,PF10158.14
gene-BORCS6,PF10157.15
gene-BORCS7,PF16088.11
gene-BRWD3,PF00400.39;PF00439.31;PF12894.14;PF20426.5;PF23381.2;PF23393.3;PF23409.2;PF23414.2;PF23756.2;PF24105.2;PF24782.3;PF24796.2;PF24805.2;PF24807.2;PF24814.2;PF24817.2;PF25047.1;PF25168.2;PF25172.2;PF25173.2;PF25174.2;PF25175.2;PF25313.2;PF25391.2;PF25437.2
gene-BTBD9,PF00651.38;PF00754.32;PF07707.22;PF21536.5;PF22633.4
gene-Baldspot,PF01151.24
gene-Bap111,PF00505.26
gene-Bap170,PF01388.28;PF02257.22
gene-Bap55,PF00022.26
gene-Bap60,PF02201.24
gene-Bcat,PF01063.25
gene-BckdhA,PF00676.26
gene-BckdhB,PF02779.30;PF02780.26
gene-Bcp,PF00112.30;PF08246.18
gene-Bcs1,PF00004.36;PF08740.17;PF25426.2
gene-Bdp1,PF15963.12
gene-Bem46,PF00561.27;PF05448.19;PF06342.19;PF12146.16;PF12697.14
gene-Best2,PF01062.27;PF25539.2
gene-Bet3,PF04051.22
gene-Bet5,PF04099.19;PF04628.20
gene-BicC,PF00013.36;PF00536.38;PF07647.25;PF22801.3;PF22985.4;PF24234.2;PF24668.2
gene-BicD,PF09730.15
gene-Bili,PF00373.24;PF24522.2
gene-Bin1,PF06487.19
gene-Bka,PF04900.19;PF18477.8
gene-Blimp-1,PF00096.33;PF00856.34;PF13465.13;PF13894.13;PF21549.3;PF22995.3
gene-Blm,PF00270.36;PF00271.38;PF00570.29;PF09382.18;PF16124.11
gene-Blos1,PF06320.19
gene-Blos2,PF10046.15
gene-Bm-re,PF07690.22;PF13347.13
gene-BmDJ-1beta,PF01965.31
gene-BmMET2,PF00010.32;PF00989.32;PF08447.19;PF14598.13
gene-Bmap-A,PF00046.36;PF00412.29
gene-Bmcp,PF00153.33
gene-Bmp-2,PF00076.29
gene-Bmptp-Z,PF00102.33
gene-BomSIFR,PF00001.27;PF10320.16;PF10328.16
gene-Borealin,PF10512.15
gene-Boule,PF00076.29
gene-Br140,PF00439.31;PF00855.24;PF10513.15;PF13771.13;PF13831.13;PF13832.13
gene-Bre1,PF00097.32;PF26052.1;PF26095.1
gene-Brf,PF00382.25;PF07741.19;PF08271.18
gene-Brms1,PF08598.17
gene-Bruce,PF00179.32;PF00653.28;PF12356.14
gene-Bsg,PF00047.32;PF07679.23;PF07686.24;PF13895.13;PF13927.13;PF22854.3
gene-Btk29A,PF00017.31;PF00018.35;PF00069.32;PF00169.36;PF00779.25;PF07714.24;PF14604.13
gene-Btl,PF00047.32;PF00069.32;PF07679.23;PF07686.24;PF07714.24;PF08204.18;PF08205.19;PF13895.13;PF13927.13;PF16680.12;PF22971.3;PF25305.2
gene-Btr175,PF00028.24
gene-Bub1,PF00069.32;PF07714.24;PF08311.19
gene-Bub3,PF00400.39;PF12894.14;PF23098.2;PF23381.2;PF23383.2;PF23393.3;PF23409.2;PF23410.5;PF23414.2;PF23419.3;PF23609.2;PF23775.2;PF23798.2;PF23869.2;PF24105.2;PF24796.2;PF24805.2;PF24807.2;PF24814.2;PF24817.2;PF25047.1;PF25048.2;PF25168.2;PF25171.2;PF25172.2;PF25173.2;PF25174.2;PF25175.2;PF25391.2
gene-Bug22,PF05018.19
gene-Bulli,PF07035.18;PF21029.4
gene-Burs,PF03045.21
gene-Bx,PF00412.29
gene-Bx42,PF02731.21
gene-C/EBP,PF07716.21
gene-C15,PF00046.36
gene-C1GalTA,PF02434.23
gene-C3G,PF00617.25
gene-CAH3,PF00194.27
gene-CAH9,PF00194.27
gene-CAHbeta,PF00484.25
gene-CAP,PF00018.35;PF07653.24;PF14604.13
gene-CBP,PF00036.39;PF13202.13;PF13405.13;PF13499.13;PF13833.13
gene-CCAP,PF11105.15
gene-CCDC53,PF10152.15
gene-CCE-un1,PF00135.35;PF20434.6
gene-CCHa1,PF27941.1
gene-CCHa2,PF27941.1
gene-CCT1,PF00118.30
gene-CCT2,PF00118.30
gene-CCT3,PF00118.30
gene-CCT4,PF00118.30
gene-CCT5,PF00118.30
gene-CCT6,PF00118.30
gene-CCT7,PF00118.30
gene-CCT8,PF00118.30
gene-CD98hc,PF00128.32;PF16028.11
gene-CDC50,PF03381.21
gene-CDase,PF04734.19;PF17048.12
gene-CHMP2B,PF03357.27
gene-CHOp24,PF01105.30
gene-CIA30,PF08547.19
gene-CIAPIN1,PF05093.19;PF20922.4
gene-CKIalpha,PF00069.32;PF07714.24;PF17667.8
gene-CLIP-190,PF01302.32;PF16641.11;PF27241.1
gene-CLIP11,PF00089.33;PF18322.7
gene-CLIP3,PF00089.33
gene-CLIP4,PF00089.33;PF12032.14
gene-CLS,PF01066.27
gene-CNBP,PF00098.29;PF13917.12;PF14787.12;PF27939.1
gene-CNPYb,PF11938.14
gene-COMMD4,PF21672.3
gene-COX5A,PF02284.22
gene-COX7B,PF16020.11
gene-CP8,PF12190.14
gene-CPF,PF11018.14
gene-CPFL2,PF11018.14
gene-CPH1,PF17223.9
gene-CPH28,PF00379.30
gene-CPH5,PF00379.30
gene-CPH6,PF04527.18
gene-CPR1,PF00379.30
gene-CPR123,PF00379.30
gene-CPR125,PF00379.30
gene-CPR126,PF00379.30
gene-CPR128,PF00379.30
gene-CPR129,PF00379.30
gene-CPR130,PF00379.30
gene-CPR132,PF00379.30
gene-CPR133,PF00379.30
gene-CPR135,PF00379.30
gene-CPR136,PF00379.30
gene-CPR139,PF00379.30
gene-CPR146,PF01391.24
gene-CPR147,PF00379.30
gene-CPR15,PF00379.30
gene-CPR16,PF00379.30
gene-CPR20,PF00379.30
gene-CPR21,PF00379.30
gene-CPR23,PF00379.30
gene-CPR25,PF00379.30
gene-CPR33,PF00379.30
gene-CPR34,PF00379.30
gene-CPR40,PF00379.30
gene-CPR41,PF00379.30
gene-CPR48,PF00379.30
gene-CPR49,PF00379.30
gene-CPR54,PF00379.30
gene-CPR55,PF00379.30
gene-CPR56,PF00379.30
gene-CPR57,PF00379.30
gene-CPR6,PF00379.30
gene-CPR62,PF00379.30
gene-CPR65,PF00379.30
gene-CPR69,PF00379.30
gene-CPR7,PF00379.30
gene-CPR70,PF00379.30
gene-CPR71,PF00379.30
gene-CPR72,PF00379.30
gene-CPR73,PF00379.30
gene-CPR79,PF00379.30
gene-CPR8,PF00379.30
gene-CPR81,PF00379.30
gene-CPR82,PF00379.30
gene-CPR83,PF00379.30
gene-CPR84,PF00379.30
gene-CPR9,PF00379.30
gene-CPR90,PF00379.30
gene-CPR91,PF00379.30
gene-CPR92,PF00379.30
gene-CPR93,PF00379.30
gene-CPR94,PF00379.30
gene-CPSF1,PF03178.22;PF10433.16;PF23726.2
gene-CPSF2,PF00753.34;PF07521.18;PF10996.15;PF12706.14;PF13299.12;PF16661.12
gene-CPT2,PF00755.26
gene-CRAT,PF00755.26
gene-CREG,PF13883.14
gene-CRIF,PF10147.15
gene-CRMP,PF01979.27;PF07969.18
gene-CSN1b,PF01399.34;PF10602.16;PF21151.3
gene-CSN3,PF01399.34;PF22788.3
gene-CSN4,PF01399.34;PF18420.7;PF22241.3
gene-CSN5,PF01398.27;PF18323.7
gene-CSN6,PF01398.27;PF13012.12
gene-CSN7,PF01399.34;PF18392.7;PF22061.3
gene-CSN8,PF10075.16
gene-CSP10,PF03392.19
gene-CSP11,PF03392.19
gene-CSP16,PF03392.19
gene-CSP4,PF03392.19
gene-CSP7,PF03392.19
gene-CSP9,PF03392.19
gene-CTL10,PF00059.28
gene-CTL11,PF00059.28
gene-CTL16,PF00059.28
gene-CTL4,PF00059.28
gene-CTL6,PF00059.28
gene-CYLD,PF00443.36;PF01302.32
gene-CYP338A1,PF00067.28
gene-CYP341B1,PF00067.28
gene-CYP354A1,PF00067.28
gene-CYP367A1,PF00067.28
gene-CYP49A1,PF00067.28;PF03372.30;PF14529.13
gene-Ca-Ma2d,PF02743.25;PF08399.17;PF08473.18
gene-Ca-alpha1T,PF00520.38;PF08016.19
gene-CaBP1,PF00085.27;PF04756.20;PF13098.14;PF20207.5
gene-CaMKII,PF00069.32;PF07714.24;PF08332.17;PF14534.13
gene-Cad74A,PF00028.24;PF08266.19;PF17756.8;PF23592.1;PF25374.1;PF28393.1;PF28399.1
gene-Cad86C,PF00028.24
gene-Cad89D,PF00028.24;PF22914.3;PF23592.1;PF25374.1;PF28393.1;PF28399.1
gene-Cad96Ca,PF00069.32;PF07714.24
gene-Cad99C,PF00028.24;PF22914.3;PF25374.1;PF28393.1;PF28399.1
gene-Cadps,PF00169.36;PF06292.24;PF25341.2
gene-Caf1-105,PF00400.39;PF12894.14;PF23098.2;PF23381.2;PF23383.2;PF23389.2;PF23393.3;PF23409.2;PF23414.2;PF23775.2;PF23869.2;PF24105.2;PF24782.3;PF24796.2;PF24797.2;PF24805.2;PF24807.2;PF24814.2;PF24817.2;PF25047.1;PF25168.2;PF25171.2;PF25172.2;PF25173.2;PF25174.2;PF25175.2;PF25391.2;PF25460.2;PF26550.2
gene-Caf1-55,PF00400.39;PF12265.15;PF23215.1;PF23381.2;PF23389.2;PF23393.3;PF23409.2;PF23414.2;PF23419.3;PF23609.2;PF23760.2;PF23775.2;PF23869.2;PF24105.2;PF24782.3;PF24796.2;PF24805.2;PF24807.2;PF24814.2;PF24817.2;PF25047.1;PF25048.2;PF25168.2;PF25171.2;PF25172.2;PF25173.2;PF25174.2;PF25175.2;PF25391.2;PF25460.2
gene-CalpA,PF00036.39;PF00648.28;PF01067.29;PF13405.13;PF13499.13;PF13833.13
gene-CalpC,PF00648.28;PF01067.29
gene-Cals,PF00028.24;PF19699.5;PF28399.1
gene-Calx,PF01699.30;PF03160.21;PF16494.11
gene-Camta,PF01833.31;PF03859.22
gene-CanB,PF00036.39;PF10591.16;PF12763.14;PF13202.13;PF13405.13;PF13499.13;PF13833.13;PF23564.2
gene-Cand1,PF01602.27;PF02985.29;PF08623.17;PF11865.15;PF12717.14;PF13513.13;PF13646.13;PF22958.3;PF23227.2;PF23271.2;PF24492.2;PF24987.2;PF25757.2;PF25780.2;PF25782.3;PF25801.2;PF26715.1;PF28359.1
gene-Cap-D2,PF02985.29;PF12717.14;PF12922.14
gene-Cap-G,PF12719.14
gene-Cap-d3,PF01755.24;PF13704.14
gene-Caper,PF00076.29;PF15519.12
gene-Capr,PF18293.7
gene-Casp-4,PF00656.28
gene-Caspase1,PF00656.28
gene-Cat,PF00199.25;PF06628.18
gene-CatD,PF00026.29;PF14543.12
gene-Catl-like,PF00112.30;PF08246.18
gene-Catsup,PF02535.29
gene-Cbl,PF00097.32;PF02262.22;PF02761.21;PF02762.21;PF13639.13;PF13920.13;PF14447.13;PF24921.2
gene-Cbp20,PF00076.29
gene-Cbp53E,PF00036.39;PF13202.13;PF13405.13;PF13499.13;PF13833.13;PF16905.11;PF23564.2;PF25578.2
gene-Cbp80,PF02854.26;PF09088.18;PF09090.18
gene-Cby,PF14645.12
gene-Cbz,PF07716.21
gene-Cc2d2a,PF24652.2;PF24656.2
gene-Ccdc56,PF09813.15
gene-Ccdc58,PF09774.15
gene-Ccdc85,PF10226.15
gene-Cchl,PF01265.23
gene-Ccm3,PF06840.18;PF20929.3
gene-Ccnl1,PF00134.29;PF02984.25
gene-Ccs,PF00080.26
gene-Ccz1,PF19031.7;PF19032.7;PF19033.7
gene-Cda4,PF01607.30
gene-Cda5,PF01522.27;PF01607.30
gene-Cdc10,PF00069.32;PF07714.24
gene-Cdc16,PF00515.35;PF07719.24;PF12895.14;PF13181.13;PF13424.13
gene-Cdc25,PF00581.26
gene-Cdc27,PF00515.35;PF07719.24;PF12895.14;PF13174.13;PF13176.13;PF13181.13;PF13371.13;PF13414.13;PF13424.13;PF13428.13;PF13431.13;PF13432.13;PF14559.13;PF21033.5;PF23914.2;PF25062.2
gene-Cdc37,PF03234.20;PF08564.17;PF08565.17
gene-Cdc42,PF00025.28;PF00071.29;PF08477.20
gene-Cdc45,PF02724.20
gene-Cdc5,PF00249.38;PF11831.14;PF13921.13
gene-Cdc7,PF00069.32;PF07714.24
gene-Cdep,PF00169.36;PF00373.24;PF00621.26;PF08736.17;PF09379.17;PF09380.17
gene-Cdk1,PF00069.32;PF07714.24;PF12330.15
gene-Cdk12,PF00069.32;PF07714.24;PF12330.15
gene-Cdk2,PF00069.32;PF07714.24
gene-Cdk4,PF00069.32;PF03109.23;PF07714.24
gene-Cdk5,PF00069.32;PF03109.23;PF07714.24
gene-Cdk5alpha,PF03261.21
gene-Cdk7,PF00069.32;PF07714.24
gene-Cdk8,PF00069.32;PF07714.24
gene-Cdk9,PF00069.32;PF07714.24;PF12330.15
gene-Cds,PF01148.26
gene-Ced-12,PF04727.19;PF11841.15;PF16457.12;PF26964.1
gene-CenB1A,PF00023.37;PF00169.36;PF01412.24;PF12796.14;PF13606.13;PF13637.13;PF13857.13;PF16746.11
gene-CenG1A,PF00071.29;PF01412.24
gene-Cep135,PF08614.17;PF24161.2
gene-Cep164,PF00397.33
gene-Cep89,PF28159.1
gene-Cep97,PF12799.14;PF13855.13;PF14580.13
gene-ChLD3,PF00057.24;PF01607.30
gene-ChT,PF00474.24
gene-Chbp,PF00061.30;PF03973.20;PF07137.18;PF08212.19
gene-Chc,PF00637.27;PF01394.27;PF09268.17;PF13838.13;PF23953.2
gene-Chchd2,PF06747.19
gene-Chd1,PF00176.30;PF00271.38;PF00385.31;PF04851.22;PF11496.15;PF13907.12;PF18375.8;PF23588.3
gene-Chd64,PF00307.37;PF00402.24
gene-Chi,PF01803.22;PF17916.7
gene-ChiR1,PF00704.35;PF01607.30
gene-Chk2,PF00069.32;PF00498.32;PF07714.24;PF14531.13
gene-Chmp1,PF03357.27
gene-Chpf,PF05679.23
gene-Chrac-14,PF00125.31;PF00808.30
gene-Chrac-16,PF00808.30
gene-Chro,PF00385.31
gene-Chsy,PF01762.28;PF02434.23;PF02709.21;PF05679.23;PF10111.15
gene-Cht11,PF00704.35
gene-Cht2,PF00704.35
gene-Cht5,PF00704.35;PF01607.30
gene-Cht6,PF00704.35;PF01607.30
gene-Cht7,PF00704.35;PF01607.30
gene-Ciao1,PF00400.39;PF04762.19;PF08662.18;PF12894.14;PF20426.5;PF21720.4;PF23342.2;PF23381.2;PF23383.2;PF23389.2;PF23393.3;PF23409.2;PF23411.2;PF23414.2;PF23419.3;PF23609.2;PF23775.2;PF23869.2;PF24105.2;PF24782.3;PF24796.2;PF24797.2;PF24805.2;PF24807.2;PF24814.2;PF24817.2;PF25047.1;PF25048.2;PF25168.2;PF25171.2;PF25172.2;PF25173.2;PF25174.2;PF25175.2;PF25178.1;PF25391.2;PF25460.2
gene-Cip4,PF00018.35;PF00611.29;PF25610.2
gene-Cirl,PF00002.30;PF01825.28;PF02140.24;PF16489.12
gene-Cisd2,PF09360.16;PF10660.15
gene-Cjhbp,PF00903.32;PF21207.4;PF21701.5
gene-CkIIalpha,PF00069.32;PF01636.30;PF07714.24
gene-Cka,PF00400.39;PF08232.18;PF11715.17;PF12894.14;PF23381.2;PF23383.2;PF23393.3;PF23409.2;PF23414.2;PF23775.2;PF23869.2;PF24017.3;PF24105.2;PF24780.2;PF24782.3;PF24796.2;PF24805.2;PF24807.2;PF24814.2;PF24817.2;PF25047.1;PF25048.2;PF25168.2;PF25171.2;PF25172.2;PF25173.2;PF25174.2;PF25175.2;PF25178.1;PF25391.2
gene-Cks30A,PF01111.25
gene-ClC-a,PF00571.34;PF00654.26
gene-ClC-b,PF00571.34;PF00654.26
gene-ClC-c,PF00571.34;PF00654.26
gene-Clbn,PF03184.26;PF05225.23;PF05833.17
gene-Clc,PF01086.23
gene-Clic,PF22441.3
gene-Clk,PF00010.32;PF00989.32;PF08447.19;PF14598.13
gene-Cln7,PF07690.22
gene-Clp,PF00098.29;PF00642.31;PF14608.13;PF16131.12;PF18345.8
gene-ClpP,PF00574.29
gene-ClpX,PF00004.36;PF07724.21;PF07728.21;PF10431.16;PF26040.1
gene-Cluap1,PF10234.15
gene-Cmc1,PF08583.16
gene-Cmtr1,PF01585.29;PF01728.26;PF12656.13
gene-Cna,PF00149.34
gene-Cndp2,PF01546.34;PF07687.20
gene-Cnep1r2,PF09771.15
gene-CngB,PF00027.36;PF00520.38
gene-Cngl,PF00027.36;PF00520.38;PF07885.23
gene-Cnot4,PF14570.13
gene-Cnx99A,PF00262.26
gene-CoRest,PF00249.38;PF01448.30;PF15963.12;PF20878.3
gene-Coa7,PF08238.19
gene-Coa8,PF10231.15
gene-Coc,PF00089.33;PF13365.13
gene-Cog1,PF08700.18
gene-Cog2,PF06148.18;PF12022.15
gene-Cog3,PF04136.22;PF20671.4
gene-Cog4,PF08318.19;PF20662.4;PF20663.4
gene-Cog6,PF06419.18;PF20653.4
gene-Cog7,PF10191.16
gene-Cog8,PF04124.19
gene-Col4a1,PF01391.24;PF01413.26
gene-Con,PF12799.14;PF13306.13;PF13855.13;PF14580.13
gene-Cont,PF00041.28;PF00047.32;PF07679.23;PF07686.24;PF08205.19;PF13895.13;PF13927.13;PF16656.12;PF22971.3;PF23376.2;PF25059.2
gene-Copg1,PF01602.27;PF08752.17;PF12717.14;PF13646.13;PF16381.11
gene-Coprox,PF01218.24
gene-Coq2,PF01040.24
gene-Coq4,PF05019.19
gene-Coq5,PF01209.25;PF08241.19;PF08242.19;PF13649.13;PF13847.13
gene-Coq6,PF01494.26;PF04820.21
gene-Coq7,PF03232.20
gene-Coq8,PF03109.23
gene-Coq9,PF08568.17
gene-Corin,PF00057.24;PF00089.33;PF01392.29;PF13365.13
gene-Cortactin,PF00018.35;PF02218.21;PF07653.24;PF14604.13
gene-Cow,PF00086.24;PF07648.21;PF10591.16
gene-Cox10,PF01040.24
gene-Cox11,PF04442.20
gene-Cp110,PF16025.11
gene-Cp190,PF00651.38
gene-Cpes,PF01066.27
gene-Cph,PF00096.33;PF13465.13;PF13894.13;PF13909.13;PF23611.2;PF25491.1
gene-Cpr,PF00175.27;PF00258.31;PF00667.27
gene-Cpr100A,PF00379.30
gene-Cpr50Cb,PF00379.30
gene-Cpr64Ac,PF00379.30
gene-Cpr66D,PF00379.30
gene-Cpr67B,PF00379.30
gene-Cpr73D,PF00379.30
gene-Cpsf5,PF13869.13
gene-Cpsf6,PF25524.2
gene-Cpsf73,PF00753.34;PF07521.18;PF10996.15;PF11718.14;PF16661.12;PF23023.2
gene-Crag,PF02141.27;PF03455.25;PF03456.26;PF10240.16
gene-CrebA,PF00170.27;PF07716.21
gene-CrebB,PF00170.27;PF02173.23;PF07716.21
gene-Crk,PF00017.31;PF00018.35;PF07653.24;PF14604.13
gene-Crt,PF00262.26
gene-Crz,PF17308.8
gene-Cse1,PF03378.22;PF03810.26;PF08506.17
gene-Csk,PF00017.31;PF00069.32;PF07714.24
gene-Csl4,PF10447.16;PF14382.13
gene-Csp,PF00226.37
gene-CstF50,PF00400.39;PF08662.18;PF12894.14;PF16529.12;PF16699.11;PF20426.5;PF23098.2;PF23381.2;PF23393.3;PF23409.2;PF23410.5;PF23414.2;PF23419.3;PF23609.2;PF23761.2;PF23775.2;PF23798.2;PF23869.2;PF24105.2;PF24780.2;PF24782.3;PF24796.2;PF24805.2;PF24807.2;PF24814.2;PF24817.2;PF25047.1;PF25048.2;PF25168.2;PF25171.2;PF25172.2;PF25173.2;PF25174.2;PF25175.2;PF25391.2;PF25460.2
gene-CstF64,PF00076.29;PF14304.12;PF14327.12
gene-CtBP,PF00389.37;PF02826.26
gene-Ctf4,PF00400.39;PF11715.17;PF12341.15;PF12894.14;PF20946.3;PF23381.2;PF23414.2;PF24105.2;PF24805.2;PF24807.2;PF24814.2;PF24817.2;PF25168.2;PF25171.2;PF25172.2;PF25173.2;PF25174.2;PF25175.2
gene-Ctl1,PF04515.19
gene-Ctl2,PF04515.19
gene-Ctns,PF04193.20
gene-Ctps,PF00117.35;PF06418.21
gene-Ctr9,PF00515.35;PF04733.21;PF07719.24;PF12895.14;PF13174.13;PF13176.13;PF13181.13;PF13371.13;PF13374.13;PF13414.13;PF13424.13;PF13428.13;PF13431.13;PF13432.13;PF14559.13;PF21033.5;PF23914.2;PF24575.2;PF25064.2;PF25068.3
gene-CtsB,PF00112.30;PF08127.19
gene-Ctu1,PF01171.27;PF16503.11
gene-Ctu2,PF10288.15
gene-Cul1,PF00888.30;PF10557.16;PF26557.1
gene-Cul2,PF00888.30;PF10557.16;PF26557.1
gene-Cul3,PF00888.30;PF10557.16;PF26557.1
gene-Cul4,PF00888.30;PF10557.16;PF26557.1
gene-Cul5,PF00888.30;PF10557.16;PF26557.1
gene-Cwc25,PF10197.15;PF12542.14
gene-CycB,PF00134.29;PF02984.25
gene-CycB3,PF00134.29;PF02984.25
gene-CycC,PF00134.29;PF16899.11
gene-CycG,PF00134.29
gene-CycH,PF00134.29;PF16899.11
gene-CycJ,PF00134.29
gene-CycT,PF00134.29;PF21797.3
gene-CycY,PF00134.29;PF08613.17
gene-Cyca,PF00134.29;PF02984.25
gene-Cyce,PF00134.29;PF02984.25
gene-Cyp18a1,PF00067.28
gene-Cyp303a1,PF00067.28
gene-Cyp305b1,PF00067.28
gene-Cyp307a1,PF00067.28
gene-Cyp332a1,PF00067.28
gene-Cyp337a1,PF00067.28
gene-Cyp339a1,PF00067.28
gene-Cyp366a1,PF00067.28
gene-Cyp40,PF00160.27;PF00515.35;PF07719.24
gene-Cyp4g15,PF00067.28
gene-Cyp6ab5,PF00067.28
gene-Cyp6ae22,PF00067.28
gene-Cypa,PF00160.27
gene-Cypl,PF00160.27
gene-CysRS,PF01406.26
gene-CysRS-m,PF01406.26;PF09334.18
gene-Cyt-c1,PF02167.21
gene-D12,PF03366.23;PF22951.2
gene-D2hgdh,PF01565.29;PF02913.25
gene-DAAM,PF02181.29;PF06367.23;PF06371.20
gene-DAT,PF00209.25
gene-DCAF12,PF23381.2;PF23414.2;PF23760.2;PF24807.2;PF24814.2;PF25172.2;PF25174.2;PF25175.2
gene-DCP1,PF06058.20;PF16741.11
gene-DCP2,PF00293.35;PF05026.19
gene-DCTN1-p150,PF01302.32;PF12455.14;PF26666.1
gene-DCTN2-p50,PF04912.20
gene-DCTN4-p62,PF05502.19
gene-DCTN5-p25,PF00132.31;PF21711.4;PF25084.2;PF25087.2
gene-DCTN6-p27,PF00132.31;PF25087.2
gene-DCX-EMAP,PF00400.39;PF03451.22;PF03607.24;PF12894.14;PF23098.2;PF23381.2;PF23383.2;PF23389.2;PF23393.3;PF23409.2;PF23414.2;PF23775.2;PF23869.2;PF24017.3;PF24780.2;PF24782.3;PF24796.2;PF24807.2;PF24814.2;PF24817.2;PF25047.1;PF25168.2;PF25171.2;PF25172.2;PF25173.2;PF25174.2;PF25175.2;PF25391.2
gene-DEF8,PF13901.13
gene-DENR,PF01253.28;PF21023.3
gene-DESAT4,PF00487.31
gene-DIP-beta,PF00047.32;PF07679.23;PF07686.24;PF13895.13;PF13927.13;PF22705.3;PF22971.3
gene-DIP2,PF00501.35;PF06464.17;PF23024.2;PF24919.1
gene-DLDH,PF00070.34;PF00890.31;PF01262.28;PF01494.26;PF02852.29;PF03486.21;PF07992.21;PF12831.14;PF13450.13;PF13738.13
gene-DMAP1,PF05499.18;PF16282.12
gene-DNAlig1,PF01068.27;PF04675.20;PF04679.22
gene-DNAlig3,PF00645.26;PF01068.27;PF04675.20;PF04679.22;PF16759.13
gene-DNApol-alpha180,PF00136.27;PF03104.26;PF08996.16;PF12254.14
gene-DNApol-alpha50,PF01896.26
gene-DNApol-alpha73,PF04042.22;PF08418.16;PF22062.3
gene-DNApol-epsilon255,PF00136.27;PF03104.26;PF08490.18;PF10108.16;PF22634.2;PF22912.3;PF23250.2
gene-DNApol-epsilon58,PF04042.22;PF12213.15
gene-DNApol-eta,PF00817.26;PF11799.14;PF18439.8;PF21704.4;PF21999.3
gene-DNApol-theta,PF00270.36;PF00271.38;PF00476.27;PF04851.22;PF20470.5;PF21099.3;PF25453.2
gene-DNApol-zeta,PF00136.27;PF03104.26;PF24055.3;PF24065.2
gene-DNaseII,PF03265.22
gene-DPCoAC,PF00153.33
gene-DUBAI,PF00443.36;PF13423.13;PF21246.4
gene-DZIP1,PF13815.12;PF25977.1
gene-Daao1,PF01266.31
gene-Daao2,PF01266.31
gene-Dab,PF00640.30
gene-Dad,PF03165.23;PF03166.20
gene-Dad1,PF02109.22
gene-Dak1,PF00406.30;PF13207.13;PF13238.13
gene-Dap160,PF00018.35;PF00036.39;PF07653.24;PF12763.14;PF13499.13;PF14604.13
gene-Dbct,PF00198.29;PF00364.29;PF02817.23
gene-Dbp21E2,PF00270.36;PF00271.38
gene-Dbp45A,PF00270.36;PF00271.38;PF04851.22;PF16203.12
gene-Dbp73D,PF00270.36;PF00271.38;PF04851.22
gene-Dbp80,PF00270.36;PF00271.38
gene-Dbx,PF00046.36
gene-Dci,PF00378.26;PF16113.11
gene-Dcps,PF05652.18;PF11969.14
gene-Dcr-1,PF00271.38;PF00636.32;PF02170.29;PF03368.20;PF14622.12;PF20931.3;PF20932.4
gene-Dd,PF03031.25
gene-Ddrgk1,PF09756.16
gene-Ddx1,PF00270.36;PF00271.38;PF00622.37
gene-Deaf1,PF01342.27
gene-Delta,PF00008.34;PF01414.26;PF07645.22;PF07657.20;PF07974.20;PF12661.14;PF21700.4;PF21795.4;PF23106.2;PF23301.2;PF25024.1
gene-Der-1,PF04511.21
gene-Der-2,PF04511.21
gene-Dera,PF01791.16
gene-Desat1,PF00487.31
gene-Det,PF00653.28
gene-Dfd,PF00046.36
gene-Dg,PF05345.19;PF05454.17
gene-Dgk,PF00036.39;PF00130.29;PF00609.25;PF00781.30;PF13202.13;PF13405.13;PF13499.13;PF14513.13
gene-Dgkepsilon,PF00609.25;PF00781.30
gene-Dh31,PF27927.1
gene-Dh31-R,PF00002.30;PF02793.28
gene-Dh44,PF00473.23
gene-Dh44-R2,PF00002.30;PF05462.18
gene-Dhap-at,PF01553.27;PF19277.5
gene-Dhc16F,PF00004.36;PF03028.22;PF07728.21;PF08393.19;PF12774.14;PF12775.14;PF12777.12;PF12780.14;PF12781.14;PF17852.7;PF17857.7;PF18198.8;PF18199.7;PF22597.3
gene-Dhc36C,PF03028.22;PF07728.21;PF08393.19;PF12774.14;PF12775.14;PF12777.12;PF12780.14;PF12781.14;PF17852.7;PF17857.7;PF18198.8;PF18199.7;PF22597.3
gene-Dhc62B,PF00004.36;PF00910.29;PF03028.22;PF07728.21;PF08393.19;PF12774.14;PF12775.14;PF12777.12;PF12780.14;PF12781.14;PF13401.13;PF17852.7;PF17857.7;PF18198.8;PF18199.7;PF22597.3
gene-Dhc64C,PF00004.36;PF00437.27;PF01078.28;PF03028.22;PF07728.21;PF08385.18;PF08393.19;PF12774.14;PF12775.14;PF12777.12;PF12780.14;PF12781.14;PF13191.13;PF13238.13;PF13401.13;PF13671.13;PF17852.7;PF18198.8;PF18199.7;PF20720.4;PF22597.3
gene-Dhc93AB,PF03028.22;PF07728.21;PF08385.18;PF08393.19;PF12774.14;PF12775.14;PF12777.12;PF12780.14;PF12781.14;PF13191.13;PF13245.13;PF13401.13;PF17852.7;PF17857.7;PF18198.8;PF18199.7;PF22597.3
gene-Dhc98D,PF03028.22;PF07728.21;PF08385.18;PF08393.19;PF12774.14;PF12775.14;PF12777.12;PF12780.14;PF12781.14;PF13401.13;PF17852.7;PF17857.7;PF18198.8;PF18199.7;PF22597.3
gene-Dhdds,PF01255.25
gene-Dhfr,PF00186.25
gene-Dhit,PF00615.25
gene-Dhod,PF01180.28
gene-Dhpr,PF00106.32;PF13561.13
gene-Dhr-1,PF00001.27;PF10320.16;PF10324.16
gene-Dhrs4,PF00106.32;PF08659.17;PF13561.13;PF23441.1
gene-Dhs,PF01916.24
gene-Dhx15,PF00270.36;PF00271.38;PF04408.30;PF07717.23;PF21010.3
gene-Diap2,PF00653.28;PF13920.13
gene-Dic1,PF00153.33
gene-Dim1,PF00085.27;PF02966.23
gene-Dip-B,PF00883.27
gene-Dip-C,PF00557.30;PF05195.23
gene-Dis3,PF00773.26;PF13638.13;PF17216.10;PF17849.8;PF17876.8
gene-Dlc90F,PF03645.19
gene-Dlg5,PF00595.30;PF00625.28;PF13180.13;PF17820.8
gene-Dlic,PF05783.18
gene-Dlish,PF00018.35;PF07653.24;PF08239.18;PF14604.13;PF23587.1
gene-Dll,PF00046.36
gene-Dmc1,PF00154.28;PF08423.18;PF13481.13;PF14520.13
gene-Dmtn,PF10267.15
gene-Dna2,PF01443.25;PF01930.24;PF08696.18;PF12705.14;PF13086.13;PF13087.13;PF13245.13;PF13604.13
gene-DnaJ-1,PF00226.37;PF00684.26;PF01556.24
gene-DnaJ-10,PF00226.37;PF23302.2
gene-DnaJ-11,PF00226.37
gene-DnaJ-13,PF00226.37
gene-DnaJ-14,PF00226.37;PF00684.26;PF01556.24
gene-DnaJ-15,PF00076.29;PF00226.37
gene-DnaJ-16,PF00226.37;PF12171.15;PF12874.14;PF21884.3
gene-DnaJ-17,PF00226.37;PF11875.15;PF22774.3
gene-DnaJ-21,PF00226.37
gene-DnaJ-5,PF00226.37;PF01556.24
gene-DnaJ-6,PF00226.37;PF09320.17
gene-DnaJ-8,PF00226.37
gene-Dnaaf3,PF14737.12;PF14740.12
gene-Dnaaf5,PF02985.29;PF12348.15;PF12755.14;PF13513.13;PF13646.13;PF20168.5;PF23227.2;PF23271.2;PF24573.2;PF24987.2;PF25757.2;PF25782.3;PF25786.1
gene-Dnaaf6,PF18201.8;PF21413.4
gene-Dnah3,PF00004.36;PF03028.22;PF07728.21;PF08393.19;PF12774.14;PF12775.14;PF12777.12;PF12780.14;PF12781.14;PF13191.13;PF13401.13;PF17852.7;PF17857.7;PF18198.8;PF18199.7;PF22597.3
gene-Dnali1,PF10211.15
gene-Dnmt1,PF00145.24;PF01426.25;PF02008.26;PF12047.14
gene-Doa,PF00069.32;PF07714.24
gene-Doc1,PF00907.28
gene-Dok,PF00169.36;PF02174.24
gene-Dolk,PF28421.1
gene-DopEcR,PF00001.27
gene-Dopr1,PF00001.27;PF10320.16;PF13853.13
gene-Dopr2,PF00001.27;PF10320.16
gene-Dorsal,PF00554.28;PF16179.12
gene-Dp,PF02319.27;PF08781.16
gene-Dp1,PF00013.36;PF07650.24;PF14611.14;PF22675.3;PF22952.3;PF22985.4;PF24471.2;PF24563.2;PF24641.2;PF24668.2;PF26594.2
gene-Dpck,PF01121.27
gene-Dph1,PF01866.23
gene-Dph2,PF01866.23
gene-Dph3,PF05207.19
gene-Dph5,PF00590.26
gene-Dpit47,PF14559.13;PF18972.6
gene-Dpm1,PF00535.33;PF13641.13
gene-Dpp10,PF00326.28;PF00930.28
gene-DppIII,PF03571.22
gene-Drak,PF00069.32;PF01391.24;PF07714.24
gene-Drat,PF13602.13
gene-Dredd,PF00656.28;PF23724.2;PF23725.2
gene-Drep1,PF02017.22;PF09033.16
gene-Drep2,PF02017.22
gene-Drep4,PF02017.22;PF09230.17
gene-Drgx,PF00046.36
gene-Drip,PF00230.26
gene-Drl-2,PF00069.32;PF02019.25;PF07714.24
gene-Droj2,PF00226.37;PF00684.26;PF01556.24
gene-Dronc,PF00619.28;PF00656.28
gene-Drp,PF15228.12
gene-Drp1,PF00350.30;PF01031.26;PF02212.24
gene-Dscam1,PF00041.28;PF00047.32;PF07654.22;PF07679.23;PF07686.24;PF08205.19;PF12355.14;PF13895.13;PF13927.13;PF16656.12;PF16680.12;PF16681.12;PF16706.12;PF18452.8;PF20418.4;PF22705.3;PF22854.3;PF22971.3;PF23376.2;PF25059.2;PF25305.2;PF28033.1
gene-Dscam3,PF00041.28;PF00047.32;PF07654.22;PF07679.23;PF07686.24;PF08204.18;PF08205.19;PF13895.13;PF13927.13;PF16656.12;PF17736.8;PF18452.8;PF22705.3;PF22854.3;PF22971.3;PF25059.2;PF28033.1;PF28354.1
gene-Dscam4,PF00041.28;PF00047.32;PF07354.19;PF07654.22;PF07679.23;PF07686.24;PF08204.18;PF08205.19;PF13895.13;PF13927.13;PF16656.12;PF16680.12;PF16681.12;PF16706.12;PF18452.8;PF22705.3;PF22854.3;PF22971.3;PF23376.2;PF25059.2;PF25523.2;PF28033.1;PF28354.1
gene-Dsor1,PF00069.32;PF03109.23;PF07714.24
gene-Dtd,PF02580.22
gene-Dtwd2,PF03942.21
gene-Duox,PF00036.39;PF01794.26;PF03098.21;PF08022.19;PF08030.18;PF13202.13;PF13405.13;PF13499.13;PF13833.13;PF23564.2;PF26659.1
gene-Dus1,PF01207.24
gene-Dus2,PF00035.33;PF01207.24
gene-Dus3,PF01207.24;PF25585.2
gene-Dus4,PF01180.28;PF01207.24
gene-Dyrk2,PF00069.32;PF03109.23;PF07714.24
gene-Dyrk3,PF00069.32;PF03109.23;PF07714.24
gene-E(Pc),PF10513.15
gene-E(bx),PF00439.31;PF00628.36;PF02791.23;PF15613.12
gene-E(spl)malpha,PF15952.11
gene-E(spl)mbeta,PF00010.32;PF07527.19
gene-E(z),PF00856.34;PF18118.8;PF18264.7;PF21358.3
gene-E2f1,PF02319.27;PF16421.11
gene-ECSIT,PF06239.18;PF14784.12
gene-EH,PF04736.18
gene-EMC10,PF21203.3
gene-EMC3,PF01956.22
gene-EMC4,PF06417.18
gene-EMC5,PF10270.15
gene-EMC6,PF07019.18
gene-EMC7,PF09430.17
gene-EMC8-9,PF03665.19
gene-EMRE,PF10161.15
gene-ENGase,PF03644.20
gene-ERR,PF00104.36;PF00105.25
gene-ERp44,PF00085.27;PF13848.13
gene-ERp57,PF00085.27;PF00578.28;PF13098.14;PF13848.13;PF13899.13;PF13905.13;PF20207.5
gene-Eaat1,PF00375.24
gene-Eaat2,PF00375.24
gene-Eaf,PF09816.15
gene-Eaf6,PF09340.16
gene-Eb1,PF00307.37;PF03271.23
gene-EcR,PF00104.36;PF00105.25
gene-Echs1,PF00378.26;PF16113.11
gene-Eck,PF01636.30;PF02958.27;PF07914.18
gene-Edc3,PF03853.22;PF09532.16;PF12701.14
gene-Edem1,PF01532.27
gene-Edem2,PF01532.27;PF02225.28
gene-Efa6,PF00169.36;PF00595.30;PF01369.26;PF15410.13;PF17820.8
gene-Egfr,PF00069.32;PF00757.26;PF01030.32;PF07714.24;PF14843.12
gene-Egm,PF21343.3
gene-Ehbp1,PF00307.37;PF10358.16;PF12130.14
gene-Eif2g,PF00009.34;PF03144.32;PF09173.18
gene-Eip63E,PF00069.32;PF07714.24
gene-Eip63F-1,PF00036.39;PF13202.13;PF13405.13;PF13499.13;PF13833.13;PF21008.4;PF24548.2
gene-Eip74EF,PF00178.30
gene-Eip75B,PF00104.36;PF00105.25
gene-Eip93F,PF05225.23
gene-EloB,PF00240.30
gene-EloC,PF03931.22
gene-Elovl7,PF01151.24
gene-Elp1,PF04762.19;PF23381.2;PF23414.2;PF23774.2;PF23797.2;PF23878.2;PF23925.2;PF23936.2
gene-Elp3,PF04055.28;PF16199.11;PF23613.2
gene-Elp4,PF05625.18
gene-Elp5,PF10483.16
gene-Elys,PF13934.13;PF16687.11
gene-EndoA,PF00018.35;PF03114.24;PF07653.24;PF10455.15;PF14604.13;PF16746.11
gene-EndoG,PF01223.30
gene-Eno,PF00113.29;PF03952.22;PF13378.13
gene-Enoph,PF00702.33
gene-Ent1,PF01733.25
gene-Ent2,PF01733.25
gene-Ent3,PF01733.25
gene-Eogt,PF04577.20
gene-Eph,PF00041.28;PF00069.32;PF00536.38;PF01404.26;PF07647.25;PF07714.24;PF14575.12;PF16656.12;PF23376.2;PF25599.3
gene-Ephrin,PF00812.24
gene-Epp,PF00300.28;PF00627.38;PF14604.13;PF22562.3
gene-Eps-15,PF00036.39;PF12763.14;PF13202.13;PF13405.13;PF13499.13
gene-Ercc1,PF03834.21;PF14520.13
gene-Erk7,PF00069.32;PF07714.24
gene-Ero1L,PF04137.21
gene-Es2,PF09751.15
gene-Esp,PF00916.27;PF01740.27
gene-Esyt2,PF00168.37;PF17047.12;PF25669.2
gene-Etf-QO,PF00890.31;PF01946.24;PF05187.20;PF07992.21;PF13450.13;PF21162.4
gene-Etfb,PF01012.28
gene-Ethr,PF00001.27;PF10328.16
gene-Etl1,PF00176.30;PF00270.36;PF00271.38;PF04851.22;PF11496.15
gene-Ets,PF00178.30
gene-Ets65A,PF00178.30
gene-Ets97D,PF00178.30;PF02198.24;PF11620.15
gene-Evi5,PF00566.26;PF23436.2
gene-Exd2,PF01612.27
gene-Exo70,PF03081.23;PF20669.4
gene-Exo84,PF08700.18;PF16528.12;PF22697.3
gene-FAM21,PF15255.12
gene-FANCI,PF14675.13;PF14676.13;PF14677.13;PF14678.13;PF14680.13
gene-FASN1,PF00107.33;PF00550.32;PF00975.27;PF08659.17;PF13602.13;PF21149.4
gene-FASN3,PF00106.32;PF00107.33;PF00109.33;PF00550.32;PF00698.27;PF00975.27;PF02801.29;PF08659.17;PF13602.13;PF16197.12;PF21149.4
gene-FBXO11,PF00646.39;PF02207.26;PF05048.20;PF12937.13;PF13229.13
gene-FDL,PF00728.29;PF14845.12
gene-FER,PF00017.31;PF00069.32;PF00611.29;PF07714.24
gene-FIG4,PF02383.24
gene-FMO1,PF00743.26;PF01266.31;PF07992.21;PF13434.13;PF13450.13;PF13454.13;PF13738.13
gene-FMO2,PF00743.26;PF01266.31;PF01494.26;PF01946.24;PF07992.21;PF13434.13;PF13450.13;PF13738.13
gene-FMRFaR,PF00001.27;PF10320.16;PF10324.16;PF10328.16
gene-FNSI,PF03171.27;PF14226.13
gene-FRG1,PF06229.19
gene-Fa2h,PF00173.34;PF04116.20
gene-FaMeT7,PF11901.14
gene-Faa,PF01557.24;PF09298.17
gene-Faah,PF01557.24
gene-Faf2,PF00789.27;PF14555.13;PF21021.4;PF22566.3
gene-Fak,PF00069.32;PF00373.24;PF03623.19;PF07714.24;PF18038.8;PF21477.4
gene-Fam92,PF06730.17
gene-Fancd2,PF14631.12
gene-Fancl,PF11793.15;PF18891.6
gene-Fancm,PF00270.36;PF00271.38;PF04851.22
gene-Fas1,PF02469.28
gene-Fas2,PF00041.28;PF00047.32;PF07679.23;PF07686.24;PF08204.18;PF13895.13;PF13927.13;PF22854.3;PF22971.3;PF25059.2;PF25305.2
gene-Fas3,PF07679.23;PF08205.19;PF13927.13
gene-Fatp,PF00501.35;PF13193.13
gene-Fatp3,PF00501.35;PF13193.13
gene-Fbl6,PF12799.14;PF12937.13;PF24048.2
gene-Fbw5,PF12937.13
gene-Fbxl4,PF00646.39;PF12937.13;PF13516.13
gene-Fbxl7,PF00646.39;PF12799.14;PF12937.13;PF13516.13;PF24758.2;PF25372.2
gene-Fbxo42,PF00646.39;PF01344.32;PF07646.22;PF12937.13;PF13415.13;PF13418.13;PF13854.13;PF13964.13;PF24681.2;PF24981.2;PF24996.1;PF25210.2
gene-Fcp1,PF00533.34;PF03031.25;PF09309.16;PF26077.1
gene-Fdh,PF00107.33;PF08240.18
gene-Fdx1,PF00111.33
gene-Fdx2,PF00111.33
gene-FeCH,PF00762.25
gene-Fem-1,PF00023.37;PF12796.14;PF13606.13;PF13637.13;PF13857.13;PF24521.3
gene-Fen1,PF00752.24;PF00867.24
gene-Fer1HCH,PF00210.31
gene-Fer2,PF00010.32
gene-Fer2LCH,PF00210.31
gene-Fib,PF01269.24
gene-Fib-l,PF05849.19
gene-Fibp,PF05427.17
gene-Fic,PF02661.24
gene-Fife,PF00168.37;PF00595.30;PF17820.8
gene-Fim,PF00036.39;PF00307.37;PF11971.14;PF13405.13;PF13499.13
gene-Fip1,PF05182.19
gene-FipoQ,PF00646.39;PF12937.13
gene-Fis1,PF14852.13;PF14853.13
gene-Fitm,PF10261.16
gene-Fkbp12,PF00254.35;PF23322.2
gene-Fkbp14,PF00036.39;PF00254.35;PF13202.13;PF13405.13;PF13499.13
gene-Fkbp45,PF00254.35;PF17800.8
gene-Fkbp59,PF00254.35;PF00515.35;PF07719.24;PF13181.13;PF23322.2
gene-Flo1,PF01145.32;PF15975.11
gene-Flo2,PF01145.32
gene-Fmbp-1,PF21107.3
gene-Fmo-1,PF00743.26;PF01266.31;PF03486.21;PF07992.21;PF13434.13;PF13450.13;PF13738.13
gene-Fmr1,PF00013.36;PF05641.19;PF17904.8;PF18336.8
gene-Fnta,PF01239.29
gene-Fntb,PF00432.28
gene-FoxK,PF00250.25;PF00498.32
gene-FoxP,PF00250.25;PF16159.11
gene-Foxg1,PF00250.25
gene-Fps,PF00348.23
gene-Frl,PF02181.29;PF06367.23;PF06371.20
gene-Frmd5,PF00373.24;PF08736.17;PF09379.17;PF09380.17
gene-Fs(2)Ket,PF02985.29;PF03810.26;PF12460.15;PF13513.13;PF13646.13;PF20926.4;PF23271.2;PF24714.2;PF24987.2;PF25574.2;PF25780.2;PF25786.1;PF25801.2
gene-Fsn,PF00622.37;PF00646.39;PF12937.13
gene-FucT6,PF19745.6
gene-FucTA,PF00852.27;PF17039.11
gene-FucTB,PF00852.27;PF17039.11
gene-Fuca,PF01120.24;PF16757.12
gene-Fur1,PF00082.28;PF01483.28;PF16470.11
gene-G6P,PF01569.28
gene-G9a,PF00023.37;PF00856.34;PF05033.23;PF12796.14;PF13606.13;PF13637.13;PF13857.13;PF21533.3
gene-GAA1,PF00083.31;PF04114.20;PF07690.22
gene-GABA-B-R1,PF00003.29;PF01094.35;PF13458.13
gene-GABA-B-R2,PF00003.29;PF01094.35
gene-GABA-B-R3,PF00003.29;PF01094.35;PF13458.13
gene-GABPI,PF01529.26
gene-GAPcenA,PF00566.26;PF12473.14;PF23436.2
gene-GATAd,PF00320.34;PF07776.22
gene-GCC88,PF01465.26
gene-GCS1,PF03200.23;PF16923.12;PF22422.3
gene-GCS2alpha,PF01055.33;PF13802.13;PF17137.10;PF21365.4
gene-GCS2beta,PF07915.20;PF12999.13;PF13015.13
gene-GEFmeso,PF00621.26;PF22697.3
gene-GLS,PF00023.37;PF04960.21;PF12796.14;PF13637.13;PF17959.8
gene-GMF,PF00241.26
gene-GOBP1,PF01395.28
gene-GOBP2,PF01395.28
gene-GPB5,PF00007.28
gene-GPHR,PF12430.14;PF12537.14
gene-GSTd1,PF00043.31;PF02798.27;PF13409.13;PF13410.12;PF13417.13
gene-GSTd2,PF00043.31;PF02798.27;PF13409.13;PF13417.13;PF14497.12
gene-GSTd3,PF00043.31;PF02798.27;PF13409.13;PF13417.13;PF14497.12
gene-GSTe3,PF00043.31;PF02798.27;PF13409.13;PF13410.12;PF13417.13;PF14497.12;PF17172.11;PF21972.2;PF22041.2
gene-GSTe6,PF00043.31;PF02798.27;PF13409.13;PF13417.13;PF14497.12
gene-GSTo1,PF02798.27;PF13409.13;PF13410.12;PF13417.13;PF14497.12;PF22441.3
gene-GSTo2,PF00043.31;PF00462.31;PF02798.27;PF13409.13;PF13410.12;PF13417.13;PF14497.12;PF22441.3
gene-GSTo3,PF02798.27;PF13409.13;PF13410.12;PF13417.13
gene-GSTt1,PF00043.31;PF02798.27;PF13409.13;PF13417.13
gene-GSTz1,PF02798.27;PF13409.13;PF13417.13;PF14497.12
gene-GSTz2,PF00043.31;PF02798.27;PF13409.13;PF13417.13;PF14497.12
gene-GTPBP1,PF00009.34;PF03144.32
gene-GXIVsPLA2,PF06951.17
gene-Gad1,PF00282.26
gene-Gale,PF01073.26;PF01370.28;PF02719.22;PF04321.24;PF16363.12
gene-Galk,PF00288.33;PF08544.19;PF10509.16
gene-Galphaf,PF00025.28;PF00503.27
gene-Galphao,PF00025.28;PF00503.27;PF04670.19
gene-Galphaq,PF00025.28;PF00503.27
gene-Galt,PF01087.28;PF02744.23
gene-Gapvd1,PF00616.25;PF02204.24
gene-Gar1,PF04410.21
gene-Gart,PF00551.25;PF00586.30;PF01071.25;PF02769.28;PF02843.23;PF02844.22
gene-Gas41,PF03366.23;PF20305.5
gene-Gas8,PF13851.12
gene-Gasp,PF01607.30
gene-Gasz,PF00023.37;PF12796.14;PF13606.13;PF13637.13;PF13857.13
gene-Gat,PF00209.25
gene-GatA,PF01425.27
gene-GatB,PF02637.24;PF02934.21
gene-Gata-beta,PF00320.34;PF08271.18;PF24458.2
gene-Gbeta13F,PF00400.39;PF12894.14;PF20426.5;PF23098.2;PF23342.2;PF23381.2;PF23383.2;PF23389.2;PF23393.3;PF23409.2;PF23410.5;PF23411.2;PF23414.2;PF23609.2;PF23760.2;PF23761.2;PF23775.2;PF23798.2;PF23869.2;PF24017.3;PF24105.2;PF24780.2;PF24782.3;PF24796.2;PF24797.2;PF24805.2;PF24807.2;PF24814.2;PF24817.2;PF25047.1;PF25048.2;PF25168.2;PF25171.2;PF25172.2;PF25173.2;PF25174.2;PF25175.2;PF25178.1;PF25391.2;PF25460.2
gene-Gbeta5,PF00400.39;PF12894.14;PF20426.5;PF23098.2;PF23342.2;PF23381.2;PF23383.2;PF23389.2;PF23393.3;PF23409.2;PF23411.2;PF23414.2;PF23609.2;PF23756.2;PF23775.2;PF23798.2;PF23869.2;PF24017.3;PF24105.2;PF24780.2;PF24782.3;PF24796.2;PF24797.2;PF24805.2;PF24807.2;PF24814.2;PF24817.2;PF25047.1;PF25048.2;PF25168.2;PF25171.2;PF25172.2;PF25173.2;PF25174.2;PF25175.2;PF25178.1;PF25391.2;PF25460.2
gene-Gbeta76C,PF00400.39;PF12894.14;PF13570.14;PF17005.12;PF20426.5;PF23098.2;PF23342.2;PF23381.2;PF23389.2;PF23393.3;PF23409.2;PF23411.2;PF23414.2;PF23419.3;PF23609.2;PF23756.2;PF23775.2;PF23798.2;PF23869.2;PF24017.3;PF24105.2;PF24780.2;PF24782.3;PF24796.2;PF24805.2;PF24807.2;PF24814.2;PF24817.2;PF25047.1;PF25048.2;PF25168.2;PF25171.2;PF25172.2;PF25173.2;PF25174.2;PF25175.2;PF25178.1;PF25391.2;PF25460.2
gene-Gbs-70E,PF03370.19;PF16760.11
gene-Gbs-76A,PF03370.19
gene-Gcat,PF00155.28
gene-Gclc,PF03074.23
gene-Gclm,PF00248.28
gene-Gcn2,PF00069.32;PF05773.28;PF07714.24;PF13393.12
gene-Gcn5,PF00439.31;PF00583.32;PF06466.17
gene-Gcy,PF00069.32;PF00211.26;PF01094.35;PF07714.24
gene-Gdap1,PF00043.31;PF02798.27;PF13409.13;PF13410.12;PF13417.13;PF14497.12
gene-Gdap2,PF00650.26;PF01661.28;PF13716.12
gene-Gdh,PF00208.28;PF02812.24
gene-Gdi,PF00996.25
gene-Ge-1,PF00400.39;PF16529.12;PF21289.4;PF25174.2;PF25175.2
gene-Gem2,PF04938.18
gene-Gen,PF00752.24;PF00867.24;PF18704.8
gene-Gfrl,PF02351.22;PF25537.1;PF25868.1
gene-Gga,PF00790.26;PF02883.27;PF03127.20;PF18308.7
gene-Ggamma1,PF00631.28
gene-Ggamma30A,PF00631.28
gene-Gint3,PF00789.27;PF09409.16
gene-Gip,PF01261.31
gene-Girdin,PF19047.6
gene-Git,PF00023.37;PF01412.24;PF08518.17;PF12205.14;PF12796.14;PF13637.13;PF13857.13
gene-Gk-2,PF00370.28;PF02782.23
gene-Gk1,PF00370.28;PF02782.23
gene-Gk2,PF00370.28;PF02782.23
gene-GlcAT-I,PF03360.22
gene-GlcT,PF13506.14;PF13641.13
gene-Gld,PF00732.26;PF05199.20
gene-Gle1,PF07817.20
gene-Glg1,PF00839.23
gene-Gli,PF00135.35;PF07859.20;PF20434.6
gene-GlnRS,PF00749.28;PF03950.24;PF04557.21;PF04558.21;PF20974.3
gene-Glo1,PF00903.32;PF13669.13
gene-Glob1,PF00042.29
gene-Glpq,PF03009.24
gene-GluClalpha,PF02931.29;PF02932.22
gene-GluProRS,PF00043.31;PF00458.26;PF00587.31;PF00749.28;PF02075.24;PF03129.26;PF03950.24;PF09180.17;PF14497.12;PF20974.3
gene-GluRS-m,PF00749.28;PF19269.5
gene-Glut4EF,PF15997.12;PF27556.1
gene-GlyRS,PF00458.26;PF00587.31;PF03129.26
gene-GlyS,PF05693.20
gene-Glyp,PF00343.27
gene-Gmd,PF01370.28;PF16363.12
gene-Gmer,PF01370.28;PF02719.22;PF04321.24;PF16363.12
gene-Gmppa,PF00132.31;PF00483.30;PF12804.14;PF25084.2;PF25087.2
gene-Gmppb,PF00132.31;PF00483.30;PF12804.14;PF25084.2;PF25087.2
gene-Gnf1,PF00004.36;PF00533.34;PF03215.22;PF08519.18;PF25361.2
gene-Gnpnat,PF00583.32;PF13508.14
gene-Gogat,PF00070.34;PF00310.27;PF00890.31;PF01266.31;PF01493.26;PF01593.31;PF01645.24;PF04898.21;PF07992.21;PF12831.14;PF13450.13;PF13738.13;PF14691.12
gene-Golgin84,PF09787.15;PF27605.1
gene-Golgin97,PF00038.27;PF01465.26;PF23649.2
gene-Gorab,PF04949.19
gene-Gos28,PF12352.14;PF27017.1
gene-Got1,PF00155.28
gene-Got2,PF00155.28
gene-Gp150,PF00560.40;PF12799.14;PF13306.13;PF13855.13;PF23952.2;PF24048.2
gene-Gp210,PF22967.4;PF22969.4;PF26181.1
gene-Gp93,PF00183.24;PF13589.13
gene-Gpat4,PF01553.27
gene-Gpdh1,PF01210.30;PF07479.20
gene-Gpo1,PF00890.31;PF01266.31;PF13499.13;PF16901.11
gene-Gprk1,PF00069.32;PF00615.25;PF07714.24
gene-Gprk2,PF00069.32;PF00615.25;PF07714.24
gene-Gr21a,PF08395.18
gene-Gr63a,PF08395.18
gene-Gr9,PF08395.18
gene-Grasp65,PF04495.21
gene-Grina,PF01027.27
gene-Grip,PF00595.30;PF13180.13;PF17820.8
gene-Grip163,PF04130.19;PF17681.7
gene-Grip71,PF00400.39;PF12894.14;PF23098.2;PF23381.2;PF23383.2;PF23389.2;PF23393.3;PF23409.2;PF23410.5;PF23411.2;PF23414.2;PF23419.3;PF23609.2;PF23756.2;PF23770.2;PF23775.2;PF24796.2;PF24807.2;PF24814.2;PF24817.2;PF25168.2;PF25171.2;PF25172.2;PF25173.2;PF25174.2;PF25175.2
gene-Grip75,PF04130.19;PF17681.7
gene-Grip91,PF04130.19;PF17681.7
gene-Gro,PF00400.39;PF03920.21;PF12894.14;PF20426.5;PF23098.2;PF23342.2;PF23381.2;PF23383.2;PF23393.3;PF23409.2;PF23410.5;PF23414.2;PF23761.2;PF23798.2;PF23869.2;PF24105.2;PF24780.2;PF24782.3;PF24796.2;PF24805.2;PF24807.2;PF24814.2;PF24817.2;PF25047.1;PF25168.2;PF25171.2;PF25172.2;PF25173.2;PF25174.2;PF25175.2;PF25391.2;PF25460.2
gene-Grp170,PF00012.27;PF27508.1
gene-Grx3,PF00085.27;PF00462.31
gene-Grx5,PF00462.31
gene-Gtsf1,PF05253.19
gene-Gug,PF00249.38;PF03154.20
gene-Gyc88E,PF00211.26;PF07700.21;PF07701.21
gene-Gycalpha99B,PF00211.26;PF07700.21;PF07701.21
gene-Gycbeta100B,PF00211.26;PF07700.21;PF07701.21
gene-Gyf,PF02213.22
gene-H2.0,PF00046.36
gene-H2ax-l,PF00125.31;PF00808.30;PF16211.11;PF26281.1
gene-HBS1,PF00009.34;PF01926.30;PF03143.24;PF03144.32;PF08938.17;PF22594.3
gene-HDAC1,PF00850.25
gene-HDAC11,PF00850.25
gene-HDAC3,PF00850.25
gene-HDAC4,PF00850.25
gene-HDAC6,PF00850.25;PF02148.26
gene-HERC2,PF00173.34;PF00415.25;PF00632.31;PF06701.20;PF11515.15;PF13540.13;PF25384.2;PF25390.2
gene-HGTX,PF00046.36
gene-HINT1,PF01230.30;PF11969.14
gene-HLH4C,PF00010.32
gene-HPS1,PF19036.7;PF19038.7
gene-HPS4,PF19031.7;PF19033.7
gene-HSPBAP1,PF08007.19;PF13621.13
gene-Hacd1,PF04387.20
gene-Hacd2,PF04387.20
gene-Hacl,PF00205.29;PF02775.27;PF02776.24
gene-Had1,PF00725.28;PF02737.25
gene-Hakai,PF18408.8
gene-Hand,PF00010.32
gene-Hao,PF00478.32;PF01070.25
gene-Hap40,PF14938.13
gene-Hasp,PF00084.27
gene-Haspin,PF12330.15
gene-Hat1,PF10394.16;PF21183.4
gene-Hcf,PF01344.32;PF07646.22;PF13415.13;PF13854.13;PF24681.2;PF24981.2;PF25210.2
gene-Hcs,PF03099.25
gene-Hdc,PF00282.26
gene-Hecw,PF00397.33;PF00632.31;PF16562.12;PF18436.7
gene-Hel25E,PF00270.36;PF00271.38;PF04851.22
gene-Hel89B,PF00176.30;PF00271.38;PF02985.29;PF12054.14;PF23271.2;PF24714.2
gene-Hem,PF09735.15
gene-HemK2,PF05175.21
gene-Hepa,PF03662.21
gene-Herc4,PF00415.25;PF00632.31;PF13540.13;PF25384.2;PF25390.2
gene-Herp,PF00240.30
gene-Hex-A,PF00349.28;PF03727.23
gene-Hexim,PF15313.12
gene-Hexo1,PF00728.29;PF14845.12
gene-Hexo2,PF00728.29;PF14845.12
gene-Hey,PF00010.32;PF07527.19
gene-Hgsnat,PF07786.19;PF16401.11
gene-Hil,PF23265.2
gene-Hinfp,PF00096.33;PF13894.13;PF21816.4
gene-Hip1,PF01608.24;PF07651.23
gene-Hip14,PF00023.37;PF01529.26;PF12796.14;PF13606.13;PF13637.13;PF13857.13
gene-Hipk,PF00069.32;PF07714.24
gene-Hira,PF00400.39;PF07569.17;PF09453.16;PF12894.14;PF23381.2;PF23383.2;PF23414.2;PF23756.2;PF23775.2;PF24105.2;PF24782.3;PF24796.2;PF24797.2;PF24805.2;PF24807.2;PF24814.2;PF24817.2;PF25047.1;PF25168.2;PF25171.2;PF25172.2;PF25173.2;PF25174.2;PF25175.2;PF25391.2;PF25460.2
gene-His2Av,PF00125.31;PF16211.11
gene-HisRS,PF00458.26;PF03129.26;PF12745.13;PF13393.12
gene-HisT,PF07690.22
gene-Hk,PF00248.28
gene-Hlc,PF00270.36;PF00271.38;PF04851.22
gene-Hlh54f,PF00010.32
gene-Hmg-2,PF00505.26;PF09011.17;PF24815.2
gene-Hmg-s,PF01154.23;PF08540.17
gene-Hmgc,PF00682.26
gene-Hmgcr,PF00368.24;PF02460.25;PF12349.15
gene-Hml,PF00094.31;PF00754.32;PF01826.24;PF08742.17;PF22633.4;PF23244.2
gene-Hmt-1,PF00005.34;PF00664.29;PF02463.26;PF16185.11
gene-Hmt4-20,PF00856.34
gene-HnRNP-K,PF00013.36;PF07650.24;PF22675.3
gene-Hnf4,PF00104.36;PF00105.25
gene-Ho,PF01126.26
gene-Hou,PF08513.18;PF10607.15
gene-Hp1b-l,PF00385.31;PF01393.27
gene-Hpf1,PF10228.16;PF10283.15
gene-Hph,PF01753.25;PF13640.13;PF13661.13
gene-Hpr1,PF00531.29;PF11957.14
gene-Hr3,PF00104.36;PF00105.25
gene-Hr38,PF00104.36;PF00105.25
gene-Hr39,PF00104.36;PF00105.25
gene-Hr4,PF00104.36;PF00105.25
gene-Hr96,PF00104.36;PF00105.25
gene-Hrb27C,PF00076.29;PF16367.12
gene-Hrd3,PF08238.19
gene-Hrs,PF00790.26;PF01363.28;PF12210.14
gene-Hs2st,PF03567.21
gene-Hs3st-A,PF00685.34;PF13469.13
gene-Hs3st-B,PF00685.34;PF13469.13
gene-Hs6st,PF03567.21
gene-Hsc20,PF00226.37;PF07743.19
gene-Hsc70-3,PF00012.27;PF06723.20
gene-Hsc70-4,PF00012.27;PF06723.20
gene-Hsc70-5,PF00012.27;PF06723.20
gene-Hsc70Cb,PF00012.27;PF06723.20
gene-Hsdl2,PF00106.32;PF02036.23;PF13561.13;PF14864.12
gene-Hsepi,PF06662.20;PF21174.4
gene-Hsf,PF00447.24
gene-Hsl,PF06350.18;PF07859.20;PF20434.6
gene-Hsp21.4,PF00011.28
gene-Hsp70-14,PF00012.27;PF06723.20
gene-Hsp83,PF00183.24;PF02518.32;PF13589.13
gene-HtrA2,PF00089.33;PF00595.30;PF01869.27;PF13180.13;PF13365.13;PF17820.8
gene-Hus1-like,PF04005.18
gene-Hyccin,PF09790.16
gene-Hydr1,PF00561.27;PF12146.16
gene-Hydr2,PF00561.27;PF12146.16
gene-Hyls1,PF15311.12
gene-IBP2,PF00047.32;PF07679.23;PF08205.19;PF13895.13;PF13927.13;PF22971.3;PF28354.1
gene-ICA69,PF04629.20;PF06456.19
gene-IFT46,PF12317.14
gene-IFT52,PF09822.17;PF21178.3;PF23352.2;PF23355.2
gene-IFT54,PF10243.15;PF17749.7
gene-IFT57,PF10498.15
gene-IIM1,PF01607.30
gene-IKKbeta,PF00069.32;PF07714.24
gene-IKKepsilon,PF00069.32;PF07714.24;PF18394.7;PF18396.8
gene-INPP5E,PF22669.3
gene-INTS7,PF22965.2;PF24436.3;PF24437.3
gene-IP3K1,PF03770.23
gene-IP3K2,PF03770.23
gene-IPIP,PF00169.36
gene-IRSp53,PF00018.35;PF08397.17;PF14604.13
gene-ITP,PF01147.23
gene-Iap,PF00653.28;PF13920.13
gene-Ide,PF00675.26;PF05193.27;PF16187.11;PF22456.2
gene-Idgf,PF00704.35
gene-Idh,PF00180.26
gene-Idh3a,PF00180.26
gene-Idh3b,PF00180.26
gene-Idh3g,PF00180.26
gene-Idi,PF00293.35
gene-Ids,PF00884.29;PF01663.28;PF16347.11
gene-Ifrd1,PF04836.18;PF05004.20
gene-Ih,PF00027.36;PF00520.38;PF08412.16
gene-IleRS,PF00133.29;PF01406.26;PF08264.20;PF09334.18;PF19302.5;PF23567.3
gene-IleRS-m,PF00133.29;PF08264.20;PF09334.18
gene-Ilk,PF00023.37;PF00069.32;PF07714.24;PF12796.14;PF13606.13;PF13637.13;PF13857.13
gene-Iml1,PF00610.28;PF12257.14;PF19418.5;PF23013.3
gene-Imp,PF00013.36;PF00076.29;PF07650.24;PF13083.14;PF13184.13;PF16005.12;PF22675.3;PF22891.3;PF24668.2;PF26594.2
gene-Impbeta11,PF03810.26;PF25758.2
gene-InR,PF00041.28;PF00069.32;PF00757.26;PF01030.32;PF07714.24
gene-Ing3,PF12998.13
gene-Ing5,PF12998.13
gene-Ino80,PF00176.30;PF00271.38;PF11496.15;PF13892.12
gene-Inos,PF01658.23;PF07994.19
gene-IntS1,PF12432.15;PF22927.3;PF22928.3;PF22929.3
gene-IntS10,PF21045.4
gene-IntS11,PF00753.34;PF07521.18;PF10996.15;PF12706.14;PF16661.12;PF21386.3;PF23023.2
gene-IntS12,PF00628.36
gene-IntS14,PF00092.35;PF13519.13;PF19435.5;PF20504.4
gene-IntS2,PF14750.12
gene-IntS3,PF10189.16;PF24566.2
gene-IntS4,PF01602.27;PF02985.29;PF13646.13;PF24493.2;PF25458.2
gene-IntS6,PF13519.13;PF15300.12;PF25462.2
gene-IntS8,PF25756.2;PF26722.1;PF26725.1
gene-IntS9,PF10996.15;PF16661.12;PF21382.3
gene-Inv,PF00046.36;PF10525.15
gene-Invadolysin,PF01457.23
gene-Inx2,PF00876.24
gene-Inx3,PF00876.24
gene-Inx4,PF00876.24
gene-Inx7,PF00876.24
gene-Ip259,PF01201.28
gene-Ip6k,PF03770.23
gene-Ipk2,PF03770.23
gene-Ipp,PF00459.31
gene-Ir21a,PF00060.33;PF10613.15
gene-Ir25a,PF00060.33;PF00497.26;PF10613.15
gene-Ir40a,PF00060.33;PF10613.15
gene-Ir68a,PF00060.33;PF10613.15
gene-Ir76b,PF00060.33
gene-Ir8a,PF00060.33;PF00497.26;PF10613.15
gene-Irbp,PF02735.23;PF03730.20;PF03731.22
gene-Irbp18,PF00170.27;PF07716.21
gene-Ire1,PF00069.32;PF06479.18;PF07714.24;PF13570.14;PF17667.8
gene-IscU,PF01592.22
gene-Isha,PF00076.29;PF04818.20
gene-Ist1,PF03398.20
gene-Iswi,PF00176.30;PF00270.36;PF00271.38;PF04851.22;PF09110.17;PF09111.17;PF11496.15
gene-Itpr,PF00520.38;PF01365.28;PF02815.26;PF08454.18;PF08709.18
gene-Ivd,PF00441.30;PF02770.25;PF02771.22;PF08028.17
gene-Iyd,PF00881.30
gene-JMJD4,PF02373.29;PF13621.13
gene-JMJD5,PF08007.19;PF13621.13
gene-JMJD7,PF12799.14;PF13621.13;PF14580.13
gene-JTBR,PF05439.18
gene-Jabba,PF16091.11
gene-Jafrac1,PF00578.28;PF08534.17;PF10417.15
gene-Jarid2,PF01388.28;PF02373.29;PF02375.24;PF02928.22
gene-JhI-21,PF00324.28;PF13520.13
gene-Jhbp16,PF06585.18
gene-Jheh-lp1,PF00561.27;PF06441.19
gene-Jheh-lp3,PF00255.26;PF00561.27;PF00578.28;PF06441.19
gene-Jheh-lp4,PF00561.27;PF06441.19
gene-Josd,PF02099.24
gene-Jra,PF00170.27;PF03131.23;PF03957.19;PF07716.21
gene-Jupiter,PF17054.10
gene-KCNQ,PF00520.38;PF03520.20;PF07885.23
gene-KaiR1D,PF00060.33;PF00497.26;PF01094.35;PF10613.15
gene-Kal1,PF00041.28;PF00095.27;PF25059.2;PF28407.1
gene-Kap-alpha1,PF00514.30;PF01749.27;PF02985.29;PF13513.13;PF13646.13;PF16186.12;PF24768.2;PF25598.2
gene-Kap-alpha3,PF00514.30;PF01602.27;PF01749.27;PF02985.29;PF11698.15;PF13513.13;PF13646.13;PF16186.12;PF24768.2;PF25579.2;PF25598.2
gene-Kap3,PF05804.18;PF24768.2;PF25598.2
gene-Karybeta3,PF02985.29;PF05004.20;PF12717.14;PF12755.14;PF13513.13;PF13646.13;PF18808.8;PF18829.8;PF20168.5;PF21047.4;PF23227.2;PF23271.2;PF24492.2;PF24714.2;PF24987.2;PF25574.2;PF25757.2;PF25767.2;PF25780.2
gene-Kat60,PF00004.36;PF09336.17;PF17862.8;PF21126.4
gene-Kaz,PF10607.15
gene-Kcmf1,PF00569.24;PF05605.19
gene-KdelR,PF00810.24
gene-Kdm2,PF02008.26;PF02373.29;PF12799.14;PF12937.13;PF13621.13;PF16866.12
gene-Kdm3,PF02373.29;PF22987.3;PF22988.3;PF22989.3
gene-Kdm5,PF00628.36;PF01388.28;PF02373.29;PF02375.24;PF02928.22;PF08429.17;PF21323.3
gene-Kdsr,PF00106.32;PF08659.17;PF13561.13
gene-Keap1,PF00651.38;PF01344.32;PF07646.22;PF07707.22;PF13415.13;PF13964.13;PF21536.5;PF24681.2;PF24981.2;PF24996.1;PF25210.2
gene-Khc,PF00225.30;PF16796.12
gene-Khc-73,PF00225.30;PF00498.32;PF01302.32;PF12423.14;PF12473.14;PF16183.11;PF16796.12
gene-Kif19A,PF00225.30;PF16796.12
gene-Klc,PF00515.35;PF07719.24;PF07721.21;PF12895.14;PF13176.13;PF13181.13;PF13374.13;PF13424.13;PF13428.13;PF13431.13;PF13432.13;PF14559.13;PF17874.8;PF24885.2
gene-Klp10A,PF00225.30;PF16796.12;PF22923.2
gene-Klp31E,PF00225.30;PF00400.39;PF16796.12;PF23203.2;PF23204.2;PF23381.2;PF23409.2;PF23414.2;PF24807.2;PF24814.2;PF24817.2;PF25047.1;PF25171.2;PF25172.2;PF25173.2;PF25174.2;PF25175.2;PF25764.2
gene-Klp3A,PF00225.30;PF16796.12;PF25764.2
gene-Klp61F,PF00225.30;PF13931.12;PF16796.12
gene-Klp64D,PF00225.30;PF16796.12
gene-Klp98A,PF00225.30;PF00498.32;PF00787.30;PF16183.11;PF16796.12
gene-Kpc2,PF23326.2
gene-Kr-h1,PF00096.33;PF12171.15;PF12874.14;PF13465.13;PF13894.13;PF13912.13;PF23561.2
gene-Kr-h2,PF03661.19
gene-KrT95D,PF10254.15;PF25332.1
gene-Ktl,PF02214.29;PF23110.2
gene-Kua,PF10520.16
gene-Kyat,PF00155.28
gene-Kynu,PF00266.26;PF22580.3
gene-L,PF00096.33;PF12171.15;PF12874.14;PF13465.13;PF13894.13;PF16278.12
gene-L(b002),PF00676.26
gene-L2HGDH,PF01266.31;PF06039.22
gene-LBR,PF01222.23;PF06966.18
gene-LIMK1,PF00069.32;PF00412.29;PF00595.30;PF06293.21;PF07714.24
gene-LKRSDH,PF01262.28;PF03435.25;PF05222.22;PF16653.11
gene-LOC142972141,PF01146.23
gene-LOC142972142,PF00400.39;PF20426.5;PF23381.2;PF23393.3;PF23414.2;PF23609.2;PF23775.2;PF23869.2;PF24105.2;PF24780.2;PF24782.3;PF24796.2;PF24805.2;PF24807.2;PF24814.2;PF24817.2;PF25047.1;PF25048.2;PF25168.2;PF25172.2;PF25173.2;PF25174.2;PF25175.2;PF25178.1;PF25391.2
gene-LOC142972143,PF00061.30;PF08212.19
gene-LOC142972144,PF00002.30;PF01825.28
gene-LOC142972145,PF03145.23;PF21361.4;PF21362.4
gene-LOC142972148,PF04418.18
gene-LOC142972149,PF03083.22
gene-LOC142972152,PF03399.23
gene-LOC142972153,PF00400.39;PF23381.2;PF23383.2;PF23409.2;PF23414.2;PF24780.2;PF24796.2;PF24807.2;PF24814.2;PF24817.2;PF25173.2;PF25174.2;PF25175.2
gene-LOC142972154,PF00045.25;PF00413.31;PF01471.24
gene-LOC142972160,PF09738.15
gene-LOC142972164,PF01221.24
gene-LOC142972165,PF00004.36;PF05496.19;PF09336.17;PF17862.8
gene-LOC142972166,PF02256.23;PF02906.20
gene-LOC142972168,PF00061.30
gene-LOC142972181,PF01416.26
gene-LOC142972184,PF00018.35;PF00621.26;PF07653.24;PF14604.13
gene-LOC142972188,PF00080.26
gene-LOC142972190,PF00335.27
gene-LOC142972191,PF00335.27
gene-LOC142972193,PF00014.29
gene-LOC142972195,PF00916.27
gene-LOC142972196,PF00916.27
gene-LOC142972197,PF00916.27
gene-LOC142972199,PF07690.22;PF13347.13
gene-LOC142972200,PF00335.27
gene-LOC142972203,PF00335.27
gene-LOC142972206,PF00160.27;PF04641.19
gene-LOC142972210,PF00335.27
gene-LOC142972211,PF00179.32
gene-LOC142972212,PF00151.26
gene-LOC142972213,PF00335.27
gene-LOC142972215,PF00335.27
gene-LOC142972216,PF00335.27
gene-LOC142972217,PF00335.27
gene-LOC142972218,PF00335.27
gene-LOC142972219,PF00335.27
gene-LOC142972220,PF00335.27
gene-LOC142972221,PF00335.27
gene-LOC142972223,PF00335.27
gene-LOC142972224,PF00335.27
gene-LOC142972225,PF00335.27
gene-LOC142972228,PF00560.40;PF12799.14;PF13516.13;PF13855.13;PF14580.13
gene-LOC142972233,PF00643.30;PF22486.3
gene-LOC142972238,PF18044.8
gene-LOC142972243,PF00175.27;PF00258.31;PF00667.27;PF02898.21
gene-LOC142972244,PF14713.12
gene-LOC142972246,PF00106.32;PF02719.22;PF08659.17;PF13561.13
gene-LOC142972247,PF00106.32;PF01370.28;PF02719.22;PF08659.17;PF13561.13
gene-LOC142972251,PF00106.32;PF01370.28;PF08659.17;PF13561.13
gene-LOC142972252,PF02434.23
gene-LOC142972256,PF00515.35;PF07719.24;PF13181.13;PF13414.13;PF13424.13;PF13428.13;PF14559.13;PF23914.2
gene-LOC142972261,PF00005.34;PF02463.26;PF12848.14;PF13304.13;PF13401.13;PF26051.1
gene-LOC142972262,PF13837.13
gene-LOC142972263,PF08149.17;PF23381.2;PF23414.2;PF24796.2;PF24805.2;PF24807.2;PF24814.2;PF24817.2;PF25171.2;PF25173.2;PF25174.2;PF25175.2
gene-LOC142972264,PF02319.27;PF16421.11
gene-LOC142972265,PF01530.24
gene-LOC142972266,PF05739.26;PF14523.13
gene-LOC142972268,PF00096.33;PF07776.22;PF12171.15;PF12874.14;PF13894.13;PF13912.13;PF18868.8
gene-LOC142972270,PF10545.16
gene-LOC142972272,PF00151.26
gene-LOC142972277,PF00787.30;PF02194.21;PF08628.18
gene-LOC142972278,PF00326.28;PF02897.22
gene-LOC142972281,PF18192.7;PF21229.4
gene-LOC142972283,PF00057.24;PF01683.24
gene-LOC142972284,PF00406.30;PF04945.20;PF13207.13;PF13238.13;PF13521.13
gene-LOC142972287,PF01926.30;PF02421.25;PF06071.20
gene-LOC142972290,PF00096.33;PF13465.13;PF13894.13
gene-LOC142972293,PF00169.36;PF15409.14;PF15413.13
gene-LOC142972296,PF00036.39;PF12763.14;PF13202.13;PF13405.13;PF13499.13;PF13833.13;PF14658.13;PF20742.4;PF21008.4;PF23564.2
gene-LOC142972301,PF12044.15
gene-LOC142972302,PF08718.17
gene-LOC142972305,PF00018.35;PF00169.36;PF00621.26;PF13716.12;PF22697.3;PF23289.2
gene-LOC142972307,PF00588.25;PF22435.2
gene-LOC142972309,PF00520.38;PF00989.32;PF07885.23;PF08447.19;PF08448.17;PF13426.14
gene-LOC142972310,PF07933.21
gene-LOC142972311,PF00047.32;PF00560.40;PF07654.22;PF07679.23;PF07686.24;PF08205.19;PF12799.14;PF13306.13;PF13855.13;PF13895.13;PF13927.13;PF14580.13;PF17736.8;PF22705.3;PF22971.3
gene-LOC142972314,PF00036.39;PF13202.13;PF13405.13;PF13499.13;PF13833.13
gene-LOC142972317,PF03062.25
gene-LOC142972318,PF00595.30;PF13180.13;PF17820.8
gene-LOC142972320,PF00069.32;PF00211.26;PF01094.35;PF07714.24
gene-LOC142972321,PF00069.32;PF00211.26;PF01094.35;PF07714.24;PF13458.13
gene-LOC142972322,PF01839.30;PF13517.13;PF23122.2
gene-LOC142972323,PF10197.15
gene-LOC142972324,PF03637.23
gene-LOC142972328,PF00400.39;PF23381.2;PF23414.2;PF23756.2;PF24796.2;PF24805.2;PF24807.2;PF24814.2;PF24817.2;PF25047.1;PF25172.2;PF25173.2;PF25174.2;PF25175.2
gene-LOC142972330,PF12756.14;PF23108.2
gene-LOC142972333,PF00057.24;PF00089.33;PF01392.29
gene-LOC142972337,PF02755.21
gene-LOC142972338,PF00646.39;PF12937.13
gene-LOC142972342,PF14768.12
gene-LOC142972343,PF00027.36;PF00069.32;PF07714.24
gene-LOC142972348,PF00787.30;PF02759.25
gene-LOC142972352,PF00561.27;PF12146.16;PF12697.14
gene-LOC142972353,PF27710.1
gene-LOC142972355,PF01979.27;PF07969.18
gene-LOC142972356,PF01979.27;PF07969.18
gene-LOC142972358,PF00047.32;PF07679.23;PF07686.24;PF08205.19;PF13895.13;PF13927.13
gene-LOC142972359,PF01501.27
gene-LOC142972360,PF00246.30;PF02244.22
gene-LOC142972362,PF20266.4
gene-LOC142972364,PF01284.29
gene-LOC142972365,PF01284.29
gene-LOC142972368,PF18569.8
gene-LOC142972370,PF00651.38;PF01344.32;PF07646.22;PF07707.22;PF13415.13;PF13964.13;PF21536.5;PF24681.2;PF24981.2;PF24996.1;PF25210.2
gene-LOC142972371,PF05147.20
gene-LOC142972374,PF24456.2
gene-LOC142972375,PF01398.27;PF14464.12;PF18110.7
gene-LOC142972376,PF00202.28
gene-LOC142972377,PF00646.39;PF08755.17;PF12937.13
gene-LOC142972379,PF15868.11
gene-LOC142972381,PF00474.24
gene-LOC142972384,PF00400.39;PF13570.14;PF17005.12;PF23381.2;PF23754.2;PF24817.2;PF25047.1
gene-LOC142972389,PF00008.34;PF12662.14;PF12947.14;PF21164.3
gene-LOC142972390,PF00106.32;PF08659.17;PF13561.13;PF23441.1
gene-LOC142972395,PF03635.24;PF27614.1
gene-LOC142972400,PF08510.18
gene-LOC142972401,PF03248.19
gene-LOC142972402,PF00505.26;PF09011.17
gene-LOC142972403,PF11901.14;PF12248.17
gene-LOC142972405,PF23334.2
gene-LOC142972407,PF00076.29;PF16367.12;PF18694.7;PF23085.2
gene-LOC142972412,PF11901.14;PF14604.13
gene-LOC142972416,PF01728.26;PF07780.18;PF11861.14
gene-LOC142972420,PF01529.26
gene-LOC142972421,PF14724.12
gene-LOC142972424,PF00076.29
gene-LOC142972426,PF10309.16
gene-LOC142972428,PF01683.24;PF17521.7
gene-LOC142972431,PF11721.15
gene-LOC142972436,PF06325.20;PF06859.19;PF08241.19;PF08242.19;PF13489.13;PF13649.13;PF13847.13
gene-LOC142972439,PF14726.12
gene-LOC142972440,PF00067.28
gene-LOC142972441,PF00515.35;PF07719.24;PF12895.14;PF13174.13;PF13176.13;PF13181.13;PF13374.13;PF13414.13;PF13424.13;PF13428.13;PF13431.13;PF13432.13;PF14559.13;PF23914.2
gene-LOC142972443,PF02390.24
gene-LOC142972444,PF00023.37;PF07693.21;PF12796.14;PF13606.13;PF13637.13;PF13857.13;PF23307.2;PF23745.2;PF24521.3
gene-LOC142972445,PF07792.18;PF08616.16;PF09794.15;PF09804.15
gene-LOC142972447,PF00211.26;PF06327.20;PF16214.10
gene-LOC142972450,PF14649.12
gene-LOC142972451,PF00481.27
gene-LOC142972452,PF14931.12
gene-LOC142972453,PF04438.23
gene-LOC142972454,PF02214.29
gene-LOC142972456,PF00018.35;PF07653.24;PF09431.16;PF14604.13
gene-LOC142972457,PF00076.29
gene-LOC142972459,PF01189.24;PF17125.11;PF22458.2
gene-LOC142972461,PF03364.26
gene-LOC142972462,PF00160.27
gene-LOC142972465,PF01073.26;PF01370.28;PF03015.25;PF07993.19
gene-LOC142972467,PF02949.26
gene-LOC142972474,PF00328.28
gene-LOC142972475,PF00009.34;PF00025.28;PF00071.29;PF01926.30;PF08477.20
gene-LOC142972476,PF02931.29;PF02932.22
gene-LOC142972477,PF11901.14
gene-LOC142972478,PF10294.16;PF14904.12
gene-LOC142972479,PF09768.16
gene-LOC142972480,PF12371.15;PF15780.12;PF22067.3;PF22073.3;PF22076.3;PF22544.3;PF24507.2;PF25249.1
gene-LOC142972482,PF00575.30;PF09371.16;PF12836.14;PF14635.13;PF14639.12;PF16921.11;PF17674.8;PF22706.2
gene-LOC142972483,PF00102.33;PF11548.14;PF22784.2
gene-LOC142972485,PF00610.28;PF00615.25;PF00631.28;PF18148.7
gene-LOC142972487,PF00651.38;PF01344.32;PF07646.22;PF07707.22;PF13415.13;PF13418.13;PF13964.13;PF24681.2;PF24981.2;PF24996.1;PF25210.2
gene-LOC142972489,PF06732.17;PF16589.13
gene-LOC142972498,PF00855.24;PF07496.22
gene-LOC142972506,PF00394.29;PF07731.21;PF07732.22
gene-LOC142972507,PF00089.33
gene-LOC142972511,PF00560.40;PF12799.14;PF13306.13;PF13855.13;PF14580.13;PF23598.2
gene-LOC142972512,PF00394.29;PF07731.21;PF07732.22
gene-LOC142972514,PF04857.27
gene-LOC142972517,PF15386.12
gene-LOC142972519,PF00109.33;PF02801.29
gene-LOC142972521,PF00651.38;PF10523.16
gene-LOC142972524,PF07757.19
gene-LOC142972528,PF00481.27
gene-LOC142972529,PF00685.34;PF13469.13
gene-LOC142972530,PF00685.34;PF13469.13
gene-LOC142972531,PF00685.34;PF13469.13
gene-LOC142972532,PF00685.34;PF13469.13
gene-LOC142972533,PF00061.30
gene-LOC142972534,PF00685.34;PF13469.13
gene-LOC142972542,PF00472.27
gene-LOC142972543,PF00370.28;PF02782.23
gene-LOC142972548,PF02493.27
gene-LOC142972549,PF04046.22
gene-LOC142972551,PF11027.14
gene-LOC142972553,PF11901.14;PF12248.17
gene-LOC142972554,PF00023.37;PF01753.25;PF12796.14;PF13606.13;PF13637.13;PF13857.13
gene-LOC142972555,PF00439.31
gene-LOC142972556,PF00612.34;PF00632.31
gene-LOC142972557,PF01839.30
gene-LOC142972560,PF01839.30
gene-LOC142972561,PF01839.30;PF13517.13
gene-LOC142972562,PF11901.14;PF12248.17
gene-LOC142972563,PF00246.30
gene-LOC142972564,PF00246.30
gene-LOC142972567,PF00076.29
gene-LOC142972569,PF00650.26;PF03765.22
gene-LOC142972571,PF00391.30;PF01326.25;PF27448.1
gene-LOC142972572,PF04117.18
gene-LOC142972573,PF00018.35;PF07653.24;PF14604.13
gene-LOC142972575,PF00079.26
gene-LOC142972576,PF00400.39;PF23381.2;PF23393.3;PF23409.2;PF23414.2;PF23609.2;PF23775.2;PF24807.2;PF24814.2;PF24817.2;PF25171.2;PF25173.2;PF25174.2;PF25175.2
gene-LOC142972578,PF00515.35;PF07719.24;PF13181.13;PF13428.13
gene-LOC142972579,PF09779.15
gene-LOC142972580,PF22595.2
gene-LOC142972582,PF00079.26
gene-LOC142972584,PF00120.30;PF03951.25
gene-LOC142972585,PF00120.30;PF03951.25
gene-LOC142972586,PF03874.22
gene-LOC142972589,PF00083.31;PF07690.22
gene-LOC142972590,PF05602.18
gene-LOC142972591,PF00153.33
gene-LOC142972592,PF00153.33
gene-LOC142972593,PF00153.33
gene-LOC142972594,PF14924.13;PF16003.11
gene-LOC142972597,PF00226.37;PF00249.38;PF13921.13;PF23082.2
gene-LOC142972600,PF12456.15
gene-LOC142972601,PF03067.22
gene-LOC142972602,PF08598.17
gene-LOC142972603,PF00611.29;PF10291.15;PF22699.2
gene-LOC142972605,PF05276.20
gene-LOC142972606,PF00441.30;PF01756.25;PF02770.25;PF22924.2
gene-LOC142972612,PF02949.26
gene-LOC142972615,PF00069.32;PF07714.24
gene-LOC142972616,PF05773.28
gene-LOC142972617,PF00782.26;PF22785.2
gene-LOC142972620,PF00096.33;PF12756.14;PF13894.13;PF13912.13;PF21816.4
gene-LOC142972622,PF00069.32;PF07714.24
gene-LOC142972623,PF00023.37;PF12796.14;PF13606.13;PF13637.13;PF13857.13;PF24521.3
gene-LOC142972626,PF00041.28
gene-LOC142972628,PF00230.26
gene-LOC142972629,PF00230.26
gene-LOC142972631,PF00179.32
gene-LOC142972632,PF15862.11
gene-LOC142972634,PF10545.16
gene-LOC142972637,PF00829.27
gene-LOC142972638,PF10210.15
gene-LOC142972639,PF00106.32;PF13561.13
gene-LOC142972644,PF00676.26;PF02779.30;PF16870.11
gene-LOC142972648,PF00335.27
gene-LOC142972649,PF00335.27
gene-LOC142972650,PF00335.27
gene-LOC142972654,PF00175.27;PF01794.26;PF08022.19;PF08030.18
gene-LOC142972656,PF00106.32;PF01073.26;PF02719.22;PF08659.17;PF13561.13
gene-LOC142972657,PF00106.32;PF01073.26;PF02719.22;PF08659.17;PF13561.13
gene-LOC142972658,PF00106.32;PF02719.22;PF08659.17;PF13561.13
gene-LOC142972659,PF00106.32;PF02719.22;PF08659.17;PF13561.13
gene-LOC142972661,PF00487.31
gene-LOC142972663,PF00487.31
gene-LOC142972664,PF00487.31
gene-LOC142972665,PF00487.31
gene-LOC142972666,PF00487.31
gene-LOC142972667,PF00487.31
gene-LOC142972669,PF13837.13
gene-LOC142972670,PF10545.16
gene-LOC142972671,PF02995.23
gene-LOC142972672,PF03669.19
gene-LOC142972674,PF00067.28
gene-LOC142972675,PF18383.7
gene-LOC142972676,PF01437.32;PF23105.2
gene-LOC142972678,PF00536.38;PF07647.25
gene-LOC142972680,PF00202.28
gene-LOC142972682,PF04117.18
gene-LOC142972684,PF00400.39;PF23381.2;PF23414.2;PF23775.2;PF24796.2;PF24807.2;PF24814.2;PF24817.2;PF25047.1;PF25168.2;PF25171.2;PF25172.2;PF25173.2;PF25174.2;PF25175.2;PF25391.2
gene-LOC142972685,PF02101.22
gene-LOC142972702,PF07084.18
gene-LOC142972727,PF01529.26
gene-LOC142972728,PF00379.30
gene-LOC142972729,PF01088.28
gene-LOC142972730,PF06202.21;PF14699.13;PF14701.13;PF14702.13
gene-LOC142972731,PF08208.17
gene-LOC142972735,PF00560.40;PF12799.14;PF13306.13;PF13516.13;PF13855.13;PF23211.1
gene-LOC142972736,PF01142.24
gene-LOC142972739,PF16012.11
gene-LOC142972742,PF00560.40;PF01462.24;PF12799.14;PF13306.13;PF13516.13;PF13855.13;PF23598.2
gene-LOC142972743,PF00069.32;PF07714.24
gene-LOC142972751,PF00106.32;PF08659.17;PF13561.13
gene-LOC142972752,PF00067.28
gene-LOC142972753,PF00135.35;PF07859.20;PF20434.6
gene-LOC142972755,PF03096.21
gene-LOC142972757,PF00106.32;PF08659.17;PF13561.13
gene-LOC142972759,PF11789.15;PF13445.13
gene-LOC142972765,PF15999.11
gene-LOC142972767,PF02949.26
gene-LOC142972768,PF01151.24
gene-LOC142972769,PF01151.24
gene-LOC142972770,PF01151.24
gene-LOC142972771,PF01151.24
gene-LOC142972773,PF01151.24
gene-LOC142972775,PF01151.24
gene-LOC142972778,PF03281.21;PF20266.4
gene-LOC142972779,PF00025.28;PF00071.29;PF00503.27;PF04670.19;PF08477.20;PF09439.17
gene-LOC142972783,PF05890.18
gene-LOC142972785,PF00225.30;PF16796.12
gene-LOC142972790,PF13895.13;PF13927.13
gene-LOC142972791,PF07690.22
gene-LOC142972793,PF07690.22
gene-LOC142972794,PF07690.22
gene-LOC142972795,PF07690.22
gene-LOC142972796,PF07690.22
gene-LOC142972797,PF07690.22
gene-LOC142972798,PF02475.24;PF25133.2
gene-LOC142972799,PF00009.34;PF02421.25;PF03029.24
gene-LOC142972800,PF01507.26
gene-LOC142972802,PF00096.33;PF00651.38;PF12171.15;PF12874.14;PF13465.13;PF13894.13
gene-LOC142972804,PF08551.16
gene-LOC142972809,PF00067.28
gene-LOC142972810,PF00569.24;PF16577.12
gene-LOC142972811,PF00067.28
gene-LOC142972812,PF15092.12
gene-LOC142972813,PF00067.28
gene-LOC142972814,PF00782.26
gene-LOC142972815,PF00531.29;PF00791.27;PF07679.23;PF13895.13;PF13927.13;PF17217.10;PF25609.1
gene-LOC142972827,PF01826.24
gene-LOC142972828,PF01826.24
gene-LOC142972829,PF01826.24
gene-LOC142972830,PF01826.24
gene-LOC142972831,PF00001.27
gene-LOC142972832,PF00474.24
gene-LOC142972835,PF02985.29;PF12755.14;PF13001.14;PF13513.13;PF23271.2;PF23702.3;PF23731.2;PF24492.2;PF24714.2;PF24987.2;PF25757.2
gene-LOC142972836,PF04791.22
gene-LOC142972840,PF00474.24
gene-LOC142972841,PF06246.18
gene-LOC142972842,PF00646.39;PF12937.13
gene-LOC142972843,PF02949.26
gene-LOC142972849,PF00581.26;PF00782.26;PF22785.2
gene-LOC142972852,PF11712.14
gene-LOC142972853,PF13564.12
gene-LOC142972856,PF00595.30
gene-LOC142972859,PF14360.13
gene-LOC142972863,PF21361.4;PF21362.4
gene-LOC142972864,PF00151.26
gene-LOC142972870,PF00067.28
gene-LOC142972872,PF00151.26
gene-LOC142972873,PF02949.26
gene-LOC142972874,PF02949.26
gene-LOC142972877,PF00079.26
gene-LOC142972878,PF00151.26
gene-LOC142972879,PF00079.26
gene-LOC142972880,PF00079.26
gene-LOC142972881,PF00079.26
gene-LOC142972882,PF00079.26
gene-LOC142972883,PF00151.26
gene-LOC142972884,PF00079.26
gene-LOC142972885,PF00079.26
gene-LOC142972886,PF00079.26
gene-LOC142972887,PF00079.26
gene-LOC142972888,PF00079.26;PF01826.24
gene-LOC142972889,PF00151.26
gene-LOC142972890,PF01826.24
gene-LOC142972891,PF00079.26
gene-LOC142972892,PF00079.26
gene-LOC142972893,PF00079.26
gene-LOC142972894,PF00079.26
gene-LOC142972895,PF00151.26
gene-LOC142972898,PF00151.26
gene-LOC142972903,PF00151.26
gene-LOC142972908,PF00151.26
gene-LOC142972910,PF04427.24
gene-LOC142972911,PF06113.18
gene-LOC142972913,PF00293.35;PF15916.12
gene-LOC142972915,PF00233.26;PF18100.7
gene-LOC142972916,PF00151.26
gene-LOC142972920,PF00069.32;PF07714.24
gene-LOC142972922,PF00151.26
gene-LOC142972923,PF00176.30;PF00271.38
gene-LOC142972924,PF00379.30
gene-LOC142972926,PF13895.13;PF13927.13
gene-LOC142972929,PF00151.26
gene-LOC142972930,PF00096.33;PF05605.19;PF07776.22;PF13465.13;PF13894.13;PF22995.3
gene-LOC142972931,PF00722.29;PF26113.1
gene-LOC142972933,PF03969.23
gene-LOC142972935,PF00722.29;PF26113.1
gene-LOC142972936,PF00722.29;PF26113.1
gene-LOC142972937,PF00151.26
gene-LOC142972939,PF00025.28;PF00071.29;PF08477.20
gene-LOC142972941,PF04831.19
gene-LOC142972942,PF00122.26;PF00690.32;PF00702.33;PF12409.14;PF13246.13
gene-LOC142972943,PF00406.30;PF05186.19
gene-LOC142972945,PF05186.19
gene-LOC142972946,PF00151.26;PF00561.27
gene-LOC142972947,PF00373.24;PF08736.17;PF09379.17;PF09380.17
gene-LOC142972950,PF00814.32
gene-LOC142972953,PF00379.30
gene-LOC142972957,PF00379.30
gene-LOC142972958,PF00379.30
gene-LOC142972960,PF00538.26;PF16007.12
gene-LOC142972961,PF00151.26;PF12697.14
gene-LOC142972962,PF00379.30
gene-LOC142972963,PF00379.30
gene-LOC142972965,PF00379.30
gene-LOC142972967,PF00379.30
gene-LOC142972968,PF00379.30
gene-LOC142972969,PF00047.32;PF07679.23;PF07686.24;PF13895.13;PF13927.13;PF17736.8;PF18452.8;PF22705.3;PF22971.3
gene-LOC142972971,PF00379.30
gene-LOC142972973,PF00151.26
gene-LOC142972974,PF00379.30
gene-LOC142972975,PF00379.30
gene-LOC142972976,PF00379.30
gene-LOC142972977,PF00379.30
gene-LOC142972978,PF00379.30
gene-LOC142972979,PF00379.30
gene-LOC142972980,PF00379.30
gene-LOC142972983,PF09755.15
gene-LOC142972984,PF00151.26
gene-LOC142972986,PF07096.17
gene-LOC142972987,PF02902.26
gene-LOC142972990,PF00151.26
gene-LOC142972993,PF00151.26
gene-LOC142972995,PF00651.38
gene-LOC142972998,PF14778.12
gene-LOC142972999,PF00168.37
gene-LOC142973000,PF00089.33;PF13365.13
gene-LOC142973002,PF15998.11
gene-LOC142973003,PF00560.40;PF12799.14;PF13306.13;PF13855.13;PF14580.13;PF23598.2;PF23952.2
gene-LOC142973004,PF10684.15;PF11085.14;PF17750.7
gene-LOC142973008,PF15998.11
gene-LOC142973009,PF00531.29;PF01335.28
gene-LOC142973011,PF00566.26;PF15733.11;PF23436.2
gene-LOC142973012,PF02347.23;PF21478.4
gene-LOC142973014,PF00246.30;PF13620.13
gene-LOC142973015,PF15998.11
gene-LOC142973016,PF00100.30;PF25272.2
gene-LOC142973017,PF13279.13
gene-LOC142973018,PF13279.13
gene-LOC142973021,PF00009.34;PF00025.28;PF00071.29;PF08477.20
gene-LOC142973022,PF27242.1
gene-LOC142973023,PF15998.11
gene-LOC142973024,PF03029.24
gene-LOC142973029,PF00151.26
gene-LOC142973031,PF00060.33;PF00497.26;PF01094.35;PF10613.15
gene-LOC142973041,PF00151.26
gene-LOC142973042,PF02926.23
gene-LOC142973043,PF00628.36;PF21524.4
gene-LOC142973044,PF15998.11
gene-LOC142973047,PF06625.17
gene-LOC142973052,PF01607.30
gene-LOC142973055,PF01151.24
gene-LOC142973056,PF03781.23
gene-LOC142973057,PF01151.24
gene-LOC142973058,PF01963.23
gene-LOC142973059,PF00814.32
gene-LOC142973060,PF00211.26;PF16214.10
gene-LOC142973062,PF01553.27;PF16076.11
gene-LOC142973064,PF09777.15
gene-LOC142973074,PF00379.30
gene-LOC142973075,PF00379.30
gene-LOC142973077,PF00379.30
gene-LOC142973078,PF00379.30
gene-LOC142973080,PF00379.30
gene-LOC142973081,PF00560.40;PF12799.14;PF13306.13;PF13855.13;PF14580.13;PF23952.2
gene-LOC142973082,PF00379.30
gene-LOC142973083,PF00379.30
gene-LOC142973084,PF00379.30
gene-LOC142973086,PF00379.30
gene-LOC142973087,PF00379.30
gene-LOC142973089,PF00379.30
gene-LOC142973090,PF00329.26
gene-LOC142973094,PF00379.30
gene-LOC142973095,PF00379.30
gene-LOC142973096,PF00379.30
gene-LOC142973097,PF00379.30
gene-LOC142973098,PF00379.30
gene-LOC142973099,PF00379.30
gene-LOC142973100,PF00379.30
gene-LOC142973102,PF01702.26
gene-LOC142973104,PF00379.30
gene-LOC142973107,PF00379.30
gene-LOC142973108,PF00379.30
gene-LOC142973112,PF00379.30
gene-LOC142973114,PF15866.12
gene-LOC142973115,PF00379.30
gene-LOC142973119,PF01145.32
gene-LOC142973121,PF01145.32
gene-LOC142973128,PF00004.36;PF01078.28;PF02359.25;PF02933.24;PF05496.19;PF06068.20;PF07724.21;PF07728.21;PF13173.13;PF13191.13;PF13238.13;PF13401.13;PF17862.8;PF20720.4;PF21964.3
gene-LOC142973132,PF05129.19
gene-LOC142973137,PF00400.39;PF12894.14;PF13570.14;PF16755.12;PF20426.5;PF23098.2;PF23341.2;PF23342.2;PF23381.2;PF23383.2;PF23389.2;PF23393.3;PF23409.2;PF23410.5;PF23411.2;PF23414.2;PF23586.3;PF23756.2;PF23775.2;PF23798.2;PF23869.2;PF24017.3;PF24105.2;PF24780.2;PF24782.3;PF24796.2;PF24805.2;PF24807.2;PF24814.2;PF24817.2;PF25047.1;PF25048.2;PF25168.2;PF25171.2;PF25172.2;PF25173.2;PF25174.2;PF25175.2;PF25178.1;PF25391.2;PF25460.2;PF25469.2
gene-LOC142973138,PF14636.13;PF14637.12;PF14638.12
gene-LOC142973142,PF15991.11
gene-LOC142973143,PF26116.1
gene-LOC142973145,PF07165.17
gene-LOC142973151,PF00036.39;PF13202.13;PF13405.13;PF13499.13;PF13833.13
gene-LOC142973152,PF00083.31;PF07690.22
gene-LOC142973161,PF00232.25
gene-LOC142973162,PF01546.34;PF04389.23;PF07687.20
gene-LOC142973163,PF01546.34;PF04389.23;PF07687.20
gene-LOC142973167,PF00005.34;PF01061.30
gene-LOC142973169,PF00083.31;PF07690.22
gene-LOC142973172,PF00005.34;PF01061.30
gene-LOC142973173,PF14909.13
gene-LOC142973174,PF00128.32
gene-LOC142973176,PF00071.29;PF08477.20
gene-LOC142973183,PF00012.27;PF06723.20
gene-LOC142973189,PF00226.37;PF14901.12
gene-LOC142973199,PF00135.35
gene-LOC142973201,PF00059.28
gene-LOC142973202,PF01652.25
gene-LOC142973208,PF14939.12
gene-LOC142973209,PF00240.30;PF11976.15
gene-LOC142973212,PF00047.32;PF00531.29;PF00791.27;PF07679.23;PF13895.13;PF13927.13;PF17217.10;PF25609.1
gene-LOC142973213,PF03098.21
gene-LOC142973214,PF03098.21
gene-LOC142973215,PF03098.21
gene-LOC142973216,PF00753.34
gene-LOC142973217,PF03098.21
gene-LOC142973221,PF00135.35;PF07859.20;PF20434.6
gene-LOC142973222,PF00047.32;PF07679.23;PF07686.24;PF13895.13;PF13927.13;PF22705.3;PF22854.3;PF22971.3
gene-LOC142973223,PF02095.22
gene-LOC142973230,PF00858.30
gene-LOC142973231,PF00379.30
gene-LOC142973233,PF14529.13
gene-LOC142973234,PF00135.35;PF07859.20;PF20434.6
gene-LOC142973235,PF14886.12
gene-LOC142973238,PF00096.33;PF12171.15;PF12874.14;PF13465.13;PF13894.13;PF13912.13
gene-LOC142973239,PF00067.28
gene-LOC142973243,PF00067.28
gene-LOC142973244,PF01151.24
gene-LOC142973245,PF03281.21;PF20266.4
gene-LOC142973246,PF07690.22
gene-LOC142973248,PF02949.26
gene-LOC142973249,PF00079.26
gene-LOC142973251,PF12906.14
gene-LOC142973253,PF00379.30
gene-LOC142973254,PF00379.30
gene-LOC142973255,PF00379.30
gene-LOC142973258,PF01607.30;PF16043.12
gene-LOC142973259,PF00328.28
gene-LOC142973261,PF00379.30
gene-LOC142973262,PF00379.30
gene-LOC142973264,PF00379.30
gene-LOC142973265,PF00379.30
gene-LOC142973266,PF00379.30
gene-LOC142973268,PF00379.30
gene-LOC142973269,PF00379.30
gene-LOC142973270,PF00379.30
gene-LOC142973271,PF00379.30
gene-LOC142973272,PF00379.30
gene-LOC142973273,PF00379.30
gene-LOC142973275,PF00379.30
gene-LOC142973276,PF00379.30
gene-LOC142973277,PF00379.30
gene-LOC142973278,PF00379.30
gene-LOC142973279,PF00379.30
gene-LOC142973280,PF00379.30
gene-LOC142973281,PF00379.30
gene-LOC142973282,PF00379.30
gene-LOC142973283,PF00379.30
gene-LOC142973284,PF00379.30
gene-LOC142973286,PF00379.30
gene-LOC142973287,PF00379.30
gene-LOC142973288,PF00379.30
gene-LOC142973290,PF00379.30
gene-LOC142973291,PF00083.31;PF07690.22
gene-LOC142973292,PF05090.20;PF22777.2
gene-LOC142973294,PF03098.21
gene-LOC142973295,PF00858.30
gene-LOC142973296,PF00858.30
gene-LOC142973298,PF24576.2
gene-LOC142973299,PF25298.2
gene-LOC142973302,PF05485.18
gene-LOC142973303,PF01609.28;PF13359.13
gene-LOC142973305,PF00106.32;PF08659.17;PF13561.13
gene-LOC142973306,PF00106.32;PF08659.17;PF13561.13
gene-LOC142973311,PF00067.28
gene-LOC142973312,PF00059.28
gene-LOC142973314,PF01151.24
gene-LOC142973315,PF01151.24
gene-LOC142973316,PF01151.24
gene-LOC142973317,PF01151.24
gene-LOC142973318,PF01151.24
gene-LOC142973320,PF07690.22
gene-LOC142973321,PF10545.16
gene-LOC142973323,PF00079.26
gene-LOC142973328,PF02949.26
gene-LOC142973329,PF02949.26
gene-LOC142973330,PF00076.29
gene-LOC142973331,PF00059.28
gene-LOC142973332,PF00059.28
gene-LOC142973333,PF00175.27;PF00970.31;PF08030.18;PF09791.15
gene-LOC142973334,PF08395.18
gene-LOC142973335,PF03133.21
gene-LOC142973336,PF01421.26;PF01562.25;PF13574.13;PF13582.13;PF13688.13;PF17771.7
gene-LOC142973337,PF00047.32;PF13895.13;PF13927.13
gene-LOC142973338,PF03567.21
gene-LOC142973342,PF00501.35;PF13193.13
gene-LOC142973343,PF00501.35;PF13193.13
gene-LOC142973344,PF00501.35;PF13193.13
gene-LOC142973345,PF12171.15;PF12874.14
gene-LOC142973348,PF00001.27
gene-LOC142973349,PF00096.33;PF07776.22;PF13465.13;PF13894.13
gene-LOC142973350,PF04831.19
gene-LOC142973351,PF00379.30
gene-LOC142973353,PF00379.30
gene-LOC142973355,PF00379.30
gene-LOC142973356,PF00379.30
gene-LOC142973357,PF00379.30
gene-LOC142973358,PF00379.30
gene-LOC142973359,PF00194.27
gene-LOC142973361,PF00379.30
gene-LOC142973362,PF00379.30
gene-LOC142973363,PF00096.33;PF00651.38;PF12171.15;PF12874.14;PF13465.13;PF13894.13;PF23611.2
gene-LOC142973364,PF00120.30
gene-LOC142973365,PF14892.12
gene-LOC142973366,PF00060.33;PF10613.15
gene-LOC142973368,PF00169.36
gene-LOC142973370,PF00328.28
gene-LOC142973371,PF00328.28
gene-LOC142973372,PF00328.28
gene-LOC142973373,PF00328.28
gene-LOC142973374,PF13895.13;PF13927.13
gene-LOC142973375,PF00009.34;PF00350.30;PF01926.30;PF02421.25
gene-LOC142973376,PF04117.18
gene-LOC142973377,PF01963.23
gene-LOC142973378,PF00400.39;PF12894.14;PF13570.14;PF17005.12;PF20426.5;PF23098.2;PF23215.1;PF23342.2;PF23381.2;PF23389.2;PF23393.3;PF23409.2;PF23414.2;PF23419.3;PF23609.2;PF23761.2;PF23775.2;PF23798.2;PF23869.2;PF24017.3;PF24105.2;PF24780.2;PF24782.3;PF24796.2;PF24805.2;PF24807.2;PF24814.2;PF24817.2;PF25047.1;PF25048.2;PF25168.2;PF25171.2;PF25172.2;PF25173.2;PF25174.2;PF25175.2;PF25178.1;PF25391.2;PF25460.2
gene-LOC142973379,PF00379.30
gene-LOC142973380,PF01145.32
gene-LOC142973386,PF08555.16
gene-LOC142973387,PF15502.12
gene-LOC142973389,PF04034.19;PF04068.21
gene-LOC142973390,PF00199.25;PF06628.18
gene-LOC142973391,PF00199.25;PF06628.18
gene-LOC142973392,PF00199.25;PF06628.18
gene-LOC142973393,PF00415.25;PF13540.13;PF25384.2;PF25390.2
gene-LOC142973394,PF01652.25
gene-LOC142973398,PF03098.21
gene-LOC142973399,PF03098.21
gene-LOC142973400,PF03098.21
gene-LOC142973402,PF03098.21
gene-LOC142973403,PF03098.21
gene-LOC142973404,PF03098.21
gene-LOC142973405,PF03098.21
gene-LOC142973406,PF00047.32;PF07679.23;PF13895.13;PF13927.13;PF25609.1
gene-LOC142973407,PF00096.33;PF13894.13
gene-LOC142973410,PF15619.12
gene-LOC142973412,PF15868.11
gene-LOC142973414,PF00335.27
gene-LOC142973426,PF06047.17
gene-LOC142973427,PF14935.12
gene-LOC142973430,PF00379.30
gene-LOC142973431,PF00379.30
gene-LOC142973433,PF02949.26
gene-LOC142973435,PF02949.26
gene-LOC142973436,PF00378.26;PF16113.11
gene-LOC142973437,PF01327.27
gene-LOC142973438,PF02949.26
gene-LOC142973442,PF00096.33;PF07776.22;PF12171.15;PF12874.14;PF13465.13;PF13894.13
gene-LOC142973443,PF01529.26
gene-LOC142973444,PF00657.29;PF13472.13
gene-LOC142973445,PF01496.25
gene-LOC142973449,PF13621.13
gene-LOC142973453,PF21795.4;PF23301.2;PF25024.1;PF26673.1
gene-LOC142973456,PF07974.20;PF12661.14;PF21700.4;PF21795.4;PF23301.2;PF25024.1;PF26673.1
gene-LOC142973457,PF23301.2;PF26673.1
gene-LOC142973458,PF10545.16
gene-LOC142973465,PF17064.12
gene-LOC142973466,PF01401.25
gene-LOC142973467,PF01401.25
gene-LOC142973469,PF01401.25
gene-LOC142973473,PF00083.31;PF07690.22
gene-LOC142973474,PF00083.31;PF06779.21;PF07690.22
gene-LOC142973476,PF00083.31;PF07690.22
gene-LOC142973477,PF00083.31;PF07690.22
gene-LOC142973478,PF04116.20;PF24858.2
gene-LOC142973482,PF01019.28
gene-LOC142973486,PF09775.15
gene-LOC142973487,PF00557.30;PF15801.12
gene-LOC142973489,PF16077.11
gene-LOC142973491,PF03091.21
gene-LOC142973498,PF00224.28;PF02887.22
gene-LOC142973501,PF00787.30
gene-LOC142973503,PF00246.30
gene-LOC142973507,PF00628.36;PF00856.34;PF05964.20;PF05965.20;PF13771.13
gene-LOC142973508,PF12240.14
gene-LOC142973509,PF15880.11
gene-LOC142973511,PF00581.26
gene-LOC142973512,PF00581.26
gene-LOC142973514,PF00023.37;PF12796.14;PF13606.13;PF13637.13;PF13857.13
gene-LOC142973519,PF00069.32;PF07714.24;PF14786.13
gene-LOC142973520,PF00200.29;PF13574.13;PF13582.13;PF13688.13;PF21299.3
gene-LOC142973521,PF00069.32;PF07714.24;PF14786.13
gene-LOC142973524,PF07000.18;PF18474.8
gene-LOC142973526,PF00557.30
gene-LOC142973529,PF00059.28
gene-LOC142973531,PF05773.28;PF16543.11
gene-LOC142973536,PF00557.30;PF01321.25;PF16188.11;PF16189.12
gene-LOC142973537,PF01398.27;PF08969.17;PF14464.12
gene-LOC142973538,PF01532.27
gene-LOC142973539,PF07690.22;PF12832.14
gene-LOC142973541,PF07690.22
gene-LOC142973546,PF00200.29;PF13574.13;PF13582.13;PF13688.13;PF21299.3
gene-LOC142973548,PF01008.24
gene-LOC142973555,PF00083.31;PF07690.22
gene-LOC142973557,PF04263.22;PF04265.20
gene-LOC142973558,PF00515.35;PF07719.24;PF12895.14;PF13176.13;PF13181.13;PF13424.13;PF13428.13;PF13431.13;PF13432.13;PF14559.13;PF23914.2;PF25058.2;PF25060.1;PF25062.2;PF25063.1;PF25064.2;PF25068.3
gene-LOC142973559,PF00047.32;PF07679.23;PF07686.24;PF13895.13;PF13927.13;PF22854.3;PF22971.3
gene-LOC142973562,PF06974.19
gene-LOC142973564,PF02460.25;PF12349.15
gene-LOC142973565,PF00067.28
gene-LOC142973566,PF15031.12
gene-LOC142973568,PF00023.37;PF00554.28;PF12796.14;PF13606.13;PF13637.13;PF13857.13;PF16179.12
gene-LOC142973569,PF01808.25;PF02142.28
gene-LOC142973570,PF02598.23
gene-LOC142973572,PF00188.33
gene-LOC142973573,PF00188.33
gene-LOC142973574,PF03564.22;PF18701.7
gene-LOC142973577,PF00171.28
gene-LOC142973578,PF00171.28
gene-LOC142973580,PF00018.35;PF07653.24;PF14604.13
gene-LOC142973581,PF12799.14;PF13855.13;PF14580.13
gene-LOC142973582,PF00625.28;PF13401.13;PF13671.13
gene-LOC142973583,PF07690.22;PF12832.14
gene-LOC142973585,PF09803.15
gene-LOC142973586,PF00071.29
gene-LOC142973587,PF09302.17
gene-LOC142973589,PF00089.33
gene-LOC142973590,PF00595.30;PF13180.13;PF17820.8
gene-LOC142973593,PF00173.34;PF00487.31
gene-LOC142973594,PF00173.34;PF00487.31
gene-LOC142973597,PF00400.39;PF08953.18;PF12894.14;PF16300.12;PF23381.2;PF23409.2;PF23414.2;PF23609.2;PF23775.2;PF23869.2;PF24105.2;PF24796.2;PF24805.2;PF24807.2;PF24814.2;PF24817.2;PF25047.1;PF25168.2;PF25172.2;PF25173.2;PF25174.2;PF25175.2;PF25391.2;PF25460.2
gene-LOC142973600,PF00168.37
gene-LOC142973602,PF01425.27
gene-LOC142973605,PF19026.8
gene-LOC142973609,PF02037.34;PF14443.12;PF14444.13;PF19256.5
gene-LOC142973615,PF15880.11
gene-LOC142973617,PF00049.24
gene-LOC142973619,PF16054.11
gene-LOC142973620,PF00474.24
gene-LOC142973621,PF00474.24
gene-LOC142973622,PF00063.28;PF00069.32;PF00612.34;PF03109.23;PF07714.24;PF17667.8
gene-LOC142973627,PF10262.16
gene-LOC142973631,PF00085.27;PF13098.14;PF13848.13;PF20207.5
gene-LOC142973632,PF21033.5
gene-LOC142973633,PF04727.19
gene-LOC142973634,PF00078.33;PF03564.22;PF05380.19;PF17921.8;PF18701.7
gene-LOC142973635,PF22979.3
gene-LOC142973636,PF00337.30
gene-LOC142973640,PF00884.29;PF01663.28
gene-LOC142973641,PF00884.29;PF01663.28
gene-LOC142973644,PF00230.26
gene-LOC142973645,PF00628.36;PF13771.13;PF13832.13;PF23004.3
gene-LOC142973648,PF05577.19
gene-LOC142973650,PF02014.24
gene-LOC142973651,PF16046.11
gene-LOC142973653,PF00096.33;PF00651.38;PF13465.13;PF13894.13
gene-LOC142973655,PF05428.18;PF23541.2
gene-LOC142973657,PF00188.33
gene-LOC142973660,PF00096.33;PF13894.13
gene-LOC142973662,PF00149.34;PF19272.5
gene-LOC142973663,PF00006.32;PF02874.30;PF22919.2
gene-LOC142973667,PF06388.17
gene-LOC142973669,PF00135.35;PF07859.20
gene-LOC142973673,PF00855.24
gene-LOC142973677,PF00551.25;PF02911.24
gene-LOC142973678,PF00001.27;PF10320.16
gene-LOC142973686,PF00194.27
gene-LOC142973687,PF08315.18
gene-LOC142973692,PF10508.16
gene-LOC142973695,PF12171.15;PF23406.2
gene-LOC142973701,PF00041.28;PF00560.40;PF12799.14;PF13855.13;PF14580.13
gene-LOC142973702,PF00560.40;PF12799.14;PF13855.13
gene-LOC142973703,PF00106.32;PF01370.28;PF08659.17;PF13561.13
gene-LOC142973704,PF00106.32;PF08659.17;PF13561.13
gene-LOC142973705,PF00202.28
gene-LOC142973707,PF21055.4;PF25572.2
gene-LOC142973709,PF15936.11
gene-LOC142973721,PF00106.32;PF08659.17;PF13561.13;PF23441.1
gene-LOC142973722,PF00106.32;PF08659.17;PF13561.13;PF23441.1
gene-LOC142973725,PF00089.33
gene-LOC142973727,PF00536.38;PF07647.25;PF07653.24;PF26285.1
gene-LOC142973728,PF05282.18;PF20981.3
gene-LOC142973732,PF06733.22;PF13307.13
gene-LOC142973733,PF03227.23;PF13462.13
gene-LOC142973734,PF02146.24
gene-LOC142973736,PF00270.36;PF00271.38;PF08147.18
gene-LOC142973740,PF14906.13
gene-LOC142973744,PF00149.34;PF19272.5
gene-LOC142973745,PF03561.22
gene-LOC142973746,PF00209.25
gene-LOC142973748,PF00083.31;PF07690.22
gene-LOC142973750,PF01722.24
gene-LOC142973751,PF03982.19
gene-LOC142973754,PF00307.37
gene-LOC142973760,PF01496.25
gene-LOC142973761,PF00004.36;PF09336.17;PF17862.8
gene-LOC142973763,PF01433.27;PF11838.15;PF17900.7
gene-LOC142973765,PF01433.27;PF11838.15;PF17900.7
gene-LOC142973767,PF01433.27;PF11838.15;PF17900.7
gene-LOC142973770,PF01433.27;PF11838.15;PF17900.7
gene-LOC142973772,PF00095.27
gene-LOC142973773,PF01433.27;PF11838.15;PF17900.7
gene-LOC142973774,PF01433.27;PF11838.15;PF17900.7
gene-LOC142973775,PF06664.18;PF21885.2
gene-LOC142973779,PF00096.33;PF13894.13;PF13912.13
gene-LOC142973783,PF00400.39;PF12894.14;PF13570.14;PF23098.2;PF23342.2;PF23381.2;PF23393.3;PF23409.2;PF23410.5;PF23414.2;PF23419.3;PF23609.2;PF23761.2;PF23775.2;PF23798.2;PF23869.2;PF24017.3;PF24105.2;PF24780.2;PF24782.3;PF24796.2;PF24805.2;PF24807.2;PF24814.2;PF24817.2;PF25047.1;PF25048.2;PF25168.2;PF25171.2;PF25172.2;PF25173.2;PF25174.2;PF25175.2;PF25178.1;PF25391.2;PF25460.2
gene-LOC142973788,PF07984.19
gene-LOC142973790,PF03020.23;PF09402.17
gene-LOC142973791,PF01425.27
gene-LOC142973792,PF01395.28
gene-LOC142973795,PF13868.12
gene-LOC142973796,PF00083.31;PF07690.22
gene-LOC142973799,PF04116.20
gene-LOC142973800,PF00047.32;PF07679.23;PF07686.24;PF13895.13;PF13927.13;PF16706.12;PF22705.3;PF22971.3
gene-LOC142973801,PF00017.31;PF00640.30
gene-LOC142973802,PF00089.33;PF09342.17
gene-LOC142973803,PF04184.19
gene-LOC142973807,PF12662.14;PF21700.4;PF23301.2;PF25024.1;PF26673.1
gene-LOC142973811,PF00078.33
gene-LOC142973814,PF02949.26
gene-LOC142973815,PF02949.26
gene-LOC142973817,PF00083.31;PF07690.22
gene-LOC142973819,PF02949.26
gene-LOC142973821,PF03227.23
gene-LOC142973822,PF00060.33;PF24061.2
gene-LOC142973823,PF24061.2
gene-LOC142973825,PF00089.33
gene-LOC142973826,PF00075.31;PF00078.33;PF14529.13;PF16012.11
gene-LOC142973827,PF00047.32;PF07679.23;PF07686.24;PF13895.13;PF13927.13;PF16681.12;PF22854.3;PF22971.3
gene-LOC142973828,PF00224.28;PF02887.22
gene-LOC142973829,PF00224.28;PF02887.22
gene-LOC142973830,PF00224.28;PF02887.22
gene-LOC142973831,PF24061.2
gene-LOC142973832,PF00089.33
gene-LOC142973833,PF00188.33
gene-LOC142973834,PF01433.27;PF11838.15;PF17900.7
gene-LOC142973835,PF00324.28;PF13520.13
gene-LOC142973837,PF00095.27
gene-LOC142973838,PF00858.30
gene-LOC142973840,PF00379.30
gene-LOC142973844,PF00378.26;PF16113.11
gene-LOC142973849,PF19272.5
gene-LOC142973852,PF02949.26
gene-LOC142973853,PF16077.11
gene-LOC142973855,PF16077.11
gene-LOC142973858,PF16077.11
gene-LOC142973859,PF16077.11
gene-LOC142973862,PF00651.38
gene-LOC142973863,PF00515.35;PF13414.13
gene-LOC142973866,PF00487.31
gene-LOC142973867,PF00001.27;PF10320.16;PF10324.16;PF13853.13
gene-LOC142973869,PF14813.12
gene-LOC142973871,PF00071.29
gene-LOC142973872,PF00232.25
gene-LOC142973873,PF00232.25
gene-LOC142973874,PF00173.34;PF00487.31
gene-LOC142973875,PF00173.34;PF00487.31
gene-LOC142973876,PF00173.34;PF00487.31
gene-LOC142973877,PF00089.33;PF13365.13
gene-LOC142973878,PF02944.26;PF10545.16
gene-LOC142973880,PF00047.32;PF07679.23;PF07686.24;PF13895.13;PF13927.13;PF22705.3;PF22971.3
gene-LOC142973881,PF00046.36
gene-LOC142973883,PF00561.27;PF04083.23;PF12146.16
gene-LOC142973884,PF02949.26
gene-LOC142973886,PF00884.29
gene-LOC142973890,PF00188.33
gene-LOC142973892,PF00047.32;PF07679.23;PF07686.24;PF13895.13;PF13927.13;PF22705.3;PF22854.3;PF22971.3
gene-LOC142973897,PF00089.33
gene-LOC142973898,PF02887.22
gene-LOC142973900,PF02146.24
gene-LOC142973902,PF16077.11
gene-LOC142973906,PF12906.14
gene-LOC142973907,PF00194.27
gene-LOC142973909,PF14646.13
gene-LOC142973910,PF00194.27
gene-LOC142973914,PF09398.17;PF16045.12
gene-LOC142973916,PF00004.36;PF27107.1
gene-LOC142973917,PF00858.30
gene-LOC142973918,PF00858.30
gene-LOC142973919,PF00083.31;PF07690.22
gene-LOC142973920,PF00858.30
gene-LOC142973922,PF25298.2;PF27108.1
gene-LOC142973925,PF16020.11
gene-LOC142973942,PF09745.15
gene-LOC142973946,PF01612.27
gene-LOC142973951,PF24569.2
gene-LOC142973952,PF00056.30;PF02866.24
gene-LOC142973955,PF00047.32;PF07679.23;PF07686.24;PF13927.13;PF18452.8
gene-LOC142973960,PF00083.31;PF07690.22
gene-LOC142973961,PF00083.31;PF07690.22
gene-LOC142973962,PF01607.30
gene-LOC142973964,PF04930.21
gene-LOC142973965,PF00096.33;PF13465.13;PF13894.13;PF15909.11
gene-LOC142973966,PF00405.23
gene-LOC142973968,PF00047.32;PF07654.22;PF07679.23;PF07686.24;PF08205.19;PF13895.13;PF13927.13;PF22705.3;PF22971.3
gene-LOC142973969,PF00047.32;PF07654.22;PF07679.23;PF07686.24;PF08205.19;PF13895.13;PF13927.13;PF22971.3
gene-LOC142973973,PF00008.34;PF00431.27;PF02408.27;PF07645.22;PF12947.14;PF23061.1;PF23062.2;PF23064.3;PF23665.2;PF23668.2
gene-LOC142973977,PF08243.17;PF22878.2
gene-LOC142973978,PF00702.33;PF13246.13;PF16209.11;PF16212.12
gene-LOC142973982,PF00008.34;PF00093.25;PF07645.22;PF12661.14;PF12662.14;PF12947.14;PF13385.14;PF23334.2
gene-LOC142973983,PF00335.27
gene-LOC142973984,PF00160.27;PF13879.12
gene-LOC142973985,PF00335.27
gene-LOC142973986,PF00627.38;PF06003.18;PF08585.19
gene-LOC142973990,PF03372.30
gene-LOC142973997,PF00335.27
gene-LOC142973999,PF00515.35;PF07719.24;PF13181.13;PF13428.13
gene-LOC142974000,PF10277.16
gene-LOC142974002,PF02055.23;PF17189.11
gene-LOC142974003,PF10502.15
gene-LOC142974006,PF00505.26;PF09011.17;PF24815.2
gene-LOC142974011,PF15950.11
gene-LOC142974014,PF05769.17
gene-LOC142974015,PF12799.14;PF13855.13;PF14580.13
gene-LOC142974016,PF00561.27;PF12146.16;PF12697.14
gene-LOC142974018,PF14555.13;PF16158.12
gene-LOC142974019,PF00096.33;PF13465.13;PF13894.13;PF13912.13
gene-LOC142974021,PF24569.2
gene-LOC142974022,PF03619.23
gene-LOC142974023,PF00096.33;PF12874.14;PF13465.13;PF13894.13
gene-LOC142974025,PF00069.32;PF07714.24
gene-LOC142974027,PF00069.32;PF06293.21;PF07714.24;PF12330.15;PF14531.13
gene-LOC142974033,PF07690.22
gene-LOC142974034,PF01607.30
gene-LOC142974035,PF13041.13;PF22330.3
gene-LOC142974039,PF07690.22
gene-LOC142974040,PF07690.22
gene-LOC142974041,PF07690.22
gene-LOC142974042,PF00067.28
gene-LOC142974044,PF07690.22
gene-LOC142974045,PF00067.28
gene-LOC142974046,PF00067.28
gene-LOC142974047,PF00083.31;PF07690.22
gene-LOC142974050,PF01490.25
gene-LOC142974051,PF01490.25
gene-LOC142974052,PF01490.25
gene-LOC142974053,PF00175.27;PF00970.31
gene-LOC142974057,PF00135.35;PF07859.20;PF20434.6
gene-LOC142974060,PF04145.21
gene-LOC142974062,PF03637.23
gene-LOC142974067,PF00041.28;PF00102.33;PF16656.12;PF24943.1;PF24946.2;PF25059.2;PF25300.1;PF28033.1
gene-LOC142974069,PF00023.37;PF00520.38;PF08016.19;PF08344.17;PF12796.14;PF13606.13;PF13637.13;PF13857.13;PF23317.2
gene-LOC142974072,PF00004.36;PF00023.37;PF07724.21;PF07728.21;PF10431.16;PF12796.14;PF13401.13;PF13606.13;PF13637.13;PF13857.13
gene-LOC142974073,PF14360.13
gene-LOC142974074,PF09741.15
gene-LOC142974078,PF00023.37;PF00651.38;PF12796.14;PF13606.13;PF13637.13;PF13857.13;PF26281.1
gene-LOC142974083,PF00096.33;PF13465.13;PF13894.13
gene-LOC142974085,PF00056.30;PF02866.24
gene-LOC142974088,PF00089.33;PF18322.7
gene-LOC142974090,PF00535.33;PF00652.29;PF02709.21;PF14200.13
gene-LOC142974092,PF00884.29;PF01663.28
gene-LOC142974095,PF08241.19;PF08242.19;PF13489.13;PF13532.13;PF13649.13
gene-LOC142974096,PF00566.26;PF23436.2
gene-LOC142974098,PF00135.35
gene-LOC142974104,PF04641.19;PF15906.11
gene-LOC142974109,PF00089.33
gene-LOC142974110,PF00584.26
gene-LOC142974111,PF00250.25
gene-LOC142974112,PF00135.35;PF07859.20;PF20434.6
gene-LOC142974113,PF00089.33
gene-LOC142974114,PF00089.33
gene-LOC142974115,PF00089.33
gene-LOC142974118,PF00083.31;PF06779.21;PF07690.22
gene-LOC142974121,PF00067.28
gene-LOC142974126,PF01391.24;PF01410.24
gene-LOC142974129,PF03937.22
gene-LOC142974131,PF00083.31;PF07690.22
gene-LOC142974132,PF03189.19
gene-LOC142974135,PF04790.19
gene-LOC142974136,PF27956.1
gene-LOC142974137,PF05773.28;PF06544.19
gene-LOC142974141,PF00046.36
gene-LOC142974143,PF01138.28
gene-LOC142974145,PF00027.36
gene-LOC142974149,PF04176.19
gene-LOC142974150,PF02949.26;PF08395.18
gene-LOC142974153,PF00036.39;PF13405.13;PF13499.13;PF13833.13
gene-LOC142974158,PF14895.12
gene-LOC142974161,PF01607.30
gene-LOC142974166,PF01839.30
gene-LOC142974175,PF03098.21
gene-LOC142974176,PF00078.33
gene-LOC142974177,PF00075.31;PF13456.13
gene-LOC142974178,PF00008.34;PF12661.14;PF23106.2;PF25024.1
gene-LOC142974181,PF00858.30
gene-LOC142974183,PF00858.30
gene-LOC142974185,PF00083.31;PF07690.22
gene-LOC142974186,PF00083.31;PF07690.22
gene-LOC142974188,PF00078.33
gene-LOC142974190,PF25024.1
gene-LOC142974193,PF14866.13
gene-LOC142974194,PF07333.19
gene-LOC142974195,PF00078.33;PF00665.33;PF23055.2
gene-LOC142974196,PF08385.18
gene-LOC142974197,PF18199.7;PF24378.2
gene-LOC142974198,PF12090.14
gene-LOC142974199,PF00027.36
gene-LOC142974200,PF02949.26;PF08395.18
gene-LOC142974202,PF00089.33
gene-LOC142974205,PF00400.39;PF08662.18;PF11715.17;PF12894.14;PF20426.5;PF23098.2;PF23215.1;PF23342.2;PF23381.2;PF23383.2;PF23389.2;PF23393.3;PF23409.2;PF23410.5;PF23411.2;PF23414.2;PF23419.3;PF23609.2;PF23756.2;PF23761.2;PF23775.2;PF23798.2;PF23869.2;PF24017.3;PF24105.2;PF24780.2;PF24782.3;PF24796.2;PF24797.2;PF24805.2;PF24807.2;PF24814.2;PF24817.2;PF25047.1;PF25048.2;PF25168.2;PF25171.2;PF25172.2;PF25173.2;PF25174.2;PF25175.2;PF25178.1;PF25391.2;PF25460.2;PF26550.2
gene-LOC142974208,PF01607.30
gene-LOC142974210,PF08395.18
gene-LOC142974212,PF00135.35;PF00326.28;PF07859.20;PF20434.6
gene-LOC142974213,PF00135.35;PF07859.20;PF20434.6
gene-LOC142974214,PF00135.35;PF00326.28;PF07859.20;PF20434.6
gene-LOC142974216,PF00008.34;PF00431.27;PF07645.22;PF12661.14;PF12947.14;PF23061.1;PF23064.3;PF23665.2
gene-LOC142974217,PF02301.24
gene-LOC142974218,PF00135.35;PF07859.20;PF20434.6
gene-LOC142974219,PF25298.2
gene-LOC142974221,PF07738.20
gene-LOC142974222,PF00149.34;PF19272.5
gene-LOC142974225,PF00083.31;PF07690.22
gene-LOC142974228,PF16009.11
gene-LOC142974229,PF00050.27;PF07648.21
gene-LOC142974231,PF00515.35;PF07719.24;PF08409.17;PF13181.13;PF13414.13;PF13424.13;PF13428.13;PF13431.13;PF14559.13
gene-LOC142974232,PF13896.13
gene-LOC142974233,PF14214.12;PF23343.3
gene-LOC142974234,PF05148.22
gene-LOC142974236,PF00089.33;PF13365.13
gene-LOC142974238,PF10272.15
gene-LOC142974239,PF01431.28;PF05649.19
gene-LOC142974240,PF03998.20
gene-LOC142974241,PF10505.15
gene-LOC142974243,PF27978.1
gene-LOC142974244,PF00049.24
gene-LOC142974245,PF00515.35;PF07719.24;PF08409.17;PF13176.13;PF13181.13;PF13414.13;PF13424.13;PF13428.13;PF13431.13
gene-LOC142974246,PF08241.19;PF08242.19;PF13489.13;PF13649.13;PF13847.13
gene-LOC142974247,PF00135.35;PF07859.20;PF20434.6
gene-LOC142974248,PF00135.35;PF07859.20;PF20434.6
gene-LOC142974249,PF00083.31;PF07690.22
gene-LOC142974250,PF02544.22
gene-LOC142974251,PF02544.22
gene-LOC142974252,PF04756.20
gene-LOC142974253,PF04756.20
gene-LOC142974255,PF00400.39;PF04003.18;PF08662.18;PF12894.14;PF13570.14;PF16755.12;PF20426.5;PF23098.2;PF23342.2;PF23381.2;PF23383.2;PF23389.2;PF23393.3;PF23409.2;PF23410.5;PF23411.2;PF23414.2;PF23756.2;PF23775.2;PF23869.2;PF24017.3;PF24105.2;PF24780.2;PF24782.3;PF24796.2;PF24797.2;PF24805.2;PF24807.2;PF24814.2;PF24817.2;PF25047.1;PF25048.2;PF25168.2;PF25171.2;PF25172.2;PF25173.2;PF25174.2;PF25175.2;PF25178.1;PF25391.2;PF25460.2;PF26550.2
gene-LOC142974256,PF01130.28
gene-LOC142974257,PF00096.33;PF07776.22;PF12171.15;PF12874.14;PF13465.13;PF13894.13;PF13912.13
gene-LOC142974258,PF00089.33;PF13365.13
gene-LOC142974259,PF00089.33
gene-LOC142974260,PF00089.33
gene-LOC142974261,PF00089.33;PF13365.13
gene-LOC142974262,PF00089.33;PF13365.13
gene-LOC142974263,PF01490.25
gene-LOC142974264,PF01490.25
gene-LOC142974266,PF00057.24
gene-LOC142974267,PF01151.24
gene-LOC142974268,PF01490.25
gene-LOC142974269,PF00251.27;PF04616.21;PF08244.20
gene-LOC142974270,PF01490.25
gene-LOC142974271,PF15383.12
gene-LOC142974272,PF00178.30;PF02198.24
gene-LOC142974279,PF00023.37;PF00595.30;PF07653.24;PF12796.14;PF13606.13;PF13637.13;PF13857.13;PF16511.12;PF17820.8
gene-LOC142974285,PF21034.4
gene-LOC142974286,PF00097.32;PF13445.13;PF13639.13;PF13920.13;PF13923.13;PF15227.13;PF21355.4;PF22486.3
gene-LOC142974288,PF16033.12
gene-LOC142974289,PF20146.5
gene-LOC142974291,PF01757.29;PF20146.5
gene-LOC142974292,PF00047.32;PF07679.23;PF07686.24;PF13895.13;PF13927.13
gene-LOC142974293,PF00173.34
gene-LOC142974294,PF28265.1
gene-LOC142974295,PF01097.25;PF07333.19;PF24552.2
gene-LOC142974297,PF00451.26;PF24552.2
gene-LOC142974301,PF00304.27;PF00451.26
gene-LOC142974303,PF00225.30;PF16796.12
gene-LOC142974304,PF00400.39;PF12894.14;PF23381.2;PF23414.2;PF23770.2;PF23774.2;PF23775.2;PF24105.2;PF24805.2;PF24807.2;PF24814.2;PF24817.2;PF25047.1;PF25048.2;PF25168.2;PF25171.2;PF25172.2;PF25173.2;PF25174.2;PF25175.2;PF25391.2;PF25460.2
gene-LOC142974306,PF04921.21
gene-LOC142974308,PF10036.15
gene-LOC142974310,PF00067.28
gene-LOC142974312,PF01112.24
gene-LOC142974315,PF00067.28
gene-LOC142974316,PF00067.28
gene-LOC142974317,PF00067.28
gene-LOC142974318,PF00067.28
gene-LOC142974319,PF04389.23
gene-LOC142974320,PF15860.12;PF22954.3
gene-LOC142974321,PF02225.28;PF04389.23
gene-LOC142974322,PF01546.34;PF04389.23
gene-LOC142974324,PF00326.28;PF00930.28
gene-LOC142974326,PF00168.37
gene-LOC142974327,PF00069.32;PF00566.26;PF07714.24;PF23436.2
gene-LOC142974328,PF00135.35;PF07859.20;PF20434.6
gene-LOC142974333,PF00151.26
gene-LOC142974340,PF07686.24
gene-LOC142974342,PF12767.13
gene-LOC142974343,PF10601.15
gene-LOC142974344,PF10601.15
gene-LOC142974345,PF10601.15
gene-LOC142974346,PF10601.15
gene-LOC142974347,PF00041.28;PF00047.32;PF07354.19;PF07679.23;PF07686.24;PF08205.19;PF13895.13;PF13927.13;PF22705.3;PF22971.3;PF25305.2
gene-LOC142974348,PF13843.13
gene-LOC142974351,PF03189.19
gene-LOC142974352,PF03189.19
gene-LOC142974356,PF13774.13
gene-LOC142974357,PF00057.24;PF00058.24;PF01731.27;PF07645.22;PF08450.19;PF12662.14;PF14670.13;PF16472.13
gene-LOC142974362,PF02931.29;PF02932.22
gene-LOC142974364,PF00723.28;PF19292.5
gene-LOC142974367,PF00134.29;PF02984.25
gene-LOC142974368,PF04502.19
gene-LOC142974373,PF00014.29;PF00090.26;PF02014.24;PF06468.20;PF19028.7
gene-LOC142974382,PF09596.16
gene-LOC142974386,PF00096.33;PF12171.15;PF13465.13;PF13894.13
gene-LOC142974388,PF02892.22;PF05699.20;PF27039.1;PF27041.1
gene-LOC142974391,PF00053.31;PF00055.24;PF21199.4;PF24973.2
gene-LOC142974394,PF00153.33
gene-LOC142974400,PF03189.19
gene-LOC142974401,PF03189.19
gene-LOC142974402,PF00083.31;PF07690.22
gene-LOC142974406,PF04790.19
gene-LOC142974409,PF01408.29;PF02894.23;PF22725.2
gene-LOC142974410,PF05667.17;PF21674.3
gene-LOC142974411,PF10037.16
gene-LOC142974422,PF00595.30;PF13180.13;PF17820.8
gene-LOC142974423,PF06743.21
gene-LOC142974425,PF04857.27
gene-LOC142974426,PF04857.27
gene-LOC142974428,PF00046.36;PF00292.25
gene-LOC142974430,PF03098.21
gene-LOC142974431,PF00194.27
gene-LOC142974437,PF00036.39;PF12763.14;PF13202.13;PF13405.13;PF13499.13;PF13833.13;PF14658.13;PF21008.4;PF24548.2;PF25530.2
gene-LOC142974443,PF13927.13
gene-LOC142974444,PF10269.15
gene-LOC142974445,PF14895.12
gene-LOC142974446,PF00650.26;PF28528.1
gene-LOC142974447,PF01403.26
gene-LOC142974449,PF00595.30
gene-LOC142974450,PF00957.28
gene-LOC142974453,PF00412.29
gene-LOC142974455,PF00412.29
gene-LOC142974456,PF08806.18
gene-LOC142974457,PF00373.24;PF09379.17;PF09380.17
gene-LOC142974462,PF23360.3;PF23361.2;PF23381.2;PF23743.2;PF25171.2
gene-LOC142974463,PF00210.31
gene-LOC142974470,PF00071.29;PF08477.20
gene-LOC142974471,PF00049.24
gene-LOC142974474,PF01062.27
gene-LOC142974476,PF07690.22;PF12832.14
gene-LOC142974477,PF15717.11
gene-LOC142974483,PF01979.27;PF07969.18
gene-LOC142974485,PF12799.14;PF13306.13;PF13855.13;PF14580.13
gene-LOC142974487,PF07004.18
gene-LOC142974488,PF00096.33;PF13894.13;PF25412.2
gene-LOC142974492,PF00650.26;PF13716.12
gene-LOC142974494,PF01223.30
gene-LOC142974497,PF13926.12
gene-LOC142974502,PF00023.37;PF00520.38;PF12796.14;PF13606.13;PF13637.13;PF13857.13
gene-LOC142974503,PF04130.19;PF17681.7
gene-LOC142974504,PF00023.37;PF00520.38;PF12796.14;PF13606.13;PF13637.13;PF13857.13
gene-LOC142974506,PF00501.35;PF23562.3
gene-LOC142974507,PF07686.24;PF13927.13
gene-LOC142974509,PF00520.38;PF07885.23
gene-LOC142974510,PF00069.32;PF07714.24;PF14531.13
gene-LOC142974511,PF06080.19
gene-LOC142974512,PF00069.32;PF07714.24
gene-LOC142974513,PF00069.32;PF07714.24
gene-LOC142974531,PF00060.33;PF10613.15;PF24576.2
gene-LOC142974534,PF00472.27
gene-LOC142974535,PF12799.14;PF13855.13;PF23066.2
gene-LOC142974539,PF00083.31;PF07690.22
gene-LOC142974540,PF03542.22;PF11864.14
gene-LOC142974542,PF00378.26;PF16113.11
gene-LOC142974547,PF00248.28
gene-LOC142974550,PF08246.18
gene-LOC142974551,PF08246.18
gene-LOC142974556,PF00135.35;PF20434.6
gene-LOC142974561,PF00560.40;PF00646.39;PF12799.14;PF12937.13;PF13516.13;PF23247.2;PF23598.2;PF23622.2;PF23952.2;PF24048.2;PF24758.2;PF25013.1;PF25372.2
gene-LOC142974564,PF00732.26;PF05199.20
gene-LOC142974567,PF08246.18
gene-LOC142974568,PF00476.27
gene-LOC142974569,PF02709.21;PF13733.13
gene-LOC142974571,PF00732.26;PF00890.31;PF05199.20
gene-LOC142974572,PF00083.31;PF06779.21;PF07690.22
gene-LOC142974573,PF00083.31;PF07690.22
gene-LOC142974574,PF00852.27;PF17039.11
gene-LOC142974576,PF00023.37;PF12796.14;PF13606.13;PF13637.13;PF13857.13;PF24521.3
gene-LOC142974578,PF00852.27;PF17039.11
gene-LOC142974580,PF08617.16
gene-LOC142974583,PF08246.18
gene-LOC142974584,PF00685.34;PF13469.13
gene-LOC142974585,PF00852.27;PF17039.11
gene-LOC142974586,PF00732.26;PF05199.20
gene-LOC142974588,PF00151.26
gene-LOC142974590,PF05303.18
gene-LOC142974592,PF00155.28;PF00266.26;PF01041.24;PF01212.28
gene-LOC142974593,PF01762.28
gene-LOC142974594,PF00443.36;PF00917.33;PF13423.13;PF22486.3
gene-LOC142974595,PF00106.32;PF08659.17;PF13561.13;PF23441.1
gene-LOC142974597,PF10545.16
gene-LOC142974598,PF03098.21
gene-LOC142974599,PF00459.31
gene-LOC142974600,PF02140.24
gene-LOC142974602,PF00293.35
gene-LOC142974603,PF00027.36
gene-LOC142974604,PF00059.28
gene-LOC142974605,PF24576.2
gene-LOC142974606,PF00732.26;PF05199.20
gene-LOC142974611,PF00732.26;PF05199.20
gene-LOC142974612,PF04488.22;PF04572.18
gene-LOC142974615,PF09791.15
gene-LOC142974617,PF00384.28;PF10588.15;PF13510.12;PF22117.3;PF22151.3
gene-LOC142974618,PF22068.3;PF22069.3
gene-LOC142974621,PF00732.26;PF05199.20
gene-LOC142974625,PF00702.33;PF13242.13;PF13344.13
gene-LOC142974627,PF00400.39;PF12894.14;PF23381.2;PF23409.2;PF23414.2;PF24805.2;PF24807.2;PF24814.2;PF24817.2;PF25172.2;PF25173.2;PF25174.2;PF25175.2
gene-LOC142974629,PF00096.33;PF05605.19;PF12171.15;PF12874.14;PF13465.13;PF13894.13;PF21816.4
gene-LOC142974630,PF02944.26;PF10545.16
gene-LOC142974631,PF00326.28;PF00561.27;PF07859.20;PF12146.16;PF19283.5
gene-LOC142974633,PF25567.2
gene-LOC142974634,PF00400.39;PF09806.15;PF23381.2;PF23414.2;PF23775.2;PF24796.2;PF24807.2;PF24814.2;PF25174.2;PF25175.2
gene-LOC142974635,PF25228.1
gene-LOC142974636,PF00400.39;PF12894.14;PF23098.2;PF23342.2;PF23381.2;PF23383.2;PF23393.3;PF23409.2;PF23410.5;PF23414.2;PF23609.2;PF23756.2;PF23775.2;PF23869.2;PF24105.2;PF24780.2;PF24782.3;PF24796.2;PF24805.2;PF24807.2;PF24814.2;PF24817.2;PF25047.1;PF25168.2;PF25171.2;PF25172.2;PF25173.2;PF25174.2;PF25175.2;PF25178.1;PF25391.2;PF25460.2
gene-LOC142974638,PF00270.36;PF00271.38;PF04851.22;PF16124.11
gene-LOC142974639,PF00787.30
gene-LOC142974640,PF05250.17
gene-LOC142974641,PF15013.12
gene-LOC142974643,PF04389.23
gene-LOC142974646,PF00732.26;PF05199.20
gene-LOC142974650,PF07719.24
gene-LOC142974651,PF00753.34;PF12706.14;PF13691.13;PF23023.2
gene-LOC142974654,PF00069.32;PF07714.24
gene-LOC142974655,PF00400.39;PF23381.2;PF23383.2;PF23393.3;PF23409.2;PF23414.2;PF23609.2;PF23756.2;PF23775.2;PF23869.2;PF24105.2;PF24796.2;PF24797.2;PF24807.2;PF24814.2;PF24817.2;PF25047.1;PF25168.2;PF25171.2;PF25172.2;PF25173.2;PF25174.2;PF25175.2
gene-LOC142974656,PF00041.28
gene-LOC142974657,PF11945.14
gene-LOC142974658,PF00176.30;PF00271.38
gene-LOC142974663,PF04939.18
gene-LOC142974670,PF04488.22;PF04572.18
gene-LOC142974671,PF00059.28
gene-LOC142974672,PF00561.27;PF04083.23;PF12146.16
gene-LOC142974673,PF00090.26;PF19028.7;PF19030.7
gene-LOC142974674,PF00732.26;PF05199.20
gene-LOC142974676,PF00307.37;PF00612.34;PF00616.25;PF03836.21
gene-LOC142974680,PF00096.33;PF07776.22;PF12171.15;PF13465.13;PF13894.13
gene-LOC142974681,PF07810.19
gene-LOC142974684,PF00096.33;PF13465.13;PF13894.13
gene-LOC142974685,PF10545.16
gene-LOC142974687,PF00022.26
gene-LOC142974688,PF00022.26
gene-LOC142974689,PF07738.20
gene-LOC142974692,PF11095.15
gene-LOC142974694,PF00732.26;PF05199.20
gene-LOC142974696,PF00732.26;PF05199.20
gene-LOC142974699,PF23727.2
gene-LOC142974700,PF00567.31
gene-LOC142974701,PF01403.26;PF01437.32
gene-LOC142974702,PF08246.18
gene-LOC142974703,PF08246.18
gene-LOC142974704,PF00176.30
gene-LOC142974709,PF00822.26;PF06687.18;PF13903.12
gene-LOC142974710,PF00251.27;PF08244.20
gene-LOC142974711,PF00852.27;PF17039.11
gene-LOC142974713,PF08265.17
gene-LOC142974714,PF00179.32;PF23043.2;PF23044.2;PF23046.2
gene-LOC142974715,PF01490.25;PF03222.20
gene-LOC142974718,PF13870.12;PF27944.1
gene-LOC142974722,PF00151.26
gene-LOC142974723,PF00125.31
gene-LOC142974725,PF00107.33;PF08240.18;PF13602.13
gene-LOC142974728,PF08246.18
gene-LOC142974729,PF03133.21;PF14398.12
gene-LOC142974732,PF12494.14
gene-LOC142974734,PF00250.25
gene-LOC142974735,PF00083.31;PF07690.22
gene-LOC142974737,PF00083.31;PF07690.22
gene-LOC142974739,PF13920.13;PF23202.2;PF23230.1;PF25447.2
gene-LOC142974740,PF00079.26
gene-LOC142974743,PF00232.25
gene-LOC142974747,PF00560.40;PF12799.14;PF13306.13;PF13855.13
gene-LOC142974748,PF00400.39;PF04003.18;PF12894.14;PF13570.14;PF20426.5;PF21031.3;PF23098.2;PF23341.2;PF23342.2;PF23381.2;PF23383.2;PF23389.2;PF23393.3;PF23409.2;PF23410.5;PF23411.2;PF23414.2;PF23609.2;PF23756.2;PF23760.2;PF23761.2;PF23775.2;PF23798.2;PF23869.2;PF24017.3;PF24105.2;PF24780.2;PF24782.3;PF24796.2;PF24805.2;PF24807.2;PF24814.2;PF24817.2;PF25047.1;PF25048.2;PF25168.2;PF25171.2;PF25172.2;PF25173.2;PF25174.2;PF25175.2;PF25178.1;PF25391.2;PF25460.2
gene-LOC142974749,PF13793.13;PF14572.13
gene-LOC142974750,PF00620.33;PF03114.24
gene-LOC142974752,PF00251.27;PF08244.20
gene-LOC142974753,PF05978.23;PF07690.22
gene-LOC142974754,PF06979.19
gene-LOC142974755,PF27640.1
gene-LOC142974760,PF04199.20
gene-LOC142974767,PF08246.18
gene-LOC142974769,PF08246.18
gene-LOC142974772,PF00595.30;PF17820.8
gene-LOC142974773,PF04488.22;PF04572.18
gene-LOC142974774,PF00732.26
gene-LOC142974776,PF00288.33;PF08544.19;PF10509.16
gene-LOC142974777,PF00083.31;PF07690.22
gene-LOC142974778,PF00083.31;PF07690.22
gene-LOC142974779,PF00560.40;PF12799.14;PF13855.13;PF23598.2
gene-LOC142974780,PF00050.27;PF00053.31;PF00054.31;PF02210.32;PF07648.21;PF21287.4
gene-LOC142974781,PF03266.22;PF13604.13
gene-LOC142974782,PF00083.31;PF07690.22
gene-LOC142974784,PF00083.31;PF07690.22
gene-LOC142974785,PF13903.12
gene-LOC142974787,PF00732.26;PF05199.20
gene-LOC142974791,PF00083.31;PF06779.21;PF07690.22
gene-LOC142974792,PF00939.26;PF03600.23
gene-LOC142974799,PF00008.34;PF00050.27;PF00053.31;PF00054.31;PF02210.32;PF07648.21;PF21287.4
gene-LOC142974800,PF01697.34
gene-LOC142974802,PF00732.26;PF00890.31;PF01266.31;PF05199.20;PF05834.19
gene-LOC142974805,PF02686.21
gene-LOC142974809,PF00400.39;PF21032.3;PF21034.4;PF23377.2;PF23381.2;PF23409.2;PF23414.2;PF24796.2;PF24817.2;PF25173.2;PF25174.2;PF25175.2
gene-LOC142974811,PF00687.27
gene-LOC142974812,PF00732.26;PF00890.31;PF05199.20
gene-LOC142974813,PF04190.20
gene-LOC142974814,PF00293.35;PF18290.8
gene-LOC142974815,PF00096.33;PF12874.14;PF13465.13;PF13894.13
gene-LOC142974816,PF00293.35;PF18290.8
gene-LOC142974820,PF00106.32;PF08659.17;PF13561.13
gene-LOC142974821,PF00106.32;PF01370.28;PF08659.17;PF13561.13;PF23441.1
gene-LOC142974822,PF02223.24
gene-LOC142974823,PF03145.23;PF21361.4;PF21362.4
gene-LOC142974825,PF03022.23
gene-LOC142974826,PF15860.12
gene-LOC142974831,PF03022.23
gene-LOC142974832,PF15882.11
gene-LOC142974833,PF00005.34;PF12698.14;PF13304.13;PF23321.2;PF26955.1
gene-LOC142974834,PF00005.34;PF02463.26;PF12698.14;PF13304.13;PF23321.2;PF26955.1
gene-LOC142974837,PF00400.39;PF08625.17;PF12894.14;PF20426.5;PF23098.2;PF23342.2;PF23381.2;PF23383.2;PF23393.3;PF23409.2;PF23410.5;PF23411.2;PF23414.2;PF23609.2;PF23754.2;PF23761.2;PF23775.2;PF23798.2;PF23869.2;PF24017.3;PF24105.2;PF24780.2;PF24782.3;PF24796.2;PF24805.2;PF24807.2;PF24814.2;PF24817.2;PF25047.1;PF25048.2;PF25168.2;PF25171.2;PF25172.2;PF25173.2;PF25174.2;PF25175.2;PF25178.1;PF25391.2;PF25460.2
gene-LOC142974838,PF00561.27;PF04083.23;PF12146.16
gene-LOC142974839,PF02931.29;PF02932.22
gene-LOC142974842,PF00595.30;PF13180.13;PF17820.8
gene-LOC142974843,PF09807.16
gene-LOC142974845,PF08234.18
gene-LOC142974849,PF00209.25
gene-LOC142974850,PF00209.25
gene-LOC142974851,PF00209.25
gene-LOC142974852,PF00209.25
gene-LOC142974853,PF00209.25
gene-LOC142974854,PF00085.27;PF13848.13
gene-LOC142974856,PF00595.30;PF17820.8
gene-LOC142974859,PF03194.21
gene-LOC142974860,PF00400.39;PF23098.2;PF23381.2;PF23393.3;PF23414.2;PF23419.3;PF23609.2;PF23775.2;PF24807.2;PF24814.2;PF25173.2;PF25174.2
gene-LOC142974862,PF00732.26;PF05199.20
gene-LOC142974863,PF05060.21
gene-LOC142974864,PF02145.22
gene-LOC142974866,PF00213.24
gene-LOC142974867,PF00732.26;PF05199.20
gene-LOC142974871,PF00069.32;PF00211.26;PF01094.35;PF07714.24
gene-LOC142974872,PF01204.25;PF22422.3
gene-LOC142974876,PF00083.31;PF07690.22
gene-LOC142974877,PF00083.31;PF07690.22
gene-LOC142974878,PF00493.30;PF01078.28;PF07728.21;PF17207.10;PF17855.8;PF25051.2;PF26065.1
gene-LOC142974880,PF00122.26;PF00689.27;PF00690.32;PF00702.33;PF08282.19;PF13246.13
gene-LOC142974882,PF00248.28
gene-LOC142974883,PF00732.26;PF05199.20
gene-LOC142974884,PF08395.18
gene-LOC142974885,PF00939.26;PF03600.23
gene-LOC142974886,PF03600.23
gene-LOC142974887,PF00209.25
gene-LOC142974888,PF00246.30
gene-LOC142974889,PF09412.16
gene-LOC142974890,PF00246.30
gene-LOC142974891,PF00400.39;PF23381.2;PF23414.2;PF23419.3;PF23609.2;PF23775.2;PF24807.2;PF24814.2;PF25173.2;PF25174.2;PF25175.2
gene-LOC142974893,PF00014.29
gene-LOC142974894,PF10252.15
gene-LOC142974895,PF01607.30;PF28346.1
gene-LOC142974898,PF08246.18
gene-LOC142974899,PF16013.11
gene-LOC142974900,PF00501.35;PF13193.13
gene-LOC142974902,PF00078.33;PF28514.1
gene-LOC142974903,PF00078.33;PF28514.1
gene-LOC142974905,PF00852.27
gene-LOC142974907,PF00852.27;PF17039.11
gene-LOC142974911,PF00096.33;PF13465.13;PF13894.13;PF13909.13;PF23225.2;PF23611.2
gene-LOC142974914,PF04488.22;PF04572.18
gene-LOC142974915,PF00067.28
gene-LOC142974917,PF00067.28
gene-LOC142974928,PF13634.12;PF16755.12
gene-LOC142974930,PF09412.16
gene-LOC142974931,PF04969.23;PF14050.12
gene-LOC142974932,PF00096.33;PF13465.13;PF13894.13;PF13912.13
gene-LOC142974933,PF00560.40;PF12799.14;PF13306.13;PF13516.13;PF13855.13;PF14580.13;PF23598.2;PF24048.2
gene-LOC142974935,PF00041.28;PF00047.32;PF07679.23;PF07686.24;PF08205.19;PF13895.13;PF13927.13;PF16656.12;PF22705.3;PF22854.3;PF22971.3;PF25059.2;PF25305.2;PF25788.3;PF26428.1
gene-LOC142974946,PF03098.21
gene-LOC142974951,PF00916.27;PF01740.27
gene-LOC142974952,PF00732.26;PF01266.31;PF05199.20;PF07992.21
gene-LOC142974955,PF00732.26;PF05199.20
gene-LOC142974956,PF00916.27
gene-LOC142974958,PF08246.18
gene-LOC142974959,PF08246.18
gene-LOC142974963,PF06886.17;PF12214.14
gene-LOC142974964,PF01423.29
gene-LOC142974966,PF01007.27;PF17655.8
gene-LOC142974967,PF01007.27;PF17655.8
gene-LOC142974971,PF13091.13
gene-LOC142974972,PF03190.22;PF13899.13
gene-LOC142974973,PF01007.27;PF17655.8
gene-LOC142974976,PF01112.24
gene-LOC142974977,PF00560.40;PF12799.14;PF13855.13;PF14580.13;PF23598.2;PF27089.1
gene-LOC142974980,PF22628.3
gene-LOC142974981,PF00096.33;PF07776.22;PF13465.13;PF13894.13;PF23561.2
gene-LOC142974983,PF00096.33;PF07776.22;PF13465.13;PF13894.13;PF13909.13
gene-LOC142974984,PF00732.26;PF05199.20
gene-LOC142974993,PF04803.18
gene-LOC142975000,PF15888.11
gene-LOC142975001,PF09783.15
gene-LOC142975002,PF02140.24
gene-LOC142975003,PF00083.31;PF07690.22
gene-LOC142975004,PF00560.40;PF12799.14;PF13516.13;PF13855.13;PF14580.13;PF23598.2
gene-LOC142975005,PF00251.27;PF08244.20
gene-LOC142975006,PF01284.29;PF24985.2
gene-LOC142975007,PF00732.26;PF05199.20
gene-LOC142975008,PF00732.26;PF05199.20
gene-LOC142975010,PF06702.19
gene-LOC142975011,PF00096.33;PF12171.15;PF12833.14;PF12874.14;PF13465.13;PF13894.13;PF23118.3;PF23561.2;PF24100.2
gene-LOC142975012,PF00732.26;PF00890.31;PF05199.20
gene-LOC142975013,PF03194.21
gene-LOC142975015,PF13895.13
gene-LOC142975016,PF00106.32;PF08659.17;PF13561.13;PF23441.1
gene-LOC142975017,PF00089.33
gene-LOC142975023,PF00852.27;PF17039.11
gene-LOC142975024,PF00852.27;PF17039.11
gene-LOC142975025,PF00852.27;PF17039.11
gene-LOC142975028,PF00153.33
gene-LOC142975029,PF06079.18
gene-LOC142975030,PF16027.11
gene-LOC142975035,PF00107.33;PF13602.13;PF16884.11
gene-LOC142975040,PF00107.33;PF13602.13;PF16884.11
gene-LOC142975044,PF13903.12
gene-LOC142975045,PF07539.19;PF20416.5;PF23099.2
gene-LOC142975047,PF00505.26;PF09011.17;PF24245.2
gene-LOC142975049,PF00732.26;PF05199.20
gene-LOC142975051,PF03133.21;PF14397.12;PF14398.12
gene-LOC142975053,PF00059.28
gene-LOC142975056,PF00089.33
gene-LOC142975058,PF00067.28
gene-LOC142975060,PF00025.28;PF00071.29;PF08477.20
gene-LOC142975065,PF00328.28
gene-LOC142975067,PF00232.25
gene-LOC142975072,PF01284.29;PF24985.2
gene-LOC142975075,PF00067.28
gene-LOC142975077,PF00704.35;PF01607.30
gene-LOC142975083,PF16027.11
gene-LOC142975089,PF00076.29
gene-LOC142975090,PF01926.30;PF02421.25;PF02824.28;PF16897.11
gene-LOC142975096,PF01398.27
gene-LOC142975097,PF00560.40;PF12799.14;PF13306.13;PF13855.13
gene-LOC142975098,PF00441.30;PF02770.25;PF02771.22;PF08028.17
gene-LOC142975101,PF28344.1
gene-LOC142975102,PF02985.29;PF28344.1
gene-LOC142975107,PF04906.19
gene-LOC142975110,PF00431.27
gene-LOC142975111,PF00151.26
gene-LOC142975112,PF00057.24;PF00089.33;PF09342.17
gene-LOC142975113,PF00728.29;PF16126.12
gene-LOC142975114,PF07690.22
gene-LOC142975115,PF07690.22;PF12832.14
gene-LOC142975116,PF00096.33;PF07776.22;PF12171.15;PF13465.13;PF13894.13
gene-LOC142975118,PF04488.22;PF04572.18
gene-LOC142975119,PF04488.22;PF04572.18
gene-LOC142975120,PF22930.2;PF22937.2
gene-LOC142975121,PF04488.22;PF04572.18
gene-LOC142975122,PF04488.22;PF04572.18
gene-LOC142975123,PF01712.26
gene-LOC142975126,PF00067.28
gene-LOC142975128,PF08205.19;PF13895.13;PF13927.13
gene-LOC142975130,PF00067.28
gene-LOC142975131,PF00089.33
gene-LOC142975132,PF00916.27;PF01740.27
gene-LOC142975136,PF02944.26;PF10545.16
gene-LOC142975137,PF27949.1
gene-LOC142975138,PF00860.27
gene-LOC142975141,PF00083.31;PF07690.22;PF12832.14
gene-LOC142975142,PF00067.28
gene-LOC142975143,PF00067.28
gene-LOC142975144,PF00067.28
gene-LOC142975145,PF00067.28
gene-LOC142975146,PF00067.28
gene-LOC142975147,PF00067.28
gene-LOC142975148,PF00067.28
gene-LOC142975149,PF00067.28
gene-LOC142975150,PF00067.28
gene-LOC142975153,PF00106.32;PF13561.13
gene-LOC142975154,PF00106.32;PF08659.17;PF13561.13
gene-LOC142975155,PF00106.32;PF08659.17;PF13561.13
gene-LOC142975156,PF00106.32;PF08659.17;PF13561.13
gene-LOC142975157,PF00916.27;PF01740.27
gene-LOC142975158,PF05478.17
gene-LOC142975159,PF00135.35;PF07859.20;PF20434.6
gene-LOC142975160,PF05903.21
gene-LOC142975161,PF00916.27;PF01740.27
gene-LOC142975163,PF00160.27
gene-LOC142975164,PF00400.39;PF21032.3;PF21034.4;PF23381.2;PF23414.2;PF24814.2;PF24817.2;PF25173.2;PF25174.2;PF25175.2
gene-LOC142975165,PF01306.26;PF03825.23;PF07690.22;PF12832.14
gene-LOC142975166,PF28348.1
gene-LOC142975173,PF00334.25;PF25364.1
gene-LOC142975195,PF00005.34;PF01061.30;PF13304.13
gene-LOC142975196,PF00005.34;PF01061.30;PF13304.13;PF19055.7
gene-LOC142975204,PF00076.29
gene-LOC142975207,PF00089.33;PF13365.13
gene-LOC142975209,PF00005.34;PF01061.30;PF19055.7
gene-LOC142975210,PF04750.20
gene-LOC142975214,PF01433.27;PF11838.15;PF17900.7
gene-LOC142975215,PF02949.26
gene-LOC142975216,PF00233.26;PF01590.33;PF13185.13
gene-LOC142975218,PF00627.38;PF00789.27;PF22562.3
gene-LOC142975222,PF10551.16
gene-LOC142975223,PF00075.31;PF00078.33;PF14529.13;PF16012.11
gene-LOC142975225,PF13516.13;PF27087.1
gene-LOC142975227,PF00067.28
gene-LOC142975228,PF00400.39;PF11715.17;PF23381.2;PF23409.2;PF23414.2;PF24782.3;PF24796.2;PF24805.2;PF24807.2;PF24814.2;PF24817.2;PF25047.1;PF25048.2;PF25168.2;PF25171.2;PF25172.2;PF25173.2;PF25174.2;PF25175.2;PF25391.2
gene-LOC142975230,PF00339.35;PF02752.28
gene-LOC142975232,PF01073.26;PF01370.28;PF03015.25;PF07993.19
gene-LOC142975233,PF00732.26;PF00890.31;PF05199.20
gene-LOC142975234,PF00005.34;PF01061.30;PF02463.26;PF13304.13;PF19055.7
gene-LOC142975235,PF00732.26;PF05199.20
gene-LOC142975236,PF00732.26;PF05199.20
gene-LOC142975238,PF00078.33
gene-LOC142975240,PF01757.29;PF20146.5
gene-LOC142975241,PF01757.29
gene-LOC142975243,PF04201.21
gene-LOC142975244,PF04886.17
gene-LOC142975246,PF00059.28
gene-LOC142975247,PF00487.31
gene-LOC142975251,PF01209.25;PF08241.19;PF08242.19;PF13489.13;PF13649.13;PF13847.13
gene-LOC142975252,PF08336.17;PF13640.13
gene-LOC142975254,PF00651.38;PF01546.34;PF04500.23;PF07687.20
gene-LOC142975256,PF00078.33;PF03564.22;PF05380.19;PF17921.8;PF18701.7
gene-LOC142975257,PF00400.39;PF23381.2;PF23409.2;PF23414.2;PF23869.2;PF24105.2;PF24782.3;PF24796.2;PF24805.2;PF24807.2;PF24814.2;PF24817.2;PF25047.1;PF25171.2;PF25172.2;PF25173.2;PF25174.2;PF25175.2
gene-LOC142975258,PF08205.19
gene-LOC142975259,PF00089.33
gene-LOC142975261,PF00400.39;PF23381.2;PF23409.2;PF23414.2;PF24780.2;PF24796.2;PF24807.2;PF24814.2;PF24817.2;PF25047.1;PF25171.2;PF25172.2;PF25173.2;PF25174.2;PF25175.2
gene-LOC142975262,PF09747.15
gene-LOC142975263,PF08477.20
gene-LOC142975265,PF16009.11
gene-LOC142975267,PF13895.13;PF13927.13
gene-LOC142975269,PF00067.28
gene-LOC142975270,PF24061.2
gene-LOC142975272,PF00089.33;PF13365.13
gene-LOC142975273,PF00060.33;PF06237.19;PF24576.2
gene-LOC142975274,PF00005.34;PF01061.30;PF13304.13
gene-LOC142975276,PF00535.33;PF00652.29;PF02709.21
gene-LOC142975277,PF00628.36;PF01388.28;PF02373.29;PF02375.24;PF02928.22;PF21323.3
gene-LOC142975280,PF02985.29
gene-LOC142975282,PF27776.1
gene-LOC142975288,PF00225.30;PF16796.12
gene-LOC142975290,PF00089.33;PF12032.14
gene-LOC142975291,PF00149.34;PF24384.2;PF24394.2
gene-LOC142975292,PF00005.34;PF01061.30;PF13304.13
gene-LOC142975297,PF05255.17
gene-LOC142975298,PF01723.22
gene-LOC142975299,PF01871.23
gene-LOC142975300,PF07114.17;PF23408.2
gene-LOC142975301,PF00628.36
gene-LOC142975303,PF00004.36;PF05496.19;PF06068.20;PF07724.21;PF07728.21;PF13191.13;PF17862.8;PF20720.4;PF24883.3
gene-LOC142975305,PF00046.36;PF00157.24
gene-LOC142975311,PF02014.24;PF06468.20
gene-LOC142975316,PF14780.12
gene-LOC142975322,PF14687.12;PF14688.12
gene-LOC142975323,PF12309.14
gene-LOC142975324,PF07915.20;PF13015.13
gene-LOC142975326,PF06814.20
gene-LOC142975328,PF00160.27
gene-LOC142975335,PF00307.37;PF00402.24
gene-LOC142975336,PF00307.37;PF00402.24
gene-LOC142975337,PF00005.34;PF00664.29;PF02463.26;PF13555.13;PF24357.2
gene-LOC142975339,PF00005.34;PF01061.30;PF02463.26;PF13304.13;PF19055.7
gene-LOC142975340,PF00487.31
gene-LOC142975342,PF05186.19
gene-LOC142975351,PF00062.26;PF18896.6
gene-LOC142975352,PF00062.26;PF18896.6
gene-LOC142975353,PF00062.26;PF18896.6
gene-LOC142975354,PF00062.26;PF18896.6
gene-LOC142975355,PF00062.26;PF18896.6
gene-LOC142975356,PF00062.26
gene-LOC142975358,PF00595.30;PF02145.22;PF21022.3
gene-LOC142975359,PF00122.26;PF00702.33;PF13246.13;PF16209.11;PF16212.12
gene-LOC142975363,PF00028.24;PF08266.19;PF23592.1;PF25374.1;PF28393.1;PF28399.1
gene-LOC142975365,PF00250.25
gene-LOC142975368,PF00076.29;PF13893.13;PF22976.3
gene-LOC142975369,PF06220.19
gene-LOC142975374,PF09767.15
gene-LOC142975375,PF00400.39;PF12894.14;PF20426.5;PF23342.2;PF23381.2;PF23383.2;PF23389.2;PF23393.3;PF23409.2;PF23414.2;PF23609.2;PF23627.2;PF23775.2;PF23869.2;PF24105.2;PF24780.2;PF24782.3;PF24796.2;PF24797.2;PF24805.2;PF24807.2;PF24814.2;PF24817.2;PF25047.1;PF25168.2;PF25171.2;PF25172.2;PF25173.2;PF25174.2;PF25175.2;PF25178.1;PF25391.2;PF25460.2
gene-LOC142975377,PF00400.39;PF04158.20;PF12894.14;PF23381.2;PF23383.2;PF23393.3;PF23409.2;PF23414.2;PF23609.2;PF23775.2;PF23869.2;PF24105.2;PF24782.3;PF24796.2;PF24805.2;PF24807.2;PF24814.2;PF24817.2;PF25047.1;PF25168.2;PF25171.2;PF25172.2;PF25173.2;PF25174.2;PF25175.2;PF25391.2;PF25460.2
gene-LOC142975378,PF01344.32;PF07646.22;PF13415.13;PF13854.13;PF13964.13;PF24681.2;PF24981.2;PF24996.1;PF25210.2;PF25852.1
gene-LOC142975380,PF00178.30
gene-LOC142975383,PF02931.29
gene-LOC142975386,PF27645.1
gene-LOC142975387,PF00057.24;PF07502.21
gene-LOC142975390,PF05361.18
gene-LOC142975391,PF00431.27
gene-LOC142975393,PF01209.25;PF08241.19;PF08242.19;PF13489.13;PF13649.13;PF13847.13
gene-LOC142975395,PF00096.33;PF13465.13;PF13894.13
gene-LOC142975397,PF00151.26
gene-LOC142975399,PF01966.29;PF13023.13
gene-LOC142975402,PF00337.30
gene-LOC142975404,PF00106.32;PF08659.17;PF13561.13
gene-LOC142975405,PF04734.19;PF17048.12
gene-LOC142975406,PF00487.31
gene-LOC142975407,PF00487.31
gene-LOC142975409,PF04419.20
gene-LOC142975410,PF01073.26;PF01370.28;PF02719.22;PF03015.25;PF07993.19
gene-LOC142975413,PF00487.31
gene-LOC142975414,PF00487.31
gene-LOC142975415,PF00339.35;PF02752.28
gene-LOC142975416,PF00339.35;PF02752.28
gene-LOC142975417,PF00339.35;PF02752.28;PF08737.16
gene-LOC142975418,PF00557.30
gene-LOC142975419,PF00201.25;PF04101.23;PF06722.19
gene-LOC142975421,PF00089.33
gene-LOC142975422,PF00651.38;PF04500.23
gene-LOC142975423,PF03343.19;PF19252.5
gene-LOC142975424,PF00630.26;PF00632.31;PF25916.1
gene-LOC142975425,PF00078.33;PF05380.19;PF17921.8;PF18701.7
gene-LOC142975426,PF00096.33;PF12171.15;PF12874.14;PF13465.13;PF13894.13;PF13912.13;PF21549.3;PF22995.3
gene-LOC142975427,PF01839.30;PF13517.13;PF14312.13
gene-LOC142975428,PF00089.33
gene-LOC142975429,PF00651.38;PF04500.23
gene-LOC142975430,PF10192.16
gene-LOC142975433,PF00089.33
gene-LOC142975435,PF00515.35;PF07719.24;PF13181.13;PF13371.13;PF13414.13;PF13431.13;PF17830.7;PF18253.7;PF25575.1
gene-LOC142975436,PF00047.32;PF07679.23;PF07686.24;PF13895.13;PF13927.13;PF22854.3
gene-LOC142975437,PF00651.38;PF04500.23
gene-LOC142975438,PF07776.22
gene-LOC142975439,PF00083.31;PF07690.22
gene-LOC142975441,PF00096.33;PF07776.22;PF12171.15;PF13465.13;PF13894.13
gene-LOC142975444,PF01448.30;PF19426.5
gene-LOC142975448,PF05916.17;PF24997.2
gene-LOC142975449,PF02014.24;PF06468.20
gene-LOC142975452,PF00151.26
gene-LOC142975462,PF01490.25
gene-LOC142975463,PF10274.16
gene-LOC142975464,PF01073.26;PF01370.28;PF03015.25;PF07993.19
gene-LOC142975467,PF04488.22;PF04572.18
gene-LOC142975468,PF10223.16
gene-LOC142975470,PF01839.30;PF14312.13
gene-LOC142975474,PF01066.27
gene-LOC142975477,PF02733.23;PF02734.23
gene-LOC142975481,PF21772.3
gene-LOC142975482,PF00050.27;PF07648.21
gene-LOC142975488,PF00089.33
gene-LOC142975490,PF00487.31
gene-LOC142975493,PF01839.30;PF14312.13
gene-LOC142975494,PF02949.26
gene-LOC142975497,PF00128.32
gene-LOC142975499,PF10277.16
gene-LOC142975500,PF00024.33
gene-LOC142975505,PF00089.33
gene-LOC142975507,PF13920.13
gene-LOC142975509,PF00804.32;PF05739.26
gene-LOC142975515,PF00085.27;PF00226.37
gene-LOC142975516,PF08190.18;PF18201.8
gene-LOC142975518,PF01569.28
gene-LOC142975519,PF00708.25
gene-LOC142975521,PF16009.11
gene-LOC142975522,PF00560.40;PF12799.14;PF13855.13;PF14580.13;PF23211.1;PF23598.2;PF25019.1
gene-LOC142975527,PF00001.27
gene-LOC142975533,PF01757.29;PF20146.5
gene-LOC142975534,PF01757.29;PF20146.5
gene-LOC142975535,PF01757.29;PF20146.5
gene-LOC142975537,PF03171.27;PF08336.17;PF13640.13;PF23558.2
gene-LOC142975538,PF03798.22
gene-LOC142975539,PF00076.29
gene-LOC142975540,PF16009.11
gene-LOC142975541,PF01073.26;PF01370.28;PF02719.22;PF03015.25;PF07993.19
gene-LOC142975542,PF00151.26;PF00561.27
gene-LOC142975545,PF13086.13;PF13087.13;PF13245.13;PF13604.13;PF21634.4
gene-LOC142975546,PF01582.26;PF12799.14;PF13676.12;PF13855.13
gene-LOC142975547,PF00106.32;PF08659.17;PF13561.13;PF23441.1
gene-LOC142975548,PF00554.28;PF16179.12
gene-LOC142975549,PF00554.28
gene-LOC142975550,PF00341.23
gene-LOC142975552,PF00047.32;PF07679.23;PF07686.24;PF13895.13;PF13927.13;PF22854.3;PF22971.3
gene-LOC142975557,PF00533.34;PF16589.13
gene-LOC142975560,PF00151.26
gene-LOC142975563,PF00047.32;PF07679.23;PF07686.24;PF13895.13;PF13927.13;PF22854.3;PF22971.3
gene-LOC142975564,PF01209.25;PF08241.19;PF08242.19;PF13489.13;PF13649.13;PF13847.13
gene-LOC142975566,PF00096.33;PF07776.22;PF12171.15;PF12874.14;PF13465.13;PF13894.13;PF13912.13;PF23225.2
gene-LOC142975567,PF07686.24;PF13895.13;PF13927.13
gene-LOC142975568,PF00046.36
gene-LOC142975570,PF03006.27
gene-LOC142975571,PF00089.33
gene-LOC142975573,PF01053.27
gene-LOC142975574,PF00076.29;PF13893.13;PF16842.12;PF22976.3
gene-LOC142975575,PF01073.26;PF01370.28;PF02719.22;PF03015.25;PF07993.19
gene-LOC142975576,PF16009.11
gene-LOC142975581,PF00209.25
gene-LOC142975582,PF00151.26
gene-LOC142975583,PF00153.33
gene-LOC142975584,PF00096.33;PF13894.13;PF21549.3
gene-LOC142975585,PF00089.33
gene-LOC142975586,PF00076.29
gene-LOC142975587,PF00379.30
gene-LOC142975593,PF00588.25
gene-LOC142975594,PF16009.11
gene-LOC142975596,PF00151.26
gene-LOC142975599,PF06585.18
gene-LOC142975600,PF00083.31;PF07690.22
gene-LOC142975601,PF13378.13
gene-LOC142975602,PF00007.28
gene-LOC142975603,PF00487.31
gene-LOC142975604,PF00005.34;PF01061.30;PF02463.26;PF13304.13;PF19055.7
gene-LOC142975605,PF00047.32;PF00560.40;PF07679.23;PF12799.14;PF13306.13;PF13855.13;PF13895.13;PF13927.13
gene-LOC142975609,PF00076.29;PF16367.12;PF22976.3;PF25701.1
gene-LOC142975613,PF00106.32;PF08659.17;PF13561.13;PF23441.1
gene-LOC142975614,PF00106.32;PF08659.17;PF13561.13;PF23441.1
gene-LOC142975616,PF06702.19
gene-LOC142975617,PF03045.21
gene-LOC142975618,PF08336.17;PF13640.13
gene-LOC142975619,PF08336.17;PF13640.13
gene-LOC142975620,PF08336.17;PF13640.13;PF23558.2
gene-LOC142975622,PF13927.13
gene-LOC142975623,PF00047.32;PF00560.40;PF07679.23;PF12799.14;PF13306.13;PF13855.13;PF13895.13;PF13927.13
gene-LOC142975624,PF06094.18;PF13772.12
gene-LOC142975627,PF00335.27
gene-LOC142975629,PF00062.26
gene-LOC142975630,PF00096.33;PF07776.22;PF12171.15;PF13465.13;PF13894.13;PF13912.13
gene-LOC142975631,PF01852.26
gene-LOC142975632,PF01757.29;PF20146.5
gene-LOC142975634,PF00151.26
gene-LOC142975635,PF06094.18;PF13772.12
gene-LOC142975636,PF00096.33;PF07776.22;PF13465.13;PF13894.13;PF13912.13
gene-LOC142975641,PF00005.34;PF00664.29;PF02463.26;PF13304.13;PF13555.13
gene-LOC142975644,PF12717.14;PF26777.1;PF26779.1
gene-LOC142975650,PF00097.32;PF00498.32;PF12678.14;PF13445.13;PF13639.13;PF13920.13;PF13923.13
gene-LOC142975653,PF05602.18
gene-LOC142975659,PF02174.24
gene-LOC142975662,PF00151.26
gene-LOC142975663,PF13873.13
gene-LOC142975664,PF01909.30;PF10391.16;PF14520.13;PF14716.14;PF14791.12;PF14792.13
gene-LOC142975665,PF00352.28
gene-LOC142975666,PF07686.24;PF13927.13
gene-LOC142975667,PF16009.11
gene-LOC142975669,PF16009.11
gene-LOC142975670,PF16009.11
gene-LOC142975671,PF16009.11
gene-LOC142975672,PF16009.11
gene-LOC142975673,PF16009.11
gene-LOC142975676,PF15377.12
gene-LOC142975678,PF00038.27;PF00932.26
gene-LOC142975679,PF15868.11
gene-LOC142975682,PF00062.26
gene-LOC142975685,PF00536.38;PF02820.25
gene-LOC142975686,PF00999.27
gene-LOC142975689,PF00106.32;PF08659.17;PF13561.13;PF23441.1
gene-LOC142975690,PF00732.26;PF01266.31;PF05199.20
gene-LOC142975695,PF01209.25;PF08241.19;PF08242.19;PF13489.13;PF13649.13;PF13847.13
gene-LOC142975697,PF02969.24
gene-LOC142975698,PF00047.32;PF07679.23;PF07686.24;PF13895.13;PF13927.13;PF22854.3
gene-LOC142975699,PF00083.31;PF07690.22
gene-LOC142975700,PF00132.31
gene-LOC142975701,PF15348.12
gene-LOC142975704,PF00732.26;PF05199.20
gene-LOC142975705,PF00047.32;PF07686.24;PF13895.13;PF13927.13
gene-LOC142975714,PF00089.33
gene-LOC142975715,PF04750.20
gene-LOC142975717,PF00632.31
gene-LOC142975718,PF00554.28;PF16179.12
gene-LOC142975719,PF00554.28;PF16179.12
gene-LOC142975720,PF00732.26;PF05199.20
gene-LOC142975721,PF00056.30;PF02866.24
gene-LOC142975724,PF01048.27
gene-LOC142975729,PF00069.32;PF03109.23;PF06293.21;PF07714.24
gene-LOC142975734,PF00560.40;PF12799.14;PF13306.13;PF13855.13;PF14580.13
gene-LOC142975738,PF00151.26;PF00561.27
gene-LOC142975741,PF00096.33;PF07776.22;PF12171.15;PF13465.13;PF13894.13;PF13912.13;PF23107.2
gene-LOC142975743,PF00005.34;PF00664.29;PF02463.26;PF24357.2
gene-LOC142975744,PF00005.34;PF00664.29;PF02463.26;PF13555.13;PF24357.2
gene-LOC142975745,PF00057.24;PF01392.29
gene-LOC142975746,PF00005.34;PF00664.29;PF02463.26;PF13555.13;PF24357.2
gene-LOC142975747,PF00135.35;PF07859.20;PF20434.6
gene-LOC142975748,PF27940.1
gene-LOC142975751,PF00334.25;PF05186.19
gene-LOC142975752,PF00171.28
gene-LOC142975753,PF00171.28
gene-LOC142975754,PF00151.26
gene-LOC142975755,PF02207.26
gene-LOC142975756,PF02338.26;PF10275.16
gene-LOC142975760,PF00595.30;PF13180.13;PF17820.8
gene-LOC142975763,PF06910.17
gene-LOC142975764,PF04825.19
gene-LOC142975767,PF04685.20;PF12215.15
gene-LOC142975768,PF00083.31;PF07690.22
gene-LOC142975769,PF00450.29
gene-LOC142975771,PF00083.31;PF07690.22
gene-LOC142975772,PF00083.31;PF07690.22
gene-LOC142975774,PF00450.29
gene-LOC142975775,PF01546.34;PF04389.23;PF07687.20
gene-LOC142975776,PF00096.33;PF07776.22;PF12171.15;PF13465.13;PF13894.13;PF13912.13;PF22995.3;PF23561.2
gene-LOC142975777,PF07686.24;PF13895.13;PF13927.13
gene-LOC142975782,PF00487.31
gene-LOC142975783,PF00078.33;PF26215.1;PF28514.1
gene-LOC142975785,PF00078.33;PF26215.1;PF28514.1
gene-LOC142975795,PF04055.28;PF06463.19
gene-LOC142975797,PF01967.28
gene-LOC142975799,PF05283.17
gene-LOC142975800,PF00855.24
gene-LOC142975804,PF00083.31;PF07690.22
gene-LOC142975808,PF00135.35;PF07859.20;PF20434.6
gene-LOC142975809,PF00135.35;PF07859.20;PF20434.6
gene-LOC142975811,PF06027.19
gene-LOC142975813,PF06027.19
gene-LOC142975815,PF00083.31;PF07690.22
gene-LOC142975824,PF00929.32;PF16473.12
gene-LOC142975826,PF00083.31;PF07690.22
gene-LOC142975827,PF01435.25;PF16491.11
gene-LOC142975834,PF02893.27;PF16016.12
gene-LOC142975840,PF08433.17;PF13671.13;PF28512.1
gene-LOC142975841,PF00240.30;PF16455.11
gene-LOC142975842,PF07690.22
gene-LOC142975845,PF00135.35;PF07859.20;PF20434.6
gene-LOC142975846,PF00135.35;PF07859.20;PF20434.6
gene-LOC142975852,PF12624.15;PF25033.2;PF25036.3;PF25037.2
gene-LOC142975854,PF04502.19
gene-LOC142975855,PF00250.25
gene-LOC142975858,PF20517.4
gene-LOC142975859,PF17169.10
gene-LOC142975861,PF23557.2
gene-LOC142975862,PF00397.33
gene-LOC142975866,PF00498.32
gene-LOC142975867,PF15996.11
gene-LOC142975868,PF00009.34;PF04950.19;PF08142.19;PF22298.3
gene-LOC142975871,PF00069.32;PF07714.24
gene-LOC142975877,PF21125.4
gene-LOC142975878,PF00096.33;PF05605.19;PF13465.13;PF13894.13
gene-LOC142975880,PF00060.33;PF10613.15
gene-LOC142975881,PF05746.22
gene-LOC142975882,PF04831.19
gene-LOC142975884,PF00010.32
gene-LOC142975886,PF00520.38;PF07885.23
gene-LOC142975891,PF00106.32;PF08643.17;PF13561.13
gene-LOC142975892,PF00108.30;PF02803.25;PF05768.21
gene-LOC142975894,PF07985.19
gene-LOC142975898,PF00560.40;PF01582.26;PF12799.14;PF13306.13;PF13676.12;PF13855.13;PF14580.13;PF23598.2
gene-LOC142975899,PF09420.16
gene-LOC142975900,PF20654.4
gene-LOC142975903,PF13920.13
gene-LOC142975906,PF14913.12
gene-LOC142975908,PF06585.18
gene-LOC142975911,PF05180.18
gene-LOC142975912,PF02353.27;PF06325.20;PF08241.19;PF08242.19;PF13489.13;PF13649.13;PF13847.13
gene-LOC142975916,PF09789.15
gene-LOC142975920,PF00883.27;PF02789.24
gene-LOC142975921,PF13532.13
gene-LOC142975922,PF00036.39;PF08976.18;PF10591.16;PF12763.14;PF13202.13;PF13405.13;PF13499.13;PF13833.13;PF14658.13;PF21008.4;PF23564.2;PF24548.2
gene-LOC142975923,PF00651.38;PF01344.32;PF07646.22;PF07707.22;PF13415.13;PF13964.13;PF21536.5;PF24681.2;PF24981.2;PF24996.1;PF25210.2
gene-LOC142975924,PF00108.30;PF02803.25
gene-LOC142975928,PF06818.21
gene-LOC142975930,PF01127.28
gene-LOC142975933,PF00708.25
gene-LOC142975934,PF00255.26;PF00578.28
gene-LOC142975935,PF00050.27;PF07648.21
gene-LOC142975936,PF15323.12
gene-LOC142975937,PF00732.26;PF01266.31;PF05199.20
gene-LOC142975938,PF01351.26
gene-LOC142975939,PF00001.27
gene-LOC142975940,PF16042.11
gene-LOC142975941,PF00560.40;PF12799.14;PF13306.13;PF13855.13;PF14580.13;PF23598.2
gene-LOC142975945,PF00560.40;PF01582.26;PF12799.14;PF13306.13;PF13676.12;PF13855.13;PF14580.13;PF23211.1;PF23598.2;PF24048.2
gene-LOC142975947,PF06585.18
gene-LOC142975948,PF00090.26;PF06468.20;PF19028.7
gene-LOC142975951,PF06585.18
gene-LOC142975952,PF06585.18
gene-LOC142975954,PF00027.36
gene-LOC142975956,PF00732.26;PF05199.20
gene-LOC142975957,PF00096.33;PF13465.13;PF13894.13;PF13912.13
gene-LOC142975958,PF16042.11
gene-LOC142975959,PF06585.18
gene-LOC142975960,PF06585.18
gene-LOC142975961,PF00199.25;PF06628.18
gene-LOC142975962,PF00199.25
gene-LOC142975963,PF00083.31;PF07690.22
gene-LOC142975964,PF00083.31;PF07690.22
gene-LOC142975965,PF00083.31;PF07690.22
gene-LOC142975966,PF01553.27;PF16076.11
gene-LOC142975967,PF08450.19
gene-LOC142975968,PF00083.31;PF07690.22;PF12832.14
gene-LOC142975969,PF02225.28
gene-LOC142975971,PF21534.2
gene-LOC142975975,PF00233.26;PF01590.33;PF13185.13
gene-LOC142975976,PF06585.18
gene-LOC142975980,PF16009.11
gene-LOC142975982,PF02353.27;PF05401.17;PF06325.20;PF08241.19;PF08242.19;PF13489.13;PF13649.13;PF13847.13
gene-LOC142975984,PF01161.26
gene-LOC142975985,PF05346.17
gene-LOC142975986,PF00560.40;PF12799.14;PF13306.13;PF13855.13;PF14580.13;PF23598.2
gene-LOC142975987,PF00560.40;PF12799.14;PF13306.13;PF13644.12;PF13676.12;PF13855.13;PF14580.13;PF23598.2
gene-LOC142975994,PF04101.23
gene-LOC142975995,PF00083.31;PF07690.22
gene-LOC142975996,PF21534.2
gene-LOC142975997,PF06585.18
gene-LOC142975998,PF06585.18
gene-LOC142975999,PF00199.25;PF06628.18
gene-LOC142976001,PF00089.33
gene-LOC142976005,PF21534.2
gene-LOC142976006,PF00135.35;PF07859.20;PF20434.6
gene-LOC142976009,PF00400.39;PF23381.2;PF23393.3;PF23409.2;PF23410.5;PF23414.2;PF24796.2;PF24807.2;PF24814.2;PF24817.2;PF25047.1;PF25171.2;PF25172.2;PF25173.2;PF25174.2;PF25175.2
gene-LOC142976012,PF11018.14
gene-LOC142976014,PF00096.33;PF13465.13;PF13894.13
gene-LOC142976017,PF26080.1
gene-LOC142976020,PF21534.2
gene-LOC142976022,PF08395.18
gene-LOC142976024,PF23672.2
gene-LOC142976026,PF10230.16
gene-LOC142976027,PF06585.18
gene-LOC142976028,PF06585.18
gene-LOC142976029,PF00151.26
gene-LOC142976030,PF02493.27
gene-LOC142976031,PF00079.26
gene-LOC142976034,PF02628.21
gene-LOC142976035,PF00326.28;PF00561.27;PF12146.16;PF12697.14
gene-LOC142976036,PF00083.31;PF07690.22
gene-LOC142976039,PF00096.33;PF13894.13;PF23225.2
gene-LOC142976042,PF00083.31;PF07690.22
gene-LOC142976043,PF00083.31;PF07690.22
gene-LOC142976044,PF00083.31;PF07690.22
gene-LOC142976045,PF00400.39;PF12937.13;PF23381.2;PF24807.2;PF24814.2;PF24817.2;PF25047.1;PF25048.2;PF25171.2;PF25172.2;PF25173.2;PF25174.2;PF25175.2
gene-LOC142976046,PF00083.31;PF07690.22;PF13347.13
gene-LOC142976047,PF00083.31;PF07690.22
gene-LOC142976049,PF02944.26;PF10545.16
gene-LOC142976050,PF00083.31;PF07690.22
gene-LOC142976051,PF08427.16
gene-LOC142976054,PF13843.13
gene-LOC142976055,PF01451.28
gene-LOC142976057,PF00373.24;PF00397.33;PF00595.30;PF21989.3
gene-LOC142976059,PF28490.1
gene-LOC142976060,PF06585.18
gene-LOC142976061,PF00083.31;PF07690.22
gene-LOC142976062,PF00046.36
gene-LOC142976063,PF06585.18
gene-LOC142976065,PF00083.31;PF07690.22
gene-LOC142976068,PF01451.28
gene-LOC142976071,PF04588.19
gene-LOC142976073,PF07690.22
gene-LOC142976074,PF00533.34;PF01068.27;PF04675.20;PF04679.22;PF09414.16;PF11411.14;PF16589.13
gene-LOC142976076,PF06585.18
gene-LOC142976077,PF13873.13
gene-LOC142976078,PF10203.15
gene-LOC142976080,PF06585.18
gene-LOC142976081,PF00167.25
gene-LOC142976082,PF00515.35;PF07719.24;PF13174.13;PF13424.13;PF13428.13;PF13431.13;PF14559.13
gene-LOC142976084,PF00199.25;PF06628.18
gene-LOC142976085,PF10146.15
gene-LOC142976086,PF06585.18
gene-LOC142976087,PF00836.25
gene-LOC142976095,PF00135.35;PF07859.20;PF20434.6
gene-LOC142976097,PF06585.18
gene-LOC142976100,PF06585.18
gene-LOC142976101,PF00060.33;PF00497.26;PF01094.35;PF10613.15
gene-LOC142976105,PF06585.18
gene-LOC142976107,PF00245.26
gene-LOC142976108,PF06585.18
gene-LOC142976111,PF00083.31;PF07690.22
gene-LOC142976116,PF06585.18
gene-LOC142976117,PF00106.32;PF08659.17;PF13561.13;PF23441.1
gene-LOC142976119,PF00398.27;PF08241.19;PF13649.13
gene-LOC142976121,PF00091.32;PF03953.23
gene-LOC142976124,PF00083.31;PF07690.22
gene-LOC142976128,PF00134.29;PF21797.3
gene-LOC142976129,PF00046.36;PF05920.18;PF16878.11
gene-LOC142976134,PF00225.30;PF16796.12
gene-LOC142976135,PF00335.27
gene-LOC142976136,PF06585.18
gene-LOC142976141,PF00083.31;PF07690.22
gene-LOC142976143,PF00060.33;PF00497.26;PF10613.15
gene-LOC142976146,PF06585.18
gene-LOC142976148,PF00106.32;PF08659.17;PF13561.13;PF23441.1
gene-LOC142976149,PF03134.25
gene-LOC142976150,PF00097.32;PF13923.13;PF26084.1
gene-LOC142976151,PF12333.15
gene-LOC142976153,PF00596.28
gene-LOC142976155,PF00060.33;PF00497.26;PF01094.35;PF10613.15
gene-LOC142976156,PF00060.33;PF00497.26;PF01094.35;PF10613.15
gene-LOC142976158,PF00060.33;PF00497.26;PF01094.35;PF10613.15
gene-LOC142976159,PF00060.33;PF00497.26;PF01094.35;PF10613.15
gene-LOC142976160,PF05485.18;PF12017.14
gene-LOC142976161,PF00702.33;PF13242.13;PF13344.13
gene-LOC142976164,PF22651.2
gene-LOC142976166,PF00595.30;PF13180.13;PF17820.8
gene-LOC142976169,PF00026.29
gene-LOC142976171,PF00083.31;PF07690.22
gene-LOC142976173,PF00412.29
gene-LOC142976177,PF05071.22
gene-LOC142976179,PF06585.18
gene-LOC142976181,PF00067.28
gene-LOC142976184,PF06585.18
gene-LOC142976186,PF06585.18
gene-LOC142976188,PF00372.25;PF03722.20;PF03723.21
gene-LOC142976189,PF00199.25;PF06628.18
gene-LOC142976190,PF00090.26;PF02210.32
gene-LOC142976191,PF03227.23
gene-LOC142976192,PF00372.25;PF03722.20;PF03723.21
gene-LOC142976193,PF00083.31;PF07690.22
gene-LOC142976195,PF01408.29;PF02894.23;PF22725.2
gene-LOC142976198,PF02353.27;PF05175.21;PF06325.20;PF08241.19;PF08242.19;PF13489.13;PF13649.13;PF13847.13
gene-LOC142976199,PF00561.27;PF12146.16;PF12697.14
gene-LOC142976200,PF00106.32;PF08659.17;PF13561.13;PF23441.1
gene-LOC142976201,PF00199.25;PF06628.18
gene-LOC142976202,PF01546.34;PF04389.23;PF07687.20
gene-LOC142976204,PF06743.21;PF08368.18;PF08373.17
gene-LOC142976205,PF00199.25;PF06628.18
gene-LOC142976206,PF01315.28;PF02738.24;PF03450.23;PF20256.4
gene-LOC142976207,PF00560.40;PF12799.14;PF13306.13;PF13855.13
gene-LOC142976210,PF00614.29;PF13091.13;PF13918.12
gene-LOC142976211,PF00089.33
gene-LOC142976212,PF00561.27;PF04083.23;PF12146.16
gene-LOC142976213,PF06585.18
gene-LOC142976215,PF00106.32;PF08659.17;PF13561.13
gene-LOC142976217,PF06585.18
gene-LOC142976218,PF00089.33
gene-LOC142976219,PF00050.27;PF07648.21
gene-LOC142976220,PF06094.18;PF13772.12
gene-LOC142976221,PF00255.26
gene-LOC142976225,PF00089.33
gene-LOC142976228,PF00385.31;PF00856.34;PF05033.23
gene-LOC142976231,PF14634.13
gene-LOC142976232,PF06585.18
gene-LOC142976234,PF08584.17
gene-LOC142976238,PF00135.35;PF07859.20;PF20434.6
gene-LOC142976239,PF00135.35;PF07859.20;PF20434.6
gene-LOC142976240,PF04669.20
gene-LOC142976242,PF00089.33
gene-LOC142976243,PF06278.17
gene-LOC142976245,PF00628.36;PF13445.13;PF13639.13;PF23030.2
gene-LOC142976249,PF00089.33
gene-LOC142976250,PF01593.31;PF13450.13
gene-LOC142976251,PF00293.35
gene-LOC142976255,PF00175.27;PF00667.27
gene-LOC142976259,PF14214.12
gene-LOC142976261,PF00089.33
gene-LOC142976262,PF00075.31;PF00078.33;PF01443.25;PF13245.13;PF13604.13;PF14529.13
gene-LOC142976264,PF00083.31;PF07690.22
gene-LOC142976265,PF00083.31;PF07690.22
gene-LOC142976267,PF00089.33
gene-LOC142976269,PF00135.35;PF20434.6
gene-LOC142976270,PF00135.35;PF00326.28;PF07859.20;PF20434.6
gene-LOC142976274,PF01582.26;PF13676.12
gene-LOC142976275,PF00089.33;PF13365.13
gene-LOC142976276,PF25298.2
gene-LOC142976277,PF03732.24;PF19259.5
gene-LOC142976278,PF06585.18
gene-LOC142976279,PF06585.18
gene-LOC142976280,PF06585.18
gene-LOC142976281,PF06585.18
gene-LOC142976282,PF06585.18
gene-LOC142976285,PF00083.31;PF07690.22
gene-LOC142976287,PF00001.27;PF10320.16
gene-LOC142976288,PF06451.18
gene-LOC142976289,PF28302.1
gene-LOC142976290,PF10271.15
gene-LOC142976292,PF00089.33
gene-LOC142976294,PF05347.22;PF20263.5
gene-LOC142976295,PF11018.14
gene-LOC142976296,PF11018.14
gene-LOC142976297,PF00089.33
gene-LOC142976298,PF00089.33
gene-LOC142976299,PF00078.33;PF28514.1
gene-LOC142976300,PF00078.33;PF28514.1
gene-LOC142976301,PF00036.39;PF10591.16;PF13202.13;PF13405.13;PF13499.13;PF13833.13;PF23564.2
gene-LOC142976303,PF00089.33
gene-LOC142976305,PF00199.25
gene-LOC142976306,PF00199.25
gene-LOC142976307,PF00078.33
gene-LOC142976309,PF16012.11
gene-LOC142976311,PF00089.33
gene-LOC142976312,PF01731.27;PF05096.19;PF08450.19;PF24684.2;PF25174.2
gene-LOC142976313,PF01490.25
gene-LOC142976314,PF00003.29;PF01094.35;PF07562.21
gene-LOC142976317,PF00583.32;PF08445.17;PF13508.14
gene-LOC142976318,PF05915.18
gene-LOC142976320,PF00270.36;PF00271.38;PF04851.22;PF13959.12
gene-LOC142976322,PF04499.21
gene-LOC142976325,PF07690.22
gene-LOC142976326,PF00089.33
gene-LOC142976342,PF00089.33
gene-LOC142976356,PF00431.27
gene-LOC142976357,PF00089.33
gene-LOC142976358,PF00076.29;PF13893.13;PF16367.12;PF18360.7
gene-LOC142976359,PF00089.33;PF13365.13
gene-LOC142976361,PF00083.31;PF07690.22
gene-LOC142976363,PF01826.24;PF12662.14
gene-LOC142976364,PF01826.24
gene-LOC142976365,PF01826.24
gene-LOC142976367,PF01826.24
gene-LOC142976368,PF01826.24
gene-LOC142976369,PF01363.28;PF02759.25
gene-LOC142976370,PF00450.29
gene-LOC142976371,PF00487.31
gene-LOC142976372,PF00089.33;PF09342.17
gene-LOC142976375,PF00089.33;PF13365.13
gene-LOC142976376,PF00036.39;PF13405.13;PF13499.13
gene-LOC142976379,PF00151.26
gene-LOC142976380,PF00089.33
gene-LOC142976381,PF07774.20;PF13360.14;PF25293.2
gene-LOC142976382,PF07774.20
gene-LOC142976383,PF00018.35;PF00069.32;PF00595.30;PF00625.28;PF02828.22;PF07714.24
gene-LOC142976384,PF00089.33
gene-LOC142976385,PF00390.25;PF03949.22
gene-LOC142976386,PF00390.25;PF03949.22
gene-LOC142976388,PF00089.33;PF13365.13
gene-LOC142976389,PF01485.28;PF22191.3
gene-LOC142976390,PF00097.32;PF12678.14;PF13445.13;PF13639.13;PF13920.13;PF13923.13;PF14634.13
gene-LOC142976393,PF00069.32;PF07714.24;PF14531.13;PF19431.5
gene-LOC142976395,PF00089.33;PF13365.13
gene-LOC142976396,PF00514.30;PF05923.18;PF05972.17;PF18797.8;PF24768.2
gene-LOC142976397,PF01391.24
gene-LOC142976399,PF00089.33
gene-LOC142976402,PF04199.20
gene-LOC142976407,PF13349.13
gene-LOC142976409,PF00089.33;PF13365.13
gene-LOC142976411,PF01073.26;PF01370.28;PF04321.24;PF13460.13
gene-LOC142976412,PF00400.39;PF23381.2;PF23393.3;PF23414.2;PF23775.2;PF23869.2;PF24105.2;PF24782.3;PF24796.2;PF24805.2;PF24807.2;PF24814.2;PF24817.2;PF25047.1;PF25168.2;PF25171.2;PF25172.2;PF25173.2;PF25174.2;PF25175.2;PF25391.2;PF25460.2
gene-LOC142976413,PF00089.33
gene-LOC142976415,PF00892.27
gene-LOC142976419,PF00089.33
gene-LOC142976420,PF01582.26;PF12799.14;PF13676.12;PF13855.13
gene-LOC142976421,PF00560.40;PF12799.14;PF13306.13;PF13516.13;PF13855.13;PF14580.13;PF23211.1;PF23598.2;PF23952.2
gene-LOC142976425,PF02759.25
gene-LOC142976426,PF00089.33
gene-LOC142976428,PF22572.3;PF22673.3
gene-LOC142976429,PF03006.27
gene-LOC142976435,PF07690.22
gene-LOC142976440,PF00028.24;PF08266.19;PF23592.1;PF25374.1;PF28393.1;PF28399.1
gene-LOC142976443,PF00324.28;PF03522.21;PF13520.13
gene-LOC142976446,PF00089.33;PF13365.13
gene-LOC142976448,PF03098.21
gene-LOC142976451,PF00047.32;PF02440.22;PF07679.23;PF07686.24;PF13895.13;PF13927.13;PF22705.3;PF22971.3
gene-LOC142976453,PF00270.36;PF00271.38;PF04851.22;PF13959.12
gene-LOC142976455,PF00062.26
gene-LOC142976456,PF00062.26
gene-LOC142976459,PF00076.29;PF16367.12
gene-LOC142976460,PF12937.13;PF19270.5
gene-LOC142976461,PF03959.20
gene-LOC142976462,PF00208.28;PF02812.24
gene-LOC142976464,PF00076.29;PF28441.1;PF28442.1
gene-LOC142976465,PF10500.15
gene-LOC142976470,PF00046.36
gene-LOC142976471,PF00096.33;PF12171.15;PF13465.13;PF13894.13
gene-LOC142976473,PF10561.16
gene-LOC142976476,PF00097.32;PF12678.14;PF13445.13;PF13639.13;PF13923.13;PF17123.12
gene-LOC142976478,PF13873.13
gene-LOC142976480,PF00083.31;PF07690.22
gene-LOC142976481,PF00083.31;PF07690.22
gene-LOC142976482,PF00379.30
gene-LOC142976483,PF03435.25
gene-LOC142976484,PF00083.31;PF07690.22
gene-LOC142976486,PF00083.31;PF07690.22
gene-LOC142976487,PF00089.33
gene-LOC142976491,PF04500.23
gene-LOC142976493,PF00089.33
gene-LOC142976494,PF00047.32;PF02440.22;PF07679.23;PF07686.24;PF13895.13;PF13927.13;PF22705.3;PF22971.3
gene-LOC142976497,PF00083.31;PF07690.22
gene-LOC142976498,PF06881.17;PF08711.17
gene-LOC142976500,PF00646.39;PF12937.13
gene-LOC142976503,PF00089.33
gene-LOC142976506,PF04178.19
gene-LOC142976507,PF13912.13
gene-LOC142976508,PF01423.29
gene-LOC142976510,PF00089.33
gene-LOC142976513,PF13516.13;PF27087.1
gene-LOC142976514,PF00083.31;PF07690.22
gene-LOC142976516,PF02466.25
gene-LOC142976517,PF05600.18
gene-LOC142976518,PF12799.14;PF13855.13;PF14580.13
gene-LOC142976519,PF00089.33
gene-LOC142976521,PF09507.17
gene-LOC142976523,PF01607.30
gene-LOC142976525,PF01607.30
gene-LOC142976526,PF00089.33
gene-LOC142976528,PF00046.36
gene-LOC142976529,PF11901.14
gene-LOC142976530,PF13405.13;PF13499.13
gene-LOC142976531,PF00009.34;PF00025.28;PF00071.29;PF01926.30;PF04670.19;PF08477.20
gene-LOC142976532,PF00059.28
gene-LOC142976533,PF00501.35;PF13193.13
gene-LOC142976534,PF00041.28;PF00047.32;PF07679.23;PF07686.24;PF08205.19;PF13895.13;PF13927.13;PF22971.3
gene-LOC142976536,PF00676.26;PF02779.30;PF16870.11
gene-LOC142976537,PF04104.20;PF26466.1
gene-LOC142976538,PF01401.25
gene-LOC142976540,PF11901.14
gene-LOC142976542,PF00270.36;PF00271.38;PF04851.22;PF13959.12
gene-LOC142976543,PF00651.38
gene-LOC142976544,PF00083.31;PF07690.22
gene-LOC142976545,PF00083.31;PF07690.22
gene-LOC142976546,PF25818.2
gene-LOC142976549,PF00083.31;PF07690.22
gene-LOC142976554,PF01981.22
gene-LOC142976555,PF00083.31;PF07690.22
gene-LOC142976556,PF26573.1;PF27745.1
gene-LOC142976557,PF11901.14
gene-LOC142976561,PF00046.36
gene-LOC142976562,PF00046.36
gene-LOC142976563,PF00089.33;PF13365.13
gene-LOC142976565,PF01130.28
gene-LOC142976566,PF00089.33
gene-LOC142976568,PF03148.20
gene-LOC142976569,PF00096.33;PF13465.13;PF13894.13;PF13909.13;PF23225.2
gene-LOC142976570,PF01535.27;PF12854.14;PF13041.13;PF13812.13;PF17177.11;PF23276.3
gene-LOC142976573,PF05648.20
gene-LOC142976575,PF00630.26
gene-LOC142976576,PF03098.21
gene-LOC142976578,PF04500.23
gene-LOC142976580,PF00400.39;PF04192.18;PF12894.14;PF20426.5;PF23098.2;PF23341.2;PF23381.2;PF23393.3;PF23409.2;PF23410.5;PF23414.2;PF23761.2;PF23869.2;PF24105.2;PF24782.3;PF24796.2;PF24805.2;PF24807.2;PF24814.2;PF24817.2;PF25047.1;PF25048.2;PF25168.2;PF25171.2;PF25172.2;PF25173.2;PF25174.2;PF25175.2;PF25178.1;PF25391.2
gene-LOC142976582,PF15868.11
gene-LOC142976585,PF00096.33;PF12171.15;PF12874.14;PF13465.13;PF13894.13;PF13912.13
gene-LOC142976586,PF00089.33;PF13365.13
gene-LOC142976587,PF00047.32;PF07679.23;PF07686.24;PF13895.13;PF13927.13;PF22705.3;PF22854.3;PF22971.3
gene-LOC142976588,PF00207.29;PF01835.26;PF07678.21;PF07703.21
gene-LOC142976589,PF00046.36
gene-LOC142976590,PF00062.26
gene-LOC142976591,PF27509.1
gene-LOC142976593,PF10545.16
gene-LOC142976594,PF03098.21
gene-LOC142976595,PF00089.33
gene-LOC142976596,PF06743.21;PF08368.18
gene-LOC142976598,PF10545.16
gene-LOC142976606,PF05577.19
gene-LOC142976612,PF00014.29
gene-LOC142976614,PF01170.25;PF25904.1
gene-LOC142976615,PF07719.24;PF13428.13;PF14559.13;PF22890.2
gene-LOC142976619,PF00646.39;PF12937.13;PF23598.2
gene-LOC142976622,PF00013.36;PF00023.37;PF12796.14;PF13606.13;PF13637.13;PF13857.13;PF23745.2;PF24521.3
gene-LOC142976626,PF00370.28;PF02782.23
gene-LOC142976627,PF00083.31;PF07690.22;PF12832.14
gene-LOC142976629,PF00069.32;PF07714.24;PF14531.13;PF19431.5
gene-LOC142976630,PF00153.33
gene-LOC142976631,PF01401.25
gene-LOC142976633,PF00041.28;PF00047.32;PF07679.23;PF07686.24;PF08205.19;PF13895.13;PF13927.13;PF22971.3;PF25609.1
gene-LOC142976634,PF00046.36
gene-LOC142976635,PF00068.25
gene-LOC142976636,PF00050.27;PF07648.21
gene-LOC142976637,PF00050.27;PF07648.21
gene-LOC142976638,PF00050.27;PF07648.21
gene-LOC142976649,PF00062.26
gene-LOC142976650,PF04500.23
gene-LOC142976652,PF15982.10
gene-LOC142976655,PF03435.25
gene-LOC142976658,PF00083.31;PF07690.22
gene-LOC142976660,PF04843.20
gene-LOC142976661,PF00010.32
gene-LOC142976662,PF00083.31;PF07690.22
gene-LOC142976663,PF06400.17;PF06401.17
gene-LOC142976664,PF00027.36;PF00520.38;PF07885.23
gene-LOC142976666,PF00047.32;PF07679.23;PF07686.24;PF13895.13;PF13927.13;PF22854.3
gene-LOC142976667,PF10220.15
gene-LOC142976669,PF03435.25
gene-LOC142976673,PF01130.28
gene-LOC142976674,PF01130.28
gene-LOC142976675,PF00385.31;PF01393.27
gene-LOC142976678,PF12799.14;PF13306.13;PF13855.13
gene-LOC142976679,PF01636.30;PF02958.27;PF07914.18
gene-LOC142976680,PF00211.26;PF07700.21;PF07701.21
gene-LOC142976681,PF00083.31;PF07690.22
gene-LOC142976684,PF07690.22
gene-LOC142976686,PF00083.31;PF03137.27;PF07690.22
gene-LOC142976688,PF05648.20
gene-LOC142976692,PF15982.10
gene-LOC142976693,PF00014.29
gene-LOC142976695,PF00083.31;PF07690.22
gene-LOC142976699,PF00194.27
gene-LOC142976704,PF08205.19;PF13895.13
gene-LOC142976706,PF00431.27
gene-LOC142976710,PF00083.31;PF07690.22
gene-LOC142976711,PF07885.23
gene-LOC142976714,PF03803.22
gene-LOC142976717,PF07686.24;PF08205.19;PF13895.13;PF13927.13
gene-LOC142976720,PF00047.32;PF07686.24;PF13895.13;PF13927.13
gene-LOC142976722,PF00155.28;PF01053.27
gene-LOC142976724,PF01607.30
gene-LOC142976726,PF00390.25;PF03949.22
gene-LOC142976727,PF00012.27;PF06723.20
gene-LOC142976728,PF00229.25
gene-LOC142976731,PF03098.21
gene-LOC142976734,PF05485.18
gene-LOC142976735,PF00047.32;PF07679.23;PF07686.24;PF13895.13;PF13927.13;PF22854.3;PF22971.3
gene-LOC142976739,PF10545.16
gene-LOC142976741,PF00112.30
gene-LOC142976745,PF00199.25
gene-LOC142976746,PF00083.31;PF07690.22
gene-LOC142976747,PF01826.24
gene-LOC142976750,PF00083.31;PF07690.22
gene-LOC142976751,PF00057.24
gene-LOC142976752,PF01263.27
gene-LOC142976753,PF00046.36
gene-LOC142976754,PF01391.24
gene-LOC142976757,PF00050.27;PF07648.21
gene-LOC142976759,PF00085.27;PF04756.20;PF13905.13;PF20207.5
gene-LOC142976760,PF00561.27;PF12146.16;PF12697.14
gene-LOC142976763,PF06644.17
gene-LOC142976774,PF01391.24;PF01410.24
gene-LOC142976775,PF00057.24
gene-LOC142976781,PF00240.30
gene-LOC142976782,PF00130.29;PF00609.25;PF00781.30;PF00788.30;PF03107.23;PF24099.2
gene-LOC142976786,PF00096.33;PF13894.13;PF16159.11
gene-LOC142976788,PF00069.32;PF07714.24
gene-LOC142976791,PF07850.20;PF25294.2
gene-LOC142976792,PF10294.16
gene-LOC142976794,PF00076.29;PF16367.12
gene-LOC142976795,PF00096.33;PF05605.19;PF13465.13;PF13894.13
gene-LOC142976796,PF01053.27;PF06838.18
gene-LOC142976798,PF00561.27;PF04083.23;PF12697.14
gene-LOC142976800,PF00075.31;PF00078.33;PF01443.25;PF13245.13;PF13604.13;PF14529.13
gene-LOC142976801,PF00075.31;PF00078.33;PF01443.25;PF13245.13;PF13604.13;PF14529.13
gene-LOC142976802,PF00083.31;PF07690.22
gene-LOC142976804,PF00858.30
gene-LOC142976805,PF00287.25
gene-LOC142976806,PF14497.12
gene-LOC142976808,PF02518.32;PF08676.17;PF13589.13
gene-LOC142976809,PF00493.30;PF01078.28;PF02840.21;PF07728.21;PF08799.18;PF17207.10;PF17855.8;PF26066.1
gene-LOC142976811,PF00078.33
gene-LOC142976813,PF08395.18
gene-LOC142976814,PF07850.20
gene-LOC142976816,PF00089.33;PF09342.17;PF13365.13
gene-LOC142976817,PF00089.33;PF09342.17;PF13365.13
gene-LOC142976818,PF08395.18
gene-LOC142976819,PF00027.36
gene-LOC142976821,PF00194.27
gene-LOC142976823,PF00041.28;PF00047.32;PF07679.23;PF07686.24;PF08205.19;PF13895.13;PF13927.13;PF16680.12;PF22971.3
gene-LOC142976825,PF01607.30
gene-LOC142976826,PF00063.28;PF06017.20
gene-LOC142976827,PF07690.22
gene-LOC142976828,PF11901.14
gene-LOC142976829,PF11901.14
gene-LOC142976830,PF25805.2
gene-LOC142976835,PF02892.22
gene-LOC142976836,PF09495.16
gene-LOC142976866,PF00076.29;PF01805.26;PF04818.20
gene-LOC142976868,PF00096.33;PF05605.19;PF07776.22;PF12171.15;PF12874.14;PF13465.13;PF13894.13;PF23561.2
gene-LOC142976869,PF00096.33;PF07776.22;PF12171.15;PF12874.14;PF13465.13;PF13894.13;PF23611.2
gene-LOC142976870,PF07716.21
gene-LOC142976872,PF00005.34;PF00664.29;PF02463.26
gene-LOC142976873,PF00887.25;PF13897.12
gene-LOC142976875,PF00294.30;PF08543.18
gene-LOC142976881,PF00096.33;PF07776.22;PF12171.15;PF12874.14;PF13465.13;PF13894.13;PF13912.13
gene-LOC142976884,PF00149.34;PF14008.12;PF16656.12
gene-LOC142976886,PF00250.25
gene-LOC142976887,PF00089.33
gene-LOC142976888,PF00089.33
gene-LOC142976889,PF00089.33
gene-LOC142976890,PF00089.33
gene-LOC142976891,PF00089.33
gene-LOC142976892,PF00089.33
gene-LOC142976893,PF05721.20
gene-LOC142976894,PF00089.33
gene-LOC142976898,PF00106.32
gene-LOC142976899,PF03265.22
gene-LOC142976902,PF01042.27;PF01902.25;PF28410.1
gene-LOC142976903,PF01426.25
gene-LOC142976904,PF00941.28;PF01315.28;PF01799.26;PF02738.24;PF03450.23;PF20256.4
gene-LOC142976909,PF00928.27
gene-LOC142976910,PF00176.30;PF00271.38
gene-LOC142976911,PF06271.19
gene-LOC142976914,PF00753.34
gene-LOC142976919,PF05485.18
gene-LOC142976920,PF10545.16
gene-LOC142976923,PF03619.23
gene-LOC142976925,PF00149.34;PF16891.11
gene-LOC142976927,PF27583.1
gene-LOC142976928,PF01459.29
gene-LOC142976929,PF02263.26;PF02841.21
gene-LOC142976930,PF00206.26;PF10415.15
gene-LOC142976931,PF12705.14
gene-LOC142976933,PF00201.25;PF04101.23;PF06722.19
gene-LOC142976934,PF00201.25;PF06722.19
gene-LOC142976938,PF00201.25;PF04101.23;PF06722.19
gene-LOC142976939,PF00941.28;PF01315.28;PF01799.26;PF02738.24;PF03450.23;PF20256.4
gene-LOC142976940,PF00111.33;PF00941.28;PF01315.28;PF01799.26;PF02738.24;PF03450.23;PF20256.4
gene-LOC142976942,PF00560.40;PF12799.14;PF13855.13;PF23211.1;PF23598.2
gene-LOC142976944,PF02263.26;PF02841.21
gene-LOC142976945,PF13919.12;PF14465.13;PF25793.2
gene-LOC142976947,PF14923.13
gene-LOC142976951,PF05770.17;PF17927.8
gene-LOC142976953,PF04587.21
gene-LOC142976954,PF04000.21
gene-LOC142976964,PF00046.36
gene-LOC142976966,PF01432.27
gene-LOC142976968,PF13499.13
gene-LOC142976969,PF09750.15
gene-LOC142976971,PF01431.28;PF05649.19
gene-LOC142976972,PF12314.14
gene-LOC142976976,PF00089.33
gene-LOC142976981,PF00089.33
gene-LOC142976982,PF00941.28;PF01315.28;PF01799.26;PF02738.24;PF03450.23;PF20256.4
gene-LOC142976983,PF02460.25;PF12349.15;PF16414.12;PF22314.3
gene-LOC142976986,PF00010.32
gene-LOC142976987,PF00400.39;PF08145.18;PF12894.14;PF23381.2;PF23414.2;PF24105.2;PF24796.2;PF24805.2;PF24807.2;PF24814.2;PF24817.2;PF25168.2;PF25172.2;PF25173.2;PF25174.2;PF25175.2;PF25460.2
gene-LOC142976988,PF01722.24
gene-LOC142976993,PF00089.33
gene-LOC142976994,PF01436.28
gene-LOC142976995,PF00023.37;PF07525.22;PF12796.14;PF13606.13;PF13637.13;PF13857.13
gene-LOC142976997,PF03188.22
gene-LOC142977000,PF03828.25;PF22600.3
gene-LOC142977001,PF02985.29;PF10350.16;PF25150.2;PF25151.2
gene-LOC142977002,PF02219.24
gene-LOC142977004,PF02297.23
gene-LOC142977005,PF00096.33;PF12171.15;PF13465.13;PF13894.13;PF13912.13
gene-LOC142977007,PF00046.36
gene-LOC142977010,PF00059.28
gene-LOC142977011,PF05721.20
gene-LOC142977012,PF00089.33
gene-LOC142977019,PF13679.13
gene-LOC142977021,PF00560.40;PF12799.14;PF13306.13;PF13855.13;PF14580.13;PF23598.2
gene-LOC142977024,PF00096.33;PF07776.22;PF12171.15;PF12874.14;PF13465.13;PF13894.13;PF13912.13;PF15909.11
gene-LOC142977026,PF00067.28
gene-LOC142977031,PF00100.30;PF25057.2;PF25301.1
gene-LOC142977033,PF00089.33
gene-LOC142977034,PF00089.33
gene-LOC142977036,PF00089.33
gene-LOC142977037,PF04676.20;PF04677.21
gene-LOC142977040,PF00650.26;PF13716.12;PF28528.1
gene-LOC142977044,PF00067.28
gene-LOC142977050,PF02540.24;PF03054.23;PF20258.5;PF20259.4
gene-LOC142977053,PF00111.33;PF00941.28;PF01315.28;PF01799.26;PF02738.24;PF03450.23;PF20256.4
gene-LOC142977054,PF00941.28;PF01315.28;PF01799.26;PF02738.24;PF03450.23;PF20256.4
gene-LOC142977055,PF01315.28;PF02738.24;PF03450.23;PF20256.4
gene-LOC142977056,PF00245.26
gene-LOC142977057,PF00067.28
gene-LOC142977059,PF00059.28
gene-LOC142977060,PF00001.27;PF10328.16
gene-LOC142977063,PF00171.28
gene-LOC142977064,PF00001.27;PF10320.16;PF10323.16;PF13853.13
gene-LOC142977065,PF10269.15
gene-LOC142977066,PF02949.26
gene-LOC142977073,PF00107.33;PF00109.33;PF00698.27;PF00975.27;PF02801.29;PF08659.17;PF16197.12;PF21149.4
gene-LOC142977075,PF03564.22;PF18701.7
gene-LOC142977077,PF00042.29
gene-LOC142977078,PF00042.29
gene-LOC142977080,PF00059.28;PF01344.32;PF05966.18;PF18925.6
gene-LOC142977083,PF01813.23
gene-LOC142977084,PF03188.22
gene-LOC142977085,PF00169.36;PF00373.24;PF00784.23;PF15409.14;PF15413.13;PF21989.3
gene-LOC142977086,PF00488.28;PF05192.24;PF27035.1
gene-LOC142977088,PF00106.32;PF08659.17;PF13561.13;PF23441.1
gene-LOC142977090,PF00096.33;PF07776.22;PF12171.15;PF12874.14;PF13465.13;PF13894.13
gene-LOC142977093,PF00042.29
gene-LOC142977094,PF02709.21;PF13733.13
gene-LOC142977095,PF00635.33
gene-LOC142977097,PF00106.32;PF08659.17;PF13561.13
gene-LOC142977098,PF15860.12
gene-LOC142977101,PF00067.28
gene-LOC142977103,PF16071.11
gene-LOC142977104,PF22611.2
gene-LOC142977109,PF00059.28
gene-LOC142977111,PF00001.27;PF10320.16;PF10328.16
gene-LOC142977112,PF00106.32;PF08659.17;PF13561.13
gene-LOC142977113,PF00001.27;PF10320.16;PF10328.16
gene-LOC142977114,PF00089.33
gene-LOC142977120,PF02221.21
gene-LOC142977122,PF00001.27;PF10320.16;PF10328.16
gene-LOC142977123,PF00096.33;PF07776.22;PF13465.13;PF13894.13
gene-LOC142977125,PF01237.24
gene-LOC142977127,PF00270.36;PF00271.38;PF04408.30;PF05773.28;PF07717.23;PF18044.8;PF21010.3;PF26026.1
gene-LOC142977128,PF01408.29;PF02894.23;PF22725.2
gene-LOC142977129,PF00941.28;PF01315.28;PF01799.26;PF02738.24;PF03450.23;PF20256.4
gene-LOC142977133,PF00023.37;PF12796.14;PF13606.13;PF13637.13;PF13857.13
gene-LOC142977136,PF00501.35;PF13193.13
gene-LOC142977137,PF00501.35;PF13193.13
gene-LOC142977138,PF00501.35;PF13193.13
gene-LOC142977139,PF00501.35;PF13193.13
gene-LOC142977146,PF00042.29
gene-LOC142977148,PF00227.32
gene-LOC142977150,PF00067.28
gene-LOC142977151,PF00230.26
gene-LOC142977152,PF00089.33
gene-LOC142977156,PF00041.28;PF00047.32;PF07679.23;PF07686.24;PF13895.13;PF13927.13;PF18452.8;PF22854.3;PF22971.3;PF25059.2
gene-LOC142977159,PF00501.35;PF13193.13
gene-LOC142977160,PF14381.13
gene-LOC142977162,PF00083.31;PF07690.22
gene-LOC142977163,PF03999.18
gene-LOC142977164,PF00089.33
gene-LOC142977165,PF00941.28;PF01315.28;PF01799.26;PF02738.24;PF03450.23;PF20256.4
gene-LOC142977167,PF00227.32
gene-LOC142977177,PF13358.13;PF27940.1
gene-LOC142977178,PF00089.33
gene-LOC142977186,PF00400.39;PF03451.22;PF12894.14;PF13570.14;PF23381.2;PF23383.2;PF23389.2;PF23393.3;PF23409.2;PF23410.5;PF23414.2;PF23756.2;PF23775.2;PF24105.2;PF24780.2;PF24782.3;PF24796.2;PF24797.2;PF24805.2;PF24807.2;PF24814.2;PF24817.2;PF25047.1;PF25168.2;PF25171.2;PF25172.2;PF25173.2;PF25174.2;PF25175.2;PF25391.2;PF25460.2
gene-LOC142977187,PF04280.22
gene-LOC142977190,PF02759.25;PF26030.1
gene-LOC142977192,PF00089.33
gene-LOC142977193,PF00089.33
gene-LOC142977194,PF00089.33
gene-LOC142977195,PF00089.33
gene-LOC142977196,PF00089.33
gene-LOC142977199,PF00560.40;PF12799.14;PF13306.13;PF13855.13;PF14580.13
gene-LOC142977200,PF15430.12
gene-LOC142977203,PF03227.23
gene-LOC142977204,PF00498.32;PF00533.34;PF16589.13;PF16770.12
gene-LOC142977207,PF00173.34
gene-LOC142977209,PF00046.36;PF03826.23
gene-LOC142977211,PF00089.33
gene-LOC142977212,PF00089.33
gene-LOC142977213,PF00089.33
gene-LOC142977214,PF00041.28;PF00757.26;PF01030.32
gene-LOC142977216,PF14774.12
gene-LOC142977217,PF00089.33
gene-LOC142977219,PF00085.27;PF13098.14;PF13905.13
gene-LOC142977223,PF13679.13
gene-LOC142977224,PF00335.27
gene-LOC142977225,PF00098.29
gene-LOC142977227,PF00153.33
gene-LOC142977237,PF00089.33
gene-LOC142977238,PF00415.25;PF13540.13;PF25384.2;PF25390.2
gene-LOC142977240,PF08559.16
gene-LOC142977241,PF00089.33
gene-LOC142977243,PF00462.31
gene-LOC142977246,PF00151.26;PF05057.21
gene-LOC142977247,PF00046.36
gene-LOC142977249,PF00067.28
gene-LOC142977250,PF00008.34;PF00053.31;PF01414.26;PF07974.20;PF12661.14;PF21700.4;PF21795.4;PF23106.2;PF23301.2;PF25024.1
gene-LOC142977253,PF00083.31;PF07690.22
gene-LOC142977254,PF00089.33
gene-LOC142977255,PF00501.35;PF13193.13
gene-LOC142977261,PF03828.25;PF22600.3
gene-LOC142977262,PF00089.33
gene-LOC142977264,PF12799.14;PF13855.13;PF22602.3;PF24048.2
gene-LOC142977271,PF02157.22;PF09451.17
gene-LOC142977272,PF01395.28
gene-LOC142977273,PF01395.28
gene-LOC142977274,PF01395.28
gene-LOC142977275,PF01395.28;PF22750.2
gene-LOC142977276,PF02820.25;PF12140.14
gene-LOC142977278,PF01395.28;PF22750.2
gene-LOC142977280,PF01395.28
gene-LOC142977281,PF01395.28
gene-LOC142977282,PF01395.28
gene-LOC142977283,PF01395.28
gene-LOC142977284,PF01395.28
gene-LOC142977291,PF02949.26;PF08395.18
gene-LOC142977292,PF00560.40;PF12799.14;PF13306.13;PF13855.13
gene-LOC142977294,PF14857.12
gene-LOC142977296,PF00059.28
gene-LOC142977301,PF00001.27;PF10320.16;PF10323.16;PF13853.13
gene-LOC142977303,PF00041.28;PF00047.32;PF07354.19;PF07679.23;PF07686.24;PF08204.18;PF08205.19;PF13882.12;PF13895.13;PF13927.13;PF16656.12;PF16680.12;PF17736.8;PF18452.8;PF22854.3;PF22971.3;PF25059.2;PF25305.2;PF28321.1;PF28354.1
gene-LOC142977305,PF00560.40;PF12799.14;PF13306.13;PF13855.13;PF14580.13
gene-LOC142977308,PF00096.33;PF13465.13;PF13894.13;PF16278.12
gene-LOC142977309,PF00560.40;PF12799.14;PF13306.13;PF13855.13
gene-LOC142977310,PF00106.32;PF08659.17;PF13561.13;PF23441.1
gene-LOC142977311,PF00001.27
gene-LOC142977320,PF00050.27;PF07648.21
gene-LOC142977323,PF00250.25
gene-LOC142977324,PF15868.11
gene-LOC142977325,PF01909.30;PF22600.3
gene-LOC142977327,PF13671.13;PF26583.1
gene-LOC142977328,PF07841.19
gene-LOC142977330,PF00050.27;PF07648.21
gene-LOC142977333,PF00583.32;PF08445.17;PF13508.14;PF13673.14
gene-LOC142977335,PF00611.29;PF00620.33
gene-LOC142977337,PF00008.34;PF02019.25;PF07974.20;PF12661.14;PF23301.2;PF25024.1
gene-LOC142977338,PF00089.33
gene-LOC142977339,PF00089.33
gene-LOC142977340,PF00089.33
gene-LOC142977341,PF00089.33
gene-LOC142977342,PF00089.33
gene-LOC142977343,PF00089.33
gene-LOC142977344,PF00089.33
gene-LOC142977345,PF00089.33
gene-LOC142977347,PF00169.36;PF00307.37;PF00435.28;PF15410.13
gene-LOC142977351,PF00884.29;PF02995.23
gene-LOC142977352,PF00089.33
gene-LOC142977353,PF00089.33;PF13365.13
gene-LOC142977354,PF14214.12
gene-LOC142977357,PF00089.33
gene-LOC142977361,PF00078.33;PF03564.22;PF05380.19;PF17921.8
gene-LOC142977362,PF00941.28;PF01799.26
gene-LOC142977363,PF00111.33;PF00941.28;PF01315.28;PF01799.26;PF02738.24;PF03450.23;PF20256.4
gene-LOC142977364,PF00111.33;PF00941.28;PF01315.28;PF01799.26;PF02738.24;PF03450.23;PF20256.4
gene-LOC142977365,PF03564.22;PF05380.19;PF17921.8;PF18701.7
gene-LOC142977366,PF00089.33
gene-LOC142977367,PF00089.33
gene-LOC142977368,PF00089.33
gene-LOC142977369,PF00046.36
gene-LOC142977375,PF00060.33
gene-LOC142977376,PF03564.22;PF05380.19;PF18701.7
gene-LOC142977377,PF16092.12;PF23150.2
gene-LOC142977379,PF16092.12;PF23150.2
gene-LOC142977381,PF01395.28;PF22750.2
gene-LOC142977383,PF01395.28
gene-LOC142977384,PF00089.33
gene-LOC142977385,PF00089.33
gene-LOC142977386,PF00089.33;PF09342.17
gene-LOC142977387,PF00089.33;PF09342.17
gene-LOC142977388,PF14214.12
gene-LOC142977389,PF00089.33;PF09342.17
gene-LOC142977390,PF01437.32
gene-LOC142977392,PF00250.25
gene-LOC142977393,PF02949.26;PF08395.18
gene-LOC142977394,PF00109.33;PF00698.27;PF00975.27;PF02801.29;PF16197.12
gene-LOC142977395,PF00059.28;PF05966.18
gene-LOC142977396,PF03828.25;PF22600.3
gene-LOC142977397,PF16043.12
gene-LOC142977401,PF00006.32;PF02874.30;PF16886.12;PF22919.2
gene-LOC142977403,PF02221.21
gene-LOC142977405,PF02221.21
gene-LOC142977411,PF13664.12
gene-LOC142977414,PF03828.25;PF22600.3
gene-LOC142977415,PF25298.2
gene-LOC142977419,PF01545.27;PF16916.12
gene-LOC142977458,PF24237.2
gene-LOC142977464,PF00014.29
gene-LOC142977466,PF00232.25
gene-LOC142977467,PF00076.29;PF16367.12;PF16842.12;PF23085.2;PF28441.1
gene-LOC142977471,PF00226.37;PF09350.16
gene-LOC142977474,PF08314.18;PF15492.13
gene-LOC142977475,PF05741.19
gene-LOC142977477,PF07690.22
gene-LOC142977478,PF07690.22
gene-LOC142977479,PF07690.22
gene-LOC142977480,PF07690.22
gene-LOC142977481,PF00011.28
gene-LOC142977482,PF07690.22
gene-LOC142977484,PF13086.13;PF13087.13;PF13245.13;PF13604.13;PF25396.2
gene-LOC142977486,PF00023.37;PF12796.14;PF13606.13;PF13637.13;PF13857.13
gene-LOC142977487,PF00023.37;PF00217.25;PF02807.21;PF12796.14
gene-LOC142977488,PF13904.12
gene-LOC142977490,PF10545.16;PF13837.13;PF13873.13
gene-LOC142977491,PF00211.26;PF07701.21;PF08376.16
gene-LOC142977493,PF00400.39;PF08513.18;PF08662.18;PF08801.18;PF11715.17;PF12894.14;PF16529.12;PF20426.5;PF23098.2;PF23342.2;PF23381.2;PF23383.2;PF23389.2;PF23393.3;PF23409.2;PF23411.2;PF23414.2;PF23419.3;PF23586.3;PF23609.2;PF23760.2;PF23761.2;PF23769.2;PF23770.2;PF23775.2;PF23798.2;PF23869.2;PF24017.3;PF24105.2;PF24780.2;PF24782.3;PF24796.2;PF24805.2;PF24807.2;PF24814.2;PF24817.2;PF24951.4;PF25047.1;PF25048.2;PF25168.2;PF25171.2;PF25172.2;PF25173.2;PF25174.2;PF25175.2;PF25178.1;PF25391.2;PF25460.2
gene-LOC142977496,PF00822.26
gene-LOC142977498,PF00003.29
gene-LOC142977499,PF07074.18
gene-LOC142977501,PF00011.28
gene-LOC142977507,PF00011.28
gene-LOC142977508,PF00089.33
gene-LOC142977511,PF01189.24
gene-LOC142977512,PF01728.26
gene-LOC142977514,PF12974.13
gene-LOC142977515,PF10937.14
gene-LOC142977516,PF13927.13
gene-LOC142977517,PF15879.11
gene-LOC142977519,PF08357.17
gene-LOC142977525,PF00324.28;PF13520.13;PF13906.13
gene-LOC142977526,PF13000.14
gene-LOC142977527,PF15388.12
gene-LOC142977535,PF06658.18
gene-LOC142977538,PF00412.29;PF25076.2
gene-LOC142977545,PF00487.31
gene-LOC142977548,PF02668.23;PF06155.18
gene-LOC142977551,PF21534.2
gene-LOC142977554,PF02301.24
gene-LOC142977555,PF00083.31;PF07690.22
gene-LOC142977557,PF10294.16;PF13489.13;PF13847.13
gene-LOC142977558,PF01243.28;PF10590.15;PF12766.14
gene-LOC142977559,PF01243.28;PF10590.15;PF12766.14
gene-LOC142977560,PF00003.29;PF01094.35;PF07562.21
gene-LOC142977561,PF03098.21
gene-LOC142977562,PF14916.12
gene-LOC142977563,PF00514.30;PF13513.13
gene-LOC142977565,PF03821.23
gene-LOC142977566,PF03098.21
gene-LOC142977568,PF05608.19
gene-LOC142977569,PF28191.1
gene-LOC142977570,PF05529.18;PF18035.7
gene-LOC142977572,PF00069.32;PF07714.24
gene-LOC142977573,PF03098.21
gene-LOC142977575,PF07690.22
gene-LOC142977577,PF00245.26
gene-LOC142977579,PF00293.35;PF25969.1
gene-LOC142977580,PF00505.26;PF09011.17;PF24815.2
gene-LOC142977581,PF00060.33;PF10613.15
gene-LOC142977583,PF00135.35;PF20434.6
gene-LOC142977585,PF03372.30;PF17751.8;PF22669.3
gene-LOC142977587,PF00160.27
gene-LOC142977591,PF00728.29;PF14845.12
gene-LOC142977596,PF04506.19
gene-LOC142977602,PF00379.30
gene-LOC142977603,PF00379.30
gene-LOC142977604,PF01064.31;PF06211.19;PF19337.5
gene-LOC142977611,PF00041.28;PF00047.32;PF07679.23;PF07686.24;PF08205.19;PF13895.13;PF13927.13;PF16656.12;PF22854.3;PF22971.3;PF25059.2;PF25305.2;PF26428.1
gene-LOC142977612,PF05347.22
gene-LOC142977620,PF00078.33;PF03564.22;PF05380.19;PF17921.8;PF18701.7
gene-LOC142977622,PF00324.28;PF13520.13;PF13906.13
gene-LOC142977623,PF00324.28;PF13520.13;PF13906.13
gene-LOC142977625,PF00324.28;PF13520.13;PF13906.13
gene-LOC142977627,PF01408.29;PF02894.23;PF22725.2
gene-LOC142977634,PF00648.28;PF01067.29;PF04212.25
gene-LOC142977640,PF01019.28
gene-LOC142977643,PF08449.18
gene-LOC142977644,PF00096.33;PF12171.15;PF12874.14;PF13465.13;PF13894.13;PF13912.13
gene-LOC142977645,PF00250.25
gene-LOC142977646,PF13639.13
gene-LOC142977648,PF00045.25;PF00413.31
gene-LOC142977650,PF06565.19
gene-LOC142977652,PF06747.19
gene-LOC142977653,PF08395.18
gene-LOC142977655,PF00096.33;PF05605.19;PF12171.15;PF13465.13;PF13894.13
gene-LOC142977656,PF05175.21;PF05971.19
gene-LOC142977660,PF00002.30;PF06652.18
gene-LOC142977662,PF00324.28;PF13520.13;PF13906.13
gene-LOC142977663,PF00703.28;PF02836.24;PF02837.25;PF22666.3
gene-LOC142977664,PF05826.18
gene-LOC142977673,PF00622.37
gene-LOC142977675,PF22544.3
gene-LOC142977676,PF07690.22
gene-LOC142977677,PF13358.13;PF27940.1
gene-LOC142977681,PF05773.28;PF13639.13
gene-LOC142977685,PF01408.29;PF02894.23;PF22725.2
gene-LOC142977686,PF00023.37;PF11904.14;PF12796.14;PF13637.13
gene-LOC142977689,PF01636.30;PF02958.27;PF07914.18
gene-LOC142977690,PF00135.35;PF07859.20;PF20434.6
gene-LOC142977692,PF13873.13
gene-LOC142977693,PF02985.29;PF13251.13;PF13513.13;PF13646.13
gene-LOC142977695,PF00580.28;PF13086.13;PF13087.13;PF13245.13;PF13604.13;PF20173.4;PF25396.2
gene-LOC142977698,PF00067.28
gene-LOC142977702,PF02825.27;PF18102.7
gene-LOC142977704,PF05978.23
gene-LOC142977705,PF02958.27
gene-LOC142977706,PF00010.32;PF07527.19
gene-LOC142977707,PF01035.27
gene-LOC142977711,PF01636.30;PF02958.27;PF07914.18
gene-LOC142977713,PF05485.18
gene-LOC142977714,PF00107.33;PF13602.13;PF16884.11
gene-LOC142977717,PF05891.19;PF08241.19;PF08242.19;PF13489.13;PF13649.13
gene-LOC142977722,PF14772.12
gene-LOC142977723,PF00561.27;PF04083.23;PF12146.16
gene-LOC142977724,PF00732.26;PF00890.31;PF01266.31;PF05199.20
gene-LOC142977727,PF03564.22;PF05380.19;PF18701.7
gene-LOC142977728,PF14772.12
gene-LOC142977729,PF00488.28;PF05188.24;PF05192.24
gene-LOC142977734,PF00005.34;PF00664.29;PF02463.26;PF03193.23;PF06414.19;PF09818.16;PF13304.13;PF13401.13;PF13555.13
gene-LOC142977735,PF00036.39;PF10591.16;PF12763.14;PF13202.13;PF13405.13;PF13499.13;PF13833.13;PF14658.13;PF21008.4;PF23564.2
gene-LOC142977736,PF00005.34
gene-LOC142977738,PF00160.27
gene-LOC142977739,PF00160.27
gene-LOC142977740,PF02958.27;PF07914.18
gene-LOC142977742,PF00211.26;PF08376.16
gene-LOC142977745,PF08395.18
gene-LOC142977746,PF08395.18
gene-LOC142977747,PF00441.30;PF02770.25;PF02771.22;PF08028.17
gene-LOC142977749,PF00270.36;PF00271.38;PF02889.22;PF04851.22;PF23445.2
gene-LOC142977752,PF00535.33;PF00652.29
gene-LOC142977753,PF12510.14
gene-LOC142977755,PF12906.14
gene-LOC142977758,PF00027.36
gene-LOC142977760,PF00027.36
gene-LOC142977766,PF00076.29;PF13893.13
gene-LOC142977767,PF02949.26;PF08395.18
gene-LOC142977769,PF10218.15
gene-LOC142977771,PF07690.22
gene-LOC142977772,PF07690.22
gene-LOC142977773,PF00324.28;PF13520.13;PF13906.13
gene-LOC142977775,PF03372.30;PF14529.13
gene-LOC142977782,PF00067.28
gene-LOC142977783,PF00169.36;PF25530.2
gene-LOC142977787,PF00002.30;PF06652.18
gene-LOC142977788,PF04438.23;PF21373.3
gene-LOC142977790,PF00728.29;PF14845.12
gene-LOC142977792,PF00001.27;PF10320.16
gene-LOC142977794,PF02845.23
gene-LOC142977797,PF00246.30;PF13620.13
gene-LOC142977800,PF00004.36;PF03215.22;PF08542.17;PF13177.13;PF25361.2
gene-LOC142977802,PF00025.28;PF00071.29;PF08477.20
gene-LOC142977803,PF00080.26
gene-LOC142977806,PF00520.38;PF07885.23
gene-LOC142977807,PF00995.29
gene-LOC142977808,PF18716.8;PF18826.7
gene-LOC142977812,PF01428.24;PF25327.2
gene-LOC142977813,PF00106.32;PF13561.13
gene-LOC142977814,PF00106.32;PF08659.17;PF13561.13
gene-LOC142977815,PF05978.23;PF07690.22
gene-LOC142977821,PF00531.29
gene-LOC142977825,PF00002.30
gene-LOC142977826,PF00313.29
gene-LOC142977828,PF00160.27
gene-LOC142977829,PF00047.32;PF07679.23;PF07686.24;PF08205.19;PF13895.13;PF13927.13;PF22971.3
gene-LOC142977836,PF00089.33
gene-LOC142977841,PF03184.26;PF13358.13
gene-LOC142977842,PF10237.16
gene-LOC142977848,PF00621.26;PF19056.7;PF19057.7;PF23748.2
gene-LOC142977851,PF06747.19
gene-LOC142977853,PF00324.28;PF13520.13;PF13906.13
gene-LOC142977855,PF00903.32;PF13669.13
gene-LOC142977857,PF05978.23
gene-LOC142977862,PF00002.30
gene-LOC142977867,PF00561.27;PF04083.23
gene-LOC142977868,PF05175.21;PF05958.18;PF13649.13;PF13847.13
gene-LOC142977869,PF00036.39;PF12763.14;PF13202.13;PF13405.13;PF13499.13;PF13833.13;PF14658.13;PF21008.4
gene-LOC142977877,PF03062.25
gene-LOC142977880,PF01408.29;PF02894.23;PF22725.2
gene-LOC142977882,PF00245.26
gene-LOC142977886,PF00010.32
gene-LOC142977892,PF00858.30
gene-LOC142977893,PF00858.30
gene-LOC142977894,PF01636.30;PF02958.27;PF07914.18
gene-LOC142977895,PF01636.30;PF02958.27;PF07914.18
gene-LOC142977897,PF00708.25
gene-LOC142977898,PF15995.11
gene-LOC142977899,PF00089.33;PF13365.13
gene-LOC142977902,PF00400.39;PF08154.19;PF20426.5;PF23381.2;PF23389.2;PF23393.3;PF23409.2;PF23414.2;PF23609.2;PF23760.2;PF23775.2;PF23798.2;PF24105.2;PF24782.3;PF24796.2;PF24805.2;PF24807.2;PF24814.2;PF24817.2;PF25047.1;PF25048.2;PF25168.2;PF25171.2;PF25172.2;PF25173.2;PF25174.2;PF25175.2;PF25391.2;PF25460.2
gene-LOC142977905,PF01753.25
gene-LOC142977906,PF06218.17
gene-LOC142977907,PF07648.21
gene-LOC142977908,PF01636.30;PF02958.27;PF07914.18
gene-LOC142977909,PF08395.18
gene-LOC142977912,PF01940.22
gene-LOC142977913,PF01058.30
gene-LOC142977914,PF00025.28;PF00071.29;PF08477.20
gene-LOC142977917,PF02854.26
gene-LOC142977919,PF00379.30
gene-LOC142977920,PF00057.24;PF00431.27;PF25090.1
gene-LOC142977922,PF05254.18
gene-LOC142977924,PF05699.20
gene-LOC142977928,PF00083.31;PF07690.22
gene-LOC142977930,PF00130.29;PF00620.33
gene-LOC142977931,PF00328.28
gene-LOC142977933,PF00003.29;PF01094.35;PF07562.21
gene-LOC142977934,PF05978.23
gene-LOC142977936,PF07690.22
gene-LOC142977938,PF00096.33;PF13894.13
gene-LOC142977939,PF07851.19
gene-LOC142977941,PF00107.33;PF13602.13;PF16884.11
gene-LOC142977942,PF00041.28;PF16066.11;PF16656.12
gene-LOC142977944,PF00096.33;PF13465.13;PF13894.13
gene-LOC142977948,PF16066.11
gene-LOC142977952,PF00089.33
gene-LOC142977953,PF02046.21
gene-LOC142977954,PF00903.32;PF13468.13;PF13669.13
gene-LOC142977955,PF00001.27
gene-LOC142977956,PF00254.35;PF07719.24;PF23322.2
gene-LOC142977964,PF00225.30;PF16796.12
gene-LOC142977966,PF05978.23;PF07690.22
gene-LOC142977968,PF08159.18;PF25121.1
gene-LOC142977969,PF00201.25;PF06722.19
gene-LOC142977974,PF00560.40;PF12799.14;PF13855.13;PF14580.13;PF23598.2
gene-LOC142977975,PF01697.34
gene-LOC142977976,PF08395.18
gene-LOC142977977,PF13898.12
gene-LOC142977978,PF01442.24;PF03036.22
gene-LOC142977979,PF00036.39;PF13405.13;PF13499.13;PF13833.13
gene-LOC142977980,PF13873.13
gene-LOC142977988,PF01344.32;PF07646.22;PF13415.13;PF13418.13;PF13854.13;PF13964.13;PF24681.2;PF24981.2;PF24996.1;PF25210.2;PF25852.1
gene-LOC142977989,PF00035.33
gene-LOC142977991,PF00009.34;PF00025.28;PF00071.29;PF08477.20
gene-LOC142977994,PF11938.14
gene-LOC142977996,PF00067.28
gene-LOC142977999,PF01223.30;PF13930.13
gene-LOC142978000,PF06652.18
gene-LOC142978003,PF01636.30;PF02958.27;PF07914.18
gene-LOC142978005,PF00067.28
gene-LOC142978006,PF01757.29;PF20146.5
gene-LOC142978010,PF00515.35;PF07719.24;PF13181.13;PF13424.13;PF13432.13
gene-LOC142978011,PF00858.30
gene-LOC142978012,PF00561.27;PF04083.23;PF12146.16
gene-LOC142978014,PF00083.31;PF07690.22
gene-LOC142978016,PF00002.30
gene-LOC142978017,PF00002.30
gene-LOC142978020,PF00560.40;PF01462.24;PF12799.14;PF13855.13;PF23598.2
gene-LOC142978021,PF01636.30;PF02958.27;PF07914.18
gene-LOC142978023,PF06159.19;PF12735.14;PF23643.2;PF23647.3;PF26283.1
gene-LOC142978024,PF07228.18;PF13672.12
gene-LOC142978028,PF06585.18
gene-LOC142978032,PF00270.36;PF00271.38
gene-LOC142978033,PF00098.29;PF03732.24
gene-LOC142978037,PF06585.18
gene-LOC142978039,PF01019.28
gene-LOC142978042,PF00089.33
gene-LOC142978043,PF10195.15
gene-LOC142978046,PF06585.18
gene-LOC142978047,PF09742.15;PF12722.13
gene-LOC142978054,PF16061.11
gene-LOC142978055,PF02205.27
gene-LOC142978058,PF05978.23;PF07690.22
gene-LOC142978059,PF00536.38;PF07647.25
gene-LOC142978062,PF00128.32;PF02806.25
gene-LOC142978089,PF13837.13;PF13873.13
gene-LOC142978093,PF01048.27
gene-LOC142978095,PF02089.22;PF05057.21;PF12394.14
gene-LOC142978097,PF01607.30
gene-LOC142978098,PF00209.25
gene-LOC142978101,PF04818.20;PF16566.11
gene-LOC142978102,PF07159.18
gene-LOC142978103,PF00059.28
gene-LOC142978104,PF00378.26;PF16113.11
gene-LOC142978105,PF00378.26;PF16113.11
gene-LOC142978107,PF04117.18
gene-LOC142978110,PF21007.3
gene-LOC142978111,PF12799.14;PF13855.13;PF14580.13
gene-LOC142978113,PF05225.23
gene-LOC142978115,PF00085.27;PF02114.23
gene-LOC142978118,PF00069.32;PF07714.24;PF14531.13
gene-LOC142978124,PF14555.13;PF22566.3
gene-LOC142978127,PF00041.28;PF00047.32;PF00102.33;PF00782.26;PF07679.23;PF07686.24;PF08205.19;PF09294.17;PF13350.12;PF13895.13;PF13927.13;PF14566.12;PF16656.12;PF16893.12;PF22784.2;PF22785.2;PF22971.3;PF23376.2;PF25059.2;PF25788.3;PF25814.2;PF28033.1
gene-LOC142978131,PF01424.29
gene-LOC142978134,PF00459.31
gene-LOC142978135,PF00179.32
gene-LOC142978140,PF10283.15
gene-LOC142978142,PF06151.19;PF08395.18
gene-LOC142978144,PF00169.36;PF15409.14
gene-LOC142978148,PF00781.30;PF19279.5
gene-LOC142978149,PF00023.37;PF12796.14;PF13606.13;PF13637.13;PF13857.13
gene-LOC142978151,PF22593.4
gene-LOC142978152,PF00089.33;PF13365.13
gene-LOC142978153,PF00089.33;PF13365.13
gene-LOC142978154,PF00089.33
gene-LOC142978155,PF00089.33
gene-LOC142978158,PF01535.27;PF12854.14;PF13041.13;PF13812.13;PF17177.11;PF23276.3
gene-LOC142978160,PF06585.18;PF16984.11
gene-LOC142978163,PF09739.15
gene-LOC142978166,PF12906.14;PF23113.2
gene-LOC142978171,PF01485.28;PF22191.3;PF22605.3
gene-LOC142978173,PF01261.31;PF27526.1
gene-LOC142978175,PF07690.22
gene-LOC142978177,PF00651.38;PF13909.13
gene-LOC142978182,PF00773.26;PF17849.8;PF17876.8;PF17877.8
gene-LOC142978183,PF09335.17
gene-LOC142978184,PF01715.24;PF01745.23
gene-LOC142978189,PF00514.30;PF01602.27;PF02985.29;PF12717.14;PF13513.13;PF13646.13;PF24768.2
gene-LOC142978194,PF00076.29;PF23267.2;PF27602.1
gene-LOC142978195,PF00400.39;PF23381.2;PF24796.2;PF24814.2;PF25174.2;PF25175.2
gene-LOC142978198,PF06585.18
gene-LOC142978207,PF00211.26;PF06327.20;PF16214.10
gene-LOC142978208,PF21361.4
gene-LOC142978209,PF00005.34;PF01061.30;PF02463.26;PF13304.13;PF19055.7
gene-LOC142978212,PF01391.24;PF06482.18;PF20010.6
gene-LOC142978213,PF01391.24;PF06482.18;PF20010.6
gene-LOC142978226,PF00270.36;PF00271.38
gene-LOC142978233,PF00135.35;PF07859.20;PF20434.6
gene-LOC142978234,PF00135.35;PF07859.20;PF20434.6
gene-LOC142978236,PF00046.36
gene-LOC142978237,PF01408.29;PF02894.23;PF22725.2
gene-LOC142978238,PF07258.20;PF21672.3
gene-LOC142978239,PF00166.27
gene-LOC142978241,PF00117.35;PF07722.20
gene-LOC142978248,PF05694.18
gene-LOC142978249,PF11715.17;PF23300.4;PF23354.2
gene-LOC142978250,PF00153.33
gene-LOC142978252,PF00790.26;PF03127.20
gene-LOC142978255,PF01490.25
gene-LOC142978256,PF00096.33;PF05605.19;PF12171.15;PF13465.13;PF13894.13;PF13912.13
gene-LOC142978258,PF07690.22
gene-LOC142978259,PF10545.16
gene-LOC142978261,PF08640.18;PF23240.2;PF24892.2
gene-LOC142978264,PF10164.15
gene-LOC142978267,PF27576.1
gene-LOC142978268,PF00168.37;PF08372.17
gene-LOC142978269,PF10699.15
gene-LOC142978272,PF10629.16
gene-LOC142978275,PF00155.28
gene-LOC142978276,PF01597.26
gene-LOC142978285,PF06585.18
gene-LOC142978294,PF22861.2
gene-LOC142978299,PF22861.2
gene-LOC142978300,PF22861.2
gene-LOC142978301,PF06979.19
gene-LOC142978305,PF00153.33
gene-LOC142978307,PF13091.13
gene-LOC142978309,PF14799.12
gene-LOC142978312,PF00169.36;PF01412.24
gene-LOC142978314,PF15264.12
gene-LOC142978316,PF00856.34;PF05033.23
gene-LOC142978320,PF00155.28
gene-LOC142978321,PF09468.17;PF17745.7
gene-LOC142978322,PF00008.34;PF00059.28;PF00431.27;PF25024.1
gene-LOC142978324,PF00561.27;PF04083.23;PF12146.16
gene-LOC142978328,PF00651.38;PF01344.32;PF07646.22;PF07707.22;PF13415.13;PF13964.13;PF24681.2;PF24878.2;PF24981.2;PF24996.1;PF25210.2
gene-LOC142978329,PF00083.31;PF07690.22
gene-LOC142978330,PF00520.38;PF08016.19;PF21381.3
gene-LOC142978341,PF00067.28
gene-LOC142978342,PF10545.16
gene-LOC142978344,PF00400.39;PF11715.17;PF12894.14;PF23341.2;PF23381.2;PF23383.2;PF23393.3;PF23409.2;PF23411.2;PF23414.2;PF23756.2;PF23775.2;PF24105.2;PF24782.3;PF24796.2;PF24805.2;PF24807.2;PF24814.2;PF24817.2;PF25047.1;PF25048.2;PF25168.2;PF25171.2;PF25172.2;PF25173.2;PF25174.2;PF25175.2;PF25391.2
gene-LOC142978345,PF00086.24
gene-LOC142978348,PF00105.25
gene-LOC142978349,PF03148.20
gene-LOC142978356,PF00858.30
gene-LOC142978365,PF00151.26;PF00561.27
gene-LOC142978366,PF05485.18
gene-LOC142978367,PF00514.30;PF01602.27;PF02985.29;PF13646.13;PF23227.2;PF24768.2;PF25598.2
gene-LOC142978368,PF00291.32
gene-LOC142978371,PF00270.36;PF00271.38;PF04851.22
gene-LOC142978372,PF00085.27;PF13848.13
gene-LOC142978373,PF05219.18;PF08241.19;PF08242.19;PF13489.13
gene-LOC142978374,PF01423.29
gene-LOC142978375,PF10545.16
gene-LOC142978377,PF03148.20
gene-LOC142978379,PF07019.18
gene-LOC142978381,PF00291.32
gene-LOC142978383,PF13621.13
gene-LOC142978384,PF00240.30;PF25343.2
gene-LOC142978385,PF09532.16;PF12701.14
gene-LOC142978387,PF00106.32;PF08659.17;PF13561.13
gene-LOC142978389,PF10180.15
gene-LOC142978391,PF08652.18
gene-LOC142978392,PF00085.27;PF13098.14;PF20207.5
gene-LOC142978395,PF00702.33;PF13242.13;PF13344.13
gene-LOC142978396,PF00505.26;PF09011.17
gene-LOC142978402,PF12799.14;PF13516.13;PF13855.13;PF23622.2;PF25013.1;PF25372.2
gene-LOC142978404,PF16051.11
gene-LOC142978405,PF16984.11
gene-LOC142978406,PF00270.36;PF00271.38;PF04851.22
gene-LOC142978411,PF00155.28
gene-LOC142978413,PF00782.26
gene-LOC142978414,PF00057.24;PF00431.27;PF25090.1
gene-LOC142978422,PF10601.15
gene-LOC142978423,PF00155.28
gene-LOC142978424,PF05832.18
gene-LOC142978426,PF00566.26;PF23436.2
gene-LOC142978427,PF00106.32;PF13561.13
gene-LOC142978428,PF14937.12
gene-LOC142978431,PF01391.24;PF06482.18
gene-LOC142978434,PF21361.4;PF21362.4
gene-LOC142978435,PF02949.26
gene-LOC142978438,PF09429.16
gene-LOC142978440,PF00651.38;PF07534.23;PF07707.22
gene-LOC142978445,PF00071.29
gene-LOC142978446,PF14799.12
gene-LOC142978453,PF00560.40;PF12799.14;PF13855.13;PF23211.1;PF23598.2
gene-LOC142978454,PF13639.13
gene-LOC142978456,PF13499.13
gene-LOC142978457,PF07779.19
gene-LOC142978458,PF00151.26
gene-LOC142978459,PF04087.20
gene-LOC142978460,PF04087.20
gene-LOC142978461,PF04117.18
gene-LOC142978465,PF00023.37;PF00515.35;PF07719.24;PF12796.14;PF12799.14;PF13176.13;PF13424.13;PF13516.13;PF13606.13;PF13637.13;PF13857.13;PF17874.8;PF24521.3
gene-LOC142978467,PF09788.15
gene-LOC142978468,PF14945.13
gene-LOC142978469,PF05517.19
gene-LOC142978473,PF00560.40;PF13516.13
gene-LOC142978481,PF01607.30
gene-LOC142978482,PF10545.16;PF13837.13;PF13873.13
gene-LOC142978487,PF00105.25
gene-LOC142978494,PF01636.30;PF02958.27;PF07914.18
gene-LOC142978495,PF01636.30;PF02958.27;PF07914.18
gene-LOC142978496,PF13091.13
gene-LOC142978501,PF00270.36;PF00271.38
gene-LOC142978503,PF00014.29
gene-LOC142978505,PF09749.16
gene-LOC142978506,PF04718.21
gene-LOC142978508,PF00919.27;PF01938.27;PF04055.28
gene-LOC142978512,PF10294.16
gene-LOC142978514,PF00474.24
gene-LOC142978516,PF24787.2
gene-LOC142978518,PF00561.27;PF04083.23
gene-LOC142978522,PF10545.16
gene-LOC142978526,PF00071.29;PF08477.20
gene-LOC142978527,PF00209.25
gene-LOC142978528,PF01432.27
gene-LOC142978529,PF04969.23;PF07719.24
gene-LOC142978530,PF00642.31;PF16131.12;PF16543.11;PF18044.8;PF18345.8;PF25585.2
gene-LOC142978531,PF02126.26
gene-LOC142978533,PF01073.26;PF01370.28;PF04321.24;PF07993.19;PF16363.12
gene-LOC142978537,PF00270.36;PF00271.38;PF04851.22
gene-LOC142978538,PF01636.30;PF02958.27;PF07914.18
gene-LOC142978539,PF01636.30;PF02958.27;PF07914.18
gene-LOC142978544,PF00378.26
gene-LOC142978547,PF09696.16
gene-LOC142978549,PF00088.25;PF01055.33;PF13802.13;PF21365.4
gene-LOC142978550,PF15995.11
gene-LOC142978551,PF00615.25;PF00787.30;PF02194.21
gene-LOC142978552,PF01151.24
gene-LOC142978556,PF07572.18
gene-LOC142978558,PF10190.15
gene-LOC142978559,PF08168.17;PF20998.4
gene-LOC142978561,PF00076.29
gene-LOC142978562,PF14964.12
gene-LOC142978563,PF12923.13
gene-LOC142978566,PF00227.32;PF10584.15
gene-LOC142978569,PF15236.12
gene-LOC142978573,PF03399.23
gene-LOC142978574,PF00001.27
gene-LOC142978575,PF10177.15
gene-LOC142978576,PF00385.31;PF01393.27;PF11717.15
gene-LOC142978577,PF18800.7
gene-LOC142978578,PF01607.30
gene-LOC142978583,PF04117.18
gene-LOC142978586,PF00202.28;PF07973.20
gene-LOC142978587,PF15882.11
gene-LOC142978589,PF00698.27
gene-LOC142978592,PF00089.33;PF09342.17;PF13365.13
gene-LOC142978593,PF00046.36
gene-LOC142978594,PF00135.35;PF07859.20;PF20434.6
gene-LOC142978596,PF13863.12
gene-LOC142978598,PF07690.22
gene-LOC142978599,PF00005.34;PF00664.29;PF01926.30;PF02463.26
gene-LOC142978601,PF00583.32
gene-LOC142978602,PF08698.17
gene-LOC142978604,PF07926.18;PF25481.2;PF25785.2
gene-LOC142978606,PF00075.31;PF00078.33
gene-LOC142978607,PF18044.8
gene-LOC142978608,PF15375.12
gene-LOC142978612,PF00122.26;PF00689.27;PF00690.32;PF00702.33;PF13246.13
gene-LOC142978613,PF01244.28
gene-LOC142978620,PF00789.27;PF11470.15
gene-LOC142978671,PF00107.33;PF08240.18;PF16912.12
gene-LOC142978675,PF00067.28
gene-LOC142978676,PF00067.28
gene-LOC142978677,PF01607.30;PF03427.18
gene-LOC142978679,PF14975.12
gene-LOC142978680,PF22675.3
gene-LOC142978681,PF01813.23
gene-LOC142978685,PF00083.31;PF07690.22;PF12832.14
gene-LOC142978688,PF03828.25;PF22600.3
gene-LOC142978691,PF00270.36;PF00271.38;PF01424.29;PF04146.22;PF07717.23;PF12796.14;PF21010.3;PF26026.1
gene-LOC142978692,PF00400.39;PF03920.21;PF12894.14;PF20426.5;PF23381.2;PF23383.2;PF23393.3;PF23409.2;PF23414.2;PF23869.2;PF24105.2;PF24780.2;PF24782.3;PF24796.2;PF24805.2;PF24807.2;PF24814.2;PF24817.2;PF25047.1;PF25168.2;PF25171.2;PF25172.2;PF25173.2;PF25174.2;PF25175.2;PF25391.2;PF25460.2
gene-LOC142978695,PF00047.32;PF07679.23;PF07686.24;PF13895.13;PF13927.13;PF22854.3
gene-LOC142978698,PF00188.33
gene-LOC142978699,PF01607.30
gene-LOC142978700,PF01607.30
gene-LOC142978701,PF01607.30
gene-LOC142978702,PF01607.30
gene-LOC142978708,PF02893.27
gene-LOC142978710,PF01055.33;PF21365.4
gene-LOC142978711,PF00156.34;PF13793.13;PF14572.13
gene-LOC142978713,PF08285.17
gene-LOC142978715,PF12678.14;PF13639.13;PF13923.13;PF14369.12;PF14634.13;PF17123.12
gene-LOC142978716,PF04427.24
gene-LOC142978717,PF00112.30;PF08246.18
gene-LOC142978718,PF02949.26;PF08395.18
gene-LOC142978720,PF00650.26;PF28528.1
gene-LOC142978721,PF00650.26;PF28528.1
gene-LOC142978722,PF00650.26;PF28528.1
gene-LOC142978724,PF20412.4
gene-LOC142978725,PF15430.12
gene-LOC142978727,PF00855.24
gene-LOC142978728,PF00083.31;PF07690.22
gene-LOC142978729,PF00240.30;PF06586.18;PF10302.16;PF10790.16;PF11069.14;PF11545.15;PF11976.15;PF12977.13;PF13860.13;PF13881.13;PF14560.13;PF17529.7;PF18036.9;PF18037.8;PF18396.8;PF20147.6;PF20170.5;PF21403.5;PF21989.3;PF22820.3;PF23326.2;PF28550.1
gene-LOC142978730,PF16589.13;PF18104.8;PF18115.8;PF18428.8
gene-LOC142978736,PF00858.30
gene-LOC142978740,PF03031.25
gene-LOC142978744,PF10545.16
gene-LOC142978749,PF00400.39;PF09384.16;PF12894.14;PF13570.14;PF23098.2;PF23342.2;PF23381.2;PF23393.3;PF23409.2;PF23414.2;PF23419.3;PF23609.2;PF23775.2;PF23798.2;PF23869.2;PF24017.3;PF24105.2;PF24780.2;PF24782.3;PF24796.2;PF24805.2;PF24807.2;PF24814.2;PF24817.2;PF25047.1;PF25048.2;PF25168.2;PF25171.2;PF25172.2;PF25173.2;PF25174.2;PF25175.2;PF25178.1;PF25391.2;PF25460.2
gene-LOC142978751,PF01754.23;PF02338.26
gene-LOC142978752,PF00795.28
gene-LOC142978753,PF00046.36
gene-LOC142978755,PF00076.29
gene-LOC142978756,PF00083.31;PF07690.22
gene-LOC142978757,PF00047.32;PF07679.23;PF07686.24;PF13895.13;PF13927.13;PF22854.3
gene-LOC142978758,PF00082.28;PF01483.28;PF16470.11
gene-LOC142978759,PF00561.27;PF05577.19
gene-LOC142978760,PF12416.14
gene-LOC142978761,PF06602.20
gene-LOC142978762,PF01391.24;PF14670.13
gene-LOC142978763,PF27698.1
gene-LOC142978767,PF00650.26
gene-LOC142978768,PF00179.32;PF05773.28
gene-LOC142978772,PF00560.40;PF12799.14;PF13855.13;PF23211.1;PF23598.2;PF25344.2
gene-LOC142978773,PF00069.32;PF07714.24
gene-LOC142978776,PF00067.28
gene-LOC142978777,PF01585.29;PF12656.13
gene-LOC142978778,PF00008.34;PF00683.23;PF06247.18;PF07645.22;PF12661.14;PF12662.14;PF12947.14;PF14670.13
gene-LOC142978780,PF09360.16
gene-LOC142978781,PF00379.30
gene-LOC142978782,PF15065.12
gene-LOC142978783,PF01055.33;PF21365.4
gene-LOC142978785,PF00096.33;PF13465.13
gene-LOC142978786,PF15868.11
gene-LOC142978787,PF00067.28
gene-LOC142978788,PF00089.33
gene-LOC142978789,PF00250.25
gene-LOC142978791,PF00047.32;PF07679.23;PF07686.24;PF13895.13;PF13927.13;PF18452.8;PF22705.3;PF22971.3
gene-LOC142978792,PF00047.32;PF07679.23;PF07686.24;PF13895.13;PF13927.13;PF22854.3
gene-LOC142978795,PF10545.16
gene-LOC142978797,PF00069.32;PF00211.26;PF07714.24
gene-LOC142978798,PF00243.25
gene-LOC142978801,PF01055.33;PF21365.4
gene-LOC142978802,PF01055.33;PF21365.4
gene-LOC142978803,PF00487.31
gene-LOC142978804,PF22589.3
gene-LOC142978806,PF22589.3
gene-LOC142978808,PF00047.32;PF07679.23;PF07686.24;PF13927.13
gene-LOC142978810,PF17035.11
gene-LOC142978812,PF00047.32;PF07679.23;PF07686.24;PF13895.13;PF13927.13;PF22971.3
gene-LOC142978813,PF08772.17;PF17146.11
gene-LOC142978814,PF09757.16;PF22749.3
gene-LOC142978818,PF07258.20;PF21672.3
gene-LOC142978821,PF00069.32;PF01094.35;PF07714.24
gene-LOC142978822,PF00651.38;PF07707.22;PF08005.18
gene-LOC142978823,PF00339.35;PF02752.28
gene-LOC142978824,PF07841.19
gene-LOC142978826,PF00067.28
gene-LOC142978827,PF00169.36;PF00617.25;PF00618.26;PF00621.26;PF15413.13;PF22697.3
gene-LOC142978828,PF21267.4
gene-LOC142978829,PF00324.28;PF03522.21;PF13520.13
gene-LOC142978830,PF00112.30
gene-LOC142978831,PF00047.32;PF07679.23;PF07686.24;PF13895.13;PF13927.13;PF22971.3
gene-LOC142978834,PF00583.32;PF13480.14;PF13508.14;PF13673.14
gene-LOC142978836,PF08571.16
gene-LOC142978842,PF07841.19
gene-LOC142978843,PF00561.27;PF05577.19
gene-LOC142978844,PF00320.34;PF24458.2
gene-LOC142978845,PF00443.36;PF02148.26;PF13423.13
gene-LOC142978846,PF02949.26
gene-LOC142978847,PF00067.28
gene-LOC142978848,PF14705.13
gene-LOC142978849,PF11600.15;PF12253.14
gene-LOC142978850,PF10568.16;PF17171.10;PF17172.11
gene-LOC142978851,PF00650.26
gene-LOC142978852,PF00013.36;PF13920.13;PF24668.2
gene-LOC142978855,PF00379.30
gene-LOC142978859,PF07841.19
gene-LOC142978861,PF00153.33
gene-LOC142978863,PF00795.28
gene-LOC142978865,PF00096.33;PF13465.13;PF13894.13;PF13912.13
gene-LOC142978866,PF07690.22;PF12832.14
gene-LOC142978867,PF00082.28;PF00757.26;PF01483.28;PF14843.12;PF15913.11;PF16470.11
gene-LOC142978868,PF00952.24
gene-LOC142978870,PF00201.25;PF06722.19
gene-LOC142978872,PF07841.19
gene-LOC142978875,PF00320.34;PF24458.2
gene-LOC142978878,PF07841.19
gene-LOC142978880,PF03366.23
gene-LOC142978882,PF00400.39;PF02239.23;PF07676.19;PF08662.18;PF12894.14;PF13570.14;PF16529.12;PF16755.12;PF17005.12;PF20426.5;PF21029.4;PF23098.2;PF23215.1;PF23342.2;PF23381.2;PF23383.2;PF23389.2;PF23393.3;PF23409.2;PF23410.5;PF23411.2;PF23414.2;PF23419.3;PF23586.3;PF23609.2;PF23756.2;PF23761.2;PF23775.2;PF23798.2;PF23869.2;PF24017.3;PF24105.2;PF24780.2;PF24782.3;PF24796.2;PF24797.2;PF24805.2;PF24807.2;PF24814.2;PF24817.2;PF25047.1;PF25048.2;PF25168.2;PF25171.2;PF25172.2;PF25173.2;PF25174.2;PF25175.2;PF25178.1;PF25391.2;PF25460.2;PF25499.3;PF26550.2
gene-LOC142978883,PF00400.39;PF02239.23;PF08662.18;PF12894.14;PF13570.14;PF16529.12;PF16755.12;PF17005.12;PF20426.5;PF21032.3;PF23098.2;PF23341.2;PF23342.2;PF23381.2;PF23383.2;PF23389.2;PF23393.3;PF23409.2;PF23410.5;PF23411.2;PF23414.2;PF23586.3;PF23609.2;PF23756.2;PF23775.2;PF23798.2;PF23869.2;PF24017.3;PF24105.2;PF24780.2;PF24782.3;PF24796.2;PF24797.2;PF24805.2;PF24807.2;PF24814.2;PF24817.2;PF25047.1;PF25048.2;PF25168.2;PF25171.2;PF25172.2;PF25173.2;PF25174.2;PF25175.2;PF25178.1;PF25391.2;PF25460.2;PF26550.2
gene-LOC142978884,PF00106.32;PF08659.17;PF13561.13
gene-LOC142978885,PF00004.36;PF17862.8
gene-LOC142978887,PF02949.26
gene-LOC142978888,PF00852.27;PF17039.11
gene-LOC142978890,PF10545.16;PF13837.13;PF13873.13
gene-LOC142978891,PF00078.33;PF14214.12;PF23343.3
gene-LOC142978892,PF00467.36;PF12656.13
gene-LOC142978894,PF00628.36;PF27108.1
gene-LOC142978897,PF02892.22;PF05699.20;PF27039.1;PF27041.1
gene-LOC142978898,PF00339.35;PF02752.28
gene-LOC142978899,PF00583.32;PF13508.14;PF13673.14
gene-LOC142978900,PF00339.35;PF02752.28
gene-LOC142978902,PF00339.35;PF02752.28
gene-LOC142978905,PF01826.24
gene-LOC142978906,PF00379.30
gene-LOC142978907,PF00028.24;PF23592.1;PF28393.1
gene-LOC142978908,PF00379.30
gene-LOC142978914,PF03061.29
gene-LOC142978915,PF15868.11
gene-LOC142978919,PF07841.19
gene-LOC142978921,PF11901.14
gene-LOC142978927,PF00515.35;PF07719.24;PF13181.13;PF13414.13;PF13431.13;PF25575.1
gene-LOC142978929,PF00067.28
gene-LOC142978930,PF25273.1
gene-LOC142978931,PF00047.32;PF07679.23;PF07686.24;PF13895.13;PF13927.13;PF22854.3
gene-LOC142978934,PF00339.35;PF02752.28
gene-LOC142978937,PF00089.33
gene-LOC142978938,PF00082.28;PF00757.26;PF01483.28;PF14843.12;PF15913.11;PF16470.11
gene-LOC142978941,PF05529.18
gene-LOC142978942,PF00795.28
gene-LOC142978944,PF07841.19
gene-LOC142978945,PF00650.26;PF28528.1
gene-LOC142978946,PF00069.32;PF01094.35;PF07714.24
gene-LOC142978949,PF14719.13
gene-LOC142978950,PF00151.26
gene-LOC142978952,PF00083.31;PF06609.19;PF07690.22
gene-LOC142978955,PF00067.28
gene-LOC142978956,PF00067.28
gene-LOC142978957,PF00096.33;PF07776.22;PF12171.15;PF13465.13;PF13894.13
gene-LOC142978958,PF00067.28
gene-LOC142978960,PF00067.28
gene-LOC142978961,PF00106.32;PF08659.17;PF13561.13
gene-LOC142978962,PF07841.19
gene-LOC142978964,PF00151.26
gene-LOC142978966,PF25325.2
gene-LOC142978970,PF00069.32;PF01094.35;PF07714.24
gene-LOC142978972,PF00535.33;PF10111.15
gene-LOC142978973,PF00675.26
gene-LOC142978976,PF00270.36;PF00271.38;PF07717.23;PF24485.2
gene-LOC142978978,PF03184.26;PF13358.13
gene-LOC142978979,PF00151.26
gene-LOC142978980,PF00106.32;PF08659.17;PF13561.13
gene-LOC142978981,PF00047.32;PF07679.23;PF07686.24;PF13895.13;PF13927.13
gene-LOC142978983,PF00047.32;PF07679.23;PF07686.24;PF13895.13;PF13927.13
gene-LOC142978987,PF01400.32
gene-LOC142978988,PF00069.32;PF01094.35;PF07714.24
gene-LOC142978989,PF07841.19
gene-LOC142978992,PF00009.34;PF00679.31;PF03144.32;PF22042.3;PF25118.2
gene-LOC142979001,PF00795.28
gene-LOC142979003,PF00240.30;PF10302.16;PF10790.16;PF11545.15;PF11976.15;PF12977.13;PF13860.13;PF13881.13;PF14560.13;PF17529.7;PF18036.9;PF18037.8;PF18396.8;PF20170.5;PF21403.5;PF21989.3;PF23326.2;PF28550.1
gene-LOC142979005,PF00067.28
gene-LOC142979006,PF00067.28
gene-LOC142979008,PF03366.23;PF17793.7;PF20305.5
gene-LOC142979010,PF06413.18
gene-LOC142979011,PF00102.33
gene-LOC142979015,PF03133.21;PF14398.12
gene-LOC142979021,PF00076.29;PF12799.14;PF24758.2
gene-LOC142979023,PF10171.15
gene-LOC142979024,PF02197.23
gene-LOC142979027,PF00179.32
gene-LOC142979028,PF00063.28;PF00130.29;PF00612.34;PF00620.33;PF00788.30
gene-LOC142979030,PF04031.19
gene-LOC142979031,PF00067.28
gene-LOC142979033,PF00153.33
gene-LOC142979035,PF00092.35;PF08399.17;PF08473.18;PF13519.13
gene-LOC142979037,PF00135.35;PF20434.6
gene-LOC142979038,PF00023.37;PF12796.14;PF13606.13;PF13637.13;PF13857.13;PF23745.2;PF24521.3
gene-LOC142979040,PF00107.33;PF08240.18;PF16912.12
gene-LOC142979041,PF01055.33;PF21365.4
gene-LOC142979042,PF16021.11
gene-LOC142979044,PF00201.25;PF06722.19
gene-LOC142979045,PF01593.31;PF13450.13
gene-LOC142979046,PF15038.12
gene-LOC142979049,PF00400.39;PF04564.22;PF12894.14;PF20426.5;PF23342.2;PF23381.2;PF23383.2;PF23393.3;PF23409.2;PF23410.5;PF23414.2;PF23775.2;PF23869.2;PF24017.3;PF24105.2;PF24780.2;PF24782.3;PF24796.2;PF24805.2;PF24807.2;PF24814.2;PF24817.2;PF25047.1;PF25048.2;PF25168.2;PF25171.2;PF25172.2;PF25173.2;PF25174.2;PF25175.2;PF25391.2;PF25460.2
gene-LOC142979051,PF23415.2;PF25281.1
gene-LOC142979053,PF00201.25;PF06722.19
gene-LOC142979054,PF00646.39;PF12937.13
gene-LOC142979055,PF00078.33;PF00665.33;PF05380.19;PF17921.8
gene-LOC142979056,PF00324.28;PF03522.21;PF13520.13
gene-LOC142979057,PF01607.30
gene-LOC142979058,PF01607.30;PF20638.4
gene-LOC142979059,PF00078.33;PF03564.22;PF05380.19;PF17921.8;PF18701.7
gene-LOC142979060,PF00078.33;PF25298.2
gene-LOC142979061,PF00732.26;PF05199.20
gene-LOC142979062,PF22589.3
gene-LOC142979063,PF00135.35
gene-LOC142979064,PF07841.19
gene-LOC142979065,PF07841.19
gene-LOC142979066,PF07841.19
gene-LOC142979068,PF00089.33
gene-LOC142979071,PF00067.28
gene-LOC142979072,PF00067.28
gene-LOC142979073,PF00067.28
gene-LOC142979074,PF00067.28
gene-LOC142979075,PF00067.28
gene-LOC142979076,PF00067.28
gene-LOC142979078,PF00067.28
gene-LOC142979079,PF00023.37;PF12796.14;PF13606.13;PF13637.13;PF13857.13;PF23745.2;PF24521.3
gene-LOC142979080,PF00170.27;PF03131.23;PF07716.21
gene-LOC142979081,PF00067.28
gene-LOC142979083,PF00240.30
gene-LOC142979084,PF13640.13
gene-LOC142979085,PF00076.29;PF16131.12;PF16842.12;PF18345.8;PF21369.4;PF25584.1;PF25701.1
gene-LOC142979107,PF00135.35
gene-LOC142979113,PF00919.27;PF04055.28
gene-LOC142979114,PF15473.12
gene-LOC142979115,PF03006.27
gene-LOC142979117,PF14977.12
gene-LOC142979119,PF10495.15;PF27598.1
gene-LOC142979120,PF13868.12
gene-LOC142979125,PF00118.30
gene-LOC142979126,PF05517.19
gene-LOC142979129,PF00023.37;PF12796.14;PF13606.13;PF13637.13;PF13857.13;PF24521.3
gene-LOC142979130,PF05482.19
gene-LOC142979132,PF00046.36;PF00292.25;PF05920.18;PF13384.13;PF13565.13
gene-LOC142979134,PF00096.33;PF00651.38;PF13465.13
gene-LOC142979135,PF02174.24
gene-LOC142979137,PF00370.28
gene-LOC142979138,PF00098.29;PF27939.1
gene-LOC142979143,PF00501.35
gene-LOC142979145,PF00043.31;PF02798.27;PF13417.13;PF14497.12
gene-LOC142979146,PF00043.31;PF02798.27;PF13409.13;PF13417.13;PF14497.12
gene-LOC142979147,PF00043.31;PF02798.27;PF13417.13;PF14497.12
gene-LOC142979148,PF00067.28
gene-LOC142979149,PF02798.27;PF13409.13;PF13417.13;PF14497.12
gene-LOC142979150,PF00043.31;PF02798.27;PF14497.12
gene-LOC142979151,PF00043.31;PF02798.27;PF13417.13;PF14497.12
gene-LOC142979152,PF00043.31;PF02798.27;PF13410.12;PF14497.12
gene-LOC142979155,PF10273.15
gene-LOC142979156,PF00389.37;PF02826.26
gene-LOC142979158,PF00300.28;PF01591.25;PF08433.17;PF13671.13
gene-LOC142979159,PF00648.28;PF01067.29
gene-LOC142979162,PF00362.25;PF07974.20;PF23105.2
gene-LOC142979163,PF00106.32;PF08659.17;PF13561.13
gene-LOC142979168,PF18044.8;PF18345.8;PF27634.1;PF27899.1
gene-LOC142979169,PF00400.39;PF08662.18;PF12894.14;PF16529.12;PF20426.5;PF23098.2;PF23215.1;PF23342.2;PF23381.2;PF23383.2;PF23389.2;PF23393.3;PF23409.2;PF23410.5;PF23414.2;PF23419.3;PF23609.2;PF23761.2;PF23769.2;PF23770.2;PF23775.2;PF23798.2;PF23869.2;PF24017.3;PF24105.2;PF24780.2;PF24782.3;PF24796.2;PF24805.2;PF24807.2;PF24814.2;PF24817.2;PF25047.1;PF25048.2;PF25168.2;PF25171.2;PF25172.2;PF25173.2;PF25174.2;PF25175.2;PF25178.1;PF25391.2;PF25460.2
gene-LOC142979170,PF00091.32;PF03953.23
gene-LOC142979171,PF13864.12
gene-LOC142979173,PF00334.25
gene-LOC142979174,PF05485.18;PF21787.4;PF21788.3
gene-LOC142979175,PF12017.14;PF21787.4
gene-LOC142979176,PF10545.16;PF13873.13
gene-LOC142979177,PF01082.26;PF03351.23;PF03712.21
gene-LOC142979178,PF00135.35;PF07859.20;PF20434.6
gene-LOC142979179,PF00091.32;PF03953.23
gene-LOC142979180,PF07738.20;PF14652.12
gene-LOC142979184,PF04969.23;PF09032.17
gene-LOC142979186,PF00383.30;PF08211.19
gene-LOC142979187,PF01513.27;PF20143.5
gene-LOC142979188,PF00130.29;PF00169.36;PF00536.38;PF00609.25;PF00781.30;PF07647.25
gene-LOC142979196,PF07690.22
gene-LOC142979200,PF00389.37;PF02826.26
gene-LOC142979201,PF00389.37;PF02826.26
gene-LOC142979202,PF00389.37;PF02826.26
gene-LOC142979204,PF00091.32;PF03953.23
gene-LOC142979206,PF08231.18
gene-LOC142979207,PF00293.35
gene-LOC142979208,PF00293.35
gene-LOC142979209,PF00050.27;PF07648.21
gene-LOC142979210,PF04438.23
gene-LOC142979211,PF00050.27;PF07648.21
gene-LOC142979214,PF03962.22;PF18517.7
gene-LOC142979215,PF01465.26
gene-LOC142979217,PF13649.13;PF13679.13;PF13847.13
gene-LOC142979218,PF01145.32
gene-LOC142979222,PF01585.29;PF12796.14
gene-LOC142979224,PF13873.13
gene-LOC142979225,PF15009.13
gene-LOC142979226,PF01369.26;PF09324.16;PF09342.17;PF16213.12
gene-LOC142979231,PF13920.13
gene-LOC142979232,PF00151.26
gene-LOC142979234,PF00056.30
gene-LOC142979235,PF00153.33
gene-LOC142979239,PF04979.20
gene-LOC142979241,PF00078.33;PF26215.1;PF28514.1
gene-LOC142979242,PF02735.23;PF03731.22;PF08785.17
gene-LOC142979243,PF00328.28
gene-LOC142979246,PF00096.33;PF05485.18;PF12171.15;PF13465.13;PF13894.13
gene-LOC142979247,PF04410.21
gene-LOC142979248,PF00702.33;PF13419.13
gene-LOC142979249,PF00373.24;PF00595.30;PF17820.8
gene-LOC142979252,PF24758.2
gene-LOC142979253,PF10523.16
gene-LOC142979255,PF00023.37;PF12796.14;PF13606.13;PF13637.13;PF13857.13
gene-LOC142979256,PF05051.19
gene-LOC142979258,PF00089.33
gene-LOC142979268,PF11707.14;PF16201.11
gene-LOC142979270,PF01106.23;PF08712.17
gene-LOC142979271,PF10545.16
gene-LOC142979272,PF01163.29
gene-LOC142979277,PF00106.32;PF08659.17;PF13561.13;PF23441.1
gene-LOC142979278,PF01344.32;PF07646.22;PF13415.13;PF13418.13;PF13854.13;PF13964.13;PF24681.2;PF24981.2;PF24996.1
gene-LOC142979283,PF00372.25;PF03722.20;PF03723.21
gene-LOC142979284,PF00096.33;PF12171.15;PF12874.14;PF13465.13;PF13894.13;PF13912.13
gene-LOC142979289,PF09726.15
gene-LOC142979290,PF00036.39;PF13202.13;PF13405.13;PF13499.13;PF13833.13
gene-LOC142979294,PF07690.22
gene-LOC142979297,PF00372.25;PF03722.20;PF03723.21
gene-LOC142979298,PF00083.31;PF07690.22
gene-LOC142979299,PF00049.24
gene-LOC142979300,PF00049.24
gene-LOC142979301,PF00049.24
gene-LOC142979302,PF00049.24
gene-LOC142979303,PF00049.24
gene-LOC142979305,PF01490.25
gene-LOC142979306,PF04615.19
gene-LOC142979308,PF00083.31;PF07690.22
gene-LOC142979310,PF00372.25;PF03722.20;PF03723.21
gene-LOC142979311,PF00372.25;PF03723.21
gene-LOC142979313,PF13696.12;PF17180.11;PF23490.1
gene-LOC142979314,PF00168.37
gene-LOC142979316,PF02949.26
gene-LOC142979317,PF10545.16
gene-LOC142979318,PF00083.31;PF07690.22
gene-LOC142979320,PF00246.30
gene-LOC142979321,PF00246.30
gene-LOC142979323,PF00372.25;PF03722.20;PF03723.21
gene-LOC142979325,PF10545.16
gene-LOC142979327,PF05497.18
gene-LOC142979329,PF03092.23;PF07690.22
gene-LOC142979330,PF01557.24
gene-LOC142979334,PF16038.11
gene-LOC142979335,PF00050.27;PF07648.21
gene-LOC142979336,PF00017.31
gene-LOC142979337,PF00041.28;PF10179.16;PF19433.6;PF24354.2
gene-LOC142979340,PF26080.1
gene-LOC142979341,PF07842.18
gene-LOC142979342,PF04420.20
gene-LOC142979343,PF00650.26;PF13716.12
gene-LOC142979346,PF17064.12
gene-LOC142979347,PF00173.34;PF00175.27;PF00970.31
gene-LOC142979348,PF10545.16
gene-LOC142979351,PF00704.35
gene-LOC142979352,PF00106.32;PF08659.17;PF13561.13
gene-LOC142979354,PF00750.26;PF03485.22;PF05746.22
gene-LOC142979355,PF00245.26
gene-LOC142979356,PF15072.13
gene-LOC142979357,PF00106.32;PF08659.17;PF13561.13;PF23441.1
gene-LOC142979358,PF02949.26
gene-LOC142979359,PF13649.13;PF22528.2
gene-LOC142979362,PF00106.32;PF08659.17;PF13561.13;PF23441.1
gene-LOC142979363,PF10545.16
gene-LOC142979364,PF02944.26;PF10545.16
gene-LOC142979366,PF01425.27
gene-LOC142979367,PF00560.40;PF12799.14;PF13516.13;PF13855.13;PF14580.13;PF23598.2
gene-LOC142979369,PF00096.33;PF07776.22;PF12874.14;PF13894.13
gene-LOC142979370,PF00076.29;PF00160.27
gene-LOC142979371,PF00004.36;PF00439.31;PF17862.8
gene-LOC142979373,PF00003.29;PF22572.3
gene-LOC142979374,PF05859.18
gene-LOC142979375,PF14772.12;PF14775.12
gene-LOC142979377,PF00568.30;PF00786.34;PF02205.27
gene-LOC142979378,PF00801.27;PF02010.22;PF05345.19;PF07495.20;PF15418.13;PF17963.8;PF18911.7;PF22352.3
gene-LOC142979379,PF00169.36;PF00595.30;PF17820.8
gene-LOC142979382,PF00078.33;PF26215.1;PF28514.1
gene-LOC142979383,PF00069.32;PF07714.24
gene-LOC142979384,PF12799.14;PF13855.13
gene-LOC142979386,PF00083.31;PF07690.22
gene-LOC142979387,PF00023.37;PF12796.14;PF13606.13;PF13637.13;PF13857.13
gene-LOC142979388,PF00415.25;PF13540.13;PF25384.2;PF25390.2
gene-LOC142979389,PF10523.16
gene-LOC142979390,PF01454.26
gene-LOC142979393,PF00106.32;PF08659.17;PF13561.13;PF23441.1
gene-LOC142979395,PF00050.27;PF07648.21
gene-LOC142979396,PF00025.28;PF00071.29;PF08477.20
gene-LOC142979398,PF02827.22
gene-LOC142979401,PF00050.27;PF07648.21;PF21287.4
gene-LOC142979403,PF01347.29;PF19444.5
gene-LOC142979404,PF05497.18
gene-LOC142979406,PF07946.20
gene-LOC142979407,PF00270.36;PF00271.38;PF25430.2
gene-LOC142979408,PF01769.22
gene-LOC142979411,PF04750.20
gene-LOC142979412,PF15503.12
gene-LOC142979413,PF00153.33
gene-LOC142979416,PF09769.15
gene-LOC142979418,PF00106.32;PF08659.17;PF13561.13;PF23441.1
gene-LOC142979419,PF01392.29;PF01534.24
gene-LOC142979420,PF02845.23
gene-LOC142979421,PF07910.20
gene-LOC142979424,PF00034.27;PF13442.12
gene-LOC142979425,PF20920.3
gene-LOC142979427,PF00050.27;PF07648.21
gene-LOC142979428,PF00044.31;PF02800.26
gene-LOC142979432,PF00245.26
gene-LOC142979433,PF00046.36;PF00292.25;PF05920.18;PF13384.13;PF13565.13
gene-LOC142979434,PF22073.3
gene-LOC142979436,PF00560.40;PF01582.26;PF12799.14;PF13306.13;PF13676.12;PF13855.13
gene-LOC142979444,PF03638.22
gene-LOC142979446,PF00050.27;PF07648.21;PF21287.4
gene-LOC142979447,PF00050.27;PF07648.21;PF21287.4
gene-LOC142979449,PF07690.22
gene-LOC142979455,PF17064.12
gene-LOC142979456,PF00245.26
gene-LOC142979458,PF00640.30;PF14719.13
gene-LOC142979461,PF04547.18;PF16178.11
gene-LOC142979463,PF05497.18
gene-LOC142979464,PF13873.13
gene-LOC142979465,PF00856.34;PF01753.25
gene-LOC142979468,PF01826.24
gene-LOC142979470,PF05485.18
gene-LOC142979471,PF00083.31;PF07690.22
gene-LOC142979472,PF07690.22
gene-LOC142979474,PF00107.33;PF08240.18;PF13602.13
gene-LOC142979475,PF00036.39;PF13202.13;PF13405.13;PF13499.13;PF13833.13
gene-LOC142979476,PF00853.25
gene-LOC142979477,PF02847.24;PF02854.26
gene-LOC142979479,PF10545.16
gene-LOC142979484,PF00107.33;PF08240.18
gene-LOC142979486,PF17064.12
gene-LOC142979487,PF17064.12
gene-LOC142979488,PF07809.17
gene-LOC142979489,PF02709.21;PF13733.13
gene-LOC142979490,PF00400.39;PF12894.14;PF23381.2;PF23383.2;PF23389.2;PF23414.2;PF23775.2;PF24807.2;PF24814.2;PF24817.2;PF25173.2;PF25174.2;PF25175.2;PF25460.2
gene-LOC142979491,PF00505.26;PF09011.17;PF24815.2
gene-LOC142979493,PF00010.32;PF07527.19
gene-LOC142979494,PF16012.11
gene-LOC142979495,PF10523.16
gene-LOC142979497,PF00520.38;PF02214.29;PF07885.23
gene-LOC142979498,PF05497.18
gene-LOC142979500,PF05497.18
gene-LOC142979501,PF00049.24
gene-LOC142979502,PF00049.24
gene-LOC142979503,PF01826.24
gene-LOC142979505,PF00106.32;PF08659.17;PF13561.13;PF23441.1
gene-LOC142979509,PF00067.28
gene-LOC142979510,PF00089.33
gene-LOC142979511,PF00211.26;PF06327.20;PF16214.10
gene-LOC142979516,PF00240.30
gene-LOC142979518,PF00070.34;PF00725.28;PF01262.28;PF02737.25;PF03446.22;PF07992.21
gene-LOC142979519,PF12756.14
gene-LOC142979520,PF01826.24
gene-LOC142979524,PF00153.33
gene-LOC142979525,PF01459.29
gene-LOC142979529,PF00620.33;PF22286.3
gene-LOC142979531,PF00089.33;PF09342.17
gene-LOC142979534,PF00010.32;PF07527.19
gene-LOC142979537,PF13499.13
gene-LOC142979538,PF00096.33;PF12874.14;PF13465.13;PF13894.13;PF13912.13;PF15909.11;PF23561.2;PF23611.2
gene-LOC142979541,PF10545.16
gene-LOC142979544,PF13913.13
gene-LOC142979545,PF10167.15
gene-LOC142979546,PF00096.33;PF12171.15;PF13465.13;PF13894.13;PF13909.13;PF13912.13;PF16622.12;PF21549.3;PF21816.4;PF22995.3
gene-LOC142979549,PF00535.33;PF00652.29;PF02709.21
gene-LOC142979552,PF00378.26;PF16113.11
gene-LOC142979553,PF00096.33;PF02892.22;PF12171.15;PF13465.13;PF13894.13;PF13909.13;PF16622.12;PF22995.3
gene-LOC142979558,PF01521.27
gene-LOC142979564,PF00050.27;PF07648.21
gene-LOC142979566,PF00078.33;PF03564.22;PF05380.19;PF17921.8;PF18701.7
gene-LOC142979569,PF01826.24;PF25962.1
gene-LOC142979572,PF05444.19
gene-LOC142979573,PF00566.26;PF12894.14;PF23381.2;PF23414.2;PF24807.2;PF24814.2;PF24817.2;PF25168.2;PF25172.2;PF25173.2;PF25174.2;PF25175.2
gene-LOC142979577,PF00400.39;PF08662.18;PF12894.14;PF23098.2;PF23342.2;PF23381.2;PF23383.2;PF23389.2;PF23393.3;PF23409.2;PF23411.2;PF23414.2;PF23419.3;PF23609.2;PF23775.2;PF23869.2;PF24017.3;PF24105.2;PF24780.2;PF24782.3;PF24796.2;PF24797.2;PF24805.2;PF24807.2;PF24814.2;PF24817.2;PF25047.1;PF25048.2;PF25168.2;PF25171.2;PF25172.2;PF25173.2;PF25174.2;PF25175.2;PF25391.2;PF25460.2
gene-LOC142979578,PF00067.28
gene-LOC142979579,PF02174.24
gene-LOC142979580,PF03067.22
gene-LOC142979581,PF22946.2;PF24082.2
gene-LOC142979582,PF00096.33;PF07776.22;PF13465.13;PF13894.13;PF13912.13
gene-LOC142979584,PF01894.23
gene-LOC142979591,PF17064.12
gene-LOC142979592,PF17064.12
gene-LOC142979595,PF00106.32;PF08659.17;PF13561.13;PF23441.1
gene-LOC142979596,PF07645.22
gene-LOC142979597,PF10545.16
gene-LOC142979598,PF00245.26
gene-LOC142979601,PF00049.24
gene-LOC142979602,PF00153.33
gene-LOC142979603,PF00153.33
gene-LOC142979604,PF00050.27;PF07648.21;PF21287.4
gene-LOC142979606,PF25298.2
gene-LOC142979607,PF00246.30;PF02244.22
gene-LOC142979608,PF08395.18
gene-LOC142979609,PF05380.19;PF18701.7
gene-LOC142979610,PF00107.33;PF08240.18
gene-LOC142979612,PF00372.25;PF03722.20;PF03723.21
gene-LOC142979613,PF00372.25;PF03722.20;PF03723.21
gene-LOC142979614,PF00372.25;PF03722.20;PF03723.21
gene-LOC142979615,PF03372.30;PF14529.13
gene-LOC142979616,PF13733.13
gene-LOC142979617,PF02709.21;PF13733.13
gene-LOC142979618,PF02709.21;PF13733.13
gene-LOC142979619,PF02709.21;PF13733.13
gene-LOC142979623,PF00122.26;PF00702.33;PF13246.13;PF16209.11;PF16212.12
gene-LOC142979626,PF02949.26
gene-LOC142979627,PF02949.26
gene-LOC142979628,PF01425.27
gene-LOC142979630,PF01425.27
gene-LOC142979634,PF00044.31;PF02800.26
gene-LOC142979635,PF00041.28;PF00047.32;PF01108.24;PF01682.25;PF07679.23;PF07686.24;PF13895.13;PF13927.13;PF16656.12;PF25059.2;PF25523.2;PF28033.1
gene-LOC142979636,PF03227.23
gene-LOC142979640,PF00096.33;PF07975.19;PF12171.15;PF12874.14;PF13465.13;PF13894.13;PF13912.13
gene-LOC142979648,PF00149.34;PF02872.24
gene-LOC142979650,PF01459.29
gene-LOC142979651,PF05485.18;PF07776.22
gene-LOC142979655,PF00169.36;PF00225.30;PF00498.32;PF12423.14;PF12473.14;PF16183.11;PF16796.12
gene-LOC142979658,PF00858.30
gene-LOC142979677,PF01027.27
gene-LOC142979689,PF07690.22
gene-LOC142979692,PF00171.28
gene-LOC142979694,PF00060.33;PF24576.2
gene-LOC142979698,PF01470.23;PF06162.18
gene-LOC142979700,PF00005.34;PF02463.26;PF12698.14;PF13304.13;PF26955.1
gene-LOC142979701,PF23321.2
gene-LOC142979705,PF09068.18
gene-LOC142979706,PF01569.28
gene-LOC142979707,PF01569.28
gene-LOC142979708,PF00096.33;PF07776.22;PF13894.13
gene-LOC142979710,PF01569.28
gene-LOC142979711,PF21362.4;PF28124.1
gene-LOC142979712,PF00400.39;PF16755.12;PF23098.2;PF23381.2;PF23393.3;PF23409.2;PF23414.2;PF23609.2;PF23775.2;PF23869.2;PF24105.2;PF24796.2;PF24805.2;PF24807.2;PF24814.2;PF24817.2;PF25047.1;PF25168.2;PF25171.2;PF25172.2;PF25173.2;PF25174.2;PF25175.2
gene-LOC142979713,PF00379.30
gene-LOC142979715,PF03567.21
gene-LOC142979718,PF02985.29;PF11916.14;PF12717.14;PF12755.14;PF13513.13;PF23227.2;PF23271.2;PF24987.2;PF25598.2
gene-LOC142979722,PF00226.37;PF00249.38;PF13921.13;PF16717.11;PF21884.3;PF23082.2
gene-LOC142979726,PF04133.20
gene-LOC142979728,PF00498.32;PF01585.29;PF12656.13;PF16697.11;PF17780.7
gene-LOC142979729,PF00050.27;PF07648.21;PF21287.4;PF21333.3
gene-LOC142979732,PF27627.1
gene-LOC142979736,PF19220.7;PF24161.2
gene-LOC142979737,PF00097.32;PF01436.28;PF08450.19;PF13445.13;PF13923.13;PF17170.11
gene-LOC142979738,PF00188.33
gene-LOC142979739,PF07841.19
gene-LOC142979741,PF00179.32
gene-LOC142979743,PF07347.18
gene-LOC142979746,PF00090.26;PF05986.20;PF08686.17;PF19030.7
gene-LOC142979747,PF00023.37;PF00415.25;PF00651.38;PF12796.14;PF13606.13;PF13637.13;PF25390.2
gene-LOC142979748,PF00335.27
gene-LOC142979755,PF00892.27
gene-LOC142979756,PF01395.28
gene-LOC142979760,PF01156.25
gene-LOC142979761,PF04676.20;PF04677.21
gene-LOC142979763,PF12884.13;PF12886.13
gene-LOC142979766,PF00011.28
gene-LOC142979767,PF00106.32;PF08659.17;PF13561.13
gene-LOC142979770,PF03392.19
gene-LOC142979772,PF01699.30
gene-LOC142979774,PF01156.25
gene-LOC142979775,PF21055.4;PF25572.2
gene-LOC142979777,PF23383.2;PF23410.5;PF23756.2;PF24807.2
gene-LOC142979778,PF02351.22
gene-LOC142979779,PF14647.12;PF14648.12
gene-LOC142979784,PF09746.15
gene-LOC142979785,PF00089.33
gene-LOC142979786,PF01395.28
gene-LOC142979788,PF01156.25
gene-LOC142979789,PF02033.24
gene-LOC142979790,PF01026.28
gene-LOC142979791,PF07406.17
gene-LOC142979792,PF11229.15;PF12530.15
gene-LOC142979797,PF01757.29
gene-LOC142979798,PF01256.23
gene-LOC142979801,PF00135.35
gene-LOC142979804,PF23138.2
gene-LOC142979805,PF00370.28;PF02782.23
gene-LOC142979808,PF00025.28;PF00071.29;PF01926.30;PF08477.20
gene-LOC142979811,PF07690.22
gene-LOC142979812,PF07690.22
gene-LOC142979814,PF06151.19;PF08395.18
gene-LOC142979815,PF23328.2
gene-LOC142979820,PF02615.20
gene-LOC142979822,PF14781.13;PF14782.13;PF14783.13;PF23350.2;PF23351.2;PF23353.2;PF23743.2
gene-LOC142979826,PF00083.31;PF07690.22
gene-LOC142979827,PF00583.32;PF08445.17;PF13508.14;PF13673.14
gene-LOC142979828,PF00207.29;PF01835.26;PF07677.21;PF07678.21;PF07703.21
gene-LOC142979829,PF00379.30
gene-LOC142979831,PF22589.3
gene-LOC142979832,PF04182.19;PF24101.2
gene-LOC142979835,PF23328.2
gene-LOC142979838,PF03188.22
gene-LOC142979839,PF00083.31;PF07690.22
gene-LOC142979842,PF14932.12
gene-LOC142979843,PF00060.33;PF24576.2
gene-LOC142979844,PF00379.30
gene-LOC142979845,PF05197.19
gene-LOC142979848,PF14381.13;PF24768.2
gene-LOC142979850,PF00036.39;PF13405.13;PF13499.13;PF13833.13
gene-LOC142979851,PF13465.13;PF13909.13
gene-LOC142979852,PF14529.13
gene-LOC142979858,PF03392.19
gene-LOC142979862,PF00561.27
gene-LOC142979870,PF00060.33;PF10613.15;PF24576.2
gene-LOC142979875,PF07172.17
gene-LOC142979877,PF01421.26;PF13582.13;PF13688.13
gene-LOC142979878,PF15295.12
gene-LOC142979879,PF00083.31;PF07690.22
gene-LOC142979880,PF00005.34;PF13304.13;PF23321.2
gene-LOC142979881,PF05485.18
gene-LOC142979883,PF00069.32;PF07714.24;PF14531.13
gene-LOC142979887,PF00379.30
gene-LOC142979888,PF00079.26
gene-LOC142979890,PF13417.13
gene-LOC142979892,PF00732.26;PF01266.31;PF05199.20;PF05834.19
gene-LOC142979897,PF00108.30;PF02803.25
gene-LOC142979898,PF00018.35;PF00566.26;PF02759.25;PF07653.24;PF14604.13;PF23436.2
gene-LOC142979899,PF00108.30;PF02803.25
gene-LOC142979900,PF00250.25
gene-LOC142979902,PF05018.19
gene-LOC142979903,PF00079.26
gene-LOC142979904,PF00651.38
gene-LOC142979905,PF00732.26;PF05199.20
gene-LOC142979907,PF00254.35;PF00515.35;PF07719.24;PF13431.13;PF14559.13
gene-LOC142979909,PF00011.28;PF00525.24
gene-LOC142979911,PF16499.12
gene-LOC142979913,PF00379.30
gene-LOC142979914,PF00379.30
gene-LOC142979919,PF05986.20;PF08686.17;PF19030.7
gene-LOC142979920,PF22466.2
gene-LOC142979921,PF00379.30
gene-LOC142979923,PF03260.20
gene-LOC142979926,PF00108.30;PF02803.25
gene-LOC142979927,PF00076.29
gene-LOC142979928,PF00023.37;PF00887.25;PF10294.16;PF12796.14;PF13606.13;PF13637.13;PF13857.13
gene-LOC142979930,PF00083.31;PF07690.22
gene-LOC142979931,PF00379.30
gene-LOC142979932,PF01436.28
gene-LOC142979938,PF00108.30;PF02803.25;PF08541.17
gene-LOC142979939,PF10215.15
gene-LOC142979942,PF00096.33
gene-LOC142979943,PF15928.11
gene-LOC142979944,PF00379.30
gene-LOC142979945,PF00067.28
gene-LOC142979947,PF00379.30
gene-LOC142979951,PF01569.28
gene-LOC142979954,PF00135.35;PF20434.6
gene-LOC142979957,PF00069.32;PF07714.24
gene-LOC142979959,PF05178.18;PF12936.13
gene-LOC142979960,PF00348.23
gene-LOC142979961,PF03188.22
gene-LOC142979962,PF00382.25;PF01857.26;PF01858.23;PF11934.14
gene-LOC142979964,PF01770.25
gene-LOC142979967,PF00246.30
gene-LOC142979968,PF00246.30
gene-LOC142979969,PF12400.14
gene-LOC142979970,PF10545.16
gene-LOC142979971,PF00246.30
gene-LOC142979974,PF15012.12
gene-LOC142979975,PF10172.15
gene-LOC142979976,PF00011.28
gene-LOC142979978,PF00583.32;PF08445.17;PF13508.14
gene-LOC142979979,PF00135.35;PF07859.20;PF20434.6
gene-LOC142979981,PF00400.39;PF23381.2;PF23414.2;PF23609.2;PF23756.2;PF23775.2;PF24796.2;PF24807.2;PF24814.2;PF24817.2;PF25173.2;PF25174.2;PF25175.2
gene-LOC142979982,PF22921.3
gene-LOC142979983,PF01656.30;PF02374.22;PF13614.13
gene-LOC142979984,PF00096.33;PF12171.15;PF13465.13;PF13894.13
gene-LOC142979986,PF01569.28
gene-LOC142979992,PF14381.13
gene-LOC142979993,PF01390.27
gene-LOC142980003,PF08774.18;PF21170.5
gene-LOC142980004,PF00047.32;PF01391.24;PF02191.24;PF07679.23;PF13895.13;PF13927.13
gene-LOC142980006,PF03645.19
gene-LOC142980007,PF01470.23
gene-LOC142980008,PF07690.22
gene-LOC142980009,PF00023.37;PF03020.23;PF12796.14;PF13637.13;PF22945.3
gene-LOC142980011,PF01569.28
gene-LOC142980012,PF00108.30;PF02803.25
gene-LOC142980014,PF08718.17
gene-LOC142980015,PF06585.18
gene-LOC142980016,PF01565.29
gene-LOC142980017,PF01636.30;PF02958.27;PF07914.18
gene-LOC142980018,PF00005.34;PF00664.29;PF02463.26
gene-LOC142980019,PF00135.35
gene-LOC142980020,PF07690.22;PF11700.15
gene-LOC142980021,PF23489.2
gene-LOC142980022,PF05699.20
gene-LOC142980023,PF06585.18
gene-LOC142980028,PF01607.30
gene-LOC142980029,PF03392.19
gene-LOC142980031,PF00097.32;PF13445.13;PF13639.13;PF13920.13;PF15227.13;PF24921.2
gene-LOC142980033,PF00561.27;PF04083.23;PF12146.16
gene-LOC142980038,PF00047.32;PF07679.23;PF07686.24;PF13895.13;PF13927.13;PF22854.3
gene-LOC142980039,PF06585.18
gene-LOC142980040,PF00106.32;PF08659.17;PF13561.13
gene-LOC142980042,PF02798.27;PF13409.13;PF13417.13
gene-LOC142980045,PF07818.19
gene-LOC142980046,PF00128.32;PF02806.25
gene-LOC142980048,PF06585.18
gene-LOC142980051,PF02574.23
gene-LOC142980053,PF01433.27;PF09127.18;PF17900.7
gene-LOC142980054,PF01569.28
gene-LOC142980055,PF00004.36;PF00005.34;PF00092.35;PF00158.33;PF00910.29;PF01078.28;PF01695.24;PF02367.24;PF03028.22;PF03193.23;PF03215.22;PF05496.19;PF05673.20;PF05729.19;PF07726.18;PF07728.21;PF08477.20;PF10662.16;PF12774.14;PF12775.14;PF13173.13;PF13191.13;PF13238.13;PF13401.13;PF13481.13;PF13519.13;PF13521.13;PF13555.13;PF13671.13;PF14532.13;PF17865.8;PF17867.8;PF20030.6;PF20720.4;PF21108.4
gene-LOC142980056,PF00560.40;PF12799.14;PF13855.13;PF14580.13;PF23598.2
gene-LOC142980058,PF06585.18;PF16984.11
gene-LOC142980063,PF00379.30
gene-LOC142980064,PF00176.30;PF00271.38
gene-LOC142980065,PF00069.32;PF00787.30;PF07714.24
gene-LOC142980066,PF00083.31;PF07690.22
gene-LOC142980068,PF00047.32;PF07679.23;PF07686.24;PF08204.18;PF13895.13;PF13927.13;PF22854.3
gene-LOC142980069,PF00169.36
gene-LOC142980070,PF04258.19
gene-LOC142980072,PF21227.4
gene-LOC142980073,PF02615.20
gene-LOC142980076,PF00089.33;PF13365.13
gene-LOC142980078,PF01073.26;PF01370.28;PF02719.22;PF04321.24;PF07993.19;PF13460.13;PF16363.12
gene-LOC142980081,PF14469.12
gene-LOC142980082,PF10200.15
gene-LOC142980083,PF00079.26
gene-LOC142980086,PF00560.40;PF12799.14;PF13516.13;PF13855.13;PF14580.13;PF23952.2
gene-LOC142980087,PF00348.23
gene-LOC142980089,PF27046.1;PF27073.1
gene-LOC142980090,PF01395.28
gene-LOC142980091,PF04923.18
gene-LOC142980093,PF01931.26
gene-LOC142980097,PF00732.26;PF05199.20
gene-LOC142980099,PF00047.32;PF07679.23;PF07686.24;PF13895.13;PF13927.13;PF22854.3
gene-LOC142980102,PF00732.26;PF05199.20
gene-LOC142980103,PF00732.26;PF05199.20
gene-LOC142980107,PF16499.12;PF17450.9;PF17801.8
gene-LOC142980109,PF00106.32;PF01575.26;PF02036.23;PF08659.17;PF13561.13;PF22622.3
gene-LOC142980110,PF13092.13
gene-LOC142980114,PF07426.17
gene-LOC142980120,PF01757.29
gene-LOC142980121,PF00379.30
gene-LOC142980122,PF00505.26;PF09011.17;PF24815.2
gene-LOC142980123,PF00135.35;PF07859.20;PF20434.6
gene-LOC142980126,PF01609.28;PF13359.13
gene-LOC142980127,PF02961.23
gene-LOC142980128,PF09786.15
gene-LOC142980129,PF00036.39;PF13405.13;PF13499.13
gene-LOC142980131,PF00014.29
gene-LOC142980132,PF00732.26;PF05199.20
gene-LOC142980134,PF00069.32;PF07714.24
gene-LOC142980138,PF10160.16
gene-LOC142980142,PF14868.12
gene-LOC142980146,PF03392.19
gene-LOC142980148,PF00107.33;PF08240.18;PF13602.13
gene-LOC142980149,PF03392.19
gene-LOC142980151,PF10545.16
gene-LOC142980152,PF01395.28
gene-LOC142980157,PF05018.19
gene-LOC142980158,PF00728.29;PF14845.12
gene-LOC142980161,PF00560.40;PF12799.14;PF13855.13;PF14580.13;PF23952.2
gene-LOC142980162,PF00646.39;PF12937.13
gene-LOC142980163,PF01151.24
gene-LOC142980167,PF16012.11
gene-LOC142980168,PF00732.26;PF05199.20;PF07992.21;PF13738.13
gene-LOC142980169,PF00732.26;PF05199.20
gene-LOC142980170,PF00732.26;PF00890.31;PF01266.31;PF05199.20;PF13738.13
gene-LOC142980172,PF08395.18
gene-LOC142980174,PF00078.33
gene-LOC142980175,PF00515.35;PF07719.24;PF12895.14;PF13181.13;PF13414.13;PF13428.13;PF13431.13;PF13432.13;PF14559.13;PF25058.2
gene-LOC142980177,PF00135.35;PF07859.20;PF20434.6
gene-LOC142980178,PF05380.19;PF18701.7
gene-LOC142980181,PF00246.30
gene-LOC142980184,PF03392.19
gene-LOC142980185,PF03392.19
gene-LOC142980186,PF25325.2
gene-LOC142980188,PF03392.19
gene-LOC142980190,PF07172.17
gene-LOC142980191,PF23489.2
gene-LOC142980192,PF00211.26
gene-LOC142980195,PF02615.20
gene-LOC142980196,PF02615.20
gene-LOC142980198,PF09773.15
gene-LOC142980199,PF24061.2
gene-LOC142980200,PF00069.32;PF00211.26;PF01094.35;PF07714.24
gene-LOC142980201,PF28582.1
gene-LOC142980202,PF00014.29
gene-LOC142980203,PF14529.13
gene-LOC142980205,PF00135.35;PF07859.20;PF20434.6
gene-LOC142980206,PF00097.32;PF13639.13;PF13923.13;PF17123.12;PF25563.1
gene-LOC142980208,PF16575.12;PF24419.2;PF25467.2
gene-LOC142980210,PF00160.27;PF00400.39;PF12894.14;PF23381.2;PF23414.2;PF24782.3;PF24796.2;PF24805.2;PF24807.2;PF24814.2;PF24817.2;PF25047.1;PF25048.2;PF25168.2;PF25172.2;PF25173.2;PF25174.2;PF25175.2
gene-LOC142980217,PF01433.27;PF09127.18;PF17900.7
gene-LOC142980218,PF07177.20;PF07525.22
gene-LOC142980227,PF00169.36;PF01237.24;PF15409.14;PF15413.13
gene-LOC142980228,PF03022.23
gene-LOC142980232,PF04266.21;PF06221.19;PF23134.3;PF23135.3
gene-LOC142980234,PF10200.15
gene-LOC142980235,PF00096.33;PF07776.22;PF12171.15;PF12874.14;PF13465.13;PF13894.13;PF22995.3;PF23561.2
gene-LOC142980237,PF00043.31;PF02798.27;PF13409.13;PF13417.13;PF14497.12
gene-LOC142980242,PF03095.21
gene-LOC142980243,PF01476.27
gene-LOC142980244,PF04389.23;PF22248.2;PF22249.2
gene-LOC142980246,PF09815.15
gene-LOC142980248,PF00412.29
gene-LOC142980254,PF00868.27;PF00927.29;PF01841.26
gene-LOC142980255,PF04389.23
gene-LOC142980260,PF04588.19
gene-LOC142980261,PF00135.35;PF07859.20;PF20434.6
gene-LOC142980262,PF00135.35;PF07859.20;PF20434.6
gene-LOC142980263,PF00135.35;PF07859.20;PF20434.6
gene-LOC142980266,PF02798.27;PF13409.13;PF13417.13
gene-LOC142980271,PF00379.30
gene-LOC142980276,PF00348.23
gene-LOC142980277,PF00348.23
gene-LOC142980279,PF00060.33;PF24576.2
gene-LOC142980280,PF05147.20
gene-LOC142980281,PF12799.14;PF13855.13;PF14580.13
gene-LOC142980282,PF25325.2
gene-LOC142980285,PF03392.19
gene-LOC142980289,PF03392.19
gene-LOC142980292,PF03392.19
gene-LOC142980293,PF03392.19
gene-LOC142980294,PF03392.19
gene-LOC142980295,PF03392.19
gene-LOC142980296,PF04588.19
gene-LOC142980297,PF03392.19
gene-LOC142980298,PF03392.19
gene-LOC142980300,PF03392.19
gene-LOC142980302,PF03392.19
gene-LOC142980303,PF03392.19
gene-LOC142980315,PF00005.34;PF00664.29;PF02463.26;PF13555.13
gene-LOC142980349,PF00566.26;PF23436.2
gene-LOC142980365,PF00226.37
gene-LOC142980371,PF00078.33;PF03564.22;PF05380.19;PF17921.8
gene-LOC142980374,PF00047.32;PF00090.26;PF02440.22;PF06832.19;PF07354.19;PF07645.22;PF07679.23;PF07686.24;PF08204.18;PF08205.19;PF11465.15;PF12662.14;PF13895.13;PF13927.13;PF16680.12;PF16681.12;PF16706.12;PF17736.8;PF18452.8;PF19028.7;PF19030.7;PF22195.3;PF22705.3;PF22854.3;PF22971.3;PF23560.2;PF25106.2;PF25305.2;PF26428.1;PF28321.1
gene-LOC142980377,PF00400.39;PF08953.18;PF12894.14;PF16300.12;PF16755.12;PF23381.2;PF23414.2;PF23609.2;PF23775.2;PF24105.2;PF24796.2;PF24805.2;PF24807.2;PF24814.2;PF24817.2;PF25047.1;PF25168.2;PF25171.2;PF25172.2;PF25173.2;PF25174.2;PF25175.2;PF25391.2;PF25460.2;PF26550.2
gene-LOC142980378,PF01826.24
gene-LOC142980379,PF02949.26
gene-LOC142980380,PF02949.26
gene-LOC142980385,PF07970.18;PF13850.12
gene-LOC142980387,PF05089.19;PF12971.13;PF12972.13
gene-LOC142980388,PF01467.33
gene-LOC142980389,PF13873.13
gene-LOC142980392,PF00076.29
gene-LOC142980394,PF00047.32;PF01223.30;PF02440.22;PF05790.22;PF07354.19;PF07654.22;PF07679.23;PF07686.24;PF08204.18;PF08205.19;PF13895.13;PF13927.13;PF16680.12;PF16681.12;PF16706.12;PF17736.8;PF18452.8;PF22705.3;PF22854.3;PF22971.3;PF25106.2;PF25305.2;PF26428.1;PF28299.1;PF28354.1
gene-LOC142980395,PF00047.32;PF01223.30;PF02440.22;PF06832.19;PF07354.19;PF07679.23;PF07686.24;PF08204.18;PF08205.19;PF13895.13;PF13927.13;PF16680.12;PF16681.12;PF17736.8;PF18452.8;PF22854.3;PF22971.3;PF23560.2;PF25106.2;PF25305.2;PF28299.1
gene-LOC142980396,PF00047.32;PF01223.30;PF07679.23;PF07686.24;PF13519.13;PF13895.13;PF13927.13;PF16680.12;PF16681.12;PF17736.8;PF18452.8;PF22705.3;PF22854.3;PF22971.3;PF25106.2
gene-LOC142980397,PF00047.32;PF07679.23;PF07686.24;PF08204.18;PF08205.19;PF13895.13;PF13927.13;PF16706.12;PF18452.8;PF22705.3;PF22854.3;PF22971.3;PF25106.2
gene-LOC142980398,PF10545.16;PF13837.13;PF13873.13
gene-LOC142980400,PF00462.31;PF23733.3
gene-LOC142980401,PF02949.26
gene-LOC142980405,PF23560.2
gene-LOC142980406,PF00046.36;PF00292.25
gene-LOC142980410,PF16045.12
gene-LOC142980416,PF01263.27
gene-LOC142980417,PF00069.32;PF07714.24
gene-LOC142980418,PF00640.30
gene-LOC142980421,PF00328.28
gene-LOC142980426,PF10545.16
gene-LOC142980427,PF10545.16
gene-LOC142980430,PF16499.12;PF17450.9;PF17801.8
gene-LOC142980432,PF00097.32;PF02225.28;PF12678.14;PF13639.13;PF13923.13;PF17123.12
gene-LOC142980436,PF03148.20
gene-LOC142980437,PF00515.35;PF07719.24;PF13181.13;PF13414.13;PF16669.12
gene-LOC142980441,PF00627.38;PF18037.8;PF22562.3;PF26285.1
gene-LOC142980446,PF02234.25
gene-LOC142980449,PF01274.29;PF20659.3
gene-LOC142980451,PF07052.17
gene-LOC142980452,PF01609.28;PF13359.13
gene-LOC142980455,PF07947.20
gene-LOC142980456,PF00023.37;PF00536.38;PF00640.30;PF07647.25;PF12796.14;PF13606.13;PF13637.13;PF13857.13;PF24521.3
gene-LOC142980457,PF00009.34;PF00025.28;PF00071.29;PF01926.30;PF04670.19;PF08477.20
gene-LOC142980462,PF00069.32
gene-LOC142980464,PF02958.27;PF07914.18
gene-LOC142980465,PF02958.27;PF07914.18
gene-LOC142980470,PF01257.26
gene-LOC142980471,PF00083.31;PF07690.22
gene-LOC142980475,PF00089.33
gene-LOC142980476,PF00089.33
gene-LOC142980477,PF00089.33
gene-LOC142980478,PF00089.33
gene-LOC142980479,PF00089.33
gene-LOC142980480,PF00089.33
gene-LOC142980481,PF00089.33
gene-LOC142980483,PF00089.33;PF13365.13
gene-LOC142980484,PF00089.33
gene-LOC142980485,PF00089.33
gene-LOC142980486,PF00089.33
gene-LOC142980487,PF00089.33
gene-LOC142980490,PF00400.39;PF21032.3;PF23381.2;PF23409.2;PF23414.2;PF24796.2;PF24814.2;PF24817.2;PF25173.2;PF25174.2;PF25175.2
gene-LOC142980491,PF15061.12
gene-LOC142980492,PF01262.28;PF02233.23;PF05222.22;PF12769.13
gene-LOC142980493,PF10545.16;PF13921.13
gene-LOC142980495,PF00481.27;PF13672.12
gene-LOC142980496,PF00076.29
gene-LOC142980497,PF05705.21
gene-LOC142980505,PF00225.30;PF16796.12
gene-LOC142980506,PF13639.13
gene-LOC142980509,PF00168.37;PF02845.23
gene-LOC142980513,PF02958.27;PF07914.18
gene-LOC142980514,PF02958.27;PF07914.18
gene-LOC142980516,PF05206.21;PF05253.19;PF11722.14
gene-LOC142980518,PF00560.40;PF07679.23;PF13306.13;PF13855.13;PF13927.13
gene-LOC142980519,PF00246.30;PF02244.22
gene-LOC142980522,PF04893.23
gene-LOC142980523,PF01094.35
gene-LOC142980526,PF00059.28
gene-LOC142980530,PF04212.25;PF16565.12
gene-LOC142980532,PF00076.29;PF27602.1
gene-LOC142980533,PF13843.13
gene-LOC142980534,PF00732.26;PF05199.20
gene-LOC142980537,PF13896.13
gene-LOC142980538,PF01395.28
gene-LOC142980539,PF00180.26
gene-LOC142980541,PF10545.16
gene-LOC142980543,PF01609.28;PF13359.13
gene-LOC142980546,PF21712.4;PF21801.4
gene-LOC142980547,PF00067.28
gene-LOC142980548,PF05686.19
gene-LOC142980551,PF00561.27;PF04083.23;PF12146.16
gene-LOC142980552,PF00732.26;PF01266.31;PF05199.20
gene-LOC142980556,PF05794.19
gene-LOC142980557,PF02958.27;PF07914.18
gene-LOC142980558,PF10545.16
gene-LOC142980559,PF10545.16
gene-LOC142980560,PF13085.12;PF13183.12;PF13237.12;PF13534.12
gene-LOC142980561,PF00112.30;PF08246.18
gene-LOC142980562,PF00328.28
gene-LOC142980566,PF13879.12
gene-LOC142980567,PF01223.30
gene-LOC142980569,PF00620.33;PF03114.24;PF14604.13;PF16746.11
gene-LOC142980570,PF00070.34;PF07992.21;PF14721.13
gene-LOC142980571,PF26216.1;PF26217.1
gene-LOC142980572,PF00852.27;PF17039.11
gene-LOC142980573,PF00112.30;PF08246.18
gene-LOC142980574,PF02958.27;PF07914.18
gene-LOC142980577,PF13873.13
gene-LOC142980579,PF00112.30;PF08246.18
gene-LOC142980581,PF01395.28;PF22651.2
gene-LOC142980582,PF05705.21
gene-LOC142980584,PF00328.28
gene-LOC142980585,PF00328.28
gene-LOC142980589,PF05914.18
gene-LOC142980590,PF17064.12
gene-LOC142980592,PF05334.19
gene-LOC142980594,PF05699.20;PF27039.1
gene-LOC142980595,PF00027.36;PF00520.38
gene-LOC142980596,PF13358.13
gene-LOC142980602,PF02194.21
gene-LOC142980604,PF00089.33
gene-LOC142980610,PF03148.20
gene-LOC142980611,PF04988.18
gene-LOC142980612,PF01428.24;PF25403.2
gene-LOC142980614,PF00047.32;PF00560.40;PF07679.23;PF12799.14;PF13306.13;PF13855.13;PF13895.13;PF13927.13;PF14580.13;PF22971.3
gene-LOC142980616,PF15372.12
gene-LOC142980617,PF00047.32;PF07679.23;PF07686.24;PF08205.19;PF13895.13;PF13927.13;PF16706.12;PF18452.8;PF22705.3;PF22854.3;PF22971.3;PF25305.2
gene-LOC142980618,PF13886.13;PF25992.2;PF27919.1
gene-LOC142980622,PF00194.27
gene-LOC142980624,PF07004.18
gene-LOC142980627,PF02958.27;PF07914.18
gene-LOC142980628,PF16077.11
gene-LOC142980629,PF01501.27;PF13896.13
gene-LOC142980631,PF00651.38
gene-LOC142980632,PF01176.26
gene-LOC142980633,PF07294.17
gene-LOC142980634,PF00199.25;PF06628.18
gene-LOC142980635,PF02234.25
gene-LOC142980636,PF00173.34
gene-LOC142980638,PF00328.28
gene-LOC142980639,PF00852.27;PF17039.11
gene-LOC142980641,PF00025.28;PF00071.29;PF04670.19;PF08477.20
gene-LOC142980643,PF00561.27;PF04083.23;PF12146.16
gene-LOC142980644,PF00400.39;PF12894.14;PF20426.5;PF23342.2;PF23381.2;PF23383.2;PF23393.3;PF23409.2;PF23410.5;PF23411.2;PF23414.2;PF24105.2;PF24780.2;PF24782.3;PF24796.2;PF24805.2;PF24807.2;PF24814.2;PF24817.2;PF25047.1;PF25048.2;PF25168.2;PF25171.2;PF25172.2;PF25173.2;PF25174.2;PF25175.2;PF25391.2;PF25460.2
gene-LOC142980648,PF02958.27;PF07914.18
gene-LOC142980649,PF02958.27;PF07914.18
gene-LOC142980659,PF00560.40;PF07679.23;PF12799.14;PF13855.13;PF13927.13
gene-LOC142980660,PF00096.33;PF12171.15;PF12874.14;PF13465.13;PF13894.13;PF13912.13
gene-LOC142980661,PF01171.27
gene-LOC142980663,PF00246.30;PF02244.22
gene-LOC142980665,PF05729.19;PF12796.14
gene-LOC142980667,PF01636.30;PF02958.27;PF07914.18
gene-LOC142980668,PF00246.30;PF02244.22
gene-LOC142980669,PF00246.30;PF02244.22
gene-LOC142980672,PF02244.22
gene-LOC142980673,PF02636.24
gene-LOC142980674,PF00173.34
gene-LOC142980676,PF15663.12
gene-LOC142980677,PF00046.36;PF00292.25
gene-LOC142980679,PF00246.30;PF02244.22
gene-LOC142980680,PF07294.17
gene-LOC142980682,PF00005.34;PF00664.29;PF02463.26;PF03193.23;PF09818.16;PF13175.13;PF13191.13;PF13304.13;PF13401.13;PF13555.13
gene-LOC142980683,PF01395.28
gene-LOC142980689,PF00004.36;PF03028.22;PF07728.21;PF08393.19;PF12774.14;PF12775.14;PF12777.12;PF12780.14;PF12781.14;PF13401.13;PF17852.7;PF17857.7;PF18198.8;PF18199.7;PF22597.3
gene-LOC142980690,PF00168.37
gene-LOC142980694,PF03009.24
gene-LOC142980695,PF02190.23;PF03226.22
gene-LOC142980696,PF00339.35;PF03643.21
gene-LOC142980699,PF00941.28;PF01799.26
gene-LOC142980702,PF03184.26
gene-LOC142980706,PF00956.24
gene-LOC142980712,PF05375.20
gene-LOC142980714,PF00852.27
gene-LOC142980718,PF00130.29;PF00169.36;PF02893.27;PF06602.20;PF12335.14
gene-LOC142980720,PF02141.27;PF03456.26;PF12335.14
gene-LOC142980722,PF00004.36;PF00005.34;PF00664.29;PF02463.26;PF03193.23;PF03215.22;PF07728.21;PF09818.16;PF13191.13;PF13238.13;PF13304.13;PF13401.13;PF13521.13;PF13555.13;PF13604.13;PF19263.6
gene-LOC142980727,PF12624.15;PF24917.1
gene-LOC142980728,PF09759.16
gene-LOC142980729,PF05907.19
gene-LOC142980730,PF20665.4;PF20666.4;PF22766.3
gene-LOC142980732,PF00858.30
gene-LOC142980733,PF00005.34;PF00664.29;PF01926.30;PF02463.26;PF03193.23;PF13304.13;PF13401.13;PF13555.13
gene-LOC142980737,PF00067.28
gene-LOC142980740,PF00047.32;PF07679.23;PF07686.24;PF13895.13;PF13927.13
gene-LOC142980741,PF00560.40;PF07679.23;PF12799.14;PF13306.13;PF13516.13;PF13855.13;PF13927.13;PF25013.1
gene-LOC142980743,PF00001.27;PF00560.40;PF12799.14;PF13855.13;PF14580.13;PF23598.2
gene-LOC142980745,PF15766.10
gene-LOC142980747,PF00246.30;PF02244.22
gene-LOC142980749,PF18995.6
gene-LOC142980750,PF08718.17
gene-LOC142980752,PF00852.27;PF17039.11
gene-LOC142980753,PF00852.27
gene-LOC142980754,PF00852.27;PF17039.11
gene-LOC142980755,PF00858.30
gene-LOC142980756,PF25106.2
gene-LOC142980757,PF00047.32;PF07679.23;PF13895.13;PF13927.13;PF22971.3
gene-LOC142980758,PF00047.32;PF07679.23;PF07686.24;PF08205.19;PF13895.13;PF13927.13;PF16706.12;PF17736.8;PF18452.8;PF22705.3;PF22854.3;PF22971.3;PF25305.2
gene-LOC142980759,PF00047.32;PF01223.30;PF07679.23;PF13895.13;PF13927.13
gene-LOC142980760,PF00047.32;PF01223.30;PF07679.23;PF07686.24;PF08204.18;PF08205.19;PF11465.15;PF13895.13;PF13927.13;PF16680.12;PF16706.12;PF18452.8;PF18459.7;PF22705.3;PF22854.3;PF22971.3;PF24312.2;PF25106.2;PF25305.2;PF26428.1;PF28299.1
gene-LOC142980764,PF01636.30;PF02958.27;PF07914.18
gene-LOC142980768,PF00383.30;PF14437.13
gene-LOC142980769,PF02949.26
gene-LOC142980770,PF02949.26
gene-LOC142980771,PF02949.26
gene-LOC142980773,PF07885.23
gene-LOC142980775,PF00089.33;PF13365.13
gene-LOC142980776,PF00089.33;PF13365.13
gene-LOC142980777,PF00089.33
gene-LOC142980778,PF00089.33
gene-LOC142980779,PF00089.33
gene-LOC142980780,PF00089.33;PF13365.13
gene-LOC142980781,PF00089.33
gene-LOC142980782,PF00089.33
gene-LOC142980783,PF00089.33
gene-LOC142980784,PF02257.22
gene-LOC142980785,PF23055.2
gene-LOC142980786,PF27039.1;PF27041.1
gene-LOC142980815,PF07776.22
gene-LOC142980837,PF02221.21
gene-LOC142980838,PF02221.21
gene-LOC142980839,PF08652.18
gene-LOC142980840,PF11919.14;PF16507.12;PF23096.2
gene-LOC142980842,PF00612.34
gene-LOC142980845,PF17180.11
gene-LOC142980851,PF01795.26;PF20180.5
gene-LOC142980853,PF13894.13
gene-LOC142980855,PF00246.30
gene-LOC142980859,PF06747.19
gene-LOC142980860,PF01388.28;PF08169.18;PF22732.3
gene-LOC142980870,PF00001.27
gene-LOC142980871,PF00246.30
gene-LOC142980872,PF00246.30
gene-LOC142980873,PF10545.16
gene-LOC142980878,PF00096.33;PF07776.22;PF13465.13;PF13894.13;PF13912.13
gene-LOC142980885,PF00400.39;PF12894.14;PF23381.2;PF23393.3;PF23409.2;PF23414.2;PF23609.2;PF23775.2;PF24105.2;PF24782.3;PF24796.2;PF24805.2;PF24807.2;PF24814.2;PF24817.2;PF25047.1;PF25168.2;PF25171.2;PF25172.2;PF25173.2;PF25174.2;PF25175.2;PF25391.2
gene-LOC142980886,PF00179.32
gene-LOC142980888,PF00008.34;PF00054.31;PF02210.32;PF13385.14
gene-LOC142980889,PF00047.32;PF07679.23;PF07686.24;PF08205.19;PF13895.13;PF13927.13;PF22705.3;PF22971.3
gene-LOC142980893,PF00069.32;PF07714.24
gene-LOC142980896,PF00291.32;PF00571.34
gene-LOC142980898,PF02263.26
gene-LOC142980899,PF05010.20
gene-LOC142980900,PF04851.22;PF13086.13;PF13087.13;PF13245.13;PF16399.12;PF21143.4;PF21144.3
gene-LOC142980901,PF00096.33;PF12874.14;PF13465.13;PF13894.13;PF13912.13;PF23561.2
gene-LOC142980903,PF01926.30
gene-LOC142980905,PF01370.28;PF05368.20;PF13460.13
gene-LOC142980908,PF00168.37
gene-LOC142980909,PF14811.12
gene-LOC142980910,PF03088.23;PF08450.19;PF20067.6
gene-LOC142980914,PF01105.30
gene-LOC142980917,PF04218.20
gene-LOC142980919,PF00047.32;PF07679.23;PF07686.24;PF08205.19;PF13895.13;PF13927.13;PF22705.3
gene-LOC142980920,PF00168.37
gene-LOC142980927,PF27918.1
gene-LOC142980931,PF00501.35;PF13193.13
gene-LOC142980932,PF00459.31
gene-LOC142980934,PF05010.20
gene-LOC142980936,PF00011.28
gene-LOC142980938,PF00135.35;PF07859.20;PF20434.6
gene-LOC142980940,PF00135.35
gene-LOC142980941,PF10601.15
gene-LOC142980945,PF00031.28;PF00112.30;PF08246.18
gene-LOC142980946,PF00004.36;PF12775.14;PF13401.13
gene-LOC142980953,PF12036.15
gene-LOC142980955,PF00291.32
gene-LOC142980956,PF00501.35;PF13193.13
gene-LOC142980957,PF01743.27;PF12627.13
gene-LOC142980959,PF00154.28;PF03796.22;PF06745.20;PF08423.18;PF13481.13
gene-LOC142980960,PF01363.28;PF22586.2
gene-LOC142980962,PF04916.19
gene-LOC142980964,PF00515.35;PF07719.24;PF18023.8
gene-LOC142980965,PF00989.32;PF08447.19;PF08448.17;PF13426.14;PF14598.13;PF23171.1
gene-LOC142980967,PF25993.1;PF25998.1
gene-LOC142980971,PF00118.30
gene-LOC142980972,PF00047.32;PF07679.23;PF07686.24;PF08205.19;PF13895.13;PF13927.13;PF22705.3;PF22971.3
gene-LOC142980974,PF00010.32
gene-LOC142980977,PF13891.12
gene-LOC142980979,PF00246.30;PF02244.22
gene-LOC142980980,PF00246.30;PF02244.22
gene-LOC142980981,PF00246.30;PF02244.22
gene-LOC142980986,PF01124.24
gene-LOC142980988,PF01124.24
gene-LOC142980989,PF02036.23
gene-LOC142980993,PF10205.15;PF21636.3
gene-LOC142980994,PF00041.28;PF00069.32;PF01822.25;PF07714.24;PF23144.2
gene-LOC142980997,PF15884.11
gene-LOC142980999,PF00061.30
gene-LOC142981001,PF00135.35;PF07859.20;PF20434.6
gene-LOC142981002,PF00225.30;PF16796.12
gene-LOC142981003,PF00061.30;PF08212.19
gene-LOC142981007,PF00031.28;PF00112.30;PF00666.24;PF08246.18;PF12274.15
gene-LOC142981008,PF00096.33;PF05605.19;PF12171.15;PF12874.14;PF13465.13;PF13894.13;PF13912.13;PF23107.2
gene-LOC142981012,PF01007.27;PF17655.8
gene-LOC142981014,PF06565.19;PF25364.1
gene-LOC142981015,PF10181.16
gene-LOC142981016,PF06581.18
gene-LOC142981018,PF03825.23;PF07690.22
gene-LOC142981019,PF00096.33;PF13894.13
gene-LOC142981020,PF01757.29;PF20146.5
gene-LOC142981022,PF00011.28
gene-LOC142981026,PF00294.30;PF04227.18
gene-LOC142981028,PF00248.28
gene-LOC142981029,PF13913.13
gene-LOC142981034,PF00335.27
gene-LOC142981041,PF00400.39;PF12894.14;PF23342.2;PF23381.2;PF23393.3;PF23414.2;PF24105.2;PF24797.2;PF24805.2;PF24807.2;PF24814.2;PF24817.2;PF25172.2;PF25173.2;PF25174.2;PF25175.2
gene-LOC142981043,PF00400.39;PF23098.2;PF23381.2;PF23409.2;PF23414.2;PF23609.2;PF24105.2;PF24796.2;PF24805.2;PF24807.2;PF24814.2;PF24817.2;PF25047.1;PF25171.2;PF25172.2;PF25173.2;PF25174.2;PF25175.2;PF25391.2
gene-LOC142981046,PF00702.33;PF13242.13;PF13419.13
gene-LOC142981050,PF00580.28;PF04851.22;PF13086.13;PF13087.13;PF13245.13;PF13604.13;PF21633.4;PF21634.4
gene-LOC142981052,PF00561.27;PF03096.21
gene-LOC142981055,PF00628.36;PF02008.26;PF12269.14
gene-LOC142981060,PF00067.28
gene-LOC142981061,PF00291.32
gene-LOC142981062,PF00069.32;PF07714.24
gene-LOC142981068,PF00023.37;PF12796.14;PF13606.13;PF13637.13;PF13857.13;PF24521.3
gene-LOC142981069,PF16033.12
gene-LOC142981071,PF00005.34;PF00664.29;PF01926.30;PF02463.26;PF13304.13
gene-LOC142981074,PF00291.32;PF01842.32
gene-LOC142981078,PF00005.34;PF00664.29;PF02463.26
gene-LOC142981081,PF08737.16
gene-LOC142981082,PF07890.18
gene-LOC142981083,PF00198.29;PF00364.29
gene-LOC142981085,PF00400.39;PF13570.14;PF23381.2;PF24807.2;PF25173.2;PF25175.2
gene-LOC142981089,PF16028.11
gene-LOC142981090,PF00293.35
gene-LOC142981091,PF06757.19
gene-LOC142981093,PF00001.27;PF10320.16
gene-LOC142981097,PF00324.28;PF13520.13
gene-LOC142981100,PF07047.18
gene-LOC142981102,PF00450.29
gene-LOC142981103,PF06862.18;PF22916.3
gene-LOC142981106,PF00011.28
gene-LOC142981108,PF10595.15
gene-LOC142981114,PF00291.32
gene-LOC142981115,PF05721.20
gene-LOC142981120,PF00047.32;PF07679.23;PF13895.13;PF13927.13
gene-LOC142981121,PF00097.32;PF12678.14;PF13639.13;PF13923.13
gene-LOC142981122,PF03942.21
gene-LOC142981124,PF00701.29
gene-LOC142981125,PF05571.18
gene-LOC142981126,PF00023.37;PF00710.26;PF12796.14;PF13606.13;PF13637.13;PF13857.13;PF17763.7
gene-LOC142981130,PF00450.29
gene-LOC142981132,PF00169.36
gene-LOC142981133,PF02145.22;PF20412.4;PF27567.1
gene-LOC142981136,PF03028.22;PF07728.21;PF08385.18;PF08393.19;PF12774.14;PF12775.14;PF12777.12;PF12780.14;PF12781.14;PF13401.13;PF17852.7;PF17857.7;PF18198.8;PF18199.7;PF22597.3
gene-LOC142981139,PF05010.20
gene-LOC142981141,PF00561.27;PF12146.16;PF12697.14
gene-LOC142981143,PF00348.23
gene-LOC142981145,PF00701.29
gene-LOC142981147,PF00450.29
gene-LOC142981148,PF00046.36
gene-LOC142981152,PF07841.19
gene-LOC142981154,PF00096.33;PF01448.30;PF12171.15;PF12874.14;PF13465.13;PF13894.13;PF13912.13
gene-LOC142981157,PF02214.29
gene-LOC142981160,PF00061.30
gene-LOC142981163,PF00620.33
gene-LOC142981169,PF08216.18;PF24768.2
gene-LOC142981172,PF09811.15
gene-LOC142981176,PF00002.30
gene-LOC142981178,PF00135.35
gene-LOC142981179,PF00520.38;PF07885.23
gene-LOC142981181,PF00047.32;PF07679.23;PF07686.24;PF08205.19;PF13895.13;PF13927.13;PF22705.3;PF22971.3
gene-LOC142981187,PF00135.35
gene-LOC142981188,PF04145.21
gene-LOC142981190,PF00096.33;PF07776.22;PF13894.13
gene-LOC142981191,PF26158.1
gene-LOC142981192,PF00041.28;PF00047.32;PF07654.22;PF07679.23;PF07686.24;PF08205.19;PF13895.13;PF13927.13;PF16656.12;PF22854.3;PF22971.3;PF25059.2;PF26428.1
gene-LOC142981197,PF00090.26;PF05986.20;PF19028.7;PF19030.7;PF19035.7
gene-LOC142981198,PF00135.35;PF07859.20;PF20434.6
gene-LOC142981199,PF00047.32;PF07654.22;PF07679.23;PF07686.24;PF08205.19;PF13895.13;PF13927.13
gene-LOC142981207,PF00291.32
gene-LOC142981209,PF05873.18
gene-LOC142981212,PF00962.29;PF19326.6
gene-LOC142981213,PF04658.19
gene-LOC142981214,PF01661.28
gene-LOC142981218,PF00151.26
gene-LOC142981219,PF14924.13
gene-LOC142981220,PF00595.30;PF13180.13;PF17820.8
gene-LOC142981221,PF00106.32;PF08659.17;PF13561.13
gene-LOC142981224,PF00047.32;PF07679.23;PF13895.13;PF13927.13
gene-LOC142981227,PF00209.25
gene-LOC142981229,PF00291.32
gene-LOC142981230,PF00246.30;PF02244.22
gene-LOC142981231,PF00047.32;PF07654.22;PF07679.23;PF07686.24;PF08205.19;PF13895.13;PF13927.13;PF16706.12;PF18452.8;PF22854.3
gene-LOC142981232,PF00014.29;PF00086.24;PF00095.27;PF02822.20;PF14625.12
gene-LOC142981235,PF06102.18
gene-LOC142981236,PF01937.25
gene-LOC142981238,PF26158.1
gene-LOC142981243,PF00248.28
gene-LOC142981246,PF00383.30;PF14437.13;PF14439.13
gene-LOC142981247,PF00291.32
gene-LOC142981253,PF00014.29;PF00090.26;PF05986.20;PF07679.23;PF08686.17;PF13895.13;PF13927.13;PF19028.7;PF19030.7;PF19035.7
gene-LOC142981255,PF01594.23
gene-LOC142981256,PF02969.24;PF07571.20
gene-LOC142981258,PF01603.27
gene-LOC142981260,PF00002.30
gene-LOC142981262,PF00069.32;PF07714.24
gene-LOC142981263,PF01026.28
gene-LOC142981264,PF03372.30;PF14529.13
gene-LOC142981265,PF00348.23
gene-LOC142981267,PF00004.36;PF27107.1
gene-LOC142981269,PF00246.30;PF02244.22
gene-LOC142981270,PF00487.31
gene-LOC142981271,PF00246.30;PF02244.22
gene-LOC142981272,PF00061.30;PF08212.19
gene-LOC142981273,PF00701.29
gene-LOC142981277,PF00291.32
gene-LOC142981278,PF00291.32
gene-LOC142981280,PF02010.22
gene-LOC142981281,PF01151.24
gene-LOC142981282,PF00046.36
gene-LOC142981283,PF00078.33
gene-LOC142981285,PF00858.30
gene-LOC142981286,PF00858.30
gene-LOC142981288,PF02949.26
gene-LOC142981289,PF00110.25
gene-LOC142981295,PF00089.33;PF12032.14
gene-LOC142981298,PF00089.33
gene-LOC142981299,PF14969.12
gene-LOC142981302,PF00568.30;PF00638.25;PF00641.24;PF22972.4
gene-LOC142981303,PF00335.27
gene-LOC142981304,PF00373.24
gene-LOC142981305,PF00651.38
gene-LOC142981310,PF10237.16
gene-LOC142981315,PF01571.27;PF25455.3
gene-LOC142981317,PF11527.14
gene-LOC142981322,PF21646.4
gene-LOC142981323,PF10545.16;PF13837.13
gene-LOC142981325,PF01058.30
gene-LOC142981331,PF02535.29
gene-LOC142981332,PF00835.25
gene-LOC142981333,PF12624.15;PF13329.14
gene-LOC142981334,PF01465.26
gene-LOC142981337,PF00962.29;PF19326.6
gene-LOC142981342,PF13920.13
gene-LOC142981343,PF02597.27
gene-LOC142981344,PF00858.30
gene-LOC142981345,PF26644.1
gene-LOC142981346,PF14846.12
gene-LOC142981347,PF00009.34;PF03143.24;PF03144.32;PF22594.3
gene-LOC142981361,PF09752.16
gene-LOC142981363,PF10545.16;PF13873.13
gene-LOC142981364,PF10545.16
gene-LOC142981365,PF02944.26;PF10545.16
gene-LOC142981366,PF01380.28;PF13230.12;PF13522.12;PF13537.12
gene-LOC142981367,PF02949.26
gene-LOC142981372,PF00097.32;PF13923.13
gene-LOC142981374,PF01400.32
gene-LOC142981375,PF01400.32
gene-LOC142981376,PF00650.26;PF13716.12;PF28528.1
gene-LOC142981379,PF00675.26;PF05193.27;PF16187.11;PF22456.2
gene-LOC142981380,PF00089.33
gene-LOC142981381,PF00076.29;PF16367.12;PF18694.7;PF23085.2
gene-LOC142981382,PF00089.33
gene-LOC142981384,PF00089.33
gene-LOC142981385,PF03798.22
gene-LOC142981389,PF02944.26;PF10545.16
gene-LOC142981396,PF00067.28
gene-LOC142981397,PF00067.28
gene-LOC142981398,PF27654.1;PF28219.1
gene-LOC142981401,PF21538.2
gene-LOC142981402,PF10477.15
gene-LOC142981403,PF00858.30
gene-LOC142981407,PF08241.19;PF08242.19;PF12589.14;PF13649.13
gene-LOC142981408,PF27912.1
gene-LOC142981409,PF00732.26;PF05199.20
gene-LOC142981410,PF00732.26;PF05199.20
gene-LOC142981412,PF03381.21
gene-LOC142981418,PF01757.29
gene-LOC142981419,PF01215.25
gene-LOC142981421,PF00270.36;PF04851.22;PF06733.22;PF13307.13
gene-LOC142981422,PF00096.33;PF12874.14;PF13465.13;PF13894.13
gene-LOC142981429,PF00061.30
gene-LOC142981433,PF01510.31
gene-LOC142981435,PF01510.31
gene-LOC142981438,PF00907.28
gene-LOC142981444,PF00005.34;PF12698.14;PF13304.13;PF23321.2;PF26955.1
gene-LOC142981446,PF13894.13
gene-LOC142981447,PF07534.23
gene-LOC142981448,PF00171.28;PF00550.32;PF00551.25;PF02911.24
gene-LOC142981452,PF02146.24
gene-LOC142981455,PF00651.38;PF01344.32;PF07646.22;PF07707.22;PF13415.13;PF13418.13;PF13854.13;PF13964.13;PF24681.2;PF24981.2;PF24996.1;PF25210.2;PF25852.1
gene-LOC142981456,PF06585.18
gene-LOC142981457,PF10545.16
gene-LOC142981458,PF00638.25
gene-LOC142981463,PF00916.27;PF01740.27
gene-LOC142981465,PF10558.15
gene-LOC142981468,PF00010.32
gene-LOC142981472,PF00406.30;PF05191.21;PF13207.13;PF13238.13
gene-LOC142981473,PF00498.32;PF00628.36;PF16737.11;PF23004.3
gene-LOC142981474,PF03029.24
gene-LOC142981475,PF21366.4
gene-LOC142981480,PF08161.19;PF25772.1
gene-LOC142981481,PF05028.21;PF20811.3
gene-LOC142981487,PF02205.27
gene-LOC142981491,PF07347.18
gene-LOC142981495,PF00089.33
gene-LOC142981496,PF00069.32;PF00780.29;PF07714.24;PF14531.13
gene-LOC142981499,PF01122.26;PF13243.13
gene-LOC142981504,PF00732.26;PF05199.20
gene-LOC142981505,PF00067.28
gene-LOC142981507,PF15477.12
gene-LOC142981510,PF03879.21
gene-LOC142981511,PF00650.26;PF28528.1
gene-LOC142981513,PF01442.24;PF07464.17
gene-LOC142981514,PF00515.35;PF07719.24;PF10579.15;PF12770.13;PF13176.13;PF13181.13;PF13374.13;PF13414.13;PF13424.13;PF13431.13;PF17874.8;PF25575.1;PF26117.1;PF28559.1
gene-LOC142981515,PF00106.32;PF08659.17;PF13561.13
gene-LOC142981517,PF07856.18
gene-LOC142981521,PF00023.37;PF00651.38;PF01363.28;PF12796.14;PF13606.13;PF13637.13;PF13857.13;PF24521.3
gene-LOC142981522,PF00188.33
gene-LOC142981523,PF12572.14
gene-LOC142981524,PF17064.12
gene-LOC142981525,PF17064.12
gene-LOC142981526,PF02320.23
gene-LOC142981527,PF03145.23;PF21361.4;PF21362.4
gene-LOC142981529,PF05915.18
gene-LOC142981532,PF02466.25
gene-LOC142981535,PF16740.11
gene-LOC142981536,PF14651.13
gene-LOC142981537,PF03798.22
gene-LOC142981539,PF02696.20
gene-LOC142981540,PF16131.12;PF18345.8
gene-LOC142981541,PF09139.18
gene-LOC142981543,PF00107.33;PF00109.33;PF00698.27;PF00975.27;PF02801.29;PF13602.13;PF16197.12
gene-LOC142981546,PF00089.33
gene-LOC142981547,PF00106.32;PF08659.17;PF13561.13;PF23441.1
gene-LOC142981548,PF02269.23
gene-LOC142981551,PF00962.29;PF08451.17
gene-LOC142981552,PF07885.23
gene-LOC142981554,PF10545.16
gene-LOC142981555,PF00089.33;PF16030.11
gene-LOC142981556,PF15309.12
gene-LOC142981557,PF00732.26;PF05199.20
gene-LOC142981559,PF00069.32;PF07714.24
gene-LOC142981563,PF10222.15
gene-LOC142981564,PF00732.26;PF05199.20
gene-LOC142981565,PF11176.14
gene-LOC142981566,PF00067.28
gene-LOC142981567,PF13873.13
gene-LOC142981570,PF21773.3
gene-LOC142981572,PF13863.12
gene-LOC142981573,PF00149.34;PF16891.11
gene-LOC142981574,PF01981.22
gene-LOC142981578,PF00732.26;PF05199.20
gene-LOC142981580,PF00732.26;PF05199.20
gene-LOC142981581,PF14978.12
gene-LOC142981582,PF03051.22
gene-LOC142981586,PF09778.16
gene-LOC142981587,PF01221.24
gene-LOC142981588,PF00067.28
gene-LOC142981589,PF07690.22;PF12832.14
gene-LOC142981592,PF12171.15
gene-LOC142981593,PF00850.25
gene-LOC142981595,PF00061.30
gene-LOC142981597,PF00650.26;PF13716.12;PF28528.1
gene-LOC142981599,PF00650.26;PF13716.12;PF28528.1
gene-LOC142981601,PF00650.26;PF13716.12;PF28528.1
gene-LOC142981603,PF00106.32;PF01370.28;PF08659.17;PF13561.13
gene-LOC142981607,PF24768.2
gene-LOC142981610,PF00520.38
gene-LOC142981611,PF00246.30;PF02244.22
gene-LOC142981612,PF00650.26;PF13716.12;PF28528.1
gene-LOC142981613,PF02221.21
gene-LOC142981615,PF13873.13
gene-LOC142981616,PF08620.16;PF08621.16;PF25766.2
gene-LOC142981617,PF00089.33;PF16030.11
gene-LOC142981622,PF00307.37
gene-LOC142981623,PF05153.22
gene-LOC142981626,PF00149.34;PF02872.24
gene-LOC142981627,PF09349.16
gene-LOC142981630,PF08313.18
gene-LOC142981631,PF00732.26;PF05199.20
gene-LOC142981632,PF00650.26;PF13716.12;PF28528.1
gene-LOC142981634,PF10502.15
gene-LOC142981635,PF01096.24;PF02150.22
gene-LOC142981636,PF00650.26;PF13716.12;PF28528.1
gene-LOC142981638,PF00083.31;PF07690.22
gene-LOC142981639,PF00560.40;PF12799.14;PF13855.13;PF23598.2;PF23952.2;PF24048.2
gene-LOC142981640,PF00089.33
gene-LOC142981641,PF00732.26;PF05199.20
gene-LOC142981643,PF00036.39;PF10591.16;PF12763.14;PF13202.13;PF13405.13;PF13499.13;PF13833.13;PF14658.13;PF21008.4;PF23564.2;PF24548.2
gene-LOC142981648,PF00884.29;PF01663.28;PF16347.11
gene-LOC142981649,PF00067.28
gene-LOC142981651,PF00096.33;PF12171.15;PF12874.14;PF13894.13;PF13912.13
gene-LOC142981652,PF13532.13
gene-LOC142981655,PF00097.32;PF02148.26;PF07576.19;PF12678.14;PF13445.13;PF13639.13;PF13923.13
gene-LOC142981657,PF00561.27;PF04083.23
gene-LOC142981658,PF06741.19;PF14438.13
gene-LOC142981659,PF00651.38
gene-LOC142981660,PF00106.32;PF08659.17;PF13561.13
gene-LOC142981661,PF00001.27
gene-LOC142981663,PF00501.35;PF13193.13
gene-LOC142981664,PF00061.30
gene-LOC142981665,PF00096.33;PF12171.15;PF13465.13;PF13894.13;PF13912.13
gene-LOC142981666,PF00089.33;PF16030.11
gene-LOC142981670,PF00650.26;PF28528.1
gene-LOC142981671,PF01757.29
gene-LOC142981672,PF00795.28;PF19018.6
gene-LOC142981678,PF02221.21
gene-LOC142981679,PF00650.26;PF13716.12;PF28528.1
gene-LOC142981680,PF00107.33;PF00109.33;PF00698.27;PF02801.29;PF16197.12
gene-LOC142981681,PF00109.33;PF00698.27;PF02801.29;PF13602.13;PF16197.12
gene-LOC142981683,PF15749.11
gene-LOC142981688,PF00450.29
gene-LOC142981689,PF00450.29
gene-LOC142981691,PF00501.35;PF13193.13
gene-LOC142981692,PF00641.24
gene-LOC142981693,PF00089.33
gene-LOC142981695,PF13905.13
gene-LOC142981698,PF16043.12
gene-LOC142981701,PF16065.11
gene-LOC142981702,PF00566.26;PF02759.25;PF12068.15
gene-LOC142981703,PF00149.34;PF02872.24
gene-LOC142981705,PF00070.34;PF00355.33;PF03486.21;PF07992.21;PF13738.13;PF13806.13
gene-LOC142981707,PF02319.27
gene-LOC142981710,PF00089.33;PF03761.22;PF16030.11
gene-LOC142981711,PF02055.23;PF17189.11
gene-LOC142981712,PF00732.26;PF05199.20
gene-LOC142981713,PF03208.25
gene-LOC142981714,PF04766.19
gene-LOC142981717,PF10545.16
gene-LOC142981718,PF10545.16
gene-LOC142981719,PF05826.18
gene-LOC142981720,PF00732.26;PF00890.31;PF05199.20
gene-LOC142981722,PF02696.20
gene-LOC142981723,PF18027.7;PF25571.2
gene-LOC142981725,PF00650.26;PF13716.12;PF28528.1
gene-LOC142981726,PF00076.29;PF28441.1;PF28442.1
gene-LOC142981727,PF00046.36;PF03798.22
gene-LOC142981729,PF00962.29;PF08451.17
gene-LOC142981730,PF07522.20;PF12706.14
gene-LOC142981731,PF00650.26;PF28528.1
gene-LOC142981732,PF00501.35;PF13193.13
gene-LOC142981733,PF00962.29;PF08451.17;PF19326.6
gene-LOC142981734,PF00067.28
gene-LOC142981735,PF00089.33
gene-LOC142981736,PF00067.28
gene-LOC142981738,PF00685.34
gene-LOC142981742,PF00106.32;PF08659.17;PF13561.13;PF23441.1
gene-LOC142981743,PF00106.32;PF08659.17;PF13561.13;PF23441.1
gene-LOC142981744,PF00270.36;PF00271.38;PF04851.22;PF13959.12;PF23681.2
gene-LOC142981747,PF03067.22
gene-LOC142981749,PF00274.26
gene-LOC142981750,PF00650.26;PF28528.1
gene-LOC142981755,PF00501.35;PF13193.13
gene-LOC142981756,PF00501.35;PF13193.13
gene-LOC142981759,PF00096.33;PF05605.19;PF07776.22;PF12171.15;PF12874.14;PF13465.13;PF13894.13;PF13912.13
gene-LOC142981761,PF00089.33
gene-LOC142981762,PF00892.27
gene-LOC142981765,PF00561.27;PF12146.16;PF12697.14
gene-LOC142981766,PF00650.26;PF28528.1
gene-LOC142981767,PF05153.22
gene-LOC142981769,PF00650.26;PF13716.12;PF28528.1
gene-LOC142981771,PF00106.32;PF08659.17;PF13561.13;PF23441.1
gene-LOC142981772,PF00106.32;PF08659.17;PF13561.13;PF23441.1
gene-LOC142981773,PF00090.26;PF01033.23;PF19028.7;PF25031.1
gene-LOC142981775,PF02582.20
gene-LOC142981777,PF00149.34;PF02872.24
gene-LOC142981778,PF00012.27;PF06723.20
gene-LOC142981779,PF00089.33;PF16030.11
gene-LOC142981781,PF00089.33
gene-LOC142981785,PF00501.35;PF13193.13
gene-LOC142981786,PF00083.31;PF07690.22
gene-LOC142981788,PF00650.26;PF28528.1
gene-LOC142981790,PF07885.23
gene-LOC142981792,PF00710.26;PF17763.7
gene-LOC142981793,PF00067.28
gene-LOC142981794,PF00106.32;PF08659.17;PF13561.13
gene-LOC142981795,PF06585.18
gene-LOC142981796,PF00650.26;PF28528.1
gene-LOC142981797,PF00962.29;PF08451.17
gene-LOC142981798,PF00732.26;PF05199.20
gene-LOC142981799,PF00089.33
gene-LOC142981801,PF02944.26;PF10545.16
gene-LOC142981803,PF00732.26;PF05199.20
gene-LOC142981804,PF00106.32;PF08659.17;PF13561.13;PF23441.1
gene-LOC142981806,PF00106.32;PF08659.17;PF13561.13
gene-LOC142981808,PF00650.26;PF28528.1
gene-LOC142981809,PF00907.28
gene-LOC142981810,PF01151.24
gene-LOC142981811,PF00089.33;PF16030.11
gene-LOC142981813,PF13772.12
gene-LOC142981814,PF00520.38;PF07885.23
gene-LOC142981817,PF00561.27;PF12146.16;PF12697.14
gene-LOC142981819,PF00025.28;PF00071.29;PF08477.20
gene-LOC142981822,PF01400.32
gene-LOC142981823,PF00732.26;PF05199.20
gene-LOC142981826,PF00012.27;PF06723.20
gene-LOC142981828,PF02221.21
gene-LOC142981829,PF00650.26;PF13716.12;PF28528.1
gene-LOC142981830,PF00650.26;PF13716.12;PF28528.1
gene-LOC142981831,PF00650.26;PF13716.12;PF28528.1
gene-LOC142981832,PF00650.26;PF28528.1
gene-LOC142981834,PF11822.15
gene-LOC142981836,PF24161.2
gene-LOC142981839,PF07719.24;PF13428.13;PF14559.13;PF27626.1
gene-LOC142981841,PF00248.28
gene-LOC142981845,PF00650.26;PF28528.1
gene-LOC142981846,PF00023.37;PF11904.14;PF12796.14;PF13606.13;PF13637.13
gene-LOC142981847,PF00650.26;PF28528.1
gene-LOC142981848,PF00096.33;PF07776.22;PF12171.15;PF12874.14;PF13465.13;PF13894.13;PF13912.13;PF23561.2
gene-LOC142981849,PF00226.37;PF01556.24
gene-LOC142981850,PF00096.33;PF07776.22;PF13465.13;PF13894.13
gene-LOC142981852,PF15074.12
gene-LOC142981855,PF05485.18;PF21787.4
gene-LOC142981857,PF03564.22;PF05380.19;PF18701.7
gene-LOC142981859,PF00083.31;PF07690.22
gene-LOC142981860,PF00083.31;PF03137.27;PF07690.22
gene-LOC142981861,PF00106.32;PF08659.17;PF13561.13
gene-LOC142981862,PF21773.3
gene-LOC142981864,PF06151.19;PF08395.18
gene-LOC142981865,PF08395.18
gene-LOC142981866,PF08395.18
gene-LOC142981867,PF08395.18
gene-LOC142981868,PF08395.18
gene-LOC142981870,PF03564.22;PF05380.19
gene-LOC142981871,PF00109.33;PF00698.27;PF02801.29;PF16197.12
gene-LOC142981872,PF00698.27;PF02801.29;PF16197.12
gene-LOC142981874,PF00107.33;PF00109.33;PF00698.27;PF02801.29;PF16197.12
gene-LOC142981875,PF00135.35;PF07859.20;PF20434.6
gene-LOC142981876,PF02055.23;PF17189.11
gene-LOC142981877,PF00067.28
gene-LOC142981878,PF00067.28
gene-LOC142981879,PF00067.28
gene-LOC142981880,PF00561.27;PF12146.16;PF12697.14
gene-LOC142981883,PF00096.33;PF13465.13;PF13894.13
gene-LOC142981885,PF00089.33
gene-LOC142981886,PF04825.19
gene-LOC142981887,PF03798.22
gene-LOC142981888,PF00939.26;PF03600.23
gene-LOC142981889,PF00089.33;PF13365.13
gene-LOC142981890,PF00916.27;PF01740.27
gene-LOC142981891,PF18701.7
gene-LOC142981892,PF14214.12;PF23343.3
gene-LOC142981893,PF00061.30
gene-LOC142981895,PF00501.35;PF13193.13
gene-LOC142981896,PF00089.33;PF13365.13
gene-LOC142981897,PF00650.26;PF13716.12;PF28528.1
gene-LOC142981898,PF00650.26;PF28528.1
gene-LOC142981899,PF00650.26;PF28528.1
gene-LOC142981900,PF00650.26;PF28528.1
gene-LOC142981901,PF00650.26;PF13716.12;PF28528.1
gene-LOC142981902,PF00650.26;PF28528.1
gene-LOC142981905,PF00041.28;PF00047.32;PF07654.22;PF07679.23;PF07686.24;PF08204.18;PF08205.19;PF13895.13;PF13927.13;PF16656.12;PF16680.12;PF16681.12;PF17736.8;PF18452.8;PF22705.3;PF22854.3;PF22971.3;PF25059.2;PF25305.2;PF25523.2
gene-LOC142981906,PF15734.11
gene-LOC142981913,PF01757.29
gene-LOC142981914,PF02389.21
gene-LOC142981915,PF01757.29
gene-LOC142981920,PF04438.23
gene-LOC142981921,PF00248.28
gene-LOC142981922,PF00248.28
gene-LOC142981926,PF00169.36;PF00620.33
gene-LOC142981927,PF07162.18
gene-LOC142981930,PF02434.23
gene-LOC142981931,PF01363.28;PF06602.20
gene-LOC142981932,PF04241.21
gene-LOC142981936,PF01161.26
gene-LOC142981937,PF01161.26
gene-LOC142981938,PF01161.26
gene-LOC142981939,PF01161.26
gene-LOC142981941,PF00092.35;PF08487.17;PF13519.13;PF13768.13
gene-LOC142981944,PF00274.26
gene-LOC142981947,PF00939.26;PF03600.23
gene-LOC142981956,PF00561.27;PF05057.21;PF07819.20;PF12146.16;PF12697.14
gene-LOC142981965,PF01697.34
gene-LOC142981986,PF01585.29;PF12656.13
gene-LOC142981989,PF00515.35;PF07719.24
gene-LOC142981992,PF15870.11
gene-LOC142981995,PF04752.18
gene-LOC142981996,PF00621.26;PF19056.7;PF19057.7;PF23748.2
gene-LOC142981997,PF01529.26
gene-LOC142981999,PF03226.22
gene-LOC142982002,PF00149.34;PF02872.24
gene-LOC142982003,PF00201.25;PF04101.23;PF06722.19
gene-LOC142982004,PF00201.25;PF04101.23;PF06722.19
gene-LOC142982006,PF02759.25;PF13901.13
gene-LOC142982007,PF03133.21;PF14398.12
gene-LOC142982009,PF00106.32;PF08659.17;PF13561.13
gene-LOC142982010,PF00249.38;PF04433.24;PF13921.13;PF16495.11;PF16496.11;PF16498.11
gene-LOC142982011,PF08450.19
gene-LOC142982012,PF07494.18;PF08450.19
gene-LOC142982016,PF01636.30;PF02958.27;PF07914.18
gene-LOC142982018,PF00561.27;PF00975.27;PF12146.16;PF12697.14
gene-LOC142982021,PF00443.36;PF08969.17;PF13423.13
gene-LOC142982022,PF00168.37;PF01906.24;PF23025.2;PF23028.2;PF23128.2
gene-LOC142982023,PF00704.35;PF08329.17
gene-LOC142982024,PF00704.35;PF08329.17
gene-LOC142982029,PF00076.29;PF02037.34
gene-LOC142982030,PF03137.27
gene-LOC142982036,PF00639.28;PF13616.13
gene-LOC142982051,PF00089.33
gene-LOC142982055,PF00622.37
gene-LOC142982056,PF00089.33
gene-LOC142982058,PF00135.35;PF07859.20;PF20434.6
gene-LOC142982060,PF16009.11
gene-LOC142982062,PF10257.16;PF19314.5
gene-LOC142982063,PF00135.35;PF07859.20;PF20434.6
gene-LOC142982065,PF01571.27;PF08669.18
gene-LOC142982066,PF00307.37;PF00397.33;PF00435.28;PF00569.24;PF09068.18;PF09069.18;PF25034.2;PF27015.1
gene-LOC142982068,PF00135.35;PF07859.20;PF20434.6
gene-LOC142982070,PF01636.30;PF02958.27;PF07914.18
gene-LOC142982071,PF00135.35;PF07859.20;PF20434.6
gene-LOC142982078,PF00135.35;PF07859.20;PF20434.6
gene-LOC142982081,PF00043.31;PF02798.27;PF13409.13;PF13417.13
gene-LOC142982082,PF00043.31;PF02798.27;PF13409.13;PF13417.13
gene-LOC142982090,PF21730.3
gene-LOC142982094,PF00089.33
gene-LOC142982095,PF00135.35;PF07859.20;PF20434.6
gene-LOC142982098,PF00069.32;PF07714.24;PF13360.14;PF13570.14
gene-LOC142982102,PF13873.13
gene-LOC142982103,PF00059.28
gene-LOC142982104,PF00533.34;PF12738.14;PF16589.13
gene-LOC142982105,PF15497.12
gene-LOC142982107,PF00097.32;PF12678.14;PF13445.13;PF13639.13;PF13923.13;PF14634.13;PF17123.12
gene-LOC142982112,PF00083.31;PF07690.22
gene-LOC142982115,PF05577.19
gene-LOC142982116,PF00089.33
gene-LOC142982117,PF00266.26;PF00282.26
gene-LOC142982120,PF00089.33
gene-LOC142982121,PF00153.33
gene-LOC142982122,PF00083.31;PF07690.22
gene-LOC142982124,PF00134.29
gene-LOC142982126,PF00379.30
gene-LOC142982127,PF00379.30
gene-LOC142982128,PF00379.30
gene-LOC142982129,PF00379.30
gene-LOC142982130,PF00379.30
gene-LOC142982131,PF00004.36;PF08542.17;PF13177.13;PF21960.3
gene-LOC142982132,PF00379.30
gene-LOC142982135,PF00379.30
gene-LOC142982136,PF00379.30
gene-LOC142982138,PF00379.30
gene-LOC142982139,PF01395.28
gene-LOC142982140,PF00211.26
gene-LOC142982141,PF06602.20;PF21098.4
gene-LOC142982144,PF00702.33;PF13419.13
gene-LOC142982145,PF00702.33;PF12710.14;PF13419.13
gene-LOC142982146,PF00046.36
gene-LOC142982147,PF00439.31;PF00855.24;PF23460.2;PF24324.2
gene-LOC142982151,PF00106.32;PF08659.17;PF13561.13
gene-LOC142982158,PF08450.19
gene-LOC142982159,PF08447.19;PF14598.13;PF23183.1
gene-LOC142982160,PF00957.28
gene-LOC142982161,PF23301.2
gene-LOC142982166,PF00096.33;PF07776.22
gene-LOC142982167,PF00201.25;PF04101.23;PF06722.19
gene-LOC142982168,PF00201.25;PF04101.23;PF06722.19
gene-LOC142982169,PF00201.25;PF04101.23;PF06722.19
gene-LOC142982170,PF00201.25;PF04101.23;PF06722.19
gene-LOC142982174,PF00957.28
gene-LOC142982175,PF00046.36
gene-LOC142982178,PF00075.31;PF13456.13
gene-LOC142982180,PF03564.22;PF05380.19;PF18701.7
gene-LOC142982182,PF03645.19
gene-LOC142982187,PF09728.15
gene-LOC142982189,PF14924.13
gene-LOC142982192,PF07686.24
gene-LOC142982193,PF00075.31;PF01693.24
gene-LOC142982194,PF13865.12
gene-LOC142982195,PF00067.28
gene-LOC142982197,PF00023.37;PF00520.38;PF12796.14;PF13606.13;PF13637.13;PF13857.13
gene-LOC142982204,PF04752.18
gene-LOC142982206,PF10257.16;PF19311.5;PF19314.5
gene-LOC142982207,PF02949.26
gene-LOC142982211,PF00036.39;PF13202.13;PF13405.13;PF13499.13;PF17958.8;PF21161.4
gene-LOC142982223,PF02037.34;PF18592.7
gene-LOC142982227,PF00112.30
gene-LOC142982235,PF05335.19
gene-LOC142982236,PF13917.12
gene-LOC142982237,PF00013.36;PF00270.36;PF00271.38;PF04851.22
gene-LOC142982239,PF13516.13
gene-LOC142982241,PF00001.27
gene-LOC142982242,PF00456.27;PF00676.26;PF02779.30;PF02780.26;PF13292.12
gene-LOC142982243,PF01607.30
gene-LOC142982244,PF00560.40;PF13516.13;PF27087.1
gene-LOC142982245,PF10256.15
gene-LOC142982247,PF02944.26;PF10545.16
gene-LOC142982249,PF15052.12
gene-LOC142982251,PF00089.33
gene-LOC142982252,PF13300.12;PF25449.2
gene-LOC142982254,PF08238.19
gene-LOC142982258,PF03190.22;PF13098.14;PF13899.13
gene-LOC142982259,PF23301.2;PF26673.1
gene-LOC142982262,PF00787.30;PF12799.14;PF13855.13;PF14580.13;PF24048.2
gene-LOC142982263,PF00089.33;PF09342.17
gene-LOC142982265,PF01111.25
gene-LOC142982266,PF23301.2;PF26673.1
gene-LOC142982269,PF00089.33
gene-LOC142982270,PF00057.24
gene-LOC142982271,PF00089.33
gene-LOC142982277,PF00379.30
gene-LOC142982279,PF10224.15
gene-LOC142982280,PF12998.13
gene-LOC142982282,PF02892.22
gene-LOC142982283,PF08236.18
gene-LOC142982284,PF02586.20
gene-LOC142982287,PF00089.33
gene-LOC142982289,PF16009.11
gene-LOC142982290,PF01597.26
gene-LOC142982291,PF08583.16
gene-LOC142982293,PF06585.18
gene-LOC142982297,PF00651.38
gene-LOC142982298,PF00089.33
gene-LOC142982300,PF00211.26;PF13191.13
gene-LOC142982304,PF03690.19
gene-LOC142982305,PF02815.26
gene-LOC142982306,PF02014.24;PF06468.20
gene-LOC142982307,PF01979.27;PF07969.18
gene-LOC142982311,PF00501.35;PF13193.13;PF16177.12
gene-LOC142982312,PF09754.16
gene-LOC142982313,PF07304.17
gene-LOC142982314,PF05672.17
gene-LOC142982315,PF00047.32;PF07679.23;PF07686.24;PF13895.13;PF13927.13
gene-LOC142982317,PF00153.33
gene-LOC142982319,PF00096.33;PF07776.22;PF12171.15;PF13465.13;PF13894.13
gene-LOC142982325,PF02991.23;PF04110.20
gene-LOC142982326,PF08447.19;PF13426.14;PF14598.13;PF23183.1
gene-LOC142982327,PF00083.31;PF07690.22
gene-LOC142982328,PF03932.21
gene-LOC142982329,PF00106.32;PF08659.17;PF13561.13
gene-LOC142982334,PF00154.28;PF08423.18
gene-LOC142982338,PF04418.18
gene-LOC142982340,PF00047.32;PF07654.22;PF07679.23;PF07686.24;PF08205.19;PF13895.13;PF13927.13;PF16706.12;PF18452.8;PF22854.3;PF22971.3
gene-LOC142982345,PF22602.3;PF24048.2
gene-LOC142982347,PF00254.35
gene-LOC142982348,PF08395.18
gene-LOC142982350,PF00089.33;PF13365.13
gene-LOC142982351,PF00023.37;PF12796.14;PF13606.13;PF13637.13
gene-LOC142982352,PF00089.33
gene-LOC142982353,PF00078.33
gene-LOC142982354,PF00106.32;PF13561.13
gene-LOC142982355,PF13358.13;PF27940.1
gene-LOC142982356,PF01215.25
gene-LOC142982358,PF08395.18
gene-LOC142982359,PF08395.18
gene-LOC142982360,PF08395.18
gene-LOC142982361,PF00106.32;PF08659.17;PF13561.13
gene-LOC142982362,PF01395.28
gene-LOC142982365,PF00201.25;PF04101.23;PF06722.19
gene-LOC142982366,PF00201.25;PF04101.23;PF06722.19
gene-LOC142982367,PF00201.25;PF04101.23;PF06722.19
gene-LOC142982368,PF00201.25;PF04101.23;PF06722.19
gene-LOC142982369,PF03184.26;PF13358.13
gene-LOC142982370,PF10511.16
gene-LOC142982372,PF02949.26
gene-LOC142982373,PF16009.11
gene-LOC142982374,PF13565.13;PF17906.8
gene-LOC142982375,PF13359.13
gene-LOC142982376,PF13358.13
gene-LOC142982377,PF13873.13
gene-LOC142982379,PF00151.26;PF00561.27;PF12146.16
gene-LOC142982380,PF00083.31;PF06779.21;PF07690.22
gene-LOC142982382,PF00151.26
gene-LOC142982384,PF00089.33;PF13365.13
gene-LOC142982385,PF00350.30;PF16880.11
gene-LOC142982389,PF07767.17
gene-LOC142982391,PF20210.5;PF25468.2
gene-LOC142982402,PF05335.19
gene-LOC142982409,PF00069.32;PF07714.24
gene-LOC142982413,PF13873.13
gene-LOC142982414,PF13873.13
gene-LOC142982419,PF00515.35;PF07719.24;PF13181.13;PF13414.13;PF16546.11
gene-LOC142982421,PF00036.39;PF13202.13;PF13405.13;PF13499.13
gene-LOC142982425,PF03650.19
gene-LOC142982427,PF00201.25;PF04101.23;PF06722.19
gene-LOC142982428,PF00201.25;PF04101.23;PF06722.19
gene-LOC142982430,PF17054.10
gene-LOC142982431,PF10217.15
gene-LOC142982435,PF00549.25;PF02629.26;PF13607.12
gene-LOC142982437,PF12678.14;PF13639.13;PF13923.13;PF17123.12
gene-LOC142982438,PF00646.39;PF12937.13;PF23414.2;PF25171.2
gene-LOC142982451,PF01465.26
gene-LOC142982492,PF00373.24;PF05902.19;PF08736.17;PF09379.17;PF09380.17
gene-LOC142982493,PF00005.34;PF00664.29;PF01935.24;PF02463.26;PF13304.13;PF13401.13
gene-LOC142982494,PF00151.26
gene-LOC142982496,PF01066.27
gene-LOC142982499,PF04969.23
gene-LOC142982500,PF00083.31;PF07690.22
gene-LOC142982501,PF00083.31;PF07690.22
gene-LOC142982502,PF00083.31;PF07690.22
gene-LOC142982503,PF00400.39;PF23098.2;PF23381.2;PF23393.3;PF23409.2;PF23410.5;PF23414.2;PF23609.2;PF23775.2;PF24782.3;PF24796.2;PF24805.2;PF24807.2;PF24814.2;PF24817.2;PF25047.1;PF25168.2;PF25171.2;PF25172.2;PF25173.2;PF25174.2;PF25175.2;PF25391.2
gene-LOC142982507,PF00091.32;PF03953.23
gene-LOC142982508,PF00156.34
gene-LOC142982509,PF00005.34;PF00664.29;PF01926.30;PF02463.26;PF03193.23;PF13304.13;PF13555.13
gene-LOC142982515,PF08240.18
gene-LOC142982516,PF00005.34;PF00664.29;PF02463.26;PF13191.13;PF13304.13;PF13401.13
gene-LOC142982519,PF00003.29;PF22572.3;PF22673.3
gene-LOC142982520,PF00027.36;PF00520.38;PF07885.23
gene-LOC142982522,PF12906.14;PF18720.7
gene-LOC142982529,PF01968.25;PF02538.20;PF05378.20;PF19278.5
gene-LOC142982530,PF13405.13;PF13499.13
gene-LOC142982531,PF00089.33
gene-LOC142982533,PF00149.34;PF02872.24
gene-LOC142982535,PF03676.20
gene-LOC142982536,PF14160.12
gene-LOC142982538,PF16401.11
gene-LOC142982540,PF05699.20;PF27039.1
gene-LOC142982541,PF10545.16;PF13837.13;PF13873.13
gene-LOC142982543,PF00096.33;PF13465.13;PF13894.13;PF18868.8
gene-LOC142982544,PF00209.25
gene-LOC142982545,PF00135.35;PF00326.28;PF07859.20;PF20434.6
gene-LOC142982551,PF03909.23
gene-LOC142982552,PF01412.24
gene-LOC142982553,PF03259.24
gene-LOC142982555,PF23079.2
gene-LOC142982556,PF05375.20;PF23244.2
gene-LOC142982557,PF05375.20
gene-LOC142982559,PF00241.26
gene-LOC142982562,PF21044.5
gene-LOC142982564,PF00254.35
gene-LOC142982566,PF02383.24
gene-LOC142982567,PF02383.24
gene-LOC142982568,PF01422.23
gene-LOC142982569,PF00326.28;PF00930.28;PF02129.25
gene-LOC142982570,PF02936.20
gene-LOC142982571,PF00209.25
gene-LOC142982572,PF03259.24;PF16672.12
gene-LOC142982574,PF22675.3
gene-LOC142982576,PF00096.33;PF13465.13;PF13894.13
gene-LOC142982578,PF00096.33;PF05605.19;PF12171.15;PF12874.14;PF13465.13;PF13894.13;PF13912.13;PF23561.2
gene-LOC142982579,PF13917.12
gene-LOC142982580,PF00096.33;PF05605.19;PF07776.22;PF12171.15;PF12874.14;PF13465.13;PF13894.13;PF23561.2
gene-LOC142982584,PF00023.37;PF00520.38;PF12796.14;PF13606.13;PF13637.13;PF13857.13
gene-LOC142982585,PF05826.18
gene-LOC142982586,PF00106.32;PF08659.17;PF13561.13
gene-LOC142982588,PF10187.16
gene-LOC142982590,PF10241.15
gene-LOC142982591,PF00179.32
gene-LOC142982593,PF00232.25
gene-LOC142982596,PF00002.30;PF01534.24
gene-LOC142982597,PF01066.27
gene-LOC142982598,PF10545.16;PF13837.13;PF13873.13
gene-LOC142982600,PF00106.32;PF13561.13
gene-LOC142982604,PF23381.2;PF24782.3;PF24807.2;PF24814.2;PF24817.2;PF25168.2;PF25172.2;PF25173.2;PF25174.2;PF25175.2;PF25469.2
gene-LOC142982607,PF09808.15
gene-LOC142982608,PF00069.32;PF01064.31;PF07714.24;PF08515.18
gene-LOC142982609,PF00071.29
gene-LOC142982610,PF01909.30;PF03828.25;PF22600.3
gene-LOC142982611,PF07051.18
gene-LOC142982613,PF06624.18
gene-LOC142982614,PF00125.31;PF00808.30
gene-LOC142982615,PF00083.31;PF07690.22
gene-LOC142982616,PF00083.31;PF07690.22
gene-LOC142982619,PF07713.19;PF26093.1
gene-LOC142982621,PF00096.33;PF07776.22;PF13465.13;PF13894.13
gene-LOC142982624,PF00569.24;PF09068.18;PF09069.18
gene-LOC142982627,PF00083.31;PF07690.22
gene-LOC142982629,PF01553.27
gene-LOC142982631,PF03260.20
gene-LOC142982633,PF00400.39;PF23381.2;PF23609.2;PF24796.2;PF24807.2;PF24814.2;PF25174.2;PF25175.2
gene-LOC142982636,PF01490.25
gene-LOC142982637,PF00089.33;PF09342.17
gene-LOC142982638,PF00083.31;PF07690.22
gene-LOC142982639,PF00622.37;PF13639.13;PF13920.13;PF25576.2
gene-LOC142982640,PF00227.32;PF10584.15
gene-LOC142982641,PF00083.31;PF07690.22
gene-LOC142982642,PF00083.31;PF07690.22
gene-LOC142982645,PF02297.23;PF06747.19
gene-LOC142982646,PF07534.23
gene-LOC142982649,PF00083.31;PF07690.22
gene-LOC142982650,PF00089.33
gene-LOC142982652,PF09815.15
gene-LOC142982654,PF00050.27;PF07648.21
gene-LOC142982655,PF00050.27;PF07648.21
gene-LOC142982657,PF01545.27;PF16916.12
gene-LOC142982658,PF00089.33
gene-LOC142982660,PF00378.26;PF16113.11
gene-LOC142982663,PF00806.26;PF22493.3
gene-LOC142982667,PF00089.33
gene-LOC142982669,PF09815.15
gene-LOC142982670,PF08766.17
gene-LOC142982672,PF14886.12
gene-LOC142982673,PF15867.11
gene-LOC142982674,PF01762.28
gene-LOC142982675,PF01138.28
gene-LOC142982681,PF00096.33;PF13465.13;PF13894.13
gene-LOC142982683,PF00023.37;PF00520.38;PF12796.14;PF13606.13;PF13637.13;PF13857.13;PF24521.3
gene-LOC142982684,PF00561.27;PF04083.23
gene-LOC142982685,PF21038.4;PF21039.4;PF21040.5
gene-LOC142982686,PF00071.29;PF08477.20
gene-LOC142982690,PF00232.25
gene-LOC142982691,PF00232.25
gene-LOC142982692,PF00232.25
gene-LOC142982693,PF00232.25
gene-LOC142982694,PF00232.25
gene-LOC142982695,PF00232.25
gene-LOC142982696,PF00232.25
gene-LOC142982697,PF00232.25
gene-LOC142982698,PF00232.25
gene-LOC142982700,PF00346.25
gene-LOC142982701,PF00050.27;PF07648.21
gene-LOC142982702,PF00650.26;PF13716.12;PF28528.1
gene-LOC142982703,PF00151.26
gene-LOC142982704,PF00782.26;PF14671.12;PF22741.2;PF22784.2;PF22785.2
gene-LOC142982709,PF05347.22
gene-LOC142982710,PF00102.33;PF00782.26;PF22741.2;PF22784.2;PF22785.2
gene-LOC142982711,PF13180.13;PF17820.8;PF18265.7
gene-LOC142982713,PF00027.36;PF00520.38;PF00999.27
gene-LOC142982716,PF00089.33;PF09342.17
gene-LOC142982717,PF00135.35;PF20434.6
gene-LOC142982719,PF21362.4
gene-LOC142982720,PF02931.29;PF02932.22
gene-LOC142982721,PF07776.22
gene-LOC142982723,PF05276.20
gene-LOC142982724,PF16029.11
gene-LOC142982725,PF00153.33
gene-LOC142982726,PF00153.33
gene-LOC142982728,PF10545.16
gene-LOC142982732,PF10639.16
gene-LOC142982733,PF00089.33
gene-LOC142982734,PF13868.12
gene-LOC142982736,PF00023.37;PF00520.38;PF12796.14;PF13606.13;PF13637.13;PF13857.13;PF24521.3
gene-LOC142982738,PF11232.15;PF11265.15
gene-LOC142982743,PF00011.28
gene-LOC142982744,PF22782.2
gene-LOC142982745,PF00100.30;PF23344.2;PF25057.2
gene-LOC142982748,PF00083.31;PF07690.22;PF12832.14
gene-LOC142982750,PF04827.21;PF13359.13
gene-LOC142982752,PF14712.12
gene-LOC142982754,PF10545.16
gene-LOC142982758,PF00270.36;PF00271.38
gene-LOC142982760,PF04733.21;PF07719.24;PF14559.13
gene-LOC142982762,PF00232.25
gene-LOC142982763,PF00232.25
gene-LOC142982765,PF10545.16;PF13837.13;PF13873.13
gene-LOC142982767,PF00096.33;PF07776.22;PF13465.13;PF13894.13
gene-LOC142982768,PF13358.13
gene-LOC142982770,PF01215.25
gene-LOC142982771,PF00112.30;PF08246.18
gene-LOC142982773,PF00046.36
gene-LOC142982774,PF03259.24
gene-LOC142982775,PF15868.11
gene-LOC142982776,PF15868.11
gene-LOC142982777,PF03720.23;PF04652.22
gene-LOC142982779,PF05699.20;PF27039.1
gene-LOC142982781,PF01237.24;PF15409.14
gene-LOC142982783,PF00078.33;PF05380.19;PF18701.7
gene-LOC142982784,PF00232.25
gene-LOC142982785,PF00232.25
gene-LOC142982786,PF00232.25
gene-LOC142982787,PF00232.25
gene-LOC142982788,PF00232.25
gene-LOC142982790,PF00023.37;PF12796.14;PF13606.13;PF13637.13;PF13857.13
gene-LOC142982791,PF00059.28
gene-LOC142982794,PF00083.31;PF07690.22
gene-LOC142982795,PF10545.16
gene-LOC142982796,PF00083.31;PF07690.22
gene-LOC142982797,PF10545.16
gene-LOC142982798,PF13359.13
gene-LOC142982799,PF13358.13
gene-LOC142982803,PF00050.27;PF07648.21;PF21287.4
gene-LOC142982805,PF00096.33;PF13465.13;PF13894.13
gene-LOC142982806,PF00083.31;PF07690.22
gene-LOC142982807,PF00102.33;PF00782.26;PF22784.2;PF22785.2
gene-LOC142982808,PF23055.2
gene-LOC142982809,PF01064.31
gene-LOC142982811,PF00200.29;PF13574.13;PF13582.13;PF13688.13
gene-LOC142982812,PF00561.27;PF04083.23
gene-LOC142982814,PF08395.18
gene-LOC142982817,PF08395.18
gene-LOC142982819,PF08395.18
gene-LOC142982820,PF06784.17
gene-LOC142982822,PF08395.18
gene-LOC142982823,PF00078.33
gene-LOC142982825,PF00089.33
gene-LOC142982826,PF00089.33
gene-LOC142982828,PF00089.33;PF02936.20
gene-LOC142982830,PF00095.27
gene-LOC142982831,PF10166.15
gene-LOC142982832,PF00089.33;PF00431.27
gene-LOC142982833,PF00431.27
gene-LOC142982836,PF03647.19
gene-LOC142982837,PF12260.15
gene-LOC142982840,PF00089.33;PF00431.27
gene-LOC142982841,PF00050.27;PF07648.21
gene-LOC142982842,PF10601.15
gene-LOC142982843,PF00782.26;PF22741.2;PF22784.2;PF22785.2
gene-LOC142982844,PF00083.31;PF07690.22
gene-LOC142982848,PF00096.33;PF07776.22;PF13465.13;PF13894.13
gene-LOC142982849,PF00013.36;PF22675.3
gene-LOC142982850,PF10601.15
gene-LOC142982852,PF05375.20
gene-LOC142982853,PF05375.20
gene-LOC142982857,PF00089.33
gene-LOC142982858,PF00089.33
gene-LOC142982860,PF00089.33
gene-LOC142982861,PF10545.16
gene-LOC142982862,PF00083.31;PF07690.22
gene-LOC142982863,PF00373.24;PF09379.17;PF09380.17
gene-LOC142982867,PF10601.15
gene-LOC142982869,PF10545.16
gene-LOC142982870,PF01391.24
gene-LOC142982871,PF00112.30;PF03051.22;PF08246.18
gene-LOC142982872,PF00096.33;PF12756.14;PF13894.13
gene-LOC142982873,PF14817.12
gene-LOC142982875,PF00083.31;PF07690.22
gene-LOC142982876,PF00083.31;PF07690.22
gene-LOC142982877,PF03184.26;PF13358.13
gene-LOC142982881,PF03259.24
gene-LOC142982882,PF10545.16
gene-LOC142982885,PF00089.33
gene-LOC142982887,PF15868.11
gene-LOC142982888,PF00431.27
gene-LOC142982889,PF00083.31;PF07690.22
gene-LOC142982892,PF00151.26
gene-LOC142982893,PF07648.21
gene-LOC142982894,PF00756.27;PF12740.15
gene-LOC142982895,PF00646.39;PF01429.26;PF12937.13
gene-LOC142982896,PF00089.33;PF09342.17
gene-LOC142982898,PF15868.11
gene-LOC142982899,PF00023.37;PF00520.38;PF12796.14;PF13606.13;PF13637.13;PF13857.13;PF24521.3
gene-LOC142982900,PF10545.16
gene-LOC142982901,PF04117.18
gene-LOC142982902,PF10545.16
gene-LOC142982905,PF00083.31;PF07690.22
gene-LOC142982907,PF05225.23
gene-LOC142982909,PF00089.33
gene-LOC142982912,PF00083.31;PF07690.22
gene-LOC142982915,PF04099.19;PF04628.20
gene-LOC142982918,PF07106.20;PF18517.7
gene-LOC142982920,PF00023.37;PF00520.38;PF12796.14;PF13606.13;PF13637.13;PF13857.13;PF24521.3
gene-LOC142982921,PF00821.24;PF17297.8
gene-LOC142982922,PF09724.15
gene-LOC142982923,PF00050.27;PF07648.21
gene-LOC142982924,PF00050.27;PF07648.21
gene-LOC142982926,PF03199.22;PF03917.24
gene-LOC142982929,PF00855.24
gene-LOC142982930,PF00091.32;PF03953.23
gene-LOC142982931,PF13873.13
gene-LOC142982932,PF00278.29;PF02784.23
gene-LOC142982935,PF00025.28;PF00503.27
gene-LOC142982942,PF13905.13
gene-LOC142982943,PF01169.25
gene-LOC142982944,PF16089.11
gene-LOC142982946,PF00651.38
gene-LOC142982947,PF05375.20
gene-LOC142982948,PF00478.32
gene-LOC142982962,PF00595.30;PF13180.13;PF14685.15;PF17816.9;PF17820.8;PF19805.6
gene-LOC142982964,PF01048.27
gene-LOC142982965,PF05217.17
gene-LOC142982966,PF00076.29;PF13893.13;PF22976.3
gene-LOC142982967,PF07690.22
gene-LOC142982969,PF02949.26;PF08395.18
gene-LOC142982971,PF00089.33;PF03761.22;PF09342.17;PF13365.13
gene-LOC142982972,PF00041.28;PF00047.32;PF00078.33;PF07679.23;PF07686.24;PF08204.18;PF08205.19;PF13895.13;PF13927.13;PF16656.12;PF22705.3;PF22854.3;PF22971.3;PF25059.2;PF25523.2;PF28033.1
gene-LOC142982973,PF00047.32;PF07679.23;PF07686.24;PF13895.13;PF13927.13;PF22854.3
gene-LOC142982975,PF00089.33
gene-LOC142982982,PF00201.25;PF00665.33;PF04101.23;PF06722.19;PF13439.13;PF17917.8;PF17919.8;PF17921.8
gene-LOC142982983,PF00201.25;PF06722.19;PF13439.13
gene-LOC142982984,PF00201.25;PF06722.19
gene-LOC142982985,PF00201.25;PF04101.23;PF06722.19;PF13439.13;PF13579.13
gene-LOC142982987,PF00487.31
gene-LOC142982988,PF00078.33
gene-LOC142982989,PF00249.38;PF09316.16;PF13921.13;PF15963.12
gene-LOC142982991,PF14214.12
gene-LOC142982993,PF16563.11
gene-LOC142982994,PF01027.27
gene-LOC142982996,PF02949.26
gene-LOC142982997,PF02949.26;PF08395.18
gene-LOC142982998,PF02949.26
gene-LOC142982999,PF02949.26
gene-LOC142983001,PF00079.26
gene-LOC142983002,PF00079.26
gene-LOC142983003,PF00155.28;PF12897.14
gene-LOC142983004,PF00561.27;PF06441.19;PF12697.14
gene-LOC142983005,PF00561.27;PF06441.19
gene-LOC142983006,PF00561.27;PF06441.19
gene-LOC142983007,PF00561.27;PF06441.19
gene-LOC142983011,PF00089.33
gene-LOC142983012,PF03148.20
gene-LOC142983013,PF03148.20
gene-LOC142983014,PF05175.21;PF06325.20;PF10294.16
gene-LOC142983020,PF00089.33;PF12032.14
gene-LOC142983021,PF00089.33;PF12032.14
gene-LOC142983022,PF00089.33
gene-LOC142983026,PF11977.15
gene-LOC142983029,PF00646.39
gene-LOC142983030,PF00062.26;PF00560.40;PF12799.14;PF13306.13;PF13516.13;PF13855.13;PF14580.13;PF23952.2
gene-LOC142983032,PF00201.25;PF06722.19
gene-LOC142983033,PF00201.25;PF06722.19
gene-LOC142983034,PF00201.25;PF06722.19
gene-LOC142983040,PF00041.28;PF00754.32;PF01055.33;PF13802.13;PF17137.10;PF21365.4
gene-LOC142983041,PF01980.23
gene-LOC142983043,PF00650.26;PF13716.12;PF28528.1
gene-LOC142983044,PF00041.28
gene-LOC142983046,PF10033.15
gene-LOC142983047,PF02014.24;PF03351.23
gene-LOC142983051,PF00249.38;PF09316.16;PF13921.13;PF15963.12
gene-LOC142983053,PF03148.20
gene-LOC142983054,PF00514.30;PF24768.2;PF27652.1
gene-LOC142983055,PF00732.26;PF05199.20
gene-LOC142983056,PF00732.26;PF05199.20
gene-LOC142983057,PF16062.11
gene-LOC142983058,PF00089.33
gene-LOC142983063,PF00231.25
gene-LOC142983067,PF00047.32;PF07679.23;PF07686.24;PF13895.13;PF13927.13
gene-LOC142983069,PF01522.27
gene-LOC142983070,PF00400.39;PF11816.14;PF12894.14;PF20426.5;PF21031.3;PF23098.2;PF23215.1;PF23342.2;PF23381.2;PF23393.3;PF23409.2;PF23414.2;PF23609.2;PF23760.2;PF23775.2;PF23798.2;PF23869.2;PF24017.3;PF24105.2;PF24780.2;PF24782.3;PF24796.2;PF24805.2;PF24807.2;PF24814.2;PF24817.2;PF25047.1;PF25048.2;PF25168.2;PF25171.2;PF25172.2;PF25173.2;PF25174.2;PF25175.2;PF25178.1;PF25391.2;PF25460.2
gene-LOC142983071,PF03768.22;PF03769.22
gene-LOC142983074,PF00201.25;PF06722.19
gene-LOC142983075,PF00201.25;PF06722.19
gene-LOC142983077,PF00071.29;PF08477.20
gene-LOC142983082,PF01205.26;PF05773.28
gene-LOC142983084,PF03769.22
gene-LOC142983085,PF03768.22;PF03769.22
gene-LOC142983086,PF16499.12
gene-LOC142983087,PF00335.27
gene-LOC142983088,PF13895.13;PF13927.13
gene-LOC142983091,PF03768.22;PF03769.22
gene-LOC142983092,PF04818.20
gene-LOC142983096,PF00041.28;PF00047.32;PF07679.23;PF07686.24;PF08204.18;PF08205.19;PF13895.13;PF13927.13;PF16656.12;PF16681.12;PF17736.8;PF22705.3;PF22854.3;PF22971.3;PF25059.2;PF25523.2;PF28033.1
gene-LOC142983097,PF03768.22;PF03769.22
gene-LOC142983098,PF00096.33;PF07776.22;PF13465.13;PF13894.13
gene-LOC142983100,PF00394.29;PF07731.21;PF07732.22
gene-LOC142983104,PF00135.35;PF07859.20;PF20434.6
gene-LOC142983105,PF00135.35;PF20434.6
gene-LOC142983106,PF00046.36;PF03826.23
gene-LOC142983107,PF07962.18
gene-LOC142983109,PF00010.32
gene-LOC142983111,PF03768.22;PF03769.22
gene-LOC142983112,PF01510.31
gene-LOC142983113,PF02931.29;PF12248.17
gene-LOC142983114,PF03768.22;PF03769.22
gene-LOC142983117,PF01757.29;PF20146.5
gene-LOC142983121,PF01636.30
gene-LOC142983124,PF05721.20
gene-LOC142983125,PF01546.34;PF04389.23;PF22248.2
gene-LOC142983126,PF00089.33
gene-LOC142983127,PF00732.26;PF05199.20
gene-LOC142983128,PF00732.26;PF05199.20
gene-LOC142983130,PF03768.22;PF03769.22
gene-LOC142983131,PF00069.32;PF00787.30;PF04212.25;PF07714.24
gene-LOC142983133,PF01585.29
gene-LOC142983134,PF01757.29
gene-LOC142983135,PF00062.26
gene-LOC142983139,PF00079.26
gene-LOC142983140,PF00732.26;PF05199.20
gene-LOC142983142,PF00732.26;PF05199.20
gene-LOC142983143,PF00104.36;PF00105.25
gene-LOC142983144,PF01771.24;PF09588.17
gene-LOC142983145,PF12906.14
gene-LOC142983147,PF05375.20
gene-LOC142983148,PF12171.15;PF12756.14
gene-LOC142983149,PF08246.18
gene-LOC142983150,PF08246.18
gene-LOC142983152,PF00089.33;PF03761.22
gene-LOC142983153,PF00561.27;PF06441.19
gene-LOC142983154,PF00046.36
gene-LOC142983155,PF00135.35;PF20434.6
gene-LOC142983156,PF01636.30;PF02958.27;PF07914.18
gene-LOC142983158,PF00561.27;PF06441.19
gene-LOC142983159,PF02949.26;PF08395.18
gene-LOC142983160,PF00089.33
gene-LOC142983161,PF00110.25
gene-LOC142983163,PF00083.31;PF07690.22
gene-LOC142983164,PF01522.27
gene-LOC142983166,PF00135.35;PF07859.20;PF20434.6
gene-LOC142983167,PF00054.31;PF02210.32
gene-LOC142983168,PF00089.33
gene-LOC142983171,PF01636.30;PF02958.27;PF07914.18
gene-LOC142983172,PF00089.33
gene-LOC142983173,PF00041.28;PF00047.32;PF07679.23;PF07686.24;PF08204.18;PF08205.19;PF13895.13;PF13927.13;PF16656.12;PF16681.12;PF17736.8;PF22854.3;PF22971.3;PF25059.2;PF25523.2;PF28033.1
gene-LOC142983174,PF03768.22;PF03769.22
gene-LOC142983175,PF00135.35;PF20434.6
gene-LOC142983179,PF00201.25;PF06722.19
gene-LOC142983180,PF10174.15;PF24161.2
gene-LOC142983181,PF01390.27
gene-LOC142983182,PF13873.13
gene-LOC142983184,PF00561.27;PF06441.19;PF12697.14
gene-LOC142983185,PF16040.11;PF16041.11
gene-LOC142983186,PF19018.6
gene-LOC142983187,PF12799.14;PF13855.13;PF13920.13;PF23598.2
gene-LOC142983189,PF01423.29
gene-LOC142983191,PF00656.28
gene-LOC142983194,PF00561.27;PF06441.19;PF12697.14
gene-LOC142983196,PF10793.14
gene-LOC142983197,PF01630.26
gene-LOC142983198,PF01400.32
gene-LOC142983199,PF03769.22
gene-LOC142983201,PF01522.27
gene-LOC142983205,PF05721.20
gene-LOC142983208,PF00270.36;PF00271.38
gene-LOC142983210,PF15868.11
gene-LOC142983211,PF00089.33;PF12032.14
gene-LOC142983213,PF15868.11
gene-LOC142983215,PF00561.27;PF06441.19
gene-LOC142983217,PF00046.36
gene-LOC142983218,PF11069.14
gene-LOC142983219,PF00732.26;PF05199.20
gene-LOC142983220,PF00009.34;PF03143.24;PF03144.32
gene-LOC142983221,PF00704.35;PF01607.30
gene-LOC142983222,PF00201.25;PF06722.19
gene-LOC142983223,PF00400.39;PF23381.2;PF23414.2;PF24817.2;PF25173.2;PF25175.2
gene-LOC142983226,PF20179.4
gene-LOC142983227,PF14529.13
gene-LOC142983228,PF00079.26
gene-LOC142983229,PF09631.17
gene-LOC142983233,PF00561.27;PF06441.19
gene-LOC142983234,PF01007.27;PF17655.8
gene-LOC142983235,PF03769.22
gene-LOC142983236,PF03769.22
gene-LOC142983237,PF03769.22
gene-LOC142983238,PF00047.32;PF07679.23;PF07686.24;PF13895.13;PF13927.13
gene-LOC142983239,PF01007.27;PF17655.8
gene-LOC142983240,PF00083.31;PF07690.22
gene-LOC142983241,PF00047.32;PF07679.23;PF07686.24;PF13895.13;PF13927.13
gene-LOC142983249,PF00561.27;PF06441.19;PF12697.14
gene-LOC142983250,PF07004.18
gene-LOC142983252,PF01762.28
gene-LOC142983253,PF00083.31;PF07690.22
gene-LOC142983254,PF15868.11
gene-LOC142983258,PF01734.28
gene-LOC142983263,PF01585.29;PF12656.13;PF17780.7
gene-LOC142983264,PF00576.28
gene-LOC142983267,PF00324.28;PF13520.13
gene-LOC142983268,PF10545.16;PF13837.13;PF13873.13
gene-LOC142983269,PF10545.16;PF13837.13;PF13873.13
gene-LOC142983271,PF00050.27;PF07648.21
gene-LOC142983272,PF15189.12
gene-LOC142983273,PF00110.25
gene-LOC142983276,PF00050.27;PF07648.21
gene-LOC142983327,PF00069.32;PF03607.24;PF07714.24
gene-LOC142983375,PF00675.26;PF05193.27
gene-LOC142983382,PF00023.37;PF12796.14;PF13606.13;PF13637.13;PF13857.13
gene-LOC142983383,PF17900.7
gene-LOC142983385,PF00083.31;PF07690.22
gene-LOC142983386,PF00083.31;PF07690.22
gene-LOC142983389,PF27108.1
gene-LOC142983390,PF00080.26;PF20520.4
gene-LOC142983391,PF25298.2
gene-LOC142983392,PF03564.22
gene-LOC142983393,PF14529.13
gene-LOC142983394,PF09731.15
gene-LOC142983395,PF00067.28
gene-LOC142983397,PF00067.28
gene-LOC142983399,PF00067.28
gene-LOC142983400,PF00067.28
gene-LOC142983401,PF00067.28
gene-LOC142983402,PF00059.28
gene-LOC142983403,PF07782.19;PF26037.1;PF26039.2
gene-LOC142983407,PF00067.28
gene-LOC142983408,PF00067.28
gene-LOC142983411,PF02709.21;PF13733.13
gene-LOC142983419,PF04117.18
gene-LOC142983420,PF00498.32;PF16697.11
gene-LOC142983421,PF10154.15
gene-LOC142983424,PF00083.31;PF07690.22
gene-LOC142983425,PF00083.31;PF07690.22
gene-LOC142983426,PF00083.31;PF03092.23;PF07690.22
gene-LOC142983427,PF00083.31;PF07690.22
gene-LOC142983428,PF00083.31;PF07690.22
gene-LOC142983431,PF03073.21
gene-LOC142983432,PF00067.28
gene-LOC142983433,PF00520.38;PF07885.23
gene-LOC142983435,PF00233.26;PF01590.33;PF13185.13
gene-LOC142983437,PF00017.31
gene-LOC142983439,PF05161.19;PF13660.12
gene-LOC142983442,PF00855.24;PF00856.34;PF17907.8;PF22908.3;PF23004.3
gene-LOC142983444,PF01363.28
gene-LOC142983445,PF00089.33
gene-LOC142983446,PF25273.1
gene-LOC142983447,PF07898.19
gene-LOC142983448,PF09731.15
gene-LOC142983450,PF01433.27;PF11838.15;PF17900.7
gene-LOC142983452,PF13085.12;PF13183.12;PF13237.12;PF13534.12
gene-LOC142983453,PF10545.16;PF13837.13;PF13873.13
gene-LOC142983454,PF03066.23;PF17800.8
gene-LOC142983457,PF00025.28;PF00071.29;PF00503.27;PF01926.30;PF04670.19;PF08477.20;PF09439.17
gene-LOC142983461,PF14214.12;PF23343.3
gene-LOC142983464,PF00083.31;PF07690.22
gene-LOC142983467,PF00096.33;PF07776.22;PF13465.13;PF13894.13;PF23561.2
gene-LOC142983470,PF01758.22;PF13593.12
gene-LOC142983471,PF00883.27
gene-LOC142983474,PF05205.18
gene-LOC142983477,PF01168.27
gene-LOC142983479,PF00076.29;PF16367.12
gene-LOC142983482,PF09398.17
gene-LOC142983483,PF00560.40;PF12799.14;PF13855.13;PF23598.2
gene-LOC142983484,PF00272.25
gene-LOC142983485,PF00272.25
gene-LOC142983486,PF00272.25
gene-LOC142983488,PF00096.33;PF07776.22;PF13465.13;PF13894.13;PF13912.13
gene-LOC142983494,PF00001.27
gene-LOC142983499,PF12906.14
gene-LOC142983500,PF12756.14
gene-LOC142983501,PF00067.28
gene-LOC142983502,PF00067.28
gene-LOC142983503,PF00083.31;PF07690.22
gene-LOC142983506,PF03259.24;PF16672.12
gene-LOC142983507,PF00059.28
gene-LOC142983508,PF02949.26;PF08395.18
gene-LOC142983509,PF02798.27;PF13409.13;PF13417.13
gene-LOC142983510,PF00089.33
gene-LOC142983511,PF04988.18;PF12756.14
gene-LOC142983514,PF00728.29
gene-LOC142983515,PF00096.33;PF07776.22;PF13465.13;PF13894.13
gene-LOC142983516,PF00560.40;PF12799.14;PF13306.13;PF13516.13;PF13855.13;PF14580.13
gene-LOC142983518,PF00059.28
gene-LOC142983519,PF00059.28
gene-LOC142983520,PF00200.29;PF01421.26;PF01562.25;PF08516.18;PF13574.13;PF13582.13;PF13583.12;PF13688.13
gene-LOC142983522,PF01553.27
gene-LOC142983524,PF01433.27;PF11838.15;PF17900.7
gene-LOC142983525,PF03105.25;PF03124.21
gene-LOC142983526,PF00001.27;PF10320.16
gene-LOC142983531,PF00232.25
gene-LOC142983539,PF00089.33
gene-LOC142983546,PF10256.15
gene-LOC142983547,PF00096.33;PF12171.15;PF12874.14;PF13465.13;PF13894.13;PF13909.13;PF13912.13;PF22995.3;PF23108.2;PF23561.2
gene-LOC142983548,PF00089.33
gene-LOC142983552,PF00335.27
gene-LOC142983554,PF00001.27;PF10320.16
gene-LOC142983555,PF00339.35;PF02752.28
gene-LOC142983557,PF00439.31;PF17035.11;PF17105.11
gene-LOC142983558,PF03388.21;PF18483.9
gene-LOC142983562,PF21773.3
gene-LOC142983566,PF08652.18;PF23723.2;PF23788.2
gene-LOC142983572,PF00089.33
gene-LOC142983576,PF00067.28
gene-LOC142983577,PF00089.33
gene-LOC142983581,PF09799.15
gene-LOC142983583,PF25762.2
gene-LOC142983584,PF21771.2
gene-LOC142983586,PF07898.19
gene-LOC142983587,PF07898.19
gene-LOC142983588,PF07898.19
gene-LOC142983589,PF07898.19
gene-LOC142983594,PF00089.33
gene-LOC142983595,PF08790.18;PF25879.1
gene-LOC142983596,PF04145.21
gene-LOC142983600,PF00232.25
gene-LOC142983601,PF00067.28
gene-LOC142983602,PF00578.28;PF08534.17;PF10417.15
gene-LOC142983603,PF00089.33
gene-LOC142983605,PF00272.25
gene-LOC142983606,PF00272.25
gene-LOC142983607,PF00272.25
gene-LOC142983608,PF00232.25
gene-LOC142983611,PF00046.36
gene-LOC142983612,PF00001.27;PF10320.16
gene-LOC142983613,PF00232.25
gene-LOC142983614,PF00089.33
gene-LOC142983615,PF01699.30
gene-LOC142983616,PF02985.29;PF12755.14;PF13513.13;PF13646.13;PF20168.5;PF22646.3;PF22956.3;PF23227.2;PF23271.2;PF24714.2;PF24987.2;PF25757.2;PF25786.1
gene-LOC142983618,PF02550.22;PF13336.13
gene-LOC142983620,PF13465.13
gene-LOC142983621,PF00083.31;PF07690.22
gene-LOC142983623,PF00046.36
gene-LOC142983624,PF00067.28
gene-LOC142983633,PF00046.36
gene-LOC142983634,PF00474.24
gene-LOC142983642,PF04925.21;PF21413.4
gene-LOC142983644,PF00188.33
gene-LOC142983645,PF00583.32;PF13508.14
gene-LOC142983647,PF00096.33;PF12171.15;PF13894.13
gene-LOC142983648,PF07898.19
gene-LOC142983650,PF16039.11
gene-LOC142983651,PF16026.11
gene-LOC142983654,PF07898.19
gene-LOC142983656,PF14661.12
gene-LOC142983657,PF00046.36
gene-LOC142983658,PF04935.18
gene-LOC142983659,PF00059.28
gene-LOC142983660,PF00059.28
gene-LOC142983662,PF00106.32;PF08659.17;PF13561.13
gene-LOC142983664,PF00067.28
gene-LOC142983668,PF11901.14
gene-LOC142983671,PF13862.12
gene-LOC142983673,PF00096.33;PF07776.22;PF13465.13;PF13894.13
gene-LOC142983677,PF00732.26;PF05199.20
gene-LOC142983680,PF00805.29;PF02214.29;PF11834.14;PF13576.13;PF13599.14
gene-LOC142983682,PF00096.33;PF05605.19;PF07776.22;PF12171.15;PF12230.14;PF13465.13;PF13894.13
gene-LOC142983688,PF00005.34;PF01061.30;PF12698.14;PF13304.13
gene-LOC142983689,PF10545.16
gene-LOC142983690,PF00089.33
gene-LOC142983691,PF00188.33
gene-LOC142983694,PF00232.25
gene-LOC142983695,PF00046.36
gene-LOC142983696,PF12756.14
gene-LOC142983697,PF00067.28
gene-LOC142983701,PF00089.33
gene-LOC142983702,PF01757.29;PF20146.5
gene-LOC142983703,PF00089.33
gene-LOC142983706,PF02320.23
gene-LOC142983708,PF00232.25
gene-LOC142983710,PF07898.19
gene-LOC142983711,PF00185.31
gene-LOC142983712,PF00046.36
gene-LOC142983714,PF03351.23;PF10517.15;PF25489.2
gene-LOC142983719,PF12018.14
gene-LOC142983720,PF17180.11;PF23490.1
gene-LOC142983721,PF07898.19
gene-LOC142983722,PF00059.28
gene-LOC142983723,PF00046.36
gene-LOC142983724,PF07898.19
gene-LOC142983725,PF07898.19
gene-LOC142983726,PF07898.19
gene-LOC142983727,PF07898.19
gene-LOC142983728,PF01433.27;PF11838.15
gene-LOC142983731,PF00089.33
gene-LOC142983734,PF00175.27;PF00258.31;PF00667.27
gene-LOC142983735,PF00324.28;PF13520.13
gene-LOC142983737,PF04427.24
gene-LOC142983740,PF00153.33
gene-LOC142983741,PF01395.28
gene-LOC142983751,PF00096.33;PF07776.22;PF13465.13;PF13894.13
gene-LOC142983753,PF06294.17;PF11971.14
gene-LOC142983756,PF04419.20
gene-LOC142983760,PF00160.27
gene-LOC142983761,PF07847.19
gene-LOC142983763,PF00083.31;PF07690.22
gene-LOC142983774,PF01607.30
gene-LOC142983778,PF11502.14
gene-LOC142983779,PF01607.30
gene-LOC142983781,PF00520.38;PF08016.19;PF08763.18;PF16885.12;PF16905.11
gene-LOC142983782,PF13896.13
gene-LOC142983785,PF00685.34;PF13469.13
gene-LOC142983786,PF00096.33;PF13465.13;PF13894.13;PF15909.11
gene-LOC142983788,PF25987.1
gene-LOC142983789,PF07859.20;PF20434.6
gene-LOC142983791,PF00083.31;PF07690.22
gene-LOC142983793,PF01044.26
gene-LOC142983794,PF03184.26;PF10263.16
gene-LOC142983795,PF27698.1
gene-LOC142983798,PF00041.28;PF00102.33
gene-LOC142983799,PF00083.31;PF07690.22
gene-LOC142983803,PF03167.26
gene-LOC142983805,PF00096.33;PF07776.22;PF13465.13;PF13894.13
gene-LOC142983807,PF01391.24;PF01410.24
gene-LOC142983808,PF00096.33;PF13465.13;PF13894.13
gene-LOC142983809,PF10545.16;PF13837.13;PF13873.13
gene-LOC142983810,PF10545.16;PF13837.13;PF13873.13
gene-LOC142983817,PF00349.28;PF03727.23
gene-LOC142983818,PF00569.24;PF05485.18
gene-LOC142983819,PF00011.28
gene-LOC142983820,PF00011.28
gene-LOC142983823,PF10545.16
gene-LOC142983824,PF20920.3
gene-LOC142983825,PF01769.22
gene-LOC142983828,PF00083.31;PF07690.22
gene-LOC142983831,PF08711.17
gene-LOC142983835,PF00008.34;PF07645.22;PF12662.14;PF12947.14;PF14670.13;PF22914.3
gene-LOC142983837,PF00400.39;PF01637.25;PF05729.19;PF13271.12;PF23381.2;PF23586.3;PF24814.2;PF24817.2;PF25172.2;PF25173.2;PF25174.2;PF25175.2;PF25469.2
gene-LOC142983838,PF00412.29
gene-LOC142983840,PF00083.31;PF07690.22
gene-LOC142983843,PF00106.32;PF08659.17;PF13561.13
gene-LOC142983844,PF00096.33;PF13465.13;PF13894.13;PF23447.2;PF23561.2
gene-LOC142983847,PF25809.1
gene-LOC142983848,PF00083.31;PF07690.22
gene-LOC142983849,PF00083.31;PF07690.22
gene-LOC142983850,PF00011.28
gene-LOC142983852,PF00628.36;PF02373.29;PF13621.13;PF17811.7
gene-LOC142983855,PF00059.28
gene-LOC142983856,PF00059.28
gene-LOC142983857,PF02931.29;PF02932.22
gene-LOC142983858,PF00083.31;PF07690.22
gene-LOC142983859,PF00096.33;PF13465.13;PF13894.13;PF16159.11;PF21816.4;PF23561.2
gene-LOC142983860,PF13279.13
gene-LOC142983861,PF00083.31;PF07690.22
gene-LOC142983864,PF00083.31;PF07690.22
gene-LOC142983865,PF00012.27;PF06723.20
gene-LOC142983868,PF03281.21;PF20266.4
gene-LOC142983869,PF02931.29;PF02932.22
gene-LOC142983870,PF00096.33;PF07776.22;PF13465.13;PF13894.13
gene-LOC142983873,PF00089.33
gene-LOC142983874,PF00083.31;PF07690.22
gene-LOC142983877,PF00083.31;PF07690.22
gene-LOC142983878,PF00083.31;PF07690.22
gene-LOC142983879,PF00249.38;PF10545.16;PF13837.13
gene-LOC142983882,PF00096.33;PF13465.13;PF13894.13;PF23561.2
gene-LOC142983883,PF00059.28;PF05966.18;PF08756.16
gene-LOC142983884,PF00069.32;PF07714.24
gene-LOC142983885,PF00011.28
gene-LOC142983886,PF00059.28
gene-LOC142983887,PF00047.32;PF07679.23;PF07686.24;PF13895.13;PF13927.13
gene-LOC142983888,PF02949.26
gene-LOC142983889,PF00089.33
gene-LOC142983892,PF02949.26
gene-LOC142983895,PF00046.36
gene-LOC142983896,PF03352.19
gene-LOC142983898,PF00089.33
gene-LOC142983900,PF00373.24;PF01608.24;PF02174.24;PF09141.17;PF09379.17;PF16511.12;PF21989.3
gene-LOC142983902,PF01044.26
gene-LOC142983905,PF01044.26
gene-LOC142983907,PF00096.33;PF13465.13;PF13894.13;PF13912.13
gene-LOC142983909,PF00520.38;PF07885.23
gene-LOC142983910,PF00023.37;PF00531.29;PF00791.27;PF12796.14;PF13606.13;PF13637.13;PF13857.13;PF17809.7;PF23745.2;PF24521.3
gene-LOC142983911,PF07645.22
gene-LOC142983915,PF02944.26;PF10545.16;PF13837.13
gene-LOC142983916,PF00011.28
gene-LOC142983918,PF00089.33
gene-LOC142983921,PF15243.12
gene-LOC142983923,PF00059.28
gene-LOC142983924,PF04006.18
gene-LOC142983925,PF03807.24;PF14748.12
gene-LOC142983927,PF00005.34;PF13304.13
gene-LOC142983930,PF00270.36;PF00271.38;PF04851.22;PF13959.12
gene-LOC142983931,PF00011.28
gene-LOC142983932,PF00106.32;PF08659.17;PF13561.13
gene-LOC142983933,PF00059.28;PF05966.18;PF08756.16
gene-LOC142983934,PF00059.28;PF05966.18
gene-LOC142983935,PF00083.31;PF07690.22
gene-LOC142983936,PF00023.37;PF00791.27;PF01442.24;PF07464.17;PF12796.14;PF13606.13;PF13637.13;PF13857.13;PF17809.7;PF23745.2;PF24521.3
gene-LOC142983937,PF00246.30;PF02244.22
gene-LOC142983939,PF00560.40;PF12799.14;PF13855.13;PF14580.13
gene-LOC142983941,PF00089.33
gene-LOC142983943,PF00059.28
gene-LOC142983944,PF00091.32;PF03953.23
gene-LOC142983945,PF00083.31;PF07690.22
gene-LOC142983946,PF00059.28
gene-LOC142983947,PF00089.33;PF13365.13
gene-LOC142983948,PF00059.28
gene-LOC142983949,PF00046.36
gene-LOC142983950,PF00083.31;PF07690.22
gene-LOC142983951,PF10545.16
gene-LOC142983952,PF10545.16
gene-LOC142983953,PF00011.28
gene-LOC142983955,PF13894.13
gene-LOC142983958,PF00646.39;PF12937.13
gene-LOC142983959,PF00646.39;PF12937.13
gene-LOC142983960,PF00106.32;PF08659.17;PF13561.13
gene-LOC142983961,PF00011.28
gene-LOC142983963,PF00059.28
gene-LOC142983965,PF05699.20
gene-LOC142983967,PF08416.20;PF18016.9;PF22975.3
gene-LOC142983968,PF00595.30;PF13180.13;PF17820.8
gene-LOC142983971,PF10545.16
gene-LOC142983973,PF00096.33;PF12171.15;PF12874.14;PF13465.13;PF13894.13
gene-LOC142983974,PF00059.28
gene-LOC142983977,PF01459.29
gene-LOC142983979,PF00059.28
gene-LOC142983980,PF01565.29
gene-LOC142983982,PF00083.31;PF07690.22
gene-LOC142983984,PF00083.31;PF07690.22
gene-LOC142983985,PF00089.33
gene-LOC142983986,PF00089.33
gene-LOC142983987,PF00089.33
gene-LOC142983988,PF00083.31;PF07690.22
gene-LOC142983989,PF00083.31;PF07690.22
gene-LOC142983990,PF00089.33
gene-LOC142983993,PF00089.33
gene-LOC142983994,PF02949.26
gene-LOC142983995,PF02949.26
gene-LOC142983997,PF04083.23
gene-LOC142984001,PF13516.13;PF13855.13;PF27087.1
gene-LOC142984003,PF00011.28
gene-LOC142984004,PF00011.28
gene-LOC142984005,PF02931.29
gene-LOC142984006,PF00112.30;PF08246.18
gene-LOC142984007,PF00094.31;PF01347.29;PF09172.17;PF13646.13
gene-LOC142984008,PF03803.22
gene-LOC142984009,PF03803.22
gene-LOC142984010,PF00083.31;PF07690.22
gene-LOC142984011,PF00083.31;PF07690.22
gene-LOC142984012,PF00083.31;PF07690.22
gene-LOC142984013,PF00083.31;PF07690.22
gene-LOC142984014,PF00560.40;PF13855.13
gene-LOC142984019,PF00782.26
gene-LOC142984021,PF00096.33;PF12171.15;PF12874.14;PF13465.13;PF13894.13;PF13912.13;PF23561.2
gene-LOC142984023,PF00089.33
gene-LOC142984024,PF00094.31;PF01347.29;PF09172.17
gene-LOC142984026,PF00324.28;PF03522.21
gene-LOC142984027,PF00083.31;PF07690.22
gene-LOC142984028,PF00083.31;PF07690.22
gene-LOC142984030,PF07645.22;PF12662.14;PF12947.14;PF14670.13;PF22914.3
gene-LOC142984031,PF00782.26;PF14671.12;PF22741.2;PF22784.2;PF22785.2
gene-LOC142984034,PF00520.38;PF08016.19;PF08763.18;PF16905.11
gene-LOC142984039,PF15501.12
gene-LOC142984049,PF04072.21
gene-LOC142984056,PF06585.18
gene-LOC142984057,PF20146.5
gene-LOC142984058,PF00096.33;PF13465.13;PF13894.13
gene-LOC142984060,PF00884.29;PF02995.23
gene-LOC142984062,PF00728.29;PF14845.12
gene-LOC142984063,PF01490.25
gene-LOC142984064,PF00379.30
gene-LOC142984065,PF00379.30
gene-LOC142984066,PF00379.30
gene-LOC142984067,PF00379.30
gene-LOC142984071,PF01490.25
gene-LOC142984073,PF01490.25
gene-LOC142984074,PF00246.30
gene-LOC142984075,PF00089.33
gene-LOC142984076,PF00732.26;PF05199.20;PF13738.13
gene-LOC142984077,PF05199.20
gene-LOC142984078,PF08711.17
gene-LOC142984080,PF16012.11
gene-LOC142984083,PF13405.13;PF13499.13
gene-LOC142984086,PF13911.13
gene-LOC142984090,PF02037.34;PF13671.13;PF13843.13
gene-LOC142984091,PF05903.21
gene-LOC142984095,PF15393.12
gene-LOC142984096,PF02064.22
gene-LOC142984098,PF08991.17
gene-LOC142984102,PF10441.15
gene-LOC142984103,PF00002.30
gene-LOC142984104,PF10545.16;PF13837.13;PF13873.13
gene-LOC142984108,PF00176.30;PF00270.36;PF00271.38;PF00439.31;PF04851.22;PF07529.19;PF07533.22;PF08880.17;PF11496.15;PF14619.12
gene-LOC142984111,PF00560.40;PF12799.14;PF13855.13;PF23598.2
gene-LOC142984112,PF00096.33;PF07776.22;PF12171.15;PF13465.13;PF13894.13;PF13912.13;PF23611.2;PF23612.1
gene-LOC142984113,PF00335.27
gene-LOC142984115,PF00041.28;PF00047.32;PF07679.23;PF07686.24;PF13895.13;PF13927.13
gene-LOC142984116,PF00173.34
gene-LOC142984121,PF00085.27
gene-LOC142984123,PF00047.32;PF00069.32;PF07679.23;PF07714.24;PF13895.13;PF13927.13
gene-LOC142984126,PF00047.32;PF07679.23;PF08205.19;PF13895.13;PF13927.13;PF22971.3
gene-LOC142984129,PF00379.30
gene-LOC142984130,PF00069.32
gene-LOC142984133,PF01661.28
gene-LOC142984134,PF00884.29;PF02995.23
gene-LOC142984135,PF09814.15
gene-LOC142984139,PF00047.32;PF07679.23;PF07686.24;PF08205.19;PF13895.13;PF13927.13;PF22854.3;PF22971.3;PF25305.2
gene-LOC142984141,PF00929.32
gene-LOC142984149,PF15795.11
gene-LOC142984152,PF06220.19
gene-LOC142984155,PF00096.33;PF12171.15;PF12874.14;PF13465.13;PF13894.13;PF13912.13
gene-LOC142984158,PF00378.26;PF16113.11
gene-LOC142984159,PF00106.32;PF13561.13
gene-LOC142984160,PF00106.32;PF08659.17;PF13561.13
gene-LOC142984161,PF00096.33;PF13465.13;PF13894.13
gene-LOC142984163,PF00732.26;PF05199.20
gene-LOC142984164,PF03657.20;PF17833.8
gene-LOC142984165,PF01757.29;PF20146.5
gene-LOC142984167,PF01937.25
gene-LOC142984169,PF00047.32;PF07654.22;PF07679.23;PF07686.24;PF08204.18;PF08205.19;PF13895.13;PF13927.13;PF22705.3;PF22971.3;PF25305.2
gene-LOC142984171,PF05970.21;PF13604.13;PF14214.12;PF21530.4;PF23343.3
gene-LOC142984172,PF01490.25
gene-LOC142984179,PF00083.31;PF07690.22
gene-LOC142984180,PF00335.27
gene-LOC142984182,PF10239.15
gene-LOC142984183,PF00046.36;PF05920.18;PF16878.11
gene-LOC142984185,PF00173.34
gene-LOC142984186,PF00096.33;PF07776.22;PF13465.13;PF13894.13;PF22995.3
gene-LOC142984187,PF00096.33;PF12171.15;PF13465.13;PF13894.13
gene-LOC142984188,PF00106.32;PF08659.17;PF13561.13;PF23441.1
gene-LOC142984190,PF00379.30
gene-LOC142984199,PF00096.33;PF12171.15;PF13465.13;PF13894.13;PF23612.1
gene-LOC142984201,PF06585.18
gene-LOC142984203,PF00096.33;PF07776.22;PF12171.15;PF13465.13;PF13894.13
gene-LOC142984204,PF13358.13;PF27940.1
gene-LOC142984208,PF00379.30
gene-LOC142984211,PF00047.32;PF07679.23;PF08205.19;PF13895.13;PF13927.13
gene-LOC142984215,PF06585.18
gene-LOC142984216,PF05741.19
gene-LOC142984219,PF05577.19
gene-LOC142984222,PF01299.24
gene-LOC142984224,PF00069.32;PF00433.30;PF01636.30;PF03109.23;PF06293.21;PF07714.24;PF14531.13;PF17667.8
gene-LOC142984225,PF02892.22;PF05699.20;PF27039.1;PF27041.1
gene-LOC142984231,PF00089.33
gene-LOC142984233,PF10545.16
gene-LOC142984234,PF09736.15
gene-LOC142984235,PF00047.32;PF07654.22;PF07679.23;PF07686.24;PF08204.18;PF08205.19;PF13895.13;PF13927.13;PF22705.3;PF22971.3
gene-LOC142984236,PF06585.18
gene-LOC142984238,PF10235.15
gene-LOC142984239,PF00078.33
gene-LOC142984241,PF00612.34
gene-LOC142984242,PF00561.27;PF12146.16;PF12697.14
gene-LOC142984246,PF01490.25
gene-LOC142984251,PF00379.30
gene-LOC142984257,PF00270.36;PF00271.38;PF07717.23;PF21010.3
gene-LOC142984261,PF00076.29;PF01480.23
gene-LOC142984262,PF13873.13
gene-LOC142984264,PF00732.26;PF00890.31;PF05199.20
gene-LOC142984265,PF00732.26;PF05199.20
gene-LOC142984269,PF00047.32;PF07679.23;PF07686.24;PF08205.19;PF13895.13;PF13927.13;PF16706.12;PF22705.3
gene-LOC142984271,PF15964.11
gene-LOC142984273,PF00379.30
gene-LOC142984274,PF00646.39;PF12937.13
gene-LOC142984275,PF01490.25
gene-LOC142984283,PF00096.33;PF12171.15;PF13465.13;PF13894.13;PF13912.13;PF16622.12
gene-LOC142984290,PF00096.33;PF12171.15;PF13465.13;PF13894.13;PF18868.8
gene-LOC142984291,PF00130.29;PF00168.37
gene-LOC142984299,PF00169.36;PF00498.32;PF16697.11
gene-LOC142984300,PF03318.19
gene-LOC142984303,PF05731.18;PF25045.2
gene-LOC142984306,PF00561.27;PF12146.16;PF12697.14
gene-LOC142984311,PF00097.32;PF13445.13;PF13639.13;PF13923.13;PF14634.13
gene-LOC142984312,PF04003.18;PF23381.2;PF24796.2;PF24807.2;PF24814.2;PF24817.2;PF25173.2;PF25175.2
gene-LOC142984314,PF02944.26;PF10545.16
gene-LOC142984316,PF00046.36;PF05920.18;PF16878.11
gene-LOC142984317,PF07081.19;PF17851.9
gene-LOC142984320,PF13270.12
gene-LOC142984323,PF07810.19
gene-LOC142984327,PF00780.29;PF02145.22
gene-LOC142984328,PF00025.28;PF00071.29;PF00503.27;PF01926.30;PF08477.20;PF09439.17
gene-LOC142984331,PF00096.33;PF13894.13
gene-LOC142984332,PF00096.33;PF13465.13;PF13894.13
gene-LOC142984335,PF00379.30
gene-LOC142984354,PF13927.13
gene-LOC142984356,PF00096.33;PF07776.22;PF12171.15;PF13465.13;PF13894.13;PF13912.13
gene-LOC142984362,PF01723.22
gene-LOC142984363,PF01723.22
gene-LOC142984364,PF01723.22
gene-LOC142984365,PF01723.22
gene-LOC142984366,PF01723.22
gene-LOC142984367,PF01723.22
gene-LOC142984368,PF01723.22
gene-LOC142984369,PF01723.22
gene-LOC142984370,PF01723.22
gene-LOC142984372,PF01723.22
gene-LOC142984373,PF01723.22
gene-LOC142984374,PF01723.22
gene-LOC142984375,PF01723.22
gene-LOC142984376,PF01723.22
gene-LOC142984377,PF01723.22
gene-LOC142984378,PF01723.22
gene-LOC142984379,PF03564.22;PF18701.7
gene-LOC142984380,PF01723.22
gene-LOC142984381,PF01723.22
gene-LOC142984382,PF01723.22
gene-LOC142984384,PF01723.22
gene-LOC142984385,PF01723.22
gene-LOC142984386,PF01723.22
gene-LOC142984387,PF00059.28
gene-LOC142984388,PF01723.22
gene-LOC142984389,PF01723.22
gene-LOC142984390,PF01723.22
gene-LOC142984391,PF01723.22
gene-LOC142984392,PF01723.22
gene-LOC142984393,PF01723.22
gene-LOC142984394,PF01723.22
gene-LOC142984395,PF01723.22
gene-LOC142984396,PF01723.22
gene-LOC142984397,PF01723.22
gene-LOC142984398,PF01723.22
gene-LOC142984399,PF01723.22
gene-LOC142984400,PF01723.22
gene-LOC142984402,PF01723.22
gene-LOC142984404,PF00024.33
gene-LOC142984407,PF01607.30
gene-LOC142984409,PF00096.33;PF13465.13;PF13894.13
gene-LOC142984410,PF00014.29
gene-LOC142984411,PF01607.30;PF04886.17
gene-LOC142984415,PF00248.28
gene-LOC142984417,PF00789.27;PF23187.2
gene-LOC142984422,PF12496.14;PF13716.12
gene-LOC142984429,PF01395.28
gene-LOC142984431,PF03031.25
gene-LOC142984432,PF00857.27
gene-LOC142984436,PF01762.28
gene-LOC142984437,PF01585.29;PF16012.11
gene-LOC142984438,PF01424.29;PF01585.29;PF11952.14
gene-LOC142984442,PF11029.14
gene-LOC142984444,PF00670.28;PF02826.26;PF05221.24
gene-LOC142984445,PF00014.29
gene-LOC142984449,PF00078.33;PF03564.22;PF05380.19;PF17921.8;PF18701.7
gene-LOC142984450,PF04750.20
gene-LOC142984451,PF04750.20
gene-LOC142984452,PF00059.28
gene-LOC142984453,PF00059.28
gene-LOC142984456,PF01723.22
gene-LOC142984458,PF00067.28
gene-LOC142984461,PF00096.33;PF07776.22;PF13465.13;PF13894.13
gene-LOC142984466,PF00067.28
gene-LOC142984468,PF00086.24
gene-LOC142984471,PF05811.19
gene-LOC142984472,PF12799.14;PF13855.13;PF14580.13
gene-LOC142984473,PF00089.33
gene-LOC142984474,PF00675.26;PF05193.27;PF08367.17;PF22516.2
gene-LOC142984477,PF00383.30
gene-LOC142984480,PF01585.29
gene-LOC142984482,PF04750.20
gene-LOC142984483,PF01723.22
gene-LOC142984485,PF00059.28
gene-LOC142984486,PF10568.16;PF17171.10;PF17172.11
gene-LOC142984488,PF00201.25;PF06722.19
gene-LOC142984489,PF00125.31;PF00808.30;PF16211.11
gene-LOC142984490,PF00855.24;PF11467.14
gene-LOC142984491,PF00089.33
gene-LOC142984493,PF00083.31;PF07690.22;PF13599.14;PF23894.3
gene-LOC142984494,PF01723.22
gene-LOC142984495,PF01504.25
gene-LOC142984504,PF06094.18
gene-LOC142984508,PF08433.17;PF13671.13
gene-LOC142984509,PF00646.39;PF12799.14;PF12937.13;PF13516.13;PF24758.2;PF25372.2
gene-LOC142984511,PF13873.13
gene-LOC142984513,PF01607.30
gene-LOC142984514,PF00046.36
gene-LOC142984516,PF00014.29
gene-LOC142984519,PF00046.36
gene-LOC142984521,PF15359.12
gene-LOC142984524,PF01230.30;PF11969.14
gene-LOC142984526,PF23223.2
gene-LOC142984527,PF00538.26
gene-LOC142984528,PF00059.28
gene-LOC142984531,PF01607.30
gene-LOC142984532,PF01607.30
gene-LOC142984533,PF03564.22;PF05380.19;PF18701.7
gene-LOC142984536,PF00089.33
gene-LOC142984537,PF00248.28
gene-LOC142984538,PF01607.30
gene-LOC142984540,PF01607.30
gene-LOC142984543,PF01723.22
gene-LOC142984544,PF00096.33;PF05605.19;PF07776.22;PF12874.14;PF13465.13;PF13894.13
gene-LOC142984545,PF00096.33;PF07776.22;PF12874.14;PF13465.13;PF13894.13
gene-LOC142984546,PF01401.25
gene-LOC142984547,PF00059.28
gene-LOC142984548,PF00059.28
gene-LOC142984549,PF01723.22
gene-LOC142984550,PF01607.30
gene-LOC142984551,PF01723.22
gene-LOC142984552,PF01723.22
gene-LOC142984553,PF04750.20
gene-LOC142984554,PF01723.22
gene-LOC142984555,PF00046.36
gene-LOC142984556,PF04750.20
gene-LOC142984557,PF01723.22
gene-LOC142984559,PF01607.30
gene-LOC142984561,PF00059.28
gene-LOC142984565,PF01723.22
gene-LOC142984567,PF06747.19
gene-LOC142984572,PF00248.28
gene-LOC142984573,PF01607.30
gene-LOC142984574,PF00439.31;PF00628.36;PF01429.26;PF02791.23;PF15613.12
gene-LOC142984576,PF00160.27;PF06432.17
gene-LOC142984578,PF00125.31
gene-LOC142984580,PF01723.22
gene-LOC142984582,PF13870.12
gene-LOC142984590,PF00640.30;PF14719.13
gene-LOC142984591,PF15868.11
gene-LOC142984593,PF01607.30
gene-LOC142984595,PF00014.29
gene-LOC142984597,PF00014.29
gene-LOC142984598,PF00248.28
gene-LOC142984599,PF07942.19
gene-LOC142984600,PF01723.22
gene-LOC142984603,PF00337.30
gene-LOC142984604,PF09769.15
gene-LOC142984605,PF01723.22
gene-LOC142984610,PF01773.26;PF07662.19;PF07670.20
gene-LOC142984613,PF00501.35;PF13193.13
gene-LOC142984614,PF00098.29
gene-LOC142984615,PF01723.22
gene-LOC142984617,PF01723.22
gene-LOC142984618,PF01723.22
gene-LOC142984619,PF01723.22
gene-LOC142984620,PF02935.22
gene-LOC142984621,PF02935.22
gene-LOC142984622,PF01723.22
gene-LOC142984623,PF01401.25
gene-LOC142984628,PF00089.33
gene-LOC142984629,PF00348.23
gene-LOC142984630,PF00076.29
gene-LOC142984631,PF01723.22
gene-LOC142984632,PF01723.22
gene-LOC142984635,PF03645.19
gene-LOC142984636,PF00096.33;PF07776.22;PF12171.15;PF13465.13;PF13894.13;PF13912.13;PF21816.4;PF23561.2
gene-LOC142984637,PF26080.1
gene-LOC142984640,PF01723.22
gene-LOC142984641,PF00025.28;PF00071.29;PF08477.20
gene-LOC142984644,PF16060.11
gene-LOC142984645,PF00535.33;PF00652.29;PF02709.21;PF10111.15
gene-LOC142984646,PF00067.28
gene-LOC142984648,PF01723.22
gene-LOC142984650,PF09072.16
gene-LOC142984651,PF02095.22
gene-LOC142984654,PF01723.22
gene-LOC142984655,PF10242.15;PF13903.12
gene-LOC142984656,PF01723.22
gene-LOC142984657,PF01723.22
gene-LOC142984658,PF01723.22
gene-LOC142984667,PF01723.22
gene-LOC142984670,PF00069.32;PF01064.31;PF07714.24
gene-LOC142984671,PF00887.25
gene-LOC142984672,PF26649.1;PF27982.1
gene-LOC142984677,PF01607.30
gene-LOC142984678,PF01723.22
gene-LOC142984679,PF00059.28
gene-LOC142984680,PF05995.19
gene-LOC142984684,PF09742.15;PF12722.13
gene-LOC142984687,PF00046.36;PF10525.15
gene-LOC142984724,PF13638.13
gene-LOC142984725,PF01602.27;PF08752.17;PF12717.14;PF13646.13;PF16381.11
gene-LOC142984727,PF00498.32;PF16697.11
gene-LOC142984729,PF13965.13
gene-LOC142984730,PF23055.2
gene-LOC142984731,PF00098.29
gene-LOC142984733,PF03564.22;PF05380.19;PF18701.7
gene-LOC142984734,PF01074.29;PF07748.20;PF09261.17;PF17677.8;PF21260.4
gene-LOC142984737,PF00106.32;PF08659.17;PF13561.13
gene-LOC142984738,PF01073.26;PF01370.28;PF03015.25;PF07993.19
gene-LOC142984739,PF01073.26;PF01370.28;PF02719.22;PF03015.25;PF07993.19
gene-LOC142984741,PF10579.15;PF13424.13
gene-LOC142984742,PF25298.2
gene-LOC142984743,PF00096.33;PF07776.22;PF12171.15;PF12874.14;PF13465.13;PF13894.13;PF23561.2
gene-LOC142984745,PF01073.26;PF01370.28;PF02719.22;PF03015.25;PF07993.19
gene-LOC142984746,PF00069.32;PF07714.24;PF14531.13;PF23312.2;PF25296.2
gene-LOC142984752,PF00505.26;PF24815.2
gene-LOC142984753,PF05224.18;PF13884.12;PF13887.12
gene-LOC142984759,PF00023.37;PF12796.14;PF13191.13;PF13606.13;PF13637.13;PF13857.13;PF23745.2;PF24521.3;PF24883.3;PF25520.2;PF25521.2
gene-LOC142984763,PF08241.19;PF08242.19;PF13489.13;PF13649.13;PF13847.13
gene-LOC142984764,PF00096.33;PF12171.15;PF12874.14;PF13465.13;PF13894.13;PF13912.13
gene-LOC142984766,PF00083.31;PF07690.22
gene-LOC142984767,PF00023.37;PF12796.14;PF13606.13;PF13637.13;PF13857.13;PF24521.3
gene-LOC142984768,PF00106.32;PF01370.28;PF08659.17;PF13561.13
gene-LOC142984769,PF12366.14;PF15927.11
gene-LOC142984770,PF01370.28;PF03015.25;PF07993.19
gene-LOC142984771,PF01073.26;PF01370.28;PF03015.25;PF07993.19
gene-LOC142984772,PF00005.34;PF00664.29;PF01926.30;PF02463.26;PF13175.13;PF13304.13;PF13401.13;PF13555.13
gene-LOC142984773,PF00939.26;PF03600.23;PF16980.12
gene-LOC142984774,PF13091.13
gene-LOC142984775,PF05485.18;PF13613.13
gene-LOC142984777,PF00339.35;PF02752.28
gene-LOC142984778,PF00560.40;PF12799.14;PF13855.13;PF23598.2
gene-LOC142984779,PF00069.32;PF07714.24
gene-LOC142984783,PF02141.27;PF03455.25;PF03456.26
gene-LOC142984785,PF00514.30;PF01749.27;PF13513.13;PF13646.13;PF16186.12;PF23271.2;PF24768.2
gene-LOC142984787,PF23069.2;PF23070.2;PF23071.2
gene-LOC142984789,PF15430.12
gene-LOC142984790,PF05485.18
gene-LOC142984792,PF00328.28
gene-LOC142984794,PF01230.30;PF11969.14
gene-LOC142984795,PF13927.13
gene-LOC142984799,PF15868.11
gene-LOC142984803,PF01423.29
gene-LOC142984805,PF00046.36;PF05920.18;PF16493.11
gene-LOC142984806,PF01103.30
gene-LOC142984807,PF04430.20
gene-LOC142984810,PF01607.30
gene-LOC142984811,PF01416.26
gene-LOC142984813,PF05485.18
gene-LOC142984815,PF00096.33;PF13465.13;PF13894.13
gene-LOC142984819,PF00107.33;PF08240.18;PF16912.12
gene-LOC142984820,PF00560.40;PF12799.14;PF13516.13;PF27087.1
gene-LOC142984821,PF00335.27
gene-LOC142984822,PF15990.11
gene-LOC142984823,PF01073.26;PF01370.28;PF03015.25;PF07993.19
gene-LOC142984826,PF10192.16;PF21892.2
gene-LOC142984827,PF27983.1
gene-LOC142984828,PF00023.37;PF12796.14;PF13606.13;PF13637.13;PF13857.13
gene-LOC142984830,PF10629.16
gene-LOC142984833,PF00096.33;PF13465.13;PF13894.13;PF13909.13;PF23611.2;PF23612.1;PF24540.2
gene-LOC142984834,PF00089.33
gene-LOC142984835,PF01130.28
gene-LOC142984836,PF00560.40;PF12799.14;PF13516.13;PF13855.13;PF23598.2;PF23952.2
gene-LOC142984840,PF13358.13;PF27940.1
gene-LOC142984841,PF00561.27;PF04083.23;PF12146.16
gene-LOC142984842,PF01130.28
gene-LOC142984843,PF01370.28;PF03015.25;PF07993.19
gene-LOC142984846,PF00634.24;PF09103.17;PF09104.17;PF09169.16
gene-LOC142984848,PF00083.31;PF07690.22
gene-LOC142984850,PF01073.26;PF03015.25;PF07993.19
gene-LOC142984851,PF01073.26;PF01370.28;PF02719.22;PF03015.25;PF07993.19
gene-LOC142984852,PF01073.26;PF01370.28;PF03015.25;PF07993.19
gene-LOC142984853,PF00005.34;PF00664.29;PF02463.26;PF03193.23;PF09818.16;PF13191.13;PF13304.13;PF13401.13;PF13521.13;PF13555.13
gene-LOC142984856,PF01073.26;PF02719.22;PF03015.25;PF07993.19
gene-LOC142984858,PF02892.22;PF05699.20;PF27039.1;PF27041.1
gene-LOC142984860,PF04547.18;PF16178.11
gene-LOC142984862,PF01073.26;PF01370.28;PF03015.25;PF07993.19
gene-LOC142984863,PF01370.28;PF03015.25;PF07993.19
gene-LOC142984864,PF01370.28;PF02719.22;PF03015.25;PF04321.24;PF07993.19;PF16363.12
gene-LOC142984865,PF01073.26;PF01370.28;PF03015.25;PF07993.19
gene-LOC142984866,PF02719.22;PF03015.25;PF07993.19
gene-LOC142984868,PF00076.29;PF08777.18
gene-LOC142984870,PF00702.33;PF12710.14;PF13419.13
gene-LOC142984871,PF04843.20
gene-LOC142984874,PF01130.28
gene-LOC142984875,PF00096.33;PF12171.15;PF12874.14;PF13465.13;PF13894.13;PF13912.13
gene-LOC142984876,PF02040.21;PF03600.23;PF16980.12
gene-LOC142984888,PF15797.11
gene-LOC142984891,PF00135.35;PF07859.20;PF20434.6
gene-LOC142984893,PF07200.19
gene-LOC142984896,PF00328.28
gene-LOC142984897,PF00651.38
gene-LOC142984900,PF00560.40;PF12799.14;PF13516.13;PF13855.13;PF23598.2;PF23952.2
gene-LOC142984902,PF00096.33;PF05605.19;PF12171.15;PF12874.14;PF13465.13;PF13894.13;PF13912.13;PF13913.13
gene-LOC142984908,PF01073.26;PF01370.28;PF02719.22;PF03015.25;PF07993.19
gene-LOC142984909,PF00046.36
gene-LOC142984910,PF03015.25;PF07993.19
gene-LOC142984911,PF01370.28;PF03015.25;PF07993.19
gene-LOC142984912,PF00560.40;PF01582.26;PF12799.14;PF13306.13;PF13516.13;PF13676.12;PF13855.13;PF25013.1
gene-LOC142984913,PF00005.34;PF00664.29;PF01926.30;PF02463.26;PF13175.13;PF13304.13;PF13401.13;PF13555.13
gene-LOC142984916,PF00096.33;PF13465.13;PF13909.13;PF23611.2
gene-LOC142984919,PF01073.26;PF01370.28;PF03015.25;PF07993.19
gene-LOC142984921,PF00089.33;PF18322.7;PF18399.7
gene-LOC142984924,PF01073.26;PF01370.28;PF02719.22;PF03015.25;PF07993.19;PF16363.12
gene-LOC142984925,PF00047.32;PF07679.23;PF07686.24;PF13895.13;PF13927.13;PF22854.3
gene-LOC142984927,PF01073.26;PF01370.28;PF02719.22;PF03015.25;PF07993.19
gene-LOC142984928,PF01073.26;PF01370.28;PF02719.22;PF03015.25;PF07993.19
gene-LOC142984929,PF01073.26;PF01370.28;PF02719.22;PF03015.25;PF07993.19;PF16363.12
gene-LOC142984930,PF01073.26;PF01370.28;PF02719.22;PF03015.25;PF07993.19;PF16363.12
gene-LOC142984931,PF01073.26;PF01370.28;PF02719.22;PF03015.25;PF07993.19
gene-LOC142984932,PF00096.33;PF07776.22;PF13465.13;PF13894.13
gene-LOC142984933,PF00443.36;PF13423.13
gene-LOC142984935,PF00412.29
gene-LOC142984940,PF01633.27;PF01636.30
gene-LOC142984941,PF00620.33
gene-LOC142984942,PF01073.26;PF01370.28;PF03015.25;PF07993.19
gene-LOC142984944,PF00939.26;PF03600.23;PF16980.12
gene-LOC142984947,PF01370.28;PF03015.25;PF07993.19
gene-LOC142984948,PF01370.28;PF03015.25;PF07993.19
gene-LOC142984956,PF00096.33;PF13465.13;PF13894.13;PF13912.13
gene-LOC142984957,PF00096.33;PF12171.15;PF13465.13;PF13894.13;PF13912.13
gene-LOC142984958,PF00096.33;PF05605.19;PF07776.22;PF12756.14;PF12874.14;PF13465.13;PF13894.13;PF13912.13;PF21816.4
gene-LOC142984959,PF00096.33;PF13894.13;PF13912.13
gene-LOC142984966,PF00096.33;PF12874.14;PF13465.13;PF13894.13
gene-LOC142984967,PF00096.33;PF05605.19;PF12756.14;PF13465.13;PF13894.13
gene-LOC142984968,PF00096.33;PF13465.13;PF13894.13
gene-LOC142984972,PF03372.30;PF14529.13
gene-LOC142984973,PF00078.33
gene-LOC142984974,PF00858.30
gene-LOC142984975,PF03258.21;PF25298.2
gene-LOC142984976,PF00858.30
gene-LOC142984978,PF00125.31
gene-LOC142984979,PF00125.31;PF16211.11
gene-LOC142984980,PF00125.31;PF26281.1
gene-LOC142984981,PF00125.31
gene-LOC142984982,PF15511.13
gene-LOC142984983,PF00125.31;PF16211.11
gene-LOC142984984,PF00125.31;PF26281.1
gene-LOC142984985,PF00125.31
gene-LOC142984986,PF15511.13
gene-LOC142984987,PF00125.31;PF16211.11
gene-LOC142984988,PF00125.31;PF26281.1
gene-LOC142984989,PF00125.31
gene-LOC142984990,PF02985.29;PF24768.2;PF25598.2
gene-LOC142984991,PF15511.13
gene-LOC142984992,PF00125.31;PF16211.11
gene-LOC142984993,PF00125.31;PF26281.1
gene-LOC142984994,PF00125.31
gene-LOC142984995,PF15511.13
gene-LOC142984998,PF05485.18
gene-LOC142984999,PF00096.33;PF05605.19;PF07776.22;PF12756.14;PF13465.13;PF13894.13;PF13912.13
gene-LOC142985001,PF00096.33;PF05605.19;PF12756.14;PF13894.13;PF13912.13
gene-LOC142985002,PF02373.29;PF02375.24;PF11594.14
gene-LOC142985003,PF00487.31
gene-LOC142985005,PF00057.24;PF00089.33
gene-LOC142985006,PF00198.29;PF00364.29
gene-LOC142985007,PF00892.27;PF08449.18
gene-LOC142985010,PF00089.33
gene-LOC142985013,PF01595.26;PF25562.3
gene-LOC142985014,PF00153.33
gene-LOC142985018,PF00538.26
gene-LOC142985019,PF00538.26
gene-LOC142985020,PF00538.26
gene-LOC142985021,PF00538.26
gene-LOC142985022,PF00538.26
gene-LOC142985023,PF00538.26
gene-LOC142985024,PF00538.26
gene-LOC142985025,PF00125.31
gene-LOC142985026,PF00125.31
gene-LOC142985027,PF00125.31
gene-LOC142985028,PF00125.31
gene-LOC142985029,PF00125.31
gene-LOC142985030,PF00125.31
gene-LOC142985031,PF00125.31;PF16211.11
gene-LOC142985032,PF00125.31;PF16211.11
gene-LOC142985033,PF00125.31;PF16211.11
gene-LOC142985034,PF00125.31;PF26281.1
gene-LOC142985035,PF00125.31;PF26281.1
gene-LOC142985036,PF00125.31;PF26281.1
gene-LOC142985037,PF00125.31;PF16211.11
gene-LOC142985038,PF00125.31;PF16211.11
gene-LOC142985039,PF00125.31;PF16211.11
gene-LOC142985040,PF00125.31;PF26281.1
gene-LOC142985041,PF00125.31;PF26281.1
gene-LOC142985042,PF00125.31;PF26281.1
gene-LOC142985043,PF15511.13
gene-LOC142985044,PF15511.13
gene-LOC142985045,PF15511.13
gene-LOC142985046,PF15511.13
gene-LOC142985047,PF15511.13
gene-LOC142985048,PF15511.13
gene-LOC142985049,PF15511.13
gene-LOC142985050,PF15511.13
gene-LOC142985054,PF00538.26
gene-LOC142985055,PF00125.31
gene-LOC142985056,PF00125.31;PF16211.11
gene-LOC142985057,PF00125.31;PF26281.1
gene-LOC142985058,PF15511.13
gene-LOC142985061,PF00326.28;PF00561.27;PF00930.28;PF02129.25;PF12697.14;PF19520.6;PF20434.6
gene-LOC142985063,PF01697.34
gene-LOC142985064,PF00538.26
gene-LOC142985065,PF00125.31
gene-LOC142985066,PF00125.31;PF16211.11
gene-LOC142985067,PF00125.31;PF26281.1
gene-LOC142985068,PF15511.13
gene-LOC142985069,PF00096.33;PF07776.22;PF13465.13;PF13894.13
gene-LOC142985071,PF21056.4
gene-LOC142985072,PF00651.38
gene-LOC142985073,PF00001.27
gene-LOC142985075,PF03357.27;PF25880.2
gene-LOC142985076,PF00096.33;PF07776.22;PF12756.14;PF12874.14;PF13465.13;PF13894.13;PF13912.13;PF21816.4
gene-LOC142985077,PF01683.24
gene-LOC142985078,PF00096.33;PF05605.19;PF12874.14;PF13465.13;PF13894.13;PF13912.13
gene-LOC142985080,PF15692.11
gene-LOC142985081,PF00076.29;PF16367.12;PF23085.2
gene-LOC142985086,PF01595.26;PF25562.3
gene-LOC142985087,PF00097.32;PF12678.14;PF13445.13;PF13639.13;PF13923.13;PF17123.12
gene-LOC142985088,PF03564.22;PF05380.19;PF18701.7
gene-LOC142985089,PF00125.31;PF16211.11
gene-LOC142985091,PF09243.17
gene-LOC142985092,PF00096.33;PF12171.15;PF13465.13;PF13894.13
gene-LOC142985093,PF00096.33;PF05605.19;PF07776.22;PF13465.13;PF13894.13;PF23611.2
gene-LOC142985094,PF01105.30
gene-LOC142985096,PF01852.26
gene-LOC142985100,PF00151.26
gene-LOC142985103,PF01928.27
gene-LOC142985104,PF01161.26
gene-LOC142985106,PF00089.33
gene-LOC142985107,PF00538.26
gene-LOC142985108,PF00096.33;PF12171.15;PF12874.14;PF13465.13;PF13894.13;PF13912.13
gene-LOC142985109,PF08768.18
gene-LOC142985110,PF05485.18;PF24540.2
gene-LOC142985111,PF03227.23
gene-LOC142985114,PF00397.33;PF01846.26;PF23517.2
gene-LOC142985118,PF00096.33;PF07776.22;PF13465.13;PF13894.13
gene-LOC142985124,PF11938.14
gene-LOC142985125,PF00036.39;PF13202.13;PF13405.13;PF13499.13;PF13833.13
gene-LOC142985126,PF00538.26
gene-LOC142985127,PF07528.21;PF20965.3
gene-LOC142985128,PF00089.33
gene-LOC142985129,PF00561.27;PF12146.16;PF12697.14
gene-LOC142985130,PF08914.18
gene-LOC142985131,PF00561.27;PF12697.14
gene-LOC142985132,PF00089.33
gene-LOC142985133,PF00083.31;PF07690.22
gene-LOC142985134,PF00160.27
gene-LOC142985136,PF14738.12
gene-LOC142985137,PF05485.18
gene-LOC142985138,PF00096.33;PF07776.22;PF12171.15;PF12874.14;PF13465.13;PF13894.13;PF13912.13
gene-LOC142985139,PF00006.32;PF02874.30;PF22919.2
gene-LOC142985140,PF00096.33;PF12171.15;PF13465.13;PF13894.13;PF13912.13;PF23225.2
gene-LOC142985141,PF20520.4
gene-LOC142985143,PF07716.21
gene-LOC142985145,PF00557.30;PF05195.23
gene-LOC142985148,PF02900.24
gene-LOC142985150,PF00047.32;PF07679.23;PF07686.24;PF08205.19;PF13895.13;PF13927.13;PF22971.3;PF24528.2
gene-LOC142985153,PF07776.22;PF13465.13;PF13894.13
gene-LOC142985154,PF00248.28
gene-LOC142985155,PF00156.34;PF13522.12;PF13537.12
gene-LOC142985157,PF14950.12
gene-LOC142985158,PF00405.23
gene-LOC142985160,PF03564.22;PF05380.19;PF18701.7
gene-LOC142985162,PF08743.16
gene-LOC142985164,PF03184.26
gene-LOC142985166,PF00248.28
gene-LOC142985168,PF00201.25;PF04101.23;PF06722.19
gene-LOC142985169,PF00096.33;PF07776.22;PF13465.13;PF13894.13
gene-LOC142985170,PF00125.31
gene-LOC142985171,PF00125.31;PF16211.11
gene-LOC142985172,PF00125.31;PF26281.1
gene-LOC142985173,PF03540.20
gene-LOC142985175,PF00400.39;PF12894.14;PF23381.2;PF23414.2;PF23756.2;PF23775.2;PF23869.2;PF24105.2;PF24807.2;PF24814.2;PF24817.2;PF25168.2;PF25171.2;PF25173.2;PF25174.2;PF25175.2
gene-LOC142985176,PF08648.18
gene-LOC142985179,PF10545.16;PF13837.13
gene-LOC142985180,PF13358.13;PF27940.1
gene-LOC142985182,PF00248.28
gene-LOC142985183,PF00096.33;PF07776.22;PF13894.13
gene-LOC142985184,PF00089.33
gene-LOC142985189,PF03825.23;PF07690.22;PF12832.14
gene-LOC142985191,PF00096.33;PF05605.19;PF12756.14;PF13465.13;PF13894.13
gene-LOC142985193,PF05729.19
gene-LOC142985194,PF00096.33;PF07776.22;PF13465.13;PF13894.13;PF13912.13
gene-LOC142985197,PF00561.27;PF12697.14
gene-LOC142985200,PF04922.19
gene-LOC142985201,PF02900.24
gene-LOC142985203,PF03009.24
gene-LOC142985204,PF10034.16
gene-LOC142985205,PF07776.22
gene-LOC142985206,PF00201.25;PF04101.23;PF06722.19
gene-LOC142985210,PF02892.22
gene-LOC142985211,PF02892.22;PF18658.9
gene-LOC142985215,PF00089.33
gene-LOC142985216,PF06888.19;PF12710.14
gene-LOC142985217,PF00561.27;PF12146.16;PF12697.14
gene-LOC142985219,PF01609.28;PF13359.13
gene-LOC142985221,PF00060.33;PF00497.26;PF01094.35;PF10613.15
gene-LOC142985223,PF00538.26
gene-LOC142985224,PF15511.13
gene-LOC142985229,PF00096.33;PF07776.22;PF13465.13;PF13894.13;PF13912.13
gene-LOC142985230,PF00125.31
gene-LOC142985231,PF00125.31;PF26281.1
gene-LOC142985232,PF04148.19
gene-LOC142985234,PF00405.23;PF09084.17;PF12974.13
gene-LOC142985237,PF17064.12
gene-LOC142985239,PF15753.11
gene-LOC142985240,PF05826.18
gene-LOC142985241,PF09430.17;PF13620.13;PF13715.13;PF14686.13;PF17210.10;PF17802.8;PF22898.3;PF22902.3;PF22904.4;PF23141.2;PF23192.2;PF23193.2;PF23194.2
gene-LOC142985242,PF00096.33;PF13465.13;PF13894.13
gene-LOC142985244,PF00096.33;PF13465.13;PF13894.13
gene-LOC142985248,PF00089.33;PF18322.7
gene-LOC142985249,PF18439.8
gene-LOC142985250,PF01388.28
gene-LOC142985251,PF00096.33;PF13465.13;PF13894.13
gene-LOC142985252,PF00651.38
gene-LOC142985256,PF00089.33
gene-LOC142985257,PF01214.24
gene-LOC142985258,PF05485.18;PF13359.13
gene-LOC142985261,PF00096.33;PF07776.22;PF13465.13;PF13894.13
gene-LOC142985263,PF00060.33;PF00497.26;PF10613.15
gene-LOC142985264,PF04178.19
gene-LOC142985265,PF00335.27
gene-LOC142985267,PF13873.13
gene-LOC142985268,PF10373.16;PF10374.16
gene-LOC142985271,PF00096.33;PF07776.22;PF12756.14;PF13465.13;PF13894.13;PF13912.13
gene-LOC142985275,PF00096.33;PF12756.14;PF12874.14;PF13465.13;PF13894.13;PF13912.13
gene-LOC142985276,PF00023.37;PF00533.34;PF12796.14;PF13606.13;PF13637.13;PF13857.13
gene-LOC142985278,PF00036.39;PF12763.14;PF13405.13;PF13499.13;PF13833.13;PF24548.2
gene-LOC142985281,PF00085.27
gene-LOC142985282,PF00651.38
gene-LOC142985285,PF01223.30
gene-LOC142985286,PF06936.17
gene-LOC142985287,PF01214.24
gene-LOC142985288,PF17065.11
gene-LOC142985290,PF00096.33;PF07776.22;PF13465.13;PF13894.13;PF23611.2
gene-LOC142985292,PF00096.33;PF07776.22;PF13465.13;PF13894.13
gene-LOC142985293,PF05493.19
gene-LOC142985294,PF00155.28
gene-LOC142985295,PF00515.35;PF07719.24;PF13181.13;PF13432.13;PF25575.1
gene-LOC142985306,PF00096.33;PF07776.22;PF13465.13;PF13894.13;PF13912.13
gene-LOC142985310,PF00379.30
gene-LOC142985315,PF00538.26
gene-LOC142985319,PF10184.16
gene-LOC142985322,PF00501.35;PF13193.13
gene-LOC142985326,PF00454.34
gene-LOC142985328,PF00787.30
gene-LOC142985329,PF00089.33
gene-LOC142985332,PF00096.33;PF12171.15;PF13465.13;PF13894.13;PF13912.13;PF21816.4;PF22995.3;PF23561.2
gene-LOC142985333,PF00168.37;PF00387.26;PF00388.26;PF00617.25;PF00788.30;PF09279.18
gene-LOC142985337,PF03184.26;PF13358.13
gene-LOC142985338,PF00046.36
gene-LOC142985342,PF03371.21
gene-LOC142985344,PF00097.32;PF00400.39;PF12894.14;PF13445.13;PF13639.13;PF13923.13;PF14634.13;PF23098.2;PF23381.2;PF23389.2;PF23393.3;PF23409.2;PF23414.2;PF23609.2;PF23761.2;PF23775.2;PF24105.2;PF24782.3;PF24796.2;PF24805.2;PF24807.2;PF24814.2;PF24817.2;PF25047.1;PF25048.2;PF25168.2;PF25171.2;PF25172.2;PF25173.2;PF25174.2;PF25175.2;PF25391.2
gene-LOC142985346,PF00337.30
gene-LOC142985349,PF00096.33;PF07776.22;PF12171.15;PF13465.13;PF13894.13
gene-LOC142985359,PF00538.26
gene-LOC142985360,PF00538.26
gene-LOC142985361,PF02847.24
gene-LOC142985371,PF10601.15
gene-LOC142985376,PF00059.28
gene-LOC142985380,PF00083.31;PF07690.22
gene-LOC142985382,PF01145.32
gene-LOC142985383,PF09772.15
gene-LOC142985386,PF00151.26;PF12697.14
gene-LOC142985387,PF00151.26;PF12697.14
gene-LOC142985389,PF00089.33
gene-LOC142985390,PF00856.34;PF13465.13;PF21549.3
gene-LOC142985394,PF03022.23
gene-LOC142985396,PF00651.38
gene-LOC142985398,PF13499.13;PF23564.2
gene-LOC142985401,PF00330.26;PF00694.26
gene-LOC142985403,PF00076.29;PF16367.12
gene-LOC142985404,PF00096.33;PF13894.13
gene-LOC142985407,PF00096.33;PF12171.15;PF13465.13;PF13894.13;PF13912.13
gene-LOC142985409,PF10571.16
gene-LOC142985411,PF01400.32
gene-LOC142985412,PF07258.20
gene-LOC142985415,PF01230.30;PF11969.14
gene-LOC142985416,PF00560.40;PF01582.26;PF12799.14;PF13306.13;PF13676.12;PF13855.13
gene-LOC142985417,PF00096.33;PF07776.22;PF12171.15;PF12874.14;PF13465.13;PF13894.13;PF13912.13
gene-LOC142985419,PF00096.33;PF12171.15;PF12874.14;PF13465.13;PF13894.13;PF23561.2
gene-LOC142985420,PF00178.30
gene-LOC142985422,PF00036.39;PF13202.13;PF13405.13;PF13499.13;PF13833.13
gene-LOC142985423,PF00089.33
gene-LOC142985428,PF00091.32;PF03953.23
gene-LOC142985429,PF00096.33;PF13894.13;PF13912.13;PF23107.2
gene-LOC142985433,PF01074.29;PF07748.20;PF09261.17;PF17677.8
gene-LOC142985434,PF00096.33;PF07776.22;PF12874.14;PF13465.13;PF13894.13
gene-LOC142985435,PF00096.33;PF13465.13;PF13894.13;PF18868.8
gene-LOC142985436,PF00076.29;PF16012.11
gene-LOC142985437,PF03131.23
gene-LOC142985439,PF00091.32;PF03953.23
gene-LOC142985440,PF00047.32;PF07679.23;PF07686.24;PF13895.13;PF13927.13;PF16706.12;PF22971.3
gene-LOC142985442,PF00406.30
gene-LOC142985444,PF00009.34
gene-LOC142985445,PF00635.33;PF00650.26;PF13716.12;PF22544.3
gene-LOC142985446,PF00151.26
gene-LOC142985448,PF00515.35;PF07719.24;PF13174.13;PF13181.13;PF13414.13;PF13428.13
gene-LOC142985450,PF04063.21;PF04064.19
gene-LOC142985451,PF00096.33;PF13894.13
gene-LOC142985452,PF00490.28
gene-LOC142985453,PF01018.29;PF01926.30;PF02421.25
gene-LOC142985456,PF00626.28;PF25480.2
gene-LOC142985458,PF13843.13
gene-LOC142985460,PF02285.21
gene-LOC142985462,PF00151.26;PF12697.14
gene-LOC142985463,PF00096.33;PF13465.13;PF13894.13
gene-LOC142985464,PF00096.33;PF12171.15;PF12874.14;PF13465.13;PF13894.13
gene-LOC142985465,PF01423.29
gene-LOC142985466,PF15715.12
gene-LOC142985467,PF06870.18
gene-LOC142985468,PF11952.14
gene-LOC142985469,PF01433.27;PF11838.15;PF17900.7
gene-LOC142985470,PF00096.33;PF12171.15;PF12874.14;PF13465.13;PF13894.13;PF13912.13
gene-LOC142985471,PF03694.19
gene-LOC142985472,PF08241.19;PF08242.19;PF13489.13;PF13649.13;PF13847.13
gene-LOC142985473,PF00135.35;PF07859.20;PF20434.6
gene-LOC142985477,PF00151.26
gene-LOC142985478,PF00151.26
gene-LOC142985479,PF00085.27
gene-LOC142985480,PF00096.33;PF05605.19;PF12171.15;PF12874.14;PF13465.13;PF13894.13;PF13912.13
gene-LOC142985483,PF00400.39;PF12894.14;PF23098.2;PF23381.2;PF23393.3;PF23409.2;PF23410.5;PF23414.2;PF23419.3;PF23609.2;PF23761.2;PF23775.2;PF23798.2;PF23869.2;PF24105.2;PF24782.3;PF24796.2;PF24805.2;PF24807.2;PF24814.2;PF24817.2;PF25047.1;PF25048.2;PF25168.2;PF25171.2;PF25172.2;PF25173.2;PF25174.2;PF25175.2;PF25178.1;PF25391.2;PF25460.2
gene-LOC142985486,PF00560.40;PF07834.17;PF13516.13;PF27087.1
gene-LOC142985488,PF00135.35;PF07859.20;PF20434.6
gene-LOC142985490,PF00089.33
gene-LOC142985491,PF00089.33
gene-LOC142985496,PF00096.33;PF12171.15;PF13465.13;PF13894.13
gene-LOC142985497,PF04181.19
gene-LOC142985502,PF00012.27;PF06723.20
gene-LOC142985505,PF04307.20
gene-LOC142985506,PF04145.21
gene-LOC142985507,PF00096.33;PF12171.15;PF12874.14;PF13465.13;PF13894.13
gene-LOC142985509,PF00135.35;PF07859.20;PF20434.6
gene-LOC142985511,PF00096.33;PF13465.13;PF13894.13
gene-LOC142985512,PF05485.18
gene-LOC142985517,PF00849.28
gene-LOC142985518,PF03131.23
gene-LOC142985519,PF00096.33;PF13465.13;PF13894.13
gene-LOC142985521,PF03914.24;PF26702.1
gene-LOC142985526,PF08615.17
gene-LOC142985527,PF01875.23
gene-LOC142985528,PF00153.33
gene-LOC142985529,PF00009.34;PF00679.31;PF03144.32;PF03764.25;PF14492.13;PF16004.11
gene-LOC142985537,PF08241.19;PF08242.19;PF13489.13;PF13649.13;PF13847.13
gene-LOC142985540,PF00096.33;PF05605.19;PF12874.14;PF13465.13;PF13894.13;PF21039.4;PF23077.2
gene-LOC142985541,PF00626.28;PF25480.2
gene-LOC142985543,PF00560.40;PF01582.26;PF12799.14;PF13306.13;PF13676.12;PF13855.13;PF23598.2
gene-LOC142985544,PF00096.33;PF05485.18;PF07776.22;PF12171.15;PF13465.13;PF13894.13
gene-LOC142985546,PF00089.33
gene-LOC142985548,PF07776.22
gene-LOC142985550,PF00025.28;PF00071.29;PF08477.20
gene-LOC142985555,PF00151.26
gene-LOC142985558,PF00097.32;PF12861.14;PF13445.13;PF13639.13;PF13923.13;PF23419.3
gene-LOC142985559,PF01400.32
gene-LOC142985564,PF15335.12
gene-LOC142985567,PF13771.13;PF26054.1
gene-LOC142985571,PF00595.30;PF17820.8
gene-LOC142985573,PF00096.33;PF13894.13
gene-LOC142985575,PF00096.33;PF13465.13;PF13894.13
gene-LOC142985577,PF00096.33;PF12171.15;PF13465.13;PF13894.13;PF13912.13
gene-LOC142985578,PF10601.15
gene-LOC142985580,PF10169.16
gene-LOC142985581,PF00557.30;PF01321.25;PF16188.11;PF16189.12
gene-LOC142985588,PF07690.22
gene-LOC142985589,PF00929.32
gene-LOC142985590,PF01593.31;PF13450.13
gene-LOC142985592,PF00096.33;PF12171.15;PF12874.14;PF13465.13;PF13894.13;PF23107.2
gene-LOC142985595,PF13499.13
gene-LOC142985597,PF03694.19
gene-LOC142985598,PF00036.39;PF13405.13;PF13499.13;PF13833.13
gene-LOC142985599,PF00536.38
gene-LOC142985600,PF00646.39;PF12937.13;PF13516.13;PF25372.2
gene-LOC142985602,PF00096.33;PF07776.22;PF12171.15;PF13465.13;PF13894.13
gene-LOC142985603,PF12706.14;PF23023.2
gene-LOC142985606,PF00151.26;PF12697.14
gene-LOC142985607,PF00151.26
gene-LOC142985610,PF13465.13
gene-LOC142985612,PF05605.19;PF13894.13
gene-LOC142985614,PF00567.31
gene-LOC142985615,PF00135.35;PF07859.20;PF20434.6
gene-LOC142985616,PF12937.13
gene-LOC142985617,PF01683.24
gene-LOC142985618,PF00151.26
gene-LOC142985619,PF00089.33
gene-LOC142985620,PF00089.33
gene-LOC142985622,PF00151.26
gene-LOC142985626,PF00096.33;PF12171.15;PF12874.14;PF13465.13;PF13894.13;PF16622.12
gene-LOC142985627,PF12796.14
gene-LOC142985630,PF04873.20
gene-LOC142985631,PF13516.13;PF27087.1
gene-LOC142985633,PF00096.33;PF13894.13
gene-LOC142985635,PF00096.33;PF05485.18;PF07776.22;PF12171.15;PF12874.14;PF13465.13;PF13894.13
gene-LOC142985637,PF00096.33;PF02892.22;PF05605.19;PF12171.15;PF12874.14;PF13465.13;PF13894.13;PF13912.13;PF23107.2
gene-LOC142985638,PF00096.33;PF07776.22;PF12171.15;PF13465.13;PF13894.13
gene-LOC142985639,PF00096.33;PF12171.15;PF12874.14;PF13465.13;PF13894.13
gene-LOC142985641,PF12799.14;PF13855.13;PF14580.13;PF24048.2
gene-LOC142985647,PF00096.33;PF12171.15;PF13465.13;PF13894.13;PF13912.13;PF21816.4
gene-LOC142985649,PF00626.28;PF25466.1;PF25480.2
gene-LOC142985654,PF00096.33;PF13894.13
gene-LOC142985655,PF07776.22
gene-LOC142985656,PF12756.14
gene-LOC142985657,PF05485.18
gene-LOC142985658,PF00096.33;PF05605.19;PF12171.15;PF12874.14;PF13465.13;PF13894.13
gene-LOC142985659,PF00076.29
gene-LOC142985660,PF00096.33;PF05605.19;PF12171.15;PF12874.14;PF13465.13;PF13894.13;PF23107.2
gene-LOC142985661,PF00083.31;PF07690.22
gene-LOC142985735,PF25298.2
gene-LOC142985743,PF18701.7
gene-LOC142985746,PF02944.26;PF10545.16
gene-LOC142985750,PF03564.22
gene-LOC142985752,PF05380.19
gene-LOC142985754,PF01928.27
gene-LOC142985755,PF16012.11
gene-LOC142985756,PF00078.33;PF03564.22;PF05380.19
gene-LOC142985757,PF00163.25;PF01479.31
gene-LOC142985758,PF17921.8;PF18701.7
gene-LOC142985759,PF03564.22
gene-LOC142985760,PF05380.19;PF17921.8
gene-LOC142985761,PF18701.7
gene-LOC142985763,PF18701.7
gene-LOC142985764,PF00076.29
gene-LOC142985765,PF03372.30;PF14529.13
gene-LOC142985766,PF03372.30;PF14529.13
gene-LOC142985767,PF03372.30;PF14529.13
gene-LOC142985769,PF03372.30;PF14529.13
gene-LOC142985771,PF00076.29;PF05172.20
gene-LOC142985773,PF03372.30;PF14529.13
gene-LOC142985780,PF00096.33;PF13465.13;PF13894.13
gene-LOC142985781,PF25298.2
gene-LOC142985784,PF03372.30;PF14529.13
gene-LOC142985785,PF18701.7
gene-LOC142985786,PF18701.7
gene-LOC142985788,PF03372.30;PF14529.13
gene-LOC142985789,PF05380.19;PF17921.8
gene-LOC142985791,PF00078.33;PF05380.19
gene-LOC142985792,PF03564.22;PF18701.7
gene-LOC142985794,PF03184.26;PF13358.13
gene-LOC142985796,PF25298.2
gene-LOC142985797,PF25298.2
gene-LOC142985798,PF05380.19;PF17921.8;PF18701.7
gene-LOC142985802,PF00078.33;PF03564.22;PF05380.19;PF17921.8;PF18701.7
gene-LOC142985804,PF02892.22;PF05699.20;PF27039.1;PF27041.1
gene-LOC142985805,PF01757.29;PF20146.5
gene-LOC142985807,PF13843.13
gene-LOC142985810,PF00098.29
gene-LOC142985811,PF00096.33;PF13894.13
gene-LOC142985813,PF01757.29;PF20146.5
gene-LOC142985815,PF00078.33;PF03564.22;PF05380.19;PF13650.12
gene-LOC142985816,PF23055.2
gene-LOC142985817,PF23055.2
gene-LOC142985818,PF23055.2
gene-LOC142985820,PF13873.13
gene-LOC142985821,PF00589.28
gene-LOC142985822,PF25298.2
gene-LOC142985823,PF17917.8;PF17919.8;PF19259.5
gene-LOC142985824,PF14529.13
gene-LOC142985825,PF25298.2
gene-LOC142985828,PF03184.26;PF05225.23
gene-LOC142985829,PF00096.33;PF12874.14;PF13465.13;PF13894.13
gene-LOC142985830,PF00078.33;PF05380.19;PF18701.7
gene-LOC142985831,PF25298.2
gene-LOC142985832,PF03184.26
gene-LOC142985834,PF00078.33
gene-LOC142985835,PF00782.26
gene-LOC142985836,PF25298.2
gene-LOC142985837,PF12259.14
gene-LOC142985839,PF23055.2
gene-LOC142985841,PF14529.13
gene-LOC142985842,PF03372.30;PF14529.13
gene-LOC142985844,PF00665.33;PF17921.8
gene-LOC142985846,PF05380.19
gene-LOC142985847,PF23055.2
gene-LOC142985849,PF00078.33;PF00680.26;PF23055.2
gene-LOC142985851,PF00078.33
gene-LOC142985852,PF18701.7
gene-LOC142985854,PF18701.7
gene-LOC142985855,PF12259.14
gene-LOC142985857,PF25298.2
gene-LOC142985863,PF18701.7
gene-LOC142985864,PF18701.7
gene-LOC142985868,PF18701.7
gene-LOC142985869,PF16012.11
gene-LOC142985870,PF00078.33
gene-LOC142985871,PF05380.19;PF18701.7
gene-LOC142985872,PF03564.22
gene-LOC142985873,PF00665.33;PF18701.7
gene-LOC142985877,PF23055.2
gene-LOC142985878,PF00439.31;PF12024.14
gene-LOC142985879,PF00078.33;PF28514.1
gene-LOC142985880,PF03564.22;PF05380.19;PF18701.7
gene-LOC142985881,PF03564.22
gene-LOC142985882,PF18701.7
gene-LOC142985884,PF24626.2
gene-LOC142985885,PF00078.33;PF00665.33;PF03564.22;PF05380.19;PF17921.8
gene-LOC142985886,PF23055.2
gene-LOC142985889,PF23055.2
gene-LOC142985891,PF00078.33;PF05380.19
gene-LOC142985892,PF00078.33
gene-LOC142985895,PF00078.33;PF04827.21;PF13359.13
gene-LOC142985896,PF00078.33
gene-LOC142985897,PF03564.22
gene-LOC142985898,PF27039.1
gene-LOC142985899,PF04969.23
gene-LOC142985901,PF03372.30;PF14529.13
gene-LOC142985903,PF00078.33
gene-LOC142985904,PF00078.33;PF23055.2
gene-LOC142985905,PF14529.13
gene-LOC142985907,PF03258.21;PF25298.2
gene-LOC142985908,PF03258.21;PF25298.2
gene-LOC142985909,PF03564.22;PF17921.8
gene-LOC142985910,PF00078.33;PF03564.22;PF05380.19;PF18701.7
gene-LOC142985911,PF00078.33;PF05380.19;PF17921.8;PF18701.7
gene-LOC142985912,PF03564.22
gene-LOC142985913,PF25298.2
gene-LOC142985914,PF04500.23
gene-LOC142985915,PF04438.23;PF25790.2
gene-LOC142985916,PF25298.2
gene-LOC142985917,PF23055.2
gene-LOC142985921,PF23055.2
gene-LOC142985922,PF25298.2
gene-LOC142985923,PF01509.24
gene-LOC142985924,PF25298.2
gene-LOC142985925,PF00665.33;PF17921.8
gene-LOC142985926,PF25298.2
gene-LOC142985929,PF05380.19
gene-LOC142985930,PF05380.19
gene-LOC142985931,PF18701.7
gene-LOC142985933,PF17917.8;PF17919.8
gene-LOC142985934,PF00665.33;PF18701.7
gene-LOC142985935,PF18701.7
gene-LOC142985936,PF00665.33;PF17921.8;PF18701.7
gene-LOC142985937,PF23055.2
gene-LOC142985939,PF00078.33;PF17917.8;PF17919.8
gene-LOC142985941,PF00078.33;PF00665.33;PF23055.2
gene-LOC142985943,PF18701.7
gene-LOC142985945,PF00078.33;PF05380.19;PF18701.7
gene-LOC142985946,PF01926.30;PF21516.3
gene-LOC142985947,PF05380.19
gene-LOC142985948,PF18701.7
gene-LOC142985952,PF00075.31
gene-LOC142985954,PF10358.16
gene-LOC142985955,PF23055.2
gene-LOC142985957,PF23055.2
gene-LOC142985958,PF05380.19;PF17921.8;PF18701.7
gene-LOC142985962,PF13898.12
gene-LOC142985966,PF00078.33;PF05380.19
gene-LOC142985967,PF12259.14
gene-LOC142985968,PF00089.33
gene-LOC142985969,PF00078.33;PF03372.30;PF14529.13
gene-LOC142985970,PF23055.2
gene-LOC142985971,PF00078.33
gene-LOC142985972,PF00078.33
gene-LOC142985973,PF18701.7
gene-LOC142985975,PF00665.33;PF17921.8;PF18701.7
gene-LOC142985976,PF00076.29
gene-LOC142985978,PF00665.33
gene-LOC142985979,PF02181.29
gene-LOC142985980,PF00665.33
gene-LOC142985982,PF00665.33;PF17921.8;PF18701.7
gene-LOC142985983,PF05380.19
gene-LOC142985985,PF25298.2
gene-LOC142985986,PF25298.2
gene-LOC142985987,PF00078.33;PF03564.22
gene-LOC142985988,PF05380.19;PF17921.8;PF18701.7
gene-LOC142985989,PF17921.8;PF18701.7
gene-LOC142985992,PF05380.19;PF17921.8;PF18701.7
gene-LOC142985995,PF18701.7
gene-LOC142985997,PF23055.2
gene-LOC142985998,PF05380.19
gene-LOC142986001,PF00078.33
gene-LOC142986002,PF18701.7
gene-LOC142986004,PF05380.19;PF18701.7
gene-LOC142986005,PF05458.18
gene-LOC142986006,PF00665.33;PF17921.8;PF18701.7
gene-LOC142986008,PF23055.2
gene-LOC142986009,PF23055.2
gene-LOC142986010,PF00075.31;PF00078.33;PF01443.25;PF13245.13;PF13604.13;PF14529.13
gene-LOC142986011,PF01609.28;PF13359.13
gene-LOC142986012,PF00173.34
gene-LOC142986013,PF10545.16
gene-LOC142986014,PF00078.33;PF05380.19;PF18701.7
gene-LOC142986021,PF24626.2
gene-LOC142986022,PF00059.28
gene-LOC142986024,PF00098.29
gene-LOC142986025,PF03564.22
gene-LOC142986027,PF03131.23
gene-LOC142986031,PF18701.7
gene-LOC142986032,PF00098.29
gene-LOC142986069,PF00171.28
gene-LOC142986077,PF00211.26;PF06327.20;PF16214.10
gene-LOC142986083,PF00201.25;PF06722.19
gene-LOC142986084,PF05603.18;PF21057.3
gene-LOC142986089,PF00147.24
gene-LOC142986094,PF00439.31
gene-LOC142986107,PF00069.32;PF07714.24;PF12202.15
gene-LOC142986109,PF05605.19;PF13894.13
gene-LOC142986112,PF01400.32
gene-LOC142986113,PF13771.13;PF13831.13;PF13832.13
gene-LOC142986115,PF14214.12;PF23343.3
gene-LOC142986116,PF00085.27;PF04777.19;PF18371.7
gene-LOC142986118,PF00025.28;PF00071.29;PF08477.20
gene-LOC142986120,PF00651.38;PF26017.1
gene-LOC142986127,PF00023.37;PF12796.14;PF13606.13;PF13637.13;PF13857.13;PF24521.3
gene-LOC142986129,PF00075.31;PF00078.33;PF01443.25;PF13245.13;PF13604.13;PF14529.13
gene-LOC142986130,PF13886.13
gene-LOC142986131,PF06218.17
gene-LOC142986139,PF01490.25
gene-LOC142986142,PF00096.33;PF00651.38
gene-LOC142986143,PF02931.29;PF02932.22
gene-LOC142986144,PF00078.33
gene-LOC142986145,PF10033.15
gene-LOC142986147,PF04666.20;PF23524.3
gene-LOC142986149,PF07051.18
gene-LOC142986150,PF07051.18
gene-LOC142986152,PF00854.28
gene-LOC142986153,PF04910.21
gene-LOC142986158,PF00005.34;PF00664.29;PF01583.27;PF02463.26;PF03193.23;PF06414.19;PF07728.21;PF09818.16;PF13175.13;PF13191.13;PF13304.13;PF13401.13;PF13481.13;PF13521.13;PF13555.13;PF13604.13;PF19263.6
gene-LOC142986159,PF00651.38;PF05225.23
gene-LOC142986160,PF00096.33;PF13465.13;PF13894.13;PF13912.13;PF22995.3
gene-LOC142986161,PF00096.33;PF13465.13;PF13894.13;PF13912.13;PF22995.3
gene-LOC142986163,PF12070.14
gene-LOC142986165,PF01127.28
gene-LOC142986167,PF21049.4
gene-LOC142986169,PF06585.18
gene-LOC142986171,PF00622.37;PF13920.13
gene-LOC142986172,PF00854.28;PF07690.22
gene-LOC142986173,PF00135.35;PF20434.6
gene-LOC142986175,PF00036.39;PF13202.13;PF13405.13;PF13499.13;PF13833.13;PF23564.2
gene-LOC142986178,PF00062.26
gene-LOC142986181,PF01266.31;PF01571.27;PF04820.21;PF08669.18;PF16350.11
gene-LOC142986182,PF02141.27;PF03455.25;PF03456.26
gene-LOC142986184,PF12259.14
gene-LOC142986186,PF03915.19
gene-LOC142986187,PF06151.19;PF08395.18
gene-LOC142986188,PF00354.25;PF13385.14
gene-LOC142986189,PF00354.25;PF13385.14
gene-LOC142986194,PF06151.19;PF08395.18
gene-LOC142986196,PF05434.17
gene-LOC142986197,PF01244.28
gene-LOC142986198,PF00022.26
gene-LOC142986199,PF03151.23
gene-LOC142986200,PF00650.26;PF28528.1
gene-LOC142986201,PF00017.31;PF07525.22
gene-LOC142986202,PF00069.32;PF07714.24
gene-LOC142986203,PF06151.19;PF08395.18
gene-LOC142986205,PF01529.26
gene-LOC142986209,PF06151.19;PF08395.18
gene-LOC142986210,PF00890.31;PF01946.24;PF02910.26;PF03486.21;PF07992.21
gene-LOC142986211,PF00324.28;PF13520.13
gene-LOC142986212,PF10545.16
gene-LOC142986213,PF06814.20
gene-LOC142986216,PF06151.19;PF08395.18
gene-LOC142986217,PF01263.27
gene-LOC142986220,PF14938.13;PF24762.2
gene-LOC142986223,PF06151.19;PF08395.18
gene-LOC142986225,PF00651.38;PF05225.23
gene-LOC142986226,PF03103.23
gene-LOC142986227,PF01490.25
gene-LOC142986229,PF02931.29;PF02932.22
gene-LOC142986231,PF06585.18
gene-LOC142986232,PF00097.32;PF02190.23;PF13445.13;PF13639.13;PF13920.13;PF13923.13;PF14447.13
gene-LOC142986234,PF00567.31
gene-LOC142986235,PF00474.24
gene-LOC142986237,PF08445.17
gene-LOC142986240,PF00560.40;PF12799.14;PF13306.13;PF13516.13;PF13855.13;PF23211.1
gene-LOC142986242,PF01510.31
gene-LOC142986246,PF00059.28;PF00084.27;PF22633.4
gene-LOC142986248,PF00083.31;PF07690.22
gene-LOC142986249,PF00046.36;PF05920.18
gene-LOC142986251,PF06585.18
gene-LOC142986252,PF00566.26;PF23436.2
gene-LOC142986255,PF02949.26
gene-LOC142986258,PF03009.24
gene-LOC142986259,PF01529.26
gene-LOC142986261,PF00017.31;PF00617.25
gene-LOC142986264,PF00515.35;PF07719.24;PF08409.17;PF13176.13;PF13181.13;PF13374.13;PF13414.13;PF13424.13;PF13428.13;PF13431.13;PF13432.13;PF14559.13;PF23914.2;PF24575.2;PF24885.2
gene-LOC142986265,PF00567.31
gene-LOC142986276,PF00248.28
gene-LOC142986278,PF02020.25;PF02847.24;PF02854.26
gene-LOC142986279,PF00379.30
gene-LOC142986282,PF01073.26;PF01370.28;PF02719.22;PF03015.25;PF07993.19
gene-LOC142986285,PF00561.27;PF22990.2
gene-LOC142986287,PF00135.35;PF07859.20;PF20434.6
gene-LOC142986291,PF00104.36;PF00105.25
gene-LOC142986292,PF00656.28
gene-LOC142986305,PF01699.30
gene-LOC142986308,PF01699.30
gene-LOC142986310,PF00056.30;PF02866.24
gene-LOC142986311,PF10545.16
gene-LOC142986313,PF00169.36
gene-LOC142986315,PF00036.39;PF13202.13;PF13405.13;PF13499.13;PF13833.13;PF23564.2
gene-LOC142986320,PF00089.33
gene-LOC142986323,PF01400.32
gene-LOC142986325,PF00085.27;PF00462.31;PF00578.28;PF04756.20;PF08534.17;PF13098.14;PF13728.13;PF13848.13;PF13899.13;PF13905.13;PF14595.13;PF20207.5;PF26958.1;PF26959.1
gene-LOC142986327,PF10300.16
gene-LOC142986329,PF00535.33;PF00652.29;PF02709.21
gene-LOC142986331,PF00023.37;PF00520.38;PF08344.17;PF12796.14;PF13606.13;PF13637.13;PF23317.2
gene-LOC142986336,PF03360.22
gene-LOC142986337,PF00069.32;PF00754.32;PF07714.24;PF21114.4
gene-LOC142986339,PF00078.33
gene-LOC142986341,PF00097.32;PF00240.30;PF00628.36;PF02182.24;PF12148.15;PF13445.13;PF13920.13
gene-LOC142986343,PF00515.35;PF07719.24;PF12569.15;PF13174.13;PF13176.13;PF13181.13;PF13371.13;PF13374.13;PF13414.13;PF13424.13;PF13428.13;PF13431.13;PF13432.13;PF13844.13;PF14559.13;PF17874.8;PF20308.5;PF21033.5;PF23241.2;PF23914.2;PF24575.2;PF24885.2
gene-LOC142986344,PF00702.33;PF13242.13;PF13419.13
gene-LOC142986346,PF00096.33;PF13465.13
gene-LOC142986349,PF00078.33
gene-LOC142986356,PF00089.33
gene-LOC142986359,PF00209.25
gene-LOC142986360,PF13229.13
gene-LOC142986363,PF03260.20
gene-LOC142986365,PF00328.28
gene-LOC142986367,PF00109.33;PF00698.27;PF02801.29;PF13602.13;PF16197.12
gene-LOC142986373,PF00650.26;PF28528.1
gene-LOC142986374,PF27797.1
gene-LOC142986375,PF00060.33;PF00497.26;PF01094.35;PF10613.15
gene-LOC142986377,PF00324.28;PF13520.13;PF13906.13
gene-LOC142986378,PF00561.27;PF04083.23;PF12146.16
gene-LOC142986381,PF01510.31
gene-LOC142986383,PF00027.36;PF00520.38;PF16526.11
gene-LOC142986384,PF01400.32
gene-LOC142986385,PF00250.25
gene-LOC142986388,PF14924.13
gene-LOC142986389,PF25877.1
gene-LOC142986390,PF00089.33
gene-LOC142986394,PF00621.26
gene-LOC142986395,PF03103.23
gene-LOC142986396,PF15860.12
gene-LOC142986398,PF10601.15
gene-LOC142986399,PF13864.12
gene-LOC142986401,PF00355.33;PF02921.20
gene-LOC142986403,PF16086.11
gene-LOC142986406,PF00089.33
gene-LOC142986409,PF00856.34;PF01753.25
gene-LOC142986410,PF13091.13
gene-LOC142986411,PF00059.28
gene-LOC142986413,PF00047.32;PF07654.22;PF07679.23;PF08205.19;PF13895.13;PF13927.13;PF22971.3
gene-LOC142986417,PF05620.17
gene-LOC142986419,PF00481.27
gene-LOC142986421,PF00617.25;PF00618.26
gene-LOC142986422,PF01073.26;PF01370.28;PF02719.22;PF03015.25;PF07993.19
gene-LOC142986424,PF10961.14
gene-LOC142986425,PF00561.27;PF04083.23
gene-LOC142986432,PF00231.25
gene-LOC142986434,PF18382.9;PF18701.7
gene-LOC142986435,PF00025.28;PF00503.27
gene-LOC142986437,PF00096.33;PF13465.13
gene-LOC142986439,PF10545.16
gene-LOC142986440,PF00018.35;PF00041.28;PF00047.32;PF06832.19;PF07654.22;PF07679.23;PF07686.24;PF08204.18;PF08205.19;PF11465.15;PF13895.13;PF13927.13;PF14604.13;PF16680.12;PF17736.8;PF18452.8;PF22705.3;PF22854.3;PF22971.3;PF24518.2;PF25059.2;PF25305.2;PF28321.1
gene-LOC142986441,PF00089.33;PF13365.13
gene-LOC142986448,PF00105.25
gene-LOC142986449,PF27756.1
gene-LOC142986452,PF16086.11
gene-LOC142986453,PF26080.1
gene-LOC142986454,PF10545.16;PF13837.13;PF13873.13
gene-LOC142986458,PF00561.27;PF04083.23;PF12146.16
gene-LOC142986459,PF00037.33;PF12838.13;PF13187.12;PF13237.12;PF13484.12;PF14697.12
gene-LOC142986464,PF00004.36;PF27107.1
gene-LOC142986467,PF00014.29
gene-LOC142986474,PF00665.33;PF12259.14;PF18701.7
gene-LOC142986477,PF00431.27;PF26080.1
gene-LOC142986480,PF00017.31;PF00102.33
gene-LOC142986481,PF00071.29;PF08477.20
gene-LOC142986482,PF04884.21;PF24160.2
gene-LOC142986483,PF00168.37;PF08150.18;PF08151.18;PF16165.11;PF22901.3
gene-LOC142986486,PF00096.33;PF13465.13;PF13894.13;PF13909.13;PF23611.2
gene-LOC142986489,PF00622.37
gene-LOC142986491,PF04193.20
gene-LOC142986494,PF05577.19
gene-LOC142986498,PF00089.33
gene-LOC142986503,PF01753.25;PF24324.2
gene-LOC142986506,PF00153.33
gene-LOC142986508,PF00035.33;PF14709.14
gene-LOC142986509,PF06809.16
gene-LOC142986511,PF05978.23
gene-LOC142986514,PF07766.20
gene-LOC142986515,PF00561.27;PF04083.23;PF12146.16
gene-LOC142986518,PF00233.26;PF01590.33;PF13185.13;PF13492.13
gene-LOC142986519,PF01187.24
gene-LOC142986524,PF00199.25
gene-LOC142986528,PF01920.26
gene-LOC142986532,PF00083.31;PF07690.22
gene-LOC142986533,PF05699.20
gene-LOC142986537,PF00022.26
gene-LOC142986539,PF00096.33;PF07776.22;PF13465.13;PF13894.13;PF13912.13;PF23561.2
gene-LOC142986541,PF00091.32;PF03953.23
gene-LOC142986544,PF00248.28
gene-LOC142986546,PF00096.33;PF13465.13;PF13894.13;PF13912.13;PF23118.3
gene-LOC142986548,PF13162.11
gene-LOC142986551,PF01636.30;PF02958.27;PF07914.18
gene-LOC142986552,PF00001.27;PF10320.16
gene-LOC142986558,PF01597.26
gene-LOC142986562,PF00002.30
gene-LOC142986563,PF00106.32;PF01370.28;PF08659.17;PF13561.13
gene-LOC142986568,PF00052.25;PF00053.31;PF00055.24;PF24973.2
gene-LOC142986569,PF23055.2
gene-LOC142986575,PF00656.28
gene-LOC142986576,PF01490.25
gene-LOC142986579,PF00060.33;PF00497.26;PF01094.35;PF10613.15
gene-LOC142986581,PF00561.27;PF05577.19
gene-LOC142986583,PF00089.33
gene-LOC142986585,PF00153.33
gene-LOC142986588,PF05434.17
gene-LOC142986591,PF03564.22
gene-LOC142986592,PF00005.34;PF00664.29;PF02463.26;PF03193.23;PF06414.19;PF07728.21;PF09818.16;PF13175.13;PF13191.13;PF13304.13;PF13401.13;PF13521.13;PF13555.13;PF13604.13
gene-LOC142986595,PF05676.19
gene-LOC142986596,PF00250.25
gene-LOC142986597,PF23055.2
gene-LOC142986598,PF00561.27;PF04083.23;PF12146.16;PF12697.14
gene-LOC142986602,PF02230.23;PF07859.20
gene-LOC142986603,PF05301.19
gene-LOC142986608,PF00047.32;PF07679.23;PF07686.24;PF08205.19;PF13895.13;PF13927.13
gene-LOC142986609,PF00128.32
gene-LOC142986613,PF01145.32
gene-LOC142986616,PF00287.25
gene-LOC142986617,PF07690.22
gene-LOC142986619,PF10545.16
gene-LOC142986620,PF00014.29
gene-LOC142986624,PF14945.13
gene-LOC142986625,PF00104.36
gene-LOC142986626,PF23055.2
gene-LOC142986629,PF00078.33
gene-LOC142986634,PF10545.16
gene-LOC142986638,PF05920.18
gene-LOC142986639,PF00001.27;PF10320.16;PF13853.13
gene-LOC142986651,PF12309.14
gene-LOC142986652,PF13499.13;PF13833.13
gene-LOC142986653,PF00675.26;PF05193.27
gene-LOC142986654,PF00120.30;PF03951.25
gene-LOC142986655,PF00083.31;PF07690.22
gene-LOC142986657,PF05517.19
gene-LOC142986660,PF00056.30;PF02866.24
gene-LOC142986661,PF00147.24
gene-LOC142986663,PF01074.29;PF07748.20;PF09261.17
gene-LOC142986664,PF00096.33;PF12171.15;PF12756.14;PF12874.14;PF13465.13;PF13894.13;PF13912.13
gene-LOC142986665,PF06825.18
gene-LOC142986668,PF00406.30;PF13207.13
gene-LOC142986671,PF00188.33
gene-LOC142986675,PF00406.30;PF13207.13;PF13238.13
gene-LOC142986676,PF00240.30;PF11976.15;PF12057.14
gene-LOC142986677,PF00010.32;PF00113.29;PF03952.22
gene-LOC142986678,PF01496.25
gene-LOC142986680,PF04750.20
gene-LOC142986685,PF01074.29;PF07748.20;PF09261.17
gene-LOC142986686,PF00168.37;PF08150.18;PF08151.18;PF22901.3
gene-LOC142986690,PF00046.36
gene-LOC142986693,PF00209.25
gene-LOC142986696,PF00389.37;PF02826.26
gene-LOC142986697,PF22964.3;PF25013.1
gene-LOC142986698,PF02944.26;PF10545.16
gene-LOC142986700,PF00858.30
gene-LOC142986704,PF00852.27;PF17039.11
gene-LOC142986705,PF01569.28
gene-LOC142986707,PF00069.32;PF07714.24
gene-LOC142986709,PF00076.29
gene-LOC142986714,PF01105.30
gene-LOC142986717,PF00090.26;PF02210.32;PF19028.7;PF22195.3
gene-LOC142986718,PF00004.36;PF03028.22;PF07728.21;PF08385.18;PF08393.19;PF12774.14;PF12775.14;PF12777.12;PF12780.14;PF12781.14;PF13191.13;PF13401.13;PF17852.7;PF17857.7;PF18198.8;PF18199.7;PF22597.3;PF25007.2
gene-LOC142986719,PF03103.23
gene-LOC142986720,PF03137.27;PF07648.21;PF07690.22
gene-LOC142986722,PF00027.36
gene-LOC142986723,PF00233.26
gene-LOC142986724,PF01400.32
gene-LOC142986725,PF00400.39;PF12894.14;PF20426.5;PF21889.2;PF23098.2;PF23342.2;PF23381.2;PF23393.3;PF23409.2;PF23414.2;PF23756.2;PF24017.3;PF24105.2;PF24782.3;PF24796.2;PF24805.2;PF24807.2;PF24814.2;PF24817.2;PF25047.1;PF25168.2;PF25171.2;PF25172.2;PF25173.2;PF25174.2;PF25175.2;PF25391.2;PF25602.2
gene-LOC142986726,PF10545.16
gene-LOC142986727,PF13559.12;PF16701.11;PF16847.11;PF18672.8;PF19252.5
gene-LOC142986732,PF08541.17;PF12939.14;PF16701.11;PF16847.11;PF18672.8;PF19252.5
gene-LOC142986737,PF00107.33;PF00109.33;PF00698.27;PF02801.29;PF16197.12
gene-LOC142986740,PF01490.25
gene-LOC142986741,PF00561.27;PF12146.16
gene-LOC142986743,PF00415.25;PF13540.13;PF25384.2;PF25390.2
gene-LOC142986745,PF00083.31;PF07690.22
gene-LOC142986748,PF00561.27;PF04083.23;PF12146.16
gene-LOC142986749,PF00675.26;PF05193.27
gene-LOC142986750,PF12799.14;PF13855.13;PF14580.13
gene-LOC142986753,PF00650.26;PF28528.1
gene-LOC142986756,PF05517.19
gene-LOC142986758,PF15813.11
gene-LOC142986766,PF03372.30
gene-LOC142986768,PF00035.33
gene-LOC142986769,PF05071.22
gene-LOC142986770,PF00224.28;PF02887.22
gene-LOC142986774,PF00005.34;PF02463.26;PF12848.14;PF13304.13;PF13555.13
gene-LOC142986776,PF01490.25
gene-LOC142986779,PF03131.23
gene-LOC142986780,PF00047.32;PF00560.40;PF03098.21;PF07354.19;PF07679.23;PF07686.24;PF08204.18;PF08205.19;PF12799.14;PF13306.13;PF13855.13;PF13895.13;PF13927.13;PF14580.13;PF16680.12;PF16681.12;PF17736.8;PF22854.3;PF22971.3;PF23598.2;PF25305.2
gene-LOC142986781,PF03061.29;PF22636.3
gene-LOC142986783,PF25085.2
gene-LOC142986786,PF00047.32;PF07679.23;PF13927.13
gene-LOC142986789,PF04627.19
gene-LOC142986790,PF05236.21;PF07531.20
gene-LOC142986792,PF00641.24;PF08604.16
gene-LOC142986797,PF00014.29
gene-LOC142986798,PF00047.32;PF00052.25;PF00053.31;PF00054.31;PF00057.24;PF02210.32;PF07679.23;PF07686.24;PF13895.13;PF13927.13;PF22971.3;PF24973.2;PF26428.1
gene-LOC142986834,PF15780.12;PF22073.3;PF22544.3;PF24507.2;PF24529.2;PF24798.3
gene-LOC142986840,PF06090.19
gene-LOC142986867,PF00346.25
gene-LOC142986899,PF00335.27
gene-LOC142986912,PF02270.23;PF17683.7
gene-LOC142986960,PF00089.33
gene-LOC142986969,PF03564.22;PF05380.19;PF18701.7
gene-LOC142986970,PF00538.26
gene-LOC142986971,PF00538.26
gene-LOC142986972,PF00125.31
gene-LOC142986973,PF00089.33
gene-LOC142986974,PF00125.31
gene-LOC142986975,PF00125.31;PF16211.11
gene-LOC142986976,PF00125.31;PF16211.11
gene-LOC142986977,PF00125.31;PF26281.1
gene-LOC142986978,PF00125.31;PF26281.1
gene-LOC142986979,PF15511.13
gene-LOC142986980,PF15511.13
gene-LOC142986981,PF15511.13
gene-LOC142986982,PF00538.26
gene-LOC142986983,PF00538.26
gene-LOC142986984,PF00538.26
gene-LOC142986985,PF00125.31
gene-LOC142986986,PF00125.31
gene-LOC142986987,PF00125.31
gene-LOC142986988,PF00125.31;PF16211.11
gene-LOC142986989,PF00125.31;PF16211.11
gene-LOC142986990,PF00125.31;PF16211.11
gene-LOC142986991,PF00125.31;PF26281.1
gene-LOC142986992,PF00125.31;PF26281.1
gene-LOC142986993,PF00125.31;PF26281.1
gene-LOC142986994,PF15511.13
gene-LOC142986995,PF15511.13
gene-LOC142986998,PF00125.31
gene-LOC142986999,PF03564.22;PF05380.19;PF18701.7
gene-LOC142987001,PF00538.26
gene-LOC142987002,PF00538.26
gene-LOC142987003,PF00538.26
gene-LOC142987004,PF00538.26
gene-LOC142987005,PF00538.26
gene-LOC142987006,PF00538.26
gene-LOC142987007,PF00538.26
gene-LOC142987009,PF00538.26
gene-LOC142987010,PF00538.26
gene-LOC142987011,PF00125.31
gene-LOC142987012,PF00125.31
gene-LOC142987013,PF00125.31
gene-LOC142987014,PF00125.31
gene-LOC142987015,PF00125.31
gene-LOC142987016,PF00125.31
gene-LOC142987017,PF00125.31
gene-LOC142987018,PF00125.31
gene-LOC142987019,PF00125.31
gene-LOC142987020,PF00125.31
gene-LOC142987021,PF00125.31;PF16211.11
gene-LOC142987022,PF00125.31;PF16211.11
gene-LOC142987023,PF00125.31;PF26281.1
gene-LOC142987024,PF00125.31;PF26281.1
gene-LOC142987025,PF00125.31;PF16211.11
gene-LOC142987026,PF00515.35;PF07719.24
gene-LOC142987027,PF00125.31;PF16211.11
gene-LOC142987028,PF00125.31;PF16211.11
gene-LOC142987029,PF00125.31;PF16211.11
gene-LOC142987030,PF00125.31;PF16211.11
gene-LOC142987031,PF00125.31;PF16211.11
gene-LOC142987032,PF00125.31;PF16211.11
gene-LOC142987033,PF00125.31;PF16211.11
gene-LOC142987034,PF00125.31;PF26281.1
gene-LOC142987035,PF00125.31;PF26281.1
gene-LOC142987036,PF00125.31;PF26281.1
gene-LOC142987038,PF00125.31;PF26281.1
gene-LOC142987039,PF00125.31;PF26281.1
gene-LOC142987040,PF00125.31;PF26281.1
gene-LOC142987041,PF00125.31;PF26281.1
gene-LOC142987042,PF00125.31;PF26281.1
gene-LOC142987043,PF15511.13
gene-LOC142987044,PF15511.13
gene-LOC142987045,PF15511.13
gene-LOC142987046,PF15511.13
gene-LOC142987047,PF15511.13
gene-LOC142987049,PF15511.13
gene-LOC142987050,PF15511.13
gene-LOC142987051,PF15511.13
gene-LOC142987052,PF15511.13
gene-LOC142987053,PF15511.13
gene-LOC142987054,PF00400.39;PF08953.18;PF12894.14;PF16300.12;PF23381.2;PF23414.2;PF23609.2;PF23775.2;PF24105.2;PF24796.2;PF24805.2;PF24807.2;PF24814.2;PF24817.2;PF25047.1;PF25168.2;PF25171.2;PF25172.2;PF25173.2;PF25174.2;PF25175.2;PF25391.2;PF25460.2;PF26550.2
gene-LOC142987061,PF01182.27
gene-LOC142987070,PF00361.26
gene-LOC142987072,PF00089.33
gene-LOC142987073,PF00089.33
gene-LOC142987074,PF00089.33
gene-LOC142987075,PF00089.33
gene-LOC142987076,PF00089.33
gene-LOC142987079,PF00379.30
gene-LOC142987080,PF00379.30
gene-LOC142987081,PF00379.30
gene-LOC142987084,PF00505.26;PF09011.17
gene-LOC142987088,PF25828.1
gene-LOC142987089,PF02545.20
gene-LOC142987094,PF00089.33;PF13365.13
gene-LOC142987095,PF00400.39;PF23381.2;PF23383.2;PF23414.2;PF24796.2;PF24807.2;PF24814.2;PF25173.2;PF25174.2;PF25175.2
gene-LOC142987096,PF23098.2;PF23381.2;PF24796.2;PF24807.2;PF25047.1;PF25173.2;PF25174.2;PF25175.2
gene-LOC142987097,PF07294.17
gene-LOC142987099,PF00027.36;PF00520.38
gene-LOC142987101,PF00406.30;PF13207.13;PF13238.13
gene-LOC142987104,PF00890.31;PF01266.31;PF01593.31;PF13450.13
gene-LOC142987106,PF00004.36;PF00097.32;PF09079.18;PF13191.13;PF13401.13;PF13923.13;PF16207.12;PF22606.3
gene-LOC142987107,PF10175.16
gene-LOC142987109,PF00890.31;PF01266.31;PF01593.31;PF13450.13
gene-LOC142987111,PF02944.26;PF10545.16
gene-LOC142987112,PF00733.28;PF13522.12;PF13537.12
gene-LOC142987113,PF00232.25
gene-LOC142987114,PF00232.25
gene-LOC142987115,PF00246.30;PF18027.7
gene-LOC142987117,PF00450.29
gene-LOC142987118,PF00112.30;PF03051.22;PF08246.18
gene-LOC142987119,PF00112.30;PF03051.22;PF08246.18;PF18164.8
gene-LOC142987120,PF00112.30;PF08246.18
gene-LOC142987122,PF00179.32
gene-LOC142987123,PF00112.30;PF08246.18
gene-LOC142987128,PF00135.35;PF07859.20;PF20434.6
gene-LOC142987129,PF00135.35;PF07859.20
gene-LOC142987131,PF00106.32;PF01370.28;PF08659.17;PF13561.13
gene-LOC142987137,PF01284.29
gene-LOC142987140,PF01284.29
gene-LOC142987142,PF01344.32
gene-LOC142987144,PF00085.27;PF15928.11
gene-LOC142987146,PF00128.32
gene-LOC142987147,PF00128.32
gene-LOC142987152,PF00135.35;PF07859.20;PF20434.6
gene-LOC142987153,PF01299.24;PF21222.3
gene-LOC142987155,PF00287.25
gene-LOC142987156,PF00287.25
gene-LOC142987157,PF00287.25
gene-LOC142987158,PF00287.25
gene-LOC142987162,PF02515.23;PF07491.17
gene-LOC142987164,PF00106.32;PF01370.28;PF08659.17;PF13561.13
gene-LOC142987167,PF21289.4
gene-LOC142987168,PF00036.39;PF00404.25;PF13202.13;PF13405.13;PF13499.13;PF13833.13
gene-LOC142987171,PF25298.2
gene-LOC142987172,PF04900.19
gene-LOC142987173,PF05839.17
gene-LOC142987176,PF05005.21
gene-LOC142987178,PF00400.39;PF23381.2;PF23414.2;PF24782.3;PF24807.2;PF24814.2;PF24817.2;PF25173.2;PF25174.2;PF25175.2
gene-LOC142987180,PF00651.38;PF07707.22
gene-LOC142987181,PF00385.31;PF01393.27
gene-LOC142987184,PF02469.28
gene-LOC142987185,PF00069.32;PF07714.24;PF22949.2
gene-LOC142987186,PF07738.20
gene-LOC142987187,PF01564.24;PF08241.19;PF08242.19;PF13649.13;PF13847.13
gene-LOC142987188,PF00036.39;PF13405.13;PF13499.13;PF13833.13
gene-LOC142987189,PF04756.20
gene-LOC142987190,PF00406.30;PF13207.13;PF13671.13
gene-LOC142987191,PF10343.15
gene-LOC142987192,PF00406.30;PF13207.13
gene-LOC142987194,PF00630.26;PF00643.30;PF13445.13;PF22586.2
gene-LOC142987202,PF00633.30;PF03934.20;PF12836.14;PF14579.13
gene-LOC142987209,PF00656.28
gene-LOC142987210,PF00656.28
gene-LOC142987211,PF00849.28
gene-LOC142987219,PF00069.32;PF07714.24
gene-LOC142987222,PF00753.34;PF12706.14;PF17778.8;PF19583.6;PF23023.2
gene-LOC142987226,PF00046.36
gene-LOC142987232,PF01400.32
gene-LOC142987235,PF00651.38
gene-LOC142987237,PF00561.27;PF04083.23;PF12146.16
gene-LOC142987238,PF00560.40;PF12799.14;PF13306.13;PF13516.13;PF13855.13;PF14580.13;PF23598.2;PF23952.2
gene-LOC142987240,PF00362.25;PF08725.17;PF18372.8;PF23105.2;PF24909.1;PF25024.1
gene-LOC142987241,PF00362.25;PF07974.20;PF08725.17;PF23105.2
gene-LOC142987242,PF18372.8
gene-LOC142987243,PF00069.32;PF03109.23;PF07714.24;PF20929.3
gene-LOC142987244,PF03133.21
gene-LOC142987246,PF00005.34;PF01061.30;PF13304.13;PF19055.7
gene-LOC142987248,PF00515.35;PF07719.24;PF13181.13;PF13371.13;PF13414.13;PF13424.13;PF13428.13;PF13431.13;PF14559.13
gene-LOC142987249,PF18017.9
gene-LOC142987250,PF04193.20
gene-LOC142987254,PF00254.35
gene-LOC142987256,PF00063.28;PF00373.24;PF00784.23;PF02174.24;PF09379.17;PF21989.3;PF21998.3;PF24123.2;PF24522.2
gene-LOC142987259,PF01725.22
gene-LOC142987262,PF00122.26;PF00702.33;PF13246.13;PF23143.2
gene-LOC142987264,PF06244.19;PF22048.2
gene-LOC142987265,PF04104.20;PF26466.1
gene-LOC142987267,PF00412.29
gene-LOC142987268,PF00474.24
gene-LOC142987269,PF00209.25
gene-LOC142987274,PF10253.15
gene-LOC142987275,PF09346.16
gene-LOC142987276,PF00270.36;PF00271.38;PF04851.22
gene-LOC142987284,PF16044.12;PF22795.2
gene-LOC142987286,PF00096.33
gene-LOC142987290,PF00578.28;PF01436.28;PF13905.13
gene-LOC142987293,PF00481.27
gene-LOC142987295,PF00328.28
gene-LOC142987296,PF00328.28
gene-LOC142987297,PF00069.32;PF07714.24
gene-LOC142987298,PF09815.15
gene-LOC142987300,PF00268.28
gene-LOC142987302,PF00326.28;PF00930.28;PF20434.6
gene-LOC142987303,PF00326.28;PF00930.28
gene-LOC142987305,PF03615.22
gene-LOC142987307,PF00675.26;PF05193.27
gene-LOC142987311,PF00501.35;PF13193.13
gene-LOC142987312,PF00501.35
gene-LOC142987315,PF00268.28
gene-LOC142987317,PF00621.26;PF22697.3
gene-LOC142987319,PF00650.26;PF28528.1
gene-LOC142987320,PF00650.26;PF28528.1
gene-LOC142987321,PF00650.26;PF28528.1
gene-LOC142987323,PF05605.19;PF12756.14;PF19817.5
gene-LOC142987329,PF00076.29;PF00642.31
gene-LOC142987331,PF01569.28
gene-LOC142987337,PF11414.14;PF25825.2
gene-LOC142987338,PF14800.12
gene-LOC142987340,PF00686.26;PF03009.24;PF25329.2
gene-LOC142987341,PF00642.31;PF08711.17;PF18345.8
gene-LOC142987345,PF01956.22
gene-LOC142987346,PF00135.35
gene-LOC142987348,PF00999.27
gene-LOC142987351,PF00999.27
gene-LOC142987356,PF06916.19
gene-LOC142987358,PF08547.19
gene-LOC142987359,PF03372.30;PF21171.3
gene-LOC142987369,PF07970.18;PF13850.12
gene-LOC142987371,PF10247.15
gene-LOC142987375,PF03670.18
gene-LOC142987380,PF00176.30;PF00270.36;PF00271.38;PF00385.31;PF04851.22;PF07533.22;PF23078.3;PF23588.3
gene-LOC142987381,PF15070.12
gene-LOC142987385,PF04641.19
gene-LOC142987387,PF05891.19;PF08242.19
gene-LOC142987390,PF00400.39;PF23098.2;PF23381.2;PF23389.2;PF23393.3;PF23409.2;PF23414.2;PF24782.3;PF24796.2;PF24805.2;PF24807.2;PF24814.2;PF24817.2;PF25047.1;PF25168.2;PF25171.2;PF25172.2;PF25173.2;PF25174.2;PF25175.2
gene-LOC142987394,PF00076.29;PF27577.1
gene-LOC142987395,PF00096.33;PF12171.15;PF13465.13;PF13894.13;PF16278.12;PF22995.3
gene-LOC142987398,PF15004.12
gene-LOC142987401,PF02312.23
gene-LOC142987403,PF00400.39;PF08662.18;PF12894.14;PF13925.12;PF20426.5;PF23098.2;PF23341.2;PF23342.2;PF23381.2;PF23383.2;PF23389.2;PF23393.3;PF23409.2;PF23410.5;PF23411.2;PF23414.2;PF23609.2;PF23754.2;PF23756.2;PF23761.2;PF23775.2;PF23798.2;PF23869.2;PF24017.3;PF24105.2;PF24780.2;PF24782.3;PF24796.2;PF24805.2;PF24807.2;PF24814.2;PF24817.2;PF25047.1;PF25048.2;PF25168.2;PF25171.2;PF25172.2;PF25173.2;PF25174.2;PF25175.2;PF25178.1;PF25391.2;PF25460.2
gene-LOC142987404,PF00179.32
gene-LOC142987405,PF14956.12
gene-LOC142987406,PF08159.18;PF23097.2;PF23098.2;PF23381.2;PF23748.2;PF24796.2;PF24807.2;PF24814.2;PF25171.2;PF25173.2;PF25174.2
gene-LOC142987410,PF16037.11
gene-LOC142987412,PF06201.20
gene-LOC142987415,PF14808.12
gene-LOC142987419,PF01244.28
gene-LOC142987420,PF00595.30;PF00640.30;PF17820.8
gene-LOC142987421,PF02574.23
gene-LOC142987424,PF00023.37;PF07525.22;PF12796.14;PF13606.13;PF13637.13;PF13857.13;PF23745.2;PF24521.3
gene-LOC142987425,PF00023.37;PF12796.14;PF13606.13;PF13637.13;PF13857.13
gene-LOC142987430,PF00452.25
gene-LOC142987433,PF07773.17;PF25752.1
gene-LOC142987437,PF00207.29;PF01835.26;PF07677.21;PF07678.21;PF07703.21;PF17791.8
gene-LOC142987440,PF10163.15
gene-LOC142987446,PF01728.26;PF06859.19;PF08241.19;PF08242.19;PF13649.13;PF13679.13;PF13847.13
gene-LOC142987447,PF27797.1
gene-LOC142987449,PF11901.14
gene-LOC142987450,PF00096.33;PF12171.15;PF12874.14;PF13465.13;PF13894.13
gene-LOC142987454,PF00096.33;PF00651.38;PF13894.13
gene-LOC142987455,PF00008.34;PF00028.24;PF00054.31;PF01049.23;PF02210.32;PF08758.18;PF12661.14;PF17756.8;PF22914.3;PF23106.2;PF23592.1;PF24811.2;PF25024.1;PF25374.1;PF28399.1
gene-LOC142987457,PF25479.2;PF26034.1
gene-LOC142987459,PF00188.33;PF08562.16
gene-LOC142987462,PF03184.26;PF13358.13
gene-LOC142987463,PF00282.26
gene-LOC142987467,PF01398.27;PF18755.7
gene-LOC142987468,PF01644.24;PF03142.22;PF13632.13;PF23000.3
gene-LOC142987472,PF00571.34
gene-LOC142987476,PF00651.38
gene-LOC142987477,PF00106.32;PF08659.17;PF13561.13
gene-LOC142987478,PF00282.26
gene-LOC142987480,PF07690.22
gene-LOC142987481,PF01529.26
gene-LOC142987482,PF02493.27
gene-LOC142987483,PF00083.31;PF07690.22
gene-LOC142987494,PF07896.18
gene-LOC142987496,PF00106.32;PF13561.13
gene-LOC142987497,PF00134.29
gene-LOC142987498,PF02493.27
gene-LOC142987499,PF04000.21
gene-LOC142987500,PF15139.12
gene-LOC142987502,PF00096.33;PF12171.15;PF13465.13;PF13894.13;PF13912.13;PF22995.3
gene-LOC142987503,PF00106.32;PF08659.17;PF13561.13
gene-LOC142987505,PF16040.11;PF16041.11
gene-LOC142987507,PF00013.36;PF10469.16
gene-LOC142987512,PF00400.39;PF23381.2;PF23414.2;PF24796.2;PF24807.2;PF24814.2;PF24817.2;PF25168.2;PF25173.2;PF25174.2;PF25175.2
gene-LOC142987516,PF02338.26
gene-LOC142987517,PF00155.28
gene-LOC142987520,PF00155.28
gene-LOC142987522,PF15054.12
gene-LOC142987526,PF00400.39;PF12894.14;PF13570.14;PF16755.12;PF17005.12;PF20426.5;PF23098.2;PF23342.2;PF23381.2;PF23383.2;PF23389.2;PF23393.3;PF23409.2;PF23410.5;PF23411.2;PF23414.2;PF23756.2;PF23775.2;PF23869.2;PF24017.3;PF24105.2;PF24780.2;PF24782.3;PF24796.2;PF24797.2;PF24805.2;PF24807.2;PF24814.2;PF24817.2;PF25047.1;PF25168.2;PF25171.2;PF25172.2;PF25173.2;PF25174.2;PF25175.2;PF25178.1;PF25391.2;PF25460.2
gene-LOC142987528,PF00046.36;PF05920.18
gene-LOC142987529,PF11901.14
gene-LOC142987532,PF00868.27;PF00927.29;PF01841.26
gene-LOC142987534,PF00868.27;PF00927.29;PF01841.26
gene-LOC142987535,PF10149.15
gene-LOC142987536,PF08294.18
gene-LOC142987537,PF04193.20
gene-LOC142987539,PF00179.32
gene-LOC142987542,PF00907.28
gene-LOC142987544,PF02270.23;PF17683.7
gene-LOC142987545,PF00635.33;PF12371.15;PF15780.12;PF21310.4;PF22065.3;PF22066.3;PF22067.3;PF22073.3;PF22076.3;PF22544.3;PF23316.2;PF24291.2;PF24499.2;PF24507.2;PF24798.3;PF24816.3;PF25249.1
gene-LOC142987546,PF00566.26;PF23436.2
gene-LOC142987549,PF01027.27
gene-LOC142987550,PF01485.28;PF16678.13;PF18091.8;PF22191.3
gene-LOC142987559,PF05030.18
gene-LOC142987561,PF03137.27;PF07648.21;PF07690.22
gene-LOC142987562,PF00232.25
gene-LOC142987563,PF00630.26;PF05686.19
gene-LOC142987566,PF00723.28;PF19292.5
gene-LOC142987570,PF00004.36;PF01078.28;PF05496.19;PF06068.20;PF07728.21;PF12002.14;PF13173.13;PF16193.12
gene-LOC142987575,PF00173.34
gene-LOC142987578,PF00884.29;PF02995.23
gene-LOC142987579,PF00884.29;PF02995.23
gene-LOC142987580,PF01712.26
gene-LOC142987582,PF00149.34
gene-LOC142987583,PF00656.28
gene-LOC142987584,PF06916.19
gene-LOC142987594,PF03575.24
gene-LOC142987595,PF00856.34
gene-LOC142987597,PF00001.27
gene-LOC142987598,PF00001.27
gene-LOC142987600,PF11901.14
gene-LOC142987601,PF00059.28
gene-LOC142987602,PF00415.25;PF13540.13;PF25384.2;PF25390.2
gene-LOC142987603,PF26091.1;PF27916.1
gene-LOC142987604,PF00202.28
gene-LOC142987605,PF00447.24
gene-LOC142987607,PF00400.39;PF02138.24;PF02893.27;PF12894.14;PF13570.14;PF14844.13;PF20426.5;PF23098.2;PF23341.2;PF23381.2;PF23383.2;PF23393.3;PF23409.2;PF23411.2;PF23414.2;PF23756.2;PF23775.2;PF24782.3;PF24796.2;PF24805.2;PF24807.2;PF24814.2;PF24817.2;PF25047.1;PF25048.2;PF25168.2;PF25171.2;PF25172.2;PF25173.2;PF25174.2;PF25175.2;PF25391.2;PF25400.2
gene-LOC142987609,PF00010.32
gene-LOC142987610,PF00071.29
gene-LOC142987611,PF00650.26;PF03765.22;PF28528.1
gene-LOC142987612,PF00650.26;PF13716.12;PF28528.1
gene-LOC142987613,PF00650.26;PF28528.1
gene-LOC142987614,PF04097.21
gene-LOC142987616,PF00650.26;PF13716.12
gene-LOC142987617,PF13873.13
gene-LOC142987619,PF04597.20
gene-LOC142987622,PF00515.35;PF04049.20;PF07719.24;PF13176.13;PF13181.13;PF13414.13;PF13428.13;PF13431.13;PF13432.13;PF14559.13
gene-LOC142987625,PF06825.18
gene-LOC142987628,PF00352.28
gene-LOC142987635,PF05225.23
gene-LOC142987636,PF07778.17
gene-LOC142987637,PF03735.20
gene-LOC142987639,PF01607.30
gene-LOC142987645,PF00096.33;PF07776.22;PF12171.15;PF13465.13;PF13894.13;PF13912.13;PF23561.2
gene-LOC142987646,PF00450.29
gene-LOC142987647,PF00450.29
gene-LOC142987648,PF00450.29
gene-LOC142987649,PF00450.29
gene-LOC142987653,PF00096.33;PF05605.19;PF07776.22;PF12171.15;PF12874.14;PF13465.13;PF13894.13;PF13912.13
gene-LOC142987654,PF00096.33;PF13465.13
gene-LOC142987655,PF03632.22
gene-LOC142987656,PF03567.21
gene-LOC142987657,PF00128.32
gene-LOC142987658,PF00128.32
gene-LOC142987660,PF00128.32
gene-LOC142987662,PF01756.25;PF02770.25;PF14749.12;PF22924.2
gene-LOC142987665,PF00379.30
gene-LOC142987667,PF00379.30
gene-LOC142987668,PF00379.30
gene-LOC142987669,PF00379.30
gene-LOC142987670,PF00379.30
gene-LOC142987671,PF00379.30
gene-LOC142987672,PF00379.30
gene-LOC142987674,PF00379.30
gene-LOC142987675,PF00379.30
gene-LOC142987676,PF00379.30
gene-LOC142987677,PF11901.14
gene-LOC142987678,PF01756.25;PF02770.25;PF14749.12;PF22924.2
gene-LOC142987679,PF00096.33;PF00651.38;PF02892.22;PF05605.19;PF13894.13
gene-LOC142987680,PF00355.33;PF02921.20;PF09165.16
gene-LOC142987683,PF18036.9
gene-LOC142987685,PF02953.21
gene-LOC142987687,PF01756.25;PF02770.25;PF14749.12;PF22924.2
gene-LOC142987688,PF01756.25;PF02770.25;PF14749.12;PF22924.2
gene-LOC142987689,PF00096.33;PF07776.22;PF12171.15;PF13465.13;PF13894.13
gene-LOC142987691,PF00560.40;PF12799.14;PF13306.13;PF13855.13;PF14580.13;PF23598.2
gene-LOC142987693,PF16012.11
gene-LOC142987694,PF01756.25;PF14749.12;PF22924.2
gene-LOC142987697,PF00112.30;PF08246.18
gene-LOC142987698,PF00112.30;PF08246.18
gene-LOC142987699,PF00112.30;PF08246.18
gene-LOC142987700,PF00505.26;PF09011.17
gene-LOC142987703,PF27638.1
gene-LOC142987705,PF06423.19
gene-LOC142987707,PF01607.30
gene-LOC142987709,PF00566.26
gene-LOC142987710,PF02450.22;PF07819.20
gene-LOC142987711,PF20413.5;PF21678.4;PF25039.1;PF25040.2
gene-LOC142987712,PF20413.5;PF21678.4
gene-LOC142987713,PF00561.27;PF04083.23
gene-LOC142987717,PF00149.34
gene-LOC142987718,PF02902.26
gene-LOC142987720,PF00625.28;PF12052.14
gene-LOC142987721,PF04568.18
gene-LOC142987725,PF00005.34;PF01061.30;PF19055.7
gene-LOC142987727,PF04089.20
gene-LOC142987728,PF13879.12
gene-LOC142987730,PF01019.28
gene-LOC142987732,PF00069.32;PF01094.35;PF07714.24
gene-LOC142987735,PF00128.32
gene-LOC142987750,PF00079.26
gene-LOC142987795,PF00083.31;PF07690.22
gene-LOC142987803,PF02949.26
gene-LOC142987804,PF01582.26;PF13676.12;PF13855.13
gene-LOC142987805,PF00036.39;PF12763.14;PF13202.13;PF13405.13;PF13499.13;PF13833.13;PF14658.13;PF20742.4;PF21008.4
gene-LOC142987806,PF11326.14
gene-LOC142987809,PF00047.32;PF07679.23;PF07686.24;PF13895.13;PF13927.13
gene-LOC142987810,PF01839.30;PF20805.4
gene-LOC142987813,PF06110.18
gene-LOC142987817,PF00560.40;PF13516.13;PF27087.1
gene-LOC142987818,PF00153.33
gene-LOC142987819,PF00560.40;PF13516.13;PF27087.1
gene-LOC142987821,PF00050.27;PF07648.21
gene-LOC142987822,PF02434.23
gene-LOC142987823,PF00173.34
gene-LOC142987826,PF00096.33;PF05605.19;PF12171.15;PF13465.13;PF13894.13
gene-LOC142987828,PF15882.11
gene-LOC142987829,PF03645.19
gene-LOC142987832,PF00560.40;PF12799.14;PF13516.13;PF27087.1
gene-LOC142987839,PF00106.32;PF01370.28;PF02719.22;PF08659.17;PF13561.13
gene-LOC142987840,PF00487.31
gene-LOC142987842,PF00487.31
gene-LOC142987843,PF00487.31
gene-LOC142987844,PF00487.31
gene-LOC142987845,PF00487.31
gene-LOC142987846,PF00487.31
gene-LOC142987848,PF00487.31
gene-LOC142987849,PF00400.39;PF23381.2;PF23410.5;PF23414.2;PF24807.2;PF24814.2;PF24817.2;PF25173.2;PF25174.2;PF25175.2
gene-LOC142987851,PF25298.2
gene-LOC142987853,PF00059.28
gene-LOC142987854,PF02949.26
gene-LOC142987855,PF02949.26
gene-LOC142987856,PF13855.13
gene-LOC142987857,PF00151.26
gene-LOC142987858,PF15925.11
gene-LOC142987859,PF00685.34;PF13469.13
gene-LOC142987860,PF00685.34;PF13469.13
gene-LOC142987861,PF00685.34;PF13469.13
gene-LOC142987864,PF00665.33;PF05380.19;PF18701.7
gene-LOC142987865,PF00043.31;PF02798.27;PF10568.16;PF13409.13;PF13410.12;PF13417.13;PF14497.12;PF17172.11;PF22041.2
gene-LOC142987866,PF14924.13;PF16003.11
gene-LOC142987868,PF25298.2
gene-LOC142987869,PF00230.26
gene-LOC142987876,PF00098.29
gene-LOC142987878,PF01694.29
gene-LOC142987879,PF00093.25;PF23334.2
gene-LOC142987881,PF00093.25;PF23334.2
gene-LOC142987883,PF13920.13;PF22968.3;PF23632.1
gene-LOC142987884,PF01166.24
gene-LOC142987885,PF08925.17
gene-LOC142987887,PF10507.15
gene-LOC142987891,PF08806.18
gene-LOC142987894,PF01135.26
gene-LOC142987896,PF00097.32;PF13445.13;PF13639.13;PF13920.13;PF13923.13;PF14634.13;PF24921.2
gene-LOC142987899,PF01018.29;PF01926.30;PF02421.25
gene-LOC142987902,PF07690.22;PF12832.14
gene-LOC142987904,PF00531.29;PF13676.12
gene-LOC142987905,PF00531.29
gene-LOC142987907,PF00400.39;PF12894.14;PF20426.5;PF23381.2;PF23393.3;PF23414.2;PF23609.2;PF23775.2;PF23869.2;PF24105.2;PF24780.2;PF24782.3;PF24796.2;PF24805.2;PF24807.2;PF24814.2;PF24817.2;PF25047.1;PF25168.2;PF25172.2;PF25173.2;PF25174.2;PF25175.2;PF25178.1;PF25391.2
gene-LOC142987908,PF00531.29
gene-LOC142987909,PF00829.27
gene-LOC142987910,PF00061.30;PF08212.19
gene-LOC142987911,PF00270.36;PF04851.22;PF06733.22;PF13307.13;PF23109.2;PF23116.3
gene-LPCAT,PF01553.27
gene-LRP1,PF00057.24;PF00058.24;PF07645.22;PF08450.19;PF12662.14;PF14670.13;PF16472.13;PF24684.2
gene-LRR,PF00560.40;PF12799.14;PF13516.13;PF16000.11;PF17888.8;PF27087.1
gene-LSm1,PF01423.29
gene-LSm3,PF01423.29
gene-LSm7,PF01423.29
gene-LTV1,PF04180.20
gene-La,PF05383.24;PF08777.18
gene-Lac,PF00047.32;PF07679.23;PF07686.24;PF08205.19;PF13895.13;PF13927.13;PF22705.3;PF22971.3
gene-Lamtor2,PF03259.24
gene-Lamtor3,PF08923.17
gene-Lamtor5,PF16672.12
gene-LanA,PF00052.25;PF00053.31;PF00054.31;PF00055.24;PF02210.32;PF06009.20;PF13385.14;PF24973.2
gene-Lap1,PF00560.40;PF12799.14;PF13855.13;PF23211.1;PF23286.1;PF23598.2;PF25019.1
gene-Larp7,PF00076.29;PF05383.24;PF08777.18
gene-Las,PF04055.28;PF16881.11
gene-Lcch3,PF02931.29;PF02932.22
gene-Ldlr,PF00008.34;PF00058.24;PF06119.20;PF07474.18;PF07645.22;PF12662.14;PF12947.14
gene-Letm1,PF07766.20;PF26561.1
gene-LeuRS,PF00133.29;PF01406.26;PF08264.20;PF09334.18;PF22947.3;PF24810.2
gene-LeuRS-m,PF00133.29;PF08264.20;PF09334.18;PF13603.13
gene-Lgr1,PF00001.27;PF13855.13
gene-Lim1,PF00046.36;PF00412.29
gene-Lim3,PF00046.36;PF00412.29
gene-Liprin-alpha,PF00536.38;PF07647.25;PF25526.2
gene-Liprin-beta,PF00536.38;PF07647.25;PF26022.1
gene-Liprin-gamma,PF00536.38;PF07647.25;PF25986.1
gene-Lipt1,PF21948.2
gene-Lipt2,PF21948.2
gene-Lis-1,PF00400.39;PF12894.14;PF13570.14;PF23381.2;PF23393.3;PF23409.2;PF23414.2;PF23761.2;PF24105.2;PF24782.3;PF24796.2;PF24805.2;PF24807.2;PF24814.2;PF24817.2;PF25047.1;PF25168.2;PF25171.2;PF25172.2;PF25173.2;PF25174.2;PF25175.2;PF25178.1;PF25391.2
gene-Lk6,PF00069.32;PF07714.24
gene-Lkb1,PF00069.32;PF03109.23;PF07714.24;PF14531.13
gene-Llp1,PF00062.26
gene-Lmpt,PF00412.29;PF25076.2
gene-Lmx1a,PF00046.36;PF00412.29
gene-Lnk,PF00017.31;PF00169.36;PF08916.17
gene-Lnpk,PF10058.15
gene-Lon,PF00004.36;PF02190.23;PF05362.20;PF07724.21;PF07728.21;PF13541.13;PF22667.3
gene-Loqs,PF00035.33;PF14709.14;PF20932.4
gene-Loxl2,PF00530.24;PF01186.23;PF15494.12
gene-LpR1,PF00057.24;PF00058.24;PF07645.22;PF12662.14;PF14670.13;PF16472.13
gene-Lpin,PF04571.20;PF08235.20;PF09949.16;PF16876.11;PF24694.2
gene-Lrch,PF00307.37;PF00560.40;PF12799.14;PF13855.13;PF23598.2
gene-Lrpl,PF00057.24;PF00431.27;PF25090.1
gene-Lrrk,PF00023.37;PF00069.32;PF00560.40;PF07714.24;PF08477.20;PF12796.14;PF12799.14;PF13606.13;PF13637.13;PF13855.13;PF13857.13;PF16095.12;PF23748.2
gene-Lsd-1,PF03036.22
gene-Lsd-2,PF03036.22
gene-Lsm11,PF01423.29;PF28412.1
gene-Lsm12a,PF09793.15;PF21166.3
gene-Lst8,PF00400.39;PF12894.14;PF23098.2;PF23342.2;PF23381.2;PF23393.3;PF23409.2;PF23410.5;PF23414.2;PF23756.2;PF23761.2;PF23869.2;PF24105.2;PF24780.2;PF24782.3;PF24796.2;PF24805.2;PF24807.2;PF24814.2;PF24817.2;PF25047.1;PF25048.2;PF25168.2;PF25171.2;PF25172.2;PF25173.2;PF25174.2;PF25175.2;PF25391.2;PF25460.2
gene-Ltn1,PF13639.13;PF22958.3;PF23009.2
gene-LysRS,PF00152.26;PF01336.32;PF01409.26
gene-M6,PF01275.25
gene-MAPk-Ak2,PF00069.32;PF07714.24
gene-MBD-R2,PF01429.26;PF05485.18;PF20826.3
gene-MBD-like,PF01429.26;PF14048.12;PF16564.12
gene-MCTS1,PF01472.27;PF17832.8;PF26292.1
gene-MCU,PF04678.19
gene-MED1,PF10744.15
gene-MED10,PF09748.15
gene-MED11,PF10280.15
gene-MED14,PF08638.17;PF22981.2;PF22983.2;PF22984.2;PF25065.2;PF25067.1;PF25069.3
gene-MED15,PF09606.16;PF21538.2;PF21539.3
gene-MED16,PF11635.15;PF20718.3
gene-MED18,PF09637.16
gene-MED19,PF10278.15
gene-MED20,PF08612.17
gene-MED21,PF11221.14
gene-MED22,PF06179.18
gene-MED23,PF11573.14
gene-MED24,PF11277.14
gene-MED27,PF11571.14
gene-MED30,PF11315.14
gene-MED31,PF05669.18
gene-MED4,PF10018.15
gene-MED6,PF04934.20
gene-MED7,PF05983.17
gene-MED8,PF10232.15
gene-MED9,PF07544.19
gene-MESK2,PF00561.27;PF03096.21
gene-MESR6,PF12640.13
gene-MET1,PF08447.19;PF14598.13
gene-MFS16,PF07690.22
gene-MFS3,PF03092.23;PF06779.21;PF07690.22
gene-MFS9,PF07690.22
gene-MHF1,PF15511.13;PF15630.13
gene-MHF2,PF09415.17
gene-MICAL-like,PF00307.37;PF00412.29;PF12130.14
gene-MICU1,PF00036.39;PF13202.13;PF13405.13;PF13499.13;PF13833.13
gene-MICU3,PF00036.39;PF13202.13;PF13405.13;PF13499.13;PF13833.13
gene-MOF,PF01853.25;PF11717.15;PF17772.8
gene-MRG15,PF05712.19;PF11717.15;PF22732.3
gene-MSL1,PF15275.12
gene-MTA1-like,PF00249.38;PF01426.25;PF01448.30;PF17226.8
gene-MTF-1,PF00096.33;PF13465.13;PF13894.13
gene-MYPT-75D,PF00023.37;PF12796.14;PF13606.13;PF13637.13;PF13857.13;PF23745.2;PF24521.3
gene-Mad,PF03165.23;PF03166.20
gene-Mad1,PF05557.19
gene-Madm,PF00069.32;PF07714.24
gene-Maf1,PF09174.16
gene-MagR,PF01521.27
gene-Magi,PF00397.33;PF00595.30;PF13180.13;PF17820.8;PF19805.6
gene-Manf,PF10208.16;PF20145.5
gene-Mapmodulin,PF12799.14;PF13855.13;PF14580.13
gene-Marc,PF03473.24;PF03476.22
gene-Marcal1,PF00176.30;PF00271.38;PF04851.22;PF07443.19
gene-Marf,PF00350.30;PF01926.30;PF04799.19
gene-Marf1,PF01936.25;PF11608.14;PF12872.14;PF19687.6
gene-Mat1,PF06391.19;PF17121.12;PF25811.2
gene-Mat89Ba,PF03813.21;PF17403.8;PF17404.8;PF17405.9;PF17406.8;PF17407.8
gene-Mau2,PF10345.16;PF13181.13;PF13424.13
gene-Max,PF00010.32
gene-Mbs,PF00023.37;PF12796.14;PF13606.13;PF13637.13;PF13857.13;PF15898.11
gene-Mcad,PF00441.30;PF02770.25;PF02771.22;PF08028.17
gene-Mccc1,PF00289.29;PF00364.29;PF02222.28;PF02785.26;PF02786.23;PF07478.19;PF21139.4
gene-Mccc2,PF01039.28;PF03255.20
gene-Mcm10,PF09329.17;PF09332.18;PF22379.3;PF24863.2
gene-Mcm2,PF00493.30;PF01078.28;PF12619.14;PF14551.12;PF17207.10;PF17855.8;PF23669.2
gene-Mcm3,PF00493.30;PF01078.28;PF14551.12;PF17207.10;PF17855.8;PF23191.2
gene-Mcm5,PF00493.30;PF01078.28;PF14551.12;PF17207.10;PF17855.8;PF21933.3
gene-Mcm6,PF00493.30;PF01078.28;PF07728.21;PF14551.12;PF17207.10;PF17855.8;PF18263.8
gene-Mcm7,PF00493.30;PF01078.28;PF07728.21;PF14551.12;PF17207.10;PF17855.8;PF24901.3
gene-Mcr,PF00207.29;PF01835.26;PF07677.21;PF07678.21;PF07703.21;PF17791.8
gene-Mct1,PF07690.22
gene-Mctp,PF00168.37;PF08372.17
gene-Mdh1,PF00056.30;PF02866.24
gene-Mdh2,PF00056.30;PF02866.24
gene-Med,PF03165.23;PF03166.20
gene-Mef2,PF00319.24;PF12347.14
gene-Megf8,PF00053.31;PF00431.27;PF01344.32;PF07646.22;PF12947.14;PF13415.13;PF13418.13;PF13854.13;PF23106.2;PF23301.2;PF24681.2;PF24973.2;PF24981.2;PF24996.1;PF25024.1;PF25852.1
gene-Meltrin,PF00200.29;PF01421.26;PF01562.25;PF08516.18;PF13574.13;PF13582.13;PF13583.12;PF13688.13
gene-Membrin,PF03908.19;PF12352.14;PF27021.1
gene-Mer,PF00373.24;PF00769.25;PF09379.17;PF09380.17;PF20492.4
gene-MetRS,PF00133.29;PF00458.26;PF09334.18;PF17171.10;PF18485.8;PF19303.6;PF21972.2
gene-MetRS-m,PF00133.29;PF01406.26;PF09334.18
gene-Mettl14,PF05063.21
gene-Mettl2,PF01209.25;PF08241.19;PF08242.19;PF13489.13;PF13649.13;PF13847.13
gene-Mettl3,PF05063.21
gene-Mettl4,PF05063.21
gene-Mettl5,PF03602.22;PF05175.21;PF06325.20;PF13649.13;PF13847.13
gene-Mf,PF15929.11
gene-Mf-cpa,PF00246.30;PF02244.22
gene-Mfap1,PF06991.17
gene-Mgat2,PF05060.21
gene-Mhc,PF00063.28;PF01576.25;PF02736.26;PF19220.7;PF23649.2;PF24161.2
gene-Mhcl,PF00063.28;PF00595.30;PF17820.8
gene-Mi-2,PF00176.30;PF00271.38;PF00385.31;PF00628.36;PF04851.22;PF06461.18;PF06465.19;PF08073.19;PF08074.18;PF11496.15;PF23004.3;PF23011.3;PF23588.3
gene-Mical,PF00412.29;PF13738.13;PF25413.2
gene-Mif,PF01187.24
gene-Miga,PF10265.15
gene-Miple,PF01091.24
gene-Miro,PF00036.39;PF00071.29;PF01926.30;PF08355.18;PF08356.19;PF08477.20;PF13191.13;PF13202.13;PF13405.13;PF13499.13
gene-Mitf,PF00010.32;PF15951.11
gene-Mk,PF00288.33;PF01722.24;PF08544.19
gene-Mkk4,PF00069.32;PF07714.24;PF14531.13
gene-Mkp,PF00782.26
gene-Mlc-c,PF00036.39;PF13202.13;PF13405.13;PF13499.13;PF13833.13;PF14658.13;PF24548.2
gene-Mlc1,PF13499.13
gene-Mlc2,PF13405.13;PF13499.13
gene-Mlf,PF10248.15
gene-Mlh1,PF01119.26;PF02518.32;PF13589.13;PF16413.11
gene-Mmp1,PF00045.25;PF00413.31;PF01471.24
gene-Mms19,PF12460.15;PF14500.12
gene-MnM,PF00041.28;PF07679.23;PF13895.13;PF13927.13;PF25059.2
gene-Mnat9,PF00583.32;PF13302.14
gene-Mnn1,PF05053.20
gene-Mo25,PF08569.18
gene-Moca-cyp,PF00160.27
gene-Mocs2B,PF02391.23
gene-Mod(mdg4),PF00651.38;PF03184.26;PF03221.23;PF05225.23
gene-Moe,PF00373.24;PF00769.25;PF09379.17;PF09380.17;PF20492.4
gene-Mon1,PF19036.7;PF19037.7;PF19038.7
gene-Mondo,PF00010.32
gene-Mor,PF06451.18
gene-Mp20,PF00307.37;PF00402.24
gene-Mpc1,PF03650.19
gene-Mpi,PF20511.5;PF20512.4
gene-Mpk,PF04275.21
gene-Mppe,PF00149.34
gene-Mps1,PF00069.32;PF07714.24
gene-MrgBP,PF07904.19
gene-Mrgn1,PF13639.13;PF13920.13;PF26192.1
gene-Mrm2,PF01728.26
gene-Mrtf,PF02037.34;PF02755.21
gene-Msh6,PF00488.28;PF01624.26;PF05188.24;PF05190.24;PF05192.24
gene-Msp300,PF00307.37;PF00435.28;PF10541.15;PF25034.2
gene-MsrA,PF01625.29;PF20939.2
gene-Mt2,PF00145.24
gene-Mtap,PF01048.27
gene-Mtch,PF00153.33
gene-Mthfs,PF01812.27
gene-Mtl,PF00025.28;PF00071.29;PF08477.20
gene-Mtmr6,PF01363.28;PF06602.20;PF21098.4
gene-Mtnr,PF00001.27
gene-Mtpalpha,PF00378.26;PF00725.28;PF02737.25;PF16113.11
gene-Mtpbeta,PF00108.30;PF00109.33;PF02803.25
gene-Mtr4,PF00270.36;PF00271.38;PF04851.22;PF08148.18;PF13234.13;PF21408.3;PF22527.3
gene-Muc91C,PF16058.11
gene-Mul1,PF12483.14;PF13920.13;PF14447.13
gene-Mulk,PF00781.30;PF19712.5
gene-Muted,PF14942.12
gene-Mvd,PF00288.33;PF18376.7;PF22700.3
gene-Mybbp1A,PF04931.19;PF26720.1
gene-Myc,PF00010.32
gene-Myo10A,PF00063.28;PF00612.34;PF00784.23;PF21989.3;PF26570.1
gene-Myo31DF,PF00063.28;PF06017.20
gene-Myo61F,PF00063.28;PF00612.34;PF06017.20
gene-Myo81F,PF00063.28;PF00373.24;PF00784.23;PF00788.30;PF02174.24;PF21989.3;PF24522.2
gene-Mys45A,PF05285.18;PF08158.19;PF21638.3
gene-N,PF00008.34;PF00023.37;PF00066.23;PF06816.19;PF07645.22;PF07684.18;PF07974.20;PF12661.14;PF12796.14;PF12947.14;PF13606.13;PF13637.13;PF13857.13;PF25024.1
gene-NANS,PF03102.21
gene-NAT1,PF02020.25;PF02854.26
gene-NC2alpha,PF00808.30
gene-NC2beta,PF00808.30
gene-ND-13A,PF10276.15
gene-ND-13B,PF04716.20
gene-ND-18,PF04800.18
gene-ND-24,PF01257.26
gene-ND-30,PF00329.26
gene-ND-39,PF01073.26;PF01370.28;PF04321.24;PF05368.20;PF13460.13
gene-ND-42,PF01712.26
gene-ND-49,PF00346.25
gene-ND-51,PF01512.23;PF10589.15;PF22461.3
gene-ND-75,PF00111.33;PF00384.28;PF09326.17;PF10588.15;PF13510.12;PF22117.3;PF22151.3
gene-ND-ACP,PF00550.32
gene-ND-ASHI,PF05821.17
gene-ND-B12,PF08122.18
gene-ND-B14.5B,PF06374.17
gene-ND-B14.7,PF02466.25
gene-ND-B15,PF07225.18
gene-ND-B16.6,PF06212.18
gene-ND-B17,PF09782.15
gene-ND-B17.2,PF05071.22
gene-ND-B18,PF05676.19
gene-ND-B22,PF05347.22
gene-ND-B8,PF05047.23
gene-ND-MLRQ,PF06522.17
gene-ND-MNLL,PF08040.17
gene-ND-PDSW,PF10249.15
gene-ND-SGDH,PF09781.15
gene-NELF-B,PF06209.19
gene-NFAT,PF00554.28;PF16179.12
gene-NGR-A1,PF00001.27;PF10320.16
gene-NGR-A10,PF00001.27;PF10320.16;PF10328.16
gene-NGR-A11,PF00001.27;PF10320.16;PF10324.16;PF10328.16
gene-NGR-A12,PF00001.27
gene-NGR-A13,PF00001.27;PF10324.16
gene-NGR-A14,PF00001.27
gene-NGR-A15,PF00001.27
gene-NGR-A16,PF00001.27;PF10320.16;PF10323.16
gene-NGR-A17,PF00001.27
gene-NGR-A2,PF00001.27;PF10324.16;PF13853.13
gene-NGR-A20,PF00001.27;PF10324.16
gene-NGR-A21,PF00001.27;PF10320.16
gene-NGR-A22,PF00001.27;PF10320.16;PF13853.13
gene-NGR-A23,PF00001.27;PF10320.16
gene-NGR-A24,PF00001.27;PF10320.16
gene-NGR-A25,PF00001.27;PF10320.16;PF10323.16;PF10328.16
gene-NGR-A26,PF00001.27
gene-NGR-A27,PF00001.27;PF10320.16;PF10323.16;PF10324.16
gene-NGR-A28,PF00001.27;PF10320.16
gene-NGR-A29,PF00001.27;PF10320.16;PF13853.13
gene-NGR-A3,PF00001.27;PF10324.16
gene-NGR-A30,PF00001.27
gene-NGR-A31,PF00001.27;PF10324.16;PF13853.13
gene-NGR-A32,PF00001.27
gene-NGR-A33,PF00001.27;PF10320.16
gene-NGR-A34,PF00001.27
gene-NGR-A35,PF00001.27
gene-NGR-A5,PF00001.27;PF10320.16;PF10328.16
gene-NGR-A7,PF00001.27;PF10320.16;PF10324.16;PF10328.16
gene-NGR-A8,PF00001.27;PF10324.16
gene-NGR-A9,PF00001.27;PF10320.16
gene-NGR-B2,PF00002.30;PF02793.28
gene-NGR-B3,PF00002.30;PF02793.28
gene-NGR-B4,PF00002.30;PF02793.28
gene-NHP2,PF01248.32
gene-NKAIN,PF05640.20
gene-NO66,PF08007.19;PF13621.13;PF21233.4
gene-NP15.6,PF10183.15
gene-NPF2,PF00159.24
gene-NPFR,PF00001.27;PF10320.16;PF10328.16
gene-NT1,PF16077.11;PF24103.2
gene-NTPase,PF01150.24
gene-NUCB1,PF13405.13;PF13499.13;PF25434.1
gene-NaPi-III,PF01384.26
gene-Naa15-16,PF00515.35;PF07719.24;PF12569.15;PF12895.14;PF13176.13;PF13181.13;PF13428.13;PF14559.13
gene-Naa20A,PF00583.32;PF08445.17;PF13508.14;PF13673.14
gene-Naa35,PF04112.19;PF25789.2
gene-Naa40,PF00583.32
gene-Naa60,PF00583.32
gene-Naa80,PF00583.32;PF13508.14;PF13673.14
gene-Naam,PF00036.39;PF00857.27;PF13202.13;PF13405.13;PF13499.13;PF13833.13
gene-Nab2,PF14608.13
gene-Nacalpha,PF01849.24;PF19026.8
gene-Nadk2,PF01513.27
gene-Nadsyn,PF00795.28;PF02540.24
gene-Nanoso,PF05741.19
gene-Naprt,PF04095.23;PF17767.8;PF17956.7
gene-Nasp,PF10516.16;PF13424.13
gene-Naxd,PF01256.23
gene-Naxe,PF03853.22
gene-Nbr,PF01612.27;PF01927.23
gene-Nc73EF,PF00676.26;PF02779.30;PF16078.11;PF16870.11
gene-Nca,PF00036.39;PF10591.16;PF13202.13;PF13405.13;PF13499.13;PF13833.13;PF23564.2
gene-Ncc69,PF00324.28;PF03522.21;PF13520.13
gene-Ncd,PF00225.30;PF16796.12
gene-Ncoa6,PF13820.12;PF20694.3
gene-Nct,PF05450.21;PF18266.9
gene-Ndae1,PF00955.28;PF07565.19
gene-Ndc1,PF09531.16
gene-Ndf,PF00855.24;PF01488.27;PF03446.22;PF03807.24;PF14833.12
gene-Ndfip,PF10176.15
gene-NdufV3,PF15880.11
gene-Ndufs8,PF00037.33;PF12797.13;PF12837.13;PF12838.13;PF13183.12;PF13187.12;PF13237.12;PF13484.12;PF14697.12
gene-Nedd4,PF00168.37;PF00397.33;PF00632.31
gene-Nedd8,PF00240.30;PF11976.15
gene-Nelf-A,PF23553.1
gene-Nemp,PF10225.15
gene-Neos,PF00076.29
gene-Nep1,PF03587.20
gene-Nep2,PF01431.28;PF05649.19
gene-Nep3,PF01431.28;PF05649.19
gene-Nep4,PF01431.28;PF05649.19
gene-NetA,PF00053.31;PF00055.24;PF01759.28;PF24973.2
gene-Neto,PF00431.27
gene-Neurl4,PF00622.37;PF07177.20
gene-Neurochondrin,PF05536.18
gene-Nf-YA,PF02045.22
gene-Nf-YB,PF00808.30
gene-Nf1,PF00616.25;PF00650.26;PF13716.12;PF21877.3
gene-NfI,PF00859.24;PF03165.23;PF10524.15
gene-Nfs1,PF00266.26;PF01212.28
gene-Nhe1,PF00999.27
gene-Nhe2,PF00999.27
gene-Nhe3,PF00999.27
gene-NiPp1,PF00498.32
gene-NijA,PF04923.18
gene-NimA,PF07546.19
gene-NimB,PF23301.2;PF26673.1
gene-Nipped-A,PF00454.34;PF02259.30;PF20175.4;PF20206.5
gene-Nipped-B,PF12765.14;PF12830.14;PF20168.5
gene-Nipsnap,PF07978.20
gene-NitFhit,PF00795.28;PF01230.30
gene-Nle,PF00400.39;PF08154.19;PF08662.18;PF12894.14;PF16529.12;PF20426.5;PF21031.3;PF23098.2;PF23342.2;PF23381.2;PF23383.2;PF23389.2;PF23393.3;PF23409.2;PF23410.5;PF23414.2;PF23419.3;PF23609.2;PF23756.2;PF23760.2;PF23761.2;PF23775.2;PF23869.2;PF24017.3;PF24105.2;PF24780.2;PF24782.3;PF24796.2;PF24797.2;PF24805.2;PF24807.2;PF24814.2;PF24817.2;PF25047.1;PF25048.2;PF25168.2;PF25171.2;PF25172.2;PF25173.2;PF25174.2;PF25175.2;PF25178.1;PF25391.2;PF25460.2
gene-Nlg3,PF00135.35;PF07859.20
gene-Nmd3,PF04981.19;PF21192.4;PF21193.4
gene-Nmdar1,PF00060.33;PF00497.26;PF01094.35;PF10562.15;PF10613.15
gene-Nmdar2,PF00060.33;PF00497.26;PF01094.35;PF10613.15
gene-Nmdmc,PF00763.29;PF02882.26
gene-Nmnat,PF01467.33
gene-Nmt,PF01233.26;PF02799.22
gene-Nna1,PF00246.30;PF18027.7
gene-Nnp-1,PF05997.18
gene-Noa36,PF06524.18
gene-Noc1,PF03914.24
gene-Noc2,PF03715.19
gene-Noc3,PF03914.24;PF07540.17
gene-Noki,PF00047.32;PF00560.40;PF07679.23;PF12799.14;PF13306.13;PF13855.13;PF13927.13;PF22971.3
gene-Nol8,PF00076.29
gene-Non1,PF01926.30;PF02421.25;PF06858.21;PF08155.17;PF17835.7
gene-Non2,PF02201.24;PF08766.17
gene-Non3,PF04427.24
gene-Nop10,PF04135.19
gene-Nop17l,PF08190.18;PF18201.8
gene-Nop56,PF01798.24;PF08156.19
gene-Nop60B,PF01472.27;PF01509.24;PF08068.18;PF16198.11
gene-Nopp34,PF00076.29
gene-Nos,PF00175.27;PF00258.31;PF00667.27;PF02898.21
gene-Nost,PF00018.35;PF00611.29;PF07653.24;PF14604.13;PF25610.2
gene-Not1,PF04054.22;PF12842.13;PF16415.12;PF16417.12;PF16418.12;PF22940.2;PF23590.2;PF25097.2
gene-Not11,PF10155.15;PF27642.1
gene-Not3,PF04065.21;PF04153.25
gene-Notum,PF03283.20
gene-Nox,PF00036.39;PF01794.26;PF08022.19;PF08030.18;PF13202.13;PF13405.13;PF13499.13;PF13833.13;PF14658.13
gene-Np,PF00089.33
gene-Npc1a,PF02460.25;PF12349.15;PF16414.12;PF22314.3
gene-Npl4,PF05020.21;PF05021.21;PF11543.16
gene-Nprl3,PF03666.19;PF06218.17;PF24064.3
gene-Nrk,PF00051.24;PF00069.32;PF01392.29;PF07714.24
gene-Nrt,PF00135.35;PF07859.20
gene-Nrx-IV,PF00008.34;PF00054.31;PF00754.32;PF02210.32;PF13385.14
gene-Ns1,PF01926.30;PF02421.25;PF08701.17
gene-Ns2,PF01926.30;PF08153.18
gene-Ns3,PF01926.30;PF02421.25;PF03193.23
gene-Ns4,PF01926.30;PF02421.25;PF03193.23
gene-Nse1,PF07574.20;PF08746.18
gene-Nsun2,PF01189.24;PF25376.2;PF25378.2
gene-Nsun5,PF01189.24;PF21148.4;PF21153.4
gene-Nt5b,PF05761.21
gene-Nt5c,PF05761.21
gene-Ntan1,PF14736.12
gene-Ntf-2,PF02136.27
gene-Nthl1,PF00633.30;PF00730.32
gene-Nuak1,PF00069.32;PF03109.23;PF07714.24
gene-Nubp1,PF05970.21;PF10609.16;PF13604.13;PF21530.4
gene-Nubp2,PF01656.30;PF02374.22;PF09140.18;PF10609.16;PF13614.13
gene-Nubpl,PF01656.30;PF10609.16;PF13614.13
gene-Nuc,PF01223.30
gene-Nufip,PF10453.15
gene-Nup107,PF04121.19
gene-Nup133,PF08801.18
gene-Nup154,PF03177.21;PF08801.18
gene-Nup188,PF10487.16;PF21093.4
gene-Nup205,PF11894.15
gene-Nup35,PF05172.20;PF14605.13
gene-Nup43,PF00400.39;PF23098.2;PF23381.2;PF23383.2;PF23409.2;PF23414.2;PF23609.2;PF23775.2;PF24796.2;PF24807.2;PF24814.2;PF24817.2;PF25171.2;PF25172.2;PF25173.2;PF25174.2;PF25175.2
gene-Nup44A,PF00400.39;PF12894.14;PF23381.2;PF23414.2;PF23609.2;PF23775.2;PF24105.2;PF24782.3;PF24796.2;PF24805.2;PF24807.2;PF24814.2;PF24817.2;PF25047.1;PF25048.2;PF25168.2;PF25172.2;PF25173.2;PF25174.2;PF25175.2
gene-Nup50,PF00638.25;PF08911.17
gene-Nup54,PF13874.12;PF18437.7
gene-Nup58,PF15967.11
gene-Nup62,PF05064.19
gene-Nup75,PF07575.20
gene-Nup98-96,PF04096.21;PF12110.14;PF21240.3
gene-Nurf-38,PF00719.25
gene-Nxt1,PF02136.27
gene-OSCP1,PF10188.15
gene-OXA1L,PF02096.27
gene-Oamb,PF00001.27;PF10320.16;PF10328.16;PF13853.13
gene-Oat,PF00202.28
gene-Oatp30B,PF03137.27;PF07648.21;PF07690.22
gene-Obp2,PF01395.28
gene-Obp3,PF01395.28
gene-Obp4,PF01395.28
gene-Obp5,PF01395.28
gene-Obp59a,PF01395.28
gene-Obp84a,PF01395.28
gene-Obp99a,PF01395.28
gene-Obsc,PF00041.28;PF00047.32;PF00069.32;PF00169.36;PF00621.26;PF06293.21;PF07679.23;PF07686.24;PF07714.24;PF08205.19;PF11465.15;PF13895.13;PF13927.13;PF22697.3;PF22705.3;PF22971.3;PF25059.2;PF28321.1
gene-Ocrl,PF00620.33;PF16776.12;PF21310.4;PF22669.3
gene-Oct-TyrR,PF00001.27
gene-Octalpha2R,PF00001.27
gene-Oda,PF02100.24
gene-OdsH,PF00046.36
gene-Oga,PF07555.20
gene-Ogg1,PF00730.32;PF07934.19
gene-Opa1,PF00350.30;PF19434.5
gene-Or-1,PF02949.26
gene-Or-11,PF02949.26
gene-Or-13,PF02949.26
gene-Or-14,PF02949.26
gene-Or-18,PF02949.26
gene-Or-21,PF02949.26
gene-Or-27,PF02949.26
gene-Or-29,PF02949.26
gene-Or-36,PF02949.26
gene-Or-42,PF02949.26;PF08395.18
gene-Or-44,PF02949.26
gene-Or-49,PF02949.26
gene-Or-56,PF02949.26
gene-Or-60,PF02949.26;PF08395.18
gene-Or-64,PF02949.26
gene-Or-8,PF02949.26
gene-Or49,PF02949.26
gene-Or85e,PF02949.26
gene-Orai,PF07856.18
gene-Orc1,PF00004.36;PF01426.25;PF13191.13;PF13401.13;PF17872.8
gene-Orc2,PF04084.21;PF24882.2
gene-Orc3,PF07034.18;PF18137.8;PF19675.5
gene-Orc4,PF00004.36;PF13191.13;PF14629.13
gene-Orc5,PF13191.13;PF13401.13;PF14630.13;PF21639.4
gene-Orc6,PF05460.19;PF21913.2
gene-Orco,PF02949.26
gene-Ork1,PF00520.38;PF07885.23
gene-Orp8,PF00169.36;PF01237.24
gene-Osbp,PF00169.36;PF01237.24;PF15409.14;PF15413.13
gene-Oscillin,PF01182.27
gene-Oseg1,PF00400.39;PF04053.21;PF12894.14;PF23377.2;PF23381.2;PF23383.2;PF23389.2;PF23393.3;PF23414.2;PF23775.2;PF24782.3;PF24796.2;PF24797.2;PF24807.2;PF24814.2;PF24817.2;PF25171.2;PF25172.2;PF25173.2;PF25174.2;PF25175.2;PF25295.1;PF25391.2;PF25460.2
gene-Oseg2,PF12894.14;PF23381.2;PF23387.3;PF23414.2;PF23774.2;PF23775.2;PF23953.2;PF24762.2;PF24807.2;PF24817.2;PF25173.2;PF25174.2;PF25295.1
gene-Oseg4,PF00400.39;PF12894.14;PF13570.14;PF16755.12;PF23145.2;PF23381.2;PF23383.2;PF23389.2;PF23390.2;PF23414.2;PF23756.2;PF23775.2;PF24797.2;PF24807.2;PF24817.2;PF25170.2;PF25173.2;PF25174.2;PF25175.2;PF25768.2
gene-Oseg5,PF00400.39;PF08662.18;PF12894.14;PF16529.12;PF23335.2;PF23342.2;PF23381.2;PF23383.2;PF23387.3;PF23389.2;PF23393.3;PF23409.2;PF23411.2;PF23414.2;PF23775.2;PF24105.2;PF24796.2;PF24797.2;PF24805.2;PF24807.2;PF24814.2;PF24817.2;PF25047.1;PF25168.2;PF25171.2;PF25172.2;PF25173.2;PF25174.2;PF25175.2;PF25391.2;PF25460.2;PF26550.2
gene-Oseg6,PF00400.39;PF12894.14;PF15911.13;PF23145.2;PF23381.2;PF23389.2;PF23414.2;PF23878.2;PF24762.2;PF24796.2;PF24807.2;PF24814.2;PF24817.2;PF25173.2;PF25174.2;PF25175.2;PF25295.1
gene-Osi10a,PF07898.19
gene-Osi11,PF07898.19
gene-Osi17,PF07841.19;PF07898.19
gene-Osi18,PF07898.19
gene-Osi19,PF07898.19
gene-Osi2,PF07898.19
gene-Osi20,PF07898.19
gene-Osi21,PF07898.19
gene-Osi22,PF07898.19
gene-Osi23,PF07898.19
gene-Osi3,PF07898.19
gene-Osi7,PF07898.19
gene-Osi8,PF07898.19
gene-Osi9,PF07898.19
gene-Ost48,PF03345.21;PF23358.2
gene-OstDelta,PF05817.21;PF23860.2;PF23861.2;PF25147.2
gene-P25,PF07294.17
gene-P32,PF02330.22
gene-P37k,PF00089.33
gene-P38mapk,PF00069.32;PF03109.23;PF06293.21;PF07714.24
gene-P450,PF00067.28
gene-P58IPK,PF00226.37;PF00515.35;PF07719.24;PF12895.14;PF13174.13;PF13181.13;PF13371.13;PF13414.13;PF13424.13;PF13428.13;PF13431.13;PF13432.13;PF14559.13
gene-P5CDh1,PF00171.28
gene-P5CS,PF00171.28;PF00696.34
gene-P5cr,PF03807.24;PF14748.12
gene-PAH,PF00351.27;PF01842.32
gene-PAN2,PF00443.36;PF13423.13;PF20770.3
gene-PAN3,PF18101.8
gene-PAPLA1,PF02825.27;PF02862.23;PF23464.2
gene-PBAN,PF05874.17
gene-PCB,PF00289.29;PF00364.29;PF00682.26;PF02436.24;PF02785.26;PF02786.23;PF07478.19
gene-PCID2,PF01399.34;PF25573.1
gene-PDCD-5,PF01984.26
gene-PDF,PF06324.17
gene-PDZ-GEF,PF00595.30;PF00617.25;PF00618.26;PF00788.30;PF17820.8;PF21989.3
gene-PGAP1,PF07819.20;PF24660.2;PF25140.2
gene-PGAP3,PF04080.20
gene-PGAP5,PF00149.34
gene-PGRP-S1,PF01510.31
gene-PGRP-S2,PF01510.31
gene-PGRP-S5,PF01510.31
gene-PGS1,PF13091.13
gene-PH,PF00536.38
gene-PH4alphaEFB,PF07719.24;PF08336.17;PF13640.13;PF23558.2
gene-PHO,PF00096.33;PF13465.13;PF13894.13;PF22110.3;PF24757.1
gene-PI31,PF08577.17;PF11566.14
gene-PICK1,PF00595.30;PF06456.19;PF13180.13;PF17820.8
gene-PIG-A,PF00534.27;PF08288.19;PF13439.13;PF13579.13;PF13692.13
gene-PIG-B,PF03901.24
gene-PIG-F,PF06699.17
gene-PIG-G,PF01663.28;PF19316.5
gene-PIG-K,PF01650.24
gene-PIG-L,PF02585.23
gene-PIG-M,PF05007.20
gene-PIG-N,PF00884.29;PF01663.28;PF04987.20
gene-PIG-O,PF01663.28;PF01676.24
gene-PIG-Q,PF05024.21
gene-PIG-S,PF10510.15
gene-PIG-T,PF04113.20
gene-PIG-U,PF06728.20
gene-PIG-V,PF04188.19
gene-PIG-X,PF08320.18
gene-PIG-Z,PF03901.24
gene-PIP4K,PF01504.25
gene-PKD,PF00069.32;PF00130.29;PF00169.36;PF07714.24;PF14531.13;PF25525.2
gene-PMCA,PF00122.26;PF00689.27;PF00690.32;PF00702.33;PF08282.19;PF12424.14;PF13246.13
gene-PNKP,PF08645.18;PF13671.13;PF17913.7
gene-PNPase,PF01138.28;PF03725.21;PF03726.20
gene-POLDIP2,PF04379.21;PF08755.17
gene-POSH,PF00018.35;PF00097.32;PF07653.24;PF13445.13;PF13639.13;PF13923.13;PF14604.13
gene-PPO1,PF00264.26;PF00372.25;PF03722.20;PF03723.21
gene-PPO2,PF00372.25;PF03722.20;PF03723.21
gene-PPP4R2r,PF09184.17
gene-PQBP1,PF00397.33
gene-PRL-1,PF00102.33;PF00782.26;PF22784.2;PF22785.2
gene-PSMG1,PF16094.11
gene-PSR,PF02373.29;PF13621.13
gene-PTP-ER,PF00102.33
gene-PTPMT1,PF00782.26;PF22784.2;PF22785.2
gene-Pa1,PF15364.12
gene-Pabp,PF00076.29;PF00658.25;PF05172.20;PF11608.14;PF14605.13;PF16367.12;PF16842.12;PF22976.3;PF24475.2;PF24572.2
gene-Pabp2,PF00076.29
gene-Paf-AHalpha,PF00657.29;PF13472.13
gene-Paics,PF00731.27;PF01259.25
gene-Paip1,PF02854.26
gene-Pak,PF00069.32;PF00786.34;PF03109.23;PF07714.24
gene-Pak3,PF00069.32;PF00786.34;PF07714.24
gene-Papss,PF01583.27;PF01747.24;PF14306.13
gene-Papst2,PF08449.18
gene-Parg,PF05028.21;PF20811.3
gene-Parn,PF04857.27;PF08675.18
gene-Parp1,PF00644.27;PF00645.26;PF02877.20;PF05406.21;PF08063.18;PF21728.4
gene-Parp16,PF00644.27;PF18084.7
gene-Pask,PF00069.32;PF00989.32;PF07714.24;PF13426.14;PF24820.2
gene-Past1,PF00350.30;PF01926.30;PF12763.14;PF16880.11;PF18150.7
gene-Pat1,PF13374.13;PF13424.13;PF24885.2
gene-Patj,PF00595.30;PF13180.13;PF17820.8
gene-Patronin,PF08683.17;PF11971.14;PF17095.11;PF25532.2
gene-Patsas,PF00023.37;PF01529.26;PF12796.14;PF13606.13;PF13637.13;PF13857.13;PF24521.3
gene-Pax,PF00412.29;PF03535.19
gene-Pbanr,PF00001.27;PF10320.16
gene-Pbp49,PF12251.14
gene-Pbp95,PF00249.38;PF13921.13
gene-Pc,PF00385.31;PF17218.9
gene-Pcd,PF01329.25
gene-Pcf11,PF04818.20;PF20845.3
gene-Pcif1,PF00397.33;PF12237.14
gene-Pcl,PF00628.36;PF14061.13
gene-Pcmt,PF01135.26;PF13649.13;PF13847.13
gene-Pcna,PF00705.24;PF02144.22;PF02747.21;PF04139.19
gene-Pde11,PF00233.26;PF01590.33;PF13185.13
gene-Pde1c,PF00233.26;PF08499.18
gene-Pde8,PF00233.26;PF23198.2
gene-Pdhb,PF02779.30;PF02780.26
gene-Pdi,PF00085.27;PF00578.28;PF04756.20;PF08534.17;PF13098.14;PF13848.13;PF13899.13;PF13905.13;PF26959.1
gene-Pdk,PF02518.32;PF10436.15
gene-Pdk1,PF00069.32;PF07714.24;PF14531.13;PF14593.13
gene-Pdp1,PF00170.27;PF07716.21
gene-Pdss2,PF00348.23
gene-Pdxk,PF00294.30;PF08543.18
gene-Pdzd8,PF00130.29;PF17820.8;PF26547.1
gene-Pect,PF01467.33
gene-Pex1,PF00004.36;PF09262.18;PF13191.13;PF13238.13;PF13401.13;PF17862.8
gene-Pex10,PF04757.20;PF13920.13
gene-Pex11ab,PF05648.20
gene-Pex12,PF04757.20
gene-Pex13,PF00018.35;PF04088.19;PF14604.13
gene-Pex14,PF04695.19
gene-Pex16,PF08610.16
gene-Pex19,PF04614.18
gene-Pex2,PF04757.20
gene-Pex23,PF00337.30;PF06398.18;PF06462.19;PF19193.7
gene-Pex3,PF04882.18
gene-Pex5,PF00515.35;PF07719.24;PF13181.13;PF13371.13;PF13414.13;PF13424.13;PF13428.13;PF13431.13;PF13432.13;PF14559.13;PF14561.13;PF23914.2
gene-Pex7,PF00400.39;PF23381.2;PF23393.3;PF23409.2;PF23414.2;PF23419.3;PF23609.2;PF23775.2;PF23869.2;PF24105.2;PF24782.3;PF24796.2;PF24805.2;PF24807.2;PF24814.2;PF24817.2;PF25047.1;PF25048.2;PF25168.2;PF25171.2;PF25172.2;PF25173.2;PF25174.2;PF25175.2;PF25391.2;PF25460.2
gene-Pez,PF00102.33;PF00373.24;PF09379.17;PF09380.17
gene-Pfas,PF02769.28;PF13507.13;PF18072.7;PF18076.7;PF22689.2
gene-Pfdn2,PF01920.26
gene-Pfdn4,PF01920.26
gene-Pfdn5,PF02996.23
gene-Pfdn6,PF01920.26
gene-Pfk,PF00365.26
gene-Pfrx,PF00300.28;PF01591.25
gene-Pgam5,PF00300.28
gene-Pgant5,PF00535.33;PF00652.29;PF02709.21
gene-Pgant7,PF00535.33;PF00652.29;PF02709.21;PF10111.15
gene-Pgant9,PF00535.33;PF00652.29;PF02709.21
gene-Pgd,PF00393.25;PF03446.22
gene-Pgi,PF00342.25
gene-Pgk,PF00162.25
gene-Pglym,PF00300.28
gene-Pgm1,PF02878.23;PF02879.23;PF02880.23;PF24947.2
gene-Pgm2a,PF02878.23;PF02879.23;PF02880.23
gene-Pgrmc2,PF00173.34
gene-PhKgamma,PF00069.32;PF07714.24;PF12330.15;PF14531.13
gene-Phax,PF10258.15
gene-Phb1,PF01145.32
gene-Phb2,PF01145.32
gene-PheRS-m,PF01409.26;PF03147.20
gene-Phf5a,PF03660.20
gene-Phlpp,PF00481.27;PF00560.40;PF12799.14;PF13855.13;PF14580.13;PF23010.3;PF23598.2
gene-Phm,PF01082.26;PF03712.21
gene-Phyhd1,PF05721.20
gene-Pi-t1,PF00083.31;PF07690.22
gene-Pi3K21B,PF00017.31;PF16454.11
gene-Pi3K59F,PF00454.34;PF00613.27;PF00792.31
gene-Pi3K68D,PF00168.37;PF00454.34;PF00613.27;PF00787.30;PF00792.31;PF00794.25
gene-Pi3K92E,PF00454.34;PF00613.27;PF00792.31;PF00794.25;PF02192.23
gene-Pi4KIIIalpha,PF00454.34;PF00613.27;PF19274.5
gene-Pi4KIIalpha,PF00454.34
gene-Picot,PF00083.31;PF06779.21;PF07690.22
gene-Piezo,PF12166.15;PF15917.12;PF23188.2;PF24871.2;PF24874.2
gene-Pif1,PF05970.21;PF13245.13;PF13401.13;PF13604.13;PF21530.4;PF25344.2
gene-Pis,PF01066.27
gene-Pisd,PF02666.21
gene-Pitslre,PF00069.32;PF07714.24
gene-Pka-C1,PF00069.32;PF07714.24;PF14531.13
gene-Pka-C3,PF00069.32;PF07714.24
gene-Pka-R1,PF00027.36;PF02197.23
gene-Pka-R2,PF00027.36
gene-Pkc53E,PF00069.32;PF00130.29;PF00168.37;PF00433.30;PF07714.24
gene-Pkc98E,PF00069.32;PF00130.29;PF00168.37;PF00433.30;PF07714.24
gene-Pkcdelta,PF00069.32;PF00433.30;PF07714.24
gene-Pkn,PF00069.32;PF00433.30;PF02185.23;PF07714.24;PF14531.13
gene-Plap,PF00400.39;PF08324.18;PF09070.17;PF23342.2;PF23381.2;PF23409.2;PF23414.2;PF23869.2;PF24105.2;PF24782.3;PF24796.2;PF24805.2;PF24807.2;PF24814.2;PF24817.2;PF25047.1;PF25048.2;PF25168.2;PF25172.2;PF25173.2;PF25174.2;PF25175.2;PF25178.1;PF25391.2
gene-Plc21C,PF00387.26;PF00388.26;PF09279.18;PF17787.8;PF22631.3
gene-Pld,PF00614.29;PF00787.30;PF13091.13
gene-PlexA,PF01403.26;PF01437.32;PF01833.31;PF08337.18;PF17960.8;PF18020.8;PF20170.5;PF24479.2
gene-PlexB,PF01403.26;PF01437.32;PF01833.31;PF08337.18;PF17960.8;PF18020.8;PF20170.5;PF24479.2
gene-Pli,PF04710.20;PF20723.4
gene-Plod,PF03171.27;PF13704.14;PF25342.2
gene-Pmi,PF14972.12
gene-Pmm2,PF03332.20;PF08282.19
gene-Pmp70,PF00005.34;PF06472.21
gene-Pms2,PF01119.26;PF08676.17;PF13589.13
gene-Pngl,PF01841.26;PF03835.22;PF04721.24
gene-Pnn,PF04696.19
gene-PolD1,PF00136.27;PF03104.26;PF14260.12;PF24055.3
gene-PolD2,PF04042.22;PF18018.8
gene-PolE4,PF00125.31;PF00808.30
gene-PolI,PF00817.26;PF11799.14
gene-Poldip3,PF00076.29
gene-Polr1C,PF01000.32;PF01193.30
gene-Polr1F,PF17875.8
gene-Polr2D,PF03874.22
gene-Polr2M,PF15328.12
gene-Polr3A,PF00623.26;PF04983.24;PF04997.18;PF04998.23;PF05000.23
gene-Polr3C,PF02002.24;PF05645.20;PF08221.18;PF20912.3;PF22536.3
gene-Polr3E,PF04801.19
gene-Polr3F,PF05158.19
gene-Polr3G,PF11705.14
gene-Polr3H,PF03876.23;PF08292.19
gene-Pomp,PF05348.17
gene-Pop1,PF06978.17;PF08170.18;PF22770.3
gene-Pop4,PF01868.22
gene-Pop5,PF01900.25
gene-Poxm,PF00292.25;PF13384.13
gene-Poxn,PF00292.25
gene-Pp,PF02425.21
gene-Pp2C1,PF00481.27
gene-Pp4-19C,PF00149.34
gene-PpD3,PF00149.34;PF00515.35;PF07719.24;PF08321.19;PF13181.13;PF13414.13;PF13431.13;PF25575.1
gene-PpV,PF00149.34
gene-Ppa,PF00646.39;PF12799.14;PF12937.13;PF13516.13;PF13855.13;PF23247.2;PF23598.2;PF23952.2;PF24758.2;PF25013.1;PF25019.1;PF25372.2
gene-Ppat-Dpck,PF01121.27;PF01467.33
gene-Ppcdc,PF02441.25
gene-Ppcs,PF04127.23
gene-Ppib,PF00160.27
gene-Ppox,PF01593.31;PF13450.13
gene-Ppt1,PF02089.22
gene-Ppt2,PF02089.22;PF05057.21
gene-PrBP,PF05351.18
gene-Prdm13,PF00096.33;PF13465.13;PF13894.13
gene-Prip,PF00230.26
gene-Prm,PF01576.25;PF24161.2
gene-ProRS-m,PF00587.31
gene-Prosalpha2,PF00227.32;PF10584.15
gene-Prosalpha3,PF00227.32;PF10584.15
gene-Prosalpha4,PF00227.32;PF10584.15
gene-Prosalpha5,PF00227.32;PF10584.15
gene-Prosalpha6,PF00227.32;PF10584.15
gene-Prosalpha7,PF00227.32;PF10584.15
gene-Prosbeta1,PF00227.32
gene-Prosbeta2,PF00227.32;PF12465.14
gene-Prosbeta3,PF00227.32
gene-Prosbeta5,PF00227.32
gene-Prosbeta6,PF00227.32
gene-Prosbeta7,PF00227.32
gene-Prp19,PF00400.39;PF08606.17;PF12894.14;PF20426.5;PF23098.2;PF23342.2;PF23381.2;PF23383.2;PF23389.2;PF23393.3;PF23409.2;PF23411.2;PF23414.2;PF23609.2;PF23756.2;PF23798.2;PF23869.2;PF24017.3;PF24105.2;PF24780.2;PF24782.3;PF24796.2;PF24805.2;PF24807.2;PF24814.2;PF24817.2;PF25047.1;PF25048.2;PF25168.2;PF25171.2;PF25172.2;PF25173.2;PF25174.2;PF25175.2;PF25178.1;PF25391.2;PF25460.2;PF26550.2
gene-Prp3,PF06544.19;PF08572.16
gene-Prp31,PF01798.24;PF09785.15
gene-Prp38,PF03371.21;PF12871.13
gene-Prp39,PF05843.21;PF13428.13;PF23231.2;PF23233.2;PF23240.2;PF23241.2
gene-Prp40,PF00397.33;PF01846.26;PF16512.12;PF23517.2;PF25432.2
gene-Prp4k,PF00069.32;PF07714.24
gene-Prp5,PF00270.36;PF00271.38;PF04851.22;PF23469.2
gene-Prp6,PF02259.30;PF05843.21;PF06424.18;PF07719.24;PF13181.13;PF13424.13;PF13428.13;PF13431.13;PF13432.13;PF14559.13;PF23233.2;PF23240.2;PF23241.2;PF23914.2
gene-Prp8,PF01398.27;PF08082.17;PF08083.17;PF08084.17;PF10596.15;PF10597.15;PF10598.15;PF12134.14
gene-Prpk,PF00069.32;PF06293.21
gene-Prps,PF00156.34;PF13793.13;PF14572.13
gene-Prx4,PF00578.28;PF08534.17;PF10417.15
gene-Prx5,PF00578.28;PF08534.17
gene-Prx6a,PF00578.28;PF08534.17;PF10417.15
gene-PsGEF,PF00168.37;PF00595.30;PF00621.26;PF16056.11;PF17820.8
gene-Psa,PF01433.27;PF11838.15;PF17900.7
gene-Psat1,PF00266.26
gene-Psf,PF00076.29;PF08075.17
gene-Psf2,PF05916.17;PF25005.2
gene-Psi,PF00013.36;PF07650.24;PF09005.15;PF13083.14;PF22675.3;PF24668.2
gene-Psn,PF01080.23
gene-Pten,PF00782.26;PF10409.16;PF22741.2;PF22784.2;PF22785.2
gene-Ptip,PF00533.34;PF04377.22;PF12738.14;PF16589.13;PF16759.13;PF16770.12
gene-Ptp-h,PF00782.26;PF22785.2
gene-Ptp36E,PF00102.33
gene-Ptp69D,PF00041.28;PF00047.32;PF00102.33;PF00782.26;PF07679.23;PF13895.13;PF13927.13;PF16656.12;PF22784.2;PF22785.2;PF25059.2;PF25788.3
gene-Ptpmeg,PF00102.33;PF00373.24;PF00595.30;PF09379.17;PF09380.17
gene-Ptpmeg2,PF00102.33;PF00650.26;PF13716.12
gene-Ptr,PF02460.25;PF12349.15
gene-Ptx1,PF00046.36;PF03826.23
gene-Pu,PF01227.28
gene-Pur-alpha,PF13359.13;PF26138.1
gene-Pus1,PF01416.26
gene-Pus10,PF21237.3;PF21238.3
gene-Pvr,PF00047.32;PF00069.32;PF07679.23;PF07686.24;PF07714.24;PF13895.13;PF13927.13;PF22854.3;PF22971.3;PF25305.2
gene-Pxt,PF03098.21
gene-Pym,PF09282.16
gene-Pyroxd1,PF07992.21;PF13738.13;PF18267.8
gene-QIL1,PF15884.11
gene-R2D2,PF00035.33;PF14709.14
gene-RASSF8,PF00788.30;PF21712.4;PF21801.4
gene-REG,PF02251.24;PF02252.24
gene-REPTOR-BP,PF07716.21
gene-RIC-3,PF15361.12
gene-RIOK1,PF01163.29
gene-RIOK2,PF01163.29;PF01636.30;PF06293.21;PF09202.18
gene-RMI1,PF08585.19;PF16099.12;PF21000.3
gene-RN-tre,PF00566.26;PF23436.2
gene-RNF220,PF00097.32;PF13923.13;PF15926.11
gene-RNaseX25,PF00445.24
gene-RPA2,PF01336.32;PF08784.18
gene-RSG7,PF00610.28;PF00615.25;PF00631.28;PF18148.7
gene-RYBP,PF00641.24;PF17219.9
gene-Rab1,PF00009.34;PF00025.28;PF00071.29;PF03193.23;PF08477.20
gene-Rab10,PF00025.28;PF00071.29;PF04670.19;PF08477.20
gene-Rab11,PF00009.34;PF00025.28;PF00071.29;PF01926.30;PF03193.23;PF08477.20
gene-Rab14,PF00009.34;PF00025.28;PF00071.29;PF08477.20
gene-Rab19,PF00009.34;PF00025.28;PF00071.29;PF08477.20
gene-Rab2,PF00025.28;PF00071.29;PF08477.20
gene-Rab26,PF00025.28;PF00071.29;PF08477.20
gene-Rab27,PF00025.28;PF00071.29;PF08477.20
gene-Rab3,PF00025.28;PF00071.29;PF08477.20
gene-Rab3-GAP,PF14655.13;PF14656.12
gene-Rab3-GEF,PF02141.27;PF03456.26;PF23629.1;PF25328.2;PF26658.1
gene-Rab32,PF00025.28;PF00071.29;PF08477.20
gene-Rab35,PF00009.34;PF00025.28;PF00071.29;PF08477.20
gene-Rab39,PF00025.28;PF00071.29;PF08477.20
gene-Rab3GAP1,PF13890.12
gene-Rab4,PF00009.34;PF00025.28;PF00071.29;PF01926.30;PF08477.20
gene-Rab40,PF00025.28;PF00071.29;PF07525.22;PF08477.20
gene-Rab5,PF00025.28;PF00071.29;PF08477.20
gene-Rab6,PF00009.34;PF00025.28;PF00071.29;PF08477.20
gene-Rab7,PF00009.34;PF00025.28;PF00071.29;PF01926.30;PF04670.19;PF08477.20
gene-Rab8,PF00025.28;PF00071.29;PF08477.20
gene-Rab9,PF00025.28;PF00071.29;PF08477.20
gene-RabGGTa,PF01239.29
gene-RabX4,PF00025.28;PF00071.29;PF08477.20
gene-RabX6,PF00025.28;PF00071.29;PF01926.30;PF03193.23;PF04670.19;PF08477.20
gene-Rabex-5,PF01754.23;PF02204.24;PF18151.7
gene-Rack1,PF00400.39;PF12894.14;PF20426.5;PF23098.2;PF23342.2;PF23381.2;PF23393.3;PF23409.2;PF23410.5;PF23414.2;PF23419.3;PF23586.3;PF23609.2;PF23756.2;PF23760.2;PF23761.2;PF23769.2;PF23775.2;PF23798.2;PF23869.2;PF24017.3;PF24105.2;PF24780.2;PF24782.3;PF24796.2;PF24805.2;PF24807.2;PF24814.2;PF24817.2;PF25047.1;PF25048.2;PF25168.2;PF25171.2;PF25172.2;PF25173.2;PF25174.2;PF25175.2;PF25178.1;PF25391.2;PF25460.2
gene-Rad1,PF02144.22
gene-Rad17,PF03215.22
gene-Rad23,PF00240.30;PF00627.38;PF09280.17;PF11976.15;PF22562.3;PF27606.1
gene-Rad51D,PF06745.20;PF08423.18;PF21794.4
gene-Rad60,PF11976.15
gene-Rad9,PF04139.19
gene-Rae1,PF00400.39;PF23098.2;PF23381.2;PF23414.2;PF24796.2;PF24805.2;PF24807.2;PF24814.2;PF24817.2;PF25047.1;PF25048.2;PF25168.2;PF25171.2;PF25172.2;PF25173.2;PF25174.2;PF25175.2;PF25391.2;PF25460.2
gene-RagA-B,PF00025.28;PF00071.29;PF01926.30;PF04670.19;PF08477.20
gene-RagC-D,PF04670.19
gene-RalGPS,PF00169.36;PF00617.25
gene-Rala,PF00009.34;PF00025.28;PF00071.29;PF03193.23;PF08477.20
gene-Ran,PF00025.28;PF00071.29;PF08477.20
gene-RanBP3,PF00638.25
gene-RanBPM,PF00622.37;PF10607.15
gene-Ranbp16,PF03810.26;PF25795.1;PF28490.1
gene-Ranbp21,PF03810.26;PF08389.19;PF19273.6
gene-Rap1,PF00009.34;PF00025.28;PF00071.29;PF08477.20
gene-Rap2l,PF00025.28;PF00071.29;PF03193.23;PF08477.20
gene-RapGAP1,PF02145.22;PF02188.23;PF21022.3
gene-Ras64B,PF00009.34;PF00025.28;PF00071.29;PF08477.20
gene-Ras85D,PF00009.34;PF00025.28;PF00071.29;PF01926.30;PF08477.20
gene-RasGAP1,PF00168.37;PF00169.36;PF00616.25
gene-Rat1,PF03159.25;PF17846.7
gene-Rbbp5,PF00400.39;PF12894.14;PF13570.14;PF23098.2;PF23381.2;PF23383.2;PF23409.2;PF23410.5;PF23414.2;PF23769.2;PF23775.2;PF24017.3;PF24105.2;PF24782.3;PF24796.2;PF24805.2;PF24807.2;PF24814.2;PF24817.2;PF25047.1;PF25168.2;PF25172.2;PF25173.2;PF25174.2;PF25175.2;PF25460.2
gene-Rbcn-3A,PF00400.39;PF12234.14;PF23381.2;PF23414.2;PF24105.2;PF24796.2;PF24807.2;PF24814.2;PF24817.2;PF25047.1;PF25171.2;PF25172.2;PF25173.2;PF25174.2;PF25175.2;PF25391.2
gene-Rbcn-3B,PF00400.39;PF12894.14;PF13570.14;PF23342.2;PF23381.2;PF23383.2;PF23393.3;PF23409.2;PF23410.5;PF23414.2;PF23756.2;PF23775.2;PF24105.2;PF24796.2;PF24805.2;PF24807.2;PF24814.2;PF24817.2;PF25047.1;PF25168.2;PF25171.2;PF25172.2;PF25173.2;PF25174.2;PF25175.2;PF25178.1;PF25391.2;PF25460.2
gene-Rbfox1,PF00076.29
gene-Rbm13,PF01778.23;PF04874.20
gene-Rbmx2,PF00076.29;PF16367.12
gene-Rbp,PF00018.35;PF00041.28;PF07653.24;PF14604.13;PF25523.2
gene-Rbp1,PF00076.29;PF13893.13
gene-Rbp6,PF00076.29;PF16367.12;PF23085.2
gene-Rbpn-5,PF01363.28;PF03528.20;PF09311.17
gene-Rbsn-5,PF01363.28;PF11464.14
gene-Rcc1,PF00415.25;PF13540.13;PF25390.2
gene-Rcd-1,PF04078.20
gene-Rcd5,PF00498.32;PF13325.13
gene-Rchy1,PF05495.18;PF13639.13;PF14599.12
gene-RecQ4,PF00270.36;PF00271.38;PF11719.14
gene-RecQ5,PF00270.36;PF00271.38;PF08236.18;PF16124.11
gene-Reck,PF07648.21;PF22961.2;PF23298.2;PF23332.2;PF25027.2
gene-ReepB,PF03134.25
gene-Ref1,PF00076.29;PF13865.12
gene-Regnase-1,PF11977.15;PF18039.8;PF18561.8
gene-Remo,PF00002.30;PF00560.40;PF12799.14;PF13306.13;PF13855.13;PF26588.1
gene-Rep,PF00996.25;PF22603.3
gene-Reps,PF12763.14
gene-Rev1,PF00533.34;PF00817.26;PF11798.15;PF11799.14;PF16589.13;PF16727.11;PF21999.3
gene-Rexo5,PF00929.32
gene-RfC38,PF00004.36;PF03215.22;PF13177.13;PF21960.3;PF22534.3;PF25361.2
gene-RfC4,PF00004.36;PF08542.17;PF13173.13;PF13177.13;PF13191.13;PF13401.13
gene-Rfk,PF01687.24
gene-Rfx,PF02257.22;PF25340.1
gene-Rga,PF04153.25
gene-Rgl,PF00617.25;PF00618.26;PF00788.30
gene-Rh5,PF00001.27
gene-Rh50,PF00909.27
gene-Rhau,PF00270.36;PF00271.38;PF04408.30;PF07717.23
gene-Rheb,PF00009.34;PF00025.28;PF00071.29;PF08477.20
gene-Rho1,PF00025.28;PF00071.29;PF08477.20
gene-RhoBTB,PF00071.29;PF00651.38;PF08477.20
gene-RhoGAP100F,PF00595.30;PF00620.33;PF25336.2
gene-RhoGAP102A,PF00620.33
gene-RhoGAP15B,PF00169.36;PF00620.33
gene-RhoGAP19D,PF00169.36;PF00595.30;PF00620.33;PF13180.13;PF15410.13;PF17820.8
gene-RhoGAP1A,PF00620.33;PF00621.26;PF19057.7
gene-RhoGAP54D,PF00620.33
gene-RhoGAP5A,PF00017.31;PF00130.29;PF00620.33
gene-RhoGAP68F,PF00620.33;PF00650.26;PF13716.12
gene-RhoGAP71E,PF00620.33
gene-RhoGAP93B,PF00397.33;PF00620.33;PF00784.23
gene-RhoGAPp190,PF00071.29;PF00620.33;PF16512.12;PF19518.6;PF23083.2
gene-RhoGDI,PF02115.24
gene-RhoGEF2,PF00130.29;PF00595.30;PF00621.26;PF09128.17;PF13180.13;PF17820.8;PF17838.8
gene-RhoGEF64C,PF00621.26
gene-RhoL,PF00009.34;PF00025.28;PF00071.29;PF08477.20
gene-Rhp,PF00595.30;PF02185.23;PF03097.25;PF17820.8
gene-Ric,PF00009.34;PF00025.28;PF00071.29;PF08477.20
gene-Rich,PF07064.20;PF12894.14;PF25174.2;PF25440.3
gene-Rilpl,PF09744.15;PF11461.14
gene-Rim,PF00168.37;PF00595.30;PF02318.23;PF17820.8;PF22601.3
gene-Rim2,PF00153.33
gene-Rint1,PF04437.20
gene-Rip11,PF00168.37;PF09457.16
gene-Rlb1,PF09073.16
gene-Rlip,PF00620.33
gene-Rme-8,PF00226.37;PF14237.12;PF19432.5
gene-Rnb,PF00514.30;PF24768.2
gene-Rnf146,PF02825.27;PF13639.13;PF13920.13
gene-Rnmt,PF03291.23;PF08241.19;PF08242.19;PF13489.13;PF13649.13;PF13847.13
gene-Rnp4F,PF00076.29;PF05843.21;PF13893.13;PF23240.2
gene-RnrL,PF00317.27;PF02867.21;PF03477.22
gene-Roc1a,PF12678.14;PF12861.14;PF13639.13
gene-Roc2,PF12678.14;PF12861.14;PF13639.13
gene-Roe1,PF01025.25
gene-Root,PF08614.17;PF15035.12;PF19220.7;PF23649.2;PF24161.2
gene-Rop,PF00995.29
gene-Ror,PF00051.24;PF00069.32;PF07714.24;PF13927.13
gene-Rox8,PF00076.29;PF13893.13;PF14703.13;PF16367.12;PF16842.12
gene-RpA-70,PF01336.32;PF02721.21;PF04057.19;PF08646.17;PF16900.12
gene-RpI1,PF00623.26;PF04983.24;PF04997.18;PF04998.23;PF05000.23
gene-RpI12,PF01096.24
gene-RpI135,PF00562.34;PF04560.26;PF04561.20;PF04563.21;PF04565.22;PF06883.18
gene-RpII140,PF00562.34;PF04560.26;PF04561.20;PF04563.21;PF04565.22;PF04566.19;PF04567.23
gene-RpII15,PF01096.24;PF02150.22
gene-RpII18,PF01192.28
gene-RpII215,PF00623.26;PF04983.24;PF04990.18;PF04992.20;PF04997.18;PF04998.23;PF05000.23;PF05001.19
gene-RpII33,PF01000.32;PF01193.30
gene-RpIII128,PF00562.34;PF04560.26;PF04561.20;PF04563.21;PF04565.22;PF04566.19;PF04567.23
gene-RpIIIC53,PF05132.20
gene-RpL10,PF00252.25
gene-RpL10Ab,PF00687.27
gene-RpL11,PF00281.25;PF00673.27
gene-RpL12,PF00298.25;PF03946.20
gene-RpL13,PF01294.24
gene-RpL13A,PF00572.25
gene-RpL14,PF01929.24
gene-RpL15,PF00827.23
gene-RpL17,PF00237.25
gene-RpL18,PF17135.10
gene-RpL18A,PF01775.23
gene-RpL19,PF01280.27;PF25476.2
gene-RpL21,PF01157.25
gene-RpL22,PF01776.23
gene-RpL23,PF00238.25
gene-RpL23A,PF00276.26;PF03939.19
gene-RpL24,PF01246.27
gene-RpL24-like,PF01246.27
gene-RpL26,PF00467.36;PF16906.12
gene-RpL27,PF00467.36;PF01777.25
gene-RpL27A,PF00828.26
gene-RpL28,PF01778.23
gene-RpL29,PF01779.23
gene-RpL3,PF00297.29
gene-RpL30,PF01248.32
gene-RpL31,PF01198.25
gene-RpL32,PF01655.24
gene-RpL34,PF01199.24
gene-RpL35,PF00831.29
gene-RpL35A,PF01247.25
gene-RpL36,PF01158.24
gene-RpL36A,PF00935.26
gene-RpL37-1,PF01907.26
gene-RpL37A,PF01780.26
gene-RpL38,PF01781.24
gene-RpL39,PF00832.26
gene-RpL4,PF00573.28;PF14374.12
gene-RpL40,PF00240.30;PF01020.24;PF11976.15
gene-RpL5,PF14204.12;PF17144.10
gene-RpL6,PF01159.25;PF03868.21
gene-RpL7,PF00327.26;PF08079.18
gene-RpL7A,PF01248.32
gene-RpL8,PF00181.31;PF03947.25
gene-RpL9,PF00347.29
gene-RpLP0,PF00428.25;PF00466.26;PF17777.7
gene-RpLP0-like,PF00466.26;PF17777.7
gene-RpLP1,PF00428.25
gene-RpLP2,PF00428.25
gene-RpS10b,PF03501.22
gene-RpS11,PF00366.27;PF16205.11
gene-RpS12,PF01248.32
gene-RpS13,PF00312.28;PF08069.18
gene-RpS14,PF00411.25
gene-RpS15,PF00203.27
gene-RpS15A,PF00410.25
gene-RpS16,PF00380.26
gene-RpS17,PF00833.24
gene-RpS18,PF00416.28
gene-RpS19a,PF00041.28;PF00057.24;PF00058.24;PF01090.26;PF02012.27;PF15901.11;PF15902.13;PF16656.12
gene-RpS2,PF00333.27;PF03719.22
gene-RpS20,PF00338.28
gene-RpS21,PF01249.24
gene-RpS23,PF00164.32
gene-RpS24,PF01282.26
gene-RpS25,PF03297.22
gene-RpS26,PF01283.25
gene-RpS27,PF01667.24
gene-RpS27A,PF00240.30;PF01599.27;PF11976.15;PF14560.13
gene-RpS28b,PF01200.25
gene-RpS29,PF00253.28
gene-RpS3,PF00189.26;PF07650.24
gene-RpS30,PF04758.20
gene-RpS3A,PF01015.24
gene-RpS4,PF00467.36;PF00900.27;PF01479.31;PF08071.18;PF16121.11
gene-RpS5,PF00177.28
gene-RpS6,PF01092.25
gene-RpS7,PF01251.24
gene-RpS8,PF01201.28
gene-RpS9,PF00163.25;PF01479.31
gene-Rpa3,PF08661.18
gene-Rpb10,PF01194.23
gene-Rpb11,PF01193.30;PF13656.12
gene-Rpb12,PF03604.19
gene-Rpb5,PF01191.25;PF03871.21
gene-Rpb7,PF00575.30;PF03876.23
gene-Rpb8,PF03870.22
gene-Rpe,PF00834.26
gene-Rph,PF00168.37;PF02318.23
gene-Rpi,PF06026.21
gene-Rpn1,PF01851.29;PF17781.8;PF18051.7
gene-Rpn10,PF02809.27;PF04056.21;PF13519.13
gene-Rpn11,PF01398.27;PF14464.12;PF23594.2
gene-Rpn12,PF10075.16
gene-Rpn13,PF04683.20;PF16550.11
gene-Rpn2,PF01851.29;PF02985.29;PF13513.13;PF13646.13;PF18004.7;PF21505.4
gene-Rpn3,PF01399.34;PF08375.17;PF25573.1
gene-Rpn5,PF01399.34;PF18098.7;PF22241.3
gene-Rpn6,PF01399.34;PF18055.9;PF18503.8
gene-Rpn7,PF01399.34;PF10602.16;PF21154.3
gene-Rpn8,PF01398.27;PF13012.12
gene-Rpn9,PF01399.34;PF22037.3
gene-Rpp21,PF04032.23
gene-Rpp25,PF01918.28
gene-Rpp30,PF01876.23
gene-Rpt1,PF00004.36;PF17862.8;PF21236.4
gene-Rpt2,PF00004.36;PF07724.21;PF13401.13;PF16450.12;PF17862.8
gene-Rpt3,PF00004.36;PF07724.21;PF07728.21;PF13191.13;PF16450.12;PF17862.8
gene-Rpt4,PF00004.36;PF07724.21;PF07728.21;PF13191.13;PF13401.13;PF16450.12;PF17862.8
gene-Rpt5,PF00004.36;PF07728.21;PF13191.13;PF16450.12;PF17862.8;PF20720.4
gene-Rpt6,PF00004.36;PF07724.21;PF07728.21;PF13191.13;PF16450.12;PF17862.8;PF21236.4;PF23902.1
gene-Rrp4,PF14382.13;PF15985.12;PF21266.4
gene-Rrp40,PF15985.12;PF18311.8;PF21261.4;PF21262.4
gene-Rrp42,PF01138.28;PF03725.21
gene-Rrp45,PF01138.28
gene-Rrp46,PF01138.28
gene-Rrp5,PF00575.30;PF13428.13;PF13429.13;PF14559.13;PF23233.2;PF23240.2;PF23241.2;PF23459.2;PF24685.2
gene-Rrp6,PF00570.29;PF01612.27;PF07145.21
gene-Rs1,PF00270.36;PF00271.38;PF04851.22
gene-Rsf1,PF00076.29
gene-RsfS312,PF02410.22
gene-Rsph1,PF02493.27
gene-Rsph3,PF06098.17
gene-Rsph4a,PF04712.18
gene-Rsph9,PF04712.18
gene-RtGEF,PF00018.35;PF00169.36;PF00621.26;PF07653.24;PF14604.13
gene-Rtc1,PF01137.27;PF05189.19
gene-RtcB,PF01139.23
gene-Rtca,PF01137.27;PF05189.19
gene-Rtf1,PF03126.24
gene-Rtnl1,PF02453.24
gene-RunxA,PF00853.25
gene-RunxB,PF00853.25
gene-RyR,PF00520.38;PF00622.37;PF01365.28;PF02026.22;PF02815.26;PF06459.18;PF08454.18;PF08709.18;PF13499.13;PF21119.4
gene-S-Lap,PF00883.27;PF02789.24
gene-S1P,PF00082.28;PF23001.2;PF23090.2;PF23094.3
gene-S2P,PF02163.29
gene-S6KL,PF00069.32;PF03109.23;PF07714.24
gene-S6k,PF00069.32;PF00433.30;PF07714.24;PF14531.13
gene-S6kII,PF00069.32;PF01636.30;PF03109.23;PF06293.21;PF07714.24;PF14531.13;PF17667.8
gene-SA1,PF08514.18;PF21581.4;PF24571.3
gene-SAK,PF00069.32;PF07714.24;PF18190.8;PF18409.8
gene-SC1,PF00520.38;PF08016.19;PF16905.11
gene-SC35,PF00076.29
gene-SCAP,PF00400.39;PF02460.25;PF12349.15;PF13570.14;PF23381.2;PF23409.2;PF24006.3;PF24017.3;PF24796.2;PF24805.2;PF24807.2;PF24814.2;PF24817.2;PF25047.1;PF25048.2;PF25168.2;PF25171.2;PF25172.2;PF25173.2;PF25174.2;PF25175.2
gene-SCAR,PF27560.1
gene-SCCRO,PF03556.22;PF14555.13
gene-SCCRO3,PF03556.22
gene-SCCRO4,PF03556.22
gene-SCOT,PF01144.30
gene-SCRB3,PF01130.28
gene-SCRB4,PF01130.28
gene-SCaMC,PF00036.39;PF00153.33;PF13202.13;PF13405.13;PF13499.13;PF23564.2
gene-SDR39U1,PF01370.28;PF08338.17
gene-SERCA,PF00122.26;PF00689.27;PF00690.32;PF00702.33;PF08282.19;PF13246.13
gene-SF1,PF00013.36;PF16275.11;PF22675.3
gene-SF2,PF00076.29;PF08777.18
gene-SH3PX1,PF00018.35;PF00787.30;PF07653.24;PF10456.15;PF14604.13
gene-SIDL,PF12584.14;PF23036.2;PF23604.2
gene-SK,PF02888.22;PF03530.20;PF07885.23
gene-SLO2,PF03493.24;PF07885.23;PF22614.3
gene-SMC1,PF02463.26;PF06470.19;PF13175.13;PF13304.13;PF13476.13;PF13555.13
gene-SMC2,PF02463.26;PF06470.19;PF13304.13;PF13476.13
gene-SMC3,PF02463.26;PF06470.19;PF13175.13;PF13304.13;PF13476.13
gene-SMC5,PF02463.26;PF13175.13;PF13476.13
gene-SMC6,PF02463.26;PF13175.13;PF13304.13;PF13476.13
gene-SNRPG,PF01423.29
gene-SOCS5,PF00017.31;PF07525.22
gene-SOCS6,PF00017.31;PF07525.22
gene-SPARC,PF10591.16
gene-SPR,PF00001.27;PF10324.16
gene-SPZ1,PF16077.11
gene-SPoCk,PF00122.26;PF00689.27;PF00690.32;PF00702.33;PF13246.13
gene-SREBP,PF00010.32;PF23177.2
gene-SRPK,PF00069.32;PF07714.24
gene-ST5,PF00083.31;PF07690.22
gene-STUB1,PF00515.35;PF04564.22;PF07719.24;PF12895.14;PF13414.13;PF13424.13;PF13432.13;PF18391.8;PF25575.1
gene-SWIP,PF14744.12;PF14745.12;PF14746.12
gene-Sam-S,PF00438.26;PF02772.22;PF02773.22
gene-SamDC,PF01536.22
gene-Samtor,PF11968.15;PF13489.13
gene-Sans,PF00023.37;PF00536.38;PF07647.25;PF12796.14;PF13606.13;PF13637.13;PF13857.13
gene-Sap-r,PF02199.21;PF03489.23;PF05184.21;PF20825.3
gene-Sap130,PF16014.11
gene-Sap30,PF13866.12;PF13867.12
gene-Sap47,PF03909.23
gene-Sar1,PF00025.28;PF00503.27;PF01926.30;PF08477.20;PF09439.17
gene-Sardh,PF01266.31;PF01571.27;PF08669.18;PF16350.11
gene-Sarm,PF00536.38;PF07647.25;PF13676.12
gene-Sas-4,PF07202.19;PF25779.2
gene-Sas-6,PF16531.11
gene-Sas10,PF04000.21;PF09368.16
gene-Saysd1,PF10260.15
gene-Sb,PF00089.33
gene-Sbat,PF01423.29
gene-Sbds,PF01172.25;PF09377.17;PF20268.5
gene-Sc2,PF00240.30;PF02544.22;PF21696.4
gene-Scamp,PF04144.19
gene-Sce,PF00097.32;PF13639.13;PF13920.13;PF13923.13;PF16207.12
gene-Scgalpha,PF05510.19;PF20989.4
gene-Scgbeta,PF04790.19
gene-Schip1,PF10148.16
gene-Sclp,PF00560.40;PF12799.14;PF13855.13;PF23598.2
gene-Scm,PF00536.38;PF02820.25;PF06467.21
gene-Scox,PF00578.28;PF02630.21
gene-Scp1,PF00036.39;PF13202.13;PF13405.13;PF13499.13
gene-Scp2,PF00036.39;PF13202.13;PF13405.13;PF13499.13
gene-ScpX,PF00108.30;PF02036.23;PF02803.25;PF07451.18;PF22691.3
gene-Scr,PF00046.36
gene-Scr-c,PF00084.27;PF00629.31;PF01033.23
gene-ScsbetaA,PF00549.25;PF08442.16;PF13549.12;PF24948.2
gene-ScsbetaG,PF00549.25;PF08442.16;PF24948.2
gene-Sdc,PF01034.27
gene-SdhA,PF00890.31;PF02910.26
gene-SdhD,PF05328.18
gene-Sdhaf3,PF05347.22;PF13233.13
gene-Sec10,PF07393.18;PF20667.4
gene-Sec13,PF00400.39;PF12894.14;PF23381.2;PF23393.3;PF23411.2;PF23414.2;PF23609.2;PF23775.2;PF23869.2;PF24105.2;PF24782.3;PF24796.2;PF24805.2;PF24807.2;PF24814.2;PF24817.2;PF25047.1;PF25048.2;PF25172.2;PF25173.2;PF25174.2;PF25175.2;PF25391.2
gene-Sec15,PF04091.19;PF20651.4
gene-Sec16,PF12931.14
gene-Sec20,PF03908.19
gene-Sec22,PF00957.28;PF13774.13
gene-Sec23,PF00626.28;PF04810.21;PF04811.22;PF04815.21;PF08033.18
gene-Sec24AB,PF04810.21;PF04811.22;PF04815.21;PF08033.18
gene-Sec24CD,PF00626.28;PF04810.21;PF04811.22;PF04815.21;PF08033.18
gene-Sec31,PF00400.39;PF12931.14;PF21720.4;PF23381.2;PF23414.2;PF23609.2;PF23756.2;PF23775.2;PF24105.2;PF24796.2;PF24797.2;PF24805.2;PF24807.2;PF24814.2;PF24817.2;PF25047.1;PF25171.2;PF25173.2;PF25174.2;PF25175.2;PF25460.2
gene-Sec5,PF01833.31;PF15469.13
gene-Sec6,PF06046.20
gene-Sec61alpha,PF00344.26;PF10559.15
gene-Sec61beta,PF03911.22
gene-Sec63,PF00226.37;PF02889.22
gene-Sec71,PF01369.26;PF09324.16;PF12783.14;PF16213.12;PF20252.4
gene-Secp43,PF00076.29;PF17654.7
gene-Seipin,PF06775.20
gene-SelR,PF01641.27
gene-SelT,PF10262.16
gene-Sem1,PF05160.19
gene-Sema1a,PF01403.26;PF01437.32
gene-Sema2a,PF01403.26
gene-Sema5c,PF00090.26;PF01403.26;PF01437.32;PF19028.7;PF22195.3;PF23260.2
gene-Septin1,PF00009.34;PF00735.25;PF01926.30;PF03193.23
gene-Septin2,PF00735.25
gene-Septin4,PF00009.34;PF00735.25;PF01926.30;PF03193.23
gene-Ser,PF00008.34;PF01414.26;PF07657.20;PF12661.14;PF21700.4;PF21795.4;PF23575.2;PF25024.1
gene-Ser-4,PF00001.27;PF10320.16
gene-SerRS,PF00587.31;PF02403.28
gene-SerRS-m,PF00587.31
gene-Serinc,PF03348.22
gene-Sert,PF00209.25
gene-Set1,PF00076.29;PF00856.34;PF11764.14
gene-Set2,PF00397.33;PF00856.34;PF08236.18;PF17907.8
gene-Set8,PF00856.34
gene-Setd3,PF00856.34;PF09273.17
gene-Setx,PF00498.32;PF13086.13;PF13087.13;PF13245.13;PF13604.13
gene-Sf3a1,PF00240.30;PF01805.26;PF12230.14
gene-Sf3a2,PF12874.14;PF16835.11
gene-Sf3b1,PF02985.29;PF08920.16;PF13513.13;PF13646.13;PF20926.4;PF22646.3;PF23227.2;PF23271.2;PF24492.2;PF24714.2;PF24987.2;PF25757.2;PF25780.2
gene-Sf3b2,PF04037.19
gene-Sf3b3,PF03178.22;PF10433.16;PF23726.2
gene-Sf3b5,PF07189.17
gene-Sf3b6,PF00076.29
gene-Sfxn1-3,PF03820.23
gene-Sfxn2,PF03820.23
gene-Sgf11,PF08209.18
gene-Sgf29,PF07039.18
gene-Sgsh,PF00884.29;PF01663.28;PF16347.11
gene-Sgt1,PF04969.23;PF05002.21
gene-Sh3beta,PF04908.22
gene-Shab,PF00520.38;PF02214.29;PF07885.23
gene-Shal,PF00520.38;PF02214.29;PF07885.23;PF11601.14;PF11879.14
gene-Shark,PF00017.31;PF00023.37;PF00069.32;PF07714.24;PF12796.14;PF13606.13;PF13637.13;PF13857.13;PF24521.3
gene-Shaw,PF00520.38;PF02214.29;PF07885.23
gene-Shc,PF00017.31;PF00640.30
gene-Shmt,PF00464.26
gene-SiaT,PF00777.24
gene-Sik2,PF00069.32;PF07714.24;PF14531.13;PF23312.2
gene-Sin1,PF05422.18;PF16978.12;PF16979.12
gene-Sin3A,PF02671.27;PF08295.18;PF16879.11
gene-Sir-1,PF13965.13
gene-Sir-3,PF13965.13
gene-Sirt2,PF02146.24
gene-Sirt6,PF02146.24
gene-Sirt7,PF02146.24
gene-Skeletor,PF03351.23;PF10517.15;PF25489.2
gene-Ski6,PF01138.28
gene-SkpA,PF01466.25;PF03931.22
gene-Slbp,PF15247.12
gene-Sld5,PF05916.17;PF16922.12
gene-Slh,PF00995.29
gene-Slik,PF00069.32;PF07714.24;PF12474.14
gene-Slimp,PF00587.31
gene-Slmap,PF00498.32;PF27557.1
gene-Sln,PF07690.22
gene-Slu7,PF10500.15;PF11708.14
gene-SmB,PF01423.29
gene-SmD1,PF01423.29
gene-SmD2,PF01423.29
gene-SmD3,PF01423.29
gene-SmE,PF01423.29
gene-SmF,PF01423.29
gene-Smg5,PF10373.16;PF10374.16;PF13638.13
gene-Smg6,PF10373.16;PF10374.16;PF13638.13
gene-Smn,PF20635.2
gene-Smox,PF03165.23;PF03166.20
gene-Smr,PF00249.38;PF15784.11;PF27579.1
gene-Sms,PF01564.24;PF17284.8
gene-Smu1,PF00400.39;PF11715.17;PF12894.14;PF13570.14;PF16529.12;PF16755.12;PF17814.8;PF20426.5;PF23098.2;PF23342.2;PF23381.2;PF23383.2;PF23393.3;PF23409.2;PF23410.5;PF23411.2;PF23414.2;PF23419.3;PF23586.3;PF23609.2;PF23756.2;PF23761.2;PF23775.2;PF23798.2;PF23869.2;PF24017.3;PF24105.2;PF24780.2;PF24782.3;PF24796.2;PF24797.2;PF24805.2;PF24807.2;PF24814.2;PF24817.2;PF25047.1;PF25048.2;PF25168.2;PF25171.2;PF25172.2;PF25173.2;PF25174.2;PF25175.2;PF25178.1;PF25391.2;PF25460.2
gene-Smug,PF03167.26
gene-Smurf,PF00168.37;PF00397.33;PF00632.31
gene-Smyd3,PF01753.25
gene-Smyd4-3,PF00856.34;PF07719.24
gene-Smyd4-4,PF00856.34;PF01753.25
gene-Smyd5,PF00856.34
gene-SmydA-1,PF00856.34;PF01753.25
gene-Snap29,PF12352.14
gene-Snapin,PF14712.12
gene-Snf4agamma,PF00571.34
gene-Snmp1,PF01130.28
gene-Snmp2,PF01130.28
gene-Snoo,PF02437.24;PF08782.16
gene-Snr1,PF04855.18;PF21459.4
gene-Snrk,PF00069.32;PF07714.24;PF14531.13;PF23312.2
gene-Snup,PF21974.2
gene-Snx1,PF00787.30;PF09325.16;PF10456.15
gene-Snx16,PF00787.30
gene-Snx17,PF00787.30;PF18116.8;PF21271.3;PF21273.4
gene-Snx21,PF00787.30
gene-Snx27,PF00595.30;PF00787.30;PF00788.30;PF17820.8;PF21273.4;PF21989.3
gene-Snx3,PF00787.30
gene-Snx6,PF00787.30;PF09325.16
gene-Sobp,PF15279.12
gene-Sod1,PF00080.26
gene-Sod2,PF00081.28;PF02777.24
gene-Sol1,PF00431.27
gene-Son,PF00035.33;PF01585.29;PF14709.14
gene-Sos,PF00617.25;PF00618.26;PF00621.26
gene-Sou,PF10607.15
gene-Sox102F,PF00505.26;PF09011.17;PF24815.2
gene-Sox15,PF00505.26;PF09011.17;PF24815.2
gene-Sox21b,PF00505.26;PF09011.17
gene-SoxB3,PF00505.26;PF09011.17
gene-SoxN,PF00505.26;PF09011.17;PF12336.14
gene-Sp1,PF00096.33;PF13465.13;PF13894.13
gene-Spase12,PF06645.19
gene-Spase22-23,PF04573.18
gene-Spase25,PF06703.17
gene-SpdS,PF01564.24;PF17284.8
gene-Spf45,PF01585.29
gene-Spg7,PF00004.36;PF01434.25;PF06480.21;PF17862.8
gene-Spindly,PF28219.1
gene-Sply,PF00155.28;PF00266.26;PF00282.26;PF01041.24
gene-Spn,PF00595.30;PF17817.8
gene-SppL,PF04258.19
gene-Spred,PF00568.30;PF05210.19
gene-Sps1,PF00586.30;PF02769.28
gene-Spt-I,PF00155.28
gene-Spt5,PF00467.36;PF03439.19;PF11942.14;PF12815.13;PF23037.2;PF23042.3;PF23284.3;PF23287.2;PF23288.2;PF23290.2;PF23291.2;PF25088.2
gene-Spt6,PF00017.31;PF00575.30;PF12836.14;PF14632.12;PF14633.13;PF14635.13;PF14639.12;PF14641.12;PF17674.8;PF21710.4
gene-Sptr,PF00106.32;PF13561.13
gene-Sptz,PF01363.28;PF25569.2
gene-Spx,PF00076.29;PF16367.12
gene-Sqor,PF01266.31;PF07992.21
gene-Sra-1,PF05994.17;PF07159.18
gene-Sras,PF02517.22
gene-Src42A,PF00017.31;PF00069.32;PF07714.24
gene-Src64B,PF00017.31;PF00018.35;PF00069.32;PF07653.24;PF07714.24;PF14604.13
gene-Srp14,PF02290.21
gene-Srp19,PF01922.24
gene-Srp54,PF00076.29
gene-Srp54k,PF00448.29;PF02881.25;PF02978.27
gene-Srp68,PF16969.11
gene-Srp72,PF00515.35;PF07719.24;PF08492.18;PF12895.14;PF13176.13;PF13428.13;PF14559.13;PF17004.12
gene-Srp9,PF05486.18
gene-SrpRalpha,PF00448.29;PF02881.25;PF04086.20
gene-SrpRbeta,PF00025.28;PF00071.29;PF01926.30;PF04670.19;PF08477.20;PF09439.17
gene-Srrm1,PF01480.23
gene-Srx,PF02195.27
gene-SsRbeta,PF05753.21
gene-Ssadh,PF00171.28
gene-Ssb-c31a,PF02229.23
gene-Ssdp,PF04503.19
gene-Sse,PF03568.24
gene-Ssk,PF01284.29
gene-Ssl1,PF04056.21;PF07975.19;PF13519.13
gene-Ssrp,PF00505.26;PF03531.21;PF08512.19;PF09011.17;PF17292.9;PF21103.4;PF24815.2
gene-Ssu72,PF04722.19
gene-St2,PF00685.34
gene-Stacl,PF00018.35;PF00130.29;PF07653.24;PF14604.13;PF26085.1
gene-Stam,PF00018.35;PF00790.26;PF07653.24;PF14604.13
gene-Start1,PF01852.26;PF10457.15
gene-Stat92E,PF00017.31;PF01017.27;PF02864.21;PF02865.23;PF21354.4
gene-Stim,PF00536.38;PF07647.25;PF16533.11;PF25578.2
gene-Stip1,PF00515.35;PF01239.29;PF07719.24;PF09976.16;PF12569.15;PF12895.14;PF13174.13;PF13176.13;PF13181.13;PF13371.13;PF13374.13;PF13414.13;PF13424.13;PF13428.13;PF13429.13;PF13431.13;PF13432.13;PF14559.13;PF17830.7;PF23914.2;PF24575.2;PF25068.3;PF25575.1
gene-Stlk,PF00069.32;PF07714.24
gene-Stoml2,PF01145.32;PF16200.11
gene-Strip,PF07923.19;PF11882.14
gene-Strump,PF10266.15
gene-Stt3A,PF02516.21;PF21436.3;PF22627.1
gene-Stt3B,PF02516.21;PF21436.3
gene-Su(H),PF09270.17;PF09271.17;PF20144.6
gene-Su(P),PF00462.31;PF02798.27;PF13409.13;PF13417.13
gene-Su(Tpl),PF07303.19;PF10390.16
gene-Su(dx),PF00168.37;PF00397.33;PF00632.31
gene-Su(fu),PF05076.19;PF12470.14
gene-Su(var)2-10,PF02891.27;PF14324.13
gene-Su(var)3-3,PF01266.31;PF01593.31;PF04433.24;PF07992.21;PF13450.13
gene-Su(z)12,PF09733.15;PF23320.2
gene-Sugb,PF01306.26;PF03825.23;PF07690.22;PF12832.14
gene-Sulf1,PF00884.29;PF12548.14;PF16347.11
gene-Sult,PF00685.34;PF13469.13
gene-Sumo,PF00240.30;PF11976.15
gene-Sur,PF00005.34;PF00350.30;PF00664.29;PF02463.26;PF13481.13;PF13555.13
gene-Sur-8,PF00560.40;PF12799.14;PF13855.13;PF14580.13;PF23286.1;PF23598.2;PF25019.1
gene-Surf1,PF02104.21
gene-Surf4,PF02077.21
gene-Suv3,PF00271.38;PF12513.16;PF18114.8;PF18147.7;PF22527.3
gene-Svil,PF00626.28;PF02209.25;PF25480.2
gene-Svip,PF15811.12
gene-Swim,PF00112.30
gene-Swip-1,PF00036.39;PF13202.13;PF13405.13;PF13499.13;PF13833.13;PF21008.4
gene-Swt1,PF00397.33;PF13638.13
gene-Sxl,PF00076.29;PF22976.3
gene-Sym,PF11935.15;PF12295.14
gene-Syn,PF02078.23;PF02750.19
gene-Syn1,PF00595.30;PF18012.8;PF23012.3
gene-Syn2,PF00595.30;PF23012.3
gene-Synd,PF00018.35;PF00611.29;PF07653.24;PF14604.13
gene-Syngr,PF01284.29
gene-Synj,PF02383.24;PF08952.18;PF22669.3
gene-Sys1,PF09801.15
gene-Syt14,PF00168.37
gene-Syt4,PF00168.37
gene-Syt7,PF00168.37
gene-Syti,PF00168.37
gene-Syx13,PF05739.26;PF14523.13
gene-Syx16,PF05739.26
gene-Syx17,PF26585.1
gene-Syx18,PF10496.15
gene-Syx1A,PF00804.32;PF05739.26;PF14523.13
gene-Syx5,PF05739.26;PF11416.14
gene-Syx6,PF05739.26;PF09177.16
gene-Syx7,PF05739.26;PF14523.13
gene-T3dh,PF00465.26;PF13685.13;PF25137.1
gene-TAF1B,PF20645.3
gene-TAR2,PF00001.27;PF10320.16;PF13853.13
gene-TBC1D16,PF00566.26;PF23436.2
gene-TBC1D23,PF00566.26;PF00581.26;PF19430.4
gene-TBC1D5,PF00566.26
gene-TBC1d7,PF00566.26;PF23436.2
gene-TBCB,PF01302.32;PF14560.13
gene-TBCC,PF07986.18;PF16752.11
gene-TBCD,PF12612.14;PF13513.13;PF13646.13;PF23579.2;PF25767.2
gene-TDRD12,PF00270.36;PF00567.31;PF04969.23
gene-TER94,PF00004.36;PF00910.29;PF01057.24;PF01078.28;PF01637.25;PF02359.25;PF02933.24;PF05496.19;PF06068.20;PF06745.20;PF07724.21;PF07728.21;PF09336.17;PF12775.14;PF13173.13;PF13191.13;PF13207.13;PF13401.13;PF13521.13;PF13671.13;PF17862.8;PF20720.4;PF24883.3
gene-TFAM,PF00505.26;PF09011.17
gene-TH1,PF04858.19
gene-THADA,PF10350.16;PF25150.2;PF25151.2
gene-THG,PF04446.18;PF14413.12
gene-TM9SF2,PF02990.22
gene-TM9SF3,PF02990.22
gene-TM9SF4,PF02990.22
gene-TOR1,PF00454.34;PF02259.30;PF02260.26;PF08771.17;PF11865.15;PF13513.13;PF14559.13;PF23227.2;PF23271.2;PF23593.2;PF25574.2
gene-TPT,PF00892.27;PF03151.23
gene-TRAM,PF03798.22
gene-TSG101,PF05743.19;PF09454.16
gene-TTLL12,PF03133.21;PF25556.2
gene-TTLL15,PF03133.21
gene-TTLL5,PF03133.21
gene-Tace,PF00200.29;PF01421.26;PF13574.13;PF13582.13;PF13688.13;PF16698.11
gene-Taf1,PF00439.31;PF09247.17;PF12157.14;PF15288.12
gene-Taf11,PF04719.21
gene-Taf12,PF03847.20
gene-Taf13,PF02269.23
gene-Taf2,PF01433.27;PF25316.2;PF25577.2
gene-Taf3,PF00628.36;PF07524.20
gene-Taf5,PF00400.39;PF04494.21;PF12894.14;PF23342.2;PF23381.2;PF23383.2;PF23393.3;PF23409.2;PF23410.5;PF23414.2;PF23419.3;PF23609.2;PF23775.2;PF23869.2;PF24105.2;PF24780.2;PF24782.3;PF24796.2;PF24805.2;PF24807.2;PF24814.2;PF24817.2;PF25047.1;PF25048.2;PF25168.2;PF25171.2;PF25172.2;PF25173.2;PF25174.2;PF25175.2;PF25178.1;PF25391.2;PF25460.2
gene-Taf8,PF07524.20;PF10406.15
gene-Taf9,PF02291.22;PF07524.20;PF15511.13;PF15630.13
gene-Tak1,PF00069.32;PF07714.24;PF27575.1
gene-Taldo,PF00923.26
gene-Tango10,PF00651.38;PF07707.22;PF23651.2
gene-Tango11,PF05644.17
gene-Tango14,PF01255.25
gene-Tango2,PF05742.18
gene-Tango4,PF00400.39;PF12894.14;PF20426.5;PF23098.2;PF23381.2;PF23383.2;PF23393.3;PF23409.2;PF23410.5;PF23414.2;PF23419.3;PF23586.3;PF23609.2;PF23761.2;PF23798.2;PF23869.2;PF24017.3;PF24105.2;PF24780.2;PF24782.3;PF24796.2;PF24805.2;PF24807.2;PF24814.2;PF24817.2;PF25047.1;PF25048.2;PF25168.2;PF25171.2;PF25172.2;PF25173.2;PF25174.2;PF25175.2;PF25178.1;PF25391.2
gene-Tango5,PF02037.34;PF09335.17;PF27639.1
gene-Tango6,PF10304.16;PF10363.16;PF23565.2;PF25267.2
gene-Tango9,PF00892.27;PF04142.22;PF06027.19
gene-Tao,PF00069.32;PF07714.24
gene-Tap42,PF04177.19
gene-Tapdelta,PF05404.18
gene-Tasp1,PF01112.24
gene-Taz,PF01553.27
gene-Tbc1d15-17,PF00566.26;PF12068.15;PF23436.2
gene-Tbc1d22,PF00566.26;PF23436.2
gene-Tbc1d8-9,PF00566.26;PF02893.27;PF23436.2
gene-Tbca,PF02970.23
gene-Tbce,PF01302.32;PF12799.14;PF14580.13
gene-Tbh,PF01082.26;PF03351.23;PF03712.21
gene-Tbp,PF00352.28
gene-Tcs1,PF01300.25
gene-Tcs3,PF00814.32;PF22521.3
gene-Tctp,PF00838.25
gene-Tdc2,PF00282.26
gene-Tdh,PF01073.26;PF01370.28;PF02719.22;PF04321.24;PF07993.19;PF16363.12
gene-Teh1,PF16972.10
gene-Teh2,PF16972.10
gene-Teh3,PF16972.10
gene-Tektin-A,PF03148.20
gene-Ten-a,PF05593.20;PF07974.20;PF15636.12;PF23093.2;PF23106.2;PF24329.2;PF25020.2;PF25021.2;PF25023.2;PF25024.1
gene-Ten-m,PF05593.20;PF07974.20;PF15636.12;PF23093.2;PF23106.2;PF23538.2;PF24329.2;PF25020.2;PF25021.2;PF25023.2;PF25024.1
gene-Tert,PF00078.33;PF12009.14
gene-Tes,PF00412.29;PF06297.20
gene-Tet,PF12851.14
gene-Tf,PF00405.23;PF12974.13
gene-TfAP-2,PF03299.20
gene-TfIIA-L,PF03153.19
gene-TfIIA-S,PF02268.22;PF02751.20
gene-TfIIB,PF00134.29;PF00382.25;PF08271.18
gene-TfIIEalpha,PF02002.24;PF11521.14
gene-TfIIEbeta,PF02186.22;PF18121.8
gene-TfIIFalpha,PF05793.19
gene-TfIIS,PF01096.24;PF07500.20;PF08711.17
gene-Tfb1,PF03909.23;PF08567.18
gene-Tfb4,PF03850.21
gene-Tfb5,PF06331.18
gene-Tgi,PF07545.20;PF15245.12
gene-Tgs1,PF01170.25;PF02475.24;PF09445.17;PF13649.13;PF13847.13
gene-Tgt,PF01702.26
gene-Theg,PF14912.12
gene-Thor,PF05456.17
gene-ThrRS,PF00587.31;PF02824.28;PF03129.26;PF07973.20
gene-Tif-IA,PF05327.18
gene-Tim10,PF02953.21
gene-Tim23,PF02466.25
gene-Tim8,PF02953.21
gene-Tim9a,PF02953.21
gene-Time,PF00080.26
gene-Timp,PF00965.24
gene-Tip60,PF01853.25;PF11717.15;PF17772.8
gene-Tis11,PF00642.31;PF14608.13;PF18044.8;PF18345.8;PF25427.3;PF25585.2
gene-Tkz,PF00069.32;PF00754.32;PF07714.24;PF21114.4
gene-Tlk,PF00069.32;PF07714.24
gene-Tm,PF01918.28;PF12328.14
gene-Tm1,PF00261.26
gene-Tm2,PF00261.26;PF05335.19;PF06009.20;PF08614.17;PF12795.13;PF19220.7;PF24161.2
gene-Tmc,PF07810.19
gene-Tmem131,PF12371.15;PF15780.12;PF22073.3;PF24495.2;PF24499.2;PF24501.2
gene-Tmem18,PF14770.12
gene-Tmem214,PF10151.15
gene-Tmem43,PF07787.18
gene-Tmem63,PF02714.21;PF13967.12;PF14703.13
gene-Tmep,PF03619.23
gene-Tmf,PF12325.14;PF12329.14
gene-Tmhs,PF10242.15;PF13903.12
gene-Tmlh,PF02668.23;PF06155.18
gene-Tmtc2,PF00515.35;PF07719.24;PF07721.21;PF08409.17;PF13174.13;PF13176.13;PF13181.13;PF13371.13;PF13374.13;PF13414.13;PF13424.13;PF13428.13;PF13431.13;PF13432.13;PF14559.13;PF21033.5;PF23914.2;PF24575.2
gene-Tmtc3,PF00515.35;PF04733.21;PF07719.24;PF07721.21;PF08409.17;PF12895.14;PF13174.13;PF13176.13;PF13181.13;PF13231.13;PF13371.13;PF13374.13;PF13414.13;PF13424.13;PF13428.13;PF13431.13;PF13432.13;PF14559.13;PF17874.8;PF21033.5;PF23914.2;PF24575.2;PF25058.2;PF25060.1;PF25062.2;PF25063.1;PF25064.2
gene-Tnks,PF00023.37;PF00536.38;PF00644.27;PF07647.25;PF12796.14;PF13606.13;PF13637.13;PF13857.13;PF23745.2;PF24521.3
gene-Tnpo,PF00514.30;PF01602.27;PF02985.29;PF03810.26;PF12460.15;PF12717.14;PF12755.14;PF13513.13;PF13646.13;PF20168.5;PF23227.2;PF23271.2;PF24714.2;PF24987.2;PF25574.2;PF25757.2;PF25780.2
gene-Tnpo-SR,PF08389.19;PF24138.2;PF24139.2;PF24140.2
gene-Tob,PF07742.18
gene-Toll-6,PF00560.40;PF01582.26;PF12799.14;PF13306.13;PF13676.12;PF13855.13;PF14580.13;PF23598.2
gene-Tollo,PF00560.40;PF01582.26;PF12799.14;PF13306.13;PF13676.12;PF13855.13;PF14580.13
gene-Tom70,PF00515.35;PF07719.24;PF12569.15;PF12895.14;PF13176.13;PF13181.13;PF13371.13;PF13374.13;PF13414.13;PF13424.13;PF13428.13;PF13431.13;PF13432.13;PF14559.13;PF23914.2;PF25062.2;PF25063.1;PF25575.1
gene-Tomosyn,PF00957.28;PF08366.19;PF08596.17;PF12894.14;PF23381.2;PF23414.2;PF23756.2;PF23775.2;PF24807.2;PF24817.2;PF25047.1;PF25171.2;PF25173.2;PF25174.2;PF25175.2
gene-Top1,PF01028.26;PF02919.21;PF14370.12
gene-Top2,PF00204.32;PF00521.27;PF01751.29;PF02518.32;PF16898.11
gene-Top3alpha,PF01131.26;PF01396.25;PF01751.29;PF06839.18
gene-Top3beta,PF01131.26;PF01751.29;PF23546.2
gene-Torsin,PF00004.36;PF06309.18;PF07724.21;PF21376.4
gene-Tpi,PF00121.25
gene-TpnC25D,PF00036.39;PF12763.14;PF13202.13;PF13405.13;PF13499.13;PF13833.13;PF14658.13;PF20742.4;PF21008.4;PF24548.2
gene-TpnC41C,PF00036.39;PF12763.14;PF13202.13;PF13405.13;PF13499.13;PF13833.13;PF14658.13;PF21008.4
gene-TpnT,PF00992.26
gene-TppII,PF00082.28;PF12580.15;PF12583.15;PF21223.4;PF21316.4
gene-Tpr2,PF00226.37;PF00515.35;PF07719.24;PF12895.14;PF13174.13;PF13176.13;PF13181.13;PF13371.13;PF13414.13;PF13424.13;PF13428.13;PF13431.13;PF13432.13;PF14559.13;PF23914.2;PF25060.1;PF25575.1
gene-Tps1,PF00982.28;PF02358.23
gene-Tpst,PF00685.34;PF13469.13
gene-Tra2,PF00076.29
gene-Traf-like,PF21355.4;PF22486.3
gene-Traf4,PF02176.25;PF21355.4;PF22486.3
gene-Trap1,PF00183.24;PF13589.13
gene-Trax,PF01997.22
gene-Trc8,PF00097.32;PF12678.14;PF13639.13;PF13705.12;PF13923.13
gene-Tre1,PF00001.27;PF10320.16
gene-Treh-2,PF01204.25;PF22422.3
gene-Tret1,PF00083.31;PF07690.22
gene-Trhn,PF00351.27;PF01842.32
gene-Trim9,PF00041.28;PF00622.37;PF00643.30;PF13445.13;PF13920.13;PF15227.13;PF22586.2;PF27984.1
gene-Trm1,PF02005.23
gene-Trmt112,PF03966.23
gene-Trmt6,PF04189.19
gene-Trmt61,PF08704.17;PF13847.13
gene-Trp1,PF03839.22
gene-TrpA1,PF00023.37;PF00520.38;PF12796.14;PF13606.13;PF13637.13;PF13857.13;PF24521.3
gene-TrpRS,PF00579.32
gene-Trpm,PF00520.38;PF16519.11;PF18139.8;PF18171.7;PF23317.2;PF25508.2
gene-Trs20,PF04628.20
gene-Trs23,PF04099.19;PF04628.20
gene-Trs31,PF04051.22
gene-Trs33,PF04051.22
gene-Trx2,PF00085.27;PF00578.28;PF13098.14;PF13905.13
gene-Trxr1,PF00070.34;PF01262.28;PF01266.31;PF02852.29;PF03486.21;PF07992.21;PF13434.13;PF13738.13
gene-Tsc1,PF04388.18
gene-Tsen2,PF01974.24;PF02778.20
gene-Tsen34,PF01974.24;PF26577.1
gene-Tsen54,PF12928.13
gene-Tsf2,PF00405.23;PF12974.13
gene-Tsp,PF02412.24;PF05735.20;PF07645.22;PF12662.14
gene-Tsp26A,PF00335.27
gene-Tsp2A,PF00335.27
gene-Tsp68C,PF00335.27
gene-Tsp97E,PF00335.27
gene-Tsr1,PF04950.19;PF08142.19;PF22298.3
gene-Tssk,PF00069.32;PF07714.24;PF14531.13
gene-Ttc19,PF00515.35;PF07719.24;PF13181.13;PF13424.13
gene-Ttc26,PF12895.14;PF13174.13;PF14559.13
gene-Ttc30,PF00515.35;PF07719.24;PF12895.14;PF13181.13;PF13424.13;PF13428.13;PF13432.13;PF14559.13;PF21033.5;PF24575.2;PF25063.1
gene-Ttc7,PF00515.35;PF07719.24;PF13181.13;PF13371.13;PF13414.13;PF13428.13;PF13431.13;PF19440.6;PF23914.2
gene-Ttd14,PF13521.13
gene-Tti1,PF21547.4;PF24173.2;PF24176.2;PF24181.2
gene-Tua1,PF00091.32;PF03953.23
gene-Tua2,PF00091.32;PF03953.23
gene-Tua3,PF00091.32;PF03953.23
gene-Tub1,PF00091.32;PF03953.23
gene-Tudor-SN,PF00565.24;PF00567.31
gene-Tusp,PF01167.25;PF12894.14;PF23381.2;PF23389.2;PF24797.2;PF24807.2;PF25173.2;PF25174.2;PF25175.2
gene-TwdlE,PF03103.23
gene-TwdlT,PF03103.23
gene-Txl,PF00085.27;PF06201.20
gene-Tyms,PF00303.25
gene-TyrRS,PF00579.32;PF01588.27
gene-TyrRS-m,PF00579.32;PF22421.2
gene-U2A,PF12799.14;PF13855.13;PF14580.13
gene-U2af38,PF00076.29;PF00642.31
gene-U2af50,PF00076.29
gene-U3-55K,PF00400.39;PF20426.5;PF23381.2;PF23393.3;PF23409.2;PF23414.2;PF23760.2;PF23761.2;PF23775.2;PF23869.2;PF24017.3;PF24105.2;PF24780.2;PF24782.3;PF24796.2;PF24805.2;PF24807.2;PF24814.2;PF24817.2;PF25047.1;PF25048.2;PF25168.2;PF25171.2;PF25172.2;PF25173.2;PF25174.2;PF25175.2;PF25178.1;PF25391.2
gene-U4-U6-60K,PF00400.39;PF08799.18;PF12894.14;PF23381.2;PF23393.3;PF23409.2;PF23414.2;PF23609.2;PF23761.2;PF23775.2;PF23869.2;PF24105.2;PF24780.2;PF24782.3;PF24796.2;PF24805.2;PF24807.2;PF24814.2;PF24817.2;PF25047.1;PF25048.2;PF25168.2;PF25171.2;PF25172.2;PF25173.2;PF25174.2;PF25175.2;PF25391.2;PF25460.2
gene-UBL3,PF13881.13
gene-UGP,PF01704.25
gene-UGT39B1,PF00201.25;PF04101.23;PF06722.19
gene-UGT46A2,PF00201.25;PF06722.19
gene-UGT47A1,PF00201.25;PF04101.23;PF06722.19
gene-UGT48C1,PF00201.25;PF04101.23;PF06722.19
gene-UK114,PF01042.27
gene-UQCR-C1,PF00675.26;PF05193.27
gene-UQCR-C2,PF00675.26;PF05193.27
gene-UQCR-Q,PF02939.22
gene-USP,PF00104.36;PF00105.25
gene-Uba1,PF00899.28;PF09358.16;PF10585.15;PF16190.12;PF16191.11
gene-Uba2,PF00899.28;PF10585.15;PF14732.12
gene-Uba3,PF00899.28;PF08825.16
gene-Uba4,PF00899.28
gene-Uba5,PF00899.28
gene-Ubc10,PF00179.32
gene-Ubc13,PF00179.32
gene-Ubc4,PF00179.32
gene-Ubc6,PF00179.32
gene-Ubc7,PF00179.32
gene-UbcE2H,PF00179.32
gene-UbcE2M,PF00179.32
gene-Ube2g1,PF00179.32
gene-Ube3a,PF00632.31;PF16558.11
gene-Ube4A,PF04564.22;PF10408.15
gene-Ube4B,PF04564.22;PF10408.15
gene-Ublcp1,PF00240.30;PF03031.25
gene-Ubqn,PF00240.30;PF00627.38;PF11976.15;PF17830.7;PF23195.2
gene-Ubr1,PF02207.26;PF02617.23;PF18995.6;PF22960.3
gene-Ubr3,PF02207.26;PF18995.6;PF22960.3
gene-Ubx,PF00046.36
gene-Uccr,PF02271.22
gene-Uch,PF01088.28
gene-Uch-L5,PF01088.28;PF18031.7
gene-Uck,PF00485.25;PF13238.13
gene-Ucp4A,PF00153.33
gene-Uev1A,PF00179.32
gene-Ufc1,PF08694.17
gene-Ufd1-like,PF03152.22;PF24842.2
gene-Ufd4,PF00023.37;PF00632.31;PF06701.20;PF07738.20;PF12796.14;PF13606.13;PF13637.13;PF13857.13
gene-Ufl1,PF09743.15;PF23659.2;PF25041.2;PF25870.2
gene-Ufsp1,PF07910.20
gene-Ufsp2,PF07910.20;PF20908.3;PF26560.1
gene-Ugalt,PF00892.27;PF04142.22;PF08449.18
gene-Uggt,PF01501.27;PF06427.18;PF18400.8;PF18401.8;PF18402.8;PF18403.8;PF18404.8
gene-Ugt2,PF00201.25;PF06722.19
gene-Ugt50B3,PF00201.25;PF04101.23;PF06722.19
gene-Unc-115a,PF00412.29;PF02209.25
gene-Unc-76,PF07763.19
gene-Unc50,PF05216.19
gene-Unr,PF00313.29;PF14444.13;PF16745.12;PF23456.2
gene-Upf1,PF04851.22;PF09416.17;PF13086.13;PF13087.13;PF13245.13;PF13604.13;PF18141.8
gene-Upf2,PF02854.26;PF04050.21
gene-Upf3,PF03467.22
gene-Uqcc1,PF03981.18
gene-Uqcr11,PF08997.16
gene-Urm1,PF09138.18
gene-Uro,PF01014.24
gene-Urod,PF01208.24
gene-Uros1,PF02602.21
gene-Use1,PF09753.15
gene-Usf,PF00010.32
gene-Usp1,PF00443.36;PF13423.13
gene-Usp10,PF00443.36
gene-Usp12-46,PF00443.36;PF13423.13
gene-Usp14,PF00443.36;PF13423.13
gene-Usp15-31,PF00443.36;PF13423.13
gene-Usp16-45,PF00443.36;PF02148.26;PF13423.13
gene-Usp20-33,PF00443.36;PF02148.26;PF06337.18;PF13423.13
gene-Usp30,PF00443.36;PF13423.13
gene-Usp32,PF00036.39;PF00443.36;PF06337.18;PF13202.13;PF13405.13;PF13423.13;PF13499.13;PF13833.13;PF25265.1
gene-Usp39,PF00443.36;PF02148.26
gene-Usp5,PF00443.36;PF00627.38;PF02148.26;PF13423.13;PF17807.8;PF22562.3
gene-Usp7,PF00443.36;PF00917.33;PF12436.15;PF13423.13;PF14533.13;PF22486.3
gene-Utx,PF00515.35;PF02373.29;PF07719.24;PF13181.13;PF13431.13;PF21322.3;PF21326.5
gene-Uxs,PF01073.26;PF01370.28;PF04321.24;PF07993.19;PF16363.12
gene-Uxt,PF02996.23
gene-VAChT,PF07690.22
gene-VATPc,PF00137.27
gene-VGAT,PF01490.25
gene-VGlut,PF07690.22
gene-VIG,PF04774.21;PF16174.11
gene-ValRS,PF00133.29;PF08264.20;PF09334.18;PF13603.13
gene-ValRS-m,PF00133.29;PF08264.20;PF09334.18;PF13603.13
gene-Vamp7,PF00957.28;PF13774.13
gene-Vang,PF06638.17
gene-Vap33,PF00635.33
gene-Varp,PF00023.37;PF02204.24;PF12796.14;PF13606.13;PF13637.13;PF13857.13;PF24521.3
gene-Vav,PF00017.31;PF00018.35;PF00130.29;PF00169.36;PF00307.37;PF00621.26;PF11971.14;PF15411.13;PF22697.3
gene-Vdup1,PF00339.35;PF02752.28
gene-Vha100-2,PF01496.25
gene-Vha13,PF03179.21
gene-Vha14-1,PF01990.23
gene-Vha26,PF01991.24
gene-Vha44,PF03223.21
gene-Vha55,PF00006.32;PF02874.30;PF22919.2
gene-VhaAC39-1,PF01992.22
gene-VhaAC45,PF05827.18;PF20520.4
gene-VhaPPA1-1,PF00137.27
gene-VhaSFD,PF00514.30;PF03224.21;PF04826.20;PF11698.15
gene-Vhl,PF01847.23
gene-Vkor,PF07884.20
gene-Vlg,PF00270.36;PF00271.38;PF04851.22
gene-Vps11,PF23266.2;PF23341.2;PF23356.2
gene-Vps13,PF02224.25;PF12624.15;PF25033.2;PF25036.3;PF25037.2;PF28257.1
gene-Vps13B,PF12624.15
gene-Vps13D,PF12624.15;PF25033.2;PF25036.3
gene-Vps15,PF00069.32;PF00400.39;PF02985.29;PF22956.3;PF23098.2;PF23381.2;PF23414.2;PF24807.2;PF24814.2;PF24817.2;PF25047.1;PF25173.2;PF25174.2;PF25175.2
gene-Vps16A,PF04840.19;PF04841.20
gene-Vps2,PF03357.27
gene-Vps20,PF03357.27
gene-Vps24,PF03357.27
gene-Vps26,PF03643.21
gene-Vps28,PF03997.18
gene-Vps29,PF00149.34;PF12850.13
gene-Vps33B,PF00995.29
gene-Vps35,PF03635.24;PF27614.1
gene-Vps36,PF04157.23;PF11605.15
gene-Vps37B,PF07200.19
gene-Vps39,PF00637.27;PF00780.29;PF10366.16;PF10367.16;PF23556.2
gene-Vps4,PF00004.36;PF04212.25;PF06068.20;PF09336.17;PF17862.8
gene-Vps45,PF00995.29
gene-Vps50,PF10474.16;PF10475.16
gene-Vps51,PF04124.19;PF08700.18;PF15469.13
gene-Vps52,PF04129.19;PF09763.16;PF20655.4
gene-Vps53,PF04100.19;PF06046.20;PF16854.12
gene-Vps60,PF03357.27
gene-Vps8,PF23410.5
gene-Vta1,PF04652.22;PF18097.7
gene-Vti1a,PF05008.22;PF12352.14
gene-WDR79,PF00400.39;PF23381.2;PF23414.2;PF24105.2;PF24782.3;PF24796.2;PF24807.2;PF24814.2;PF24817.2;PF25047.1;PF25168.2;PF25171.2;PF25172.2;PF25173.2;PF25174.2;PF25175.2;PF25391.2;PF25460.2
gene-Wbp2,PF02893.27
gene-Wdfy2,PF00400.39;PF01363.28;PF23342.2;PF23381.2;PF23383.2;PF23393.3;PF23409.2;PF23414.2;PF23798.2;PF24105.2;PF24782.3;PF24796.2;PF24805.2;PF24807.2;PF24814.2;PF24817.2;PF25047.1;PF25048.2;PF25168.2;PF25171.2;PF25172.2;PF25173.2;PF25174.2;PF25175.2;PF25391.2
gene-Wdr24,PF00400.39;PF16755.12;PF21720.4;PF23098.2;PF23381.2;PF23383.2;PF23389.2;PF23393.3;PF23409.2;PF23414.2;PF23609.2;PF23775.2;PF24105.2;PF24782.3;PF24796.2;PF24805.2;PF24807.2;PF24814.2;PF24817.2;PF25047.1;PF25168.2;PF25171.2;PF25172.2;PF25173.2;PF25174.2;PF25175.2;PF25391.2;PF25460.2
gene-Wdr37,PF00400.39;PF20426.5;PF23098.2;PF23381.2;PF23393.3;PF23409.2;PF23414.2;PF23775.2;PF23869.2;PF24017.3;PF24105.2;PF24782.3;PF24796.2;PF24805.2;PF24807.2;PF24814.2;PF24817.2;PF25047.1;PF25048.2;PF25168.2;PF25171.2;PF25172.2;PF25173.2;PF25174.2;PF25175.2;PF25178.1;PF25391.2;PF25460.2
gene-Wdr59,PF00400.39;PF17120.12;PF23414.2;PF23609.2;PF23775.2;PF23869.2;PF24105.2;PF24796.2;PF24805.2;PF24807.2;PF24814.2;PF24817.2;PF25168.2;PF25172.2;PF25173.2;PF25174.2;PF25175.2;PF25391.2
gene-Wdr62,PF00400.39;PF12894.14;PF23098.2;PF23341.2;PF23342.2;PF23381.2;PF23383.2;PF23389.2;PF23393.3;PF23409.2;PF23410.5;PF23414.2;PF23609.2;PF23756.2;PF23869.2;PF24017.3;PF24105.2;PF24780.2;PF24782.3;PF24796.2;PF24805.2;PF24807.2;PF24814.2;PF24817.2;PF25047.1;PF25168.2;PF25171.2;PF25172.2;PF25173.2;PF25174.2;PF25175.2;PF25391.2;PF25460.2
gene-Wdr81,PF00400.39;PF02138.24;PF23381.2;PF23409.2;PF23414.2;PF24782.3;PF24796.2;PF24805.2;PF24807.2;PF24814.2;PF24817.2;PF25168.2;PF25171.2;PF25172.2;PF25173.2;PF25174.2;PF25175.2;PF25391.2
gene-Wdr82,PF00400.39;PF12894.14;PF23098.2;PF23342.2;PF23381.2;PF23389.2;PF23393.3;PF23409.2;PF23414.2;PF23419.3;PF23609.2;PF23775.2;PF23798.2;PF23869.2;PF24105.2;PF24780.2;PF24782.3;PF24796.2;PF24805.2;PF24807.2;PF24814.2;PF24817.2;PF25047.1;PF25048.2;PF25168.2;PF25171.2;PF25172.2;PF25173.2;PF25174.2;PF25175.2;PF25391.2;PF25460.2
gene-Wdr92,PF00400.39;PF23098.2;PF23381.2;PF23393.3;PF23409.2;PF23414.2;PF23609.2;PF23775.2;PF24782.3;PF24796.2;PF24805.2;PF24807.2;PF24814.2;PF24817.2;PF25047.1;PF25171.2;PF25172.2;PF25173.2;PF25174.2;PF25175.2
gene-Wnk,PF00069.32;PF07714.24;PF12202.15;PF24889.1
gene-Wnt10,PF00110.25
gene-Wnt2,PF00110.25
gene-Wnt4,PF00110.25
gene-Wnt6,PF00110.25
gene-Wwox,PF00106.32;PF00397.33;PF08659.17;PF13561.13
gene-XRCC1,PF00533.34;PF01834.23;PF12738.14;PF16589.13;PF16759.13
gene-Xbp1,PF00170.27;PF07716.21
gene-Xdh2,PF00111.33;PF00941.28;PF01315.28;PF01799.26;PF02738.24;PF03450.23;PF20256.4
gene-Xe7,PF25015.2
gene-Xpac,PF01286.24;PF05181.19
gene-Xpc,PF03835.22;PF10403.15;PF10405.16
gene-Xpd,PF04851.22;PF06733.22;PF06777.18;PF13307.13
gene-Y-b,PF03022.23
gene-Y-c,PF03022.23
gene-Y-d,PF03022.23
gene-Y-e,PF03022.23
gene-Y-fb,PF03022.23
gene-Y-y,PF03022.23
gene-YL-1,PF05764.19;PF08265.17
gene-YME1L,PF00004.36;PF01434.25;PF07728.21;PF17862.8
gene-Yif1,PF03878.21
gene-Yipf6,PF04893.23
gene-Yippee,PF03226.22
gene-Ykt6,PF00957.28;PF13774.13
gene-Yod1,PF02338.26;PF21403.5;PF24560.2
gene-Ypel,PF03226.22
gene-Ythdc1,PF04146.22
gene-Ythdf,PF04146.22
gene-Zasp52,PF00412.29;PF00595.30;PF13180.13;PF15936.11;PF17820.8
gene-Zasp66,PF00595.30;PF15936.11
gene-Zdhhc8,PF01529.26
gene-Zfrp8,PF01753.25;PF04194.19
gene-Zip102B,PF02535.29
gene-Zip48C,PF02535.29
gene-Zip71B,PF02535.29;PF21116.4
gene-Zip88E,PF02535.29
gene-Zip89B,PF02535.29
gene-Zip99C,PF02535.29
gene-Zir,PF06920.20;PF11878.14;PF14429.13;PF20421.5;PF20422.4;PF28208.1
gene-Ziz,PF00169.36;PF06920.20;PF11878.14;PF14429.13;PF20421.5;PF20422.4;PF28208.1
gene-Zmynd10,PF01753.25
gene-Zn72D,PF07528.21;PF12171.15;PF12874.14;PF20965.3
gene-ZnT49B,PF01545.27
gene-ZnT63C,PF01545.27;PF16916.12
gene-ZnT77C,PF01545.27
gene-ZnT86D,PF01545.27
gene-Zpr1,PF03367.20;PF22794.2
gene-Zw,PF00479.29;PF02781.22
gene-Zw10,PF20665.4;PF20666.4;PF22766.3
gene-Zwilch,PF09817.15
gene-_Bre2,PF01762.28
gene-_Bre3,PF13632.13
gene-_Bre4,PF02709.21;PF13733.13
gene-aPKC,PF00069.32;PF00130.29;PF00433.30;PF07714.24
gene-aay,PF00702.33;PF12710.14
gene-ab,PF00096.33;PF00651.38
gene-abd-A,PF00046.36;PF12407.13
gene-abo,PF09737.15
gene-abs,PF00270.36;PF00271.38
gene-ac,PF00010.32
gene-ace1,PF00135.35;PF07859.20;PF20434.6
gene-ace2,PF00135.35;PF07859.20;PF20434.6
gene-acj6,PF00046.36;PF00157.24
gene-adp,PF00400.39;PF00515.35;PF12894.14;PF13414.13;PF20426.5;PF23098.2;PF23342.2;PF23381.2;PF23393.3;PF23409.2;PF23414.2;PF23609.2;PF24105.2;PF24796.2;PF24797.2;PF24805.2;PF24807.2;PF24814.2;PF24817.2;PF25047.1;PF25168.2;PF25171.2;PF25172.2;PF25173.2;PF25174.2;PF25175.2;PF25391.2
gene-ae3,PF00135.35;PF20434.6
gene-ae48,PF00135.35;PF07859.20;PF20434.6
gene-aft,PF01728.26
gene-ago,PF00400.39;PF00646.39;PF11715.17;PF12894.14;PF12937.13;PF13570.14;PF20426.5;PF23342.2;PF23381.2;PF23393.3;PF23409.2;PF23414.2;PF23609.2;PF23760.2;PF23761.2;PF23775.2;PF23798.2;PF23869.2;PF24017.3;PF24105.2;PF24782.3;PF24796.2;PF24805.2;PF24807.2;PF24814.2;PF24817.2;PF25047.1;PF25048.2;PF25168.2;PF25171.2;PF25172.2;PF25173.2;PF25174.2;PF25175.2;PF25178.1;PF25391.2;PF25460.2
gene-aif,PF07992.21;PF14721.13
gene-ais,PF00270.36;PF00271.38;PF04851.22
gene-alc,PF04739.21;PF16561.12
gene-alien,PF01399.34;PF25983.1
gene-alka,PF02931.29;PF02932.22
gene-alph,PF00481.27;PF07830.19;PF13672.12
gene-alpha-Cat,PF01044.26
gene-alpha-Catr,PF01044.26
gene-alpha-Man-IIa,PF01074.29;PF07748.20;PF09261.17
gene-alpha-Man-IIb,PF01074.29;PF07748.20;PF09261.17
gene-alpha-Man-Ib,PF01532.27
gene-alpha-PheRS,PF01409.26;PF18552.8;PF18553.8;PF18554.8
gene-alpha-Spec,PF00018.35;PF00036.39;PF00435.28;PF07653.24;PF08726.17;PF13202.13;PF13405.13;PF13499.13;PF13833.13;PF14604.13
gene-alphaCOP,PF00400.39;PF04053.21;PF06957.18;PF12894.14;PF23098.2;PF23381.2;PF23393.3;PF23409.2;PF23414.2;PF23419.3;PF23609.2;PF23761.2;PF23869.2;PF23953.2;PF24017.3;PF24105.2;PF24780.2;PF24782.3;PF24796.2;PF24805.2;PF24807.2;PF24814.2;PF24817.2;PF25047.1;PF25048.2;PF25168.2;PF25171.2;PF25172.2;PF25173.2;PF25174.2;PF25175.2;PF25178.1;PF25391.2
gene-alphaSnap,PF02071.27;PF07719.24;PF13424.13;PF14938.13
gene-amon,PF00082.28;PF01483.28;PF16470.11
gene-amrt,PF05154.22
gene-amx,PF05154.22
gene-an-0128,PF06585.18
gene-an-0147,PF06585.18
gene-an-0895,PF06585.18
gene-ana1,PF28375.1
gene-anchor,PF00610.28;PF03547.24
gene-anne,PF00122.26;PF00702.33;PF12409.14;PF13246.13
gene-aop,PF00178.30;PF02198.24
gene-aos,PF11581.14
gene-ap,PF00046.36;PF00412.29
gene-aph-1,PF06105.18
gene-apolpp,PF00094.31;PF01347.29;PF09172.17
gene-app,PF01529.26
gene-aralar1,PF00036.39;PF00153.33;PF13202.13;PF13405.13;PF13499.13;PF13833.13
gene-arg,PF00491.27
gene-ari-1,PF01485.28;PF13923.13;PF19422.5;PF21235.5;PF22191.3;PF22605.3
gene-ari-2,PF01485.28;PF19422.5;PF22191.3;PF22605.3;PF26000.2
gene-arm,PF00514.30;PF01602.27;PF02985.29;PF05804.18;PF12717.14;PF13646.13;PF24768.2;PF25598.2
gene-arr,PF00057.24;PF00058.24;PF01731.27;PF08450.19;PF14670.13;PF16472.13;PF24468.2
gene-asf1,PF04729.20
gene-ash1,PF00856.34;PF01426.25;PF17907.8
gene-ash2,PF00622.37;PF21198.4;PF21257.4
gene-asp,PF00307.37;PF00612.34;PF15780.12
gene-aspr,PF00008.34;PF12947.14;PF21164.3
gene-ast,PF12813.13;PF27242.1;PF27698.1
gene-asun,PF10221.15
gene-ath,PF00270.36;PF00271.38;PF04408.30;PF07717.23;PF13401.13;PF21010.3
gene-atk,PF00560.40;PF12799.14;PF13306.13;PF13855.13;PF14580.13;PF23211.1;PF23952.2;PF24758.2
gene-atl,PF02263.26
gene-atms,PF03985.19
gene-atos,PF13889.12;PF13915.12
gene-aub,PF02170.29;PF02171.24;PF23278.2
gene-aurB,PF00069.32;PF03109.23;PF07714.24;PF14531.13
gene-aus,PF23069.2;PF23070.2;PF23071.2;PF23073.2
gene-aux,PF00069.32;PF00226.37;PF07714.24;PF10409.16;PF14531.13
gene-ave,PF00536.38;PF02198.24;PF07647.25
gene-awd,PF00334.25
gene-axed,PF00651.38;PF07707.22
gene-axo,PF00008.34;PF00054.31;PF02210.32;PF13385.14
gene-babo,PF00069.32;PF01064.31;PF07714.24;PF08515.18
gene-baf,PF02961.23
gene-bai,PF01105.30
gene-ball,PF00069.32;PF07714.24
gene-barc,PF00076.29
gene-bark,PF00530.24;PF05473.19;PF13229.13;PF15494.12
gene-barr,PF05786.20
gene-baz,PF00595.30;PF12053.15;PF13180.13;PF17820.8
gene-bbc,PF01066.27
gene-bbg,PF00595.30;PF13180.13;PF17820.8
gene-bbx,PF00505.26;PF09011.17
gene-bc10,PF06726.18
gene-bchs,PF00400.39;PF01363.28;PF02138.24;PF14844.13;PF20426.5;PF23295.2;PF23381.2;PF23409.2;PF24814.2;PF24817.2;PF25173.2;PF25174.2;PF25175.2;PF25391.2
gene-bcn92,PF05347.22;PF13233.13;PF23511.2
gene-bdg,PF00209.25
gene-bdl,PF00041.28;PF00047.32;PF07679.23;PF07686.24;PF13895.13;PF13927.13
gene-be2,PF00135.35;PF07859.20;PF20434.6
gene-beag,PF07807.17;PF07808.19
gene-beat-IIIc,PF07686.24;PF08205.19;PF13895.13;PF13927.13
gene-beg,PF00698.27
gene-bel,PF00270.36;PF00271.38
gene-bent,PF00041.28;PF00047.32;PF00069.32;PF01108.24;PF07495.20;PF07654.22;PF07679.23;PF07686.24;PF07714.24;PF08205.19;PF10179.16;PF11465.15;PF13895.13;PF13927.13;PF16655.13;PF16656.12;PF16893.12;PF21605.4;PF22854.3;PF22971.3;PF23376.2;PF24312.2;PF24489.2;PF24943.1;PF25059.2;PF25300.1;PF25305.2;PF25788.3;PF25833.1;PF28033.1;PF28321.1
gene-beta'COP,PF00400.39;PF04053.21;PF12894.14;PF20426.5;PF23341.2;PF23342.2;PF23381.2;PF23383.2;PF23393.3;PF23409.2;PF23414.2;PF23609.2;PF23756.2;PF23775.2;PF23869.2;PF23953.2;PF24017.3;PF24105.2;PF24780.2;PF24782.3;PF24796.2;PF24805.2;PF24807.2;PF24814.2;PF24817.2;PF25047.1;PF25048.2;PF25168.2;PF25171.2;PF25172.2;PF25173.2;PF25174.2;PF25175.2;PF25178.1;PF25391.2;PF25460.2
gene-beta-Man,PF22666.3
gene-beta-PheRS,PF03483.23;PF03484.22;PF17759.7;PF18262.8
gene-beta3GalTII,PF01762.28
gene-betaCOP,PF01602.27;PF07718.19;PF12717.14;PF14806.12
gene-betaggt-I,PF00432.28
gene-betaggt-II,PF00432.28
gene-bib,PF00230.26
gene-bic,PF01849.24
gene-bigmax,PF00010.32
gene-bisc,PF05154.22
gene-black,PF00282.26
gene-blp,PF03656.19
gene-blw,PF00006.32;PF00306.33;PF02874.30
gene-bma,PF00069.32;PF07714.24
gene-bmm,PF01734.28;PF13516.13;PF27087.1
gene-bnl,PF00167.25
gene-boca,PF10185.15
gene-boi,PF00041.28;PF00047.32;PF07679.23;PF07686.24;PF08205.19;PF13895.13;PF13927.13;PF16656.12;PF16680.12;PF22971.3;PF25059.2
gene-bon,PF00439.31;PF00628.36;PF00643.30;PF22586.2
gene-bonsai,PF00312.28
gene-bor,PF00004.36;PF12037.14
gene-bora,PF15280.12
gene-botv,PF03016.21;PF09258.17
gene-bou,PF17064.12
gene-bowl,PF00096.33;PF12874.14;PF13465.13;PF13894.13;PF13912.13
gene-br,PF00651.38;PF05605.19;PF13894.13
gene-brP-1649,PF06585.18
gene-brP-2095,PF06585.18
gene-brat,PF00643.30;PF01436.28;PF13445.13;PF17170.11
gene-brk,PF09607.17;PF13518.13
gene-bru3,PF00076.29;PF16367.12;PF25701.1
gene-brun,PF08626.17;PF26251.1;PF26254.1;PF26280.1;PF26282.1;PF26283.1
gene-bs,PF00319.24
gene-bsf,PF01535.27;PF12854.14;PF13041.13;PF13812.13;PF14559.13;PF17177.11;PF23276.3
gene-bsk,PF00069.32;PF07714.24
gene-btv,PF00004.36;PF07728.21;PF08393.19;PF12774.14;PF12777.12;PF12780.14;PF12781.14;PF13401.13;PF18198.8;PF20720.4;PF22597.3
gene-btz,PF09405.16
gene-bug,PF00085.27
gene-bur,PF00117.35;PF00958.28;PF02540.24;PF03054.23;PF06508.20;PF07722.20
gene-bwa,PF05875.19
gene-by,PF00017.31;PF08416.20;PF10409.16
gene-byn,PF00907.28
gene-bys,PF05291.17
gene-c11.1,PF02985.29;PF10363.16;PF13646.13;PF21047.4;PF23210.2;PF23221.2;PF23227.2
gene-c12.1,PF04889.18
gene-c12.2,PF07724.21;PF07728.21;PF13191.13;PF13401.13
gene-cN-IIIB,PF05822.19
gene-ca,PF00415.25;PF13540.13;PF25384.2;PF25390.2
gene-cac,PF00520.38;PF08016.19;PF08763.18;PF16905.11
gene-cact,PF00023.37;PF12796.14;PF13606.13;PF13637.13;PF13857.13
gene-cactin,PF09732.15;PF10312.15
gene-cad,PF00046.36
gene-calypso,PF01088.28;PF18031.7
gene-capt,PF08603.17;PF21938.2
gene-capu,PF02181.29
gene-car,PF00995.29
gene-carmine,PF00928.27
gene-cas,PF26743.1
gene-casp,PF00240.30;PF00789.27;PF14555.13;PF14560.13;PF21021.4
gene-cass,PF05918.18
gene-cbc,PF06807.20;PF16573.11;PF16575.12
gene-cbt,PF00096.33;PF13465.13;PF13894.13
gene-ccdc25,PF05670.19
gene-cd,PF03098.21
gene-cdi,PF00069.32;PF07714.24
gene-cdm,PF03810.26;PF08389.19;PF18773.8;PF18806.8
gene-ced-6,PF00640.30
gene-centrocortin,PF27644.1
gene-cert,PF00169.36;PF01852.26;PF15409.14
gene-cg,PF00096.33;PF13465.13;PF13894.13;PF23561.2
gene-chb,PF02985.29;PF12348.15;PF12717.14;PF13513.13;PF20168.5;PF21041.4;PF23271.2;PF24714.2;PF24987.2;PF25757.2;PF25780.2;PF25782.3
gene-cher,PF00630.26;PF04151.22;PF07495.20;PF16586.12;PF23616.2
gene-chic,PF00235.26
gene-chico,PF00169.36;PF02174.24
gene-chif,PF07535.19
gene-chm,PF01530.24;PF01853.25;PF17772.8
gene-chp,PF00560.40;PF12799.14;PF13306.13;PF13516.13;PF13855.13;PF14580.13;PF23211.1;PF23598.2;PF24048.2
gene-ci,PF00096.33;PF13465.13;PF16159.11;PF21816.4;PF23561.2
gene-cib,PF01290.26
gene-cic,PF00505.26;PF09011.17;PF16090.13;PF25981.1
gene-cin,PF00994.30;PF03453.23;PF03454.21
gene-ck,PF00063.28;PF00373.24;PF00612.34;PF00784.23;PF00788.30;PF02174.24;PF09379.17;PF21989.3;PF21998.3;PF24123.2;PF24522.2
gene-ckn,PF00536.38;PF07647.25
gene-clu,PF12807.13;PF13236.12;PF13374.13;PF13424.13;PF15044.12
gene-cn,PF01266.31;PF01494.26
gene-cni,PF03311.20
gene-cnir,PF03311.20
gene-cnk,PF00169.36;PF00536.38;PF07647.25
gene-cnn,PF07989.17
gene-cno,PF00498.32;PF00595.30;PF00788.30;PF01843.26;PF17820.8;PF23010.3;PF26705.1
gene-colt,PF00153.33
gene-conu,PF00620.33;PF26701.1
gene-conv,PF00560.40;PF12799.14;PF13306.13;PF13516.13;PF13855.13;PF14580.13;PF23952.2
gene-coro,PF00400.39;PF08953.18;PF12894.14;PF16300.12;PF23381.2;PF23414.2;PF23775.2;PF24105.2;PF24796.2;PF24805.2;PF24807.2;PF24814.2;PF24817.2;PF25047.1;PF25172.2;PF25173.2;PF25174.2;PF25175.2;PF25391.2;PF25460.2
gene-cos,PF00225.30;PF16796.12
gene-cpa,PF01267.23
gene-cpb,PF01115.23
gene-cpo,PF00076.29
gene-cpx,PF05835.18
gene-crb,PF00008.34;PF00054.31;PF02210.32;PF07645.22;PF07974.20;PF12661.14;PF25024.1
gene-crc,PF00170.27
gene-crim,PF17064.12
gene-crm,PF27753.1
gene-crn,PF02184.23;PF05843.21;PF07719.24;PF08311.19;PF13174.13;PF13424.13;PF13428.13;PF13431.13;PF13432.13;PF14559.13;PF23231.2;PF23233.2;PF23240.2;PF23241.2;PF23914.2
gene-croc,PF00250.25
gene-crok,PF17064.12
gene-crp,PF00010.32
gene-cry,PF00875.25;PF03441.20
gene-cry2,PF00875.25;PF03441.20
gene-csul,PF05185.23;PF17285.9;PF17286.8
gene-csw,PF00017.31;PF00102.33
gene-cta,PF00025.28;PF00503.27
gene-ctrip,PF00632.31;PF02825.27;PF25579.2
gene-cts,PF00083.31;PF07690.22
gene-cue,PF00058.24;PF25024.1
gene-cut,PF00046.36;PF02376.22
gene-cutlet,PF00004.36;PF25361.2
gene-cv,PF04668.18;PF23782.2
gene-cv-2,PF00093.25;PF00094.31;PF08742.17;PF23334.2;PF25028.2
gene-cv-c,PF00620.33;PF01852.26
gene-cv-d,PF01347.29;PF09172.17
gene-cwo,PF00010.32;PF07527.19
gene-cyc,PF00010.32;PF00989.32;PF08447.19;PF08448.17;PF13426.14;PF14598.13;PF21353.4
gene-cycD,PF00134.29;PF02984.25
gene-cyp33,PF00076.29;PF00160.27
gene-cype,PF02937.21
gene-cyr,PF25057.2
gene-cyst,PF00621.26;PF17838.8
gene-cysu,PF03098.21
gene-d4,PF14051.12
gene-dUTPase,PF00692.25;PF22769.2
gene-da,PF00010.32
gene-dac,PF02437.24
gene-dachs,PF00063.28
gene-dally,PF01153.26
gene-dare,PF07992.21;PF13450.13
gene-daw,PF00019.26
gene-dbe,PF17903.8;PF21800.5;PF22891.3
gene-dbf,PF12171.15;PF12874.14
gene-dbo,PF00651.38;PF01344.32;PF07646.22;PF07707.22;PF13415.13;PF13964.13;PF24681.2;PF24981.2;PF24996.1;PF25210.2
gene-dco,PF00069.32;PF07714.24;PF10545.16;PF17667.8
gene-dcr-2,PF00035.33;PF00270.36;PF00271.38;PF00636.32;PF02170.29;PF03368.20;PF04851.22;PF14622.12;PF20931.3;PF20932.4
gene-deltaCOP,PF00928.27
gene-dgo,PF00023.37;PF12796.14;PF13606.13;PF13637.13;PF13857.13;PF24521.3
gene-dgt1,PF13891.12
gene-dia,PF02181.29;PF06345.17;PF06346.18;PF06367.23;PF06371.20;PF21356.3
gene-dib,PF00067.28
gene-didum,PF00063.28;PF00612.34;PF01843.26;PF25966.1
gene-dila,PF27681.1;PF27695.1
gene-dimm,PF00010.32
gene-disp,PF02460.25;PF12349.15
gene-dlg1,PF00018.35;PF00595.30;PF00625.28;PF07653.24;PF09058.16;PF13180.13;PF17820.8
gene-dlp,PF01153.26
gene-dlt,PF15296.12
gene-dmpd,PF00646.39
gene-dmrt11E,PF00751.24
gene-dmrt93B,PF00751.24;PF03474.21
gene-dmrt99B,PF00751.24;PF03474.21
gene-dnr1,PF00373.24;PF09379.17;PF13920.13
gene-dnt,PF00069.32;PF02019.25;PF07714.24
gene-dock,PF00017.31;PF00018.35;PF07653.24;PF08239.18;PF14604.13;PF17902.8
gene-dom,PF00176.30;PF00271.38;PF04851.22;PF07529.19;PF15790.10
gene-dop,PF00069.32;PF00595.30;PF07714.24;PF08926.17;PF17820.8
gene-dor,PF00637.27;PF05131.21;PF26148.1
gene-dos,PF00169.36
gene-dpa,PF00493.30;PF01078.28;PF07728.21;PF14551.12;PF17207.10;PF17855.8;PF21128.6
gene-dpp,PF00019.26;PF00688.25
gene-drd,PF01757.29;PF20146.5
gene-dre4,PF00557.30;PF08512.19;PF08644.18;PF14826.13;PF21091.3;PF24824.2
gene-drk,PF00017.31;PF00018.35;PF07653.24;PF14604.13
gene-drn,PF01428.24
gene-drongo,PF01412.24
gene-drosha,PF00035.33;PF00636.32;PF14622.12;PF22935.2;PF26050.1
gene-drpr,PF00053.31;PF12661.14;PF23106.2;PF23301.2;PF25024.1
gene-ds,PF00028.24;PF08266.19;PF08758.18;PF17756.8;PF17803.8;PF18957.7;PF22914.3;PF23592.1;PF25374.1;PF28393.1;PF28399.1
gene-dsb,PF01130.28
gene-dsd,PF00431.27;PF01437.32;PF13415.13;PF13418.13;PF13854.13;PF23106.2;PF24681.2;PF24972.2;PF24973.2;PF24981.2;PF25024.1
gene-dsf,PF00104.36;PF00105.25
gene-dsh,PF00595.30;PF00610.28;PF00778.24;PF02377.21
gene-dsx,PF00751.24;PF08828.16
gene-dtn,PF15706.11;PF16070.12;PF23481.2;PF23486.2;PF23487.2
gene-dtr,PF12799.14;PF13855.13
gene-dup,PF08839.18;PF16679.12
gene-dve,PF00046.36;PF16534.12
gene-dy,PF00100.30;PF25057.2;PF25301.1
gene-dyl,PF00100.30;PF25057.2;PF25301.1
gene-dysc,PF00595.30;PF13180.13;PF17820.8
gene-e,PF00501.35;PF00550.32
gene-e(r),PF01133.24
gene-e(y)3,PF00628.36
gene-e96h-0303,PF06585.18
gene-eEF1alpha1,PF00009.34;PF03143.24;PF03144.32;PF22594.3
gene-eEF1beta,PF00736.25;PF10587.15;PF21972.2
gene-eEF1delta,PF00736.25;PF10587.15
gene-eEF1gamma,PF00043.31;PF00647.25;PF02798.27;PF13409.13;PF13410.12;PF13417.13
gene-eEF2,PF00009.34;PF00679.31;PF03144.32;PF03764.25;PF14492.13;PF22042.3
gene-eEF5,PF01287.27;PF21485.4
gene-eIF1,PF01253.28
gene-eIF1A,PF01176.26
gene-eIF2A,PF08662.18;PF24814.2;PF25174.2
gene-eIF2Balpha,PF01008.24
gene-eIF2Bbeta,PF00097.32;PF01008.24;PF12678.14;PF13639.13;PF13923.13;PF17123.12
gene-eIF2Bdelta,PF01008.24
gene-eIF2Bepsilon,PF00132.31;PF02020.25;PF24894.2;PF25084.2;PF25087.2;PF25247.2
gene-eIF2Bgamma,PF00483.30;PF12804.14;PF16314.12;PF24894.2;PF25084.2;PF25087.2
gene-eIF2D,PF01253.28;PF17832.8;PF25304.2;PF26291.1;PF26292.1
gene-eIF2alpha,PF00575.30;PF07541.18
gene-eIF2beta,PF01873.24
gene-eIF3a,PF01399.34;PF22591.3
gene-eIF3b,PF00076.29;PF08662.18;PF24817.2;PF25174.2;PF25460.2
gene-eIF3c,PF01399.34;PF05470.19;PF26569.1
gene-eIF3d1,PF05091.19
gene-eIF3e,PF01399.34;PF09440.16
gene-eIF3f1,PF01398.27;PF13012.12
gene-eIF3g1,PF00076.29;PF12353.14
gene-eIF3h,PF01398.27;PF19445.5
gene-eIF3i,PF00400.39;PF12894.14;PF20426.5;PF23342.2;PF23381.2;PF23383.2;PF23389.2;PF23393.3;PF23409.2;PF23410.5;PF23411.2;PF23414.2;PF23419.3;PF23761.2;PF23775.2;PF24017.3;PF24105.2;PF24782.3;PF24796.2;PF24805.2;PF24807.2;PF24814.2;PF24817.2;PF25047.1;PF25048.2;PF25168.2;PF25171.2;PF25172.2;PF25173.2;PF25174.2;PF25175.2;PF25391.2;PF25460.2
gene-eIF3j,PF08597.16
gene-eIF3k,PF10075.16
gene-eIF3l,PF10255.16
gene-eIF3m,PF01399.34;PF18005.7
gene-eIF4A,PF00270.36;PF00271.38;PF04851.22
gene-eIF4AIII,PF00270.36;PF00271.38
gene-eIF4B,PF00076.29
gene-eIF4EHP,PF01652.25
gene-eIF4H1,PF00076.29
gene-eIF5,PF01873.24;PF02020.25
gene-eIF5B,PF00009.34;PF01926.30;PF03144.32;PF11987.14;PF14578.13
gene-eIF6,PF01912.24
gene-eRF1,PF03463.21;PF03464.21;PF03465.21;PF18854.7;PF18859.7
gene-eRF3,PF00009.34;PF03143.24;PF03144.32;PF22594.3
gene-eag,PF00027.36;PF00520.38;PF00989.32;PF07885.23;PF08448.17;PF13426.14
gene-eas,PF01633.27;PF01636.30
gene-ebi,PF00400.39;PF08513.18;PF08662.18;PF12894.14;PF13570.14;PF20426.5;PF23098.2;PF23215.1;PF23342.2;PF23381.2;PF23383.2;PF23389.2;PF23393.3;PF23409.2;PF23410.5;PF23411.2;PF23414.2;PF23419.3;PF23609.2;PF23756.2;PF23760.2;PF23775.2;PF23798.2;PF23869.2;PF24017.3;PF24105.2;PF24780.2;PF24782.3;PF24796.2;PF24797.2;PF24805.2;PF24807.2;PF24814.2;PF24817.2;PF25047.1;PF25048.2;PF25168.2;PF25171.2;PF25172.2;PF25173.2;PF25174.2;PF25175.2;PF25178.1;PF25391.2;PF25460.2
gene-ebo,PF03810.26;PF08389.19;PF26714.1
gene-ec,PF00443.36
gene-eca,PF01105.30
gene-ecd,PF07093.17
gene-eco,PF13878.13;PF13880.13
gene-ed,PF00041.28;PF00047.32;PF07679.23;PF07686.24;PF08205.19;PF13895.13;PF13927.13;PF16680.12;PF16681.12;PF18452.8;PF22705.3;PF22854.3;PF22971.3
gene-edl,PF02198.24
gene-eff,PF00179.32
gene-egg,PF00856.34;PF01429.26;PF05033.23;PF18358.8;PF18359.8
gene-egl,PF01612.27;PF23713.3
gene-egr,PF00229.25
gene-elg1,PF13401.13;PF28135.1
gene-elgi,PF00097.32;PF04564.22;PF08941.16;PF11789.15;PF12678.14;PF13445.13;PF13639.13;PF13923.13;PF15227.13
gene-elm,PF00036.39;PF13202.13;PF13405.13;PF13499.13;PF13833.13;PF23564.2
gene-ema,PF09758.15;PF19439.5
gene-emb,PF03810.26;PF08389.19;PF08767.18;PF18777.8;PF18784.7;PF18787.8
gene-emc,PF00010.32
gene-emei,PF10268.15
gene-emp,PF01130.28
gene-ena,PF00568.30;PF08776.17
gene-enc,PF01424.29;PF12752.13
gene-enok,PF00538.26;PF01853.25;PF17772.8;PF21524.4
gene-epsilonCOP,PF04733.21;PF14559.13
gene-ergic53,PF03388.21;PF18483.9
gene-escl,PF00400.39;PF23381.2;PF23409.2;PF23414.2;PF23609.2;PF23869.2;PF24105.2;PF24796.2;PF24805.2;PF24807.2;PF24814.2;PF24817.2;PF25047.1;PF25168.2;PF25171.2;PF25172.2;PF25173.2;PF25174.2;PF25175.2
gene-esn,PF00412.29;PF06297.20;PF25076.2
gene-ewg,PF10491.15
gene-ex,PF00373.24;PF09380.17
gene-exd,PF00046.36;PF03792.19;PF05920.18
gene-exp,PF03166.20
gene-exu,PF18609.9;PF22123.3
gene-eya,PF00702.33
gene-eys,PF00008.34;PF00054.31;PF02210.32;PF07974.20;PF12661.14;PF13385.14;PF25024.1
gene-f,PF00023.37;PF12796.14;PF13606.13;PF13637.13;PF13857.13
gene-fab1,PF00118.30;PF00610.28;PF01363.28;PF01504.25
gene-fabp,PF00061.30;PF14651.13
gene-faf,PF00443.36;PF12030.14;PF13423.13;PF22900.3;PF25010.1
gene-fand,PF05843.21;PF07719.24;PF13181.13;PF13424.13;PF13428.13;PF13429.13;PF23220.2;PF23231.2;PF23233.2;PF23240.2;PF23241.2
gene-fat-spondin,PF00014.29;PF00090.26;PF02014.24;PF06468.20;PF19028.7;PF19030.7;PF19035.7
gene-fax,PF10568.16;PF13410.12;PF13417.13;PF17171.10;PF17172.11
gene-fbl,PF03630.21
gene-fbp,PF00316.26;PF18913.6
gene-fh,PF01491.23
gene-fid,PF08241.19;PF13489.13;PF13649.13;PF13847.13
gene-fidipidine,PF09762.15;PF21673.3
gene-fj,PF06702.19;PF28411.1
gene-fkh,PF00250.25;PF08430.18
gene-fl(2)d,PF00246.30;PF17098.11
gene-flfl,PF04802.23;PF22972.4
gene-fliI,PF00560.40;PF00626.28;PF12799.14;PF13855.13;PF14580.13;PF23211.1;PF23598.2;PF25466.1;PF25480.2
gene-flr,PF00400.39;PF08662.18;PF12894.14;PF16755.12;PF20426.5;PF23098.2;PF23342.2;PF23381.2;PF23383.2;PF23389.2;PF23393.3;PF23409.2;PF23410.5;PF23411.2;PF23414.2;PF23609.2;PF23756.2;PF23775.2;PF23869.2;PF24017.3;PF24105.2;PF24780.2;PF24782.3;PF24796.2;PF24797.2;PF24805.2;PF24807.2;PF24814.2;PF24817.2;PF25047.1;PF25048.2;PF25168.2;PF25171.2;PF25172.2;PF25173.2;PF25174.2;PF25175.2;PF25178.1;PF25391.2;PF25460.2;PF26550.2
gene-flz,PF00089.33
gene-fne,PF00076.29;PF13893.13;PF16842.12;PF22976.3
gene-foi,PF02535.29
gene-for,PF00027.36;PF00069.32;PF07714.24
gene-form3,PF02181.29;PF06367.23
gene-foxo,PF00250.25;PF16676.11
gene-fra,PF00041.28;PF00047.32;PF06583.18;PF07679.23;PF07686.24;PF08205.19;PF13895.13;PF13927.13;PF16656.12;PF23376.2;PF23526.2;PF25059.2;PF26526.1;PF28033.1
gene-fray,PF00069.32;PF07714.24;PF12202.15
gene-frc,PF03151.23
gene-frj,PF03062.25
gene-frtz,PF11768.15
gene-fru,PF00651.38;PF25431.2
gene-fry,PF14222.12;PF14225.12;PF14228.11;PF19421.5
gene-fs(2)ltoPP43,PF08574.16
gene-fsd,PF27923.1
gene-ft,PF00008.34;PF00028.24;PF00054.31;PF02210.32;PF08266.19;PF08758.18;PF17756.8;PF22914.3;PF23592.1;PF25374.1;PF28393.1;PF28399.1
gene-ftz-f1,PF00104.36;PF00105.25
gene-fu,PF00069.32;PF07714.24;PF12330.15
gene-fus,PF00076.29;PF28441.1;PF28442.1
gene-fusl,PF15993.11
gene-fuss,PF02437.24;PF08782.16
gene-fw,PF00059.28;PF00084.27;PF02793.28;PF22633.4
gene-fwd,PF00454.34;PF21245.4
gene-fwe,PF10233.15
gene-fws,PF10392.16;PF20649.4
gene-fy,PF19036.7;PF19037.7;PF19038.7
gene-fz,PF01392.29;PF01534.24
gene-fz2,PF01392.29;PF01534.24
gene-fz4,PF01392.29;PF01534.24
gene-fzr,PF00400.39;PF08662.18;PF12894.14;PF20426.5;PF23098.2;PF23342.2;PF23381.2;PF23383.2;PF23389.2;PF23393.3;PF23409.2;PF23414.2;PF23756.2;PF23770.2;PF23775.2;PF24105.2;PF24780.2;PF24782.3;PF24796.2;PF24805.2;PF24807.2;PF24814.2;PF24817.2;PF25047.1;PF25168.2;PF25171.2;PF25172.2;PF25173.2;PF25174.2;PF25175.2;PF25391.2;PF25460.2
gene-fzy,PF00400.39;PF12894.14;PF16529.12;PF23098.2;PF23381.2;PF23383.2;PF23389.2;PF23393.3;PF23409.2;PF23414.2;PF23775.2;PF23869.2;PF24017.3;PF24105.2;PF24780.2;PF24782.3;PF24796.2;PF24805.2;PF24807.2;PF24814.2;PF24817.2;PF25047.1;PF25168.2;PF25171.2;PF25172.2;PF25173.2;PF25174.2;PF25175.2;PF25391.2;PF25460.2
gene-galene,PF00520.38;PF07885.23
gene-galla-2,PF01883.25
gene-gammaTub37C,PF00091.32;PF03953.23
gene-garnet,PF01602.27;PF06375.17;PF12717.14;PF22928.3
gene-garz,PF01369.26;PF12783.14;PF23325.2
gene-gas2,PF00307.37;PF02187.23
gene-gbb,PF00019.26;PF00688.25
gene-gdl,PF07324.17
gene-gek,PF00069.32;PF00130.29;PF00433.30;PF00780.29;PF07714.24;PF14531.13;PF15796.11;PF25346.2
gene-gem,PF04516.21;PF18016.9;PF25416.2
gene-geminin,PF07412.18
gene-gfzf,PF00043.31;PF02798.27;PF13409.13;PF13410.12;PF13417.13;PF14497.12
gene-gish,PF00069.32;PF07714.24;PF12605.14;PF17667.8
gene-gkt,PF06087.19;PF10283.15
gene-glu,PF02463.26;PF06470.19;PF13304.13;PF13476.13
gene-gly,PF03071.22
gene-gny,PF03155.22
gene-gogo,PF00090.26
gene-gpp,PF08123.20
gene-gprs,PF00651.38;PF07707.22
gene-grh,PF04516.21;PF25416.2
gene-grn,PF00320.34;PF24458.2
gene-grp,PF00069.32;PF07714.24;PF14531.13
gene-grsm,PF00883.27;PF18295.8
gene-gry,PF07919.18;PF11817.15
gene-gudu,PF00514.30;PF01602.27;PF02985.29;PF04826.20;PF12717.14;PF13513.13;PF13646.13;PF23271.2;PF24768.2;PF25598.2
gene-gus,PF00622.37;PF07525.22
gene-gw,PF00627.38;PF12938.13
gene-gwl,PF00069.32;PF03109.23;PF07714.24
gene-gzl,PF00097.32;PF02225.28;PF12678.14;PF13445.13;PF13639.13;PF13923.13;PF14634.13;PF17123.12
gene-haf,PF12799.14;PF13306.13;PF13855.13;PF23598.2
gene-hay,PF00176.30;PF00270.36;PF00271.38;PF04851.22;PF13625.12;PF16203.12
gene-hd,PF27662.1
gene-hdm,PF16900.12;PF24903.2
gene-heca,PF15353.12;PF16002.11
gene-heix,PF01040.24
gene-hep,PF00069.32;PF07714.24;PF14531.13
gene-heph,PF00076.29;PF11835.15;PF13893.13;PF16842.12;PF22976.3
gene-hfp,PF00076.29
gene-hgo,PF04209.20;PF20510.5
gene-hh,PF01079.26;PF01085.24
gene-hibadh,PF02826.26;PF03446.22;PF03807.24;PF14833.12
gene-hig,PF00084.27
gene-hiw,PF00415.25;PF08005.18;PF13540.13;PF25384.2;PF25390.2
gene-hkb,PF00096.33;PF13465.13;PF13894.13
gene-hlk,PF00085.27;PF00578.28;PF02020.25;PF07449.18;PF09673.16;PF13098.14;PF13192.13;PF13728.13;PF13743.13;PF13905.13;PF20207.5;PF24508.2
gene-hob,PF10344.16
gene-hoip,PF01248.32
gene-holn1,PF02213.22
gene-homer,PF00568.30
gene-hook,PF05622.18;PF19047.6
gene-hop,PF00069.32;PF07714.24;PF18377.7;PF21990.3
gene-how,PF00013.36;PF16544.11;PF22675.3
gene-hpo,PF00069.32;PF03109.23;PF07714.24;PF17667.8
gene-hppy,PF00069.32;PF00780.29;PF07714.24
gene-hrg,PF01909.30;PF04926.21;PF04928.23;PF20750.4
gene-hry,PF00010.32
gene-hth,PF00046.36;PF05920.18;PF16493.11
gene-hts,PF00596.28
gene-htt,PF12372.15;PF20925.4;PF20926.4;PF20927.4
gene-hwt,PF00017.31
gene-hyd,PF00632.31;PF00658.25;PF11547.15
gene-hyx,PF05179.21;PF16050.11
gene-hzg,PF03031.25
gene-iPLA2-VIA,PF00023.37;PF01734.28;PF12796.14;PF13606.13;PF13637.13;PF13857.13
gene-iav,PF00023.37;PF00520.38;PF12796.14;PF13606.13;PF23317.2
gene-ich,PF00096.33;PF13465.13;PF13894.13
gene-icln,PF03517.20
gene-ics,PF00560.40;PF12799.14;PF13855.13;PF23598.2
gene-ida,PF12862.14;PF21371.3
gene-if,PF01839.30;PF08441.19;PF20805.4;PF20806.4
gene-ifc,PF00487.31;PF08557.16
gene-imd,PF00531.29
gene-in,PF19031.7;PF19032.7;PF19033.7
gene-inaE,PF01764.32
gene-inaF-D,PF15018.12
gene-inc,PF02214.29
gene-ine,PF00209.25
gene-insc,PF19427.6
gene-irp2,PF02014.24
gene-ix,PF11568.14
gene-jagn,PF07086.18
gene-jar,PF00063.28;PF16521.11;PF21521.4
gene-jbug,PF00307.37;PF00630.26;PF16586.12;PF23616.2;PF23623.2
gene-jdp,PF00226.37
gene-jef,PF03825.23;PF07690.22;PF12832.14
gene-jet,PF13516.13;PF24048.2;PF25372.2
gene-jhe1,PF00135.35;PF07859.20;PF20434.6
gene-jim,PF00096.33;PF12171.15;PF13465.13;PF13894.13;PF23077.2;PF23561.2
gene-jing,PF26014.1
gene-js,PF01607.30
gene-jub,PF00412.29
gene-jumu,PF00250.25
gene-jus,PF01683.24
gene-kappaB-Ras,PF00071.29;PF08477.20
gene-kar,PF07690.22
gene-kay,PF00170.27;PF03131.23;PF07716.21
gene-kdn,PF00285.27
gene-kek5,PF00047.32;PF07679.23;PF13306.13;PF13855.13;PF13895.13;PF13927.13
gene-kel,PF00651.38;PF01344.32;PF07646.22;PF07707.22;PF13415.13;PF13964.13;PF24681.2;PF24981.2;PF24996.1;PF25210.2
gene-ken,PF00096.33;PF00651.38;PF13465.13;PF13894.13
gene-kermit,PF00595.30;PF25082.2;PF25083.1
gene-key,PF16516.11
gene-kibra,PF25802.1
gene-kin17,PF10357.17;PF18131.9;PF25088.2;PF25092.2;PF25095.2
gene-kkv,PF01644.24;PF03142.22;PF13632.13;PF23000.3
gene-kl-2,PF03028.22;PF07728.21;PF08385.18;PF08393.19;PF12774.14;PF12775.14;PF12777.12;PF12780.14;PF12781.14;PF17852.7;PF17857.7;PF18198.8;PF18199.7;PF22597.3;PF25007.2
gene-kl-3,PF00004.36;PF03028.22;PF07728.21;PF08385.18;PF08393.19;PF12774.14;PF12775.14;PF12777.12;PF12780.14;PF12781.14;PF13191.13;PF13401.13;PF17852.7;PF17857.7;PF18198.8;PF18199.7;PF22597.3
gene-klar,PF10541.15
gene-klhl10,PF00651.38;PF01344.32;PF07646.22;PF07707.22;PF13415.13;PF13964.13;PF24681.2;PF24878.2;PF24981.2;PF24996.1;PF25210.2
gene-kmr,PF00169.36
gene-kn,PF01833.31;PF16422.11;PF16423.11
gene-knk,PF03351.23;PF10517.15;PF25489.2
gene-knockout,PF10264.16
gene-koko,PF00134.29
gene-kon,PF00054.31;PF02210.32;PF16184.12;PF17803.8
gene-kra,PF02020.25;PF25504.2
gene-kraken,PF00561.27;PF12146.16;PF12697.14
gene-kri,PF14681.13
gene-krz,PF00339.35;PF02752.28
gene-ksh,PF06842.18
gene-ksr,PF00069.32;PF00130.29;PF07714.24;PF11888.14;PF13543.14;PF20406.4;PF20744.4
gene-kst,PF00018.35;PF00169.36;PF00307.37;PF00435.28;PF14604.13;PF15410.13
gene-kto,PF09497.16;PF12145.14
gene-ktub,PF01167.25;PF16322.11
gene-kud,PF05251.18
gene-kug,PF00008.34;PF00028.24;PF00054.31;PF02210.32;PF08266.19;PF08758.18;PF17756.8;PF17963.8;PF18957.7;PF22914.3;PF23592.1;PF25374.1;PF28399.1
gene-kune,PF00822.26;PF13903.12
gene-kuz,PF00200.29;PF13574.13;PF13582.13;PF13583.12;PF13688.13;PF21299.3
gene-kz,PF00270.36;PF00271.38;PF07717.23;PF21010.3;PF23362.2
gene-l(1)10Bb,PF01125.23
gene-l(1)G0004,PF22891.3
gene-l(1)G0007,PF00270.36;PF00271.38;PF04408.30;PF07717.23;PF21010.3
gene-l(1)G0020,PF05127.22;PF08351.19;PF13718.13;PF13725.13
gene-l(1)G0196,PF00328.28;PF18086.8
gene-l(1)G0289,PF01437.32
gene-l(1)G0320,PF03896.22
gene-l(1)sc,PF00010.32
gene-l(2)05287,PF00400.39;PF23381.2;PF23409.2;PF23414.2;PF23769.2;PF23869.2;PF24796.2;PF24807.2;PF24814.2;PF24817.2;PF25172.2;PF25173.2;PF25174.2;PF25175.2
gene-l(2)09851,PF00400.39;PF12265.15;PF12894.14;PF23098.2;PF23381.2;PF23383.2;PF23389.2;PF23393.3;PF23409.2;PF23414.2;PF23609.2;PF23775.2;PF24105.2;PF24782.3;PF24796.2;PF24797.2;PF24805.2;PF24807.2;PF24814.2;PF24817.2;PF25047.1;PF25168.2;PF25171.2;PF25172.2;PF25173.2;PF25174.2;PF25175.2;PF25391.2;PF25460.2
gene-l(2)10685,PF01189.24
gene-l(2)37Bb,PF01266.31
gene-l(2)37Cb,PF00270.36;PF00271.38;PF04408.30;PF07717.23;PF21010.3
gene-l(2)37Cd,PF09734.16;PF17682.7
gene-l(2)37Cg,PF01193.30;PF13656.12
gene-l(2)dtl,PF00400.39;PF23098.2;PF23381.2;PF23393.3;PF23409.2;PF23414.2;PF23609.2;PF23775.2;PF24105.2;PF24780.2;PF24782.3;PF24796.2;PF24805.2;PF24807.2;PF24814.2;PF24817.2;PF25047.1;PF25168.2;PF25171.2;PF25172.2;PF25173.2;PF25174.2;PF25175.2;PF25178.1;PF25391.2;PF25460.2
gene-l(2)gd1,PF21528.3
gene-l(2)gl,PF00400.39;PF08366.19;PF12894.14;PF23381.2;PF23383.2;PF23410.5;PF23414.2;PF23756.2;PF24796.2;PF24807.2;PF24814.2;PF24817.2;PF25171.2;PF25173.2;PF25174.2;PF25175.2
gene-l(2)k01209,PF00485.25;PF13238.13;PF14681.13
gene-l(2)k09022,PF08146.18;PF12397.14;PF23243.2
gene-l(2)k09848,PF00400.39;PF12894.14;PF23381.2;PF23410.5;PF23414.2;PF24796.2;PF24805.2;PF24807.2;PF24814.2;PF24817.2;PF25171.2;PF25172.2;PF25173.2;PF25174.2;PF25175.2
gene-l(2)k14505,PF07542.17
gene-l(3)02640,PF01379.26;PF03900.21
gene-l(3)05822,PF00018.35;PF07653.24;PF14604.13
gene-l(3)07882,PF04147.18
gene-l(3)72Ab,PF00270.36;PF00271.38;PF02889.22;PF04851.22;PF18149.7;PF21188.3;PF23445.2
gene-l(3)72Dn,PF00400.39;PF12894.14;PF23098.2;PF23342.2;PF23381.2;PF23393.3;PF23409.2;PF23410.5;PF23414.2;PF23756.2;PF24796.2;PF24805.2;PF24807.2;PF24814.2;PF24817.2;PF25047.1;PF25168.2;PF25171.2;PF25172.2;PF25173.2;PF25174.2;PF25175.2;PF25391.2
gene-l(3)73Ah,PF00097.32;PF13639.13;PF13923.13;PF14634.13;PF16207.12
gene-l(3)76BDm,PF12739.13;PF24542.2;PF24545.2
gene-l(3)77CDf,PF03034.21
gene-l(3)80Fg,PF00085.27;PF00226.37;PF26968.1;PF26973.1;PF26976.1
gene-l(3)80Fj,PF01602.27;PF02985.29;PF10274.16;PF11865.15;PF12348.15;PF12460.15;PF12717.14;PF12755.14;PF13513.13;PF13646.13;PF20168.5;PF20416.5;PF20926.4;PF22958.3;PF23227.2;PF23271.2;PF24492.2;PF24573.2;PF24714.2;PF24984.2;PF24987.2;PF24993.2;PF25757.2;PF25780.2;PF25782.3;PF25786.1;PF25801.2;PF26715.1;PF28359.1
gene-l(3)87Df,PF12597.14
gene-l(3)mbn,PF00379.30
gene-l(3)mbt,PF02820.25
gene-l(3)neo43,PF14138.12
gene-lace,PF00155.28;PF01212.28
gene-lama,PF04916.19
gene-lap,PF01417.27;PF07651.23
gene-lark,PF00076.29;PF00098.29
gene-larp,PF05383.24;PF21071.4
gene-lasp,PF00018.35;PF00412.29;PF00880.24;PF07653.24;PF14604.13
gene-ldbr,PF00149.34;PF05011.19
gene-ldd,PF00005.34;PF03193.23;PF12698.14;PF13304.13;PF13476.13;PF13555.13
gene-lds,PF00176.30;PF00271.38
gene-lft,PF14954.13
gene-lic,PF00069.32;PF07714.24
gene-lig,PF12478.14;PF28540.1
gene-lili,PF04791.22
gene-lilli,PF18876.7
gene-lin,PF14694.12;PF14695.12
gene-lin-28,PF00313.29
gene-lin-52,PF10044.15
gene-lms,PF00046.36
gene-loaf,PF00057.24
gene-lobo,PF24656.2;PF24667.2;PF24671.3
gene-loco,PF00595.30;PF00615.25;PF02196.23;PF17820.8
gene-loj,PF01105.30
gene-lost,PF01812.27
gene-lov,PF00651.38;PF05225.23
gene-lovit,PF07690.22
gene-lqf,PF01417.27
gene-lqfR,PF01417.27;PF10193.15
gene-lsn,PF04157.23
gene-lt,PF00637.27;PF23411.2;PF23555.2;PF23556.2
gene-ltl,PF00560.40;PF12799.14;PF13855.13;PF14580.13
gene-lute,PF00651.38;PF07707.22;PF08005.18
gene-lwr,PF00179.32
gene-m,PF25057.2
gene-m-cup,PF00023.37;PF12796.14;PF13606.13;PF13637.13;PF13857.13
gene-mAChR-A,PF00001.27;PF10320.16
gene-mAChR-B,PF00001.27;PF10320.16;PF10328.16
gene-mAChR-C,PF00001.27
gene-mAcon1,PF00330.26;PF00694.26
gene-mEFG1,PF00009.34;PF00679.31;PF03144.32;PF03764.25;PF14492.13;PF16658.12;PF22042.3
gene-mEFTs,PF00889.26;PF25025.1
gene-mEFTu1,PF00009.34;PF03143.24;PF03144.32
gene-mIF2,PF00009.34;PF00025.28;PF01926.30;PF11987.14;PF22042.3
gene-mRF1,PF00472.27;PF03462.24
gene-mRNA-cap,PF00782.26;PF01331.26;PF03919.22;PF22785.2
gene-mRRF1,PF01765.25
gene-mRRF2,PF00009.34;PF00679.31;PF03144.32;PF14492.13;PF16658.12;PF22042.3
gene-mRpL1,PF00687.27
gene-mRpL11,PF00298.25;PF03946.20
gene-mRpL12,PF00542.25;PF16320.11
gene-mRpL13,PF00572.25
gene-mRpL14,PF00238.25
gene-mRpL15,PF00828.26
gene-mRpL16,PF00252.25
gene-mRpL17,PF01196.25
gene-mRpL19,PF01245.27
gene-mRpL2,PF00181.31;PF03947.25
gene-mRpL20,PF00453.24
gene-mRpL22,PF00237.25
gene-mRpL23,PF00276.26
gene-mRpL24,PF00467.36;PF17136.11
gene-mRpL27,PF01016.25
gene-mRpL3,PF00297.29
gene-mRpL32,PF01783.30
gene-mRpL34,PF00468.23
gene-mRpL35,PF01632.25
gene-mRpL37,PF07147.19
gene-mRpL38,PF01161.26
gene-mRpL4,PF00573.28
gene-mRpL40,PF09812.15
gene-mRpL41,PF09809.15
gene-mRpL43,PF05047.23
gene-mRpL44,PF22892.3;PF22935.2
gene-mRpL45,PF04280.22
gene-mRpL46,PF00293.35;PF11788.15
gene-mRpL47,PF06984.19
gene-mRpL48,PF00338.28
gene-mRpL49,PF05046.20
gene-mRpL50,PF10501.16
gene-mRpL51,PF10244.15
gene-mRpL52,PF18699.7
gene-mRpL53,PF10780.15
gene-mRpL54,PF08561.16
gene-mRpL55,PF09776.15
gene-mRpL9,PF01281.26
gene-mRpS10,PF00338.28
gene-mRpS11,PF00411.25
gene-mRpS12,PF00164.32
gene-mRpS14,PF00253.28
gene-mRpS16,PF00886.25
gene-mRpS17,PF00366.27
gene-mRpS18A,PF01084.27
gene-mRpS18B,PF01084.27
gene-mRpS18C,PF01084.27
gene-mRpS2,PF00318.26
gene-mRpS21,PF01165.26
gene-mRpS22,PF10245.15
gene-mRpS23,PF10484.16
gene-mRpS24,PF14955.13
gene-mRpS25,PF05047.23
gene-mRpS26,PF14943.12
gene-mRpS28,PF10246.15
gene-mRpS29,PF10236.16
gene-mRpS30,PF07147.19
gene-mRpS31,PF15433.12
gene-mRpS33,PF08293.17
gene-mRpS34,PF16053.11
gene-mRpS35,PF10213.15
gene-mRpS5,PF00333.27;PF03719.22;PF21251.3
gene-mRpS6,PF01250.23
gene-mRpS7,PF00177.28
gene-mRpS9,PF00380.26
gene-mTTF,PF02536.20
gene-mTerf3,PF02536.20
gene-mTor,PF00454.34;PF02259.30;PF02260.26;PF02985.29;PF08771.17;PF11865.15;PF12755.14;PF13513.13;PF13646.13;PF23227.2;PF23271.2;PF23593.2;PF24714.2;PF25574.2;PF25780.2;PF25786.1
gene-mab-21,PF03281.21;PF20266.4
gene-mad2,PF02301.24
gene-mael,PF13017.13
gene-maf-S,PF03131.23
gene-mago,PF02792.20
gene-magu,PF00036.39;PF00086.24;PF07648.21;PF10591.16;PF23564.2
gene-mahj,PF24814.2;PF25174.2;PF27600.1;PF27601.1;PF27635.1;PF27670.1
gene-mal,PF00266.26;PF03473.24;PF03476.22
gene-mars,PF03359.19
gene-mas,PF00089.33;PF18398.7
gene-mats,PF03637.23
gene-mbc,PF06920.20;PF14429.13;PF16172.11;PF20421.5;PF20422.4;PF23554.3
gene-mbf1,PF01381.29;PF08523.16
gene-mbl,PF22628.3
gene-mbo,PF10168.16
gene-mbt,PF00069.32;PF00786.34;PF07714.24
gene-mdlc,PF00642.31;PF13920.13;PF13923.13;PF14634.13
gene-mdu,PF15304.12
gene-mdy,PF03062.25
gene-me31B,PF00270.36;PF00271.38;PF04851.22
gene-mei-218,PF26063.1
gene-mei-41,PF00454.34;PF02259.30;PF02260.26;PF08064.19;PF23593.2;PF25030.1
gene-mei-9,PF02732.22
gene-mei-P26,PF01436.28;PF05642.17;PF17170.11
gene-mei-W68,PF04406.20;PF21180.4
gene-meigo,PF00892.27;PF03151.23;PF08449.18
gene-melt,PF00169.36
gene-mesh,PF00094.31;PF03782.23;PF06119.20;PF23263.2
gene-metro,PF00018.35;PF00595.30;PF00625.28;PF02828.22;PF07653.24;PF17820.8
gene-mew,PF01839.30;PF08441.19;PF13517.13;PF20805.4;PF20806.4
gene-mge,PF04281.19
gene-mgl,PF00057.24;PF00058.24;PF01731.27;PF07645.22;PF08450.19;PF12662.14;PF14670.13;PF24468.2;PF24684.2
gene-mgr,PF02996.23
gene-mh,PF10263.16;PF22934.2
gene-mib1,PF00023.37;PF00569.24;PF06701.20;PF12796.14;PF13606.13;PF13637.13;PF13857.13;PF13920.13;PF13923.13;PF18346.8;PF24521.3
gene-mid,PF00907.28
gene-milt,PF04849.19;PF12448.14
gene-mim,PF08397.17
gene-mino,PF01553.27;PF19277.5
gene-mio,PF17034.11;PF21719.4;PF21720.4;PF23775.2;PF24807.2;PF25174.2
gene-mip40,PF15306.12
gene-mirr,PF00046.36;PF05920.18
gene-mldr,PF16953.12
gene-mle,PF00035.33;PF00270.36;PF00271.38;PF07717.23;PF26026.1
gene-mlt,PF00560.40;PF12799.14;PF24048.2;PF24758.2
gene-mmd,PF00200.29;PF01421.26;PF01562.25;PF07974.20;PF08516.18;PF13582.13;PF13688.13;PF23106.2
gene-mmm,PF27785.1
gene-mms4,PF21292.4
gene-mmy,PF01704.25
gene-mnb,PF00069.32;PF03109.23;PF07714.24
gene-mnd,PF00324.28;PF13520.13
gene-mol,PF10204.15
gene-mon2,PF09324.16;PF12783.14;PF16206.10;PF16213.12;PF23325.2
gene-mop,PF00102.33;PF03097.25;PF13949.12
gene-mora,PF04968.18;PF04969.23
gene-morgue,PF00179.32;PF00646.39;PF12937.13
gene-morula,PF08672.18;PF25773.2;PF26557.1
gene-mre11,PF00149.34;PF04152.20
gene-mri,PF16017.12
gene-mrj,PF00226.37
gene-mrn,PF03849.20;PF13625.12;PF18307.7
gene-msR,PF00001.27;PF10324.16
gene-msk,PF03810.26;PF25758.2
gene-msl-2,PF16682.12;PF16685.12
gene-msl-3,PF05712.19;PF22732.3
gene-msn,PF00069.32;PF00780.29;PF03109.23;PF07714.24
gene-mspo,PF06468.20;PF19028.7
gene-msps,PF02985.29;PF11640.14;PF12348.15;PF12717.14;PF13646.13;PF20168.5;PF21041.4;PF23227.2;PF23271.2;PF24492.2;PF24714.2;PF24987.2;PF25757.2;PF25780.2
gene-mst,PF00091.32;PF10644.16;PF14881.13
gene-mtDNA-helicase,PF03796.22;PF13401.13;PF13481.13
gene-mtRNApol,PF00940.25;PF01535.27;PF13041.13;PF14700.12
gene-mtSSB,PF00436.32
gene-mtTFB1,PF00398.27
gene-mtTFB2,PF00398.27
gene-mtd,PF01476.27;PF07534.23
gene-mtgo,PF00041.28;PF10179.16;PF16656.12;PF23376.2;PF25059.2;PF25788.3;PF28033.1
gene-mthl1,PF00002.30
gene-mtm,PF02893.27;PF06602.20
gene-mts,PF00149.34
gene-mtsh,PF00439.31
gene-mub,PF00013.36;PF07650.24;PF13083.14;PF22675.3;PF24668.2
gene-muc,PF00198.29;PF00364.29
gene-mus101,PF00533.34;PF12738.14;PF16589.13;PF16770.12
gene-mus201,PF00752.24;PF00867.24
gene-mus301,PF00270.36;PF00271.38;PF04851.22;PF20470.5;PF21099.3
gene-mus312,PF09494.17
gene-mus81,PF02732.22;PF14716.14;PF21136.3;PF21292.4
gene-muskelin,PF01344.32;PF06588.18;PF13415.13;PF13854.13;PF24681.2;PF24981.2
gene-mv,PF00400.39;PF02138.24;PF14844.13;PF25173.2;PF25175.2
gene-mwh,PF06367.23
gene-mxt,PF00013.36
gene-myo,PF00019.26
gene-mys,PF00362.25;PF07965.18;PF07974.20;PF08725.17;PF17205.10;PF18372.8;PF23105.2
gene-nAChRa3,PF02931.29;PF02932.22
gene-nAChRa4,PF02931.29;PF02932.22
gene-nAChRa5,PF02931.29;PF02932.22
gene-nAChRa9,PF02931.29
gene-nAChRalpha1,PF02931.29;PF02932.22
gene-nAChRalpha2,PF02931.29;PF02932.22
gene-nAChRalpha6,PF02931.29;PF02932.22
gene-nAChRalpha7,PF02931.29;PF02932.22
gene-nAChRbeta1,PF02931.29;PF02932.22
gene-nAChRbeta2,PF02931.29;PF02932.22
gene-nSMase,PF03372.30
gene-na,PF00520.38
gene-nab,PF04904.21;PF04905.19
gene-nac,PF03151.23
gene-nahoda,PF03351.23;PF05887.17;PF25024.1
gene-nan,PF00023.37;PF00520.38;PF12796.14;PF13606.13;PF13637.13;PF13857.13;PF23317.2
gene-nau,PF00010.32;PF01586.22
gene-nbs,PF00498.32;PF16508.12
gene-nclb,PF00400.39;PF23381.2;PF23414.2;PF23419.3;PF23775.2;PF24105.2;PF24796.2;PF24805.2;PF24807.2;PF24814.2;PF24817.2;PF25168.2;PF25171.2;PF25172.2;PF25173.2;PF25174.2;PF25175.2;PF25391.2
gene-ncm,PF02847.24
gene-ndl,PF00057.24;PF00089.33;PF09342.17
gene-nebu,PF00083.31;PF07690.22
gene-nej,PF00439.31;PF00569.24;PF02135.22;PF02172.22;PF06001.19;PF08214.18;PF09030.16;PF23570.1
gene-nemy,PF03188.22
gene-neo,PF00024.33;PF25057.2
gene-nero,PF02985.29;PF03130.23;PF13646.13
gene-nes,PF03062.25
gene-nesd,PF05048.20;PF12708.13;PF13229.13;PF23762.2
gene-net,PF00010.32
gene-neur,PF07177.20;PF13920.13
gene-nhr,PF00104.36;PF00105.25
gene-ninaA,PF00160.27
gene-ninaB,PF03055.22
gene-ninaC,PF00063.28;PF00069.32;PF07714.24
gene-ninaG,PF00732.26;PF05199.20;PF13450.13
gene-nito,PF00076.29;PF07744.20
gene-nmd,PF00004.36;PF17862.8
gene-nmdyn-D7,PF00334.25;PF25364.1
gene-nmo,PF00069.32;PF07714.24
gene-nocte,PF07001.17
gene-noi,PF11931.15;PF12108.14;PF13297.12;PF16837.11
gene-nolo,PF00090.26;PF07679.23;PF08686.17;PF13895.13;PF13927.13;PF19028.7;PF19030.7
gene-nompA,PF00024.33
gene-nompB,PF00515.35;PF07719.24;PF13174.13;PF13176.13;PF13181.13;PF13414.13;PF13424.13;PF13428.13;PF13432.13;PF14559.13
gene-nompC,PF00023.37;PF00520.38;PF12796.14;PF13606.13;PF13637.13;PF13857.13;PF23317.2;PF23745.2;PF24521.3;PF28177.1
gene-nonC,PF00454.34;PF02260.26;PF15785.11
gene-nop5,PF01798.24;PF08156.19
gene-norpA,PF00168.37;PF00387.26;PF00388.26;PF09279.18;PF17787.8;PF22631.3
gene-nos-M,PF05741.19
gene-not,PF00443.36;PF02148.26;PF13423.13
gene-nrm,PF00047.32;PF07654.22;PF07679.23;PF07686.24;PF08204.18;PF08205.19;PF13895.13;PF13927.13;PF15050.12;PF16706.12;PF18452.8;PF22705.3;PF22854.3;PF22971.3
gene-nrv3,PF00287.25
gene-nst,PF00408.27;PF02878.23;PF21404.4;PF21405.3
gene-nudC,PF04969.23;PF14050.12
gene-nudE,PF04880.19
gene-nuf,PF09457.16;PF25450.2
gene-numb,PF00640.30;PF06311.18;PF14719.13
gene-nvd,PF00355.33;PF19298.6
gene-nvy,PF01753.25;PF07531.20;PF08788.17
gene-nwk,PF00018.35;PF00611.29;PF07653.24;PF14604.13
gene-oaf,PF14941.12;PF22873.2
gene-obe,PF00270.36;PF00271.38;PF02889.22;PF04851.22;PF13401.13;PF18149.7;PF23445.2;PF26582.2
gene-oc,PF00046.36
gene-ocm,PF16059.11
gene-odd,PF00096.33;PF12171.15;PF12874.14;PF13465.13;PF13894.13;PF13912.13
gene-oeh,PF00219.24
gene-ogre,PF00876.24
gene-okr,PF00176.30;PF00271.38;PF04851.22;PF11496.15
gene-olf186-M,PF14722.12
gene-omd,PF14837.12;PF14838.12
gene-onecut,PF00046.36;PF02376.22
gene-opa,PF00096.33;PF13465.13;PF18366.8;PF23561.2;PF26176.1
gene-or,PF01217.27
gene-orb,PF00076.29;PF16366.11;PF16367.12
gene-orb2,PF00076.29;PF16366.11;PF16367.12
gene-orion,PF16061.11
gene-os,PF01490.25;PF03845.20
gene-osa,PF01388.28;PF12031.15
gene-osi,PF05347.22;PF13233.13
gene-osp,PF00169.36
gene-osy,PF00005.34;PF01061.30;PF12679.14;PF12698.14;PF13304.13
gene-otu,PF02338.26
gene-ova,PF10491.15
gene-ovo,PF00096.33;PF13465.13;PF13894.13
gene-ox,PF05365.18
gene-oxt,PF01822.25;PF02485.28;PF12529.14
gene-oys,PF03062.25
gene-p115,PF04869.21;PF04871.19;PF18770.8
gene-p120ctn,PF00514.30;PF02985.29;PF13513.13;PF13646.13;PF24768.2
gene-p130CAS,PF00018.35;PF07653.24;PF08824.16;PF12026.15;PF14604.13
gene-p24-1,PF01105.30
gene-p27K,PF07165.17
gene-p47,PF00789.27;PF08059.19;PF14555.13;PF22566.3
gene-p53,PF00870.24
gene-pHCl-1,PF02931.29;PF02932.22
gene-pall,PF12937.13
gene-pan,PF00505.26;PF08347.17;PF09011.17;PF27556.1
gene-papi,PF00013.36;PF00567.31;PF22675.3;PF24668.2
gene-par-1,PF00069.32;PF02149.26;PF07714.24
gene-par-6,PF00564.31;PF00595.30;PF17820.8
gene-para,PF00520.38;PF06512.19;PF08016.19;PF11933.14;PF24609.2
gene-parvin,PF00307.37
gene-pasha,PF00035.33
gene-pasi1,PF15860.12
gene-pasilla,PF00013.36;PF07650.24;PF22675.3
gene-path,PF01490.25
gene-pav,PF00225.30;PF16540.11;PF16796.12
gene-pb,PF00046.36
gene-pbl,PF00533.34;PF00621.26;PF12738.14;PF21242.4;PF21243.4
gene-pch2,PF00004.36;PF13191.13;PF13401.13;PF23242.2;PF23563.2
gene-pck,PF13903.12
gene-pcm,PF03159.25;PF17846.7;PF18129.8;PF18332.8;PF18334.8
gene-pcx,PF05041.21
gene-pdm3,PF00046.36;PF00157.24
gene-pds5,PF20168.5
gene-pea,PF00270.36;PF00271.38;PF00575.30;PF04408.30;PF07717.23;PF21010.3
gene-pelo,PF03464.21;PF03465.21;PF26356.1
gene-pen-2,PF10251.15
gene-peng,PF08144.18;PF22493.3
gene-per,PF00989.32;PF08447.19;PF12114.15;PF14598.13;PF21353.4
gene-phr,PF00875.25
gene-phr6-4,PF00875.25;PF03441.20
gene-phtf,PF12129.14
gene-phtm,PF00067.28
gene-pic,PF03178.22;PF10433.16;PF23726.2
gene-pico,PF00169.36;PF00788.30;PF21989.3
gene-pigeon,PF14959.12
gene-pigs,PF00307.37;PF02187.23
gene-pink,PF23410.5;PF23756.2;PF23757.2
gene-pins,PF00515.35;PF02188.23;PF07719.24;PF07721.21;PF10579.15;PF13176.13;PF13181.13;PF13374.13;PF13414.13;PF13424.13;PF28559.1
gene-pio,PF00100.30;PF23344.2;PF25057.2;PF25301.1
gene-pip,PF03567.21
gene-pit,PF00270.36;PF00271.38;PF04851.22;PF13959.12
gene-pix,PF00005.34;PF00037.33;PF02463.26;PF04068.21;PF12837.13;PF13191.13;PF13304.13;PF13401.13
gene-pkaap,PF00615.25
gene-ple,PF00351.27
gene-pll,PF00069.32;PF00531.29;PF07714.24
gene-plx,PF00566.26;PF00640.30;PF11830.14;PF23436.2
gene-pn,PF01368.28;PF02833.20
gene-pns,PF01477.29;PF02141.27;PF02759.25;PF03455.25;PF03456.26
gene-pnt,PF00178.30;PF02198.24
gene-pnut,PF00735.25
gene-pod1,PF00400.39;PF08953.18;PF12894.14;PF16300.12;PF16755.12;PF23381.2;PF23389.2;PF23393.3;PF23409.2;PF23414.2;PF23419.3;PF23609.2;PF23775.2;PF24105.2;PF24782.3;PF24796.2;PF24805.2;PF24807.2;PF24814.2;PF24817.2;PF25047.1;PF25168.2;PF25171.2;PF25172.2;PF25173.2;PF25174.2;PF25175.2;PF25391.2;PF25460.2;PF26550.2
gene-poe,PF02207.26;PF13764.12;PF19423.5;PF24079.2
gene-pofut1,PF10250.16
gene-pofut2,PF10250.16
gene-polo,PF00069.32;PF00659.25;PF07714.24;PF14531.13
gene-polybromo,PF00439.31;PF00505.26;PF01426.25;PF24815.2;PF25289.2
gene-pont,PF00004.36;PF05496.19;PF06068.20;PF13401.13;PF17856.8
gene-por,PF03062.25
gene-ppan,PF04427.24
gene-ppk17,PF00858.30
gene-ppk23,PF00858.30
gene-ppk9,PF00858.30
gene-pps,PF00628.36;PF07500.20;PF07533.22;PF07744.20
gene-prd1,PF00169.36;PF23142.3
gene-prel,PF04707.21
gene-prom,PF05478.17
gene-pros,PF05044.19
gene-psidin,PF09797.16;PF14559.13
gene-ptc,PF02460.25;PF12349.15;PF27572.1
gene-pths,PF00270.36;PF00271.38;PF04851.22
gene-puf,PF00443.36;PF12030.14;PF13423.13;PF25010.1
gene-pug,PF00763.29;PF01268.26;PF02882.26
gene-pum,PF00806.26;PF22493.3
gene-puml,PF00561.27;PF12146.16;PF12697.14
gene-purple,PF01242.25
gene-pwn,PF07645.22
gene-pyd,PF00595.30;PF00625.28;PF00791.27;PF13180.13;PF17820.8
gene-pyx,PF00023.37;PF00520.38;PF12796.14;PF13606.13;PF13637.13;PF13857.13;PF24521.3
gene-qin,PF00567.31;PF00643.30;PF05641.19;PF06003.18
gene-qless,PF00348.23
gene-qm,PF00348.23
gene-qsm,PF00100.30
gene-qua,PF00626.28;PF02209.25;PF25480.2
gene-qvr,PF17064.12
gene-r-l,PF00156.34;PF00215.31
gene-rad50,PF02463.26;PF04423.20;PF13304.13;PF13476.13
gene-raf,PF00069.32;PF00130.29;PF02196.23;PF07714.24;PF14531.13
gene-raptor,PF00400.39;PF14538.12;PF23381.2;PF23393.3;PF23414.2;PF24807.2;PF24814.2;PF24817.2;PF25173.2;PF25174.2;PF25175.2
gene-ras,PF00478.32;PF00571.34;PF00977.28;PF01070.25;PF03060.22
gene-raskol,PF00616.25;PF12004.14;PF25321.2
gene-rasp,PF03062.25
gene-rau,PF00788.30;PF21989.3
gene-raw,PF15891.12
gene-rb,PF01602.27;PF02985.29;PF12717.14;PF13646.13;PF14796.12;PF24080.2
gene-rdgA,PF00023.37;PF00609.25;PF00781.30;PF12796.14;PF13606.13;PF13637.13;PF13857.13;PF23578.2
gene-rdgB,PF02121.26;PF02862.23;PF24694.2;PF24695.2
gene-rdgBbeta,PF02121.26
gene-rdgC,PF00036.39;PF00149.34;PF12763.14;PF13202.13;PF13405.13;PF13499.13;PF13833.13;PF24548.2
gene-rdx,PF00651.38;PF22486.3;PF24570.2
gene-red,PF01476.27
gene-rempA,PF00400.39;PF12894.14;PF13428.13;PF23381.2;PF23383.2;PF23385.2;PF23414.2;PF24760.2;PF24762.2;PF24807.2;PF24817.2;PF25174.2;PF25175.2
gene-rept,PF00004.36;PF03796.22;PF05496.19;PF06068.20;PF07728.21;PF13401.13;PF17856.8
gene-retm,PF00650.26;PF03765.22;PF04707.21;PF28528.1
gene-retn,PF01388.28
gene-rg,PF00400.39;PF02138.24;PF06469.17;PF14844.13;PF15787.12;PF20425.5;PF20426.5;PF23381.2;PF24814.2;PF24817.2;PF25173.2;PF25174.2;PF25175.2
gene-rhea,PF00373.24;PF01608.24;PF02174.24;PF08913.17;PF09141.17;PF09379.17;PF16511.12;PF21692.4;PF21865.3;PF21896.3;PF21989.3;PF25177.1
gene-rho-4,PF00036.39;PF01694.29;PF13202.13;PF13405.13;PF13499.13;PF13833.13
gene-rho-5,PF01694.29
gene-rho-7,PF01694.29
gene-rib,PF00651.38;PF05225.23
gene-ric8a,PF10165.15
gene-rictor,PF14663.12;PF14664.12;PF14666.12;PF14668.12
gene-rin,PF00076.29;PF02136.27
gene-rl,PF00069.32;PF07714.24
gene-rngo,PF00240.30;PF09668.17;PF13650.12;PF13975.12;PF24669.2
gene-rno,PF00628.36;PF10513.15;PF13771.13;PF13831.13;PF13832.13
gene-ro,PF00046.36
gene-rock1,PF00069.32;PF07714.24;PF08912.17;PF25346.2
gene-rod,PF10493.16;PF24520.2
gene-rogdi,PF10259.15
gene-rols,PF00023.37;PF12796.14;PF13606.13;PF13637.13;PF13857.13;PF24521.3;PF24883.3;PF25520.2;PF25521.2
gene-roq,PF14634.13;PF18386.8;PF21206.4
gene-row,PF25429.2
gene-rsh,PF00651.38;PF02145.22;PF21022.3
gene-rst,PF00047.32;PF07654.22;PF07679.23;PF07686.24;PF08205.19;PF13895.13;PF13927.13;PF16681.12;PF22705.3;PF22971.3
gene-rswl,PF27710.1
gene-rt,PF02366.25;PF02815.26;PF16192.11
gene-rtet,PF00083.31;PF07690.22
gene-rtp,PF02493.27
gene-rtv,PF17064.12
gene-rudimentary,PF00117.35;PF00185.31;PF00988.29;PF01301.26;PF01979.27;PF02142.28;PF02222.28;PF02449.22;PF02655.20;PF02729.27;PF02786.23;PF02787.26;PF07478.19;PF12890.14;PF15632.12;PF21317.4;PF21467.4;PF25596.2
gene-rump,PF00076.29;PF08777.18;PF16842.12
gene-run,PF00853.25
gene-rush,PF00169.36;PF01363.28;PF22697.3
gene-ry,PF00111.33;PF00941.28;PF01315.28;PF01799.26;PF02738.24;PF03450.23;PF20256.4
gene-sad,PF00067.28
gene-sage,PF00010.32
gene-san,PF00583.32;PF08445.17;PF13420.14;PF13508.14;PF13673.14
gene-sand,PF07885.23
gene-sano,PF12736.13
gene-sas,PF00041.28
gene-sau,PF05719.17
gene-sav,PF00397.33
gene-sbr,PF02136.27;PF03943.20;PF09162.17;PF12799.14;PF22602.3;PF24048.2
gene-sc,PF00010.32
gene-sca,PF00147.24
gene-scaf6,PF01585.29;PF01805.26;PF04818.20;PF25127.1
gene-scalloped,PF01285.25;PF17725.8
gene-scat,PF07928.18;PF10475.16;PF20651.4
gene-scf,PF00036.39;PF13405.13;PF13499.13
gene-scny,PF00443.36;PF13423.13
gene-scra,PF00169.36;PF08174.18
gene-scramb1,PF03803.22
gene-scrib,PF00560.40;PF00595.30;PF12799.14;PF13180.13;PF13855.13;PF17820.8;PF23211.1;PF23598.2
gene-sdk,PF00041.28;PF00047.32;PF07679.23;PF07686.24;PF08205.19;PF13895.13;PF13927.13;PF16656.12;PF16681.12;PF22854.3;PF22971.3;PF23376.2;PF25059.2;PF28033.1
gene-sdt,PF00595.30;PF00625.28;PF07653.24
gene-sea,PF00153.33
gene-sel,PF11938.14
gene-senju,PF04142.22
gene-sens-2,PF00096.33;PF12171.15;PF13465.13;PF13894.13;PF13912.13;PF22995.3
gene-serp,PF00057.24;PF01522.27;PF01607.30
gene-serpin-10,PF00079.26
gene-serpin-12,PF00079.26
gene-serpin-13,PF00079.26
gene-serpin-14,PF00079.26
gene-serpin-2,PF00079.26
gene-serpin-29,PF00079.26
gene-serpin-3,PF00079.26
gene-serpin-32,PF00079.26
gene-serpin-33,PF00079.26
gene-serpin-34,PF00079.26
gene-serpin-4,PF00079.26
gene-serpin-5,PF00079.26
gene-serpin-6,PF00079.26
gene-serpin-7,PF00079.26
gene-sev,PF00041.28;PF00069.32;PF07714.24;PF16656.12;PF23376.2;PF25059.2;PF28033.1
gene-sff,PF00069.32;PF07714.24;PF21115.4;PF21122.4
gene-sfl,PF00685.34;PF12062.15;PF25119.2
gene-sgg,PF00069.32;PF07714.24;PF14531.13
gene-sgl,PF00984.25;PF03720.23;PF03721.21
gene-shakB,PF00876.24
gene-shaker,PF00520.38;PF02214.29;PF07885.23
gene-shams,PF01501.27
gene-shd,PF00067.28
gene-shep,PF00076.29;PF22976.3
gene-shg,PF00028.24;PF00054.31;PF01049.23;PF02210.32;PF23592.1;PF24811.2;PF25374.1;PF28399.1
gene-shi,PF00169.36;PF00350.30;PF01031.26;PF02212.24
gene-shn,PF00096.33;PF12171.15;PF12874.14;PF13465.13;PF13894.13
gene-shop,PF00173.34;PF00174.26;PF03404.23
gene-shot,PF00036.39;PF00307.37;PF00435.28;PF00681.26;PF02187.23;PF13405.13;PF13499.13;PF17902.8;PF21019.5;PF21020.5;PF25034.2;PF27015.1
gene-shrb,PF03357.27
gene-shtd,PF12859.14;PF18122.7;PF20518.5;PF21282.3;PF27562.1
gene-shv,PF00226.37;PF01556.24
gene-sicily,PF00494.25
gene-sick,PF00307.37;PF23092.2;PF25408.2
gene-side-II,PF00047.32;PF07679.23;PF07686.24;PF08205.19;PF13895.13;PF13927.13;PF22705.3
gene-side-VII,PF00047.32;PF07654.22;PF07679.23;PF07686.24;PF08205.19;PF13895.13;PF13927.13;PF22705.3
gene-sif,PF00169.36;PF00621.26;PF02196.23;PF15410.13;PF18385.7;PF23014.3
gene-sigmar,PF05527.18
gene-sim,PF00989.32;PF08447.19;PF14598.13;PF23171.1
gene-sing,PF01284.29
gene-singed,PF00167.25;PF06229.19;PF06268.20;PF25490.1
gene-sinu,PF13903.12
gene-sip1,PF01585.29;PF07842.18;PF12457.14
gene-sip3,PF00097.32;PF12678.14;PF13445.13;PF13639.13;PF13923.13;PF25563.1
gene-sit,PF01151.24
gene-siz,PF01369.26;PF16453.12
gene-skd,PF06333.18;PF11597.14;PF18296.7
gene-sky,PF00566.26;PF07534.23;PF23436.2
gene-sl,PF00017.31;PF00018.35;PF00168.37;PF00169.36;PF00387.26;PF00388.26;PF13499.13;PF14604.13;PF23329.4;PF23583.3
gene-slgA,PF01619.25
gene-sli,PF00008.34;PF00054.31;PF00560.40;PF01462.24;PF01463.30;PF02210.32;PF12661.14;PF12799.14;PF13306.13;PF13855.13;PF14580.13;PF23598.2;PF25024.1
gene-slim,PF01344.32;PF07646.22;PF13415.13;PF13418.13;PF13854.13;PF13964.13;PF24681.2;PF24981.2;PF25210.2
gene-sll,PF08449.18
gene-slmb,PF00400.39;PF12125.14;PF12894.14;PF12937.13;PF17005.12;PF20426.5;PF23098.2;PF23342.2;PF23381.2;PF23393.3;PF23409.2;PF23410.5;PF23414.2;PF23609.2;PF23754.2;PF23760.2;PF23761.2;PF23775.2;PF23798.2;PF23869.2;PF24017.3;PF24105.2;PF24780.2;PF24782.3;PF24796.2;PF24805.2;PF24807.2;PF24814.2;PF24817.2;PF25047.1;PF25048.2;PF25168.2;PF25171.2;PF25172.2;PF25173.2;PF25174.2;PF25175.2;PF25178.1;PF25391.2;PF25460.2
gene-slmo,PF04707.21
gene-slo,PF00520.38;PF03493.24;PF07885.23;PF21014.3;PF22614.3
gene-sloth1,PF15114.12
gene-sloth2,PF14990.12
gene-slou,PF00046.36
gene-slpr,PF00018.35;PF00069.32;PF07653.24;PF07714.24;PF14604.13
gene-slv,PF03083.22
gene-slx1,PF01541.31;PF21202.4
gene-sm,PF00076.29;PF11835.15;PF13893.13;PF16842.12;PF22976.3
gene-smash,PF00412.29;PF15949.11
gene-smg,PF00536.38;PF07647.25;PF26034.1
gene-smid,PF00004.36;PF00005.34;PF00910.29;PF01078.28;PF05496.19;PF06068.20;PF07728.21;PF13173.13;PF13191.13;PF13238.13;PF13401.13;PF13481.13;PF13521.13;PF13671.13;PF16725.11;PF17862.8;PF20720.4;PF24883.3
gene-smog,PF00003.29
gene-snRNP-U1-70K,PF00076.29;PF12220.15
gene-snRNP-U1-C,PF06220.19
gene-snama,PF08783.18
gene-snf,PF00076.29;PF13893.13;PF16842.12
gene-sni,PF00106.32;PF13561.13
gene-snky,PF07782.19;PF26037.1;PF26039.2
gene-sno,PF04851.22;PF13871.13;PF13872.13;PF25373.2
gene-sns,PF00041.28;PF00047.32;PF07654.22;PF07679.23;PF07686.24;PF08204.18;PF08205.19;PF13895.13;PF13927.13;PF16680.12;PF17736.8;PF22705.3;PF22854.3;PF22971.3
gene-snu,PF00005.34;PF01061.30;PF12679.14;PF12698.14;PF13304.13
gene-snz,PF00615.25;PF00787.30;PF02194.21;PF08628.18
gene-sog,PF00093.25;PF07452.18;PF23334.2
gene-sol,PF00641.24;PF00648.28;PF26741.1
gene-sotv,PF03016.21;PF09258.17
gene-sp3,PF02383.24;PF12456.15
gene-spag,PF00515.35;PF07719.24;PF13181.13;PF13371.13;PF13414.13;PF13428.13;PF13431.13;PF13432.13;PF13877.12;PF25575.1
gene-spag4,PF07738.20
gene-spas,PF00004.36;PF09336.17;PF17862.8
gene-spel1,PF00488.28;PF01624.26;PF05188.24;PF05190.24;PF05192.24
gene-spen,PF00076.29;PF07744.20;PF23085.2
gene-spg,PF06920.20;PF14429.13;PF16172.11;PF16899.11;PF20421.5;PF20422.4;PF23554.3
gene-spict,PF00892.27;PF05653.21
gene-spidey,PF00106.32;PF08659.17;PF13561.13
gene-spin,PF00083.31;PF03137.27;PF07690.22
gene-spir,PF16474.12
gene-spn-A,PF00154.28;PF06745.20;PF08423.18;PF13481.13;PF14520.13
gene-spn-E,PF00270.36;PF00271.38;PF00567.31;PF21010.3
gene-spn-F,PF18112.8
gene-spoon,PF00013.36;PF00567.31
gene-spri,PF00017.31;PF00788.30;PF02204.24;PF23268.2
gene-spt4,PF06093.20
gene-spz3,PF16077.11
gene-spz4,PF16077.11
gene-spz5,PF16077.11
gene-spz6,PF16077.11
gene-sqd,PF00076.29;PF16367.12;PF23085.2
gene-sqh,PF00036.39;PF13405.13;PF13499.13;PF13833.13
gene-sr,PF00096.33;PF13465.13;PF13894.13
gene-sra,PF04847.19
gene-srl,PF00076.29
gene-sro,PF00106.32;PF13561.13
gene-ss,PF00989.32;PF08447.19;PF14598.13
gene-ssh,PF00782.26;PF08766.17;PF23040.2
gene-ssp3,PF16501.11
gene-ssp6,PF00595.30;PF17820.8
gene-sstn,PF11819.14
gene-st4,PF00083.31;PF07690.22
gene-sta,PF00318.26;PF16122.11
gene-stac,PF00168.37;PF06292.24
gene-stai,PF00836.25
gene-stan,PF00002.30;PF00008.34;PF00028.24;PF00053.31;PF00054.31;PF01825.28;PF02210.32;PF08266.19;PF16489.12;PF17756.8;PF22914.3;PF23592.1;PF25374.1;PF28393.1;PF28399.1
gene-stas,PF09335.17
gene-stau,PF00035.33;PF16482.12
gene-stc,PF01424.29
gene-stck,PF00412.29
gene-ste14,PF04140.20;PF04191.19
gene-step,PF00169.36;PF01369.26
gene-stet,PF01694.29
gene-stg1,PF00822.26;PF13903.12
gene-stj,PF00092.35;PF02743.25;PF08399.17;PF08473.18;PF13519.13;PF13768.13
gene-stl,PF01421.26;PF13574.13;PF13582.13;PF13583.12;PF13688.13;PF17771.7;PF25379.2
gene-stmA,PF21052.4;PF21072.4
gene-stol,PF02743.25;PF08399.17;PF08473.18;PF13768.13
gene-stops,PF07525.22
gene-strat,PF04421.21
gene-stumps,PF14545.14;PF28470.1
gene-sturkopf,PF10230.16
gene-stv,PF02179.22
gene-stw,PF00394.29;PF07731.21;PF07732.22
gene-stx,PF00240.30
gene-sty,PF05210.19
gene-su(f),PF05843.21;PF23233.2;PF23240.2;PF23241.2
gene-su(r),PF00070.34;PF01180.28;PF07992.21;PF12838.13;PF13237.12;PF13450.13;PF13738.13;PF14691.12;PF14697.12
gene-su(sable),PF14608.13;PF22623.3
gene-su(w[a]),PF01805.26;PF09750.15
gene-sud1,PF10637.16;PF13640.13;PF13661.13
gene-sun,PF04627.19
gene-sv,PF00292.25
gene-svp,PF00104.36
gene-svr,PF00246.30;PF08308.18;PF13620.13;PF13715.13
gene-sw,PF00400.39;PF11540.14;PF23381.2;PF23383.2;PF23409.2;PF23414.2;PF23756.2;PF23775.2;PF24796.2;PF24807.2;PF24814.2;PF24817.2;PF25047.1;PF25048.2;PF25171.2;PF25173.2;PF25174.2;PF25175.2
gene-swi2,PF13855.13
gene-swm,PF00076.29;PF01480.23;PF05172.20;PF14605.13
gene-sws,PF00027.36;PF01734.28;PF24179.2
gene-sxc,PF00515.35;PF02259.30;PF07719.24;PF07721.21;PF09976.16;PF10373.16;PF12569.15;PF13174.13;PF13176.13;PF13181.13;PF13371.13;PF13374.13;PF13414.13;PF13424.13;PF13428.13;PF13429.13;PF13431.13;PF13432.13;PF13844.13;PF14559.13;PF17874.8;PF20308.5;PF21033.5;PF23241.2;PF23914.2;PF24575.2;PF24885.2;PF25063.1;PF25064.2
gene-syd,PF09744.15;PF16471.11;PF19056.7;PF23748.2
gene-tab1,PF00481.27
gene-tai,PF14598.13
gene-tam,PF00476.27;PF18136.7
gene-tamo,PF00641.24;PF12773.14;PF21388.3
gene-tan,PF03417.22
gene-tank,PF07264.18
gene-tap,PF00010.32
gene-tapas,PF00567.31;PF12872.14
gene-tara,PF06031.19
gene-tau,PF00418.25
gene-tay,PF15336.12
gene-tefu,PF00454.34;PF02260.26;PF11640.14
gene-tej,PF00567.31;PF12872.14
gene-temp,PF01239.29
gene-tex,PF00400.39;PF08662.18;PF12894.14;PF21029.4;PF23098.2;PF23342.2;PF23381.2;PF23383.2;PF23389.2;PF23393.3;PF23409.2;PF23411.2;PF23414.2;PF23419.3;PF23756.2;PF23775.2;PF24105.2;PF24780.2;PF24782.3;PF24796.2;PF24805.2;PF24807.2;PF24814.2;PF24817.2;PF25047.1;PF25048.2;PF25168.2;PF25171.2;PF25172.2;PF25173.2;PF25174.2;PF25175.2;PF25391.2;PF25460.2;PF26550.2
gene-tey,PF15926.11
gene-tgo,PF00010.32;PF00989.32;PF08447.19;PF08448.17;PF13426.14;PF14598.13
gene-tho2,PF11262.14;PF11732.14;PF16134.11
gene-thoc5,PF09766.15
gene-thoc6,PF00400.39;PF20426.5;PF23098.2;PF23381.2;PF23414.2;PF23770.2;PF24782.3;PF24796.2;PF24805.2;PF24807.2;PF24814.2;PF24817.2;PF25047.1;PF25171.2;PF25172.2;PF25173.2;PF25174.2;PF25175.2;PF25178.1
gene-thoc7,PF05615.19
gene-thw,PF01607.30
gene-tilB,PF12799.14;PF14580.13;PF23602.2
gene-tim,PF04821.20;PF05029.20;PF26019.2;PF27570.1
gene-timeout,PF04821.20;PF05029.20;PF26019.2;PF27570.1
gene-tipE,PF16972.10
gene-tkv,PF00069.32;PF01064.31;PF07714.24;PF08515.18
gene-tmod,PF03250.20;PF27087.1
gene-tn,PF01436.28;PF08450.19;PF17170.11
gene-tna,PF02891.27;PF11789.15;PF25527.2
gene-toc,PF27558.1
gene-tok,PF00008.34;PF00431.27;PF01400.32;PF02408.27;PF07645.22;PF12662.14;PF14670.13;PF23062.2;PF23665.2
gene-torso,PF00069.32;PF07714.24;PF21468.3;PF23006.2;PF23008.4
gene-tos,PF00752.24;PF00867.24
gene-tous,PF00400.39;PF23381.2;PF23393.3;PF23409.2;PF23414.2;PF23869.2;PF24105.2;PF24780.2;PF24807.2;PF24814.2;PF24817.2;PF25047.1;PF25168.2;PF25171.2;PF25172.2;PF25173.2;PF25174.2;PF25175.2;PF25391.2
gene-tow,PF15389.12
gene-trbd,PF00641.24;PF02338.26;PF18418.7
gene-trc,PF00069.32;PF03109.23;PF07714.24
gene-trh,PF00989.32;PF08447.19;PF13426.14;PF14598.13;PF23171.1
gene-trio,PF00069.32;PF00169.36;PF00435.28;PF00621.26;PF07679.23;PF07714.24;PF13716.12;PF15411.13;PF16453.12;PF22697.3;PF23323.2
gene-trp,PF00023.37;PF00520.38;PF08344.17;PF12796.14;PF13637.13;PF23317.2
gene-trpl,PF00023.37;PF00520.38;PF08016.19;PF08344.17;PF12796.14;PF23317.2
gene-trsn,PF01997.22
gene-trus,PF04194.19
gene-trx,PF00856.34;PF05964.20;PF05965.20;PF13771.13
gene-tsr,PF00241.26
gene-tst,PF00270.36;PF00271.38;PF04851.22;PF08148.18;PF17911.7;PF21408.3;PF22527.3
gene-tsu,PF00076.29
gene-ttv,PF03016.21;PF09258.17
gene-tud,PF00567.31;PF05641.19;PF06003.18;PF07039.18;PF11717.15;PF15057.13;PF16719.12;PF18104.8
gene-tun,PF09764.16
gene-tup,PF00046.36;PF00412.29
gene-tutl,PF00041.28;PF00047.32;PF01108.24;PF07679.23;PF07686.24;PF13895.13;PF13927.13;PF16656.12;PF16680.12;PF18452.8;PF22854.3;PF22971.3;PF25059.2
gene-twf,PF00241.26
gene-twi,PF00010.32
gene-twin,PF00560.40;PF03372.30;PF12799.14;PF13855.13;PF23598.2
gene-twisted,PF02366.25;PF02815.26;PF16192.11
gene-twr,PF00717.29;PF10502.15
gene-tws,PF00400.39;PF23381.2;PF23409.2;PF23414.2;PF24807.2;PF24814.2;PF24817.2;PF25174.2;PF25175.2
gene-twz,PF02214.29
gene-tyn,PF00024.33;PF14295.13;PF25057.2;PF25272.2;PF28434.1
gene-tzn,PF00753.34;PF16123.12
gene-ubl,PF00240.30
gene-udt,PF23069.2;PF23070.2;PF23071.2;PF23073.2
gene-uif,PF00008.34;PF00057.24;PF00059.28;PF00084.27;PF00431.27;PF00754.32;PF02494.23;PF07645.22;PF07699.20;PF12661.14;PF13385.14;PF14670.13;PF25024.1
gene-unc-119,PF05351.18
gene-unc-13,PF00130.29;PF00168.37;PF06292.24
gene-unc-13-4A,PF00168.37;PF25761.2
gene-unc-45,PF00514.30;PF00515.35;PF07719.24;PF11701.16;PF13181.13;PF13424.13;PF13428.13;PF24768.2;PF25575.1
gene-unc79,PF14776.13;PF26723.1
gene-unc80,PF15778.11;PF19424.6;PF20262.5
gene-und,PF00557.30
gene-unk,PF00642.31;PF13920.13;PF18384.7;PF23035.2;PF23261.2;PF25427.3
gene-upSET,PF00628.36;PF00856.34;PF20826.3
gene-uri,PF02996.23
gene-ush,PF00096.33;PF12171.15;PF13894.13;PF13909.13;PF25445.1
gene-uzip,PF11901.14
gene-vap,PF00017.31;PF00018.35;PF00168.37;PF00169.36;PF00616.25
gene-vari,PF00018.35;PF00595.30;PF00625.28;PF07653.24;PF13180.13;PF17820.8
gene-veli,PF00595.30;PF02828.22;PF17820.8
gene-verm,PF00057.24;PF01607.30
gene-vermilion,PF03301.19
gene-vg,PF07545.20
gene-viaf,PF02114.23
gene-vib,PF02121.26
gene-vih,PF00179.32
gene-vimar,PF00514.30;PF24768.2
gene-vir,PF15912.11
gene-vito,PF09805.15
gene-vkg,PF01391.24;PF01413.26
gene-vlc,PF03359.19
gene-vn,PF00047.32;PF07679.23;PF13895.13;PF13927.13
gene-vnc,PF00583.32;PF08445.17;PF13508.14;PF13673.14
gene-vri,PF00170.27;PF07716.21
gene-vtd,PF04824.22;PF04825.19;PF25296.2
gene-vvl,PF00046.36;PF00157.24
gene-w,PF00005.34;PF01061.30;PF19055.7
gene-wal,PF00766.26;PF01012.28
gene-wap,PF00400.39;PF21720.4;PF23381.2;PF23609.2;PF23775.2;PF24105.2;PF24807.2;PF24814.2;PF24817.2;PF25047.1;PF25168.2;PF25172.2;PF25173.2;PF25174.2;PF25175.2;PF25460.2
gene-wapl,PF07814.19
gene-waw,PF00009.34;PF00679.31;PF06421.18;PF22042.3
gene-wb,PF00052.25;PF00053.31;PF00054.31;PF00055.24;PF02210.32;PF24973.2
gene-wbl,PF07749.18;PF07912.20
gene-wcd,PF00400.39;PF12894.14;PF23381.2;PF23389.2;PF23393.3;PF23414.2;PF23756.2;PF24780.2;PF24796.2;PF24805.2;PF24807.2;PF24814.2;PF24817.2;PF25168.2;PF25171.2;PF25172.2;PF25173.2;PF25174.2;PF25175.2
gene-wcy,PF00397.33
gene-wda,PF00400.39;PF04494.21;PF12894.14;PF20426.5;PF23381.2;PF23383.2;PF23393.3;PF23409.2;PF23414.2;PF23761.2;PF23798.2;PF23869.2;PF24017.3;PF24105.2;PF24780.2;PF24782.3;PF24796.2;PF24805.2;PF24807.2;PF24814.2;PF24817.2;PF25047.1;PF25048.2;PF25168.2;PF25171.2;PF25172.2;PF25173.2;PF25174.2;PF25175.2;PF25391.2;PF25460.2
gene-wdb,PF01603.27
gene-wde,PF16794.12
gene-wdp,PF12799.14;PF13855.13
gene-wds,PF00400.39;PF08662.18;PF11715.17;PF12894.14;PF13570.14;PF16755.12;PF17005.12;PF20426.5;PF21029.4;PF21032.3;PF23098.2;PF23342.2;PF23381.2;PF23383.2;PF23389.2;PF23393.3;PF23409.2;PF23410.5;PF23414.2;PF23419.3;PF23586.3;PF23609.2;PF23756.2;PF23760.2;PF23761.2;PF23769.2;PF23770.2;PF23775.2;PF23798.2;PF23869.2;PF24017.3;PF24105.2;PF24780.2;PF24782.3;PF24796.2;PF24797.2;PF24805.2;PF24807.2;PF24814.2;PF24817.2;PF25047.1;PF25048.2;PF25168.2;PF25171.2;PF25172.2;PF25173.2;PF25174.2;PF25175.2;PF25178.1;PF25391.2;PF25460.2
gene-wech,PF00643.30;PF01436.28;PF08450.19;PF17170.11
gene-wfs1,PF19913.6;PF19914.6;PF20053.5
gene-wg,PF00110.25
gene-wge,PF01426.25;PF21744.4;PF24912.2
gene-wgn,PF00020.25
gene-whd,PF00755.26;PF16484.11
gene-wkd,PF00566.26;PF23436.2
gene-wls,PF06664.18;PF21883.2
gene-wmd,PF00400.39;PF12894.14;PF20426.5;PF23098.2;PF23342.2;PF23381.2;PF23383.2;PF23393.3;PF23409.2;PF23414.2;PF23760.2;PF23869.2;PF24105.2;PF24782.3;PF24796.2;PF24805.2;PF24807.2;PF24814.2;PF24817.2;PF25047.1;PF25048.2;PF25168.2;PF25171.2;PF25172.2;PF25173.2;PF25174.2;PF25175.2;PF25178.1;PF25391.2;PF25460.2
gene-woc,PF06467.21;PF12012.14;PF25561.2
gene-wol,PF00535.33;PF10111.15;PF13641.13
gene-wtrw,PF00023.37;PF00520.38;PF12796.14;PF13606.13;PF13637.13;PF13857.13;PF24521.3
gene-wts,PF00069.32;PF00627.38;PF07714.24;PF12330.15
gene-wuho,PF00400.39;PF23381.2;PF23414.2;PF23869.2;PF24782.3;PF24796.2;PF24805.2;PF24807.2;PF24814.2;PF24817.2;PF25168.2;PF25171.2;PF25172.2;PF25173.2;PF25174.2;PF25175.2
gene-wupA,PF00992.26
gene-wus,PF00226.37;PF05154.22
gene-wwk,PF04547.18
gene-xit,PF03155.22
gene-xmas,PF00076.29;PF03399.23
gene-yata,PF00069.32;PF02985.29;PF07714.24;PF13513.13;PF22956.3
gene-yellow-12,PF03022.23
gene-yellow-f,PF03022.23
gene-yem,PF08729.16;PF14075.12
gene-yki,PF00397.33;PF15238.12
gene-yl,PF00057.24;PF00058.24;PF07645.22;PF12662.14;PF14670.13
gene-yps,PF00313.29
gene-zen,PF00046.36
gene-zetaCOP,PF01217.27
gene-zfh1,PF00046.36;PF00096.33;PF12171.15;PF13465.13;PF13894.13
gene-zfh2,PF00046.36;PF00096.33;PF05920.18;PF13894.13;PF24056.2
gene-zip,PF00063.28;PF01576.25;PF02736.26;PF24161.2
gene-zld,PF00096.33;PF12171.15;PF13465.13;PF13894.13
gene-zyd,PF01699.30
gene-zye,PF00100.30
