	ID-1	ID-2	ID-3	ID-5	ID-7	ID-8	ID-9	ID-10	ID-12	ID-14	ID-15	ID-16	ID-18
gene-_Bre2	249	193	268	274	31	26	133	54	86	80	40	80	56
gene-_Bre3	101	27	68	197	15	30	51	31	96	81	173	190	227
gene-_Bre4	374	238	480	693	260	407	161	108	206	470	582	301	298
gene--w-2	8	6	1	1	2	0	3	2	10	12	0	0	28
gene-128up	225	82	165	430	83	398	97	52	134	138	263	159	547
gene-14-3-3epsilon	16874	6363	6449	19283	5181	15058	3863	1761	4598	4138	7895	6099	29439
gene-14-3-3zeta	22049	20615	17660	29483	10613	13900	35970	23390	42130	31347	29770	32230	40573
gene-140up	116	65	78	227	71	157	195	95	356	188	480	356	95
gene-18w	1	2	20	1	15	17	0	0	4	2	2	0	1117
gene-26-29-p	2763	1800	1982	725	1224	770	580	325	515	262	254	113	8653
gene-2mit	0	0	0	0	0	0	0	0	4	2	0	0	20
gene-3HCD	1489	343	398	1575	230	3134	2560	520	5055	2892	3780	2840	1443
gene-5-HT2A	15	3	4	6	15	0	8	6	10	20	4	13	13
gene-5-HT2B	5	18	18	1	82	0	0	0	0	1	0	0	6
gene-5PtaseI	141	52	99	173	71	101	97	28	23	37	47	24	106
gene-6pgl	364	86	56	734	44	286	144	34	287	191	339	328	173
gene-7B2	96	52	177	33	259	73	47	44	58	88	58	68	227
gene-A1	14756	11187	5052	17623	20580	217149	3001	1091	2873	1654	2781	1383	16062
gene-A2	3	8	2	1	0	109	2	0	1	0	0	4	1028
gene-Aanat	26	0	6	0	0	0	20	27	20	19	5	204	4
gene-AANATL7	0	0	5	1	0	0	0	0	0	0	0	0	7
gene-Aasdh	402	724	840	383	397	63	489	345	441	490	327	332	129
gene-Aatf	61	46	201	251	90	56	47	25	31	56	108	54	108
gene-aay	10254	6231	14923	8200	2796	4567	9706	3762	11271	20704	19902	29727	1395
gene-ab	0	2	0	1	0	0	0	0	1	0	0	0	293
gene-ABCB7	657	315	352	1195	72	383	448	83	263	180	216	148	280
gene-ABCD	2996	2692	1353	1231	905	529	539	348	341	592	649	359	1031
gene-abd-A	23	39	49	17	93	34	7	7	8	13	3	7	7155
gene-Abd-b	11	17	43	4	57	104	8	16	8	4	3	0	2250
gene-Abi	1100	703	1094	1498	511	442	668	412	802	510	620	725	1144
gene-Abl	717	268	337	485	315	240	33	8	19	34	62	36	779
gene-abo	189	256	706	150	223	49	278	120	198	177	150	265	126
gene-Abp1	898	895	657	1428	385	161	678	342	281	836	516	567	1212
gene-abs	326	290	687	395	215	157	254	151	190	146	94	144	339
gene-ac	0	0	0	0	4	0	0	0	0	0	0	0	0
gene-Ac13E	442	253	295	288	300	205	71	41	70	76	150	72	303
gene-Ac3	3	9	9	11	7	24	3	7	3	0	11	0	0
gene-Acade	12111	4170	2889	15492	1981	10360	13204	3626	11592	12671	14475	11318	1344
gene-Acadvl	2305	1231	1698	1569	893	1376	156	99	137	72	171	194	2302
gene-ACBP	20127	6784	1713	48344	2480	12305	51887	64943	128601	78406	119614	91794	4932
gene-ACBP-like	52794	36210	10481	81295	11949	185181	132100	113903	293989	382883	300135	591696	44
gene-ACC	775	285	163	862	77	513	62	22	119	197	322	123	494
gene-Acci	3736	813	946	4511	406	7087	1396	237	859	2463	3770	2708	1907
gene-AcCoAS	92	6	46	24	18	572	49	61	347	1105	498	160	138
gene-ace1	108	47	102	61	61	67	46	25	36	35	64	15	43
gene-ace2	30	75	2	42	69	12	7	12	15	2	1	32	106
gene-Acf	265	94	129	167	119	45	57	18	6	45	57	52	183
gene-Achi	194	289	408	269	218	118	89	43	23	114	42	40	688
gene-Achl	2	4	1	5	8	257	5	8	2	0	2	1	502
gene-acj6	0	0	0	0	0	0	0	0	0	0	0	0	0
gene-Ack	245	240	463	168	149	75	54	64	52	56	42	57	294
gene-Ack-like	216	142	341	207	131	83	20	20	19	26	24	6	570
gene-Acox3	884	468	409	561	191	324	480	166	623	569	474	566	1195
gene-Acsf2	17353	30882	26486	5011	29466	1578	4973	5809	959	1271	371	1379	452
gene-Acsf3	300	66	66	516	36	362	122	39	201	272	497	140	52
gene-Acsl	7293	6887	16145	4965	4765	3970	866	322	969	485	2950	3031	1335
gene-Actbeta	2	16	11	0	7	0	0	0	0	0	0	0	20
gene-Actn	2149	2780	3537	2393	1879	6751	474	210	282	162	274	101	22873
gene-Ada	313	182	211	303	79	240	491	314	777	454	783	745	121
gene-Ada2a	136	171	322	64	215	28	138	131	203	101	170	213	177
gene-Ada2b	329	220	379	284	87	133	141	67	95	181	176	121	351
gene-Ada3	500	462	658	512	232	173	630	572	528	620	525	790	755
gene-Adamts-1	140	111	141	15	76	574	33	9	18	2	9	0	7624
gene-AdamTS-B	46	16	28	35	56	166	6	12	34	7	130	29	1766
gene-Adamts-like	14	12	142	13	31	165	12	2	11	9	13	8	2969
gene-Adar	1015	646	1313	138	579	136	186	113	143	132	168	190	182
gene-Adat1	38	40	38	40	25	26	75	53	62	60	49	59	14
gene-Adck1	1724	840	987	2200	406	538	1282	528	1552	1414	2698	2029	457
gene-ADD1	393	288	494	275	194	136	239	179	140	231	266	182	290
gene-Adh	2756	1766	1007	3220	830	1464	1685	1225	2145	2323	2847	2530	0
gene-Adi1	902	764	717	425	524	206	1252	1035	1372	732	773	953	312
gene-AdipoR	3566	1745	4046	1625	1144	1342	1221	305	888	3215	2664	1137	2138
gene-Adk2	1032	764	322	812	252	652	554	458	625	251	480	654	557
gene-AdoR	13	18	3	8	4	22	7	2	44	11	46	21	35
gene-adp	466	198	409	344	64	55	83	46	45	15	21	18	191
gene-Adsl	570	285	412	316	234	286	374	142	357	284	594	415	1028
gene-Adss	1217	415	528	487	307	649	596	212	348	678	293	173	908
gene-Aduk	489	352	448	183	263	31	92	65	77	27	43	38	148
gene-Ae2	1848	431	66	2507	126	798	500	100	174	394	1673	532	42
gene-ae3	9466	5332	5253	7622	1272	650	2685	2481	1901	3141	1661	1605	0
gene-ae48	557	503	572	1286	844	1940	407	264	380	740	876	883	3330
gene-Afg3l2	1965	932	852	3142	436	1193	1649	618	1515	1596	2027	1699	2465
gene-aft	719	2872	2919	627	1552	106	1440	849	446	1014	295	482	482
gene-Afti	847	665	835	715	221	238	388	176	211	353	304	481	126
gene-AGBE	761	412	153	540	105	978	490	216	732	550	642	429	698
gene-AgmNAT	1175	296	229	1591	212	2862	1408	977	25677	2881	10078	3730	51
gene-ago	314	487	866	464	311	124	176	66	76	98	107	150	581
gene-AGO1	901	999	1921	761	938	430	182	131	91	197	270	211	1410
gene-Ago2	21539	10128	12507	7144	5315	3243	3913	1803	4798	4634	3256	3817	3367
gene-AGO3	90	108	170	53	117	11	20	3	4	38	9	11	98
gene-Agpat1	885	560	738	154	172	90	88	21	135	157	85	153	73
gene-AGPAT2	2783	7749	15126	6545	8078	587	2652	3504	2235	2138	1702	4714	526
gene-AGPAT5	299	4418	9358	1232	7258	223	1037	2118	856	3310	1060	916	374
gene-Agps	106	220	1105	959	686	978	225	95	189	313	303	129	5
gene-Agxt	158	24	4	11	21	0	6	0	41	1	74	9	469
gene-Ahcy	1940	985	1631	2561	1140	2183	2801	1366	4081	3601	7193	3508	8216
gene-Ahsa1	562	181	257	844	121	593	171	151	922	244	631	416	796
gene-Ai-b	0	0	0	0	0	0	0	0	0	0	0	0	0
gene-aif	2	5	0	11	4	0	0	0	0	0	2	6	9
gene-AIMP1	264	117	244	511	162	252	524	281	1007	561	1323	865	537
gene-AIMP3	162	67	64	185	40	168	228	239	563	408	763	615	389
gene-ais	43	18	95	130	69	57	5	1	3	15	22	22	145
gene-AK	19723	2531	1217	37989	2203	58587	8685	2062	17629	5250	22391	9213	31378
gene-Ak2	1153	243	238	2001	235	1472	967	498	1786	1863	3209	1604	2018
gene-Ak6	114	112	274	248	279	66	130	193	192	230	220	219	67
gene-Akap200	273	239	441	475	451	619	38	43	30	24	29	72	10423
gene-AKH1	0	0	0	0	0	0	0	0	0	0	0	0	0
gene-AKH2	0	0	0	0	0	0	0	0	0	0	0	0	0
gene-AKH3	0	6	4	0	0	0	0	0	1	1	0	0	4
gene-AkhR	59	11	13	1	3	0	0	0	15	5	28	3	266
gene-Akt	2835	2008	1897	2428	1171	1059	152	93	73	91	93	119	3780
gene-AlaRS	1074	387	611	1333	257	456	481	280	744	674	1465	1231	1277
gene-AlaRS-m	260	141	133	202	123	106	67	55	75	62	87	59	282
gene-Alas	2625	365	245	1519	138	3406	1059	545	3745	944	4379	3000	1242
gene-alc	715	784	1285	875	398	221	595	509	789	687	792	931	538
gene-Aldh	2565	762	170	2087	96	1307	1943	1077	1230	917	1348	1449	690
gene-Aldh7A1	12282	5676	6468	9253	3482	9496	6384	2237	6743	4711	4932	4900	1133
gene-Alg-2	871	710	1002	957	377	477	1186	615	1128	852	1356	1532	768
gene-Alg1	256	53	147	464	87	378	334	224	667	575	1347	1281	278
gene-Alg10	0	0	0	0	0	0	2	0	0	2	0	0	2
gene-Alg11	986	308	974	1754	410	477	808	422	1436	743	591	612	823
gene-Alg12	148	80	124	183	58	152	96	47	81	122	84	129	143
gene-Alg14	82	92	58	80	17	42	131	155	126	92	236	156	69
gene-Alg2	411	233	316	259	92	109	368	126	272	396	322	335	291
gene-Alg3	171	77	100	175	42	78	139	48	252	162	254	185	611
gene-Alg7	236	143	118	258	77	68	260	150	240	304	396	392	116
gene-Alg9	119	118	258	155	106	99	36	9	10	58	44	2	286
gene-alien	1228	1137	1728	973	657	351	972	533	672	546	517	549	1467
gene-ALiX	3548	3074	3726	3139	3607	1299	178	186	150	365	424	529	4324
gene-Alk	9	15	27	3	16	0	2	0	0	0	0	0	132
gene-alka	0	3	9	3	14	11	23	8	10	2	4	0	3
gene-AlkB	112	41	144	104	58	75	176	102	1100	352	293	195	64
gene-alph	2299	1590	1282	2837	452	777	1218	493	726	927	772	453	2453
gene-alpha-Cat	515	251	492	411	718	268	102	51	48	98	131	161	949
gene-alpha-Catr	11	10	21	5	33	39	10	2	5	5	9	2	1404
gene-alpha-Man-Ib	447	264	809	397	187	143	150	53	142	182	250	316	204
gene-alpha-Man-IIa	331	80	87	432	51	137	34	28	42	116	105	41	481
gene-alpha-Man-IIb	3509	155	675	3613	146	1478	572	41	277	1072	657	367	1058
gene-alpha-PheRS	537	221	330	1170	298	598	453	203	611	540	1067	854	1509
gene-alpha-Spec	4964	461	808	8347	632	6572	149	49	336	302	807	598	6394
gene-alphaCOP	3779	1415	2384	3562	1812	2218	201	103	136	147	258	304	3807
gene-alphaSnap	2037	1697	2644	1410	794	529	2115	658	764	797	1055	887	1318
gene-Alr	464	73	115	1069	25	234	850	149	1500	399	1109	1057	44
gene-Als2	379	369	580	145	209	34	129	84	33	80	65	54	85
gene-Aly	175	120	321	150	102	50	196	99	120	240	224	276	173
gene-Amacr	218	287	129	240	44	149	519	608	1097	498	461	1384	337
gene-Amnionless	0	0	0	0	0	0	0	0	0	0	0	0	100
gene-amon	50	43	57	12	0	0	4	8	1	4	0	8	36
gene-Amph	3616	9168	18323	1656	8387	1196	724	527	469	563	474	219	10170
gene-AMPKalpha	1216	1304	1916	1354	1005	377	600	477	343	570	466	340	856
gene-amrt	322	343	360	310	324	16	547	532	711	456	422	874	282
gene-Amt	0	0	58	3	0	0	11	0	0	0	0	0	0
gene-Amun	2671	3573	9823	2059	5440	981	598	332	704	431	443	413	4157
gene-amx	469	410	769	381	312	143	1057	852	1275	812	992	1385	249
gene-Amy	54189	337	1600	1080	998	6914	5967	1597	24078	11648	11262	3603	41
gene-an-0128	102	81	3299	95	472	1416	71	137	282	39	210	52	160
gene-an-0147	79	719	60	823	34	92	342	1434	514	758	420	843	813
gene-an-0895	0	2	0	0	0	0	0	0	0	0	0	0	0
gene-ana1	266	432	1198	65	885	30	42	24	10	21	16	46	230
gene-Ance-3	56	23	9	58	31	0	10	14	12	20	27	6	102
gene-anchor	787	187	354	241	127	196	168	114	110	93	152	218	211
gene-Ankle2	286	626	4046	398	1215	185	60	56	43	63	35	41	932
gene-Ankrd49	200	139	115	228	70	108	485	354	943	403	585	827	140
gene-anne	163	120	603	94	395	101	20	23	13	37	29	65	77
gene-AnnIX	7216	5525	5018	10927	3925	12007	8558	3551	8439	6317	5224	5552	21157
gene-Ant	55438	52588	69338	83627	57439	79121	20033	10327	15221	18480	21598	11811	160114
gene-AnxB10	435	303	236	367	222	796	212	162	337	170	204	262	1390
gene-Anxb13	941	2209	8729	602	4352	827	166	200	167	168	161	185	2555
gene-aop	2169	929	94	3603	55	669	396	380	261	441	286	330	1791
gene-aos	0	1	2	5	16	0	0	1	4	4	0	0	79
gene-Aos1	227	140	247	375	234	257	322	318	718	351	838	699	985
gene-Aox1	0	9	7	1	8	0	0	0	0	3	0	12	2
gene-ap	0	1	4	7	0	0	0	0	0	1	4	2	0
gene-AP-1-2beta	1562	777	1108	2028	619	904	152	84	198	336	235	312	1873
gene-AP-1gamma	5309	4882	6910	3795	2880	876	580	347	276	729	869	654	1379
gene-AP-1mu	2385	1910	2383	3112	969	864	2226	1432	3777	3125	3959	4349	1598
gene-AP-1sigma	1373	546	716	1469	353	682	2162	1032	2280	1553	3010	2807	850
gene-AP-2alpha	381	188	390	350	185	157	148	106	149	185	243	163	1455
gene-AP-2mu	598	325	536	721	170	277	216	119	224	262	254	191	1286
gene-AP-2sigma	297	228	339	293	207	264	284	155	349	234	373	308	1342
gene-Apaf-1	604	738	1205	1030	722	148	181	110	54	118	70	93	427
gene-APC10	521	598	743	370	557	156	946	1158	1297	968	1224	1689	225
gene-APC4	163	90	174	168	52	103	292	49	154	205	134	191	114
gene-ApepP	1327	506	443	1493	308	800	428	212	460	361	559	404	3995
gene-Apf	421	294	342	259	320	431	1076	846	2160	662	2064	2097	202
gene-aph-1	397	222	330	432	170	115	300	222	315	248	318	242	357
gene-aPKC	3322	3260	4952	2443	1571	800	659	333	269	415	305	264	665
gene-Aplip1	2	0	0	0	0	0	0	0	0	0	0	3	4
gene-apn	0	0	0	0	0	0	0	0	0	0	0	0	0
gene-Apn1	83102	24808	10617	230138	7516	56125	12417	4885	10613	16799	14860	22563	0
gene-Apn2	24293	2692	7491	21645	2179	12667	4091	1227	2754	8177	5916	5862	0
gene-Apn3	31046	14935	1056	201970	1530	32165	8457	3388	5389	17800	10996	7699	0
gene-Apn4	30675	20636	21727	201015	12440	42421	2602	915	1171	5473	5231	3222	1
gene-apolpp	8545	995	35	5	1812	88	3	0	81	5	369	5	155642
gene-Apoltp	734	524	896	444	538	251	119	54	93	85	94	88	1559
gene-app	767	370	436	686	291	428	36	11	21	5	16	11	289
gene-APP-BP1	188	98	142	188	43	40	254	116	377	285	424	512	281
gene-Appl	25	48	147	19	186	70	0	6	8	3	26	2	556
gene-Aprt	90	57	80	87	4	18	113	31	92	43	96	107	105
gene-Aps	2097	1806	2648	2260	2239	1131	5136	3477	10553	4158	5796	4081	2940
gene-Apt1	1456	1034	697	1305	684	696	1740	902	2470	1601	3003	3241	1215
gene-Aptx	38	54	33	83	23	11	130	77	264	175	231	375	48
gene-AQP	46	58	14	87	47	440	93	68	79	69	94	31	532
gene-aralar1	1201	402	234	979	209	1364	775	307	774	808	1301	1087	1271
gene-Arc42	426	465	380	225	193	98	305	215	418	297	459	347	740
gene-Archease	894	649	467	1188	341	661	3095	2489	6954	2995	6370	6332	875
gene-Arf102F	2453	1951	2830	2287	862	767	3220	2956	4127	3615	4031	5033	1343
gene-Arf51F	1563	698	367	1046	320	931	625	316	1246	672	1494	1201	1603
gene-Arf79F	8213	5010	4860	13934	3519	6157	9262	5641	13884	9593	17364	13528	14162
gene-ArfGAP1	445	299	433	710	188	201	175	95	210	163	356	224	1270
gene-ArfGAP3	1753	465	576	1403	436	861	262	108	140	258	732	442	2612
gene-Arfip	138	41	65	205	74	155	16	19	23	30	36	47	416
gene-Arfrp1	885	1473	2243	1342	1299	568	2166	1563	2316	1978	1739	1831	644
gene-arg	32	5	0	0	0	0	1	0	16	0	44	0	6
gene-Argl	55	14	14	3	3	0	8	5	16	16	19	0	536
gene-Arglu1	794	472	985	787	438	565	257	143	262	508	790	450	1440
gene-ArgRS-m	92	227	368	119	130	89	90	84	72	110	132	94	46
gene-ari-1	2709	2641	5145	2267	2350	663	732	300	581	502	395	518	2854
gene-ari-2	1138	953	1666	1037	1071	353	773	479	849	597	730	822	713
gene-Arl1	899	485	720	1024	425	408	671	399	700	599	886	652	459
gene-Arl2	113	36	133	144	12	269	193	102	452	401	743	717	203
gene-Arl4	1800	3240	2693	1446	477	504	834	843	439	699	539	562	887
gene-Arl5	2019	3038	2854	1459	3353	759	4189	3645	3780	2100	1858	3469	916
gene-Arl6	8	2	6	2	5	0	6	0	1	2	1	0	7
gene-Arl6IP1	325	285	608	197	189	51	492	367	721	342	488	511	501
gene-arm	4215	2844	3766	3866	1254	1286	638	359	418	737	993	798	3254
gene-Arp1	446	213	269	574	278	403	108	75	115	159	367	242	1327
gene-Arp10	541	274	283	485	300	287	53	52	85	66	91	152	771
gene-Arp2	2085	926	936	3046	532	924	675	259	733	459	865	565	1173
gene-Arp3	3353	2393	2326	5148	752	1151	5488	3494	6578	4062	5149	6426	1459
gene-Arp5	72	37	61	79	27	0	67	32	72	51	60	75	161
gene-Arp6	26	21	75	37	10	68	32	21	39	42	49	79	135
gene-Arp8	55	17	40	117	60	70	79	46	132	42	151	156	120
gene-Arpc1	3714	1908	2375	5469	1661	2474	5516	1380	4833	3143	4303	5811	2511
gene-Arpc2	3335	3668	9638	4680	5394	1829	2047	617	1608	1880	1758	1703	1875
gene-Arpc3A	2305	2378	1212	3621	1084	1607	5172	4061	10151	5295	9661	9458	923
gene-Arpc4	779	597	602	1215	220	668	1333	1485	2488	2265	3360	3747	584
gene-Arpc5	1801	1550	1985	2275	1794	1463	4233	3140	8116	3681	7242	9392	730
gene-arr	996	580	1004	466	637	289	122	83	45	163	152	217	912
gene-Arr1	3	9	2	3	5	0	2	0	3	9	6	7	1
gene-Arr2	3	2	0	1	13	0	0	0	0	1	0	15	0
gene-Ars2	604	292	519	542	390	370	166	67	201	137	173	123	1771
gene-Art1	529	216	860	1158	475	455	428	221	319	297	251	238	3245
gene-Art3	64	61	173	141	19	30	57	65	49	50	92	70	124
gene-Art4	649	851	844	1009	434	232	254	154	155	232	337	201	1192
gene-Art7	60	49	84	211	32	17	55	16	49	34	57	52	282
gene-Art8	270	398	757	315	797	126	389	258	296	151	171	324	190
gene-Arv1	82	83	126	65	67	12	92	105	137	61	47	76	27
gene-Asap	713	184	101	675	114	260	226	104	127	216	165	113	362
gene-Asator	162	61	128	82	178	125	6	7	17	24	80	48	1603
gene-Ase	0	0	0	0	0	0	0	0	0	0	0	0	0
gene-asf1	369	267	339	281	334	158	353	188	141	91	121	183	484
gene-ash1	400	189	262	257	149	203	33	43	41	94	89	70	732
gene-ash2	762	435	773	491	214	142	451	150	248	235	263	199	250
gene-Ask1	316	241	457	206	146	116	127	51	46	39	93	33	709
gene-asl	473	303	632	314	141	70	117	53	56	137	63	66	207
gene-AsnRS	2081	778	828	2089	216	651	873	267	1041	435	1241	1246	1040
gene-AsnRS-m	104	50	44	104	38	59	166	55	206	114	316	251	86
gene-AsnS	320	379	293	1097	54	170	141	134	427	91	333	313	521
gene-asp	98	145	92	71	128	120	162	193	206	234	232	226	135
gene-Asph	170	150	375	124	239	415	60	38	122	23	37	34	23740
gene-ASPP	13	27	56	12	71	142	11	2	8	5	9	0	1934
gene-aspr	11	6	2	49	0	179	72	47	245	202	184	144	3114
gene-AspRS	1805	945	1157	3666	603	1381	1726	666	995	903	908	1026	2047
gene-AspRS-m	76	41	54	122	27	32	267	26	194	80	263	199	84
gene-Ass	476	38	16	7	42	15	22	11	265	7	614	24	248
gene-ast	77	98	165	159	55	73	174	88	104	192	70	103	180
gene-AST-A	309	8	147	373	11	96	356	361	302	294	205	259	15
gene-AST-C	364	475	433	164	452	100	703	433	284	320	144	143	4
gene-AstA-R1	47	61	86	68	39	0	51	48	46	126	51	62	13
gene-asun	287	122	191	398	144	119	177	59	156	156	69	145	636
gene-Asx	329	264	445	272	115	81	164	81	100	175	113	119	383
gene-Atac1	116	137	151	162	97	54	283	226	185	121	240	230	152
gene-Atac2	165	139	187	178	62	88	124	74	49	53	40	33	208
gene-Atac3	125	168	319	134	176	85	33	12	14	23	9	26	223
gene-Ate1	148	295	188	156	215	49	119	17	29	54	68	79	127
gene-Atet	3688	6606	5803	1197	1332	129	118	870	634	206	179	93	2116
gene-Atf-2	93	71	87	119	86	99	167	92	118	92	251	106	143
gene-Atf3	436	82	125	367	6	142	103	32	40	32	9	20	255
gene-Atf6	587	640	1424	778	261	127	366	195	213	310	195	339	425
gene-Atg1	1224	2022	3734	1576	2069	324	125	71	35	98	70	92	1821
gene-Atg10	17	14	8	9	11	14	15	17	12	10	7	7	22
gene-Atg101	1812	4679	8798	1319	6924	451	893	495	311	529	396	536	2517
gene-Atg12	608	1005	1811	498	787	200	723	564	473	471	553	696	272
gene-Atg14	652	472	1046	492	925	75	334	146	211	266	110	158	204
gene-Atg16	457	379	876	281	215	179	148	77	118	58	53	53	314
gene-Atg17	1196	1734	3483	800	3139	270	198	158	85	167	71	146	1183
gene-Atg3	858	561	959	442	198	210	481	246	318	282	213	223	516
gene-Atg4a	1387	2300	4179	902	1403	288	1487	821	859	541	399	843	2733
gene-Atg4b	461	417	484	269	114	2	321	273	315	335	346	458	141
gene-Atg5	535	677	925	340	433	136	811	587	795	476	523	766	118
gene-Atg6	854	772	1034	458	316	48	831	653	389	296	426	755	267
gene-Atg7	349	159	188	347	123	172	174	138	312	213	320	250	623
gene-Atg8	13972	24892	27081	12791	10986	2482	40347	62789	39800	32566	14909	29615	8721
gene-Atg9	474	1381	1720	271	1272	70	72	119	30	77	88	91	664
gene-ath	237	129	374	254	195	30	84	25	40	40	66	61	275
gene-atk	4	4	2	11	0	0	0	0	2	1	5	0	1
gene-atl	1489	2670	4761	1217	2550	740	602	345	312	432	448	428	6478
gene-atms	783	627	427	1569	432	478	550	364	479	350	234	410	1087
gene-atos	298	564	1061	257	479	517	136	22	41	144	113	83	2135
gene-Atox1	2073	2126	3065	1543	1720	1389	5651	5243	7712	5962	9301	10104	1201
gene-ATP7	1040	250	204	600	138	467	162	87	96	154	197	154	367
gene-ATP8A	634	441	1513	895	217	374	88	43	21	73	60	62	779
gene-ATP8B	1224	390	503	1768	675	894	48	42	68	71	132	179	2094
gene-Atpalpha	1711	499	160	420	488	1031	37	10	52	104	306	103	3206
gene-ATPCL	239	251	278	394	104	612	56	74	166	1143	1554	417	737
gene-Atpsyn-beta	10151	4611	4159	18353	4632	19179	5848	2460	6192	5382	8212	4224	48076
gene-ATPsynB	4793	1778	1574	4847	2299	12393	12855	5535	25423	16793	25218	13768	10925
gene-ATPsynC	9900	4448	4886	20387	4657	25846	6737	2797	10335	13821	16612	7554	41431
gene-ATPsynCF6	2785	1308	1614	3234	2347	7991	8576	6563	23383	16689	25334	14411	6450
gene-ATPsynD	4721	2244	2157	7732	2267	10183	7291	3408	16557	18463	30563	14151	16393
gene-ATPsyndelta	2584	1174	1049	4013	1597	7289	5596	2287	10110	7708	12097	5472	7885
gene-ATPsynE	2272	1289	1251	3332	1468	8130	12010	6922	32989	23075	48006	24357	7570
gene-ATPsynF	3167	1507	1348	4505	2142	9001	15788	9168	38356	29525	46948	29589	9202
gene-ATPsynG	2523	1597	1612	3263	1966	9982	13467	9468	33613	23595	48988	26155	6319
gene-ATPsynO	2340	1177	1184	4309	1451	7865	6851	3227	16115	14461	31165	13240	9726
gene-Atu	448	217	373	330	51	134	118	91	69	57	45	66	510
gene-Atx-1	219	64	34	166	0	39	22	3	7	0	0	5	216
gene-aub	809	319	382	538	109	131	228	94	128	141	96	170	1618
gene-aurB	16	21	23	25	1	0	18	1	14	12	26	29	58
gene-aus	40	24	46	14	4	32	1	4	1	6	10	4	267
gene-aux	637	375	569	640	301	142	240	169	217	290	329	284	868
gene-ave	548	600	598	465	278	124	912	777	909	545	628	1297	111
gene-Aven	148	91	149	163	40	97	150	73	148	237	218	222	99
gene-awd	11876	11543	12144	20060	14265	12673	22134	17620	25876	23887	21310	20286	39249
gene-Awh	0	0	0	0	0	0	0	0	0	0	0	0	0
gene-axed	426	179	1091	75	321	14	26	19	21	11	18	11	1086
gene-Axn	136	54	180	148	171	97	21	4	32	53	85	43	627
gene-axo	0	3	20	1	0	0	0	0	1	0	0	0	137
gene-Axud1	700	276	394	576	261	398	414	222	198	439	286	345	1390
gene-B4	37	67	313	27	277	52	35	13	12	11	16	5	367
gene-B52	1365	821	1349	1768	632	886	500	289	531	431	485	356	3075
gene-B9d1	0	3	12	7	0	28	12	8	11	0	3	5	10
gene-babo	764	953	828	755	803	467	457	222	275	514	475	449	697
gene-Bacc	2991	1760	3753	3738	2311	2963	1682	1156	1810	1645	2091	2147	11505
gene-BAEE	105	42	101	24	81	1078	4	9	18	0	24	0	2471
gene-baf	1298	1369	1603	1147	1009	484	4493	3002	6509	1923	3998	6322	864
gene-bai	2345	1046	876	3157	909	2177	5131	2676	7437	4442	7976	6227	6536
gene-Baldspot	1210	524	737	1098	240	2835	589	276	409	1048	1128	913	1068
gene-ball	195	110	272	264	79	65	226	68	102	160	88	65	155
gene-Bap111	891	366	815	811	392	356	253	119	132	111	92	131	2190
gene-Bap170	107	38	124	75	110	18	22	5	14	18	18	31	251
gene-Bap55	218	103	172	211	149	93	134	103	175	105	88	151	501
gene-Bap60	2120	1604	1809	2124	1951	723	173	97	79	57	50	135	3083
gene-barc	1006	587	1236	1293	713	746	751	472	872	861	1510	1449	277
gene-bark	791	1913	3397	2347	1293	401	165	81	98	141	150	124	1220
gene-barr	79	46	120	42	26	36	37	29	59	39	46	75	127
gene-baz	564	872	789	770	312	214	144	129	97	156	148	158	679
gene-bbc	56	28	74	169	45	221	57	20	75	69	115	55	334
gene-bbg	18	62	636	1	146	125	29	19	12	4	2	19	1454
gene-BBS1	43	34	66	49	53	46	49	76	132	55	38	26	164
gene-BBS5	3	4	7	3	0	0	0	2	3	2	0	5	0
gene-BBS8	0	0	0	0	9	0	0	0	0	0	0	0	1
gene-BBS9	13	21	111	18	157	51	0	0	2	4	2	16	51
gene-bbx	1511	1562	3245	859	1372	479	530	192	142	228	333	393	358
gene-bc10	667	369	300	412	246	198	1787	1691	4222	1777	1762	1758	797
gene-BCAS2	366	292	531	315	504	153	422	263	467	284	297	336	416
gene-Bcat	3675	1285	220	4822	168	418	1720	1593	1620	2256	1834	1335	1198
gene-bchs	325	125	308	178	301	167	24	25	19	61	53	32	432
gene-BckdhA	4407	508	263	2108	304	2002	2645	836	5918	2916	7390	3344	756
gene-BckdhB	782	273	243	987	144	458	625	277	1186	362	1069	607	432
gene-BCL7-like	144	66	74	181	84	107	219	92	251	206	319	335	293
gene-bcn92	197	129	93	347	83	191	578	316	669	455	1013	593	128
gene-Bcp	67137	94524	168236	53666	82458	2881	23323	20430	6974	5806	1831	3902	44380
gene-Bcs1	164	91	137	329	62	159	303	199	599	299	685	551	177
gene-bdg	163	61	93	147	40	110	89	28	36	62	64	81	657
gene-bdl	5	1	1	4	9	6	0	0	0	1	0	0	53
gene-Bdp1	108	51	150	114	32	22	18	1	14	17	2	6	108
gene-be2	17	19	5	24	11	64	13	11	9	1	12	2	47
gene-beag	532	337	477	398	382	297	187	133	151	90	216	143	672
gene-beat-IIIc	44	19	63	30	26	0	8	1	15	10	13	9	72
gene-beg	37	23	75	95	48	52	12	1	0	6	4	1	81
gene-bel	4610	2729	3325	3700	1804	1664	390	256	320	399	578	484	5075
gene-Bem46	226	226	518	771	150	243	340	146	267	321	413	515	162
gene-bent	340	239	297	214	1915	7444	57	34	167	152	476	159	13702
gene-Best2	50	19	70	56	16	179	25	18	20	20	18	17	660
gene-Bet1	980	1176	1308	1067	783	324	1231	1320	2092	1409	3113	2968	477
gene-Bet3	148	204	185	186	114	125	295	462	228	134	602	1045	223
gene-Bet5	315	231	348	271	100	75	950	631	1263	799	1091	1159	256
gene-beta-Man	62	63	143	26	49	0	14	15	13	3	1	0	988
gene-beta-PheRS	452	209	289	1050	195	385	44	69	88	81	119	104	1269
gene-beta'COP	3683	1333	1709	3607	1117	1624	427	166	382	352	580	444	3473
gene-beta3GalTII	99	74	171	107	64	13	151	61	86	99	102	114	117
gene-betaCOP	1779	654	1228	1811	377	829	126	77	113	112	167	167	2448
gene-betaggt-I	684	697	394	437	135	136	408	179	522	270	421	399	267
gene-betaggt-II	527	563	850	729	627	317	755	588	1131	685	832	1262	559
gene-BGRP1	451	132	20	19	195	244	46	25	113	4	37	7	1690
gene-BGRP2	630	288	222	121	258	349	147	55	62	29	66	32	9129
gene-BGRP3	11	15	108	5	150	177	20	31	48	16	4	6	11588
gene-BHD	345	232	454	257	361	121	691	403	527	492	463	482	196
gene-BI-1	8584	9712	8483	7556	3199	3836	16117	12915	27329	16814	22011	24802	4217
gene-bib	3	9	7	4	9	0	6	0	0	2	0	0	83
gene-bic	2411	1407	2499	4906	2052	2289	2394	2318	2820	3082	2859	2731	11395
gene-BicC	3	0	0	1	0	0	0	0	0	0	0	0	2
gene-BicD	807	342	407	970	419	513	66	45	48	147	296	212	1090
gene-bif	2025	1093	232	1802	378	1020	537	318	270	649	614	602	1853
gene-bigmax	3190	3473	2625	2885	1380	1266	7155	5635	7132	6447	5219	7793	2194
gene-Bili	1	0	3	0	0	0	0	0	0	2	0	5	33
gene-Bin1	185	107	182	392	39	162	465	446	757	393	693	772	255
gene-bisc	76	565	792	305	75	121	27	1018	1201	27	556	1218	144
gene-Bka	78	55	103	124	130	62	79	95	209	90	240	185	124
gene-black	3	0	4	0	17	1146	57	0	6	3	5	3	736
gene-Blimp-1	7	0	0	1	0	0	0	0	0	0	0	0	590
gene-Blm	224	61	110	147	58	22	31	9	18	10	27	9	115
gene-blo	49	27	172	36	215	175	23	15	13	8	17	11	1918
gene-Blos1	432	369	373	285	326	339	1142	882	1792	1063	1510	1770	232
gene-Blos2	579	669	750	379	560	409	203	174	169	298	294	283	615
gene-blp	456	339	439	1015	370	278	1817	1008	2441	1819	2599	1866	368
gene-blw	16766	7499	7365	25942	7560	25429	6474	2595	3440	2447	3422	2638	55861
gene-Bm-re	0	9	10	0	0	0	0	9	2	0	0	0	576
gene-bma	0	2	1	0	0	0	0	0	0	0	2	2	3
gene-Bmap-A	1	6	0	1	0	5	0	0	0	4	5	0	130
gene-Bmcp	147	80	120	39	98	0	16	18	19	36	21	26	120
gene-BmDJ-1beta	1453	386	693	759	628	1084	4184	1921	9518	3652	7661	5426	3186
gene-bmm	924	248	28	606	54	120	174	150	148	75	58	224	34
gene-BmMET2	60	47	28	7	6	9	11	9	7	1	7	4	53
gene-BmorPDSN	0	0	21	5	65	28	45	38	21	3	12	0	1972
gene-Bmp-2	710	426	614	1068	703	510	421	195	287	187	128	213	2369
gene-Bmptp-Z	253	325	448	194	297	220	89	39	41	82	129	155	486
gene-BNIP3	11451	27378	44647	3378	15795	676	3514	2015	1105	1038	264	810	9515
gene-bnl	15	27	35	41	9	72	7	3	13	2	30	4	400
gene-boca	438	244	291	526	156	295	1047	730	1691	525	2298	2193	804
gene-boi	162	123	257	9	185	69	31	13	47	24	32	20	1371
gene-BomSIFR	0	0	0	2	0	0	0	0	0	0	0	0	0
gene-bon	364	96	164	284	89	189	15	20	21	43	69	41	918
gene-bonsai	237	126	194	289	110	352	359	274	1008	448	1322	762	195
gene-bor	290	70	177	657	3	129	123	49	187	110	162	130	216
gene-bora	45	43	59	31	0	0	15	17	9	13	14	16	141
gene-BORCS5	196	180	331	190	159	62	215	170	227	112	125	168	123
gene-BORCS6	244	246	392	317	246	81	440	503	653	478	429	521	157
gene-BORCS7	85	131	164	47	91	7	245	192	246	201	228	228	69
gene-Borealin	29	32	32	30	14	17	18	13	46	22	18	43	140
gene-botv	136	54	122	78	47	18	28	7	6	19	22	24	123
gene-bou	18	21	15	21	16	16	2	23	15	11	8	8	411
gene-Boule	34	21	30	70	40	50	16	1	18	63	97	53	56
gene-bowl	536	214	868	794	189	354	35	24	14	121	31	15	1485
gene-br	244	280	1996	368	2573	463	81	47	74	423	324	155	14109
gene-Br140	153	46	86	134	44	65	12	10	29	37	36	34	252
gene-brat	289	2243	4229	233	2023	270	17	40	7	20	16	36	3031
gene-Bre1	357	262	441	309	295	124	75	26	53	119	109	110	888
gene-Brf	135	42	92	154	34	50	16	10	27	37	32	16	380
gene-brk	525	670	244	103	100	590	136	54	89	34	39	52	640
gene-Brms1	76	43	54	48	18	0	55	13	24	20	3	11	46
gene-brP-1649	2	4	351	3	54	0	6	0	0	0	0	0	1483
gene-brP-2095	19	44	9	20	37	35	52	14	78	4	9	24	828
gene-bru3	11	15	37	8	12	23	3	0	10	11	15	0	47
gene-Bruce	2462	923	1733	1498	2120	1117	147	109	111	342	425	370	2815
gene-brun	1315	654	1201	1364	495	613	177	73	145	117	127	116	1515
gene-BRWD3	54	2	6	25	0	0	0	0	0	0	0	0	53
gene-bs	257	154	220	256	69	174	88	25	38	74	91	42	597
gene-bsf	552	167	257	968	211	546	335	122	304	484	478	346	1098
gene-Bsg	15800	12436	12721	13534	10677	7526	5220	3537	6531	3442	4234	6126	9294
gene-bsk	6681	5887	3902	2009	8736	803	712	567	289	1204	1370	2331	2057
gene-BTBD9	405	634	1431	238	1310	106	161	62	50	175	163	125	521
gene-Btk29A	402	248	303	274	227	123	129	56	73	99	97	117	735
gene-Btl	6291	4537	10195	2475	2656	404	1091	459	392	424	248	606	1203
gene-Btr175	35286	20856	18056	16181	12090	6067	2001	1297	926	1399	1295	1207	4
gene-btv	4	5	10	3	8	0	2	0	0	0	3	0	63
gene-btz	673	208	475	244	287	301	60	47	45	120	126	72	572
gene-Bub1	547	236	457	271	183	111	187	64	201	206	253	167	508
gene-Bub3	148	161	300	233	111	128	1	95	97	199	169	151	334
gene-bug	375	322	519	399	236	351	555	443	583	575	883	984	462
gene-Bug22	156	138	238	250	150	143	270	216	459	299	359	313	225
gene-BuGZ	1412	1273	1673	1365	1386	746	202	142	91	50	85	100	3396
gene-Bulli	604	676	1093	529	263	234	354	156	228	209	246	276	403
gene-bur	2170	976	1264	2206	593	655	667	261	258	247	193	237	6350
gene-Burs	2	0	1	0	9	0	0	0	2	1	0	0	3
gene-bwa	59	332	458	58	254	109	40	57	16	39	4	11	1228
gene-Bx	4	11	17	8	12	18	4	7	6	0	0	1	245
gene-Bx42	2271	1965	3190	1773	2408	696	785	718	941	617	515	615	2022
gene-by	3038	1210	957	2005	387	658	291	172	307	452	1336	737	1210
gene-byn	1	5	54	0	89	101	42	12	34	5	0	0	1
gene-bys	554	583	805	1015	373	290	1008	810	679	859	577	709	1098
gene-C/EBP	70	1291	3889	7	1526	0	7	3	3	35	2	3	24
gene-c11.1	862	761	635	556	252	140	134	171	83	182	88	102	1059
gene-c12.1	1058	1381	1920	1144	725	318	1093	790	994	672	941	1118	584
gene-c12.2	341	100	120	206	56	85	70	7	71	32	116	48	107
gene-C15	0	3	0	0	0	0	0	1	0	0	0	0	25
gene-C1GalTA	323	99	78	377	3	83	101	28	85	151	163	129	29
gene-C3G	1490	732	639	909	298	450	93	44	50	115	114	117	1030
gene-ca	56	60	139	51	54	43	15	17	22	19	10	10	279
gene-Ca-alpha1T	27	28	64	26	73	232	14	0	9	19	28	13	61
gene-Ca-Ma2d	16	21	70	183	46	334	8	14	13	78	4	7	705
gene-CaBP1	1667	1553	2461	2733	935	1306	1479	973	1313	1066	2321	2161	10936
gene-cac	12	9	31	4	59	60	0	0	1	0	14	2	42
gene-cact	2613	3195	3916	1749	2140	2110	1612	799	2018	1808	2790	2092	1851
gene-cactin	717	476	716	678	698	410	389	241	355	189	168	208	984
gene-cad	1281	1080	551	762	72	536	858	495	459	807	332	604	0
gene-Cad74A	5	0	41	0	11	12	0	0	0	0	1	3	283
gene-Cad86C	2	6	34	7	5	29	6	4	0	0	2	0	499
gene-Cad89D	35	0	24	5	0	16	0	3	24	0	2	0	33
gene-Cad96Ca	11	8	47	10	17	25	19	13	25	16	7	3	252
gene-Cad99C	4	10	39	4	23	0	3	6	0	1	0	3	834
gene-Cadps	12	12	15	12	27	0	0	9	6	5	0	0	76
gene-Caf1-105	54	98	97	98	57	12	30	7	36	26	32	25	267
gene-Caf1-55	663	370	973	695	627	251	305	137	203	204	224	178	2644
gene-CAH3	718	1313	378	2760	542	2730	4784	4444	5086	6901	4459	1704	2
gene-CAH9	51	18	950	12	207	504	40	46	95	24	15	5	19
gene-CAHbeta	81	65	66	224	32	33	245	92	427	298	886	475	20
gene-CalpA	780	447	343	934	437	1383	210	90	198	185	170	169	4363
gene-CalpC	8	12	10	0	0	0	2	12	6	0	3	0	757
gene-Cals	1689	1072	1112	1052	1044	2163	91	73	196	199	423	398	12547
gene-Calx	1	2	5	2	0	3	1	4	0	0	6	0	33
gene-calypso	396	546	938	272	579	161	339	266	266	234	185	241	343
gene-CaMKII	126	128	176	110	81	149	65	63	67	62	107	71	798
gene-Camta	564	645	1200	554	610	439	102	74	63	317	397	124	7
gene-CanB	1219	725	1501	1118	872	899	388	187	312	156	230	146	2897
gene-Cand1	1231	651	707	1313	487	513	110	82	101	110	162	170	4527
gene-CAP	1957	1330	788	2256	301	1094	763	624	439	1059	743	422	539
gene-Cap-D2	14	14	11	9	10	0	2	7	75	6	16	6	76
gene-Cap-d3	11	11	4	3	0	0	2	0	6	13	3	3	33
gene-Cap-G	461	15	67	42	67	20	6	0	28	24	12	7	110
gene-CAPA	1	4	3	1	0	0	0	0	0	0	0	0	0
gene-Caper	1560	864	1681	1323	1413	1455	629	563	942	915	1445	1181	2239
gene-Capr	1704	1236	1475	2194	751	553	743	384	386	434	221	307	4208
gene-capt	6733	3250	1542	14241	942	3445	947	423	983	970	877	1693	2543
gene-capu	443	150	93	233	54	221	111	46	129	123	183	133	698
gene-car	1239	1407	1495	941	1377	302	882	616	727	539	425	560	817
gene-carmine	291	300	587	228	200	152	152	220	252	205	263	305	673
gene-cas	6	5	30	5	11	17	0	6	2	2	6	0	182
gene-casp	2956	3339	7803	2177	5164	491	846	583	374	290	308	404	4204
gene-Casp-4	10067	10115	10696	7811	4962	2120	8716	7370	8102	7068	6764	9746	0
gene-Caspase1	1028	3482	2318	874	1977	162	429	549	369	258	291	383	1222
gene-cass	705	344	739	780	360	349	137	99	208	324	506	361	1329
gene-Cat	10681	8969	25476	11489	12987	1915	4549	3781	4072	7786	2640	2541	21388
gene-CatD	5497	7710	18817	3585	16135	993	1196	1012	543	725	356	543	42730
gene-Catl-like	1402	1361	175	2489	420	865	1296	3439	2133	1652	1286	1318	7
gene-Catsup	1621	1000	1104	1623	515	864	2314	1559	2841	2492	4664	3698	1599
gene-Cb10	329	303	149	51	103	883	100	35	92	8	29	84	810
gene-cbc	383	324	447	682	242	171	215	80	211	117	138	210	643
gene-Cbl	1233	396	231	1113	203	307	173	72	254	245	318	476	331
gene-CBP	3	3	1	0	0	0	0	10	2	5	10	9	1369
gene-Cbp20	243	115	236	279	180	163	477	449	747	562	1020	769	481
gene-Cbp53E	0	2	175	0	0	50	0	1	1	3	21	0	16
gene-Cbp80	380	171	197	284	113	137	144	53	58	85	86	67	771
gene-cbt	2694	621	1119	1510	1040	1501	108	105	138	44	125	101	995
gene-Cby	2	0	4	1	0	0	1	10	1	2	10	1	2
gene-Cbz	57592	42297	36237	51888	17885	19370	39185	21842	32127	30309	29587	33591	16051
gene-Cc2d2a	15	9	28	17	22	24	24	75	39	3	19	24	9
gene-CCAP	0	0	0	0	5	0	0	0	0	0	0	0	32
gene-CCDC151	1	8	9	0	0	0	0	0	0	0	0	0	0
gene-ccdc25	248	105	190	368	152	339	236	108	481	364	1040	902	402
gene-CCDC53	369	418	707	255	215	66	688	457	575	363	294	480	107
gene-Ccdc56	163	96	126	319	24	160	577	210	599	438	615	552	180
gene-Ccdc58	47	52	106	164	126	196	205	99	378	328	811	463	113
gene-Ccdc85	2	1	8	0	10	0	0	0	0	2	1	0	158
gene-CCE-un1	609	463	169	1673	548	36	652	1489	1305	515	382	607	84
gene-CCHa1	26	20	6	15	0	14	82	54	21	64	19	70	14
gene-CCHa2	168	81	185	49	79	62	328	320	392	221	180	58	10
gene-Cchl	990	333	335	2077	119	570	1175	591	2032	1404	2033	2126	563
gene-Ccm3	901	1037	1004	937	507	368	1549	960	1557	1113	1370	1644	392
gene-Ccnl1	577	320	469	694	500	467	252	179	505	296	525	815	392
gene-Ccs	1869	1674	1170	1626	331	292	2357	1274	2401	1488	1083	1800	239
gene-CCT1	2672	2591	3115	5148	1631	1551	2080	1384	1055	1092	758	783	8899
gene-CCT2	1619	892	1688	3043	671	1134	1003	589	1116	1064	812	882	5460
gene-CCT3	1601	890	1070	3402	814	1399	861	411	637	747	795	633	6137
gene-CCT4	834	487	769	2225	277	721	610	347	488	487	397	551	4115
gene-CCT5	3058	1610	2682	5138	1501	2316	1291	590	737	677	655	563	11741
gene-CCT6	706	433	745	2127	505	724	761	296	949	630	816	737	4275
gene-CCT7	1629	829	1228	3142	459	984	1587	771	945	685	498	491	6481
gene-CCT8	1177	846	1242	3235	956	1446	1158	934	2120	1210	2470	1994	4507
gene-Ccz1	535	446	909	381	292	124	1126	692	1051	590	662	1089	224
gene-cd	26	23	25	7	45	0	3	1	2	1	1	0	83
gene-CD98hc	3250	2233	3160	1398	2443	1159	802	493	451	228	310	308	7126
gene-Cda4	32	36	51	9	71	62	18	16	22	3	11	0	4313
gene-Cda5	0	2	6	2	0	8	0	0	0	0	0	0	3165
gene-CDase	3783	9440	15555	1960	4976	126	1618	695	233	172	27	234	1013
gene-Cdc10	298	266	489	418	324	334	296	204	394	360	278	339	432
gene-Cdc16	76	29	54	97	20	13	5	5	19	0	3	3	108
gene-Cdc25	94	97	190	94	111	44	42	14	21	19	15	11	147
gene-Cdc27	788	704	1256	793	698	284	360	186	319	307	282	293	635
gene-Cdc37	1852	637	873	1713	469	1228	2244	1390	4229	2163	4064	4076	1941
gene-Cdc42	2904	2954	4860	3902	2600	1627	1706	858	1468	1628	2026	1764	5809
gene-Cdc45	43	53	185	54	62	0	10	0	20	0	0	0	76
gene-Cdc5	575	283	591	552	170	86	141	98	102	125	56	114	831
gene-CDC50	1907	1837	2372	1995	1461	1089	697	362	444	687	766	848	665
gene-Cdc7	203	136	485	271	131	84	65	45	46	91	85	127	249
gene-Cdep	530	236	530	280	175	540	105	60	98	117	245	163	326
gene-cdi	466	453	814	368	726	235	111	115	70	320	266	156	886
gene-Cdk1	115	203	150	218	79	33	55	63	37	23	34	52	273
gene-Cdk12	534	135	420	437	117	215	50	18	25	29	20	12	412
gene-Cdk2	41	77	102	66	76	3	26	33	12	13	8	20	413
gene-Cdk4	30	20	45	46	22	15	12	0	12	12	13	11	152
gene-Cdk5	114	62	87	126	12	48	146	77	169	153	113	133	155
gene-Cdk5alpha	3	0	0	0	0	0	0	0	1	0	0	0	62
gene-Cdk7	101	598	123	39	835	235	403	15	347	212	36	565	426
gene-Cdk8	527	289	519	337	131	60	297	175	400	333	358	452	199
gene-Cdk9	174	186	86	31	34	51	163	50	35	66	16	42	253
gene-cdm	419	197	130	450	132	152	49	22	29	34	22	69	328
gene-Cds	38	343	263	251	60	56	23	43	1	60	25	23	248
gene-Ced-12	416	366	693	568	179	199	212	101	218	226	227	309	235
gene-ced-6	430	1153	1037	518	345	211	168	82	85	62	51	80	1579
gene-CenB1A	354	324	722	437	596	123	93	52	35	185	96	86	368
gene-CenG1A	498	368	426	349	191	116	113	56	20	235	51	63	382
gene-centrocortin	8981	5497	1692	7184	505	3438	2635	1372	997	1536	877	1394	3143
gene-Cep135	66	34	62	59	42	6	39	12	17	33	20	38	14
gene-Cep164	5	0	0	4	0	0	0	0	0	1	2	0	7
gene-Cep89	5	0	8	3	11	0	1	0	0	0	1	4	7
gene-Cep97	25	21	27	28	44	0	29	12	9	5	13	14	75
gene-cert	2525	2873	2890	2181	1671	841	845	680	467	789	386	674	941
gene-cg	308	431	709	145	546	50	101	46	61	108	63	57	454
gene-chas	91	50	84	114	122	162	40	26	26	36	27	18	2200
gene-chb	344	308	641	268	557	342	78	80	29	208	204	152	800
gene-Chbp	38276	13356	12641	93155	7397	65244	3627	2691	6461	13743	43081	15505	3
gene-Chc	11844	7848	13209	7635	6395	1782	473	369	278	922	1119	1149	9404
gene-Chchd2	5989	6875	16559	9316	7615	3153	7751	5183	10141	5289	5974	5171	3790
gene-Chd1	1925	995	1878	1557	862	486	391	333	394	606	351	330	2169
gene-Chd64	337	512	451	413	377	1515	1202	910	1415	405	589	424	2485
gene-cher	128	111	339	81	1005	1135	19	7	42	47	68	23	26195
gene-Chi	807	667	1324	860	1204	734	389	177	222	429	398	320	1432
gene-chic	17701	16969	13917	25643	12345	13558	35794	25105	46638	34601	48908	53119	46209
gene-chico	564	574	906	917	548	328	196	73	35	293	185	139	331
gene-chif	627	427	676	512	628	197	152	88	98	104	79	48	576
gene-ChiR1	5	10	401	21	173	39	33	37	45	45	76	99	34968
gene-Chk2	72	54	83	59	75	19	33	14	58	33	89	77	63
gene-ChLD3	1	2	10	5	0	0	0	0	0	1	0	0	9
gene-chm	29	19	8	8	10	11	6	0	0	0	0	2	77
gene-Chmp1	2356	3253	6606	2226	2827	1030	2660	1877	2736	1608	2389	2556	1406
gene-CHMP2B	2903	3448	5591	4186	2372	693	2059	1475	1898	1376	1590	2896	860
gene-chn	20	10	4	17	29	48	0	0	0	0	2	0	28
gene-CHOp24	770	350	353	997	340	921	1584	835	2249	1499	3609	2688	2844
gene-chp	9	9	5	3	0	47	4	0	4	0	9	0	67
gene-Chpf	1708	1093	1081	821	474	89	18	24	1	4	16	10	972
gene-Chrac-14	48	37	43	79	44	65	33	76	173	119	349	212	235
gene-Chrac-16	45	14	25	60	19	46	95	36	90	73	98	135	110
gene-Chro	431	309	775	485	331	240	126	128	120	150	125	255	1786
gene-Chsy	283	1137	2563	555	881	96	49	83	60	156	122	126	759
gene-ChT	1	3	4	2	16	0	0	0	0	0	0	0	7
gene-Cht11	1270	1688	3577	1035	2661	297	724	535	338	848	230	454	655
gene-Cht2	63	43	132	71	20	152	27	23	29	14	11	31	827
gene-Cht5	6	8	74	17	38	72	0	0	3	0	0	0	33073
gene-Cht6	7	4	12	9	3	33	8	0	4	2	14	9	970
gene-Cht7	1	2	2	2	6	95	0	0	1	3	0	5	2198
gene-ci	15	10	24	14	14	39	5	1	5	3	4	2	2130
gene-CIA30	69	23	94	130	3	90	125	58	200	210	366	240	98
gene-Ciao1	912	762	1542	1030	707	521	1264	1187	2127	1039	1588	1681	936
gene-CIAPIN1	5182	1885	3117	2533	1205	826	5660	7344	4530	4561	2563	6200	1451
gene-cib	16461	91162	120760	47784	61176	5469	1189	4697	1096	3019	850	3319	19677
gene-cic	892	709	790	925	749	258	81	50	35	195	209	111	692
gene-cin	769	827	407	881	177	97	282	715	283	441	244	428	185
gene-Cip4	923	346	374	2060	248	568	321	156	288	325	170	279	1474
gene-Cipc	599	3803	6514	771	3073	228	616	494	178	759	273	289	3625
gene-Cirl	84	123	85	91	25	135	8	10	7	6	20	7	1371
gene-Cisd2	1356	1088	2233	3544	1880	3263	5828	3714	10370	9255	18848	10602	2664
gene-Cjhbp	5803	2452	7832	2458	453	1834	5181	3340	10238	3116	6938	6224	835
gene-ck	87	12	94	31	10	399	70	47	97	19	170	22	1426
gene-Cka	1330	755	1513	1089	486	326	63	27	18	11	31	31	2595
gene-CKIalpha	7455	7154	10470	9559	6019	4097	3870	2402	2860	3591	2781	2421	7498
gene-CkIIalpha	1036	851	1466	1782	599	494	670	611	998	1118	1421	1496	1501
gene-ckn	516	644	1924	1048	924	324	110	57	31	165	173	82	1392
gene-Cks30A	30	34	37	38	24	0	14	21	42	26	48	41	110
gene-Clbn	445	249	475	790	168	107	197	96	97	141	78	72	560
gene-Clc	9128	5945	8071	6510	5194	4078	11674	8271	16575	7630	11267	13815	8195
gene-ClC-a	560	251	253	353	83	543	275	93	147	213	213	126	337
gene-ClC-b	1532	1148	1808	881	783	343	339	179	256	184	162	305	447
gene-ClC-c	2631	3769	7106	1756	4420	950	545	336	275	703	585	611	1776
gene-Clic	4562	1393	1301	5276	650	5210	3647	1618	4891	5206	7611	5773	2686
gene-CLIP-190	1809	468	3766	1075	822	1174	66	49	45	492	135	290	1390
gene-CLIP11	188	143	423	153	453	1862	166	134	270	5	89	18	20728
gene-CLIP3	498	452	192	1472	322	39	1120	3571	2799	634	504	445	216
gene-CLIP4	13	14	60	21	136	336	56	13	57	0	7	6	1060
gene-Clk	632	561	611	403	559	350	194	121	147	301	260	250	616
gene-Cln7	870	775	1180	349	525	453	31	31	53	104	244	163	2466
gene-Clp	198	93	88	208	41	185	256	121	370	239	387	465	223
gene-ClpP	534	400	534	421	521	240	296	285	867	365	561	471	622
gene-ClpX	3659	2988	4168	1900	2364	598	1225	627	479	574	395	385	2619
gene-CLS	175	112	187	266	161	115	329	232	497	403	649	561	134
gene-clu	616	196	269	851	106	353	86	63	50	79	290	84	516
gene-Cluap1	1	0	3	2	0	13	2	0	1	1	0	0	4
gene-Cmc1	127	109	104	179	62	177	374	325	833	466	1402	958	97
gene-Cmtr1	7353	4748	9888	2262	3013	1598	4557	1343	2971	2623	2302	2615	528
gene-cn	2287	19	614	75	147	230	768	332	1721	537	1993	62	133
gene-cN-IIIB	236	158	181	346	11	113	104	49	143	100	182	160	179
gene-Cna	812	893	1206	974	391	581	803	475	645	876	443	503	2718
gene-Cnb	182	107	265	106	166	38	78	27	29	57	22	47	161
gene-CNBP	10686	14281	20695	19662	18707	9853	15256	15212	17918	15606	12334	13273	38810
gene-Cndp2	3502	1570	1824	2431	1046	3957	1704	660	3625	2658	5760	3090	1983
gene-Cnep1r2	427	135	114	433	69	468	671	523	2149	1115	1684	1966	315
gene-CngB	29	11	4	24	0	8	0	6	0	6	1	3	42
gene-Cngl	0	5	3	3	0	0	0	0	0	0	0	0	5
gene-cni	700	920	1497	740	1018	662	2169	2333	2849	2330	2328	1928	1420
gene-cnir	22	26	30	17	0	0	15	1	10	13	8	16	23
gene-cnk	204	76	95	137	14	36	2	11	0	9	7	1	123
gene-cnn	58	44	100	36	35	140	31	27	56	24	29	25	402
gene-cno	1225	1270	1972	803	1697	313	116	51	54	145	192	252	1522
gene-Cnot4	2761	2083	1891	2011	1522	848	392	241	237	195	201	209	2975
gene-CNPYb	594	359	530	394	198	262	341	281	591	351	718	722	810
gene-Cnx99A	885	307	884	796	298	651	127	39	81	125	375	205	6846
gene-Coa7	298	339	130	242	103	404	271	531	1344	518	1879	1649	33
gene-Coa8	232	268	289	266	164	161	274	282	606	511	1129	750	123
gene-Coc	1	3	0	0	0	0	0	3	7	0	3	6	4
gene-Cog1	1071	606	1221	754	521	505	675	311	644	520	614	683	667
gene-Cog2	690	268	287	601	297	625	899	453	883	805	1388	1233	545
gene-Cog3	342	141	210	345	147	173	97	58	135	142	165	130	376
gene-Cog4	445	226	312	390	177	173	148	96	138	96	78	120	409
gene-Cog6	342	341	393	307	299	173	188	73	176	253	382	305	203
gene-Cog7	378	207	256	427	132	166	181	60	126	115	129	99	403
gene-Cog8	339	256	402	309	89	185	324	503	911	528	1054	1034	331
gene-Col4a1	1743	118	159	322	235	404	102	86	193	113	508	90	2615
gene-colt	1658	776	650	1098	313	526	1901	960	2900	1841	3118	2831	933
gene-COMMD4	888	505	1076	652	591	442	789	922	1629	908	1303	1257	1333
gene-Con	2	2	3	1	0	0	0	0	0	0	0	0	9
gene-Cont	130	87	116	112	29	132	48	30	39	31	34	34	2502
gene-conu	2476	2056	5270	1366	1816	525	840	395	329	750	428	541	658
gene-conv	82	120	148	97	138	64	40	22	15	15	15	14	447
gene-Copg1	1086	532	879	1016	263	511	478	170	511	484	382	289	887
gene-Coprox	810	732	918	1497	834	1172	1532	1015	4227	1564	1717	2326	1277
gene-Coq2	196	69	34	198	35	81	52	35	62	82	74	52	91
gene-Coq4	343	631	1080	284	731	181	494	453	631	430	639	593	906
gene-Coq5	162	101	137	286	103	325	373	225	766	410	942	517	272
gene-Coq6	470	407	558	434	665	217	612	429	509	302	319	275	539
gene-Coq7	1039	292	634	1155	311	655	1207	661	1727	1676	1494	1566	458
gene-Coq8	267	82	121	378	101	224	56	17	66	82	213	129	118
gene-Coq9	756	640	637	509	629	334	1079	646	1803	1371	2270	1450	911
gene-CoRest	286	141	299	270	114	88	111	68	95	107	186	97	534
gene-Corin	2	0	3	0	0	0	0	0	0	0	0	2	3
gene-corn	2182	2013	2711	1927	2375	873	225	63	54	387	198	191	585
gene-coro	118	466	80	290	140	383	162	57	102	97	217	122	444
gene-Cortactin	703	502	571	1178	408	752	218	136	166	397	481	288	586
gene-cos	238	161	399	156	217	87	265	82	127	178	140	156	180
gene-Cow	1	0	5	1	0	0	0	0	0	1	1	0	600
gene-Cox10	464	160	80	524	83	229	356	129	328	292	364	164	323
gene-Cox11	198	74	118	343	87	193	656	172	841	397	1749	801	161
gene-COX5A	4011	2167	2482	6701	2738	7391	8598	4843	15888	13135	16164	9410	10158
gene-COX7B	2448	1059	1431	4221	1732	5591	2185	1312	4210	5434	8597	4361	8624
gene-Cp110	216	99	107	99	27	101	15	4	24	44	31	40	199
gene-Cp190	161	101	260	200	82	142	52	38	73	94	72	79	551
gene-CP8	5636	579	7	20	323	0	0	92	952	11	1213	6	10126
gene-cpa	2469	1822	2287	3203	1185	838	2017	1354	2095	1431	1783	1863	2757
gene-cpb	1156	613	854	1564	395	692	1244	744	2001	1103	1724	2216	1659
gene-Cpes	144	68	97	127	23	83	20	13	20	16	38	10	293
gene-CPF	16	2	16	3	51	35	24	4	18	5	7	0	0
gene-CPFL2	0	0	0	0	0	0	0	0	0	0	0	0	0
gene-CPG10	33	26	48	9	7	194	6	8	39	1	16	40	6171
gene-CPG12	0	0	0	0	0	9	0	0	0	0	0	0	27
gene-CPG13	0	8	1	1	0	0	0	0	0	0	0	0	0
gene-CPG14	2	3	0	0	0	0	0	0	3	0	0	0	145
gene-CPG15	0	0	0	0	0	0	0	0	0	0	0	0	0
gene-CPG17	0	1	0	1	0	0	0	0	0	0	0	0	12
gene-CPG18	0	2	0	0	0	0	0	0	0	0	0	0	0
gene-CPG20	2	3	3	20	0	215	11	11	7	26	3	0	20
gene-CPG21	0	3	0	1	0	49	0	2	1	0	0	0	25519
gene-CPG22	0	3	1	0	0	0	0	0	0	0	0	0	0
gene-CPG5	0	0	0	0	0	0	0	0	1	0	3	0	141
gene-CPG6	0	7	0	3	0	22	4	3	12	8	11	6	37
gene-CPG9	0	4	0	0	0	10	0	0	5	0	0	0	2
gene-Cph	754	290	232	532	88	209	154	96	58	161	153	97	502
gene-CPH1	3	2	0	0	19	0	0	0	0	0	1	0	182
gene-CPH16	0	0	0	0	0	0	0	0	0	0	0	0	39
gene-CPH17	0	0	5	0	0	0	0	0	0	0	0	0	0
gene-CPH18	3	0	0	0	0	0	0	0	0	0	1	0	28
gene-CPH19	0	1	0	0	0	0	0	0	0	0	0	0	739
gene-CPH20	0	0	0	0	0	0	0	0	0	0	0	0	0
gene-CPH21	2	0	0	0	0	0	0	0	0	0	0	0	103
gene-CPH22	0	0	0	1	0	0	0	0	0	0	0	0	3
gene-CPH23	0	0	0	0	0	0	0	0	0	0	0	0	17
gene-CPH28	6	3	4	2	5	0	0	0	0	0	0	0	51
gene-CPH3	0	1	0	0	8	0	0	0	0	0	0	0	1537
gene-CPH30	23	10	7	48	3	0	1	0	0	0	2	0	5
gene-CPH31	1	4	4	0	0	0	0	0	0	0	0	0	118
gene-CPH32	4	0	0	0	6	0	0	0	0	0	0	1	14
gene-CPH33	15	7	1	13	0	0	0	0	2	5	6	0	52
gene-CPH4	78	21	6	17	0	65	7	15	33	0	35	2	2
gene-CPH5	0	0	0	0	0	0	4	0	0	0	0	0	5387
gene-CPH6	0	110	122	2	0	164	31	0	14	3	2	3	35
gene-CPH9	0	0	4	0	7	0	0	0	0	0	0	0	0
gene-cpo	34	41	37	19	79	98	11	11	19	12	26	17	440
gene-Cpr	5050	1125	905	4321	299	1353	2338	616	2972	1369	2547	2087	1133
gene-CPR1	11	0	16	58	10	25	0	25	4	5	25	2	130392
gene-Cpr100A	0	0	0	1	0	0	0	0	0	0	0	0	32
gene-CPR123	0	0	0	0	0	0	0	0	0	0	0	0	0
gene-CPR125	0	0	0	0	0	0	0	0	0	0	0	0	0
gene-CPR126	0	0	1	0	0	9	2	0	1	0	0	0	1
gene-CPR128	0	0	0	0	0	0	0	0	0	0	0	0	0
gene-CPR129	0	1	0	0	0	0	0	0	2	0	0	0	6
gene-CPR130	20	21	78	7	95	0	7	5	4	4	7	2	4
gene-CPR132	0	1	0	0	0	0	0	0	0	0	0	5	2
gene-CPR133	1	0	0	0	0	17	0	6	0	1	3	0	0
gene-CPR135	0	2	0	0	0	0	3	0	0	0	0	0	0
gene-CPR136	0	0	0	0	0	0	0	0	0	0	0	0	0
gene-CPR139	0	6	0	0	0	0	0	0	5	2	1	0	0
gene-CPR146	92	33	29	34	9	1683	4	0	22	8	22	0	87711
gene-CPR147	1	5	0	0	0	0	0	0	0	0	0	0	157
gene-CPR15	0	0	0	0	0	5	0	0	1	0	0	3	12
gene-CPR16	0	0	0	0	0	0	0	0	0	0	0	0	0
gene-CPR20	0	2	0	0	0	0	0	0	0	0	0	0	222
gene-CPR21	6	3	3	2	0	20	0	0	0	0	0	0	370403
gene-CPR23	14	1	19	103	8	5598	157	167	969	60	765	24	24
gene-CPR25	0	0	7	2	15	35	155	63	276	57	60	0	0
gene-CPR33	0	2	0	0	0	0	0	3	0	0	0	0	62
gene-CPR34	0	0	1	8	0	30	0	0	2	0	0	0	26
gene-CPR40	0	0	0	0	0	0	0	0	1	0	0	0	92
gene-CPR41	0	2	0	0	0	221	0	3	56	1	120	0	13
gene-CPR48	0	2	3	0	0	0	0	0	0	0	0	0	0
gene-CPR49	0	1	0	0	0	6	19	1	4	0	0	0	0
gene-Cpr50Cb	2	2	3	3	0	0	0	0	0	0	0	0	20
gene-CPR54	0	0	0	0	0	0	0	0	0	0	0	0	3
gene-CPR55	0	0	0	0	0	0	0	0	0	0	0	0	30
gene-CPR56	12	0	123	4	53	134	99	21	100	13	54	9	1265
gene-CPR57	1	2	4	1	0	0	0	4	0	1	0	0	1
gene-CPR6	20	15	12	6	0	338	85	3	204	124	239	198	1
gene-CPR62	0	0	0	0	0	0	0	0	0	0	0	0	15
gene-Cpr64Ac	0	0	0	0	0	0	0	0	0	0	0	0	0
gene-CPR65	1	0	0	0	0	0	0	0	0	0	0	0	0
gene-Cpr66D	0	3	0	0	0	0	0	0	0	0	0	0	0
gene-Cpr67B	23	5	55	127	69	1787	121	84	192	20	62	14	13611
gene-CPR69	0	4	0	0	0	0	0	0	0	0	0	0	14
gene-CPR7	0	5	5	5	53	0	0	0	3	0	0	0	4
gene-CPR70	0	1	0	0	0	0	0	0	0	0	0	0	28
gene-CPR71	1	0	0	0	0	0	0	0	0	0	0	0	0
gene-CPR72	1	0	0	3	0	0	0	0	0	0	0	0	0
gene-CPR73	1	0	5	3	0	0	0	0	3	0	0	0	0
gene-Cpr73D	1	14	0	0	0	0	0	0	0	0	0	0	34
gene-CPR79	0	2	0	0	0	0	0	0	0	0	0	0	150
gene-CPR8	1	3	0	0	0	0	0	0	5	0	2	0	0
gene-CPR81	0	0	1	0	0	0	0	0	0	0	0	0	0
gene-CPR82	0	0	1	0	0	0	0	0	0	0	0	0	0
gene-CPR83	1	2	16	0	39	0	0	0	0	0	0	0	1
gene-CPR84	0	0	0	0	0	0	0	0	0	0	0	0	74
gene-CPR9	0	0	0	0	0	0	0	0	0	0	0	0	0
gene-CPR90	0	0	0	0	0	0	0	0	0	0	0	0	0
gene-CPR91	0	0	0	0	0	0	0	0	0	0	0	0	61
gene-CPR92	0	0	0	0	0	0	0	0	0	0	0	0	351
gene-CPR93	0	0	0	0	0	0	0	0	0	0	0	0	0
gene-CPR94	0	0	0	0	0	0	0	0	0	0	0	0	0
gene-CPSF1	213	74	139	391	111	165	22	22	4	13	36	11	841
gene-CPSF2	367	158	236	402	130	194	96	33	117	99	104	115	551
gene-Cpsf5	248	85	163	200	138	184	166	209	98	88	164	227	547
gene-Cpsf6	1339	432	700	946	354	371	130	109	127	161	296	225	1771
gene-Cpsf73	166	36	64	96	55	36	88	31	36	33	26	45	130
gene-CPT2	300	255	489	300	132	249	160	80	348	377	355	328	380
gene-cpx	931	759	783	1822	568	1198	795	426	392	2011	860	769	434
gene-Crag	1828	1060	1164	1033	798	407	245	148	202	252	228	226	1369
gene-CRAT	2958	1013	1817	1943	656	1358	1745	633	2073	2257	2939	3409	1018
gene-crb	2164	1538	2402	1340	1417	811	685	557	919	549	923	870	1457
gene-crc	26660	18456	24798	19460	15847	11280	10050	5417	6762	5579	5115	5949	27892
gene-CrebA	702	552	1078	597	661	245	145	77	39	113	154	114	1242
gene-CrebB	1613	1655	1414	1808	577	520	1479	1100	1023	968	886	970	1018
gene-CREG	3350	12083	5167	1283	4623	1752	4350	4065	19884	1433	14487	2417	2204
gene-CRIF	209	70	119	243	131	325	410	149	470	355	924	411	203
gene-crim	37	22	36	55	41	73	52	10	75	46	68	54	567
gene-Crk	183	61	96	211	170	0	67	9	65	70	109	151	394
gene-crm	265	108	439	229	147	16	54	23	52	30	23	10	317
gene-CRMP	181	67	276	343	76	489	149	53	150	295	312	190	926
gene-crn	604	425	885	444	713	174	273	253	288	328	631	487	809
gene-croc	14	19	28	14	103	27	16	0	14	5	19	15	28
gene-crok	26	22	51	58	25	43	46	12	38	34	73	53	615
gene-crp	113	92	141	156	51	30	95	34	24	51	29	43	305
gene-Crt	3992	1548	3804	7524	3578	7403	872	852	2469	1077	3540	1922	54815
gene-cry	368	213	240	336	85	165	105	78	233	164	117	147	400
gene-cry2	3240	1844	5059	2037	1442	1275	685	735	726	672	396	404	707
gene-Crz	0	2	0	0	0	0	0	2	0	0	0	1	3
gene-Cse1	333	182	356	282	131	151	49	18	20	34	54	36	1111
gene-Csk	1578	1758	1725	725	407	319	349	241	203	221	154	239	1185
gene-Csl4	432	953	1219	402	695	216	703	682	895	711	684	936	274
gene-CSN1b	2168	1759	2979	1790	1601	953	2484	1195	2538	1907	2390	2655	2661
gene-CSN3	677	395	545	741	282	321	646	439	1194	874	1084	1163	1005
gene-CSN4	911	559	983	833	694	433	1631	1023	1765	1203	1635	1776	1993
gene-CSN5	1603	1538	2284	1867	1967	839	1862	917	1360	744	877	929	2983
gene-CSN6	836	505	611	659	223	428	978	580	1217	831	944	1019	1352
gene-CSN7	1076	1093	1891	836	1373	663	842	719	1631	777	864	1336	1800
gene-CSN8	157	165	190	267	124	154	226	145	315	234	302	245	673
gene-Csp	1041	737	418	1755	252	1041	1130	843	2338	2334	2050	2536	897
gene-CSP10	140	105	76	78	156	20	53	194	283	166	92	77	9
gene-CSP11	0	12	9	1	0	0	0	29	23	0	4	6	1
gene-CSP16	21	8	25	18	7	46	27	24	53	19	44	22	296
gene-CSP4	65	117	103	48	71	102	64	228	147	50	108	52	6724
gene-CSP7	2337	333	7	18	284	178	228	117	2394	26	1667	0	13803
gene-CSP9	0	2	9	0	0	0	0	0	0	0	0	0	638
gene-CstF50	92	32	81	161	15	109	39	11	31	32	26	34	207
gene-CstF64	536	219	306	554	292	141	199	86	230	166	150	124	835
gene-csul	241	133	268	277	87	107	206	136	287	232	400	446	303
gene-csw	353	175	542	145	406	298	57	57	51	116	181	151	732
gene-cta	157	210	398	143	132	109	50	36	39	37	40	42	230
gene-CtBP	4738	2491	2140	4908	1884	2317	562	445	349	641	613	488	9229
gene-Ctf4	61	66	150	108	148	103	29	13	23	12	42	43	289
gene-Ctl1	35	40	47	40	4	112	29	24	25	28	32	27	629
gene-CTL10	135	94	282	23	136	117	44	69	143	99	260	57	13946
gene-CTL11	18	11	0	3	38	0	0	0	7	0	13	0	532
gene-CTL16	2	2	7	3	13	23	0	0	4	0	0	0	71
gene-Ctl2	22041	25076	38138	15404	12674	2897	3961	2083	3446	5175	3265	3252	1312
gene-CTL4	1	1	11	1	0	2	2	0	0	0	22	0	39
gene-CTL6	0	0	0	0	0	0	0	0	0	0	0	0	0
gene-Ctns	1069	604	1105	644	111	1103	414	95	207	459	333	239	525
gene-Ctps	131	251	1516	252	536	72	68	49	35	59	52	46	1001
gene-Ctr9	711	538	735	709	538	324	207	156	125	273	169	116	771
gene-ctrip	2136	1597	3214	2121	2348	847	59	66	58	205	157	144	3793
gene-cts	1	0	2	0	0	35	0	0	1	2	3	0	29
gene-CtsB	465	233	116	294	215	725	94	671	324	62	205	84	11204
gene-Ctu1	209	169	182	369	102	93	226	217	175	277	365	299	330
gene-Ctu2	90	132	203	84	36	45	150	141	112	165	156	175	80
gene-cue	367	116	128	566	70	215	261	141	124	520	479	160	145
gene-Cul1	7593	6296	11621	3896	14138	1755	2154	1122	1462	1050	826	922	7588
gene-Cul2	497	266	367	452	165	107	5	13	2	7	11	6	4986
gene-Cul3	3050	2319	3402	3077	2067	1088	1053	473	727	439	447	524	3850
gene-Cul4	1691	1081	1173	1393	789	549	458	334	344	423	431	454	1242
gene-Cul5	490	226	589	323	323	208	277	255	385	323	547	533	539
gene-cut	301	409	527	213	219	212	25	10	15	21	18	16	913
gene-cutlet	119	31	46	82	48	32	30	22	31	19	42	40	77
gene-cv	76	73	109	62	96	130	53	50	52	40	28	23	553
gene-cv-2	303	403	574	1066	66	87	154	103	23	54	32	77	309
gene-cv-c	159	208	225	200	99	152	69	52	49	115	118	45	70
gene-cv-d	53	4	2	0	14	30	0	0	2	0	1	0	654
gene-Cwc25	238	228	335	315	206	295	131	123	194	97	123	142	491
gene-cwo	3025	900	1631	1204	762	1472	1034	458	915	1084	1514	875	935
gene-cyc	1389	383	776	448	545	1133	185	150	168	204	563	307	415
gene-Cyca	353	288	464	363	203	134	93	93	91	115	118	91	508
gene-CycB	1	3	0	15	4	0	1	0	4	7	5	0	80
gene-CycB3	48	37	107	46	6	5	7	0	13	0	10	11	148
gene-CycC	151	186	260	143	116	52	267	202	267	272	241	337	247
gene-cycD	2	0	1	0	11	0	0	0	0	1	3	0	46
gene-Cyce	11	27	27	85	27	16	12	3	17	4	8	7	80
gene-CycG	3078	2218	1519	3333	516	1111	2428	825	1100	1309	1007	975	2535
gene-CycH	242	241	351	199	141	105	437	254	392	253	335	426	207
gene-CycJ	648	742	1973	787	1264	158	182	74	81	211	211	135	491
gene-CycT	1368	1513	963	1281	610	349	161	171	161	348	305	270	1298
gene-CycY	550	474	585	737	246	225	578	494	723	545	694	828	875
gene-CYLD	765	660	1044	544	553	259	143	102	76	68	51	80	565
gene-Cyp18a1	34	88	256	184	140	31	48	31	12	105	18	16	563
gene-Cyp303a1	0	1	10	0	0	0	0	0	0	0	0	0	11
gene-Cyp305b1	68	4	6	50	0	14	97	177	86	31	2	39	33
gene-Cyp307a1	2	8	13	6	22	16	26	4	3	2	0	0	1754
gene-cyp33	99	46	84	170	71	133	121	67	230	166	306	284	182
gene-Cyp332a1	5491	9166	2583	5447	1836	1995	14967	13671	12935	11364	8965	11518	403
gene-Cyp337a1	91	62	18	2	20	138	0	7	22	8	39	3	289
gene-CYP338A1	0	0	0	0	0	0	0	4	0	0	0	0	4
gene-Cyp339a1	0	8	0	3	0	0	1	1	0	2	0	3	2
gene-CYP341B1	1	6	0	0	0	0	0	0	0	0	0	0	63
gene-CYP354A1	201	263	275	347	119	67	313	116	179	239	174	292	235
gene-Cyp366a1	0	0	0	0	0	0	0	0	0	0	0	0	0
gene-CYP367A1	0	1	2	1	0	53	3	2	0	2	0	0	7
gene-Cyp40	277	363	470	106	183	28	156	62	85	41	93	39	216
gene-CYP49A1	1	0	0	1	7	0	0	0	4	1	0	4	0
gene-Cyp4g15	11	7	12	8	0	166	240	29	81	7	3	9	343
gene-Cyp6ab5	4841	363	14	2763	40	1315	5874	4338	13908	4202	9753	8912	23
gene-Cyp6ae22	14	9	0	3	0	0	0	4	1	0	26	0	7308
gene-Cypa	18978	14251	13505	30280	12637	19597	16628	16648	31631	29995	28719	27411	68936
gene-cype	2887	1978	2546	4311	2755	10160	8503	6055	27390	22479	37209	24555	6679
gene-Cypl	158	211	297	183	200	109	361	355	759	189	457	604	560
gene-cyr	5	5	7	3	4	0	0	0	0	0	1	6	8
gene-CysRS	241	49	64	397	6	14	88	30	43	36	62	40	318
gene-CysRS-m	512	309	318	205	92	93	454	179	408	309	553	557	149
gene-cyst	112	100	229	64	133	67	21	12	13	22	20	62	349
gene-cysu	0	0	0	0	0	0	0	0	0	0	0	0	64
gene-Cyt-c1	3708	2299	2072	6115	1847	4331	6760	3941	10853	7911	11337	5796	11291
gene-D12	136	150	181	120	153	152	134	60	100	120	69	82	397
gene-D2hgdh	1407	598	496	871	238	367	1111	761	2426	984	2245	2776	404
gene-d4	189	97	169	184	239	149	99	58	86	126	167	155	449
gene-da	111	77	18	49	12	0	7	3	0	5	2	0	62
gene-DAAM	1735	1570	11618	625	2731	252	332	142	63	122	129	108	1086
gene-Daao1	2497	2234	1979	1781	1341	990	3296	1840	2772	2423	2503	3685	773
gene-Daao2	98	4	0	0	7	0	2	0	109	0	63	2	764
gene-Dab	20	26	12	24	0	0	3	10	6	6	1	1	192
gene-dac	18	8	40	16	31	169	33	6	29	13	7	3	48
gene-dachs	8	6	35	1	13	20	0	0	0	0	2	8	5337
gene-Dad	52	67	62	234	4	44	10	37	12	50	36	34	288
gene-Dad1	263	102	209	278	228	541	804	518	1201	1126	2361	1301	425
gene-Dak1	1082	509	573	2517	169	1137	876	469	1553	1436	2212	1846	293
gene-dally	23	5	7	29	31	29	6	28	6	5	9	7	1778
gene-Dap160	769	322	506	473	290	356	38	56	41	95	139	123	443
gene-dare	168	76	120	102	23	133	133	46	148	152	203	239	115
gene-DAT	6	0	8	0	0	0	4	0	3	1	1	0	38
gene-daw	37	4	34	5	9	0	11	0	3	7	1	0	25
gene-Dbct	618	148	129	498	74	924	1349	554	2133	1991	9131	2945	217
gene-dbe	567	656	1603	612	660	134	779	447	481	622	727	834	429
gene-dbf	160	126	103	96	96	12	100	41	112	91	79	84	117
gene-dbo	643	421	756	451	717	156	104	14	61	37	37	58	1527
gene-Dbp21E2	155	106	161	231	53	58	182	153	191	185	165	212	104
gene-Dbp45A	72	75	161	252	114	4	61	62	31	137	48	44	121
gene-Dbp73D	38	48	141	144	37	49	22	17	18	31	43	33	137
gene-Dbp80	1367	1465	854	985	1046	487	1985	1192	2088	1917	1955	2605	1167
gene-Dbx	1	9	8	1	0	0	0	0	0	0	2	0	7
gene-DCAF12	269	295	632	154	361	115	116	72	79	104	114	165	698
gene-Dci	554	515	644	556	285	199	1088	1130	1458	1767	2426	1398	146
gene-dcma	41	20	18	21	14	28	14	0	13	5	126	119	25
gene-dco	1896	2178	2938	1515	1585	640	1267	723	752	1026	769	790	2064
gene-DCP1	861	1194	1731	714	829	280	467	286	276	558	375	432	1467
gene-DCP2	1376	1550	2399	1151	2516	329	1229	1250	1043	1051	656	786	1475
gene-Dcps	1644	1282	861	952	252	228	553	451	389	176	192	218	991
gene-Dcr-1	265	142	130	78	98	43	35	18	17	1	18	11	60
gene-dcr-2	9333	3924	11123	1313	3035	1725	3615	562	1565	2965	2447	2106	1628
gene-DCTN1-p150	166	41	80	199	65	127	47	6	13	21	38	20	364
gene-DCTN2-p50	621	552	831	783	283	236	394	147	332	276	300	214	1223
gene-DCTN4-p62	69	34	32	128	27	89	39	12	38	20	26	23	326
gene-DCTN5-p25	429	465	579	620	361	246	1369	1166	1749	1207	1313	1300	475
gene-DCTN6-p27	221	188	254	297	171	305	429	325	886	357	848	762	265
gene-DCX-EMAP	8	7	8	7	0	0	6	0	0	0	0	0	0
gene-Dd	412	771	1880	713	625	395	288	119	208	704	495	282	498
gene-Ddrgk1	1008	587	622	940	419	493	785	701	794	1095	2317	1823	564
gene-Ddx1	1184	377	282	4012	183	532	703	232	942	559	945	1059	944
gene-Deaf1	26	14	24	22	11	0	8	8	10	3	4	5	10
gene-DEF8	2479	7565	5629	1680	3212	324	2091	1946	1625	780	689	2129	1767
gene-Delta	63	17	28	87	30	70	7	0	0	2	0	10	580
gene-deltaCOP	1905	597	1104	2321	656	787	965	311	828	685	976	779	1782
gene-DENR	550	285	411	876	194	553	1123	636	2043	1060	2973	2167	519
gene-Der-1	1232	664	1002	959	807	485	666	453	590	449	651	511	1695
gene-Der-2	790	701	1081	1130	505	612	707	496	1194	1055	2192	1757	1317
gene-Dera	1409	472	609	552	336	295	1191	889	2967	1431	2268	2416	133
gene-Desat1	0	0	0	2	0	0	0	4	4	0	19	1	0
gene-DESAT4	2583	1947	2605	3028	548	2063	1439	744	1055	1090	948	1292	639
gene-Det	7	4	34	14	5	3	0	6	16	15	29	44	59
gene-Dfd	0	0	0	0	0	0	0	0	0	0	0	0	0
gene-Dg	1029	471	1496	1756	502	1435	123	115	136	138	279	192	4210
gene-Dgk	5	3	1	5	0	0	11	0	0	4	0	0	8
gene-Dgkepsilon	241	187	139	134	104	173	128	98	215	77	163	205	297
gene-dgo	8	6	1	4	0	11	2	0	9	3	0	4	168
gene-dgt1	344	298	255	484	44	111	99	72	53	119	99	70	242
gene-Dh31	667	301	107	239	231	86	718	786	1010	547	423	271	52
gene-Dh31-R	17	10	60	20	78	95	0	0	0	0	2	0	531
gene-Dh44	259	195	12	209	24	1993	1378	415	1775	315	801	453	12
gene-Dh44-R2	2214	2430	4192	1933	2031	183	2619	2853	2620	885	383	1102	22
gene-Dhap-at	105	62	63	93	104	160	136	59	100	83	136	67	50
gene-Dhc16F	11	17	1	1	0	0	1	5	8	6	21	8	5
gene-Dhc36C	8	1	5	0	0	0	0	0	0	0	0	1	5
gene-Dhc62B	25	5	7	12	0	0	8	0	5	8	6	8	38
gene-Dhc64C	1320	456	393	1028	560	1104	35	39	48	59	124	111	5151
gene-Dhc93AB	9	24	19	14	2	17	0	0	0	3	0	0	8
gene-Dhc98D	4	8	3	0	7	0	0	0	0	2	0	0	10
gene-Dhdds	410	380	630	796	483	234	467	330	915	617	920	1167	654
gene-Dhfr	43	39	104	110	148	67	172	89	268	175	197	217	194
gene-Dhit	36	39	55	24	98	91	54	57	55	45	74	42	164
gene-Dhod	310	281	194	266	189	225	583	315	523	789	866	763	198
gene-Dhpr	604	253	236	196	201	735	214	211	562	244	579	350	2314
gene-Dhr-1	1	5	1	0	0	0	0	0	3	0	0	0	64
gene-Dhrs4	2250	1002	906	1732	592	1221	3790	2777	5982	6613	7020	7341	365
gene-Dhs	460	420	719	419	404	325	1002	626	1314	530	777	695	489
gene-Dhx15	521	314	526	547	399	300	380	105	208	155	71	91	1495
gene-dia	406	444	1159	357	585	290	45	47	20	65	59	78	349
gene-Diap2	1858	1202	4178	338	1593	415	320	128	154	500	443	202	271
gene-dib	2	4	8	1	5	0	11	9	2	2	6	5	191
gene-Dic1	339	135	117	251	106	468	224	150	430	397	799	533	105
gene-didum	529	253	91	424	71	337	325	140	106	488	556	417	166
gene-dila	3	5	3	9	0	0	0	0	0	0	0	2	7
gene-Dim1	259	214	461	278	232	207	475	276	934	435	511	1023	236
gene-dimm	198	44	42	113	17	40	255	104	63	207	82	188	186
gene-Dip-B	1514	774	231	377	249	2025	2667	1731	5097	3061	6566	5525	0
gene-DIP-beta	0	0	5	0	0	0	0	0	0	0	0	0	12
gene-Dip-C	3656	777	964	3998	433	5422	2535	677	10832	6763	11523	7931	3037
gene-DIP2	712	237	259	538	168	689	90	22	55	81	242	226	1450
gene-Dis3	554	306	727	646	601	213	212	103	216	183	119	96	1379
gene-disp	102	64	63	107	29	19	61	37	41	64	44	34	186
gene-Dlc90F	608	747	951	772	381	373	1430	1518	2246	1373	1963	1949	1013
gene-DLDH	5692	4106	7001	5942	2466	2958	4003	2234	4947	3140	4322	2616	3436
gene-dlg1	478	192	308	589	158	406	200	61	163	173	204	103	2584
gene-Dlg5	356	488	450	579	397	361	157	128	12	203	118	102	465
gene-Dlic	951	997	1817	1017	1338	394	401	213	209	306	374	329	1479
gene-Dlish	54	36	26	49	14	42	32	16	37	7	22	27	1081
gene-Dll	9	7	4	4	0	0	0	0	0	0	7	0	12
gene-dlp	690	610	543	426	330	293	241	127	104	136	99	75	3745
gene-dlt	39	33	82	18	50	0	6	0	2	20	12	11	61
gene-DMAP1	595	506	735	433	305	298	383	230	362	308	213	423	438
gene-Dmc1	0	0	0	0	0	0	0	0	0	3	0	8	0
gene-dmpd	1118	779	887	1038	734	561	494	303	284	593	770	493	1718
gene-dmrt11E	6	2	3	7	0	0	0	0	1	2	0	0	0
gene-dmrt93B	0	0	0	1	0	0	0	0	2	0	0	0	2
gene-dmrt99B	0	0	0	0	0	0	0	0	2	0	0	0	0
gene-dmt	109	54	250	108	57	38	52	27	48	37	42	31	102
gene-Dmtn	1512	2284	4754	2346	4357	616	426	212	282	321	474	351	2119
gene-Dna2	71	53	77	103	71	90	18	6	21	15	10	23	226
gene-Dnaaf3	15	6	38	8	5	0	17	17	17	10	30	22	2
gene-Dnaaf5	120	52	130	67	35	87	28	16	28	13	9	13	73
gene-Dnaaf6	1	3	6	11	8	0	2	3	7	0	7	6	0
gene-Dnah3	0	6	2	5	12	0	0	0	0	0	0	3	7
gene-DnaJ-1	4984	6399	11237	4441	3611	1260	8670	3878	5515	5525	3974	4061	3938
gene-DnaJ-10	226	236	497	125	438	183	469	104	237	296	427	206	193
gene-DnaJ-11	306	262	347	335	257	425	512	433	844	804	1276	839	321
gene-DnaJ-13	163	245	346	197	122	133	435	219	431	446	376	279	337
gene-DnaJ-14	606	346	469	933	128	368	678	293	390	567	329	308	1395
gene-DnaJ-15	262	377	558	216	663	99	349	347	425	409	307	343	185
gene-DnaJ-16	359	134	305	649	311	174	138	109	210	178	376	391	364
gene-DnaJ-17	228	152	158	436	39	94	39	39	26	65	136	88	257
gene-DnaJ-21	252	365	882	244	701	155	260	257	246	173	227	172	234
gene-DnaJ-5	5832	2813	6577	2547	2449	1528	2766	1651	4279	2958	3659	4023	2579
gene-DnaJ-6	1853	1605	2628	1855	1237	596	1163	706	1280	1243	1171	1215	1566
gene-DnaJ-8	226	64	77	208	80	294	346	238	557	342	1304	705	319
gene-Dnali1	7	0	0	0	0	0	0	0	5	0	6	5	10
gene-DNAlig1	160	96	152	169	137	70	30	36	20	24	30	13	422
gene-DNAlig3	299	319	544	337	360	87	187	107	93	173	85	109	278
gene-DNApol-alpha180	71	87	217	54	119	30	45	54	54	13	20	44	174
gene-DNApol-alpha50	52	101	84	57	69	48	100	100	91	51	129	156	36
gene-DNApol-alpha73	471	461	703	445	886	495	305	453	416	322	250	319	2285
gene-DNApol-epsilon255	84	98	131	67	72	29	14	8	5	4	14	7	352
gene-DNApol-epsilon58	23	58	96	35	27	10	17	22	19	9	9	26	80
gene-DNApol-eta	95	78	167	140	41	59	156	84	50	95	101	92	49
gene-DNApol-gamma35	84	48	74	73	56	65	107	53	111	105	229	214	72
gene-DNApol-theta	19	7	26	20	62	69	7	0	4	13	3	13	77
gene-DNApol-zeta	116	76	162	232	112	87	127	62	33	70	15	24	231
gene-DNaseII	56	217	121	60	53	395	53	81	67	51	192	164	442
gene-Dnmt1	87	60	120	92	74	70	9	10	32	12	31	14	265
gene-dnr1	9308	6516	18254	4186	9699	1650	2774	1180	3258	1693	1645	2992	2992
gene-dnt	467	490	2152	115	472	138	270	93	78	115	56	55	1431
gene-Doa	826	728	737	871	674	1227	363	319	556	331	212	272	8327
gene-Doc1	1	3	2	0	13	0	0	0	1	0	0	0	60
gene-dock	164	128	144	193	249	216	43	13	42	106	86	89	450
gene-Dok	278	177	232	505	72	158	357	200	231	218	192	412	395
gene-Dolk	168	54	55	203	19	90	147	50	376	215	512	578	232
gene-dom	524	160	209	444	242	173	2	15	2	0	2	0	1402
gene-dop	604	522	649	449	567	203	112	125	71	236	272	153	668
gene-DopEcR	8	3	4	5	10	7	2	3	2	4	0	1	152
gene-Dopr1	7	5	7	3	8	0	6	6	0	1	3	0	0
gene-Dopr2	0	0	0	0	0	0	0	0	0	0	0	0	0
gene-dor	538	355	398	407	73	37	204	80	127	133	89	242	325
gene-Dorsal	933	970	1617	1348	633	517	102	69	43	130	79	116	804
gene-dos	218	179	424	180	186	61	68	40	44	52	49	46	275
gene-Dp	564	286	403	562	247	275	220	102	288	307	395	386	737
gene-Dp1	6252	1118	1700	6521	679	2824	1361	491	1291	1008	1683	1483	10344
gene-dpa	47	48	96	64	58	37	6	0	0	0	4	0	299
gene-Dpck	95	90	171	125	143	45	118	48	70	82	114	142	78
gene-DPCoAC	148	30	51	51	15	81	57	18	38	32	16	18	152
gene-Dph1	158	144	200	363	65	152	425	186	638	505	584	530	251
gene-Dph2	460	415	577	516	380	142	619	466	645	440	723	802	256
gene-Dph3	118	186	239	263	167	52	288	496	393	354	332	369	208
gene-Dph5	102	75	151	189	108	162	142	110	292	145	289	328	134
gene-Dpit47	75	40	62	224	15	28	57	31	54	63	49	42	156
gene-Dpm1	3660	887	908	5291	455	303	1814	4231	1768	1118	4364	5390	833
gene-dpp	37	51	33	126	26	83	87	41	69	28	26	54	1353
gene-Dpp10	63	10	82	44	61	26	1	4	89	9	9	2	25
gene-DppIII	2489	1390	2015	2780	1449	1285	1773	1024	1576	844	867	1015	31644
gene-Drak	1712	1463	2355	1228	1020	271	282	208	141	149	103	201	411
gene-Drat	1174	586	2688	184	961	141	173	151	265	255	333	99	4373
gene-drd	49	41	17	20	4	37	41	17	80	29	58	32	156
gene-dre4	2131	1439	2815	2163	2608	1215	880	393	591	595	439	607	3181
gene-Dredd	1606	2059	2513	775	739	397	1740	1210	1124	1163	1388	1520	404
gene-Drep1	225	332	495	197	125	137	234	225	162	195	202	203	121
gene-Drep2	1	0	3	0	0	0	0	0	0	0	0	0	2
gene-Drep4	59	155	220	60	80	11	38	45	23	45	15	7	81
gene-Drgx	0	1	0	0	0	15	0	0	0	0	0	0	20
gene-Drip	3936	5221	10592	3634	4329	6084	3274	2747	2487	2765	1971	845	5005
gene-drk	1022	544	646	2057	532	944	471	242	797	606	781	854	2665
gene-Drl-2	2	0	6	0	0	0	0	0	0	1	4	0	6
gene-drm	187	207	224	182	83	69	317	216	193	222	119	365	2493
gene-drn	10386	23004	38780	12716	23867	2613	4972	3895	2909	3563	2344	3269	19421
gene-Droj2	4690	3062	4277	5220	1735	1609	1423	769	1649	1111	1519	1447	2419
gene-Dronc	351	526	887	173	303	118	126	64	99	96	80	59	1661
gene-drongo	1316	1829	1733	2676	511	432	421	324	322	321	246	585	679
gene-drosha	180	89	149	161	43	12	18	10	28	35	17	13	170
gene-Drp	9693	14054	14260	6699	4953	2323	14419	8509	7816	7970	11363	9019	3536
gene-Drp1	1374	952	1475	1268	463	287	352	258	316	332	274	298	809
gene-drpr	4587	2794	1966	1826	1071	948	266	128	122	406	343	323	1332
gene-ds	3	24	19	0	17	0	3	0	0	0	0	0	854
gene-dsb	0	2	26	2	0	6	0	0	2	0	2	0	338
gene-Dscam1	370	356	1039	399	457	199	8	14	13	41	49	51	1040
gene-Dscam3	2	1	0	0	0	0	0	5	3	1	3	0	47
gene-Dscam4	0	0	0	2	148	3	0	12	0	0	0	16	11
gene-dsd	69	159	845	57	945	66	15	5	4	26	35	9	299
gene-dsf	0	0	2	0	0	0	0	0	0	0	0	0	0
gene-dsh	137	105	167	106	70	60	62	24	40	78	89	47	555
gene-Dsk	1	17	7	8	4	0	20	24	29	10	13	13	0
gene-Dsor1	1000	730	600	1677	205	598	295	147	231	279	322	341	1404
gene-dsx	8	4	4	0	0	0	0	0	0	0	0	0	6
gene-dsx-c73A	1	2	0	0	0	6	0	0	0	0	0	0	142
gene-Dtd	30	18	21	64	39	27	57	12	87	45	164	109	31
gene-dtn	5	2	34	11	0	0	2	0	0	0	14	2	342
gene-dtr	2	5	1	2	0	0	0	0	0	0	0	0	0
gene-Dtwd2	50	25	50	60	25	24	41	38	58	93	178	142	67
gene-DUBAI	768	872	1350	592	872	356	242	63	83	178	150	155	690
gene-Duox	2	6	5	9	1	41	14	0	10	0	4	7	90
gene-dup	53	61	89	78	53	0	49	21	18	28	54	43	145
gene-Dus1	278	258	309	360	193	100	455	211	368	378	518	341	161
gene-Dus2	159	186	287	233	164	91	294	230	227	245	418	384	174
gene-Dus3	92	64	132	237	63	78	84	47	105	104	178	124	102
gene-Dus4	35	58	55	90	8	26	162	48	77	75	123	91	26
gene-dUTPase	137	314	466	221	425	99	147	147	240	189	264	334	641
gene-dve	229	182	92	265	36	51	51	41	47	63	67	52	488
gene-dy	0	1	5	0	8	0	0	0	0	0	0	0	2
gene-dyl	0	0	0	1	12	28	0	0	1	0	0	0	11
gene-Dyrk2	0	1	0	0	0	0	0	0	0	0	0	0	8
gene-Dyrk3	784	1100	3264	1165	512	28	28	8	2	0	2	14	2657
gene-Dysb	1102	1105	2218	874	1424	432	1070	1238	1658	1130	1847	1787	513
gene-dysc	7	3	16	7	15	19	0	0	7	4	5	0	176
gene-DZIP1	4	0	0	0	10	0	0	0	0	0	3	3	2
gene-e	0	8	18	2	0	15	0	0	0	0	2	0	1050
gene-E(bx)	508	388	713	386	312	217	59	59	62	57	49	55	781
gene-E(Pc)	299	169	224	234	234	221	64	47	39	250	198	194	411
gene-e(r)	137	71	146	162	57	106	193	119	280	268	382	279	371
gene-E(spl)malpha	1	3	1	0	0	0	0	0	0	0	0	0	1110
gene-E(spl)mbeta	3386	4816	11388	2991	5330	1036	531	380	390	247	266	369	4171
gene-e(y)3	412	236	405	234	287	236	43	36	27	67	104	53	561
gene-E(z)	411	89	162	196	133	88	60	2	24	12	3	13	422
gene-E2f1	266	165	338	432	339	112	66	32	42	124	134	141	1339
gene-e96h-0303	0	3	184	2	77	94	0	7	3	0	0	3	1690
gene-Eaat1	0	0	0	0	0	0	0	0	4	0	0	0	25
gene-Eaat2	246	121	70	23	58	51	181	108	154	114	41	53	77
gene-Eaf	809	545	588	925	454	596	187	93	116	266	343	243	784
gene-Eaf6	239	234	445	282	248	25	352	283	384	324	308	436	367
gene-eag	1	4	0	4	1	0	1	0	0	0	0	0	29
gene-eas	252	314	136	181	151	62	135	175	238	192	293	308	69
gene-east	317	207	194	252	322	145	78	40	28	72	58	70	801
gene-Eb1	1391	823	654	3705	371	748	1380	917	1460	1524	1488	1649	4099
gene-ebi	410	232	267	376	99	101	295	191	312	381	342	318	839
gene-ebo	198	146	265	228	124	52	59	30	29	32	48	62	358
gene-ec	33	34	180	19	37	14	1	0	0	4	2	0	1529
gene-eca	1379	901	973	1366	919	1026	2060	2006	4649	2371	4246	4258	3352
gene-ecd	56	28	138	97	37	47	115	61	94	127	174	105	50
gene-Echs1	4960	2979	2137	10752	1419	12951	21359	6404	23235	32720	38993	31041	3249
gene-Eck	1259	1650	132	4157	57	222	445	214	109	826	170	585	0
gene-eco	47	30	47	23	28	11	13	17	9	5	4	6	58
gene-EcR	2041	7271	17346	1546	11477	235	268	137	134	107	200	314	3715
gene-ECSIT	41	28	62	95	32	79	83	52	185	74	204	193	56
gene-ed	43	31	86	26	42	42	7	2	12	20	34	8	2428
gene-Edc3	349	136	260	169	260	96	14	24	9	30	30	37	332
gene-Edem1	243	112	114	258	48	143	51	50	74	81	181	169	201
gene-Edem2	1926	1057	2352	1536	1364	334	406	211	290	272	417	464	1080
gene-edl	126	7	2	138	0	151	56	20	204	62	67	86	24
gene-eEF1alpha1	124253	93761	104435	264183	111174	106000	56782	29303	27729	27401	18935	15492	447976
gene-eEF1beta	8468	8158	12015	15589	12548	10968	22434	18740	29737	27503	15983	15589	48731
gene-eEF1delta	3456	3032	4759	6170	3611	2843	9895	9272	12929	15012	12480	10533	13767
gene-eEF1gamma	13019	9200	11246	23136	12565	14477	20765	13771	22801	18049	11209	11294	70507
gene-eEF2	96397	61500	61726	116343	47927	35852	56224	20114	12310	9034	6174	8380	179100
gene-eEF5	13202	12164	16233	21296	13313	11305	42547	34574	39933	32877	25557	21530	42208
gene-Efa6	1286	1442	3461	675	2393	344	71	57	41	52	133	75	702
gene-eff	11816	12776	16796	12593	10261	6570	5299	3688	6289	4740	4957	4684	25622
gene-Egfr	808	3172	9614	92	2506	298	65	60	18	25	19	25	1936
gene-egg	205	118	39	51	10	27	96	34	16	4	7	2	203
gene-egl	700	687	742	1042	350	508	427	260	186	453	325	225	722
gene-Egm	190	57	60	186	19	188	165	54	187	127	223	154	236
gene-egr	217	336	210	267	403	850	92	105	212	142	132	94	12891
gene-EH	0	0	21	0	0	0	0	0	0	0	0	0	10
gene-Ehbp1	418	434	505	385	1263	242	64	40	52	73	185	107	753
gene-eIF1	10097	8707	8899	8398	8562	6423	25705	19785	36719	15186	16360	20512	30145
gene-eIF1A	2197	1983	2875	3742	1764	1395	4455	4081	6489	3752	8800	7376	3483
gene-eIF2A	322	170	185	633	101	153	129	76	146	131	92	114	710
gene-eIF2alpha	1307	613	1191	2272	913	1176	988	514	1471	702	1413	1212	3456
gene-eIF2Balpha	364	170	240	630	163	270	348	252	760	435	781	814	449
gene-eIF2Bbeta	323	164	229	302	191	62	32	9	16	16	21	20	323
gene-eIF2Bdelta	786	354	981	811	239	145	233	74	133	90	141	139	487
gene-eIF2Bepsilon	486	425	338	982	227	299	372	423	633	416	941	1009	422
gene-eIF2beta	1920	1750	1848	5428	621	879	6266	2876	7211	2791	6122	5638	3372
gene-eIF2Bgamma	437	319	539	953	294	266	916	491	789	775	830	780	1065
gene-eIF2D	222	115	133	251	84	214	84	31	155	111	168	152	388
gene-Eif2g	1217	638	1045	2186	577	871	462	294	835	479	817	856	2724
gene-eIF3a	4231	1798	2685	5407	1665	1819	353	148	94	287	276	204	10400
gene-eIF3b	5220	3574	8121	9583	6430	2981	4926	2396	3180	3315	2553	2581	14212
gene-eIF3c	3428	1734	2720	5936	1621	2007	2026	1048	1438	1731	1303	1093	12488
gene-eIF3d1	4262	2457	2727	5150	1575	1914	2198	1141	1724	1708	1534	1497	7589
gene-eIF3e	2671	1523	2560	3379	3156	1894	2306	1575	2615	2059	1594	1473	7275
gene-eIF3f1	2593	1865	2613	3902	2667	1467	3648	3712	3651	3234	2410	2314	9158
gene-eIF3g1	3113	2485	3011	4157	1948	1772	4432	3146	5365	3811	3979	4017	6967
gene-eIF3h	6526	6669	9720	9479	12395	7372	6225	4618	4058	3247	1939	2030	20486
gene-eIF3i	3117	2944	3787	6054	3451	2637	6483	4489	5711	6055	5635	5538	10005
gene-eIF3j	877	1250	1018	2993	154	1311	1819	1058	637	2309	2082	2244	3185
gene-eIF3k	1844	1917	2810	2971	2454	1843	5260	5696	8015	7272	5398	6170	4252
gene-eIF3l	2493	1636	1994	3866	1910	2073	2739	1656	2619	2492	2376	2214	8201
gene-eIF3m	2264	1727	1970	3752	1742	1543	3179	2622	3252	3433	2896	3401	6954
gene-eIF4A	20576	17253	21224	28732	13009	11377	25891	20232	27947	24022	15433	18541	58653
gene-eIF4AIII	1504	1251	1588	1924	835	1185	1729	1450	2453	1989	1915	2652	2186
gene-eIF4B	4734	2626	3052	5193	1615	1352	234	195	203	204	342	306	8179
gene-eIF4EHP	346	157	206	617	240	222	121	93	115	53	79	102	1340
gene-eIF4H1	574	228	560	870	246	381	167	71	224	138	172	204	1454
gene-eIF5	3319	1412	1087	3995	1161	1603	925	425	586	523	979	667	5386
gene-eIF5B	962	234	381	1143	366	811	122	38	123	215	314	185	2838
gene-eIF6	2731	4288	5632	5207	3706	1199	5603	3206	3985	3321	1589	2471	2893
gene-Eip63E	1024	682	517	1606	232	408	274	140	209	322	481	353	1727
gene-Eip63F-1	3091	5760	10705	2500	4027	1376	8634	8866	5446	3149	1974	4561	8247
gene-Eip74EF	859	1111	2418	641	1060	293	147	93	57	65	69	85	1955
gene-Eip75B	14188	15351	5453	4634	2211	745	1742	1186	353	122	95	379	14171
gene-Eip93F	161	2259	16068	62	8600	281	70	33	6	12	11	18	1781
gene-elB	28	28	87	6	27	71	0	7	3	5	11	4	2126
gene-elg1	163	129	222	136	92	52	78	30	32	77	47	68	49
gene-elgi	792	781	1178	763	485	227	441	264	506	304	227	355	702
gene-elm	3475	3464	6286	1823	2171	1148	3113	1169	3652	2529	2607	5205	473
gene-EloB	2848	2281	3138	2097	1718	1363	4080	2179	5240	2591	5405	5180	4687
gene-EloC	1921	1249	1423	1284	526	743	3215	2060	4993	2122	2969	4070	2171
gene-Elovl7	22	9	15	28	0	381	15	36	62	25	43	5	21
gene-Elp1	283	335	738	452	313	130	226	115	100	163	138	172	341
gene-Elp3	465	527	653	998	391	264	941	644	824	789	500	760	693
gene-Elp4	133	123	255	206	111	63	272	183	208	224	195	226	185
gene-Elp5	135	234	261	204	175	171	323	365	330	470	496	469	205
gene-Elys	186	57	117	286	104	233	41	5	20	41	33	35	856
gene-ema	394	2588	7417	306	1807	203	122	107	87	121	154	184	273
gene-emb	1443	1304	1916	1669	692	391	770	392	540	912	627	670	1893
gene-emc	684	767	1764	870	636	300	1281	682	834	764	864	669	2929
gene-EMC10	520	461	176	696	255	459	996	734	1360	663	1571	1734	532
gene-EMC3	1150	732	1001	897	959	724	1058	620	867	478	1056	831	1595
gene-EMC4	769	805	863	880	646	709	2392	2247	4519	2220	4334	3945	715
gene-EMC5	414	306	266	421	85	268	794	603	1122	657	1071	1222	249
gene-EMC6	322	324	416	356	162	175	652	408	598	385	809	615	484
gene-EMC7	2336	2158	2880	2147	1291	1056	4443	3545	7047	2928	5894	6100	1274
gene-EMC8-9	513	293	427	562	177	245	962	613	1010	559	1127	937	490
gene-emei	60	3	11	103	36	32	39	8	29	34	26	34	151
gene-emp	28	25	156	12	104	283	38	35	29	15	42	7	265
gene-EMRE	137	210	203	151	162	318	477	465	838	475	594	505	1157
gene-ena	426	552	391	834	503	336	138	90	40	226	136	106	964
gene-enc	146	109	192	94	269	230	59	50	14	80	137	61	530
gene-EndoA	1717	3209	2440	1811	1379	301	250	224	104	267	249	258	597
gene-EndoG	169	100	219	125	163	28	236	100	321	72	282	208	69
gene-endos	1290	1167	1543	1415	674	400	1283	837	1234	911	942	1142	1703
gene-ENGase	720	210	256	667	222	286	138	59	173	73	61	83	411
gene-Eno	4163	1080	882	3821	1047	8866	3498	1293	6576	3058	4547	7096	13419
gene-enok	554	179	171	469	142	226	36	18	11	11	10	23	1437
gene-Enoph	166	103	255	191	216	171	35	28	77	70	77	88	1946
gene-Ent1	195	157	85	216	57	58	52	54	90	84	277	88	113
gene-Ent2	157	87	89	249	77	474	61	21	94	127	649	373	608
gene-Ent3	1	7	10	7	5	0	8	0	0	0	2	0	18
gene-Eogt	62	20	88	34	49	9	19	7	6	14	16	19	102
gene-Eph	339	355	565	538	550	361	93	45	70	95	134	90	1790
gene-Ephrin	0	0	13	0	7	14	0	0	0	0	0	0	78
gene-Epp	325	87	70	222	231	790	171	115	871	325	1380	451	189
gene-Eps-15	378	250	952	438	441	164	73	124	78	227	252	190	603
gene-epsilonCOP	1684	875	953	2347	931	1194	2757	1645	2303	2026	3258	3436	2207
gene-Ercc1	150	304	319	259	196	49	346	410	391	358	184	363	421
gene-eRF1	1327	955	3826	1103	1272	636	638	349	307	373	479	533	4839
gene-eRF3	3481	2112	2569	3779	2170	1861	1392	902	1088	1398	1669	1609	7966
gene-ergic53	1559	355	349	1801	149	1422	993	242	689	953	1464	1129	2806
gene-Erk7	2	1	2	0	0	0	3	0	0	0	0	0	3
gene-Ero1L	807	743	265	1560	184	611	620	193	1054	1356	1940	1033	452
gene-ERp44	1973	1459	3034	1427	845	861	1065	395	792	651	729	645	1885
gene-ERp57	3251	953	1856	4528	1657	6244	1467	907	2700	2239	4436	3113	30881
gene-ERR	11085	16382	11753	5496	7939	429	2141	1273	637	271	321	1340	321
gene-Es2	236	251	470	223	382	157	160	99	129	69	77	103	558
gene-escl	290	353	471	144	278	87	266	227	258	99	159	215	413
gene-esn	7	6	2	8	5	18	0	0	0	0	0	0	208
gene-Esp	3450	2403	2639	1126	567	1164	118	131	160	371	178	192	786
gene-Esyt2	1319	831	328	1907	218	2123	658	344	834	507	469	913	3083
gene-Etf-QO	2162	690	859	1938	158	1092	582	259	1553	920	1153	424	1020
gene-Etfb	2343	790	765	2841	746	3684	1542	1060	6233	3375	7310	5649	2235
gene-ETH	0	0	0	0	0	0	0	0	3	0	0	0	344
gene-Ethr	5	0	27	3	18	32	0	0	4	0	1	0	370
gene-Etl1	693	314	380	290	523	159	120	47	82	55	75	94	212
gene-Ets	244	335	517	569	231	394	135	90	80	65	52	48	1332
gene-Ets65A	0	0	0	0	0	0	0	0	0	0	0	0	12
gene-Ets97D	66	29	110	60	33	48	47	23	29	9	37	23	98
gene-Evi5	994	837	1384	932	676	712	374	188	279	580	536	521	548
gene-ewg	226	81	74	230	54	100	78	87	59	150	115	80	260
gene-ex	28	113	90	102	64	33	5	4	9	13	11	7	507
gene-exd	3387	4333	8014	2279	2617	1346	1445	971	1013	1027	1270	1007	5817
gene-Exd2	190	176	218	497	115	68	104	73	48	39	51	36	159
gene-Exo70	649	342	272	567	91	128	114	58	109	93	54	59	175
gene-Exo84	367	175	130	239	48	342	261	186	596	486	746	1101	325
gene-exp	18	12	10	1	0	43	5	7	8	4	5	1	955
gene-exu	11531	10588	15414	4376	6031	3150	5465	1515	4950	4170	5878	4228	2996
gene-eya	131	76	118	88	94	53	68	35	41	40	24	43	260
gene-eys	0	7	10	1	0	0	0	0	0	3	0	0	0
gene-f	0	3	5	1	0	0	0	0	5	0	0	0	42
gene-Fa	1	3	3	0	0	0	0	0	0	1	2	4	14
gene-Fa2h	574	94	10	1929	32	778	111	68	310	508	493	997	0
gene-Faa	667	268	227	663	152	812	501	332	624	575	445	399	1955
gene-Faah	501	167	104	1054	44	815	1745	649	2153	3609	1941	1576	174
gene-fab1	322	311	829	175	269	118	68	37	26	25	19	44	257
gene-fabp	50045	15229	11114	41839	9171	99402	228869	60214	217205	246064	247411	726352	9758
gene-faf	2407	708	898	953	610	741	291	157	187	405	567	645	742
gene-Faf2	1280	689	1206	852	502	248	407	232	429	308	454	415	1144
gene-Fak	1011	939	1914	1053	2018	440	79	36	49	92	124	79	1657
gene-FAM21	394	445	327	439	203	116	92	62	39	45	45	105	102
gene-Fam92	0	9	0	4	0	0	7	11	6	1	12	19	0
gene-FaMeT7	32653	48239	26786	70280	26879	12671	28255	16313	26515	15262	8916	17601	10
gene-Fancd2	193	239	232	212	36	52	217	98	118	204	126	133	116
gene-FANCI	306	269	613	559	144	165	266	124	97	245	51	100	175
gene-Fancl	81	125	177	68	56	32	125	118	272	170	208	148	60
gene-Fancm	202	93	156	142	68	104	45	17	44	86	73	35	161
gene-fand	279	110	186	298	184	181	243	71	239	244	278	264	282
gene-Fas1	10	5	16	5	4	20	4	9	1	0	2	4	713
gene-Fas2	351	645	1194	548	415	150	50	46	29	52	40	35	1858
gene-Fas3	124	129	166	248	76	110	20	5	32	18	31	17	1203
gene-FASN1	324	39	146	280	61	221	0	0	1	0	2	4	429
gene-FASN3	1	3	1	4	13	13	0	0	0	2	0	0	15851
gene-fat-spondin	387	40	3	2	33	0	7	0	17	1	17	7	1559
gene-Fatp	3914	3006	2699	1450	938	395	631	445	877	488	1555	846	742
gene-Fatp3	73	46	31	271	19	7	35	48	25	94	11	34	928
gene-fax	71	274	141	103	73	67	20	19	6	12	5	2	4770
gene-fbl	1261	1340	593	1988	224	712	375	384	205	782	596	664	704
gene-Fbl6	531	503	549	286	218	122	60	65	32	56	74	48	392
gene-fbp	934	408	209	1210	251	617	1436	515	1516	1291	887	1424	887
gene-Fbw5	31	33	49	34	54	155	58	13	26	26	17	31	345
gene-Fbxl4	117	71	122	74	42	22	45	43	22	36	6	3	231
gene-Fbxl7	0	0	1	0	0	0	0	0	0	0	0	0	273
gene-FBXO11	1629	1369	2161	1480	1702	815	427	204	244	326	411	426	2786
gene-Fbxo42	330	251	400	305	155	248	264	174	234	262	292	262	273
gene-Fcp1	1599	1367	1171	2170	1311	754	970	726	1013	726	458	550	1385
gene-Fcp3C	1	0	0	0	0	0	0	0	0	0	3	0	0
gene-Fdh	2913	1602	1189	8158	1181	6150	11777	5539	19001	15141	17056	16515	1854
gene-FDL	189	185	242	275	138	168	19	15	7	97	68	48	540
gene-Fdx1	177	101	79	158	64	173	726	293	844	978	1090	533	69
gene-Fdx2	2078	988	417	1072	393	1058	2528	1023	3508	1666	3344	3020	308
gene-FeCH	136	74	115	174	24	108	90	23	83	53	111	73	405
gene-Fem-1	512	600	499	408	704	191	157	76	67	248	282	144	6823
gene-Fen1	27	57	117	61	50	31	38	5	35	9	40	25	232
gene-FER	437	307	524	306	325	183	139	62	59	69	34	39	585
gene-Fer1HCH	135271	121640	196972	62933	54813	22490	250914	184586	205452	111308	73120	122630	74182
gene-Fer2	0	0	0	1	0	0	0	0	0	0	0	0	5
gene-Fer2LCH	170453	157991	241783	78494	62273	28204	138387	102098	123923	88903	56574	96740	52691
gene-fest	0	0	0	0	0	0	0	0	0	0	0	0	6
gene-fh	118	143	135	194	123	273	495	641	1052	656	650	510	131
gene-Fib	318	338	943	1520	470	447	43	56	77	74	153	68	2080
gene-Fib-l	35	114	61	25	14	34	37	6	43	5	5	0	29686
gene-Fibp	201	292	172	356	114	198	249	176	385	288	256	653	163
gene-Fic	178	214	288	353	67	186	185	89	248	262	431	186	119
gene-fid	0	2	2	0	0	0	0	0	1	1	0	0	16
gene-fidipidine	338	200	1273	408	361	206	256	123	240	239	427	463	126
gene-Fife	2	5	21	3	0	0	0	0	0	0	2	1	47
gene-FIG4	856	562	1417	444	636	475	338	168	410	515	278	384	627
gene-Fim	4810	576	1056	5687	249	3048	980	385	1288	1137	1888	1180	666
gene-Fip1	721	329	612	640	424	386	283	184	242	162	161	188	983
gene-FipoQ	10	6	28	24	20	79	23	3	48	19	21	10	3842
gene-Fis1	2353	3269	4908	2831	1973	724	4779	3397	4265	2534	2579	3934	9100
gene-Fitm	977	1095	1306	695	413	182	1031	1058	1108	748	1226	1332	983
gene-fj	2	0	1	0	0	0	0	0	0	0	0	0	275
gene-Fkbp12	11346	5875	9250	15948	7588	7175	10702	7541	14743	13905	14011	17769	17747
gene-Fkbp14	3551	571	292	971	231	849	1313	656	2041	876	3904	1518	3860
gene-Fkbp45	663	382	1766	2370	865	472	462	281	341	272	480	486	4018
gene-Fkbp59	629	256	337	891	186	373	245	200	412	254	296	322	2321
gene-fkh	1208	1836	4178	666	1879	653	424	325	203	159	157	149	41
gene-fl(2)d	253	275	347	184	64	99	317	238	332	265	271	412	510
gene-flfl	727	454	560	656	207	262	221	110	116	216	172	163	778
gene-fliI	1353	1024	1407	982	624	211	123	77	68	68	64	53	429
gene-Fln	51	66	32	38	81	173	80	19	54	18	18	14	6708
gene-Flo1	1321	877	1624	1089	705	454	639	190	444	494	340	329	686
gene-Flo2	2260	1481	1525	2438	513	497	777	516	853	709	783	507	1059
gene-flr	2792	1303	2134	5309	856	1888	1134	419	704	909	1175	958	1089
gene-flz	0	2	0	0	0	0	0	0	0	0	0	0	0
gene-Fmbp-1	990	549	494	504	224	215	2012	1528	2119	847	1108	1642	510
gene-Fmo-1	15	109	9	16	25	24	27	0	122	3	46	0	89
gene-FMO1	31	33	91	63	76	67	52	36	46	21	46	32	169
gene-FMO2	1774	1195	1023	1395	1999	1881	2583	1571	5815	2439	9261	4685	40
gene-Fmr1	6395	4112	7635	2832	3304	1520	654	266	525	225	226	453	5388
gene-FMRFaR	3	1	1	6	0	0	0	8	0	3	0	23	178
gene-fne	566	816	3368	578	1394	276	164	168	133	58	122	178	1692
gene-FNSI	5093	6287	8134	2905	4860	855	684	631	353	676	631	383	1227
gene-Fnta	1408	1934	1445	2106	1004	945	1877	3028	3196	3360	4657	4984	2207
gene-Fntb	274	377	439	391	165	172	608	333	402	446	564	575	484
gene-foi	223	217	249	176	144	85	138	189	70	121	89	77	199
gene-for	2877	1290	8691	1239	2322	918	615	461	471	612	335	478	5474
gene-form3	176	46	49	198	57	160	30	7	7	14	19	12	689
gene-Foxg1	1730	326	23	569	14	548	416	398	298	117	120	326	236
gene-FoxK	161	118	132	106	0	0	20	4	0	0	0	5	90
gene-foxo	2192	4228	5594	828	1971	288	454	184	139	481	218	208	1008
gene-FoxP	356	114	760	771	288	298	71	31	31	229	98	69	153
gene-Fps	4147	19713	59983	4456	33182	3414	6159	14602	7884	7711	7496	5970	11402
gene-fra	1	4	0	4	16	0	0	1	0	0	0	0	902
gene-fray	1492	861	1271	1343	995	767	201	83	110	202	189	199	2089
gene-frc	171	107	120	242	77	174	150	59	67	151	158	168	191
gene-FRG1	410	372	541	352	454	117	400	363	557	297	299	606	482
gene-frj	591	335	544	375	222	284	239	175	342	269	544	376	661
gene-Frl	990	1516	4108	1495	1619	231	55	36	15	41	16	38	693
gene-Frmd5	120	125	202	349	75	36	74	45	71	84	82	54	215
gene-frtz	112	38	81	141	37	43	25	13	28	25	10	7	173
gene-fru	67	45	27	154	14	94	20	2	20	34	38	18	311
gene-fry	633	295	502	358	334	261	42	18	17	121	98	112	704
gene-Fs(2)Ket	1439	1042	899	1675	570	938	974	464	452	1157	657	739	1654
gene-fs(2)ltoPP43	198	342	729	179	1073	103	161	176	278	122	223	297	230
gene-fsd	388	175	58	227	11	52	348	64	133	103	45	132	38
gene-Fsn	511	630	992	481	458	156	349	193	332	290	484	449	516
gene-ft	3	6	1	1	0	25	0	0	0	0	0	5	2104
gene-ftz-f1	60	42	120	212	97	323	62	24	40	105	194	118	75
gene-fu	43	9	33	8	46	8	13	19	15	21	5	2	85
gene-Fuca	49	47	69	47	45	12	85	39	96	42	93	78	514
gene-FucT6	38	17	47	28	174	81	14	18	14	32	20	17	409
gene-FucTA	52	41	27	136	4	185	42	22	35	141	163	167	40
gene-FucTB	120	155	108	168	95	30	89	182	151	124	104	125	57
gene-Fur1	1006	506	592	903	281	336	244	146	131	236	280	218	3151
gene-fus	557	723	535	694	529	224	96	98	52	244	230	168	828
gene-fusl	1432	1882	2274	120	2986	148	867	874	569	852	488	233	353
gene-fuss	0	0	0	0	0	0	0	0	0	0	0	0	1
gene-fw	4	10	13	1	11	33	0	2	1	0	8	0	478
gene-fwd	823	658	1158	977	544	211	281	15	54	153	136	44	1044
gene-fwe	1362	906	1538	1085	627	358	623	184	293	564	655	422	754
gene-fws	408	239	401	401	96	73	462	228	365	399	389	551	127
gene-fy	2	10	15	27	36	8	8	0	29	24	10	25	70
gene-fz	369	321	616	281	182	49	187	94	199	147	215	241	1328
gene-fz2	788	539	1816	709	823	284	65	82	36	303	166	113	13283
gene-fz4	227	693	91	319	15	237	68	38	10	63	31	37	733
gene-fzr	109	219	830	181	785	103	51	38	41	55	55	86	1582
gene-fzy	25	23	6	15	12	0	8	0	20	8	27	2	141
gene-G6P	6	8	0	5	0	0	0	0	1	0	2	0	6
gene-G9a	534	321	412	427	221	218	117	46	52	35	20	59	611
gene-GAA1	1169	4317	725	912	686	221	722	1178	643	872	526	2632	563
gene-GABA-B-R1	2	3	63	1	39	15	0	3	0	0	0	0	11
gene-GABA-B-R2	5	335	4	4	54	13	9	34	0	0	0	3	97
gene-GABA-B-R3	6	11	4	1	0	0	0	0	0	0	0	0	6
gene-GABPI	212	71	155	118	81	140	196	83	124	93	126	295	65
gene-Gad1	1	0	2	1	0	0	0	0	1	0	1	0	20
gene-Gadd45	1029	2847	8653	901	3273	458	922	895	959	1762	1111	1291	176
gene-Gale	564	439	1531	330	159	568	299	193	395	450	527	698	101
gene-galene	7	2	1	1	12	73	0	0	8	1	5	0	3
gene-Galk	305	281	594	366	187	342	445	379	358	669	482	625	607
gene-galla-2	234	503	439	167	8	115	393	502	320	566	232	406	297
gene-Galphaf	788	446	498	868	183	90	753	368	1378	430	964	545	5
gene-Galphao	1527	459	316	1379	102	477	595	217	510	299	259	239	900
gene-Galphaq	2174	1669	1731	3034	1028	1380	1142	555	977	1111	1262	1058	2394
gene-Galt	874	527	352	794	52	495	481	146	291	277	132	224	132
gene-gammaTub37C	47	35	55	58	7	192	45	12	55	35	32	29	293
gene-GAPcenA	763	566	488	441	273	175	290	85	96	357	166	99	300
gene-Gapvd1	417	182	1290	264	767	275	54	20	34	118	131	114	648
gene-Gar1	124	81	264	308	132	26	9	10	19	11	31	5	679
gene-garnet	813	560	735	598	464	368	176	118	173	150	170	151	1035
gene-Gart	479	322	458	219	255	63	48	61	65	47	115	27	839
gene-garz	1051	287	363	800	200	531	99	39	42	155	185	159	827
gene-gas2	307	124	50	333	21	151	14	17	5	16	26	38	968
gene-Gas41	146	78	158	147	88	38	143	118	165	167	186	275	202
gene-Gas8	2	5	17	14	18	0	2	0	3	9	1	0	0
gene-Gasp	3	3	3	0	7	145	4	0	19	5	19	3	1835
gene-Gasz	38	69	130	66	30	36	107	77	51	44	61	63	164
gene-Gat	0	1	0	0	0	0	5	0	0	0	0	0	29
gene-GatA	57	9	28	70	12	32	54	53	135	38	209	94	96
gene-Gata-beta	363	512	514	438	361	454	53	70	86	87	73	112	1847
gene-GATAd	188	137	335	141	310	80	71	12	23	51	44	25	1208
gene-GatB	179	385	5133	238	3056	1014	670	619	736	502	885	445	974
gene-gbb	189	119	187	119	149	83	84	40	91	72	43	90	1240
gene-Gbeta13F	4864	2963	2691	7437	1697	4609	2036	876	1910	2169	2902	2464	5457
gene-Gbeta5	745	417	427	661	328	271	213	89	242	118	150	206	831
gene-Gbeta76C	12	10	35	2	13	0	0	5	0	3	5	5	8
gene-Gbs-70E	759	361	313	208	123	211	274	140	317	62	242	266	625
gene-Gbs-76A	981	931	1155	161	375	523	185	125	125	55	79	114	9898
gene-Gcat	195	225	270	202	289	535	494	310	288	121	61	18	2393
gene-GCC88	214	137	105	245	66	50	87	37	61	74	92	91	110
gene-Gclc	1726	1046	514	3141	296	622	399	204	318	373	460	417	395
gene-Gclm	199	94	45	914	21	275	172	46	177	399	509	375	190
gene-Gcn2	149	139	279	148	69	0	54	7	7	41	15	37	167
gene-Gcn5	448	239	457	398	333	269	117	98	90	136	167	153	840
gene-GCS1	71	3	23	59	8	27	25	2	6	4	6	14	68
gene-GCS2alpha	1088	525	4294	905	1949	886	63	65	59	277	616	262	3560
gene-GCS2beta	3183	1460	1736	2577	1021	1416	3594	1801	3625	2581	3834	3589	3610
gene-Gcy	154	225	822	63	552	13	15	26	21	25	21	11	262
gene-Gdap1	1539	1064	1701	1868	481	2233	6313	1484	7262	4555	5969	4638	18
gene-Gdap2	7657	9903	24832	7719	11456	1189	1888	1255	1238	2332	1689	1102	3077
gene-Gdh	5664	4122	1200	5515	1265	12265	2926	2069	3133	1944	4470	1947	6239
gene-Gdi	4631	3487	3437	6501	1336	2330	5093	3666	7153	6558	8100	7319	8849
gene-gdl	90	99	161	168	134	83	232	187	384	265	382	442	75
gene-Ge-1	77	27	31	71	68	21	38	20	9	34	37	24	229
gene-GEFmeso	63	161	1802	45	689	165	4	3	0	0	5	8	215
gene-gek	158	165	1387	138	938	114	13	5	11	48	45	21	391
gene-gem	854	596	1046	800	715	627	251	157	168	249	263	174	2138
gene-Gem2	139	102	169	150	39	55	252	188	194	220	163	192	153
gene-geminin	96	104	230	160	89	76	202	124	240	133	314	276	326
gene-Gen	24	16	31	23	12	23	21	0	16	30	22	11	49
gene-Gfrl	31	33	153	34	3	0	6	0	8	6	7	8	19
gene-gfzf	43	28	67	38	82	60	127	30	276	22	34	23	330
gene-Gga	376	277	388	239	106	48	161	111	166	151	121	125	432
gene-Ggamma1	594	619	598	638	383	690	1159	1043	3157	1779	3665	3373	788
gene-Ggamma30A	237	308	592	209	732	363	189	128	228	160	296	149	223
gene-Gint3	1072	302	1908	1233	2030	115	394	122	192	282	218	365	294
gene-Gip	2018	2318	2040	1914	1208	364	4498	4116	4363	2341	2164	3354	105
gene-Girdin	158	89	184	129	47	28	54	16	29	66	42	45	181
gene-gish	1579	878	1152	1743	618	952	386	199	342	471	661	531	1793
gene-Git	273	225	299	196	164	147	66	46	53	93	54	122	398
gene-Gk-2	341	188	352	399	155	261	187	99	307	273	322	264	165
gene-Gk1	751	573	740	410	366	316	436	143	211	526	354	308	185
gene-Gk2	2797	1748	1220	1646	227	901	602	276	329	698	340	540	394
gene-gkt	76	45	77	76	27	23	29	11	9	8	5	2	65
gene-GlcAT-I	49	408	465	92	280	82	22	6	20	29	38	30	223
gene-GlcT	2210	684	508	2997	56	392	442	442	412	432	357	897	383
gene-Gld	1	4	1	0	0	0	0	0	0	0	0	0	0
gene-Gle1	56	39	70	48	29	15	77	31	108	62	119	57	73
gene-Glg1	743	449	618	573	375	340	429	337	414	413	438	508	712
gene-Gli	777	450	983	1438	141	150	125	19	61	64	43	67	367
gene-GlnRS	267	137	289	566	173	282	191	185	190	155	220	178	1140
gene-Glo1	751	376	557	1548	190	432	784	515	1444	1023	1616	1315	771
gene-Glob1	1848	812	1337	2408	688	1662	6200	6641	13566	7803	9433	10052	135
gene-Glpq	97	25	123	66	35	188	192	34	271	978	666	268	90
gene-GLS	449	288	107	658	68	559	283	168	214	121	87	67	2715
gene-glu	168	193	385	85	172	51	100	23	43	63	34	46	141
gene-GluClalpha	6	12	7	6	12	17	5	2	8	2	13	3	264
gene-GluProRS	977	238	353	2334	293	669	97	26	56	76	122	143	2384
gene-GluRS-m	157	134	365	167	217	124	204	81	219	268	240	213	181
gene-Glut4EF	443	857	1077	168	224	0	21	26	5	4	4	2	172
gene-gly	293	257	227	179	197	74	57	52	51	89	118	94	353
gene-Glyp	812	280	320	614	261	1049	102	56	137	108	240	244	3163
gene-GlyRS	588	303	335	1568	373	904	332	122	321	324	656	352	3207
gene-GlyS	19	12	13	34	16	56	8	2	11	14	25	16	186
gene-GlyT	0	0	0	0	0	0	0	0	0	1	0	0	0
gene-Gmd	351	45	153	203	116	189	31	24	119	153	28	19	78
gene-Gmer	823	434	1353	583	669	378	1203	602	1745	1006	1770	1463	615
gene-GMF	228	51	87	392	61	542	161	41	307	104	239	285	324
gene-Gmppa	863	165	247	464	37	240	286	143	282	175	152	149	249
gene-Gmppb	2559	3882	18049	2501	4075	560	1468	782	1617	1256	1438	1573	925
gene-Gnf1	74	44	114	48	73	37	11	12	5	19	18	3	76
gene-Gnpnat	3502	1942	1402	6580	207	641	1887	1403	3178	2062	3579	3999	1330
gene-gny	46	68	94	57	14	0	70	41	64	52	82	60	170
gene-GOBP1	2	7	1	1	0	12	0	0	7	0	6	0	0
gene-GOBP2	0	0	0	0	0	0	0	0	0	0	0	0	0
gene-Gogat	423	478	5424	48	1030	380	70	32	43	102	181	92	868
gene-gogo	3	0	0	1	0	0	0	0	0	0	2	0	41
gene-Golgin104	166	87	252	107	179	17	43	13	35	93	19	17	99
gene-Golgin84	964	866	1321	1000	503	140	362	289	253	295	165	229	597
gene-Golgin97	383	190	275	193	428	37	74	42	54	36	71	56	150
gene-Gorab	274	559	292	442	176	190	414	334	282	517	583	539	95
gene-Gos28	872	862	1087	1263	563	414	1028	673	1018	942	956	1191	591
gene-Got1	874	102	33	708	44	1696	555	230	367	844	605	642	259
gene-Got2	11631	4250	2860	5075	1387	6889	4623	3705	8441	2900	7897	10149	3191
gene-Gp150	47484	46970	135776	32134	72461	13123	9065	7664	7744	5367	4825	5814	12331
gene-Gp210	63	13	42	101	18	20	5	4	3	9	15	1	174
gene-Gp93	4521	614	1096	9045	658	6505	251	89	181	388	978	614	11883
gene-Gpa2	0	2	0	0	0	10	2	0	0	0	0	0	20
gene-Gpat4	1670	423	1514	555	1049	650	665	237	321	413	809	1020	907
gene-GPB5	0	0	0	0	0	0	0	0	0	0	0	1	49
gene-Gpdh1	3862	1080	1008	2444	337	1462	2349	1174	3523	2737	4602	3183	691
gene-GPHR	81	18	58	99	7	29	103	37	66	51	107	61	82
gene-Gpo1	1490	499	2364	1807	637	1784	161	90	386	126	254	328	1459
gene-gpp	515	545	590	473	645	240	83	63	49	201	256	210	1580
gene-Gprk1	363	245	134	477	145	297	144	74	101	166	192	134	528
gene-Gprk2	43	23	12	41	0	35	12	4	0	6	6	4	127
gene-gprs	4	7	0	0	0	0	0	0	0	0	0	0	7
gene-Gr21a	3	9	2	0	0	31	0	0	24	8	7	12	5
gene-Gr63a	1	1	4	0	23	0	0	0	0	3	0	3	0
gene-Gr9	0	0	0	0	11	0	0	0	3	1	1	0	74
gene-Grasp65	1593	982	1272	2635	584	582	512	280	699	456	734	608	1645
gene-grh	1	4	40	4	35	27	4	0	2	1	2	0	3649
gene-Grina	11460	5419	6201	7116	2313	3230	4980	1836	5130	4158	5218	5531	2766
gene-Grip	1	4	37	1	8	5	0	0	1	6	0	0	162
gene-Grip163	205	74	165	56	90	61	70	44	53	62	36	37	178
gene-Grip71	35	28	68	27	42	13	57	25	32	57	29	13	211
gene-Grip75	138	112	117	123	28	58	78	43	115	40	39	79	262
gene-Grip91	102	48	35	157	36	80	36	96	108	37	51	61	422
gene-grn	2110	518	2348	1218	1213	117	116	88	187	141	280	53	435
gene-grnd	458	580	1363	371	554	820	699	461	552	320	412	397	2222
gene-Gro	1336	572	717	1660	521	805	278	258	188	373	172	246	2605
gene-grp	680	518	717	653	590	465	98	27	98	74	107	72	1357
gene-Grp170	653	80	245	1627	142	1215	134	66	275	240	1390	281	4385
gene-grsm	3376	2146	3634	1927	3641	678	612	287	228	235	381	579	5237
gene-Grx3	273	370	544	664	326	331	529	656	1569	805	1247	1124	468
gene-Grx5	205	175	216	264	152	216	666	627	1571	643	1446	1121	683
gene-gry	1178	673	793	956	546	422	343	228	344	363	496	362	1034
gene-GSTd1	13	61	68	8	61	0	21	47	67	10	3	47	27
gene-GSTd2	84	29	72	191	29	2320	164	92	289	46	79	32	3300
gene-GSTd3	244	80	112	294	187	2606	529	464	4260	1897	4679	4171	4478
gene-GSTe3	1202	127	96	755	59	2329	1360	1004	5859	3688	7090	2844	54
gene-GSTe6	115	66	82	215	35	193	378	588	142	186	712	181	77
gene-GSTo1	5058	1981	2254	6467	1494	4482	5555	2496	12823	13226	20219	15129	3625
gene-GSTo2	39696	38501	24379	11064	18416	2627	53208	83718	128596	11943	8790	65268	3433
gene-GSTo3	390	131	65	528	33	376	514	235	599	372	762	585	819
gene-GSTt1	692	482	422	587	178	350	833	524	1314	1281	1622	1996	371
gene-GSTz1	316	217	90	291	39	62	598	426	761	515	464	519	261
gene-GSTz2	125	84	57	109	79	158	273	194	532	520	299	265	252
gene-GTPBP1	7588	2249	1141	8752	884	1615	1611	446	913	929	1012	1809	2144
gene-Gtsf1	146	325	201	74	132	19	94	102	45	47	71	99	166
gene-gudu	1	1	2	0	11	0	0	0	0	1	2	0	0
gene-Gug	598	530	809	441	486	155	42	64	37	85	66	74	1019
gene-gukh	21	81	83	403	56	213	12	14	5	43	45	10	608
gene-gus	1074	2031	4782	614	4033	443	192	137	81	114	68	121	2625
gene-GV1	2	0	0	0	0	0	0	0	5	2	0	0	154
gene-gw	866	802	1449	772	1060	548	154	100	100	287	205	200	2378
gene-gwl	24	27	70	38	34	93	33	26	16	25	19	51	111
gene-GXIVsPLA2	153	150	131	208	25	106	297	274	545	416	736	618	193
gene-Gyc88E	27	21	5	17	8	5	4	2	11	8	12	12	3
gene-Gycalpha99B	9	6	6	2	42	13	0	1	2	14	12	0	2
gene-Gycbeta100B	4	3	24	6	33	50	0	1	0	19	5	0	32
gene-Gyf	517	431	652	461	275	157	191	98	137	197	195	189	992
gene-gzl	303	336	1144	297	632	78	85	62	44	100	88	26	409
gene-H	639	341	271	595	155	148	101	55	85	102	95	147	624
gene-H2.0	2	20	12	4	73	0	18	15	14	3	17	2	32
gene-H2ax-l	8	7	58	23	8	7	0	4	3	3	10	6	169
gene-Hacd1	199	100	51	207	21	148	40	94	108	141	264	100	940
gene-Hacd2	1251	732	493	767	210	406	565	375	642	776	1133	954	333
gene-Hacl	3914	1039	860	1887	577	2187	2501	658	4981	4122	5882	3227	879
gene-Had1	2881	697	140	14380	163	2278	11123	7010	7548	23167	6096	8550	3379
gene-haf	5	0	28	1	0	0	0	0	0	0	0	0	3
gene-Hakai	648	591	623	620	271	176	213	77	174	139	144	123	562
gene-Hand	17	30	46	13	21	87	27	26	43	30	21	11	17
gene-Hao	46	28	6	38	16	31	36	27	73	28	90	94	172
gene-Hap40	152	124	180	170	74	52	195	192	150	153	171	241	106
gene-Hasp	1	4	0	0	0	0	0	0	0	0	0	0	37
gene-Haspin	1709	3966	10290	3862	7277	722	1257	926	1790	637	1003	1994	1001
gene-Hat1	707	1031	653	810	289	81	305	258	221	220	120	261	697
gene-hay	371	271	1549	304	974	203	109	48	80	64	53	67	576
gene-HBS1	721	436	608	1150	226	362	606	351	674	544	538	673	750
gene-Hcf	1315	803	1166	1315	494	605	175	130	142	130	198	109	3334
gene-Hcs	38	12	11	43	8	52	3	0	23	3	29	16	138
gene-hd	160	104	156	250	137	103	117	63	91	70	75	98	259
gene-HDAC1	913	257	641	594	239	335	414	253	357	499	590	486	1225
gene-HDAC11	16	3	33	5	64	0	8	2	8	14	3	20	14
gene-HDAC3	132	78	74	123	7	14	36	17	23	33	23	5	62
gene-HDAC4	1052	733	471	1141	361	841	79	104	68	182	159	160	1855
gene-HDAC6	188	149	187	164	23	32	35	39	37	29	16	13	283
gene-Hdc	1	3	0	0	0	0	0	0	0	0	2	0	0
gene-hdm	1	0	4	0	0	0	0	0	5	0	2	0	0
gene-heca	1564	1332	3218	1560	1334	1050	638	302	283	917	585	638	2459
gene-Hecw	29	51	165	35	105	127	6	20	11	12	9	5	488
gene-heix	57	22	48	75	9	52	109	52	116	109	160	179	206
gene-Hel25E	2130	1398	1809	3602	925	1103	3659	2380	3914	2479	3006	3760	6392
gene-Hel89B	436	221	177	468	190	217	120	101	52	148	120	100	404
gene-Hem	638	518	615	725	153	252	184	142	238	311	308	339	406
gene-HemK2	300	298	350	338	124	153	377	174	396	334	451	550	257
gene-Hen1	50	36	66	84	26	28	34	28	82	73	26	35	127
gene-hep	1143	719	1874	783	603	306	201	98	213	151	134	141	546
gene-Hepa	29	57	68	22	67	94	13	3	31	39	38	22	239
gene-heph	319	238	180	276	293	180	75	34	45	116	91	70	2312
gene-HERC2	77	99	108	193	89	63	21	10	8	10	19	9	291
gene-Herc4	4290	2728	3504	3886	1406	1056	1568	609	1494	1777	1313	1418	1712
gene-Herp	517	408	215	376	235	273	258	82	130	309	309	114	418
gene-Hex-A	17536	10444	6650	8179	2912	2547	3184	1606	2352	5362	3399	2487	909
gene-Hexim	527	529	754	531	188	187	896	719	736	752	560	804	784
gene-Hexo1	6225	1699	1939	9470	1528	5526	1451	824	2025	3941	2453	3064	255495
gene-Hexo2	158	205	2788	355	710	136	46	77	57	200	130	70	1409
gene-Hey	2	4	0	1	0	0	3	0	1	2	2	3	0
gene-hfp	997	476	980	826	1018	1069	13	16	9	26	19	18	2679
gene-hfw	655	236	324	343	136	418	265	196	246	156	202	131	668
gene-hgo	609	305	286	580	152	35	438	545	318	570	121	310	83
gene-Hgsnat	7	0	5	12	7	0	12	3	13	8	0	0	1599
gene-HGTX	1	5	4	6	0	0	2	3	0	0	0	0	8
gene-hh	8	16	33	10	36	0	0	8	6	10	9	2	374
gene-hibadh	3930	2149	2498	6035	1572	11618	10138	4497	9494	10737	15807	8305	8939
gene-hig	111	95	96	80	48	0	24	16	48	49	34	24	98
gene-Hil	7	0	13	1	0	0	5	0	1	10	1	0	254
gene-Hinfp	37	36	54	29	16	21	77	11	57	34	38	48	68
gene-HINT1	1065	1193	836	4268	650	1085	3106	1825	6134	3952	4121	7810	11
gene-Hip1	4197	5823	4573	3260	5152	1344	1056	671	487	1490	1059	1572	1463
gene-Hip14	373	248	219	398	216	310	180	73	83	150	257	280	448
gene-Hipk	2632	1372	1589	2029	982	1442	231	196	219	625	657	671	5574
gene-Hira	11	4	13	6	7	0	0	0	4	2	12	22	76
gene-His2Av	962	1333	2662	1505	1491	732	1430	1875	2440	1824	1861	2137	4386
gene-HisRS	759	243	544	1001	275	431	309	136	316	255	370	269	1040
gene-HisT	101	355	531	17	93	156	36	34	42	65	37	78	95
gene-hiw	16	8	16	12	0	8	10	0	0	3	6	3	35
gene-Hk	9	3	3	0	14	15	0	0	3	0	1	0	109
gene-hkb	0	0	0	0	0	0	0	0	0	0	0	0	0
gene-Hlc	169	210	428	276	192	103	55	50	55	71	52	52	423
gene-HLH4C	0	0	0	2	0	0	0	0	0	8	0	0	0
gene-Hlh54f	93	213	350	63	618	548	263	296	351	159	155	114	60
gene-hlk	156	173	34	183	117	1375	240	54	242	71	162	35	5386
gene-Hmg-2	287	226	313	275	217	61	536	413	594	474	328	425	284
gene-Hmg-s	501	544	183	284	63	94	58	264	345	178	203	413	235
gene-Hmga	382	633	1346	431	759	515	1283	892	1269	501	800	1073	7750
gene-Hmgc	2633	1249	624	2912	456	3941	3473	2097	9575	7510	14683	7051	292
gene-Hmgcr	33	19	26	25	15	91	36	5	31	36	29	12	137
gene-Hml	2064	961	957	2410	3377	219	170	838	513	362	239	620	174
gene-Hmt-1	1337	582	313	1123	274	495	439	329	837	429	732	428	1398
gene-Hmt4-20	442	420	827	396	400	137	187	94	93	169	127	131	525
gene-Hnf4	829	347	300	1217	109	413	265	187	210	470	327	284	408
gene-HnRNP-K	1334	1262	1216	1475	594	697	437	291	524	340	424	425	2629
gene-Ho	1583	2129	2600	743	1421	423	3365	3982	4369	1542	2010	2787	2748
gene-hob	135	91	134	87	114	65	13	13	10	14	21	12	314
gene-hoip	122	157	374	672	341	228	106	100	171	187	212	176	1334
gene-holn1	728	549	1040	741	604	438	671	552	702	832	1275	1698	338
gene-homer	122	82	89	194	44	55	70	17	40	54	62	49	108
gene-hook	421	200	454	297	129	242	49	30	64	107	110	88	385
gene-hop	272	156	211	191	187	143	81	49	61	101	85	63	406
gene-Hou	1324	2196	3928	1100	2773	358	905	1123	1373	1124	873	1392	2200
gene-how	147	384	515	157	523	1030	111	64	121	64	137	110	4151
gene-Hp1b-l	308	224	520	401	103	204	324	266	394	335	378	423	1181
gene-Hpf1	208	88	125	175	120	26	290	212	447	233	390	478	126
gene-Hph	1407	3101	2660	2246	1290	295	1436	760	342	1014	562	362	229
gene-hpo	154	121	241	173	293	170	40	33	32	65	73	75	1273
gene-hppy	305	208	356	382	247	157	65	42	23	43	58	71	275
gene-Hpr1	340	239	233	406	97	180	383	180	440	337	411	407	413
gene-HPS1	376	209	648	215	160	83	144	29	204	239	119	97	430
gene-HPS4	360	332	1117	238	616	68	131	52	82	106	98	48	22
gene-Hr3	65	147	759	219	1112	52	18	1	9	10	6	11	9094
gene-Hr38	3	0	0	4	0	0	0	0	0	1	0	1	50
gene-Hr39	1140	1622	1430	736	533	136	264	112	110	156	214	176	1239
gene-Hr4	14	139	471	31	1885	10	0	5	0	0	14	0	1636
gene-Hr96	578	312	259	500	119	94	196	67	164	141	103	216	185
gene-Hrb27C	487	280	444	1080	128	241	53	46	38	72	95	68	1666
gene-Hrd3	1330	537	747	1144	620	740	241	139	198	298	629	388	2228
gene-hrg	1700	1488	2666	1410	1224	329	305	186	185	208	97	113	2049
gene-Hrs	15411	14873	28077	9861	10952	1848	3420	1652	1946	1718	1395	2033	3509
gene-hry	39	472	573	32	224	44	52	14	12	4	4	15	152
gene-Hs2st	91	137	235	126	124	22	77	39	37	95	33	86	97
gene-Hs3st-A	6	5	6	0	0	0	0	1	0	0	2	0	93
gene-Hs3st-B	0	0	0	1	0	0	0	5	0	0	1	2	0
gene-Hs6st	269	267	255	111	79	57	55	56	53	95	56	74	526
gene-Hsc20	422	314	93	207	33	242	1220	823	1552	542	1048	1634	41
gene-Hsc70-3	10121	998	2083	16290	1197	6774	673	656	1695	1127	4468	1505	36838
gene-Hsc70-4	289124	159677	122437	304446	195779	89432	75369	36432	63098	34523	32463	46437	293593
gene-Hsc70-5	1486	506	772	3172	416	1294	363	143	535	368	679	362	3246
gene-Hsc70Cb	2258	855	990	3432	625	1077	489	269	674	475	634	559	4224
gene-Hsdl2	1772	490	1054	1344	971	3239	1344	569	3688	3644	5975	4163	2060
gene-Hsepi	146	82	90	94	113	69	58	24	40	92	77	68	332
gene-Hsf	4075	1452	1922	2585	348	1684	2378	1229	1489	2225	1798	2680	614
gene-Hsl	116	142	397	53	112	87	9	15	17	36	18	11	81
gene-Hsp21.4	1507	739	896	481	1144	8198	2135	1471	4807	1469	3580	1656	11018
gene-Hsp70-14	227	195	308	406	111	55	332	156	340	276	370	360	415
gene-Hsp83	22976	6277	8465	32727	7206	12964	4695	1537	7051	3403	6015	5462	37835
gene-HSPBAP1	62	41	44	54	25	56	39	35	59	38	32	62	160
gene-HSPC300	371	346	430	384	178	210	1078	835	1293	540	958	1233	389
gene-hth	617	321	257	601	149	323	173	60	87	179	191	102	3597
gene-HtrA2	1671	801	1974	898	352	190	506	184	665	409	227	219	557
gene-hts	2732	1441	2082	3607	951	1544	437	142	216	552	860	703	2663
gene-htt	257	282	398	185	413	107	85	27	25	109	104	46	321
gene-Hus1-like	26	16	85	10	65	0	34	39	34	12	16	49	31
gene-hwt	2050	1241	2623	1842	1161	321	343	208	79	351	239	209	830
gene-Hyccin	831	728	1155	927	611	376	733	603	920	623	918	1068	522
gene-hyd	2233	1320	1755	2018	1298	1084	110	110	97	321	268	276	5232
gene-Hydr1	669	428	369	1083	176	741	204	99	108	509	575	436	206
gene-Hydr2	960	183	119	1294	127	678	199	124	309	195	403	388	658
gene-Hyls1	24	2	9	31	24	0	46	18	117	109	82	138	44
gene-hyx	840	751	1085	1661	431	344	1298	977	578	1452	378	926	1316
gene-hzg	4751	3806	2782	2772	1933	1394	2117	1010	1014	1450	1732	1572	1025
gene-Iap	90588	64116	116934	34978	47856	14794	35969	15162	22647	25847	17701	21981	3574
gene-iav	44	11	4	32	8	18	11	0	3	0	5	5	16
gene-Ibm1	5	12	38	17	7	23	0	0	2	2	1	1	249
gene-IBP2	12	20	6	635	0	62	28	14	46	12	8	26	8
gene-ICA69	179	135	98	128	24	64	117	64	79	103	91	81	117
gene-ich	0	0	0	0	1	0	0	0	0	0	0	0	20
gene-icln	238	355	606	298	219	229	202	199	136	87	89	96	1099
gene-ics	475	345	434	916	393	931	292	177	408	229	308	233	1877
gene-ida	143	79	177	118	141	99	39	24	75	60	41	76	225
gene-Ide	593	669	1411	625	568	150	228	132	79	186	98	87	787
gene-Idgf	6068	1139	864	1196	1127	8191	206	150	204	31	253	110	12473
gene-Idh	8589	7443	2960	15120	1757	5339	10736	5205	24230	14200	25021	17354	9477
gene-Idh3a	650	641	1731	1047	448	1166	494	306	1040	313	608	244	4496
gene-Idh3b	591	403	469	775	254	1202	631	264	1009	501	599	263	2589
gene-Idh3g	739	469	566	489	313	755	628	564	994	410	330	359	2901
gene-Idi	1225	814	1541	1647	880	737	1722	771	2247	1796	1868	1680	1397
gene-Ids	0	7	0	3	0	0	4	0	4	0	0	0	33
gene-if	379	371	251	460	130	1114	58	29	49	73	106	79	1318
gene-ifc	189	177	124	575	25	643	432	167	1417	761	2466	1384	260
gene-Ifrd1	4798	1654	1751	6815	1722	1162	1311	696	1325	580	843	1138	1727
gene-IFT46	3	0	3	7	19	25	6	0	4	2	0	5	51
gene-IFT52	4	1	16	5	29	0	0	0	0	0	0	3	12
gene-IFT54	20	0	33	7	19	65	2	2	7	2	2	5	0
gene-IFT57	3	0	14	0	11	0	0	0	0	0	0	0	0
gene-Ih	55	104	114	93	364	1072	42	40	53	43	104	36	990
gene-IIM1	185045	142868	62359	111414	40135	57959	33099	18561	15396	28125	12242	16508	0
gene-IKKbeta	969	1578	2466	820	981	139	798	518	358	462	347	526	461
gene-IKKepsilon	53	3	22	39	19	0	10	5	6	5	8	0	80
gene-IleRS	428	157	301	1052	117	335	152	76	185	176	367	289	617
gene-IleRS-m	23	8	30	42	14	17	7	6	17	3	31	13	38
gene-Ilk	341	264	381	573	135	470	221	66	208	144	141	127	1540
gene-imd	1507	1270	2011	813	933	592	818	494	500	714	792	605	504
gene-Iml1	1677	1084	1512	1212	1604	1272	207	157	189	224	217	234	2613
gene-Imp	711	391	931	1720	794	1182	348	217	251	506	981	647	4095
gene-Impbeta11	419	222	218	500	228	193	140	69	122	87	127	104	395
gene-ImpE3	8	7	100	0	46	15	2	0	5	0	4	0	14829
gene-in	347	234	320	179	172	339	176	113	201	187	282	277	372
gene-inaE	109	34	36	45	53	101	66	7	31	108	72	28	243
gene-inaF-D	69	167	75	52	144	207	136	71	155	62	102	103	54
gene-inc	326	361	631	307	285	117	437	412	527	355	603	599	340
gene-Incenp	31	13	44	27	8	0	4	2	11	1	5	0	110
gene-ine	3916	3226	3265	4827	1351	3861	1728	1286	1267	1843	1131	1523	496
gene-Ing3	709	715	818	798	585	549	459	449	642	588	447	441	1810
gene-Ing5	99	91	136	200	21	44	112	25	61	72	84	90	158
gene-Ino80	226	61	46	164	14	18	27	17	17	13	2	18	127
gene-Inos	391	324	500	990	125	370	259	99	148	234	164	187	476
gene-INPP5E	200	166	203	111	40	84	63	31	27	55	27	15	37
gene-InR	363	474	473	1216	318	263	122	81	165	262	72	148	776
gene-insc	428	352	246	663	96	193	104	58	49	62	24	41	271
gene-IntS1	206	41	31	158	9	20	0	0	1	3	1	0	287
gene-IntS10	169	147	275	205	147	90	215	159	235	198	385	312	223
gene-IntS11	1487	1781	1698	2886	716	553	2280	1464	1984	2594	1852	1898	751
gene-IntS12	203	41	241	78	33	84	109	168	338	301	214	238	163
gene-IntS14	128	54	67	167	26	122	128	79	224	162	99	126	289
gene-IntS2	305	198	272	297	52	124	115	71	173	167	206	146	449
gene-IntS3	465	498	583	453	221	170	262	165	186	214	146	145	628
gene-IntS4	656	325	337	456	245	231	107	45	49	63	61	130	780
gene-IntS6	483	553	1780	349	423	104	98	83	72	154	84	68	771
gene-INTS7	112	48	71	73	50	22	22	3	1	1	2	6	113
gene-IntS8	234	96	306	358	72	148	71	71	66	64	51	56	486
gene-IntS9	303	134	209	251	154	88	15	27	45	45	27	45	437
gene-Inv	4	0	13	0	11	11	9	0	1	0	0	0	281
gene-Invadolysin	22	40	93	13	113	93	14	9	4	5	11	11	906
gene-Inx2	4408	7081	3213	10821	2705	2780	3020	1976	168	1214	1548	2179	12068
gene-Inx3	53	232	259	148	258	1585	105	103	82	42	36	27	10451
gene-Inx4	1	0	6	1	0	0	0	0	2	0	0	0	0
gene-Inx7	3321	3212	2628	10050	379	1148	1439	983	1461	1712	1174	1182	0
gene-Ip259	3957	2301	3937	4236	3086	2167	6167	9005	8793	7843	5031	4689	8328
gene-IP3K1	489	371	924	838	1015	501	58	63	59	51	41	30	1923
gene-IP3K2	1029	407	305	514	166	278	907	683	673	362	409	502	438
gene-Ip6k	5367	3625	3038	1736	2438	1399	745	393	328	687	1081	1031	1204
gene-IPIP	139	191	337	130	95	32	97	49	37	66	59	46	224
gene-Ipk2	1878	460	375	1817	78	326	978	275	483	819	226	507	173
gene-iPLA2-VIA	35	15	14	53	0	0	8	1	5	3	5	12	29
gene-Ipp	122	117	99	103	23	38	247	256	361	257	171	221	212
gene-Ir21a	0	0	0	0	0	0	0	0	0	0	0	0	0
gene-Ir25a	10	11	34	8	67	20	2	0	11	2	0	1	10
gene-Ir40a	3	11	5	0	7	0	0	0	0	0	0	0	0
gene-Ir68a	1	0	1	0	5	0	0	0	0	2	2	0	1
gene-Ir76b	30	60	93	17	36	17	35	6	26	23	33	47	115
gene-Ir85a	0	0	0	0	0	0	0	0	1	0	0	0	0
gene-Ir8a	2	2	3	2	0	0	4	0	2	1	1	2	0
gene-Irbp	411	365	598	748	253	223	1205	885	541	1507	747	1206	220
gene-Irbp18	5427	3309	4240	4086	1894	2318	10889	5823	9589	7605	12378	13686	1435
gene-Ire1	263	320	419	294	130	68	106	75	26	139	68	38	310
gene-irp2	3	12	44	37	9	11501	88	26	16	2	4	3	748
gene-IRSp53	50	26	71	25	92	163	20	22	46	22	42	27	1016
gene-IscU	1146	571	635	893	853	959	4079	4403	7704	5089	6232	6111	2020
gene-Isha	1236	505	731	998	483	323	59	36	19	63	60	35	2386
gene-Ist1	2531	2391	3965	2756	1400	543	410	169	205	191	108	218	1321
gene-Iswi	1382	751	2510	1124	1751	797	584	283	443	367	472	451	2011
gene-itg	7	9	4	16	8	40	4	6	6	16	11	6	45
gene-ITP	15	21	14	39	36	134	18	19	33	45	34	20	285
gene-Itpr	93	59	116	70	140	264	21	25	40	38	106	51	625
gene-Ivd	1465	1701	222	1736	164	705	2664	2797	2235	2676	3017	1761	201
gene-ix	222	189	215	316	160	169	331	280	585	327	433	558	257
gene-Iyd	13	20	9	31	9	23	5	16	11	13	5	19	92
gene-Jabba	235	55	48	113	21	25	39	41	45	52	46	5	492
gene-Jafrac1	5025	2320	1697	9327	1785	13770	1749	1598	7112	4846	7287	4539	7277
gene-jagn	620	358	221	484	309	709	540	180	364	433	1062	556	1122
gene-jar	16470	11204	12780	8045	4539	2248	2851	1140	1003	1006	1149	843	800
gene-Jarid2	97	112	260	65	246	65	26	7	50	47	31	26	884
gene-jbug	66	43	72	84	57	188	32	34	45	16	49	13	1900
gene-jdp	104	99	224	50	83	315	66	31	65	43	57	39	355
gene-jeb	0	0	0	0	0	0	0	0	0	0	0	0	7
gene-jef	5	7	3	11	0	0	0	0	0	2	3	0	39
gene-jet	195	197	352	177	99	29	65	13	75	66	63	84	32
gene-Jhbp16	0	0	0	4	6	0	20	6	4	7	8	1	0
gene-jhe1	343	21	501	5	350	0	0	0	18	3	111	0	254
gene-Jheh-lp1	688	57	10	161	9	776	169	430	2381	653	3090	1329	5
gene-Jheh-lp3	553	192	297	320	116	244	319	96	232	222	235	269	1074
gene-Jheh-lp4	525	488	440	4705	242	1791	2832	1667	4846	3952	14911	5601	6
gene-JhI-21	75	187	163	59	49	157	67	28	26	57	74	56	158
gene-jim	0	0	0	0	0	0	0	0	0	0	0	3	586
gene-jing	166	667	740	177	381	56	28	28	32	27	24	26	2237
gene-JMJD4	34	39	54	55	40	44	62	44	59	65	77	94	48
gene-JMJD5	391	318	193	319	192	157	923	592	1060	635	1002	1134	402
gene-JMJD7	7	2	12	52	0	15	13	4	0	9	7	12	14
gene-Josd	257	247	238	264	161	83	199	113	147	160	163	191	195
gene-Jra	13337	11069	12558	14998	9605	3723	6145	3879	2682	3449	1899	3308	7075
gene-js	5	0	6	2	5	135	4	4	1	0	1	0	36
gene-JTBR	463	479	564	457	285	95	1101	880	1554	811	1008	1219	126
gene-jub	1083	713	813	1007	107	182	216	103	133	149	67	98	262
gene-jumu	124	264	515	113	297	202	25	39	41	88	35	68	312
gene-Jupiter	16	94	70	122	106	124	20	39	15	5	8	0	755
gene-jus	38	2	3	3	8	0	1	5	4	1	9	4	369
gene-jv	1213	663	635	671	343	1030	107	96	116	241	188	177	14
gene-jvl	1173	1021	1189	961	950	303	115	93	38	186	156	249	507
gene-K5	95	61	91	39	5	21	35	21	41	36	31	6	598
gene-KaiR1D	1	1	1	1	0	0	0	1	0	0	0	0	129
gene-Kal1	4	2	85	8	2	11	26	7	6	0	3	6	681
gene-Kap-alpha1	1088	897	1174	952	286	262	656	410	819	585	834	784	1308
gene-Kap-alpha3	7390	5353	14290	8192	10263	3092	1949	1270	2294	1825	1156	1481	10105
gene-Kap3	574	494	624	517	475	231	399	211	295	284	335	391	264
gene-kappaB-Ras	26	22	43	39	20	13	24	19	17	14	20	22	50
gene-kar	23	96	24	127	35	18	2	15	5	34	20	1	200
gene-Karl	39	80	24	129	16	142	188	356	370	61	70	51	79
gene-Karybeta3	9773	5967	7425	11361	4092	3439	1527	679	530	600	280	317	16390
gene-Kat60	585	349	343	581	148	196	305	165	261	172	131	161	670
gene-kay	4695	5363	7105	9459	2176	2563	886	653	458	794	492	708	8775
gene-Kaz	951	863	1580	643	515	158	555	244	306	369	273	373	961
gene-Kcmf1	2320	1327	1914	1169	557	252	244	87	78	24	23	80	1864
gene-KCNQ	12	7	31	6	25	27	0	0	6	7	23	2	210
gene-KdelR	1633	875	597	1557	344	913	3321	1495	3421	3075	4474	3904	2242
gene-Kdm2	363	200	428	237	140	92	63	37	13	123	109	68	557
gene-Kdm3	2190	1160	2076	1912	1211	821	26	23	22	120	90	91	4823
gene-Kdm5	349	359	399	231	326	171	110	60	25	105	129	110	527
gene-kdn	6064	2567	1402	8746	1408	11022	8610	2037	8630	9862	14502	5613	9180
gene-Kdsr	673	734	387	856	122	312	688	642	1190	453	1200	1122	186
gene-Keap1	2687	1346	1109	1475	454	554	326	380	369	400	240	260	479
gene-kek5	850	816	1751	635	501	333	114	26	26	112	82	57	509
gene-kel	190	54	99	58	44	26	0	0	0	1	0	0	251
gene-ken	37	61	124	87	193	172	49	31	12	33	20	18	32
gene-kermit	2440	1585	177	3522	72	881	1325	731	1584	1321	2367	1933	353
gene-key	1173	186	313	453	100	189	143	65	79	127	93	67	209
gene-Khc	3118	1844	2394	3932	1802	2011	824	508	609	948	1129	931	7182
gene-Khc-73	1213	894	1337	1396	874	550	122	144	90	224	263	308	1219
gene-kibra	954	978	1186	490	254	114	464	282	118	108	118	155	798
gene-Kif19A	27	9	5	8	0	24	25	18	73	26	33	12	5
gene-Kin	0	12	7	0	40	0	0	0	5	2	0	0	39
gene-kin17	415	366	773	460	513	94	230	199	260	283	233	289	421
gene-kkv	18	14	4	15	19	73	3	4	13	5	11	12	1865
gene-kl-2	8	18	28	6	29	0	4	4	0	9	16	28	6
gene-kl-3	1	156	10	145	7	0	0	11	0	0	4	0	271
gene-klar	2808	2160	1694	1679	782	673	685	378	298	332	295	330	948
gene-Klc	1114	743	3204	693	1562	412	240	163	273	221	301	267	1800
gene-klhl10	46	107	13	92	61	87	1	29	19	4	10	32	240
gene-Klp10A	226	351	535	455	86	101	61	23	23	38	22	12	661
gene-Klp31E	459	289	620	609	157	314	109	31	43	65	71	28	172
gene-Klp3A	28	15	106	35	23	79	5	4	17	1	3	7	181
gene-Klp61F	3	4	4	1	0	0	1	0	0	1	4	0	76
gene-Klp64D	218	248	261	238	26	116	67	53	28	40	46	35	341
gene-Klp98A	173	259	416	121	632	65	76	28	38	72	117	59	555
gene-kmr	1	2	29	6	15	47	2	9	5	2	11	3	491
gene-kn	1	7	0	0	0	0	0	0	0	0	0	0	10
gene-knk	173	83	20	96	43	55	0	0	0	0	0	0	2134
gene-knockout	3964	1768	965	1813	794	1255	437	222	146	659	569	907	1496
gene-koko	269	89	135	338	71	125	294	201	711	293	488	415	261
gene-kon	134	109	237	117	119	115	46	16	26	53	62	36	374
gene-Kpc2	0	0	0	0	0	0	0	0	0	0	0	0	0
gene-Kr-h1	31	25	40	12	27	0	0	8	0	1	2	0	2198
gene-Kr-h2	4661	4140	4796	3522	2091	1384	2354	730	953	847	615	761	2760
gene-kra	10221	6008	6672	10578	7625	5899	7481	4961	7941	4347	4497	4796	33171
gene-kraken	358	90	186	222	71	131	89	47	295	86	211	201	95
gene-kri	278	352	518	326	143	110	378	238	387	218	224	318	566
gene-KrT95D	786	831	1277	533	813	154	235	272	183	349	193	207	301
gene-krz	5248	1374	1010	3435	507	856	1351	868	1117	1001	602	719	1460
gene-ksh	97	55	68	78	26	159	262	240	688	462	835	494	71
gene-ksr	222	192	116	210	48	125	29	6	13	62	41	64	246
gene-kst	2204	228	212	1945	86	999	166	109	142	311	513	277	1351
gene-Ktl	24	30	88	18	155	92	16	11	25	22	33	15	36
gene-kto	918	522	929	483	449	110	70	38	13	67	49	47	910
gene-ktub	34	71	80	47	30	72	5	2	6	14	6	4	60
gene-Kua	2167	2036	2757	1965	1014	735	1209	459	683	793	1076	1022	509
gene-kud	453	226	252	518	170	772	1241	1233	3168	1826	3958	3075	1198
gene-kug	299	293	460	1130	521	203	2	8	7	21	16	10	3701
gene-kune	58	54	70	62	6	97	178	124	215	127	122	170	716
gene-kuz	892	471	788	983	630	635	50	90	40	80	104	178	2422
gene-Kyat	1783	1939	636	2290	331	932	1107	1712	1415	1330	1140	1016	1146
gene-Kynu	476	5366	14626	544	6880	160	607	964	944	2841	402	1640	5
gene-kz	96	63	196	167	53	20	24	4	14	24	23	4	249
gene-L	2	1	0	1	0	0	0	0	5	0	0	0	84
gene-l(1)10Bb	198	256	409	225	147	128	461	462	518	323	478	557	185
gene-l(1)G0004	1278	1268	2388	2370	2064	1059	3160	4197	2568	3367	1666	2256	1888
gene-l(1)G0007	501	465	504	491	239	176	235	82	78	48	16	34	432
gene-l(1)G0020	113	68	264	392	159	67	25	5	3	6	23	15	547
gene-l(1)G0196	1262	313	393	1362	345	1591	106	46	91	176	383	163	2352
gene-l(1)G0289	2281	3890	6435	1821	4196	2575	1218	913	1057	833	1276	1130	3409
gene-l(1)G0320	3114	1028	1145	5171	932	4524	6212	2351	6752	5835	16127	9905	8635
gene-l(1)G0469	6942	8756	3404	6209	1508	845	9420	8418	8191	1861	1517	4879	4048
gene-l(1)sc	21	15	3	49	0	28	0	2	22	69	23	65	605
gene-l(2)05287	136	155	1807	311	737	102	82	74	91	61	41	50	499
gene-l(2)09851	100	91	226	533	117	91	133	107	138	118	179	155	721
gene-l(2)10685	77	14	106	89	83	35	69	21	23	24	69	27	68
gene-l(2)37Bb	71	38	71	76	40	61	102	44	135	108	291	181	158
gene-l(2)37Cb	451	211	379	480	104	217	310	216	217	360	353	399	123
gene-l(2)37Cd	221	136	325	218	256	121	163	263	299	233	465	686	234
gene-l(2)37Cg	24	21	86	95	79	55	59	70	112	111	135	104	63
gene-l(2)41Ab	3	1	3	0	0	0	0	0	0	1	0	0	0
gene-l(2)dtl	61	55	89	121	27	71	37	30	25	26	7	15	163
gene-l(2)gd1	1733	1509	2484	923	1426	451	299	152	101	179	139	285	1336
gene-l(2)gl	15417	7606	9299	23436	5960	4029	757	296	314	1245	1433	1670	2122
gene-l(2)k01209	152	286	1066	155	1657	211	34	10	16	71	45	81	366
gene-l(2)k05819	452	193	409	456	175	156	51	15	21	26	16	26	497
gene-l(2)k09022	56	77	155	211	24	46	21	0	8	34	15	7	308
gene-l(2)k09848	141	126	298	294	240	40	117	52	88	116	98	92	529
gene-l(2)k10201	96	110	66	255	54	53	244	208	338	302	317	384	89
gene-l(2)k14505	171	78	90	225	94	153	356	184	879	264	576	592	155
gene-l(3)02640	63	38	76	78	47	55	37	15	49	26	57	31	162
gene-l(3)05822	1630	2641	6759	2542	1593	273	582	280	283	375	163	246	1082
gene-l(3)07882	346	73	245	314	240	473	100	31	98	124	176	180	226
gene-l(3)72Ab	1582	779	1426	1593	1340	808	221	129	92	230	149	175	2361
gene-l(3)72Dn	113	93	1971	269	2170	130	83	70	84	57	76	61	435
gene-l(3)73Ah	408	380	775	454	248	167	593	362	487	297	269	353	347
gene-l(3)76BDm	701	435	785	513	310	130	175	119	98	180	166	169	520
gene-l(3)77CDf	160	108	247	130	21	44	93	43	78	63	105	65	131
gene-l(3)80Fg	89	33	38	79	44	69	20	7	23	39	32	27	152
gene-l(3)80Fj	1181	274	354	1798	502	633	23	55	55	87	108	69	6654
gene-l(3)87Df	333	296	257	222	111	71	660	828	1481	862	1409	1009	89
gene-l(3)mbn	1	0	0	2	0	194	14	0	9	0	5	0	0
gene-l(3)mbt	94	117	212	69	101	49	30	13	6	11	25	17	254
gene-l(3)neo43	196	426	528	394	550	225	867	702	1599	938	1665	1275	57
gene-L(b002)	1748	594	859	1308	461	1878	1747	1063	1920	1242	1593	2041	1294
gene-L2HGDH	989	495	331	826	79	98	1945	893	1455	940	1035	1565	117
gene-La	661	479	1223	2563	622	805	840	442	910	943	1365	1201	3249
gene-Lac	35	44	23	43	123	108	18	24	26	9	34	31	1538
gene-lace	1168	380	582	1970	436	1293	112	61	70	92	172	213	1457
gene-lama	2969	1474	1292	3456	670	2034	1930	1810	2821	1373	1373	1520	5951
gene-Lamtor2	454	660	611	574	162	88	1202	972	1497	1322	1144	1501	342
gene-Lamtor3	332	456	478	254	226	142	957	1092	1063	915	1025	1117	349
gene-Lamtor4	189	147	171	171	19	0	225	218	165	165	183	235	109
gene-Lamtor5	899	1082	1378	649	941	280	2193	3368	3569	1701	1931	3460	895
gene-LanA	198	113	41	124	123	85	15	11	23	27	41	47	3185
gene-lap	2735	3436	4816	2003	2859	1049	780	563	382	750	713	733	2335
gene-Lap1	42	72	89	71	70	47	19	11	31	37	33	41	141
gene-lark	1940	1806	1742	1893	1996	958	801	895	1284	949	825	1021	3488
gene-larp	418	181	298	597	448	1248	80	48	84	243	647	243	2365
gene-Larp7	216	155	215	407	125	95	167	94	125	110	114	94	386
gene-Las	539	306	246	625	99	181	394	152	428	378	252	315	185
gene-lasp	683	446	187	590	213	395	456	199	277	419	400	403	429
gene-LBR	70	72	126	60	45	31	77	29	29	30	26	49	313
gene-Lcch3	0	0	0	0	0	0	0	0	0	0	0	1	2
gene-ldbr	72	37	44	111	5	55	65	26	97	125	151	123	64
gene-ldd	3	8	44	0	22	0	0	0	2	0	1	0	315
gene-Ldlr	69	441	171	277	248	340	38	50	33	27	32	18	33848
gene-lds	16	15	18	30	14	0	6	0	2	1	6	7	74
gene-Letm1	1290	955	1303	2651	756	601	899	344	648	980	908	638	2225
gene-LeuRS	738	378	582	1807	240	601	347	178	351	451	590	566	1432
gene-LeuRS-m	51	31	47	101	113	16	16	16	51	43	50	67	76
gene-lft	21	12	7	17	10	13	16	6	16	11	6	0	6834
gene-Lgr1	1292	2547	2743	308	3175	628	766	716	383	326	164	263	8
gene-lic	1430	962	1468	1241	1154	1135	567	240	532	367	531	442	1482
gene-lig	6606	2237	3129	3336	1812	1066	85	51	40	30	27	104	6044
gene-lili	224	235	779	374	240	109	137	63	104	186	103	148	306
gene-lilli	381	229	348	339	291	293	49	37	23	74	91	89	819
gene-Lim1	0	2	0	0	0	0	0	0	0	1	0	0	135
gene-Lim3	0	0	1	0	0	0	0	0	0	0	0	0	2
gene-LIMK1	40	82	59	18	86	97	8	33	12	8	9	25	149
gene-lin	136	116	312	105	361	105	34	24	45	66	81	75	258
gene-lin-28	10	1	2	37	11	28	0	6	1	7	0	1	18
gene-lin-52	285	578	811	207	579	82	865	815	1046	359	429	712	365
gene-Liprin-alpha	35	7	5	23	9	25	0	1	0	0	0	2	42
gene-Liprin-beta	424	324	307	354	225	207	142	73	56	110	105	101	1021
gene-Liprin-gamma	1	3	67	1	0	8	0	3	2	3	1	0	22
gene-Lipt1	17196	7424	94348	4801	27554	3130	4306	4853	4466	3252	1273	4179	2398
gene-Lipt2	150	126	206	146	85	106	333	262	728	368	520	423	231
gene-Lis-1	412	334	473	378	325	166	654	595	769	456	392	831	729
gene-Lk6	13793	13184	6905	11238	5230	5732	8937	5080	3056	5171	1966	3079	27650
gene-Lkb1	280	249	541	321	242	175	108	62	74	91	100	58	593
gene-LKRSDH	4630	6575	10609	2882	9082	2291	1747	994	1397	2125	2692	1724	771
gene-Llp1	0	5	10	10	0	0	4	0	168	5	5	14	169
gene-Lmpt	1196	1452	2085	1642	1614	14879	1299	470	2119	1158	2684	1020	5474
gene-lms	3	0	0	0	0	0	0	4	5	0	1	0	51
gene-Lmx1a	5	0	10	0	0	0	0	0	1	0	0	0	0
gene-Lnk	105	46	65	93	6	6	69	20	28	31	30	34	122
gene-Lnpk	139	167	385	68	122	181	98	45	48	133	310	169	476
gene-loaf	2	4	9	9	8	0	6	0	1	0	0	0	480
gene-lobo	3	8	6	3	0	0	0	0	0	0	0	0	25
gene-LOC142972140	0	0	0	0	0	0	0	3	0	0	0	0	0
gene-LOC142972141	9	0	3	0	0	0	0	0	0	0	0	0	0
gene-LOC142972142	145	64	161	171	95	71	66	25	36	47	70	70	216
gene-LOC142972143	4	2	6	19	7	0	4	0	0	0	0	3	0
gene-LOC142972144	1280	857	727	662	321	211	459	210	243	559	265	413	6
gene-LOC142972145	1024	872	806	841	346	320	547	400	491	455	295	406	623
gene-LOC142972148	956	709	696	1406	823	2308	5395	3901	13066	10206	14125	11328	1978
gene-LOC142972149	784	202	206	2536	70	597	707	279	1131	986	2536	2219	439
gene-LOC142972152	61	53	99	73	81	67	200	91	167	98	136	196	106
gene-LOC142972153	3	4	6	4	12	24	8	0	5	6	1	3	32
gene-LOC142972154	266	122	94	114	89	302	46	17	44	18	21	57	2006
gene-LOC142972160	1582	3124	5539	2508	6527	1168	652	484	484	827	765	773	1266
gene-LOC142972164	8	12	18	9	0	12	11	12	9	5	7	0	0
gene-LOC142972165	51	16	59	44	37	33	48	17	30	29	64	34	54
gene-LOC142972166	309	238	239	308	69	59	185	151	131	139	118	142	123
gene-LOC142972168	23	8	6	10	23	0	17	8	10	1	21	12	62
gene-LOC142972176	228	161	192	157	296	197	616	484	1032	780	952	937	441
gene-LOC142972181	16	8	19	28	0	0	8	5	22	17	50	31	19
gene-LOC142972184	744	514	532	885	257	458	141	98	84	160	99	142	967
gene-LOC142972188	1	3	1	1	0	13	4	4	0	3	3	6	11
gene-LOC142972190	7	6	0	4	6	0	0	12	15	7	5	2	12
gene-LOC142972191	188	210	33	208	59	292	366	157	635	184	209	38	0
gene-LOC142972193	0	0	0	1	0	0	4	0	2	5	6	1	0
gene-LOC142972194	914	3496	6315	597	2983	256	280	186	102	210	143	184	1393
gene-LOC142972195	220	58	21	48	30	127	176	48	483	194	494	529	0
gene-LOC142972196	232	12	48	7	0	0	15	65	202	20	40	0	0
gene-LOC142972197	53	370	82	94	0	0	45	200	95	48	92	36	0
gene-LOC142972199	93	137	187	60	18	49	56	34	50	48	22	14	115
gene-LOC142972200	1361	1016	1640	1106	784	2583	2034	1172	2417	759	1093	1287	4471
gene-LOC142972201	7	15	13	34	14	0	2	1	20	15	3	11	1
gene-LOC142972203	987	896	2299	2507	900	374	326	178	198	574	496	568	445
gene-LOC142972206	1923	1526	2543	838	820	1114	1795	1083	2512	1504	2213	1607	601
gene-LOC142972210	5077	16109	31348	6102	8954	1601	3388	3327	2129	1046	593	1091	10102
gene-LOC142972211	2297	2732	4558	2768	2353	1110	1553	1255	1443	1244	956	1208	6928
gene-LOC142972212	26363	5084	4819	3480	4394	268	20793	13916	922	4878	3085	936	0
gene-LOC142972213	2957	2088	2818	2890	858	416	4023	4407	5775	2796	2837	4230	0
gene-LOC142972214	9	18	92	6	46	0	3	5	2	0	4	10	10
gene-LOC142972215	1168	1199	611	879	143	376	926	633	981	681	654	636	119
gene-LOC142972216	42329	46925	42520	32514	18751	6973	32228	28118	30698	25469	17081	27587	687
gene-LOC142972217	28324	27661	23262	25840	9797	7949	30142	21216	33532	32013	22974	27259	30
gene-LOC142972218	100980	134527	117707	93286	71029	20767	113652	132009	92991	149057	47939	82100	8926
gene-LOC142972219	3337	975	974	650	1112	541	2089	1821	1902	4263	1899	2640	3
gene-LOC142972220	13413	11406	11560	8739	4489	1787	11900	10651	8426	12331	3947	7096	2673
gene-LOC142972221	10134	9217	10014	11601	13229	1452	7765	11175	5405	12043	2477	3840	0
gene-LOC142972223	23223	19068	15219	14364	6908	1874	13439	14801	8822	13123	6059	9169	0
gene-LOC142972224	5949	2715	3182	2757	1539	194	2298	3316	1613	3539	659	852	0
gene-LOC142972225	44	0	0	0	0	0	0	0	0	0	0	0	0
gene-LOC142972228	0	0	0	0	0	0	0	0	0	0	0	0	0
gene-LOC142972233	253	274	630	338	324	69	13	10	11	22	28	30	897
gene-LOC142972238	203	116	109	194	63	99	121	93	161	215	219	186	142
gene-LOC142972241	75	50	71	295	79	302	54	97	290	31	117	19	571
gene-LOC142972243	191	243	1717	176	584	461	41	40	41	52	98	44	1059
gene-LOC142972244	0	6	0	0	0	0	0	0	0	0	0	0	0
gene-LOC142972246	949	197	514	559	379	1737	2115	798	2895	12657	18387	2042	0
gene-LOC142972247	2470	2015	3983	2017	1204	733	6515	2144	10336	5223	10674	6471	0
gene-LOC142972251	363	129	54	378	133	576	2031	974	6977	2406	4284	4402	26
gene-LOC142972252	46	117	177	57	61	35	64	51	57	14	44	64	660
gene-LOC142972256	379	254	177	414	191	384	407	191	269	397	410	375	516
gene-LOC142972261	520	275	468	936	325	509	258	189	349	372	426	373	1120
gene-LOC142972262	53	119	235	73	64	14	124	94	34	150	77	107	37
gene-LOC142972263	65	72	177	199	138	132	42	29	30	57	75	49	251
gene-LOC142972264	94	179	487	115	208	123	214	177	194	205	132	167	138
gene-LOC142972265	209	319	572	66	152	47	74	69	88	37	31	21	528
gene-LOC142972266	4	5	7	0	0	15	3	0	1	0	0	3	0
gene-LOC142972268	693	543	1292	652	426	232	106	47	74	112	85	71	932
gene-LOC142972270	25	102	146	59	52	25	111	50	43	35	22	49	86
gene-LOC142972272	1036	98	1461	207	1186	359	48629	12674	49300	3627	8114	35	0
gene-LOC142972277	450	249	332	320	95	262	155	74	179	178	162	150	228
gene-LOC142972278	6594	2739	2619	3025	1485	1471	793	485	1097	277	567	557	10882
gene-LOC142972280	5	28	13	17	59	37	18	44	29	28	29	14	6
gene-LOC142972281	64	55	100	114	53	34	27	26	21	31	24	21	98
gene-LOC142972283	3	1	3	1	0	0	0	0	0	0	4	13	134
gene-LOC142972284	23	2	6	25	0	9	6	3	6	0	5	12	59
gene-LOC142972287	804	359	565	2013	335	718	546	291	950	867	918	779	2729
gene-LOC142972290	0	0	0	0	0	0	0	0	2	0	0	0	2
gene-LOC142972293	117	72	154	125	46	34	224	152	236	243	209	284	116
gene-LOC142972296	1875	3418	3601	1685	6131	16649	9534	7876	17955	4897	6842	3499	137105
gene-LOC142972300	753681	1131342	63885	530393	66422	1133623	273980	120007	63403	86063	51535	141927	0
gene-LOC142972301	96	52	107	80	30	53	60	23	34	26	11	35	61
gene-LOC142972302	281	345	362	797	92	186	402	635	333	522	544	1162	61
gene-LOC142972303	1	0	0	2	0	0	5	23	2	5	3	9	0
gene-LOC142972305	395	343	405	564	129	160	51	20	17	9	3	7	336
gene-LOC142972307	58	49	129	161	62	92	70	40	123	128	124	131	104
gene-LOC142972309	19	21	38	62	34	12	8	1	9	14	10	6	325
gene-LOC142972310	1381	1305	2155	832	994	451	1364	1084	1819	861	1618	1531	1610
gene-LOC142972311	345	365	484	299	272	120	208	128	148	291	229	226	558
gene-LOC142972314	562	532	1162	509	423	233	1026	605	948	695	793	1188	792
gene-LOC142972317	2982	2999	7	257	0	118	33	2665	2965	1110	235	533	172
gene-LOC142972318	3954	4350	8705	4030	3091	1218	2877	1880	2380	1811	1854	3229	2105
gene-LOC142972319	144	60	130	106	97	129	29	6	27	54	29	35	133
gene-LOC142972320	1577	1076	1380	1219	1184	769	247	184	181	72	38	102	2151
gene-LOC142972321	6	7	13	6	8	16	0	0	2	0	1	0	134
gene-LOC142972322	628	981	1503	446	668	225	564	408	311	374	248	542	752
gene-LOC142972323	1780	2327	3752	2017	1203	308	3543	2182	1992	2053	1355	2250	1323
gene-LOC142972324	280	235	245	324	180	200	634	483	827	628	746	883	675
gene-LOC142972327	0	0	0	0	0	0	0	0	0	0	0	0	0
gene-LOC142972328	187	167	293	368	221	130	459	208	417	283	330	424	363
gene-LOC142972329	13	9	50	19	57	85	13	0	22	6	9	4	1303
gene-LOC142972330	11006	9745	13500	3284	4486	3723	10794	6373	14747	12378	16768	16294	3354
gene-LOC142972332	30	50	80	33	56	0	81	57	126	182	101	88	49
gene-LOC142972333	2	3	37	13	32	0	5	0	3	3	10	9	183
gene-LOC142972336	11	12	16	6	34	0	5	236	67	13	13	21	0
gene-LOC142972337	1373	539	821	1524	391	602	583	288	369	630	660	541	4451
gene-LOC142972338	99	73	33	99	34	50	291	308	554	352	307	325	134
gene-LOC142972342	32	6	10	33	11	0	28	10	39	17	37	50	23
gene-LOC142972343	11493	3503	7325	9003	3061	1948	1463	1200	2782	1939	3426	682	16
gene-LOC142972344	271	131	394	355	196	219	97	66	94	134	143	66	744
gene-LOC142972348	383	686	1937	339	885	83	156	33	69	86	92	131	120
gene-LOC142972352	43	29	11	165	0	278	67	17	170	193	259	149	32
gene-LOC142972353	79	23	83	120	23	33	106	39	154	106	196	212	72
gene-LOC142972355	90	91	254	129	220	118	310	203	112	120	64	60	116
gene-LOC142972356	101	360	167	141	166	130	3255	889	530	60	12	58	123
gene-LOC142972358	0	11	2	1	2	0	12	2	0	0	0	1	76
gene-LOC142972359	223	78	323	131	213	3391	28	0	19	5	30	1	5312
gene-LOC142972360	363	3	110	0	3638	0	56	54	4	30	12	5	78
gene-LOC142972362	7825	5815	46304	3486	13731	573	2317	1112	2650	2032	2619	566	30
gene-LOC142972363	228	280	2683	132	627	216	437	338	751	394	606	407	399
gene-LOC142972364	4875	4826	4951	5771	2511	1540	3057	1765	2052	2178	913	1989	370
gene-LOC142972365	1285	1278	1702	1173	594	605	655	590	865	485	647	913	1309
gene-LOC142972368	382	192	296	521	167	433	465	452	936	703	1363	1032	363
gene-LOC142972370	606	606	746	409	231	67	117	108	114	71	57	124	294
gene-LOC142972371	207	322	482	226	330	170	273	225	323	419	125	343	280
gene-LOC142972374	817	934	1234	520	407	92	1083	887	965	540	688	999	703
gene-LOC142972375	394	263	453	293	283	246	908	421	1226	801	1646	1354	203
gene-LOC142972376	254	21	59	62	96	1045	438	123	1401	1193	3883	341	346
gene-LOC142972377	370	382	438	298	188	156	140	76	148	74	123	70	186
gene-LOC142972379	593	27	0	6	59	0	22	14	873	8	968	9	481
gene-LOC142972381	0	0	0	2	0	0	0	0	0	2	0	0	2
gene-LOC142972384	18	11	35	19	34	273	32	12	165	17	47	29	69
gene-LOC142972389	65	26	208	29	118	738	20	32	9	7	4	4	32018
gene-LOC142972390	617	408	269	669	202	576	1164	579	1633	1230	2062	1805	305
gene-LOC142972394	8	0	300	9	69	776	210	103	582	50	150	0	15069
gene-LOC142972395	632	422	711	415	184	74	469	149	354	306	258	339	326
gene-LOC142972400	199	161	272	279	141	192	582	411	643	353	677	535	277
gene-LOC142972401	992	852	850	1249	441	444	2546	2462	3888	2979	5275	4620	685
gene-LOC142972402	546	498	653	485	254	144	107	64	62	158	137	135	1073
gene-LOC142972403	1800	1655	433	1473	1392	6043	1797	982	1748	597	735	560	15778
gene-LOC142972404	0	0	0	0	0	0	0	0	0	0	0	0	0
gene-LOC142972405	24	16	38	4	0	383	4	5	23	1	22	7	36679
gene-LOC142972407	521	487	576	551	392	517	276	122	183	426	470	289	477
gene-LOC142972412	30	145	185	119	394	37	333	120	176	215	57	67	930
gene-LOC142972416	303	367	1147	956	421	213	92	92	108	141	150	131	732
gene-LOC142972420	9	25	10	3	0	0	9	1	10	9	8	9	10
gene-LOC142972421	266	127	168	317	105	161	151	61	186	156	179	167	322
gene-LOC142972424	395	152	510	689	167	402	44	43	61	28	79	65	1840
gene-LOC142972426	212	227	439	131	63	0	120	110	94	110	104	154	49
gene-LOC142972428	97383	95792	79315	31174	78821	26727	108725	87568	142774	87858	69607	118555	21
gene-LOC142972429	36	37	14	12	2	0	8	9	85	29	38	35	48
gene-LOC142972431	134	78	90	233	30	180	368	193	672	340	914	931	426
gene-LOC142972432	0	4	0	0	0	0	5	0	1	4	1	5	1566
gene-LOC142972436	451	333	568	577	401	283	91	18	38	11	8	14	832
gene-LOC142972439	291	349	384	182	342	205	52	70	58	73	21	50	129
gene-LOC142972440	497	1745	1774	769	403	279	329	307	156	403	157	168	99
gene-LOC142972441	1010	409	514	450	148	198	442	184	476	547	645	615	364
gene-LOC142972442	21	17	352	134	277	3982	1955	995	3575	203	1023	17	2619
gene-LOC142972443	51	64	78	157	62	23	75	54	74	132	102	80	125
gene-LOC142972444	816	407	908	601	572	344	14	14	30	11	30	15	908
gene-LOC142972445	621	769	1052	437	578	89	271	164	180	132	120	170	595
gene-LOC142972446	131	32	5	34	63	10	2	19	1	0	10	6	33
gene-LOC142972447	100	76	149	67	105	79	9	9	6	20	45	10	583
gene-LOC142972450	1194	1001	1638	600	873	195	361	224	225	163	111	229	1059
gene-LOC142972451	1069	625	1469	796	416	379	446	177	354	413	298	249	1193
gene-LOC142972452	33	20	19	25	4	29	67	77	172	73	135	73	2
gene-LOC142972453	320	229	313	267	267	117	487	239	393	374	459	430	182
gene-LOC142972454	870	896	1385	960	693	359	731	643	723	1039	843	916	666
gene-LOC142972456	66	42	67	58	52	0	7	12	31	55	48	54	70
gene-LOC142972457	155	37	169	802	49	158	65	52	166	142	300	87	6224
gene-LOC142972459	269	126	355	639	278	120	72	28	42	96	102	84	469
gene-LOC142972461	216	166	275	269	120	163	238	308	653	522	1092	1078	86
gene-LOC142972462	58	45	165	87	104	0	86	108	213	175	352	425	139
gene-LOC142972464	205	181	71	202	76	21	216	218	139	136	113	117	119
gene-LOC142972465	9	13	6	13	15	0	13	0	8	11	5	2	64
gene-LOC142972467	0	0	0	0	0	0	0	0	0	0	0	0	0
gene-LOC142972469	377	346	569	168	409	79	60	70	56	84	60	81	161
gene-LOC142972470	0	0	0	0	0	0	0	2	2	0	0	0	0
gene-LOC142972472	14	6	2	13	0	0	5	0	1	7	2	0	16
gene-LOC142972474	52	62	109	61	54	59	40	1	23	75	23	43	83
gene-LOC142972475	8	8	32	19	0	0	0	8	1	6	5	5	18
gene-LOC142972476	2	0	19	23	0	0	0	11	0	0	0	0	778
gene-LOC142972477	231	657	711	537	2748	165	1228	1824	1959	693	184	295	4878
gene-LOC142972478	1	31	105	28	15	0	7	7	13	35	37	35	32
gene-LOC142972479	108	72	103	357	52	104	171	77	368	249	591	580	194
gene-LOC142972480	2	0	0	1	0	0	0	3	0	0	0	0	0
gene-LOC142972482	913	341	777	293	447	131	366	250	561	366	540	434	143
gene-LOC142972483	100	51	69	62	38	29	36	24	29	29	11	2	105
gene-LOC142972485	1005	448	652	700	293	707	25	17	19	33	34	59	132
gene-LOC142972486	2	1	90	2	0	211	0	0	11	5	10	4	8425
gene-LOC142972487	21	23	13	111	11	24	49	54	59	11	69	164	2
gene-LOC142972488	0	0	0	3	0	0	0	0	0	0	0	0	0
gene-LOC142972489	630	351	1174	2308	959	779	581	432	346	916	538	598	2868
gene-LOC142972492	1	3	34	1	0	0	2	1	0	22	5	4	22
gene-LOC142972495	188	100	6	31	454	13	7	8	53	0	110	12	16731
gene-LOC142972497	3869	2141	2211	3219	1605	1457	1103	737	896	746	427	531	5487
gene-LOC142972498	2	2	5	0	0	0	6	2	0	1	1	3	0
gene-LOC142972500	4	37	6	0	11	8	11	13	8	5	7	19	358
gene-LOC142972501	0	0	0	0	8	0	0	0	0	0	0	0	3
gene-LOC142972502	816	662	828	237	2086	597	229	224	300	144	356	231	5683
gene-LOC142972504	875	1022	1963	601	1715	1285	659	473	989	545	661	465	1951
gene-LOC142972505	3	3	528	2	110	159	22	8	265	18	42	0	74
gene-LOC142972506	0	0	4	0	19	0	4	0	0	0	0	0	113
gene-LOC142972507	0	0	2	0	0	0	0	0	0	0	0	0	0
gene-LOC142972510	14593	9314	16162	2276	4958	1299	5594	2016	4731	3304	6021	9630	608
gene-LOC142972511	15	4	1	2	0	0	2	0	0	0	0	0	32
gene-LOC142972512	2	0	33	4	9	25	18	9	20	8	0	0	396
gene-LOC142972513	2	1	7	2	0	165	55	54	390	13	23	52	4409
gene-LOC142972514	145	157	175	186	73	126	67	61	65	51	70	82	258
gene-LOC142972516	44	40	92	48	57	68	95	46	39	62	64	71	84
gene-LOC142972517	68	43	293	70	143	49	67	24	93	77	245	180	134
gene-LOC142972518	1150	1243	2792	1100	1365	340	865	539	597	640	555	523	915
gene-LOC142972519	83	84	100	96	47	99	154	112	291	148	364	130	85
gene-LOC142972521	598	700	654	572	421	345	174	95	85	206	249	253	1345
gene-LOC142972524	48	20	47	70	12	63	53	14	92	166	276	124	58
gene-LOC142972527	2030	1003	1285	1448	987	5767	5017	2240	9766	12373	16471	25207	0
gene-LOC142972528	5703	3457	1864	10995	2211	4325	96	97	97	178	294	308	18310
gene-LOC142972529	591	1420	2175	267	902	10075	7953	1112	12955	3850	9947	32313	0
gene-LOC142972530	1	0	45	6	0	12	6	0	9	0	6	28	12
gene-LOC142972531	18	93	34	1	128	0	3	13	18	6	24	9	850
gene-LOC142972532	663	51	123	1609	104	163	686	318	1020	2109	1972	981	851
gene-LOC142972533	13936	4152	2985	7846	9189	6861	19301	7780	106234	37294	152810	116556	752
gene-LOC142972534	3	1	3	18	13	0	20	7	10	87	49	75	25
gene-LOC142972535	0	0	0	0	0	0	0	0	0	0	1	0	0
gene-LOC142972536	2	6	7	7	37	0	28	25	16	0	3	0	1536
gene-LOC142972537	0	6	7	0	7	0	0	1	0	0	2	0	571
gene-LOC142972538	117	64	167	109	61	25	113	64	63	57	70	70	139
gene-LOC142972542	207	346	325	212	255	397	285	322	657	415	981	674	197
gene-LOC142972543	1386	1447	1542	721	729	565	1864	857	1113	1860	947	2527	29
gene-LOC142972548	13	11	0	2	0	0	15	0	1	0	0	0	0
gene-LOC142972549	534	737	900	528	985	173	225	108	94	68	73	61	678
gene-LOC142972551	1547	4406	4647	1795	3618	638	2040	1087	1404	977	719	950	1784
gene-LOC142972553	2400	2647	2645	4178	1508	1068	3046	2207	3908	2079	3087	4473	1641
gene-LOC142972554	901	786	989	1606	769	449	673	428	731	518	523	592	1573
gene-LOC142972555	1252	965	1645	1101	882	343	671	410	431	399	295	278	2354
gene-LOC142972556	271	374	451	159	719	112	82	48	70	154	127	159	332
gene-LOC142972557	5	25	7	25	0	151	0	5	9	3	3	5	83
gene-LOC142972560	12	87	34	108	16	156	97	97	101	30	4	11	75
gene-LOC142972561	26	93	19	96	79	40	82	88	124	41	39	20	55
gene-LOC142972562	742	538	613	1866	206	306	833	536	1064	745	874	1518	672
gene-LOC142972563	0	0	0	0	0	0	0	0	0	0	0	0	0
gene-LOC142972564	20	18	67	48	5	46	4	7	3	9	19	50	1
gene-LOC142972567	169	71	137	161	62	64	50	60	80	73	68	89	266
gene-LOC142972569	2640	782	387	1473	140	270	2021	1083	775	1484	861	1162	2538
gene-LOC142972571	2094	403	410	897	436	1548	269	87	1321	508	1250	791	39
gene-LOC142972572	4573	1985	783	4521	518	3257	9252	5440	16761	14311	24356	22038	1286
gene-LOC142972573	0	0	8	0	9	0	7	2	5	0	0	2	194
gene-LOC142972575	2	0	2	1	0	0	0	0	0	0	0	0	11
gene-LOC142972576	0	0	0	0	0	0	0	0	0	0	0	0	0
gene-LOC142972578	292	133	291	549	159	148	198	115	212	194	183	206	377
gene-LOC142972579	263	165	399	532	158	107	232	46	269	110	244	174	541
gene-LOC142972580	7	2	5	2	0	0	5	0	0	0	0	1	6
gene-LOC142972582	0	0	0	3	0	0	0	0	0	0	0	0	6
gene-LOC142972584	1	2	0	0	0	20	0	0	0	0	0	2	0
gene-LOC142972585	0	0	0	0	0	0	0	0	0	0	0	0	0
gene-LOC142972586	44	45	55	148	41	17	94	38	147	155	86	109	64
gene-LOC142972589	250	86	9	171	5	39	93	127	74	2	50	68	43
gene-LOC142972590	109	26	38	128	30	113	52	25	63	89	104	97	317
gene-LOC142972591	37	46	51	90	17	0	38	28	81	103	55	71	27
gene-LOC142972592	49	34	114	22	77	102	37	3	20	13	33	49	53
gene-LOC142972593	183	33	27	125	25	175	94	117	456	231	601	184	3
gene-LOC142972594	0	0	4	0	0	0	0	0	0	0	0	0	0
gene-LOC142972595	1	2	1	0	0	0	2	0	0	2	1	0	13
gene-LOC142972596	0	0	0	1	4	0	4	11	4	5	6	0	13
gene-LOC142972597	977	247	253	937	386	793	718	363	1098	788	1874	1040	920
gene-LOC142972598	603	546	602	428	309	237	276	240	130	343	294	402	232
gene-LOC142972600	627	794	447	386	340	109	272	168	96	70	87	102	114
gene-LOC142972601	25	68	80	12	45	57	4	9	18	5	3	10	6735
gene-LOC142972602	109	135	240	106	187	48	46	20	31	39	50	34	207
gene-LOC142972603	486	745	727	487	593	235	74	56	105	105	104	91	710
gene-LOC142972605	121	202	221	104	261	39	20	16	33	69	83	52	124
gene-LOC142972606	282	69	88	379	24	424	97	18	70	222	217	128	169
gene-LOC142972612	0	0	0	0	0	0	0	0	0	0	0	0	0
gene-LOC142972615	2	0	6	18	14	15	0	0	4	104	3	3	46
gene-LOC142972616	234	129	241	226	97	107	229	88	194	145	289	246	409
gene-LOC142972617	516	417	463	476	277	342	220	205	205	394	112	117	727
gene-LOC142972620	757	758	1246	529	443	169	71	34	23	180	100	41	2792
gene-LOC142972621	1	0	0	0	0	0	0	0	0	0	0	0	0
gene-LOC142972622	4	0	0	4	0	0	4	1	6	4	6	2	78
gene-LOC142972623	9	4	4	9	35	65	6	16	18	15	18	9	220
gene-LOC142972626	27	1	0	1	0	0	0	0	5	0	16	0	23
gene-LOC142972628	458	1034	679	715	730	125	623	666	237	188	92	150	51
gene-LOC142972629	0	0	0	0	0	0	0	0	0	0	0	0	59
gene-LOC142972630	134	42	73	34	97	110	16	14	30	4	86	5	743
gene-LOC142972631	323	175	198	307	108	94	207	102	212	89	76	181	487
gene-LOC142972632	49	19	34	76	15	82	21	4	14	10	15	24	105
gene-LOC142972633	0	0	0	2	0	0	0	0	0	0	0	0	5
gene-LOC142972634	57	0	68	75	103	0	166	189	75	403	138	145	39
gene-LOC142972635	0	0	0	0	0	0	0	0	0	0	0	0	0
gene-LOC142972636	0	0	0	1	0	0	0	0	1	0	3	0	0
gene-LOC142972637	159	115	185	229	84	307	541	241	859	398	929	635	197
gene-LOC142972638	332	227	220	409	548	340	619	619	3188	781	2352	1548	669
gene-LOC142972639	227	20	4	390	0	207	696	361	870	1107	928	367	0
gene-LOC142972642	0	0	0	0	0	0	0	0	0	0	0	0	0
gene-LOC142972644	0	0	2	2	0	0	0	0	0	0	0	0	0
gene-LOC142972646	0	0	3	0	0	0	0	0	0	2	0	0	0
gene-LOC142972648	0	0	0	1	0	0	0	0	0	0	0	0	0
gene-LOC142972649	0	2	0	0	0	0	0	0	0	0	0	0	0
gene-LOC142972650	1003	771	1266	1537	523	1209	3412	2534	5293	3972	5529	4850	7
gene-LOC142972651	198	453	869	154	341	100	424	312	229	217	218	478	36
gene-LOC142972652	99	331	250	90	0	42	671	534	242	183	96	219	16
gene-LOC142972654	3	6	18	11	9	197	10	26	14	4	4	1	104
gene-LOC142972656	223	214	222	239	238	138	407	121	198	176	718	297	11
gene-LOC142972657	21	94	131	24	72	42	62	14	26	10	6	29	24
gene-LOC142972658	0	0	0	125	0	0	142	126	148	143	60	10	0
gene-LOC142972659	0	0	0	2	0	0	0	0	1	0	2	1	0
gene-LOC142972660	0	0	0	0	0	0	0	0	0	0	0	0	0
gene-LOC142972661	2	2	0	0	13	0	0	0	0	0	0	0	0
gene-LOC142972662	16	18	7	16	0	0	6	0	1	1	0	0	28
gene-LOC142972663	0	0	0	0	0	0	0	0	0	0	0	0	0
gene-LOC142972664	0	0	0	1	0	0	0	0	0	0	0	0	0
gene-LOC142972665	0	0	0	0	0	0	0	0	0	0	0	0	0
gene-LOC142972667	0	0	0	0	0	0	0	0	0	0	0	0	0
gene-LOC142972668	0	0	0	0	0	0	0	0	0	0	0	0	0
gene-LOC142972669	29	24	53	34	98	40	56	31	26	59	55	28	31
gene-LOC142972670	39	45	86	31	27	13	68	48	59	53	32	51	37
gene-LOC142972671	3	10	0	1	0	0	0	0	0	0	0	4	0
gene-LOC142972672	399	320	374	481	172	390	761	485	1627	901	2196	1476	479
gene-LOC142972674	9	5	180	68	8	0	26	0	10	4	1	39	37
gene-LOC142972675	4	3	8	1	8	0	0	0	5	5	4	0	0
gene-LOC142972676	13	6	3	1	0	0	0	0	16	0	23	0	318
gene-LOC142972678	46	59	134	57	99	42	68	41	84	85	124	114	35
gene-LOC142972680	4	0	0	6	0	0	0	1	1	0	0	0	17
gene-LOC142972681	6	1	0	7	13	0	0	7	0	2	0	0	0
gene-LOC142972682	120	191	288	106	138	16	236	288	258	366	369	521	26
gene-LOC142972683	0	3	0	2	0	0	0	0	0	2	0	0	4
gene-LOC142972684	97	64	115	31	30	75	89	66	158	159	97	158	84
gene-LOC142972685	931	1367	3396	904	1574	193	1413	1082	1316	855	463	1361	167
gene-LOC142972687	0	0	0	0	0	0	0	0	0	0	0	0	0
gene-LOC142972688	10	40	15	9	46	10	22	40	51	53	71	50	23
gene-LOC142972689	0	0	0	0	0	0	0	0	0	0	0	0	0
gene-LOC142972690	0	1	0	0	0	0	0	0	0	0	0	0	0
gene-LOC142972691	0	0	0	0	0	0	0	0	0	0	0	0	0
gene-LOC142972692	0	0	0	0	0	0	0	0	0	0	0	0	0
gene-LOC142972693	0	0	0	0	0	0	0	0	0	0	0	0	0
gene-LOC142972695	0	0	0	0	0	0	0	0	0	0	0	0	0
gene-LOC142972696	0	0	0	0	0	0	0	0	0	0	0	0	0
gene-LOC142972697	0	0	0	0	0	0	0	0	0	0	0	0	0
gene-LOC142972702	2456	217	5153	2546	5871	1684	1137	1773	6563	2847	2951	6040	1737
gene-LOC142972727	0	0	0	0	0	0	0	0	0	0	0	0	0
gene-LOC142972728	0	3	0	0	0	0	0	0	0	0	0	0	0
gene-LOC142972729	0	0	0	0	0	0	0	0	0	0	0	0	0
gene-LOC142972730	371	78	93	288	71	139	0	0	0	0	3	0	512
gene-LOC142972731	129	80	205	255	153	106	54	77	109	138	97	140	106
gene-LOC142972735	1226	594	309	2535	147	250	771	746	762	771	559	507	0
gene-LOC142972736	514	230	506	573	478	439	227	138	289	197	188	228	1060
gene-LOC142972739	3	0	0	0	0	0	0	0	0	0	0	0	0
gene-LOC142972740	2	2	7	13	6	0	24	84	36	10	1	10	0
gene-LOC142972741	0	6	11	23	0	0	9	12	5	4	0	0	18
gene-LOC142972742	715	145	211	2664	113	704	725	416	1469	1165	2151	1478	7
gene-LOC142972743	6	3	26	7	0	20	0	5	2	1	5	3	378
gene-LOC142972745	0	0	0	0	0	0	0	0	0	0	0	0	0
gene-LOC142972746	1	5	14	0	0	0	23	0	73	0	11	16	1002
gene-LOC142972747	0	0	0	0	0	0	0	0	0	0	0	0	0
gene-LOC142972748	1	0	0	4	0	73	0	0	6	0	0	3	30
gene-LOC142972749	0	0	0	0	0	0	5	0	0	0	0	0	1
gene-LOC142972751	1	0	5	1	3	0	0	0	0	0	4	2	245
gene-LOC142972752	0	0	0	0	0	22	0	0	0	0	0	0	0
gene-LOC142972753	138	51	39	124	16	74	95	50	122	222	134	175	41
gene-LOC142972755	64	162	425	15	972	304	31	18	48	47	128	38	2936
gene-LOC142972757	1	0	5	0	0	0	0	0	0	0	0	0	4
gene-LOC142972759	152	196	335	129	258	61	248	202	172	193	185	335	232
gene-LOC142972763	2	1	3	2	1	0	0	0	0	1	0	6	0
gene-LOC142972764	0	7	111	2	0	814	9	5	3	2	0	0	253
gene-LOC142972765	31	73	198	16	14	0	26	4	6	5	0	9	61
gene-LOC142972767	0	0	0	0	0	0	0	0	0	0	0	1	0
gene-LOC142972768	0	0	0	0	0	0	0	0	0	0	0	0	0
gene-LOC142972769	1	2	4	0	0	0	0	0	0	0	0	0	3
gene-LOC142972770	0	0	1	15	0	0	501	0	324	92	117	5	43
gene-LOC142972771	0	0	0	0	0	0	0	0	3	0	0	0	242
gene-LOC142972773	0	0	81	24	0	0	847	0	644	18	5	0	5
gene-LOC142972775	0	1	10	1	42	27	0	6	8	0	2	0	2641
gene-LOC142972778	20603	9854	14338	4666	4014	4741	7932	4137	9564	9268	9183	9134	3780
gene-LOC142972779	2121	2950	5632	1199	2478	440	1071	527	497	609	504	639	1576
gene-LOC142972780	13	21	88	0	28	29	0	27	4	12	11	27	0
gene-LOC142972783	78	88	262	474	235	102	95	49	81	109	207	125	739
gene-LOC142972785	3	5	0	10	0	0	5	0	0	0	0	2	64
gene-LOC142972787	5	3	1	3	30	19	5	0	2	2	0	0	14
gene-LOC142972789	0	0	0	4	0	71	50	53	129	72	134	0	0
gene-LOC142972790	3	1	0	0	0	0	0	4	0	0	0	0	7
gene-LOC142972791	701	1492	747	479	1367	281	639	1147	835	720	913	744	0
gene-LOC142972793	2119	8082	23952	1285	7172	650	1391	849	499	1947	603	756	6
gene-LOC142972794	4765	16546	17139	4306	8422	1270	3402	2326	1926	1572	1174	3194	0
gene-LOC142972795	464	774	49	429	22	48	376	601	348	1384	541	150	0
gene-LOC142972796	16	180	2417	13	893	465	26	23	36	10	25	4	28
gene-LOC142972797	0	1	0	0	0	0	0	0	0	0	0	0	32
gene-LOC142972798	37	43	59	58	1	9	35	34	61	51	75	44	55
gene-LOC142972799	186	205	464	391	375	176	470	335	359	328	347	401	280
gene-LOC142972800	37	67	77	320	27	61	95	24	40	67	83	86	83
gene-LOC142972802	28	32	61	47	7	0	26	5	3	14	6	2	30
gene-LOC142972804	2053	1990	2694	1606	1243	727	1427	851	1298	1103	1111	1221	863
gene-LOC142972808	0	0	0	6	0	0	4	0	0	0	0	0	0
gene-LOC142972809	18	236	218	144	152	0	699	16	254	187	69	1228	121
gene-LOC142972810	115144	73629	86361	108482	41177	17689	12639	6115	7627	12077	10905	16029	18824
gene-LOC142972811	96	28	82	484	44	69	527	83	427	1117	766	314	8
gene-LOC142972812	0	0	0	0	0	0	0	0	1	0	0	3	0
gene-LOC142972813	77	736	1542	245	1019	0	151	162	107	30	25	97	1059
gene-LOC142972814	71	109	379	168	509	69	156	75	155	93	37	27	3615
gene-LOC142972815	0	2	3	0	0	0	0	0	0	2	0	0	14
gene-LOC142972817	3	2	13	2	0	0	9	0	12	8	9	5	234
gene-LOC142972818	0	0	0	0	0	0	0	0	0	0	0	0	0
gene-LOC142972820	13	33	51	4	25	9	2	8	28	21	7	0	0
gene-LOC142972823	0	1	0	0	0	0	0	0	0	0	0	1	0
gene-LOC142972827	16	54	26	14	1	13	209	5	229	19	263	53	14275
gene-LOC142972828	12	262	12	398	43	69	41	1	28	0	120	10	2192
gene-LOC142972829	8	11	18	33	90	736	402	342	685	197	233	24	11
gene-LOC142972830	16	8	71	3	41	675	0	57	50	7	34	27	83
gene-LOC142972831	0	0	0	0	0	0	0	0	0	0	0	0	3
gene-LOC142972832	13	0	5	4	9	14	18	31	2	0	0	2	23
gene-LOC142972833	0	3	0	0	20	14	0	0	0	0	0	0	4310
gene-LOC142972835	1279	607	1242	956	1276	484	240	113	122	161	183	192	10181
gene-LOC142972836	171	153	165	226	31	57	13	8	93	23	26	21	321
gene-LOC142972840	19	1	3	7	0	0	30	135	1	11	21	0	19
gene-LOC142972841	196	119	110	319	123	240	180	130	230	204	286	307	245
gene-LOC142972842	16	17	4	26	9	20	13	10	42	36	29	8	106
gene-LOC142972843	0	1	0	0	0	0	0	0	3	0	0	0	0
gene-LOC142972844	96	86	101	62	73	89	13	21	9	19	19	19	74
gene-LOC142972849	133	80	79	208	0	39	32	24	10	6	11	11	290
gene-LOC142972852	514	189	406	591	200	525	432	234	612	723	1572	900	249
gene-LOC142972853	660	461	1069	13	405	153	287	483	659	493	385	489	696
gene-LOC142972855	1235	1216	980	484	1488	1257	312	813	973	1090	820	1261	107
gene-LOC142972856	1688	935	2158	804	929	373	193	97	135	211	158	148	914
gene-LOC142972857	3	8	2	1	6	0	0	0	0	0	0	0	0
gene-LOC142972859	1429	2361	4091	1898	2774	530	913	949	707	1318	601	1020	617
gene-LOC142972863	133	78	99	62	33	39	18	15	18	17	10	23	255
gene-LOC142972864	11	3	3	3	0	94	5	2	6	4	6	0	85
gene-LOC142972870	0	0	4	0	1	0	5	0	0	0	0	0	4
gene-LOC142972872	381	322	17	2657	3	60	512	9848	23	669	25	5	0
gene-LOC142972873	1	1	0	0	7	0	0	0	0	2	0	0	0
gene-LOC142972874	0	0	0	0	0	0	0	0	0	0	0	0	0
gene-LOC142972877	4282	133	30	11	91	0	72	79	2474	4	5693	10	625
gene-LOC142972878	4637	2881	664	6049	919	1447	22222	57079	3157	12615	1156	191	0
gene-LOC142972879	103922	24333	213986	15761	74698	8747	57820	58437	58179	30205	36663	56417	16
gene-LOC142972880	799	6	294	2	219	18	336	36	520	3	2264	63	158
gene-LOC142972881	147	22	294	186	392	5498	663	1193	1584	351	2405	78	60
gene-LOC142972882	91	12	27	33	176	834	310	220	407	137	193	15	45
gene-LOC142972883	29233	20516	3359	47934	2734	2120	167516	466980	12888	74720	4993	1151	0
gene-LOC142972884	2244	404	3932	128	2193	14	622	1651	747	64	1765	123	22
gene-LOC142972885	81	6	231	104	245	3279	395	580	995	205	1308	53	43
gene-LOC142972886	1285	95	326	72	322	48	602	227	886	43	1912	580	4
gene-LOC142972887	94	7	1	1	0	18	10	1	167	13	767	13	3
gene-LOC142972888	1	7	16	0	0	0	0	0	1	3	3	2	6021
gene-LOC142972889	8977	7639	1136	15809	1352	4338	51458	151951	4673	33537	2089	477	0
gene-LOC142972890	2	2	0	0	3	0	0	0	0	0	0	0	80
gene-LOC142972891	3841	2249	709	11699	661	465	2854	1659	5867	1286	2183	4619	21
gene-LOC142972892	3784	1959	1728	8825	1960	545	1514	990	3467	1880	1117	3545	25
gene-LOC142972893	649	360	168	2126	122	135	414	276	1047	250	369	882	3
gene-LOC142972894	5039	759	245	448	326	12977	2016	994	3975	411	5846	808	8234
gene-LOC142972895	782	248	406	224	619	197	2229	1960	2162	825	639	30	0
gene-LOC142972896	0	5	2	2	0	0	0	3	0	0	0	3	0
gene-LOC142972898	4534	24	1182	15	581	1821	912	88	25284	1099	15123	488	0
gene-LOC142972901	483	227	934	1663	385	291	78	76	88	161	162	95	2843
gene-LOC142972903	20172	2771	4287	5760	4219	17041	10306	6553	11612	14520	12001	3316	0
gene-LOC142972904	94	160	63	183	22	57	302	319	569	250	549	329	89
gene-LOC142972908	313665	35887	52877	90751	29078	50820	170627	99833	167335	87164	72007	20742	0
gene-LOC142972910	46	68	317	322	156	86	66	25	50	117	110	126	295
gene-LOC142972911	313	338	227	336	109	34	637	450	740	391	701	634	306
gene-LOC142972913	162	327	182	371	33	38	403	170	104	60	228	308	213
gene-LOC142972915	504	82	395	137	211	286	21	59	20	102	56	86	770
gene-LOC142972916	33547	4943	4374	7665	1260	828	72231	186445	20677	7889	5714	1911	0
gene-LOC142972917	9	7	47	0	73	66	3	15	9	8	8	0	1470
gene-LOC142972918	103	194	1399	87	1373	2144	433	517	1730	531	1207	376	36945
gene-LOC142972919	0	1	1	0	1	0	0	11	1	6	0	1	0
gene-LOC142972920	0	3	0	4	0	18	16	6	10	8	21	25	13
gene-LOC142972922	20366	12070	6141	2902	5274	2068	101493	156920	71299	21769	18521	7893	1
gene-LOC142972923	137	70	80	47	92	40	27	9	15	47	27	28	412
gene-LOC142972924	74	2	7	20	5	79	14	11	22	31	4	5	64
gene-LOC142972926	0	10	0	19	0	0	12	18	0	2	10	0	77
gene-LOC142972927	233	192	258	196	94	78	371	214	469	416	474	499	145
gene-LOC142972929	7878	750	3755	391	4864	1096	20269	53213	19145	10527	3237	97	0
gene-LOC142972930	982	809	1580	727	604	195	698	380	488	641	385	650	984
gene-LOC142972931	11	27	18	11	20	40	171	55	92	20	22	24	361
gene-LOC142972933	202	136	176	468	59	249	230	106	526	378	1213	538	129
gene-LOC142972935	47440	6918	2331	6670	2317	20182	15930	2561	70034	29330	75833	81323	1
gene-LOC142972936	9	4	10	32	15	0	14	42	41	22	25	5	82
gene-LOC142972937	11089	7252	11581	538	18596	11316	46649	18095	138525	31525	74440	10485	0
gene-LOC142972938	2	0	2	0	0	0	7	0	3	8	1	3	0
gene-LOC142972939	328	238	177	566	167	261	561	322	967	753	814	1154	497
gene-LOC142972941	0	0	10	0	0	0	0	0	0	1	0	0	5
gene-LOC142972942	763	428	543	1064	194	308	170	93	91	148	158	214	325
gene-LOC142972943	9	4	9	0	0	0	8	8	3	1	8	15	0
gene-LOC142972945	0	0	0	2	0	6	0	0	0	0	0	4	0
gene-LOC142972946	5	0	8	2	5	28	54	25	261	50	239	2	0
gene-LOC142972947	370	393	424	401	116	141	245	162	151	178	144	258	661
gene-LOC142972950	40	35	55	51	24	42	57	26	63	66	93	99	30
gene-LOC142972951	0	0	0	0	0	0	0	0	1	0	0	0	0
gene-LOC142972952	150	101	137	329	88	221	550	360	1041	541	966	814	425
gene-LOC142972953	37	167	45	409	52	23	78	58	60	36	30	9	392
gene-LOC142972954	0	0	0	2	8	0	0	0	0	2	0	0	8
gene-LOC142972957	0	0	0	0	0	53	7	5	11	6	0	2	0
gene-LOC142972958	0	0	0	0	0	28	0	0	2	0	3	0	0
gene-LOC142972959	0	0	0	0	0	22	0	0	0	0	0	0	147
gene-LOC142972960	0	0	0	0	0	0	0	0	0	0	0	0	0
gene-LOC142972961	15624	1555	6833	1228	11526	4937	11272	385	27297	25946	33901	16038	0
gene-LOC142972962	0	0	0	0	0	0	0	0	0	0	0	0	0
gene-LOC142972963	0	0	0	0	0	0	0	0	0	0	0	0	0
gene-LOC142972965	0	0	0	0	0	0	0	0	0	0	0	0	435
gene-LOC142972967	0	0	2	0	0	72	0	0	1	0	0	0	0
gene-LOC142972968	0	0	0	0	0	0	0	0	0	0	0	0	0
gene-LOC142972969	7	10	6	4	0	0	2	0	0	4	0	0	14
gene-LOC142972971	0	0	0	0	0	0	0	0	0	0	0	0	2
gene-LOC142972973	304	2	65	151	41	0	2	0	434	30	594	19	0
gene-LOC142972974	0	2	3	0	0	0	0	0	0	0	0	0	106
gene-LOC142972975	0	0	0	0	0	0	7	0	2	0	0	0	14
gene-LOC142972977	0	1	0	0	0	0	0	0	1	0	0	0	0
gene-LOC142972978	3	0	9	0	0	0	1	11	27	18	15	5	1
gene-LOC142972979	9	0	0	1	0	268	7	0	114	4	207	0	480
gene-LOC142972980	14	347	4	26	8	5766	1372	177	590	17	1565	85	3664
gene-LOC142972983	1617	791	1184	1264	710	694	594	325	717	445	517	658	2193
gene-LOC142972984	6473	26	14908	1455	2695	861	3766	5	23796	6830	11731	23	0
gene-LOC142972986	62	50	49	102	80	14	153	63	279	165	221	216	160
gene-LOC142972987	1081	411	1081	774	361	359	198	126	144	287	324	316	658
gene-LOC142972990	29725	17561	7935	65677	6740	62305	16558	10659	6600	14026	8593	11695	0
gene-LOC142972993	14690	1404	1227	7146	837	1141	5965	12542	18077	10733	7840	901	3
gene-LOC142972994	3	2	4	4	0	13	3	2	4	4	1	4	13
gene-LOC142972995	154	145	284	135	87	55	99	114	90	81	87	121	352
gene-LOC142972996	4	0	21	1	39	0	0	2	8	1	5	2	35
gene-LOC142972998	693	478	516	903	144	218	1281	852	1256	1024	1234	1375	645
gene-LOC142972999	56	12	29	431	9	507	90	100	737	766	1313	633	232
gene-LOC142973000	20	16	10	19	0	11	8	6	31	15	18	10	50
gene-LOC142973002	4	9	2	0	7	0	10	42	23	8	18	4	6
gene-LOC142973003	20	5	0	11	20	22	7	17	51	14	16	31	0
gene-LOC142973004	40137	10387	7884	15602	5733	14492	7824	3711	5109	13950	13392	12460	8
gene-LOC142973008	0	0	0	0	0	0	0	4	0	0	0	0	19
gene-LOC142973009	5056	4562	4659	2721	1354	1495	10723	6833	7813	6647	12664	12854	1002
gene-LOC142973010	75	17	16	14	9	14	41	60	183	30	63	67	5
gene-LOC142973011	16	13	16	26	6	0	0	11	0	7	10	1	16
gene-LOC142973012	3160	1485	2427	1431	1522	2060	2540	1749	4890	3834	4878	4310	4304
gene-LOC142973014	296	111	188	62	112	74	133	104	126	128	83	68	138
gene-LOC142973015	0	1	0	0	0	0	0	0	0	0	0	0	245
gene-LOC142973016	37	30	86	42	34	226	67	35	47	31	29	11	1391
gene-LOC142973017	2	1	0	0	0	12	2	0	5	5	3	0	11
gene-LOC142973018	54	16	156	4	113	82	35	74	182	43	61	59	835
gene-LOC142973019	456	168	646	93	138	123	160	201	398	297	225	245	70
gene-LOC142973021	67	28	69	59	77	51	50	27	79	62	56	74	120
gene-LOC142973022	707	182	273	630	118	674	142	99	195	338	460	289	1128
gene-LOC142973023	0	0	0	0	0	0	0	0	2	0	0	0	26
gene-LOC142973024	388	572	409	458	283	157	806	530	627	616	707	653	536
gene-LOC142973029	0	2	18	3	111	107	11	0	17	1	6	0	2
gene-LOC142973031	0	0	14	0	0	0	0	0	0	4	0	0	28
gene-LOC142973034	37	71	152	148	36	13	54	28	33	84	130	75	90
gene-LOC142973036	0	3	1	0	0	0	0	0	0	0	0	0	0
gene-LOC142973039	15	13	15	38	4	8	23	7	41	22	31	18	10
gene-LOC142973041	69	34	33	31	7	0	18	41	27	29	8	18	1488
gene-LOC142973042	291	185	161	537	131	179	741	415	780	700	601	832	380
gene-LOC142973043	80	55	84	55	65	29	119	69	125	107	59	74	171
gene-LOC142973044	0	0	3	0	0	0	0	0	0	0	0	0	14
gene-LOC142973047	1850	2691	5755	1270	1929	672	1222	1241	744	664	637	740	446
gene-LOC142973048	4	4	7	2	0	0	3	3	1	1	2	4	0
gene-LOC142973052	0	0	0	0	0	0	0	0	0	0	0	0	16
gene-LOC142973053	14	32	35	15	23	9	19	24	11	8	20	22	0
gene-LOC142973055	692	384	621	4167	366	2292	396	169	445	244	493	457	1307
gene-LOC142973056	147	193	303	159	40	66	184	205	97	382	147	372	266
gene-LOC142973057	392	243	394	294	119	1069	222	92	248	112	139	95	1470
gene-LOC142973058	731	442	765	765	208	252	376	214	299	407	430	479	771
gene-LOC142973059	43	32	15	47	8	16	99	43	151	77	186	137	37
gene-LOC142973060	5064	5855	10291	2828	3348	287	1252	710	639	643	740	658	2
gene-LOC142973062	1758	190	307	2822	217	2559	724	218	2091	3559	8121	8775	539
gene-LOC142973064	341	603	650	318	314	128	847	770	813	640	784	850	272
gene-LOC142973068	0	0	0	0	0	0	0	0	0	0	1	0	0
gene-LOC142973074	0	0	0	0	0	0	0	0	0	0	0	0	0
gene-LOC142973075	0	3	0	0	0	0	0	0	0	0	0	0	8
gene-LOC142973077	0	0	0	0	0	0	0	0	0	0	0	0	0
gene-LOC142973078	0	0	1	0	0	0	0	0	0	0	0	0	0
gene-LOC142973080	0	0	0	0	0	0	0	0	0	0	0	0	0
gene-LOC142973081	3	31	52	5	0	0	3	3	0	9	0	0	336
gene-LOC142973082	0	0	0	0	0	0	0	0	0	0	0	0	0
gene-LOC142973083	0	0	0	0	0	0	0	0	0	0	0	0	0
gene-LOC142973084	0	0	0	0	0	0	0	0	0	0	0	0	0
gene-LOC142973086	0	5	3	0	0	0	0	0	0	0	0	0	0
gene-LOC142973087	0	0	0	0	0	0	0	0	0	0	0	0	83
gene-LOC142973088	0	0	5	0	0	0	0	0	0	0	0	0	2
gene-LOC142973089	0	0	0	0	0	0	0	0	0	0	0	0	113
gene-LOC142973090	0	0	0	0	0	0	0	0	0	0	0	0	0
gene-LOC142973093	0	0	0	0	0	0	0	0	0	0	0	0	0
gene-LOC142973094	0	2	0	0	0	0	0	0	0	0	0	0	0
gene-LOC142973095	0	0	0	0	0	0	0	0	0	0	0	0	0
gene-LOC142973096	0	0	0	0	0	0	0	0	0	0	0	0	0
gene-LOC142973097	0	0	0	0	0	0	0	0	0	0	0	0	0
gene-LOC142973098	0	0	0	0	0	0	0	0	0	0	0	0	0
gene-LOC142973099	0	0	0	0	0	0	0	0	0	0	0	0	0
gene-LOC142973100	0	0	0	0	0	0	0	0	0	0	0	0	0
gene-LOC142973101	0	0	0	0	0	0	0	0	0	0	0	0	0
gene-LOC142973102	169	166	265	429	57	18	150	135	95	127	106	117	123
gene-LOC142973103	0	0	0	0	0	0	0	0	0	0	0	0	0
gene-LOC142973104	1	0	0	0	0	0	0	0	0	0	0	0	101
gene-LOC142973105	0	0	0	0	0	0	0	0	0	0	0	0	0
gene-LOC142973106	0	0	0	0	0	0	0	0	0	0	0	0	0
gene-LOC142973107	1	0	0	0	0	0	0	0	0	0	0	0	1
gene-LOC142973108	0	0	0	0	0	0	0	0	3	0	0	0	605
gene-LOC142973112	2	0	0	1	0	0	0	5	0	0	0	0	0
gene-LOC142973114	0	1	0	0	0	0	13	3	30	0	26	1	0
gene-LOC142973115	0	0	0	0	0	0	0	0	0	0	0	0	0
gene-LOC142973119	13	28	23	16	6	12	108	54	305	18	45	36	0
gene-LOC142973121	0	0	0	0	0	0	0	0	0	0	0	0	0
gene-LOC142973122	85	93	227	48	40	12	77	20	30	35	31	40	23
gene-LOC142973125	245	264	424	255	168	76	66	32	47	107	108	61	93
gene-LOC142973128	211	58	65	319	21	58	36	19	24	18	13	16	235
gene-LOC142973131	237	105	150	422	77	173	55	17	51	63	97	115	529
gene-LOC142973132	245	202	286	313	184	198	497	593	890	585	682	1006	380
gene-LOC142973137	41	67	30	34	5	151	11	13	13	46	59	26	54
gene-LOC142973138	895	686	1039	380	415	303	318	224	185	478	268	182	946
gene-LOC142973142	137	125	213	117	85	109	90	45	40	75	79	41	260
gene-LOC142973143	14	20	66	9	47	9	9	1	22	7	1	0	16
gene-LOC142973145	653	340	838	2108	367	616	585	124	634	702	1405	646	1484
gene-LOC142973146	0	0	0	0	0	0	0	0	0	0	0	0	0
gene-LOC142973147	0	0	0	0	0	0	0	0	0	0	0	0	0
gene-LOC142973148	0	0	0	0	0	0	0	0	0	0	0	0	0
gene-LOC142973149	0	0	0	0	0	0	0	0	0	0	0	0	0
gene-LOC142973151	34	31	70	25	40	277	54	62	93	42	26	29	714
gene-LOC142973152	60	497	6027	110	2332	77	28	13	16	21	16	13	132
gene-LOC142973161	5549	12337	5037	8145	3751	1097	717	1273	1671	357	482	1250	1323
gene-LOC142973162	55	16	8	28	4	27	115	57	179	206	22	113	308
gene-LOC142973163	592	745	539	1786	42	1625	4456	1269	2408	8988	1841	6563	74
gene-LOC142973167	45	19	52	15	33	95	32	13	28	11	16	11	840
gene-LOC142973168	0	0	1	0	0	0	0	0	0	0	0	0	1
gene-LOC142973169	16894	16589	11275	7222	7910	4750	9320	6300	5395	2783	1396	4266	42630
gene-LOC142973172	13	4	14	5	12	31	26	4	17	0	0	0	690
gene-LOC142973173	100	62	328	52	67	19	19	21	26	20	25	13	29
gene-LOC142973174	267	1	60	154	12	56	99	51	96	85	99	87	2
gene-LOC142973176	688	652	375	1036	102	218	220	150	102	125	66	97	569
gene-LOC142973180	45	23	47	20	12	0	57	44	99	13	10	30	6
gene-LOC142973181	9	30	87	15	71	110	44	36	29	12	6	3	1459
gene-LOC142973182	4992	3991	1439	9223	2621	10482	4408	3168	4473	7631	6274	6164	9856
gene-LOC142973183	17	12	8	140	0	597	5	6	8	4	0	5	33
gene-LOC142973184	72	45	26	47	30	0	38	13	3	13	2	5	52
gene-LOC142973189	659	374	367	660	275	258	238	84	151	192	164	146	676
gene-LOC142973191	356	1111	1404	381	971	75	654	753	395	435	373	611	324
gene-LOC142973199	3	3	0	1	9	0	0	0	4	0	2	2	6
gene-LOC142973201	144	55	33	472	106	847	72	41	218	328	477	162	170
gene-LOC142973202	2048	2363	4944	4075	1081	1862	8662	3067	7804	6017	4980	5374	5651
gene-LOC142973205	3549	5153	7417	3720	2464	769	1234	1009	1089	608	687	718	5334
gene-LOC142973208	99	37	27	53	46	25	34	43	29	34	31	20	97
gene-LOC142973209	441	454	797	481	287	170	725	734	907	657	926	926	322
gene-LOC142973212	3	14	20	9	19	0	0	3	0	1	1	5	2261
gene-LOC142973213	1	0	0	1	6	0	0	0	1	2	0	0	1
gene-LOC142973214	1	2	0	0	0	0	0	0	0	0	3	0	7382
gene-LOC142973215	0	0	8	5	9	0	0	0	4	0	0	0	6543
gene-LOC142973216	370	411	662	266	430	143	772	672	1134	715	935	1035	521
gene-LOC142973217	0	0	0	0	0	5	5	0	0	0	0	0	29
gene-LOC142973221	571	84	31	179	28	97	185	175	1151	194	570	687	25
gene-LOC142973222	0	0	16	1	0	0	0	0	0	1	4	7	41
gene-LOC142973223	0	0	0	0	0	0	0	0	0	0	0	0	0
gene-LOC142973230	0	0	0	0	0	0	0	0	0	0	0	0	0
gene-LOC142973231	0	0	0	0	0	0	0	0	0	0	0	0	0
gene-LOC142973232	0	0	0	0	0	0	0	0	0	0	0	0	0
gene-LOC142973233	6	0	0	0	0	0	3	0	3	1	0	0	8
gene-LOC142973234	2	0	5	0	0	0	0	0	4	0	0	0	2
gene-LOC142973235	0	0	0	0	0	0	0	0	1	0	0	0	0
gene-LOC142973237	0	0	0	0	0	0	0	0	0	0	0	0	0
gene-LOC142973238	0	3	0	0	4	0	0	0	0	0	0	0	0
gene-LOC142973239	0	3	0	0	8	0	0	0	2	2	0	0	0
gene-LOC142973241	0	0	0	0	0	0	0	0	0	0	0	0	0
gene-LOC142973243	0	0	0	0	0	0	0	0	0	0	0	0	0
gene-LOC142973244	11	13	6	33	16	60	121	54	141	65	15	7	623
gene-LOC142973245	12191	9247	34041	6250	5523	2955	24933	5731	23404	11821	16825	13922	3437
gene-LOC142973246	3	0	27	0	0	7	0	3	2	9	39	0	0
gene-LOC142973247	0	1	0	0	0	0	0	0	0	0	0	0	0
gene-LOC142973248	0	0	0	0	0	0	0	0	0	0	0	0	0
gene-LOC142973249	0	0	0	0	0	0	0	0	0	0	0	0	0
gene-LOC142973251	94	37	22	42	3	0	28	4	3	1	0	6	47
gene-LOC142973253	0	0	0	0	0	0	0	0	0	0	0	0	57
gene-LOC142973254	0	0	0	0	0	0	0	0	0	0	0	0	79
gene-LOC142973255	0	1	3	0	0	0	0	0	2	0	4	0	66
gene-LOC142973256	0	0	0	0	0	0	0	0	0	0	0	0	0
gene-LOC142973258	7	10	20	5	16	37	0	0	7	0	2	0	3892
gene-LOC142973259	0	0	0	0	0	0	0	0	0	0	0	0	0
gene-LOC142973260	0	0	0	0	0	0	0	0	0	0	0	0	0
gene-LOC142973261	0	0	0	0	0	0	0	0	0	0	0	0	0
gene-LOC142973262	0	0	0	0	0	0	0	0	0	0	0	0	0
gene-LOC142973264	0	0	0	0	0	0	0	0	0	0	0	0	0
gene-LOC142973265	0	0	0	0	0	0	0	0	0	0	0	0	0
gene-LOC142973266	0	0	0	0	0	0	0	0	0	0	0	0	0
gene-LOC142973268	0	0	0	0	0	0	0	0	0	0	0	0	0
gene-LOC142973269	0	6	0	0	0	0	0	0	0	0	0	0	0
gene-LOC142973270	0	0	0	0	0	0	0	0	0	0	0	0	6
gene-LOC142973271	0	0	0	0	0	0	0	0	0	0	0	0	5
gene-LOC142973272	0	0	0	0	0	0	0	0	0	0	0	0	7
gene-LOC142973273	0	0	0	0	0	0	0	0	0	0	0	0	7
gene-LOC142973275	0	0	0	0	0	0	0	0	0	0	0	0	0
gene-LOC142973276	0	0	0	0	0	0	0	0	0	0	0	0	0
gene-LOC142973277	0	0	0	0	0	0	0	0	0	0	0	0	0
gene-LOC142973278	0	0	0	0	0	0	0	0	0	0	0	0	3
gene-LOC142973279	0	0	0	0	6	0	0	0	0	0	0	0	7
gene-LOC142973280	0	0	0	0	0	0	0	0	0	0	0	0	0
gene-LOC142973281	0	0	0	0	0	0	0	0	0	0	0	0	0
gene-LOC142973282	0	0	0	0	0	0	0	0	0	0	0	0	0
gene-LOC142973283	0	0	0	0	0	0	0	0	0	0	0	0	0
gene-LOC142973284	0	0	0	0	0	0	0	0	0	0	0	0	0
gene-LOC142973286	0	0	0	5	0	0	0	0	0	0	0	0	0
gene-LOC142973287	0	0	0	0	0	0	0	0	0	0	0	0	0
gene-LOC142973288	0	0	2	0	0	0	0	0	0	0	0	0	0
gene-LOC142973289	0	6	3	0	0	0	0	0	0	0	0	0	5
gene-LOC142973290	0	0	0	0	0	0	0	0	0	0	0	0	2
gene-LOC142973291	0	2	0	0	0	0	0	0	0	0	0	0	0
gene-LOC142973292	0	7	54	0	85	0	0	4	2	0	0	0	10
gene-LOC142973293	0	0	0	0	0	0	0	0	0	0	0	0	0
gene-LOC142973294	0	0	0	0	0	0	0	0	0	0	0	0	0
gene-LOC142973295	0	0	0	0	0	0	0	0	0	0	0	0	0
gene-LOC142973296	0	0	8	0	5	0	0	0	0	0	1	0	0
gene-LOC142973297	0	0	0	0	0	0	0	0	0	0	0	0	0
gene-LOC142973298	0	0	1	0	0	0	0	0	0	0	0	0	0
gene-LOC142973299	0	0	0	0	0	0	0	0	0	0	0	0	0
gene-LOC142973300	2	0	0	3	0	0	0	5	2	3	2	0	51
gene-LOC142973301	1	0	0	0	0	0	0	0	6	0	3	2	3
gene-LOC142973302	74	48	109	89	7	0	92	90	137	109	109	190	25
gene-LOC142973303	39	4	61	32	77	0	0	2	53	0	0	0	3
gene-LOC142973304	0	0	0	0	0	0	0	0	14	2	12	6	2
gene-LOC142973305	0	0	8	0	0	0	7	6	29	6	11	0	0
gene-LOC142973306	0	0	0	0	0	0	0	0	0	0	0	0	0
gene-LOC142973308	0	0	0	0	0	0	0	0	0	0	0	0	0
gene-LOC142973309	0	0	7	0	6	0	0	0	0	0	0	0	25
gene-LOC142973310	0	0	0	0	0	0	0	0	0	0	0	0	0
gene-LOC142973311	0	0	0	0	0	0	0	0	4	0	0	0	48
gene-LOC142973312	3	42	1	1	0	0	2	10	18	8	17	140	31
gene-LOC142973314	1	0	0	0	0	0	0	0	0	0	0	0	223
gene-LOC142973315	0	1	0	0	0	0	0	0	3	0	0	0	414
gene-LOC142973316	0	0	11	0	0	57	86	0	35	0	0	0	877
gene-LOC142973317	8	9	9	51	10	77	50	4	41	62	71	31	10
gene-LOC142973318	0	0	3	0	0	0	0	0	0	0	0	0	0
gene-LOC142973320	193	137	69	87	33	59	292	204	792	246	793	406	0
gene-LOC142973321	109	110	77	141	103	101	154	208	158	169	135	196	172
gene-LOC142973323	0	2	0	0	0	0	0	0	0	0	0	2	0
gene-LOC142973324	0	0	3	0	0	0	0	0	0	0	0	5	0
gene-LOC142973325	0	0	0	0	0	0	0	0	0	0	0	0	0
gene-LOC142973326	0	2	0	0	0	0	0	0	0	0	0	0	2
gene-LOC142973328	0	0	0	0	0	0	0	0	0	0	0	0	0
gene-LOC142973329	0	0	0	0	0	0	0	0	0	0	0	0	0
gene-LOC142973330	1	0	0	0	5	0	0	0	2	1	0	3	0
gene-LOC142973331	1	6	4	9	7	14	9	5	19	16	3	4	17
gene-LOC142973332	2623	2280	985	2200	740	1539	7613	8180	5924	7178	8966	11732	0
gene-LOC142973333	34	51	73	20	33	8	12	92	42	68	36	59	15
gene-LOC142973334	0	0	0	0	0	0	0	0	0	0	0	0	0
gene-LOC142973335	2	0	0	1	8	0	0	0	0	0	0	0	0
gene-LOC142973336	0	3	4	0	5	0	0	4	0	0	0	0	541
gene-LOC142973337	0	3	0	3	7	0	0	0	0	0	0	2	90
gene-LOC142973338	0	0	0	0	6	0	0	0	0	0	0	0	0
gene-LOC142973342	0	0	259	1	102	14	0	0	0	2	1	0	3
gene-LOC142973343	153	7	14	5	10	115	26	15	173	9	719	2	0
gene-LOC142973344	0	5	2	0	0	0	0	0	0	0	0	0	0
gene-LOC142973345	573	668	1224	500	979	415	1195	949	1433	1047	1149	1453	482
gene-LOC142973347	0	0	0	0	0	0	0	4	4	0	0	0	0
gene-LOC142973348	2	4	23	6	14	0	0	1	0	0	0	0	717
gene-LOC142973349	66	100	118	53	56	57	42	18	42	51	52	108	27
gene-LOC142973350	3	3	9	0	11	0	0	0	7	1	1	2	8
gene-LOC142973351	1	8	0	12	7	0	16	6	12	5	4	10	6
gene-LOC142973353	0	1	9	7	12	201	264	330	272	210	34	0	2284
gene-LOC142973354	0	0	0	0	0	0	0	0	0	0	0	0	2
gene-LOC142973355	3	1	1	0	0	5	42	15	17	0	0	1	0
gene-LOC142973356	0	1	1	0	18	0	14	4	13	0	3	0	23
gene-LOC142973357	0	0	0	0	0	0	0	0	0	0	0	0	7
gene-LOC142973358	0	0	0	0	0	0	0	8	3	0	1	0	4
gene-LOC142973359	81	180	3463	97	1777	737	91	50	64	24	9	14	11235
gene-LOC142973361	0	0	0	0	0	0	0	0	0	0	0	0	0
gene-LOC142973362	0	0	1	0	7	204	8	9	35	0	12	0	3
gene-LOC142973363	1	0	1	4	0	0	0	0	7	1	0	0	54
gene-LOC142973364	0	0	0	0	0	0	2	0	0	0	0	0	0
gene-LOC142973365	6	0	4	0	0	0	0	0	2	0	4	7	0
gene-LOC142973366	0	4	0	0	0	0	0	0	0	0	0	0	0
gene-LOC142973368	39	61	39	103	6	37	39	18	48	52	75	51	125
gene-LOC142973369	0	0	0	0	0	0	0	0	0	0	0	0	3
gene-LOC142973370	0	0	0	0	0	0	0	0	0	0	0	0	0
gene-LOC142973371	0	1	0	0	0	0	0	0	0	0	0	0	27
gene-LOC142973372	0	5	2	1	0	0	6	2	0	0	0	0	0
gene-LOC142973373	3	3	0	0	0	0	28	4	50	0	0	6	1115
gene-LOC142973374	0	0	0	1	0	0	3	2	1	0	0	1	12
gene-LOC142973375	124	92	212	182	105	83	192	117	177	226	182	183	103
gene-LOC142973376	48	21	38	48	6	47	99	65	86	132	221	98	18
gene-LOC142973377	0	0	0	1	0	0	0	0	0	0	0	0	0
gene-LOC142973378	0	0	1	0	0	0	0	1	3	0	0	0	0
gene-LOC142973379	0	0	0	0	0	0	0	0	0	0	0	8	0
gene-LOC142973380	28	54	19	32	56	151	122	53	104	49	23	39	152
gene-LOC142973382	338	425	1594	80	211	42	197	209	256	102	129	120	48
gene-LOC142973383	1	3	9	8	21	10	21	35	26	6	5	5	10
gene-LOC142973384	1	9	0	17	15	29	22	29	41	17	13	0	50
gene-LOC142973385	8	30	17	10	29	32	7	39	6	17	0	19	42
gene-LOC142973386	485	533	896	317	449	159	679	589	1065	725	1069	1359	291
gene-LOC142973387	178	302	537	156	147	26	301	231	172	164	131	255	188
gene-LOC142973388	24	62	31	87	85	443	238	413	525	173	103	58	98
gene-LOC142973389	85	42	120	119	75	61	80	81	264	191	150	243	116
gene-LOC142973390	1	2	0	0	0	0	0	0	1	0	0	0	9
gene-LOC142973391	1	0	0	0	0	0	8	3	23	0	0	0	0
gene-LOC142973392	0	0	0	0	0	0	0	0	0	0	0	0	0
gene-LOC142973393	75	51	126	7	56	25	54	26	58	30	57	65	326
gene-LOC142973394	2705	1704	1888	180	272	281	1828	1397	1890	1869	2492	2197	120
gene-LOC142973395	20	16	1	57	0	0	29	13	33	8	19	21	132
gene-LOC142973397	0	0	0	0	0	0	0	2	0	0	0	0	0
gene-LOC142973398	0	0	0	0	0	0	0	0	0	0	0	0	0
gene-LOC142973399	0	0	0	0	3	0	0	0	4	0	0	0	0
gene-LOC142973400	0	0	0	0	0	0	0	0	0	0	0	0	0
gene-LOC142973402	0	0	0	0	0	0	0	0	0	0	0	0	106
gene-LOC142973403	0	0	0	0	0	0	0	0	0	0	0	0	90
gene-LOC142973404	0	0	4	0	0	0	0	0	0	0	0	0	9
gene-LOC142973405	0	0	6	0	0	0	5	0	0	0	0	0	53
gene-LOC142973406	0	2	2	0	0	14	5	0	0	0	0	0	367
gene-LOC142973407	0	0	0	2	0	0	0	0	0	0	0	0	0
gene-LOC142973408	46	97	72	93	66	10	102	42	109	91	49	104	71
gene-LOC142973410	0	3	6	0	0	0	0	0	0	0	4	0	0
gene-LOC142973412	4040	5361	15784	4895	14386	3139	13069	8949	12938	8164	6726	24582	12
gene-LOC142973413	0	0	0	0	0	0	0	0	0	0	0	0	0
gene-LOC142973414	1	6	0	1	0	0	0	0	0	0	0	0	0
gene-LOC142973415	0	0	0	0	0	0	0	0	0	0	0	0	0
gene-LOC142973416	0	0	0	0	0	0	0	0	0	0	0	0	0
gene-LOC142973426	529	397	717	484	431	148	145	100	112	171	111	89	528
gene-LOC142973427	2	6	5	2	0	0	3	14	5	4	2	0	0
gene-LOC142973430	117	8	8	15	0	1595	341	64	392	130	424	504	65
gene-LOC142973431	471	634	1008	297	159	2594	685	232	198	316	197	285	495
gene-LOC142973433	2	2	21	13	0	4	21	0	0	39	31	58	0
gene-LOC142973434	23	31	27	45	41	239	21	16	10	11	28	7	1051
gene-LOC142973435	0	0	0	0	0	0	0	0	0	0	0	2	0
gene-LOC142973436	465	177	191	677	50	297	267	164	684	574	412	205	504
gene-LOC142973437	23	21	9	57	30	41	39	59	191	84	296	166	77
gene-LOC142973438	0	0	0	0	0	0	0	0	0	0	0	0	0
gene-LOC142973442	40	16	19	54	0	12	21	15	5	17	23	3	25
gene-LOC142973443	147	52	83	130	70	50	37	15	38	20	17	22	361
gene-LOC142973444	0	0	0	4	15	0	0	0	2	0	0	1	11
gene-LOC142973445	11300	2036	1751	8151	638	3649	1303	548	1342	1378	3073	1093	2977
gene-LOC142973448	5	21	14	0	0	11	8	11	9	1	6	13	3
gene-LOC142973449	11	0	0	5	0	15	2	0	13	7	2	8	13
gene-LOC142973452	5	12	20	2	0	10	0	0	4	1	0	0	10
gene-LOC142973453	143	71	75	208	197	101	101	165	188	66	94	39	380
gene-LOC142973454	116	197	76	208	143	258	71	109	49	125	50	72	203
gene-LOC142973456	20	21	4	34	12	10	0	31	23	7	26	18	26
gene-LOC142973457	0	5	0	0	0	0	0	0	0	0	0	0	7
gene-LOC142973458	62	154	276	74	62	0	144	97	124	55	66	119	118
gene-LOC142973465	0	0	0	0	0	0	5	4	18	1	7	0	0
gene-LOC142973466	3	6	13	10	0	0	8	0	10	7	14	2	3
gene-LOC142973467	2424	1769	1751	1834	263	5289	2470	813	2377	3541	2508	3181	21836
gene-LOC142973469	390	2370	1396	971	633	353	323	789	491	1907	808	236	19788
gene-LOC142973471	0	0	0	0	0	0	0	0	0	0	0	0	0
gene-LOC142973472	3	13	0	25	21	0	14	5	17	13	18	18	20
gene-LOC142973473	6496	14864	1551	951	2547	415	3941	7940	7511	2286	4214	4695	0
gene-LOC142973474	7551	185	4485	275	379	323	1482	519	4587	1470	2373	325	0
gene-LOC142973476	938	614	17	76	5	93	120	438	1008	51	1113	509	0
gene-LOC142973477	679	175	0	961	0	134	648	660	2058	630	649	291	0
gene-LOC142973478	26	73	458	6	123	34	23	10	7	6	6	6	543
gene-LOC142973482	1095	232	147	448	156	504	740	439	1437	948	1647	2019	3697
gene-LOC142973485	1	1	0	0	0	0	0	0	0	0	0	0	1
gene-LOC142973486	223	148	107	335	78	329	457	410	1118	1103	1619	1282	579
gene-LOC142973487	470	276	1009	1090	759	385	384	260	411	356	366	379	1531
gene-LOC142973488	0	11	5	9	0	5	0	0	0	0	0	3	176
gene-LOC142973489	2	0	6	6	0	40	36	8	37	2	27	2	210
gene-LOC142973491	736	956	1199	467	603	202	932	923	1774	869	1213	1336	620
gene-LOC142973492	0	0	0	0	0	0	0	0	0	0	0	0	0
gene-LOC142973495	33	37	47	35	38	13	53	25	34	34	38	24	73
gene-LOC142973498	4997	1111	1918	2868	1629	6845	1792	964	3180	739	2075	3356	3586
gene-LOC142973501	461	947	3032	793	737	108	677	581	483	475	559	746	425
gene-LOC142973502	1545	3008	3091	1368	547	488	910	414	432	461	392	592	2586
gene-LOC142973503	1396	630	980	779	432	511	147	112	117	142	225	239	1177
gene-LOC142973507	381	316	426	437	454	332	54	59	26	77	105	70	1925
gene-LOC142973508	224	153	97	155	71	14	54	43	18	21	8	16	182
gene-LOC142973509	0	0	0	0	0	0	5	0	3	0	0	0	0
gene-LOC142973511	237	136	168	430	163	289	608	173	909	1250	2632	1658	270
gene-LOC142973512	74	127	201	151	246	415	747	444	1062	1256	977	789	453
gene-LOC142973513	0	3	0	0	11	0	0	0	0	0	0	0	0
gene-LOC142973514	714	2315	2586	366	1924	184	83	73	13	54	43	41	1847
gene-LOC142973519	768	724	1268	493	583	215	390	168	282	263	302	420	508
gene-LOC142973520	32	75	129	23	48	95	18	22	3	21	10	7	1277
gene-LOC142973521	8	7	0	15	0	60	8	3	20	10	13	7	17
gene-LOC142973522	1	0	3	0	0	0	0	0	1	0	0	1	0
gene-LOC142973523	39	55	30	42	28	32	65	37	70	97	126	61	91
gene-LOC142973524	712	711	1519	1059	604	158	1738	496	721	496	843	1069	366
gene-LOC142973526	2289	2365	4130	5225	1623	918	2825	1650	2014	1980	2174	2099	7117
gene-LOC142973529	53	23	0	2	26	0	98	0	15	2	23	3	75
gene-LOC142973531	507	318	446	898	399	563	1060	940	1329	912	1429	1564	955
gene-LOC142973533	314	292	349	325	83	17	722	728	745	527	587	685	277
gene-LOC142973535	331	495	1210	311	469	117	224	116	159	153	181	183	2356
gene-LOC142973536	1	14	93	0	10	7	3	0	0	0	0	0	14
gene-LOC142973537	298	515	1148	275	640	125	127	31	47	75	82	90	203
gene-LOC142973538	695	232	174	606	226	1165	274	80	271	676	885	676	1339
gene-LOC142973539	228	32	51	307	8	328	284	154	1165	746	2358	1097	12
gene-LOC142973541	9538	1803	998	5866	613	3715	3370	1111	6891	9811	10290	9482	356
gene-LOC142973546	93	59	88	81	121	126	24	31	83	50	43	60	443
gene-LOC142973548	427	345	341	371	182	299	720	445	1208	638	1036	1227	215
gene-LOC142973550	0	0	0	0	0	0	0	0	0	2	0	0	1
gene-LOC142973551	7	3	43	11	19	28	3	0	0	0	0	0	381
gene-LOC142973555	8573	1098	2326	10806	421	15277	1185	313	1286	1875	2658	1443	2
gene-LOC142973557	990	454	300	993	50	464	361	132	270	201	229	233	77
gene-LOC142973558	803	667	434	653	107	237	479	173	311	500	156	189	741
gene-LOC142973559	10	6	5	1	35	0	0	0	4	7	7	6	7
gene-LOC142973561	977	1651	2389	1041	758	376	282	209	114	330	112	122	1231
gene-LOC142973562	2	1	1	1	0	24	0	0	0	0	0	0	51
gene-LOC142973564	34	34	353	35	26	45	13	8	137	210	738	93	69
gene-LOC142973565	872	14	1860	0	195	9	4	35	79	8	113	0	2666
gene-LOC142973566	46	35	50	24	18	0	49	27	88	49	125	69	21
gene-LOC142973568	5764	2630	3330	2241	2085	2591	949	496	677	1347	1577	1161	1094
gene-LOC142973569	1949	643	526	793	274	248	291	135	201	96	227	146	6594
gene-LOC142973570	124	141	337	309	100	40	292	213	185	255	219	174	265
gene-LOC142973572	3168	1829	2020	1539	1672	1160	539	267	318	589	693	589	12
gene-LOC142973573	6	3	1	3	0	0	0	0	0	0	2	0	0
gene-LOC142973574	495	111	7	138	0	28	0	0	93	8	33	3	809
gene-LOC142973575	2	0	0	0	0	0	0	3	0	0	0	0	0
gene-LOC142973577	9299	814	150	5140	95	8225	5195	6389	35219	15096	24656	10765	63
gene-LOC142973578	7322	1854	506	8826	511	3358	6227	7523	12630	7145	5764	1803	929
gene-LOC142973579	719	500	401	888	143	1115	1010	795	3724	1900	1879	1346	297
gene-LOC142973580	2337	1688	3239	1925	1350	696	590	317	276	812	538	552	535
gene-LOC142973581	274	454	972	219	242	45	342	207	205	174	138	221	376
gene-LOC142973582	393	469	370	872	225	248	463	377	472	369	482	487	2304
gene-LOC142973583	172	96	106	102	141	132	311	281	358	325	400	367	149
gene-LOC142973584	207	274	254	206	239	276	776	616	1123	824	1177	1089	120
gene-LOC142973585	979	1126	1031	1018	620	928	3828	3754	7066	3985	7186	6292	525
gene-LOC142973586	328	269	459	194	190	102	74	115	180	163	156	108	494
gene-LOC142973587	261	314	527	292	340	113	396	284	162	290	181	218	235
gene-LOC142973589	58890	59787	34760	32841	19774	2871	12417	4733	5542	7692	5830	10081	0
gene-LOC142973590	0	0	0	0	0	0	0	0	0	0	0	0	226
gene-LOC142973591	0	1	0	0	0	11	0	0	0	1	1	0	35
gene-LOC142973592	260	97	12	17	46	1219	7	15	81	10	693	7	807
gene-LOC142973593	663	106	1	552	194	58	50	45	91	38	152	4	544
gene-LOC142973594	362	469	292	326	122	84	262	171	143	506	240	222	507
gene-LOC142973596	16	16	26	47	24	44	3	4	15	21	34	15	300
gene-LOC142973597	2407	967	1690	832	497	523	520	239	334	303	229	365	414
gene-LOC142973600	1354	1461	5865	1578	2552	379	323	275	238	320	208	221	2843
gene-LOC142973602	10	106	18	26	42	173	25	26	27	22	4	17	464
gene-LOC142973603	1870	1774	4249	697	1445	245	1613	979	1495	766	718	793	2
gene-LOC142973604	145	230	242	134	682	520	235	133	295	163	254	124	1511
gene-LOC142973605	614	738	1083	799	828	410	1648	2038	2877	2902	2308	2274	1715
gene-LOC142973609	522	270	416	697	311	491	155	96	152	193	201	184	1138
gene-LOC142973611	0	0	0	0	0	0	0	0	0	0	0	0	0
gene-LOC142973614	19	34	83	27	157	385	18	9	36	29	118	11	54
gene-LOC142973615	0	0	0	0	0	0	0	0	0	0	0	0	0
gene-LOC142973616	12	11	3	1	0	0	0	12	5	1	0	0	95
gene-LOC142973617	0	0	0	0	0	0	0	0	0	0	0	0	0
gene-LOC142973619	37	32	71	94	11	69	111	79	192	81	91	46	292
gene-LOC142973620	170	55	29	79	29	93	71	144	95	101	72	67	60
gene-LOC142973621	161	47	15	76	6	391	178	208	185	1631	211	527	74
gene-LOC142973622	752	189	329	300	182	187	71	49	33	194	105	59	146
gene-LOC142973623	7	14	18	14	0	13	8	1	1	4	8	0	2
gene-LOC142973625	0	0	3	2	0	0	0	0	0	0	2	0	3
gene-LOC142973627	74	53	66	110	83	68	209	202	398	271	412	342	72
gene-LOC142973631	470	378	523	528	198	284	568	349	715	511	907	800	1522
gene-LOC142973632	124	115	275	80	53	68	261	189	228	212	146	228	60
gene-LOC142973633	139	210	208	161	59	53	150	95	131	132	225	296	100
gene-LOC142973634	8	18	17	34	19	17	15	8	0	0	12	11	2
gene-LOC142973635	1030	2088	5217	1172	1730	313	548	229	297	362	321	439	706
gene-LOC142973636	475	1537	1899	814	622	121	708	776	626	377	622	622	36
gene-LOC142973637	0	6	0	2	0	44	1	13	3	1	0	4	0
gene-LOC142973640	1	8	4	2	0	0	5	0	0	0	0	0	0
gene-LOC142973641	949	501	110	215	128	212	1424	692	1373	205	570	1471	441
gene-LOC142973642	4	9	37	6	0	0	28	4	46	19	25	7	19
gene-LOC142973644	12996	19194	11900	7034	5832	1631	37998	34451	43221	11028	11187	16772	105
gene-LOC142973645	386	132	281	341	139	140	91	43	101	62	32	37	569
gene-LOC142973648	1141	257	97	4535	208	3072	1952	1913	4155	6726	12453	12568	1
gene-LOC142973650	27	40	19	8	153	15	142	37	43	6	19	9	0
gene-LOC142973651	900	661	1081	735	428	258	459	339	384	496	606	579	834
gene-LOC142973652	312	230	342	227	184	104	62	43	42	98	50	102	162
gene-LOC142973653	1587	353	64	745	36	457	386	209	285	432	590	683	120
gene-LOC142973655	126	25	15	322	0	28	247	172	130	179	19	396	0
gene-LOC142973657	0	3	316	16	1014	669	218	151	278	16	45	4	14579
gene-LOC142973660	392	249	528	373	374	187	121	40	58	140	86	98	533
gene-LOC142973662	1278	468	313	1499	301	934	2450	854	2713	3655	6325	4981	13
gene-LOC142973663	6857	3233	3148	9696	2326	9615	3073	1498	2900	2498	3986	2093	21577
gene-LOC142973667	901	654	746	856	571	950	1242	685	2192	1507	2415	2153	728
gene-LOC142973669	746	853	933	1004	391	368	1006	586	912	1005	1352	1294	388
gene-LOC142973673	537	412	640	285	270	103	79	64	24	64	53	73	863
gene-LOC142973677	45	66	89	83	45	14	95	86	198	140	302	152	40
gene-LOC142973678	3	8	8	9	13	0	0	0	0	0	0	0	7
gene-LOC142973679	0	4	0	0	0	0	0	4	0	0	0	0	0
gene-LOC142973685	0	0	0	0	0	0	4	0	0	0	0	0	33
gene-LOC142973686	2	1	323	1	205	27	1	2	5	1	4	0	5
gene-LOC142973687	151	178	291	190	155	81	341	269	473	366	415	455	184
gene-LOC142973688	0	0	0	0	0	0	0	0	0	0	0	0	0
gene-LOC142973692	322	523	252	624	209	194	578	773	660	545	494	938	1597
gene-LOC142973695	151	145	204	158	155	42	191	139	185	246	293	343	118
gene-LOC142973696	6	4	18	11	0	15	8	0	8	12	15	4	43
gene-LOC142973699	5	1	3	3	0	0	0	3	3	0	2	0	0
gene-LOC142973701	0	0	21	3	0	54	1	0	0	1	2	0	5
gene-LOC142973702	3	3	16	1	11	27	0	0	1	0	0	0	27
gene-LOC142973703	396	474	21	592	39	416	275	1692	2614	601	1900	1589	0
gene-LOC142973704	397	282	203	1390	255	766	806	915	1469	1149	2621	2876	463
gene-LOC142973705	14867	19301	12145	11830	17437	5286	19461	20644	26749	9850	11707	23353	1023
gene-LOC142973707	732	812	2234	398	2038	294	120	100	79	192	268	275	4004
gene-LOC142973709	755	1037	1111	698	2575	5352	452	246	493	319	443	286	83746
gene-LOC142973715	312	310	251	769	81	406	134	119	148	131	102	111	1011
gene-LOC142973716	4	4	29	4	16	14	0	1	3	0	1	0	1334
gene-LOC142973717	8	4	45	8	57	78	31	40	45	13	30	5	381
gene-LOC142973718	1	3	1	0	0	0	0	0	0	0	0	0	2
gene-LOC142973721	151	133	589	174	419	382	470	185	1026	572	641	580	478
gene-LOC142973722	112	170	678	154	251	174	528	286	957	824	784	875	97
gene-LOC142973723	7	46	95	6	87	0	0	15	1	10	1	19	0
gene-LOC142973724	1235	2696	3472	1245	1433	1397	688	732	756	750	850	1106	3044
gene-LOC142973725	4	9	3	2	6	0	0	0	0	0	4	0	1530
gene-LOC142973727	72	163	686	146	314	23	1	8	7	3	5	3	1017
gene-LOC142973728	365	334	713	359	216	73	345	301	270	342	177	326	107
gene-LOC142973730	27	13	17	10	8	0	16	7	1	4	0	3	26
gene-LOC142973732	27	29	12	20	13	0	6	3	3	15	8	14	28
gene-LOC142973733	20	47	21	2	117	0	0	4	28	1	73	1	1093
gene-LOC142973734	456	197	118	217	67	125	935	634	1653	990	1082	1724	138
gene-LOC142973736	145	121	288	622	203	136	123	55	72	114	116	76	568
gene-LOC142973737	0	0	0	0	0	0	3	3	4	0	0	0	2
gene-LOC142973740	30	18	36	39	23	23	17	14	25	27	24	13	15
gene-LOC142973741	4985	2902	4858	25826	318	3072	1217	902	1774	2499	2187	1776	5
gene-LOC142973743	0	0	0	1	0	0	0	0	0	0	0	0	0
gene-LOC142973744	0	3	2	0	0	0	0	0	0	0	0	0	20
gene-LOC142973745	1	0	0	9	0	0	3	0	1	0	0	0	0
gene-LOC142973746	7658	3131	246	5529	136	1253	1845	499	3394	2597	2555	1824	0
gene-LOC142973748	0	0	8	0	10	0	0	0	0	0	0	0	101
gene-LOC142973749	4	0	37	8	0	12	15	11	16	7	23	13	8
gene-LOC142973750	161	178	213	81	200	121	517	346	730	383	778	712	146
gene-LOC142973751	3768	3575	6445	2077	2067	808	5890	906	1094	1920	3715	5114	350
gene-LOC142973753	58	59	26	72	110	1278	89	45	239	131	290	108	1644
gene-LOC142973754	14424	7285	6402	21054	6383	25998	18833	10354	54606	38843	60082	45884	2
gene-LOC142973760	3662	1913	330	878	485	492	636	380	487	391	675	621	1508
gene-LOC142973761	0	0	2	0	7	0	0	0	0	0	0	0	240
gene-LOC142973763	113	155	140	1137	132	325	148	66	89	126	108	116	3
gene-LOC142973765	2560	1825	1335	5908	168	342	1150	606	498	1150	496	381	4
gene-LOC142973766	703	435	340	1284	152	513	312	252	302	524	473	507	2
gene-LOC142973767	18545	3380	1080	76724	910	9787	4572	1878	3459	9509	6239	7198	0
gene-LOC142973770	98	50	68	74	46	357	28	23	100	28	53	45	27
gene-LOC142973772	189	29	4	0	22	1	0	3	17	0	41	0	893
gene-LOC142973773	0	6	2	0	0	17	0	0	2	0	0	0	415
gene-LOC142973774	98	52	160	73	125	137	24	13	22	20	27	31	50
gene-LOC142973775	15	17	8	3	0	0	0	2	1	0	7	5	68
gene-LOC142973779	585	504	755	240	509	189	103	60	78	133	107	104	1074
gene-LOC142973783	784	749	1172	979	803	380	416	277	407	284	205	243	1860
gene-LOC142973788	9038	7680	2346	7440	1212	2531	3291	1822	630	4019	2974	2248	3264
gene-LOC142973790	960	515	467	1045	208	518	522	204	443	397	357	450	1749
gene-LOC142973791	23	14	70	33	78	461	116	63	69	35	71	10	127
gene-LOC142973792	0	0	1	0	4	0	0	0	12	2	2	1	8
gene-LOC142973795	178	289	820	147	352	23	97	60	72	61	29	60	60
gene-LOC142973796	414	1373	906	379	698	201	34	290	92	163	61	132	183
gene-LOC142973799	58846	70496	10643	16270	9399	6200	12685	8319	23541	6886	12228	22599	0
gene-LOC142973800	0	4	6	4	0	0	0	0	0	0	0	0	0
gene-LOC142973801	0	0	11	0	0	14	0	0	0	0	3	0	305
gene-LOC142973802	5	20	385	8	195	92	6	22	10	4	5	3	77821
gene-LOC142973803	23	17	17	17	0	0	30	29	45	19	23	29	26
gene-LOC142973807	1	0	0	7	0	0	0	0	0	0	0	0	0
gene-LOC142973808	0	2	0	0	0	0	0	0	0	0	0	0	0
gene-LOC142973809	0	0	0	0	0	0	0	0	0	0	0	0	0
gene-LOC142973810	1	0	0	0	0	0	0	0	0	0	0	0	0
gene-LOC142973811	58	28	20	192	11	140	516	416	1407	679	873	724	34
gene-LOC142973814	0	0	0	0	0	0	0	0	0	0	0	0	0
gene-LOC142973815	0	0	0	0	0	0	0	0	0	0	0	0	0
gene-LOC142973817	396	156	6	10	12	54	205	228	397	455	1231	798	0
gene-LOC142973818	0	0	0	0	0	0	0	0	0	0	0	0	0
gene-LOC142973819	0	0	0	0	0	0	0	0	0	0	0	0	0
gene-LOC142973820	0	0	0	0	0	0	0	0	0	0	0	0	0
gene-LOC142973821	584	360	491	525	187	178	495	318	520	618	1031	637	436
gene-LOC142973822	1	0	2	0	0	0	0	0	0	0	0	0	0
gene-LOC142973823	0	0	0	4	0	0	0	0	0	0	0	0	0
gene-LOC142973824	6	0	0	3	0	0	0	0	0	2	0	0	53
gene-LOC142973825	0	0	0	0	0	0	0	0	0	0	0	0	1257
gene-LOC142973826	111	61	66	117	22	51	69	0	90	31	10	10	85
gene-LOC142973827	18	16	21	0	0	0	0	0	3	0	6	0	1701
gene-LOC142973828	2	1	0	0	0	0	0	0	0	0	0	0	0
gene-LOC142973829	0	3	0	0	0	0	0	6	0	0	0	0	0
gene-LOC142973830	0	0	0	0	0	0	0	0	0	0	0	0	0
gene-LOC142973831	0	0	0	0	0	0	0	0	0	0	0	0	0
gene-LOC142973832	0	0	0	0	0	0	0	0	0	0	0	0	0
gene-LOC142973833	0	0	0	0	8	0	0	0	0	0	8	6	0
gene-LOC142973834	21714	5117	3603	46340	3594	15672	10091	2839	9609	17494	15913	15856	23
gene-LOC142973835	2458	1704	1599	2223	656	499	931	432	792	984	850	863	724
gene-LOC142973836	0	0	0	0	0	0	0	0	0	0	0	0	0
gene-LOC142973837	0	0	0	0	0	0	0	0	0	0	0	0	0
gene-LOC142973838	0	0	0	0	0	0	0	0	0	0	0	0	2
gene-LOC142973839	0	0	0	0	0	0	0	0	0	0	0	0	0
gene-LOC142973840	0	8	2	1	0	0	0	0	1	0	0	0	110
gene-LOC142973841	0	0	0	0	0	0	0	0	0	0	0	0	0
gene-LOC142973843	0	0	0	0	0	0	5	5	36	0	3	4	189
gene-LOC142973844	137	52	18	39	14	9	128	116	92	143	137	216	48
gene-LOC142973845	3	10	4	11	0	30	14	1	5	3	6	6	0
gene-LOC142973846	1	8	0	11	0	0	3	0	8	2	0	0	0
gene-LOC142973848	0	0	0	0	0	0	0	0	0	0	0	0	0
gene-LOC142973849	10	2	1	2	0	0	11	0	0	4	2	0	31
gene-LOC142973851	7	4	0	4	0	0	30	22	15	5	12	48	9
gene-LOC142973852	0	0	0	0	0	0	0	1	0	1	1	7	3
gene-LOC142973853	359	249	420	103	78	260	38	53	71	83	51	64	14
gene-LOC142973854	1	36	5	32	30	261	151	31	19	46	27	43	140
gene-LOC142973855	0	0	0	0	0	21	5	1	7	2	0	0	10
gene-LOC142973856	1	16	0	5	0	0	22	15	23	9	9	1	5
gene-LOC142973857	70	49	52	59	37	38	35	28	117	105	144	155	84
gene-LOC142973858	0	11	0	0	0	0	0	4	0	0	1	2	10
gene-LOC142973859	1	17	3	17	0	146	72	12	6	3	0	17	32
gene-LOC142973860	0	0	0	0	0	0	0	0	0	0	0	0	0
gene-LOC142973861	16	244	66	76	12	21	467	718	62	90	401	380	0
gene-LOC142973862	2	8	12	9	26	0	2	0	6	0	1	7	9
gene-LOC142973863	5	2	0	2	0	0	2	1	8	4	0	0	0
gene-LOC142973864	0	3	0	0	0	0	0	0	0	0	7	0	1
gene-LOC142973865	4	0	0	2	0	0	3	0	4	8	0	4	0
gene-LOC142973866	2	0	0	3	0	18	5	0	0	0	0	1	0
gene-LOC142973867	1	5	5	4	2	39	19	5	7	1	0	5	24
gene-LOC142973869	756	529	598	901	742	1893	1628	1036	3627	3213	4152	3014	1502
gene-LOC142973871	1	25	96	4	64	15	24	16	9	6	4	0	64
gene-LOC142973872	4	20	11	2	4	0	4	0	3	0	2	0	1721
gene-LOC142973873	0	0	2	0	0	33	0	0	5	0	0	1	26
gene-LOC142973874	131	13	19	232	1	112	311	391	1439	787	896	55	92
gene-LOC142973875	5	5	0	2	0	0	1	3	8	14	14	7	14
gene-LOC142973876	1	2	0	0	0	0	2	1	0	0	1	1	0
gene-LOC142973877	521	261	296	593	133	142	1290	413	2336	1137	1222	1242	0
gene-LOC142973878	128	173	219	159	180	0	170	299	201	303	358	390	47
gene-LOC142973879	0	2	5	2	0	0	0	0	1	1	0	0	0
gene-LOC142973880	1	3	0	0	11	0	1	0	4	6	9	0	7
gene-LOC142973881	0	0	16	0	10	11	0	12	3	0	11	0	0
gene-LOC142973883	0	0	0	0	0	0	0	0	1	0	0	0	0
gene-LOC142973884	0	0	2	0	0	0	0	0	0	0	0	0	0
gene-LOC142973886	0	0	0	0	0	0	0	0	0	0	0	0	0
gene-LOC142973887	0	0	0	0	0	0	0	0	0	0	0	0	0
gene-LOC142973888	0	0	0	0	0	0	3	0	0	0	0	0	0
gene-LOC142973889	1	1	0	5	3	18	20	2	0	2	1	0	0
gene-LOC142973890	6	12	0	1	0	108	30	22	83	40	59	0	11
gene-LOC142973892	3	0	2	0	0	0	3	1	1	6	0	0	332
gene-LOC142973894	1	3	1	1	0	0	0	0	0	0	0	2	0
gene-LOC142973895	0	0	0	0	0	0	0	0	0	0	0	0	3
gene-LOC142973897	0	6	2	0	0	0	0	0	0	0	0	2	2024
gene-LOC142973898	0	0	0	0	0	0	0	0	0	0	0	0	0
gene-LOC142973899	0	0	0	1	0	0	0	0	0	0	3	0	0
gene-LOC142973900	0	1	2	0	0	0	0	0	0	0	0	0	0
gene-LOC142973902	0	4	0	0	0	0	12	6	0	5	4	0	0
gene-LOC142973903	0	5	1	0	0	12	11	0	2	17	2	0	6
gene-LOC142973905	19	62	1015	9	438	0	25	30	38	9	11	17	197
gene-LOC142973906	0	0	0	0	0	0	5	0	0	0	0	0	0
gene-LOC142973907	0	0	1	0	0	17	0	0	1	2	0	0	0
gene-LOC142973909	0	0	1	0	0	0	0	0	0	0	0	2	0
gene-LOC142973910	1	3	1	0	0	0	1	0	0	0	0	0	3
gene-LOC142973912	0	0	0	0	0	0	0	0	0	0	0	0	0
gene-LOC142973913	2	2	11	7	0	12	14	11	10	10	16	2	37
gene-LOC142973914	0	0	5	2	0	0	0	0	0	0	0	0	0
gene-LOC142973915	0	0	0	0	0	0	0	0	0	0	0	0	0
gene-LOC142973916	1	2	0	7	10	0	1	5	13	7	0	5	0
gene-LOC142973917	0	0	0	0	0	0	0	0	0	0	0	0	8
gene-LOC142973918	0	0	0	0	0	0	0	0	0	0	0	0	0
gene-LOC142973919	23	67	4	1	18	0	0	1	0	0	0	0	201
gene-LOC142973920	5	10	7	0	13	0	6	0	0	0	5	0	5
gene-LOC142973921	1	3	3	3	0	62	0	0	0	1	0	10	4
gene-LOC142973922	6	0	0	0	0	0	0	0	0	1	2	0	0
gene-LOC142973923	10	2	1	13	2	0	27	55	93	37	136	47	0
gene-LOC142973924	0	0	0	0	0	0	0	0	0	0	0	0	0
gene-LOC142973925	2	6	25	1	44	0	8	9	5	8	5	6	0
gene-LOC142973926	0	0	0	1	0	0	0	0	0	0	2	0	0
gene-LOC142973942	539	648	1726	317	1241	166	73	75	69	163	253	247	112
gene-LOC142973944	0	1	0	0	0	0	0	0	0	0	0	0	0
gene-LOC142973946	1020	768	946	1462	590	696	1732	1278	1779	2093	2693	2132	1478
gene-LOC142973950	372	372	732	292	134	122	231	110	106	135	95	151	150
gene-LOC142973951	0	0	0	0	0	0	0	3	0	0	0	0	0
gene-LOC142973952	0	3	0	0	0	0	0	0	0	0	0	0	0
gene-LOC142973955	0	0	0	0	0	0	0	0	0	0	0	0	0
gene-LOC142973958	5	3	0	2	15	132	34	0	62	7	2	0	1026
gene-LOC142973960	0	1	51	0	0	0	2	5	4	0	0	1	63
gene-LOC142973961	3536	187	1230	69	296	902	648	1542	3934	6253	619	1489	1884
gene-LOC142973962	0	2	18	0	0	0	2	0	2	0	2	0	23
gene-LOC142973963	18	2	0	0	0	0	0	0	8	0	30	0	47
gene-LOC142973964	1815	3500	4821	2137	1992	872	4257	4478	4609	3076	3201	3906	5449
gene-LOC142973965	717	372	70	635	5	436	1160	710	1469	1492	2377	1643	16
gene-LOC142973966	26585	4150	3064	138014	1595	16163	1550	1636	469	9000	1277	3464	0
gene-LOC142973967	1282	967	561	1314	349	431	451	818	734	1274	636	1458	0
gene-LOC142973968	3	0	4	0	21	0	0	0	0	1	7	0	86
gene-LOC142973969	0	1	10	0	0	0	0	0	0	0	0	0	26
gene-LOC142973970	0	0	0	0	0	0	0	0	0	0	0	0	0
gene-LOC142973973	0	0	0	0	0	0	0	0	0	0	0	0	261
gene-LOC142973974	325	287	378	272	159	222	284	161	181	168	134	252	451
gene-LOC142973976	1	5	0	2	8	1	19	0	7	2	4	3	0
gene-LOC142973977	205	175	513	139	205	45	63	28	48	65	51	59	81
gene-LOC142973978	780	607	662	888	393	333	108	63	70	251	241	234	466
gene-LOC142973982	124	57	47	114	71	117	13	9	14	16	17	38	7
gene-LOC142973983	2	0	3	0	0	0	0	0	0	0	2	0	0
gene-LOC142973984	1	0	0	0	0	0	0	0	0	0	0	0	0
gene-LOC142973985	13	20	8	14	17	2	12	13	16	5	11	6	393
gene-LOC142973986	633	347	464	679	195	237	80	74	92	129	149	129	600
gene-LOC142973990	1347	677	2042	2392	1950	1180	1628	1038	1338	2172	2208	2434	2687
gene-LOC142973992	125	86	150	84	112	129	87	29	56	44	81	67	288
gene-LOC142973996	0	0	0	0	0	0	0	0	0	0	0	0	0
gene-LOC142973997	137	137	204	138	93	101	63	25	79	93	102	126	170
gene-LOC142973999	187	71	100	250	83	79	39	26	40	67	22	59	271
gene-LOC142974000	0	0	7	4	0	0	0	0	0	4	0	0	10
gene-LOC142974002	2477	1183	1307	4359	1254	1890	2340	1164	2791	6041	8044	2463	202
gene-LOC142974003	134	187	264	165	148	113	253	307	405	315	347	346	146
gene-LOC142974006	4120	3395	3023	4194	2065	1297	3228	2188	2597	2546	1638	3460	5392
gene-LOC142974007	651	248	458	1171	515	676	166	70	363	258	408	379	1621
gene-LOC142974011	13	19	85	7	41	240	13	6	4	6	6	0	9025
gene-LOC142974014	702	589	1128	574	516	283	324	135	335	428	228	250	765
gene-LOC142974015	4	3	2	1	8	0	3	0	0	0	2	0	0
gene-LOC142974016	1724	475	137	120	70	225	849	1510	3545	210	464	201	12
gene-LOC142974018	852	1459	2680	1046	796	230	1375	985	973	823	917	1312	890
gene-LOC142974019	171	181	192	84	136	44	127	83	153	89	97	116	113
gene-LOC142974021	2	1	0	0	0	0	0	0	0	0	0	0	0
gene-LOC142974022	1879	1898	1919	1038	599	300	1330	1031	1389	630	982	1951	567
gene-LOC142974023	478	320	331	1022	183	395	200	88	202	301	424	254	626
gene-LOC142974025	2	1	0	8	0	0	0	0	4	3	10	0	0
gene-LOC142974027	0	0	0	0	0	0	0	0	0	0	1	0	0
gene-LOC142974031	115	106	130	131	89	87	295	223	336	327	183	245	109
gene-LOC142974033	4611	2832	2111	2901	345	630	3103	2036	2914	2462	2728	2740	162
gene-LOC142974034	1062	489	100	414	189	430	225	449	481	618	536	473	0
gene-LOC142974035	189	189	344	426	106	308	239	104	230	201	398	236	428
gene-LOC142974036	7	1	3	4	25	0	9	0	12	9	16	1	0
gene-LOC142974038	1	4	6	0	0	0	0	0	2	0	5	0	27
gene-LOC142974039	2055	2777	1135	1441	1048	1601	1600	1310	2779	1239	6724	2719	2234
gene-LOC142974040	375	882	4666	188	413	661	557	173	384	703	1126	786	115
gene-LOC142974041	206	502	1676	208	640	194	62	74	95	68	133	61	469
gene-LOC142974042	0	5	0	0	0	0	0	0	0	0	0	0	0
gene-LOC142974044	176	168	1009	16	308	13	58	50	174	6	115	1	234
gene-LOC142974045	0	5	0	0	0	0	0	0	0	0	0	2	5
gene-LOC142974046	5	10	56	7	5	0	0	0	0	0	0	0	4
gene-LOC142974047	322	543	3943	170	2253	633	213	152	364	413	462	296	155
gene-LOC142974050	64	65	12	32	27	135	89	53	277	155	178	281	0
gene-LOC142974051	123	79	16	82	29	43	68	80	163	110	149	239	16
gene-LOC142974052	21	36	185	76	70	81	147	135	179	111	104	67	169
gene-LOC142974053	4642	1204	426	2950	247	1845	3821	2032	9097	4387	12063	4269	555
gene-LOC142974057	0	5	0	0	0	0	0	0	0	0	0	0	98
gene-LOC142974058	0	0	0	0	0	0	0	3	0	0	0	0	0
gene-LOC142974059	17	89	56	73	424	844	4	19	42	6	10	3	1555
gene-LOC142974060	7944	25841	15298	2235	10830	8911	74428	8338	43545	8407	26924	126693	13
gene-LOC142974062	2415	1279	1143	1974	737	1296	1591	925	1554	1017	697	1358	2894
gene-LOC142974063	347	470	494	608	390	518	1591	1175	4017	2119	3555	2158	736
gene-LOC142974067	1273	971	906	1216	507	486	187	96	201	127	200	281	1143
gene-LOC142974068	60	81	249	95	29	0	39	12	43	46	33	51	248
gene-LOC142974069	79	74	82	74	246	273	4	5	11	8	26	16	425
gene-LOC142974072	1148	717	619	925	533	417	1244	674	1782	856	973	1006	755
gene-LOC142974073	10239	13268	11326	4010	7274	1031	1519	951	694	482	828	1056	1052
gene-LOC142974074	44	168	320	12	162	11	13	3	23	10	3	2	44
gene-LOC142974078	186	38	11	264	28	127	9	5	12	13	10	7	1184
gene-LOC142974081	0	0	0	0	0	0	0	0	0	0	0	0	0
gene-LOC142974082	232	114	40	636	88	57	302	185	384	284	609	520	0
gene-LOC142974083	323	293	363	216	65	9	87	54	44	38	21	23	188
gene-LOC142974085	0	0	0	0	0	0	0	0	0	0	0	0	0
gene-LOC142974087	6	2	0	0	0	0	0	0	11	0	0	0	124
gene-LOC142974088	3	1	0	0	0	0	0	4	10	0	1	0	0
gene-LOC142974089	0	0	0	0	0	0	0	0	0	0	0	0	0
gene-LOC142974090	42	6	26	62	13	17	0	0	6	1	36	0	45
gene-LOC142974092	10	80	4	19	22	15	10	10	8	8	10	14	179
gene-LOC142974093	0	0	0	0	0	0	0	0	0	0	0	0	0
gene-LOC142974095	130	72	79	194	105	56	142	72	125	192	107	131	102
gene-LOC142974096	18	8	9	1	0	0	14	6	15	0	0	0	5
gene-LOC142974098	0	0	0	0	0	0	0	0	0	0	0	0	0
gene-LOC142974103	194	94	113	196	112	85	78	38	61	90	58	52	253
gene-LOC142974104	887	622	535	970	321	202	1794	1127	1565	937	1432	1183	560
gene-LOC142974105	1	0	19	2	0	0	0	0	4	18	4	1	0
gene-LOC142974106	0	0	2	0	0	0	0	0	0	0	0	0	0
gene-LOC142974108	0	0	0	1	0	0	2	2	5	7	1	0	16
gene-LOC142974109	3	0	0	0	0	0	0	8	0	0	3	0	0
gene-LOC142974110	595	184	326	949	245	1631	722	447	2095	1726	9303	4477	1365
gene-LOC142974111	6	13	7	3	5	1	54	0	2	5	11	8	0
gene-LOC142974112	18	2	0	32	0	60	98	53	82	506	700	88	0
gene-LOC142974113	0	0	0	0	0	0	0	0	0	2	0	0	0
gene-LOC142974114	0	0	0	0	0	0	0	0	0	0	0	0	0
gene-LOC142974115	0	0	0	0	0	0	3	0	0	0	3	3	44
gene-LOC142974118	0	0	0	0	0	0	0	0	0	0	0	0	0
gene-LOC142974119	3599	4954	2999	2280	1758	878	10014	8459	11923	6815	6583	10694	2330
gene-LOC142974120	2302	3647	3366	1083	1099	589	6027	4618	4251	3183	2671	4389	1237
gene-LOC142974121	1	0	1	0	0	0	0	0	0	0	0	0	0
gene-LOC142974122	51	27	23	60	4	13	171	91	340	190	367	270	55
gene-LOC142974123	1046	193	1868	611	873	1970	269	856	341	291	393	402	131
gene-LOC142974124	2	0	4	1	0	11	9	0	1	2	0	0	3
gene-LOC142974126	7	62	14	61	52	41	77	152	235	40	38	26	77
gene-LOC142974127	2	4	9	0	4	0	1	0	0	0	2	0	0
gene-LOC142974129	9672	7601	3189	8013	3897	5409	35643	29070	64156	30523	23269	34601	2664
gene-LOC142974131	0	0	0	2	0	0	0	0	0	0	0	0	0
gene-LOC142974132	177	346	123	454	117	438	324	279	151	585	54	91	0
gene-LOC142974133	8	131	170	13	78	54	40	31	55	29	18	13	0
gene-LOC142974134	0	0	0	0	0	0	0	0	0	0	0	0	0
gene-LOC142974135	1	9	0	0	0	0	0	0	0	0	0	0	0
gene-LOC142974136	0	0	0	0	0	0	0	0	0	0	0	0	0
gene-LOC142974137	97	82	89	140	27	71	157	147	175	214	342	286	44
gene-LOC142974139	0	1	0	0	0	0	0	0	0	0	0	0	12
gene-LOC142974141	0	1	9	1	9	0	0	0	2	1	4	0	17
gene-LOC142974143	79	35	225	100	124	28	95	63	101	149	91	85	77
gene-LOC142974145	16	12	4	18	9	0	0	0	2	2	0	14	0
gene-LOC142974149	947	1089	1091	581	988	157	1430	1535	1830	800	979	1339	326
gene-LOC142974150	0	0	0	0	0	0	0	0	0	0	0	0	0
gene-LOC142974153	0	0	0	0	0	0	0	0	0	0	0	0	0
gene-LOC142974154	22	24	43	11	31	10	12	18	34	37	51	18	234
gene-LOC142974155	1	0	4	0	6	0	0	1	2	0	0	0	4
gene-LOC142974156	2	10	4	2	6	244	8	8	123	5	21	10	617
gene-LOC142974157	10	41	34	4	42	0	12	0	11	0	0	5	5
gene-LOC142974158	0	0	0	0	0	0	0	0	0	0	1	0	0
gene-LOC142974160	50	90	14	97	56	78	59	113	112	55	39	133	64
gene-LOC142974161	149	0	663	319	55	0	1014	1615	684	313	196	1106	0
gene-LOC142974162	61	11	139	84	51	15	111	51	12	83	12	96	11
gene-LOC142974166	26	130	72	207	233	556	97	188	125	72	27	60	309
gene-LOC142974168	0	0	0	0	0	0	0	0	0	0	0	0	0
gene-LOC142974169	0	0	0	0	0	0	0	0	0	0	0	0	0
gene-LOC142974170	0	0	0	0	0	0	0	0	0	0	0	0	0
gene-LOC142974171	0	4	0	10	2	0	28	52	38	20	9	8	13
gene-LOC142974172	0	0	0	0	0	0	0	0	0	0	0	0	0
gene-LOC142974173	336	685	349	112	148	18	511	509	365	279	116	429	274
gene-LOC142974174	0	0	0	0	0	0	0	0	0	0	0	0	0
gene-LOC142974175	0	0	2	0	0	0	0	0	0	0	0	0	0
gene-LOC142974176	0	0	0	0	0	0	0	0	0	0	0	0	0
gene-LOC142974177	0	0	0	0	0	0	0	0	0	0	0	0	0
gene-LOC142974178	0	0	0	0	0	0	0	0	0	0	0	0	30
gene-LOC142974179	3	2	1	0	0	0	0	0	0	0	0	0	0
gene-LOC142974180	0	0	0	0	0	0	0	0	0	0	0	0	0
gene-LOC142974181	0	4	3	0	0	0	0	0	0	0	0	1	0
gene-LOC142974182	0	0	0	0	0	0	0	2	0	0	0	0	4
gene-LOC142974183	0	0	17	0	0	0	9	0	11	0	0	0	0
gene-LOC142974184	0	0	0	0	0	0	0	0	0	0	0	0	0
gene-LOC142974185	0	0	0	0	0	0	0	0	0	0	0	4	2
gene-LOC142974186	0	0	0	0	0	0	0	0	0	0	0	0	0
gene-LOC142974187	0	0	0	0	0	0	0	0	0	0	0	0	0
gene-LOC142974188	0	0	0	0	0	0	0	0	0	0	0	0	0
gene-LOC142974189	0	0	17	0	72	0	6	0	0	6	4	8	0
gene-LOC142974190	37	39	2310	25	1420	38	8	16	8	56	470	26	2
gene-LOC142974192	297	1638	148227	33	46042	24	64	44	70	126	377	137	37
gene-LOC142974193	1415	4270	344846	188	110459	184	30	56	140	226	476	179	70
gene-LOC142974194	7173	3866	2515	6658	2512	21819	2966	5896	5593	8124	8813	19208	3305
gene-LOC142974195	0	0	0	1	0	0	0	0	0	0	0	0	0
gene-LOC142974196	0	0	0	0	0	0	0	0	0	0	0	0	0
gene-LOC142974197	2	0	9	3	1	0	0	0	0	0	2	6	14
gene-LOC142974198	11	7	14	20	0	0	2	0	1	0	0	0	29
gene-LOC142974199	3	3	3	4	0	17	0	0	0	10	0	8	0
gene-LOC142974200	0	0	0	0	0	0	0	0	0	0	0	0	0
gene-LOC142974201	0	0	0	0	0	0	0	0	0	0	0	0	0
gene-LOC142974202	1	1	9	1	0	0	0	0	0	0	0	0	1
gene-LOC142974203	0	0	0	0	0	0	0	0	0	0	0	0	0
gene-LOC142974205	5	31	33	14	10	27	49	7	33	38	92	89	54
gene-LOC142974206	9535	9545	1364	1365	9991	71	1467	2129	233	268	463	2034	0
gene-LOC142974207	0	0	0	0	0	0	0	0	0	1	0	0	26
gene-LOC142974208	1119	405	20	1900	34	816	921	962	1637	3588	2742	2295	0
gene-LOC142974210	0	0	0	0	0	0	0	0	0	0	2	0	0
gene-LOC142974211	1	0	2	0	0	0	0	0	0	0	0	0	0
gene-LOC142974212	0	1	2	0	0	0	0	13	0	1	0	0	54
gene-LOC142974213	0	0	0	0	0	0	0	0	0	0	0	0	60
gene-LOC142974214	515	639	116	1049	28	1102	3740	7407	1764	3167	92	335	168
gene-LOC142974215	0	0	0	0	0	0	0	0	0	0	0	0	0
gene-LOC142974216	0	0	0	0	0	0	0	0	0	0	0	0	2
gene-LOC142974217	0	4	0	3	0	0	2	0	0	3	0	0	0
gene-LOC142974218	0	3	0	0	15	0	0	0	1	0	0	0	9
gene-LOC142974219	11	0	9	14	0	0	5	0	3	5	0	0	8
gene-LOC142974220	0	0	0	0	0	0	0	0	0	0	0	0	0
gene-LOC142974221	0	0	0	0	0	0	0	0	0	0	1	3	0
gene-LOC142974222	1252	431	63	148	251	210	25	85	106	12	29	5	2764
gene-LOC142974223	0	0	0	0	0	0	5	0	0	0	0	0	0
gene-LOC142974225	1836	200	1	915	51	342	2915	5508	3854	1884	2537	514	0
gene-LOC142974227	2095	3027	6073	673	1156	77	1366	859	695	271	181	374	810
gene-LOC142974228	4	26	266	0	0	26	6	0	0	0	0	0	209
gene-LOC142974229	0	0	0	0	0	0	0	0	0	0	0	0	4646
gene-LOC142974231	0	2	13	7	0	0	0	0	0	0	0	0	9
gene-LOC142974232	6	0	3	7	10	0	0	1	1	3	5	0	4
gene-LOC142974233	0	14	0	0	0	0	0	0	0	0	0	0	0
gene-LOC142974234	126	79	330	248	179	52	116	87	81	97	98	104	183
gene-LOC142974236	1	0	5	0	0	10	0	0	1	0	0	0	5
gene-LOC142974238	611	434	655	371	170	156	455	165	367	201	172	266	591
gene-LOC142974239	0	9	7	3	0	6	4	0	0	0	0	0	188
gene-LOC142974240	55	71	102	157	114	95	143	111	188	148	117	156	149
gene-LOC142974241	70	48	74	64	28	20	48	57	54	31	41	43	154
gene-LOC142974243	616	406	701	357	518	132	107	94	72	117	86	78	401
gene-LOC142974244	21	4	7	5	11	81	0	0	11	1	2	0	0
gene-LOC142974245	0	0	4	0	0	0	0	0	0	1	0	0	0
gene-LOC142974246	795	344	183	384	22	585	999	246	1234	582	1690	941	13
gene-LOC142974247	1590	152	55	1319	64	2718	4462	1117	6795	3650	8098	5927	0
gene-LOC142974248	6	6	0	2	0	0	21	14	33	0	6	0	272
gene-LOC142974249	0	0	14	1	6	0	1	0	0	1	0	0	30
gene-LOC142974250	0	3	1	1	0	0	0	0	0	0	0	0	0
gene-LOC142974251	71	59	32	99	16	54	124	100	422	165	460	321	259
gene-LOC142974252	732	246	249	1141	179	1246	392	198	636	452	1047	492	1885
gene-LOC142974253	36	39	66	68	155	311	43	19	55	102	295	69	50
gene-LOC142974255	93	50	164	321	141	65	40	15	25	29	46	29	536
gene-LOC142974256	490	42	1710	506	521	274	424	212	308	256	177	131	2239
gene-LOC142974257	300	228	437	199	235	59	170	104	175	199	147	163	201
gene-LOC142974258	0	1	0	0	0	0	0	0	0	0	0	0	0
gene-LOC142974259	0	0	0	1	0	0	0	0	0	2	0	0	0
gene-LOC142974260	0	1	0	1	0	0	0	4	0	0	0	0	0
gene-LOC142974261	0	0	0	0	0	0	0	0	0	0	0	0	0
gene-LOC142974262	0	0	0	0	0	0	0	0	0	0	0	0	0
gene-LOC142974263	243	234	703	272	287	510	376	301	305	580	87	329	3290
gene-LOC142974264	12	6	34	3	19	33	18	11	16	11	9	0	285
gene-LOC142974266	3	0	3	0	0	0	0	1	1	4	0	0	64
gene-LOC142974267	0	1	1	2	1	0	0	0	10	0	0	0	31
gene-LOC142974268	148	46	273	402	654	249	439	111	733	248	1498	370	0
gene-LOC142974269	0	2	0	3	7	21	2	0	1	0	1	8	0
gene-LOC142974270	178	280	61	126	121	95	108	140	257	61	93	98	12
gene-LOC142974271	43	40	8	21	0	0	38	2	7	14	12	2	18
gene-LOC142974272	16064	14635	2042	10356	6149	2541	1389	2757	2583	2650	2124	2541	219
gene-LOC142974273	0	0	0	0	0	0	0	0	0	0	0	2	180
gene-LOC142974274	0	0	0	0	0	0	0	0	0	0	0	0	12
gene-LOC142974276	0	0	0	0	0	0	0	0	0	1	2	0	0
gene-LOC142974279	71	71	289	532	94	89	4	0	4	9	14	18	380
gene-LOC142974285	1047	860	1061	804	374	215	135	62	35	137	46	90	558
gene-LOC142974286	83	88	32	83	21	42	25	34	46	24	44	29	64
gene-LOC142974288	3	0	16	0	0	14	0	0	0	0	0	5	14
gene-LOC142974289	14	35	57	15	163	411	15	6	26	13	47	15	2868
gene-LOC142974290	87	95	109	83	94	94	25	17	36	63	80	78	187
gene-LOC142974291	29	20	5	22	0	25	13	9	4	0	5	14	23
gene-LOC142974292	1	11	0	5	0	22	4	0	0	3	5	0	21
gene-LOC142974293	10719	10078	2635	3306	4567	6664	8417	11605	25533	8524	16979	12197	2246
gene-LOC142974294	35662	14815	107730	18670	29517	742	3345	12111	4095	3728	5526	1434	11
gene-LOC142974295	2	0	80	584	8	44	0	5	0	3272	252	15	0
gene-LOC142974297	107	31	131	19	7	74	17	2	35	41	34	88	282
gene-LOC142974299	7664	6256	231666	1285	76158	345	222	1649	523	1629	893	527	43
gene-LOC142974300	166674	53910	57016	39556	29038	52784	121216	67940	177594	380561	315845	321379	1
gene-LOC142974301	12760	7115	8395	14277	5006	23728	3443	5619	6306	7873	14381	18521	5349
gene-LOC142974303	402	188	253	175	145	327	154	148	170	255	341	107	159
gene-LOC142974304	176	62	137	172	75	76	63	21	56	59	46	66	258
gene-LOC142974305	13598	4230	1994	6442	1060	5473	4296	1473	3164	6413	5116	4162	26
gene-LOC142974306	304	278	488	403	208	175	485	335	498	411	469	633	210
gene-LOC142974308	900	824	929	2086	791	430	2414	1728	3258	1827	2297	3510	425
gene-LOC142974310	37	31	39	25	44	11	24	10	23	12	17	5	629
gene-LOC142974312	989	401	283	793	200	449	1538	549	1366	1149	766	909	259
gene-LOC142974315	4	6	3	0	15	0	0	0	2	0	0	0	14
gene-LOC142974316	1	0	2	0	0	5	7	0	3	0	1	0	12
gene-LOC142974317	1198	1143	2318	1123	844	132	1728	1102	648	1086	426	612	181
gene-LOC142974318	2081	2926	414	579	182	939	650	1058	1533	601	995	1443	15
gene-LOC142974319	0	0	0	2	4	0	0	0	6	0	10	0	137
gene-LOC142974320	0	0	9	2	11	10	0	0	0	0	0	0	115
gene-LOC142974321	2620	2342	1348	2679	562	2775	12269	6979	7115	10647	4227	6422	0
gene-LOC142974322	8	17	3	8	0	0	20	9	4	7	0	0	0
gene-LOC142974324	3028	633	367	4454	164	4168	1597	291	1305	2941	3707	2384	61
gene-LOC142974325	301	208	204	348	147	246	66	32	87	132	169	126	325
gene-LOC142974326	20	21	39	12	32	0	0	0	9	4	2	0	6
gene-LOC142974327	659	655	673	363	197	99	374	224	197	262	172	162	172
gene-LOC142974328	1582	560	691	1350	307	2115	4382	2154	4041	5339	3851	3223	6
gene-LOC142974331	3604	3296	4112	3486	1662	927	980	744	1104	925	1117	2140	5
gene-LOC142974333	0	0	0	3	0	0	0	1	0	3	1	0	5
gene-LOC142974335	0	0	3	0	0	0	0	0	0	0	0	0	6
gene-LOC142974340	57	25	5	0	12	0	5	0	21	0	44	5	280
gene-LOC142974342	207	97	215	128	188	27	285	237	388	214	256	274	144
gene-LOC142974343	4667	4208	1703	2576	1068	712	6019	3494	5603	3129	2614	3048	0
gene-LOC142974344	21701	14060	5835	10690	4414	786	7573	7577	7850	4687	4369	10279	0
gene-LOC142974345	371	460	47	820	87	103	626	926	556	966	419	811	0
gene-LOC142974346	9988	15970	13983	14619	5414	4110	12187	9781	15076	11754	12219	15905	462
gene-LOC142974347	5	8	21	7	55	9	3	4	7	6	9	14	22
gene-LOC142974348	0	0	0	3	0	0	6	4	0	4	0	0	21
gene-LOC142974349	651	532	703	1360	350	179	406	154	216	316	412	287	589
gene-LOC142974350	1	2	4	10	2	53	7	28	27	17	77	16	0
gene-LOC142974351	34	28	117	38	138	142	15	0	6	34	43	23	1775
gene-LOC142974352	0	0	0	0	0	0	0	0	0	0	0	0	21
gene-LOC142974356	0	0	1	0	0	0	0	0	0	0	2	0	664
gene-LOC142974357	0	0	2	2	0	0	0	0	8	0	0	0	77
gene-LOC142974358	1	5	18	0	34	0	0	0	3	0	0	7	2913
gene-LOC142974360	0	0	0	0	0	8	0	0	0	0	0	0	0
gene-LOC142974362	0	2	0	0	0	0	0	0	0	0	0	0	0
gene-LOC142974363	657	566	746	469	290	209	1158	693	822	754	776	996	394
gene-LOC142974364	879	324	616	631	91	379	311	79	206	188	216	172	986
gene-LOC142974366	1180	868	1189	810	856	799	226	143	115	433	372	204	1046
gene-LOC142974367	91	115	64	295	72	76	58	28	48	134	75	42	339
gene-LOC142974368	744	611	1025	648	474	259	423	229	469	280	393	332	358
gene-LOC142974369	0	0	0	0	10	0	4	0	1	0	0	2	1
gene-LOC142974371	5	5	66	0	51	13	0	0	0	2	9	0	4
gene-LOC142974373	7	14	28	4	5	0	11	3	3	4	3	5	8
gene-LOC142974379	23	42	9	25	18	22	9	8	7	18	12	17	64
gene-LOC142974382	454	163	500	410	299	265	107	96	81	175	100	99	1018
gene-LOC142974386	0	1	0	0	0	0	0	0	0	0	0	0	11
gene-LOC142974388	0	0	0	0	0	0	0	14	5	0	0	0	0
gene-LOC142974389	1073	1042	1075	901	407	191	759	542	592	582	463	518	1031
gene-LOC142974391	347	227	142	409	138	220	163	63	76	69	217	166	1787
gene-LOC142974393	1024	1126	614	2901	116	483	765	514	452	603	414	589	632
gene-LOC142974394	564	983	758	1018	416	777	1869	1394	2126	3229	2283	1813	59
gene-LOC142974395	5	11	2	3	2	0	25	7	8	14	2	17	0
gene-LOC142974400	381	458	1687	496	2169	685	1151	785	464	683	113	192	3
gene-LOC142974401	4459	1168	1137	2788	196	748	1664	1416	2350	1721	1851	1267	0
gene-LOC142974402	384	4227	2068	221	1879	47	629	616	641	713	78	325	0
gene-LOC142974403	138	33	23	27	18	0	42	12	306	27	38	122	0
gene-LOC142974404	0	0	0	0	0	0	0	0	22	0	0	0	0
gene-LOC142974406	3	2	8	4	0	32	10	0	12	7	1	0	30
gene-LOC142974409	282	49	9	1200	0	458	71	25	13	1535	26	548	0
gene-LOC142974410	240	248	296	214	209	158	193	195	146	197	291	311	178
gene-LOC142974411	120	84	186	172	87	159	145	102	226	301	585	299	140
gene-LOC142974419	0	0	0	0	0	0	0	0	0	0	0	0	0
gene-LOC142974422	1237	979	515	1704	364	516	1606	1030	1124	1103	827	873	858
gene-LOC142974423	85	42	49	91	32	39	83	52	68	101	135	148	90
gene-LOC142974425	87	48	48	82	39	32	94	41	134	84	235	339	100
gene-LOC142974426	1045	888	1396	922	405	392	1454	943	1594	1142	1035	1316	1282
gene-LOC142974428	0	0	0	3	0	0	0	1	4	0	0	3	235
gene-LOC142974430	0	0	0	2	0	0	0	3	0	1	0	0	0
gene-LOC142974431	0	0	3	2	19	0	0	0	0	3	3	0	33
gene-LOC142974432	0	0	6	2	0	102	2	1	4	2	10	7	20
gene-LOC142974434	0	0	0	2	0	0	2	0	19	0	11	0	0
gene-LOC142974437	122	222	256	215	160	52	237	229	145	247	231	347	131
gene-LOC142974443	240	248	448	197	547	269	460	409	780	287	460	500	882
gene-LOC142974444	15	43	31	7	12	0	21	15	9	33	2	19	3
gene-LOC142974445	8	5	14	0	10	0	2	0	5	6	7	1	18
gene-LOC142974446	225	322	776	110	236	72	351	355	396	279	169	185	20
gene-LOC142974447	72	119	304	72	72	8	8	8	3	6	7	5	1068
gene-LOC142974449	5	8	53	10	0	94	7	0	0	1	0	1	186
gene-LOC142974450	7523	10965	10365	8579	2340	2538	15071	9957	12933	9005	11666	14629	2105
gene-LOC142974453	2411	2370	769	2917	3178	29124	5728	3935	13235	4665	8021	3245	35891
gene-LOC142974454	0	0	0	0	0	0	3	0	0	0	0	0	0
gene-LOC142974455	22	1	18	1	8	101	40	15	7	4	13	0	786
gene-LOC142974456	608	453	620	383	336	497	1388	1343	2134	1537	1827	1741	650
gene-LOC142974457	7	6	9	6	17	63	1	5	7	2	10	5	417
gene-LOC142974462	6	3	2	5	0	0	2	0	1	4	14	6	5
gene-LOC142974463	0	0	0	1	0	0	0	0	0	0	0	0	0
gene-LOC142974468	0	0	0	0	0	0	2	0	3	1	0	0	0
gene-LOC142974470	7	3	10	2	0	0	17	8	1	2	4	1	599
gene-LOC142974471	151	36	38	0	12	0	0	1	24	0	39	82	1231
gene-LOC142974472	406	512	786	319	266	81	1106	656	767	812	885	831	151
gene-LOC142974474	771	164	116	2696	107	1570	577	246	511	516	463	362	1567
gene-LOC142974476	91	39	50	33	16	458	19	4	28	28	20	2	2790
gene-LOC142974477	581	193	434	375	196	511	112	86	103	161	137	116	2021
gene-LOC142974478	243	169	259	242	168	92	181	249	398	280	339	338	352
gene-LOC142974483	287	313	580	222	321	152	648	402	799	331	498	618	2315
gene-LOC142974485	0	6	0	0	0	0	0	0	0	0	0	0	7
gene-LOC142974487	731	428	623	422	371	2139	142	94	84	69	82	66	6932
gene-LOC142974488	83	84	148	73	78	30	66	52	53	45	92	63	85
gene-LOC142974492	289	311	292	330	75	167	409	167	232	263	364	331	48
gene-LOC142974494	32498	31346	11096	12780	13368	11771	22335	30585	10217	5184	7360	4546	3
gene-LOC142974497	649	463	645	653	221	239	186	135	178	232	164	129	1114
gene-LOC142974502	73	99	94	128	88	312	129	77	117	97	131	57	856
gene-LOC142974503	370	321	352	276	138	273	275	177	249	205	196	213	589
gene-LOC142974504	20	30	2	18	0	0	2	7	1	0	0	2	175
gene-LOC142974506	26624	7297	3368	34707	2586	20741	15198	2317	8961	11484	8153	7425	2079
gene-LOC142974507	5376	1304	17	273	22	35	426	1539	6602	106	248	146	0
gene-LOC142974509	0	3	2	1	12	26	3	5	18	1	9	0	1097
gene-LOC142974510	0	0	0	0	0	0	0	0	0	0	0	0	1
gene-LOC142974511	108	85	166	107	26	120	261	121	297	358	517	391	118
gene-LOC142974512	0	0	0	0	0	0	0	0	0	0	0	0	0
gene-LOC142974513	0	0	0	0	0	0	0	0	0	0	0	0	0
gene-LOC142974515	0	0	0	0	0	0	0	0	0	0	0	0	0
gene-LOC142974528	0	0	0	0	0	0	0	0	0	0	0	0	0
gene-LOC142974529	0	0	0	0	0	0	0	0	0	0	0	0	0
gene-LOC142974530	13	1	0	0	0	0	0	0	4	0	1	0	0
gene-LOC142974531	5	3	21	3	0	0	2	0	0	1	1	0	2
gene-LOC142974532	128	165	358	135	320	91	211	177	189	135	94	142	667
gene-LOC142974534	191	175	212	264	175	325	275	187	713	382	696	487	380
gene-LOC142974535	392	122	273	515	54	368	76	62	69	95	89	39	87
gene-LOC142974539	5	8	6	31	8	62	4	2	20	74	40	12	35
gene-LOC142974540	546	237	302	344	33	105	0	0	4	0	0	4	470
gene-LOC142974542	1603	388	176	537	112	1218	2462	1089	10261	3903	19098	6933	403
gene-LOC142974545	4	7	0	0	6	0	3	0	0	1	2	0	0
gene-LOC142974547	8	6	2	21	15	0	5	2	17	9	8	40	316
gene-LOC142974550	57	34	6	45	25	27	17	59	64	41	93	147	5
gene-LOC142974551	5776	2830	791	6898	793	5311	5531	3605	19571	10459	14175	38974	0
gene-LOC142974552	0	1	5	0	0	51	0	0	5	1	1	0	7
gene-LOC142974554	3	1	4	19	0	1	1	4	2	13	15	1	0
gene-LOC142974556	55	18	3	0	0	0	0	0	42	0	54	0	295
gene-LOC142974559	74	65	116	67	51	34	127	82	67	122	50	99	82
gene-LOC142974561	1063	1090	1543	663	282	203	1163	788	1055	495	688	714	211
gene-LOC142974563	7	1	3	11	8	17	14	0	17	0	7	3	23
gene-LOC142974564	1	1	6	0	0	0	0	0	0	0	0	0	5
gene-LOC142974565	91	52	0	0	44	0	0	0	3	0	14	0	96
gene-LOC142974566	1454	34	177	612	87	1498	3361	1298	14495	5066	18814	17634	0
gene-LOC142974567	803	384	423	840	549	14642	7645	3861	20588	3082	10317	6327	4
gene-LOC142974568	2	0	0	1	0	0	0	8	7	0	0	5	69
gene-LOC142974569	222	169	456	189	49	31	330	98	108	115	367	202	47
gene-LOC142974571	1	0	0	0	0	0	0	0	4	0	0	1	284
gene-LOC142974572	38	3	18	2470	5	835	99	69	112	1699	1062	455	0
gene-LOC142974573	17	13	3	21	0	11	7	22	87	45	22	16	0
gene-LOC142974574	762	336	96	153	86	533	738	187	1452	855	3994	1782	5
gene-LOC142974576	372	397	376	261	428	201	547	758	1088	522	573	957	698
gene-LOC142974577	0	0	7	0	0	0	0	0	0	0	0	0	0
gene-LOC142974578	0	0	1	0	30	0	2	18	16	0	0	0	0
gene-LOC142974579	8	7	18	0	23	8	46	18	26	11	10	5	34
gene-LOC142974580	89	98	138	138	106	38	348	220	362	264	337	412	156
gene-LOC142974582	0	1	0	0	0	0	0	0	0	0	0	0	0
gene-LOC142974583	2	89	48	8	71	418	120	170	297	34	364	16	89
gene-LOC142974584	756	944	4573	190	2490	17	468	358	220	59	60	118	6317
gene-LOC142974585	0	0	0	0	0	0	0	0	0	0	0	0	0
gene-LOC142974586	0	5	1	0	0	0	0	0	5	0	25	0	3
gene-LOC142974588	6	27	43	10	17	247	77	55	63	2	8	12	358
gene-LOC142974590	112	68	81	79	115	99	58	28	55	39	64	62	389
gene-LOC142974592	357	317	107	426	67	224	827	91	1454	508	874	1222	1041
gene-LOC142974593	226	386	295	414	1178	179	450	397	978	325	435	709	744
gene-LOC142974594	0	4	4	0	0	0	0	0	0	1	2	0	0
gene-LOC142974595	281	25	16	374	11	209	302	166	2543	1268	3854	1454	0
gene-LOC142974597	37	42	131	15	9	15	59	49	59	51	115	100	44
gene-LOC142974598	6	3	8	3	0	19	0	0	2	0	0	0	171
gene-LOC142974599	419	240	131	579	98	271	251	143	265	340	641	446	231
gene-LOC142974600	2	22	32	12	18	11	0	0	1	0	3	4	56
gene-LOC142974602	8	8	10	13	11	0	22	13	14	14	4	17	29
gene-LOC142974603	0	2	0	1	0	0	0	0	0	0	0	0	0
gene-LOC142974604	122	263	226	224	506	40	222	540	724	218	292	466	137
gene-LOC142974605	0	4	5	5	0	0	4	0	1	0	0	0	0
gene-LOC142974606	0	0	3	0	3	0	0	0	0	1	10	0	1
gene-LOC142974610	63	8	0	1	0	0	0	0	0	1	113	4	0
gene-LOC142974611	0	3	0	0	0	0	0	0	0	0	0	0	9
gene-LOC142974612	0	0	0	0	0	0	0	0	0	0	0	0	0
gene-LOC142974613	0	4	2	0	6	0	2	0	0	0	0	0	702
gene-LOC142974615	209	130	185	147	42	0	495	201	256	370	291	382	69
gene-LOC142974616	0	0	2	0	0	12	0	0	8	8	15	5	0
gene-LOC142974617	0	0	0	0	0	0	0	0	0	0	0	0	0
gene-LOC142974618	2	5	0	0	0	0	0	0	0	0	0	0	0
gene-LOC142974621	0	0	0	1	0	0	0	5	0	0	0	0	0
gene-LOC142974624	68	32	81	16	20	53	4	8	1	14	0	9	36
gene-LOC142974625	674	508	271	899	286	1374	2515	2313	4772	2688	2705	4406	2
gene-LOC142974626	1	2	2	0	4	0	0	2	0	5	8	1	17
gene-LOC142974627	1	0	1	0	0	0	0	0	2	0	5	1	0
gene-LOC142974628	0	7	0	0	0	0	0	0	0	0	0	0	0
gene-LOC142974629	51	67	45	43	18	48	37	15	13	21	34	8	45
gene-LOC142974630	1	6	5	3	0	0	0	9	0	0	0	12	0
gene-LOC142974631	2095	2594	1669	2152	1505	822	1066	963	1258	644	557	699	4519
gene-LOC142974632	831	915	1288	590	1125	210	63	35	53	114	97	135	666
gene-LOC142974633	147	86	258	399	82	45	97	54	149	107	169	184	445
gene-LOC142974634	88	111	142	136	126	8	149	118	149	117	147	145	93
gene-LOC142974635	63	76	43	23	64	35	16	18	3	12	18	17	223
gene-LOC142974636	7	5	14	16	0	6	7	2	0	4	7	10	9
gene-LOC142974638	55	15	22	60	19	35	78	48	88	69	108	107	64
gene-LOC142974639	60	58	50	45	65	21	51	35	26	48	20	25	103
gene-LOC142974640	0	0	2	1	0	0	1	0	0	4	0	0	0
gene-LOC142974641	92	76	146	329	71	301	267	176	395	394	570	390	100
gene-LOC142974642	2759	444	211	2689	132	1867	1478	486	1174	1076	1575	1238	1174
gene-LOC142974643	675	135	62	639	74	285	195	83	190	303	463	336	416
gene-LOC142974644	0	7	1	0	0	0	0	3	0	0	0	0	4
gene-LOC142974645	0	0	1	0	0	0	0	0	0	0	0	0	104
gene-LOC142974646	0	0	0	0	0	0	0	0	0	0	0	0	253
gene-LOC142974648	0	0	0	0	0	0	0	0	0	0	0	0	0
gene-LOC142974649	0	0	8	0	0	0	0	0	0	0	0	0	0
gene-LOC142974650	0	2	1	0	0	0	0	0	0	0	2	0	0
gene-LOC142974651	394	189	369	853	123	165	132	57	55	82	53	75	379
gene-LOC142974654	233	172	345	309	234	165	45	49	30	86	50	78	3514
gene-LOC142974655	167	195	262	189	297	144	471	363	321	261	201	297	336
gene-LOC142974656	35	23	42	30	0	28	6	0	1	0	2	1	99
gene-LOC142974657	251	367	510	468	290	441	78	35	50	139	120	125	1901
gene-LOC142974658	134	149	214	210	163	72	71	23	34	97	59	63	22
gene-LOC142974663	601	612	988	1804	904	575	945	697	798	942	665	664	2038
gene-LOC142974666	0	0	0	0	0	0	0	0	0	0	0	0	0
gene-LOC142974670	0	0	0	0	0	0	5	3	1	0	6	1	0
gene-LOC142974671	509	69	109	920	64	59	353	37	1484	312	15	84	124
gene-LOC142974672	143219	178256	146557	60742	100746	24860	24194	29129	15132	28383	3088	34752	3
gene-LOC142974673	4	9	4	3	10	0	0	0	0	0	0	0	239
gene-LOC142974674	0	0	0	0	0	0	0	0	0	0	0	0	1
gene-LOC142974676	13	4	18	27	5	9	10	0	9	3	17	7	20
gene-LOC142974680	116	157	397	120	107	20	97	86	86	93	95	162	64
gene-LOC142974681	744	1330	1302	961	1026	98	216	127	99	101	57	42	183
gene-LOC142974684	456	525	707	433	324	104	250	124	103	171	103	145	917
gene-LOC142974685	19	1	20	46	23	15	34	14	29	41	90	46	19
gene-LOC142974686	102	146	174	99	123	36	207	254	316	248	243	225	75
gene-LOC142974687	39310	9902	7260	181600	7932	100714	10879	2792	15933	13802	28949	26721	17660
gene-LOC142974688	4390	3767	3425	8753	4499	12449	1538	1531	2134	598	1301	1481	97689
gene-LOC142974689	374	314	258	502	143	252	111	41	80	114	139	85	375
gene-LOC142974690	3	0	2	17	0	0	0	0	0	1	0	0	7
gene-LOC142974692	104	83	116	136	34	62	313	223	471	336	745	454	90
gene-LOC142974693	0	3	0	1	0	0	0	0	6	5	0	1	0
gene-LOC142974694	0	1	5	0	0	0	2	0	0	0	0	1	4
gene-LOC142974695	1	0	231	8	315	224	462	325	521	57	54	4	2
gene-LOC142974696	1	6	0	0	0	0	0	0	0	0	0	0	0
gene-LOC142974698	0	0	0	0	0	0	2	0	1	0	2	9	0
gene-LOC142974699	124	47	117	51	135	69	61	54	96	37	82	78	819
gene-LOC142974700	19	11	6	14	25	6	15	1	5	3	2	8	56
gene-LOC142974701	427	354	570	809	205	143	187	95	165	285	190	138	1830
gene-LOC142974702	20	29	76	25	9	199	226	349	679	172	322	52	0
gene-LOC142974703	16	6	568	648	880	5432	9316	6851	11618	2732	6741	45	0
gene-LOC142974704	347	184	255	287	279	273	182	151	255	323	390	446	684
gene-LOC142974705	0	5	0	0	17	0	4	0	0	0	0	0	0
gene-LOC142974708	61	50	10	92	14	59	102	39	160	112	174	75	48
gene-LOC142974709	169	37	157	36	8	22	21	5	5	0	4	1	611
gene-LOC142974710	1	0	3	0	0	0	0	0	0	0	0	0	3
gene-LOC142974711	0	0	0	0	0	0	0	0	0	0	0	0	0
gene-LOC142974713	43	37	103	44	15	0	28	87	139	91	93	168	81
gene-LOC142974714	453	170	292	403	92	177	31	22	13	55	93	70	742
gene-LOC142974715	789	762	976	421	595	299	254	46	129	193	249	261	805
gene-LOC142974718	2	4	3	1	0	0	1	0	0	0	0	4	14
gene-LOC142974719	0	0	0	0	0	0	0	0	0	0	0	0	0
gene-LOC142974720	0	0	0	0	0	0	0	4	0	0	0	0	0
gene-LOC142974722	3	6	0	4	22	19	16	13	16	8	12	0	1
gene-LOC142974723	3233	6251	6278	5273	4056	2738	10394	12036	12296	8951	7592	11457	7897
gene-LOC142974725	368	124	173	401	94	206	1055	695	1329	1116	1383	975	98
gene-LOC142974727	0	0	0	0	0	0	0	0	0	0	0	0	0
gene-LOC142974728	818	786	134	1166	245	1249	2631	1361	5739	5796	8135	6543	0
gene-LOC142974729	2	0	3	0	0	0	0	0	0	2	1	0	0
gene-LOC142974730	0	0	1	0	0	0	0	0	0	0	0	0	0
gene-LOC142974732	1	0	10	1	0	0	0	2	0	1	8	0	4
gene-LOC142974734	1	1	0	3	0	0	0	0	0	0	0	0	0
gene-LOC142974735	1396	402	237	357	102	122	192	127	131	173	195	137	202
gene-LOC142974737	3681	1258	1823	524	349	823	2658	1438	3956	1847	2381	2488	1051
gene-LOC142974739	885	357	385	839	293	200	68	59	28	31	14	31	1523
gene-LOC142974740	5	6	0	0	0	0	0	0	0	0	0	0	4084
gene-LOC142974743	56	47	46	225	0	697	233	117	197	610	215	261	65
gene-LOC142974747	22239	15517	21106	15411	6439	5506	18595	13309	23969	17472	20101	25044	1198
gene-LOC142974748	149	115	305	310	122	54	65	56	49	45	23	49	421
gene-LOC142974749	2522	1631	2775	1756	886	967	1619	1051	1779	1831	2177	1960	1047
gene-LOC142974750	2403	1762	1817	2255	717	492	324	249	236	263	199	242	1150
gene-LOC142974752	326	9	0	1518	3	6328	530	39	2193	6865	10736	3634	0
gene-LOC142974753	257	396	254	394	79	56	82	49	46	106	75	33	1226
gene-LOC142974754	312	374	410	472	336	511	1321	1118	1927	1770	1661	1099	704
gene-LOC142974755	24	9	46	35	50	0	17	17	16	3	4	8	458
gene-LOC142974756	3691	3724	7265	1857	2924	755	1247	471	341	884	496	486	836
gene-LOC142974759	6	0	7	17	0	0	12	0	38	13	25	0	14
gene-LOC142974760	233	174	117	26	67	13	40	220	103	39	5	113	0
gene-LOC142974767	39	293	79	111	225	357	410	970	1575	371	383	350	24
gene-LOC142974769	8	12	21	6	10	97	66	160	239	65	109	7	0
gene-LOC142974772	0	1	0	0	0	0	0	0	0	0	0	0	1
gene-LOC142974773	0	0	0	0	0	0	0	0	0	0	0	0	0
gene-LOC142974774	0	4	0	0	0	0	0	0	0	0	0	0	0
gene-LOC142974776	1110	773	667	781	980	479	1129	467	794	1661	229	786	539
gene-LOC142974777	1618	233	424	3073	208	3212	2539	796	1509	4178	1156	1750	389
gene-LOC142974778	225	57	21	631	23	596	320	389	626	2029	1469	743	3
gene-LOC142974779	25	21	27	22	0	0	23	7	10	26	34	33	36
gene-LOC142974780	0	2	2	2	0	0	5	0	0	3	0	0	22
gene-LOC142974781	16	7	21	42	8	8	33	8	31	39	64	86	30
gene-LOC142974782	508	550	1641	774	1211	659	269	380	285	739	681	460	125
gene-LOC142974784	645	836	6002	634	1744	315	170	426	323	106	89	82	1460
gene-LOC142974785	31	16	31	63	54	99	46	14	62	61	117	69	4365
gene-LOC142974787	0	0	0	0	0	0	0	0	2	0	0	0	1727
gene-LOC142974791	17	2	15	4	18	59	6	1	8	5	5	0	102
gene-LOC142974792	0	0	0	0	0	0	0	0	0	0	0	0	0
gene-LOC142974794	3269	979	385	3604	221	1401	4524	1351	4152	2423	5254	7502	0
gene-LOC142974795	10978	8662	7885	8374	3081	2817	17088	17485	26767	18078	20333	20427	0
gene-LOC142974799	5	2	14	1	0	0	0	7	0	0	0	0	308
gene-LOC142974800	12	9	0	32	0	0	7	5	2	1	0	5	22
gene-LOC142974801	0	0	5	0	0	0	0	0	0	0	0	0	0
gene-LOC142974802	0	0	1	3	0	0	0	0	0	1	0	0	13
gene-LOC142974805	42	16	35	38	9	0	42	29	51	43	79	55	37
gene-LOC142974809	2879	3832	7727	2606	1478	188	2474	1682	1286	1251	938	1024	444
gene-LOC142974811	234	252	641	602	314	173	223	206	186	227	422	378	562
gene-LOC142974812	4	6	193	21	117	0	2	6	7	43	59	1	21
gene-LOC142974813	716	685	674	949	125	149	1096	555	646	750	732	1077	295
gene-LOC142974814	1187	943	370	1138	247	465	1012	1040	1146	1372	1839	1947	100
gene-LOC142974815	2	1	2	6	2	28	0	0	0	0	0	2	9
gene-LOC142974816	312	523	759	316	232	49	454	671	895	505	524	578	62
gene-LOC142974819	0	0	6	0	0	0	0	3	0	0	0	2	0
gene-LOC142974820	102	55	20	421	5	304	937	760	368	3348	676	1072	3
gene-LOC142974821	2591	3444	1463	3630	570	1454	9157	4543	5267	6487	4761	10654	500
gene-LOC142974822	114	493	221	192	225	109	945	19	36	412	736	36	201
gene-LOC142974823	5342	1688	3480	1049	843	1260	2081	1130	4478	3206	4885	5017	3515
gene-LOC142974824	8	10	22	13	19	8	13	0	8	5	0	0	14
gene-LOC142974825	2	1	0	0	0	12	5	0	0	0	0	0	7
gene-LOC142974826	424	1610	1653	364	604	991	1072	1124	1405	363	505	609	363
gene-LOC142974831	2	0	5	0	4	0	0	0	0	0	0	0	0
gene-LOC142974832	0	0	0	0	0	0	0	0	0	0	0	1	0
gene-LOC142974833	6302	2165	1930	5046	550	658	1262	732	574	1003	804	880	0
gene-LOC142974834	25	34	17	59	6	113	10	8	16	19	35	18	76
gene-LOC142974836	10	10	21	53	6	14	33	19	83	47	146	114	26
gene-LOC142974837	25	44	150	132	49	46	33	31	29	26	18	17	167
gene-LOC142974838	0	2	0	0	0	0	0	0	3	0	0	0	258
gene-LOC142974839	99	115	362	143	207	694	190	139	385	215	221	136	47
gene-LOC142974840	0	0	0	0	0	0	0	0	0	0	0	0	0
gene-LOC142974842	35	119	2080	99	433	19	26	21	13	16	11	0	247
gene-LOC142974843	66	38	43	42	7	54	67	135	241	141	423	387	41
gene-LOC142974845	1	5	6	5	41	0	8	0	2	16	17	9	9
gene-LOC142974849	315	59	50	1189	84	658	262	102	918	4491	884	927	0
gene-LOC142974850	4022	3956	2691	3284	2555	1044	1532	1589	4610	1765	3039	1862	0
gene-LOC142974851	879	8	1105	48	506	12	69	8	48	33	44	10	0
gene-LOC142974852	698	1353	647	657	1126	629	362	602	346	537	324	669	5
gene-LOC142974853	11023	13629	2639	15810	2254	5509	4604	1900	1650	4445	1590	3367	409
gene-LOC142974854	959	868	1056	1068	663	434	732	530	796	422	639	553	553
gene-LOC142974856	21	51	52	16	31	50	14	0	6	0	6	0	481
gene-LOC142974859	456	277	482	524	268	212	281	210	440	369	456	368	753
gene-LOC142974860	0	0	0	0	0	0	0	0	0	0	0	0	0
gene-LOC142974862	666	352	686	740	292	619	839	261	377	1634	3198	1647	340
gene-LOC142974863	0	0	0	0	0	0	0	0	0	0	0	0	0
gene-LOC142974864	443	485	570	318	367	606	34	62	61	85	215	194	585
gene-LOC142974865	1	0	0	0	0	0	0	0	0	0	0	0	0
gene-LOC142974866	0	0	0	0	0	0	0	0	0	0	0	0	0
gene-LOC142974867	0	0	0	0	0	0	0	0	0	0	0	0	0
gene-LOC142974868	0	0	0	0	0	0	0	0	0	0	0	0	3
gene-LOC142974871	12	3	2	7	0	8	4	3	0	1	0	4	2
gene-LOC142974872	775	1297	2031	1747	253	240	692	353	242	994	187	284	421
gene-LOC142974873	0	0	0	0	0	0	0	0	0	0	0	0	0
gene-LOC142974874	0	0	0	0	0	0	0	0	0	0	0	0	0
gene-LOC142974875	29	42	74	12	0	15	51	0	11	6	7	33	7
gene-LOC142974876	8	0	9	0	0	0	5	0	5	16	13	3	17
gene-LOC142974877	7	0	18	0	5	67	50	0	106	23	143	501	0
gene-LOC142974878	67	47	202	58	58	31	73	11	44	45	34	53	126
gene-LOC142974879	0	0	0	0	0	0	0	0	0	0	0	0	0
gene-LOC142974880	2	0	0	0	4	0	0	0	0	0	0	0	0
gene-LOC142974881	0	19	0	0	0	0	14	0	0	18	0	14	0
gene-LOC142974882	37	16	0	85	2	282	86	63	147	349	359	67	18
gene-LOC142974883	0	0	0	0	0	0	0	0	0	0	0	0	3
gene-LOC142974884	0	0	0	1	0	0	0	0	0	0	0	0	2
gene-LOC142974885	0	3	0	0	0	0	0	0	0	0	2	0	14
gene-LOC142974886	12	69	70	23	25	0	8	13	5	23	1	15	14
gene-LOC142974887	69	62	76	137	42	51	152	50	30	330	14	63	0
gene-LOC142974888	3	1	6	4	0	0	5	0	0	1	3	0	0
gene-LOC142974889	5102	4129	6263	2343	2058	1599	2310	1540	2278	2149	2660	2057	2958
gene-LOC142974890	7	11	5	21	4	0	14	0	10	5	5	5	0
gene-LOC142974891	0	0	0	0	0	0	0	0	0	0	0	0	0
gene-LOC142974892	12	21	7	27	36	120	2	0	0	1	11	2	254
gene-LOC142974893	0	0	0	0	0	0	0	0	0	0	0	0	0
gene-LOC142974894	4207	3552	6224	2890	2790	1380	4201	2376	4180	2213	3816	4226	3537
gene-LOC142974895	0	6	53	3	27	0	0	0	0	0	0	0	108
gene-LOC142974896	0	0	0	0	3	0	0	0	0	0	0	0	0
gene-LOC142974898	14	10	14	29	0	1046	72	321	1119	98	997	20	0
gene-LOC142974899	4759	3952	3551	1161	1887	728	1221	469	848	925	1089	1062	456
gene-LOC142974900	117	142	34	627	44	430	1392	548	651	3012	989	1032	0
gene-LOC142974901	0	0	0	0	0	0	0	0	0	0	0	0	0
gene-LOC142974902	0	0	0	0	0	0	0	0	0	0	0	0	0
gene-LOC142974903	0	0	0	0	0	0	0	0	0	0	0	0	6
gene-LOC142974904	0	0	0	0	0	0	0	0	0	0	0	0	0
gene-LOC142974905	0	0	0	0	0	0	0	0	0	0	0	0	0
gene-LOC142974906	273	238	51	188	319	1053	169	346	649	94	249	69	3479
gene-LOC142974907	0	0	0	0	0	0	0	7	0	1	0	0	0
gene-LOC142974908	0	0	0	3	0	0	0	0	0	0	2	0	0
gene-LOC142974909	2	1	2	2	0	0	0	0	0	0	0	0	0
gene-LOC142974910	0	0	0	0	0	0	2	0	0	0	0	0	0
gene-LOC142974911	0	1	3	0	0	0	0	0	0	0	0	0	0
gene-LOC142974913	1	3	0	0	0	0	0	10	0	0	0	1	4
gene-LOC142974914	2	3	7	3	7	0	0	2	0	4	0	0	0
gene-LOC142974915	1	1	0	0	0	0	0	0	0	2	0	0	0
gene-LOC142974917	18	3	107	9	142	0	13	44	4	718	13	26	70
gene-LOC142974918	0	0	12	0	0	0	1	0	0	0	0	0	4
gene-LOC142974919	0	0	0	0	0	0	0	0	0	0	0	0	0
gene-LOC142974920	38286	92992	133531	9952	47274	181	18396	32221	2444	2747	292	1948	559
gene-LOC142974925	51	88	191	58	16	64	63	6	20	46	57	31	79
gene-LOC142974928	401	156	227	570	180	296	39	30	46	59	71	62	580
gene-LOC142974930	866	335	162	244	343	1279	502	445	1438	151	947	77	10375
gene-LOC142974931	139	81	137	167	38	41	54	42	65	51	64	107	239
gene-LOC142974932	20	23	20	23	7	14	24	8	16	12	7	28	22
gene-LOC142974933	0	0	0	1	0	0	0	0	0	0	0	0	9
gene-LOC142974934	0	0	0	0	0	0	0	0	0	0	0	0	0
gene-LOC142974935	8	2	30	6	16	16	0	0	0	0	0	0	20
gene-LOC142974939	1690	2026	2945	2163	829	242	1109	561	415	514	349	318	738
gene-LOC142974940	0	0	0	0	0	0	0	0	0	0	0	0	0
gene-LOC142974942	203	285	634	322	274	175	368	221	247	272	308	263	673
gene-LOC142974943	0	0	0	1	0	0	0	0	0	0	0	0	0
gene-LOC142974946	2	6	3	2	0	28	0	0	0	0	1	3	50
gene-LOC142974949	0	0	3	0	0	0	0	0	0	0	0	0	17
gene-LOC142974951	71	27	467	103	83	41	46	12	13	377	74	349	842
gene-LOC142974952	0	0	0	0	0	0	0	0	0	0	0	0	0
gene-LOC142974953	0	1	0	0	0	0	0	0	0	0	0	1	0
gene-LOC142974954	6	0	4	1	8	0	14	3	1	5	1	0	0
gene-LOC142974955	2	0	2	0	0	0	10	0	11	2	216	3	0
gene-LOC142974956	244	41	1646	6	1287	236	20	6	12	9	31	1	0
gene-LOC142974957	0	0	3	0	0	0	0	0	0	0	0	0	0
gene-LOC142974958	2166	9112	24404	599	12888	3322	2466	3650	3724	987	909	2236	1907
gene-LOC142974959	133	104	105	126	113	4566	216	364	1414	66	1959	422	0
gene-LOC142974960	198	268	115	768	200	567	482	339	1297	1165	1622	2235	30
gene-LOC142974963	102	128	218	40	166	12	11	2	12	14	9	9	207
gene-LOC142974964	67	82	72	79	100	80	77	73	198	237	302	162	156
gene-LOC142974965	0	0	0	2	0	0	0	0	0	2	0	0	6
gene-LOC142974966	4319	6854	4767	5451	3307	5638	3269	2455	2011	4515	1375	4361	1280
gene-LOC142974967	322	695	1009	169	805	315	98	71	65	42	48	74	630
gene-LOC142974971	0	0	0	0	0	0	0	0	0	0	0	0	0
gene-LOC142974972	389	843	192	188	1238	257	206	67	308	153	93	667	1192
gene-LOC142974973	411	558	19	493	52	143	1416	1574	1455	1697	767	1227	0
gene-LOC142974976	767	1874	3928	522	1505	369	1187	1068	1437	1515	573	1322	1892
gene-LOC142974977	1819	2553	3088	3231	963	408	957	797	846	1123	1140	1222	802
gene-LOC142974979	158	201	392	480	160	84	64	73	48	87	79	102	1769
gene-LOC142974980	255	236	355	223	96	91	73	19	54	96	90	55	245
gene-LOC142974981	362	374	716	317	654	138	263	145	293	165	115	236	565
gene-LOC142974982	1162	455	5264	257	238	88	287	291	256	153	48	177	52
gene-LOC142974983	50	53	84	49	20	21	62	29	69	24	37	50	155
gene-LOC142974984	0	0	0	0	0	0	0	0	0	0	0	0	0
gene-LOC142974988	4	2	1	32	0	0	4	4	10	3	6	7	32
gene-LOC142974993	3	0	6	3	0	0	0	0	0	3	2	4	0
gene-LOC142974995	5199	7251	7589	8753	3424	2185	7628	6763	10041	6670	6830	12487	4
gene-LOC142975000	27	51	50	27	52	32	12	3	10	18	17	12	111
gene-LOC142975001	617	710	997	397	361	166	934	654	752	732	535	684	736
gene-LOC142975002	0	0	14	2	0	0	4	0	3	4	6	0	38
gene-LOC142975003	196	173	235	617	84	43	155	410	140	16	16	32	14
gene-LOC142975004	1	4	0	3	0	0	0	0	0	0	0	0	25
gene-LOC142975005	1	0	0	5	0	15	1	0	5	7	5	11	3
gene-LOC142975006	1328	1423	877	4364	398	1710	753	403	764	1525	882	1788	1489
gene-LOC142975007	0	0	0	0	0	0	0	0	0	0	0	0	0
gene-LOC142975008	21	27	47	47	47	17	43	10	27	13	32	18	1
gene-LOC142975010	376	152	76	724	50	324	339	147	266	371	350	155	682
gene-LOC142975011	2100	966	1133	1259	491	411	318	134	413	445	326	273	996
gene-LOC142975012	1	0	0	0	0	0	0	0	0	0	0	0	0
gene-LOC142975013	838	363	886	665	587	246	215	174	457	276	605	403	1321
gene-LOC142975015	1	2	3	0	0	0	0	5	0	0	0	0	119
gene-LOC142975016	3285	264	121	1300	56	3413	5871	2917	21974	8347	37188	23074	7
gene-LOC142975017	0	4	4	1	0	0	1	3	4	2	0	0	4
gene-LOC142975018	1338	100	51	1564	47	2532	2300	833	8574	5265	10437	8057	0
gene-LOC142975019	0	0	0	0	0	0	2	0	0	5	3	0	0
gene-LOC142975021	435	269	214	351	570	235	260	374	834	833	1322	2012	0
gene-LOC142975022	436	105	30	2139	69	2366	878	282	4381	1404	15265	16457	21
gene-LOC142975023	1724	1583	198	1574	105	1124	11	1016	2133	2518	4153	3744	5
gene-LOC142975024	6	2	6	51	0	20	78	98	17	43	16	118	0
gene-LOC142975025	268	592	85	1451	414	54	332	420	329	175	360	745	86
gene-LOC142975027	1	1	0	1	29	0	5	0	0	2	3	5	4
gene-LOC142975028	2137	2427	2266	2575	868	733	868	1098	1050	4668	1653	1588	1253
gene-LOC142975029	461	347	432	703	195	453	517	426	660	475	852	621	452
gene-LOC142975030	0	18	18	16	6	242	2	8	3	1	0	0	421
gene-LOC142975032	0	4	2	0	10	0	0	4	0	1	0	2	97
gene-LOC142975035	0	0	0	1	0	0	0	0	1	0	0	0	8
gene-LOC142975036	2322	1510	915	6226	751	349	804	2432	2167	2487	759	1704	0
gene-LOC142975037	1	0	0	5	1	298	7	1	120	15	56	0	0
gene-LOC142975038	0	2	0	0	0	0	0	0	0	4	0	1	0
gene-LOC142975039	216	631	100	2158	145	650	1259	5285	2660	2164	704	874	38
gene-LOC142975040	209	158	80	193	56	126	87	262	261	109	205	149	365
gene-LOC142975041	3	3	2	42	0	16	18	12	42	44	31	8	0
gene-LOC142975042	522	125	183	2259	117	752	419	659	1520	2260	2884	1823	71
gene-LOC142975044	8	7	6	6	0	0	0	0	0	6	0	1	6
gene-LOC142975045	45	49	114	126	31	29	7	5	10	13	13	17	226
gene-LOC142975047	213	172	246	163	169	65	406	257	471	427	572	530	162
gene-LOC142975049	0	0	12	27	26	58	21	7	53	42	172	93	0
gene-LOC142975050	0	0	0	0	0	0	0	0	0	0	0	0	0
gene-LOC142975051	0	0	0	0	0	0	0	0	0	0	0	0	0
gene-LOC142975052	9242	1299	263	15801	1015	2804	6181	1584	30913	19573	45321	92697	0
gene-LOC142975053	65	141	0	1	148	0	0	2	6	0	5	0	962
gene-LOC142975054	0	0	0	0	0	0	0	0	0	0	0	0	0
gene-LOC142975056	7	61	50	108	34	20	3501	556	94	419	181	55	0
gene-LOC142975058	278	5802	101771	4	16886	18	74	62	68	9	12	7	487
gene-LOC142975060	5569	3039	1082	5077	1137	2428	2300	1093	1723	2333	1953	1807	2268
gene-LOC142975063	0	0	0	0	0	0	0	0	0	0	0	0	0
gene-LOC142975065	83	1	12	5	0	142	21	7	24	3	24	0	49
gene-LOC142975067	36498	5939	5383	29125	1933	76547	32024	5219	17976	22199	13766	17068	556
gene-LOC142975068	0	0	1	0	0	0	0	0	0	0	0	0	3
gene-LOC142975070	0	5	0	0	0	0	0	0	0	0	0	0	0
gene-LOC142975072	3	96	20	21	22	451	10	9	10	23	32	13	161
gene-LOC142975075	72	17	45	10	90	92	26	6	78	16	75	208	1909
gene-LOC142975076	1532	731	183	1834	297	1876	2703	1541	9012	4089	14575	12326	0
gene-LOC142975077	7	9	15	4	0	13	0	0	0	2	0	0	3
gene-LOC142975081	66	75	94	73	58	112	155	75	163	173	116	172	220
gene-LOC142975083	1	4	29	2	22	31	0	0	2	5	3	0	275
gene-LOC142975088	276	148	310	6	500	42	128	20	87	7	83	101	343
gene-LOC142975089	435	420	500	4	349	10	476	161	316	7	161	452	30
gene-LOC142975090	563	212	377	693	186	205	298	130	332	333	469	297	878
gene-LOC142975096	154	167	311	119	45	45	47	39	45	40	15	15	78
gene-LOC142975097	2317	2107	3317	4733	1152	739	1145	515	520	1004	716	699	27
gene-LOC142975098	2217	253	122	1070	25	591	1110	424	1480	745	1600	903	126
gene-LOC142975101	442	346	234	862	108	355	457	232	350	362	354	315	506
gene-LOC142975102	324	100	106	318	74	219	387	124	435	371	268	291	33
gene-LOC142975106	2	3	7	0	0	0	6	0	4	0	9	4	4
gene-LOC142975107	13	3	9	7	8	0	0	0	0	0	0	0	70
gene-LOC142975110	0	0	4	1	0	8	0	0	0	0	0	0	47
gene-LOC142975111	1913	1408	1971	1086	828	693	721	418	576	547	999	504	247
gene-LOC142975112	5	7	83	6	74	9	0	5	0	1	0	0	1468
gene-LOC142975113	142	44	96	194	199	484	180	162	358	112	258	138	494
gene-LOC142975114	5041	1625	1295	1766	496	1084	1760	910	3241	1021	2141	1451	3317
gene-LOC142975115	12	11	0	0	0	0	0	0	3	0	0	0	14
gene-LOC142975116	107	116	45	106	50	117	91	50	124	138	160	211	39
gene-LOC142975118	0	0	0	0	0	0	0	0	0	0	0	0	0
gene-LOC142975119	2090	6083	3711	3063	2701	524	5204	5516	4059	3521	2907	3891	314
gene-LOC142975120	1120	288	367	610	252	267	314	97	241	183	249	308	489
gene-LOC142975121	3	4	8	6	2	0	2	0	0	3	0	2	0
gene-LOC142975122	117	226	350	134	92	24	70	36	59	85	27	76	0
gene-LOC142975123	60	56	66	94	33	41	74	33	88	44	86	111	61
gene-LOC142975126	1	8	0	1	0	12	1	0	0	3	3	0	2
gene-LOC142975128	1	0	0	1	0	0	0	0	0	0	0	0	1
gene-LOC142975129	0	1	0	5	0	0	0	0	1	0	0	0	7698
gene-LOC142975130	0	0	1	0	0	0	0	0	0	0	0	0	0
gene-LOC142975131	6	4	11	990	45	1484	92	29	67	64	504	33	0
gene-LOC142975132	545	834	647	248	177	30	296	192	76	65	19	37	113
gene-LOC142975133	27	11	1	5	7	0	6	16	47	59	114	223	0
gene-LOC142975136	24	18	28	30	5	15	12	29	32	36	36	20	47
gene-LOC142975137	9	20	95	16	305	10	4	8	16	6	24	2	36
gene-LOC142975138	56	59	68	58	65	100	172	88	153	15	22	16	12
gene-LOC142975139	98	103	132	206	19	0	106	42	36	51	15	12	174
gene-LOC142975140	69	92	125	36	66	0	63	9	23	26	12	47	57
gene-LOC142975141	217	140	175	79	36	42	108	34	29	95	110	41	365
gene-LOC142975142	14	54	48	10	72	0	5	5	0	2	0	3	4
gene-LOC142975143	562	282	584	228	34	2420	197	4071	732	938	728	34	16
gene-LOC142975144	176	396	226	70	284	466	136	1335	75	135	60	49	46
gene-LOC142975145	15792	28791	25505	10578	8215	822	6132	11143	4372	4736	2039	2798	114
gene-LOC142975146	1484	3288	2331	728	1264	184	498	1228	277	443	200	223	6
gene-LOC142975147	1008	1502	1175	1122	110	662	526	663	820	1486	1245	663	1098
gene-LOC142975148	7741	14788	12038	4266	9242	70	2404	2546	429	534	149	472	76
gene-LOC142975149	7760	6412	910	5167	913	3163	14524	10815	8726	17262	7524	14712	51
gene-LOC142975150	24134	32803	24333	12642	27691	1173	14834	16753	5576	3240	3442	14005	194
gene-LOC142975151	7	21	18	5	35	2	12	80	6	4	1	0	3
gene-LOC142975153	33	38	24	17	0	95	88	29	126	73	493	362	4
gene-LOC142975154	3011	4568	5513	710	3336	694	4669	10375	14090	1800	7222	4856	8
gene-LOC142975155	2092	3267	3642	495	4685	644	4011	6737	6029	1137	6232	6998	80
gene-LOC142975156	30	23	19	8	225	87	47	2	127	70	1036	102	1975
gene-LOC142975157	15	15	42	11	89	18	0	2	0	0	0	0	38
gene-LOC142975158	604	270	242	429	208	386	40	55	50	91	223	228	4983
gene-LOC142975159	1433	276	53	1317	106	1479	453	177	1126	1194	2140	924	2
gene-LOC142975160	1267	950	1239	647	1015	1302	397	240	522	195	250	243	7383
gene-LOC142975161	762	404	292	656	101	1661	35	60	149	59	273	161	91
gene-LOC142975163	270	237	291	469	135	249	40	20	30	74	83	62	578
gene-LOC142975164	3344	4324	4902	2461	3074	984	151	142	61	196	148	246	1782
gene-LOC142975165	42	3	46	35	7	8	17	0	20	19	26	17	15
gene-LOC142975166	536	363	993	527	938	408	605	606	527	357	411	613	788
gene-LOC142975167	0	0	0	0	0	0	0	0	0	0	0	0	2
gene-LOC142975169	0	0	0	0	0	0	0	0	0	0	0	0	0
gene-LOC142975170	3	86	26	5	25	2	79	15	138	112	27	98	26
gene-LOC142975171	0	0	0	0	0	0	0	1	0	0	0	0	0
gene-LOC142975172	0	0	0	0	0	0	0	0	0	0	0	0	0
gene-LOC142975173	2	0	4	1	16	7	14	7	13	4	2	6	0
gene-LOC142975174	0	0	0	0	0	0	0	0	0	0	0	0	0
gene-LOC142975175	0	0	0	0	0	0	0	0	0	0	0	0	0
gene-LOC142975176	0	0	0	0	0	0	0	0	0	0	0	0	2
gene-LOC142975195	347	534	135	494	39	168	187	308	125	122	178	164	254
gene-LOC142975196	697	2405	5169	536	1063	87	137	204	248	305	115	134	152
gene-LOC142975200	0	0	0	0	0	0	0	0	0	0	0	0	31
gene-LOC142975204	964	926	1399	1773	1328	711	956	1016	1360	1111	811	722	3143
gene-LOC142975207	10296	497	439	2476	627	11872	2970	756	507	12648	8582	2599	0
gene-LOC142975209	5488	1940	6861	2692	1065	699	629	142	739	714	1006	732	827
gene-LOC142975210	262	185	302	26	46	0	59	161	54	134	20	86	0
gene-LOC142975214	1039	673	498	743	322	230	370	223	298	189	239	178	3021
gene-LOC142975215	0	5	9	3	2	0	0	0	0	0	0	0	0
gene-LOC142975216	2	2	3	1	0	0	0	0	0	0	0	1	4
gene-LOC142975218	2734	1527	2392	3548	2550	1610	1848	1429	5320	2252	2118	2316	2598
gene-LOC142975219	580	357	360	2136	478	669	437	308	509	470	422	477	1343
gene-LOC142975220	0	0	0	0	0	0	0	0	0	0	0	0	0
gene-LOC142975221	11	0	24	26	7	49	2	0	0	0	4	0	155
gene-LOC142975222	0	0	0	0	0	0	0	0	0	0	0	0	0
gene-LOC142975223	22	0	85	0	0	0	0	0	9	0	0	0	6
gene-LOC142975224	0	0	4	0	0	0	0	0	0	0	0	0	31
gene-LOC142975225	3	5	5	0	6	0	0	0	0	2	0	0	2
gene-LOC142975227	29	75	111	14	38	0	6	2	3	7	0	15	6
gene-LOC142975228	4	1	10	0	0	0	0	0	2	0	1	0	0
gene-LOC142975230	5427	2376	2207	4402	568	350	5161	4401	7275	8852	5119	9943	6
gene-LOC142975232	0	9	2	3	1	0	1	0	0	0	2	1	8
gene-LOC142975233	0	0	0	0	0	11	0	0	0	0	0	0	12
gene-LOC142975234	6477	5019	5439	4243	1896	745	779	370	594	467	565	501	2622
gene-LOC142975235	0	0	0	0	0	0	0	0	0	0	0	0	6
gene-LOC142975236	0	5	0	6	0	62	2	0	17	1	22	0	0
gene-LOC142975237	0	0	0	0	0	0	0	0	0	0	0	0	0
gene-LOC142975238	4	0	0	0	0	0	0	0	0	0	0	0	1
gene-LOC142975240	891	42	9	521	0	513	210	193	1090	905	3830	609	0
gene-LOC142975241	24	18	7	22	0	14	6	19	8	4	44	0	0
gene-LOC142975242	0	1	1	0	0	0	0	0	0	0	0	0	0
gene-LOC142975243	4367	4763	10310	3740	5927	1632	2745	2500	4653	2902	4012	4382	4868
gene-LOC142975244	0	1	0	0	0	0	0	0	0	0	0	0	0
gene-LOC142975245	0	0	0	0	0	0	0	0	0	0	0	0	0
gene-LOC142975246	80	51	2	0	135	0	3	0	44	2	15	0	6568
gene-LOC142975247	6	1	6	2	10	32	6	11	2	0	0	0	12
gene-LOC142975248	0	0	0	0	0	0	0	0	0	0	4	0	0
gene-LOC142975250	0	0	0	0	0	0	0	0	0	0	0	0	0
gene-LOC142975251	0	0	0	0	0	0	0	0	0	0	0	0	19
gene-LOC142975252	0	6	0	0	0	0	0	0	0	0	0	0	2
gene-LOC142975254	118	84	163	170	115	111	159	135	196	197	161	270	368
gene-LOC142975255	6	2	11	2	0	0	6	4	59	5	0	8	0
gene-LOC142975256	2	0	7	15	0	9	6	0	0	1	0	0	44
gene-LOC142975257	620	439	703	461	325	236	304	98	143	225	199	175	867
gene-LOC142975258	18	54	21	11	24	10	59	55	10	43	16	20	8
gene-LOC142975259	10413	38457	2605	4060	7117	1753	42563	47864	17873	108633	5592	10126	0
gene-LOC142975261	43	3	20	6	7	12	4	11	16	3	38	1	2
gene-LOC142975262	273	332	353	259	236	48	349	290	347	312	346	405	160
gene-LOC142975263	3	3	7	2	0	0	15	11	11	12	8	3	0
gene-LOC142975265	3	2	0	2	3	0	0	2	0	0	0	2	0
gene-LOC142975267	0	0	1	0	0	0	0	0	0	0	0	0	3
gene-LOC142975268	0	0	11	28	1	0	34	54	28	7	9	15	10
gene-LOC142975269	216	67	10	4	25	25	544	1	195	253	346	271	294
gene-LOC142975270	0	0	0	0	0	0	0	0	0	2	0	0	0
gene-LOC142975271	0	0	0	0	0	0	0	0	0	0	0	0	0
gene-LOC142975272	79	23	30	2624	149	154	300	18	142	122	358	57	0
gene-LOC142975273	3906	657	548	828	374	2169	412	276	1517	445	2527	2722	248
gene-LOC142975274	4	6	49	1	122	0	9	5	3	4	0	0	278
gene-LOC142975276	57	82	100	61	67	50	35	33	30	48	49	24	376
gene-LOC142975277	290	335	190	407	102	58	234	105	145	371	307	203	159
gene-LOC142975280	1	0	1	1	0	0	0	0	0	0	0	0	7
gene-LOC142975282	242	149	135	278	27	86	68	62	83	133	44	49	662
gene-LOC142975287	9	16	31	12	8	6	29	23	65	27	37	46	37
gene-LOC142975288	3	10	8	3	0	0	8	0	0	1	0	0	114
gene-LOC142975289	0	0	1	0	0	0	0	0	0	0	0	0	0
gene-LOC142975290	25	31	238	89	237	266	125	44	101	15	21	10	13223
gene-LOC142975291	1599	1247	2407	528	630	103	740	348	611	251	549	580	143
gene-LOC142975292	256	339	6126	254	1414	351	221	109	369	201	437	184	10
gene-LOC142975297	1231	2652	4754	718	2043	204	652	373	392	363	197	336	1201
gene-LOC142975298	0	0	0	0	0	0	218	0	4	2	696	0	9
gene-LOC142975299	1225	2471	2966	558	1982	363	564	476	353	205	228	267	3404
gene-LOC142975300	30	9	22	79	2	122	104	41	241	122	414	220	33
gene-LOC142975301	541	189	528	382	436	359	28	17	15	12	15	9	1136
gene-LOC142975303	97	119	134	134	68	90	101	115	120	34	111	114	233
gene-LOC142975305	139	109	88	227	30	101	9	6	0	7	6	23	19
gene-LOC142975306	0	0	5	0	0	0	0	4	0	0	0	0	0
gene-LOC142975307	0	0	0	0	0	0	0	0	0	0	0	0	0
gene-LOC142975311	1	0	10	0	0	13	0	0	0	0	1	0	31
gene-LOC142975316	45	32	92	73	61	27	55	38	21	50	30	49	40
gene-LOC142975319	522	732	1510	418	411	128	176	94	71	95	82	105	1479
gene-LOC142975322	548	524	794	268	274	187	218	140	271	221	271	264	321
gene-LOC142975323	355	325	647	377	275	179	569	351	381	352	418	345	616
gene-LOC142975324	3798	1751	3330	3898	1870	3754	4079	2144	5394	3509	6891	6240	2276
gene-LOC142975326	3067	1556	1488	2980	1391	1979	1555	530	1535	1036	1255	1489	2050
gene-LOC142975328	349	189	336	956	295	600	977	501	3127	1906	5859	2511	733
gene-LOC142975333	0	0	0	0	0	0	0	0	0	0	0	0	0
gene-LOC142975335	26297	11152	6037	4452	5065	18107	40037	33073	49524	8080	28643	67979	2132
gene-LOC142975336	719	552	338	450	589	1148	1937	1943	3716	1070	1280	2106	2326
gene-LOC142975337	254	173	471	1157	160	433	52	9	49	60	35	63	310
gene-LOC142975339	5	2	10	2	0	6	0	0	0	0	0	0	809
gene-LOC142975340	525	934	1711	2026	648	774	99	240	49	647	126	214	29
gene-LOC142975341	474	267	274	354	184	238	179	99	135	207	215	212	659
gene-LOC142975342	542	1313	2029	396	997	131	318	301	297	201	292	400	1390
gene-LOC142975343	0	0	0	0	0	0	0	0	0	0	0	0	0
gene-LOC142975350	73	145	616	74	275	17	51	70	85	88	51	137	28
gene-LOC142975351	1491	1145	13336	1346	14890	3176	542	959	2684	840	2985	885	114
gene-LOC142975352	884	440	4919	765	8873	863	180	227	1038	449	1283	309	34
gene-LOC142975353	885	0	186	1022	9570	0	269	7	1413	90	2620	29	0
gene-LOC142975354	851	230	3341	966	12443	866	284	159	1414	225	1729	180	48
gene-LOC142975355	304	264	3823	190	5159	636	156	166	353	146	535	138	4
gene-LOC142975356	0	0	2	0	0	14	0	0	2	1	0	0	0
gene-LOC142975358	484	143	180	420	71	180	64	34	79	96	139	61	213
gene-LOC142975359	1279	763	223	798	43	204	403	241	92	246	159	172	37
gene-LOC142975360	1	0	62	7	7	241	11	19	249	2	140	0	454
gene-LOC142975363	155	68	112	138	89	77	21	29	38	23	33	32	206
gene-LOC142975365	3	0	1	6	0	23	17	11	18	0	14	13	101
gene-LOC142975368	65	66	25	82	6	78	18	26	28	23	38	12	130
gene-LOC142975369	267	206	540	314	446	290	100	124	137	143	229	250	304
gene-LOC142975370	0	0	0	0	0	0	2	0	0	0	0	0	0
gene-LOC142975374	219	130	207	311	183	231	702	396	1181	471	1005	872	660
gene-LOC142975375	3058	2648	5006	2058	4011	609	255	328	151	360	399	452	8122
gene-LOC142975377	162	141	380	505	185	227	351	279	284	437	336	312	579
gene-LOC142975378	231	175	269	263	119	108	321	219	495	344	401	520	661
gene-LOC142975380	29	0	7	35	0	0	0	0	0	8	2	13	1
gene-LOC142975382	2	3	28	1	0	195	33	42	467	3	41	0	1336
gene-LOC142975383	31	19	19	78	66	0	0	13	1	0	3	3	8
gene-LOC142975385	61	11	68	155	7	68	121	25	191	134	406	190	90
gene-LOC142975386	563	349	416	427	598	233	52	42	51	168	127	156	856
gene-LOC142975387	147	60	142	78	295	120	23	0	3	9	16	11	145
gene-LOC142975390	3613	1874	2415	1335	2078	1281	1326	1274	1909	1598	1525	1101	8068
gene-LOC142975391	0	0	2	3	0	0	0	0	0	0	0	0	22
gene-LOC142975393	0	0	16	0	35	78	7	12	3	40	38	0	475
gene-LOC142975395	120	118	213	117	250	89	105	104	120	171	109	112	72
gene-LOC142975397	0	0	0	0	0	0	0	0	0	0	0	0	132
gene-LOC142975399	1077	1194	1768	617	401	282	621	394	425	369	495	732	132
gene-LOC142975402	1258	1393	3316	1001	491	495	1041	513	385	494	320	925	543
gene-LOC142975404	5	7	10	2	12	9	2	20	29	12	2	23	0
gene-LOC142975405	5124	2147	2107	2914	2017	3490	5904	1535	4363	5505	3827	3404	3
gene-LOC142975406	0	0	0	0	0	0	0	0	0	0	0	0	0
gene-LOC142975407	0	0	0	0	0	0	0	0	0	0	0	0	0
gene-LOC142975408	0	0	0	0	0	0	0	0	0	0	0	0	4
gene-LOC142975409	2864	3578	4117	2819	3051	1244	6685	6700	8670	5575	5382	9092	3080
gene-LOC142975410	6	1	55	17	54	1	7	6	3	6	3	7	31
gene-LOC142975411	0	0	0	0	0	0	0	1	3	0	0	0	7
gene-LOC142975413	1	4	1	0	3	0	0	0	0	3	0	0	0
gene-LOC142975414	0	0	27	4	0	491	8	3	261	2	9	2	0
gene-LOC142975415	4696	1506	1162	2363	384	242	2566	1923	3798	3832	2888	4405	4
gene-LOC142975416	0	4	2	9	4	17	3	6	3	2	6	3	3
gene-LOC142975417	4	36	13	22	14	101	1	17	12	4	3	8	33
gene-LOC142975418	120	68	53	199	6	93	143	53	165	118	232	241	62
gene-LOC142975419	2	2	2	2	0	26	0	0	2	1	5	0	31
gene-LOC142975421	39807	5417	6434	4353	14703	113581	20412	2998	93763	32027	129053	138188	7
gene-LOC142975422	131	197	264	168	185	61	215	123	262	149	152	234	193
gene-LOC142975423	2437	1861	3474	2006	2437	560	580	297	472	381	265	329	1966
gene-LOC142975424	20	6	3	26	0	19	2	1	2	8	0	7	194
gene-LOC142975425	228	351	259	192	239	198	496	350	254	220	479	240	56
gene-LOC142975426	0	0	0	0	0	0	0	0	0	0	0	0	21
gene-LOC142975427	7	169	31	102	28	295	8	37	24	20	16	8	120
gene-LOC142975428	70	91	6	176	57	305	324	82	544	147	1447	363	3
gene-LOC142975429	232	148	278	247	299	213	245	75	289	219	357	413	384
gene-LOC142975430	144	157	336	270	78	246	146	74	117	141	185	147	287
gene-LOC142975433	1450	12056	17	11177	41	919	567	1393	306	4972	182	10010	0
gene-LOC142975435	2257	908	944	2561	542	970	1673	696	1965	1098	1087	1867	6204
gene-LOC142975436	2	2	0	1	0	0	0	3	1	0	0	0	4
gene-LOC142975437	37	71	60	85	42	50	76	105	25	65	45	137	19
gene-LOC142975438	3	25	7	1	0	0	12	0	4	5	25	4	5
gene-LOC142975439	19	43	51	9	25	11	43	15	8	34	3	4	11
gene-LOC142975441	191	190	436	173	195	48	255	206	161	320	245	203	97
gene-LOC142975442	1	0	11	2	0	0	5	0	0	3	0	4	5
gene-LOC142975444	1637	1686	2450	1897	1271	805	1271	812	1029	806	923	865	2065
gene-LOC142975446	339	152	510	135	143	726	674	322	2455	270	726	1043	438
gene-LOC142975448	56	172	35	80	36	106	279	166	286	252	370	389	17
gene-LOC142975449	4	1	4	5	5	0	6	0	0	1	0	1	36
gene-LOC142975451	2001	92	611	805	611	143	55	140	73	39	733	165	28
gene-LOC142975452	0	0	0	0	3	0	0	0	0	0	1	0	27
gene-LOC142975453	0	0	0	1	0	0	0	0	3	0	0	0	7
gene-LOC142975456	5	4	0	38	0	0	0	3	0	0	0	0	57
gene-LOC142975457	0	1	0	3	0	0	0	0	0	0	0	0	0
gene-LOC142975459	60	84	92	91	70	41	189	129	114	188	265	286	82
gene-LOC142975462	183	195	226	168	29	103	151	103	147	171	155	160	124
gene-LOC142975463	0	0	0	0	0	0	0	0	0	0	0	0	0
gene-LOC142975464	5	15	19	5	0	0	1	5	0	2	1	8	3
gene-LOC142975467	0	0	4	0	3	0	0	0	0	0	0	0	0
gene-LOC142975468	847	321	486	1020	606	803	2383	1175	3014	1548	1526	1276	1632
gene-LOC142975469	0	0	0	0	0	0	0	0	0	0	0	0	0
gene-LOC142975470	0	0	0	0	0	0	0	0	0	0	0	0	15
gene-LOC142975474	70	140	139	239	152	66	15	36	78	37	47	82	193
gene-LOC142975477	114	57	5	94	16	184	53	96	49	237	49	87	785
gene-LOC142975481	2	1	1	1	0	0	0	0	0	0	0	0	0
gene-LOC142975482	0	0	2	0	0	0	0	0	0	0	0	0	0
gene-LOC142975483	0	0	0	0	0	0	0	0	0	0	0	0	0
gene-LOC142975488	1130	0	31	3375	117	267	566	10	655	405	444	6	0
gene-LOC142975490	0	0	0	0	0	0	5	0	0	0	0	0	4
gene-LOC142975492	1	0	0	0	0	0	0	0	0	0	0	0	6
gene-LOC142975493	2	3	3	2	9	0	0	0	0	1	0	0	2
gene-LOC142975494	0	1	0	0	0	0	0	0	0	0	0	0	0
gene-LOC142975497	106	113	144	155	85	151	280	108	187	164	222	242	561
gene-LOC142975499	62	121	110	78	64	38	129	83	122	161	126	109	17
gene-LOC142975500	186	118	562	38	87	13	56	45	19	0	2	6	135
gene-LOC142975501	6	26	733	1	256	0	9	8	6	0	0	2	299
gene-LOC142975502	0	0	0	0	0	0	0	0	0	0	0	0	0
gene-LOC142975504	0	0	0	0	0	0	0	0	0	0	0	0	0
gene-LOC142975505	4	15	8	0	0	11	17	18	45	16	5	50	0
gene-LOC142975507	61	77	61	34	57	16	111	44	69	59	76	65	97
gene-LOC142975508	89	14	45	32	19	25	17	6	18	41	22	25	10
gene-LOC142975509	527	301	244	564	144	278	457	215	572	217	244	583	26
gene-LOC142975511	1	0	0	0	0	36	0	0	2	0	0	0	622
gene-LOC142975512	1629	904	290	17327	125	5110	431	157	72	167	86	173	1
gene-LOC142975515	43	32	62	44	9	10	14	21	48	19	25	30	169
gene-LOC142975516	418	455	1295	365	472	102	767	577	731	378	716	760	792
gene-LOC142975517	167	81	45	97	50	29	31	88	48	20	120	165	8
gene-LOC142975518	274	441	323	386	246	205	68	85	54	88	100	42	133
gene-LOC142975519	5	6	4	0	14	0	10	2	10	0	7	6	640
gene-LOC142975521	0	0	0	0	0	0	0	0	0	0	0	0	0
gene-LOC142975522	230	267	361	295	149	106	171	40	126	184	67	89	316
gene-LOC142975527	23	56	9	8	17	49	46	83	104	74	15	78	0
gene-LOC142975528	1	2	293	31	199	17	62	384	998	34	29	3	70
gene-LOC142975533	771	427	6	1207	0	35	1013	3527	1297	433	755	60	0
gene-LOC142975534	141	121	23	477	0	0	479	1020	1292	116	591	38	0
gene-LOC142975535	973	447	25	917	0	269	366	468	1045	1069	2503	483	0
gene-LOC142975536	109	419	1974	64	1417	63	14	6	18	4	11	38	1046
gene-LOC142975537	0	3	0	0	0	0	0	0	0	0	2	3	0
gene-LOC142975538	0	2	0	0	0	0	0	0	0	0	0	0	0
gene-LOC142975539	141	119	179	155	107	48	270	175	171	233	232	319	197
gene-LOC142975540	0	3	4	0	0	0	0	0	0	0	0	0	0
gene-LOC142975541	0	2	5	0	41	0	4	8	2	0	0	0	1
gene-LOC142975542	166	135	129	122	121	76	53	96	86	32	71	54	64
gene-LOC142975543	0	0	0	0	0	0	0	0	0	0	0	0	0
gene-LOC142975545	341	159	231	418	173	236	203	110	221	261	299	300	819
gene-LOC142975546	152	56	24	66	105	41	3	10	17	10	8	8	101
gene-LOC142975547	3186	1217	1425	572	1279	1092	2698	995	4134	1389	1544	2195	2889
gene-LOC142975548	12	200	7	27	6	134	57	88	3	34	8	89	67
gene-LOC142975549	3	19	0	13	4	0	2	22	13	1	3	0	8
gene-LOC142975550	49	102	47	42	114	179	7	10	19	5	18	19	436
gene-LOC142975552	7	6	16	16	0	0	0	3	1	7	1	2	115
gene-LOC142975557	67	51	264	69	55	0	49	23	308	372	35	9	76
gene-LOC142975560	1	0	0	0	0	0	0	0	0	1	0	0	1
gene-LOC142975563	6	1	22	3	16	71	25	0	38	3	0	4	208
gene-LOC142975564	3	0	0	0	0	0	0	0	0	0	0	0	0
gene-LOC142975566	5	5	4	2	0	21	17	4	8	11	21	4	5
gene-LOC142975567	29	21	9	0	17	40	0	0	2	0	10	0	433
gene-LOC142975568	0	2	0	0	0	0	0	0	0	0	0	0	0
gene-LOC142975570	22	51	213	111	42	12	78	40	73	41	14	22	259
gene-LOC142975571	0	2	0	1	0	0	0	9	0	0	0	0	0
gene-LOC142975573	1803	775	1034	590	434	451	360	162	340	362	568	281	866
gene-LOC142975574	628	618	1039	661	241	280	740	608	1489	816	1482	1383	563
gene-LOC142975575	0	2	0	0	10	0	0	0	10	2	1	0	95
gene-LOC142975576	0	0	0	0	9	0	0	0	0	0	0	0	0
gene-LOC142975580	0	27	16	7	17	13	21	26	4	10	2	7	38
gene-LOC142975581	84	82	74	98	177	334	169	129	161	92	119	94	286
gene-LOC142975582	67	106	68	7	83	9	43	20	30	14	9	16	81
gene-LOC142975583	295	45	1	0	61	0	0	9	25	0	41	2	6328
gene-LOC142975584	19	8	28	30	11	80	13	7	9	13	11	14	81
gene-LOC142975585	96	217	11	1447	95	2040	2132	309	701	2864	3540	2403	0
gene-LOC142975586	125	55	100	140	5	63	63	65	52	47	66	41	128
gene-LOC142975587	0	5	0	0	0	0	0	0	0	0	0	0	0
gene-LOC142975590	16	8	19	1	14	0	29	16	21	11	9	3	18
gene-LOC142975593	236	218	205	168	182	61	346	94	510	57	582	565	106
gene-LOC142975594	0	0	0	0	0	0	0	0	0	0	0	0	0
gene-LOC142975596	10	5	13	0	11	0	19	0	6	11	53	13	1
gene-LOC142975599	6	7	6	0	0	12	11	18	6	2	12	7	1
gene-LOC142975600	16	9	5	14	0	24	4	5	4	13	4	13	57
gene-LOC142975601	954	357	103	836	178	1112	1790	1094	3277	1811	2463	1927	288
gene-LOC142975602	0	0	1	0	0	0	0	0	0	0	0	2	7
gene-LOC142975603	0	0	0	0	0	0	0	0	0	0	0	0	1
gene-LOC142975604	0	0	0	1	0	0	0	0	0	0	0	0	1267
gene-LOC142975605	1	2	0	0	0	0	0	0	0	2	4	0	0
gene-LOC142975609	4760	6312	6063	5359	3588	1881	1773	927	929	1801	1301	1211	1360
gene-LOC142975611	7022	4753	4360	8213	6103	16786	3459	1602	4460	4468	7558	4010	16623
gene-LOC142975612	109	20	17	85	11	39	26	24	34	32	41	15	36
gene-LOC142975613	0	2	79	0	3	33	6	12	2	0	2	0	567
gene-LOC142975614	2	0	17	0	0	0	13	2	2	0	4	0	55
gene-LOC142975615	0	0	0	0	0	0	0	0	0	0	0	0	0
gene-LOC142975616	233	263	303	145	111	292	528	322	421	707	617	787	138
gene-LOC142975617	17	36	31	24	17	16	9	30	15	17	13	27	35
gene-LOC142975618	0	0	0	0	0	0	0	0	0	0	0	0	0
gene-LOC142975619	0	0	0	0	0	0	0	6	0	0	0	0	0
gene-LOC142975620	0	0	0	0	0	0	0	0	0	0	0	0	0
gene-LOC142975622	0	0	6	1	0	0	0	3	0	0	0	4	19
gene-LOC142975623	2	4	5	0	0	0	0	0	0	0	0	0	3
gene-LOC142975624	3	0	2	2	15	42	10	9	19	4	14	9	217
gene-LOC142975627	9	24	25	15	96	0	33	13	13	25	94	7	16
gene-LOC142975628	0	3	6	0	7	9	3	1	2	0	0	0	110
gene-LOC142975629	7709	4704	9893	2421	6487	57291	5505	10261	8278	1802	16302	24174	33158
gene-LOC142975630	198	147	219	155	214	128	152	104	122	140	143	167	155
gene-LOC142975631	14	13	72	3	66	211	18	14	12	5	17	1	27
gene-LOC142975632	3083	8117	280	4414	319	231	781	2231	1337	1276	1151	3250	45
gene-LOC142975634	6534	14	281	708	81	7677	596	956	4258	16555	74643	65	0
gene-LOC142975635	1276	1662	2172	635	1216	280	2463	2406	3225	1824	1954	2206	495
gene-LOC142975636	1	1	13	4	0	0	0	3	0	1	0	0	16
gene-LOC142975637	47	65	86	33	88	32	2	7	3	27	40	30	26
gene-LOC142975640	0	0	0	0	0	0	0	0	1	0	0	0	0
gene-LOC142975641	586	238	526	364	140	113	82	39	38	42	44	50	275
gene-LOC142975644	11	17	17	1	0	0	2	9	0	0	0	0	4
gene-LOC142975650	665	477	939	739	494	121	291	206	223	297	280	339	541
gene-LOC142975651	3	4	1	0	10	0	0	0	0	0	0	2	1
gene-LOC142975653	1822	1365	1928	1852	579	555	997	645	1116	1264	1281	1211	1623
gene-LOC142975656	76	33	137	86	43	50	58	29	45	76	103	43	139
gene-LOC142975659	258	308	472	217	136	63	181	105	105	133	127	126	138
gene-LOC142975662	0	2	0	0	0	0	0	0	0	0	4	0	48
gene-LOC142975663	1	0	0	0	0	0	0	0	0	0	3	0	0
gene-LOC142975664	19	17	14	20	28	0	20	35	17	37	8	9	32
gene-LOC142975665	149	143	310	225	70	29	140	131	299	241	172	280	165
gene-LOC142975666	58	61	53	84	99	1048	99	61	229	53	157	75	1149
gene-LOC142975667	0	3	0	0	0	0	0	0	0	0	0	0	0
gene-LOC142975669	0	1	2	0	11	0	0	0	0	0	0	0	0
gene-LOC142975670	0	0	0	0	0	0	0	0	0	0	0	0	0
gene-LOC142975671	0	0	3	0	0	0	0	0	0	0	0	0	0
gene-LOC142975672	0	0	0	0	0	0	0	0	0	0	0	0	2
gene-LOC142975673	0	0	0	0	0	0	0	8	0	0	0	0	0
gene-LOC142975676	246	482	456	234	394	154	414	641	581	340	777	845	236
gene-LOC142975678	884	297	460	1300	132	1258	285	106	218	276	169	186	3107
gene-LOC142975679	280	912	672	792	1013	6554	635	1026	1883	562	693	474	3008
gene-LOC142975680	51	181	104	46	115	41	81	242	155	141	251	271	77
gene-LOC142975681	10	26	5	24	30	19	7	21	19	6	25	15	87
gene-LOC142975682	153	71	24	21	103	2343	5	135	137	4	161	14	742
gene-LOC142975685	162	113	169	144	123	101	75	31	51	79	32	54	216
gene-LOC142975686	25	39	52	103	31	55	53	8	26	91	43	23	90
gene-LOC142975689	2667	1418	309	271	11	57	4317	3337	117	65	3756	1848	9
gene-LOC142975690	4285	1293	2104	1147	689	728	910	130	966	492	1520	1010	1186
gene-LOC142975693	0	0	0	0	0	0	0	0	0	0	0	0	0
gene-LOC142975695	14	4	0	15	3	0	23	12	5	2	10	83	919
gene-LOC142975696	0	0	1	0	0	0	0	0	0	0	0	0	0
gene-LOC142975697	79	61	58	99	44	48	47	18	26	36	87	69	156
gene-LOC142975698	2	7	6	6	22	0	0	3	3	0	0	0	116
gene-LOC142975699	328	369	47	182	740	437	178	215	1346	742	3301	682	60
gene-LOC142975700	1	0	0	0	0	8	0	0	0	0	0	0	17
gene-LOC142975701	177	48	218	106	37	66	203	101	131	199	81	99	70
gene-LOC142975703	32	10	27	51	24	37	33	25	41	49	35	37	82
gene-LOC142975704	2	4	38	2	13	0	0	0	0	0	0	0	2641
gene-LOC142975705	0	3	3	0	0	0	0	0	0	0	0	1	5
gene-LOC142975706	0	0	0	0	0	0	0	0	0	0	0	0	0
gene-LOC142975710	0	0	3	0	0	0	6	0	0	0	0	0	0
gene-LOC142975711	0	1	8	2	45	0	28	11	33	8	6	2	0
gene-LOC142975712	0	0	0	0	0	0	0	0	0	0	0	0	0
gene-LOC142975714	44	11	18	1273	0	86	54	23	30	86	604	61	0
gene-LOC142975715	68	21	60	9	9	151	83	92	100	32	77	9	0
gene-LOC142975717	1613	1089	2273	1293	1239	481	378	159	211	195	135	189	1564
gene-LOC142975718	1	2	1	6	0	0	0	7	0	3	0	0	6
gene-LOC142975719	3	4	0	2	0	0	20	1	8	4	7	0	0
gene-LOC142975720	0	1	0	0	0	0	0	0	0	0	0	0	4
gene-LOC142975721	0	0	1	1	0	0	0	0	1	0	0	0	2
gene-LOC142975722	1	0	0	0	0	0	0	0	0	4	0	0	0
gene-LOC142975723	1	0	1	0	0	0	0	0	0	0	0	0	2
gene-LOC142975724	24	8	0	11	0	95	7	9	14	5	20	0	20
gene-LOC142975725	0	0	0	0	0	0	0	0	0	0	0	0	0
gene-LOC142975727	0	0	0	0	0	0	0	0	0	0	0	0	0
gene-LOC142975729	143	139	72	91	68	103	97	86	76	64	126	75	819
gene-LOC142975734	1817	6182	19912	1890	8008	304	2215	1639	1232	971	453	1785	46
gene-LOC142975738	0	0	0	0	0	0	0	0	0	0	0	0	0
gene-LOC142975740	141	392	648	78	305	114	327	258	225	151	52	230	141
gene-LOC142975741	63	125	262	21	59	31	73	47	40	34	65	69	26
gene-LOC142975743	350	163	345	1510	268	897	79	14	64	267	254	313	1393
gene-LOC142975744	996	447	1120	670	328	706	150	14	143	55	34	105	233
gene-LOC142975745	15	1	27	9	17	0	0	0	0	0	3	0	42
gene-LOC142975746	331	108	171	1704	59	643	95	12	58	58	17	51	105
gene-LOC142975747	329	69	8	137	4	121	151	135	375	284	138	226	21
gene-LOC142975748	16	25	18	45	0	46	20	34	39	17	55	18	27
gene-LOC142975751	3	3	0	0	8	0	0	4	0	2	1	3	8
gene-LOC142975752	1915	455	127	3188	445	1226	3725	1066	268	2556	388	121	2011
gene-LOC142975753	7714	4820	1655	7519	1860	9377	6015	1742	7006	4163	4401	5339	5473
gene-LOC142975754	1	2	0	0	0	0	0	0	0	0	4	5	0
gene-LOC142975755	1406	735	1662	735	834	274	404	330	509	415	389	535	1081
gene-LOC142975756	1028	1128	1398	1158	1579	479	3455	2685	3285	3049	1776	2751	2037
gene-LOC142975760	19	7	39	19	58	4	21	4	11	7	5	4	325
gene-LOC142975763	570	518	932	378	552	265	772	640	1464	925	775	1150	495
gene-LOC142975764	0	1	2	1	9	18	0	0	3	0	1	0	6
gene-LOC142975767	3149	1387	1029	4118	686	998	1435	508	1294	1225	1098	1082	817
gene-LOC142975768	2279	16984	283	2419	811	12	1833	9808	1309	231	265	2194	0
gene-LOC142975769	1445	981	679	2061	841	1661	2328	835	4031	3331	5430	4589	0
gene-LOC142975771	2	0	825	0	673	0	10	31	11	16	0	0	93
gene-LOC142975772	9	2	9	25	22	8	10	7	67	35	119	0	9
gene-LOC142975774	3337	2511	588	7199	480	2289	17817	5636	21557	14400	18626	20787	0
gene-LOC142975775	3834	3371	2154	2099	1015	2330	3943	1956	5340	3136	4857	7213	5896
gene-LOC142975776	16	8	27	29	10	0	39	52	28	40	56	55	54
gene-LOC142975777	6	3	4	0	2	0	0	0	11	5	9	0	718
gene-LOC142975782	59	1	34	7	0	32	5	23	60	120	91	3	516
gene-LOC142975783	4	4	15	6	10	0	27	12	10	3	2	1	0
gene-LOC142975785	17	31	361	111	740	488	359	214	403	75	118	14	22
gene-LOC142975787	79	200	197	100	104	0	102	90	95	76	102	105	79
gene-LOC142975788	0	0	0	0	0	0	0	0	0	0	0	0	0
gene-LOC142975795	106	79	56	80	14	27	11	5	0	6	2	3	180
gene-LOC142975797	409	390	477	300	351	214	79	53	25	156	118	104	1219
gene-LOC142975799	1906	3567	5124	2259	3370	2191	2707	2091	2443	2061	1627	1864	12023
gene-LOC142975800	250	256	353	239	222	89	160	113	104	180	127	144	217
gene-LOC142975802	0	0	0	0	0	0	0	0	0	0	0	0	0
gene-LOC142975804	517	343	383	607	114	502	156	143	205	167	316	137	15578
gene-LOC142975808	0	0	0	0	0	0	0	0	0	0	0	0	63
gene-LOC142975809	33	31	30	18	13	30	15	2	23	92	105	19	196
gene-LOC142975811	15	1	32	27	0	8	3	6	4	15	4	5	68
gene-LOC142975813	4	0	3	0	0	0	0	0	0	3	1	0	0
gene-LOC142975814	1	2	5	0	0	0	0	0	0	0	2	2	0
gene-LOC142975815	958	4167	10351	778	5014	1061	44	20	58	125	321	227	422
gene-LOC142975824	92	65	85	147	77	31	138	85	189	124	268	182	56
gene-LOC142975826	0	7	0	3	0	21	0	0	2	0	7	1	0
gene-LOC142975827	943	649	627	683	288	375	793	487	994	897	1468	1240	651
gene-LOC142975830	1	0	0	0	0	0	0	0	0	0	0	0	0
gene-LOC142975831	0	1	6	0	4	0	9	10	3	0	0	0	2094
gene-LOC142975834	2046	2503	4838	1645	2462	465	512	408	130	534	409	487	330
gene-LOC142975840	2648	2522	3584	810	1363	646	935	346	503	1271	918	858	288
gene-LOC142975841	395	451	531	324	273	163	173	75	93	166	132	152	406
gene-LOC142975842	213	154	169	192	80	210	32	35	36	46	78	30	2859
gene-LOC142975843	381	277	475	190	92	105	374	87	97	175	102	79	290
gene-LOC142975845	0	0	0	0	0	0	4	0	1	0	4	0	3
gene-LOC142975846	1	0	0	0	0	0	0	0	0	0	0	0	9
gene-LOC142975847	0	3	1	0	0	0	0	0	0	0	0	0	112
gene-LOC142975852	344	300	189	129	93	101	24	7	8	6	5	11	9
gene-LOC142975853	0	2	0	0	0	0	0	0	0	0	0	0	0
gene-LOC142975854	89	94	178	91	4	19	116	83	98	74	52	96	60
gene-LOC142975855	0	0	0	0	0	0	0	0	0	0	0	0	118
gene-LOC142975858	243	394	673	290	308	163	241	223	191	148	82	151	312
gene-LOC142975859	370	455	1462	315	626	76	632	198	292	336	338	347	222
gene-LOC142975861	22	21	50	37	16	12	49	20	61	37	33	43	110
gene-LOC142975862	270	135	143	215	110	85	83	49	42	106	93	94	320
gene-LOC142975866	1212	582	1224	861	367	357	374	214	360	311	403	349	676
gene-LOC142975867	366	82	83	399	27	533	167	109	253	174	199	133	955
gene-LOC142975868	214	130	460	531	438	482	102	52	58	182	176	132	617
gene-LOC142975871	374	497	984	355	224	136	84	50	47	78	24	73	379
gene-LOC142975872	2342	2037	4666	2790	861	442	1292	431	704	728	692	651	9
gene-LOC142975877	656	432	509	478	208	107	728	387	773	660	1136	809	345
gene-LOC142975878	308	327	486	346	180	116	372	150	338	325	404	497	293
gene-LOC142975880	0	0	0	3	0	0	0	0	2	0	0	0	9
gene-LOC142975881	221	146	301	221	129	147	582	237	486	357	324	602	226
gene-LOC142975882	318	458	723	508	344	114	81	64	42	86	72	81	567
gene-LOC142975884	1737	1592	2097	1788	1365	984	1226	389	667	784	1081	1007	2869
gene-LOC142975886	211	115	168	86	88	32	5	2	7	35	18	12	392
gene-LOC142975887	58	98	502	44	406	997	651	1375	1125	3907	3977	1258	166
gene-LOC142975890	354	142	284	15	204	387	89	63	344	43	109	15	4206
gene-LOC142975891	92	193	273	52	537	935	41	43	63	27	30	8	5548
gene-LOC142975892	2056	800	733	2030	423	1649	2718	1363	8088	5081	11817	6661	1512
gene-LOC142975894	34	30	33	41	47	25	52	34	50	70	98	60	36
gene-LOC142975898	2	11	52	7	62	8	0	1	11	2	0	4	721
gene-LOC142975899	84	59	162	201	90	90	120	72	103	133	279	162	166
gene-LOC142975900	511	356	545	369	302	351	45	16	12	41	73	76	497
gene-LOC142975902	39	659	53	30	423	156	78	143	251	11	33	465	15995
gene-LOC142975903	3394	1903	1401	1040	1217	508	1092	1061	503	826	557	569	607
gene-LOC142975906	4	21	31	44	12	13	13	37	39	44	52	48	62
gene-LOC142975908	5	1	31	57	61	2442	1177	572	3569	285	966	4	16
gene-LOC142975911	329	466	576	437	109	127	889	621	923	577	911	932	119
gene-LOC142975912	0	3	0	0	0	2	0	0	3	1	0	9	1364
gene-LOC142975916	147	151	235	99	101	14	160	64	85	122	121	218	22
gene-LOC142975918	5	5	6	1	6	0	0	0	0	0	0	0	31
gene-LOC142975920	34	41	24	20	22	35	14	16	42	34	29	33	29
gene-LOC142975921	211	195	226	312	88	122	500	380	778	809	637	575	106
gene-LOC142975922	44728	35900	31760	55630	22548	45771	69638	44893	71494	57209	46977	34850	19551
gene-LOC142975923	1543	3177	5464	672	2592	92	375	458	173	129	91	181	2388
gene-LOC142975924	1942	14680	10523	553	4634	4289	1315	926	2772	3337	2067	1068	2506
gene-LOC142975927	6255	5349	7813	6328	7256	2935	686	613	480	1087	1553	1417	6696
gene-LOC142975928	255	397	560	793	627	117	111	57	49	44	49	97	84
gene-LOC142975930	1460	1056	1033	3541	720	3474	6772	3624	16305	10776	17292	12154	3586
gene-LOC142975931	15	0	10	15	0	45	0	0	4	2	5	0	28
gene-LOC142975932	1123	2676	4895	1391	3805	1163	1870	1663	1985	939	1414	1401	10993
gene-LOC142975933	66	52	58	101	42	81	202	132	714	224	544	287	282
gene-LOC142975934	13534	4386	2264	10702	2673	3990	28310	18356	39918	23505	30545	46470	9153
gene-LOC142975935	6	11	74	34	52	6471	81	65	131	5	33	9	5358
gene-LOC142975936	21	3	12	18	0	0	35	9	3	15	17	6	7
gene-LOC142975937	1	12	14	0	6	0	4	0	0	0	0	0	20
gene-LOC142975938	69	86	96	65	75	75	179	68	123	83	93	133	176
gene-LOC142975939	0	0	0	5	0	0	0	0	2	1	0	0	5
gene-LOC142975940	268	259	392	424	550	1218	693	103	1010	117	382	281	1085
gene-LOC142975941	2	10	23	9	24	89	0	4	5	4	0	6	196
gene-LOC142975942	9030	31	16758	950	2646	1377	965	1946	6182	1480	7727	13	0
gene-LOC142975945	109	96	213	112	48	30	0	11	6	6	3	1	392
gene-LOC142975947	0	0	12	2	11	0	4	6	5	5	2	0	23
gene-LOC142975948	1	9	9	2	0	126	18	9	19	4	4	0	2676
gene-LOC142975951	0	0	0	0	0	0	0	0	0	0	0	0	0
gene-LOC142975952	0	0	1	0	0	0	8	9	0	0	0	4	0
gene-LOC142975954	0	0	1	4	0	0	0	0	0	0	0	0	0
gene-LOC142975956	0	0	0	0	0	0	0	0	0	0	0	0	0
gene-LOC142975957	47	16	97	47	114	69	70	20	30	56	58	71	28
gene-LOC142975958	1	0	0	0	0	29	19	6	14	1	16	0	3
gene-LOC142975959	1	0	0	0	0	0	4	0	0	0	0	0	16
gene-LOC142975960	0	2	0	0	9	0	3	4	33	2	0	0	20
gene-LOC142975961	0	0	0	0	0	0	0	0	0	0	0	0	0
gene-LOC142975962	0	0	0	0	0	0	0	0	0	0	0	0	0
gene-LOC142975963	0	0	0	0	0	0	0	0	0	1	0	0	0
gene-LOC142975964	90	398	22	336	5	109	178	716	397	369	343	183	3
gene-LOC142975965	20	23	0	109	14	33	91	88	435	449	579	342	0
gene-LOC142975966	0	0	1	0	5	0	0	0	0	0	0	0	0
gene-LOC142975967	24282	6303	1641	3021	817	13925	7925	3796	17958	6443	10772	15375	208
gene-LOC142975968	42	60	37	28	43	83	18	12	25	12	24	5	1768
gene-LOC142975969	566	300	392	522	286	225	682	236	584	478	707	697	103
gene-LOC142975971	2	3	1	0	0	0	0	0	0	3	0	2	63
gene-LOC142975975	0	0	0	0	0	0	4	0	0	2	0	5	0
gene-LOC142975976	0	0	1	0	7	11	0	0	0	1	0	2	80
gene-LOC142975979	0	0	0	0	0	0	0	0	0	2	0	0	2
gene-LOC142975980	0	1	4	0	0	0	0	0	0	0	0	0	0
gene-LOC142975982	0	0	0	1	0	0	5	0	6	1	3	0	152
gene-LOC142975984	0	5	0	0	0	0	0	0	2	0	0	0	0
gene-LOC142975985	476	272	348	448	193	179	339	191	363	292	388	384	455
gene-LOC142975986	16	8	50	9	63	94	7	8	3	5	18	5	136
gene-LOC142975987	257	237	278	247	67	18	146	29	53	90	59	46	724
gene-LOC142975989	2	0	0	0	0	0	0	4	0	0	0	0	0
gene-LOC142975994	83	71	67	61	22	37	117	84	65	73	124	124	36
gene-LOC142975995	1	1	4	6	0	127	17	15	33	155	83	171	0
gene-LOC142975996	407	1888	2872	242	2036	88	271	179	179	178	82	82	239
gene-LOC142975997	1	1	163	0	106	0	4	0	50	0	0	0	40
gene-LOC142975998	0	0	0	0	0	0	0	0	1	0	0	4	1091
gene-LOC142975999	0	0	0	3	0	0	0	0	0	0	0	0	0
gene-LOC142976001	0	0	0	0	0	0	0	0	0	0	0	0	0
gene-LOC142976002	0	0	0	0	0	0	0	0	0	0	2	0	0
gene-LOC142976003	7343	6497	4246	12254	1470	2510	7699	4424	3895	5572	2882	3464	53
gene-LOC142976005	1320	2142	1100	3750	604	1361	391	468	3699	1251	1763	2742	3
gene-LOC142976006	0	0	0	3	0	0	0	0	0	0	0	0	0
gene-LOC142976009	2467	6120	6010	2352	3519	475	9359	6894	3328	5752	1386	2513	1329
gene-LOC142976010	20299	17014	22012	434	22242	2112	4985	8992	8673	5728	4002	599	107
gene-LOC142976012	0	2	0	0	0	0	0	0	0	0	0	0	19
gene-LOC142976013	365	118	14	103	294	482	50	7	12	1	88	52	525
gene-LOC142976014	472	332	697	340	373	335	127	64	59	147	60	147	855
gene-LOC142976017	7	1	1	3	22	0	0	1	5	0	0	11	0
gene-LOC142976020	254	137	156	332	37	312	176	80	176	387	46	208	9
gene-LOC142976021	0	2	0	1	0	0	1	0	1	0	0	0	0
gene-LOC142976022	0	0	0	0	0	0	1	0	0	0	0	0	0
gene-LOC142976023	0	0	0	0	0	0	0	0	0	0	0	0	0
gene-LOC142976024	5	4	24	8	13	83	14	0	8	3	9	4	259
gene-LOC142976025	0	0	0	0	0	0	0	0	0	0	0	0	0
gene-LOC142976026	199	134	191	125	130	85	314	134	357	260	163	310	93
gene-LOC142976027	1	2	31	1	43	0	3	0	5	3	0	0	0
gene-LOC142976028	17	244	692	5	250	0	10	13	0	0	0	6	12
gene-LOC142976029	0	1	0	0	0	0	0	0	0	0	0	0	16
gene-LOC142976030	0	2	4	0	0	0	0	0	2	1	0	12	3
gene-LOC142976031	4	1	0	2	0	0	0	1	0	0	0	0	1846
gene-LOC142976034	383	235	367	574	411	448	322	250	559	410	595	393	363
gene-LOC142976035	605	421	642	509	62	50	26	22	3	2	2	28	326
gene-LOC142976036	69	48	45	28	13	159	17	9	22	18	21	54	214
gene-LOC142976037	0	0	0	0	0	0	0	0	0	0	0	0	0
gene-LOC142976038	4	8	5	1	7	0	0	0	1	0	1	0	10
gene-LOC142976039	5	0	0	0	0	0	0	0	0	0	0	0	4
gene-LOC142976040	0	1	0	1	0	20	13	0	10	0	1	0	17
gene-LOC142976042	3	5	0	80	0	13	13	370	40	6	0	2	0
gene-LOC142976043	2	1	0	1	0	0	12	6	28	12	7	7	0
gene-LOC142976044	80	15	13	15	5	102	132	73	75	215	138	14	0
gene-LOC142976045	597	1179	1815	307	521	63	313	285	178	133	35	153	820
gene-LOC142976046	5	22	108	2	87	60	9	0	29	0	5	0	230
gene-LOC142976047	11	32	48	10	3	418	18	26	26	29	58	29	5
gene-LOC142976048	0	4	8	0	0	0	0	0	3	4	0	4	11
gene-LOC142976049	56	132	239	44	119	21	56	101	54	56	65	79	66
gene-LOC142976050	86	4	8	106	0	32	29	32	176	87	52	49	0
gene-LOC142976051	704	490	606	1188	240	154	267	207	274	236	243	269	250
gene-LOC142976052	2	0	7	0	0	0	0	1	0	1	0	1	24
gene-LOC142976054	3	8	11	20	28	17	58	18	44	44	44	115	97
gene-LOC142976055	605	389	478	645	407	452	1072	1095	2080	1592	2247	2252	389
gene-LOC142976057	9	15	24	1	12	17	6	0	0	1	0	4	65
gene-LOC142976058	0	1	0	4	0	0	0	0	2	0	0	0	0
gene-LOC142976059	130	72	251	80	83	12	36	14	22	15	51	40	235
gene-LOC142976060	0	0	0	0	0	0	0	0	0	0	0	2	1269
gene-LOC142976061	130	28	10	10	0	161	139	198	52	20	121	48	0
gene-LOC142976062	0	0	0	0	0	0	0	0	0	0	0	0	0
gene-LOC142976063	0	0	0	4	0	1158	451	56	808	212	529	0	0
gene-LOC142976064	0	1	18	1	0	0	0	2	0	0	0	0	902
gene-LOC142976065	40	29	4	80	0	215	63	5	116	30	47	173	648
gene-LOC142976068	53	86	314	216	126	133	245	190	404	563	95	174	692
gene-LOC142976070	5269	2969	3550	2979	1744	1174	2045	1156	1342	1055	759	823	4375
gene-LOC142976071	1654	1553	1379	1917	964	1300	5627	5958	13125	7386	9415	9036	1242
gene-LOC142976073	10	83	7	49	63	0	3	34	3	0	13	20	477
gene-LOC142976074	1649	910	383	2292	265	2262	2285	1941	2700	3101	3771	3992	168
gene-LOC142976075	70	63	36	63	67	129	41	119	113	8	44	15	550
gene-LOC142976076	0	0	0	0	0	0	0	0	0	0	0	0	3
gene-LOC142976077	95	119	229	91	162	67	159	122	136	136	191	184	118
gene-LOC142976078	261	254	155	270	130	219	785	861	1365	538	1181	1111	119
gene-LOC142976079	1	2	1	0	0	0	0	0	0	2	0	0	0
gene-LOC142976080	0	0	0	0	0	0	0	0	0	0	0	0	692
gene-LOC142976081	47	24	76	37	50	54	20	15	19	31	11	7	148
gene-LOC142976082	160	66	79	172	24	33	130	61	78	146	131	109	100
gene-LOC142976084	0	0	0	0	0	0	0	0	0	0	0	0	0
gene-LOC142976085	48	141	219	70	146	71	22	21	4	13	18	4	153
gene-LOC142976086	0	0	0	0	0	0	0	0	0	0	0	0	0
gene-LOC142976087	0	0	0	0	0	0	0	0	0	0	0	0	0
gene-LOC142976088	890	561	945	778	582	690	197	138	146	253	381	321	2922
gene-LOC142976092	1	1	0	1	0	0	0	0	0	0	0	0	24
gene-LOC142976093	0	2	0	0	0	0	0	0	0	0	0	0	0
gene-LOC142976094	4	1	0	2	0	0	0	2	0	3	0	0	0
gene-LOC142976095	222	74	75	157	140	1787	113	61	808	767	10192	1251	1604
gene-LOC142976097	0	0	0	0	0	0	0	0	0	0	0	0	144
gene-LOC142976098	815	131	60	822	15	504	497	240	1415	903	1700	2325	35
gene-LOC142976100	0	0	0	0	0	1	0	0	0	0	0	0	2
gene-LOC142976101	0	8	2	1	0	35	3	0	2	0	0	13	334
gene-LOC142976102	0	0	0	4	4	0	3	0	0	1	3	3	2
gene-LOC142976103	74	111	305	103	123	74	40	20	32	38	29	16	22
gene-LOC142976105	0	0	0	0	0	0	0	0	0	0	0	0	617
gene-LOC142976107	2	4	5	5	0	15	0	5	0	5	0	2	54
gene-LOC142976108	0	0	0	0	0	0	4	0	3	0	3	0	0
gene-LOC142976110	153	102	112	125	91	289	543	260	975	952	833	467	290
gene-LOC142976111	0	0	1	2	0	0	0	0	9	33	20	71	0
gene-LOC142976113	615	223	234	155	153	72	46	5	59	213	82	117	1678
gene-LOC142976115	384	625	1407	164	536	90	353	349	271	200	272	416	257
gene-LOC142976116	0	0	0	0	0	0	0	0	6	0	0	0	0
gene-LOC142976117	421	162	161	634	175	1219	1724	832	4646	4605	6882	4452	928
gene-LOC142976119	360	418	770	554	400	127	866	798	600	1149	434	569	433
gene-LOC142976121	1	0	0	3	0	0	5	0	2	2	0	0	23
gene-LOC142976123	181	169	254	132	105	66	244	134	300	128	208	259	182
gene-LOC142976124	579	123	8	1270	2	1231	547	155	593	781	477	315	32
gene-LOC142976127	1	0	3	0	0	0	0	0	0	0	0	0	0
gene-LOC142976128	694	357	495	751	651	357	108	51	90	36	33	55	1129
gene-LOC142976129	0	0	0	0	0	0	0	0	0	0	0	0	0
gene-LOC142976131	69	6	15	7	0	81	5	0	0	0	0	0	425
gene-LOC142976133	3442	4502	3494	5388	2251	1761	2031	482	385	540	641	620	111
gene-LOC142976134	4	5	18	12	5	13	0	0	0	0	6	0	84
gene-LOC142976135	6	12	2	17	42	13	14	4	2	5	0	2	255
gene-LOC142976136	0	0	0	0	0	0	1	0	0	0	0	0	100
gene-LOC142976140	92	47	107	71	44	51	91	62	102	73	61	74	179
gene-LOC142976141	2	0	22	4	0	467	96	7	145	21	15	0	438
gene-LOC142976143	0	10	0	0	0	0	0	0	0	0	0	0	214
gene-LOC142976146	0	0	0	1	0	0	0	1	0	0	0	0	0
gene-LOC142976147	0	0	0	0	0	0	0	0	0	0	0	0	329
gene-LOC142976148	71	12	160	777	65	66	112	37	337	89	19	20	275
gene-LOC142976149	403	716	1330	264	346	79	285	327	228	119	78	144	1464
gene-LOC142976150	524	396	315	309	354	100	60	43	78	61	100	39	320
gene-LOC142976151	107	138	330	153	131	72	112	109	87	124	122	149	91
gene-LOC142976152	1	0	0	0	5	0	0	0	4	2	0	0	2
gene-LOC142976153	1001	798	1034	908	724	344	2748	1550	3560	1375	2233	3149	383
gene-LOC142976155	6	1	19	10	7	58	7	2	21	2	7	1	510
gene-LOC142976156	2	0	7	3	10	14	6	0	1	1	8	1	72
gene-LOC142976158	0	0	0	1	0	0	0	0	0	0	0	0	5
gene-LOC142976159	1	0	0	0	0	0	0	0	1	0	0	0	5
gene-LOC142976160	482	408	684	571	316	351	871	632	816	680	772	960	580
gene-LOC142976161	597	222	136	1053	80	1179	2280	663	2711	2938	4758	7655	123
gene-LOC142976162	211	293	260	46	84	69	215	232	448	283	440	450	3
gene-LOC142976163	699	923	1262	328	281	137	913	627	1020	600	692	872	156
gene-LOC142976164	111	29	14	9	19	20	18	25	100	22	105	20	1182
gene-LOC142976166	491	590	619	578	242	125	687	452	643	362	801	921	96
gene-LOC142976167	385	46	93	28	99	2758	139	221	1285	53	1121	90	6260
gene-LOC142976168	0	2	0	0	0	0	0	0	0	0	0	0	0
gene-LOC142976169	91	88	168	47	123	9	31	21	30	24	18	31	73
gene-LOC142976170	2	0	0	0	0	0	0	0	0	0	0	0	0
gene-LOC142976171	4829	5197	3197	1131	588	280	639	193	439	325	299	496	22
gene-LOC142976173	35	19	25	58	0	8	24	14	19	44	29	30	85
gene-LOC142976177	198	154	233	180	187	100	337	182	443	233	477	384	280
gene-LOC142976179	989	58	0	2	10	0	5	10	1400	4	2435	0	2428
gene-LOC142976181	4	101	30	25	11	0	4	0	15	0	3	3	20
gene-LOC142976182	0	0	0	0	0	0	3	0	0	0	0	0	0
gene-LOC142976184	0	0	0	0	0	0	0	0	0	0	0	0	0
gene-LOC142976186	0	6	0	1	9	12	18	6	28	8	7	0	0
gene-LOC142976188	68344	3645	49	38	180	21	0	16	577	3	151	3	197578
gene-LOC142976189	2	0	0	0	0	0	0	0	0	0	0	0	0
gene-LOC142976190	4	8	0	0	0	0	0	0	0	0	0	0	17
gene-LOC142976191	3099	2034	1421	4796	1647	2658	9518	6449	12095	27316	14014	20039	0
gene-LOC142976192	113015	4518	94	85	878	0	0	25	884	8	514	8	363577
gene-LOC142976193	0	0	3	0	0	4	0	0	1	0	0	0	420
gene-LOC142976195	1089	1312	3420	1677	1849	773	2033	1647	3998	3197	3742	1658	1586
gene-LOC142976197	0	0	5	0	3	0	0	0	0	0	0	0	1061
gene-LOC142976198	61	46	57	47	21	29	176	8	85	200	221	161	84
gene-LOC142976199	764	437	756	560	89	175	328	173	377	252	400	547	77
gene-LOC142976200	139	61	404	1544	70	184	722	294	459	352	159	22	199
gene-LOC142976201	0	0	0	0	0	0	0	0	0	0	0	0	0
gene-LOC142976202	311	88	32	567	29	35	300	385	303	126	70	218	24
gene-LOC142976203	16	7	27	144	5	100	1	13	7	5	18	3	46
gene-LOC142976204	405	874	1250	316	542	113	597	338	310	384	175	295	445
gene-LOC142976205	1	0	0	0	0	0	0	3	1	0	0	0	7
gene-LOC142976206	1	0	0	0	0	0	2	0	1	0	0	0	0
gene-LOC142976207	3229	3653	639	2288	7242	233	3632	99	2859	212	2210	2018	7
gene-LOC142976208	0	2	1	1	0	6	0	0	0	0	0	0	23
gene-LOC142976210	1412	2928	3784	588	1379	208	864	703	302	289	287	401	325
gene-LOC142976211	8896	650	5189	1964	1062	71393	15660	129	30390	6827	44856	23563	59
gene-LOC142976212	0	0	0	0	0	0	0	0	0	0	0	0	1
gene-LOC142976213	0	3	1	0	0	18	0	0	0	3	0	0	10965
gene-LOC142976215	1405	744	112	1616	183	1141	2854	2067	3388	5972	5630	7321	0
gene-LOC142976216	0	0	0	0	0	0	0	0	0	0	0	0	0
gene-LOC142976217	0	0	0	0	0	0	0	0	0	0	0	0	0
gene-LOC142976218	0	0	10	2	0	0	0	0	1	0	4	0	0
gene-LOC142976219	3	2	163	1	36	44	0	0	2	1	1	1	341
gene-LOC142976220	0	2	0	0	0	0	0	0	0	1	0	0	0
gene-LOC142976221	0	2	0	0	0	0	0	0	4	2	0	0	0
gene-LOC142976224	0	0	0	0	0	0	0	0	0	0	0	0	0
gene-LOC142976225	274	23	203	2	47	5286	106	54	795	707	1761	1025	0
gene-LOC142976226	13	9	0	3	7	0	4	1	1	1	2	2	1
gene-LOC142976228	34	20	24	49	22	0	15	15	29	32	35	21	62
gene-LOC142976231	0	0	0	0	0	0	0	0	0	0	0	0	0
gene-LOC142976232	0	0	0	0	0	0	4	0	0	0	0	0	0
gene-LOC142976233	1	0	0	0	0	0	2	0	0	3	0	0	0
gene-LOC142976234	15	7	19	28	12	28	51	22	63	57	86	61	40
gene-LOC142976238	7730	3932	4268	9591	1813	3181	7554	3360	10178	8154	11732	14273	343
gene-LOC142976239	1087	270	114	650	44	476	1204	471	4093	1861	3951	1300	54
gene-LOC142976240	101	59	152	236	56	82	86	65	86	70	137	105	392
gene-LOC142976242	1	0	2	17	0	13	0	0	0	579	0	4	0
gene-LOC142976243	209	163	294	203	333	161	56	31	39	67	82	42	497
gene-LOC142976245	1041	428	761	675	834	465	40	51	45	42	96	53	1790
gene-LOC142976246	682	1175	1187	567	426	152	214	155	53	98	47	83	1121
gene-LOC142976247	0	2	0	0	0	0	0	0	5	0	0	1	0
gene-LOC142976249	3359	3716	1274	35867	469	16841	4217	4689	5066	29557	14429	51931	0
gene-LOC142976250	326	313	305	200	134	75	318	193	192	201	260	328	144
gene-LOC142976251	35	24	23	37	10	16	36	17	42	31	34	71	141
gene-LOC142976253	130	80	145	101	92	177	400	229	961	373	500	719	324
gene-LOC142976255	112	112	156	172	37	52	122	82	185	132	199	155	53
gene-LOC142976256	0	1	0	1	0	0	0	0	6	3	3	5	0
gene-LOC142976257	0	0	0	0	0	0	0	0	0	0	0	0	0
gene-LOC142976259	0	0	0	0	0	0	0	0	0	0	0	0	0
gene-LOC142976260	0	0	0	0	0	0	0	0	0	0	0	0	0
gene-LOC142976261	37384	11597	3942	18734	4329	145197	14429	8464	15279	71723	34033	95927	0
gene-LOC142976262	6	0	2	11	0	0	0	0	0	0	0	0	36
gene-LOC142976263	243	141	222	161	169	90	45	62	71	78	63	56	338
gene-LOC142976264	1	2	0	0	0	0	0	0	0	0	1	2	0
gene-LOC142976265	0	0	0	0	0	0	0	0	0	0	0	0	0
gene-LOC142976266	0	0	0	0	0	0	0	0	0	0	0	0	0
gene-LOC142976267	107	11	3	123	0	1046	234	390	442	626	778	100	0
gene-LOC142976268	6	0	0	2	48	26	19	0	12	19	10	24	36
gene-LOC142976269	0	0	0	0	0	0	0	0	0	0	0	0	16
gene-LOC142976270	700	302	793	646	277	1361	709	499	2465	2076	4434	1593	220
gene-LOC142976271	2	3	0	2	0	0	0	0	0	0	0	0	0
gene-LOC142976272	0	3	0	0	0	0	0	0	4	0	0	1	0
gene-LOC142976273	0	0	0	0	0	0	0	0	0	0	0	0	0
gene-LOC142976274	0	0	0	0	0	0	0	0	0	3	0	0	5
gene-LOC142976275	45898	16107	7688	34540	8998	103137	480557	251602	722902	207223	571398	50871	0
gene-LOC142976276	0	0	0	0	0	0	0	0	0	0	0	0	0
gene-LOC142976277	0	20	0	1	0	0	0	3	0	0	2	0	5
gene-LOC142976278	0	0	6	0	37	0	0	0	0	0	0	0	1532
gene-LOC142976279	0	2	7	0	52	13	5	3	54	0	30	0	1102
gene-LOC142976280	0	2	0	0	0	0	0	0	0	0	0	0	6
gene-LOC142976281	0	0	5	0	11	0	2	0	0	0	3	0	197
gene-LOC142976282	0	0	0	0	0	0	0	0	0	0	0	0	0
gene-LOC142976283	459	601	15	1693	25	1096	11602	2983	5153	3458	603	370	0
gene-LOC142976284	0	0	0	0	0	0	0	0	0	0	0	0	0
gene-LOC142976285	1	1	0	4	0	0	0	0	0	0	0	2	0
gene-LOC142976286	0	5	2	1	0	0	1	0	1	7	1	2	7
gene-LOC142976287	0	0	0	0	0	0	0	0	0	0	0	0	0
gene-LOC142976288	0	0	0	0	0	0	0	0	0	0	0	0	0
gene-LOC142976289	0	0	21	0	0	0	0	0	0	2	1	0	745
gene-LOC142976290	432	304	287	329	124	206	169	113	242	200	195	181	798
gene-LOC142976292	1363	644	334	1404	471	3264	4091	1702	4490	8768	11087	12774	0
gene-LOC142976294	75	66	25	71	6	23	127	145	203	223	298	256	38
gene-LOC142976295	0	0	0	0	0	0	0	0	0	0	0	0	36
gene-LOC142976296	0	0	5	0	0	0	0	0	0	0	0	0	45
gene-LOC142976297	0	0	0	0	0	0	0	0	0	0	0	0	0
gene-LOC142976298	0	0	0	0	0	0	0	0	0	0	0	3	0
gene-LOC142976299	0	0	0	0	0	0	0	0	0	0	0	0	0
gene-LOC142976300	0	0	0	0	9	0	0	0	0	0	0	0	0
gene-LOC142976301	22	25	58	29	34	30	13	22	20	5	13	7	1
gene-LOC142976302	0	0	0	0	0	0	0	0	0	0	0	0	0
gene-LOC142976303	8	2	3	127	19	2715	94	25	523	231	607	197	0
gene-LOC142976304	0	0	0	0	0	0	0	0	0	0	0	0	1
gene-LOC142976305	0	6	0	1	0	0	0	0	0	0	0	1	0
gene-LOC142976306	1	0	5	0	0	12	0	0	0	0	0	0	9
gene-LOC142976307	0	0	0	0	0	0	0	0	0	0	0	0	0
gene-LOC142976308	14	30	6	12	23	69	23	4	59	124	219	152	22
gene-LOC142976309	0	0	0	0	0	0	0	0	0	0	0	0	0
gene-LOC142976310	36	13	35	39	7	39	52	43	144	119	214	160	41
gene-LOC142976311	14672	13499	502	9690	279	47659	693945	204604	452130	76952	269102	40100	0
gene-LOC142976312	880	86	122	621	64	256	781	307	1438	714	818	768	121
gene-LOC142976313	3	5	15	0	0	0	28	4	26	10	16	1	43
gene-LOC142976314	0	1	0	0	0	0	0	0	0	0	0	0	0
gene-LOC142976317	6	6	14	9	21	0	20	0	15	3	0	1	42
gene-LOC142976318	102	144	199	120	112	29	341	196	593	299	333	527	85
gene-LOC142976319	0	0	0	0	0	0	0	0	0	0	0	0	0
gene-LOC142976320	201	205	532	403	420	133	176	78	80	110	88	101	360
gene-LOC142976321	794	1147	67	1882	19	562	10099	2655	71	2706	1985	1182	0
gene-LOC142976322	135	66	22	88	15	0	33	3	1	0	1	2	89
gene-LOC142976324	1186	1184	2139	1262	4317	448	157	66	52	62	63	84	1581
gene-LOC142976325	1672	2242	3540	875	1977	1562	347	135	252	712	2748	1332	4427
gene-LOC142976326	75	491	11	4234	32	398	621	280	47	273	99	437	0
gene-LOC142976327	0	0	0	1	0	0	0	4	1	3	0	0	3
gene-LOC142976328	0	0	0	0	0	0	0	0	0	0	0	0	0
gene-LOC142976329	0	0	0	0	0	0	0	0	0	0	0	0	0
gene-LOC142976330	0	0	0	0	0	0	0	0	0	0	0	0	0
gene-LOC142976331	0	0	0	0	0	0	0	0	0	0	0	0	0
gene-LOC142976342	1463	7	166	2252	335	2563	7964	4045	2549	20651	1057	15599	0
gene-LOC142976356	10	10	8	5	9	0	0	0	0	3	1	0	46
gene-LOC142976357	7645	138	165	6299	169	5908	3727	5210	8974	34119	13788	2333	0
gene-LOC142976358	4682	5997	31051	3703	17640	3320	1331	494	1452	799	949	1105	32819
gene-LOC142976359	709	141	465	3252	629	1339	229	197	4609	1932	6754	2720	0
gene-LOC142976361	7036	5550	3480	3403	444	1346	3760	6259	8994	901	1614	2209	30
gene-LOC142976363	36	42	221	43	64	459	0	5	16	0	7	2	3877
gene-LOC142976364	16	12	12	4	0	60	11	2	21	13	14	10	22
gene-LOC142976365	2	0	0	0	3	21	0	0	0	0	10	0	62
gene-LOC142976366	6615	126	4466	729	4130	28111	13469	45071	37626	3618	22457	847	0
gene-LOC142976367	17	68	81	21	9	267	90	116	274	47	109	97	70
gene-LOC142976368	74	331	92	444	203	323	373	1346	2539	863	1354	1333	131
gene-LOC142976369	708	602	220	1112	86	312	390	311	342	373	267	267	250
gene-LOC142976370	0	3	13	0	0	0	3	0	4	6	0	0	43
gene-LOC142976371	0	0	9	0	33	5	0	1	4	0	4	0	843
gene-LOC142976372	0	0	0	0	0	0	0	0	1	3	0	0	0
gene-LOC142976375	503745	398187	238981	165431	421171	353129	315337	329293	1284887	1092343	737006	1674435	0
gene-LOC142976376	0	0	0	0	0	0	0	0	2	0	0	0	69
gene-LOC142976379	9	5	2	7	12	0	0	6	12	5	3	6	70
gene-LOC142976380	6	1	72	62	12	325	44	38	25	25	84	27	0
gene-LOC142976381	314	109	161	218	9	27	36	32	16	10	7	17	324
gene-LOC142976382	295	339	674	419	788	382	131	57	92	197	326	252	834
gene-LOC142976383	101	55	95	88	97	83	21	14	17	17	46	52	175
gene-LOC142976384	8	12	20	124	0	42	24	22	1	15	7	5	0
gene-LOC142976385	0	0	0	0	0	0	0	0	0	0	0	0	2
gene-LOC142976386	226	60	136	456	182	718	104	70	235	86	363	98	2917
gene-LOC142976388	1	5	0	6	0	0	0	0	0	2	10	3	0
gene-LOC142976389	1137	714	542	602	1279	318	23	15	27	49	61	47	784
gene-LOC142976390	493	493	497	545	336	98	221	44	65	104	80	133	178
gene-LOC142976393	921	467	938	578	1187	286	59	43	52	101	136	139	197
gene-LOC142976395	1	15	0	58	0	0	0	0	0	14	19	19	0
gene-LOC142976396	1243	392	319	997	310	663	131	125	126	257	400	311	2429
gene-LOC142976397	2	0	0	1	7	0	0	0	0	0	0	0	3
gene-LOC142976399	0	0	1	11	0	0	0	0	0	0	0	1	0
gene-LOC142976400	0	0	0	0	0	0	0	0	0	0	0	0	0
gene-LOC142976402	10	1	4	185	0	67	22	27	202	30	100	124	388
gene-LOC142976404	0	0	0	0	0	0	0	0	0	0	0	0	0
gene-LOC142976405	0	0	0	0	0	0	0	0	0	0	0	0	0
gene-LOC142976406	2203	3809	3688	723	2315	468	1501	593	662	596	523	945	4641
gene-LOC142976407	116	98	133	189	75	72	139	73	184	123	309	231	262
gene-LOC142976409	558	121	145	3166	136	543	44	44	57	455	1125	1760	0
gene-LOC142976411	1451	1021	879	2281	454	379	636	363	192	629	303	356	1303
gene-LOC142976412	211	81	253	311	53	195	95	29	67	90	137	89	267
gene-LOC142976413	565	6820	682	29164	319	9615	182	109	1077	5191	12202	82110	1
gene-LOC142976414	0	0	0	0	0	0	0	0	0	0	0	0	0
gene-LOC142976415	51	78	60	33	83	39	72	9	31	56	58	30	126
gene-LOC142976419	0	0	3	2	1	0	0	1	0	0	6	0	0
gene-LOC142976420	421	293	450	172	306	253	20	30	21	47	69	47	2403
gene-LOC142976421	0	2	7	0	10	35	0	0	2	0	0	0	973
gene-LOC142976424	1039	727	1046	794	482	400	710	444	622	577	634	526	1128
gene-LOC142976425	804	486	522	984	486	1101	192	124	218	207	250	167	4839
gene-LOC142976426	1	4	1	5	0	0	16	26	29	17	27	4	0
gene-LOC142976427	0	0	0	0	13	13	2	0	0	5	0	0	0
gene-LOC142976428	87	22	38	77	52	27	18	18	32	19	20	7	952
gene-LOC142976429	1	3	4	1	0	0	3	4	3	2	0	0	18
gene-LOC142976430	1	0	0	0	0	0	0	0	0	3	0	0	0
gene-LOC142976433	0	0	10	0	0	0	0	0	5	0	0	0	0
gene-LOC142976435	5063	1503	62257	2465	13268	198	2171	701	5022	294	2464	3942	0
gene-LOC142976436	1	0	0	5	0	0	3	5	10	2	3	0	19
gene-LOC142976438	1589	753	918	1309	354	739	2478	2380	2306	2176	3099	2428	570
gene-LOC142976440	2	7	9	1	0	0	0	0	5	1	0	0	475
gene-LOC142976443	234	1119	40693	12	16263	68	2	48	13	13	16	4	108
gene-LOC142976446	1347	803	1228	636	568	313	1093	351	1052	447	586	393	177
gene-LOC142976448	1	0	4	3	0	0	0	4	0	0	0	0	432
gene-LOC142976450	2	24	16	21	14	0	4	7	3	3	10	35	47
gene-LOC142976451	26	3	13	0	17	0	0	0	3	0	12	4	127
gene-LOC142976453	170	73	229	133	106	49	198	153	165	170	121	160	31
gene-LOC142976455	21	652	27	172	216	103	91	560	710	57	124	89	238
gene-LOC142976456	1	18	0	40	27	8	98	68	215	54	58	29	71
gene-LOC142976458	1	3	8	12	0	0	0	0	8	5	10	11	7
gene-LOC142976459	2504	1109	4095	1051	1804	741	313	116	343	252	429	239	2137
gene-LOC142976460	30	1	4	41	0	33	12	3	1	1	0	0	54
gene-LOC142976461	161	120	167	240	138	141	262	172	511	307	557	501	406
gene-LOC142976462	0	2	1	2	5	15	5	0	0	0	0	5	0
gene-LOC142976464	120	102	264	118	85	168	93	21	57	104	112	80	555
gene-LOC142976465	94	85	175	104	296	83	205	150	236	148	304	368	201
gene-LOC142976466	1864	580	42	6262	72	379	2288	2874	6456	6870	7743	15344	48
gene-LOC142976470	13	31	22	13	66	10	20	2	6	17	6	11	372
gene-LOC142976471	137	59	115	286	72	126	44	47	55	95	141	81	364
gene-LOC142976473	85	42	43	125	10	69	50	41	15	43	50	48	150
gene-LOC142976475	101	74	90	270	33	113	7	14	15	12	20	15	197
gene-LOC142976476	477	574	592	373	332	199	1041	1069	1579	633	974	1299	349
gene-LOC142976478	118	70	126	206	29	84	245	81	170	216	232	200	93
gene-LOC142976480	3	3	0	0	0	0	0	0	0	0	0	0	27
gene-LOC142976481	39	2643	3669	152	1596	0	16	85	5	0	0	0	414
gene-LOC142976482	1	0	0	5	0	13	0	0	0	0	0	0	0
gene-LOC142976483	501	47	110	240	106	218	59	48	147	44	204	77	320
gene-LOC142976484	98	54	109	478	20	160	289	305	406	496	246	139	4
gene-LOC142976486	2	2	0	0	0	0	2	0	7	0	0	0	105
gene-LOC142976487	0	6	3	11	0	27	6	4	96	12	66	3	0
gene-LOC142976491	26	14	43	30	11	0	11	7	17	26	17	24	36
gene-LOC142976492	101	50	162	49	29	12	125	52	91	122	161	180	66
gene-LOC142976493	56	12	23	2606	35	6402	312	10	333	466	3616	291	0
gene-LOC142976494	0	0	0	0	0	0	0	0	0	0	0	0	0
gene-LOC142976495	27	8	34	23	22	22	20	11	28	23	27	22	22
gene-LOC142976497	2742	2438	201	1463	668	18	1335	3562	978	148	92	1010	40
gene-LOC142976498	302	206	274	240	123	122	90	153	164	152	165	133	352
gene-LOC142976500	51	50	17	100	0	36	319	151	185	142	94	155	64
gene-LOC142976503	2	0	0	123	0	0	0	0	0	1	6	0	0
gene-LOC142976506	1070	1564	2200	1134	604	395	1329	834	893	531	634	1175	797
gene-LOC142976507	1	0	4	4	1	0	10	2	0	0	4	7	0
gene-LOC142976508	67	24	102	72	163	201	197	87	507	238	562	420	102
gene-LOC142976510	647	29	200	2200	62	1304	619	144	4375	1187	12743	2633	0
gene-LOC142976511	521	203	143	456	60	196	648	332	799	784	955	505	0
gene-LOC142976512	25	18	28	28	63	260	5	11	18	9	8	7	391
gene-LOC142976513	13	0	5	2	0	0	17	11	25	15	55	1	2
gene-LOC142976514	2	26	20	1	26	23	0	1	4	0	0	4	1047
gene-LOC142976515	1358	1472	3423	1027	587	502	2553	1749	2451	1992	1203	1173	0
gene-LOC142976516	532	598	551	1167	414	433	851	430	800	890	729	689	1246
gene-LOC142976517	669	189	430	752	300	545	436	185	463	356	562	404	921
gene-LOC142976518	872	767	1203	1168	498	254	1621	946	1117	1179	849	1222	419
gene-LOC142976519	388	232	274	588	156	1078	6985	1499	10223	8839	14011	2233	0
gene-LOC142976521	261	288	454	357	271	130	396	177	242	412	415	510	190
gene-LOC142976523	2	1	12	3	0	0	6	0	1	2	0	0	32
gene-LOC142976525	6	0	1	1	0	47	9	0	0	5	0	1	143
gene-LOC142976526	0	0	3	18	0	0	0	3	0	0	9	0	0
gene-LOC142976527	22981	24264	34061	22801	7833	4474	4512	1631	2726	2288	1990	2765	109
gene-LOC142976528	0	0	0	0	0	0	0	0	0	0	0	0	0
gene-LOC142976529	69468	22537	29025	93968	8785	41183	36231	16132	58951	50774	65336	95614	26
gene-LOC142976530	0	3	5	0	0	0	0	0	0	0	0	0	0
gene-LOC142976531	1551	1352	2218	1916	688	256	1643	1321	1477	1375	982	1085	463
gene-LOC142976532	103	17	0	0	7	0	0	0	52	0	137	0	186
gene-LOC142976533	1	30	11	9	128	19	0	0	0	0	0	0	16663
gene-LOC142976534	140	122	878	146	385	142	15	13	25	27	15	15	2054
gene-LOC142976536	11669	2397	662	4045	400	4497	2837	1387	2529	5417	4879	2409	915
gene-LOC142976537	13	2	6	27	0	40	57	21	34	31	38	48	5
gene-LOC142976538	687	238	528	1094	138	518	460	163	456	406	700	842	256
gene-LOC142976539	0	3	0	0	0	0	0	0	0	0	0	0	1
gene-LOC142976540	0	0	4	0	0	0	0	0	0	0	0	0	5
gene-LOC142976541	0	0	0	1	0	0	0	0	2	2	0	0	0
gene-LOC142976542	65	88	81	66	28	91	45	46	97	65	61	95	75
gene-LOC142976543	185	174	470	164	129	49	166	99	96	104	115	169	261
gene-LOC142976544	362	42	8	191	0	315	368	66	297	107	319	218	0
gene-LOC142976545	2893	1550	19	1114	78	494	1262	653	1360	613	529	519	0
gene-LOC142976546	41	20	37	21	14	15	62	26	68	56	126	76	27
gene-LOC142976549	5778	6590	824	1448	1489	854	5229	8048	4754	751	1108	1466	0
gene-LOC142976554	26	29	21	63	34	66	80	32	157	154	290	183	68
gene-LOC142976555	1787	2277	140	40	729	125	1839	232	1112	131	61	321	24
gene-LOC142976556	213	194	249	127	158	26	34	10	9	22	13	8	154
gene-LOC142976557	1	0	0	0	0	0	0	0	0	0	2	2	0
gene-LOC142976559	7	3	3	2	0	0	0	0	0	0	0	0	169
gene-LOC142976561	0	3	6	0	0	0	0	0	0	0	0	0	0
gene-LOC142976562	0	0	0	0	0	0	0	0	0	0	0	0	0
gene-LOC142976563	0	2	0	0	0	0	0	0	6	0	0	0	5
gene-LOC142976564	7	18	12	4	21	20	0	7	22	9	0	20	22
gene-LOC142976565	0	0	1	0	0	8	0	0	5	0	0	0	151
gene-LOC142976566	0	0	1	0	0	0	0	4	1	0	0	0	8
gene-LOC142976568	3	5	22	0	0	0	0	0	2	0	0	8	10
gene-LOC142976569	174	41	206	87	64	11	25	13	7	5	8	20	136
gene-LOC142976570	74	24	66	109	26	20	35	14	47	33	16	21	84
gene-LOC142976571	0	0	0	1	0	0	0	4	5	1	16	10	0
gene-LOC142976573	30	39	1	186	6	180	267	446	594	912	957	447	5
gene-LOC142976575	391	447	1842	606	522	378	78	123	127	318	160	82	116
gene-LOC142976576	16	0	2	30	0	70	8	1	20	27	43	72	0
gene-LOC142976577	0	0	0	0	0	0	0	0	0	0	0	0	0
gene-LOC142976578	37	3	33	24	3	0	6	0	15	2	6	7	61
gene-LOC142976580	113	83	184	387	138	34	65	34	42	41	36	53	394
gene-LOC142976582	6	69	171	25	359	106	137	176	282	79	102	33	121
gene-LOC142976583	12	0	5	15	0	173	140	164	905	1	308	0	0
gene-LOC142976585	441	388	1086	415	209	119	165	113	96	205	123	204	395
gene-LOC142976586	333	270	3131	869	3372	58	306	381	2955	169	772	9	0
gene-LOC142976587	2	0	0	0	0	0	0	0	0	0	2	2	2
gene-LOC142976588	1	12	7	0	9	19	0	0	0	0	0	0	26
gene-LOC142976589	0	0	0	0	0	0	0	0	0	0	0	0	0
gene-LOC142976590	0	0	0	2	7	417	0	0	0	0	0	0	0
gene-LOC142976591	6	1	0	1	0	0	0	1	13	7	9	12	3
gene-LOC142976593	0	0	0	0	0	0	4	0	0	10	0	4	3
gene-LOC142976594	0	1	0	2	0	0	0	0	0	1	0	0	0
gene-LOC142976595	0	0	0	0	0	0	0	0	0	0	0	0	0
gene-LOC142976596	359	102	126	454	64	77	130	58	71	93	71	51	314
gene-LOC142976597	0	0	4	0	0	0	0	0	0	0	0	0	0
gene-LOC142976598	0	2	51	4	25	12	5	7	4	2	2	2	12
gene-LOC142976603	1	0	4	4	0	27	2	0	11	1	0	5	124
gene-LOC142976606	0	0	0	0	0	0	0	0	0	0	0	0	0
gene-LOC142976607	0	0	0	0	0	0	0	0	0	0	0	0	0
gene-LOC142976608	1	1	0	0	0	0	0	0	0	0	0	0	28
gene-LOC142976609	0	0	0	0	0	0	0	0	0	0	0	0	6
gene-LOC142976610	0	0	1	0	0	0	0	0	0	0	0	0	0
gene-LOC142976612	0	0	0	0	0	0	0	0	0	0	0	0	0
gene-LOC142976613	18	27	22	13	18	0	11	14	20	20	16	27	25
gene-LOC142976614	71	52	59	145	63	90	38	29	42	44	51	82	209
gene-LOC142976615	551	446	422	735	174	206	718	662	1347	709	1404	1517	714
gene-LOC142976617	0	0	0	0	11	0	0	0	1	0	0	0	0
gene-LOC142976618	0	0	0	3	0	0	4	0	0	0	0	0	7
gene-LOC142976619	62	103	73	81	56	13	51	67	98	81	80	65	220
gene-LOC142976621	37	29	0	47	0	46	40	47	36	3	3	3	11
gene-LOC142976622	2031	648	886	1253	1014	642	81	84	50	152	151	162	4087
gene-LOC142976624	0	0	0	0	11	0	0	0	0	0	0	0	0
gene-LOC142976626	223	47	15	256	25	148	135	44	72	84	93	100	77
gene-LOC142976627	43948	8085	30359	16555	19895	9378	3185	2944	2880	4820	3627	13692	60
gene-LOC142976629	11910	14139	13147	1734	9808	559	1248	501	603	412	189	516	2852
gene-LOC142976630	72	249	858	87	356	83	57	56	158	68	154	206	305
gene-LOC142976631	45	213	94	193	240	326	147	101	163	54	39	61	725
gene-LOC142976633	2	4	34	2	51	12	3	0	4	0	4	0	1081
gene-LOC142976634	5275	2131	3436	5043	713	294	4471	3263	3684	2911	2922	977	4
gene-LOC142976635	0	0	0	2	0	0	0	0	0	0	0	0	6
gene-LOC142976636	0	0	0	0	0	0	0	0	0	0	0	0	0
gene-LOC142976637	0	0	0	0	0	0	0	0	0	1	2	0	0
gene-LOC142976638	0	0	0	0	0	0	0	0	0	0	0	0	5
gene-LOC142976639	965	642	765	1608	497	1402	802	398	1578	688	2213	1626	1625
gene-LOC142976646	0	0	0	0	0	0	0	0	0	0	0	0	0
gene-LOC142976649	0	0	9	2	0	495	8	1	3	14	0	0	0
gene-LOC142976650	45	49	78	42	68	15	66	5	29	18	18	41	62
gene-LOC142976652	104	69	94	192	46	147	119	18	74	139	197	102	182
gene-LOC142976653	0	8	6	0	0	26	0	9	6	3	6	5	141
gene-LOC142976655	0	1	0	0	0	0	0	0	0	0	0	0	21
gene-LOC142976656	0	1	4	0	0	7	0	0	0	0	0	0	47
gene-LOC142976658	35	20	22	46	14	168	10	11	30	55	94	14	459
gene-LOC142976659	4723	63	1594	2370	464	604	1475	290	1845	1693	951	1130	187
gene-LOC142976660	19	11	14	25	88	32	5	2	8	3	10	1	150
gene-LOC142976661	0	0	0	0	0	0	0	0	0	0	0	0	0
gene-LOC142976662	0	0	0	0	0	45	4	0	0	0	0	0	28
gene-LOC142976663	406	574	3299	307	1637	170	293	293	359	304	423	491	1266
gene-LOC142976664	0	1	3	0	9	22	0	0	1	0	0	0	2
gene-LOC142976666	0	0	2	0	0	0	0	2	0	0	0	0	24
gene-LOC142976667	269	142	121	154	51	76	32	29	8	6	3	31	108
gene-LOC142976669	3	4	1	6	0	21	14	0	20	0	2	0	942
gene-LOC142976670	0	0	0	0	0	0	0	0	0	0	0	4	0
gene-LOC142976671	75	235	743	97	809	1092	359	262	708	152	369	98	15728
gene-LOC142976673	1	2	0	0	0	14	0	0	0	0	0	0	1901
gene-LOC142976674	3	42	14	0	0	0	2	1	1	0	0	0	35
gene-LOC142976675	140	50	84	175	44	152	83	41	55	43	35	48	231
gene-LOC142976678	2	0	0	0	0	0	0	3	0	4	0	1	39
gene-LOC142976679	13	31	105	17	142	66	16	18	23	0	0	5	2626
gene-LOC142976680	9	2	0	11	0	0	0	0	1	23	9	4	3
gene-LOC142976681	290	108	114	270	103	300	201	90	206	219	227	103	403
gene-LOC142976683	918	1065	669	981	218	268	2741	2403	2865	2229	1660	2152	1041
gene-LOC142976684	952	594	550	2515	505	1375	1192	501	1975	1598	2499	1784	8
gene-LOC142976686	70	176	221	22	282	120	14	7	17	0	0	3	7595
gene-LOC142976688	95	73	19	146	12	125	161	212	174	317	286	108	83
gene-LOC142976692	1018	257	1351	154	710	61	466	494	913	436	1076	230	47
gene-LOC142976693	0	0	0	0	0	0	0	0	0	0	0	0	0
gene-LOC142976695	262	95	245	1297	11	9	154	236	78	25	150	1532	3
gene-LOC142976697	111	16	58	313	21	179	767	20	278	305	113	232	92
gene-LOC142976699	839	158	2004	464	816	118	2976	3133	1572	631	412	1060	982
gene-LOC142976700	0	0	1	0	0	0	0	0	0	0	0	0	0
gene-LOC142976702	0	0	0	0	0	0	0	0	0	0	0	0	0
gene-LOC142976704	2	4	0	3	0	0	5	4	1	0	0	0	6
gene-LOC142976705	0	2	0	0	0	0	0	0	0	0	0	0	0
gene-LOC142976706	0	0	0	0	0	0	0	0	0	0	3	0	0
gene-LOC142976707	133	42	27	94	60	98	38	12	17	8	18	6	194
gene-LOC142976708	0	1	0	2	0	0	0	0	0	0	0	0	8
gene-LOC142976709	0	0	0	0	0	0	0	0	0	0	0	0	0
gene-LOC142976710	3059	473	3220	626	1604	1546	510	593	403	43	83	284	2
gene-LOC142976711	9	9	14	13	20	11	37	12	48	17	40	32	384
gene-LOC142976714	6565	9578	12086	5391	8256	711	5320	9124	6102	4751	4034	7285	24
gene-LOC142976716	0	0	0	0	0	0	0	0	2	0	0	0	0
gene-LOC142976717	3	3	3	0	0	0	0	0	5	0	3	3	1
gene-LOC142976718	17	9	42	7	61	17	15	11	1	0	8	7	26
gene-LOC142976720	10	13	12	19	1	30	0	8	3	0	3	4	46
gene-LOC142976722	1216	1097	85	1536	55	410	1856	1749	3678	1420	1881	2096	0
gene-LOC142976724	16	11	27	19	27	55	0	0	0	0	0	3	82
gene-LOC142976726	1741	379	185	2202	234	2298	395	315	596	353	621	634	350
gene-LOC142976727	4	0	4	17	4	0	17	25	25	58	54	66	7
gene-LOC142976728	4177	2667	4649	486	887	508	2392	849	1547	1680	1775	1490	355
gene-LOC142976729	59	32	27	48	30	307	32	20	18	387	460	177	20
gene-LOC142976730	0	0	0	0	0	0	3	0	0	0	2	0	0
gene-LOC142976731	1760	736	1027	871	669	949	879	430	601	564	360	387	508
gene-LOC142976734	1	2	12	2	29	0	2	5	0	0	1	5	0
gene-LOC142976735	10	13	3	10	23	0	29	25	26	4	11	3	45
gene-LOC142976736	0	0	0	0	0	0	0	0	0	0	0	0	3
gene-LOC142976737	9140	3840	1293	37836	1716	5244	31845	13326	76612	38102	79803	160275	0
gene-LOC142976739	133	119	37	78	27	22	251	344	210	164	118	298	98
gene-LOC142976741	0	0	0	0	6	0	0	0	0	0	0	1	0
gene-LOC142976744	0	0	0	0	0	0	0	0	0	0	0	0	0
gene-LOC142976745	0	0	0	0	0	0	1	0	0	0	0	0	1
gene-LOC142976746	6192	4414	12537	650	10854	343	163	545	213	90	47	397	1443
gene-LOC142976747	3	28	25	63	36	11	211	168	438	115	89	120	198
gene-LOC142976750	0	0	0	0	0	0	0	0	2	0	0	0	2
gene-LOC142976751	1	0	6	0	0	0	0	0	0	6	0	1	0
gene-LOC142976752	880	220	94	950	45	347	674	268	609	726	959	897	194
gene-LOC142976753	0	0	0	0	0	0	0	0	2	0	0	0	0
gene-LOC142976754	3	0	0	0	0	0	1	0	0	0	0	0	143
gene-LOC142976756	0	0	0	0	0	0	0	0	0	0	0	0	0
gene-LOC142976757	0	0	0	0	0	0	0	0	0	0	0	0	0
gene-LOC142976759	421	382	658	583	615	368	491	579	762	629	959	1097	594
gene-LOC142976760	2177	3075	2757	2728	1206	988	7852	5726	7013	12325	6803	7415	428
gene-LOC142976763	320	264	303	435	272	867	540	352	1273	990	2117	1051	689
gene-LOC142976766	0	0	0	0	0	0	0	0	0	0	0	0	1
gene-LOC142976767	0	0	0	0	0	0	0	0	1	0	0	0	0
gene-LOC142976772	642	1073	1108	837	429	232	625	463	373	469	496	529	172
gene-LOC142976774	0	5	0	0	0	0	0	0	0	0	0	0	3
gene-LOC142976775	6	0	0	3	0	0	0	3	0	4	6	0	0
gene-LOC142976777	289	1040	1818	251	1108	292	114	136	83	98	92	94	7450
gene-LOC142976778	33	26	25	16	7	6	6	0	17	4	8	20	16
gene-LOC142976780	0	0	0	0	0	0	0	0	0	0	0	0	0
gene-LOC142976781	2605	2449	1881	2800	631	825	1281	878	759	1473	833	1210	1278
gene-LOC142976782	167	171	62	139	285	717	8	4	16	20	31	19	2135
gene-LOC142976785	3	15	8	9	13	23	0	0	0	0	0	0	24
gene-LOC142976786	15	18	24	28	15	16	5	0	0	8	10	5	55
gene-LOC142976788	433	605	778	323	511	97	151	114	59	148	94	139	1152
gene-LOC142976790	146	60	95	134	23	29	92	33	43	56	43	95	45
gene-LOC142976791	9178	4116	5448	8744	2610	8371	15623	6828	22969	18149	31305	19947	4457
gene-LOC142976792	128	184	245	170	106	40	264	204	243	283	284	293	127
gene-LOC142976793	672	237	136	2466	143	1079	1576	572	2096	2918	3239	2884	116
gene-LOC142976794	2750	5095	15920	4825	7342	1461	1488	859	1847	1540	1458	1304	12353
gene-LOC142976795	602	601	1519	450	1027	226	114	74	51	159	97	126	1069
gene-LOC142976796	18	15	58	19	36	17	14	23	30	11	8	35	1004
gene-LOC142976798	0	0	0	0	0	0	0	0	0	0	0	0	0
gene-LOC142976799	156	0	90	38	319	366	46	0	52	0	18	0	64
gene-LOC142976800	14	0	0	0	19	19	0	0	2	0	10	0	5
gene-LOC142976801	0	1	16	12	9	0	0	0	0	2	2	3	0
gene-LOC142976802	30	49	0	6	0	0	57	12	22	13	4	12	13
gene-LOC142976803	558	246	361	546	88	60	68	33	20	7	1	38	613
gene-LOC142976804	3	0	0	0	0	0	0	0	4	4	0	0	0
gene-LOC142976805	1	2	0	0	0	0	0	0	0	0	0	0	0
gene-LOC142976806	3284	408	3	1311	188	0	978	8	1276	6	0	0	497
gene-LOC142976807	0	0	0	2	0	0	0	0	0	0	0	0	0
gene-LOC142976808	0	0	0	0	0	0	0	0	0	0	0	0	4
gene-LOC142976809	355	366	1320	377	742	91	331	265	365	265	371	453	279
gene-LOC142976810	0	0	0	0	0	0	0	0	0	0	0	3	6
gene-LOC142976811	0	0	0	0	13	29	0	0	0	0	3	0	1
gene-LOC142976812	0	0	1	0	0	0	0	0	0	0	0	0	2
gene-LOC142976813	2	30	15	9	13	0	23	37	8	4	4	7	1
gene-LOC142976814	0	0	0	0	0	0	0	0	0	0	0	0	0
gene-LOC142976815	0	0	0	0	7	0	0	9	0	0	0	0	3
gene-LOC142976816	0	4	182	0	22	0	1	4	8	5	0	0	7848
gene-LOC142976817	0	1	14	0	0	0	0	0	0	0	0	3	7100
gene-LOC142976818	0	0	0	0	0	0	0	0	0	0	0	0	0
gene-LOC142976819	51	56	18	10	0	13	16	45	7	25	40	29	0
gene-LOC142976820	0	0	1	259	0	0	34	0	0	5	0	0	148
gene-LOC142976821	2	0	0	1	0	0	1	21	0	0	5	10	0
gene-LOC142976822	0	0	0	0	0	0	0	0	0	0	0	0	0
gene-LOC142976823	3	13	18	10	0	7	0	2	6	2	3	1	89
gene-LOC142976824	2	1	0	1	19	0	0	0	5	4	0	1	9
gene-LOC142976825	38	11	12	132	8	44	26	5	18	115	44	113	0
gene-LOC142976826	71	26	44	71	76	65	3	1	3	8	5	0	596
gene-LOC142976827	1	2	28	11	28	21	10	6	0	5	3	0	52
gene-LOC142976828	1924	1140	1431	1070	801	867	1060	814	977	864	917	1228	3457
gene-LOC142976829	3551	5004	6366	2157	2607	1745	6992	4972	10279	3427	4308	5948	4003
gene-LOC142976830	0	0	0	0	0	0	0	0	0	0	0	0	0
gene-LOC142976834	0	0	0	0	0	0	0	0	0	0	0	0	0
gene-LOC142976835	136	135	232	139	169	107	104	74	55	106	74	102	336
gene-LOC142976836	95	163	232	393	134	78	253	274	267	275	161	275	216
gene-LOC142976837	0	2	0	0	0	0	0	0	2	0	3	0	2
gene-LOC142976838	0	15	3	1	6	1	0	20	22	29	6	14	4
gene-LOC142976841	0	1	0	0	0	1	0	0	0	0	0	0	0
gene-LOC142976842	0	2	0	0	0	0	0	0	0	2	0	0	0
gene-LOC142976863	18	1	4	0	9	0	0	0	32	4	0	0	0
gene-LOC142976864	0	0	0	0	0	0	0	0	0	0	0	0	0
gene-LOC142976866	494	160	225	506	205	382	38	46	68	28	51	40	806
gene-LOC142976868	65	118	102	51	20	0	78	63	38	59	67	61	36
gene-LOC142976869	53	67	138	43	18	0	44	107	67	82	22	46	74
gene-LOC142976870	1	0	0	2	0	0	0	0	0	0	0	0	6
gene-LOC142976871	0	0	0	0	0	0	0	0	0	0	0	0	0
gene-LOC142976872	583	242	533	332	126	159	227	102	265	257	220	39	329
gene-LOC142976873	1044	828	1225	1227	542	220	698	205	403	643	630	588	392
gene-LOC142976874	299	387	527	196	220	80	401	340	190	312	292	337	236
gene-LOC142976875	2920	2062	1731	2478	1668	1250	7084	7077	7275	5068	5757	4790	282
gene-LOC142976877	1354	1918	3170	788	2538	490	346	291	325	267	215	236	919
gene-LOC142976880	438	207	368	157	156	102	46	30	77	72	63	59	172
gene-LOC142976881	48	24	43	50	17	0	27	5	10	5	0	8	33
gene-LOC142976883	154	361	974	87	391	133	245	194	451	185	154	152	3602
gene-LOC142976884	1760	1069	1911	3246	782	528	575	363	373	659	178	280	1852
gene-LOC142976886	254	203	393	696	295	380	76	57	74	276	308	112	800
gene-LOC142976887	13	76	30	35	21	1427	235	253	62	75	38	63	779
gene-LOC142976888	9964	4121	16300	13935	9372	2549	76597	15927	69104	30173	16589	1587	0
gene-LOC142976889	25323	684	1669	4353	1241	7289	3504	7417	44985	13190	21866	6558	0
gene-LOC142976890	5731	1261	1705	476	604	213	5576	10867	19305	5001	3013	756	10
gene-LOC142976891	31420	4529	10272	20030	7183	25598	5604	14759	30015	23536	32798	13988	0
gene-LOC142976892	0	0	0	0	0	0	0	0	2	0	0	0	0
gene-LOC142976893	0	0	3	0	0	0	0	0	21	2	15	0	1
gene-LOC142976894	23	43	10	54	0	0	258	4	153	15	18	27	1
gene-LOC142976898	52	20	3	14	8	64	34	19	42	20	23	23	903
gene-LOC142976899	0	0	0	0	0	0	0	0	1	0	2	0	0
gene-LOC142976900	3	0	0	0	0	0	8	3	3	15	28	21	1
gene-LOC142976902	828	519	4002	422	2167	440	248	80	426	112	269	207	898
gene-LOC142976903	851	417	143	852	81	430	436	215	245	611	366	361	639
gene-LOC142976904	886	968	1593	208	782	247	544	127	59	563	34	92	1319
gene-LOC142976906	22	2	0	0	0	36	0	0	17	0	57	0	129
gene-LOC142976909	8	3	1	6	12	18	0	0	0	0	0	0	116
gene-LOC142976910	331	104	258	290	103	176	104	55	54	107	120	99	908
gene-LOC142976911	485	287	370	674	104	198	686	258	586	620	1034	973	371
gene-LOC142976914	3291	1354	520	1478	171	816	5422	1382	4485	2404	1975	2579	94
gene-LOC142976915	9	17	1	12	0	0	21	17	16	8	4	14	3
gene-LOC142976918	4913	2394	2483	4728	1035	2099	566	605	497	1042	1414	1197	4009
gene-LOC142976919	5	4	3	5	13	0	13	5	32	4	8	18	11
gene-LOC142976920	15	4	9	13	0	10	9	4	18	4	9	5	14
gene-LOC142976922	31	47	336	41	358	264	33	18	28	15	27	29	7702
gene-LOC142976923	6	8	44	5	65	14	34	50	54	2	4	4	202
gene-LOC142976925	2587	2408	3224	2573	914	1074	2377	1062	2377	2282	2749	2580	2328
gene-LOC142976926	0	11	2	5	10	0	4	4	8	7	13	8	19
gene-LOC142976927	550	312	442	378	111	217	212	89	166	196	223	141	507
gene-LOC142976928	4	0	2	0	7	0	0	0	0	0	0	0	0
gene-LOC142976929	6193	7559	2870	3812	1889	2721	1563	1715	6564	1092	5538	4698	425
gene-LOC142976930	1258	577	537	1466	332	1262	1137	676	834	796	816	676	5153
gene-LOC142976931	734	895	1356	704	766	55	526	228	248	352	190	315	1372
gene-LOC142976933	38	9	0	32	14	330	180	60	161	65	250	52	115
gene-LOC142976934	509	73	34	764	11	1015	796	293	2125	1024	9355	2601	0
gene-LOC142976936	0	0	17	1	0	0	0	0	6	1	1	1	0
gene-LOC142976938	37	29	29	81	8	166	41	36	162	51	487	152	413
gene-LOC142976939	939	224	12	504	20	207	484	213	239	744	212	58	252
gene-LOC142976940	5	11	0	5	6	0	8	3	5	6	0	5	5
gene-LOC142976942	15338	12461	18776	8957	5125	2953	17687	14597	25414	24336	16034	15624	895
gene-LOC142976944	5168	2811	3220	1769	1820	1411	810	433	2536	627	1549	2228	5501
gene-LOC142976945	201	114	145	230	74	34	41	15	19	30	51	20	352
gene-LOC142976947	3	5	8	0	9	13	4	5	4	11	3	1	15
gene-LOC142976948	225	107	219	61	90	100	279	8	641	521	251	177	9
gene-LOC142976951	102	124	306	85	194	191	83	46	59	20	26	33	142
gene-LOC142976953	760	456	428	821	86	396	647	406	1027	862	1042	1472	972
gene-LOC142976954	84	98	165	133	92	52	109	77	89	113	142	123	106
gene-LOC142976959	0	0	0	0	0	0	0	0	0	0	0	0	0
gene-LOC142976960	0	0	0	0	0	0	0	0	0	0	0	0	0
gene-LOC142976962	532	1157	804	227	239	379	647	308	358	900	555	439	34
gene-LOC142976963	0	0	0	0	7	0	0	0	0	0	0	0	4
gene-LOC142976964	1	0	2	0	0	0	0	0	0	0	0	0	0
gene-LOC142976965	0	1	0	1	0	0	7	2	3	1	3	0	0
gene-LOC142976966	376	326	446	363	211	123	227	95	192	127	140	120	540
gene-LOC142976967	0	1	0	0	0	0	0	0	0	0	0	0	0
gene-LOC142976968	0	0	0	0	0	0	1	0	0	0	0	0	3
gene-LOC142976969	754	448	767	942	473	458	257	192	298	475	381	316	1000
gene-LOC142976970	0	4	13	0	0	0	0	0	0	3	0	0	2
gene-LOC142976971	0	0	4	0	0	0	0	0	0	0	0	0	0
gene-LOC142976972	0	5	0	0	0	0	0	3	0	0	0	0	3
gene-LOC142976976	0	12	19	21	6	24	2	5	1	4	0	0	9
gene-LOC142976979	5843	8073	6252	6979	1940	1494	4136	5900	5022	5068	2037	4076	1998
gene-LOC142976981	2661	1439	2036	833	295	355	2249	9934	1166	1744	1599	269	0
gene-LOC142976982	0	0	0	0	0	0	0	0	0	0	0	0	0
gene-LOC142976983	26474	33040	44	14336	21	4044	789	12485	8489	11082	2229	9649	0
gene-LOC142976986	3	8	6	42	7	141	4	28	37	19	0	17	426
gene-LOC142976987	182	115	275	547	105	103	50	6	16	12	4	16	819
gene-LOC142976988	290	176	152	352	118	221	643	340	1387	644	1010	967	146
gene-LOC142976989	3	0	0	40	11	166	0	0	3	0	5	0	106122
gene-LOC142976991	0	1	5	0	0	0	0	0	2	2	0	0	24
gene-LOC142976993	2935	5367	629	2907	228	3420	10687	8488	6342	8172	9264	11183	0
gene-LOC142976994	497	172	113	291	29	142	298	116	337	209	127	227	747
gene-LOC142976995	84	17	28	13	0	0	49	25	58	46	59	19	41
gene-LOC142976997	777	110	79	3159	302	2821	3367	851	47973	12847	34886	3813	0
gene-LOC142977000	178	68	205	153	147	100	91	38	98	72	62	31	200
gene-LOC142977001	18	13	32	45	16	17	23	7	23	44	40	51	25
gene-LOC142977002	83	20	111	98	75	51	160	17	460	322	541	133	2
gene-LOC142977004	87	22	42	126	7	177	189	131	1015	432	1351	626	102
gene-LOC142977005	58	15	80	57	41	22	36	19	27	45	17	58	33
gene-LOC142977007	0	0	0	0	0	0	0	0	0	0	0	0	0
gene-LOC142977010	7147	4864	1995	1709	1392	1596	4489	3303	11870	3090	12848	16914	486
gene-LOC142977011	355	83	712	614	290	2375	7344	2208	635	28819	2803	8215	51
gene-LOC142977012	10	5	3	7	9	7	1	6	42	12	61	19	0
gene-LOC142977016	0	0	0	0	0	0	0	0	0	0	0	0	0
gene-LOC142977017	2	2	5	2	0	13	9	0	20	6	5	8	266
gene-LOC142977018	54409	42663	77757	10914	42586	5201	35506	27752	54904	50159	47344	39130	0
gene-LOC142977019	88	79	222	121	89	26	107	72	73	103	67	93	116
gene-LOC142977021	0	0	0	0	0	10	6	0	0	0	0	0	11
gene-LOC142977024	70	81	112	38	34	28	145	80	37	65	27	84	23
gene-LOC142977026	1	0	10	1	0	0	0	0	149	2	0	0	0
gene-LOC142977028	8	21	76	61	27	0	95	134	14	50	2	41	191
gene-LOC142977029	0	5	21	0	0	0	0	0	0	0	0	0	16
gene-LOC142977031	0	3	0	0	0	0	0	0	0	0	0	0	3
gene-LOC142977033	107	0	10	17	0	926	0	20	9	133	31	0	0
gene-LOC142977034	39	5	2	1	16	1070	52	53	764	207	209	14	0
gene-LOC142977035	0	1	7	4	0	97	22	22	16	8	3	8	2404
gene-LOC142977036	127	0	39	3	0	197	0	8	18	33	84	0	0
gene-LOC142977037	417	291	716	601	343	145	508	337	234	480	334	355	381
gene-LOC142977040	51	53	12	3	0	87	53	499	791	521	635	475	5
gene-LOC142977043	0	0	20	0	0	10	0	0	2	0	2	0	0
gene-LOC142977044	3	0	9	0	45	0	2	21	8	0	0	5	0
gene-LOC142977045	75	160	331	75	138	0	39	66	63	81	59	95	46
gene-LOC142977046	0	3	5	2	0	0	0	0	0	0	0	0	4
gene-LOC142977047	0	0	0	0	0	0	0	0	0	0	0	0	5
gene-LOC142977049	1	0	7	1	0	0	0	0	1	0	0	0	0
gene-LOC142977050	33	14	168	39	173	23	56	33	56	80	132	141	67
gene-LOC142977053	2	0	0	1	0	0	0	0	0	0	0	0	4
gene-LOC142977054	2	1	0	0	0	0	0	0	0	1	2	0	0
gene-LOC142977055	36	88	2	76	6	46	0	41	29	184	46	116	116
gene-LOC142977056	4589	7318	3869	1467	2005	4581	4035	3073	16259	2328	3119	3076	246
gene-LOC142977057	83	178	588	7	79	0	144	89	94	15	9	17	151
gene-LOC142977058	437	960	3304	220	1443	551	286	214	217	199	249	233	597
gene-LOC142977059	9111	1037	215	68	1249	12	95	28	3702	99	4647	47	80545
gene-LOC142977060	10	42	7	65	42	58	6	36	13	20	6	5	76
gene-LOC142977061	85	51	72	82	41	25	120	82	92	105	149	204	44
gene-LOC142977063	4772	1811	1336	3045	1406	10314	1844	737	3838	3257	10063	5006	3643
gene-LOC142977064	0	0	0	0	0	0	0	0	0	0	0	0	0
gene-LOC142977065	382	475	441	400	170	114	288	163	202	286	227	299	252
gene-LOC142977066	2	0	0	0	0	0	0	0	0	0	5	0	0
gene-LOC142977067	0	2	2	0	0	0	0	0	0	0	0	0	8
gene-LOC142977068	20	4	29	11	4	92	10	5	12	15	12	7	2541
gene-LOC142977069	10	0	1	6	7	3	0	0	0	3	9	8	16
gene-LOC142977070	0	0	0	0	0	0	0	0	0	0	0	0	0
gene-LOC142977071	0	0	0	0	0	0	0	0	0	0	0	0	0
gene-LOC142977072	0	0	0	0	0	0	0	0	0	0	0	0	0
gene-LOC142977073	5	8	12	0	0	0	0	0	1	0	0	0	4801
gene-LOC142977074	22	0	32	14	15	0	0	0	17	0	16	0	18
gene-LOC142977075	111	21	0	51	23	0	0	10	0	4	76	0	378
gene-LOC142977077	0	0	0	0	0	0	0	0	0	0	0	0	0
gene-LOC142977078	0	0	0	0	0	0	0	0	0	0	0	0	1
gene-LOC142977079	0	0	0	0	0	0	0	0	0	0	0	0	0
gene-LOC142977080	0	1	0	0	0	0	5	0	2	0	0	1	0
gene-LOC142977083	7568	3764	3428	7744	1922	8006	19311	5917	29977	18499	32113	18511	3264
gene-LOC142977084	475	150	44	1021	23	722	601	296	2166	846	1371	2264	1
gene-LOC142977085	20	32	14	8	0	25	8	11	3	23	20	11	111
gene-LOC142977086	6	18	23	10	20	23	0	17	20	3	6	3	10
gene-LOC142977087	84	205	348	177	241	165	72	17	63	40	103	58	457
gene-LOC142977088	0	0	0	0	0	0	0	0	0	0	0	0	0
gene-LOC142977090	3	16	8	7	13	0	0	0	3	0	5	0	12
gene-LOC142977093	313	303	488	315	437	314	215	78	110	161	154	202	54
gene-LOC142977094	14	0	15	5	0	0	1	13	6	17	8	5	16
gene-LOC142977095	412	531	1138	237	395	43	212	151	132	250	121	164	141
gene-LOC142977096	5	2	13	2	0	0	0	0	0	1	0	0	101
gene-LOC142977097	9712	2652	1458	8185	2698	6267	7229	4591	29460	12065	17711	16858	8803
gene-LOC142977098	872	1525	2164	534	988	114	1993	1798	2214	1028	1007	1960	17
gene-LOC142977099	1	8	5	0	0	0	0	0	0	0	0	0	1
gene-LOC142977100	0	0	0	0	0	0	0	3	0	0	0	0	0
gene-LOC142977101	16	80	172	11	0	7	88	229	4600	33	377	2010	2
gene-LOC142977102	1129	4848	451	671	303	420	372	2669	611	379	398	721	578
gene-LOC142977103	52	412	5	23	9	0	5	149	36	22	8	20	2
gene-LOC142977104	13	79	0	5	2	0	0	51	9	1	3	1	0
gene-LOC142977105	2	0	1	0	0	0	0	6	0	0	0	6	2
gene-LOC142977106	0	0	5	0	2	0	0	2	3	4	0	0	1
gene-LOC142977108	0	2	0	0	0	0	0	0	0	0	0	0	0
gene-LOC142977109	379	136	136	127	55	0	327	94	246	130	409	359	61
gene-LOC142977110	0	0	0	0	0	0	0	0	0	0	0	0	0
gene-LOC142977111	0	0	0	0	0	4	0	0	0	0	2	0	2
gene-LOC142977112	11	4	8	5	6	11	10	4	11	2	1	4	22
gene-LOC142977113	2	19	5	13	5	58	16	6	13	0	0	1	66
gene-LOC142977114	0	1	5	0	0	0	0	0	0	0	0	8	51
gene-LOC142977115	0	0	0	0	0	0	0	0	0	0	0	0	0
gene-LOC142977116	696	605	219	2932	123	1353	1790	1222	2641	2828	4492	4548	0
gene-LOC142977118	0	2	0	1	0	0	0	8	4	0	0	0	4
gene-LOC142977119	16	14	58	12	18	0	21	14	9	19	22	21	24
gene-LOC142977120	212	506	207	186	288	603	238	391	395	98	91	132	3951
gene-LOC142977122	14	31	48	43	25	60	7	1	4	3	9	2	112
gene-LOC142977123	120	124	226	71	47	32	130	81	67	140	113	102	54
gene-LOC142977124	27	44	49	28	12	18	17	31	19	29	21	27	8
gene-LOC142977125	0	5	0	2	0	0	0	0	1	0	0	0	29
gene-LOC142977127	91	36	61	366	10	54	64	32	16	61	17	19	67
gene-LOC142977128	3	6	38	1	27	0	0	5	4	0	0	0	77
gene-LOC142977129	2	23	22	23	20	0	17	16	8	7	1	3	67
gene-LOC142977132	6382	9410	8890	3019	3813	1028	8799	8019	8465	7380	13703	11044	0
gene-LOC142977133	123	81	30	120	13	107	76	49	48	25	14	26	152
gene-LOC142977134	0	2	0	0	0	0	0	0	0	0	0	0	0
gene-LOC142977136	1267	1204	7186	819	2668	172	2014	445	687	1328	547	782	1647
gene-LOC142977137	194	184	129	416	236	1469	359	175	242	3115	444	253	319
gene-LOC142977138	2425	4144	11747	1911	3513	489	2052	511	439	2091	177	1081	75
gene-LOC142977139	321	183	582	468	148	294	594	136	467	699	709	916	104
gene-LOC142977141	10	12	21	6	56	29	11	13	10	5	2	1	197
gene-LOC142977142	0	10	3	0	0	0	0	0	0	0	0	0	0
gene-LOC142977143	1	7	2	0	0	0	0	0	0	0	0	0	0
gene-LOC142977146	7	3	11	7	12	23	7	0	4	3	0	1	1
gene-LOC142977148	3095	2150	2933	2682	2284	1493	6381	7025	11376	4675	7479	8832	28293
gene-LOC142977150	1340	160	12	0	36	0	51	185	1659	5	606	153	404
gene-LOC142977151	0	0	0	0	0	0	0	0	0	0	0	0	0
gene-LOC142977152	433	468	312	727	143	358	1942	937	1242	1375	713	1106	0
gene-LOC142977153	0	0	3	0	0	0	0	0	0	0	0	0	6
gene-LOC142977154	0	0	0	0	0	0	0	0	0	0	0	0	0
gene-LOC142977155	0	0	0	0	0	0	0	0	0	1	0	0	3
gene-LOC142977156	16	2	0	3	0	15	10	0	4	1	0	0	2
gene-LOC142977158	6	60	25	24	11	29	45	75	44	25	22	15	23
gene-LOC142977159	9076	833	161	839	61	1506	1804	381	2634	2158	2230	2299	38
gene-LOC142977160	1	0	0	0	0	0	5	0	0	0	0	0	0
gene-LOC142977161	653	1587	1575	1396	785	254	816	723	536	496	199	543	1211
gene-LOC142977162	231	63	154	597	35	315	470	360	537	987	216	325	395
gene-LOC142977163	9	4	8	6	0	10	0	0	1	0	2	3	184
gene-LOC142977164	0	4	12	0	0	27	15	14	6	2	3	12	7
gene-LOC142977165	0	1	0	0	0	0	0	0	0	0	0	0	1
gene-LOC142977167	0	0	0	0	0	0	0	0	1	0	0	0	0
gene-LOC142977171	0	0	0	0	0	0	0	0	0	0	0	0	0
gene-LOC142977174	3	0	2	0	11	0	0	0	0	0	0	0	48
gene-LOC142977177	3262	1879	5891	603	6418	564	3677	1652	1870	1197	3308	2291	737
gene-LOC142977178	3	10	3	0	0	0	0	0	7	0	1	4	0
gene-LOC142977179	9	4	0	4	0	0	16	10	6	8	16	11	0
gene-LOC142977180	2650	5587	2284	4169	528	385	2662	2936	2627	2054	3489	3768	44
gene-LOC142977181	0	1	0	1	0	0	0	0	0	0	0	0	0
gene-LOC142977182	270	547	868	303	311	563	593	334	673	181	223	424	3273
gene-LOC142977183	0	0	0	0	0	0	0	0	0	1	0	0	0
gene-LOC142977185	37	32	53	11	121	0	83	59	140	29	85	36	76
gene-LOC142977186	2265	398	302	1563	356	915	339	133	241	395	261	519	4207
gene-LOC142977187	531	193	389	977	351	722	552	243	778	780	642	484	2747
gene-LOC142977188	0	0	0	0	0	0	0	0	0	0	0	0	0
gene-LOC142977190	140	281	261	80	101	22	44	95	62	71	51	79	47
gene-LOC142977191	0	1	0	0	0	0	0	0	0	0	0	0	0
gene-LOC142977192	140	41	47	1355	41	516	142	159	181	583	136	13	6
gene-LOC142977193	0	0	0	14	0	0	0	0	0	0	0	0	0
gene-LOC142977194	1550	1547	3295	326	4343	6058	14719	5984	31584	11996	39249	10267	0
gene-LOC142977195	1446	277	134	4286	157	726	248	274	1922	2358	3154	452	0
gene-LOC142977196	0	0	0	0	0	0	6	2	0	0	0	0	0
gene-LOC142977199	22	173	72	71	209	781	42	37	127	38	66	44	3645
gene-LOC142977200	477	257	136	31	350	403	89	141	254	6	179	30	502
gene-LOC142977201	0	0	16	0	1	47	11	1	9	0	5	1	0
gene-LOC142977202	1	0	0	0	0	0	0	0	0	0	0	0	0
gene-LOC142977203	5597	12187	16567	3278	12064	3493	8649	14776	8417	4999	12963	17470	2198
gene-LOC142977204	105	70	80	38	25	78	54	16	35	66	32	28	28
gene-LOC142977205	1	0	0	1	0	4	0	3	6	2	0	0	0
gene-LOC142977206	1373	734	786	557	252	371	1381	1262	1993	1450	2004	1148	122
gene-LOC142977207	345	421	591	520	119	404	596	541	1665	763	961	456	204
gene-LOC142977208	0	0	0	0	0	0	0	0	0	0	0	0	0
gene-LOC142977209	0	0	13	3	0	0	0	4	0	1	0	0	19
gene-LOC142977211	22	11	15	110	0	88	0	9	4	23	28	1	11
gene-LOC142977212	1060	8557	204	6939	28	380	21160	4472	2240	1156	6623	651	1
gene-LOC142977213	1060	8557	204	6939	28	380	21160	4472	2240	1156	6623	651	1
gene-LOC142977214	5	47	65	7	39	18	3	6	10	1	4	0	113
gene-LOC142977216	1076	702	2284	1228	791	837	2302	920	2471	2048	1093	1197	1988
gene-LOC142977217	11981	14411	602	33547	929	7573	260924	209153	20021	30145	4873	1476	0
gene-LOC142977218	10	3	120	0	110	0	0	0	14	8	0	1	7
gene-LOC142977219	130	33	43	82	3	14	70	17	119	81	324	82	251
gene-LOC142977221	70	87	93	74	66	32	25	24	20	21	14	24	120
gene-LOC142977223	503	1395	1809	666	475	42	514	459	275	449	169	271	365
gene-LOC142977224	2867	1719	2532	6260	1329	6197	3513	3472	8988	12653	13050	10703	80
gene-LOC142977225	0	0	0	0	0	0	0	0	0	0	0	0	0
gene-LOC142977227	419	355	605	509	71	162	1206	381	967	937	904	1194	852
gene-LOC142977228	0	0	0	0	0	0	0	0	0	0	0	0	0
gene-LOC142977229	0	0	0	2	0	0	0	0	0	4	0	7	0
gene-LOC142977230	10	20	24	14	6	0	97	3	34	17	41	24	0
gene-LOC142977232	0	1	3	0	0	0	0	0	1	0	0	0	2
gene-LOC142977233	1	6	2	0	0	0	0	0	0	0	0	0	0
gene-LOC142977235	0	0	5	0	0	0	1	0	1	0	0	0	3
gene-LOC142977236	0	0	0	0	0	0	0	0	0	0	0	0	0
gene-LOC142977237	5519	1106	4924	305	3835	104	926	7822	1920	1909	2290	83	0
gene-LOC142977238	142	48	150	192	30	97	228	78	312	182	293	245	149
gene-LOC142977240	97	172	104	91	44	25	95	54	58	66	51	56	70
gene-LOC142977241	426	120	179	242	223	466	5746	4070	1022	338	473	304	0
gene-LOC142977242	0	0	0	2	0	0	0	0	0	0	0	0	0
gene-LOC142977243	3956	2862	1384	25852	1428	4384	53856	26814	43181	144474	26179	26700	2402
gene-LOC142977244	0	0	0	0	0	0	0	0	0	0	0	0	0
gene-LOC142977245	0	0	0	0	0	0	0	0	0	0	0	0	127
gene-LOC142977246	0	4	0	0	0	0	0	0	0	0	0	0	0
gene-LOC142977247	209	321	581	322	101	119	90	98	99	138	83	146	0
gene-LOC142977249	40	0	3	1	0	0	0	0	199	0	5	9	4
gene-LOC142977250	10	27	0	25	0	0	31	4	0	3	54	65	226
gene-LOC142977251	0	2	0	0	0	0	0	0	0	0	0	0	0
gene-LOC142977253	2	9	1	2	6	51	0	8	12	6	22	0	1260
gene-LOC142977254	93551	25986	16998	30396	60907	34872	40555	32981	85516	61775	46241	35730	2
gene-LOC142977255	83	50	11	349	23	286	304	176	346	665	493	637	111
gene-LOC142977260	0	0	0	0	0	0	0	0	0	0	0	0	0
gene-LOC142977261	737	1266	1525	280	467	74	1630	572	1083	603	730	1001	90
gene-LOC142977262	1	2	1	11	0	0	0	0	1	4	0	0	2
gene-LOC142977263	0	4	0	0	0	0	0	0	0	0	0	0	0
gene-LOC142977264	567	559	1024	447	738	221	211	131	159	238	230	306	329
gene-LOC142977270	0	1	0	0	3	0	0	6	2	0	0	0	0
gene-LOC142977271	1138	2285	1918	888	603	190	558	374	245	404	244	291	1204
gene-LOC142977272	0	0	0	0	0	0	0	0	1	0	0	0	23
gene-LOC142977273	0	0	0	0	0	0	0	0	0	0	0	0	0
gene-LOC142977274	0	0	0	0	0	0	0	0	0	0	0	0	0
gene-LOC142977275	0	0	0	0	0	0	0	0	0	0	0	0	0
gene-LOC142977276	180	169	235	144	199	132	25	18	21	36	9	18	354
gene-LOC142977278	0	0	0	0	0	0	0	6	0	0	0	0	0
gene-LOC142977280	0	0	0	0	0	0	4	0	0	0	0	0	0
gene-LOC142977281	0	0	0	0	0	0	0	0	0	0	0	0	3
gene-LOC142977282	0	0	0	1	0	0	8	11	0	0	6	0	0
gene-LOC142977283	0	0	0	0	0	0	0	0	0	0	0	0	0
gene-LOC142977284	0	0	3	0	0	0	0	0	0	0	0	0	0
gene-LOC142977285	20	15	38	14	66	0	8	10	0	12	29	17	209
gene-LOC142977287	0	0	0	2	0	17	3	0	12	0	0	0	0
gene-LOC142977288	12	0	0	0	3	15	0	0	0	0	4	0	276
gene-LOC142977289	0	1	0	0	0	0	0	0	5	0	0	0	0
gene-LOC142977290	2	0	0	0	0	0	0	0	0	0	0	0	7
gene-LOC142977291	6	0	0	14	0	0	34	0	0	0	17	0	21
gene-LOC142977292	0	1	2	0	0	0	0	0	0	0	0	0	1
gene-LOC142977294	2	0	11	0	0	0	0	0	7	0	0	3	1
gene-LOC142977295	0	0	2	0	0	0	0	0	3	0	0	0	8
gene-LOC142977296	11	92	123	1	124	20	0	7	18	8	8	192	383
gene-LOC142977301	7	11	0	3	14	0	0	2	3	0	2	0	0
gene-LOC142977302	0	0	0	0	0	0	0	0	0	0	0	0	20
gene-LOC142977303	311	187	168	111	341	327	91	23	38	53	59	59	4372
gene-LOC142977304	0	0	0	0	0	0	0	0	0	0	0	0	0
gene-LOC142977305	1	2	0	1	0	0	0	0	0	0	0	0	24
gene-LOC142977306	2	6	0	15	11	0	2	2	3	0	0	0	576
gene-LOC142977307	0	0	0	0	0	0	0	0	0	0	0	0	0
gene-LOC142977308	2	275	95	0	137	0	0	0	1	0	0	0	1
gene-LOC142977309	2	0	0	4	0	0	0	0	0	0	0	3	9
gene-LOC142977310	0	3	7	0	0	0	0	0	0	0	0	0	7
gene-LOC142977311	2	3	0	1	0	0	0	0	0	0	2	0	4
gene-LOC142977315	0	0	7	0	0	0	0	0	0	0	0	0	0
gene-LOC142977316	27	27	166	13	272	34	2	6	2	11	9	14	3
gene-LOC142977317	13329	8235	27215	4189	21071	7628	3857	6300	3290	4523	3027	5022	217
gene-LOC142977318	0	2	2	0	0	0	0	0	2	0	0	0	0
gene-LOC142977319	0	0	0	0	0	0	0	0	0	0	0	0	0
gene-LOC142977320	0	0	0	0	0	0	0	0	0	0	0	0	0
gene-LOC142977322	0	0	7	0	0	0	0	0	0	0	0	0	0
gene-LOC142977323	0	0	0	0	0	0	0	0	0	0	0	0	1
gene-LOC142977324	0	0	2	0	0	0	0	0	0	0	0	0	0
gene-LOC142977325	24	17	47	14	14	16	67	7	29	19	37	46	69
gene-LOC142977327	550	381	768	381	317	215	114	46	105	120	118	76	759
gene-LOC142977328	0	3	0	0	0	0	0	0	0	0	0	0	1
gene-LOC142977329	0	0	0	0	0	0	0	0	0	0	0	0	0
gene-LOC142977330	0	0	0	0	0	0	0	0	0	0	0	0	0
gene-LOC142977333	367	380	440	391	164	150	617	434	573	550	702	833	517
gene-LOC142977334	0	0	0	0	0	0	0	0	0	0	0	0	0
gene-LOC142977335	46	96	36	95	166	115	0	0	2	1	1	8	1937
gene-LOC142977337	2870	3965	3070	568	3658	198	1376	1219	863	1060	278	1581	1473
gene-LOC142977339	453717	169290	126684	104267	189921	391408	497818	279719	820836	477406	535152	437580	1
gene-LOC142977340	1699	273	1198	1534	313	602	6212	480	1160	1907	5567	772	0
gene-LOC142977341	3176	1387	11943	2007	11606	5028	14446	35484	9447	4424	3241	1317	3
gene-LOC142977342	119487	64683	98490	33397	51923	98989	276058	219128	202097	107601	139106	51909	0
gene-LOC142977343	58600	186795	30529	92713	47175	56215	233806	509693	164209	128814	80642	58985	0
gene-LOC142977344	11743	5337	38372	4910	18779	6451	28858	15009	23921	14445	14965	5469	0
gene-LOC142977345	71027	11435	5398	79423	10216	117952	16967	6878	39067	74400	244366	109437	0
gene-LOC142977347	8410	691	509	7792	167	1927	17	19	5	27	35	43	7259
gene-LOC142977348	3	1	12	5	0	0	0	2	0	0	0	0	11
gene-LOC142977349	4	2	0	3	0	0	0	0	0	0	0	0	4
gene-LOC142977350	1482	32	123	0	168	37	13	314	9256	48	161	36	226
gene-LOC142977351	0	0	0	0	0	0	0	0	0	0	0	0	0
gene-LOC142977352	1	0	0	0	0	0	0	0	1	0	0	0	0
gene-LOC142977353	205	0	13	24	0	594	0	0	19	39	25	0	0
gene-LOC142977354	16	0	0	0	0	0	0	0	0	0	0	0	0
gene-LOC142977356	263	164	135	335	6	167	38	20	19	1	4	8	354
gene-LOC142977357	692	359	20093	656	9179	670	768	522	2551	830	5615	1901	0
gene-LOC142977358	0	3	0	0	0	0	0	0	0	0	0	0	0
gene-LOC142977359	0	0	0	0	0	0	0	0	0	0	0	0	0
gene-LOC142977360	0	0	10	0	0	18	0	0	0	0	0	0	5
gene-LOC142977361	2	23	0	11	0	0	2	0	5	3	3	0	135
gene-LOC142977362	7	9	0	6	0	0	5	0	2	9	0	3	0
gene-LOC142977363	0	3	1	0	0	0	0	0	0	0	0	0	27
gene-LOC142977364	0	0	0	0	0	0	0	0	0	0	0	0	31
gene-LOC142977365	0	0	0	0	0	0	0	0	0	0	0	0	0
gene-LOC142977366	32583	21997	14719	6557	19802	5971	23116	11247	38445	9120	28757	11528	0
gene-LOC142977367	121	63572	48702	0	97782	0	0	9	0	0	2	1	0
gene-LOC142977368	1688	201738	190375	0	264437	0	0	164	0	0	0	4	0
gene-LOC142977369	0	0	0	0	0	0	0	0	0	0	0	0	0
gene-LOC142977371	0	0	0	0	0	0	0	0	0	0	0	0	0
gene-LOC142977372	31	14	15	13	15	0	48	15	31	33	87	75	1945
gene-LOC142977375	0	8	22	0	10	0	0	5	0	1	3	12	0
gene-LOC142977376	0	0	0	0	0	0	0	0	0	0	0	0	0
gene-LOC142977377	0	3	0	0	0	0	0	0	0	0	0	0	0
gene-LOC142977378	0	0	0	0	0	0	0	0	0	0	0	0	8
gene-LOC142977379	0	0	0	0	0	0	0	0	0	0	0	0	0
gene-LOC142977381	0	0	0	0	0	0	0	0	0	0	1	0	1
gene-LOC142977382	0	0	0	0	0	0	0	0	14	0	2	0	0
gene-LOC142977383	0	0	0	0	0	0	0	0	0	0	0	0	0
gene-LOC142977384	9136	1294	2325	5674	11551	9287	11131	3692	15476	7980	21286	563	0
gene-LOC142977385	587	18	62	412	1363	2872	533	328	2070	684	1489	22	0
gene-LOC142977386	202	178	110	274	35	221	1208	152	1011	297	592	477	16
gene-LOC142977387	7775	932	2211	24180	1142	79461	9278	916	68364	21841	50819	11497	4
gene-LOC142977388	0	0	0	0	0	0	0	0	0	0	6	0	0
gene-LOC142977389	23933	289	1846	823	432	1914	3445	7822	14504	4679	9136	194	0
gene-LOC142977390	0	0	0	0	0	0	0	0	0	0	0	0	0
gene-LOC142977391	0	0	0	0	0	0	0	0	0	0	0	0	0
gene-LOC142977392	0	5	0	0	0	0	0	0	0	0	0	0	131
gene-LOC142977393	0	0	0	4	0	0	0	0	0	0	0	0	0
gene-LOC142977394	1	0	5	0	0	0	6	0	0	0	0	0	80
gene-LOC142977395	1	1	2	1	0	6	2	5	0	0	0	0	0
gene-LOC142977396	413	273	291	29	136	92	252	66	265	180	233	392	0
gene-LOC142977397	4	0	0	3	0	0	7	0	0	2	2	6	0
gene-LOC142977398	38	31	49	40	59	29	0	1	1	0	8	0	99
gene-LOC142977400	0	0	0	0	0	0	0	0	0	0	0	0	0
gene-LOC142977401	32806	12121	13106	26631	7763	24873	6422	2464	3976	6381	10421	6980	6256
gene-LOC142977402	8	9	15	6	30	0	11	4	5	0	2	1	151
gene-LOC142977403	756	43	2	0	107	11	0	9	973	1	1082	4	2830
gene-LOC142977405	87	41	60	0	90	0	5	18	104	0	72	3	2643
gene-LOC142977406	0	8	0	19	13	0	61	39	45	60	200	128	0
gene-LOC142977411	2872	2417	3351	2560	1467	586	1602	776	1715	1185	1050	1350	866
gene-LOC142977413	0	0	0	0	0	0	0	0	0	0	0	0	0
gene-LOC142977414	15605	12347	19439	2527	9050	2544	1435	732	1066	717	834	1353	2154
gene-LOC142977415	0	0	0	0	0	0	0	0	0	0	0	0	0
gene-LOC142977416	66	52	92	34	0	9	5	13	7	4	0	0	34
gene-LOC142977419	1663	1017	1054	1554	370	386	735	453	701	818	310	768	44
gene-LOC142977420	0	0	0	0	0	0	0	0	0	0	0	0	0
gene-LOC142977458	150	159	260	264	202	123	271	227	388	463	389	355	315
gene-LOC142977460	0	0	0	0	0	0	0	0	0	0	0	0	0
gene-LOC142977464	0	0	0	0	0	0	0	0	0	0	0	0	0
gene-LOC142977465	0	2	0	1	0	10	4	15	7	1	0	0	7
gene-LOC142977466	321	388	715	446	537	38	156	421	447	79	49	304	6219
gene-LOC142977467	196	106	342	376	200	40	118	44	159	102	208	90	210
gene-LOC142977471	167	203	305	156	110	40	192	162	196	245	173	200	33
gene-LOC142977474	564	218	288	383	258	289	63	29	27	59	64	49	517
gene-LOC142977475	0	5	10	4	0	0	3	0	0	0	0	0	5
gene-LOC142977477	1	0	0	14	0	0	28	0	4	22	8	15	0
gene-LOC142977478	609	3396	1323	2977	1969	238	678	2558	948	2492	870	1816	0
gene-LOC142977479	101	10	0	68	0	41	162	44	244	283	330	353	0
gene-LOC142977480	13209	10388	9299	19479	3329	3403	61033	41929	31633	17160	5156	6824	0
gene-LOC142977481	1	3	3	0	8	39	4	182	126	0	0	6	150
gene-LOC142977482	128	8	73	465	3	253	1632	1398	3797	1207	568	155	0
gene-LOC142977483	1	1	0	0	0	0	4	0	1	3	1	0	35
gene-LOC142977484	119	44	82	137	73	93	61	17	51	79	100	83	280
gene-LOC142977486	0	0	0	0	0	0	0	0	0	0	0	0	1
gene-LOC142977487	1	11	2	0	0	28	4	0	0	0	0	0	16
gene-LOC142977488	0	0	0	9	0	0	0	0	0	0	0	2	0
gene-LOC142977489	1211	1145	32	55	560	3418	45	10	256	9	278	29	32845
gene-LOC142977490	0	0	0	0	0	0	0	0	0	0	0	0	0
gene-LOC142977491	10	15	8	20	0	0	0	0	4	3	8	20	0
gene-LOC142977492	59	106	112	120	43	155	10	9	78	35	40	433	113
gene-LOC142977493	1678	1518	2067	1599	896	660	485	248	345	393	363	331	2548
gene-LOC142977494	49	55	473	36	65	33	69	6	14	54	26	16	26
gene-LOC142977496	233	380	618	106	680	196	32	38	40	38	77	71	684
gene-LOC142977497	0	0	0	0	0	0	0	0	0	0	0	0	0
gene-LOC142977498	2	0	0	4	5	0	0	0	0	0	0	0	1088
gene-LOC142977499	1263	330	344	2330	282	1593	2567	1153	4457	3528	15049	6857	3394
gene-LOC142977501	1240	770	1586	734	2280	15743	1436	1326	1285	211	380	573	132657
gene-LOC142977502	0	0	0	0	0	0	0	0	2	1	0	0	0
gene-LOC142977507	9	2	1	1	10	43	0	0	8	0	3	0	3627
gene-LOC142977508	0	0	45	0	18	20	4	0	6	0	4	0	196
gene-LOC142977509	0	0	0	0	0	0	0	0	0	0	0	0	0
gene-LOC142977511	62	92	158	123	95	36	92	66	120	86	90	170	90
gene-LOC142977512	109	213	282	209	108	25	244	225	327	276	258	335	135
gene-LOC142977514	1223	1751	2311	556	1755	622	2391	2260	4609	2076	3120	2479	522
gene-LOC142977515	438	337	422	528	201	680	856	514	2489	1440	2984	2085	544
gene-LOC142977516	8	42	76	9	112	75	0	4	3	1	1	0	214
gene-LOC142977517	467	311	410	542	335	1032	1910	1258	6483	3343	6740	4170	1110
gene-LOC142977519	2300	1071	336	1212	553	433	369	146	260	344	365	266	1639
gene-LOC142977525	3	5	6	10	0	16	8	0	4	0	3	0	37
gene-LOC142977526	115	95	234	205	81	95	11	14	38	67	109	50	409
gene-LOC142977527	1182	1427	2009	671	759	342	346	138	166	257	195	221	1237
gene-LOC142977535	102	77	112	143	142	120	143	194	346	294	295	413	125
gene-LOC142977537	66	48	2	17	17	16	74	95	72	20	22	164	16
gene-LOC142977538	3927	3293	396	17825	452	11588	7336	3156	11413	15220	9908	13461	621
gene-LOC142977545	0	7	2	0	0	0	0	0	0	1	0	1	3
gene-LOC142977548	456	602	41	224	46	170	1079	624	2902	2070	2003	2793	868
gene-LOC142977551	229	247	123	1617	94	407	585	297	640	1303	624	1116	0
gene-LOC142977554	7	15	6	5	3	0	21	7	34	5	22	9	4
gene-LOC142977555	453	173	236	378	116	41	140	99	62	44	45	47	283
gene-LOC142977557	38	119	138	89	86	0	60	94	120	115	94	193	78
gene-LOC142977558	2962	1685	1506	2666	1202	2457	4301	5092	14200	6252	11112	17251	213
gene-LOC142977559	612	293	204	867	201	785	1398	1039	4856	2258	4906	5900	438
gene-LOC142977560	0	0	11	3	12	0	0	5	0	0	0	0	10
gene-LOC142977561	0	0	0	0	4	0	0	0	0	0	0	0	0
gene-LOC142977562	29	80	110	9	192	20	12	76	12	6	29	1	1126
gene-LOC142977563	65	97	172	106	33	24	147	110	123	148	63	123	49
gene-LOC142977565	1925	1857	1663	1515	906	851	900	751	668	885	489	656	2774
gene-LOC142977566	0	2	0	0	0	0	0	4	1	0	0	0	0
gene-LOC142977568	622	243	187	327	204	237	187	76	150	502	438	736	388
gene-LOC142977569	922	991	1048	1026	452	432	1828	1481	2192	1129	1752	1923	838
gene-LOC142977570	6888	3031	2378	8081	1116	2690	10840	6660	21256	6637	29321	27110	5759
gene-LOC142977572	2393	2342	3503	1392	2150	271	707	782	350	298	151	160	10
gene-LOC142977573	0	3	6	0	0	0	0	0	0	2	0	0	3
gene-LOC142977575	789	913	1173	440	654	103	227	106	47	120	134	118	437
gene-LOC142977577	88	7	43	9	75	77	190	123	96	25	208	150	400
gene-LOC142977579	192	184	237	190	159	267	379	377	661	455	616	635	271
gene-LOC142977580	4669	8360	19947	9058	10471	3762	6064	5099	5759	6034	8203	8364	26043
gene-LOC142977581	1	4	3	18	9	0	2	0	10	2	0	17	0
gene-LOC142977583	12	5	7	33	23	0	12	4	11	0	5	2	18
gene-LOC142977585	1456	1269	561	2014	316	436	564	297	480	666	613	435	195
gene-LOC142977587	1	0	1	0	8	0	0	0	0	0	0	0	0
gene-LOC142977591	67	156	3586	47	626	0	34	53	20	45	11	16	1913
gene-LOC142977592	54	159	610	43	412	35	101	34	37	43	11	3	88
gene-LOC142977594	354	261	800	397	501	572	750	541	1704	812	1271	745	570
gene-LOC142977596	1230	1214	1373	929	666	333	1193	867	1080	964	1354	1323	745
gene-LOC142977602	786	737	1803	135	608	4364	534	84	367	88	304	338	771
gene-LOC142977603	7	2	0	15	10	42	0	8	0	3	37	18	18
gene-LOC142977604	996	2592	3228	1787	931	283	337	192	102	161	115	167	898
gene-LOC142977611	0	3	0	2	0	0	0	0	0	0	0	0	3
gene-LOC142977612	666	631	769	1215	635	1731	3846	3182	8880	6836	11398	7026	2184
gene-LOC142977614	451	201	622	420	726	2178	290	183	287	84	147	82	285270
gene-LOC142977619	8	8	35	34	7	0	18	13	16	22	18	34	18
gene-LOC142977620	0	0	0	0	0	0	0	0	0	0	0	4	2
gene-LOC142977621	1	0	0	2	0	0	0	0	0	0	0	0	1
gene-LOC142977622	7	7	0	12	5	45	14	6	19	22	37	45	1
gene-LOC142977623	226	995	473	253	910	162	87	197	389	355	488	885	0
gene-LOC142977624	0	0	0	0	0	0	0	0	0	2	0	0	0
gene-LOC142977625	123	120	7	222	5	67	69	24	128	78	228	165	0
gene-LOC142977627	258	317	1755	1962	329	278	2422	732	1735	1784	912	690	350
gene-LOC142977632	23	33	72	34	40	15	10	6	13	10	15	10	33
gene-LOC142977633	180	401	452	286	374	153	835	897	805	486	420	541	320
gene-LOC142977634	285	245	125	193	115	62	63	29	45	30	52	50	232
gene-LOC142977640	2039	2342	324	3205	260	441	495	428	148	500	92	172	214
gene-LOC142977643	177	130	117	186	27	198	233	106	1282	214	1099	294	188
gene-LOC142977644	447	254	477	424	188	140	37	43	30	77	66	50	450
gene-LOC142977645	291	219	154	288	103	112	109	52	102	130	110	118	328
gene-LOC142977646	98	103	256	91	116	20	56	0	17	15	16	40	447
gene-LOC142977648	67	165	1228	754	380	391	16	28	24	15	13	21	694
gene-LOC142977649	0	1	3	3	0	0	3	0	0	0	1	1	2
gene-LOC142977650	17	56	24	8	4	16	197	34	8	2	12	51	0
gene-LOC142977652	183	267	267	254	75	359	816	593	1306	1100	2304	1375	154
gene-LOC142977653	1	1	0	0	0	0	0	0	8	4	0	0	0
gene-LOC142977655	451	360	521	340	256	171	240	123	177	177	160	196	382
gene-LOC142977656	226	218	370	262	381	66	304	299	269	421	383	486	114
gene-LOC142977660	183	42	116	237	68	224	59	28	51	77	39	57	123
gene-LOC142977662	7	4	14	13	14	27	0	0	3	2	5	2	105
gene-LOC142977663	18	10	96	66	26	0	0	5	1	0	1	1	1473
gene-LOC142977664	6	0	0	13	0	0	0	0	3	1	0	6	29
gene-LOC142977665	0	0	0	0	0	0	0	0	0	0	0	0	0
gene-LOC142977667	27	155	50	55	91	1551	250	421	413	155	124	90	251
gene-LOC142977668	0	0	0	0	0	0	0	0	0	0	0	0	0
gene-LOC142977669	1	4	3	53	0	0	0	0	0	0	1	0	0
gene-LOC142977673	1401	531	2121	346	96	131	213	98	202	110	53	52	107
gene-LOC142977674	704	1206	1796	247	774	301	1321	1711	2329	2073	778	1832	145
gene-LOC142977675	0	0	0	3	0	0	0	0	0	0	0	0	2
gene-LOC142977676	240	46	5	10	9	0	1	0	40	0	0	0	147
gene-LOC142977677	27	72	94	51	84	22	22	4	25	40	60	84	75
gene-LOC142977681	77	62	117	88	72	71	37	4	14	44	51	26	155
gene-LOC142977682	2	3	11	1	46	0	3	7	2	0	1	0	0
gene-LOC142977685	100	103	868	177	72	8	388	101	145	89	121	87	37
gene-LOC142977686	151	78	146	217	250	165	74	38	43	112	116	145	182
gene-LOC142977689	1787	5813	20217	1354	7587	61	3843	6905	4388	1408	445	2600	6
gene-LOC142977690	47	28	39	39	99	118	41	39	59	20	33	33	168
gene-LOC142977692	0	0	0	2	0	0	0	0	0	0	0	0	0
gene-LOC142977693	129	53	49	87	41	13	21	7	16	20	19	10	143
gene-LOC142977694	0	0	0	0	0	0	0	0	0	0	0	0	9
gene-LOC142977695	20207	10071	19595	3546	5766	3363	3777	1645	2844	3728	3299	2987	4952
gene-LOC142977698	731	383	253	1261	139	115	367	247	197	219	144	331	31
gene-LOC142977700	1	2	0	2	0	0	0	0	8	0	0	0	193
gene-LOC142977702	57	91	126	47	85	30	4	7	2	10	15	1	46
gene-LOC142977704	145	62	0	83	6	119	96	241	264	136	46	13	0
gene-LOC142977705	630	869	2919	141	1373	60	905	1281	977	489	352	280	0
gene-LOC142977706	0	0	0	1	2	0	0	0	0	0	0	0	8
gene-LOC142977707	7	6	6	3	24	0	0	0	8	12	6	15	6
gene-LOC142977708	58	148	138	1249	43	141	82	72	156	59	86	221	507
gene-LOC142977710	0	3	6	1	0	0	0	0	0	0	0	0	29
gene-LOC142977711	73	154	48	79	34	57	196	138	279	107	127	260	7
gene-LOC142977713	236	332	609	148	306	123	164	88	86	194	181	196	97
gene-LOC142977714	752	531	529	1132	584	627	944	552	1552	1972	2531	2198	214
gene-LOC142977717	0	0	0	0	0	0	0	0	0	0	0	0	0
gene-LOC142977718	0	2	6	3	0	0	5	2	10	4	0	3	18
gene-LOC142977721	0	0	0	0	0	0	3	0	0	0	0	0	0
gene-LOC142977722	0	0	0	0	0	0	0	0	0	0	0	0	0
gene-LOC142977723	0	0	0	0	0	0	0	0	0	0	0	0	0
gene-LOC142977724	1	5	2	0	0	0	0	0	0	0	0	0	11
gene-LOC142977727	0	0	0	0	0	0	0	0	0	0	0	0	0
gene-LOC142977728	5	8	0	7	0	0	25	5	0	11	6	12	3
gene-LOC142977729	28	1	5	6	0	20	46	0	9	12	16	28	0
gene-LOC142977730	14	3	13	1	0	10	7	9	5	6	7	2	4
gene-LOC142977731	0	2	0	0	7	9	0	0	0	0	0	0	4
gene-LOC142977733	1	5	4	3	0	0	2	0	0	1	0	0	1
gene-LOC142977734	0	4	5	2	0	0	0	0	3	0	6	0	4
gene-LOC142977735	2	10	0	163	15	49	0	0	4	0	1	2	1456
gene-LOC142977736	0	0	1	0	0	0	2	0	0	0	0	0	0
gene-LOC142977738	2	1	3	0	0	0	2	0	0	3	0	1	2
gene-LOC142977739	3	2	2	5	1	0	0	0	0	1	0	0	0
gene-LOC142977740	0	24	6905	0	268	0	0	0	0	0	0	0	0
gene-LOC142977742	4	5	0	3	0	11	6	3	1	3	0	0	2
gene-LOC142977743	0	0	0	0	0	0	0	0	0	0	0	0	0
gene-LOC142977744	0	0	0	0	0	0	0	0	0	0	0	0	0
gene-LOC142977745	0	0	0	0	0	0	0	0	0	0	0	0	0
gene-LOC142977746	0	0	0	0	0	0	0	0	0	0	0	0	0
gene-LOC142977747	3297	1524	375	3572	287	4655	2362	1566	5481	5701	6854	5251	274
gene-LOC142977749	0	0	5	0	7	0	0	0	0	0	0	0	0
gene-LOC142977750	3	0	0	0	0	0	0	0	0	0	0	0	0
gene-LOC142977751	0	0	0	0	0	0	0	0	0	0	0	0	0
gene-LOC142977752	2	1	0	0	0	0	0	0	0	0	0	0	0
gene-LOC142977753	505	291	411	512	808	3531	363	96	352	297	153	177	26205
gene-LOC142977755	0	0	2	1	0	0	0	0	0	0	0	1	0
gene-LOC142977757	13	5	0	6	0	0	7	0	0	1	0	0	11
gene-LOC142977758	0	0	0	0	0	0	0	0	0	0	0	0	0
gene-LOC142977759	0	0	0	2	0	0	0	0	0	0	0	0	0
gene-LOC142977760	1	1	0	0	0	0	3	0	0	0	0	0	5
gene-LOC142977761	15	2	6	7	0	0	0	0	0	0	0	0	7
gene-LOC142977766	304	181	320	490	213	279	166	119	215	142	158	179	995
gene-LOC142977767	0	4	0	0	0	0	0	0	0	1	0	0	0
gene-LOC142977769	197	196	195	219	19	22	251	90	129	108	55	70	97
gene-LOC142977771	57	5	1	162	0	209	232	165	433	1179	293	890	0
gene-LOC142977772	139	24	10	264	6	152	320	298	492	1002	430	431	4
gene-LOC142977773	11	4	108	36	42	130	17	6	14	5	11	9	290
gene-LOC142977774	0	0	0	0	0	0	0	0	0	0	0	0	0
gene-LOC142977775	0	0	0	0	0	0	0	0	0	0	0	0	0
gene-LOC142977782	702	5478	44637	194	15605	628	435	304	350	172	124	171	460
gene-LOC142977783	35	20	51	72	68	140	42	16	26	67	31	10	151
gene-LOC142977785	0	2	2	0	0	0	0	0	0	3	3	7	0
gene-LOC142977787	2256	3122	6493	2217	2299	895	470	267	201	365	373	335	267
gene-LOC142977788	31	47	102	74	53	104	31	80	60	89	90	81	52
gene-LOC142977790	78	537	29	2811	22	30	57	274	73	13	46	54	54
gene-LOC142977792	2	8	5	4	0	8	0	5	1	1	3	0	8
gene-LOC142977793	0	0	0	0	0	0	0	0	0	0	0	0	0
gene-LOC142977794	5	6	4	3	8	0	0	0	7	0	0	0	1545
gene-LOC142977797	3232	1016	907	1060	842	949	1205	1056	3685	3304	4865	3199	138
gene-LOC142977800	63	20	97	104	43	12	70	45	92	44	68	91	73
gene-LOC142977802	4	3	9	1	0	0	1	1	4	4	0	2	22
gene-LOC142977803	158212	37949	20132	75680	38490	70341	64100	60638	146213	246588	304382	209273	3
gene-LOC142977805	23	25	42	85	5	81	60	132	87	88	48	55	0
gene-LOC142977806	1	5	14	5	0	12	3	0	4	3	6	0	3
gene-LOC142977807	331	230	544	345	136	131	259	163	290	242	305	280	437
gene-LOC142977808	450	467	449	825	207	151	218	104	97	104	63	78	385
gene-LOC142977812	290	522	784	135	597	53	524	670	406	287	329	283	356
gene-LOC142977813	0	0	0	0	0	0	0	0	0	0	0	0	0
gene-LOC142977814	0	0	0	0	0	0	0	0	0	0	0	0	0
gene-LOC142977815	103	27	0	9	0	0	44	82	339	18	23	231	0
gene-LOC142977821	449	413	891	177	115	81	684	253	932	374	818	776	356
gene-LOC142977824	2	3	79	1	113	0	0	0	0	3	4	0	0
gene-LOC142977825	249	466	1185	527	254	358	64	31	42	84	108	29	292
gene-LOC142977826	561	2522	2653	510	1528	546	628	704	466	406	305	454	1676
gene-LOC142977828	174	107	233	110	30	123	187	49	122	110	225	107	154
gene-LOC142977829	7	4	11	12	7	14	0	0	0	0	0	0	247
gene-LOC142977831	1	0	11	2	22	0	2	0	0	0	0	0	13
gene-LOC142977836	0	0	0	0	0	0	0	0	0	4	0	0	0
gene-LOC142977841	0	0	0	0	0	0	0	0	0	0	0	0	0
gene-LOC142977842	109	69	233	418	182	23	47	43	38	79	74	64	595
gene-LOC142977847	298	1198	807	696	429	274	1387	1167	1416	938	1305	966	1606
gene-LOC142977848	77	60	78	75	58	66	2	14	26	10	9	5	919
gene-LOC142977849	7	11	10	18	0	6	8	3	2	5	3	0	445
gene-LOC142977851	0	3	0	0	0	0	0	0	0	1	4	2	22
gene-LOC142977852	0	0	3	0	0	0	3	0	0	0	0	0	0
gene-LOC142977853	3494	2471	1656	7171	1050	858	509	325	386	459	520	831	1
gene-LOC142977855	5	0	5	2	10	0	5	5	1	2	5	2	328
gene-LOC142977857	594	26	14	0	17	0	17	33	81	5	0	0	10
gene-LOC142977859	0	1	4	0	0	0	0	0	0	2	0	0	3
gene-LOC142977862	3	0	2	8	0	0	0	5	3	2	0	0	42
gene-LOC142977864	5	89	28	106	56	127	34	25	45	6	4	6	244
gene-LOC142977867	0	0	0	1	0	0	0	0	0	0	0	2	0
gene-LOC142977868	172	54	191	293	167	205	65	54	103	114	154	117	430
gene-LOC142977869	0	11	5	6	0	0	8	3	9	0	6	8	22368
gene-LOC142977871	525	263	1874	706	9355	2452	588	369	616	56	180	48	7609
gene-LOC142977876	0	0	0	0	0	0	0	0	0	0	0	0	0
gene-LOC142977877	1	0	0	0	0	0	4	0	2	1	0	0	2
gene-LOC142977880	2362	769	1204	12048	283	1777	2330	452	2355	3702	2994	6934	207
gene-LOC142977881	18	418	112	61	252	1116	310	1166	898	479	268	257	462
gene-LOC142977882	3	5	0	8	0	0	0	0	0	0	0	0	4
gene-LOC142977886	13	33	1	13	28	0	0	13	6	3	8	6	29
gene-LOC142977888	195	101	151	239	45	150	128	89	149	177	144	192	207
gene-LOC142977889	2	2	7	0	0	25	15	0	1	0	2	1	0
gene-LOC142977892	0	0	0	0	0	0	0	0	0	0	0	0	0
gene-LOC142977893	2	3	53	0	64	0	0	0	10	4	0	4	2
gene-LOC142977894	31	174	14531	62	4675	15	94	98	238	117	70	69	0
gene-LOC142977895	204	636	2953	195	813	0	510	739	561	173	72	407	0
gene-LOC142977897	1	2	33	0	22	0	3	4	1	0	1	3	4
gene-LOC142977898	3	1	3	2	6	0	0	0	0	1	0	12	0
gene-LOC142977899	0	0	81	3	15	0	0	0	0	0	0	0	0
gene-LOC142977902	201	155	702	422	283	128	155	137	225	181	300	276	583
gene-LOC142977905	60	25	43	50	27	43	40	15	11	45	32	12	381
gene-LOC142977906	49	56	134	13	0	0	28	14	10	6	3	8	80
gene-LOC142977907	0	0	3	1	0	0	0	2	0	1	0	1	3
gene-LOC142977908	17452	27958	6793	5701	4101	3791	18212	23314	41223	3752	14476	30399	0
gene-LOC142977909	2	0	0	0	4	0	4	0	1	1	2	0	0
gene-LOC142977911	2	0	0	0	0	0	0	0	1	0	0	0	2
gene-LOC142977912	561	642	940	391	266	78	689	496	724	446	654	880	252
gene-LOC142977913	1399	1303	1529	1799	1137	1631	4381	3312	9912	7407	10717	6434	3851
gene-LOC142977914	11	20	37	12	14	20	55	17	17	21	14	15	4
gene-LOC142977917	711	1209	3492	594	2523	2012	150	129	148	207	215	266	7335
gene-LOC142977919	644	320	134	97	80	1504	523	81	226	73	260	219	62
gene-LOC142977920	5	4	4	4	17	0	0	0	0	0	0	0	35
gene-LOC142977922	304	262	349	506	307	231	1131	747	2088	1112	2486	1705	136
gene-LOC142977924	5	0	12	13	457	0	15	0	0	466	491	0	6
gene-LOC142977925	37	50	19	18	0	0	4	0	14	9	13	3	1
gene-LOC142977927	0	0	0	0	0	0	0	0	0	0	0	0	0
gene-LOC142977928	5686	4316	866	5701	136	1022	1868	1453	350	1627	400	778	0
gene-LOC142977930	9	0	3	4	0	18	2	0	2	0	0	2	46
gene-LOC142977931	220	137	24	222	13	231	351	97	122	114	35	232	2067
gene-LOC142977933	2	1	0	1	0	0	0	0	0	0	0	0	6
gene-LOC142977934	37	9	48	11	0	0	34	10	36	5	2	57	56
gene-LOC142977936	431	36	88	933	11	822	225	94	258	641	635	496	383
gene-LOC142977938	313	183	190	314	69	188	123	62	64	182	179	152	158
gene-LOC142977939	2495	2160	2740	2258	1237	2507	3756	1998	5889	6180	7258	10248	485
gene-LOC142977941	648	313	399	605	179	1501	810	351	1597	2515	4350	2999	85
gene-LOC142977942	3	2	5	1	17	0	0	0	1	4	10	0	232
gene-LOC142977944	152	92	337	134	117	74	107	32	42	51	54	25	141
gene-LOC142977948	0	0	0	0	0	0	0	0	0	0	0	0	2
gene-LOC142977949	1	0	4	5	0	0	4	0	1	5	2	5	0
gene-LOC142977952	162	96	166	163	276	269	76	57	94	48	53	19	2553
gene-LOC142977953	2510	1793	2184	4367	2704	8733	11385	7526	23986	20435	32442	17270	9564
gene-LOC142977954	1	4	17	4	3	0	5	0	0	0	0	0	7
gene-LOC142977955	0	0	0	3	0	22	6	0	4	0	0	0	36
gene-LOC142977956	330	408	521	361	272	367	638	324	488	318	493	748	257
gene-LOC142977960	0	0	0	0	0	0	0	0	0	0	0	0	0
gene-LOC142977961	0	0	2	1	0	0	0	0	0	0	11	0	0
gene-LOC142977962	0	0	0	1	0	8	0	0	0	0	0	0	23
gene-LOC142977964	4	0	0	57	0	28	1	2	11	12	3	6	34
gene-LOC142977966	164	1029	436	63	278	0	31	146	105	165	2	31	0
gene-LOC142977968	126	62	284	300	174	235	37	33	29	52	85	61	115
gene-LOC142977969	1	0	8	0	5	0	1	3	14	8	1	0	0
gene-LOC142977972	6	13	46	7	13	34	6	4	3	7	13	7	520
gene-LOC142977974	8	32	37	15	116	85	7	15	32	26	28	10	22
gene-LOC142977975	2	10	21	0	13	0	9	0	3	5	8	3	855
gene-LOC142977976	0	0	0	0	0	0	0	0	0	0	0	0	0
gene-LOC142977977	0	0	0	0	0	0	0	0	0	0	0	0	0
gene-LOC142977978	741	426	699	374	333	1618	312	140	456	203	331	198	5308
gene-LOC142977979	0	0	0	58	0	0	0	9	0	0	0	0	106
gene-LOC142977980	0	1	1	0	0	0	0	0	0	0	0	1	0
gene-LOC142977981	18	29	31	0	7	0	16	137	61	619	120	129	1152
gene-LOC142977985	5	5	4	0	0	30	0	0	2	6	3	0	291
gene-LOC142977987	6	4	6	15	41	10	6	0	30	8	7	17	7
gene-LOC142977988	36	10	35	18	18	0	9	0	3	4	6	1	24
gene-LOC142977989	751	1069	2593	530	1234	83	153	45	49	55	24	56	915
gene-LOC142977990	0	0	0	0	0	0	0	0	0	0	0	0	0
gene-LOC142977991	97	71	94	49	99	72	34	32	42	43	19	48	122
gene-LOC142977993	0	5	0	0	0	0	0	0	2	0	0	0	6
gene-LOC142977994	63	23	44	67	2	48	184	45	231	118	299	228	87
gene-LOC142977995	5	7	3	21	8	0	53	23	16	24	0	16	0
gene-LOC142977996	2	20	29	0	5	0	0	2	4	0	2	0	45
gene-LOC142977998	0	0	0	0	0	0	0	0	0	0	0	0	0
gene-LOC142977999	0	8	0	2	11	0	0	4	0	0	0	0	71
gene-LOC142978000	0	0	4	0	0	12	0	0	2	0	0	3	410
gene-LOC142978003	41125	49521	51273	5339	13123	1468	37873	48547	58690	1236	7576	14699	0
gene-LOC142978004	0	0	0	0	0	0	0	0	0	0	1	0	7
gene-LOC142978005	32	28	0	0	0	0	0	0	3	0	21	0	214
gene-LOC142978006	9189	6282	6788	12612	2460	1571	465	1073	1863	1527	1850	2288	1
gene-LOC142978010	161	154	139	141	109	58	123	36	67	98	125	90	824
gene-LOC142978011	0	2	33	0	15	0	0	0	0	0	0	0	0
gene-LOC142978012	0	0	0	0	0	0	0	0	0	0	0	0	0
gene-LOC142978014	4	20	0	4	4	41	16	9	46	6	9	15	7
gene-LOC142978016	3	2	9	0	9	10	6	1	4	18	6	13	46
gene-LOC142978017	0	12	7	7	0	11	27	14	14	7	3	5	10
gene-LOC142978019	1	1	0	0	0	0	0	13	0	0	0	4	0
gene-LOC142978020	10283	4519	5090	22352	2511	6931	12861	6978	16692	18679	27976	22243	27
gene-LOC142978021	120	139	126	24	5	0	920	2556	725	6	13	38	0
gene-LOC142978022	48	255	100	108	428	748	595	1182	1990	523	177	244	129
gene-LOC142978023	184	122	94	231	44	97	354	250	403	377	462	592	182
gene-LOC142978024	1101	887	2291	967	999	567	1348	458	488	746	518	490	3333
gene-LOC142978028	93135	12733	26130	11309	34644	7463	16117	16624	29991	23059	17229	10970	0
gene-LOC142978031	0	0	2	0	0	0	0	0	0	0	0	0	6
gene-LOC142978032	142	37	79	115	86	52	27	23	14	29	19	23	168
gene-LOC142978033	1	0	0	0	0	0	0	0	0	0	0	0	0
gene-LOC142978034	0	0	1	0	0	0	0	0	0	0	0	0	6
gene-LOC142978035	0	0	0	0	0	0	0	0	0	0	0	0	0
gene-LOC142978036	69995	109459	71136	40981	69117	14632	69387	81575	87272	20766	22530	40878	915
gene-LOC142978037	7137	4058	3033	2777	2442	723	10586	8662	17862	11261	11043	10410	0
gene-LOC142978039	231	195	1694	758	1119	364	108	115	94	107	200	77	98
gene-LOC142978040	0	0	0	0	0	0	0	0	0	2	0	3	0
gene-LOC142978041	3	7	0	0	0	0	0	0	0	2	0	0	0
gene-LOC142978042	1	7	0	12	0	186	40	8	56	305	466	389	3
gene-LOC142978043	26118	64117	136182	36783	124674	5855	29227	45467	17624	44747	6254	15879	50010
gene-LOC142978044	923	7257	33305	929	24520	594	430	430	199	143	96	85	5058
gene-LOC142978046	13749	6724	2815	6441	2858	4871	16131	17789	54868	34806	54915	35429	0
gene-LOC142978047	269	321	411	426	272	82	18	2	18	33	59	45	198
gene-LOC142978048	8	1	15	4	50	8	2	2	7	4	8	0	6
gene-LOC142978054	2589	1728	4015	1267	1329	1014	355	144	211	214	181	318	6790
gene-LOC142978055	451	201	156	288	30	72	38	6	13	20	1	0	197
gene-LOC142978058	22	5	6	0	8	20	5	2	4	3	3	1	12
gene-LOC142978059	294	439	1442	134	617	56	50	94	36	60	47	54	649
gene-LOC142978060	0	0	0	0	0	0	0	0	0	0	0	0	0
gene-LOC142978062	4	3	0	0	10	0	13	0	4	0	4	3	24
gene-LOC142978064	0	0	0	0	0	0	0	0	0	0	0	0	0
gene-LOC142978067	0	0	0	0	0	0	0	0	0	0	0	0	0
gene-LOC142978088	0	0	0	0	0	0	0	9	8	0	0	0	0
gene-LOC142978089	63	29	124	13	66	6	26	28	12	1	3	28	101
gene-LOC142978092	0	0	0	2	0	36	0	16	20	9	6	0	16
gene-LOC142978093	769	304	895	6014	604	463	1441	229	1382	2724	2834	4256	2515
gene-LOC142978095	6	10	24	32	18	33	0	6	2	0	0	1	1961
gene-LOC142978097	12121	2650	2059	13283	1537	33346	496	211	1072	5314	15810	6488	0
gene-LOC142978098	0	0	2	0	0	11	0	0	1	0	0	0	0
gene-LOC142978100	0	0	0	0	0	0	0	0	0	0	0	0	0
gene-LOC142978101	296	274	423	231	256	31	109	67	45	63	50	61	126
gene-LOC142978102	1090	384	195	2050	199	310	453	260	399	527	679	551	551
gene-LOC142978103	16	32	154	4	187	72	6	14	13	0	3	3	1255
gene-LOC142978104	562	266	191	445	179	827	770	446	2583	1675	2909	2491	694
gene-LOC142978105	50	7	14	42	15	166	339	85	431	1109	199	1274	9
gene-LOC142978106	0	0	0	0	0	0	0	0	0	0	0	0	1
gene-LOC142978107	31	5	17	55	0	142	50	13	1003	470	2248	425	122
gene-LOC142978108	0	9	1	0	0	0	0	0	3	6	1	0	1
gene-LOC142978110	4	44	1	83	17	19	47	0	0	7	6	3	9
gene-LOC142978111	2	0	8	1	25	0	0	0	0	0	0	1	0
gene-LOC142978113	1	0	0	2	0	0	6	0	0	0	0	0	20
gene-LOC142978115	423	703	798	418	649	118	494	240	422	301	386	391	707
gene-LOC142978118	83	165	27	234	29	81	62	45	64	223	58	96	2212
gene-LOC142978123	607	1516	1603	682	743	91	1435	1757	871	1029	661	1135	603
gene-LOC142978124	1124	1858	1637	1158	833	294	1660	1173	855	1249	630	966	832
gene-LOC142978127	282	263	317	223	278	118	50	25	25	93	58	45	1036
gene-LOC142978128	16	4	12	21	10	12	0	0	2	9	10	7	56
gene-LOC142978131	428	512	734	729	343	164	425	284	191	315	177	206	778
gene-LOC142978132	0	0	0	0	0	0	0	0	0	0	0	0	0
gene-LOC142978133	2	0	0	0	0	0	0	0	0	0	0	1	0
gene-LOC142978134	60	54	296	129	65	137	88	39	77	84	161	91	165
gene-LOC142978135	1410	1841	8881	4615	4113	1377	1524	810	1498	1965	1699	1298	736
gene-LOC142978140	558	437	599	989	366	401	914	900	833	1054	713	1464	510
gene-LOC142978142	0	3	1	0	0	0	0	3	0	0	0	0	0
gene-LOC142978144	421	342	687	354	265	108	565	216	637	351	406	500	224
gene-LOC142978145	0	0	0	0	0	0	0	0	0	0	0	0	0
gene-LOC142978148	1463	1455	311	999	341	197	680	348	503	433	403	359	115
gene-LOC142978149	412	319	252	337	63	146	465	425	787	648	648	770	255
gene-LOC142978151	0	0	0	0	0	0	0	0	0	0	0	0	0
gene-LOC142978152	0	0	0	0	0	0	0	0	0	0	0	0	0
gene-LOC142978153	0	0	0	0	0	0	0	0	0	0	0	0	0
gene-LOC142978154	0	0	0	0	0	0	0	0	0	0	0	0	0
gene-LOC142978155	0	0	7	0	0	0	0	5	2	0	0	0	2
gene-LOC142978156	0	0	0	0	0	0	3	0	0	0	0	0	0
gene-LOC142978158	52	28	60	24	5	10	14	23	28	27	42	36	21
gene-LOC142978160	0	0	0	0	0	0	0	0	0	0	0	0	30
gene-LOC142978163	485	221	488	248	288	392	390	214	470	246	397	594	476
gene-LOC142978166	1487	599	538	501	325	363	163	86	58	170	235	181	780
gene-LOC142978171	921	481	311	430	301	337	240	148	93	396	180	168	572
gene-LOC142978173	3	0	0	0	0	0	0	0	0	2	6	0	1
gene-LOC142978174	98	113	109	86	116	74	38	15	35	53	44	46	477
gene-LOC142978175	52	44	80	166	36	304	524	135	427	3367	805	235	0
gene-LOC142978177	2472	1914	3034	2057	1649	812	762	515	545	597	566	459	4221
gene-LOC142978178	6	2	10	26	9	21	12	17	29	15	43	28	11
gene-LOC142978182	5683	2948	5808	1599	1241	782	3192	1172	1870	2687	2496	1330	469
gene-LOC142978183	338	162	507	250	288	200	195	138	144	271	299	275	308
gene-LOC142978184	18	17	36	33	0	32	6	7	7	17	29	7	27
gene-LOC142978188	1	0	0	0	10	0	0	0	0	0	0	0	0
gene-LOC142978189	6	6	11	6	11	22	0	0	5	0	3	0	32
gene-LOC142978191	137	715	417	70	234	88	323	636	449	101	169	226	849
gene-LOC142978192	0	2	0	16	0	0	1	10	20	2	0	0	0
gene-LOC142978193	1106	1042	809	766	722	582	503	295	243	507	440	279	592
gene-LOC142978194	335	243	590	186	203	44	110	89	147	147	167	193	216
gene-LOC142978195	4	0	0	2	24	0	0	0	0	0	0	0	5
gene-LOC142978198	85692	12951	7146	6236	5994	10776	9926	50154	42662	31083	36710	10276	4
gene-LOC142978200	0	0	0	0	0	0	0	0	0	0	0	0	0
gene-LOC142978201	0	5	0	0	0	0	0	0	0	0	0	0	0
gene-LOC142978202	0	0	0	0	0	0	0	0	0	0	0	0	0
gene-LOC142978204	0	0	0	0	0	0	0	0	0	0	0	0	0
gene-LOC142978206	183	185	252	193	157	66	175	51	49	57	29	37	249
gene-LOC142978207	279	265	34	180	50	11	100	49	29	40	41	57	93
gene-LOC142978208	140	243	5172	172	1425	277	115	107	133	150	141	77	211
gene-LOC142978209	32	58	91	3	19	29	35	85	8	6	8	34	376
gene-LOC142978212	13	6	17	5	0	0	0	0	0	0	2	0	26
gene-LOC142978213	0	7	0	6	0	7	0	1	0	0	0	0	8
gene-LOC142978214	2	5	0	27	0	0	0	0	0	2	4	13	2
gene-LOC142978219	3978	2102	2443	4949	2781	9942	13508	8417	42959	26436	48469	29415	10757
gene-LOC142978221	0	0	0	0	0	0	0	4	0	0	0	0	0
gene-LOC142978222	12	33	24	3	0	0	8	14	11	1	4	0	50
gene-LOC142978223	0	0	0	0	0	0	0	0	0	0	0	0	0
gene-LOC142978226	5301	3328	4166	7461	2607	2355	1716	702	1301	2061	1595	1258	11396
gene-LOC142978228	66	63	109	63	53	48	77	53	112	169	137	112	40
gene-LOC142978230	55	22	77	67	28	29	127	89	78	122	121	101	57
gene-LOC142978231	0	0	0	0	0	0	0	0	0	0	0	0	0
gene-LOC142978233	7498	808	182	6134	308	2594	3067	1378	13815	4931	21861	69085	107
gene-LOC142978234	373	64	70	204	45	217	259	72	531	328	478	492	652
gene-LOC142978236	0	3	0	0	0	0	0	0	0	0	0	0	0
gene-LOC142978237	89	61	56	107	40	40	105	98	166	75	128	139	175
gene-LOC142978238	214	297	340	209	306	57	501	393	536	487	550	748	140
gene-LOC142978239	1461	487	709	2401	654	3387	2804	1267	12143	3044	9885	9941	1489
gene-LOC142978241	6188	2172	957	211	76	1044	8266	3873	82193	13934	56747	5501	55
gene-LOC142978248	3511	1981	5680	1243	1756	893	1711	1183	1590	1756	895	793	7540
gene-LOC142978249	202	68	166	215	37	64	11	1	9	7	23	7	328
gene-LOC142978250	144	133	126	129	143	198	357	176	303	414	428	384	149
gene-LOC142978252	10864	9992	15684	5581	5927	1548	1469	866	748	893	686	909	2113
gene-LOC142978255	1049	1295	1006	962	265	316	514	189	402	334	227	261	364
gene-LOC142978256	144	285	578	125	396	78	67	39	37	122	54	45	169
gene-LOC142978257	1303	6218	24035	425	10759	271	601	445	525	382	256	279	880
gene-LOC142978258	160	76	864	118	288	259	45	45	394	223	340	344	363
gene-LOC142978259	1	2	5	0	0	0	8	3	6	3	3	7	128
gene-LOC142978261	18	28	137	69	17	19	22	10	8	19	34	18	126
gene-LOC142978263	771	986	1101	268	475	305	1207	476	796	375	496	536	447
gene-LOC142978264	1213	1755	1975	1370	762	313	803	266	298	459	292	421	732
gene-LOC142978267	359	1161	2750	106	784	33	64	55	39	8	8	18	642
gene-LOC142978268	8977	1811	10104	2383	4147	988	2450	2394	4748	4471	5438	3490	0
gene-LOC142978269	0	3	0	1	0	0	0	0	3	0	0	3	9
gene-LOC142978270	48	77	324	65	110	111	649	141	655	239	689	862	237
gene-LOC142978272	1	0	0	4	0	0	42	8	8	1	6	1	12
gene-LOC142978273	0	0	0	0	0	0	0	1	0	3	0	1	3
gene-LOC142978274	0	0	1	0	0	0	0	0	0	0	0	0	0
gene-LOC142978275	250	133	674	85	45	229	11	53	60	25	142	10	0
gene-LOC142978276	140	59	141	158	81	220	278	228	1067	389	1168	655	335
gene-LOC142978277	0	0	0	0	0	0	0	0	0	0	0	0	0
gene-LOC142978278	0	0	0	0	0	0	0	0	0	0	0	0	0
gene-LOC142978281	0	0	0	0	0	0	0	0	0	0	0	1	0
gene-LOC142978283	0	0	0	0	0	0	0	0	0	0	0	0	4
gene-LOC142978285	0	2	0	0	0	0	0	0	6	0	0	0	0
gene-LOC142978288	2	0	0	0	0	0	0	0	0	0	3	0	0
gene-LOC142978290	1	2	0	1	0	0	0	0	0	0	0	0	0
gene-LOC142978292	5	0	0	0	8	0	0	0	6	2	0	0	47
gene-LOC142978293	1	15	5	0	0	0	15	4	7	0	2	6	13
gene-LOC142978294	4	0	0	8	0	0	0	0	8	2	4	3	0
gene-LOC142978295	31	110	67	15	27	126	37	56	220	67	207	49	3
gene-LOC142978296	3	0	6	0	0	0	1	1	0	3	0	0	0
gene-LOC142978297	0	0	0	0	0	0	0	0	0	0	0	0	0
gene-LOC142978299	0	0	0	0	0	0	0	0	0	0	0	0	19
gene-LOC142978300	446	570	474	220	296	1140	422	205	397	90	187	162	99
gene-LOC142978301	89	38	78	104	30	91	215	148	531	261	709	425	125
gene-LOC142978305	36	84	347	32	223	2	30	31	37	15	30	12	14
gene-LOC142978306	0	0	0	0	0	0	0	0	0	0	0	0	0
gene-LOC142978307	0	3	0	4	0	0	1	0	4	10	10	0	5
gene-LOC142978309	344	1440	1694	253	998	146	366	200	110	122	106	164	657
gene-LOC142978312	373	582	800	747	388	211	134	154	81	175	147	76	358
gene-LOC142978313	0	0	0	0	0	0	0	0	0	0	0	0	0
gene-LOC142978314	391	604	955	308	343	186	563	608	834	567	604	654	346
gene-LOC142978316	22	43	44	11	4	0	42	15	33	40	24	31	14
gene-LOC142978319	250	207	311	190	94	22	40	33	48	35	34	38	336
gene-LOC142978320	0	2	2	0	0	1	0	0	0	0	0	0	0
gene-LOC142978321	43	65	232	92	144	86	73	49	38	96	64	113	48
gene-LOC142978322	1	19	16	1	8	0	0	0	0	0	0	1	15
gene-LOC142978323	14	10	97	19	31	0	6	14	5	29	30	7	0
gene-LOC142978324	33977	5508	3816	3326	6655	3109	18010	36300	51110	21784	24409	19252	0
gene-LOC142978327	0	4	0	0	0	0	0	0	0	0	0	0	0
gene-LOC142978328	0	0	2	0	0	0	0	0	41	0	0	0	0
gene-LOC142978329	2	4	0	0	0	0	0	2	0	0	0	0	0
gene-LOC142978330	2643	3445	4909	1415	1567	251	1598	1206	851	920	624	1025	868
gene-LOC142978332	0	1	0	0	0	0	0	0	0	0	0	0	3
gene-LOC142978334	404	390	587	384	292	172	277	150	272	220	290	285	446
gene-LOC142978336	0	0	2	0	0	0	0	0	0	0	0	0	5
gene-LOC142978339	0	0	0	0	0	0	0	0	0	0	0	0	0
gene-LOC142978341	0	5	0	0	0	0	3	0	0	3	0	0	1385
gene-LOC142978342	6	34	41	3	0	0	21	0	2	0	3	1	43
gene-LOC142978344	62	71	295	293	104	53	134	64	82	123	128	98	139
gene-LOC142978345	8508	4633	2249	6470	1638	1579	7315	8126	13686	9947	12176	13857	5
gene-LOC142978347	0	0	0	0	0	0	0	0	0	0	0	0	0
gene-LOC142978348	2	0	8	0	0	16	0	0	2	0	0	2	199
gene-LOC142978349	5	0	4	3	0	0	0	0	3	3	0	2	20
gene-LOC142978354	132	263	560	122	312	64	110	73	72	173	122	178	51
gene-LOC142978356	2	1	0	0	0	0	0	2	1	4	5	0	6
gene-LOC142978357	1249	2205	6262	1489	2254	880	344	167	84	335	197	162	1452
gene-LOC142978358	0	0	0	0	0	0	0	0	0	0	0	0	0
gene-LOC142978360	0	0	0	0	0	0	1	0	0	2	0	0	37
gene-LOC142978361	1	0	0	0	2	15	0	0	0	6	1	0	3
gene-LOC142978362	2	73	67	0	0	0	31	21	29	5	7	2	23
gene-LOC142978363	1	23	13	0	0	0	11	1	9	0	1	6	5
gene-LOC142978365	0	20	2	1	0	0	9	1	7	9	2	0	1
gene-LOC142978366	17	22	7	3	0	0	44	35	8	5	0	3	12
gene-LOC142978367	70	58	60	80	49	25	32	27	13	35	20	10	271
gene-LOC142978368	0	1	0	0	0	0	0	0	0	0	0	0	0
gene-LOC142978371	100	36	66	51	22	28	79	33	61	78	109	64	66
gene-LOC142978372	335	234	659	338	70	162	256	131	117	230	219	133	215
gene-LOC142978373	425	605	1060	407	265	208	833	413	428	865	365	479	197
gene-LOC142978374	10	33	38	8	12	0	41	25	42	26	58	33	4
gene-LOC142978375	17	18	11	17	22	0	40	21	45	36	35	53	28
gene-LOC142978377	0	9	8	2	0	0	0	0	0	2	1	0	0
gene-LOC142978379	414	130	212	568	65	489	489	307	705	618	1819	1170	388
gene-LOC142978381	25	17	115	3	169	313	105	17	138	154	67	19	204
gene-LOC142978382	7	6	4	2	56	50	35	0	26	38	15	0	2
gene-LOC142978383	110	124	104	109	72	64	219	175	266	273	252	266	87
gene-LOC142978384	1806	2050	2814	1215	1813	375	2346	1976	1431	1285	1189	1439	11475
gene-LOC142978385	2920	2218	2665	1985	2308	815	867	644	624	475	407	707	5512
gene-LOC142978387	1692	1138	1739	393	456	555	1216	457	2191	1254	2084	1461	128
gene-LOC142978389	56	42	201	373	135	73	59	16	22	87	131	124	208
gene-LOC142978390	2	3	5	1	0	0	0	3	0	0	0	0	0
gene-LOC142978391	84	100	88	43	18	37	118	81	143	114	237	145	54
gene-LOC142978392	1682	2290	2643	1483	1765	1080	6693	5726	12019	8299	7796	8236	871
gene-LOC142978393	0	0	0	0	0	0	0	0	0	0	0	0	0
gene-LOC142978395	398	90	97	1099	52	260	284	84	390	406	846	565	140
gene-LOC142978396	117	35	47	83	3	43	63	31	25	17	26	28	4
gene-LOC142978399	0	0	0	0	0	0	0	0	0	0	0	0	0
gene-LOC142978402	22	34	66	32	36	0	23	0	6	22	24	2	56
gene-LOC142978403	0	2	6	1	0	15	0	0	0	3	1	6	0
gene-LOC142978404	1	0	0	0	4	0	0	0	3	0	1	0	106
gene-LOC142978405	43737	5694	1673	4542	2061	4836	30157	115121	114137	78833	82541	27489	1
gene-LOC142978406	115	95	363	310	175	101	85	73	95	100	217	120	255
gene-LOC142978409	32	27	50	23	10	3	80	43	104	46	40	48	7
gene-LOC142978410	2	4	6	0	11	0	0	0	0	4	3	4	19
gene-LOC142978411	142	97	403	27	292	394	7	4	33	30	499	51	0
gene-LOC142978413	73	66	6	29	28	0	19	9	26	2	0	5	41
gene-LOC142978414	0	7	17	0	13	0	0	0	0	0	0	0	68
gene-LOC142978418	16	44	273	8	303	243	85	52	83	83	54	31	453
gene-LOC142978422	665	477	274	625	221	215	617	750	333	365	240	539	56
gene-LOC142978423	1332	1056	524	1138	301	1378	743	367	628	961	1062	639	3299
gene-LOC142978424	934	672	533	912	419	394	674	316	510	480	459	453	368
gene-LOC142978425	0	14	148	0	100	0	0	5	3	0	0	0	0
gene-LOC142978426	113	39	14	38	90	70	30	24	34	23	25	28	546
gene-LOC142978427	155	37	37	88	99	34	195	91	136	48	94	55	80
gene-LOC142978428	54	53	61	151	6	109	161	195	432	332	581	675	98
gene-LOC142978430	0	0	0	0	0	0	0	0	0	0	0	0	0
gene-LOC142978431	6	2	58	8	23	13	0	0	5	3	8	0	229
gene-LOC142978434	4251	502	145	7083	240	3613	2709	1611	7415	6551	14638	8303	172
gene-LOC142978435	0	0	0	0	0	0	0	0	0	0	0	0	0
gene-LOC142978438	1353	1428	2161	1783	317	328	303	209	209	248	106	165	440
gene-LOC142978440	9	5	9	24	0	25	3	9	5	5	6	8	177
gene-LOC142978443	0	0	5	0	0	0	0	0	0	0	0	0	1
gene-LOC142978445	18	15	42	8	61	25	0	1	2	9	8	2	1058
gene-LOC142978446	102	46	100	226	57	150	75	8	119	118	466	194	117
gene-LOC142978451	0	0	0	0	0	0	0	0	0	0	0	0	0
gene-LOC142978452	0	0	0	0	0	0	0	0	0	0	0	0	0
gene-LOC142978453	440	941	1305	470	600	125	1101	1012	956	849	890	750	195
gene-LOC142978454	3779	8308	16035	2884	11588	1390	4287	4637	3306	2555	1504	2544	5292
gene-LOC142978456	0	0	0	0	0	0	0	0	0	0	0	0	0
gene-LOC142978457	51	72	96	56	11	20	2	1	7	10	18	8	92
gene-LOC142978458	6	0	0	0	15	0	0	0	1	6	3	0	0
gene-LOC142978459	2	3	4	15	0	0	3	0	4	2	0	0	0
gene-LOC142978460	6	3	3	4	0	42	13	20	24	1	8	2	24
gene-LOC142978461	57	29	56	86	6	61	143	74	205	146	509	263	22
gene-LOC142978462	213	47	237	344	102	107	76	33	29	95	57	62	370
gene-LOC142978465	74	63	96	60	88	39	14	10	8	27	20	8	72
gene-LOC142978467	3296	4767	10631	3508	6188	1009	2158	1610	1181	1661	1025	1305	1477
gene-LOC142978468	1	3	87	0	62	0	0	0	0	4	0	0	0
gene-LOC142978469	23363	10950	3765	16050	2811	10849	31529	20649	24818	32681	25903	31957	29
gene-LOC142978473	2	4	4	0	0	0	0	0	0	0	0	2	3
gene-LOC142978475	0	3	0	0	0	0	0	0	0	0	0	0	0
gene-LOC142978478	0	10	627	5	172	0	5	2	1	0	0	0	5794
gene-LOC142978481	1	0	0	0	0	0	0	0	0	0	0	0	0
gene-LOC142978482	0	0	10	0	0	0	0	0	0	0	0	0	0
gene-LOC142978483	33	97	1459	24	1173	21	7	1	7	6	11	6	637
gene-LOC142978484	0	0	3	0	0	0	0	0	0	0	0	4	1
gene-LOC142978485	0	0	0	0	0	0	0	0	0	0	0	0	2
gene-LOC142978487	20	32	103	7	79	28	9	10	4	2	7	2	235
gene-LOC142978489	0	4	0	0	0	0	0	0	0	0	0	0	0
gene-LOC142978494	2596	527	15	2905	15	172	2151	4771	2188	9701	1483	529	0
gene-LOC142978495	120	100	77	112	29	72	228	250	395	415	485	253	4
gene-LOC142978496	4	10	17	7	0	0	13	0	0	4	8	8	12
gene-LOC142978497	55	119	125	77	57	16	73	37	73	43	76	37	22
gene-LOC142978499	1725	1038	1508	2905	1044	1405	4205	3249	6479	4954	7544	7952	3546
gene-LOC142978501	974	520	1038	706	612	546	106	56	137	190	203	128	1060
gene-LOC142978503	0	0	0	0	0	0	8	4	6	0	2	0	0
gene-LOC142978505	61	28	51	36	0	25	47	41	34	45	76	31	38
gene-LOC142978506	0	0	0	0	8	0	0	0	0	0	0	0	0
gene-LOC142978507	50	105	44	19	0	16	51	67	31	3	16	16	14
gene-LOC142978508	274	233	535	489	303	139	185	87	210	183	200	216	337
gene-LOC142978511	3	2	6	1	0	0	0	0	0	4	0	6	6
gene-LOC142978512	140	319	541	235	711	195	118	68	273	214	296	153	199
gene-LOC142978514	920	2789	2352	406	2481	62	184	841	224	172	41	261	11
gene-LOC142978516	0	0	9	0	0	0	0	0	3	2	0	0	4
gene-LOC142978518	47253	4514	2391	1458	2302	5561	9695	22519	30518	21138	49746	32138	24
gene-LOC142978519	0	0	0	0	0	0	0	0	0	0	0	0	0
gene-LOC142978520	8654	10182	296	5008	239	1434	1620	5545	5306	3900	2271	2924	30
gene-LOC142978522	3	5	4	4	8	0	2	3	0	6	1	1	15
gene-LOC142978525	0	1	3	1	0	10	5	0	2	3	1	0	203
gene-LOC142978526	0	0	2	3	6	0	0	2	0	0	0	3	0
gene-LOC142978527	0	0	2	0	0	0	0	0	0	0	0	0	5
gene-LOC142978528	983	436	470	1274	269	426	1162	600	1167	860	1400	1085	1076
gene-LOC142978529	6	2	5	6	0	0	4	0	3	2	0	0	0
gene-LOC142978530	638	198	335	773	96	259	209	101	248	173	270	167	790
gene-LOC142978531	1507	812	576	3169	175	361	4720	3954	3995	1621	590	2210	108
gene-LOC142978532	2315	873	4676	2209	461	638	2496	1918	6244	1796	1830	4957	11
gene-LOC142978533	494	189	22	1109	11	288	1113	2124	4053	3730	1524	1764	22
gene-LOC142978534	0	2	0	0	0	0	0	0	0	0	0	0	0
gene-LOC142978536	0	0	0	0	0	0	0	0	0	0	0	0	0
gene-LOC142978537	11652	9715	12117	15047	8632	4690	14894	6567	11589	11257	5080	7117	34714
gene-LOC142978538	0	0	0	8	0	0	0	4	0	0	0	0	0
gene-LOC142978539	1478	8852	15236	48	6157	150	1797	1789	2003	513	222	2953	0
gene-LOC142978543	0	11	3	2	0	0	0	0	0	0	0	1	13
gene-LOC142978544	313	174	374	240	165	70	113	93	90	163	152	135	308
gene-LOC142978546	8	0	0	0	0	0	0	0	1	0	1	0	84
gene-LOC142978547	60	69	227	131	632	145	124	185	253	308	355	210	186
gene-LOC142978548	0	2	0	0	0	0	0	0	0	1	0	0	3
gene-LOC142978549	670	282	1176	376	283	166	140	111	53	109	42	41	727
gene-LOC142978550	0	0	0	0	0	0	0	0	0	0	0	0	0
gene-LOC142978551	627	214	310	566	148	134	138	54	163	60	74	73	993
gene-LOC142978552	0	4	0	8	0	0	4	0	0	0	0	0	12
gene-LOC142978556	201	168	248	569	182	214	134	89	237	174	346	206	900
gene-LOC142978558	389	491	340	428	185	134	620	418	309	317	280	381	209
gene-LOC142978559	65	49	131	199	20	30	129	41	62	154	84	98	157
gene-LOC142978561	105	85	105	76	58	67	105	72	96	197	125	113	42
gene-LOC142978562	285	159	59	202	110	31	351	211	271	158	347	368	169
gene-LOC142978563	105	108	307	303	180	91	70	59	98	209	192	163	152
gene-LOC142978565	52	37	13	20	65	16	13	9	27	4	12	10	4707
gene-LOC142978566	2428	1557	2500	1952	2651	1355	1830	2365	3481	1255	3044	3437	19251
gene-LOC142978568	120	106	148	76	44	71	257	133	359	234	555	269	40
gene-LOC142978569	0	0	0	0	0	0	0	0	0	0	0	0	0
gene-LOC142978570	2671	1008	962	2253	890	2260	1579	653	1212	1470	5023	2890	5158
gene-LOC142978571	0	1	0	2	0	0	0	0	0	1	0	0	7
gene-LOC142978573	1842	1166	1390	1450	1029	1068	222	129	184	296	465	249	4511
gene-LOC142978574	0	1	0	0	0	0	0	0	0	0	0	0	0
gene-LOC142978575	0	0	8	0	0	0	0	0	0	0	0	0	0
gene-LOC142978576	665	571	1108	476	458	352	603	234	383	467	455	553	1113
gene-LOC142978577	64	146	122	58	91	95	262	202	293	227	173	191	118
gene-LOC142978578	0	2	0	0	0	0	0	0	0	0	0	0	0
gene-LOC142978583	4	0	0	3	0	0	3	0	0	1	0	1	3
gene-LOC142978586	220	68	92	223	54	114	193	117	366	283	517	348	272
gene-LOC142978587	0	0	0	0	0	0	0	0	0	0	1	0	0
gene-LOC142978589	10	3	3	5	4	0	0	0	0	0	0	0	13
gene-LOC142978590	0	0	0	0	0	0	0	0	0	0	0	0	0
gene-LOC142978591	462	259	429	264	922	336	68	64	63	62	84	147	1065
gene-LOC142978592	0	0	0	0	0	0	0	0	0	0	0	0	0
gene-LOC142978593	0	5	4	0	0	0	0	0	0	0	0	0	22
gene-LOC142978594	7397	1106	1002	14669	439	3099	2700	1708	10312	3157	13727	25124	245
gene-LOC142978595	0	0	0	0	0	0	0	0	0	0	0	0	0
gene-LOC142978596	1	0	3	3	0	0	9	0	0	0	7	0	0
gene-LOC142978597	0	0	0	0	0	0	0	0	0	0	0	0	0
gene-LOC142978598	1	0	0	0	0	0	0	0	0	0	0	0	0
gene-LOC142978599	2527	489	643	1484	1623	1619	682	261	1611	933	1478	887	25
gene-LOC142978601	0	0	0	0	0	0	0	0	0	0	0	0	0
gene-LOC142978602	55	71	321	238	185	50	48	57	36	66	125	73	116
gene-LOC142978603	0	0	0	0	0	0	0	0	0	0	0	0	0
gene-LOC142978604	441	102	187	250	255	140	100	22	38	81	73	80	953
gene-LOC142978606	0	0	0	0	0	0	0	0	0	0	0	0	6
gene-LOC142978607	620	419	774	671	293	318	104	73	169	153	162	135	1542
gene-LOC142978608	32	25	94	84	37	18	43	23	30	43	45	28	54
gene-LOC142978612	0	0	9	0	0	0	0	0	3	0	5	5	2
gene-LOC142978613	5	1	10	2	4	0	2	0	0	1	1	0	202
gene-LOC142978614	0	16	0	11	21	13	0	20	0	11	16	24	0
gene-LOC142978620	328	144	369	319	135	326	374	215	386	330	466	417	569
gene-LOC142978621	2	11	1	4	2	2	6	5	5	1	4	0	3
gene-LOC142978624	0	0	0	0	0	12	0	0	0	0	0	0	0
gene-LOC142978625	0	0	0	0	0	0	0	0	0	0	0	0	0
gene-LOC142978626	0	0	0	0	0	0	0	0	0	0	0	0	0
gene-LOC142978627	0	0	0	0	0	0	0	0	0	0	0	0	0
gene-LOC142978628	0	0	0	0	0	0	0	0	0	0	0	0	0
gene-LOC142978629	0	0	0	0	6	0	0	0	0	0	0	0	6
gene-LOC142978631	3	15	8	30	25	32	8	18	2	3	5	0	7
gene-LOC142978635	0	0	0	0	0	0	0	0	0	0	0	0	0
gene-LOC142978636	0	0	0	0	0	0	0	0	0	0	0	0	0
gene-LOC142978637	2	0	0	0	0	0	0	0	2	7	0	3	2
gene-LOC142978638	0	0	0	0	0	0	0	0	0	0	0	0	0
gene-LOC142978643	0	0	0	0	0	0	0	0	0	0	0	0	0
gene-LOC142978654	0	0	0	0	0	0	0	0	0	0	0	0	0
gene-LOC142978665	0	0	0	0	0	0	0	0	0	0	0	0	0
gene-LOC142978667	0	0	0	0	0	0	0	0	0	0	0	0	0
gene-LOC142978669	168	119	80	120	76	71	267	99	175	161	122	151	326
gene-LOC142978671	2439	833	734	2080	618	7846	4743	1023	6224	18995	4923	14319	661
gene-LOC142978672	0	2	0	2	2	0	10	0	7	28	10	33	0
gene-LOC142978674	2	0	5	0	0	0	0	0	0	0	4	0	0
gene-LOC142978675	18058	1986	4822	24933	2255	384	338	402	4900	2189	1176	1284	4
gene-LOC142978676	366	553	332	559	530	56	178	463	189	104	95	276	704
gene-LOC142978677	312064	123072	694037	98484	213273	40726	9002	14908	7907	21539	15758	2866	10
gene-LOC142978679	1765	2199	2731	1112	1728	546	2881	4295	4428	3002	3930	4144	637
gene-LOC142978680	280	110	199	215	116	113	36	8	32	23	20	22	391
gene-LOC142978681	6	10	0	5	11	0	0	2	10	0	0	1	1
gene-LOC142978683	3	3	0	4	9	0	0	0	2	1	0	0	0
gene-LOC142978685	1040	624	108	767	22	7	232	285	159	218	76	37	143
gene-LOC142978688	162	22	50	262	48	258	48	44	29	128	127	78	133
gene-LOC142978691	338	293	367	679	250	121	90	52	73	106	97	88	521
gene-LOC142978692	371	268	280	375	180	133	161	88	91	109	107	97	911
gene-LOC142978695	5	3	9	2	3	1	0	0	0	1	1	3	56
gene-LOC142978698	2	0	0	0	0	0	0	0	0	0	0	0	3
gene-LOC142978699	84143	2186	11127	30509	6303	16802	51574	41976	190877	14062	77938	25828	5
gene-LOC142978700	5767	288	656	295	90	426	1703	148	62	3709	65059	37	0
gene-LOC142978701	3844	369	864	402	193	340	1871	182	100	2308	53703	91	0
gene-LOC142978702	4709	64	432	37	167	1032	399	28	16	3741	44439	11	0
gene-LOC142978708	1628	2499	7272	2134	5692	593	741	593	460	1149	820	865	274
gene-LOC142978709	2	1	24	4	15	0	12	12	3	9	3	19	4
gene-LOC142978710	14192	8957	10252	9414	4262	1638	7401	4264	5054	3910	5314	3300	2
gene-LOC142978711	300	172	75	45	288	15	22	52	368	23	967	31	1679
gene-LOC142978712	0	3	25	0	25	0	2	0	1	1	1	1	6
gene-LOC142978713	456	263	356	398	308	187	1353	819	2538	1013	1755	1879	153
gene-LOC142978715	1272	1634	1675	1679	824	613	690	345	319	847	544	633	895
gene-LOC142978716	103	113	276	326	103	60	132	76	131	140	114	154	338
gene-LOC142978717	14	16	55	92	0	40	6	4	1	0	37	0	55
gene-LOC142978718	0	0	0	0	0	24	0	5	0	2	1	0	0
gene-LOC142978720	64	34	133	7	81	53	66	45	75	14	20	25	1559
gene-LOC142978721	6	28	23	3	15	16	9	7	7	1	15	4	337
gene-LOC142978722	767	35	62	209	50	121	668	80	1333	863	2566	734	940
gene-LOC142978724	361	163	235	331	89	25	10	7	32	44	52	42	371
gene-LOC142978725	0	0	0	0	0	0	4	0	2	0	2	0	0
gene-LOC142978727	616	489	613	457	382	290	166	69	91	223	183	130	1482
gene-LOC142978728	51446	37057	14421	57920	6426	10318	32003	49916	50139	22674	11027	16836	640
gene-LOC142978729	20523	18405	27960	12370	12808	6055	7075	5940	5175	4982	4376	4667	26854
gene-LOC142978730	302	174	300	223	135	53	42	65	41	70	61	68	395
gene-LOC142978732	0	0	0	0	0	13	0	0	0	0	0	0	21
gene-LOC142978733	0	7	2	16	6	0	5	0	13	11	9	5	3
gene-LOC142978736	0	2	14	3	11	8	0	0	1	1	0	0	36
gene-LOC142978740	285	141	136	430	87	251	215	104	240	185	224	102	427
gene-LOC142978744	0	0	0	0	0	0	0	0	0	0	0	0	0
gene-LOC142978747	125	521	2850	316	542	321	215	47	268	492	185	243	2515
gene-LOC142978749	43	41	119	181	33	16	36	43	52	80	95	115	122
gene-LOC142978751	443	892	4896	331	1437	100	96	63	79	75	26	76	759
gene-LOC142978752	487	85	496	391	193	9515	395	671	2706	1172	1380	785	347
gene-LOC142978753	0	0	1	0	0	0	0	0	0	0	0	0	0
gene-LOC142978755	17	16	23	20	5	15	15	0	6	17	6	7	30
gene-LOC142978756	2361	4555	2652	1835	589	122	748	1010	254	65	40	153	500
gene-LOC142978757	1	0	0	3	0	0	0	0	0	0	2	0	10
gene-LOC142978758	121	51	127	69	37	0	30	24	33	28	36	21	41
gene-LOC142978759	0	0	0	0	0	0	0	0	0	0	0	0	0
gene-LOC142978760	19	14	24	17	33	0	16	0	7	15	4	4	59
gene-LOC142978761	484	1407	2725	344	814	281	200	66	80	233	244	174	233
gene-LOC142978762	13	187	49	15	78	1869	49	49	72	19	74	34	812
gene-LOC142978763	2057	1525	4729	869	1144	578	1865	1094	2218	1737	2295	2654	1429
gene-LOC142978765	42168	70324	86635	30945	56485	11394	108091	119349	86646	72923	69013	94433	3
gene-LOC142978767	0	15	10	8	32	0	26	22	16	3	21	0	304
gene-LOC142978768	2998	3547	3679	2518	2530	621	4586	2767	2676	2034	1048	1699	3743
gene-LOC142978772	31	21	165	12	56	0	37	19	26	23	14	28	22
gene-LOC142978773	11	2	40	2	0	0	0	4	3	5	4	4	71
gene-LOC142978776	0	6	0	0	0	6	1	0	2	0	2	0	1
gene-LOC142978777	760	484	1492	671	1661	484	152	94	107	152	162	160	875
gene-LOC142978778	139	148	250	141	468	563	14	30	45	85	171	118	298
gene-LOC142978780	488	355	557	930	456	807	1576	1023	4065	1827	4742	2706	384
gene-LOC142978781	0	2	0	0	0	0	0	0	0	0	0	0	36
gene-LOC142978782	1132	1656	936	373	807	80	271	229	101	448	212	86	477
gene-LOC142978783	870	308	200	196	51	344	265	144	185	193	134	103	48
gene-LOC142978785	6	16	0	1	0	0	0	8	4	0	0	4	126
gene-LOC142978786	588	13	0	1	16	364	6	20	1814	3	1449	0	192
gene-LOC142978787	0	0	0	0	0	0	0	2	0	0	0	0	0
gene-LOC142978788	7130	776	596	2843	289	2149	23287	14973	15810	5878	18240	1139	0
gene-LOC142978789	0	0	0	0	0	0	0	0	0	0	0	0	0
gene-LOC142978791	2	6	0	0	0	0	0	0	0	0	2	0	18
gene-LOC142978792	0	1	5	1	0	2	4	0	0	0	0	0	14
gene-LOC142978795	28	58	71	30	20	15	106	69	122	50	96	80	31
gene-LOC142978797	4	2	12	3	21	0	0	0	2	2	0	0	58
gene-LOC142978798	10	19	52	334	0	18	10	1	9	16	12	14	77
gene-LOC142978801	3810	517	602	6761	326	3905	3127	726	3637	4235	2919	3021	3
gene-LOC142978802	0	0	2	3	0	0	0	6	1	0	0	0	0
gene-LOC142978803	0	6	3	1	0	0	0	0	0	3	1	0	4
gene-LOC142978804	0	0	0	0	0	0	0	0	0	0	0	0	0
gene-LOC142978806	0	0	0	0	0	0	0	0	0	0	0	0	0
gene-LOC142978808	2	0	3	7	6	45	2	1	2	0	2	0	19
gene-LOC142978809	0	0	0	0	0	0	3	0	7	4	0	0	0
gene-LOC142978810	436	306	171	399	173	196	759	803	566	623	775	986	520
gene-LOC142978812	8	21	29	10	23	0	7	0	0	3	1	0	2
gene-LOC142978813	221	187	362	535	204	175	315	248	267	360	317	364	313
gene-LOC142978814	441	453	465	476	283	191	1008	642	1018	837	1070	1183	304
gene-LOC142978816	6	2	39	4	0	0	6	38	2	0	5	0	0
gene-LOC142978818	108	239	289	137	139	68	241	281	433	271	306	373	51
gene-LOC142978821	0	1	3	6	0	0	0	9	0	0	3	2	36
gene-LOC142978822	6	18	29	0	41	0	0	0	0	2	1	0	25
gene-LOC142978823	97	722	364	94	175	88	282	174	36	162	133	143	228
gene-LOC142978824	0	0	25	9	92	15	50	89	62	20	24	0	0
gene-LOC142978826	11108	386	4148	33669	873	78	185	247	2023	1283	403	160	0
gene-LOC142978827	0	0	0	0	0	0	0	0	0	0	0	0	0
gene-LOC142978828	478	595	789	367	224	145	175	115	59	206	170	175	202
gene-LOC142978829	14	18	26	17	0	70	7	1	3	1	10	12	227
gene-LOC142978830	0	5	4	6	0	0	0	0	0	0	0	0	80
gene-LOC142978831	1	1	0	0	0	0	0	0	0	1	0	0	11
gene-LOC142978834	84	21	20	81	21	31	13	7	23	3	12	21	123
gene-LOC142978836	231	230	303	263	181	126	586	537	832	748	1032	872	287
gene-LOC142978841	0	0	0	1	0	0	0	0	0	0	0	0	0
gene-LOC142978842	0	0	1	0	0	0	0	0	1	0	0	0	0
gene-LOC142978843	0	0	0	0	0	0	0	0	0	0	0	0	0
gene-LOC142978844	3077	2429	2815	4344	1247	985	528	348	334	651	587	566	0
gene-LOC142978845	536	470	581	497	190	76	156	89	82	106	60	131	299
gene-LOC142978846	0	0	0	0	0	0	0	0	0	0	0	4	0
gene-LOC142978847	2	0	0	0	0	0	0	18	1	4	1	0	0
gene-LOC142978848	26	55	349	15	358	101	9	4	16	23	23	5	1186
gene-LOC142978849	79	51	162	105	191	92	3	3	10	8	19	36	220
gene-LOC142978850	187	65	116	276	86	124	184	37	233	150	325	169	233
gene-LOC142978851	0	11	67	0	92	0	9	14	1	0	8	0	240
gene-LOC142978852	29	82	110	73	241	1	2	0	0	1	3	4	478
gene-LOC142978855	1	0	0	0	0	0	0	0	0	0	0	0	1
gene-LOC142978859	0	0	4	0	13	9	0	2	6	0	2	0	0
gene-LOC142978860	0	2	0	0	7	0	10	12	4	0	1	0	0
gene-LOC142978861	0	0	0	0	0	0	0	0	0	4	0	0	0
gene-LOC142978862	0	0	0	0	0	0	0	0	0	0	0	0	0
gene-LOC142978863	499	2899	1687	3647	279	150	2100	2504	1451	622	292	883	250
gene-LOC142978865	318	317	390	270	157	138	144	154	168	146	148	156	419
gene-LOC142978866	486	526	3365	226	1452	319	125	141	127	61	126	239	1522
gene-LOC142978867	3	0	0	0	0	0	0	0	0	0	0	0	65
gene-LOC142978868	11869	9674	17462	1952	6795	2527	11663	6857	19192	6988	15139	15728	693
gene-LOC142978869	9250	2810	1190	3902	720	2779	624	538	840	1496	1892	1105	0
gene-LOC142978870	0	0	0	0	8	0	0	5	3	4	0	2	1
gene-LOC142978872	0	0	2	0	7	0	1	0	2	0	0	0	5
gene-LOC142978873	1924	2605	2201	1393	1049	6273	1023	1093	2833	866	2479	1398	238
gene-LOC142978875	11	124	51	76	54	360	34	13	22	11	3	8	417
gene-LOC142978877	250	306	283	318	152	76	143	174	82	120	86	103	2142
gene-LOC142978878	0	0	24	0	40	0	5	4	9	0	2	0	0
gene-LOC142978880	987	992	2678	989	731	364	693	649	596	698	443	572	377
gene-LOC142978881	0	0	4	0	12	0	0	0	0	0	0	1	0
gene-LOC142978882	635	500	928	520	212	704	1678	605	2012	847	1576	1880	428
gene-LOC142978883	531	179	292	340	313	87	392	324	712	764	879	611	162
gene-LOC142978884	0	0	3	0	0	0	0	0	0	38	0	0	9
gene-LOC142978885	2	4	0	3	4	0	0	11	0	0	0	0	3
gene-LOC142978887	0	0	0	0	0	0	0	0	0	0	0	0	0
gene-LOC142978888	0	0	0	0	0	0	0	0	0	0	0	0	0
gene-LOC142978889	1975	975	1395	886	538	334	271	188	248	303	298	331	1054
gene-LOC142978890	0	0	36	0	0	0	14	0	0	0	0	0	0
gene-LOC142978891	15	0	15	0	16	0	0	8	0	0	0	0	0
gene-LOC142978892	568	160	443	519	378	330	114	86	129	235	312	411	225
gene-LOC142978894	297	293	423	678	281	76	76	78	47	107	91	147	477
gene-LOC142978895	176	215	247	173	119	46	182	82	118	121	131	216	164
gene-LOC142978896	0	0	0	0	0	0	0	0	0	0	0	0	0
gene-LOC142978897	5	0	0	0	0	0	0	0	0	0	0	0	0
gene-LOC142978898	136	152	119	79	23	11	19	9	5	10	4	3	136
gene-LOC142978899	757	373	390	774	229	497	1572	1704	4108	2060	3931	4418	78
gene-LOC142978900	177	121	126	219	13	41	100	28	39	35	20	13	110
gene-LOC142978901	45	88	67	50	35	31	44	18	47	34	44	33	77
gene-LOC142978902	239	301	218	272	135	248	541	483	665	1238	1420	1058	0
gene-LOC142978904	453	275	462	128	55	50	932	724	875	711	1371	344	89
gene-LOC142978905	1	1	2	0	0	0	0	0	0	0	0	0	3
gene-LOC142978906	0	2	2	0	0	0	0	0	0	0	0	0	0
gene-LOC142978907	0	0	2	0	0	0	0	0	0	0	0	0	10
gene-LOC142978908	0	0	0	0	0	0	0	0	0	0	0	0	0
gene-LOC142978909	0	0	3	0	0	0	0	0	0	0	0	0	0
gene-LOC142978910	0	5	37	2	28	32	5	0	50	0	3	4	86
gene-LOC142978911	0	3	0	2	0	0	0	0	0	0	0	0	0
gene-LOC142978914	48	63	108	188	19	160	52	150	308	252	254	846	45
gene-LOC142978915	0	3	4	0	11	25	3	2	1	1	4	2	6
gene-LOC142978919	0	0	0	2	0	0	0	0	3	0	0	0	0
gene-LOC142978921	3	8	1	0	0	0	0	0	0	2	0	0	0
gene-LOC142978926	0	6	195	30	83	0	0	0	0	1	0	0	39
gene-LOC142978927	440	387	472	456	251	175	598	591	844	456	708	835	318
gene-LOC142978928	3	7	0	0	11	18	9	0	1	1	0	0	0
gene-LOC142978929	4	0	0	2	0	0	0	17	0	2	0	0	3
gene-LOC142978930	0	0	0	0	0	0	0	0	0	0	0	0	0
gene-LOC142978931	12	14	45	7	67	0	0	9	4	0	12	0	13
gene-LOC142978932	8	22	4	9	72	85	0	4	0	0	0	0	33
gene-LOC142978934	1022	1067	564	1016	872	447	944	239	1035	421	279	1224	932
gene-LOC142978937	150206	68960	13286	48508	16221	90015	36021	58504	42769	81596	67350	60920	0
gene-LOC142978938	201	310	575	154	367	100	57	27	17	45	58	34	415
gene-LOC142978940	1441	251	105	711	64	239	386	330	825	574	574	250	0
gene-LOC142978941	754	248	484	321	281	389	673	392	1477	527	1234	1208	588
gene-LOC142978942	949	750	837	585	326	314	1724	1705	3269	897	1313	2180	275
gene-LOC142978944	0	1	0	0	7	27	0	12	32	2	7	2	0
gene-LOC142978945	56	38	48	35	14	51	7	3	13	2	9	9	636
gene-LOC142978946	5	52	10	41	62	51	28	22	23	20	10	12	123
gene-LOC142978949	104	127	445	313	350	381	68	96	106	67	37	24	3056
gene-LOC142978950	19607	807	1467	5686	675	546	3108	5439	10717	4437	19810	1011	0
gene-LOC142978951	22890	38390	135472	23675	23184	6419	20509	12333	15379	13975	7019	8835	0
gene-LOC142978952	0	0	16	1	0	24	21	16	17	2	4	0	6
gene-LOC142978955	1862	6908	852	1176	1311	8715	34059	102390	38004	14981	16344	16995	179
gene-LOC142978956	8	14	0	0	0	0	0	4	0	0	1	0	0
gene-LOC142978957	64	52	48	56	18	17	16	10	8	19	20	19	156
gene-LOC142978958	0	0	1	1	0	0	7	0	10	0	9	1	0
gene-LOC142978960	116	3010	1444	2764	1139	69	2216	262	2805	181	936	5586	0
gene-LOC142978961	0	0	0	0	0	0	0	0	0	0	0	0	385
gene-LOC142978962	0	0	6	2	21	0	8	10	14	0	2	0	0
gene-LOC142978964	226277	62753	12190	26236	10563	61723	114521	105473	137053	64952	83091	29178	7
gene-LOC142978966	0	0	0	0	0	0	0	0	0	0	0	0	0
gene-LOC142978968	3	25	30	22	24	39	3	16	12	0	30	2	82
gene-LOC142978970	18	54	12	119	63	40	35	53	40	24	6	7	148
gene-LOC142978972	24	22	37	12	8	41	34	32	62	37	45	35	70
gene-LOC142978973	7	21	121	0	155	0	0	0	33	6	8	0	0
gene-LOC142978974	533	197	294	723	334	746	577	406	1351	862	1481	1085	658
gene-LOC142978975	0	2	5	0	11	0	0	0	0	0	0	0	10
gene-LOC142978976	114	115	210	107	69	138	55	20	73	58	43	65	74
gene-LOC142978978	0	0	0	0	0	0	0	0	0	0	0	0	0
gene-LOC142978979	116360	24466	6510	6639	5616	12460	5414	8213	74975	11780	56105	49938	0
gene-LOC142978980	389	64	64	876	13	701	440	3890	4742	8757	2055	1063	0
gene-LOC142978981	41	35	114	31	11	0	33	22	31	3	12	25	35
gene-LOC142978982	3	0	0	2	0	0	0	6	0	0	0	0	0
gene-LOC142978983	0	1	3	0	0	0	0	0	0	0	0	0	21
gene-LOC142978984	0	2	0	0	0	0	0	0	0	0	0	0	0
gene-LOC142978987	0	0	0	0	0	0	0	0	0	0	0	0	0
gene-LOC142978988	6	21	15	71	63	16	23	30	5	20	11	9	233
gene-LOC142978989	0	1	0	0	17	0	4	0	0	0	0	0	0
gene-LOC142978990	5	2	20	8	17	0	0	2	11	2	8	2	6
gene-LOC142978992	242	258	283	407	153	116	164	117	79	153	119	100	388
gene-LOC142978995	0	1	0	0	0	0	0	0	0	0	0	0	0
gene-LOC142979001	17	5	15	0	0	0	4	0	55	45	92	39	75
gene-LOC142979003	164495	216444	501464	122289	200764	31281	105199	93972	58325	59844	31240	50102	97516
gene-LOC142979004	0	0	0	0	0	0	0	0	0	0	0	0	0
gene-LOC142979005	1	12	15	9	11	37	4	0	6	55	55	15	416
gene-LOC142979006	283	228	755	88	194	49	10	12	24	63	16	29	35
gene-LOC142979008	545	435	669	607	1124	578	117	91	86	307	257	266	475
gene-LOC142979010	160	138	283	271	111	61	166	159	126	144	184	203	182
gene-LOC142979011	539	257	92	320	8	977	15	7	27	67	47	66	710
gene-LOC142979012	1	0	0	0	0	0	0	0	0	0	0	0	0
gene-LOC142979015	216	198	616	129	389	47	46	32	48	67	41	67	45
gene-LOC142979016	0	0	0	0	0	0	0	0	0	0	0	0	0
gene-LOC142979019	0	0	0	0	0	0	0	0	0	0	0	0	0
gene-LOC142979021	812	632	1260	482	647	165	113	63	89	126	150	114	808
gene-LOC142979023	56	33	29	99	37	54	88	93	223	172	352	169	62
gene-LOC142979024	7	16	26	4	33	20	0	0	1	0	2	0	0
gene-LOC142979027	285	203	313	359	88	101	399	272	439	391	525	503	191
gene-LOC142979028	475	336	419	312	222	87	93	29	18	122	83	72	506
gene-LOC142979030	94	69	99	121	58	96	96	67	106	138	216	190	128
gene-LOC142979031	0	2	4	0	0	0	0	0	0	1	0	0	2
gene-LOC142979032	90	90	143	88	39	96	29	20	15	30	38	32	152
gene-LOC142979033	733	724	823	960	473	302	1392	978	1852	1290	1816	1940	742
gene-LOC142979035	4163	4996	3597	1883	2594	395	1766	2098	898	2849	578	2324	4
gene-LOC142979037	0	1	7	0	0	17	0	0	5	0	0	4	258
gene-LOC142979038	3	13	6	8	0	7	3	1	0	1	1	0	5
gene-LOC142979040	66	3	0	18	0	216	2	4	284	55	64	34	3
gene-LOC142979041	22964	3470	3148	22279	2078	40162	11373	2562	5869	7541	3681	3723	11
gene-LOC142979042	2543	2448	5022	4464	6307	2084	1924	925	1508	1642	1206	5785	3018
gene-LOC142979044	3	2	20	28	0	0	3	9	62	46	15	6	0
gene-LOC142979045	1166	439	940	211	305	151	205	128	955	600	503	532	54
gene-LOC142979046	12	8	19	18	0	33	3	0	1	0	7	0	142
gene-LOC142979049	0	0	0	0	0	0	0	0	0	0	0	0	0
gene-LOC142979050	0	15	0	0	0	0	0	0	0	0	8	0	2
gene-LOC142979051	73	51	79	153	125	434	24	9	45	91	246	75	211
gene-LOC142979052	2	0	0	0	0	0	0	6	0	2	0	0	0
gene-LOC142979053	1	5	0	0	0	0	4	0	10	21	1	0	0
gene-LOC142979054	0	0	0	0	0	0	0	0	0	0	0	0	0
gene-LOC142979055	0	2	0	0	0	0	0	0	0	0	0	0	0
gene-LOC142979056	1	0	0	0	2	0	0	0	0	0	0	0	4
gene-LOC142979057	1218	2	35	0	39	165	18	11	0	851	8382	0	0
gene-LOC142979058	3742	128	400	164	52	464	617	91	49	2376	43035	41	0
gene-LOC142979059	0	44	5	19	0	0	0	4	3	0	0	1	118
gene-LOC142979060	4	5	0	4	7	0	0	0	1	0	0	1	0
gene-LOC142979061	0	2	0	0	0	0	0	0	0	0	0	0	5
gene-LOC142979062	0	0	0	0	0	0	0	0	0	0	0	0	0
gene-LOC142979063	1	0	3	5	0	0	0	10	0	0	0	0	27
gene-LOC142979064	0	0	9	0	19	16	3	14	74	0	19	0	0
gene-LOC142979065	5	2	31	10	35	18	25	139	98	14	14	5	0
gene-LOC142979066	0	0	11	0	39	0	5	0	5	0	0	0	0
gene-LOC142979067	0	0	0	0	0	0	0	0	0	0	0	0	0
gene-LOC142979068	0	5	0	0	0	0	0	3	0	0	0	0	0
gene-LOC142979070	9	31	89	25	87	88	9	23	121	26	11	59	38
gene-LOC142979071	12	7	14	36	0	11	45	15	18	14	54	96	0
gene-LOC142979072	1	5	0	6	0	6	13	8	11	6	6	0	39
gene-LOC142979073	119	67	52	1090	12	372	1031	1026	248	1913	470	137	279
gene-LOC142979074	258	86	115	185	28	56	819	406	355	815	978	194	93
gene-LOC142979075	548	66	77	131	37	253	97	46	205	147	28	139	257
gene-LOC142979076	29	6	10	40	1	25	12	27	13	0	9	4	78
gene-LOC142979078	0	0	0	0	0	0	0	0	0	0	0	0	0
gene-LOC142979079	913	744	945	644	823	223	178	134	126	285	252	261	1722
gene-LOC142979080	4802	1825	1493	12450	708	2508	1296	642	1205	1502	1447	1168	6030
gene-LOC142979081	2	3	0	1	0	0	0	0	0	0	0	0	4
gene-LOC142979082	822	1040	1353	1929	609	189	413	488	82	636	286	195	215
gene-LOC142979083	831	723	1071	901	826	254	809	484	986	527	290	1114	3905
gene-LOC142979084	455	292	467	465	160	336	1041	1045	1104	1044	1206	1194	206
gene-LOC142979085	1347	1614	1974	1260	1197	581	548	428	561	456	372	428	1327
gene-LOC142979087	0	4	1	1	5	6	2	0	6	9	3	7	4
gene-LOC142979090	0	4	1	1	5	0	2	0	6	9	3	7	4
gene-LOC142979093	0	4	1	1	5	0	2	35	6	9	3	7	4
gene-LOC142979094	0	5	3	2	0	0	1	0	1	6	5	0	0
gene-LOC142979095	0	0	0	0	0	0	0	0	0	0	0	0	0
gene-LOC142979096	0	0	0	0	0	0	0	0	0	0	0	0	0
gene-LOC142979097	0	0	0	0	0	0	0	0	0	0	0	0	0
gene-LOC142979098	0	4	1	1	5	6	2	0	6	9	3	7	4
gene-LOC142979107	5	2	5	0	0	0	0	1	2	0	0	0	13
gene-LOC142979113	40	11	26	46	3	27	7	3	21	17	30	20	58
gene-LOC142979114	834	786	821	629	371	383	777	475	895	607	612	630	614
gene-LOC142979115	61	45	25	144	24	30	38	21	30	62	43	14	286
gene-LOC142979117	15	12	10	1	18	35	1	0	3	2	7	4	11
gene-LOC142979119	23	25	72	17	244	150	14	7	10	16	33	13	1554
gene-LOC142979120	6	1	4	0	0	9	4	0	0	0	0	1	0
gene-LOC142979121	0	0	0	0	0	0	0	0	0	0	0	0	0
gene-LOC142979122	0	0	0	0	0	0	0	0	0	0	0	0	0
gene-LOC142979125	1952	663	1698	6363	820	4527	1396	308	2406	1022	2628	1866	5463
gene-LOC142979126	0	0	0	0	0	0	0	0	0	0	0	4	0
gene-LOC142979129	2165	2220	2774	1177	1925	834	3722	3764	6740	3464	4507	5486	1121
gene-LOC142979130	80	153	139	61	69	85	76	32	151	45	164	129	141
gene-LOC142979131	122992	77994	26595	55618	61448	52559	810	1441	2763	3349	5188	6362	0
gene-LOC142979132	4	1	11	5	0	0	0	0	4	0	4	2	19
gene-LOC142979133	227	47	19	44	8	213	194	46	1858	157	1777	1530	187
gene-LOC142979134	243	83	92	352	86	372	64	22	32	81	95	88	957
gene-LOC142979135	17	0	0	0	0	0	6	6	6	0	0	1	7
gene-LOC142979137	864	334	559	518	185	821	1279	782	1287	1448	1285	2000	709
gene-LOC142979138	269	141	443	359	221	402	167	52	102	249	270	295	172
gene-LOC142979139	125	61	121	171	98	105	169	168	246	255	434	418	140
gene-LOC142979143	25	1603	1122	31	640	39	10	5	6	19	23	4	265
gene-LOC142979144	3	1	3	2	0	0	0	0	0	0	0	0	22
gene-LOC142979145	632	13	55	390	105	1848	537	889	13508	10732	24218	14352	9
gene-LOC142979146	329	323	3527	320	1729	2952	275	1456	2372	7191	2717	2917	3
gene-LOC142979147	49697	47259	44866	27675	28922	6711	46931	75756	71210	13404	8717	43322	2971
gene-LOC142979148	0	3	6	0	0	0	0	0	0	0	0	0	0
gene-LOC142979149	325	204	357	1356	155	1308	171	345	557	4271	1213	1265	728
gene-LOC142979150	19	23	47	1	31	0	12	20	30	13	13	41	362
gene-LOC142979151	482	160	53	2457	93	843	3346	1802	5107	10352	5593	3538	0
gene-LOC142979152	1107	1287	46	4916	126	2864	8975	5855	16725	16745	26781	19751	64
gene-LOC142979153	22	2	6	13	0	0	24	7	5	2	0	0	0
gene-LOC142979155	75	108	108	281	43	13	217	180	205	185	188	182	208
gene-LOC142979156	827	565	601	1642	531	773	1663	734	2155	1204	1747	1289	546
gene-LOC142979158	2673	1699	278	3487	372	648	1269	760	373	657	399	776	3941
gene-LOC142979159	9	14	3	2	0	0	0	0	2	6	3	2	169
gene-LOC142979162	1321	565	553	2152	170	449	176	132	230	248	259	372	34
gene-LOC142979163	3	1	40	2	62	55	20	7	11	2	0	7	1562
gene-LOC142979166	2	8	29	1	20	0	14	0	4	0	4	0	4
gene-LOC142979168	813	1291	2766	288	624	322	363	225	417	313	350	686	313
gene-LOC142979169	162	106	244	312	117	68	197	134	265	200	302	288	565
gene-LOC142979170	0	0	0	0	0	0	0	0	0	0	0	0	0
gene-LOC142979171	38	33	156	20	75	0	25	17	28	16	37	15	26
gene-LOC142979172	4	10	7	17	4	78	12	14	26	12	14	5	8
gene-LOC142979173	151	190	289	166	58	60	472	202	464	280	364	282	89
gene-LOC142979174	24	21	15	48	16	29	19	0	15	7	21	25	84
gene-LOC142979175	158	77	108	112	27	62	59	23	62	31	47	62	477
gene-LOC142979176	40	68	48	21	2	59	74	31	100	33	78	75	181
gene-LOC142979177	85	47	45	84	76	8	23	22	3	21	25	22	648
gene-LOC142979178	32	11	52	6	14	328	24	8	38	6	17	14	1809
gene-LOC142979179	0	0	0	0	0	0	0	0	0	0	0	0	0
gene-LOC142979180	7	16	42	21	42	10	13	38	12	3	8	26	7
gene-LOC142979181	127	59	164	439	30	126	53	52	133	73	265	206	1010
gene-LOC142979182	0	5	0	0	0	0	0	0	0	0	5	0	0
gene-LOC142979183	4	0	0	1	0	0	0	0	0	0	1	0	122
gene-LOC142979184	2047	1282	1284	1961	1365	2709	2939	2339	6334	2463	5168	7706	4120
gene-LOC142979186	27659	10081	2583	2694	2313	3610	32764	27979	59598	10715	24091	25730	0
gene-LOC142979187	1268	2486	2990	814	741	402	453	300	213	279	230	203	1016
gene-LOC142979188	0	8	7	2	0	5	3	0	0	0	0	0	10
gene-LOC142979193	1	0	0	0	0	0	0	0	0	0	0	0	0
gene-LOC142979196	6	10	27	6	23	324	4	10	3	12	13	7	353
gene-LOC142979197	664	355	238	296	40	186	185	102	167	230	256	202	11
gene-LOC142979200	2927	1364	1322	2569	627	2028	2710	1613	4081	3344	4468	3385	2697
gene-LOC142979201	668	302	245	689	116	1001	697	320	1921	1085	1895	797	162
gene-LOC142979202	683	311	364	839	429	2020	620	322	1570	1115	2191	894	184
gene-LOC142979204	1	11	7	0	0	0	0	0	0	0	0	0	0
gene-LOC142979206	481	603	838	541	221	62	736	615	483	591	386	573	847
gene-LOC142979207	246	163	133	119	60	140	432	382	795	436	906	971	39
gene-LOC142979208	217	135	226	138	33	116	327	227	1042	406	686	498	63
gene-LOC142979209	6	0	45	6	0	342	12	15	5	1	30	1	28
gene-LOC142979210	187	115	159	240	180	113	224	219	485	213	308	377	202
gene-LOC142979211	0	0	0	0	0	0	0	0	0	0	0	0	0
gene-LOC142979214	0	0	0	0	0	0	0	0	0	0	3	0	0
gene-LOC142979215	183	120	178	157	65	63	111	87	97	146	117	110	178
gene-LOC142979217	48	26	100	97	50	13	32	33	15	40	43	41	84
gene-LOC142979218	241	100	142	174	107	125	198	190	296	162	271	454	355
gene-LOC142979219	68	158	46	0	33	0	12	41	7	0	0	7	0
gene-LOC142979221	47969	28269	30231	17339	11194	7855	41481	85468	46839	28582	18056	15831	1574
gene-LOC142979222	229	328	459	273	530	97	368	339	259	424	376	397	117
gene-LOC142979224	222	347	733	102	429	38	270	272	181	103	92	175	84
gene-LOC142979225	468	246	440	250	68	56	125	81	61	55	55	12	266
gene-LOC142979226	15	6	27	38	25	0	11	13	1	8	8	4	28
gene-LOC142979230	1	0	0	2	9	0	0	0	1	1	7	7	4
gene-LOC142979231	65	11	35	48	32	69	21	2	7	10	7	0	60
gene-LOC142979232	0	0	0	0	0	0	0	0	0	0	3	0	22
gene-LOC142979234	2	0	0	0	0	0	9	0	1	0	0	0	2
gene-LOC142979235	252	132	373	187	216	253	159	57	161	230	355	162	267
gene-LOC142979238	0	1	2	0	0	0	0	0	2	0	2	0	0
gene-LOC142979239	296	361	242	346	187	206	150	84	119	150	234	255	420
gene-LOC142979241	0	14	1	19	0	0	0	0	0	14	5	3	91
gene-LOC142979242	528	374	610	1292	236	362	1382	859	626	1496	760	1151	286
gene-LOC142979243	16	11	42	19	22	10	14	9	11	12	6	10	61
gene-LOC142979245	765	626	679	1000	744	1256	3075	2107	5210	3220	3150	2857	1103
gene-LOC142979246	54	21	53	58	37	46	0	10	12	5	26	26	118
gene-LOC142979247	2494	2706	2982	1590	1762	962	386	169	214	104	139	106	1800
gene-LOC142979248	80	51	70	53	27	99	69	42	179	132	627	199	62
gene-LOC142979249	22	8	32	28	26	40	17	3	11	38	28	17	212
gene-LOC142979252	62	118	145	99	157	212	100	87	117	55	41	27	8238
gene-LOC142979253	5	4	0	0	0	0	0	0	0	0	0	0	9
gene-LOC142979255	394	443	863	328	386	170	238	223	242	157	119	144	759
gene-LOC142979256	510	433	398	1069	51	704	1285	470	1614	1087	1913	2080	277
gene-LOC142979258	3194	800	3579	1192	6341	4945	2721	7262	7952	3115	5821	908	1
gene-LOC142979264	3143	1018	957	1952	670	589	1538	1144	560	315	162	365	486
gene-LOC142979265	169	597	4674	262	370	1191	395	506	544	315	178	65	1569
gene-LOC142979268	31	26	106	75	12	13	2	11	2	31	13	7	180
gene-LOC142979270	658	718	919	690	492	438	2432	1859	3194	2403	2197	2075	633
gene-LOC142979271	72	46	51	94	8	50	75	58	95	36	113	112	58
gene-LOC142979272	2327	2439	1846	4588	812	568	2948	2120	1988	1381	1188	2175	804
gene-LOC142979276	118	87	158	135	94	65	143	52	68	128	103	146	35
gene-LOC142979277	75	21	189	19	81	0	6	5	4	5	0	3	0
gene-LOC142979278	85	31	62	247	42	38	63	8	46	48	40	34	283
gene-LOC142979281	5	1	0	0	2	11	0	0	0	0	0	0	10
gene-LOC142979283	95156	15130	139	94	4240	9	0	140	5755	13	120	1	1306998
gene-LOC142979284	155	197	296	159	124	40	68	42	46	93	45	35	191
gene-LOC142979289	44	28	20	40	35	60	19	10	11	25	37	8	381
gene-LOC142979290	84	30	51	159	0	269	17	1273	129	435	90	377	0
gene-LOC142979293	230	220	281	325	205	196	326	319	259	408	627	445	380
gene-LOC142979294	1	49	4	31	5	51	9	19	11	2	8	7	90
gene-LOC142979297	93003	11133	131	64	5474	42	3	109	4041	28	16	3	1337942
gene-LOC142979298	289	195	375	34	178	35	32	30	40	82	50	26	188
gene-LOC142979299	0	0	0	0	0	0	0	0	0	0	0	0	0
gene-LOC142979300	0	0	0	0	0	0	0	0	0	0	0	0	0
gene-LOC142979301	0	0	0	0	0	0	0	0	0	0	0	0	0
gene-LOC142979302	0	0	0	0	0	0	0	0	0	0	0	0	0
gene-LOC142979303	0	0	0	0	0	0	0	0	0	0	0	0	0
gene-LOC142979305	6	8	8	0	0	13	7	0	3	0	0	1	7
gene-LOC142979306	139	143	417	358	251	114	86	92	80	139	207	188	176
gene-LOC142979308	1530	66	175	1102	111	1317	2160	272	3212	4507	4748	1741	25
gene-LOC142979310	41826	1093	1	16	207	23	0	30	3895	14	4114	0	35920
gene-LOC142979311	1	0	0	1	11	0	0	0	3	2	1	0	306
gene-LOC142979313	14	3	9	4	0	0	32	0	1	3	2	7	179
gene-LOC142979314	1	0	0	0	0	0	0	2	0	0	0	0	11
gene-LOC142979315	25	76	49	84	121	218	307	670	606	136	100	121	79
gene-LOC142979316	0	6	0	1	0	7	0	0	0	0	0	0	0
gene-LOC142979317	160	138	462	62	112	42	96	141	110	109	110	129	54
gene-LOC142979318	26	5	209	66	44	0	4	0	15	86	212	7	28
gene-LOC142979320	1	1	0	0	0	0	0	0	0	0	0	0	0
gene-LOC142979321	0	4	0	0	0	0	0	0	0	0	0	0	4
gene-LOC142979323	85827	6348	103	86	1273	23	1	70	5236	43	3525	6	145141
gene-LOC142979324	6134	3148	8503	2348	6140	1492	2500	6005	4841	2362	1492	1697	1520
gene-LOC142979325	71	67	60	128	2	12	43	27	45	12	9	23	109
gene-LOC142979327	0	1	0	0	0	71	2	14	43	4	25	0	1958
gene-LOC142979329	85	14	29	652	66	464	243	114	98	156	75	55	1860
gene-LOC142979330	329	207	302	667	86	1485	2088	3275	7382	4999	7572	5130	1
gene-LOC142979334	418	661	738	721	561	1709	5232	3859	14806	4976	5420	6263	5
gene-LOC142979335	387	1474	1019	1392	3671	361	3828	5323	4783	2486	819	1216	3117
gene-LOC142979336	1303	2064	3616	1391	816	554	408	323	426	489	345	327	361
gene-LOC142979337	1	0	6	3	5	0	0	0	0	0	0	0	122
gene-LOC142979339	7	8	18	24	0	30	4	0	26	7	1	6	28
gene-LOC142979340	2	0	2	0	0	0	0	0	1	0	0	2	45
gene-LOC142979341	145	64	153	128	76	65	10	18	11	16	23	10	256
gene-LOC142979342	166	57	79	168	18	114	316	225	732	464	880	740	109
gene-LOC142979343	817	1313	1254	945	204	162	406	273	300	307	232	359	842
gene-LOC142979344	0	0	0	0	0	0	0	0	0	0	0	0	2
gene-LOC142979345	19	19	7	27	0	0	0	5	9	11	5	14	24
gene-LOC142979346	412	974	283	615	695	4738	738	955	1554	549	902	593	1509
gene-LOC142979347	40	31	42	58	38	55	32	11	7	21	25	34	105
gene-LOC142979348	104	92	322	72	107	55	249	165	319	227	128	193	208
gene-LOC142979351	86	57	47	145	61	212	378	176	679	328	829	557	590
gene-LOC142979352	11	13	10	10	12	58	36	14	39	16	5	2	102
gene-LOC142979353	3	0	4	5	0	119	0	2	1	0	6	0	0
gene-LOC142979354	767	476	752	977	261	277	766	336	815	459	996	1018	226
gene-LOC142979355	10791	3577	3329	3647	3163	2572	6450	3202	3497	3778	1291	4145	4
gene-LOC142979356	81	117	159	77	19	37	205	149	169	184	134	209	103
gene-LOC142979357	0	0	0	0	27	0	0	0	0	0	0	0	203
gene-LOC142979358	0	0	0	0	0	0	0	0	0	0	0	0	0
gene-LOC142979359	91	32	33	57	15	164	44	30	64	36	78	46	211
gene-LOC142979360	1	25	90	27	51	305	51	26	36	15	36	0	145
gene-LOC142979362	0	0	0	0	0	0	0	0	0	0	0	0	15
gene-LOC142979363	62	77	122	50	73	0	41	33	59	118	86	110	30
gene-LOC142979364	41	66	93	38	52	26	146	212	153	122	98	118	58
gene-LOC142979365	2	34	15	46	53	476	24	82	41	24	11	15	88
gene-LOC142979366	7606	1598	625	1757	317	1021	7136	2134	8324	2235	5677	7925	461
gene-LOC142979367	258	129	133	383	43	227	273	150	196	228	202	370	214
gene-LOC142979368	14	0	1	25	4	0	0	0	99	7	182	72	0
gene-LOC142979369	77	45	50	68	23	6	27	13	14	12	30	44	173
gene-LOC142979370	233	168	299	214	126	100	92	66	43	117	179	109	127
gene-LOC142979371	147	160	369	84	245	14	24	13	9	33	19	25	379
gene-LOC142979373	63	90	207	50	65	13	15	52	12	28	14	16	25
gene-LOC142979374	15	50	169	7	57	65	78	62	179	100	143	26	49
gene-LOC142979375	4	6	1	6	4	0	2	2	1	8	8	10	7
gene-LOC142979376	0	0	0	0	0	0	0	0	0	0	0	0	0
gene-LOC142979377	591	598	1056	458	885	454	138	61	46	180	231	122	356
gene-LOC142979378	633	276	1009	373	345	95	160	118	63	96	48	90	158
gene-LOC142979379	6	8	19	5	12	38	6	5	17	6	30	2	96
gene-LOC142979380	99	46	20	24	0	0	135	103	33	48	5	11	0
gene-LOC142979381	0	0	4	1	7	0	0	0	0	0	0	0	4
gene-LOC142979382	26	0	63	0	43	0	24	1	3	0	0	0	297
gene-LOC142979383	0	0	3	0	0	0	0	0	0	0	0	0	0
gene-LOC142979384	0	3	0	1	4	0	0	2	0	2	2	0	0
gene-LOC142979386	2	2	1	1	0	116	12	5	10	1	3	0	57
gene-LOC142979387	4	9	4	39	0	0	0	4	11	1	18	12	0
gene-LOC142979388	46	7	31	68	35	26	38	10	117	78	150	72	46
gene-LOC142979389	0	6	14	6	0	0	2	0	0	0	0	6	7
gene-LOC142979390	22	22	88	37	33	0	44	18	34	19	14	20	32
gene-LOC142979393	2	0	5	0	0	0	0	0	5	0	0	11	2
gene-LOC142979395	641	1244	2114	554	1434	11589	3920	8697	11494	1288	11448	432	8
gene-LOC142979396	18	40	92	133	89	33	54	12	13	49	22	49	654
gene-LOC142979398	46	77	236	14	20	0	12	0	7	9	3	8	21
gene-LOC142979401	105	304	160	388	786	161	846	1224	1393	663	237	328	802
gene-LOC142979402	0	0	0	0	0	0	0	3	0	0	0	0	0
gene-LOC142979403	96	32	19	2	24	0	0	0	4	1	0	4	1712
gene-LOC142979404	0	0	5	0	0	0	0	0	2	0	0	0	2973
gene-LOC142979406	1159	414	574	1249	594	1104	562	398	979	427	944	748	2273
gene-LOC142979407	1053	1101	1391	1188	679	317	523	384	522	661	579	639	1192
gene-LOC142979408	703	471	653	563	188	273	751	484	1008	931	1075	796	321
gene-LOC142979409	0	0	0	0	0	0	0	0	0	0	0	0	0
gene-LOC142979411	703	381	547	805	333	417	602	420	1718	831	2662	1354	253
gene-LOC142979412	260	53	400	66	307	0	366	40	394	215	67	266	1
gene-LOC142979413	625	1128	751	714	875	445	275	225	173	304	229	269	108
gene-LOC142979416	1569	967	1238	1730	971	1863	3850	2140	7637	4521	8619	5677	2644
gene-LOC142979417	2	25	3	161	54	0	1	18	5	1	1	0	907
gene-LOC142979418	6	0	0	10	0	0	0	0	0	0	0	0	0
gene-LOC142979419	55	90	871	53	150	56	106	18	34	160	15	35	1282
gene-LOC142979420	3227	710	2975	1079	637	502	468	70	376	256	437	179	169
gene-LOC142979421	14	9	82	1	33	0	2	0	1	4	2	0	41
gene-LOC142979423	273	48	9	45	43	23	31	41	56	26	16	30	1
gene-LOC142979424	1021	307	151	7202	212	4401	1869	1348	9531	3237	17382	7131	1552
gene-LOC142979425	65	19	46	72	11	77	37	15	16	43	56	41	62
gene-LOC142979427	10	83	60	96	185	39	125	281	520	186	66	65	155
gene-LOC142979428	9	4	2	2	50	31	0	2	4	0	4	1	6
gene-LOC142979429	414	814	601	157	213	61	62	115	86	17	55	39	292
gene-LOC142979432	1984	1428	433	206	284	2883	1460	34	303	280	464	706	0
gene-LOC142979433	1	0	0	1	0	0	2	2	0	0	0	0	60
gene-LOC142979434	29	28	61	80	29	17	58	4	14	23	12	4	226
gene-LOC142979436	243	526	474	307	359	361	585	410	526	578	289	398	3
gene-LOC142979443	63	13	44	9	13	0	22	78	19	11	3	1	0
gene-LOC142979444	222	110	142	149	58	81	59	42	58	56	30	33	256
gene-LOC142979446	99	111	46	41	106	1774	230	107	697	132	1119	204	5
gene-LOC142979447	10672	6201	1584	8541	2338	3541	8810	7079	14164	6563	6497	26034	67
gene-LOC142979449	0	0	0	0	0	0	0	3	0	0	0	0	0
gene-LOC142979450	4	0	0	0	0	12	0	0	0	0	2	0	0
gene-LOC142979451	1	1	0	9	7	4	4	0	11	0	20	12	49
gene-LOC142979452	689	80	0	0	7	0	0	0	196	2	632	0	897
gene-LOC142979455	0	4	0	0	0	0	0	0	0	1	0	5	28
gene-LOC142979456	2501	505	639	626	500	3169	341	185	170	170	160	463	0
gene-LOC142979458	0	3	0	0	1	11	0	2	4	1	2	0	1242
gene-LOC142979461	222	259	430	111	274	72	43	15	33	41	50	53	415
gene-LOC142979463	187	380	917	42	290	620	202	68	159	24	52	94	10235
gene-LOC142979464	5	7	1	0	0	12	3	8	4	2	17	0	14
gene-LOC142979465	0	0	0	0	0	22	3	0	10	0	4	0	12
gene-LOC142979468	2	4	0	0	0	5	0	0	0	0	0	0	79
gene-LOC142979470	191	261	306	190	202	69	564	528	765	544	616	718	283
gene-LOC142979471	1234	1620	59	448	407	360	795	1477	1538	430	257	666	0
gene-LOC142979472	44	62	46	7	9	67	0	0	8	2	1	12	264
gene-LOC142979474	402	263	270	289	160	462	1410	580	1957	1285	2605	1744	137
gene-LOC142979475	18316	6811	15854	9413	6762	25591	59610	57454	308953	96179	318034	57127	6
gene-LOC142979476	2	39	12	31	0	173	10	7	4	4	1	0	46
gene-LOC142979477	132	98	436	180	166	46	39	26	15	30	23	30	155
gene-LOC142979479	219	218	223	232	113	118	35	25	33	27	11	28	289
gene-LOC142979483	0	5	2	0	0	13	0	3	0	0	0	0	9
gene-LOC142979484	0	0	0	0	0	0	0	0	0	0	0	0	0
gene-LOC142979486	0	0	0	1	0	0	0	0	5	0	1	0	2
gene-LOC142979487	24	16	6	22	21	155	65	63	237	82	183	72	33
gene-LOC142979488	3741	2498	1587	3360	255	1416	636	402	908	265	732	698	2678
gene-LOC142979489	0	1	0	0	0	0	0	0	0	0	0	0	0
gene-LOC142979490	30	8	29	80	0	44	29	7	39	29	17	20	127
gene-LOC142979491	38	38	81	33	202	57	46	38	81	11	29	13	856
gene-LOC142979492	97902	131853	35571	97877	64088	80167	268325	203645	455357	167047	114388	193384	4
gene-LOC142979493	600	585	1294	167	621	54	100	107	52	10	14	38	158
gene-LOC142979494	2	0	0	0	0	0	0	0	0	0	0	0	0
gene-LOC142979495	4	3	6	0	0	0	0	0	3	0	0	0	0
gene-LOC142979496	40	33	7	87	0	29	25	3	9	2	11	13	12
gene-LOC142979497	1	4	3	6	0	0	0	2	0	3	5	6	18
gene-LOC142979498	0	3	0	0	0	0	0	0	0	0	0	0	2074
gene-LOC142979500	0	0	0	1	0	0	5	0	1	0	3	0	1692
gene-LOC142979501	0	0	0	0	0	0	0	0	0	0	0	0	0
gene-LOC142979502	0	0	0	0	0	0	0	0	0	0	0	0	0
gene-LOC142979503	0	4	0	0	0	0	0	0	0	0	0	0	0
gene-LOC142979504	4	4	5	0	0	0	0	0	0	0	0	0	8
gene-LOC142979505	0	0	18	0	17	0	0	0	0	0	0	0	0
gene-LOC142979508	943	1095	639	1166	185	380	2909	2345	1840	2246	1207	1964	48
gene-LOC142979509	3	0	1	12	0	27	0	7	9	0	17	0	30
gene-LOC142979510	1	0	0	0	0	0	0	0	1	0	0	0	0
gene-LOC142979511	7	21	8	7	28	55	12	6	11	2	6	15	342
gene-LOC142979512	0	0	0	0	0	0	0	0	0	0	0	0	22
gene-LOC142979513	0	0	0	0	0	0	0	0	0	0	0	0	0
gene-LOC142979514	0	4	0	0	0	0	0	0	0	0	1	0	0
gene-LOC142979515	297	365	512	328	333	133	500	293	526	414	365	529	349
gene-LOC142979516	1477	1950	1899	2914	687	1079	206	184	118	396	269	180	1673
gene-LOC142979518	1673	520	1031	2787	567	3577	4963	1572	4046	7804	3931	7184	5538
gene-LOC142979519	90	56	116	87	11	11	61	44	69	54	91	93	45
gene-LOC142979520	0	0	0	0	0	0	0	0	0	0	0	0	0
gene-LOC142979524	0	3	0	0	0	0	0	0	0	0	0	1	0
gene-LOC142979525	46	18	10	50	0	35	81	54	117	96	105	56	55
gene-LOC142979526	29	9	42	34	39	13	16	11	15	33	32	41	1630
gene-LOC142979527	8	34	20	14	8	70	4	8	17	11	30	9	418
gene-LOC142979529	482	140	256	304	59	313	54	34	28	45	18	37	1252
gene-LOC142979531	3	0	8	2	0	0	4	0	5	9	4	9	0
gene-LOC142979532	0	0	0	1	0	0	0	0	0	0	0	0	22
gene-LOC142979533	1	0	0	0	0	0	0	0	0	0	0	0	8
gene-LOC142979534	42	44	39	29	98	0	11	24	22	11	9	5	384
gene-LOC142979537	0	3	4	0	15	0	0	0	3	0	5	12	0
gene-LOC142979538	541	331	398	368	357	624	145	87	103	172	154	140	4179
gene-LOC142979539	2	2	0	1	5	0	0	0	4	0	0	0	4
gene-LOC142979540	0	3	0	2	0	0	0	0	0	0	0	0	0
gene-LOC142979541	133	89	139	66	29	63	0	0	5	1	0	5	109
gene-LOC142979544	270	300	325	129	138	129	93	32	29	71	36	56	231
gene-LOC142979545	51	31	98	68	62	55	40	98	115	67	126	90	49
gene-LOC142979546	520	144	68	646	16	218	47	42	44	192	328	188	6
gene-LOC142979549	37	37	58	43	24	38	4	7	20	16	13	11	279
gene-LOC142979550	0	3	0	0	0	0	0	0	0	1	0	5	0
gene-LOC142979552	229	296	271	221	295	239	634	370	970	1177	1662	1481	203
gene-LOC142979553	0	0	0	1	0	0	0	0	0	0	0	0	280
gene-LOC142979554	0	0	0	0	0	0	0	0	0	0	0	2	0
gene-LOC142979556	139	41	4	19	21	0	12	45	59	7	106	47	1113
gene-LOC142979557	1587	568	1266	1536	577	652	3322	2278	5359	2468	2115	1419	0
gene-LOC142979558	63	94	41	74	40	20	91	76	200	140	155	101	46
gene-LOC142979559	80	51	62	18	67	32	156	8	0	379	13	13	47
gene-LOC142979562	866	133	288	889	136	195	238	54	43	376	125	134	398
gene-LOC142979564	0	0	5	4	0	96	0	0	1	1	0	5	0
gene-LOC142979565	4	14	0	8	0	73	114	31	203	21	160	46	2
gene-LOC142979566	0	0	0	0	0	0	0	0	0	0	0	0	0
gene-LOC142979568	0	2	1	0	0	0	0	0	0	0	0	0	0
gene-LOC142979569	1	0	0	0	0	0	0	5	0	0	0	0	0
gene-LOC142979570	1264	1100	396	1845	430	535	3805	2292	3418	2580	1769	4334	0
gene-LOC142979571	0	0	0	0	0	0	0	0	0	0	0	0	0
gene-LOC142979572	0	5	9	4	10	0	0	2	8	5	1	13	1
gene-LOC142979573	4	0	1	2	10	17	0	0	0	1	0	0	0
gene-LOC142979574	2	0	7	0	0	0	0	0	0	0	5	5	6
gene-LOC142979575	0	0	0	0	0	0	0	0	0	0	0	0	0
gene-LOC142979576	3	1	0	0	0	0	0	0	1	1	0	0	0
gene-LOC142979577	790	502	567	734	338	419	281	171	268	168	178	167	3554
gene-LOC142979578	0	0	5	2	0	67	3	11	14	23	79	0	0
gene-LOC142979579	1660	956	559	1317	125	111	253	158	146	171	124	103	154
gene-LOC142979580	8726	10556	190204	48005	58044	16543	10794	19728	14339	33683	4381	9019	85
gene-LOC142979581	2	0	0	0	0	0	0	6	0	0	0	0	0
gene-LOC142979582	235	209	390	216	411	162	94	50	60	118	54	115	198
gene-LOC142979583	160	144	596	23	615	104	27	6	42	4	36	21	2007
gene-LOC142979584	411	292	583	617	396	191	181	79	159	199	236	224	627
gene-LOC142979585	0	0	0	0	0	0	0	0	1	0	0	0	0
gene-LOC142979586	0	0	1	0	0	0	0	0	0	0	0	0	0
gene-LOC142979591	25	36	36	29	21	55	64	22	56	21	76	85	269
gene-LOC142979592	1420	604	660	819	818	1154	294	239	251	142	57	8	2235
gene-LOC142979595	0	0	0	0	0	0	0	0	0	0	0	0	0
gene-LOC142979596	0	0	0	0	0	0	0	0	0	0	0	0	0
gene-LOC142979597	0	0	4	1	0	0	0	15	5	1	14	0	0
gene-LOC142979598	0	1	3	0	0	0	0	2	4	3	0	0	0
gene-LOC142979600	0	0	49	0	0	0	0	0	2	0	0	0	0
gene-LOC142979601	0	0	0	0	0	0	0	0	0	0	0	0	0
gene-LOC142979602	0	3	1	0	0	11	0	0	0	0	0	3	0
gene-LOC142979603	0	0	0	0	0	0	0	0	0	0	1	0	0
gene-LOC142979604	19658	10508	2783	10686	3739	5241	19799	14802	25010	16058	12610	35097	159
gene-LOC142979605	254	93	94	152	7	29	71	34	41	71	40	22	13
gene-LOC142979606	0	0	0	0	0	0	0	0	0	0	0	0	0
gene-LOC142979607	0	4	10	3	0	0	0	0	0	0	0	0	0
gene-LOC142979608	0	0	0	0	0	0	0	0	0	0	0	0	0
gene-LOC142979609	0	7	0	0	0	0	0	2	0	6	1	4	0
gene-LOC142979610	0	0	0	0	0	0	0	0	0	0	0	0	1
gene-LOC142979611	3	0	0	2	0	1	22	13	95	0	21	4	0
gene-LOC142979612	274365	14288	96	169	10020	57	5	152	7728	50	17925	34	59331
gene-LOC142979613	1873	0	3	0	21	0	0	0	985	2	8501	0	179
gene-LOC142979614	1097	2369	31	0	2451	0	0	0	0	3	5	2	34
gene-LOC142979615	2	95	165	150	178	324	51	2	19	64	41	29	25
gene-LOC142979616	0	0	0	0	0	0	0	0	0	0	0	0	0
gene-LOC142979617	0	0	0	0	0	0	0	0	0	0	0	0	0
gene-LOC142979618	0	0	0	4	0	0	0	0	0	0	0	0	1
gene-LOC142979619	0	0	0	0	0	0	0	0	0	0	0	0	0
gene-LOC142979621	0	0	0	0	0	0	0	0	0	0	0	0	0
gene-LOC142979622	0	0	0	0	0	0	0	0	0	0	0	0	0
gene-LOC142979623	1371	939	1457	465	132	169	185	83	43	43	70	59	165
gene-LOC142979624	0	0	0	0	0	0	0	0	0	1	0	0	0
gene-LOC142979625	0	0	4	9	4	24	5	0	3	5	16	0	0
gene-LOC142979626	0	7	3	0	4	0	0	3	0	0	0	0	0
gene-LOC142979627	0	0	0	0	0	0	0	0	0	0	0	0	0
gene-LOC142979628	462	192	126	305	21	161	385	155	269	156	225	189	205
gene-LOC142979630	196	161	63	125	21	297	92	57	182	96	121	226	511
gene-LOC142979634	32332	19584	16813	33816	15002	25611	42341	10322	34902	20922	11321	19709	38700
gene-LOC142979635	0	4	73	2	148	61	15	5	10	1	5	0	111
gene-LOC142979636	3	12	108	0	37	0	0	2	0	2	4	0	8277
gene-LOC142979637	0	0	0	0	0	0	0	0	0	0	0	0	0
gene-LOC142979640	12	10	25	19	10	15	1	2	14	10	4	17	391
gene-LOC142979647	49	69	64	44	11	21	70	59	53	87	122	147	28
gene-LOC142979648	7941	4743	1687	5179	558	3063	5619	3009	5906	5183	5367	6011	117
gene-LOC142979650	5352	2278	1978	13064	1894	17181	8408	4647	17621	22333	36859	13903	21389
gene-LOC142979651	111	59	130	66	85	24	57	53	42	51	33	52	188
gene-LOC142979655	76	33	40	11	4	0	2	0	1	0	2	0	155
gene-LOC142979658	11	23	2	3	0	18	10	14	15	6	6	8	78
gene-LOC142979661	13	11	21	4	17	0	12	13	13	11	15	31	7
gene-LOC142979662	134	72	114	117	60	121	406	594	926	594	630	582	354
gene-LOC142979663	0	0	0	0	0	0	0	0	1	0	0	0	0
gene-LOC142979664	0	0	0	0	0	0	0	0	0	0	0	0	0
gene-LOC142979677	5611	5582	5044	4056	2744	2821	8711	5407	7703	8231	6611	7611	1686
gene-LOC142979689	4295	2083	602	3793	491	1060	1640	1932	2207	2807	1407	2316	1548
gene-LOC142979692	1093	531	1209	1228	465	1167	699	255	1096	857	1658	955	1324
gene-LOC142979694	2	0	0	4	0	0	0	4	0	0	0	0	2
gene-LOC142979698	974	1288	3566	907	1930	771	2454	2049	4329	1616	3350	2529	155
gene-LOC142979700	116	164	179	78	19	11	21	4	4	10	4	7	166
gene-LOC142979701	123	490	540	111	69	153	66	17	19	58	60	27	390
gene-LOC142979703	0	0	0	1	0	0	9	0	6	11	15	15	6
gene-LOC142979705	8	3	3	2	0	0	7	2	1	0	0	0	147
gene-LOC142979706	118	208	100	150	3	44	81	38	66	40	54	77	188
gene-LOC142979707	33	72	95	45	5	105	18	20	128	18	113	94	28
gene-LOC142979708	7	10	21	12	0	0	19	3	4	8	10	0	19
gene-LOC142979709	3	2	0	1	2	9	5	211	16	75	8	14	0
gene-LOC142979710	649	2049	3751	3231	1250	411	314	70	317	760	451	685	192
gene-LOC142979711	881	1535	2029	645	637	144	388	328	262	189	121	226	499
gene-LOC142979712	154	130	242	235	133	114	79	52	126	63	100	119	281
gene-LOC142979713	1	2	0	0	0	28	0	0	1	0	0	0	57
gene-LOC142979715	59	89	60	11	25	87	30	46	86	83	76	48	114
gene-LOC142979718	638	692	1643	290	652	186	96	79	97	101	110	141	225
gene-LOC142979722	969	739	1648	1548	931	475	660	390	399	518	471	410	1376
gene-LOC142979724	1	3	4	1	0	0	3	0	0	0	0	2	19
gene-LOC142979726	5297	10585	18206	4637	10137	1434	5360	4119	2699	2768	1721	3022	3085
gene-LOC142979727	217	39	121	188	34	125	84	13	54	64	53	46	259
gene-LOC142979728	202	107	236	189	102	52	79	72	112	91	146	152	212
gene-LOC142979729	48	38	268	70	244	150	27	16	12	20	29	16	7214
gene-LOC142979732	266	227	732	244	429	260	31	37	15	123	74	63	1461
gene-LOC142979733	1	0	0	0	0	0	0	0	0	0	0	0	11
gene-LOC142979735	670424	964790	306627	409769	115090	419425	145975	69551	13222	26375	5650	50210	0
gene-LOC142979736	11	6	1	12	23	0	4	0	6	1	5	0	78
gene-LOC142979737	42744	25138	2162	18270	2814	7152	15558	15200	13421	13033	8328	14394	61
gene-LOC142979738	6691	3280	217	11248	91	773	1838	1162	6505	2453	3933	4553	378
gene-LOC142979739	9	3	18	3	0	0	8	13	12	11	1	0	11
gene-LOC142979741	731	1140	2484	701	2695	333	217	121	84	141	97	136	2737
gene-LOC142979742	2	0	0	0	9	0	0	0	0	0	0	0	57
gene-LOC142979743	0	2	0	0	0	0	0	0	0	0	0	0	0
gene-LOC142979746	36	46	322	147	208	293	98	59	73	148	122	86	893
gene-LOC142979747	962	324	258	696	163	757	562	163	416	348	591	499	782
gene-LOC142979748	10	9	0	4	0	0	10	1	1	5	7	5	0
gene-LOC142979753	1046	409	169	149	74	690	1144	688	761	2967	1921	1287	4
gene-LOC142979754	4	2	0	3	0	0	16	3	2	1	3	19	0
gene-LOC142979755	439	221	224	273	128	96	151	85	103	109	106	80	266
gene-LOC142979756	4	1	0	4	0	0	0	0	10	2	10	2	0
gene-LOC142979757	0	0	0	0	0	0	0	0	0	0	0	1	7
gene-LOC142979760	856	393	121	337	75	914	898	627	3160	1424	2413	1198	0
gene-LOC142979761	535	574	1089	583	422	109	532	376	418	417	421	735	294
gene-LOC142979763	314	350	557	292	262	101	93	64	62	125	67	67	625
gene-LOC142979766	1410	1983	915	1671	202	2352	1410	1354	9818	957	3129	4131	79
gene-LOC142979767	1	2	0	0	0	0	0	0	0	0	0	0	0
gene-LOC142979768	0	0	1	0	0	0	0	0	0	0	0	0	0
gene-LOC142979770	0	3	3	0	4	0	6	0	0	0	0	0	0
gene-LOC142979772	0	10	0	0	0	0	2	0	0	0	0	0	20
gene-LOC142979773	0	0	0	0	0	0	0	0	0	0	0	2	0
gene-LOC142979774	865	1437	879	610	292	277	1279	894	1997	841	1161	2443	923
gene-LOC142979775	119	55	353	125	206	76	22	5	8	74	37	36	671
gene-LOC142979777	203	158	461	234	157	80	69	17	25	63	22	38	104
gene-LOC142979778	59	55	10	181	15	132	128	60	69	102	50	51	576
gene-LOC142979779	679	335	795	427	494	186	90	89	79	161	103	151	321
gene-LOC142979784	1430	800	1645	1080	605	469	420	253	508	246	272	377	1646
gene-LOC142979785	0	0	3	0	11	0	0	0	0	0	0	0	0
gene-LOC142979786	0	0	2	0	0	0	0	0	2	0	0	0	0
gene-LOC142979787	1746	1282	6067	1247	3505	847	1201	729	1214	710	719	787	461
gene-LOC142979788	12	6	2	3	14	163	93	20	220	54	128	19	188
gene-LOC142979789	149	104	214	144	78	37	237	145	292	219	258	277	145
gene-LOC142979790	79	39	54	175	50	64	178	64	290	184	246	267	120
gene-LOC142979791	81	36	83	64	46	29	34	14	26	23	19	22	36
gene-LOC142979792	107	22	10	113	35	156	1	5	15	10	15	10	344
gene-LOC142979793	2	0	9	0	35	325	0	14	41	0	8	0	40
gene-LOC142979797	0	0	0	1	0	0	0	0	0	0	0	0	1
gene-LOC142979798	222	471	71	75	127	43	144	285	251	112	47	597	391
gene-LOC142979799	17142	113782	12089	31373	7276	12127	5598	17839	900	1072	9	157	0
gene-LOC142979801	280	5	40	816	27	839	507	48	1310	1281	5140	1800	0
gene-LOC142979804	394	630	1170	217	727	98	394	374	496	258	307	459	257
gene-LOC142979805	72	32	302	69	106	49	28	7	23	88	56	21	422
gene-LOC142979807	166	372	218	307	210	350	608	1205	1190	1411	1089	960	171
gene-LOC142979808	7	18	42	3	17	12	9	7	8	0	3	0	394
gene-LOC142979809	175	76	27	167	140	135	192	482	666	123	374	62	1025
gene-LOC142979811	0	0	6	0	0	0	0	0	3	0	0	0	180
gene-LOC142979812	224	424	460	107	356	0	50	46	27	30	1	28	339
gene-LOC142979814	0	0	0	0	0	0	0	0	0	0	0	0	0
gene-LOC142979815	4	6	3	6	0	27	2	0	1	2	2	0	86
gene-LOC142979820	196	56	6	192	7	16	235	114	712	169	192	435	0
gene-LOC142979822	4	0	11	0	0	0	3	0	2	6	7	5	0
gene-LOC142979824	0	0	0	0	0	0	0	0	0	0	0	0	0
gene-LOC142979826	109	4	0	216	0	426	232	201	879	496	849	324	0
gene-LOC142979827	97	40	83	135	128	335	312	89	480	186	1006	398	492
gene-LOC142979828	1	3	2	8	0	12	0	0	0	0	1	9	413
gene-LOC142979829	0	0	0	0	0	0	0	0	0	0	0	0	0
gene-LOC142979831	0	0	0	0	0	0	0	4	0	0	0	0	0
gene-LOC142979832	155	118	125	204	71	140	53	37	31	140	66	72	203
gene-LOC142979834	0	0	0	0	0	0	0	0	0	0	0	0	0
gene-LOC142979835	0	1	0	2	14	20	0	0	0	0	0	0	873
gene-LOC142979836	16	9	9	30	10	48	66	7	47	19	57	63	63
gene-LOC142979837	28301	13981	4127	30491	2365	6468	7466	10232	626	2814	3	106	0
gene-LOC142979838	274	138	54	624	10	196	976	482	510	895	537	692	0
gene-LOC142979839	490	1035	300	565	243	276	1254	701	1938	1324	937	805	0
gene-LOC142979842	13	21	33	24	1	0	6	7	16	0	16	6	92
gene-LOC142979843	1	0	0	1	0	0	0	0	0	0	0	1	0
gene-LOC142979844	0	0	0	0	0	0	0	0	0	0	0	6	0
gene-LOC142979845	1437	163	890	1305	456	2098	375	243	1104	1237	2109	871	437
gene-LOC142979846	6945	4191	5730	6160	3498	7442	3760	2063	8797	2712	3926	2705	122
gene-LOC142979847	0	9	6	2	0	0	0	4	0	0	0	2	291
gene-LOC142979848	0	0	0	0	0	0	0	0	0	0	0	0	0
gene-LOC142979850	6901	14786	18561	4719	11132	1854	10659	17154	13313	12668	11555	13362	46
gene-LOC142979851	8	16	14	4	18	0	3	1	6	3	0	9	23
gene-LOC142979852	2	19	21	0	26	0	2	5	0	5	1	2	4
gene-LOC142979853	5	3	5	4	0	0	3	0	3	0	0	0	0
gene-LOC142979854	15255	20073	17739	26649	24369	38235	8515	11977	21062	13714	20181	19108	11
gene-LOC142979855	4	12	16	10	8	0	6	0	0	8	0	1	0
gene-LOC142979856	0	1	4	0	0	0	0	0	1	0	0	1	375
gene-LOC142979858	4	3	2	4	18	0	4	5	5	2	0	5	15
gene-LOC142979862	1407	1779	2258	1655	1225	188	2138	1256	1505	1249	1283	2456	321
gene-LOC142979864	105986	40430	8152	47393	18447	53662	14079	7186	4439	2605	3445	1926	1
gene-LOC142979868	0	0	0	0	0	0	0	0	0	0	0	0	8
gene-LOC142979869	0	1	4	4	0	24	1	0	7	2	11	0	4
gene-LOC142979870	0	6	1	0	0	0	0	2	2	5	0	0	0
gene-LOC142979872	0	0	3	1	3	0	0	0	1	1	0	0	9
gene-LOC142979875	0	0	1	0	9	0	0	3	0	0	0	1	7
gene-LOC142979877	61	106	189	118	336	265	216	170	328	73	210	160	45
gene-LOC142979878	30	50	69	19	56	17	22	24	10	7	7	2	190
gene-LOC142979879	751	944	39	641	7	620	3783	1152	8902	3650	4559	10282	0
gene-LOC142979880	0	4	0	2	0	0	0	0	2	1	0	0	0
gene-LOC142979881	145	76	72	120	79	105	237	191	288	242	274	388	92
gene-LOC142979882	17100	105059	6612	31217	2115	9777	2328	3651	37	122	82	1013	0
gene-LOC142979883	8	20	25	12	0	0	5	0	0	8	0	10	4
gene-LOC142979885	0	0	0	0	0	0	0	0	0	0	0	0	0
gene-LOC142979887	0	0	0	0	0	0	0	0	0	0	0	0	0
gene-LOC142979888	15	1	2	1	2	37	5	0	2	1	0	0	31
gene-LOC142979890	24	68	58	60	54	17	156	323	154	519	285	162	0
gene-LOC142979892	0	0	0	0	0	0	0	0	0	0	0	0	62
gene-LOC142979894	84261	320046	132687	40374	144414	212555	26637	7817	1968	2491	2580	14186	5
gene-LOC142979895	12756	124779	37641	16385	40352	9024	10623	4127	1323	704	677	7168	0
gene-LOC142979896	24218	42310	8858	26059	11134	29441	44523	41740	67930	41723	58831	83742	30
gene-LOC142979897	2358	531	731	2557	377	2806	3234	2081	3052	5394	3317	3938	1343
gene-LOC142979898	1094	784	1262	724	479	212	514	291	485	538	483	657	489
gene-LOC142979899	18	5	7	6	0	0	37	4	38	7	29	7	0
gene-LOC142979900	67	116	5	46	0	0	0	26	10	8	0	0	3
gene-LOC142979902	0	0	0	0	0	0	0	0	0	0	0	0	0
gene-LOC142979903	1348	478	325	151	511	2175	105	210	290	43	82	37	10175
gene-LOC142979904	60	321	187	59	202	49	52	146	90	29	73	71	52
gene-LOC142979905	38	13	14	10	83	0	12	10	3	1	13	14	33
gene-LOC142979907	2918	2575	3408	1787	2307	818	1961	1245	1835	2095	1071	1047	5897
gene-LOC142979909	3466	5255	5137	2661	13993	17792	592	463	757	237	419	223	78234
gene-LOC142979910	58559	326236	25847	24167	3723	7834	14154	14613	846	494	109	5144	0
gene-LOC142979911	845	2892	2163	302	622	35	2583	1529	443	148	80	175	46
gene-LOC142979912	0	0	0	0	3	0	0	0	0	0	0	0	0
gene-LOC142979913	0	0	0	0	0	0	0	0	0	0	0	0	0
gene-LOC142979914	0	1	0	0	0	0	0	0	0	0	0	0	0
gene-LOC142979915	175	184	390	134	251	107	79	41	30	55	42	32	140
gene-LOC142979916	0	0	1	0	0	0	0	0	0	0	0	0	1
gene-LOC142979919	77	60	330	55	269	327	31	10	50	28	42	20	267
gene-LOC142979920	14	6	18	34	0	0	77	15	104	46	103	98	27
gene-LOC142979921	0	0	0	1	0	0	0	0	0	0	0	0	0
gene-LOC142979923	101	19	10	61	7	14	80	76	165	62	51	38	8
gene-LOC142979925	0	0	0	0	0	0	0	0	0	0	0	0	0
gene-LOC142979926	8595	2609	1086	5445	747	4447	6818	2785	6314	5746	4853	5825	3187
gene-LOC142979927	169	84	116	219	12	68	155	97	229	151	315	202	269
gene-LOC142979928	1291	776	1157	2142	901	1003	1370	576	1990	1346	2698	2072	2934
gene-LOC142979930	181	3	15	373	0	17	300	95	189	237	13	106	60
gene-LOC142979931	0	0	0	0	0	0	0	0	0	0	0	1	0
gene-LOC142979932	19	5	7	9	0	0	2	21	6	12	4	12	44
gene-LOC142979934	113	161	7	78	58	54	196	1061	155	107	68	203	6
gene-LOC142979938	0	3	1	0	0	0	0	3	0	1	0	0	3
gene-LOC142979939	107	117	108	174	101	278	371	442	863	891	1513	1017	178
gene-LOC142979940	425	115	160	161	49	95	135	58	142	109	161	85	257
gene-LOC142979942	0	0	0	0	0	0	0	0	0	0	0	4	0
gene-LOC142979943	31	32	2	18	3	0	0	0	24	14	12	17	27
gene-LOC142979944	0	5	0	0	0	0	0	0	2	0	0	0	0
gene-LOC142979945	2	8	0	0	0	0	16	5	9	0	0	3	7
gene-LOC142979947	0	3	0	0	0	0	0	0	0	0	0	0	6
gene-LOC142979948	113	55	148	145	65	65	9	24	9	32	17	24	221
gene-LOC142979950	0	0	0	0	0	0	0	0	0	0	0	0	0
gene-LOC142979951	6313	1235	1188	4118	688	3272	2878	1228	8307	6604	13201	13456	1084
gene-LOC142979954	3833	3433	11059	3869	2362	1187	4112	960	3064	2418	2809	3253	492
gene-LOC142979957	15	19	6	24	39	72	47	30	67	29	38	43	0
gene-LOC142979959	172	65	350	449	175	163	33	9	6	24	60	55	133
gene-LOC142979960	151	78	166	129	80	28	94	27	111	70	79	71	289
gene-LOC142979961	97	33	8	84	38	111	331	273	417	314	272	224	0
gene-LOC142979962	1326	805	2355	707	736	375	408	234	313	265	264	426	603
gene-LOC142979964	53	61	246	38	309	25	43	32	11	35	39	30	50
gene-LOC142979965	0	0	0	0	0	20	5	2	2	0	0	0	7
gene-LOC142979967	0	1	220	0	50	0	0	0	0	2	0	0	8850
gene-LOC142979968	8	0	5	2	0	0	0	0	0	2	8	6	3
gene-LOC142979969	139	198	197	155	92	123	262	108	145	194	166	144	497
gene-LOC142979970	4	8	25	13	0	0	9	19	4	16	14	2	34
gene-LOC142979971	0	0	0	0	0	0	0	0	0	7	5	4	0
gene-LOC142979973	0	0	0	2	0	0	0	0	0	0	0	0	0
gene-LOC142979974	309	137	218	311	140	242	597	477	2179	1454	3089	2305	174
gene-LOC142979975	217	233	467	439	151	123	418	241	517	431	635	524	491
gene-LOC142979976	3	0	0	0	0	0	13	15	9	1	1	0	0
gene-LOC142979978	85	205	397	8	121	90	375	207	218	139	114	258	219
gene-LOC142979979	31	1	16	7	105	0	7	25	10	1	7	3	1066
gene-LOC142979981	19	30	9	41	27	33	2	98	25	40	9	14	21
gene-LOC142979982	34	1	20	19	0	6	9	6	15	3	3	5	72
gene-LOC142979983	1539	1223	936	5515	727	1248	2376	1161	2901	2464	3932	3158	2767
gene-LOC142979984	371	581	1242	441	974	218	475	434	392	343	438	559	179
gene-LOC142979985	20	32	13	38	21	54	27	69	68	57	30	31	26
gene-LOC142979986	20	34	48	24	72	11	0	17	6	3	1	3	47
gene-LOC142979987	44685	67221	21461	27651	62337	121649	22796	5566	3758	4281	5442	13696	0
gene-LOC142979988	28785	21911	4144	23770	14687	13320	2586	710	346	588	395	1075	0
gene-LOC142979989	420074	736788	130627	249153	170457	346524	99510	46162	31854	15868	30434	64614	0
gene-LOC142979990	22550	52876	11948	20261	29454	30414	4153	1003	775	932	1584	3003	0
gene-LOC142979991	151702	111577	16103	29053	32345	100330	13257	3901	1901	3150	4162	5168	3
gene-LOC142979992	0	0	6	0	0	0	0	0	0	0	0	0	0
gene-LOC142979993	8	29	468	16	552	413	21	32	48	59	44	8	2225
gene-LOC142979994	252241	206541	60770	178504	53553	321699	35002	15018	3772	10981	3626	19947	0
gene-LOC142979995	240326	300859	81829	162853	76512	209053	29335	9023	3519	5488	1856	12879	0
gene-LOC142979996	165544	271331	43443	104689	104526	154333	17383	12689	2989	5179	2349	4541	0
gene-LOC142979998	4	0	5	13	27	0	0	0	0	0	9	12	1
gene-LOC142980003	1991	985	1806	550	573	276	288	243	184	173	55	233	262
gene-LOC142980004	16	7	13	54	4	0	12	21	17	10	11	5	191
gene-LOC142980005	1	0	0	1	10	0	0	0	0	0	0	0	4
gene-LOC142980006	3	1	0	0	0	0	4	0	6	7	2	1	5
gene-LOC142980007	7946	3502	33204	902	4593	61	1948	1643	260	44	52	59	302
gene-LOC142980008	8	14	0	2	0	0	8	0	2	0	1	0	884
gene-LOC142980009	1131	999	692	1280	161	161	582	444	354	352	269	386	79
gene-LOC142980011	535	634	309	1383	204	243	310	401	188	474	234	447	522
gene-LOC142980012	973	232	89	1075	102	333	1123	1038	856	1484	796	739	16
gene-LOC142980014	508	97	64	237	0	62	307	224	164	296	235	269	43
gene-LOC142980015	91	24	0	90	11	81	179	58	120	50	124	81	44
gene-LOC142980016	13533	7712	220	2301	256	1894	931	3371	10841	2272	5166	6039	209
gene-LOC142980017	934	377	208	224	153	211	567	325	269	31	25	263	34
gene-LOC142980018	60	18	21	55	5	26	8	7	33	25	39	10	48
gene-LOC142980019	0	0	0	0	13	0	0	0	0	0	0	0	0
gene-LOC142980020	67	71	103	146	216	33	167	134	53	67	55	54	274
gene-LOC142980021	4302	2852	3683	4573	2236	4865	16669	10329	30110	23053	36777	21914	1648
gene-LOC142980022	611	559	1003	634	346	224	208	84	127	156	79	65	993
gene-LOC142980023	0	0	0	0	0	0	0	0	0	0	0	0	0
gene-LOC142980025	1	0	2	0	113	0	2	0	0	54	79	0	0
gene-LOC142980026	0	0	0	0	0	0	0	0	0	0	0	0	0
gene-LOC142980028	0	5	24	1	8	0	0	0	4	0	1	0	0
gene-LOC142980029	0	0	44	5	291	886	441	691	118	20	38	0	9509
gene-LOC142980031	0	0	0	0	0	0	0	0	0	0	0	0	0
gene-LOC142980032	0	0	0	0	0	0	0	0	7	1	3	0	0
gene-LOC142980033	1	0	11	0	23	0	0	4	0	0	0	0	24
gene-LOC142980034	779520	1265724	41708	250656	108294	917204	167379	106015	23590	34993	9319	33236	2
gene-LOC142980036	1	0	2	1	11	0	16	26	0	1	26	63	0
gene-LOC142980038	1	3	4	2	8	55	0	0	0	0	0	1	31
gene-LOC142980039	0	4	8	1	73	140	60	0	53	4	7	12	316
gene-LOC142980040	7312	3610	284	20919	224	3314	19591	14631	25609	25713	15931	25222	272
gene-LOC142980042	0	2	35	0	20	0	14	150	19	4	5	3	28
gene-LOC142980044	595596	649915	128147	280682	116615	667023	90762	38738	11764	20721	7990	33133	1
gene-LOC142980045	460	257	558	373	220	134	425	453	577	307	591	655	319
gene-LOC142980046	753	565	70	1304	288	318	2901	806	4602	1549	3782	400	0
gene-LOC142980048	4	3	6	3	18	24	9	0	14	2	20	12	2
gene-LOC142980050	16	0	0	0	0	0	1	0	7	10	0	0	0
gene-LOC142980051	157	114	162	126	212	13	113	76	143	75	77	98	427
gene-LOC142980052	104	111	103	283	42	103	28	26	23	57	101	20	17
gene-LOC142980053	2798	846	211	7296	345	2916	5866	2164	2251	5843	1319	2458	127
gene-LOC142980054	186	57	28	191	34	86	110	51	173	146	142	174	53
gene-LOC142980055	108	52	234	145	168	109	14	8	13	34	23	11	1123
gene-LOC142980056	8	5	8	0	12	0	0	0	4	0	1	5	0
gene-LOC142980057	1982	2340	2079	3611	2476	3778	10047	7478	17981	22008	32746	17936	0
gene-LOC142980058	50	10	0	3	3	0	3	4	12	0	37	0	983
gene-LOC142980061	237987	147342	38036	109547	30646	190532	20416	9286	2676	5387	1066	8093	0
gene-LOC142980062	355	601	1086	237	377	92	699	703	488	433	518	586	383
gene-LOC142980063	0	0	0	0	0	0	1	0	0	0	1	0	85
gene-LOC142980064	349	223	461	162	187	98	39	11	35	58	46	70	367
gene-LOC142980065	395	935	2846	459	1423	147	200	91	103	126	56	73	256
gene-LOC142980066	59	13	60	88	140	51	409	377	666	210	310	138	96
gene-LOC142980068	3	3	0	5	0	10	0	2	0	6	0	0	6
gene-LOC142980069	95	112	226	123	143	0	45	23	16	26	17	17	394
gene-LOC142980070	2481	1414	1388	2544	755	1259	1368	568	806	1408	1397	973	3821
gene-LOC142980072	423	290	476	434	309	154	155	98	142	150	100	116	291
gene-LOC142980073	105	53	38	288	20	220	324	189	1042	368	1088	869	381
gene-LOC142980076	208	146	108	210	11	41	112	26	41	79	31	94	36
gene-LOC142980078	237	26	1725	1998	700	475	228	118	1385	2171	2079	328	1704
gene-LOC142980079	246958	548411	96308	120650	130933	141740	32634	9889	3561	3773	3168	15068	0
gene-LOC142980080	278475	382411	19798	73103	36700	246154	142597	66663	13579	19487	5725	11980	0
gene-LOC142980081	12	5	3	8	11	0	2	8	2	9	0	10	7
gene-LOC142980082	0	0	0	0	0	0	0	0	4	1	0	0	0
gene-LOC142980083	91	92	88	77	48	35	99	65	206	80	47	49	57
gene-LOC142980084	0	0	6	4	31	35	20	2	8	3	4	0	58
gene-LOC142980085	0	0	0	0	0	0	0	0	0	0	0	0	0
gene-LOC142980086	136	169	218	245	49	104	89	108	218	68	106	40	215
gene-LOC142980087	0	0	3	5	7	0	0	0	0	0	0	0	568
gene-LOC142980088	75948	104366	14360	37951	41352	33127	6048	2641	565	926	593	2324	0
gene-LOC142980089	64	116	91	99	148	156	160	43	301	372	475	794	223
gene-LOC142980090	13	1	6	12	0	0	6	0	4	3	11	2	1
gene-LOC142980091	0	0	0	0	0	0	0	0	0	0	3	0	73
gene-LOC142980093	647	557	419	368	103	196	570	408	558	349	691	797	680
gene-LOC142980097	1	4	3	3	0	0	0	0	0	0	0	0	135
gene-LOC142980098	0	0	5	0	0	0	0	0	0	0	0	0	0
gene-LOC142980099	2	4	0	1	0	0	0	1	0	1	0	2	29
gene-LOC142980101	74482	97137	13921	37179	27536	28310	5655	2612	584	1119	679	2148	0
gene-LOC142980102	1	0	0	1	0	0	0	0	0	0	0	0	0
gene-LOC142980103	0	4	0	0	7	0	0	0	0	0	0	1	0
gene-LOC142980104	3	6	336	8	523	150	28	77	82	3	25	5	8165
gene-LOC142980106	85	3	6	1	0	21	26	18	597	82	103	11	42
gene-LOC142980107	305	628	545	197	163	40	119	151	74	31	32	40	803
gene-LOC142980108	32	29	35	33	18	21	14	14	15	21	29	23	17
gene-LOC142980109	7573	5329	2163	11545	1738	6838	6991	2861	3759	7361	4312	3749	9373
gene-LOC142980110	9	3	2	4	0	0	17	16	14	5	22	10	40
gene-LOC142980114	623	670	835	982	549	446	1588	1452	1740	1681	2318	2806	347
gene-LOC142980116	38663	11373	5809	37288	1735	45553	14031	6372	1507	2846	81	1615	0
gene-LOC142980120	567	519	66	646	67	1259	1922	1431	1654	2296	2626	2538	6
gene-LOC142980121	5	0	0	3	8	24	13	0	6	4	0	0	4
gene-LOC142980122	2475	4076	5776	725	577	25	293	96	25	9	3	11	682
gene-LOC142980123	1	6	162	4	54	0	8	22	25	0	2	0	139
gene-LOC142980124	142076	405271	79116	91213	85034	37050	13128	8984	5381	2206	4101	13092	0
gene-LOC142980127	422	1801	672	676	611	416	2442	3743	2974	832	574	3326	360
gene-LOC142980128	168	95	154	132	191	30	7	13	5	1	5	7	323
gene-LOC142980129	4	5	6	7	20	0	3	0	0	5	1	0	3
gene-LOC142980130	0	0	0	0	0	9	0	0	0	0	0	0	0
gene-LOC142980131	2	0	8	5	28	12	11	9	3	0	6	9	10
gene-LOC142980132	0	0	0	0	0	0	0	0	0	0	0	0	0
gene-LOC142980133	0	2	0	0	0	0	0	0	0	2	0	2	0
gene-LOC142980134	609	391	452	669	372	520	210	132	195	370	463	484	301
gene-LOC142980137	99	49	102	182	60	193	185	95	350	194	606	368	62
gene-LOC142980138	368	732	1247	342	244	89	182	137	141	123	112	133	511
gene-LOC142980141	0	0	0	0	0	0	0	0	0	0	0	0	0
gene-LOC142980142	28	23	36	20	32	14	13	1	18	22	17	17	22
gene-LOC142980146	0	3	0	0	4	0	1	3	1	0	0	0	3661
gene-LOC142980148	2344	6914	4496	5516	1285	2695	389	286	104	133	104	437	19512
gene-LOC142980149	0	3	0	3	0	59	9	0	12	0	0	0	717
gene-LOC142980151	82	188	334	113	303	55	175	114	162	105	78	139	124
gene-LOC142980152	0	0	0	0	0	0	0	0	0	0	0	0	0
gene-LOC142980155	6	0	0	0	0	0	0	0	0	0	0	0	0
gene-LOC142980156	0	0	2	0	0	0	0	0	0	0	0	0	0
gene-LOC142980157	0	0	0	0	0	0	0	0	0	0	0	0	0
gene-LOC142980158	0	4	1	0	0	0	0	0	0	0	0	0	0
gene-LOC142980159	656	306	593	602	581	744	31	9	31	51	96	65	1913
gene-LOC142980160	31	25	34	14	27	0	4	0	0	0	0	0	10
gene-LOC142980161	110	49	130	77	36	74	76	59	67	152	166	207	34
gene-LOC142980162	0	0	0	0	0	0	0	0	0	1	0	0	0
gene-LOC142980163	0	0	0	0	0	0	0	0	1	0	0	0	81
gene-LOC142980164	0	0	0	0	0	0	0	0	0	0	0	5	0
gene-LOC142980167	5	9	0	1	0	8	9	0	0	0	0	0	7
gene-LOC142980168	0	0	0	0	0	0	0	0	0	0	0	0	9
gene-LOC142980169	0	0	0	0	0	0	0	0	0	0	0	0	0
gene-LOC142980170	1	0	0	0	0	0	0	0	0	0	0	0	0
gene-LOC142980171	0	0	0	0	0	0	0	0	0	0	0	0	0
gene-LOC142980172	0	0	0	2	8	0	0	6	7	0	2	7	0
gene-LOC142980174	0	0	0	0	0	0	0	0	0	0	0	0	0
gene-LOC142980175	4	6	5	0	0	0	0	0	0	0	0	0	9
gene-LOC142980177	461	44	716	2003	262	1932	851	216	1040	2946	7312	2395	28
gene-LOC142980178	41	72	51	21	46	184	22	29	10	7	31	0	255
gene-LOC142980180	0	0	0	0	17	0	0	0	0	4	1	2	0
gene-LOC142980181	0	0	0	0	0	0	0	0	0	0	0	0	0
gene-LOC142980182	0	0	0	0	0	0	0	3	2	1	0	0	0
gene-LOC142980183	0	0	0	0	0	0	0	0	0	0	0	0	0
gene-LOC142980184	0	0	0	0	0	35	0	1	1	0	4	0	779
gene-LOC142980185	0	0	0	0	0	191	4	3	0	0	0	0	3075
gene-LOC142980186	0	0	0	0	0	0	0	0	0	0	0	0	0
gene-LOC142980187	0	5	0	0	0	0	0	0	0	4	0	0	0
gene-LOC142980188	0	0	0	2	0	0	1	0	1	0	0	0	724
gene-LOC142980189	0	0	0	0	0	0	0	0	0	0	0	0	0
gene-LOC142980190	0	0	15	0	0	0	0	0	3	0	1	0	51
gene-LOC142980191	0	0	0	0	0	0	0	4	0	0	1	0	0
gene-LOC142980192	31	23	41	40	16	20	11	13	11	11	7	15	2
gene-LOC142980193	36586	91089	18377	11904	24740	43056	11478	5859	2990	3000	3416	7837	0
gene-LOC142980195	0	3	0	3	0	0	0	0	0	0	0	0	0
gene-LOC142980196	1	0	0	1	0	0	0	0	0	0	2	0	4
gene-LOC142980197	0	0	0	0	0	0	0	0	0	0	0	0	0
gene-LOC142980198	6	2	0	0	0	0	5	0	1	0	0	0	3
gene-LOC142980199	0	0	0	0	0	0	0	0	0	0	0	0	0
gene-LOC142980200	2	0	0	0	0	0	0	0	0	0	0	0	2
gene-LOC142980201	3	0	2	2	0	12	0	0	3	0	0	0	0
gene-LOC142980202	0	0	0	0	0	0	0	0	0	1	0	0	0
gene-LOC142980203	0	0	0	0	0	0	0	0	0	0	0	0	0
gene-LOC142980205	0	0	56	0	11	0	0	0	0	0	0	0	111
gene-LOC142980206	887	257	96	835	67	150	8	2	5	0	4	1	1354
gene-LOC142980207	31	16	32	33	14	3	5	0	6	3	0	7	112
gene-LOC142980208	366	246	334	490	239	125	329	217	378	308	381	397	398
gene-LOC142980210	389	556	531	343	368	210	702	594	1017	1029	487	783	656
gene-LOC142980213	0	0	0	0	0	0	0	0	0	0	0	0	0
gene-LOC142980216	372	132	66	895	22	268	87	44	68	65	132	174	590
gene-LOC142980217	3644	1164	1263	2652	728	3282	1564	810	3207	2057	2344	2553	7321
gene-LOC142980218	459	669	1163	266	558	155	550	243	326	271	205	232	426
gene-LOC142980219	8313	13940	477	12906	1343	9924	1491	3886	59	276	116	2907	0
gene-LOC142980220	17748	94955	5481	32231	1459	8377	2026	3450	30	126	67	835	0
gene-LOC142980221	6457	11351	398	10615	741	4985	957	2928	42	243	95	2454	0
gene-LOC142980223	98899	100225	18224	67727	1300	23490	21904	12873	1094	1103	44	4767	0
gene-LOC142980224	3166	25052	5020	3948	242	152	2851	4660	34	16	0	102	0
gene-LOC142980225	472643	726381	190814	426518	82244	137279	94079	57193	5522	5590	1198	21846	6
gene-LOC142980227	398	303	257	227	264	352	105	64	83	119	154	112	749
gene-LOC142980228	0	0	3	0	0	0	4	2	2	0	2	0	0
gene-LOC142980231	0	3	3	0	0	30	0	0	0	0	0	0	9
gene-LOC142980232	710	293	442	1460	270	215	708	275	716	386	450	593	415
gene-LOC142980234	680	506	624	958	571	1895	3336	2745	9015	5907	12737	6722	1912
gene-LOC142980235	104	271	442	76	247	21	183	127	131	160	54	129	91
gene-LOC142980236	75	90	144	130	71	15	208	113	156	112	88	135	134
gene-LOC142980237	111	23	34	18	52	44	113	149	305	101	215	206	150
gene-LOC142980242	485	341	268	661	96	350	1014	387	1429	713	1378	1472	494
gene-LOC142980243	1231	2215	3584	766	1492	265	2682	1842	2165	1323	1331	1995	924
gene-LOC142980244	9	4	0	9	15	0	0	0	2	0	0	0	27
gene-LOC142980246	19	24	69	23	24	16	14	13	6	14	25	22	107
gene-LOC142980248	979	949	1277	1223	306	279	424	191	303	289	371	252	519
gene-LOC142980250	0	0	0	0	0	0	0	0	0	0	0	0	0
gene-LOC142980252	0	0	0	0	0	0	0	0	0	1	0	0	0
gene-LOC142980254	918	471	1560	446	459	834	147	42	139	24	98	78	209
gene-LOC142980255	210	110	142	206	93	146	49	14	37	70	58	30	719
gene-LOC142980259	4	4	0	1	7	0	0	0	0	0	0	0	1
gene-LOC142980260	2139	479	244	2576	143	2968	4763	2416	13353	4816	13269	7854	92
gene-LOC142980261	0	0	6	0	0	0	15	0	6	0	1	0	7
gene-LOC142980262	588	27	9	89	292	299	137	108	408	116	303	138	14
gene-LOC142980263	15	20	24	61	20	312	12	24	28	367	455	34	10
gene-LOC142980264	0	1	0	0	0	0	0	0	0	0	0	0	0
gene-LOC142980266	3	0	0	4	4	12	12	0	1	0	2	0	0
gene-LOC142980271	0	0	0	0	0	0	5	6	0	0	0	0	0
gene-LOC142980273	0	0	0	0	0	0	0	0	0	0	0	0	0
gene-LOC142980276	56	1	1330	0	4290	84	0	233	126	210	0	221	184
gene-LOC142980277	2	1	4	0	3	10	0	4	0	0	1	0	0
gene-LOC142980279	30	35	51	18	99	43	6	5	12	20	0	6	56
gene-LOC142980280	212	172	231	183	79	102	421	340	549	440	405	392	292
gene-LOC142980281	1	6	2	2	0	17	0	0	0	0	0	0	2
gene-LOC142980282	0	0	0	0	0	0	0	0	0	0	0	0	0
gene-LOC142980283	0	0	0	3	0	0	0	0	0	0	0	0	0
gene-LOC142980284	0	0	0	0	0	0	0	0	0	0	0	0	0
gene-LOC142980285	0	0	0	0	0	232	7	7	14	3	4	0	1977
gene-LOC142980288	0	0	0	0	0	0	0	0	0	0	0	0	0
gene-LOC142980289	0	0	0	0	0	13	0	0	0	3	3	0	34
gene-LOC142980290	0	0	0	0	0	0	0	0	0	0	0	0	0
gene-LOC142980291	1	5	27	7	49	105	68	71	61	27	17	1	212
gene-LOC142980292	0	0	0	0	0	0	0	0	0	0	0	0	182
gene-LOC142980293	2	5	4	19	3	1522	331	660	1124	72	512	23	174
gene-LOC142980294	0	1	0	0	0	36	0	0	3	5	14	0	46426
gene-LOC142980295	2	6	78	85	88	2898	227	175	682	61	181	1	2774
gene-LOC142980296	44	34	3	39	0	77	119	81	424	154	494	227	54
gene-LOC142980297	21	0	95	204	60	11629	9713	8094	17056	2368	5613	85	71
gene-LOC142980298	0	0	0	0	0	22	0	0	0	0	0	0	49358
gene-LOC142980300	0	0	0	0	0	0	0	0	0	0	1	0	5
gene-LOC142980302	0	0	0	0	0	12	0	0	2	0	1	0	0
gene-LOC142980303	0	0	0	0	0	0	0	0	0	0	0	0	12
gene-LOC142980304	22	0	46	187	263	8132	1162	548	2095	143	546	0	0
gene-LOC142980305	0	2	358	0	325	0	0	0	0	0	0	0	26782
gene-LOC142980306	1	8	4	22	6	11	21	43	51	19	17	2	142
gene-LOC142980307	0	0	0	0	0	13	0	5	4	1	214	0	3
gene-LOC142980308	0	0	1	0	0	0	0	0	0	1	0	0	0
gene-LOC142980310	0	0	0	2	0	0	0	0	0	0	0	2	0
gene-LOC142980312	0	0	0	0	0	0	0	0	0	0	0	0	0
gene-LOC142980313	56	88	38	37	26	0	305	175	477	165	314	241	83
gene-LOC142980314	0	0	0	0	0	0	0	0	0	0	0	0	0
gene-LOC142980315	12	10	12	3	0	0	0	1	9	4	1	0	0
gene-LOC142980316	1	54	23	21	0	0	76	31	24	149	113	120	5
gene-LOC142980317	0	0	0	0	0	0	0	0	0	0	0	0	0
gene-LOC142980318	0	0	0	0	0	0	0	0	0	0	0	0	0
gene-LOC142980320	0	0	0	0	0	0	0	0	0	0	0	0	0
gene-LOC142980321	0	0	0	0	0	0	0	1	0	0	0	0	0
gene-LOC142980322	0	0	0	0	0	0	0	0	0	12	0	0	0
gene-LOC142980323	4	5	1	0	10	8	2	5	8	8	9	7	2
gene-LOC142980325	0	0	0	0	0	0	0	0	0	2	0	0	0
gene-LOC142980342	1	0	13	6	0	2528	112	35	468	25	167	0	0
gene-LOC142980343	0	0	0	0	0	0	0	0	0	0	0	0	0
gene-LOC142980349	363	180	228	345	122	42	230	86	127	118	204	157	393
gene-LOC142980365	215	157	147	296	167	341	1004	668	2128	847	1980	1360	243
gene-LOC142980371	0	0	0	0	0	0	0	0	0	0	0	0	0
gene-LOC142980372	0	0	0	0	0	0	0	0	0	0	0	0	0
gene-LOC142980373	0	0	5	0	0	0	0	0	0	0	0	0	4
gene-LOC142980374	18	4	29	15	9	0	0	0	11	0	10	0	138
gene-LOC142980377	93	53	86	128	103	255	23	22	30	62	57	19	493
gene-LOC142980378	0	0	0	0	0	0	0	0	0	0	0	0	11327
gene-LOC142980379	0	0	0	0	0	0	0	0	0	0	0	0	0
gene-LOC142980380	0	0	0	0	0	0	0	0	0	0	0	0	0
gene-LOC142980381	0	0	0	0	11	0	5	0	0	0	0	1	0
gene-LOC142980383	0	0	4	4	0	28	1	0	2	5	2	23	6
gene-LOC142980384	0	0	1	0	0	0	0	0	2	0	0	0	0
gene-LOC142980385	102	76	112	139	24	57	117	63	109	61	196	156	226
gene-LOC142980386	300	315	557	192	645	105	162	132	140	177	220	230	1476
gene-LOC142980387	740	290	267	140	52	247	183	140	288	74	410	95	1783
gene-LOC142980388	3811	5417	3176	10894	1759	5818	3230	3343	2178	5204	2418	2416	5382
gene-LOC142980389	3	45	0	130	14	12	0	7	0	0	0	0	3
gene-LOC142980392	305	216	336	195	110	64	310	197	239	242	228	338	221
gene-LOC142980394	29	6	0	20	0	10	2	10	3	2	5	7	6
gene-LOC142980395	286	64	56	350	77	1367	16	20	37	186	289	114	509
gene-LOC142980396	856	1959	1440	1922	5772	358	1499	993	1687	887	450	581	8912
gene-LOC142980397	35	0	0	7	0	0	0	8	12	0	17	0	2204
gene-LOC142980398	0	88	0	12	0	0	0	0	0	0	0	0	0
gene-LOC142980399	0	0	0	0	0	0	0	0	0	0	0	0	0
gene-LOC142980400	15	10	20	0	0	3	0	0	7	1	9	0	889
gene-LOC142980401	0	0	0	0	0	0	0	0	0	0	0	0	0
gene-LOC142980404	0	0	0	0	0	0	0	0	0	0	0	0	0
gene-LOC142980405	0	0	0	0	0	0	0	0	0	0	0	0	1
gene-LOC142980406	1	6	3	2	0	0	0	0	0	3	0	0	0
gene-LOC142980410	26	14	29	17	12	0	8	5	7	3	3	12	22
gene-LOC142980416	2171	2698	1861	1927	1332	1560	4893	3403	6441	4658	2537	4307	476
gene-LOC142980417	2207	3066	13503	2990	4152	679	1104	426	813	788	811	762	2605
gene-LOC142980418	14	8	22	7	29	156	10	0	11	2	14	4	270
gene-LOC142980421	301	258	334	276	214	178	177	64	219	174	176	186	204
gene-LOC142980422	97	253	463	79	193	186	72	39	39	27	18	24	1915
gene-LOC142980423	0	0	0	0	0	0	0	0	0	0	0	0	0
gene-LOC142980426	2	20	0	17	0	0	1	7	34	4	0	4	0
gene-LOC142980427	72	77	41	39	71	25	44	60	17	29	13	36	24
gene-LOC142980430	11	10	449	41	134	45	11	0	3	3	6	0	2183
gene-LOC142980431	0	2	0	2	0	0	0	0	6	0	0	0	90
gene-LOC142980432	4632	8902	31253	1494	11456	697	1462	1060	620	982	515	588	1502
gene-LOC142980433	410	306	636	821	192	109	239	140	234	286	172	275	264
gene-LOC142980436	2	0	0	0	0	0	0	0	0	0	2	0	0
gene-LOC142980437	143	166	371	69	142	160	76	20	51	75	71	68	115
gene-LOC142980438	55	39	32	20	32	183	27	13	16	1	24	8	242
gene-LOC142980439	1075	1218	1045	1286	638	381	254	141	107	227	190	228	826
gene-LOC142980441	306	360	386	130	427	70	62	67	41	69	49	48	1121
gene-LOC142980444	235	406	846	78	106	43	1168	104	24	134	105	70	71
gene-LOC142980446	915	608	464	1104	231	329	844	456	382	438	295	356	1451
gene-LOC142980449	790	486	196	645	111	347	386	123	454	526	378	594	194
gene-LOC142980451	110	103	186	141	21	88	104	45	153	132	160	125	105
gene-LOC142980452	1	0	0	0	0	0	0	0	4	0	0	0	0
gene-LOC142980453	4	5	0	0	0	0	0	0	0	0	0	0	6
gene-LOC142980455	910	1721	2726	149	1868	83	105	192	35	21	10	25	682
gene-LOC142980456	722	767	1663	1200	88	293	274	155	130	161	119	150	618
gene-LOC142980457	266	196	1012	290	217	173	270	113	195	320	359	352	365
gene-LOC142980460	145	163	740	577	618	192	187	40	304	280	234	373	1057
gene-LOC142980462	14	8	13	7	0	0	1	9	2	0	18	4	119
gene-LOC142980464	12412	7202	488	17138	177	6832	10321	12143	15082	13655	26735	42287	2
gene-LOC142980465	358	103	40	2034	33	1176	240	681	952	886	2012	2011	0
gene-LOC142980467	1766	3471	7045	3394	6212	1863	1056	2748	894	1233	718	1088	1008
gene-LOC142980470	1	11	0	4	0	0	4	4	1	0	0	1	7
gene-LOC142980471	776	1708	6138	368	2693	135	788	1032	1097	252	175	469	825
gene-LOC142980472	3	6	15	5	0	25	13	20	2	3	13	8	4
gene-LOC142980475	1128	1	889	149	0	0	103	0	0	0	41	0	0
gene-LOC142980476	367	0	1023	6	0	0	40	0	0	0	38	0	0
gene-LOC142980477	11	3	75	0	0	0	3	0	0	0	1	0	0
gene-LOC142980478	4	13	13	208	7	0	9	0	2	8	21	6	0
gene-LOC142980479	82	56	318	66	239	646	514	321	834	569	1934	554	0
gene-LOC142980480	1941	209	259	2613	30	413	5171	652	1033	920	979	78	3
gene-LOC142980481	3968	676	767	1404	928	714	3849	5402	12715	4192	6105	1871	0
gene-LOC142980483	25	1	31	0	9	39	231	134	794	67	1010	0	0
gene-LOC142980484	0	0	5	3	0	0	0	0	28	11	42	0	0
gene-LOC142980485	4	1	11	2	0	21	3	3	18	7	19	4	0
gene-LOC142980486	6	0	1	5	16	0	13	1	120	35	199	29	0
gene-LOC142980487	0	0	0	0	0	0	0	0	4	0	0	0	2
gene-LOC142980488	1	8	17	8	0	40	12	2	5	5	5	2	102
gene-LOC142980490	722	2791	5549	729	3342	310	548	410	193	205	142	260	685
gene-LOC142980491	306	284	185	243	213	232	677	485	1939	1121	1766	1255	114
gene-LOC142980492	917	285	226	1335	207	764	111	68	168	465	448	405	4171
gene-LOC142980493	52	82	101	72	0	22	69	49	55	27	31	69	147
gene-LOC142980495	399	495	669	267	651	309	153	71	128	188	111	120	297
gene-LOC142980496	77	83	168	295	61	111	37	29	18	45	30	25	252
gene-LOC142980497	14	2	9	10	12	8	27	15	38	25	13	12	105
gene-LOC142980499	4	2	18	0	0	21	8	0	0	0	0	0	20
gene-LOC142980505	793	666	1077	1125	519	325	114	34	30	128	94	65	640
gene-LOC142980506	238	123	103	336	153	249	110	44	108	254	162	182	343
gene-LOC142980509	2752	5233	4954	1657	2695	583	1165	104	226	867	254	88	1251
gene-LOC142980510	0	0	0	0	0	0	0	4	0	0	0	0	1
gene-LOC142980511	0	0	0	0	0	0	0	0	0	0	0	0	9
gene-LOC142980512	0	7	2	6	12	27	3	0	5	0	0	0	5
gene-LOC142980513	7	2	0	790	0	0	5	4	11	0	57	4	0
gene-LOC142980514	1	0	0	4	0	0	3	3	2	52	0	4	0
gene-LOC142980516	144	59	108	195	43	82	114	67	107	108	143	127	247
gene-LOC142980517	4	0	2	4	5	0	0	0	0	0	0	0	0
gene-LOC142980518	8	8	172	9	44	0	8	12	6	9	3	7	14
gene-LOC142980519	3046	552	197	1630	277	617	3721	337	11697	3957	7442	2565	0
gene-LOC142980520	196	215	244	186	34	93	610	429	575	257	351	348	825
gene-LOC142980521	47	11	69	72	18	5	24	20	37	46	38	55	85
gene-LOC142980522	1250	1018	1044	2166	358	406	1745	886	1993	1807	2455	3115	866
gene-LOC142980523	15	38	7	49	60	21	22	46	33	35	10	2	42
gene-LOC142980524	162	131	312	208	167	84	245	125	206	224	373	414	323
gene-LOC142980526	51	28	14	0	6	18	0	0	19	0	86	0	610
gene-LOC142980529	0	0	0	1	0	0	0	0	0	7	0	0	6
gene-LOC142980530	1228	779	1528	195	655	113	881	516	940	563	849	1012	123
gene-LOC142980531	0	0	0	0	0	0	0	0	0	0	0	2	0
gene-LOC142980532	319	259	498	279	401	222	100	44	52	39	37	57	359
gene-LOC142980533	0	5	5	0	0	0	0	0	0	0	0	0	0
gene-LOC142980534	2	6	3	0	0	0	0	0	3	0	0	4	14
gene-LOC142980536	2	0	0	0	0	0	0	0	0	0	0	0	0
gene-LOC142980537	0	0	0	0	14	0	27	4	10	3	29	27	6
gene-LOC142980538	0	0	5	0	0	0	0	1	0	0	0	0	0
gene-LOC142980539	700	317	144	1175	274	816	633	238	1137	1772	2149	1125	7576
gene-LOC142980540	0	0	2	0	0	0	0	0	0	0	0	0	5
gene-LOC142980541	0	0	0	0	0	0	0	0	0	0	0	0	0
gene-LOC142980542	0	0	0	0	0	0	0	0	0	0	0	0	27313
gene-LOC142980543	62	181	390	6	339	15	6	2	11	14	20	59	9
gene-LOC142980545	39	3	0	1	0	11	1	6	7	0	17	0	45
gene-LOC142980546	21	5	21	14	6	9	10	14	20	3	15	8	49
gene-LOC142980547	663	1930	14856	152	361	182	488	196	743	339	759	714	2283
gene-LOC142980548	75	106	169	61	115	103	105	93	94	85	45	37	305
gene-LOC142980550	5	0	0	0	0	0	0	0	0	0	0	0	5
gene-LOC142980551	32	36	19	5	29	0	32	32	4	5	12	5	47
gene-LOC142980552	0	2	0	0	0	0	0	0	0	0	0	0	1152
gene-LOC142980556	2800	3187	5769	2035	2207	289	755	454	425	204	197	350	1712
gene-LOC142980557	0	0	0	0	0	10	0	10	14	329	6	32	0
gene-LOC142980558	5	3	3	10	6	0	11	13	21	13	20	4	20
gene-LOC142980559	31	86	238	35	138	0	47	15	25	103	13	44	62
gene-LOC142980560	0	5	0	1	0	0	3	0	1	0	0	2	0
gene-LOC142980561	21	41	14	45	12	123	37	42	51	16	8	17	103
gene-LOC142980562	1199	1343	776	590	1131	1029	1399	217	6698	1378	1407	1435	5
gene-LOC142980566	21	36	250	128	33	201	29	45	42	372	39	58	0
gene-LOC142980567	7	12	16	3	0	0	2	4	3	2	1	1	56
gene-LOC142980569	4707	2116	1585	2080	885	608	30	44	48	52	68	71	214
gene-LOC142980570	355	136	243	508	136	225	14	10	5	18	29	20	384
gene-LOC142980571	53	111	211	77	140	46	132	29	145	89	146	100	18
gene-LOC142980572	34	15	24	67	26	7	18	22	14	23	39	15	63
gene-LOC142980573	3	35	4	19	19	0	13	24	43	14	3	5	19
gene-LOC142980574	160	76	1	265	0	824	100	145	664	661	1999	1352	0
gene-LOC142980575	6	22	14	37	50	13	9	14	22	4	5	1	9
gene-LOC142980577	0	0	0	0	0	0	0	0	0	0	0	0	0
gene-LOC142980579	311	136	172	127	13	0	75	22	35	32	41	49	465
gene-LOC142980581	0	0	5	0	0	0	0	2	2	1	0	1	0
gene-LOC142980582	516	70	30	133	14	326	259	74	283	167	247	399	241
gene-LOC142980584	0	0	4	0	0	0	0	0	4	1	1	1	0
gene-LOC142980585	61	27	90	8	254	24	0	0	4	12	6	0	1191
gene-LOC142980587	2	0	4	2	3	0	8	0	2	0	0	0	0
gene-LOC142980589	9	4	2	0	0	0	3	0	0	1	0	0	0
gene-LOC142980590	3	8	6	2	0	0	3	8	17	2	3	0	17
gene-LOC142980592	652	444	945	547	592	261	253	167	184	171	270	329	519
gene-LOC142980594	2	0	2	0	18	0	0	0	0	0	0	0	16
gene-LOC142980595	0	12	9	1	0	0	0	2	0	0	3	0	93
gene-LOC142980596	17	0	4	0	499	0	0	1	0	0	6	0	0
gene-LOC142980599	0	25	3	13	14	179	1	16	10	3	8	2	52
gene-LOC142980600	1	13	3	9	0	95	7	1	1	3	18	5	23
gene-LOC142980601	1	8	0	0	0	49	3	0	0	1	0	0	8
gene-LOC142980602	90	37	80	61	30	4	21	8	15	29	11	3	103
gene-LOC142980604	424	197	480	954	314	1550	3932	719	3346	3243	5249	239	0
gene-LOC142980609	0	2	0	1	0	0	0	0	0	0	0	0	0
gene-LOC142980610	0	0	6	0	8	0	0	0	0	0	4	0	0
gene-LOC142980611	172	184	313	51	96	54	184	97	192	163	268	353	161
gene-LOC142980612	912	1137	1423	819	559	194	482	483	361	251	211	417	808
gene-LOC142980613	3	5	9	14	10	44	4	3	12	6	0	3	6
gene-LOC142980614	2	4	0	0	0	0	0	0	1	0	0	0	8
gene-LOC142980616	2	0	0	0	0	0	0	0	0	0	0	0	2
gene-LOC142980617	3	2	3	9	0	0	1	0	6	4	0	0	10
gene-LOC142980618	225	289	1250	278	445	135	120	100	90	174	188	132	532
gene-LOC142980621	5	10	5	7	5	60	26	18	55	16	47	15	35
gene-LOC142980622	105	51	4	1	30	0	0	0	3	0	15	0	1610
gene-LOC142980623	73	91	100	88	67	53	136	51	223	58	117	81	6
gene-LOC142980624	0	1	0	1	0	0	0	0	0	0	0	0	0
gene-LOC142980627	1833	295	17	10333	18	1780	1839	3854	3591	7064	6732	5816	0
gene-LOC142980628	6	50	18	43	11	171	19	33	30	21	13	28	90
gene-LOC142980629	104	112	212	77	88	104	30	15	27	43	41	54	77
gene-LOC142980630	5	1	5	6	0	0	0	0	1	0	0	0	179
gene-LOC142980631	92	84	162	96	70	55	151	67	289	111	124	136	113
gene-LOC142980632	122	99	282	227	86	0	177	161	206	165	225	249	145
gene-LOC142980633	0	0	0	0	0	0	0	0	0	0	0	0	0
gene-LOC142980634	0	0	0	0	0	0	0	0	0	0	0	0	0
gene-LOC142980635	100	88	216	38	77	8	23	19	6	3	2	6	306
gene-LOC142980636	1	15	3	0	5	0	0	4	0	0	0	0	0
gene-LOC142980638	0	0	2	0	0	0	0	0	2	0	0	0	0
gene-LOC142980639	1152	135	121	680	23	321	338	337	1146	1079	2843	1628	23
gene-LOC142980640	1	4	1	3	0	0	0	0	0	0	3	0	3
gene-LOC142980641	240	176	211	279	102	94	174	81	129	178	168	214	90
gene-LOC142980643	21	241	33	25	48	341	17	35	20	8	9	13	520
gene-LOC142980644	75	37	113	205	50	47	122	71	151	159	166	164	244
gene-LOC142980645	0	0	0	7	0	42	6	7	11	1	1	0	7
gene-LOC142980647	0	0	0	0	0	0	0	0	0	0	0	0	0
gene-LOC142980648	1	0	0	7	0	0	0	1	0	6	2	2	0
gene-LOC142980649	8	39	32	0	0	293	347	14	75	175	136	3265	0
gene-LOC142980651	0	1	4	1	0	0	0	0	4	0	3	2	0
gene-LOC142980652	465	160	57	402	50	134	1216	337	662	596	441	988	81
gene-LOC142980653	45	25	180	15	55	275	45	28	54	8	56	24	10766
gene-LOC142980654	0	0	0	0	0	0	0	0	0	0	0	0	0
gene-LOC142980655	6	13	3	12	0	9	7	0	0	6	17	0	0
gene-LOC142980657	968	208	10	3	93	0	2	1	119	3	177	1	3519
gene-LOC142980659	7	13	27	4	34	98	1	0	6	0	3	7	31
gene-LOC142980660	2	3	0	3	0	0	0	0	0	0	0	0	2
gene-LOC142980661	2173	1800	958	842	351	633	398	262	100	384	155	171	987
gene-LOC142980663	3278	1480	2855	3263	1137	22717	9766	2097	5628	34217	7809	14163	0
gene-LOC142980664	0	0	5	0	0	0	0	0	0	0	0	0	0
gene-LOC142980665	4736	3369	1719	1452	1068	484	1540	700	373	1343	861	1417	117
gene-LOC142980667	8060	2928	156	13702	183	2835	6964	8944	14136	7918	13988	15653	0
gene-LOC142980668	81215	1651	4197	23989	14556	899	7290	9415	106976	6853	16738	1027	6
gene-LOC142980669	6684	364	144	757	115	1323	1841	2424	22077	3527	12481	112	0
gene-LOC142980670	2	0	3	0	0	0	0	0	0	0	0	0	0
gene-LOC142980672	0	0	2	0	0	0	0	0	0	0	0	0	0
gene-LOC142980673	169	113	123	256	86	105	311	198	364	331	329	470	214
gene-LOC142980674	4426	1634	87	10656	674	1325	11754	10722	18689	4605	26522	22882	0
gene-LOC142980676	52	22	20	54	8	58	13	0	36	12	48	13	85
gene-LOC142980677	41	22	23	13	5	4	24	9	19	14	26	42	4
gene-LOC142980678	0	0	0	0	0	0	0	0	0	0	0	0	0
gene-LOC142980679	5972	3600	591	6326	591	2576	20764	19612	13602	6349	11089	9498	0
gene-LOC142980680	0	11	0	0	0	0	0	1	0	0	0	0	0
gene-LOC142980681	0	0	7	0	0	0	0	0	0	0	0	0	0
gene-LOC142980682	7780	1291	1114	17908	191	2602	1462	631	1518	3620	2087	3367	78
gene-LOC142980683	0	6	0	0	0	0	0	0	3	0	0	3	0
gene-LOC142980688	29	56	26	21	47	761	14	0	10	2	2	0	4140
gene-LOC142980689	2	0	5	13	48	0	0	0	0	0	2	0	14
gene-LOC142980690	7	8	174	10	52	0	0	7	3	7	4	0	41
gene-LOC142980691	3	10	9	4	0	9	9	16	7	8	4	0	2
gene-LOC142980692	0	0	8	0	0	0	11	0	3	11	0	0	20
gene-LOC142980694	2308	625	266	937	194	1031	5960	1013	1349	5313	2599	5430	1
gene-LOC142980695	1020	832	1408	602	795	327	342	255	537	261	192	460	690
gene-LOC142980696	148	218	203	262	23	88	358	146	259	68	174	61	213
gene-LOC142980697	31	106	57	41	27	44	137	76	42	44	119	62	136
gene-LOC142980698	2179	4394	5947	1689	3170	1299	770	561	405	614	480	287	2301
gene-LOC142980699	0	0	0	0	0	0	0	0	0	0	0	0	0
gene-LOC142980700	0	0	0	0	0	0	0	0	0	0	0	0	0
gene-LOC142980701	0	2	2	0	8	0	0	0	0	0	0	0	0
gene-LOC142980702	0	0	0	0	0	0	0	0	0	0	0	0	0
gene-LOC142980703	0	0	0	0	0	0	0	0	0	0	0	0	0
gene-LOC142980704	0	0	0	0	0	0	0	0	0	0	0	0	0
gene-LOC142980705	0	0	2	0	0	0	0	0	0	0	0	0	2
gene-LOC142980706	2073	2658	3998	5834	2574	1995	1773	1241	1098	1518	599	717	17361
gene-LOC142980708	2	1	2	4	0	0	0	5	0	0	0	5	0
gene-LOC142980709	0	0	0	0	0	0	0	0	0	0	0	0	0
gene-LOC142980712	0	0	0	0	0	0	0	0	0	0	0	0	0
gene-LOC142980713	0	0	0	0	0	0	17	0	7	0	0	0	10
gene-LOC142980714	0	2	2	0	0	0	0	0	0	0	0	0	0
gene-LOC142980718	268	110	202	219	159	183	47	7	31	61	132	136	1040
gene-LOC142980720	196	72	123	158	0	72	9	2	6	4	1	8	94
gene-LOC142980721	0	0	0	0	30	0	2	0	2	0	2	8	2
gene-LOC142980722	3	5	1	3	9	0	0	0	0	0	0	0	44
gene-LOC142980727	396	378	443	298	133	64	42	9	17	42	46	36	116
gene-LOC142980728	476	395	516	746	332	420	431	304	295	519	423	558	858
gene-LOC142980729	159	64	114	264	20	142	362	242	758	414	915	986	130
gene-LOC142980730	4	4	3	2	0	0	0	0	5	1	12	7	43
gene-LOC142980731	0	2	0	0	0	0	0	0	0	0	0	0	0
gene-LOC142980732	0	0	0	0	0	4	0	0	0	0	0	0	0
gene-LOC142980733	77	149	716	58	473	145	2	15	5	14	32	15	391
gene-LOC142980734	1	0	0	0	0	0	2	4	0	0	0	2	2
gene-LOC142980735	1	0	0	0	0	0	0	0	0	0	0	0	0
gene-LOC142980737	16	9	16	27	12	178	49	43	100	2	17	11	185
gene-LOC142980738	0	3	0	0	0	0	0	5	0	5	0	1	0
gene-LOC142980740	1212	458	209	3620	168	683	280	179	124	272	223	407	1717
gene-LOC142980741	1320	331	217	1323	152	343	244	76	126	46	18	46	2143
gene-LOC142980743	24	2	24	12	37	0	2	0	2	2	2	15	97
gene-LOC142980745	9	19	7	4	14	75	21	2	19	6	10	12	576
gene-LOC142980746	1	7	8	13	28	9	8	11	13	6	1	3	30
gene-LOC142980747	1574	812	19	1785	143	494	5212	3134	8812	4251	10820	4589	0
gene-LOC142980748	2	0	0	0	0	16	0	0	0	0	0	0	0
gene-LOC142980749	150	248	206	142	308	191	39	59	32	90	85	94	1815
gene-LOC142980750	0	2	0	4	0	0	0	0	4	1	4	0	2
gene-LOC142980752	0	0	0	0	0	0	0	0	0	0	0	0	0
gene-LOC142980753	0	0	0	0	0	0	0	0	0	0	0	0	0
gene-LOC142980754	0	0	0	0	0	0	0	0	0	0	0	0	0
gene-LOC142980755	0	0	0	0	0	0	0	0	0	0	0	0	0
gene-LOC142980756	1	1	0	0	0	0	0	3	0	0	0	0	0
gene-LOC142980757	0	0	0	0	0	0	0	0	0	0	0	0	0
gene-LOC142980758	6	0	7	2	0	0	0	0	0	0	0	1	2
gene-LOC142980759	3	9	18	10	6	0	4	6	14	13	11	1	15
gene-LOC142980760	5	6	6	11	6	0	17	5	1	4	0	2	20
gene-LOC142980761	28	0	13	0	0	14	49	202	268	20	46	0	0
gene-LOC142980762	0	0	0	1	0	0	0	0	0	0	0	0	5
gene-LOC142980764	7341	6139	1271	17378	200	1555	8987	6899	9626	8341	11394	14817	143
gene-LOC142980765	119	5	15	4	496	33	177	52	16	97	72	275	4
gene-LOC142980766	68	35	35	20	78	6	214	70	87	41	20	36	2
gene-LOC142980768	207	17	28	50	32	36	25	18	65	62	69	71	48
gene-LOC142980769	0	0	0	0	0	0	0	0	0	0	0	0	0
gene-LOC142980770	0	0	0	0	0	0	0	0	0	0	0	0	0
gene-LOC142980771	0	0	0	0	0	0	0	0	0	0	0	0	0
gene-LOC142980772	0	0	0	0	0	0	0	0	0	0	0	0	0
gene-LOC142980773	0	3	1	0	0	0	0	0	3	0	0	1	0
gene-LOC142980775	0	8	4	3	15	26	37	6	26	13	237	5	0
gene-LOC142980776	3	6	6	4	0	134	74	7	227	225	1183	229	0
gene-LOC142980777	0	0	5	0	0	0	0	0	2	3	1	0	0
gene-LOC142980778	0	8	0	0	0	0	0	0	0	0	0	0	0
gene-LOC142980779	1	0	0	0	0	0	0	0	0	2	4	0	0
gene-LOC142980780	10858	1617	3143	1880	2002	22229	125610	78602	228835	52111	221209	28568	0
gene-LOC142980781	5	1	1	5	0	0	2	5	51	5	25	0	0
gene-LOC142980782	1967	0	1651	165	0	53	183	3	2	13	34	0	0
gene-LOC142980783	929	302	5665	2976	91	1183	1237	78	643	1197	2769	81	0
gene-LOC142980784	609	431	434	384	127	83	128	106	63	159	162	83	384
gene-LOC142980785	0	0	0	0	0	0	0	0	0	0	0	0	0
gene-LOC142980786	5	0	1	2	0	0	0	0	0	0	5	1	0
gene-LOC142980792	1	0	1	0	0	0	0	0	2	0	2	0	0
gene-LOC142980793	0	0	0	0	0	0	0	0	0	0	0	0	0
gene-LOC142980795	3	0	26	5	25	2	0	15	0	0	27	0	26
gene-LOC142980796	3	0	0	5	25	2	0	15	0	0	27	0	26
gene-LOC142980799	64	15	31	89	20	0	30	16	22	32	50	50	17
gene-LOC142980815	115	82	112	81	28	38	37	24	56	51	44	76	560
gene-LOC142980837	29	11	38	47	18	354	487	300	2221	167	82	79	118
gene-LOC142980838	32	47	238	36	7	519	155	117	442	74	100	53	2538
gene-LOC142980839	46	41	63	84	62	42	102	28	96	72	89	112	83
gene-LOC142980840	2477	1464	1815	1439	1139	375	43	67	50	71	81	157	4580
gene-LOC142980842	64	14	77	26	31	34	17	3	53	32	40	35	199
gene-LOC142980845	796	611	752	70	5	17	459	354	576	174	517	881	0
gene-LOC142980846	1	2	0	0	0	8	0	1	2	0	0	12	0
gene-LOC142980851	163	82	180	170	120	133	411	144	387	483	411	250	160
gene-LOC142980852	8	6	0	12	0	10	9	2	19	23	49	54	10
gene-LOC142980853	143	54	76	59	16	42	29	48	40	57	81	85	42
gene-LOC142980854	0	0	0	0	0	7	0	0	0	0	0	0	0
gene-LOC142980855	0	0	0	0	0	0	0	0	0	0	0	0	0
gene-LOC142980856	0	0	0	0	0	0	0	0	0	0	0	0	0
gene-LOC142980857	0	0	0	0	0	0	0	0	0	0	0	0	0
gene-LOC142980858	0	0	0	0	0	0	0	0	0	0	0	0	0
gene-LOC142980859	403	180	290	955	143	392	474	140	794	328	323	475	362
gene-LOC142980860	433	246	455	304	730	247	26	31	33	61	40	62	848
gene-LOC142980865	0	0	0	0	0	0	0	0	0	0	0	0	0
gene-LOC142980870	0	1	10	0	4	0	9	0	1	0	2	5	7
gene-LOC142980871	1601	2401	533	2934	562	3382	18991	6711	4122	10893	678	4031	0
gene-LOC142980872	4892	1369	686	4297	298	15701	16527	2823	4112	47643	6515	32607	2
gene-LOC142980873	27	41	38	34	12	0	69	37	61	74	51	78	27
gene-LOC142980878	780	322	638	699	358	355	200	133	210	187	190	207	982
gene-LOC142980885	982	682	867	625	598	181	286	150	385	265	320	172	694
gene-LOC142980886	954	734	588	1146	198	574	1509	739	1796	1277	2399	2023	487
gene-LOC142980887	3170	594	739	2465	459	981	538	340	479	442	676	739	3311
gene-LOC142980888	7	9	0	4	0	0	0	0	0	0	0	0	14
gene-LOC142980889	2	1	5	0	0	15	8	0	4	0	0	0	6
gene-LOC142980893	3	3	12	0	4	0	0	0	8	0	0	1	18
gene-LOC142980896	421	341	828	1085	274	232	651	343	555	574	730	532	1441
gene-LOC142980898	1065	800	1139	475	209	113	93	55	75	75	23	53	390
gene-LOC142980899	27	16	25	12	48	35	6	0	0	5	3	10	986
gene-LOC142980900	900	585	728	944	662	487	146	103	141	110	86	130	756
gene-LOC142980901	0	2	3	0	2	0	0	1	4	0	0	0	0
gene-LOC142980902	179	96	181	263	234	1919	521	275	1011	693	1333	662	118
gene-LOC142980903	54	36	84	68	24	19	63	17	49	37	55	72	104
gene-LOC142980904	0	0	0	0	0	0	0	0	1	1	0	0	0
gene-LOC142980905	1072	653	594	1751	417	1845	2390	984	4672	2435	6006	4614	733
gene-LOC142980908	2368	991	601	2523	227	420	2747	3272	2262	2565	1681	2331	26
gene-LOC142980909	117	90	203	56	74	63	216	131	152	181	276	198	93
gene-LOC142980910	2672	1495	1528	1895	1207	1283	1063	323	782	925	1535	1375	3362
gene-LOC142980914	1	0	0	0	0	0	0	0	7	1	0	0	11
gene-LOC142980917	1317	2493	3438	574	2165	150	39	65	30	23	49	54	879
gene-LOC142980919	1	1	2	0	0	0	0	0	0	0	0	0	12
gene-LOC142980920	30	15	106	7	28	90	18	10	80	8	15	0	602
gene-LOC142980921	0	0	0	0	0	0	1	0	0	0	0	0	0
gene-LOC142980927	67	35	61	116	17	9	54	12	36	36	36	24	160
gene-LOC142980930	371	49	23	314	73	1	1414	546	3566	743	1411	1054	5
gene-LOC142980931	8206	5279	5112	6871	2752	3250	8230	3372	6683	9850	9730	7902	279
gene-LOC142980932	2044	845	761	1530	319	1258	3494	2348	7518	3205	6095	7082	474
gene-LOC142980934	797	815	1291	719	378	470	614	334	424	482	553	640	636
gene-LOC142980935	502	522	244	387	686	6833	510	206	399	60	136	72	16135
gene-LOC142980936	0	0	0	0	0	10	0	37	35	1	0	0	0
gene-LOC142980938	24	4	0	13	0	4	0	3	1	9	0	3	0
gene-LOC142980941	2683	2582	2397	2516	471	396	2243	1514	1829	1098	1022	1767	593
gene-LOC142980945	135	77	108	31	236	130	26	28	19	19	7	5	4109
gene-LOC142980946	914	923	1465	574	828	392	690	347	636	501	585	534	255
gene-LOC142980953	251	138	170	242	113	28	99	49	49	54	69	30	36
gene-LOC142980955	6	46	52	65	18	933	121	239	84	115	28	33	189
gene-LOC142980956	389	249	22	409	42	1439	1207	263	862	1924	1628	1962	762
gene-LOC142980957	250	235	587	354	259	206	282	214	307	338	347	431	394
gene-LOC142980959	2	4	1	3	8	11	0	0	5	9	9	8	5
gene-LOC142980960	538	655	1206	531	388	272	1021	728	872	653	558	1192	118
gene-LOC142980962	279	219	496	105	323	47	91	6	49	14	8	6	806
gene-LOC142980964	198	146	191	203	124	99	132	168	369	250	356	414	211
gene-LOC142980965	2670	609	743	1707	126	959	494	201	279	367	478	274	1644
gene-LOC142980967	1060	719	1164	1113	662	694	1096	630	1109	842	1015	1194	938
gene-LOC142980971	4	0	2	0	0	0	3	0	0	0	0	5	0
gene-LOC142980972	7	19	4	3	25	8	0	0	0	0	0	0	9
gene-LOC142980973	0	0	0	0	0	0	0	0	0	3	0	0	0
gene-LOC142980974	0	0	0	0	0	0	0	0	1	0	0	0	5
gene-LOC142980977	260	247	429	255	425	134	93	61	76	121	112	86	441
gene-LOC142980979	2668	381	215	3802	35	1960	9491	6488	3999	13553	248	5291	0
gene-LOC142980980	2891	1196	1085	4297	392	2418	7510	4238	11912	8485	14084	12942	0
gene-LOC142980981	11585	5224	2769	2419	2190	2401	16065	22170	35691	9219	16147	11719	0
gene-LOC142980983	14	0	0	38	0	4	0	3	3	15	22	6	244
gene-LOC142980984	0	7	0	4	3	0	0	0	0	0	1	2	13
gene-LOC142980985	0	0	0	0	0	0	0	0	0	0	0	0	0
gene-LOC142980986	2090	989	559	554	499	1972	2676	2982	9029	3177	9001	5844	5849
gene-LOC142980988	5	0	7	4	0	144	17	82	958	53	58	156	0
gene-LOC142980989	0	0	3	0	2	0	0	2	10	0	0	0	0
gene-LOC142980992	204	243	445	108	246	13	95	74	82	46	19	39	97
gene-LOC142980993	734	981	2642	676	1047	208	419	244	395	209	188	337	384
gene-LOC142980994	30	36	67	52	18	60	3	10	33	18	19	6	237
gene-LOC142980997	0	0	0	0	0	0	0	0	0	0	0	0	5
gene-LOC142980998	2	9	279	4	263	450	229	259	113	10	13	0	824
gene-LOC142980999	102	18	1	109	20	0	8	7	419	104	129	10	3840
gene-LOC142981001	5	0	0	0	5	9	0	0	0	2	0	0	7
gene-LOC142981002	2	3	1	1	7	0	0	0	0	2	0	0	0
gene-LOC142981003	8122	1575	2714	11666	624	4937	18225	8289	24234	13271	29004	15858	121
gene-LOC142981004	1	1	0	0	0	0	0	0	0	0	0	3	134
gene-LOC142981007	1082	326	194	535	97	854	107	85	81	102	66	102	248
gene-LOC142981008	437	299	560	547	120	177	369	127	249	332	357	298	932
gene-LOC142981012	84	229	262	144	74	23	187	334	570	507	171	299	2
gene-LOC142981014	1	2	21	2	0	0	0	7	0	3	0	0	5
gene-LOC142981015	132	202	205	85	192	87	203	220	355	361	467	388	68
gene-LOC142981016	12	13	13	11	0	0	31	0	27	5	11	36	22
gene-LOC142981018	1509	1466	1452	1301	803	729	709	351	652	484	480	458	623
gene-LOC142981019	0	0	0	0	0	0	0	0	1	0	0	0	2
gene-LOC142981020	0	0	2	0	0	17	0	0	0	0	2	0	6
gene-LOC142981022	2	2	0	0	0	0	3	19	8	3	0	0	5
gene-LOC142981026	139	45	28	104	35	58	37	35	67	136	273	161	97
gene-LOC142981028	3	9	6	1	21	35	2	11	15	2	6	0	448
gene-LOC142981029	208	255	242	752	108	157	63	35	19	84	42	12	2210
gene-LOC142981030	5	3	0	1	0	0	0	0	0	0	0	0	0
gene-LOC142981032	1529	717	439	1501	355	1357	3511	1606	4154	2906	4491	3282	966
gene-LOC142981034	63	63	44	34	181	131	5	6	21	16	78	29	33
gene-LOC142981036	69	72	20	81	83	208	33	34	42	22	128	104	370
gene-LOC142981037	2	37	21	3	15	0	0	6	3	3	3	0	1
gene-LOC142981038	645	670	688	942	560	881	2684	1973	6964	2562	5031	4410	474
gene-LOC142981040	55	10	48	124	0	33	66	67	285	92	158	26	0
gene-LOC142981041	45	11	24	35	0	15	4	4	4	4	7	2	83
gene-LOC142981042	0	2	0	0	0	0	0	0	0	0	0	0	0
gene-LOC142981043	586	333	704	581	331	267	228	62	122	158	107	118	890
gene-LOC142981046	927	933	1166	1067	532	470	559	381	799	669	855	798	2071
gene-LOC142981048	11530	95	2864	960	314	163	78	1093	1802	9	290	5	0
gene-LOC142981050	6890	3196	5623	823	2127	798	1483	358	1100	976	1542	987	1075
gene-LOC142981051	5	0	0	0	0	0	0	0	3	0	0	0	11
gene-LOC142981052	34	31	56	14	29	18	15	22	46	12	13	8	665
gene-LOC142981055	635	330	645	442	564	232	456	249	566	427	433	648	526
gene-LOC142981060	0	2	0	0	0	0	0	0	0	0	0	0	48
gene-LOC142981061	2	3	5	0	0	0	0	0	7	2	0	4	3
gene-LOC142981062	0	3	0	0	0	0	0	0	0	0	0	0	0
gene-LOC142981068	0	3	0	0	0	37	2	0	2	2	0	0	13
gene-LOC142981069	29	61	50	16	116	84	25	53	54	19	20	3	913
gene-LOC142981071	1175	603	1286	2087	340	587	460	222	305	863	438	705	473
gene-LOC142981073	7	5	1	7	0	11	10	7	10	2	0	14	6
gene-LOC142981074	111	1	64	0	0	0	8	0	41	38	0	0	65
gene-LOC142981075	8	36	20	16	0	0	27	24	24	10	13	17	0
gene-LOC142981078	55	5	16	8	16	73	12	67	57	116	43	46	2
gene-LOC142981079	3	17	5	25	0	2141	83	103	46	11	30	36	104
gene-LOC142981081	183	268	411	178	136	46	299	213	252	241	298	348	121
gene-LOC142981082	101	56	158	325	62	52	43	37	36	96	99	122	305
gene-LOC142981083	0	0	2	0	0	0	0	0	0	0	0	0	4
gene-LOC142981085	344	216	445	248	319	186	91	65	54	93	73	71	378
gene-LOC142981087	7	7	183	6	344	0	11	1	9	3	7	7	12
gene-LOC142981089	30	19	0	0	142	13	0	0	8	3	1	6	211
gene-LOC142981090	0	0	2	0	0	10	0	0	1	0	0	2	0
gene-LOC142981091	179150	151827	108843	244930	57777	119552	415435	370571	766264	652417	368278	705582	3
gene-LOC142981092	216	293	175	257	206	65	274	124	253	519	637	751	0
gene-LOC142981093	2	2	0	0	0	0	0	0	0	3	0	0	0
gene-LOC142981096	0	0	5	0	0	0	0	0	0	0	0	0	0
gene-LOC142981097	423	442	1851	142	1122	91	248	100	150	103	43	177	2192
gene-LOC142981098	36	66	259	36	316	47	61	35	64	12	28	24	382
gene-LOC142981100	160	152	174	148	32	77	255	178	261	234	364	369	112
gene-LOC142981102	3	21	6	21	8	16	55	38	39	28	11	12	12
gene-LOC142981103	90	74	241	135	72	73	77	37	79	52	90	72	152
gene-LOC142981106	0	0	0	2	0	0	0	1	11	0	0	9	40
gene-LOC142981108	0	0	3	0	0	0	1	0	1	0	0	0	10
gene-LOC142981111	2694	5637	9669	3574	4145	612	1762	2218	1482	717	769	1065	769
gene-LOC142981114	3	2	0	3	0	44	0	3	1	0	15	0	30
gene-LOC142981115	125	3	0	1	0	0	0	0	59	0	66	0	48
gene-LOC142981116	5332	2599	1926	362	480	814	5046	6059	17683	1746	4456	3562	0
gene-LOC142981117	132	198	723	96	487	162	82	18	47	55	22	38	458
gene-LOC142981120	2	4	18	3	16	2	3	0	7	2	0	0	71
gene-LOC142981121	40	150	749	35	801	106	22	62	38	36	15	18	6193
gene-LOC142981122	45	19	27	94	12	21	34	54	112	83	125	158	106
gene-LOC142981123	4	0	7	1	0	0	0	1	0	0	3	0	1
gene-LOC142981124	6836	2683	3087	7951	2692	5808	5240	3910	5630	8180	3118	3517	7986
gene-LOC142981125	466	385	416	350	310	240	302	175	265	187	157	214	389
gene-LOC142981126	123	23	27	138	0	88	80	47	127	77	67	70	23
gene-LOC142981127	0	0	0	0	0	0	0	0	0	0	0	0	0
gene-LOC142981129	0	2	1	0	0	0	0	1	0	1	0	0	0
gene-LOC142981130	0	0	0	0	0	0	0	0	0	0	0	0	0
gene-LOC142981132	0	4	4	1	9	0	0	0	0	0	0	0	17
gene-LOC142981133	1320	955	1547	1159	546	134	123	36	36	61	61	63	375
gene-LOC142981136	33	33	22	13	24	0	4	0	8	6	8	12	49
gene-LOC142981137	3	7	2	2	0	0	12	0	17	1	0	0	6
gene-LOC142981139	12	24	69	6	0	0	7	7	4	0	4	8	72
gene-LOC142981141	0	0	1	0	0	9	6	0	0	0	4	3	5
gene-LOC142981142	361	208	361	438	307	214	169	88	243	197	233	232	400
gene-LOC142981143	36	10	21	130	0	0	12	4	38	71	35	5	20
gene-LOC142981145	0	0	5	0	0	0	0	1	2	0	0	0	1
gene-LOC142981146	0	3	0	2	0	0	0	0	0	0	0	0	0
gene-LOC142981147	0	0	0	0	0	0	0	0	0	0	0	0	0
gene-LOC142981148	2	2	0	1	0	0	0	0	0	0	0	0	4
gene-LOC142981152	0	0	0	0	0	0	0	0	0	0	0	0	0
gene-LOC142981154	4	5	5	0	1	0	2	2	1	4	11	0	607
gene-LOC142981157	528	619	887	883	399	195	222	136	101	178	220	202	630
gene-LOC142981160	68	85	27	163	102	72	129	202	365	81	263	99	4795
gene-LOC142981161	0	0	0	0	0	0	0	0	0	0	0	0	0
gene-LOC142981162	0	0	1	0	0	0	0	0	0	0	0	0	34
gene-LOC142981163	38	5	37	42	10	17	12	15	26	14	17	32	56
gene-LOC142981164	0	3	0	0	0	0	0	0	0	0	0	0	0
gene-LOC142981167	0	4	1	0	0	0	0	0	0	0	0	2	0
gene-LOC142981169	275	186	208	327	158	271	432	192	437	334	339	399	521
gene-LOC142981170	0	0	0	0	0	0	0	0	0	1	0	0	0
gene-LOC142981172	81	96	207	119	71	80	153	138	199	237	200	207	123
gene-LOC142981173	5288	3902	2447	110	270	713	5278	8370	23231	2085	8035	3228	41
gene-LOC142981176	569	266	11	168	13	51	212	212	292	148	300	303	102
gene-LOC142981178	1505	777	1134	902	935	495	589	525	349	616	397	423	0
gene-LOC142981179	4	9	24	18	9	0	3	7	1	8	0	6	12
gene-LOC142981181	3	1	2	0	0	13	0	0	0	2	0	4	17
gene-LOC142981185	277	139	274	372	100	208	136	68	206	243	283	239	205
gene-LOC142981187	1	0	0	0	14	6	0	0	0	1	4	3	0
gene-LOC142981188	10676	22088	6851	2237	3492	4143	19128	2329	6758	2614	4181	25030	572
gene-LOC142981189	407	2	219	0	29	7	1	58	821	0	12	0	0
gene-LOC142981190	506	349	479	242	237	131	18	1	4	5	1	2	1371
gene-LOC142981191	811	1211	1639	815	1080	703	574	402	406	535	492	646	714
gene-LOC142981192	1	0	3	2	0	0	0	0	2	0	0	0	9
gene-LOC142981193	0	5	0	0	0	0	0	0	0	0	0	0	0
gene-LOC142981194	0	0	4	0	0	0	0	0	0	0	0	0	0
gene-LOC142981196	0	0	3	0	0	0	0	0	0	0	0	0	1
gene-LOC142981197	319	185	70	471	194	192	294	458	663	156	336	187	115
gene-LOC142981198	285	94	38	585	29	630	740	352	1447	1178	3651	961	0
gene-LOC142981199	1	0	0	0	2	0	0	0	0	0	0	0	13
gene-LOC142981201	0	0	0	0	7	16	0	0	0	0	0	3	2474
gene-LOC142981205	3	0	0	0	0	0	2	0	0	0	2	0	33
gene-LOC142981206	0	2	0	0	0	0	0	0	0	2	0	0	0
gene-LOC142981207	1089	1688	26877	521	5090	403	1890	907	1906	1231	2178	518	0
gene-LOC142981209	4	2	1	0	0	0	3	5	3	7	4	10	4
gene-LOC142981210	217	181	232	211	91	136	210	133	212	275	291	339	154
gene-LOC142981211	416	5	69	6	130	0	1	238	522	6	93	2	0
gene-LOC142981212	3138	1479	2196	1881	685	945	799	133	657	532	488	393	10015
gene-LOC142981213	980	1155	1539	828	580	392	1420	832	1420	1041	851	1593	763
gene-LOC142981214	3	19	1	28	10	88	6	7	4	0	1	1	66
gene-LOC142981218	0	3	30	1	55	12	15	14	7	1	6	4	0
gene-LOC142981219	8	0	0	0	0	14	12	4	40	5	6	46	0
gene-LOC142981220	74	33	46	45	21	31	17	8	19	29	22	6	121
gene-LOC142981221	64	46	57	112	8	104	38	52	59	61	110	96	86
gene-LOC142981223	2	0	0	0	0	534	2	20	19	0	2	0	27
gene-LOC142981224	3	6	56	55	155	0	0	3	0	0	0	0	101
gene-LOC142981227	1	0	0	0	0	0	0	5	0	1	0	0	0
gene-LOC142981229	0	0	0	0	0	39	6	0	0	0	0	0	0
gene-LOC142981230	1631	203	73	640	95	3913	6517	2493	11121	8222	12446	4897	18
gene-LOC142981231	2	0	0	0	0	0	0	0	0	0	0	0	0
gene-LOC142981232	40	16	39	25	60	31	7	3	10	9	13	28	473
gene-LOC142981233	2	3	11	3	0	12	3	0	0	0	1	0	1
gene-LOC142981234	260	124	133	745	31	230	143	58	224	72	136	258	4
gene-LOC142981235	164	206	394	357	401	115	297	324	370	238	298	368	298
gene-LOC142981236	1043	1806	2522	619	788	213	1501	1550	1917	1338	918	1128	518
gene-LOC142981238	2	5	0	2	7	13	7	11	13	11	1	5	2
gene-LOC142981243	2	0	10	0	34	24	0	2	3	9	4	6	1098
gene-LOC142981246	53	51	73	35	20	24	64	46	100	74	67	110	27
gene-LOC142981247	0	0	1	0	0	0	0	0	0	0	0	0	0
gene-LOC142981253	229	91	141	262	313	645	31	46	93	126	238	172	1408
gene-LOC142981255	314	207	209	274	100	217	114	61	67	112	129	124	358
gene-LOC142981256	566	412	623	495	220	193	128	69	97	127	126	131	672
gene-LOC142981257	1	0	4	0	0	24	0	4	2	2	0	0	11
gene-LOC142981258	465	332	561	474	265	311	167	89	81	204	205	150	1220
gene-LOC142981259	0	0	0	0	0	0	0	0	0	0	0	0	72094
gene-LOC142981260	0	0	0	2	0	0	0	0	3	0	0	0	0
gene-LOC142981262	48	47	41	45	33	25	41	40	43	88	91	166	1
gene-LOC142981263	393	299	593	1146	379	516	510	356	569	1310	713	523	831
gene-LOC142981264	0	0	0	0	0	0	0	0	0	0	0	0	0
gene-LOC142981265	2	1	0	0	5	0	0	1	3	0	2	0	0
gene-LOC142981266	670	177	190	869	350	1958	2313	1667	8349	4340	9472	6720	162
gene-LOC142981267	5	3	7	0	0	0	0	0	0	1	0	0	4
gene-LOC142981268	0	0	0	0	0	0	0	0	0	0	0	0	5
gene-LOC142981269	8798	742	406	9578	449	17388	25122	7130	28762	49774	39417	45081	0
gene-LOC142981270	0	0	0	0	0	0	3	0	0	0	2	3	27
gene-LOC142981271	0	4	0	0	0	0	0	0	0	0	0	0	2
gene-LOC142981272	143	87	124	305	138	127	541	488	1378	526	364	460	0
gene-LOC142981273	0	0	0	0	0	0	0	0	0	4	0	0	0
gene-LOC142981274	0	0	0	0	0	0	0	0	0	0	0	0	0
gene-LOC142981275	0	3	0	0	0	0	0	0	0	1	0	0	0
gene-LOC142981276	0	0	0	0	0	0	0	0	0	0	0	0	0
gene-LOC142981277	212	2	332	1	0	0	0	0	292	258	0	0	10
gene-LOC142981278	0	0	0	0	0	0	0	0	0	0	1	0	3
gene-LOC142981279	1	0	2	1	0	0	3	0	0	2	0	0	1
gene-LOC142981280	2	3	0	0	0	0	0	0	0	1	0	0	0
gene-LOC142981281	1	1	0	0	0	0	0	0	0	0	0	0	154
gene-LOC142981282	0	0	0	0	0	0	0	0	2	0	0	0	1
gene-LOC142981283	0	0	0	0	0	0	0	0	0	0	0	0	0
gene-LOC142981284	0	0	0	0	0	0	0	0	0	0	0	0	0
gene-LOC142981285	1	3	2	1	0	0	0	0	2	1	0	5	0
gene-LOC142981286	12	4	0	0	0	0	0	6	16	0	2	2	0
gene-LOC142981287	3	4	3	12	0	0	12	0	2	3	4	1	4
gene-LOC142981288	0	0	0	0	0	0	0	0	0	0	0	0	0
gene-LOC142981289	0	4	0	0	0	0	0	0	0	0	0	0	9
gene-LOC142981290	0	0	0	0	0	0	0	0	0	0	0	0	4
gene-LOC142981291	0	0	0	0	0	0	0	0	0	0	0	0	0
gene-LOC142981292	0	3	0	1	12	15	0	3	2	0	0	0	28
gene-LOC142981293	0	0	0	0	0	0	0	0	0	0	0	0	0
gene-LOC142981295	15	22	7	24	4	21	6	3	3	7	0	0	3016
gene-LOC142981297	0	0	0	0	0	0	0	0	0	0	0	0	10
gene-LOC142981298	0	2	0	0	0	0	4	0	1	0	0	0	9
gene-LOC142981299	303	503	564	386	354	314	527	379	585	286	276	378	466
gene-LOC142981300	0	0	0	0	0	13	11	5	6	2	0	7	0
gene-LOC142981301	0	0	0	0	0	0	0	0	0	0	0	0	0
gene-LOC142981302	1341	784	1160	985	568	379	292	171	206	314	273	270	1496
gene-LOC142981303	0	0	0	0	0	0	0	0	0	0	0	0	0
gene-LOC142981304	764	270	378	530	170	732	73	20	61	52	36	47	1449
gene-LOC142981305	308	117	226	185	79	59	229	161	449	300	305	178	154
gene-LOC142981310	141	96	130	261	131	159	132	55	79	133	101	88	242
gene-LOC142981312	2993	1086	1115	3396	1893	7141	4131	2108	9828	7228	14462	5925	8252
gene-LOC142981315	192	141	207	163	156	69	405	197	407	410	607	467	143
gene-LOC142981317	8	7	22	11	5	12	17	35	49	1	8	20	1
gene-LOC142981320	1	4	4	0	0	42	6	15	19	7	8	6	428
gene-LOC142981322	97	84	83	141	76	74	176	113	237	203	241	231	186
gene-LOC142981323	79	51	142	78	45	108	46	32	80	46	93	77	66
gene-LOC142981325	0	0	0	0	0	0	7	3	5	0	0	0	1
gene-LOC142981326	9	6	3	3	6	36	5	7	4	4	9	14	8
gene-LOC142981331	3374	1576	2584	573	1533	711	1188	566	11260	6841	24199	3079	45
gene-LOC142981332	1124	955	855	1398	603	1398	536	391	727	692	835	735	1949
gene-LOC142981333	2359	2318	3580	1144	1630	73	171	178	23	161	46	125	1989
gene-LOC142981334	526	306	341	665	199	220	141	63	72	143	91	142	256
gene-LOC142981337	32	66	87	72	145	79	14	18	10	9	11	37	30
gene-LOC142981342	1279	1153	1360	1343	625	361	346	203	364	331	219	339	1141
gene-LOC142981343	39	20	35	70	4	4	47	29	52	37	7	18	139
gene-LOC142981344	0	7	21	4	9	17	4	4	0	0	0	0	7
gene-LOC142981345	14	12	12	5	0	8	15	5	0	0	1	0	6
gene-LOC142981346	0	0	0	0	0	0	0	0	0	0	0	0	0
gene-LOC142981347	246	303	206	32	64	25	52	30	37	6	17	13	100
gene-LOC142981349	0	0	0	0	0	0	0	0	0	0	0	0	0
gene-LOC142981350	2	0	0	8	0	0	0	0	15	3	5	0	0
gene-LOC142981361	914	1179	3286	191	845	270	1296	357	302	316	222	629	1492
gene-LOC142981363	285	282	465	637	137	112	337	508	192	346	201	199	176
gene-LOC142981364	71	120	404	89	130	13	92	86	178	41	44	75	46
gene-LOC142981365	52	49	76	59	13	11	35	24	23	22	17	21	35
gene-LOC142981366	7022	3170	3493	3731	592	1694	1888	837	1186	2977	1966	958	1707
gene-LOC142981367	1	0	0	0	0	0	2	0	0	0	0	0	0
gene-LOC142981368	1	0	2	0	16	0	0	0	0	0	0	0	0
gene-LOC142981372	173	203	332	92	42	15	51	31	11	23	17	29	137
gene-LOC142981374	18	18	13	23	4	40	0	0	17	12	7	5	0
gene-LOC142981375	0	0	0	0	3	0	0	0	0	0	0	0	0
gene-LOC142981376	24	4	11	8	0	0	2	0	5	7	2	2	33
gene-LOC142981377	5	6	5	15	121	83	37	24	30	19	12	3	21
gene-LOC142981379	237	97	67	248	26	131	35	34	23	26	17	19	273
gene-LOC142981380	26	21	10	28	19	28	470	208	116	87	136	52	0
gene-LOC142981381	659	429	534	823	143	217	413	274	600	466	621	631	791
gene-LOC142981382	40318	9711	3771	17995	2632	12738	56758	38122	65694	66502	99622	49956	0
gene-LOC142981383	1040	447	379	1313	178	575	441	252	663	389	439	306	795
gene-LOC142981384	17	5	3	9	0	31	29	28	4	63	14	13	0
gene-LOC142981385	8	11	6	24	2	10	11	2	0	0	1	6	9
gene-LOC142981386	0	0	0	0	11	0	4	0	0	0	0	0	0
gene-LOC142981389	51	28	34	53	0	18	36	14	18	20	25	24	56
gene-LOC142981393	44	132	248	32	46	110	45	22	24	15	9	2	432
gene-LOC142981396	319	320	272	49	48	90	581	423	772	471	619	887	0
gene-LOC142981397	569	103	228	72	105	1363	616	1502	3730	1182	1676	674	0
gene-LOC142981398	253	91	153	570	94	138	80	50	56	61	15	57	936
gene-LOC142981400	0	0	0	0	0	0	0	0	0	0	0	0	0
gene-LOC142981401	456	283	536	281	202	130	98	45	41	75	55	84	444
gene-LOC142981402	795	661	1179	633	929	366	126	96	82	183	165	165	2715
gene-LOC142981403	0	2	0	0	0	0	0	0	0	0	2	2	0
gene-LOC142981407	107	95	179	169	150	30	68	69	124	127	117	130	186
gene-LOC142981408	57	42	36	89	9	28	163	136	363	201	283	262	32
gene-LOC142981409	17	12	6	9	0	15	4	3	0	0	0	0	1149
gene-LOC142981410	0	0	0	0	0	0	0	0	0	0	0	3	12
gene-LOC142981412	25	14	31	6	0	11	4	13	7	8	4	3	14
gene-LOC142981418	1	3	2	0	5	0	0	0	0	0	0	0	694
gene-LOC142981419	0	0	0	0	7	0	0	0	0	0	0	0	6
gene-LOC142981420	0	0	0	0	0	0	0	0	0	0	0	0	0
gene-LOC142981421	190	100	255	179	112	131	55	78	50	74	60	134	87
gene-LOC142981422	294	168	352	190	237	1	164	71	66	87	79	65	204
gene-LOC142981423	615	1146	2652	246	1724	67	1410	1300	1268	768	670	715	0
gene-LOC142981424	180	195	310	115	188	152	58	30	23	72	59	83	673
gene-LOC142981426	1396	359	36	700	25	462	1165	717	830	749	688	544	1025
gene-LOC142981427	2	11	3	0	0	0	37	52	32	13	21	1	1
gene-LOC142981428	3	8	7	6	0	0	0	0	0	0	0	3	1
gene-LOC142981429	1205	2727	2248	2892	2170	3293	1896	2172	2156	608	316	632	4807
gene-LOC142981430	4663	4269	1456	5445	921	1700	1780	1123	1457	2190	2312	3357	454
gene-LOC142981433	2450	43	76	72	31	1486	69	218	627	510	974	526	9
gene-LOC142981435	25611	261	59	641	35	2252	582	1429	15041	3542	37335	2438	6
gene-LOC142981438	4	2	8	6	6	0	0	0	0	0	0	0	1189
gene-LOC142981440	9	9	0	9	0	0	3	10	16	6	1	4	21
gene-LOC142981443	76	57	57	13	13	77	0	29	0	8	0	3	47
gene-LOC142981444	7	5	4	2	0	40	3	3	4	6	5	3	102
gene-LOC142981445	119	479	628	96	550	109	46	69	28	23	27	26	41
gene-LOC142981446	395	219	269	584	168	253	135	120	81	205	120	143	705
gene-LOC142981447	2425	2382	3225	1799	1311	549	540	277	433	547	436	456	695
gene-LOC142981448	21	8	56	29	14	0	26	4	12	4	3	3	239
gene-LOC142981449	0	0	0	0	0	0	9	0	0	0	0	2	0
gene-LOC142981450	46	69	15	17	39	0	97	153	181	63	70	44	0
gene-LOC142981452	107	83	69	90	30	68	136	151	369	235	338	316	77
gene-LOC142981455	107	30	62	81	26	25	16	7	21	28	1	8	339
gene-LOC142981456	161929	74016	4976	6752	11860	17674	83718	154618	229254	113768	140506	80197	0
gene-LOC142981457	85	87	180	109	110	57	162	89	214	92	123	259	206
gene-LOC142981458	707	620	2058	836	910	278	1384	1148	1184	917	1013	1112	826
gene-LOC142981461	101	103	164	94	107	36	68	36	56	86	49	69	271
gene-LOC142981463	69	282	620	38	113	201	60	20	45	59	90	33	271
gene-LOC142981465	93	311	255	258	76	40	86	15	45	51	24	24	68
gene-LOC142981468	831	491	524	848	76	204	193	32	45	137	132	100	664
gene-LOC142981470	45	42	92	46	24	14	0	11	11	7	24	6	41
gene-LOC142981472	1211	459	215	1226	34	729	2528	1317	5556	2499	6078	2861	103
gene-LOC142981473	174	66	97	112	30	49	6	6	19	29	14	17	217
gene-LOC142981474	173	116	155	199	164	75	323	166	301	222	215	204	289
gene-LOC142981475	2790	1684	1569	543	542	836	836	189	304	535	639	365	835
gene-LOC142981476	0	10	12	11	8	47	5	0	8	0	6	1	9
gene-LOC142981480	281	229	453	448	164	144	183	48	102	77	59	74	635
gene-LOC142981481	118	32	84	23	24	73	32	31	34	3	22	15	1778
gene-LOC142981486	5686	6471	4368	7399	3773	2614	4196	1915	2307	6206	3962	5440	304
gene-LOC142981487	190	125	473	33	821	1071	53	29	98	34	68	26	4738
gene-LOC142981489	5	2	5	1	0	0	11	0	1	23	3	22	2
gene-LOC142981491	717	562	722	1037	637	1856	769	437	1705	1024	2995	1516	2827
gene-LOC142981494	4	3	37	8	0	22	0	0	4	1	0	4	434
gene-LOC142981495	0	0	0	0	0	0	0	0	0	0	0	0	8
gene-LOC142981496	90	58	87	83	14	7	14	5	3	20	3	3	224
gene-LOC142981498	89	26	49	54	29	8	10	8	18	20	33	11	78
gene-LOC142981499	3	8	1	0	9	7	0	0	3	0	1	0	96
gene-LOC142981504	1	12	8	0	0	0	4	5	1	0	0	0	25
gene-LOC142981505	21812	19159	14276	2196	2700	7761	42389	27832	48145	33714	44375	50801	3
gene-LOC142981506	13	3	11	0	0	0	12	0	5	0	0	0	171
gene-LOC142981507	505	254	189	259	90	338	210	95	139	204	248	136	705
gene-LOC142981510	54	66	167	154	242	143	94	77	62	243	155	124	82
gene-LOC142981511	8	0	93	20	118	681	604	347	426	132	181	6	1
gene-LOC142981513	6649	891	385	223	1573	382	210	167	1379	88	1659	48	62549
gene-LOC142981514	0	7	8	0	0	0	0	0	0	1	3	0	556
gene-LOC142981515	35	36	57	34	71	34	145	56	104	41	51	50	385
gene-LOC142981517	365	318	1624	579	1027	448	246	207	185	118	121	134	190
gene-LOC142981518	20	57	20	19	0	3	51	73	28	39	39	58	1
gene-LOC142981521	1084	539	728	774	333	316	106	104	59	188	150	199	1109
gene-LOC142981522	0	0	0	0	0	0	0	0	0	0	0	0	0
gene-LOC142981523	391	120	291	263	114	72	131	63	83	122	95	93	358
gene-LOC142981524	28	54	201	96	53	43	41	17	29	122	18	16	497
gene-LOC142981525	129	81	61	88	16	36	21	23	50	39	44	13	63
gene-LOC142981526	2553	1122	874	2690	1037	4096	8567	4346	20710	10636	24942	17949	5360
gene-LOC142981527	4649	2934	5595	1079	1022	1045	1236	563	1561	1735	1582	1294	1772
gene-LOC142981529	206	387	654	400	428	363	132	97	126	143	70	93	934
gene-LOC142981532	177	158	107	236	75	243	431	268	860	423	850	795	176
gene-LOC142981535	56	41	39	79	69	54	96	47	66	56	35	36	159
gene-LOC142981536	17231	1425	962	98857	2301	21005	16396	5671	108397	41564	133670	144960	0
gene-LOC142981537	120	122	330	662	191	307	90	61	55	339	351	147	33
gene-LOC142981539	2043	2894	2393	2247	1472	695	3016	1599	2085	1321	1593	1469	673
gene-LOC142981540	457	435	782	378	441	238	198	96	140	129	136	157	329
gene-LOC142981541	39	39	65	57	41	15	153	42	106	83	124	102	54
gene-LOC142981542	16	5	0	12	10	33	7	4	34	0	23	23	5
gene-LOC142981543	0	0	4	0	0	0	0	0	0	0	0	0	9
gene-LOC142981546	91	36	35	71	0	657	2181	675	624	1226	8549	251	4
gene-LOC142981547	39	3	6	110	1	203	189	181	986	443	1644	814	0
gene-LOC142981548	59	94	114	29	60	0	55	46	56	10	37	72	46
gene-LOC142981550	1	2	5	7	0	0	0	0	0	0	0	0	19
gene-LOC142981551	0	0	0	0	0	0	0	0	0	0	0	0	6
gene-LOC142981552	3	2	0	0	0	0	0	0	0	0	0	0	4
gene-LOC142981554	4	3	11	7	11	0	2	30	9	1	3	0	4
gene-LOC142981555	0	0	0	0	0	0	0	0	9	0	0	0	2810
gene-LOC142981556	49	109	343	45	48	111	27	27	18	8	25	31	177
gene-LOC142981557	9	13	4	29	0	80	2	6	11	9	13	1	100
gene-LOC142981558	2	6	0	8	0	0	5	0	1	2	3	0	12
gene-LOC142981559	8	7	13	5	24	29	3	0	7	2	13	1	25
gene-LOC142981560	5	1	2	8	0	39	6	4	15	8	3	1	27
gene-LOC142981562	9307	223	1193	2740	472	69987	46292	1571	71776	89245	187746	225622	0
gene-LOC142981563	661	365	489	1304	258	341	789	398	513	939	849	727	366
gene-LOC142981564	358	427	99	195	239	161	372	245	557	304	217	441	1744
gene-LOC142981565	23	22	71	70	59	49	16	23	29	48	93	36	42
gene-LOC142981566	16225	2311	237	3208	128	1630	8284	3766	18061	4310	15230	9063	8263
gene-LOC142981567	75	20	37	48	45	0	63	38	76	74	50	48	51
gene-LOC142981569	7	94	33	76	200	12	70	156	107	81	21	9	296
gene-LOC142981570	4	5	4	0	0	0	0	0	0	0	0	4	0
gene-LOC142981572	19	14	10	52	6	12	16	19	7	31	8	0	0
gene-LOC142981573	6408	6461	4051	7593	2799	2007	3760	1912	2092	2469	1792	1695	7056
gene-LOC142981574	837	125	321	1214	453	567	1550	340	3139	1874	1396	1051	250
gene-LOC142981575	0	0	0	0	0	0	0	0	0	0	0	0	0
gene-LOC142981576	51	23	28	431	36	171	28	14	40	28	26	19	198
gene-LOC142981578	7	6	93	13	60	1040	16	14	39	0	37	6	1321
gene-LOC142981579	0	0	0	1	6	5	0	2	0	0	0	0	15
gene-LOC142981580	3	1	0	0	0	0	0	0	0	0	0	0	63
gene-LOC142981581	213	156	180	278	155	315	541	475	1460	625	1685	1305	188
gene-LOC142981582	1392	910	1132	897	601	375	314	251	375	190	176	166	8184
gene-LOC142981583	0	0	0	0	0	0	0	0	0	0	0	0	0
gene-LOC142981586	143	34	17	137	4	101	287	222	244	246	225	237	20
gene-LOC142981587	3577	3279	3379	3652	2310	2719	5436	4424	11071	5835	7510	8561	5373
gene-LOC142981588	4	85	22	3	58	0	56	71	31	107	72	61	0
gene-LOC142981589	220	145	185	279	80	81	43	59	64	90	36	81	26
gene-LOC142981592	30	17	92	143	0	38	27	25	25	47	71	38	71
gene-LOC142981593	64	55	53	44	36	26	55	33	49	67	88	72	61
gene-LOC142981595	135	106	26	1904	49	1744	118	2257	778	360	2091	3172	0
gene-LOC142981597	17	8	280	7	229	54	11	1	8	6	32	12	191
gene-LOC142981599	0	4	7	2	0	12	0	8	1	2	3	6	5
gene-LOC142981600	0	0	0	0	0	0	0	0	0	0	0	0	53812
gene-LOC142981601	0	1	0	0	0	0	2	0	0	4	0	0	0
gene-LOC142981602	0	1	0	0	0	0	0	0	0	2	0	4	4
gene-LOC142981603	7	16	5	6	31	0	16	37	49	12	14	17	1992
gene-LOC142981604	0	0	0	0	0	0	0	0	0	0	0	0	0
gene-LOC142981605	26	14	32	6	10	0	0	0	0	0	1	3	0
gene-LOC142981606	3	60	1	0	0	0	0	4	14	1	0	0	384
gene-LOC142981607	30	33	61	28	23	0	33	67	22	27	16	21	12
gene-LOC142981608	9	42	25	30	38	32	39	66	98	62	19	11	101
gene-LOC142981609	1	4	3	0	0	0	0	0	0	0	0	0	83
gene-LOC142981610	131	362	685	71	158	106	19	55	25	30	24	18	187
gene-LOC142981611	1639	3920	355	6153	26	4202	12888	3255	2727	16290	985	9398	0
gene-LOC142981612	0	3	5	0	0	0	7	3	0	0	3	0	0
gene-LOC142981613	551	5190	0	123	0	172	2	6879	209	104	7	87	0
gene-LOC142981615	0	0	0	0	0	0	0	0	2	0	0	0	0
gene-LOC142981616	432	786	1175	389	379	48	354	261	129	331	295	255	260
gene-LOC142981617	8	11	36	5	8	161	9	2	2	1	8	0	290
gene-LOC142981619	14	12	25	26	45	0	3	20	8	24	23	36	45
gene-LOC142981622	1929	1405	3446	992	2490	358	239	182	113	260	151	129	1090
gene-LOC142981623	133	75	14	218	31	143	350	260	201	673	91	331	0
gene-LOC142981624	0	0	0	0	0	0	0	0	0	0	0	0	5540
gene-LOC142981626	435	153	157	326	64	104	60	115	118	95	82	51	48
gene-LOC142981627	10	13	0	2	0	0	17	25	49	9	31	0	369
gene-LOC142981630	149	107	90	126	38	43	67	23	44	45	36	47	302
gene-LOC142981631	0	0	0	0	0	0	0	0	0	0	0	0	2
gene-LOC142981632	0	4	5	1	3	0	0	3	8	2	1	1	338
gene-LOC142981634	106	37	44	87	5	96	192	128	386	143	398	357	196
gene-LOC142981635	65	40	91	203	19	63	129	117	99	96	180	193	49
gene-LOC142981636	0	9	0	0	0	0	0	0	3	0	48	0	30
gene-LOC142981638	1625	245	2255	28	1069	0	6	4	77	3	7	3	0
gene-LOC142981639	1140	816	773	2024	289	379	1650	667	1116	974	1179	1583	407
gene-LOC142981640	10301	4999	3731	4534	5257	3207	22581	6767	38581	6551	15651	6615	242
gene-LOC142981641	0	2	12	0	75	0	6	6	6	0	0	1	6
gene-LOC142981642	0	0	0	0	0	0	0	0	0	0	0	0	328
gene-LOC142981643	397	498	688	176	1849	759	212	135	188	197	248	151	152
gene-LOC142981646	0	0	0	0	0	0	0	0	0	0	0	0	0
gene-LOC142981647	13	23	26	29	32	6	8	11	36	9	20	20	29
gene-LOC142981648	1028	740	2708	1007	1478	367	805	692	2204	1010	1626	1094	3684
gene-LOC142981649	9240	6699	5602	980	1234	5049	14415	13660	23215	13487	17071	19873	5
gene-LOC142981650	0	0	0	0	0	0	0	0	0	0	0	0	0
gene-LOC142981651	186	116	162	215	68	68	221	138	210	132	114	202	213
gene-LOC142981652	757	776	967	471	632	258	901	745	1347	960	727	630	758
gene-LOC142981653	0	0	0	0	0	0	0	0	0	0	0	0	0
gene-LOC142981655	951	901	1937	524	798	181	229	113	115	89	91	99	924
gene-LOC142981656	1	7	0	10	0	0	0	0	0	3	4	5	9
gene-LOC142981657	0	64	7	0	5	18	1	83	317	0	10	15	0
gene-LOC142981658	331	166	205	137	12	16	0	6	6	1	1	4	102
gene-LOC142981659	1057	905	233	983	201	572	491	253	229	529	522	364	2052
gene-LOC142981660	502	372	28	728	37	173	541	222	4177	394	2193	2348	120
gene-LOC142981661	140	163	120	50	62	34	0	5	1	2	0	1	179
gene-LOC142981662	0	0	0	0	0	0	0	0	0	0	0	0	0
gene-LOC142981663	6	0	172	7	17	0	0	0	1	0	15	0	54
gene-LOC142981664	413	285	215	1027	147	35	576	706	884	246	667	242	10
gene-LOC142981665	261	204	357	281	173	215	190	74	125	166	138	152	415
gene-LOC142981666	0	1	10	0	12	0	0	3	9	0	10	0	154
gene-LOC142981667	0	0	11	5	0	0	0	0	1	0	4	0	0
gene-LOC142981670	5	16	21	4	7	21	18	21	34	6	6	5	28
gene-LOC142981671	7	6	5	30	8	0	0	3	0	0	0	0	6
gene-LOC142981672	2905	1595	1065	207	217	1552	1777	528	2022	509	883	2338	458
gene-LOC142981675	0	1	0	0	0	0	0	0	0	0	0	0	38
gene-LOC142981676	0	0	0	0	0	0	0	0	0	0	0	0	78
gene-LOC142981677	0	0	0	0	0	0	13	0	0	2	0	0	0
gene-LOC142981678	4629	41089	37	681	32	6977	7	37337	15375	3169	543	16274	0
gene-LOC142981679	0	0	10	0	11	0	0	0	0	0	0	0	5
gene-LOC142981680	1	3	0	0	0	0	0	0	0	0	0	0	0
gene-LOC142981681	0	8	2	0	9	0	2	0	0	2	0	0	3
gene-LOC142981682	0	0	0	0	0	0	0	0	0	0	0	0	0
gene-LOC142981683	68	65	111	64	36	0	96	109	43	83	56	32	14
gene-LOC142981685	0	0	0	0	0	0	0	0	0	0	0	0	0
gene-LOC142981688	99	58	88	113	49	193	167	93	180	194	173	346	341
gene-LOC142981689	609	294	296	678	134	406	587	263	845	692	781	968	1098
gene-LOC142981691	1225	492	299	543	39	4093	1301	1350	4861	1428	3016	2844	32
gene-LOC142981692	525	316	422	368	201	157	209	94	127	233	101	109	459
gene-LOC142981693	349	185	110	563	33	204	768	1431	989	478	431	464	0
gene-LOC142981694	1	41	2	0	0	0	0	0	9	1	10	5	417
gene-LOC142981695	19	27	63	8	35	0	18	1	10	2	0	5	122
gene-LOC142981697	0	0	0	0	0	0	0	0	0	0	0	0	0
gene-LOC142981698	5	4	8	4	0	6	6	0	2	0	1	5	0
gene-LOC142981701	286	326	462	316	215	103	418	401	447	386	439	522	345
gene-LOC142981702	61	32	23	4	32	0	6	10	12	17	24	24	16
gene-LOC142981703	94	92	550	25	166	73	79	384	200	29	41	21	861
gene-LOC142981705	1308	426	473	2245	236	659	675	500	1210	1116	1428	1426	765
gene-LOC142981707	92	153	158	232	42	31	142	101	187	160	174	162	365
gene-LOC142981710	55	30	15	10	44	59	0	3	18	0	16	0	2940
gene-LOC142981711	36777	73897	16371	50827	13212	12250	21937	33612	19565	22145	11341	50607	3022
gene-LOC142981712	510	846	88	272	168	586	1217	1761	636	278	895	7594	80
gene-LOC142981713	254	316	722	271	331	76	380	287	540	438	375	483	614
gene-LOC142981714	9738	8075	13943	3537	4967	2355	11474	1617	7675	3517	6075	7323	562
gene-LOC142981717	6	5	7	6	3	30	25	9	13	15	23	26	81
gene-LOC142981718	916	1310	2320	958	716	332	1064	800	889	768	669	1046	1301
gene-LOC142981719	0	0	0	0	0	0	0	0	0	0	0	0	3
gene-LOC142981720	24	9	0	51	38	0	4	5	7	0	13	2	83
gene-LOC142981722	0	0	5	0	0	0	0	0	1	0	4	2	0
gene-LOC142981723	17	18	28	27	22	52	20	7	9	5	15	4	1308
gene-LOC142981725	2	0	0	0	0	25	2	0	10	0	0	0	14
gene-LOC142981726	775	549	919	576	680	348	295	253	388	394	228	179	1469
gene-LOC142981727	317	291	162	864	360	392	68	60	111	241	362	442	907
gene-LOC142981729	31	6	11	16	7	0	6	25	6	1	19	6	393
gene-LOC142981730	392	268	631	328	504	145	141	34	220	94	115	105	146
gene-LOC142981731	0	0	17	0	0	0	0	0	0	0	2	0	121
gene-LOC142981732	466	249	7479	754	573	582	421	57	204	334	236	421	95
gene-LOC142981733	0	0	0	0	0	80	0	0	0	0	0	2	326
gene-LOC142981734	1382	1035	722	116	110	871	2481	4913	4986	2647	3506	3166	6
gene-LOC142981735	20226	4816	535	55834	477	11454	8415	7522	9867	10771	15777	8224	4
gene-LOC142981736	30415	25716	17988	3071	5519	12090	52815	33836	63904	46516	63293	72448	2
gene-LOC142981738	37	48	40	41	0	23	36	15	46	61	48	48	41
gene-LOC142981739	5	168	19	0	32	0	6	2	13	0	0	5	1315
gene-LOC142981740	0	0	0	0	0	0	0	0	0	0	0	0	3
gene-LOC142981741	27	292	24	8	24	0	0	8	1	5	2	0	7285
gene-LOC142981742	412	181	18	626	101	764	1509	910	5754	2634	5232	5418	0
gene-LOC142981743	342	169	10	197	38	154	1013	381	4039	1494	1755	2969	0
gene-LOC142981744	52	37	135	129	54	55	12	8	18	16	22	18	119
gene-LOC142981745	0	0	0	1	0	27	6	0	10	0	44	10	0
gene-LOC142981747	1	7	8	12	0	74	7	11	20	2	4	11	279
gene-LOC142981748	723	16	26	9918	79	21788	1103	161	97568	7676	160419	49677	0
gene-LOC142981749	603	309	153	1557	69	431	2393	605	830	4165	1143	2696	730
gene-LOC142981750	11	1	54	30	343	1030	849	532	407	47	16	0	20
gene-LOC142981751	131	398	102	59	109	12	47	134	22	43	122	172	307
gene-LOC142981752	0	0	2	0	0	0	0	0	0	0	0	0	9728
gene-LOC142981753	87	244	240	82	267	143	448	148	1077	44	109	1785	183
gene-LOC142981754	0	0	0	0	0	0	0	0	0	0	0	0	38
gene-LOC142981755	3314	1858	154	6473	31	8034	8328	3346	13163	4270	8780	8357	2
gene-LOC142981756	7826	11	144	840	44	108	179	62	3351	2004	3725	58	0
gene-LOC142981759	74	127	98	89	37	35	133	160	83	172	107	134	176
gene-LOC142981760	1586	1872	1806	810	1019	578	970	581	855	464	786	885	292
gene-LOC142981761	2	3	2	0	0	6	0	6	4	0	0	0	0
gene-LOC142981762	41	43	33	53	29	53	67	49	108	52	59	77	88
gene-LOC142981763	1	0	3	0	0	0	1	1	0	3	3	0	0
gene-LOC142981764	2	19	3	0	2	0	0	13	4	0	10	3	50
gene-LOC142981765	0	0	0	0	0	0	0	0	0	0	0	0	0
gene-LOC142981766	2	0	61	33	338	362	813	269	595	222	46	0	0
gene-LOC142981767	12513	4764	628	23028	718	25121	37456	22696	15713	55762	8214	34027	0
gene-LOC142981769	9	2	0	2	0	0	0	9	11	0	45	0	9
gene-LOC142981771	2028	139	989	1390	567	2306	3523	3798	17417	12889	7458	13362	0
gene-LOC142981772	437	123	89	425	50	294	1163	1119	4477	2595	3142	3587	0
gene-LOC142981773	6	19	14	10	28	0	0	0	0	0	0	6	6188
gene-LOC142981774	212	68	0	0	41	0	0	5	262	1	591	2	113
gene-LOC142981775	86	35	64	137	0	7	137	14	116	48	151	96	25
gene-LOC142981777	2239	335	207	258	135	1412	816	311	1339	694	1292	2376	19
gene-LOC142981778	6	1	2	2	0	3	0	0	4	0	2	1	292
gene-LOC142981779	1	2	10	5	28	5	3	6	2	2	0	1	2268
gene-LOC142981780	0	0	0	0	0	0	2	0	9	2	1	0	14
gene-LOC142981781	0	0	0	0	0	0	0	0	0	0	0	0	151
gene-LOC142981782	0	0	2	0	0	0	0	0	0	0	0	0	26
gene-LOC142981783	0	0	0	0	0	0	0	0	0	0	0	0	0
gene-LOC142981784	1	0	0	0	0	0	0	0	0	0	0	0	1
gene-LOC142981785	395	1680	802	132	58	256	158	279	528	134	62	1107	41
gene-LOC142981786	4	14	6	0	0	0	0	3	0	0	0	0	0
gene-LOC142981788	1	0	0	0	2	0	10	0	16	2	0	0	327
gene-LOC142981789	0	0	0	0	0	0	0	1	0	3	0	0	7
gene-LOC142981790	9	6	12	11	0	0	0	7	6	3	18	7	0
gene-LOC142981791	2	5	6	11	0	11	1	1	19	6	9	6	2
gene-LOC142981792	57	10	16	237	21	168	373	101	683	944	732	307	6
gene-LOC142981793	10	16	0	4	0	0	5	4	13	0	2	0	0
gene-LOC142981794	679	646	153	634	145	780	2518	2151	12148	8523	9751	12119	1
gene-LOC142981795	5	0	4	8	0	164	27	45	106	29	38	19	61
gene-LOC142981796	0	1	0	0	180	0	0	0	15	0	0	0	1257
gene-LOC142981797	296	42	33	467	0	435	317	182	936	1950	2586	1759	12
gene-LOC142981798	2	2	0	1	0	0	0	4	0	0	6	7	0
gene-LOC142981799	38381	57	5600	4909	1239	3200	4475	14718	27579	6214	16941	47	16
gene-LOC142981800	2	112	0	1	0	0	0	5	3	8	11	2	283
gene-LOC142981801	192	322	431	168	291	69	206	187	160	141	128	242	265
gene-LOC142981802	1	4	7	0	6	17	0	0	7	3	2	1	0
gene-LOC142981803	1	2	16	6	129	99	66	76	72	16	17	22	434
gene-LOC142981804	148	70	264	134	18	164	68	27	1777	989	16	19	0
gene-LOC142981806	46	21	56	75	48	928	80	15	156	307	1193	988	17
gene-LOC142981808	0	0	0	0	0	0	0	0	2	0	0	0	123
gene-LOC142981809	16	18	17	13	32	25	2	7	3	3	6	1	1906
gene-LOC142981810	3	4	0	4	0	0	0	6	5	4	0	0	118
gene-LOC142981811	0	4	8	2	8	0	0	0	2	0	0	0	4787
gene-LOC142981812	0	11	0	0	0	0	0	0	0	0	0	0	15
gene-LOC142981813	1	9	0	0	11	9	0	7	0	0	0	0	0
gene-LOC142981814	0	1	0	0	3	0	4	0	0	0	0	0	15
gene-LOC142981815	37358	10294	9976	60647	10083	134784	22377	6394	16804	90181	49513	123432	0
gene-LOC142981816	126	144	159	72	70	30	49	98	87	49	72	65	64
gene-LOC142981817	0	4	0	0	0	0	0	0	0	0	0	0	0
gene-LOC142981818	3	1	11	6	0	8	3	0	0	0	0	0	75
gene-LOC142981819	0	0	0	1	10	0	0	0	0	2	0	0	19
gene-LOC142981820	0	12	0	0	0	0	0	0	3	0	0	0	575
gene-LOC142981821	0	0	0	0	0	0	1	0	0	2	0	0	6
gene-LOC142981822	733	7769	16197	2214	12926	55	1412	1079	26	18	48	73	1176
gene-LOC142981823	6	12	38	8	38	0	2	2	1	2	7	3	37261
gene-LOC142981826	0	0	0	0	0	0	0	0	0	0	0	0	0
gene-LOC142981828	27230	85907	993	19039	3679	12463	5214	51553	22248	18836	4044	17590	0
gene-LOC142981829	657	801	1927	1354	622	429	281	230	216	86	61	195	18
gene-LOC142981830	0	0	5	0	0	0	0	0	0	0	0	3	854
gene-LOC142981831	0	1	0	0	0	0	0	0	0	0	0	0	32
gene-LOC142981832	2	0	18	4	0	23	1	33	29	4	40	9	13
gene-LOC142981833	1	3	0	0	0	0	0	0	0	0	0	0	143541
gene-LOC142981834	7	6	11	13	16	9	7	0	1	2	0	0	64
gene-LOC142981835	971	571	813	919	908	847	174	199	131	420	489	500	1383
gene-LOC142981836	287	114	154	2309	209	285	259	173	601	908	663	1305	0
gene-LOC142981837	0	0	0	0	0	0	0	0	0	0	0	0	0
gene-LOC142981838	2889	2400	567	1960	383	396	1297	739	806	1434	1313	1735	10
gene-LOC142981839	321	343	404	337	243	115	352	246	335	349	457	489	388
gene-LOC142981841	822	288	147	802	65	555	2047	1017	3632	2124	3638	3084	171
gene-LOC142981843	1	3	10	1	0	0	0	0	0	1	0	0	4
gene-LOC142981844	0	1	2	0	0	0	0	2	3	0	0	0	0
gene-LOC142981845	0	0	0	0	0	0	0	0	2	0	0	0	16
gene-LOC142981846	372	237	241	723	30	130	246	222	234	175	333	327	62
gene-LOC142981847	1	6	3	1	9	1	3	0	18	10	9	4	3
gene-LOC142981848	228	188	301	285	80	71	23	29	11	21	8	14	358
gene-LOC142981849	0	0	1	3	0	0	2	0	0	0	0	0	0
gene-LOC142981850	167	140	289	103	97	74	120	77	114	61	76	445	115
gene-LOC142981852	0	0	5	0	0	0	0	0	0	0	0	2	0
gene-LOC142981853	255	142	868	220	451	224	218	168	655	402	672	588	322
gene-LOC142981854	2	2	0	0	0	0	4	0	3	0	0	0	0
gene-LOC142981855	23	19	49	7	74	47	1	0	1	6	4	0	29
gene-LOC142981856	0	0	0	0	0	0	0	0	0	0	0	0	0
gene-LOC142981857	8	0	7	0	22	0	0	0	0	0	0	0	0
gene-LOC142981858	0	0	0	0	0	0	0	0	2	0	0	0	0
gene-LOC142981859	0	0	0	4	0	0	0	0	0	0	2	3	0
gene-LOC142981860	0	0	0	0	0	0	0	0	0	0	0	0	0
gene-LOC142981861	1256	1109	175	893	374	1229	2237	3219	19810	14675	16194	20305	4
gene-LOC142981862	2	4	1	0	0	0	0	4	0	0	0	1	0
gene-LOC142981863	0	0	0	0	0	0	0	0	0	0	0	0	0
gene-LOC142981864	0	0	0	0	0	0	0	0	0	0	0	0	0
gene-LOC142981865	0	0	0	0	0	0	0	0	0	0	0	0	0
gene-LOC142981866	0	1	0	0	0	0	0	0	0	0	0	0	0
gene-LOC142981867	0	3	0	0	0	0	0	0	0	0	0	0	0
gene-LOC142981868	0	6	0	0	0	0	0	0	0	0	0	0	0
gene-LOC142981869	0	0	0	0	0	0	0	0	0	0	0	0	0
gene-LOC142981870	18	2	32	24	6	9	1	10	7	2	8	2	58
gene-LOC142981871	0	0	0	0	0	0	0	0	0	0	0	0	155
gene-LOC142981872	0	0	0	0	0	0	0	0	0	0	0	0	0
gene-LOC142981873	0	0	0	0	0	0	0	0	0	0	0	0	0
gene-LOC142981874	0	0	2	0	3	18	0	0	0	0	0	0	0
gene-LOC142981875	252	1354	21	1393	51	811	1567	4851	499	1173	163	471	0
gene-LOC142981876	2	0	6	2	0	0	2	4	1	1	0	2	6
gene-LOC142981877	1507	177	309	1100	90	845	2772	3308	4192	1279	2378	1071	78
gene-LOC142981878	24266	19288	14135	11644	1962	3147	27141	15885	22835	16243	34090	24724	0
gene-LOC142981879	257	778	7903	80	885	20	254	194	269	162	266	170	0
gene-LOC142981880	0	5	0	0	0	0	0	0	0	0	0	0	0
gene-LOC142981881	0	0	0	0	0	0	0	0	0	0	0	0	0
gene-LOC142981882	0	2	0	0	0	0	0	0	0	0	0	0	0
gene-LOC142981883	1	5	21	12	7	10	19	24	27	13	18	6	893
gene-LOC142981884	2	11	0	7	0	0	2	0	2	0	0	3	0
gene-LOC142981885	1	2	0	0	0	0	0	0	0	0	0	0	0
gene-LOC142981886	0	5	0	9	0	0	0	0	0	0	0	0	3
gene-LOC142981887	0	0	4	12	0	0	0	0	1	8	3	4	4
gene-LOC142981888	0	0	0	0	8	0	0	0	0	0	0	0	8
gene-LOC142981889	15192	7981	3458	21085	1011	48247	10780	39376	6356	58051	22915	27635	0
gene-LOC142981890	5	5	0	6	0	0	2	2	18	0	3	2	0
gene-LOC142981891	0	0	0	0	0	0	0	0	0	0	0	0	0
gene-LOC142981892	0	0	0	0	0	20	16	0	0	0	0	0	8
gene-LOC142981893	4280	4167	3400	8001	6209	33578	8295	5860	60951	23616	120505	137156	2
gene-LOC142981895	78	0	1	5	0	16	97	0	43	8	90	20	0
gene-LOC142981896	0	0	3	0	0	0	0	0	0	0	0	0	0
gene-LOC142981897	2	0	0	0	0	0	0	0	0	0	0	0	0
gene-LOC142981898	0	0	0	0	0	0	0	0	0	0	0	0	0
gene-LOC142981899	4	0	4	0	49	0	5	0	0	0	0	0	3118
gene-LOC142981900	294	168	464	1331	50	308	190	120	242	335	298	1024	57
gene-LOC142981901	0	0	0	1	5	173	0	2	5	3	3	0	1725
gene-LOC142981902	1	4	0	4	0	0	11	7	17	1	2	13	89
gene-LOC142981904	19	0	10	89	15	4544	1785	721	6473	404	1546	0	3
gene-LOC142981905	8	0	0	3	0	0	0	0	0	0	0	0	1
gene-LOC142981906	4	0	1	0	23	16	0	2	0	0	1	0	5
gene-LOC142981907	0	0	0	1	0	0	0	0	0	0	0	6	84
gene-LOC142981908	3	0	0	1	0	19	0	3	15	0	32	0	6
gene-LOC142981909	0	0	0	0	0	0	0	0	0	0	0	0	0
gene-LOC142981910	0	8	0	0	0	0	0	0	0	0	0	0	0
gene-LOC142981911	0	4	11	0	12	0	26	0	0	0	0	0	12
gene-LOC142981912	0	4	1	0	0	0	5	4	6	0	3	0	5
gene-LOC142981913	0	2	1	2	0	0	0	0	0	0	0	0	44
gene-LOC142981914	0	1	12	0	0	0	0	0	0	0	0	0	540
gene-LOC142981915	0	4	0	0	0	0	0	0	0	0	0	0	0
gene-LOC142981920	119	79	151	140	70	63	216	114	228	188	188	259	101
gene-LOC142981921	17	10	56	8	24	104	2	2	2	1	0	2	317
gene-LOC142981922	6	42	162	61	127	635	48	96	180	13	17	57	1217
gene-LOC142981924	3	2	0	0	0	0	0	0	0	0	0	1	0
gene-LOC142981925	0	62	0	0	3	0	0	0	2	0	1	0	235
gene-LOC142981926	3785	3914	3595	3296	1653	745	2142	1020	1337	1542	1825	1414	693
gene-LOC142981927	24	9	18	24	0	0	5	3	10	2	5	15	16
gene-LOC142981928	0	2	0	1	0	0	0	0	0	0	0	0	0
gene-LOC142981930	0	2	0	0	0	0	0	0	0	0	0	0	0
gene-LOC142981931	1622	908	1383	830	151	101	16	31	4	1	1	1	1988
gene-LOC142981932	1683	1374	1126	1464	473	561	2855	2211	6290	2665	4678	5452	1213
gene-LOC142981933	0	0	0	0	0	0	0	0	0	0	0	0	0
gene-LOC142981936	1417	639	505	1308	516	3301	2980	1187	7062	3712	5008	4292	2751
gene-LOC142981937	977	686	105	657	110	1254	3543	3331	7515	5156	2507	7344	51
gene-LOC142981938	3	12	0	0	0	30	0	13	7	1	358	182	0
gene-LOC142981939	283	39	11	269	23	289	1010	993	1935	886	991	75	27
gene-LOC142981941	3837	688	282	467	276	826	170	64	91	32	64	126	9992
gene-LOC142981944	17623	6437	4727	17771	2252	9043	10989	4923	10491	9563	6189	12251	12069
gene-LOC142981945	0	4	0	0	0	0	0	0	0	0	0	0	0
gene-LOC142981946	0	0	0	0	0	0	0	25	0	0	0	0	0
gene-LOC142981947	29	30	4144	33	2140	290	25	8	16	58	61	24	405
gene-LOC142981956	140	93	118	138	55	226	261	120	261	175	252	233	166
gene-LOC142981957	1	0	3	0	0	0	0	0	0	0	0	0	11
gene-LOC142981959	0	0	0	0	0	0	0	0	0	0	0	0	0
gene-LOC142981963	0	2	79	0	0	0	0	0	2	0	0	0	0
gene-LOC142981965	671	356	164	653	320	709	38	24	29	44	104	92	2581
gene-LOC142981967	1	3	4	0	17	0	2	0	9	6	1	1	0
gene-LOC142981968	0	2	0	0	0	0	0	0	0	2	0	0	0
gene-LOC142981970	0	0	0	0	0	0	0	0	0	0	0	0	0
gene-LOC142981986	997	1174	2564	2238	2359	1150	667	612	466	1590	1015	1259	628
gene-LOC142981988	10	0	0	2	0	37	0	3	0	0	0	0	10
gene-LOC142981989	126	72	93	84	106	133	39	40	60	48	58	85	365
gene-LOC142981990	626	363	673	584	237	347	502	312	700	498	613	673	766
gene-LOC142981992	227	229	350	169	114	29	54	46	41	71	62	47	167
gene-LOC142981994	9797	3451	5559	9033	2891	5248	8168	2698	7391	6166	8325	8122	597
gene-LOC142981995	173	99	196	231	66	20	98	90	145	167	223	294	55
gene-LOC142981996	320	372	187	306	406	381	62	9	6	47	26	53	2371
gene-LOC142981997	765	1610	3854	880	2222	415	1107	1054	1277	1221	1089	1618	1024
gene-LOC142981999	691	721	824	577	412	223	1522	1789	2665	1566	2038	2641	320
gene-LOC142982002	747	1298	355	855	388	377	775	817	3893	682	3613	977	0
gene-LOC142982003	1336	510	719	437	635	380	1153	1136	24261	165	2324	98	5
gene-LOC142982004	0	13	40	2	10	16	0	0	26	16	1	7	5
gene-LOC142982006	689	1347	1524	666	524	74	508	521	229	228	176	284	222
gene-LOC142982007	516	367	431	760	163	254	58	72	18	83	47	77	1139
gene-LOC142982009	204	207	946	139	264	453	685	301	851	404	614	591	129
gene-LOC142982010	756	288	746	587	399	418	20	8	9	10	19	14	2017
gene-LOC142982011	8	9	0	8	0	14	8	13	6	7	0	6	17
gene-LOC142982012	23	23	10	42	4	4	30	45	50	59	33	22	36
gene-LOC142982013	0	0	0	0	0	0	0	0	0	0	0	0	0
gene-LOC142982016	3	8	85	85	25	100	2	12	4	2	8	7	266
gene-LOC142982018	67	21	37	81	1	75	30	22	41	49	41	28	251
gene-LOC142982021	2693	1320	2532	1090	903	335	723	290	702	481	336	549	306
gene-LOC142982022	209	136	107	109	79	123	52	7	19	52	31	24	203
gene-LOC142982023	1599	763	1666	4898	2696	713	564	278	609	873	685	694	875
gene-LOC142982024	290	83	259	528	363	197	49	25	64	75	63	90	116082
gene-LOC142982029	977	335	617	816	556	621	204	179	322	266	354	204	1690
gene-LOC142982030	299	47	7	175	9	330	89	36	218	69	336	163	0
gene-LOC142982033	0	3	0	0	7	10	6	4	4	0	4	5	6
gene-LOC142982034	27492	8032	3951	5345	3258	3756	7909	6915	10242	9751	11870	17817	535
gene-LOC142982036	224	107	198	410	48	111	336	208	565	436	688	497	359
gene-LOC142982038	6	15	73	9	42	42	0	0	0	18	27	4	105
gene-LOC142982050	0	0	0	0	0	0	0	0	0	0	0	0	0
gene-LOC142982051	4	43	40821	0	14781	0	0	0	1	2	5	0	0
gene-LOC142982055	194	316	481	198	269	119	187	57	85	133	116	123	262
gene-LOC142982056	92036	76994	37517	75998	16102	60728	64565	32155	14002	67539	3380	63281	2
gene-LOC142982058	9305	12212	6895	9629	2870	5552	6891	5101	8583	8109	6248	8482	0
gene-LOC142982060	0	0	0	0	0	0	0	0	5	4	0	1	0
gene-LOC142982062	802	730	2470	601	572	316	296	85	190	159	161	215	528
gene-LOC142982063	685	572	319	486	78	223	65	531	798	352	435	440	25
gene-LOC142982065	235	101	39	46	101	42	101	40	199	31	371	30	763
gene-LOC142982066	1045	398	385	1074	260	537	86	74	66	244	243	260	1751
gene-LOC142982067	2	2	9	0	0	0	0	0	0	0	0	0	0
gene-LOC142982068	1560	406	145	493	163	681	295	436	1346	1115	1073	440	1198
gene-LOC142982069	0	0	0	0	0	0	0	0	0	0	0	0	0
gene-LOC142982070	0	0	19	5	11	24	15	7	12	1	8	2	2
gene-LOC142982071	57	74	60	24	25	62	43	32	40	70	42	57	201
gene-LOC142982072	0	0	0	0	0	0	0	0	0	0	0	0	0
gene-LOC142982073	0	0	0	0	0	0	0	0	0	0	0	0	0
gene-LOC142982077	1460	606	641	255	323	380	1598	569	1123	1219	899	933	432
gene-LOC142982078	2413	1040	451	3674	523	2154	1201	1486	4758	2784	4797	4957	773
gene-LOC142982081	3591	2407	1384	2529	1512	1583	6420	2747	9865	7050	9725	4730	446
gene-LOC142982082	181	265	345	159	80	231	378	237	884	301	617	129	1064
gene-LOC142982085	366	125	61	316	20	135	117	184	436	182	426	292	128
gene-LOC142982086	0	0	0	0	0	0	0	0	0	0	0	0	0
gene-LOC142982088	0	0	0	0	0	0	0	0	0	0	0	0	0
gene-LOC142982090	144	35	117	146	40	139	395	128	552	346	633	423	85
gene-LOC142982094	514	361	365	117	5	68	150	2960	22	401	7	50	0
gene-LOC142982095	103	48	30	170	0	178	51	47	191	164	184	149	68
gene-LOC142982098	207	57	56	310	9	21	30	15	16	16	2	11	101
gene-LOC142982102	44	29	29	27	12	32	17	3	8	23	5	32	94
gene-LOC142982103	450	135	36	1	128	0	0	23	355	2	446	2	2885
gene-LOC142982104	113	127	155	109	30	26	74	54	38	53	15	6	150
gene-LOC142982105	290	197	268	213	98	102	528	358	862	515	837	848	163
gene-LOC142982107	81	130	254	124	10	28	107	77	51	69	44	64	82
gene-LOC142982109	2	4	3	4	0	0	0	4	3	4	7	0	10
gene-LOC142982111	0	0	0	0	0	0	0	0	0	0	0	0	0
gene-LOC142982112	112	181	455	38	68	51	14	22	16	19	8	21	96
gene-LOC142982113	1	0	0	0	0	0	0	0	0	0	0	0	1
gene-LOC142982115	0	0	0	0	0	0	0	0	0	0	0	0	0
gene-LOC142982116	2272	862	769	5047	501	2415	3210	1527	6130	7842	6243	6684	0
gene-LOC142982117	0	2	12	0	0	0	1	0	4	0	0	0	667
gene-LOC142982119	266	36	98	88	118	1479	1678	1126	2718	220	836	55	3578
gene-LOC142982120	370	11	7	4292	20	14530	25	634	438	15696	12475	25685	0
gene-LOC142982121	858	131	200	466	107	371	617	146	844	749	1323	411	1351
gene-LOC142982122	0	1	49	0	29	0	4	7	2	1	0	2	60
gene-LOC142982124	0	0	4	2	0	59	7	0	5	0	7	0	0
gene-LOC142982125	0	0	0	0	0	0	0	0	0	0	0	0	0
gene-LOC142982126	0	1	0	0	0	0	0	0	0	0	0	0	0
gene-LOC142982127	0	0	0	0	0	0	0	0	0	0	0	0	0
gene-LOC142982128	0	0	0	0	0	0	0	0	0	0	0	0	0
gene-LOC142982129	0	0	0	0	0	0	0	0	0	0	0	0	0
gene-LOC142982130	0	0	0	0	0	0	0	0	0	0	0	0	0
gene-LOC142982131	89	31	63	46	49	77	49	32	118	120	165	108	92
gene-LOC142982132	0	0	0	0	0	0	0	0	0	0	0	0	0
gene-LOC142982135	0	1	0	0	0	0	0	0	0	0	0	0	0
gene-LOC142982136	0	0	7	0	0	0	0	0	0	0	0	0	0
gene-LOC142982138	0	0	0	0	0	0	0	0	0	0	0	0	4
gene-LOC142982139	0	0	0	0	0	0	0	0	0	0	0	0	1
gene-LOC142982140	0	0	2	0	0	0	0	0	0	0	0	0	2
gene-LOC142982141	171	95	201	116	90	60	55	13	48	58	71	68	223
gene-LOC142982144	357	208	188	422	55	150	566	357	1490	691	1301	1196	257
gene-LOC142982145	307	296	282	259	176	185	425	299	546	352	732	651	167
gene-LOC142982146	274	67	15	113	29	281	351	252	297	370	418	364	13
gene-LOC142982147	230	129	159	184	77	46	28	27	15	47	27	51	560
gene-LOC142982148	0	0	12	4	2	15	0	0	0	0	0	0	53
gene-LOC142982149	1	12	11	5	0	4	0	0	0	0	2	0	9
gene-LOC142982151	44	25	81	91	29	88	63	11	92	48	176	85	95
gene-LOC142982152	0	1	0	0	0	0	0	0	0	0	0	0	0
gene-LOC142982154	0	0	0	0	0	0	0	0	0	0	0	0	0
gene-LOC142982158	1	2	0	0	0	0	0	0	2	0	0	0	0
gene-LOC142982159	0	2	5	4	39	65	5	30	7	2	0	0	11
gene-LOC142982160	0	3	6	0	0	0	0	0	0	0	0	0	27
gene-LOC142982161	7	11	2	37	21	44	20	37	37	23	21	6	29
gene-LOC142982166	217	191	295	253	53	43	200	46	128	107	59	105	413
gene-LOC142982167	71	9	28	0	49	0	0	133	3	1	0	0	0
gene-LOC142982168	293	116	756	34	101	303	363	168	372	164	164	60	253
gene-LOC142982169	205	82	51	110	50	315	1396	695	4121	3578	2962	2976	135
gene-LOC142982170	71	6	15	259	4	1596	161	75	435	342	2422	289	3
gene-LOC142982173	190	318	178	390	185	1140	73	78	102	100	47	74	665
gene-LOC142982174	27	58	47	58	0	14	83	29	72	25	22	32	98
gene-LOC142982175	2767	2147	854	1642	563	679	3530	7009	2151	3240	1628	1976	0
gene-LOC142982176	1	0	0	0	0	0	2	5	0	0	0	2	2
gene-LOC142982178	1	4	2	11	0	11	0	0	5	0	1	6	57
gene-LOC142982180	0	2	0	0	0	0	0	0	0	0	0	0	20
gene-LOC142982182	0	2	0	0	0	0	1	0	2	0	0	0	0
gene-LOC142982183	3	17	9	7	9	0	6	2	18	9	13	8	4
gene-LOC142982184	6885	7256	4015	4471	2237	2028	7151	5718	8189	5618	6409	5975	338
gene-LOC142982186	6	15	8	0	0	19	15	72	20	34	24	60	24
gene-LOC142982187	143	73	67	151	74	128	9	15	26	37	64	47	777
gene-LOC142982189	0	0	4	0	0	0	0	0	0	0	0	0	0
gene-LOC142982192	89055	20862	44798	11310	24302	8440	18991	3497	29396	7553	23398	11438	40
gene-LOC142982193	214	196	298	139	78	107	259	194	360	330	402	324	104
gene-LOC142982194	140	34	92	177	15	77	57	62	52	75	73	33	271
gene-LOC142982195	0	0	0	0	0	0	0	0	0	0	0	0	0
gene-LOC142982196	143	191	748	122	403	36	14	21	12	43	47	13	7
gene-LOC142982197	2131	8166	3012	4372	1591	332	2032	1626	1454	1274	526	804	24
gene-LOC142982198	281	190	151	1092	274	653	2155	2605	6333	4385	3819	6024	598
gene-LOC142982200	0	0	0	0	0	0	0	0	0	0	0	0	0
gene-LOC142982201	0	0	0	2	0	0	0	0	0	0	0	0	0
gene-LOC142982202	182	584	919	155	399	1815	907	1310	273	1137	301	78	22
gene-LOC142982204	447	646	1634	116	1250	367	204	117	264	58	190	78	1517
gene-LOC142982205	0	0	1	0	0	0	0	0	2	0	0	0	39
gene-LOC142982206	111	54	53	79	26	20	27	17	34	48	36	30	135
gene-LOC142982207	0	0	0	0	0	0	0	0	0	0	0	0	0
gene-LOC142982211	59	51	113	36	57	156	18	6	6	22	21	18	505
gene-LOC142982212	0	0	0	1	0	0	0	0	0	0	0	0	0
gene-LOC142982214	196	193	174	210	119	170	362	226	504	438	519	487	26
gene-LOC142982215	0	0	0	0	0	0	0	0	1	0	0	0	1
gene-LOC142982216	0	0	0	0	0	0	0	0	0	0	0	0	0
gene-LOC142982220	1	0	0	2	0	0	0	7	3	0	0	0	0
gene-LOC142982221	1	0	0	0	0	0	0	0	0	1	0	0	0
gene-LOC142982223	516	346	586	443	333	188	696	699	908	496	725	858	882
gene-LOC142982224	0	0	0	0	0	0	0	0	0	0	0	0	0
gene-LOC142982225	0	0	0	0	5	0	0	0	0	0	0	0	0
gene-LOC142982227	0	0	0	0	0	0	0	0	0	0	0	0	0
gene-LOC142982229	1	1	0	0	0	0	0	0	0	0	0	0	0
gene-LOC142982230	0	0	0	0	0	0	0	0	0	0	0	0	0
gene-LOC142982233	0	0	0	0	0	0	0	0	0	0	0	0	0
gene-LOC142982235	3	2	4	4	0	0	0	0	0	0	0	0	24
gene-LOC142982236	339	496	715	411	263	137	525	392	491	383	442	486	488
gene-LOC142982237	43	25	49	64	13	25	22	2	21	23	26	34	206
gene-LOC142982238	2	0	0	4	0	0	5	0	0	0	3	5	0
gene-LOC142982239	2	1	0	1	0	0	0	0	0	0	2	0	2
gene-LOC142982240	0	0	3	17	0	62	0	0	5	0	3	2	53
gene-LOC142982241	114	95	143	147	90	128	53	64	61	108	177	119	137
gene-LOC142982242	3557	781	1435	5006	448	2619	808	169	684	964	2281	2118	4602
gene-LOC142982243	0	0	4	0	0	0	0	0	0	0	0	0	7
gene-LOC142982244	0	0	0	0	0	0	0	0	0	0	0	0	0
gene-LOC142982245	1620	3513	6414	1115	3071	153	1285	845	475	384	262	500	1419
gene-LOC142982246	20	30	12	30	0	75	0	0	4	0	0	5	457
gene-LOC142982247	0	2	6	0	0	0	0	10	0	0	4	0	17
gene-LOC142982248	0	0	0	0	0	0	0	4	0	0	0	1	0
gene-LOC142982249	42	21	28	18	19	0	36	30	43	35	56	57	68
gene-LOC142982251	19457	4097	454	55438	278	406174	3801	54879	3078	235338	64333	184031	0
gene-LOC142982252	957	777	1065	1076	492	374	483	214	414	502	460	403	667
gene-LOC142982253	0	0	3	1	0	0	0	0	1	0	0	0	0
gene-LOC142982254	1293	868	756	729	240	439	2861	1414	3772	2288	2062	2359	1016
gene-LOC142982255	0	0	0	0	0	0	0	0	0	0	0	0	0
gene-LOC142982256	0	0	1	0	0	0	0	0	0	0	0	6	0
gene-LOC142982257	0	0	0	5	0	0	0	0	2	0	2	1	0
gene-LOC142982258	0	0	2	0	0	0	0	4	0	0	0	1	0
gene-LOC142982259	19	36	0	104	0	0	34	72	94	36	22	21	6
gene-LOC142982262	169	246	215	104	25	36	86	50	11	22	18	27	63
gene-LOC142982263	0	1	0	0	18	0	2	0	0	0	0	0	93
gene-LOC142982264	0	0	0	0	0	0	0	0	0	0	0	0	0
gene-LOC142982265	260	172	461	414	149	172	203	82	213	220	204	156	184
gene-LOC142982266	1	0	0	0	0	0	0	14	5	7	0	0	0
gene-LOC142982269	8252	1033	902	21736	699	31369	50058	5913	8463	25912	463	1015	0
gene-LOC142982270	10	7	33	4	0	0	0	10	0	5	0	14	21
gene-LOC142982271	52460	11159	11812	33531	3571	38291	31548	15776	9317	88591	4514	87330	0
gene-LOC142982272	2860	2326	659	580	2953	709	6685	7626	6121	3688	4824	2739	2
gene-LOC142982275	1386	520	518	1276	165	359	508	309	952	303	464	392	1193
gene-LOC142982276	0	0	0	0	0	0	0	0	0	0	0	0	0
gene-LOC142982277	0	4	0	2	0	27	0	0	0	0	0	0	0
gene-LOC142982278	0	0	0	0	0	0	0	0	0	0	0	0	0
gene-LOC142982279	825	1000	1573	384	492	175	1172	1228	1385	436	712	1078	326
gene-LOC142982280	214	119	265	224	110	127	133	79	134	121	103	115	598
gene-LOC142982282	827	1060	1573	936	811	680	1144	1200	1521	1165	1645	2745	871
gene-LOC142982283	49	47	72	38	15	51	91	54	59	96	32	79	80
gene-LOC142982284	23	29	69	38	20	33	77	20	40	63	80	69	46
gene-LOC142982287	40671	7164	3442	1825	5070	26654	45846	66274	19552	102670	43244	182946	0
gene-LOC142982289	0	0	0	0	0	0	0	0	0	0	0	0	0
gene-LOC142982290	408	372	243	633	184	254	692	502	1693	1214	1410	1105	268
gene-LOC142982291	255	161	142	352	19	80	384	388	846	636	676	594	91
gene-LOC142982292	0	0	0	0	0	0	0	0	0	0	0	0	0
gene-LOC142982293	1	2	4	0	0	12	0	16	13	0	0	0	48
gene-LOC142982294	5	0	1	3	0	380	10	12	88	3	46	0	19
gene-LOC142982296	192	169	158	114	20	35	68	47	34	91	90	116	17
gene-LOC142982297	2	3	5	1	0	0	8	6	0	0	0	0	1283
gene-LOC142982298	6571	6086	714	14641	1275	19281	6279	38925	8687	39841	7143	27589	0
gene-LOC142982300	3	0	8	0	0	0	9	0	6	6	14	0	6
gene-LOC142982302	0	6	5	17	0	0	1	0	28	6	22	1	89
gene-LOC142982304	157	77	183	217	78	71	256	186	302	221	243	244	212
gene-LOC142982305	606	232	176	1166	83	443	591	395	850	670	2912	1384	1090
gene-LOC142982306	19	27	37	21	84	177	33	22	50	9	40	2	1035
gene-LOC142982307	1279	1294	2584	1140	1265	474	1580	1261	1683	1493	2040	2302	252
gene-LOC142982309	0	0	0	0	8	0	0	0	0	0	0	0	0
gene-LOC142982310	53	26	22	49	40	1367	51	8	66	15	16	15	14352
gene-LOC142982311	6	10	33	0	4	0	4	1	19	1	5	13	106
gene-LOC142982312	383	364	485	340	235	141	766	607	753	602	441	700	1552
gene-LOC142982313	821	848	891	1108	457	292	1090	1055	1716	1076	895	1670	737
gene-LOC142982314	4195	1584	583	5207	1060	3215	1565	594	726	2400	3250	2489	2359
gene-LOC142982315	0	0	0	0	0	0	3	0	0	0	0	0	0
gene-LOC142982317	214	141	182	234	102	123	504	296	357	344	393	371	128
gene-LOC142982318	0	1	0	0	0	0	0	0	1	0	1	0	0
gene-LOC142982319	63	51	35	48	42	33	16	31	23	17	34	26	68
gene-LOC142982322	18914	7549	6939	7438	3405	7825	21614	10661	36952	32568	43198	31031	3280
gene-LOC142982323	9	4	87	43	42	121	0	0	46	0	36	12	186
gene-LOC142982325	11	12	11	8	77	0	8	27	70	63	23	2	4545
gene-LOC142982326	2	0	23	7	38	0	2	2	1	1	0	0	34
gene-LOC142982327	1330	6305	9407	666	3489	58	825	1028	870	237	73	833	15
gene-LOC142982328	238	90	174	188	166	138	240	459	490	297	282	430	521
gene-LOC142982329	472	1027	2258	241	1186	13	575	1004	788	426	65	392	33
gene-LOC142982330	26	13	4	6	0	99	5	8	5	2	6	8	30
gene-LOC142982331	0	0	0	0	0	0	0	0	0	0	0	0	0
gene-LOC142982334	1	17	17	3	0	11	10	3	27	10	6	8	27
gene-LOC142982336	0	0	0	0	0	0	0	6	0	0	0	0	249
gene-LOC142982337	0	0	0	0	0	0	0	0	0	0	0	0	0
gene-LOC142982338	1	0	0	0	0	0	0	0	1	2	0	0	7
gene-LOC142982339	2	1	2	1	7	0	2	0	11	13	6	8	2
gene-LOC142982340	2	0	2	10	0	0	0	0	0	0	0	0	15
gene-LOC142982341	2651	512	189	167	74	269	1350	590	2418	2502	3140	1965	750
gene-LOC142982342	2	3	4	5	5	10	3	0	1	2	7	3	18
gene-LOC142982343	2	0	5	0	15	0	0	0	0	0	0	4	0
gene-LOC142982345	78	63	66	76	44	13	227	106	151	163	147	180	57
gene-LOC142982347	876	302	353	948	314	690	2108	1650	6031	2304	7827	5282	1379
gene-LOC142982348	0	0	0	0	0	0	0	0	0	0	0	0	0
gene-LOC142982349	0	0	0	0	0	0	0	0	0	0	0	0	0
gene-LOC142982350	0	0	0	8	0	0	0	0	2	4	0	0	4
gene-LOC142982351	33	21	13	13	12	0	9	1	0	2	8	18	0
gene-LOC142982352	0	0	0	0	0	0	0	0	0	0	0	0	0
gene-LOC142982353	27	96	42	56	49	5	62	10	48	39	22	24	29
gene-LOC142982354	136	14	36	26	97	56	61	82	428	96	41	72	555
gene-LOC142982355	0	2	11	0	4	0	0	0	1	0	4	0	5
gene-LOC142982356	0	0	0	0	0	0	0	0	0	0	0	0	0
gene-LOC142982358	0	0	0	0	0	0	0	0	0	0	0	0	0
gene-LOC142982359	0	0	0	0	0	0	0	0	2	0	0	0	0
gene-LOC142982360	0	0	0	0	0	0	0	0	0	0	0	0	0
gene-LOC142982361	201	101	170	153	45	48	217	107	218	210	364	390	119
gene-LOC142982362	2	2	3	0	0	0	7	0	0	0	1	0	1190
gene-LOC142982364	0	0	0	0	0	0	0	0	0	0	0	0	0
gene-LOC142982365	1672	1146	5351	3095	1979	1344	1700	292	2244	2200	3425	2132	83
gene-LOC142982366	35	38	239	76	112	143	72	57	202	93	433	54	51
gene-LOC142982367	32	18	17	39	16	129	20	18	154	105	359	115	60
gene-LOC142982368	614	1500	1663	431	2673	212	1031	1744	1589	2539	679	1305	245
gene-LOC142982369	0	0	0	0	0	0	0	0	0	0	0	0	0
gene-LOC142982370	0	9	0	0	0	1	0	0	0	0	0	0	0
gene-LOC142982372	0	0	0	0	0	0	0	0	0	0	0	0	0
gene-LOC142982373	0	0	0	0	0	0	0	0	0	0	0	0	0
gene-LOC142982374	0	0	0	0	0	0	0	0	0	0	0	0	0
gene-LOC142982375	1	2	0	0	0	0	0	0	0	0	0	0	0
gene-LOC142982376	0	0	0	0	0	0	0	0	0	0	0	0	0
gene-LOC142982377	55	21	57	48	45	0	66	4	14	33	48	52	127
gene-LOC142982378	0	0	0	0	0	0	0	0	0	0	0	0	0
gene-LOC142982379	4	0	5	0	0	0	0	0	3	0	4	0	11
gene-LOC142982380	0	0	4	245	0	0	80	13	0	272	0	0	171
gene-LOC142982382	0	3	3	0	0	0	0	3	0	0	0	3	1
gene-LOC142982383	1	2	5	8	11	0	9	0	0	2	0	0	0
gene-LOC142982384	0	0	0	0	0	0	0	0	0	0	0	0	0
gene-LOC142982385	157	103	183	153	327	3853	629	142	746	192	316	77	5579
gene-LOC142982389	1061	599	1083	1704	1150	737	503	485	266	595	203	446	2092
gene-LOC142982390	0	0	0	0	0	0	0	0	0	0	0	0	0
gene-LOC142982391	225	108	121	233	79	136	29	13	20	46	44	47	369
gene-LOC142982394	0	0	0	0	0	0	0	0	1	0	0	0	0
gene-LOC142982395	0	0	0	0	0	0	0	0	0	0	0	0	6
gene-LOC142982398	136	92	115	199	74	130	206	207	511	288	582	444	94
gene-LOC142982400	7	3	9	9	0	0	5	0	0	0	3	0	13
gene-LOC142982401	0	0	0	0	5	0	0	0	0	0	0	0	0
gene-LOC142982402	12	0	2	2	0	0	6	0	12	9	39	5	7
gene-LOC142982403	0	0	0	0	0	0	0	0	0	0	0	0	0
gene-LOC142982404	0	0	0	1	0	0	0	0	0	0	0	0	0
gene-LOC142982405	0	0	0	0	0	0	0	0	0	0	0	0	0
gene-LOC142982406	0	0	3	0	0	0	0	0	0	0	2	2	0
gene-LOC142982409	2293	1870	1134	3155	374	329	1520	698	597	834	390	455	499
gene-LOC142982413	6	0	4	3	0	17	0	6	0	3	0	0	17
gene-LOC142982415	3	10	9	3	4	11	6	11	21	4	10	14	3
gene-LOC142982416	2	9	8	8	4	16	0	2	82	18	57	22	13
gene-LOC142982419	2378	1651	1306	1916	1048	1108	1787	859	1222	748	647	1098	2816
gene-LOC142982421	2	2	1	0	0	0	0	0	0	0	0	0	0
gene-LOC142982423	148	163	370	171	164	247	334	332	807	394	347	286	136
gene-LOC142982425	943	1843	2584	1532	1562	564	1035	586	1162	870	1065	609	1194
gene-LOC142982426	19	30	20	13	3	0	4	0	2	3	8	1	2
gene-LOC142982427	2700	615	3184	4054	1065	3507	961	1014	4765	3811	8024	4092	0
gene-LOC142982428	11	7	60	37	32	41	32	6	98	17	599	11	28
gene-LOC142982429	5	2	1	3	30	0	0	1	5	0	2	1	1
gene-LOC142982430	13202	9848	10553	10838	4679	2497	4849	2786	4950	1596	2064	2622	10651
gene-LOC142982431	82	140	237	144	162	49	79	122	105	155	86	87	87
gene-LOC142982435	2607	1343	1882	4086	1057	3094	6515	2476	7919	5576	6314	4118	6154
gene-LOC142982436	281	242	141	180	447	1090	56	35	71	17	41	12	8535
gene-LOC142982437	1270	979	1382	1128	727	258	303	225	171	195	101	183	1025
gene-LOC142982438	350	198	263	294	121	89	266	152	249	204	170	259	266
gene-LOC142982439	160	155	317	234	240	64	298	152	457	278	454	350	157
gene-LOC142982440	530	558	804	477	347	230	201	76	65	162	131	81	501
gene-LOC142982444	0	0	1	0	0	0	0	0	1	0	0	0	0
gene-LOC142982445	0	0	0	0	0	0	0	0	0	0	0	0	0
gene-LOC142982446	0	1	0	0	0	0	0	0	0	1	0	0	0
gene-LOC142982447	0	2	2	1	5	0	4	2	1	2	0	1	3
gene-LOC142982448	0	0	0	0	0	0	0	0	0	0	0	0	0
gene-LOC142982449	0	0	0	0	0	0	0	0	0	0	0	0	0
gene-LOC142982450	0	0	0	0	0	0	0	0	0	0	0	0	0
gene-LOC142982451	1001	512	1074	833	587	273	285	78	136	382	530	410	166
gene-LOC142982455	0	0	0	0	0	0	0	0	0	0	0	0	0
gene-LOC142982492	1349	967	705	1301	976	1389	205	163	158	649	823	660	4595
gene-LOC142982493	1	10	402	1	387	253	26	7	5	0	0	0	81
gene-LOC142982494	10	6	0	1	0	0	0	0	9	1	4	9	2
gene-LOC142982496	422	320	1607	705	1060	548	127	174	74	267	363	141	545
gene-LOC142982499	537	663	1473	496	542	172	860	644	726	478	955	961	555
gene-LOC142982500	7377	20317	1645	8493	3291	942	13714	23060	10180	3877	2312	17725	6184
gene-LOC142982501	2836	2718	160	501	289	203	1229	2829	3662	376	1574	1868	0
gene-LOC142982502	0	0	3	4	9	31	7	22	8	8	7	3	177
gene-LOC142982503	226	157	175	384	25	73	191	74	159	92	96	67	131
gene-LOC142982505	0	0	0	0	0	0	0	0	0	0	0	0	0
gene-LOC142982507	11158	5148	5470	27027	3988	23944	2109	1169	2958	1169	3049	2478	100821
gene-LOC142982508	7	16	25	6	34	0	2	9	9	0	19	7	182
gene-LOC142982509	2510	2164	561	857	167	383	347	678	494	591	570	411	9
gene-LOC142982512	194	201	242	141	157	64	245	213	273	140	219	225	171
gene-LOC142982515	71	43	54	78	57	43	15	1	5	35	60	16	106
gene-LOC142982516	7158	6283	4713	11489	1062	2492	1188	726	708	2043	987	1430	2
gene-LOC142982519	0	3	0	1	6	9	0	0	0	0	0	0	0
gene-LOC142982520	5	3	1	0	0	0	0	1	0	0	0	0	21
gene-LOC142982522	6699	3613	3926	2414	2636	785	566	400	257	757	770	580	769
gene-LOC142982523	44	62	67	47	6	0	96	24	9	28	5	16	95
gene-LOC142982527	1	19	10	45	135	8	138	12	6	0	9	0	271
gene-LOC142982529	756	326	260	674	89	346	146	51	153	106	110	102	200
gene-LOC142982530	35	13	43	58	14	43	29	21	24	29	13	9	83
gene-LOC142982531	0	0	3	2	16	0	0	0	8	2	0	0	0
gene-LOC142982533	15	6	38	10	51	23	4	0	0	7	3	4	53
gene-LOC142982535	1533	2273	4473	839	1292	207	412	302	142	264	102	231	750
gene-LOC142982536	40	24	78	15	32	0	0	3	3	7	15	3	272
gene-LOC142982538	3628	5289	7206	1932	3340	429	765	731	226	437	213	347	2499
gene-LOC142982540	0	2	0	1	4	0	0	0	0	0	0	0	0
gene-LOC142982542	38	17	34	17	52	6	0	7	15	34	16	8	51
gene-LOC142982543	1353	1132	1147	921	230	99	62	41	12	32	32	16	202
gene-LOC142982544	6	2	3	0	24	25	4	3	9	0	2	1	514
gene-LOC142982545	588	356	3119	79	691	1060	201	379	272	397	702	306	18
gene-LOC142982549	0	0	0	0	0	0	0	0	0	0	0	0	0
gene-LOC142982550	0	0	0	0	0	0	0	0	0	0	0	0	0
gene-LOC142982551	962	1518	2651	805	1039	219	637	362	219	355	169	219	525
gene-LOC142982552	1267	1103	1477	1313	751	417	437	239	285	426	504	335	1303
gene-LOC142982553	0	0	0	0	0	0	0	0	0	0	0	0	0
gene-LOC142982555	14	13	13	22	11	34	0	9	3	3	2	6	295
gene-LOC142982556	35	30	115	55	192	482	62	29	91	74	74	19	6576
gene-LOC142982557	0	0	1	0	0	0	0	0	0	0	0	0	0
gene-LOC142982559	123	342	1461	328	898	914	634	673	1268	745	1203	1064	5939
gene-LOC142982561	0	0	0	0	0	0	0	0	0	0	0	0	0
gene-LOC142982562	9	1	16	5	8	9	0	0	1	0	15	1	89
gene-LOC142982564	75	23	34	88	38	113	156	70	291	149	221	248	114
gene-LOC142982566	505	239	305	419	187	339	264	80	142	196	310	174	504
gene-LOC142982567	225	11	11	233	31	135	259	29	582	268	391	151	1
gene-LOC142982568	577	398	732	491	383	226	210	76	165	199	215	258	307
gene-LOC142982569	22	8	43	8	68	74	0	5	8	3	22	18	28
gene-LOC142982570	4769	2248	2476	7402	2990	10059	5039	3011	5741	4529	4882	2416	14177
gene-LOC142982571	0	0	0	0	0	0	0	0	0	0	0	0	2
gene-LOC142982572	1574	1435	1086	1840	629	666	4128	2597	5723	2835	4650	6151	1122
gene-LOC142982574	1630	1664	2259	1553	1307	637	1446	650	887	742	462	724	4116
gene-LOC142982576	143	162	287	101	270	40	74	37	62	79	92	105	64
gene-LOC142982578	87	61	160	62	125	70	31	15	18	39	64	41	110
gene-LOC142982579	240	242	744	178	297	40	195	122	201	192	290	402	263
gene-LOC142982580	181	131	264	225	36	53	100	60	45	105	55	65	265
gene-LOC142982581	1	4	0	0	0	0	0	0	0	1	0	0	0
gene-LOC142982584	1	9	13	7	9	62	4	0	5	1	2	0	35
gene-LOC142982585	0	4	0	0	0	16	0	0	0	3	4	0	44
gene-LOC142982586	3	0	0	0	0	0	60	4	53	0	4	0	101
gene-LOC142982588	417	205	861	516	49	217	228	100	67	163	69	57	620
gene-LOC142982589	0	0	5	0	0	0	0	0	0	0	0	0	0
gene-LOC142982590	90	53	107	59	9	49	177	58	80	123	115	99	96
gene-LOC142982591	128	61	63	146	3	49	84	157	342	131	160	400	86
gene-LOC142982593	23	29	13	38	5	266	90	22	132	298	139	71	87
gene-LOC142982596	7	54	19	53	34	80	18	32	24	30	9	13	92
gene-LOC142982597	1494	20	38	292	27	934	175	44	7202	648	8640	1471	12
gene-LOC142982598	0	0	0	0	111	0	0	0	0	0	0	0	0
gene-LOC142982600	74	32	223	167	504	49	160	73	270	55	172	271	1584
gene-LOC142982602	76	47	52	66	10	51	14	6	9	32	18	29	165
gene-LOC142982604	11	13	15	4	12	51	2	10	4	2	23	6	99
gene-LOC142982607	977	827	2056	207	1043	96	641	382	724	453	493	750	92
gene-LOC142982608	178	292	423	203	272	79	65	39	31	81	54	53	642
gene-LOC142982609	2	11	1	11	0	33	0	2	0	0	0	2	15
gene-LOC142982610	85	62	184	82	145	77	66	10	21	106	129	62	332
gene-LOC142982611	1256	697	661	5958	311	598	2516	1343	3431	2506	2137	3493	433
gene-LOC142982613	8703	12656	17891	10417	10370	5218	9160	10695	7872	16386	12765	5602	24319
gene-LOC142982614	339	245	491	255	194	141	202	87	119	178	139	128	272
gene-LOC142982615	4794	3195	156	1855	156	254	1934	3724	3496	1016	1859	4499	14
gene-LOC142982616	753	387	7	797	9	293	552	591	2187	1100	1455	717	0
gene-LOC142982618	1084	723	1139	1575	743	783	656	376	643	552	467	536	2882
gene-LOC142982619	139	96	104	120	79	22	11	13	37	36	40	16	103
gene-LOC142982620	20	9	59	1	15	0	26	9	10	9	0	26	96
gene-LOC142982621	30	28	67	73	40	58	24	13	18	60	17	61	47
gene-LOC142982624	218	191	169	145	177	241	59	47	37	159	92	57	206
gene-LOC142982625	22	0	61	171	85	5595	734	237	571	58	155	0	0
gene-LOC142982627	80	30	235	72	92	85	55	33	54	131	269	59	1
gene-LOC142982629	502	1270	2909	391	3253	109	211	126	155	114	241	205	3612
gene-LOC142982631	67	47	0	0	13	0	0	0	40	0	50	0	36
gene-LOC142982633	276	173	313	330	95	115	266	166	282	213	173	299	229
gene-LOC142982636	2	7	5	0	0	0	3	0	1	0	0	0	4
gene-LOC142982637	0	0	0	1	0	0	0	0	0	0	0	0	0
gene-LOC142982638	751	336	91	481	53	143	300	135	211	13	49	77	277
gene-LOC142982639	2	6	4	1	14	0	0	0	0	0	0	1	3
gene-LOC142982640	1	3	30	2	0	0	1	0	0	7	2	15	3
gene-LOC142982641	2897	6828	487	662	191	112	1002	1565	5044	802	3315	4547	0
gene-LOC142982642	1	3	0	0	0	0	0	0	0	0	0	0	46
gene-LOC142982644	0	0	1	3	0	11	0	3	0	0	0	0	0
gene-LOC142982645	235	314	411	318	182	167	780	754	1300	894	1615	1305	259
gene-LOC142982646	220	127	239	295	239	76	44	18	43	62	112	75	161
gene-LOC142982648	0	0	0	0	0	0	0	0	0	0	0	0	0
gene-LOC142982649	11	13	6	8	7	10	6	7	0	2	1	1	26
gene-LOC142982650	0	4	0	0	0	0	0	0	0	0	0	0	0
gene-LOC142982652	11	43	40	10	25	6	6	0	0	0	0	1	47
gene-LOC142982653	667	789	1508	470	872	246	206	175	212	203	174	221	593
gene-LOC142982654	31	57	1031	17	6	153	3955	344	124	1133	152	41	0
gene-LOC142982655	14	1	0	7	0	392	64	173	516	85	429	130	0
gene-LOC142982656	12	32	12	22	12	36	45	24	36	14	24	18	32
gene-LOC142982657	109	380	479	174	356	120	36	24	11	77	56	29	25
gene-LOC142982658	0	7	0	0	0	0	0	0	0	0	0	0	0
gene-LOC142982660	285	438	638	494	519	161	660	351	619	671	424	397	817
gene-LOC142982662	4	31	365	12	90	0	24	56	41	12	16	5	233
gene-LOC142982663	91	71	364	206	182	65	37	36	62	41	23	21	371
gene-LOC142982664	27	145	66	20	103	714	19	61	61	5	7	39	405
gene-LOC142982667	0	0	0	0	0	0	0	0	1	0	0	6	0
gene-LOC142982669	126	215	223	21	130	39	291	99	171	3	82	138	747
gene-LOC142982670	4180	2574	3451	3479	3248	2832	966	522	843	925	946	930	8171
gene-LOC142982671	0	0	0	0	0	0	0	0	0	0	0	0	0
gene-LOC142982672	0	0	0	1	0	0	0	1	0	0	6	6	0
gene-LOC142982673	1	0	2	3	0	8	0	0	10	2	0	0	0
gene-LOC142982674	142	68	86	69	13	51	83	27	25	33	52	39	0
gene-LOC142982675	274	194	410	277	292	146	287	197	350	336	362	232	432
gene-LOC142982678	0	1	0	2	0	0	0	0	1	0	0	0	0
gene-LOC142982681	2	0	6	0	0	14	0	0	0	1	7	2	391
gene-LOC142982683	1	31	3	38	11	83	21	19	17	12	21	9	70
gene-LOC142982684	3	27	689	0	116	19	0	0	2	5	4	0	905
gene-LOC142982685	0	0	0	0	0	0	0	0	4	3	2	0	11
gene-LOC142982686	3	1	13	0	0	0	5	0	0	1	0	0	1
gene-LOC142982690	403	222	14	95	70	128	269	231	701	63	108	359	124
gene-LOC142982691	1	5	0	2	11	0	6	3	16	11	6	0	19
gene-LOC142982692	28	13	3	17	0	29	66	10	74	33	11	29	16
gene-LOC142982693	43167	26743	16272	5240	10457	15772	23966	6370	26057	6583	10565	17619	0
gene-LOC142982694	151	35	46	42	23	83	45	50	105	28	163	223	42
gene-LOC142982695	6072	5439	3119	559	2953	1500	3200	1755	3715	1237	1293	2945	0
gene-LOC142982696	117	118	71	33	29	258	199	106	59	812	45	847	6
gene-LOC142982697	116527	51864	33578	23602	18442	58817	57019	17506	46030	23766	13692	21786	0
gene-LOC142982698	137	121	36	63	46	161	172	107	379	144	131	159	42
gene-LOC142982700	881	304	397	999	135	770	553	227	928	707	1685	642	303
gene-LOC142982701	1	15	10	20	26	88	22	69	103	69	59	28	85
gene-LOC142982702	105	32	18	51	45	87	127	53	110	21	49	30	1895
gene-LOC142982703	0	4	1	0	4	0	0	0	0	0	0	0	27
gene-LOC142982704	1	3	7	2	18	0	19	5	28	4	20	13	3
gene-LOC142982709	0	0	0	0	0	0	0	0	0	0	0	0	0
gene-LOC142982710	8	4	0	5	0	0	15	0	2	0	2	2	297
gene-LOC142982711	713	716	420	560	285	146	861	464	1203	536	744	1544	1388
gene-LOC142982712	1	29	20	30	10	12	0	17	14	7	0	2	114
gene-LOC142982713	2	2	3	0	5	0	0	1	0	0	0	0	1
gene-LOC142982716	0	2	0	2	0	9	2	0	0	0	1	3	0
gene-LOC142982717	0	8	2	0	0	0	0	0	0	0	0	0	3
gene-LOC142982718	1515	771	689	991	575	924	28	32	67	158	201	155	304
gene-LOC142982719	1717	1817	2900	1203	987	285	616	275	320	143	86	176	1412
gene-LOC142982720	0	4	1	4	0	12	0	0	0	0	0	0	20
gene-LOC142982721	99	64	119	85	63	18	29	4	32	30	27	32	146
gene-LOC142982722	0	0	0	0	0	0	0	0	0	0	0	0	0
gene-LOC142982723	14	5	11	5	19	0	7	2	4	1	0	0	9
gene-LOC142982724	11	101	27	4	54	0	59	30	107	9	18	90	3
gene-LOC142982725	63	20	33	80	0	31	67	22	75	17	83	194	0
gene-LOC142982726	32	32	30	124	0	15	41	49	129	52	75	51	37
gene-LOC142982727	0	0	0	0	0	0	0	0	0	0	0	0	0
gene-LOC142982728	140	139	1268	28	164	0	95	98	70	50	110	162	2
gene-LOC142982729	3	4	0	0	0	0	0	0	0	1	0	0	0
gene-LOC142982731	455	347	1270	422	317	190	1012	600	1051	633	590	479	96
gene-LOC142982732	188	43	189	181	69	237	420	215	882	398	627	244	153
gene-LOC142982733	3	1	7	0	9	0	0	0	0	1	1	0	0
gene-LOC142982734	4	3	3	0	3	0	4	0	2	0	2	4	6
gene-LOC142982736	792	324	134	2828	146	840	353	113	354	544	816	548	3
gene-LOC142982738	244	142	123	202	72	69	14	8	2	9	12	21	285
gene-LOC142982743	2	0	0	0	0	0	0	0	0	0	0	0	0
gene-LOC142982744	701	955	1588	996	636	218	662	524	591	738	515	797	647
gene-LOC142982745	2	4	0	0	0	0	0	5	1	0	0	0	0
gene-LOC142982747	0	5	0	0	0	0	0	0	0	0	0	0	0
gene-LOC142982748	79	173	1224	217	134	144	69	73	50	119	21	5	23
gene-LOC142982749	0	2	0	0	0	0	0	0	0	0	0	0	0
gene-LOC142982750	4	0	5	1	2	13	0	0	3	3	2	0	12
gene-LOC142982751	0	0	2	0	0	33	0	0	0	0	0	0	0
gene-LOC142982752	455	550	624	366	225	150	1087	621	1094	723	888	998	115
gene-LOC142982754	8	0	6	61	0	0	11	29	29	23	30	27	16
gene-LOC142982755	0	3	3	2	0	0	0	4	2	3	8	8	0
gene-LOC142982756	70	79	137	88	39	21	97	37	45	63	44	63	50
gene-LOC142982758	100	75	157	353	136	192	90	59	147	188	236	88	275
gene-LOC142982760	620	373	441	696	193	207	191	154	206	141	142	123	358
gene-LOC142982762	163	82	17	110	13	234	218	73	527	448	206	1078	35
gene-LOC142982763	603	192	633	950	263	1517	2384	270	426	5552	764	1793	1275
gene-LOC142982765	228	242	358	136	281	81	161	181	278	336	434	277	301
gene-LOC142982767	78	44	38	16	28	12	29	3	27	23	11	29	46
gene-LOC142982768	0	19	25	0	0	0	3	0	1	0	0	14	9
gene-LOC142982770	5012	2828	3853	7895	3942	8179	8128	4465	14374	10382	12855	8350	11882
gene-LOC142982771	0	3	0	0	0	0	0	0	0	2	0	0	0
gene-LOC142982773	0	0	0	0	0	0	0	0	5	2	0	0	179
gene-LOC142982774	0	0	0	0	0	0	0	0	0	0	0	0	0
gene-LOC142982775	495	18	2476	429	24	938	1390	2093	875	38182	32051	3788	0
gene-LOC142982776	32595	3587	18813	6711	22752	4922	43218	70184	187177	56108	66402	23735	0
gene-LOC142982777	9	3	9	3	11	0	8	11	4	4	13	10	2
gene-LOC142982778	2	0	0	0	0	0	0	0	0	0	0	0	0
gene-LOC142982779	9	0	0	5	0	0	0	0	0	0	0	0	8
gene-LOC142982780	57	1582	947	7	29	27	0	5	5	0	0	6	0
gene-LOC142982781	284	243	281	316	112	102	80	101	56	181	114	92	177
gene-LOC142982783	0	0	0	0	0	0	0	0	0	0	0	0	0
gene-LOC142982784	815	1931	1009	338	907	674	948	604	978	543	351	709	1720
gene-LOC142982785	25	23	8	12	52	76	38	23	115	59	42	92	39
gene-LOC142982786	286	36	148	1321	19	1107	1236	376	1149	5970	4840	2271	3
gene-LOC142982787	201	299	20	50	31	133	228	193	500	331	118	296	0
gene-LOC142982788	588	1343	287	355	46	62	1361	1802	641	1128	566	386	10
gene-LOC142982790	0	0	0	0	0	0	0	0	0	0	0	0	0
gene-LOC142982791	4	0	0	1	0	0	0	0	2	1	0	9	8132
gene-LOC142982793	9	6	14	156	0	0	0	0	0	2	0	4	0
gene-LOC142982794	160	557	140	98	42	58	118	75	120	58	69	112	41
gene-LOC142982795	1	6	3	7	0	0	0	0	0	3	0	0	5
gene-LOC142982796	3943	4449	2468	834	645	388	28	980	2966	1660	1374	1366	142
gene-LOC142982797	0	0	0	0	0	0	0	0	0	0	13	2	0
gene-LOC142982798	4	5	8	6	0	0	0	3	5	0	0	0	4
gene-LOC142982799	2	3	14	0	0	0	6	0	0	5	0	0	0
gene-LOC142982800	7	6	17	8	37	7	10	0	2	7	8	2	34
gene-LOC142982801	10	1	0	4	0	0	0	0	0	0	2	0	0
gene-LOC142982802	87	99	229	23	79	0	14	276	11	36	10	25	19
gene-LOC142982803	4	5	6	5	8	7	0	4	4	0	0	0	802
gene-LOC142982805	0	2	0	0	0	0	0	0	0	0	0	0	0
gene-LOC142982806	5738	3690	423	3416	40	490	2022	6229	8483	2973	3795	6416	0
gene-LOC142982807	3	7	16	1	13	0	0	0	0	0	0	0	0
gene-LOC142982808	0	0	0	1	0	0	0	0	0	0	0	0	1
gene-LOC142982809	1	16	2	17	19	0	10	46	78	28	1	16	2
gene-LOC142982811	0	1	0	0	0	0	0	0	0	0	0	0	0
gene-LOC142982812	0	0	0	0	0	0	0	0	0	0	2	0	0
gene-LOC142982813	0	0	0	0	0	0	0	0	0	0	0	0	0
gene-LOC142982814	0	3	0	0	0	0	0	0	0	0	0	0	0
gene-LOC142982815	0	0	0	0	0	0	0	0	0	0	0	0	0
gene-LOC142982816	0	0	0	0	0	0	0	0	0	0	0	0	0
gene-LOC142982817	16	35	7	0	21	0	11	13	45	12	33	37	0
gene-LOC142982818	0	0	0	0	0	0	0	0	0	0	0	3	0
gene-LOC142982819	0	0	0	0	0	0	0	0	0	0	0	0	0
gene-LOC142982820	224	128	152	521	40	294	789	444	1412	1197	1997	1959	305
gene-LOC142982821	0	0	0	0	0	0	0	0	0	0	0	0	0
gene-LOC142982822	38	29	85	3	25	0	226	56	77	4	44	7	0
gene-LOC142982823	1	0	0	0	0	0	0	0	0	0	0	0	6
gene-LOC142982824	0	0	2	0	0	0	0	0	0	0	0	0	0
gene-LOC142982825	1	1	0	2	0	0	0	0	0	0	0	0	0
gene-LOC142982826	2	7	2	2	0	0	0	0	2	1	0	0	11
gene-LOC142982828	2	0	0	0	0	0	0	0	0	0	0	2	0
gene-LOC142982830	516	724	264	1873	109	6547	487	819	487	127	231	317	759
gene-LOC142982831	79	52	117	173	39	50	147	50	102	87	106	140	89
gene-LOC142982832	4	18	192	14	306	40	5	3	12	40	6	5	0
gene-LOC142982833	0	0	0	0	0	0	0	0	0	0	0	0	0
gene-LOC142982836	2817	942	813	2310	656	2424	6704	2496	21913	8555	15683	12639	1628
gene-LOC142982837	34	29	49	22	39	18	32	44	47	24	35	35	235
gene-LOC142982839	0	0	0	0	0	0	0	0	3	0	0	2	0
gene-LOC142982840	1661	29	282	854	106	561	314	433	821	348	293	649	0
gene-LOC142982841	0	13	165	0	0	10	178	9	2	25	6	0	0
gene-LOC142982842	664	1367	2232	526	748	259	433	517	624	263	171	525	1178
gene-LOC142982843	31	58	21	44	166	792	242	156	479	144	329	82	399
gene-LOC142982844	3	1	5	2	0	9	0	9	1	0	0	0	272
gene-LOC142982846	0	0	0	0	0	0	0	0	0	0	0	0	0
gene-LOC142982848	90	29	100	70	11	55	46	39	15	22	26	29	18
gene-LOC142982849	0	0	1	1	0	4	3	0	0	0	6	0	1
gene-LOC142982850	878	950	2344	1344	755	321	1341	448	599	1233	1243	1777	25
gene-LOC142982852	0	4	1	0	0	0	0	0	0	0	0	0	0
gene-LOC142982853	0	0	0	0	0	0	0	0	0	0	0	0	0
gene-LOC142982854	0	0	0	0	0	0	0	3	0	0	0	0	0
gene-LOC142982857	16	27	15	6	0	12	14	14	12	24	24	17	0
gene-LOC142982858	0	0	4	0	0	0	0	0	0	1	0	4	0
gene-LOC142982860	0	0	0	0	0	0	0	1	0	0	0	0	0
gene-LOC142982861	59	19	83	4	3	0	27	17	40	4	45	34	1
gene-LOC142982862	863	1950	55	514	42	373	433	1185	670	1172	504	535	1
gene-LOC142982863	2	2	1	10	1	12	5	2	1	6	6	12	1016
gene-LOC142982867	815	372	662	501	265	761	840	518	472	1022	1759	455	3220
gene-LOC142982869	13	12	28	8	10	0	24	28	39	19	7	6	22
gene-LOC142982870	0	5	5	3	0	22	19	4	0	0	0	0	52
gene-LOC142982871	1301	1206	193	2458	482	1066	1564	3910	2145	1312	1014	1174	10
gene-LOC142982872	225	376	160	125	127	24	70	66	41	56	38	37	388
gene-LOC142982873	136	130	144	85	220	17	173	129	143	95	50	114	123
gene-LOC142982875	310	393	1201	193	207	451	372	192	788	1463	1771	1403	7
gene-LOC142982876	1317	1072	7	797	106	3149	1802	4559	6902	4999	4323	1065	0
gene-LOC142982881	0	0	1	1	0	0	0	0	3	0	0	1	1
gene-LOC142982882	0	0	7	1	0	0	3	0	1	0	0	1	199
gene-LOC142982884	0	0	1	0	0	0	0	0	0	0	0	0	0
gene-LOC142982885	0	1	0	0	1	0	0	3	0	0	0	0	0
gene-LOC142982886	0	0	4	0	0	0	0	0	0	0	0	0	0
gene-LOC142982887	120258	15024	229836	41861	24212	10556	24772	64076	58273	43956	119851	176576	3
gene-LOC142982888	0	0	0	2	0	0	0	0	0	0	0	0	0
gene-LOC142982889	562	15	12	7	0	3757	2995	2605	17228	362	13147	1461	0
gene-LOC142982892	0	0	2	0	0	0	0	0	0	0	0	0	12
gene-LOC142982893	0	0	0	0	0	0	0	0	0	1	0	0	0
gene-LOC142982894	1647	854	901	2005	1012	1868	6351	3421	4948	5216	8913	5183	1384
gene-LOC142982895	715	505	673	646	598	442	80	98	46	197	140	122	1314
gene-LOC142982896	1	4	0	0	0	0	0	0	0	0	0	2	5
gene-LOC142982897	113	3752	887	27	8	0	6	118	0	5	1	40	0
gene-LOC142982898	1460	84	3004	662	189	1551	2250	5308	1154	36124	40222	4915	0
gene-LOC142982899	1	5	11	8	33	109	0	3	5	0	10	0	40
gene-LOC142982900	1	0	2	0	0	0	0	0	0	0	4	0	1
gene-LOC142982901	10	16	13	53	4	38	26	2	29	39	93	28	87
gene-LOC142982902	0	0	0	0	0	0	0	0	0	0	0	0	0
gene-LOC142982905	0	0	3	3	0	0	0	0	0	0	0	0	0
gene-LOC142982907	1	4	0	0	0	0	0	0	0	0	0	0	0
gene-LOC142982908	0	0	0	1	0	0	0	0	0	0	0	0	0
gene-LOC142982909	1	3	6	0	0	0	0	0	8	0	0	0	4
gene-LOC142982910	2	3	0	2	0	0	3	1	0	2	4	6	31
gene-LOC142982912	92	171	127	0	574	26	0	0	8	0	0	0	13
gene-LOC142982914	579	319	132	3598	147	2064	300	178	264	1271	916	1083	382
gene-LOC142982915	216	127	134	379	72	74	412	404	980	629	249	468	678
gene-LOC142982918	0	0	0	0	0	0	0	0	0	0	0	0	0
gene-LOC142982920	3	60	7	59	34	159	7	8	15	3	0	6	86
gene-LOC142982921	169	320	565	241	172	258	55	29	95	21	86	46	2306
gene-LOC142982922	27	22	25	38	48	59	82	101	54	93	40	63	67
gene-LOC142982923	0	0	0	2	9	0	15	8	30	3	7	0	631
gene-LOC142982924	0	0	12	0	0	50	11	7	9	2	10	0	6749
gene-LOC142982925	0	0	0	0	0	0	0	0	0	0	0	0	5
gene-LOC142982926	630	374	383	798	153	1345	510	174	282	322	338	284	475
gene-LOC142982927	29	13	0	33	15	14	16	20	50	66	11	83	1
gene-LOC142982929	6	13	11	3	0	0	0	7	4	5	0	19	0
gene-LOC142982930	383	442	1158	6056	832	1011	102	149	173	72	68	85	4496
gene-LOC142982931	5	28	13	2	19	0	20	22	49	42	41	78	29
gene-LOC142982932	5561	2612	1666	2924	1436	4271	1500	566	799	667	1796	2642	5811
gene-LOC142982933	6	4	9	1	0	0	5	3	6	5	3	12	0
gene-LOC142982935	759	365	334	622	329	966	251	97	212	388	586	390	1133
gene-LOC142982936	24	6	8	18	0	8	29	15	27	20	31	32	22
gene-LOC142982942	0	0	0	0	0	0	0	0	0	0	0	0	0
gene-LOC142982943	1628	639	792	793	506	636	441	181	418	1322	692	404	465
gene-LOC142982944	0	0	0	0	0	0	0	0	0	0	0	0	0
gene-LOC142982946	1118	966	1145	848	519	553	491	276	396	497	474	463	768
gene-LOC142982947	0	0	0	1	0	0	0	0	0	0	0	0	0
gene-LOC142982948	86	60	67	27	19	112	73	28	42	14	50	40	153
gene-LOC142982950	0	0	0	0	0	0	0	0	0	0	0	0	0
gene-LOC142982962	165	153	253	113	96	231	57	40	76	89	76	51	177
gene-LOC142982964	26	16	1	11	0	0	9	15	14	9	25	0	43
gene-LOC142982965	1	0	0	0	0	18	0	0	0	0	1	0	7
gene-LOC142982966	0	0	0	0	0	0	0	0	0	0	0	0	40
gene-LOC142982967	8	2	5	5	8	7	0	0	2	1	0	0	1
gene-LOC142982968	0	1	0	0	0	0	0	0	0	0	0	0	8
gene-LOC142982969	0	0	0	0	0	9	0	0	0	0	0	0	0
gene-LOC142982970	2	4	2	0	0	0	0	0	0	4	3	0	1
gene-LOC142982971	10	6	14	8	4	365	30	13	4	2	1	1	255
gene-LOC142982972	0	0	0	0	0	0	0	0	0	0	0	0	3
gene-LOC142982973	0	1	0	0	0	0	0	0	0	0	0	0	0
gene-LOC142982974	0	0	0	0	0	0	0	0	0	0	0	0	0
gene-LOC142982975	0	2	49	2	5	0	3	0	7	0	8	0	28
gene-LOC142982976	0	0	0	0	0	0	0	0	0	0	0	0	0
gene-LOC142982977	0	0	0	0	0	0	0	0	0	0	0	0	0
gene-LOC142982978	0	0	0	0	0	0	0	0	0	0	0	0	0
gene-LOC142982980	0	0	0	1	0	0	0	0	0	0	0	0	0
gene-LOC142982981	0	0	0	0	0	0	0	0	0	0	0	0	0
gene-LOC142982982	12	14	2	7	4	0	10	4	201	11	9	8	4
gene-LOC142982983	65	4	0	72	8	29	22	92	326	69	176	40	19
gene-LOC142982984	26	18	31	46	53	0	1	36	303	176	0	2	0
gene-LOC142982985	57	9	41	10	16	51	57	14	79	71	15	137	14
gene-LOC142982986	0	0	0	0	0	0	0	0	0	2	0	0	0
gene-LOC142982987	3	1	0	0	0	0	6	3	10	2	9	0	9
gene-LOC142982988	0	3	0	0	0	0	0	0	0	5	0	0	3
gene-LOC142982989	60	25	53	54	7	61	15	0	3	7	5	0	64
gene-LOC142982990	1	2	3	1	0	0	41	19	37	36	330	76	0
gene-LOC142982991	0	0	0	0	0	0	0	0	0	0	0	0	0
gene-LOC142982992	546	659	28	1123	57	131	10	176	135	243	760	259	0
gene-LOC142982993	1829	1417	1648	914	947	766	236	150	172	259	325	231	1768
gene-LOC142982994	0	0	0	0	0	0	0	0	0	0	0	0	0
gene-LOC142982996	0	0	0	0	0	0	0	0	0	0	0	0	0
gene-LOC142982997	0	0	0	0	0	0	0	0	0	0	0	6	0
gene-LOC142982998	0	0	4	0	0	0	0	0	0	2	0	0	0
gene-LOC142982999	7	0	5	3	0	0	1	0	2	4	4	0	6
gene-LOC142983000	1	0	2	0	0	0	0	0	0	0	1	0	0
gene-LOC142983001	3	0	1	0	0	0	5	0	0	0	0	0	33
gene-LOC142983002	0	0	0	0	0	0	0	0	0	0	0	0	13332
gene-LOC142983003	289	1111	4635	430	1294	14	154	144	129	110	40	18	66
gene-LOC142983004	7199	2031	530	6589	572	3337	5353	2548	10593	11740	8051	13106	1541
gene-LOC142983005	1	0	0	0	0	0	0	0	0	0	0	0	0
gene-LOC142983006	0	0	0	0	0	0	0	4	0	0	0	0	0
gene-LOC142983007	0	0	0	5	0	0	0	0	0	0	0	0	0
gene-LOC142983008	2	0	0	1	0	0	0	0	0	0	0	0	20
gene-LOC142983010	0	0	0	1	0	0	0	4	0	0	0	0	0
gene-LOC142983011	2	3	1	0	0	0	0	0	0	0	0	0	1
gene-LOC142983012	0	0	0	0	0	0	0	0	0	0	0	0	0
gene-LOC142983013	0	0	0	0	0	0	0	0	0	0	0	0	0
gene-LOC142983014	29	11	44	13	18	0	10	4	33	12	30	16	8
gene-LOC142983017	2	2	0	0	0	0	0	0	0	0	0	0	13
gene-LOC142983020	0	4	21	3	0	13	0	2	3	0	10	0	707
gene-LOC142983021	13	14	167	44	112	674	36	41	74	7	41	3	827
gene-LOC142983022	2	6	122	10	33	552	5	17	159	6	243	0	20711
gene-LOC142983024	12	10	7	17	0	9	5	6	64	13	84	41	32
gene-LOC142983026	304	210	272	296	127	101	155	60	52	127	66	52	430
gene-LOC142983029	249	518	708	73	475	82	84	94	36	55	33	55	532
gene-LOC142983030	1293	1501	258	1959	63	1037	2037	3835	3331	1758	2189	3745	440
gene-LOC142983032	7978	9454	5717	3175	813	4595	17308	10708	30397	14526	27789	13642	1
gene-LOC142983033	50	4	2	57	3	39	33	188	1062	430	281	89	0
gene-LOC142983034	194	113	69	357	13	8	67	84	170	67	30	65	228
gene-LOC142983036	1314	580	234	635	15	97	82	36	12	7	11	12	54
gene-LOC142983038	0	0	6	0	0	0	0	0	0	0	2	0	0
gene-LOC142983040	2467	1085	999	748	166	501	637	171	608	787	891	711	280
gene-LOC142983041	249	256	259	209	136	71	114	79	163	189	104	126	439
gene-LOC142983043	0	4	10	0	11	0	1	0	0	1	0	0	2
gene-LOC142983044	701	347	803	697	292	248	264	181	236	207	154	302	1383
gene-LOC142983045	499	371	129	819	94	275	388	267	410	340	408	455	403
gene-LOC142983046	3389	3496	5822	1596	3826	894	4529	2669	2036	2770	1314	2230	1265
gene-LOC142983047	14	8	35	10	32	27	6	1	4	1	3	4	719
gene-LOC142983050	0	0	0	0	0	0	0	0	0	0	0	0	0
gene-LOC142983051	200	65	136	135	56	121	31	19	14	18	11	9	123
gene-LOC142983053	0	0	0	0	0	0	0	0	0	0	0	0	0
gene-LOC142983054	220	183	271	446	125	181	192	56	124	109	147	173	629
gene-LOC142983055	4	4	4	7	117	0	0	0	2	0	4	9	6
gene-LOC142983056	5	4	3	14	102	0	4	0	5	7	0	7	42
gene-LOC142983057	2056	2380	2899	6434	1005	391	1467	398	482	923	242	419	477
gene-LOC142983058	4	0	12	1	0	14	9	3	4	0	0	0	2701
gene-LOC142983062	203	169	170	219	112	138	281	212	384	266	266	268	314
gene-LOC142983063	5746	3081	2841	8610	3606	11078	3753	2557	8846	7869	13583	4919	27168
gene-LOC142983067	0	0	0	0	0	0	0	0	0	0	0	0	0
gene-LOC142983069	10583	1263	21	3187	134	9806	613	1686	77	5079	6333	12357	0
gene-LOC142983070	244	38	76	78	12	93	155	12	4	63	38	32	309
gene-LOC142983071	2116	1077	3935	661	912	2889	831	3202	2101	1116	4152	647	2257
gene-LOC142983074	2	0	8	4	0	0	0	0	0	6	3	2	223
gene-LOC142983075	2	0	0	1	0	0	0	4	0	1	0	0	81
gene-LOC142983077	472	177	231	345	138	215	220	123	271	205	214	379	329
gene-LOC142983082	53	24	49	252	14	25	66	27	90	74	103	89	98
gene-LOC142983083	1	2	2	1	0	0	4	1	6	3	8	6	101
gene-LOC142983084	1979	613	3326	1132	1572	1215	194	1654	485	159	434	158	1737
gene-LOC142983085	2279	410	1725	746	1033	1403	428	1403	916	358	1991	295	1114
gene-LOC142983086	12	9	17	4	20	0	11	9	8	7	3	7	18
gene-LOC142983087	10076	6908	11775	10742	4472	2435	12080	4358	11157	13550	6425	17950	0
gene-LOC142983088	12	60	941	0	104	0	2	0	0	0	3	0	171
gene-LOC142983091	819	427	1366	67	477	823	78	979	288	79	438	69	1256
gene-LOC142983092	206	130	240	209	116	116	82	20	37	48	30	14	278
gene-LOC142983095	774	715	324	1702	297	564	584	342	550	1246	1291	1392	215
gene-LOC142983096	0	0	0	0	0	0	0	0	0	0	0	0	0
gene-LOC142983097	2817	197	766	436	637	74	147	483	281	128	625	70	504
gene-LOC142983098	29	23	47	15	0	0	43	25	18	9	9	12	22
gene-LOC142983100	5130	344	491	2046	216	1353	2361	889	1648	2938	1423	2040	796
gene-LOC142983101	0	0	0	0	0	0	0	0	0	0	0	0	0
gene-LOC142983104	7	53	18	54	64	549	32	43	45	8	1	10	181
gene-LOC142983105	0	0	6	0	0	0	0	0	0	0	0	0	6
gene-LOC142983106	0	0	0	1	1	0	0	0	0	5	2	0	0
gene-LOC142983107	14	22	16	16	37	0	1	9	6	9	5	0	45
gene-LOC142983109	23	15	29	49	19	0	31	60	65	10	14	24	28
gene-LOC142983110	4	4	6	0	10	0	0	0	6	2	3	1	0
gene-LOC142983111	1672	525	2185	253	687	916	408	1882	861	331	1527	235	1426
gene-LOC142983112	1	1	1	0	0	0	0	0	2	0	0	0	5827
gene-LOC142983113	39	55	53	119	70	0	80	185	231	51	50	57	52
gene-LOC142983114	219	0	76	204	573	346	8	29	7	0	20	8	58
gene-LOC142983115	1	3	0	0	0	0	0	0	0	0	0	0	0
gene-LOC142983117	142	441	284	180	38	80	440	196	259	179	36	290	607
gene-LOC142983121	6216	7377	20611	2009	4260	3637	4835	1700	3900	3442	2342	2050	163
gene-LOC142983122	154	136	185	242	49	63	194	57	161	145	131	134	299
gene-LOC142983124	792	776	1576	186	450	140	689	574	461	299	874	452	294
gene-LOC142983125	1716	1628	393	2597	173	314	225	85	52	112	49	121	25
gene-LOC142983126	0	0	0	0	20	22	3	0	2	3	4	0	0
gene-LOC142983127	0	0	4	0	0	0	0	0	0	2	0	0	0
gene-LOC142983128	2	6	0	0	0	0	0	0	1	0	0	0	2
gene-LOC142983129	0	0	0	0	0	0	0	0	0	0	0	0	0
gene-LOC142983130	459	230	1201	173	1215	404	41	292	87	34	76	2	969
gene-LOC142983131	111	94	134	194	54	60	8	12	16	50	16	11	61
gene-LOC142983132	31532	22489	34192	18681	10197	4764	21002	15044	16875	15034	15890	15470	48
gene-LOC142983133	403	316	555	408	514	380	248	137	314	246	305	302	311
gene-LOC142983134	13	1	25	0	0	0	0	0	6	0	0	0	3
gene-LOC142983135	1829	16827	21757	2939	5080	2046	5151	8326	3611	7362	2505	5558	64
gene-LOC142983138	0	0	6	0	0	0	0	0	1	0	0	0	0
gene-LOC142983139	0	0	0	0	0	14	0	0	0	0	0	0	0
gene-LOC142983140	0	0	0	0	0	0	0	0	0	0	0	0	13
gene-LOC142983141	529	635	1211	315	779	114	441	324	218	250	405	483	180
gene-LOC142983142	0	1	0	0	13	0	4	0	0	2	0	0	139
gene-LOC142983143	1	0	0	0	0	0	0	0	0	0	0	0	0
gene-LOC142983144	13	2	2	13	10	0	79	0	8	4	5	13	12
gene-LOC142983145	15	0	5	4	0	12	45	7	14	21	133	30	0
gene-LOC142983146	101	160	413	37	139	0	52	23	10	10	10	3	343
gene-LOC142983147	0	0	0	0	0	0	0	3	0	0	0	2	0
gene-LOC142983148	2583	4185	4638	2782	2428	666	1868	1131	855	1469	962	1014	1122
gene-LOC142983149	20	345	25	143	103	20	682	1896	1130	736	190	337	40
gene-LOC142983152	0	0	3	0	0	98	0	0	0	0	0	3	151
gene-LOC142983153	0	0	0	0	0	0	0	0	0	0	0	0	0
gene-LOC142983154	1	0	4	15	0	0	1	0	0	0	2	0	0
gene-LOC142983155	8	60	3	75	24	4584	52	12	34	10	12	10	90
gene-LOC142983156	522	118	21	482	4	377	650	820	1086	1302	1894	1819	0
gene-LOC142983158	0	2	0	0	0	27	0	0	0	0	1	0	0
gene-LOC142983159	0	0	0	1	0	0	0	0	0	0	0	0	0
gene-LOC142983160	0	3	5	2	0	0	0	0	25	0	11	4	645
gene-LOC142983161	0	13	2	2	0	0	12	7	0	1	1	1	23
gene-LOC142983163	53	21	123	118	52	121	20	26	8	28	41	35	261
gene-LOC142983164	133650	16276	460	69716	906	88183	8882	17237	13731	50564	58249	73778	0
gene-LOC142983166	11	6	2	3	0	44	0	3	2	2	0	0	128
gene-LOC142983167	2	0	2	1	0	0	0	0	0	0	0	0	29
gene-LOC142983168	4	10	1	0	0	11	9	5	6	0	5	12	7
gene-LOC142983169	0	0	0	0	0	0	0	1	4	1	3	1	3
gene-LOC142983170	0	0	1	7	0	0	0	0	0	0	0	0	0
gene-LOC142983171	0	0	0	4	7	0	2	1	4	0	2	0	206
gene-LOC142983172	92	30	10	121	30	72	134	71	117	149	170	133	3
gene-LOC142983173	18	6	32	5	12	30	2	4	2	0	15	3	42
gene-LOC142983174	22	100	518	23	357	14	9	203	33	11	102	13	415
gene-LOC142983175	58	166	580	711	433	569	180	144	326	435	172	91	352
gene-LOC142983176	1	1	6	0	0	22	3	0	2	0	1	0	14
gene-LOC142983177	0	0	0	0	0	0	0	0	0	0	0	0	0
gene-LOC142983179	0	0	0	0	0	0	0	12	4	0	0	1	1
gene-LOC142983180	42	44	49	29	255	159	17	7	16	16	47	25	403
gene-LOC142983181	6	5	16	7	59	20	4	5	3	0	0	8	1105
gene-LOC142983182	2	16	21	1	0	0	6	5	0	10	7	11	21
gene-LOC142983183	0	0	0	0	0	0	0	0	0	0	0	0	0
gene-LOC142983184	2711	552	460	2771	267	4296	1520	776	3165	2390	6298	3551	201
gene-LOC142983185	197	186	82	330	6	98	147	118	63	168	19	80	171
gene-LOC142983186	3667	668	3506	659	1047	2121	734	740	3814	1013	3480	2795	1323
gene-LOC142983187	390	454	487	317	251	120	292	163	226	220	187	284	214
gene-LOC142983188	0	0	0	0	0	23	20	26	37	22	16	0	0
gene-LOC142983189	48	10	51	95	54	205	142	128	296	167	282	273	228
gene-LOC142983190	5	2	14	19	0	0	2	10	5	7	9	13	35
gene-LOC142983191	237	310	680	218	197	113	440	323	358	333	259	456	183
gene-LOC142983192	404	464	656	348	485	224	997	881	1816	1186	2195	1454	370
gene-LOC142983194	0	0	0	0	0	0	0	0	0	0	0	0	0
gene-LOC142983195	641	97	61	559	8	18	161	164	478	79	220	92	11
gene-LOC142983196	5923	2345	8428	6858	4022	24249	4454	9013	9343	5993	17323	7659	57
gene-LOC142983197	28	58	357	7	459	0	9	12	9	12	3	175	186
gene-LOC142983198	1	0	4	0	0	0	0	0	0	0	0	0	0
gene-LOC142983199	23	13	48	1	20	0	2	13	5	4	4	0	17
gene-LOC142983200	0	3	0	0	0	0	0	0	0	0	0	4	0
gene-LOC142983201	209041	22604	33311	23797	5489	27061	2562	3410	3499	15086	16554	7744	0
gene-LOC142983202	81	34	4	5648	36	441	18	23	83	747	1471	172	0
gene-LOC142983204	2	5	0	0	0	0	0	0	0	0	0	0	5
gene-LOC142983205	1	0	0	1	0	0	0	0	0	0	0	5	5
gene-LOC142983206	0	0	2	0	0	0	0	0	0	0	0	0	0
gene-LOC142983208	1343	821	1492	319	971	488	391	130	441	233	349	412	567
gene-LOC142983209	0	4	31	1	0	0	2	2	0	0	0	0	23
gene-LOC142983210	114	1544	270	697	887	18344	1108	2343	1284	362	317	545	4407
gene-LOC142983211	39	40	138	62	43	68	26	38	55	4	11	5	148
gene-LOC142983213	2299	2888	1901	5530	608	21983	37327	33839	60036	17139	43171	27965	9
gene-LOC142983214	265	157	564	532	35	99	195	102	162	141	128	95	111
gene-LOC142983215	0	0	0	0	0	0	0	0	0	0	0	0	0
gene-LOC142983216	0	0	0	0	0	0	0	0	0	0	0	0	0
gene-LOC142983217	2	0	53	16	88	177	42	36	43	18	21	3	0
gene-LOC142983218	4	6	2	0	0	0	0	2	3	3	1	9	7
gene-LOC142983219	16	16	44	58	50	13	4	6	0	2	12	24	15
gene-LOC142983220	140	72	116	203	69	212	96	52	133	158	191	132	235
gene-LOC142983221	267	11	10880	328	5355	105	422	23	585	293	673	178	0
gene-LOC142983222	179	8	2	89	0	100	68	205	1228	461	250	112	0
gene-LOC142983223	0	0	14	1	0	0	0	0	0	0	0	0	5
gene-LOC142983224	250	191	318	224	94	31	80	44	11	90	58	77	181
gene-LOC142983225	223	125	443	299	97	64	286	165	412	365	536	602	222
gene-LOC142983226	2	9	5	0	6	0	0	0	0	2	0	0	4
gene-LOC142983227	22	4	4	51	0	32	11	0	2	1	53	15	155
gene-LOC142983228	0	0	0	0	0	0	0	0	0	0	0	0	44
gene-LOC142983229	39	13	7	65	27	72	163	104	492	162	500	479	50
gene-LOC142983231	0	0	0	0	0	0	0	0	0	0	0	0	0
gene-LOC142983232	0	3	0	2	0	0	0	0	3	1	0	6	0
gene-LOC142983233	0	4	0	0	0	0	0	0	0	0	0	0	0
gene-LOC142983234	576	438	131	820	65	115	395	312	506	291	183	239	0
gene-LOC142983235	1089	174	94	331	135	15441	80	699	175	119	120	123	438
gene-LOC142983236	350	431	328	240	95	20399	132	1725	261	343	443	179	1277
gene-LOC142983237	475	226	259	157	0	11874	152	1429	286	171	258	121	709
gene-LOC142983238	0	0	0	0	0	0	0	0	0	1	0	0	0
gene-LOC142983239	1220	1334	4580	2414	471	317	719	393	506	560	465	598	0
gene-LOC142983240	0	0	3	1	0	0	0	0	0	0	0	0	0
gene-LOC142983241	0	0	10	1	0	0	0	0	0	0	0	0	184
gene-LOC142983248	1	6	0	1	0	0	38	12	9	5	0	0	0
gene-LOC142983249	4	3	0	0	0	0	0	3	0	0	0	0	0
gene-LOC142983250	2	0	3	2	8	13	0	0	0	0	0	1	73
gene-LOC142983252	146	97	62	106	71	60	0	9	1	5	4	12	902
gene-LOC142983253	0	1	0	2	0	0	0	0	0	0	0	0	0
gene-LOC142983254	609	594	389	723	753	549	3281	1909	5893	5358	5274	2469	0
gene-LOC142983255	0	34	0	0	328	0	0	2	0	0	10	5	0
gene-LOC142983257	84237	44734	68388	44395	13180	11055	17064	13759	13163	13644	10733	12760	1395
gene-LOC142983258	594	1109	1987	957	415	316	51	52	44	147	76	102	151
gene-LOC142983262	177	38	209	130	0	0	117	39	34	76	19	54	10
gene-LOC142983263	683	539	573	506	184	129	94	61	63	43	57	45	1066
gene-LOC142983264	252	308	130	94	126	467	749	425	1665	213	564	438	379
gene-LOC142983267	2564	368	882	2432	447	1253	724	539	536	533	202	1036	243
gene-LOC142983268	0	0	0	0	0	0	0	0	0	0	0	0	81
gene-LOC142983269	0	0	0	0	0	0	0	0	0	0	0	0	0
gene-LOC142983270	0	0	0	0	0	0	0	0	0	0	0	0	0
gene-LOC142983271	0	0	0	0	0	0	0	0	0	0	0	0	0
gene-LOC142983272	251	174	136	339	138	247	96	40	63	104	142	94	748
gene-LOC142983273	3	1	5	0	0	0	0	0	0	0	0	0	43
gene-LOC142983276	0	0	0	0	0	0	0	0	0	3	0	0	0
gene-LOC142983277	0	0	0	0	0	0	0	0	0	0	1	0	0
gene-LOC142983284	0	0	0	0	0	0	0	0	0	0	0	0	0
gene-LOC142983301	0	15	3	1	6	1	0	20	22	29	6	14	4
gene-LOC142983308	0	15	3	1	6	1	50	0	22	29	6	14	4
gene-LOC142983309	0	15	3	1	6	1	0	20	0	29	6	14	4
gene-LOC142983310	0	15	3	1	6	1	0	20	0	0	6	14	4
gene-LOC142983312	0	1	0	0	0	0	0	0	0	0	0	0	0
gene-LOC142983314	0	15	3	1	6	1	0	20	0	29	6	14	4
gene-LOC142983315	0	2	0	7	0	1	8	0	0	0	0	0	0
gene-LOC142983316	0	0	0	0	0	1	0	0	0	0	0	0	0
gene-LOC142983317	0	0	0	0	0	0	0	0	0	0	0	0	0
gene-LOC142983318	0	0	0	0	0	0	0	1	0	0	0	0	0
gene-LOC142983319	4	31	4	13	17	12	11	16	23	22	14	30	4
gene-LOC142983320	4	5	1	0	10	8	2	5	8	8	9	7	2
gene-LOC142983321	0	0	0	0	0	0	0	0	0	0	0	0	0
gene-LOC142983322	0	0	0	0	0	0	0	0	0	0	0	0	0
gene-LOC142983323	1316	3710	2033	2828	4704	2287	1855	2350	1016	793	680	1134	1019
gene-LOC142983327	496	379	927	907	418	347	284	158	104	223	151	177	573
gene-LOC142983375	868	449	600	1522	463	703	414	194	626	406	686	552	1501
gene-LOC142983381	0	1	0	0	0	0	0	0	1	0	0	0	0
gene-LOC142983382	0	1	5	2	7	0	0	0	0	0	0	0	2
gene-LOC142983383	0	0	0	0	0	0	0	0	0	0	0	0	0
gene-LOC142983384	7	12	57	1	54	0	0	0	0	4	0	0	6
gene-LOC142983385	21	0	5	4	6	0	7	0	23	9	11	52	0
gene-LOC142983386	4085	41	36	114	10	0	293	621	1701	15	35	3	0
gene-LOC142983389	0	0	0	0	0	0	0	0	0	0	0	0	4
gene-LOC142983390	50	17	54	5	79	14	6	17	11	16	7	13	1546
gene-LOC142983391	0	0	0	0	0	0	0	0	0	0	0	0	0
gene-LOC142983392	0	8	0	0	0	0	0	0	0	0	0	0	0
gene-LOC142983393	0	0	0	0	0	0	0	0	0	0	0	0	0
gene-LOC142983394	1	1	0	2	0	12	0	1	0	0	0	2	0
gene-LOC142983395	0	4	6	4	7	145	3	10	41	5	19	0	4
gene-LOC142983396	0	0	0	0	0	0	0	0	0	0	0	0	0
gene-LOC142983397	0	0	0	0	0	0	0	0	3	0	0	0	4
gene-LOC142983399	0	1	0	1	20	0	3	5	1	0	0	0	68
gene-LOC142983400	3	0	0	0	0	0	0	0	0	0	0	0	2
gene-LOC142983401	0	0	0	0	8	0	0	0	0	0	0	0	0
gene-LOC142983402	92	326	167	300	243	32	1009	758	1412	451	178	239	397
gene-LOC142983403	0	0	0	0	0	0	0	0	0	0	0	0	0
gene-LOC142983404	0	0	0	0	0	0	0	0	0	0	3	0	0
gene-LOC142983405	0	3	0	0	0	0	0	0	0	0	0	0	0
gene-LOC142983407	0	0	0	0	0	0	2	0	0	0	0	0	0
gene-LOC142983408	0	0	3	0	0	0	7	0	0	0	0	0	0
gene-LOC142983409	0	0	0	0	0	0	0	0	0	0	0	0	0
gene-LOC142983411	314	117	101	165	32	21	108	41	47	92	72	88	77
gene-LOC142983414	0	0	0	0	0	13	0	0	0	0	0	0	0
gene-LOC142983415	0	6	0	1	0	0	0	0	0	0	0	0	0
gene-LOC142983419	0	0	0	0	0	0	0	0	0	0	0	0	0
gene-LOC142983420	153	124	247	245	212	83	15	32	33	42	66	51	1139
gene-LOC142983421	467	199	224	397	176	326	32	22	52	49	85	88	460
gene-LOC142983424	1896	1318	26	385	100	592	1464	885	1502	445	379	611	0
gene-LOC142983425	9	1	3	4	6	29	13	5	7	5	6	13	44
gene-LOC142983426	1	3	0	0	0	0	0	0	7	2	2	8	30
gene-LOC142983427	22	161	1154	98	79	17	395	616	1239	237	127	3	0
gene-LOC142983428	680	473	262	1056	101	624	831	244	768	902	1000	964	0
gene-LOC142983431	3926	970	703	3545	590	6065	4594	1231	11503	3709	15324	9433	2268
gene-LOC142983432	175	4	64	0	1	1357	0	17	4077	717	21	0	22
gene-LOC142983433	12	15	48	16	27	198	9	3	26	18	33	1	4142
gene-LOC142983435	304	39	76	190	19	172	58	28	58	121	118	71	21
gene-LOC142983437	2	8	13	22	23	81	30	5	25	7	8	5	30
gene-LOC142983439	144	91	143	118	12	67	312	171	317	225	296	314	94
gene-LOC142983440	12	21	26	14	15	0	10	16	18	35	22	28	9
gene-LOC142983442	116	68	172	68	114	50	15	28	13	28	20	25	361
gene-LOC142983444	1030	1461	1001	592	506	331	67	85	69	163	146	131	414
gene-LOC142983445	48	0	25	2	2	74	7	5	0	6	0	1	0
gene-LOC142983446	0	0	0	0	0	0	0	0	0	0	1	0	0
gene-LOC142983447	0	0	0	0	0	0	0	3	0	0	0	0	0
gene-LOC142983448	650	177	172	701	134	386	475	142	398	508	490	210	719
gene-LOC142983450	4	9	39	8	0	85	1	0	0	1	1	0	425
gene-LOC142983451	58	50	46	66	20	10	87	45	35	87	56	88	29
gene-LOC142983452	4962	3044	891	3498	530	2525	2868	1652	3417	3731	2966	1841	2123
gene-LOC142983453	103	86	204	80	68	50	130	62	80	115	97	102	30
gene-LOC142983454	1368	1036	2628	5394	1706	1909	1757	1284	3271	1706	2612	3423	10703
gene-LOC142983455	330	485	225	371	153	165	152	52	23	62	22	55	960
gene-LOC142983456	78	87	124	206	8	21	90	68	113	136	110	43	2188
gene-LOC142983457	10	1	4	10	0	0	2	2	4	2	2	0	4
gene-LOC142983458	0	0	0	0	0	0	0	0	0	0	0	0	19
gene-LOC142983461	0	0	0	0	0	0	0	0	0	0	0	0	0
gene-LOC142983464	2708	7769	15382	411	5690	713	1983	449	126	1147	1300	270	184
gene-LOC142983467	215	172	207	193	61	89	62	58	70	78	19	41	382
gene-LOC142983468	0	0	0	2	0	0	0	0	0	0	0	0	0
gene-LOC142983470	1798	1354	1164	825	1069	2354	1972	287	10132	1109	22332	4319	521
gene-LOC142983471	4880	2519	2287	3785	1852	1369	122	94	96	127	165	210	4792
gene-LOC142983473	0	0	0	0	0	0	0	0	0	0	0	0	0
gene-LOC142983474	136	89	170	99	81	17	29	16	12	40	27	45	152
gene-LOC142983477	693	337	265	668	107	607	1239	670	2524	1256	2386	2373	327
gene-LOC142983479	192	49	256	564	218	230	6	12	31	40	59	25	801
gene-LOC142983482	115	179	345	156	100	11	182	129	84	191	73	125	168
gene-LOC142983483	2	0	5	0	4	0	0	0	0	8	12	2	1
gene-LOC142983484	5100	6680	23035	6543	14134	52074	9178	28937	20447	17750	67638	12690	827
gene-LOC142983485	372	528	1710	321	504	5233	146	2008	1324	273	383	172	132
gene-LOC142983486	368	509	905	196	641	199	480	6844	1680	313	1672	404	0
gene-LOC142983488	72	68	46	54	31	34	85	40	43	55	81	152	69
gene-LOC142983492	0	2	0	0	0	0	0	0	0	0	0	0	0
gene-LOC142983494	0	0	0	0	0	0	0	0	0	0	0	0	0
gene-LOC142983495	3	2	0	0	0	111	0	10	18	0	13	0	1857
gene-LOC142983499	619	1423	3118	300	1075	106	356	194	85	149	86	49	571
gene-LOC142983500	3003	2357	2702	747	355	518	1980	716	1190	1356	1134	1119	193
gene-LOC142983501	0	0	0	0	0	0	0	0	0	0	0	4	0
gene-LOC142983502	8	4	0	3	0	0	2	5	2	1	0	0	0
gene-LOC142983503	110	106	96	253	441	604	360	56	89	311	565	64	1078
gene-LOC142983506	0	0	0	0	0	0	0	0	0	0	0	0	0
gene-LOC142983507	324	1236	613	1634	1884	169	2709	5176	7608	1864	871	1145	480
gene-LOC142983508	0	6	5	0	8	0	0	0	0	0	0	0	0
gene-LOC142983509	308	197	65	641	59	194	1712	1687	3245	2814	2616	3304	1
gene-LOC142983510	0	0	0	0	0	0	0	0	0	0	0	0	0
gene-LOC142983511	17160	9985	8866	8597	2549	5600	9532	5701	10198	14211	22016	11745	2934
gene-LOC142983514	0	2	3	0	0	0	0	0	0	0	0	0	0
gene-LOC142983515	15	2	21	5	0	14	19	8	4	11	15	9	34
gene-LOC142983516	25	3	6	3	15	12	7	5	20	9	20	5	244
gene-LOC142983517	6714	3051	1398	6082	979	3158	7804	4363	9479	10791	10201	16202	0
gene-LOC142983518	25	1426	4	2946	1030	0	2226	3224	9	5	0	2	232
gene-LOC142983519	0	0	0	0	0	0	0	0	0	0	0	0	0
gene-LOC142983520	25	34	64	46	36	115	14	15	17	32	26	13	178
gene-LOC142983522	37	199	842	32	327	165	51	18	20	24	27	29	162
gene-LOC142983523	71	55	28	284	29	197	105	79	307	158	303	162	10
gene-LOC142983524	0	0	0	0	0	0	0	0	0	0	0	0	0
gene-LOC142983525	1863	2316	2132	2163	1553	854	913	597	700	658	390	454	1121
gene-LOC142983526	671	813	1378	589	862	178	86	62	75	98	91	81	70
gene-LOC142983528	1568	2801	8226	1117	1565	286	2507	2129	1349	1268	1778	1970	0
gene-LOC142983530	26020	16958	39808	4473	10916	3521	15824	7185	12736	10879	10534	11761	462
gene-LOC142983531	8264	940	1962	8897	970	7965	19679	4629	4431	22935	9143	6283	1
gene-LOC142983533	8317	1035	973	8876	620	15763	39558	8550	4360	24674	5373	7824	0
gene-LOC142983536	39	105	140	14	8	0	66	34	47	54	32	97	28
gene-LOC142983538	0	0	0	0	0	0	3	0	0	0	5	0	6
gene-LOC142983539	0	3	0	0	3	0	0	0	0	0	0	0	0
gene-LOC142983540	24	37	59	21	26	91	15	3	14	7	8	17	248
gene-LOC142983541	0	0	0	0	0	0	0	0	0	0	0	2	0
gene-LOC142983546	242	179	233	223	177	39	117	27	85	88	74	97	143
gene-LOC142983547	0	0	0	0	0	0	0	0	0	0	3	2	0
gene-LOC142983548	0	0	0	5	15	0	5	0	0	0	0	2	3
gene-LOC142983550	0	0	0	0	0	0	0	0	0	0	0	0	0
gene-LOC142983551	0	0	0	0	0	0	0	0	0	0	0	0	0
gene-LOC142983552	115	232	303	104	525	200	49	16	32	38	62	43	282
gene-LOC142983554	0	0	0	2	0	0	0	0	0	1	0	0	1
gene-LOC142983555	69	15	16	42	6	116	5	4	82	29	11	7	37
gene-LOC142983556	0	0	0	0	0	0	0	2	0	0	0	0	0
gene-LOC142983557	922	694	1254	912	478	523	248	180	213	235	229	230	1600
gene-LOC142983558	3743	4726	6763	1893	2559	751	1815	556	1194	900	1346	1640	2506
gene-LOC142983560	0	0	0	0	0	0	0	0	0	0	0	0	0
gene-LOC142983561	4	4	3	4	4	0	10	7	0	0	0	2	14
gene-LOC142983562	3	3	2	0	0	0	0	2	0	0	0	11	0
gene-LOC142983564	0	0	0	0	0	0	0	0	0	0	0	0	0
gene-LOC142983565	0	0	0	0	0	0	0	0	0	0	0	0	0
gene-LOC142983566	162	99	145	162	37	120	47	14	31	31	36	49	198
gene-LOC142983572	65	156	105	324	14	338	322	1079	11	4080	758	15	0
gene-LOC142983573	0	0	0	0	0	0	0	0	0	0	0	0	0
gene-LOC142983574	0	2	0	0	0	0	0	2	0	0	0	0	0
gene-LOC142983575	0	0	0	0	0	0	0	0	1	0	0	0	0
gene-LOC142983576	0	4	6	10	24	31	198	86	149	11	30	5	3
gene-LOC142983577	1094	192	43	135	14	353	359	739	11154	1712	10114	7806	0
gene-LOC142983581	1	0	2	0	0	0	4	0	0	3	7	1	0
gene-LOC142983583	30	28	40	29	19	27	10	25	73	42	55	79	70
gene-LOC142983584	1	6	7	0	0	0	1	0	0	1	1	0	5
gene-LOC142983586	0	0	0	0	0	0	0	0	0	0	0	1	0
gene-LOC142983587	0	0	0	0	0	0	0	0	0	0	0	0	0
gene-LOC142983588	0	0	0	0	0	0	0	0	0	0	0	0	0
gene-LOC142983589	1	3	0	0	3	0	0	3	0	0	0	8	0
gene-LOC142983590	1	1	2	0	0	0	0	0	0	0	0	0	0
gene-LOC142983594	2012	1065	225	3881	359	207	193	685	83	11425	245	417	0
gene-LOC142983595	443	359	728	915	357	260	425	311	336	514	422	493	730
gene-LOC142983596	712	924	1121	1182	778	547	1187	1277	1511	1477	1420	1350	963
gene-LOC142983597	32	31	40	47	12	13	5	6	9	5	9	9	30
gene-LOC142983598	2	8	11	1	0	0	9	13	7	19	8	2	0
gene-LOC142983600	514	2741	3079	685	800	72	1079	1129	1931	546	180	204	3
gene-LOC142983601	1	0	0	0	0	0	1	3	0	0	0	0	0
gene-LOC142983602	835	540	714	1022	587	813	1650	1003	3076	2299	5915	3677	2271
gene-LOC142983603	647	445	153	1058	95	97	132	288	15	4732	72	179	0
gene-LOC142983604	0	0	0	0	0	0	0	0	0	0	0	0	0
gene-LOC142983605	407	511	379	196	382	1112	167	2519	871	582	1796	123	42
gene-LOC142983606	166	2711	523	1609	5638	1190	3403	9461	411	369	1518	277	605
gene-LOC142983607	307	419	1549	741	931	10337	376	2795	1451	1142	6036	489	334
gene-LOC142983608	5	6	5	10	0	0	0	3	0	0	0	2	7
gene-LOC142983611	30	40	48	11	32	7	19	16	2	7	25	4	396
gene-LOC142983612	3	14	11	0	14	0	6	5	0	4	2	0	56
gene-LOC142983613	0	0	0	0	0	0	0	0	0	0	0	0	0
gene-LOC142983614	10	0	6	0	0	43	0	0	2	4	1	0	0
gene-LOC142983615	6	13	19	0	0	0	0	0	0	3	0	0	21
gene-LOC142983616	8572	6153	7157	9776	4328	3669	2257	1138	1821	1675	1300	1213	10812
gene-LOC142983618	6504	1506	1321	6801	1062	9097	3014	756	4449	3868	2932	2376	17687
gene-LOC142983620	98	178	138	87	64	23	290	187	296	249	274	327	66
gene-LOC142983621	2235	752	228	154	187	202	191	45	5701	962	1786	3105	0
gene-LOC142983622	1	5	3	0	25	24	0	0	0	0	2	3	0
gene-LOC142983623	1	0	4	0	0	0	0	0	0	0	0	0	8
gene-LOC142983624	0	0	0	0	0	0	0	0	0	0	0	0	0
gene-LOC142983627	0	0	0	0	0	0	0	0	0	0	0	0	0
gene-LOC142983628	0	0	0	0	0	0	0	0	0	0	0	0	0
gene-LOC142983630	0	0	0	0	0	0	0	0	0	0	0	0	0
gene-LOC142983633	2	9	3	15	20	17	4	0	2	2	0	0	519
gene-LOC142983634	8	0	619	10	111	19	4	1	3	0	0	8	342
gene-LOC142983635	1	0	0	0	0	0	0	0	0	0	0	0	0
gene-LOC142983636	0	0	0	0	0	0	0	0	0	0	0	0	0
gene-LOC142983640	0	5	0	0	0	0	0	0	1	0	4	0	0
gene-LOC142983642	85	152	296	95	78	29	62	61	67	36	48	75	200
gene-LOC142983643	26	17	61	46	37	31	57	68	59	60	67	111	43
gene-LOC142983644	4	9	25	5	12	0	0	0	1	2	2	3	3
gene-LOC142983645	63	94	164	46	99	27	72	74	57	23	25	64	146
gene-LOC142983647	277	670	877	265	566	64	259	206	113	180	66	109	490
gene-LOC142983648	0	0	0	1	0	0	0	2	0	0	6	0	15
gene-LOC142983649	2	0	1	0	0	0	0	0	0	0	0	0	3
gene-LOC142983650	1	0	0	0	0	0	0	0	1	1	0	0	0
gene-LOC142983651	19	63	66	158	48	12	23	21	18	21	5	14	15
gene-LOC142983653	48	14	15	24	3	14	0	0	1	1	3	0	163
gene-LOC142983654	2	0	2	0	0	0	0	0	12	1	12	0	0
gene-LOC142983655	0	2	3	0	0	0	0	0	0	0	0	0	4
gene-LOC142983656	22	42	48	33	33	10	36	13	18	25	4	22	24
gene-LOC142983657	2	6	0	5	0	10	2	8	5	2	0	0	52
gene-LOC142983658	54	76	232	210	202	142	16	12	10	71	110	57	98
gene-LOC142983659	0	0	0	0	0	0	0	0	0	0	0	0	0
gene-LOC142983660	637	283	2134	581	164	90	251	231	547	662	838	227	70
gene-LOC142983662	5	13	6	7	18	18	28	25	36	6	20	26	79
gene-LOC142983663	0	0	0	0	0	0	0	0	0	0	0	0	0
gene-LOC142983664	1	0	0	0	0	0	0	0	0	0	0	0	0
gene-LOC142983667	9	8	30	26	4	34	0	1	11	3	15	0	23
gene-LOC142983668	17568	52319	46927	33370	41379	2068	7860	11414	3331	4497	2074	4673	0
gene-LOC142983669	0	3	0	8	0	0	0	19	0	12	2	0	53
gene-LOC142983671	690	976	1506	2347	816	258	880	1147	737	1138	651	961	1589
gene-LOC142983673	90	59	96	70	23	46	51	17	20	17	29	10	145
gene-LOC142983675	0	2	0	0	0	0	0	2	0	0	0	2	0
gene-LOC142983677	5	93	21	0	14	21	0	87	4	3	4	4	2
gene-LOC142983678	0	0	0	0	0	0	0	0	0	0	0	0	0
gene-LOC142983679	0	0	0	0	0	0	0	0	0	0	0	0	0
gene-LOC142983680	216	127	200	195	105	96	199	157	500	297	420	467	240
gene-LOC142983682	94	64	123	150	27	122	177	149	111	137	150	204	90
gene-LOC142983683	0	0	0	0	0	0	0	0	0	0	0	0	0
gene-LOC142983686	103	190	324	87	754	249	34	7	42	67	77	39	66
gene-LOC142983688	197	209	93	69	22	64	22	17	30	15	27	52	313
gene-LOC142983689	14	4	5	6	8	5	19	0	5	9	5	2	4
gene-LOC142983690	0	0	0	0	0	0	0	0	0	0	0	0	0
gene-LOC142983691	0	3	3	0	0	0	0	0	4	0	0	0	0
gene-LOC142983692	0	0	0	0	0	7	0	0	0	1	0	0	0
gene-LOC142983694	1394	128	168	1253	66	628	511	383	481	787	453	956	0
gene-LOC142983695	0	1	5	0	0	0	0	10	3	0	0	0	50
gene-LOC142983696	0	0	3	0	0	0	0	0	0	1	0	0	0
gene-LOC142983697	2	0	12	2	22	45	3	2	37	0	3	0	3
gene-LOC142983701	0	0	0	0	0	0	0	0	0	0	0	0	0
gene-LOC142983702	0	8	18	0	28	13	0	5	4	4	0	0	49
gene-LOC142983703	0	0	0	0	0	0	0	0	0	0	0	0	0
gene-LOC142983706	0	1	0	0	0	0	0	5	0	1	0	0	0
gene-LOC142983707	0	0	0	0	0	0	0	0	0	0	0	0	0
gene-LOC142983708	985	496	213	1336	118	575	788	309	746	742	430	589	3
gene-LOC142983710	0	0	0	0	0	0	0	0	0	0	0	0	0
gene-LOC142983711	0	5	9	0	0	0	0	4	0	3	1	3	0
gene-LOC142983712	3	0	25	6	24	206	41	0	21	0	6	0	10
gene-LOC142983713	6	0	5	1	3	14	15	3	12	6	1	0	17
gene-LOC142983714	5	12	2	1	0	10	0	0	0	0	1	5	58
gene-LOC142983715	723	626	362	589	213	273	180	138	81	91	55	51	438
gene-LOC142983719	208	52	55	28	29	91	86	17	80	116	49	45	80
gene-LOC142983720	17985	14854	8749	4188	1734	3722	14810	11787	30179	10461	12757	18438	4810
gene-LOC142983721	0	0	0	0	0	0	0	0	0	0	0	0	4
gene-LOC142983722	0	0	4	0	0	0	0	0	0	0	0	0	0
gene-LOC142983723	0	0	0	0	0	0	0	0	0	0	0	0	4
gene-LOC142983724	0	0	0	2	0	0	0	0	0	0	0	0	6
gene-LOC142983725	0	0	4	0	0	0	0	5	0	0	0	0	11
gene-LOC142983726	0	0	0	0	0	0	0	0	3	0	0	0	0
gene-LOC142983727	0	0	3	0	0	0	0	0	0	1	0	0	0
gene-LOC142983728	2	6	2	3	0	0	3	0	4	1	4	3	0
gene-LOC142983729	0	0	0	0	0	0	0	0	0	0	0	0	0
gene-LOC142983730	0	0	0	0	0	0	0	0	0	0	0	0	0
gene-LOC142983731	1	0	0	0	0	0	0	0	0	0	0	0	0
gene-LOC142983734	132	135	94	97	29	47	53	17	13	46	152	10	74
gene-LOC142983735	2	5	4	0	0	0	0	0	4	0	6	0	288
gene-LOC142983737	120	91	262	470	300	73	164	167	143	234	198	199	630
gene-LOC142983738	8	8	0	4	6	0	0	8	5	0	3	0	22
gene-LOC142983740	405	269	361	779	122	468	73	48	63	88	194	111	538
gene-LOC142983741	4	2	0	0	7	0	19	24	47	10	34	1	0
gene-LOC142983746	0	0	0	0	0	0	0	0	0	0	0	0	0
gene-LOC142983747	10	0	9	0	44	0	0	0	3	0	0	0	0
gene-LOC142983749	0	0	0	0	0	0	0	0	0	0	0	0	0
gene-LOC142983751	128	69	110	75	107	15	29	27	32	30	37	34	121
gene-LOC142983752	2	9	12	0	8	0	0	2	0	0	2	5	4
gene-LOC142983753	0	1	4	0	0	0	0	0	0	0	0	0	0
gene-LOC142983756	2356	2360	3357	2271	2642	1558	5727	5156	8059	3354	4974	6005	3496
gene-LOC142983758	0	0	0	0	0	0	0	0	0	0	0	0	0
gene-LOC142983760	173	266	452	164	325	122	337	456	333	231	306	427	113
gene-LOC142983761	535	931	270	1082	128	303	1358	707	935	1346	1508	917	65
gene-LOC142983763	3	8	8	0	0	0	0	0	0	1	0	0	1
gene-LOC142983774	0	0	3	0	0	0	0	0	0	0	0	0	0
gene-LOC142983776	571	481	836	843	454	217	129	82	77	217	173	137	588
gene-LOC142983778	434	324	407	330	297	301	53	39	47	105	115	111	1407
gene-LOC142983779	92	74	134	81	47	193	120	64	119	27	96	61	73
gene-LOC142983781	4	2	19	16	0	45	0	0	1	0	1	9	815
gene-LOC142983782	398	295	284	220	209	720	184	199	271	266	429	261	4117
gene-LOC142983785	17	11	35	15	25	62	13	3	17	14	22	18	742
gene-LOC142983786	29	9	49	40	0	115	39	0	19	21	17	7	36
gene-LOC142983788	33	52	266	79	84	127	7	4	6	14	15	11	1893
gene-LOC142983789	1192	571	194	413	145	125	536	843	1014	592	148	273	1026
gene-LOC142983791	6946	630	1003	587	74	116	421	439	759	67	101	49	1364
gene-LOC142983792	0	10	1	0	0	0	0	0	0	0	0	0	98
gene-LOC142983793	267	110	106	259	122	642	64	20	148	182	376	275	843
gene-LOC142983794	6	5	30	8	26	0	2	5	17	10	8	2	43
gene-LOC142983795	47317	19625	43457	8236	9454	9845	48954	19135	42911	50565	60567	31677	217
gene-LOC142983796	0	0	0	0	0	0	0	0	0	0	0	0	0
gene-LOC142983798	89	250	648	48	609	190	20	29	6	69	33	57	584
gene-LOC142983799	0	4	0	0	0	0	0	0	0	0	0	0	34
gene-LOC142983800	0	0	0	0	0	0	0	0	0	0	0	0	0
gene-LOC142983803	90	71	306	99	293	112	0	9	17	19	19	13	2241
gene-LOC142983805	27	9	70	56	5	26	9	10	10	29	22	10	89
gene-LOC142983807	5	1	0	2	18	0	5	0	0	0	0	0	22
gene-LOC142983808	0	0	0	0	0	0	0	0	0	0	0	0	0
gene-LOC142983809	0	0	123	37	0	55	27	54	0	3	83	41	0
gene-LOC142983811	12	12	14	36	28	6	24	6	25	20	21	11	47
gene-LOC142983813	67	93	48	98	183	640	69	19	104	64	88	35	2169
gene-LOC142983814	0	2	21	0	0	0	2	0	1	0	0	0	8
gene-LOC142983817	239	329	29	374	13	109	63	5	21	114	22	71	33
gene-LOC142983818	18	11	73	35	15	47	43	21	50	49	43	43	22
gene-LOC142983819	369	150	3070	394	88	317	323	208	584	531	1389	149	471
gene-LOC142983820	2	1	2	2	0	0	0	0	4	0	8	8	0
gene-LOC142983822	536	143	99	388	106	295	78	86	61	205	175	194	601
gene-LOC142983823	46	109	162	35	30	21	48	76	46	43	52	98	94
gene-LOC142983824	200	93	191	208	40	48	91	48	39	48	43	78	115
gene-LOC142983825	2097	2946	2206	889	831	441	913	597	413	1222	1325	367	190
gene-LOC142983828	40	0	4	9	5	103	10	14	27	11	12	8	86
gene-LOC142983831	181	129	150	160	214	246	51	23	30	88	137	79	695
gene-LOC142983835	17	6	28	28	4	234	18	4	29	8	31	15	68
gene-LOC142983837	3	4	0	2	0	0	0	0	0	0	0	0	0
gene-LOC142983838	158	276	362	308	542	547	119	60	104	52	84	44	3882
gene-LOC142983840	36	14	0	1015	0	0	31	27	25	33	4	3	348
gene-LOC142983841	341	134	291	273	368	285	62	23	34	53	33	57	430
gene-LOC142983843	1756	2035	2391	580	622	954	2747	2115	5203	2221	2473	2346	175
gene-LOC142983844	836	676	882	712	343	150	640	425	417	541	423	581	988
gene-LOC142983845	0	0	0	0	0	0	0	0	0	0	0	0	2
gene-LOC142983847	529	459	657	653	505	266	474	447	598	636	789	648	363
gene-LOC142983848	11	6	8	7	0	28	6	13	72	14	34	1	58
gene-LOC142983849	0	4	0	0	0	0	0	0	0	0	0	0	5
gene-LOC142983850	18	19	17	27	27	267	94	81	843	498	455	245	8176
gene-LOC142983851	24	220	86	291	235	268	1063	814	1105	242	205	289	397
gene-LOC142983852	85	73	64	34	0	14	11	8	0	13	0	5	103
gene-LOC142983855	30	1	0	1	8	0	1	0	21	0	5	3	45
gene-LOC142983856	14	0	0	0	1	0	0	0	19	1	24	0	1
gene-LOC142983857	0	0	2	0	0	0	0	0	0	0	0	0	0
gene-LOC142983858	45	173	425	77	31	60	72	112	145	250	86	119	13
gene-LOC142983859	7411	14787	12452	2722	4709	591	2384	7423	2125	259	382	834	639
gene-LOC142983860	6	13	16	1	0	0	54	4	11	15	20	12	6
gene-LOC142983861	0	0	5	0	5	13	6	0	16	23	47	0	0
gene-LOC142983862	2884	1143	3662	2192	2010	5032	724	3576	1470	603	2552	717	885
gene-LOC142983864	25	2	0	0	0	0	10	6	69	8	49	13	2
gene-LOC142983865	533	216	117	601	314	1326	18	21	66	21	46	56	127
gene-LOC142983868	794	826	1984	248	583	254	916	452	618	669	659	1042	127
gene-LOC142983869	0	5	16	0	0	0	0	0	5	0	17	0	0
gene-LOC142983870	28	6	8	40	8	5	9	11	19	11	3	11	55
gene-LOC142983873	2825	340	365	1363	80	778	1040	542	841	1532	694	748	0
gene-LOC142983874	0	0	0	0	0	0	0	0	0	0	0	0	0
gene-LOC142983875	1908	1063	1574	1937	2911	1456	582	2314	877	284	1845	530	607
gene-LOC142983877	0	0	0	0	0	0	0	0	0	0	0	0	3
gene-LOC142983878	1645	921	7473	150	1530	36	230	95	742	712	1873	437	0
gene-LOC142983879	187	143	305	212	43	50	141	66	125	140	89	62	182
gene-LOC142983880	554	472	420	354	658	1836	72	69	49	34	44	33	6739
gene-LOC142983882	0	4	0	0	0	0	0	0	0	0	4	0	1
gene-LOC142983883	3	62	31	83	54	0	32	40	28	123	33	55	1265
gene-LOC142983884	72	58	93	30	38	12	4	8	5	11	11	9	236
gene-LOC142983885	166	663	1074	200	816	624	228	188	2183	349	316	3230	4735
gene-LOC142983886	18	3	2	4	19	0	2	12	26	2	21	0	122
gene-LOC142983887	0	2	3	0	9	0	0	0	0	1	2	0	8
gene-LOC142983888	0	0	0	0	0	0	0	0	0	0	0	0	0
gene-LOC142983889	11	1	16	1	6	0	0	0	6	0	0	0	4
gene-LOC142983891	0	0	0	0	0	0	0	0	0	0	2	8	0
gene-LOC142983892	0	0	0	0	0	0	0	0	0	0	0	0	0
gene-LOC142983893	0	0	0	0	0	0	0	1	0	1	0	0	0
gene-LOC142983895	2	0	2	4	0	0	0	3	3	4	0	2	0
gene-LOC142983896	0	30	19	18	49	0	37	12	1	1	11	5	0
gene-LOC142983897	2	0	0	0	0	0	0	0	0	0	0	0	0
gene-LOC142983898	1	0	0	0	0	0	0	0	0	0	0	0	0
gene-LOC142983899	0	0	0	0	0	0	0	0	0	0	0	0	0
gene-LOC142983900	2895	1025	8771	1362	10002	3706	6250	7679	6639	1275	1370	756	2617
gene-LOC142983902	262	117	223	184	176	196	10	0	9	6	1	0	248
gene-LOC142983905	130	114	226	140	398	267	22	25	22	26	37	36	272
gene-LOC142983906	296	222	555	465	603	159	1097	579	1543	1821	2946	1938	656
gene-LOC142983907	0	1	0	2	0	0	4	0	3	0	5	0	21
gene-LOC142983909	16	12	53	8	24	27	3	4	5	8	7	14	94
gene-LOC142983910	13	9	8	7	6	0	1	0	1	0	4	3	149
gene-LOC142983911	4	9	28	8	25	2	0	0	5	1	3	4	588
gene-LOC142983913	33	41	71	31	33	83	9	0	6	12	24	16	831
gene-LOC142983914	0	3	0	1	9	0	0	0	0	0	6	2	0
gene-LOC142983915	342	360	250	175	100	24	334	188	156	111	95	152	438
gene-LOC142983916	40	347	563	70	249	113	42	41	844	56	39	536	2097
gene-LOC142983918	0	0	0	0	0	0	0	0	0	0	0	0	0
gene-LOC142983921	92	42	67	107	88	213	123	144	259	178	304	276	416
gene-LOC142983922	0	0	0	0	0	0	0	0	0	0	0	0	0
gene-LOC142983923	10	7	0	0	131	0	2	0	1	1	0	0	779
gene-LOC142983924	146	107	385	422	204	186	86	56	68	184	158	105	397
gene-LOC142983925	664	476	759	472	171	500	1458	964	2672	1335	1284	743	121
gene-LOC142983927	846	379	759	765	407	309	181	117	97	136	184	185	995
gene-LOC142983930	196	154	579	346	385	194	99	26	48	48	30	33	342
gene-LOC142983931	1	1	2	9	11	7	0	0	4	4	0	1	19
gene-LOC142983932	93	140	130	63	58	65	171	127	93	97	51	26	212
gene-LOC142983933	0	5	0	0	0	0	0	0	0	0	0	0	766
gene-LOC142983934	2	26	0	14	4	0	2	12	7	11	1	10	290
gene-LOC142983935	632	439	186	699	130	384	765	505	820	1724	630	561	93
gene-LOC142983936	297	207	161	202	405	1410	111	40	92	88	120	76	3268
gene-LOC142983937	4	0	0	14	0	0	5	0	0	0	0	20	0
gene-LOC142983939	0	6	0	1	0	0	0	0	0	2	11	0	0
gene-LOC142983940	0	0	0	0	0	0	0	0	0	0	0	0	0
gene-LOC142983941	18	5	343	6	26	7	13	15	7	5	14	11	6448
gene-LOC142983942	111	133	215	151	80	50	214	138	152	100	75	145	133
gene-LOC142983943	289	76	0	2	18	0	0	8	145	0	145	0	927
gene-LOC142983944	2	0	0	0	0	0	0	0	1	0	0	0	0
gene-LOC142983945	144	96	14	32	11	53	77	57	149	86	28	11	0
gene-LOC142983946	1	0	2	6	4	0	0	0	4	0	7	0	135
gene-LOC142983947	1	2	4	2	0	16	5	0	0	0	0	1	4
gene-LOC142983948	248	31	1	60	14	0	23	30	86	4	23	11	3258
gene-LOC142983949	0	2	1	14	0	0	3	2	2	3	1	0	131
gene-LOC142983950	0	1	0	0	0	0	0	0	0	0	0	0	0
gene-LOC142983951	33	62	157	31	59	5	46	66	38	37	37	43	128
gene-LOC142983952	183	452	805	176	486	109	121	68	47	87	40	58	130
gene-LOC142983953	10	0	3	10	0	11	0	0	6	1	14	12	0
gene-LOC142983954	21	5	0	4	0	29	30	8	6	78	0	10	0
gene-LOC142983955	1	4	0	1	0	0	0	0	0	0	3	0	16
gene-LOC142983958	1	7	2	11	8	0	0	18	7	8	3	0	11
gene-LOC142983959	0	4	2	15	0	0	0	19	8	8	6	11	0
gene-LOC142983960	117	111	55	97	37	60	331	502	497	486	298	215	59
gene-LOC142983961	621	191	14	120	44	241	445	975	3129	568	1705	1575	49
gene-LOC142983962	2	5	13	3	0	0	0	0	0	0	0	1	21
gene-LOC142983963	413	28	3	2	20	10	0	1	167	0	27	0	30
gene-LOC142983965	0	0	0	0	0	0	0	0	0	0	0	0	0
gene-LOC142983967	9478	4665	3042	9740	1822	2365	216	230	305	312	427	344	947
gene-LOC142983968	2227	439	316	2243	118	989	1883	991	4130	1868	3938	3782	579
gene-LOC142983970	3	0	0	1	0	0	6	1	8	16	6	1	3
gene-LOC142983971	730	613	737	722	240	138	1156	810	489	743	526	1276	134
gene-LOC142983973	42	28	47	55	28	42	24	29	18	17	33	32	11
gene-LOC142983974	77	0	0	0	0	0	0	3	110	0	1404	1	49
gene-LOC142983977	195	130	220	628	113	248	144	59	130	154	225	188	723
gene-LOC142983979	50	115	11	0	0	0	4	7	23	3	27	0	346
gene-LOC142983980	12376	10237	1531	1394	557	4663	3063	2407	7998	1596	3205	3732	104
gene-LOC142983981	0	0	0	0	0	0	0	0	0	0	0	0	0
gene-LOC142983982	3572	6122	8608	642	3019	1246	3739	5293	8025	3503	7014	6569	13
gene-LOC142983984	3164	2042	6347	891	3084	436	1229	694	1493	504	2162	1161	5
gene-LOC142983985	0	0	0	0	0	0	0	0	0	0	0	0	0
gene-LOC142983986	12	24	45	9	16	0	10	14	30	5	16	3	498
gene-LOC142983987	8	19	36	7	2	0	0	1	0	6	4	4	10
gene-LOC142983988	1492	461	529	917	337	1448	5077	1347	6926	1952	7270	10335	0
gene-LOC142983989	0	3	0	0	0	0	0	0	0	0	0	0	0
gene-LOC142983990	2	6	1	0	28	0	0	0	0	2	0	0	62
gene-LOC142983991	3	17	37	16	8	48	0	4	0	2	0	0	99
gene-LOC142983992	0	0	2	0	0	0	0	0	0	0	0	0	77
gene-LOC142983993	2	4	1	1	0	75	0	0	8	0	9	0	25
gene-LOC142983994	0	2	0	0	0	0	0	0	0	0	0	0	0
gene-LOC142983995	0	0	0	0	0	0	0	0	0	0	0	0	0
gene-LOC142983996	0	0	4	0	0	0	0	0	0	0	0	0	0
gene-LOC142983997	0	1	0	0	0	12	0	0	0	0	8	0	0
gene-LOC142983998	1	2	2	1	0	0	0	0	1	2	0	7	0
gene-LOC142983999	0	0	0	0	0	0	0	0	0	0	0	0	11
gene-LOC142984000	0	0	0	0	0	0	0	0	0	0	0	0	0
gene-LOC142984001	0	0	0	0	0	0	0	0	0	0	0	0	0
gene-LOC142984003	0	0	0	0	0	0	0	0	0	0	0	0	0
gene-LOC142984004	0	0	0	0	0	0	0	0	0	0	0	0	0
gene-LOC142984005	2	8	8	10	35	25	3	1	9	0	2	7	6
gene-LOC142984006	0	1	0	2	0	0	0	0	1	0	0	3	1
gene-LOC142984007	27887	1185	18	6	207	6	0	21	374	2	610	0	1710
gene-LOC142984008	0	0	0	2	5	0	6	9	2	0	3	0	2
gene-LOC142984009	0	0	0	0	0	0	4	0	0	0	0	0	0
gene-LOC142984010	0	2	11	2	9	0	20	0	12	0	6	0	0
gene-LOC142984011	30	11	4	3	5	0	3	0	17	10	1	7	0
gene-LOC142984012	0	1	0	0	0	0	0	0	3	0	0	0	66
gene-LOC142984013	0	2	1	0	0	0	0	0	0	0	0	0	5
gene-LOC142984014	3	0	4	9	0	0	0	0	0	0	0	0	0
gene-LOC142984015	1	1	0	0	0	0	0	0	0	3	0	4	57
gene-LOC142984017	0	0	0	0	0	0	0	0	0	0	0	0	0
gene-LOC142984019	1	0	0	0	0	0	0	0	0	0	0	0	0
gene-LOC142984021	1	21	7	4	5	0	2	0	4	3	3	6	22
gene-LOC142984023	10702	716	1031	1995	14414	15463	23833	2578	103644	35640	130294	60318	0
gene-LOC142984024	1687	128	0	2	60	22	0	0	62	5	1287	0	873
gene-LOC142984025	4	0	0	2	0	0	0	0	0	0	1	0	0
gene-LOC142984026	1389	946	749	564	846	402	187	71	66	244	182	238	297
gene-LOC142984027	27	30	36	34	39	10	9	14	22	18	53	10	10
gene-LOC142984028	2	25	7	30	3	36	48	20	120	110	229	53	19
gene-LOC142984029	4	0	1	0	0	0	0	3	1	2	3	5	0
gene-LOC142984030	37	20	42	10	0	56	0	0	2	0	1	0	42
gene-LOC142984031	102	280	1163	71	349	89	50	61	33	51	32	66	633
gene-LOC142984032	0	0	0	0	0	0	0	0	0	0	0	0	0
gene-LOC142984034	17	13	45	5	140	173	11	0	2	1	7	7	1142
gene-LOC142984037	65	776	1999	193	4188	137	13	56	21	85	91	129	720
gene-LOC142984039	116	92	98	115	231	463	54	39	58	37	50	46	165
gene-LOC142984049	618	606	445	944	399	440	568	338	393	598	345	399	1528
gene-LOC142984055	0	0	0	0	0	0	0	0	0	0	0	0	0
gene-LOC142984056	0	3	0	0	0	0	0	0	0	0	0	0	940
gene-LOC142984057	0	0	0	0	0	0	0	0	0	0	0	0	0
gene-LOC142984058	18	12	20	11	19	21	8	10	3	24	26	25	4
gene-LOC142984059	2	2	5	2	0	0	0	0	0	0	0	5	3
gene-LOC142984060	0	0	0	0	0	0	0	0	2	0	0	0	0
gene-LOC142984062	2	0	8	2	0	0	0	0	1	0	0	1	0
gene-LOC142984063	0	0	0	0	0	0	0	0	0	0	0	0	0
gene-LOC142984064	2	0	4	0	0	0	0	0	0	0	0	0	11
gene-LOC142984065	0	2	0	0	0	0	0	0	0	0	0	0	0
gene-LOC142984066	1	11	0	0	1	0	0	0	0	0	0	0	8
gene-LOC142984067	0	5	0	0	7	0	0	0	0	0	0	0	75
gene-LOC142984068	0	0	0	0	0	0	0	0	0	0	0	0	0
gene-LOC142984069	0	0	1	4	0	0	0	0	5	4	0	2	4
gene-LOC142984070	0	0	0	0	0	0	0	0	0	0	0	0	0
gene-LOC142984071	0	0	0	0	0	0	0	0	0	0	0	3	0
gene-LOC142984072	23	45	16	19	20	7	74	44	0	23	77	89	17
gene-LOC142984073	0	0	0	0	0	0	0	0	0	0	0	0	0
gene-LOC142984074	0	0	0	0	0	0	0	0	0	0	0	0	0
gene-LOC142984075	1	0	3	7	0	15	3	0	0	0	107	74	0
gene-LOC142984076	3	2	3	0	0	0	0	1	0	6	0	0	4
gene-LOC142984077	0	0	0	0	10	0	0	0	0	0	0	0	0
gene-LOC142984078	823	514	854	734	843	388	29	19	32	34	48	62	1277
gene-LOC142984080	353	208	377	231	203	98	61	22	35	21	32	34	345
gene-LOC142984082	98	45	121	68	67	68	21	14	15	25	31	6	127
gene-LOC142984083	3	6	9	0	50	0	0	0	0	0	0	2	0
gene-LOC142984086	4136	2831	5319	1096	3215	967	1578	516	1188	877	1599	808	1608
gene-LOC142984090	473	94	340	479	279	338	43	17	28	99	82	57	1476
gene-LOC142984091	984	3273	7456	619	3301	113	268	251	135	206	119	118	691
gene-LOC142984095	347	525	1154	604	631	204	772	561	803	554	784	1163	407
gene-LOC142984096	1168	927	1553	2093	1046	801	2967	1744	3193	2575	1987	2040	4387
gene-LOC142984098	165	44	61	166	4	57	145	105	139	115	117	100	167
gene-LOC142984099	84	48	30	126	3	42	80	34	97	84	91	61	64
gene-LOC142984102	54	90	203	234	81	136	53	87	24	16	52	36	247
gene-LOC142984103	3	9	9	0	0	0	1	0	0	9	2	5	25
gene-LOC142984104	117	0	0	0	0	0	0	0	14	0	0	0	0
gene-LOC142984108	889	304	559	698	272	449	93	70	87	180	177	193	1917
gene-LOC142984110	57	40	29	62	13	60	0	0	3	0	0	0	22
gene-LOC142984111	267	211	183	218	80	26	199	74	49	142	30	35	133
gene-LOC142984112	31	72	76	29	43	0	85	57	23	40	40	54	46
gene-LOC142984113	83	87	117	44	52	603	113	52	83	24	40	38	621
gene-LOC142984115	0	1	4	3	0	0	0	0	0	0	0	0	63
gene-LOC142984116	2	0	0	12	12	0	0	13	2	4	0	0	20
gene-LOC142984120	370	234	242	352	94	100	249	132	252	245	388	304	223
gene-LOC142984121	431	273	300	441	575	603	303	70	164	306	516	242	2554
gene-LOC142984122	1	8	10	0	0	0	0	0	1	0	0	0	4
gene-LOC142984123	12	1	40	2	9	7	0	0	0	4	13	2	410
gene-LOC142984126	503	1266	1151	711	1649	208	221	184	165	140	204	121	144
gene-LOC142984129	2	4	0	1	0	0	0	0	0	0	0	0	0
gene-LOC142984130	363	236	694	487	413	183	191	96	149	262	134	189	772
gene-LOC142984131	207	274	396	235	196	79	116	85	69	73	55	49	255
gene-LOC142984132	285	226	361	346	212	150	313	254	398	291	263	334	567
gene-LOC142984133	679	1197	1492	719	664	184	1108	981	1199	1041	719	1199	1394
gene-LOC142984134	1048	520	418	657	292	408	195	71	117	271	240	125	320
gene-LOC142984135	2332	3079	2308	1684	2630	1014	1090	821	902	435	651	929	2430
gene-LOC142984139	696	333	603	934	108	906	225	70	104	139	171	115	864
gene-LOC142984141	715	1037	1222	976	253	172	1295	1152	1156	824	820	1523	93
gene-LOC142984143	4	0	1	0	8	0	3	0	0	0	0	0	5
gene-LOC142984147	788	832	1424	673	529	345	315	199	234	272	241	222	1260
gene-LOC142984148	0	0	0	0	0	0	0	0	9	0	50	0	0
gene-LOC142984149	1	5	6	0	7	0	0	0	0	0	0	0	417
gene-LOC142984152	73	81	339	79	247	21	49	68	54	78	101	78	35
gene-LOC142984154	109	129	227	137	67	64	113	27	33	78	47	63	66
gene-LOC142984155	116	43	89	98	20	38	35	12	27	45	6	10	100
gene-LOC142984156	771	382	230	1268	136	545	390	114	151	247	220	285	227
gene-LOC142984157	1	1	6	0	0	0	0	0	0	0	4	0	7
gene-LOC142984158	272	97	103	146	42	232	288	149	604	243	580	547	141
gene-LOC142984159	1004	2209	1203	2829	213	637	2101	2458	951	2117	1443	2006	0
gene-LOC142984160	9	11	3	23	0	29	8	12	44	2	5	0	153
gene-LOC142984161	0	0	0	0	0	0	0	0	0	0	1	3	10
gene-LOC142984163	0	0	0	0	0	0	0	0	0	0	2	0	2
gene-LOC142984164	48	56	94	278	81	84	157	186	194	167	213	246	457
gene-LOC142984165	5	0	4	20	11	765	63	40	360	93	207	5	0
gene-LOC142984167	1808	1553	279	2300	670	1470	1138	534	1181	1023	1254	1397	1380
gene-LOC142984169	41	26	133	44	195	122	15	7	13	15	25	6	2117
gene-LOC142984170	0	0	0	0	0	0	0	0	0	0	0	0	0
gene-LOC142984171	0	21	0	19	0	0	0	0	0	0	0	0	0
gene-LOC142984172	0	2	8	0	0	15	0	0	0	0	0	0	0
gene-LOC142984173	3	5	10	1	0	30	0	10	2	0	2	0	36
gene-LOC142984174	1	3	9	2	6	0	5	0	0	0	0	1	0
gene-LOC142984175	2	6	0	1	0	0	0	1	2	1	0	5	0
gene-LOC142984177	0	0	0	0	0	0	0	0	0	0	0	0	0
gene-LOC142984178	0	0	0	0	0	0	0	0	0	0	0	2	5
gene-LOC142984179	67	44	5	363	10	144	175	239	385	819	382	929	0
gene-LOC142984180	94	145	338	76	160	732	213	106	122	65	64	22	547
gene-LOC142984182	456	280	734	1044	326	188	164	91	81	76	148	174	278
gene-LOC142984183	0	0	0	0	0	0	0	0	0	0	1	0	4
gene-LOC142984184	0	0	0	0	0	0	0	0	0	0	0	3	0
gene-LOC142984185	1686	393	792	3473	790	4384	3214	2390	8870	8981	8536	7350	250
gene-LOC142984186	79	96	145	63	84	0	54	49	40	68	37	50	60
gene-LOC142984187	134	94	204	79	92	25	129	84	122	92	73	88	128
gene-LOC142984188	498	171	86	1053	11	212	544	445	482	837	653	618	0
gene-LOC142984189	0	7	3	5	0	9	0	0	0	0	0	2	0
gene-LOC142984190	1	0	0	0	18	0	0	0	0	0	0	0	0
gene-LOC142984191	0	9	6	16	17	1236	49	108	41	0	43	10	1083
gene-LOC142984192	0	0	0	0	9	0	0	0	0	0	0	0	0
gene-LOC142984194	0	0	0	3	0	0	2	7	12	0	0	0	0
gene-LOC142984195	132	114	126	56	164	0	128	158	0	86	53	96	0
gene-LOC142984196	7614	429	1	7	68	0	1	9	1702	1	3913	0	1104
gene-LOC142984198	0	0	0	0	0	0	0	0	0	0	0	0	0
gene-LOC142984199	974	739	464	1032	216	458	950	456	636	1127	1103	1376	437
gene-LOC142984201	2	0	0	0	0	0	0	0	0	0	0	0	7
gene-LOC142984203	174	214	319	179	103	141	237	93	117	128	135	147	143
gene-LOC142984204	3	6	25	0	31	16	3	33	15	0	2	33	7
gene-LOC142984205	0	1	0	0	0	0	0	0	0	0	0	0	0
gene-LOC142984206	0	0	0	0	0	0	0	0	0	0	0	0	0
gene-LOC142984208	1	6	0	3	0	0	0	0	0	0	0	1	0
gene-LOC142984210	0	0	3	3	0	0	0	0	0	2	2	8	0
gene-LOC142984211	1	1	1	2	0	0	0	0	0	0	0	0	42
gene-LOC142984212	6	9	5	6	0	28	4	0	3	6	0	1	0
gene-LOC142984213	0	0	0	0	0	0	0	0	0	0	0	0	0
gene-LOC142984215	0	1	0	0	0	0	0	0	0	1	0	0	11
gene-LOC142984216	0	0	0	0	0	0	0	0	0	0	0	0	0
gene-LOC142984217	0	0	0	0	0	0	0	0	0	0	0	0	0
gene-LOC142984218	0	0	0	0	0	0	0	0	0	0	0	0	0
gene-LOC142984219	1805	619	231	2254	84	1761	1238	387	1287	1370	1643	1191	20
gene-LOC142984220	0	0	0	0	0	0	0	0	0	0	0	0	0
gene-LOC142984221	0	0	3	0	0	0	0	0	0	0	0	0	0
gene-LOC142984222	4	0	4	0	19	0	0	0	0	3	0	0	17
gene-LOC142984224	2153	1720	2472	1099	2929	465	346	168	89	241	220	183	1154
gene-LOC142984225	0	23	44	0	0	0	0	0	0	4	0	0	0
gene-LOC142984226	67	34	52	78	77	146	25	14	29	13	25	24	305
gene-LOC142984227	62	20	16	64	0	174	14	0	3	20	12	9	395
gene-LOC142984229	0	0	0	0	0	0	0	0	0	0	0	0	0
gene-LOC142984230	0	0	0	0	0	0	0	0	0	1	0	0	0
gene-LOC142984231	0	2	0	0	0	5	5	1	1	0	0	0	0
gene-LOC142984232	1	0	1	3	0	0	0	0	0	4	0	0	6
gene-LOC142984233	4	9	18	4	1	0	4	11	5	6	25	31	20
gene-LOC142984234	325	217	633	330	483	133	116	55	107	173	130	174	453
gene-LOC142984235	2	1	0	0	0	0	0	0	0	0	0	0	0
gene-LOC142984236	0	0	0	1	0	0	0	0	4	0	4	0	64
gene-LOC142984237	0	0	0	0	0	0	0	0	0	0	0	0	0
gene-LOC142984238	104	321	314	476	149	49	191	227	98	69	111	203	130
gene-LOC142984239	0	21	0	0	0	0	6	0	0	8	3	0	0
gene-LOC142984240	0	0	0	0	0	0	3	0	1	0	0	0	0
gene-LOC142984241	65	183	95	59	136	95	118	48	79	71	34	47	104
gene-LOC142984242	1071	377	414	333	132	168	437	209	606	207	583	367	121
gene-LOC142984244	8	5	0	13	1	140	17	4	20	30	28	7	13
gene-LOC142984245	2286	771	179	3990	263	676	265	131	175	331	251	562	23
gene-LOC142984246	80	26	80	160	0	45	197	99	428	137	207	311	34
gene-LOC142984248	2	0	0	0	0	0	7	0	0	0	0	0	4
gene-LOC142984249	20	36	46	14	31	14	56	53	17	31	4	32	11
gene-LOC142984251	0	2	0	3	0	0	0	0	0	1	0	0	5
gene-LOC142984252	0	0	0	0	0	0	0	0	0	0	0	0	0
gene-LOC142984253	0	0	0	0	0	0	0	0	0	0	0	0	0
gene-LOC142984254	0	0	0	0	0	0	0	0	0	0	0	0	0
gene-LOC142984255	0	0	0	0	0	0	0	0	0	0	0	0	0
gene-LOC142984256	2	0	0	0	0	0	0	0	0	0	1	0	0
gene-LOC142984257	118	47	85	121	95	95	50	18	15	29	39	38	156
gene-LOC142984259	0	0	0	0	0	0	0	0	0	0	0	0	0
gene-LOC142984260	881	195	443	751	96	2561	2099	2039	2534	346	435	550	1822
gene-LOC142984261	1178	415	665	994	928	760	56	81	54	66	70	65	2098
gene-LOC142984262	154	113	185	127	137	76	117	104	174	198	125	136	205
gene-LOC142984264	0	0	2	0	0	0	0	0	0	0	0	0	26
gene-LOC142984265	3	3	0	1	0	0	0	0	0	0	0	2	0
gene-LOC142984266	0	0	2	0	0	0	0	0	0	0	0	0	0
gene-LOC142984267	0	1	0	0	0	0	0	0	0	0	0	0	0
gene-LOC142984268	0	0	0	0	0	0	0	0	0	0	0	0	0
gene-LOC142984269	25	24	29	50	16	22	6	0	0	4	1	8	34
gene-LOC142984270	7	1	40	63	0	2159	83	132	94	9	126	16	70
gene-LOC142984271	33	12	38	21	0	0	0	2	0	6	0	0	13
gene-LOC142984272	107	85	33	2	65	15	5	9	69	17	57	36	276
gene-LOC142984273	2	12	0	0	0	0	0	0	0	0	0	0	9
gene-LOC142984274	92	55	86	103	13	46	115	72	163	196	217	175	62
gene-LOC142984275	0	0	0	0	5	0	0	0	0	0	0	0	0
gene-LOC142984276	66	66	115	3	190	0	123	41	31	6	54	57	2022
gene-LOC142984277	4	5	8	7	7	0	9	4	0	2	0	0	57
gene-LOC142984278	0	0	0	0	0	0	0	0	0	1	0	0	3
gene-LOC142984279	0	0	0	0	0	0	0	0	2	0	0	0	0
gene-LOC142984280	0	0	0	0	0	0	0	0	0	0	0	0	0
gene-LOC142984281	0	4	0	1	0	0	0	0	1	0	0	0	0
gene-LOC142984282	0	0	0	0	0	0	0	0	0	0	1	0	3
gene-LOC142984283	93	130	156	75	63	48	107	96	50	111	55	130	40
gene-LOC142984284	1	4	0	0	0	0	0	0	0	0	0	4	0
gene-LOC142984285	1	6	10	5	9	14	0	0	0	0	2	0	45
gene-LOC142984286	0	0	2	0	0	0	0	1	0	0	0	0	0
gene-LOC142984287	0	1	1	0	0	0	3	0	2	0	0	0	0
gene-LOC142984290	69	34	39	48	8	38	26	11	30	38	27	11	30
gene-LOC142984291	393	238	251	620	245	1677	268	109	134	112	236	102	9543
gene-LOC142984292	38	22	2	0	0	0	0	3	30	0	91	0	141
gene-LOC142984295	2	1	0	0	6	0	0	5	0	0	0	0	0
gene-LOC142984296	1	0	0	0	0	0	0	0	0	0	0	0	0
gene-LOC142984299	411	271	215	585	39	151	216	90	32	154	76	70	200
gene-LOC142984300	1	0	0	0	0	0	0	4	0	0	0	0	0
gene-LOC142984301	2	0	0	2	0	0	1	0	0	0	2	0	3
gene-LOC142984303	861	758	1384	425	464	239	162	113	128	172	183	153	1341
gene-LOC142984306	0	0	0	0	0	0	0	0	0	0	0	0	0
gene-LOC142984307	756	965	608	1064	606	670	488	288	236	391	276	311	733
gene-LOC142984308	0	0	0	0	0	0	3	0	0	0	0	0	0
gene-LOC142984309	0	0	0	0	0	0	0	0	0	0	0	0	0
gene-LOC142984310	450	256	596	296	252	239	114	72	40	148	105	109	417
gene-LOC142984311	125	198	254	114	98	21	74	48	31	75	117	47	83
gene-LOC142984312	340	206	517	1172	305	365	116	85	102	153	108	102	1515
gene-LOC142984313	2093	1362	2582	1054	344	364	1915	696	3087	1533	2345	2752	594
gene-LOC142984314	1047	680	667	1201	420	295	557	258	390	544	367	330	1590
gene-LOC142984316	16	11	23	7	22	67	1	3	9	9	7	6	512
gene-LOC142984317	23	6	3	16	45	21	41	7	71	76	229	172	23
gene-LOC142984318	6	5	0	3	0	0	1	0	5	0	0	0	4
gene-LOC142984320	497	652	1077	198	454	49	507	431	742	356	261	241	218
gene-LOC142984321	587	268	247	742	95	75	165	98	80	113	39	93	150
gene-LOC142984322	1212	1601	3161	779	1486	335	198	121	80	117	65	123	504
gene-LOC142984323	348	942	880	529	773	44	118	44	56	179	100	109	89
gene-LOC142984325	0	0	3	0	0	0	0	0	0	0	0	0	0
gene-LOC142984327	24	17	13	22	28	0	11	0	14	4	12	3	15
gene-LOC142984328	7	1	17	1	0	29	5	5	16	3	2	0	139
gene-LOC142984329	0	0	0	0	0	0	0	0	0	0	0	0	0
gene-LOC142984331	141	106	340	130	214	81	134	83	101	82	207	200	142
gene-LOC142984332	424	363	567	321	239	136	331	151	149	178	163	233	435
gene-LOC142984333	0	2	0	1	0	0	0	0	1	1	0	0	8
gene-LOC142984335	1	5	0	1	0	0	0	1	0	0	0	0	21
gene-LOC142984336	843	410	143	1414	147	330	381	144	272	331	231	462	260
gene-LOC142984337	369	118	78	426	55	243	187	43	69	104	83	85	82
gene-LOC142984338	0	0	0	0	0	1	0	0	0	0	0	0	0
gene-LOC142984344	0	0	0	0	0	0	0	0	0	0	0	0	0
gene-LOC142984347	0	0	1	0	0	0	0	0	0	0	0	1	263
gene-LOC142984350	2	4	4	0	0	0	0	0	0	3	0	0	0
gene-LOC142984351	0	1	0	0	0	0	0	0	0	0	0	0	0
gene-LOC142984352	0	0	0	0	0	0	0	0	0	0	0	0	0
gene-LOC142984353	0	0	0	0	0	0	0	0	0	0	0	0	15
gene-LOC142984354	0	0	5	0	0	0	0	0	0	0	0	0	4
gene-LOC142984355	0	0	0	0	0	0	0	0	0	0	0	0	0
gene-LOC142984356	66	50	124	65	17	0	75	58	44	42	47	104	66
gene-LOC142984357	0	0	0	0	0	0	0	0	0	3	0	0	0
gene-LOC142984358	0	0	0	0	0	0	0	0	0	0	0	0	0
gene-LOC142984359	0	0	0	0	0	0	3	0	0	3	0	0	0
gene-LOC142984360	12	0	8	3	0	0	0	0	0	2	8	0	9
gene-LOC142984361	0	0	0	0	0	0	0	0	0	0	0	0	0
gene-LOC142984362	0	0	0	0	0	0	0	0	0	0	0	0	0
gene-LOC142984363	0	0	0	0	0	0	0	0	0	0	0	0	0
gene-LOC142984364	0	0	0	0	0	0	0	0	0	0	0	0	1
gene-LOC142984365	0	0	0	0	0	0	0	0	0	0	0	0	0
gene-LOC142984366	0	0	0	0	0	0	0	0	0	0	0	0	0
gene-LOC142984367	0	0	0	0	0	0	0	0	0	0	0	0	0
gene-LOC142984368	0	0	0	0	0	0	0	0	0	0	0	0	0
gene-LOC142984369	0	0	0	0	0	0	0	0	0	0	0	0	0
gene-LOC142984370	0	0	0	0	0	0	0	0	0	0	0	0	0
gene-LOC142984372	0	0	0	0	0	0	0	0	0	0	0	0	0
gene-LOC142984373	0	0	0	0	0	0	0	0	0	0	0	0	0
gene-LOC142984374	0	0	0	0	0	0	0	0	0	0	0	0	0
gene-LOC142984375	0	0	0	0	0	0	0	0	0	0	0	0	0
gene-LOC142984376	0	0	0	0	0	0	0	0	0	0	0	0	0
gene-LOC142984377	0	0	0	0	0	0	0	0	0	0	0	0	0
gene-LOC142984378	0	19	4	0	0	0	0	5	0	0	3	21	0
gene-LOC142984379	584	141	97	393	993	477	28	33	44	75	252	110	1101
gene-LOC142984380	0	0	0	0	0	0	0	0	0	0	0	4	0
gene-LOC142984381	0	0	0	0	0	0	0	0	0	0	0	0	0
gene-LOC142984382	0	1	0	0	0	0	2	0	3	0	2	14	1
gene-LOC142984384	0	0	0	0	8	0	0	0	0	0	0	0	0
gene-LOC142984385	3	0	0	15	0	0	13	0	19	0	0	67	0
gene-LOC142984386	0	0	0	0	0	0	0	0	0	0	0	0	0
gene-LOC142984387	0	0	0	0	0	0	0	0	0	0	0	0	0
gene-LOC142984388	3	0	0	0	0	0	0	4	12	0	2	10	0
gene-LOC142984389	0	0	0	0	0	0	1	1	0	0	0	0	0
gene-LOC142984390	0	0	0	0	0	0	0	0	0	0	0	0	0
gene-LOC142984391	0	0	0	0	0	0	0	0	0	0	0	0	0
gene-LOC142984392	0	0	0	0	0	0	4	8	5	0	0	0	0
gene-LOC142984393	0	0	0	0	0	0	0	0	0	0	0	0	0
gene-LOC142984394	2	0	0	0	7	0	0	0	5	0	0	12	0
gene-LOC142984395	0	0	0	0	0	0	0	0	0	0	0	0	0
gene-LOC142984396	0	3	5	0	0	0	7	0	5	5	8	17	0
gene-LOC142984397	1	0	0	0	0	0	0	5	0	0	0	0	0
gene-LOC142984398	0	0	0	1	0	0	0	0	0	0	0	0	0
gene-LOC142984399	0	0	0	0	0	0	0	0	0	0	0	0	1
gene-LOC142984400	0	0	0	0	0	0	0	0	0	0	0	0	0
gene-LOC142984402	1	1	2	0	0	0	0	4	3	0	0	3	0
gene-LOC142984403	0	0	0	0	0	0	0	0	0	0	0	0	0
gene-LOC142984404	0	1	4	0	0	0	0	0	0	0	0	0	275
gene-LOC142984405	12	16	29	3	15	0	10	0	4	1	18	15	1
gene-LOC142984407	10200	4260	472	5766	270	2682	642	588	285	1645	854	1030	0
gene-LOC142984408	1	0	123	0	63	0	0	0	0	0	0	0	0
gene-LOC142984409	49	18	14	15	0	15	11	0	3	5	4	2	19
gene-LOC142984410	0	0	0	0	0	0	0	0	0	0	0	0	0
gene-LOC142984411	457662	223491	183082	221053	38730	82444	24552	12774	15757	31476	37349	21209	3
gene-LOC142984412	50	38	51	41	0	19	32	0	6	8	16	11	0
gene-LOC142984413	0	2	6	0	9	0	0	0	0	0	0	3	2
gene-LOC142984414	0	1	0	0	0	0	0	0	0	0	0	0	0
gene-LOC142984415	0	14	41	3	6	1	0	2	0	0	0	0	1
gene-LOC142984416	2	0	55	0	18	38	11	0	0	1	0	0	194
gene-LOC142984417	614	509	523	608	658	387	148	97	102	175	216	152	2116
gene-LOC142984418	1	0	0	0	0	0	0	0	7	6	16	12	6
gene-LOC142984420	173	145	502	206	175	70	60	71	41	77	67	25	516
gene-LOC142984421	1	0	0	0	0	0	0	0	0	0	0	0	0
gene-LOC142984422	123	215	146	72	79	30	38	22	23	39	55	31	170
gene-LOC142984429	0	16	17	0	0	42	0	0	1	0	0	2	2061
gene-LOC142984431	153	236	473	99	452	110	65	34	20	84	65	71	841
gene-LOC142984432	454	184	105	710	21	397	1557	813	2088	1654	2467	2210	140
gene-LOC142984436	6	18	23	2	5	0	3	0	0	0	1	0	9
gene-LOC142984437	353	342	329	123	293	132	80	34	51	73	100	80	112
gene-LOC142984438	52	13	33	44	0	15	41	25	22	31	23	3	142
gene-LOC142984442	191	198	476	109	368	148	114	69	25	74	57	51	1256
gene-LOC142984444	208	764	2143	113	1680	165	90	75	47	131	71	61	251
gene-LOC142984445	0	0	11	0	0	0	0	0	0	4	3	4	0
gene-LOC142984449	0	0	0	0	0	0	0	0	0	0	0	0	0
gene-LOC142984450	0	3	0	0	0	0	0	0	0	0	0	0	0
gene-LOC142984451	24	6	7	7	8	163	67	16	115	123	1257	248	181
gene-LOC142984452	0	0	0	0	0	0	0	0	0	0	0	0	0
gene-LOC142984453	0	0	0	0	0	0	0	0	0	0	0	0	3
gene-LOC142984455	6	0	2	1	15	0	0	0	0	0	0	0	5
gene-LOC142984456	0	0	0	0	0	0	0	0	0	0	0	0	0
gene-LOC142984458	309	325	349	815	124	93	33	51	18	27	4	13	137
gene-LOC142984459	0	4	0	0	0	0	0	2	1	1	0	0	0
gene-LOC142984461	80	94	161	78	58	39	132	95	69	111	76	83	51
gene-LOC142984466	1168	1244	509	3959	493	280	133	150	74	154	55	117	149
gene-LOC142984468	12322	11378	11978	9105	6911	3779	14756	14280	20858	14129	16478	21667	6
gene-LOC142984469	37	6	39	56	27	52	24	18	36	24	8	11	69
gene-LOC142984471	44	21	30	176	0	104	65	29	124	50	124	83	66
gene-LOC142984472	416	299	790	222	589	74	135	20	43	18	14	36	342
gene-LOC142984473	0	0	1	0	0	0	0	0	0	0	0	0	0
gene-LOC142984474	850	227	409	739	154	400	424	61	506	283	675	370	245
gene-LOC142984477	131	94	93	110	58	30	224	131	219	92	185	145	107
gene-LOC142984478	9	19	2	27	0	0	16	10	1	0	0	0	49
gene-LOC142984480	68	208	356	328	213	77	39	50	9	165	70	77	129
gene-LOC142984482	714	12	74	356	6	392	174	10	128	995	2793	1208	101
gene-LOC142984483	0	4	0	0	0	0	0	0	0	0	0	0	0
gene-LOC142984485	0	3	2	4	0	11	1	0	1	11	22	3	0
gene-LOC142984486	41	29	13	29	17	31	44	17	39	28	139	83	101
gene-LOC142984488	0	2	0	0	0	0	0	0	0	0	0	0	2
gene-LOC142984489	0	0	0	0	0	0	0	0	0	0	0	0	0
gene-LOC142984490	313	156	534	526	271	105	152	71	96	134	94	141	1000
gene-LOC142984491	0	1	0	3	4	0	0	0	3	6	10	0	0
gene-LOC142984493	187	233	314	101	205	45	99	31	31	65	85	49	266
gene-LOC142984494	0	0	0	0	0	0	0	0	0	0	0	0	0
gene-LOC142984495	278	261	368	292	257	226	94	66	69	89	152	94	343
gene-LOC142984499	366	109	81	676	61	715	959	744	1255	2095	6560	2020	42
gene-LOC142984500	0	0	0	0	0	0	0	0	0	0	0	0	0
gene-LOC142984501	0	0	0	3	0	6	7	0	4	0	4	0	0
gene-LOC142984504	314	375	352	227	305	106	804	473	861	1176	1136	1186	84
gene-LOC142984508	177	223	446	313	365	171	246	229	324	280	328	327	289
gene-LOC142984509	649	1756	2439	473	2478	60	382	407	94	211	37	117	3304
gene-LOC142984511	438	358	168	436	178	493	377	152	226	361	317	172	1517
gene-LOC142984513	3	1	21	0	0	0	3	0	1	0	0	4	619
gene-LOC142984514	160	174	106	153	22	46	74	45	51	108	60	55	9
gene-LOC142984515	2	5	0	2	4	11	0	5	1	0	0	0	137
gene-LOC142984516	0	0	0	2	9	0	3	5	16	0	16	0	26
gene-LOC142984517	545	1	165	88	42	9	52	40	117	47	56	0	0
gene-LOC142984518	236	156	239	110	39	5	263	135	146	121	142	144	0
gene-LOC142984519	59	29	3	27	0	5	0	0	2	1	15	23	20
gene-LOC142984520	351	344	997	270	494	117	208	194	97	123	140	150	177
gene-LOC142984521	1925	1231	2202	1675	1355	852	1796	1377	2130	1630	1662	1664	2105
gene-LOC142984524	1778	715	818	2176	1057	2428	6195	3928	15762	6728	11241	14586	2090
gene-LOC142984526	283	261	435	157	195	55	136	35	97	92	31	52	449
gene-LOC142984527	0	0	0	0	0	0	0	0	0	0	0	0	0
gene-LOC142984528	39	144	30	80	70	43	320	298	455	207	238	210	0
gene-LOC142984530	0	0	5	1	0	0	0	0	0	0	0	0	0
gene-LOC142984531	18	7	180	18	67	304	50	12	58	10	65	26	22366
gene-LOC142984532	9	0	0	1	0	0	0	0	0	2	5	3	0
gene-LOC142984533	7	0	4	0	0	0	0	0	0	0	0	0	0
gene-LOC142984536	0	0	0	0	0	0	0	0	0	0	0	0	36
gene-LOC142984537	13	76	1167	8	553	124	130	193	132	5	0	0	334
gene-LOC142984538	4133	484	21752	1071	1035	287	609	1068	565	1113	167	378	5
gene-LOC142984540	1	0	4	0	0	0	0	0	0	0	0	0	9024
gene-LOC142984541	24	44	38	22	26	28	67	7	9	45	21	14	0
gene-LOC142984543	0	0	0	0	0	0	0	0	0	5	0	0	0
gene-LOC142984544	187	181	162	164	58	42	184	102	102	97	69	105	136
gene-LOC142984545	76	49	68	49	43	45	98	46	53	65	33	38	53
gene-LOC142984546	167	87	53	49	49	15	129	135	85	71	89	62	4
gene-LOC142984547	455	172	11	0	136	0	1	5	264	0	250	5	659
gene-LOC142984548	57	72	63	111	71	56	362	545	834	175	197	137	3
gene-LOC142984549	1	6	0	0	0	0	4	2	3	3	0	12	18
gene-LOC142984550	8	17	124	3	84	63	4	6	6	0	7	0	309
gene-LOC142984551	0	0	0	0	0	0	0	0	0	0	0	0	0
gene-LOC142984552	0	0	0	0	0	0	0	0	0	0	0	0	0
gene-LOC142984553	8	1	3	0	0	0	0	0	2	0	0	0	0
gene-LOC142984554	0	0	0	0	0	0	0	0	0	0	0	0	0
gene-LOC142984555	0	0	7	0	0	0	5	0	6	0	0	0	10
gene-LOC142984556	10	0	0	0	0	0	0	0	0	0	16	1	82
gene-LOC142984557	0	0	0	0	0	0	0	0	0	0	0	0	0
gene-LOC142984559	4	3	38	1	9	31	2	1	4	2	3	0	2151
gene-LOC142984561	9	1	6	10	0	0	0	3	3	2	6	0	3
gene-LOC142984564	2	0	182	24	777	702	1630	702	1974	96	664	10	0
gene-LOC142984565	0	0	0	0	0	0	0	2	0	0	0	11	0
gene-LOC142984567	965	474	732	1501	549	1360	2353	1616	5458	3616	6685	3618	2377
gene-LOC142984570	1281	1604	2375	1365	1167	1063	5627	6123	7134	4981	5120	6355	16056
gene-LOC142984572	389	250	2053	3490	91	1910	4155	351	1144	866	3436	14295	290
gene-LOC142984573	1	5	0	0	0	0	0	0	0	0	0	0	2
gene-LOC142984574	172	84	46	53	63	12	16	0	12	18	29	38	871
gene-LOC142984576	477	151	526	481	331	242	171	71	75	149	138	172	807
gene-LOC142984578	0	0	0	0	0	0	0	0	0	0	0	0	0
gene-LOC142984579	12	13	15	13	8	0	4	11	1	4	3	0	4
gene-LOC142984580	0	0	0	0	0	0	0	0	0	0	0	0	0
gene-LOC142984582	0	0	1	0	9	0	0	0	0	0	0	0	7
gene-LOC142984583	0	0	0	0	0	0	17	0	2	1	1	4	0
gene-LOC142984584	60	33	242	35	175	0	33	19	21	9	31	32	47
gene-LOC142984589	0	0	0	1	0	0	0	5	2	0	0	0	0
gene-LOC142984590	1368	400	181	1549	40	482	1934	1306	2330	1306	1230	1673	10
gene-LOC142984591	61	57	0	28	53	0	0	24	208	1	147	83	506
gene-LOC142984593	0	0	0	0	0	0	0	0	0	0	0	0	2
gene-LOC142984594	0	0	1	0	0	0	0	0	0	0	0	0	1
gene-LOC142984595	1	0	0	0	0	0	0	0	0	0	0	0	0
gene-LOC142984597	0	0	0	0	0	0	2	0	4	2	2	3	0
gene-LOC142984598	62	181	62	10	43	0	5	3	40	5	12	15	1959
gene-LOC142984599	177	181	310	183	217	39	78	33	54	25	10	42	321
gene-LOC142984600	13	20	16	0	4	0	42	11	15	24	56	119	14
gene-LOC142984602	61	44	76	67	17	14	32	20	13	8	12	11	105
gene-LOC142984603	149	14	65	8	5	36	0	0	154	0	9	37	1
gene-LOC142984604	0	0	0	0	0	0	0	0	0	0	0	0	0
gene-LOC142984605	0	1	0	0	0	0	15	0	2	0	1	1	0
gene-LOC142984606	3	5	1	3	0	0	0	0	1	1	6	8	0
gene-LOC142984609	9	2	2	0	5	0	6	0	9	1	1	0	41
gene-LOC142984610	1889	69	255	1284	86	1163	854	194	1285	2097	2009	1600	248
gene-LOC142984613	183	124	4	508	1	187	744	394	891	1415	596	668	19
gene-LOC142984614	0	0	0	0	0	0	0	0	0	0	0	0	0
gene-LOC142984615	0	2	0	0	0	0	0	0	0	0	0	0	0
gene-LOC142984616	0	0	3	0	14	0	0	0	0	0	0	0	23
gene-LOC142984617	0	0	0	0	0	0	0	0	0	0	0	0	0
gene-LOC142984618	0	0	0	0	0	0	0	0	0	0	0	0	0
gene-LOC142984619	0	0	0	0	0	0	0	0	0	0	0	0	0
gene-LOC142984620	355	389	288	235	574	2813	2290	1762	7191	2452	3133	2389	7082
gene-LOC142984621	1993	1090	1545	3581	1591	5542	4033	2952	12197	11002	29145	14086	23
gene-LOC142984622	0	0	0	0	0	0	0	0	0	0	0	0	0
gene-LOC142984623	4	0	0	0	8	0	0	0	0	0	0	0	5
gene-LOC142984624	4	0	2	0	0	0	0	5	0	0	2	0	6
gene-LOC142984625	2	2	0	3	0	0	0	0	0	0	0	0	0
gene-LOC142984628	21	45	67	27	129	54	30	36	30	26	49	48	251
gene-LOC142984629	3	1	4	8	20	90	101	12	39	31	5	0	3
gene-LOC142984630	61	73	137	285	119	58	51	37	34	102	119	86	163
gene-LOC142984631	1	0	0	0	0	0	0	0	0	0	0	0	0
gene-LOC142984632	0	0	0	0	0	0	5	0	3	0	0	0	0
gene-LOC142984633	0	0	0	0	0	0	0	0	1	0	0	0	0
gene-LOC142984634	0	1	0	0	0	13	0	0	1	0	1	0	0
gene-LOC142984635	139	76	128	65	104	16	155	104	256	151	203	182	94
gene-LOC142984636	72	83	140	48	16	16	79	38	44	29	15	52	76
gene-LOC142984637	899	23	22	46	17	0	98	300	123	0	0	0	1055
gene-LOC142984638	12	12	4	4	18	0	20	7	12	4	31	11	9
gene-LOC142984639	0	0	0	0	0	0	0	0	0	0	0	0	0
gene-LOC142984640	0	0	0	0	0	0	0	0	0	0	0	0	0
gene-LOC142984641	1572	1999	1742	1549	296	300	1202	650	1201	606	627	1226	97
gene-LOC142984644	13	6	8	0	44	0	0	0	0	0	3	0	20
gene-LOC142984645	24	9	13	11	0	0	3	5	2	4	4	1	117
gene-LOC142984646	1	0	0	0	0	0	0	5	0	0	0	0	6
gene-LOC142984648	0	0	0	0	0	0	0	0	0	0	0	0	0
gene-LOC142984650	1428	2281	3239	1910	3096	1803	5985	7701	8159	5156	6492	6745	2384
gene-LOC142984651	0	0	0	0	0	0	0	0	0	0	0	0	0
gene-LOC142984653	0	14	661	0	625	25	0	0	0	0	4	0	5
gene-LOC142984654	0	0	0	0	0	0	0	0	0	0	0	0	0
gene-LOC142984655	7	10	21	15	12	72	13	10	0	4	11	14	117
gene-LOC142984656	0	10	0	0	0	0	0	0	0	0	0	25	0
gene-LOC142984657	0	0	0	0	0	0	0	0	0	0	0	0	0
gene-LOC142984658	0	0	0	0	0	0	0	0	0	0	0	0	0
gene-LOC142984661	3	3	0	0	0	0	0	0	8	0	14	5	7
gene-LOC142984662	3	18	1066	0	692	0	0	2	2	0	0	0	0
gene-LOC142984663	0	2	5	15	0	21	11	0	18	5	7	21	23
gene-LOC142984665	0	0	0	0	0	0	0	0	0	0	0	0	0
gene-LOC142984666	0	0	0	1	0	0	0	0	0	0	0	0	92
gene-LOC142984667	0	0	0	0	0	0	0	0	0	0	0	0	0
gene-LOC142984670	32	48	60	25	43	9	44	7	5	27	15	7	190
gene-LOC142984671	877	952	1819	589	939	502	301	221	317	431	454	314	582
gene-LOC142984672	1099	524	284	446	114	255	118	64	45	60	68	43	742
gene-LOC142984675	7	1	0	1	0	0	4	1	1	8	6	13	0
gene-LOC142984677	12	5	23	6	3	74	3	0	5	0	13	0	1113
gene-LOC142984678	0	0	0	0	0	0	0	0	0	0	0	0	0
gene-LOC142984679	0	0	2	4	0	0	0	0	6	0	2	0	0
gene-LOC142984680	551	36	2426	3	532	292	215	57	99	295	766	467	26
gene-LOC142984681	0	0	0	0	0	0	0	0	0	0	0	0	0
gene-LOC142984684	760	590	600	612	390	189	265	165	135	283	223	169	473
gene-LOC142984685	0	7	0	5	0	14	0	0	0	3	0	0	29
gene-LOC142984687	1	13	5	1	0	0	1	0	3	3	1	0	507
gene-LOC142984719	975	1349	1463	463	1257	388	238	181	165	268	224	337	1402
gene-LOC142984724	26	4	9	0	13	0	4	0	0	1	0	4	2
gene-LOC142984725	1437	490	792	1334	292	780	295	145	272	283	414	343	1192
gene-LOC142984727	446	221	370	561	242	504	183	104	227	237	203	213	693
gene-LOC142984729	207	82	179	56	36	14	28	0	12	8	3	4	112
gene-LOC142984730	2	0	0	6	7	21	0	0	1	0	2	0	18
gene-LOC142984731	0	14	0	0	0	0	10	5	0	0	0	0	3
gene-LOC142984732	1	0	0	2	0	0	0	0	0	0	0	0	4
gene-LOC142984733	3	0	0	4	0	0	0	0	0	0	0	0	0
gene-LOC142984734	1	0	8	0	9	0	0	0	0	0	0	0	0
gene-LOC142984735	0	0	5	0	0	0	1	0	0	0	0	1	0
gene-LOC142984736	0	0	0	0	0	0	0	0	0	0	0	0	0
gene-LOC142984737	168	91	51	679	46	258	316	169	565	486	725	426	338
gene-LOC142984738	5	4	1	11	0	0	10	5	0	0	3	5	0
gene-LOC142984739	18	6	25	3	65	0	6	4	2	9	2	9	57
gene-LOC142984740	1	7	0	2	7	0	0	0	0	0	3	0	5
gene-LOC142984741	1	0	0	0	0	0	0	0	0	0	0	0	0
gene-LOC142984742	0	0	0	0	0	0	0	0	0	0	24	0	0
gene-LOC142984743	157	224	318	132	117	60	156	98	99	122	71	178	152
gene-LOC142984745	19	12	18	278	36	787	9	11	40	73	710	58	66
gene-LOC142984746	530	492	545	190	255	177	126	52	59	105	82	87	286
gene-LOC142984747	3	0	12	6	32	17	28	27	11	23	9	1	45
gene-LOC142984752	454	295	869	339	329	108	178	152	170	111	121	111	617
gene-LOC142984753	103	57	53	393	86	264	1019	731	2057	1014	1013	1903	531
gene-LOC142984758	0	0	0	0	0	0	0	0	0	0	0	0	0
gene-LOC142984759	54	50	37	94	44	123	4	11	9	37	25	16	359
gene-LOC142984760	6	21	17	18	19	68	16	21	25	9	11	3	55
gene-LOC142984761	3	11	0	11	0	25	0	0	0	0	0	0	40
gene-LOC142984762	44	69	45	57	25	238	21	24	17	38	8	8	157
gene-LOC142984763	100	39	119	112	19	91	81	49	231	130	214	108	89
gene-LOC142984764	147	85	170	84	52	46	73	21	39	45	28	19	164
gene-LOC142984766	0	0	0	0	0	0	0	0	0	0	0	0	5
gene-LOC142984767	65	108	332	22	346	5	18	14	18	2	4	5	7985
gene-LOC142984768	310	177	130	271	44	257	254	149	597	488	592	752	70
gene-LOC142984769	124	261	141	65	37	0	179	153	108	44	27	30	7
gene-LOC142984770	5	13	11	0	0	0	0	3	1	0	0	2	27
gene-LOC142984771	0	7	0	0	0	0	0	0	0	1	17	2	479
gene-LOC142984772	215	341	507	306	104	299	46	47	34	75	54	109	192
gene-LOC142984773	18	17	19	38	5	28	0	7	4	1	15	6	36
gene-LOC142984774	24	32	48	39	6	0	54	39	65	58	81	47	77
gene-LOC142984775	19	15	16	31	37	10	14	12	16	27	13	15	22
gene-LOC142984777	11	13	12	3	7	69	10	0	3	7	3	0	46
gene-LOC142984778	34	37	7	142	0	66	61	33	224	78	243	43	4
gene-LOC142984779	211	226	278	203	153	120	59	31	31	80	57	55	434
gene-LOC142984783	152	292	331	134	151	129	21	41	13	55	27	22	832
gene-LOC142984784	9	33	94	0	372	0	5	0	0	0	0	0	7
gene-LOC142984785	3	5	14	28	0	0	0	5	3	2	9	13	102
gene-LOC142984787	231	123	106	479	55	338	123	55	73	151	280	167	273
gene-LOC142984789	2	4	0	0	0	32	0	2	3	0	8	0	4150
gene-LOC142984790	9	8	13	0	0	0	8	3	0	3	7	3	7
gene-LOC142984792	662	529	1119	131	261	136	715	497	686	256	633	683	64
gene-LOC142984794	706	733	518	1710	299	237	788	380	423	915	342	308	321
gene-LOC142984795	51	30	36	48	0	36	13	0	6	15	14	20	172
gene-LOC142984797	0	0	0	2	0	0	0	0	0	0	0	0	0
gene-LOC142984798	0	0	0	0	0	0	0	3	0	0	0	0	0
gene-LOC142984799	11	5	13	33	2	37	0	11	13	13	6	0	1
gene-LOC142984800	96	86	119	95	140	117	32	27	39	41	51	32	246
gene-LOC142984801	2593	1768	2062	2125	916	747	2381	1092	2143	1453	1745	1324	1244
gene-LOC142984803	100	136	128	130	138	162	419	471	650	347	566	610	260
gene-LOC142984805	85	105	72	33	40	22	82	40	20	107	73	4	128
gene-LOC142984806	305	82	105	366	86	308	13	5	7	6	26	18	343
gene-LOC142984807	330	216	343	347	125	100	309	214	261	360	256	450	297
gene-LOC142984809	2	2	10	0	4	0	0	0	0	0	0	0	0
gene-LOC142984810	12	12	38	0	3	74	0	1	6	0	2	3	11076
gene-LOC142984811	60	37	127	109	73	30	97	38	60	118	140	118	71
gene-LOC142984813	650	371	177	1072	98	643	222	98	195	666	398	997	445
gene-LOC142984815	48	40	34	45	1	0	10	7	6	16	15	4	35
gene-LOC142984819	2041	2101	160	3512	131	4523	3527	2925	1967	8460	2923	9794	565
gene-LOC142984820	0	0	0	0	0	0	0	0	0	0	0	0	0
gene-LOC142984821	2740	594	352	11030	259	1432	2598	781	3008	3013	3040	7015	0
gene-LOC142984822	43	49	57	74	30	42	103	116	164	174	231	142	34
gene-LOC142984823	20	24	3	36	0	0	19	3	4	6	11	41	9
gene-LOC142984824	4	39	5	18	25	21	16	27	23	11	7	7	44
gene-LOC142984826	19	16	3	8	22	26	5	2	1	0	6	29	5
gene-LOC142984827	10	7	10	20	0	0	17	3	2	10	9	8	130
gene-LOC142984828	2764	794	1193	308	831	1000	612	215	411	495	653	645	412
gene-LOC142984830	6	2	16	4	5	0	4	0	1	7	5	11	6
gene-LOC142984833	17	3	7	12	0	12	13	0	10	1	29	1	93
gene-LOC142984834	0	0	2	0	0	0	0	0	0	0	0	0	0
gene-LOC142984835	0	7	51	0	0	0	0	0	0	0	0	0	1057
gene-LOC142984836	12704	3973	5577	31828	2489	13770	3368	2213	7100	5348	6178	4967	5
gene-LOC142984837	0	4	0	0	0	0	0	0	0	0	0	0	1
gene-LOC142984838	0	0	3	0	0	0	0	0	0	0	0	0	0
gene-LOC142984839	661	1048	652	859	615	334	731	518	320	571	380	466	860
gene-LOC142984840	7	14	21	14	26	1	18	20	7	13	5	14	21
gene-LOC142984841	0	0	0	0	0	0	0	0	0	0	0	0	0
gene-LOC142984842	246	20	17	6	48	0	1	12	5	3	30	4	345
gene-LOC142984843	1	0	0	0	0	37	3	0	0	0	0	0	0
gene-LOC142984846	78	58	69	68	16	19	19	3	9	18	21	16	27
gene-LOC142984847	0	16	6	3	27	35	1	0	5	17	26	6	45
gene-LOC142984848	1273	1055	496	984	142	780	781	1136	713	673	591	233	15
gene-LOC142984849	8	14	12	16	15	9	22	4	4	1	1	0	27
gene-LOC142984850	0	1	0	0	0	0	0	0	0	0	0	0	15
gene-LOC142984851	0	0	2	0	0	0	0	2	0	0	0	0	0
gene-LOC142984852	2	0	8	5	23	100	24	7	60	16	3	0	1031
gene-LOC142984853	8	1	16	1	3	206	0	0	0	0	1	0	378
gene-LOC142984854	1	0	1	0	0	0	2	3	0	0	0	4	0
gene-LOC142984855	0	9	2	0	8	108	0	0	20	0	3	0	202
gene-LOC142984856	1	3	1	1	11	0	0	0	0	0	0	0	19
gene-LOC142984858	32	0	0	0	0	0	0	0	0	0	0	0	0
gene-LOC142984860	24	7	28	20	10	19	6	5	3	8	6	0	16
gene-LOC142984862	0	2	10	0	5	16	3	0	0	10	4	0	41
gene-LOC142984863	1	2	1	0	0	0	1	0	7	0	0	2	0
gene-LOC142984864	0	0	45	0	17	27	4	0	3	0	2	0	1193
gene-LOC142984865	0	0	105	1	241	44	254	106	189	7	20	0	254
gene-LOC142984866	7	4	10	2	0	37	9	7	6	2	15	1	0
gene-LOC142984867	0	0	0	0	0	0	0	0	0	0	0	0	0
gene-LOC142984868	219	185	136	198	130	139	125	110	183	134	164	184	315
gene-LOC142984870	0	3	4	0	0	0	2	0	1	0	0	0	6
gene-LOC142984871	3	9	10	3	0	0	0	0	1	8	0	3	3
gene-LOC142984874	85	48	201	60	32	14	55	21	64	54	57	50	47
gene-LOC142984875	721	845	1069	683	630	132	1703	1167	1385	1254	829	1131	2310
gene-LOC142984876	183	28	185	182	10	131	25	10	95	133	32	12	240
gene-LOC142984881	0	0	0	0	0	0	0	0	0	0	0	0	0
gene-LOC142984883	2	0	0	3	0	0	0	0	0	0	0	0	1
gene-LOC142984884	0	6	0	0	0	0	0	0	0	1	0	0	0
gene-LOC142984885	0	0	0	0	0	0	0	0	0	0	0	0	0
gene-LOC142984888	14	66	17	41	24	66	31	13	16	15	14	25	224
gene-LOC142984891	379	61	135	280	69	206	213	57	207	225	342	224	214
gene-LOC142984892	0	0	0	0	0	0	0	0	0	0	0	0	0
gene-LOC142984893	141	237	309	140	92	46	124	47	58	36	44	58	84
gene-LOC142984894	0	0	0	0	0	0	0	0	0	0	0	0	0
gene-LOC142984896	534	117	66	333	51	258	697	234	2293	1595	4130	4728	126
gene-LOC142984897	195	124	62	292	55	179	105	49	60	138	131	121	250
gene-LOC142984898	0	0	0	0	0	0	0	0	0	0	0	0	0
gene-LOC142984899	32	71	133	66	41	72	33	43	59	55	89	51	77
gene-LOC142984900	29	32	1	45	1	54	29	5	31	19	47	41	9
gene-LOC142984902	11	9	2	103	0	12	7	0	5	5	6	5	6
gene-LOC142984903	95	158	213	185	57	101	170	112	511	242	256	201	215
gene-LOC142984905	0	0	0	0	0	0	0	0	0	0	0	0	0
gene-LOC142984906	0	4	3	3	8	16	0	0	8	0	0	11	1
gene-LOC142984908	7	26	0	66	0	27	18	10	17	0	22	43	1302
gene-LOC142984909	0	0	0	0	0	0	0	0	0	0	0	0	0
gene-LOC142984910	8	1	22	1	26	51	0	2	4	0	7	9	3
gene-LOC142984911	129	58	255	477	419	239	21	24	58	33	29	124	0
gene-LOC142984912	4903	4911	3560	3513	1376	1325	3125	1756	1909	1794	1164	1610	0
gene-LOC142984913	78	77	118	110	7	62	16	8	0	3	2	4	31
gene-LOC142984915	1	3	4	6	23	0	4	0	0	2	0	4	51
gene-LOC142984916	72	34	71	57	32	46	100	52	73	78	79	100	103
gene-LOC142984917	2	0	17	16	7	7	0	0	1	0	0	2	48
gene-LOC142984918	5	6	4	11	7	0	3	0	0	0	0	0	0
gene-LOC142984919	0	7	0	0	0	0	0	3	0	0	0	0	1206
gene-LOC142984921	51	17	49	27	12	1542	75	34	62	14	101	8	1018
gene-LOC142984922	0	0	0	0	0	0	0	0	0	0	0	0	101
gene-LOC142984923	0	0	0	0	0	0	6	0	0	0	0	0	0
gene-LOC142984924	0	0	3	1	0	0	0	0	0	0	0	0	0
gene-LOC142984925	1	2	2	2	0	0	0	5	2	2	0	3	10
gene-LOC142984926	15	0	2	10	23	0	20	0	18	24	6	5	6
gene-LOC142984927	8	3	4	7	7	87	17	5	13	4	10	5	112
gene-LOC142984928	0	3	0	0	0	0	1	0	0	0	0	0	0
gene-LOC142984929	0	5	0	0	0	0	0	0	0	0	0	0	4
gene-LOC142984930	0	0	0	2	0	0	0	0	0	0	0	0	0
gene-LOC142984931	0	1	0	0	0	0	0	0	0	0	2	0	0
gene-LOC142984932	171	232	262	156	115	39	133	126	204	176	178	199	123
gene-LOC142984933	122	61	91	63	78	89	32	9	26	31	34	34	250
gene-LOC142984934	31	34	30	44	83	107	36	35	28	78	179	81	147
gene-LOC142984935	10	10	0	3	0	0	7	4	0	0	2	5	0
gene-LOC142984936	0	2	0	0	0	0	0	1	0	0	0	0	0
gene-LOC142984939	142	45	291	44	214	409	27	88	55	26	34	8	830
gene-LOC142984940	1356	4669	4436	2124	1234	918	618	746	701	492	247	504	1173
gene-LOC142984941	86	35	102	229	44	203	415	208	1203	695	700	750	403
gene-LOC142984942	48	25	37	68	5	266	46	29	103	33	58	63	1011
gene-LOC142984944	298	81	160	93	7	63	69	54	69	128	96	45	95
gene-LOC142984947	2	8	1	0	0	0	0	0	0	3	0	0	0
gene-LOC142984948	3	15	9	10	73	261	12	14	34	14	34	5	3542
gene-LOC142984950	0	0	0	0	0	0	0	0	0	0	0	0	0
gene-LOC142984956	55	35	96	52	24	13	38	12	14	37	8	20	45
gene-LOC142984957	18	1	30	22	16	16	12	2	2	5	0	0	35
gene-LOC142984958	103	96	176	65	16	16	63	23	29	27	39	31	59
gene-LOC142984959	8	19	22	6	0	10	13	4	0	9	18	12	13
gene-LOC142984960	0	4	0	0	0	0	0	0	0	0	0	0	4
gene-LOC142984961	122	154	207	36	394	170	10	7	32	44	30	43	6199
gene-LOC142984964	5	0	0	3	0	0	0	0	0	0	0	0	0
gene-LOC142984966	3	6	19	3	0	0	2	17	4	3	2	11	7
gene-LOC142984967	17	1	13	12	9	15	14	5	2	3	13	0	3
gene-LOC142984968	0	0	2	3	0	0	0	0	0	0	0	0	5
gene-LOC142984969	20	22	60	32	5	14	32	25	7	34	10	22	4
gene-LOC142984970	0	0	0	0	0	0	0	0	0	0	0	0	0
gene-LOC142984971	0	0	0	0	11	0	0	0	0	0	1	0	2
gene-LOC142984972	0	0	0	0	0	0	0	0	0	0	0	0	0
gene-LOC142984973	0	0	0	0	0	0	0	0	0	0	0	0	0
gene-LOC142984974	1	0	0	0	0	0	0	0	2	0	0	0	0
gene-LOC142984975	0	0	0	0	0	0	0	0	0	0	0	0	0
gene-LOC142984976	0	0	3	0	0	0	0	0	0	0	0	0	0
gene-LOC142984977	0	0	0	0	0	0	0	0	0	0	0	0	0
gene-LOC142984978	6	0	0	0	10	17	0	0	0	3	0	0	49
gene-LOC142984979	0	0	0	0	0	0	11	0	0	0	0	0	0
gene-LOC142984980	0	8	0	14	9	0	15	2	0	0	0	0	43
gene-LOC142984982	0	0	0	0	0	0	0	0	0	0	0	2	0
gene-LOC142984990	0	0	0	0	0	0	0	0	0	0	0	0	0
gene-LOC142984996	0	0	0	0	0	0	0	0	0	0	0	0	0
gene-LOC142984997	0	0	0	0	4	0	0	0	0	0	0	0	0
gene-LOC142984998	0	0	0	0	0	0	0	0	0	0	0	2	0
gene-LOC142984999	37	36	33	27	45	0	13	18	29	27	29	25	41
gene-LOC142985000	0	0	0	0	0	0	0	0	0	0	0	0	0
gene-LOC142985001	10	34	29	8	16	0	9	4	9	6	9	14	16
gene-LOC142985002	680	291	584	773	414	299	674	253	535	586	287	237	1324
gene-LOC142985003	0	0	0	0	0	0	0	0	0	0	0	0	0
gene-LOC142985004	9	0	5	2	0	0	0	3	0	0	0	0	12
gene-LOC142985005	398	203	134	73	290	327	77	21	87	92	27	39	2844
gene-LOC142985006	2327	734	616	2148	449	4348	761	236	1070	1500	2771	1319	4261
gene-LOC142985007	118	269	579	69	101	15	131	412	146	72	124	80	103
gene-LOC142985010	1309	1078	1010	199	394	415	911	554	74	343	256	820	2096
gene-LOC142985012	1	1	0	0	0	0	0	0	1	0	0	0	1
gene-LOC142985013	1394	669	969	2062	1204	1295	249	207	279	1442	1306	678	2776
gene-LOC142985014	5167	3820	3740	12560	2842	11429	10499	4794	10341	7479	10820	5479	21140
gene-LOC142985018	0	0	0	0	0	0	0	0	0	0	0	0	8
gene-LOC142985019	0	0	0	0	0	0	0	0	0	0	0	0	0
gene-LOC142985020	0	0	0	0	0	0	0	0	0	0	0	0	0
gene-LOC142985021	0	0	0	0	0	0	0	0	0	0	0	0	0
gene-LOC142985023	0	0	0	0	0	0	0	0	0	0	0	0	0
gene-LOC142985024	0	0	0	0	0	0	0	0	0	0	0	0	0
gene-LOC142985025	0	0	5	0	0	0	0	12	0	0	0	0	0
gene-LOC142985028	0	0	0	0	0	0	0	0	0	0	0	0	0
gene-LOC142985029	0	0	0	0	0	0	0	0	0	0	0	2	0
gene-LOC142985032	0	0	0	0	0	0	0	0	0	0	0	0	0
gene-LOC142985034	0	0	0	0	0	0	0	0	0	0	0	0	0
gene-LOC142985035	0	0	0	0	0	0	0	0	0	0	0	0	0
gene-LOC142985036	2	0	0	6	0	0	0	5	0	0	0	0	0
gene-LOC142985037	0	0	0	0	0	0	0	0	0	0	0	0	0
gene-LOC142985038	0	0	0	0	0	0	0	0	0	0	0	0	0
gene-LOC142985039	0	0	0	0	0	0	0	0	0	0	0	0	0
gene-LOC142985041	0	0	0	0	0	0	0	0	0	0	0	0	0
gene-LOC142985043	0	0	0	0	0	0	0	0	0	0	0	0	0
gene-LOC142985044	2	0	0	0	0	0	0	7	0	0	0	0	19
gene-LOC142985045	0	0	0	0	0	0	0	0	0	0	0	0	0
gene-LOC142985047	0	2	11	14	0	0	7	0	0	0	14	0	53
gene-LOC142985049	0	0	0	0	0	0	0	0	0	0	0	0	0
gene-LOC142985052	3	7	25	37	0	82	2	15	118	7	151	13	86
gene-LOC142985054	0	0	0	0	0	0	0	0	0	0	0	0	0
gene-LOC142985055	3	0	0	0	0	0	0	0	0	0	0	0	0
gene-LOC142985056	5	16	34	23	33	0	0	18	20	0	0	14	252
gene-LOC142985057	0	0	3	0	11	0	0	0	0	0	0	0	36
gene-LOC142985058	0	4	0	0	0	11	0	0	0	5	0	0	0
gene-LOC142985059	1	9	9	10	0	0	6	0	0	7	0	0	8
gene-LOC142985060	0	1	1	0	0	0	0	2	0	0	0	0	0
gene-LOC142985061	1586	1280	2280	610	1125	262	227	103	105	129	149	157	1033
gene-LOC142985062	1	5	3	2	9	0	0	4	0	0	0	0	3
gene-LOC142985063	0	0	0	0	0	0	0	0	0	0	0	0	0
gene-LOC142985064	0	0	12	0	0	0	0	0	0	0	0	0	0
gene-LOC142985065	0	6	5	5	17	0	10	6	0	2	0	20	77
gene-LOC142985066	0	0	0	0	0	0	0	0	0	0	0	0	0
gene-LOC142985067	0	0	0	0	0	0	0	0	0	0	0	0	0
gene-LOC142985068	0	0	0	0	0	0	0	0	0	0	0	0	0
gene-LOC142985069	94	76	79	108	30	34	64	13	46	72	13	22	193
gene-LOC142985071	365	195	333	321	130	176	98	57	91	133	156	116	1007
gene-LOC142985072	82	158	225	78	393	141	16	37	40	16	28	52	247
gene-LOC142985073	0	0	0	0	0	8	0	0	0	0	0	0	2
gene-LOC142985075	132	103	220	126	100	107	50	29	15	41	55	30	322
gene-LOC142985076	329	252	545	310	194	99	224	167	214	251	197	155	685
gene-LOC142985077	1191	1862	5326	1151	1966	1066	926	661	1141	475	668	567	10
gene-LOC142985078	5	3	6	5	15	7	1	1	0	4	0	3	6
gene-LOC142985080	640	386	619	488	280	280	79	44	35	18	18	38	1149
gene-LOC142985081	4	4	21	11	26	16	0	7	3	3	6	0	1676
gene-LOC142985086	21	9	19	19	35	80	20	4	5	9	12	5	20
gene-LOC142985087	2082	1387	1082	773	717	834	2365	467	1130	1556	1554	1318	3268
gene-LOC142985088	0	0	0	0	0	0	0	0	0	0	0	0	0
gene-LOC142985091	80	62	120	117	84	52	111	76	153	154	145	131	190
gene-LOC142985092	60	27	70	113	0	0	19	12	28	59	51	40	33
gene-LOC142985093	55	57	120	44	45	20	27	27	15	30	16	32	221
gene-LOC142985094	236	228	717	201	143	219	814	200	1045	240	128	317	1287
gene-LOC142985095	100	90	160	106	77	42	204	163	106	180	160	124	147
gene-LOC142985096	498	717	961	331	1069	81	177	128	114	150	178	95	3134
gene-LOC142985097	0	5	0	0	0	0	3	4	0	1	0	0	0
gene-LOC142985100	0	0	0	0	0	0	0	0	0	0	2	0	3
gene-LOC142985103	89	43	141	188	74	75	151	60	234	150	552	373	79
gene-LOC142985104	1	0	0	0	0	0	0	0	2	0	0	0	0
gene-LOC142985106	1033	455	42	1	640	0	0	4	129	2	187	0	995
gene-LOC142985107	63	127	1039	71	547	25	13	44	6	20	5	6	135
gene-LOC142985108	65	63	55	30	13	0	38	30	41	34	32	44	71
gene-LOC142985109	31	10	19	92	12	61	168	82	230	136	305	245	55
gene-LOC142985110	16	8	2	11	0	21	0	0	0	2	0	4	26
gene-LOC142985111	177	40	29	12	73	120	92	38	162	30	86	2	1041
gene-LOC142985112	0	0	0	0	0	0	0	0	0	0	0	0	0
gene-LOC142985114	970	481	708	790	870	611	89	71	47	123	118	122	2536
gene-LOC142985115	3	9	12	7	11	3	9	0	3	9	0	2	5
gene-LOC142985117	2	0	9	0	0	0	0	0	0	0	0	0	17
gene-LOC142985118	24	29	269	27	106	8	11	15	9	28	20	10	25
gene-LOC142985120	6	0	4	0	3	26	3	0	2	7	12	10	2
gene-LOC142985121	0	0	0	0	0	0	0	0	0	0	7	0	3
gene-LOC142985122	0	1	0	5	0	0	0	0	0	3	0	0	0
gene-LOC142985124	259	72	107	300	71	184	196	66	352	243	775	269	306
gene-LOC142985125	0	0	2	0	0	0	0	0	0	0	0	0	3
gene-LOC142985127	712	388	664	807	536	709	435	294	586	343	335	393	2274
gene-LOC142985128	31	4	50	6	19	122	118	7	6	13	0	10	1546
gene-LOC142985129	76	115	28	20	40	38	489	512	721	379	969	532	9
gene-LOC142985130	56	93	240	84	194	47	19	70	37	15	69	37	64
gene-LOC142985131	1203	1013	367	714	319	903	4565	3890	4943	4718	4082	3529	51
gene-LOC142985132	0	5	7	4	6	130	4	10	22	1	21	0	54
gene-LOC142985133	1	1	6	9	0	0	0	0	0	0	0	0	9
gene-LOC142985134	0	2	2	0	0	0	0	0	0	0	0	0	0
gene-LOC142985135	50	37	98	39	44	194	31	14	16	24	40	20	6976
gene-LOC142985136	9	4	0	5	0	0	0	0	0	4	0	0	0
gene-LOC142985137	9	28	52	44	46	0	5	3	10	17	60	16	71
gene-LOC142985138	194	173	275	132	108	70	89	63	45	53	50	52	380
gene-LOC142985139	6	8	2	1	0	0	4	6	0	1	0	0	0
gene-LOC142985140	39	8	55	37	17	15	39	15	46	24	42	39	32
gene-LOC142985141	5	0	0	1	3	0	36	25	5	12	12	0	1
gene-LOC142985143	1	0	0	2	0	0	0	0	0	2	0	0	1
gene-LOC142985145	249	156	288	279	44	94	195	99	243	272	237	198	298
gene-LOC142985148	109	21	2	2	15	0	20	13	94	1	44	11	127
gene-LOC142985150	1941	873	7355	4077	1731	35080	667	2651	1164	1537	1841	847	2530
gene-LOC142985151	2995	1673	1417	2697	729	2129	613	1118	4876	3957	3673	7171	3
gene-LOC142985152	0	0	0	0	0	0	0	0	0	0	0	0	0
gene-LOC142985153	93	65	22	37	40	28	59	34	48	53	62	121	73
gene-LOC142985154	5446	2509	1348	6166	1071	14043	11656	4074	7617	12983	4543	7800	2765
gene-LOC142985155	267	108	87	45	186	14	4	4	29	9	90	15	929
gene-LOC142985156	0	0	0	0	0	0	0	0	0	0	0	0	0
gene-LOC142985157	66	127	170	32	34	0	47	27	54	77	17	114	16
gene-LOC142985158	26036	5654	7096	47191	1651	15579	3058	726	2074	2931	4865	4415	2
gene-LOC142985159	0	0	0	0	0	0	0	0	0	0	0	0	0
gene-LOC142985160	0	0	0	0	0	0	0	0	0	0	0	0	3
gene-LOC142985162	127	87	211	64	113	8	60	58	169	66	129	133	87
gene-LOC142985163	0	4	2	4	6	21	25	82	103	3	10	0	0
gene-LOC142985164	0	7	4	3	0	0	0	0	0	0	0	0	0
gene-LOC142985165	0	0	0	0	0	0	0	0	0	0	0	0	0
gene-LOC142985166	3032	1228	192	3510	440	2848	2700	2286	3857	3289	5815	9437	0
gene-LOC142985168	19	24	1557	7	970	2116	67	171	1027	378	196	24	0
gene-LOC142985169	230	76	185	234	65	102	168	112	135	170	131	141	403
gene-LOC142985172	0	0	5	6	17	1	9	0	0	0	0	0	104
gene-LOC142985173	441	351	586	440	547	351	299	154	186	338	436	212	824
gene-LOC142985175	1	6	7	1	0	0	0	0	0	1	0	3	0
gene-LOC142985176	98	49	57	61	42	6	25	8	25	27	30	22	347
gene-LOC142985178	0	3	0	0	0	0	4	0	4	1	0	0	0
gene-LOC142985179	1	0	0	0	0	0	0	0	0	0	0	1	0
gene-LOC142985180	1	0	0	0	0	0	0	2	1	0	0	0	0
gene-LOC142985182	310	123	65	1582	26	2193	1547	571	1183	6164	2452	1090	23
gene-LOC142985183	5	10	4	5	0	0	0	12	8	12	8	4	6
gene-LOC142985184	1	0	1	0	0	0	0	0	0	5	5	7	0
gene-LOC142985185	22	15	30	46	21	17	111	59	90	48	91	122	53
gene-LOC142985186	0	0	0	0	0	15	0	0	0	0	0	4	0
gene-LOC142985188	28	20	13	61	0	20	0	0	3	7	15	2	82
gene-LOC142985189	245	78	176	155	84	156	125	47	331	104	182	146	799
gene-LOC142985190	1	2	0	0	0	0	0	0	0	0	0	0	0
gene-LOC142985191	420	283	599	350	442	172	333	216	317	311	254	296	827
gene-LOC142985192	90	76	166	99	68	16	132	74	96	79	95	131	37
gene-LOC142985193	27	36	59	49	19	75	49	4	16	34	10	13	296
gene-LOC142985194	106	144	205	127	46	44	165	98	95	136	106	173	79
gene-LOC142985196	0	0	0	0	0	0	0	0	0	0	0	0	0
gene-LOC142985197	167	60	28	89	40	133	81	34	107	95	117	79	109
gene-LOC142985198	0	0	0	0	0	0	0	0	0	0	0	0	0
gene-LOC142985200	114	34	70	129	34	58	94	51	65	45	40	67	264
gene-LOC142985201	466	279	299	415	46	109	269	121	226	184	243	212	90
gene-LOC142985202	0	0	0	0	0	0	0	0	0	0	0	0	0
gene-LOC142985203	33	21	14	45	9	42	12	4	9	8	9	14	59
gene-LOC142985204	186	62	67	166	28	43	72	45	84	59	107	79	237
gene-LOC142985205	9	0	20	7	0	0	3	10	9	4	1	14	0
gene-LOC142985206	431	1268	9188	332	3627	594	219	337	419	156	262	136	339
gene-LOC142985207	0	0	0	0	0	0	0	0	0	0	0	0	0
gene-LOC142985208	3	1	0	5	0	0	0	0	3	2	0	4	27
gene-LOC142985210	116	130	128	112	168	102	159	138	188	177	235	191	98
gene-LOC142985211	32	45	37	41	20	0	46	44	47	17	19	48	30
gene-LOC142985212	0	0	0	0	0	0	0	0	0	0	0	0	3
gene-LOC142985213	212	224	487	194	287	84	368	423	515	609	845	910	206
gene-LOC142985215	1	3	4	1	0	0	0	0	0	0	0	0	102
gene-LOC142985216	137	37	30	239	8	298	81	38	57	58	122	100	160
gene-LOC142985217	3	11	82	26	63	9	17	10	38	4	4	22	424
gene-LOC142985218	0	0	0	0	0	0	0	0	0	0	0	0	0
gene-LOC142985219	0	0	0	0	0	0	0	0	1	1	1	0	0
gene-LOC142985220	0	0	0	0	0	0	0	0	0	0	0	0	0
gene-LOC142985221	0	0	0	0	0	0	0	0	0	0	0	0	0
gene-LOC142985223	0	0	0	0	0	0	0	0	0	0	0	0	0
gene-LOC142985224	0	0	0	0	0	0	0	0	0	0	0	0	0
gene-LOC142985225	2	3	7	7	0	0	0	0	2	0	1	0	24
gene-LOC142985226	2	0	0	0	0	0	0	0	0	3	0	0	0
gene-LOC142985227	0	0	0	2	0	0	0	0	0	0	0	0	0
gene-LOC142985229	26	3	15	25	0	17	35	14	18	21	11	14	44
gene-LOC142985231	0	3	0	0	0	0	0	0	0	0	0	0	0
gene-LOC142985232	124	157	358	163	144	58	180	67	79	109	128	111	78
gene-LOC142985234	12	23	34	46	20	702	10	14	16	6	9	7	179
gene-LOC142985235	0	2	3	0	18	0	0	0	0	1	0	1	12
gene-LOC142985236	16	9	12	15	11	0	2	3	13	10	4	13	53
gene-LOC142985237	17	14	23	14	87	22	13	10	7	15	51	17	85
gene-LOC142985238	60	24	41	47	12	48	21	21	36	42	23	24	57
gene-LOC142985239	236	243	390	241	245	158	270	307	1066	490	1045	1067	258
gene-LOC142985240	0	0	4	5	10	17	0	0	0	0	0	0	18
gene-LOC142985241	407	105	144	605	19	115	13	1	4	14	4	14	570
gene-LOC142985242	21	14	38	18	20	24	14	0	10	15	11	11	65
gene-LOC142985243	1	0	7	1	0	0	2	8	3	3	6	0	10
gene-LOC142985244	2	0	0	0	0	0	0	0	0	0	0	0	0
gene-LOC142985248	119	152	348	196	597	2015	434	405	709	55	184	70	16657
gene-LOC142985249	0	3	15	0	35	0	0	3	1	0	0	0	6
gene-LOC142985250	361	131	66	193	77	87	24	14	10	44	33	20	249
gene-LOC142985251	471	416	652	361	198	97	151	83	84	138	124	138	176
gene-LOC142985252	1483	2184	2183	1869	571	409	1611	1045	1910	1400	1019	1736	1341
gene-LOC142985254	469	986	424	104	100	31	228	182	25	16	7	30	102
gene-LOC142985256	1	0	20	0	31	80	4	2	7	3	6	0	651
gene-LOC142985257	979	682	887	845	426	484	878	529	945	480	464	656	1026
gene-LOC142985258	433	985	1087	169	554	9	305	428	108	40	43	89	70
gene-LOC142985259	0	0	0	0	0	3	0	0	0	0	0	1	1
gene-LOC142985260	0	0	0	0	0	0	0	0	0	0	0	0	0
gene-LOC142985261	19	10	22	17	0	17	23	9	15	14	17	21	65
gene-LOC142985263	0	2	11	5	12	32	1	0	2	4	0	1	148
gene-LOC142985264	252	99	243	260	125	195	376	481	936	467	1211	1113	291
gene-LOC142985265	2	0	1	1	4	0	6	4	2	0	0	0	0
gene-LOC142985266	0	0	0	0	0	0	0	0	0	0	0	0	0
gene-LOC142985267	191	131	235	96	255	114	142	149	149	99	109	145	167
gene-LOC142985268	733	295	352	659	104	137	49	20	43	54	49	70	423
gene-LOC142985269	1271	560	177	345	108	292	1640	817	2244	1518	1132	1156	168
gene-LOC142985271	111	78	173	99	82	67	49	12	52	92	58	57	87
gene-LOC142985273	496	219	460	363	158	108	227	109	187	117	113	134	575
gene-LOC142985275	49	68	72	55	12	7	97	57	54	79	32	52	18
gene-LOC142985276	32	38	25	23	3	0	21	7	34	10	31	14	53
gene-LOC142985277	8	19	20	11	5	0	40	24	22	10	0	17	0
gene-LOC142985278	1	0	0	0	0	0	0	0	0	0	0	1	0
gene-LOC142985279	1	0	0	0	0	0	0	0	3	0	0	0	8
gene-LOC142985281	153	148	315	151	86	182	224	205	431	200	271	273	414
gene-LOC142985282	797	951	718	1627	149	274	1067	1052	1617	1075	1308	1926	455
gene-LOC142985285	52	42	138	28	20	31	84	22	81	16	20	38	45
gene-LOC142985286	434	131	209	457	120	292	384	126	531	207	464	400	880
gene-LOC142985287	1299	820	1001	1288	551	574	1260	681	1194	720	644	854	1042
gene-LOC142985288	20	15	165	20	0	19	9	8	124	22	18	33	170
gene-LOC142985290	46	88	154	25	137	22	69	48	51	54	53	64	31
gene-LOC142985291	66	9	8	61	0	24	35	12	40	41	40	53	87
gene-LOC142985292	216	182	335	172	209	115	177	134	127	144	148	144	268
gene-LOC142985293	6534	3948	4753	5929	2705	9016	17349	10404	28079	26459	31058	20422	2705
gene-LOC142985294	849	541	358	878	277	684	1622	1172	2562	2038	2468	1908	134
gene-LOC142985295	3556	2480	4289	1628	2811	1458	3829	2119	5147	1820	4263	4801	1217
gene-LOC142985297	0	0	0	0	0	0	0	0	1	0	0	1	0
gene-LOC142985298	1	0	0	0	0	0	0	0	0	0	0	0	0
gene-LOC142985299	0	1	0	0	16	0	0	0	0	0	0	0	0
gene-LOC142985300	57	5	36	34	0	2	21	14	24	6	3	8	27
gene-LOC142985301	10	0	0	19	6	0	0	3	20	39	0	0	12
gene-LOC142985302	0	0	0	0	0	0	0	0	0	0	0	0	0
gene-LOC142985303	17	0	0	33	15	7	0	0	13	27	0	0	18
gene-LOC142985304	13	6	7	10	52	6	29	0	6	6	72	3	36
gene-LOC142985306	55	36	111	69	27	69	80	39	80	75	39	63	42
gene-LOC142985307	5	4	0	7	0	14	5	0	4	0	2	0	17
gene-LOC142985310	1	7	0	2	0	0	0	0	0	0	0	0	0
gene-LOC142985311	0	3	1	1	0	0	0	0	0	0	0	0	34
gene-LOC142985313	0	0	0	0	0	0	0	0	0	0	0	0	0
gene-LOC142985314	4	3	5	1	0	29	0	3	0	6	0	0	388
gene-LOC142985319	2790	1939	2115	3549	1307	2136	5749	2590	6613	5096	4821	3962	3618
gene-LOC142985320	1662	5765	2533	528	3893	77	14310	11769	6199	1394	976	14911	568
gene-LOC142985321	1	0	3	0	0	0	0	0	1	0	0	0	1
gene-LOC142985322	1630	902	1040	723	441	139	438	363	414	192	102	431	2961
gene-LOC142985323	0	0	0	0	0	0	0	0	0	0	0	0	0
gene-LOC142985324	0	0	2	3	0	0	0	0	0	0	0	0	0
gene-LOC142985326	138	195	437	218	357	75	83	80	48	200	42	100	109
gene-LOC142985328	250	179	272	117	0	22	45	38	29	24	10	11	259
gene-LOC142985329	22	203	210	87	895	358	78	95	85	33	7	13	2746
gene-LOC142985332	206	142	157	187	79	71	159	101	151	198	102	175	190
gene-LOC142985333	0	0	1	1	0	0	0	0	0	0	0	0	0
gene-LOC142985336	0	3	13	2	0	0	0	0	5	0	2	0	10
gene-LOC142985337	0	0	0	0	0	0	0	0	0	0	4	0	0
gene-LOC142985338	0	0	0	0	0	0	4	4	1	2	0	1	0
gene-LOC142985339	0	0	0	0	0	0	0	0	0	0	0	0	0
gene-LOC142985340	1	0	2	0	0	0	2	0	0	0	1	0	0
gene-LOC142985342	822	422	610	599	948	721	728	615	828	439	455	591	1503
gene-LOC142985344	113	28	38	81	80	50	7	6	2	24	24	20	127
gene-LOC142985345	0	0	0	0	0	0	0	0	0	0	0	3	0
gene-LOC142985346	1177	887	1189	1546	619	934	611	278	597	796	779	614	716
gene-LOC142985348	33	61	103	27	66	207	146	79	180	22	94	26	216
gene-LOC142985349	21	23	31	35	0	34	11	7	12	13	4	1	69
gene-LOC142985353	0	0	3	0	0	0	0	0	0	0	0	0	0
gene-LOC142985361	1252	840	612	1852	979	1667	1327	524	451	2103	849	700	5475
gene-LOC142985364	0	0	0	0	0	0	0	0	0	0	0	0	0
gene-LOC142985365	0	0	0	0	0	0	0	0	0	0	0	0	0
gene-LOC142985366	0	0	0	0	0	0	0	0	0	0	0	0	0
gene-LOC142985368	0	1	0	0	0	0	0	0	0	0	0	0	0
gene-LOC142985369	2	0	0	0	0	0	0	0	0	0	0	0	4
gene-LOC142985371	1909	906	233	1520	49	407	221	132	127	181	134	124	6
gene-LOC142985372	0	0	0	0	0	0	0	0	0	0	0	0	0
gene-LOC142985374	5	2	0	7	3	7	0	0	3	3	5	1	3
gene-LOC142985375	1	0	0	0	0	0	0	0	0	0	0	0	0
gene-LOC142985376	2	4	0	0	0	0	0	4	0	1	0	0	0
gene-LOC142985377	1	0	0	0	0	0	0	0	2	2	0	0	0
gene-LOC142985378	0	0	0	0	0	0	0	0	0	0	0	0	0
gene-LOC142985379	0	0	3	0	0	0	0	0	1	0	0	4	0
gene-LOC142985380	2	5	0	2	0	0	7	0	0	0	0	0	2
gene-LOC142985381	3	7	0	3	0	0	8	0	0	0	0	0	12
gene-LOC142985382	0	0	0	0	0	0	0	0	0	0	0	0	0
gene-LOC142985383	0	0	0	0	0	0	0	0	0	0	0	0	0
gene-LOC142985384	2	2	2	7	0	0	4	0	4	2	2	14	0
gene-LOC142985386	2067	627	2903	71	1588	5831	754	273	5088	4647	37077	26183	8
gene-LOC142985387	835	152	262	51	568	243	180	121	507	1194	3639	1569	0
gene-LOC142985388	1	0	0	3	0	0	0	0	0	0	0	0	13
gene-LOC142985389	0	2	0	2	10	0	0	0	0	0	0	0	4
gene-LOC142985390	0	0	0	2	0	0	0	0	0	0	0	0	0
gene-LOC142985391	0	0	0	0	0	0	0	0	0	0	0	0	0
gene-LOC142985394	2	5	0	9	20	1151	16	3	41	8	56	0	12
gene-LOC142985396	4	2	0	4	0	0	0	0	0	0	0	0	10
gene-LOC142985398	1841	802	484	1376	129	1299	694	308	585	582	1050	689	1540
gene-LOC142985400	74	3	126	3	0	9	0	0	3	2	0	0	250100
gene-LOC142985401	1398	346	598	1928	176	338	264	186	214	460	565	340	939
gene-LOC142985403	2	0	3	0	10	0	4	0	0	0	2	0	6
gene-LOC142985404	84	55	63	52	78	26	69	20	34	45	36	26	254
gene-LOC142985406	220	159	102	230	63	78	84	46	35	91	59	55	107
gene-LOC142985407	86	69	169	65	32	55	11	15	26	18	17	25	78
gene-LOC142985409	225	110	158	181	33	50	216	123	171	109	90	187	157
gene-LOC142985411	0	3	0	1	0	0	0	5	0	0	0	1	0
gene-LOC142985412	89	42	121	83	36	22	81	44	18	20	22	17	35
gene-LOC142985414	724	766	1263	691	427	367	673	330	507	456	519	374	1284
gene-LOC142985415	107	61	21	136	11	112	436	144	610	408	607	480	35
gene-LOC142985416	350	137	275	295	363	290	36	39	53	52	61	44	2003
gene-LOC142985417	30	45	24	19	47	7	10	14	6	0	1	19	106
gene-LOC142985419	493	322	1056	329	353	125	377	205	263	222	243	231	797
gene-LOC142985420	0	0	4	0	0	0	0	0	0	0	0	0	0
gene-LOC142985422	0	0	0	0	0	0	0	0	0	0	0	0	0
gene-LOC142985423	4	13	631	5	193	8	8	0	6	7	4	2	31014
gene-LOC142985424	164	131	249	77	180	59	77	23	29	37	42	60	388
gene-LOC142985425	78	50	44	67	70	41	16	11	5	31	40	23	408
gene-LOC142985427	333	315	474	322	273	56	76	52	68	81	67	54	652
gene-LOC142985428	5353	801	1575	17872	427	5407	2828	703	5222	3689	11875	6266	11
gene-LOC142985429	1024	802	1551	723	912	383	601	533	485	311	281	315	1211
gene-LOC142985430	53	42	52	39	40	10	12	18	8	9	16	5	289
gene-LOC142985432	0	0	7	0	0	0	0	0	1	0	0	0	5
gene-LOC142985433	128	143	59	66	128	96	29	44	49	35	13	42	1437
gene-LOC142985434	8	7	11	23	12	39	4	3	4	13	22	35	25
gene-LOC142985435	441	383	512	189	130	65	181	102	52	84	67	104	261
gene-LOC142985436	807	657	959	258	617	314	718	304	698	562	660	626	667
gene-LOC142985437	7867	7975	6390	4861	4423	1076	1484	1349	1026	712	881	937	5148
gene-LOC142985439	11	7	41	6	31	250	9	10	28	22	68	14	868
gene-LOC142985440	49	39	22	31	27	47	39	37	70	35	64	47	52
gene-LOC142985441	80	148	149	60	64	0	118	99	83	143	118	124	11
gene-LOC142985442	1	0	3	1	0	0	0	4	16	0	2	0	0
gene-LOC142985443	76	457	407	77	0	354	35	23	118	216	324	401	663
gene-LOC142985444	2249	935	367	2689	246	565	1491	615	924	686	849	1264	1709
gene-LOC142985445	299	105	147	293	200	169	138	55	83	126	190	88	443
gene-LOC142985446	46876	51343	6879	19877	5789	26999	84714	90673	165508	103091	109784	261622	0
gene-LOC142985448	73	82	162	60	11	14	34	38	40	36	48	22	96
gene-LOC142985450	88	359	307	256	53	123	141	230	133	205	260	168	131
gene-LOC142985451	223	213	322	247	148	106	301	183	220	257	232	324	163
gene-LOC142985452	500	164	182	490	107	633	357	378	951	402	717	770	422
gene-LOC142985453	110	57	134	146	51	92	93	17	92	54	88	65	110
gene-LOC142985454	15	2	9	8	23	36	0	0	3	2	16	5	1085
gene-LOC142985456	166	100	636	154	110	1732	436	186	484	145	114	45	4027
gene-LOC142985458	18	11	15	12	9	62	7	5	4	5	7	6	86
gene-LOC142985459	9	5	4	8	6	16	0	0	3	0	0	0	53
gene-LOC142985460	2518	1987	2802	3213	3210	9217	9307	8124	31488	22129	39566	21997	6461
gene-LOC142985461	80	171	203	541	278	12	59	51	67	127	37	35	182
gene-LOC142985462	16774	12957	3518	5412	3778	7403	6494	10005	18107	13271	16278	31634	0
gene-LOC142985463	65	42	118	36	20	0	66	36	77	39	20	22	28
gene-LOC142985464	23	24	52	38	45	7	34	48	24	19	4	33	113
gene-LOC142985465	218	221	412	344	270	281	642	419	1067	597	793	929	260
gene-LOC142985466	23	20	32	12	33	6	2	11	12	6	26	2	46
gene-LOC142985467	12	16	46	47	19	0	19	9	31	22	11	16	40
gene-LOC142985468	227	413	353	291	706	37	626	633	446	347	421	851	92
gene-LOC142985469	1	6	0	2	7	0	2	4	1	1	0	0	8
gene-LOC142985470	143	40	74	67	85	82	34	21	41	27	19	15	180
gene-LOC142985471	25	31	37	6	31	0	27	0	5	17	8	22	24
gene-LOC142985472	191	75	300	240	268	191	261	332	461	366	488	474	304
gene-LOC142985473	724	119	14	11	59	36	140	1060	62	123	122	43	124
gene-LOC142985476	6	0	0	0	0	13	0	0	0	2	1	0	8
gene-LOC142985477	80	24	37	157	59	188	185	320	196	979	755	374	4
gene-LOC142985478	10292	890	2784	10417	1426	15506	11721	35514	15405	109967	53914	22582	6
gene-LOC142985479	175	294	83	573	51	278	338	217	51	108	110	233	1140
gene-LOC142985480	14	2	1	12	13	0	4	0	6	5	12	3	36
gene-LOC142985481	4	4	7	6	0	14	1	0	2	5	6	7	0
gene-LOC142985482	1	0	1	2	0	0	0	0	2	1	5	2	3
gene-LOC142985483	84	99	112	54	105	8	211	151	153	146	108	183	66
gene-LOC142985484	14	17	46	12	7	0	8	10	5	5	4	1	64
gene-LOC142985485	0	0	0	0	0	0	0	0	0	0	0	0	0
gene-LOC142985486	252	100	247	280	115	58	77	7	33	10	8	23	614
gene-LOC142985487	0	0	0	0	0	0	0	0	0	0	0	0	0
gene-LOC142985488	188	33	0	64	17	0	4	68	142	86	397	27	52
gene-LOC142985490	8	1	0	0	10	43	7	5	10	2	2	8	3
gene-LOC142985491	3	1	0	4	0	0	0	6	2	10	32	17	5
gene-LOC142985492	0	0	1	1	0	0	4	0	0	0	4	0	3
gene-LOC142985494	26	26	34	8	0	0	0	3	3	5	0	0	25
gene-LOC142985495	6	4	7	7	10	0	0	0	3	7	0	0	17
gene-LOC142985496	107	85	227	94	182	12	122	89	40	54	30	56	77
gene-LOC142985497	180	339	160	192	269	14	227	222	49	153	226	243	84
gene-LOC142985498	179	190	324	135	59	60	90	48	48	63	63	66	280
gene-LOC142985499	0	0	0	0	0	0	1	0	0	0	0	0	5
gene-LOC142985500	0	0	0	0	0	0	0	0	0	0	0	0	0
gene-LOC142985501	0	0	0	1	0	0	0	0	0	0	0	0	0
gene-LOC142985502	0	0	0	0	0	0	0	0	0	0	0	0	0
gene-LOC142985503	0	0	0	0	0	0	0	0	0	0	0	0	0
gene-LOC142985505	78	71	53	77	42	35	267	137	214	292	198	251	32
gene-LOC142985506	536	253	690	483	353	134	331	111	341	212	133	246	528
gene-LOC142985507	267	171	302	182	108	38	290	99	131	121	102	109	189
gene-LOC142985508	0	0	0	0	0	0	0	0	0	0	0	0	0
gene-LOC142985509	6	0	5	3	0	0	13	9	3	4	2	9	9
gene-LOC142985511	38	57	126	46	38	49	35	29	25	32	11	23	101
gene-LOC142985512	61	122	79	70	23	36	79	34	75	50	79	157	18
gene-LOC142985513	0	1	5	0	0	0	5	0	0	0	0	0	25
gene-LOC142985515	0	0	2	0	0	9	0	0	0	0	0	0	2
gene-LOC142985516	0	4	14	3	0	0	2	0	0	0	0	0	0
gene-LOC142985517	18	16	11	28	51	41	44	24	42	41	26	25	159
gene-LOC142985518	171	165	180	197	128	60	136	59	50	78	62	85	99
gene-LOC142985519	55	22	34	46	19	40	28	0	27	27	24	26	55
gene-LOC142985521	171	181	314	158	69	8	84	53	5	9	5	8	263
gene-LOC142985522	0	10	2	0	0	0	0	0	0	0	0	2	2
gene-LOC142985523	0	0	0	0	0	0	0	0	0	0	0	0	0
gene-LOC142985524	48	9	29	26	23	0	0	13	6	16	0	16	2
gene-LOC142985525	0	0	0	0	0	0	0	0	0	0	0	0	0
gene-LOC142985526	5	6	18	24	19	51	32	17	24	9	26	37	46
gene-LOC142985527	459	671	1645	140	1153	330	112	117	90	74	114	88	3911
gene-LOC142985528	342	244	263	391	409	468	327	222	426	241	399	265	717
gene-LOC142985529	316	111	302	585	156	199	90	57	90	51	63	92	672
gene-LOC142985530	9	6	10	13	3	8	2	2	0	7	12	5	0
gene-LOC142985531	1	0	0	0	15	15	0	0	0	0	0	0	0
gene-LOC142985532	0	0	0	0	0	0	0	0	0	0	0	0	0
gene-LOC142985533	1	2	0	0	0	0	0	0	0	0	1	0	9
gene-LOC142985535	0	0	0	0	0	0	0	2	0	0	0	0	0
gene-LOC142985537	84	22	155	207	114	69	39	15	33	65	140	113	321
gene-LOC142985538	1	2	0	2	0	0	0	0	0	0	0	0	0
gene-LOC142985540	159	178	204	130	203	62	103	55	76	90	38	51	293
gene-LOC142985541	1310	3128	1540	4582	7383	7661	2612	3096	4149	1089	855	576	11293
gene-LOC142985542	0	0	1	2	0	0	0	0	0	0	0	0	4
gene-LOC142985543	101	65	122	65	80	30	35	51	43	39	27	22	464
gene-LOC142985544	4	7	19	16	22	10	10	7	4	12	12	8	101
gene-LOC142985545	28	11	9	11	0	0	4	0	5	5	3	0	13
gene-LOC142985546	8	14	24	13	24	42	4	15	14	0	3	0	346
gene-LOC142985548	63	37	64	37	5	0	22	20	17	18	1	26	26
gene-LOC142985550	251	908	1119	244	293	30	94	77	21	44	29	32	629
gene-LOC142985552	1	8	0	0	0	16	0	0	0	2	0	4	2
gene-LOC142985554	0	0	0	0	0	0	0	3	0	0	0	0	0
gene-LOC142985555	3220	3199	195	1017	254	1560	2851	1205	7005	4272	8992	12735	0
gene-LOC142985556	23	17	25	17	0	20	13	4	8	5	7	9	75
gene-LOC142985558	32	20	12	50	0	0	20	1	5	3	10	2	89
gene-LOC142985559	1	0	0	0	0	0	0	0	11	2	1	8	7
gene-LOC142985561	0	2	1	0	0	0	0	0	0	0	0	3	0
gene-LOC142985562	8	17	8	5	1	0	3	0	2	0	1	3	9
gene-LOC142985563	8	3	0	19	0	0	0	0	10	8	31	25	0
gene-LOC142985564	50	22	81	51	34	35	28	37	27	38	42	67	41
gene-LOC142985567	70	56	123	56	35	25	25	9	14	13	25	28	79
gene-LOC142985568	35	51	65	31	69	16	25	19	22	25	3	11	45
gene-LOC142985570	1	0	0	2	0	0	0	0	0	0	0	0	7
gene-LOC142985571	7	1	2	3	0	10	2	6	18	3	10	9	44
gene-LOC142985573	29	30	58	17	29	6	20	9	18	10	6	3	101
gene-LOC142985575	213	182	320	124	127	53	58	25	25	27	23	22	258
gene-LOC142985577	100	60	152	44	62	21	8	20	15	31	13	21	130
gene-LOC142985578	0	1	0	0	0	0	0	0	0	0	0	0	0
gene-LOC142985580	1191	1157	2234	2057	3544	1279	878	1105	840	2037	1347	1749	2522
gene-LOC142985581	10221	4898	1921	9453	1367	7916	5571	2625	6445	7140	6113	8626	119
gene-LOC142985582	1	3	0	0	0	0	0	0	1	0	0	0	0
gene-LOC142985584	0	4	0	0	0	0	0	0	0	1	0	0	4
gene-LOC142985585	2	0	0	0	0	0	2	4	0	0	0	0	10
gene-LOC142985586	0	0	0	0	0	0	0	0	0	0	0	0	0
gene-LOC142985588	364	231	713	249	787	353	107	57	70	93	166	180	1193
gene-LOC142985589	115	62	170	280	71	94	233	129	194	163	255	178	304
gene-LOC142985590	767	156	169	333	64	160	134	42	180	110	173	83	277
gene-LOC142985592	24	11	26	23	10	11	5	10	28	37	27	19	87
gene-LOC142985593	489	427	444	487	185	406	699	328	375	1043	633	738	295
gene-LOC142985594	0	5	1	0	0	0	1	0	0	0	0	0	0
gene-LOC142985595	733	562	527	560	329	273	869	723	1431	1076	1442	1516	398
gene-LOC142985596	119	95	154	130	29	120	146	90	230	110	130	93	230
gene-LOC142985597	6	2	4	3	8	28	0	0	4	3	1	7	56
gene-LOC142985598	1006	695	718	707	524	602	991	781	1730	1268	1467	1611	587
gene-LOC142985599	0	0	0	0	0	0	0	0	0	0	0	0	0
gene-LOC142985600	64	59	109	78	69	0	14	21	29	20	15	11	124
gene-LOC142985601	872	627	790	636	784	944	287	281	394	403	536	610	2147
gene-LOC142985602	91	102	142	83	80	8	71	37	27	31	13	38	138
gene-LOC142985603	345	517	837	235	232	105	849	771	470	563	293	538	163
gene-LOC142985604	6	1	3	10	8	28	12	0	9	11	12	21	22
gene-LOC142985605	36	4	22	20	0	0	0	0	4	3	5	0	4
gene-LOC142985606	123	99	25	683	29	261	14	73	49	79	46	324	0
gene-LOC142985607	1576	1255	705	978	641	1180	2557	1864	5616	2075	3333	4354	1
gene-LOC142985608	0	0	0	0	0	0	2	3	10	2	1	10	0
gene-LOC142985610	47	13	70	37	7	30	28	13	37	30	21	29	49
gene-LOC142985611	0	1	0	0	7	0	0	0	0	0	0	0	3
gene-LOC142985612	20	11	48	29	5	22	25	7	8	24	30	26	64
gene-LOC142985613	3	0	0	0	0	0	0	0	1	0	0	0	0
gene-LOC142985614	41	31	30	4	9	0	56	24	88	53	48	39	35
gene-LOC142985615	329	915	84	2108	91	312	1111	1415	1037	2916	1015	1634	7
gene-LOC142985616	516	405	764	408	538	264	139	82	61	164	132	150	7327
gene-LOC142985617	24610	32122	673	6368	236	3868	1904	8807	6437	3826	1220	4236	0
gene-LOC142985618	2490	5366	97	5541	105	9275	28033	67584	25654	39939	57273	24875	0
gene-LOC142985619	56	35	34	138	52	33	286	98	252	158	57	191	4
gene-LOC142985620	42	12	12	42	0	0	6	9	9	3	23	4	20
gene-LOC142985621	6	14	0	10	7	0	0	0	0	0	0	0	150
gene-LOC142985622	430	1775	9	6233	61	1969	73624	87290	43594	2341	8403	517	0
gene-LOC142985623	498	348	319	246	386	43	286	76	289	129	153	70	109
gene-LOC142985624	0	1	1	0	6	0	0	0	1	0	0	0	7
gene-LOC142985625	0	10	0	0	0	0	0	0	0	0	0	0	0
gene-LOC142985626	8	3	12	22	3	5	3	11	19	15	3	4	10
gene-LOC142985627	451	170	206	908	94	542	210	73	170	412	499	255	1467
gene-LOC142985628	0	0	1	0	0	0	0	0	0	0	0	0	0
gene-LOC142985629	0	0	0	0	0	0	0	0	0	0	0	0	0
gene-LOC142985630	701	914	1875	397	2224	352	147	149	62	139	154	110	1959
gene-LOC142985631	301	322	564	202	402	119	60	59	55	67	70	71	649
gene-LOC142985632	14	0	0	15	13	0	0	0	5	0	0	5	1
gene-LOC142985633	112	82	144	50	130	19	36	16	46	34	61	26	85
gene-LOC142985634	13	14	32	15	8	13	11	6	17	22	37	31	70
gene-LOC142985635	48	18	23	42	16	23	41	14	23	19	16	6	133
gene-LOC142985636	0	1	0	2	1	13	0	12	3	1	0	3	8
gene-LOC142985637	28	16	79	13	32	0	14	1	13	15	15	22	128
gene-LOC142985638	63	43	44	49	59	17	104	39	67	77	56	82	120
gene-LOC142985639	42	17	14	47	14	0	0	0	6	7	5	12	86
gene-LOC142985641	1	2	2	0	9	0	0	4	7	0	6	1	0
gene-LOC142985647	30	19	66	24	21	0	5	20	12	6	18	14	53
gene-LOC142985649	4580	499	146	18317	255	2985	2525	217	3272	2404	5509	3725	0
gene-LOC142985654	121	79	152	75	74	16	25	36	35	55	56	49	67
gene-LOC142985655	61	74	174	69	228	47	41	6	62	26	26	43	318
gene-LOC142985656	3219	2514	5221	5961	3671	3769	2522	1456	3032	3789	3493	3854	15424
gene-LOC142985657	97	69	139	86	88	51	40	38	39	55	55	87	92
gene-LOC142985658	104	83	105	59	40	0	34	5	7	19	9	9	255
gene-LOC142985659	220	339	378	245	198	63	95	82	93	93	95	115	461
gene-LOC142985660	21	21	142	66	38	23	7	4	32	17	1	18	75
gene-LOC142985661	4	10	8	7	22	0	0	3	8	1	0	0	351
gene-LOC142985668	0	0	4	0	0	36	0	2	11	0	1	0	0
gene-LOC142985669	871	1305	2036	605	1103	514	1195	990	1139	815	1025	1249	1170
gene-LOC142985670	3258	13341	3274	6466	9121	8467	1054	4375	3812	8191	4267	6962	9580
gene-LOC142985672	9	378	0	222	11	0	0	0	0	0	0	9	109
gene-LOC142985673	614	4259	512	3365	1892	1756	69	135	59	258	40	258	2100
gene-LOC142985674	84794	938305	147130	567904	376189	466599	32443	39302	16893	28800	29723	41086	432175
gene-LOC142985688	15	785	0	427	66	51	0	13	0	64	0	13	176
gene-LOC142985689	0	295	39	41	38	54	6	6	43	7	7	0	84
gene-LOC142985690	111	156	0	80	17	0	0	0	0	0	0	0	100
gene-LOC142985691	0	3	0	8	14	3	0	0	0	0	0	0	3
gene-LOC142985692	0	30	49	134	82	80	15267	884	3803	0	0	8359	0
gene-LOC142985693	5	14	0	24	0	0	0	0	0	0	0	0	23
gene-LOC142985706	128197	946350	116222	527870	255073	348348	95236	72826	57785	74737	52630	75856	460659
gene-LOC142985719	94	110	23	123	70	29	52	5	0	14	0	15	96
gene-LOC142985720	21	50	78	21	35	34	50	27	29	14	17	4	22
gene-LOC142985721	29	12	34	109	0	34	33	0	0	0	0	0	101
gene-LOC142985723	52	213	52	127	106	53	12	5	4	0	0	12	73
gene-LOC142985725	27	148	9	66	4	0	3	0	0	4	10	0	33
gene-LOC142985726	0	0	0	30	0	0	0	0	4	0	0	0	19
gene-LOC142985734	0	0	0	0	0	0	0	0	0	0	0	0	0
gene-LOC142985735	1	0	0	0	0	0	0	0	0	0	0	0	0
gene-LOC142985736	10	7	0	5	0	0	0	0	0	0	0	0	0
gene-LOC142985737	0	0	0	0	0	0	0	0	0	0	0	0	0
gene-LOC142985738	0	0	0	0	0	0	0	0	0	0	0	0	0
gene-LOC142985739	0	0	0	0	0	0	0	0	0	0	0	0	0
gene-LOC142985740	0	0	0	0	0	0	0	0	0	0	0	0	0
gene-LOC142985741	0	0	0	0	0	0	0	0	0	0	0	0	0
gene-LOC142985742	0	0	0	0	0	0	0	0	0	1	0	0	6
gene-LOC142985743	0	0	0	0	0	0	0	0	0	0	0	0	0
gene-LOC142985744	0	0	0	0	0	0	0	0	0	0	0	0	0
gene-LOC142985745	0	0	0	0	0	0	0	0	0	0	0	0	0
gene-LOC142985746	3	0	0	0	0	0	0	0	0	0	0	0	0
gene-LOC142985747	0	0	0	0	0	0	0	0	0	0	0	0	0
gene-LOC142985748	0	0	0	0	0	0	0	0	0	0	0	0	0
gene-LOC142985749	0	0	0	0	0	0	0	0	0	0	0	0	0
gene-LOC142985750	0	0	0	0	0	0	0	0	0	0	0	0	0
gene-LOC142985751	52	30	36	70	8	29	67	37	86	92	55	115	64
gene-LOC142985752	2	1	0	1	0	0	0	0	0	0	0	0	1
gene-LOC142985753	0	0	5	0	0	0	0	0	0	0	0	0	24
gene-LOC142985754	7	6	10	4	0	0	4	0	6	2	11	11	12
gene-LOC142985755	0	0	1	6	4	0	0	0	0	2	0	0	0
gene-LOC142985756	0	0	0	0	0	0	0	0	1	0	0	0	0
gene-LOC142985757	16	34	48	110	60	74	70	47	105	86	133	102	150
gene-LOC142985758	0	0	0	0	0	0	0	0	0	0	0	0	0
gene-LOC142985759	0	0	0	0	59	0	0	0	0	0	0	0	0
gene-LOC142985760	4	0	0	2	0	0	0	0	0	0	0	0	14
gene-LOC142985761	1	0	0	0	0	0	0	1	3	1	0	0	0
gene-LOC142985762	10	2	1	15	0	0	14	11	8	6	0	1	5
gene-LOC142985763	351	307	108	60	145	122	38	22	72	64	34	66	333
gene-LOC142985764	458	402	1536	404	123	119	252	80	130	159	227	137	210
gene-LOC142985765	0	3	0	0	0	0	0	0	0	0	0	0	4
gene-LOC142985766	0	0	0	0	0	0	0	0	0	0	0	0	0
gene-LOC142985767	0	0	0	0	0	0	0	0	0	0	0	0	0
gene-LOC142985768	0	0	0	0	0	0	0	0	0	0	0	0	0
gene-LOC142985769	0	0	0	0	0	0	0	0	0	0	0	0	2
gene-LOC142985770	0	0	0	0	0	0	0	0	0	0	0	0	3
gene-LOC142985771	1818	1242	1847	2495	1301	1561	2454	1189	3146	2298	2089	2355	3885
gene-LOC142985772	0	0	0	0	0	0	0	0	0	0	0	0	3
gene-LOC142985773	0	0	0	0	0	0	0	0	0	0	0	0	0
gene-LOC142985774	0	0	0	0	0	0	0	0	0	0	0	0	0
gene-LOC142985775	0	0	0	10	0	0	0	0	0	0	0	0	0
gene-LOC142985776	0	8	0	0	8	0	0	0	4	2	0	8	0
gene-LOC142985777	0	0	0	0	0	0	0	0	0	4	0	0	0
gene-LOC142985778	0	0	0	0	0	0	0	3	0	0	0	0	0
gene-LOC142985779	0	0	0	0	0	0	0	0	0	0	0	0	0
gene-LOC142985780	11	28	7	9	11	0	9	5	4	6	5	13	16
gene-LOC142985781	0	0	0	0	0	0	0	0	0	0	0	0	0
gene-LOC142985782	0	0	0	0	0	11	0	0	0	0	0	0	19
gene-LOC142985783	0	0	0	0	0	0	0	0	0	0	0	0	0
gene-LOC142985784	0	0	0	0	0	0	0	0	0	0	0	0	0
gene-LOC142985785	0	0	0	0	0	0	0	0	0	0	0	0	0
gene-LOC142985787	0	0	0	0	0	0	0	0	0	0	0	0	0
gene-LOC142985788	0	0	0	0	0	0	0	0	0	0	0	0	0
gene-LOC142985789	0	0	0	0	0	0	0	0	0	0	0	0	0
gene-LOC142985790	0	10	35	10	0	0	0	7	0	10	0	0	41
gene-LOC142985791	0	0	0	0	0	0	0	0	0	0	0	0	0
gene-LOC142985792	84	20	11	44	77	37	0	0	15	0	16	13	222
gene-LOC142985793	32	24	41	18	88	0	20	8	0	9	0	0	554
gene-LOC142985794	0	0	0	0	0	0	0	0	0	0	0	0	0
gene-LOC142985795	0	0	0	0	0	0	0	0	0	0	0	0	0
gene-LOC142985796	0	0	0	3	0	0	0	0	0	0	0	0	0
gene-LOC142985797	23	39	143	28	2	0	3	2	0	5	2	0	0
gene-LOC142985798	0	0	0	0	0	0	0	0	0	0	0	0	2
gene-LOC142985799	0	49	116	81	28	49	29	0	0	0	0	0	0
gene-LOC142985800	1	3	10	3	0	0	2	0	2	1	0	2	1
gene-LOC142985801	2	0	0	0	0	0	0	0	0	1	0	0	16
gene-LOC142985802	287	331	480	260	93	201	470	245	174	123	73	226	0
gene-LOC142985803	0	0	0	0	0	0	0	0	0	0	0	0	0
gene-LOC142985804	858	460	1294	295	469	84	515	465	616	638	314	187	1199
gene-LOC142985805	5	0	6	0	0	0	0	0	0	0	0	0	3
gene-LOC142985806	0	1	0	0	0	0	0	0	0	0	0	0	1
gene-LOC142985807	0	0	0	8	0	0	2	5	13	4	13	19	102
gene-LOC142985808	1170	6645	16266	3404	1880	79	76	123	19	74	1	111	2850
gene-LOC142985809	0	0	0	0	0	0	0	0	0	0	0	0	0
gene-LOC142985810	0	0	0	0	0	0	0	0	0	0	0	0	0
gene-LOC142985811	21	4	0	10	0	0	0	0	5	11	0	1	6
gene-LOC142985812	0	4	0	0	0	0	0	0	0	0	0	0	0
gene-LOC142985813	11	5	1	4	4	0	1	0	3	3	0	2	15
gene-LOC142985814	125	18	231	41	0	43	34	16	34	34	14	6	304
gene-LOC142985815	0	0	0	0	0	0	0	0	0	0	0	0	0
gene-LOC142985816	0	0	0	0	0	0	0	0	0	0	0	0	0
gene-LOC142985818	0	0	0	0	0	0	0	0	0	0	0	0	0
gene-LOC142985819	0	0	0	0	0	0	0	0	4	0	0	0	0
gene-LOC142985820	1	0	0	0	0	0	0	0	0	0	0	0	0
gene-LOC142985821	0	0	0	0	0	0	0	0	0	0	0	0	0
gene-LOC142985822	0	0	0	0	0	0	0	0	0	0	0	0	0
gene-LOC142985823	0	120	3	14	28	0	4	16	2	0	8	4	42
gene-LOC142985824	0	0	0	0	7	0	0	0	0	0	0	2	0
gene-LOC142985825	0	0	0	0	0	0	0	0	0	0	0	0	0
gene-LOC142985826	0	1	0	5	3	0	2	0	0	0	5	23	0
gene-LOC142985827	0	0	0	0	0	0	0	0	0	0	0	0	0
gene-LOC142985828	0	0	0	0	19	0	0	0	1	0	1	1	4
gene-LOC142985829	4	5	13	6	0	0	7	10	2	16	1	2	18
gene-LOC142985830	0	0	0	0	0	0	0	0	0	0	0	0	0
gene-LOC142985831	0	0	0	0	0	0	0	0	0	0	0	0	0
gene-LOC142985832	0	0	0	0	0	0	0	0	0	0	0	0	0
gene-LOC142985833	9	2	2	2	0	0	0	0	4	0	1	4	4
gene-LOC142985834	0	0	0	0	0	0	0	0	0	0	0	0	0
gene-LOC142985835	7	9	15	4	0	37	14	1	2	0	1	0	25
gene-LOC142985836	0	0	0	0	0	0	0	0	0	0	0	0	0
gene-LOC142985837	0	0	0	0	0	0	0	0	0	0	0	0	0
gene-LOC142985838	1	0	0	2	0	0	0	0	0	0	0	0	0
gene-LOC142985839	0	0	0	0	0	0	0	0	0	0	0	0	0
gene-LOC142985840	2	0	0	0	0	0	0	3	0	0	0	0	0
gene-LOC142985841	0	0	0	0	0	0	0	0	0	0	0	0	0
gene-LOC142985842	0	0	0	0	0	0	0	0	0	0	0	0	0
gene-LOC142985844	0	0	0	0	0	0	0	0	0	0	0	0	0
gene-LOC142985845	0	0	0	0	0	0	1	1	0	0	0	0	5
gene-LOC142985846	0	0	0	0	0	0	0	0	0	0	0	0	0
gene-LOC142985847	0	0	0	0	0	0	0	0	0	0	0	0	0
gene-LOC142985848	0	0	0	0	0	0	0	0	0	0	0	0	0
gene-LOC142985849	0	0	0	0	0	0	0	0	0	0	0	0	0
gene-LOC142985850	0	0	0	0	0	0	0	0	0	0	0	0	0
gene-LOC142985851	0	0	0	0	0	0	0	0	0	0	0	0	0
gene-LOC142985852	0	26	0	39	0	76	0	0	13	0	0	46	0
gene-LOC142985853	3	3	0	0	0	0	3	0	0	0	0	0	0
gene-LOC142985854	0	0	0	0	0	0	0	0	0	0	0	0	0
gene-LOC142985855	0	0	0	0	0	0	0	0	0	0	0	0	0
gene-LOC142985856	0	0	0	0	0	0	0	0	0	0	0	0	0
gene-LOC142985857	0	0	0	0	0	0	0	0	0	0	0	0	0
gene-LOC142985858	5	0	0	0	0	0	3	8	0	6	5	0	0
gene-LOC142985859	0	0	0	0	0	0	0	0	0	0	0	0	0
gene-LOC142985860	0	0	0	0	0	0	0	0	4	3	0	0	0
gene-LOC142985861	0	1	0	0	14	0	0	0	0	0	0	0	0
gene-LOC142985862	0	0	0	0	0	0	0	0	0	0	0	0	0
gene-LOC142985863	0	0	0	0	0	0	0	0	0	0	0	0	0
gene-LOC142985867	0	0	0	0	0	0	0	0	0	0	0	0	0
gene-LOC142985869	0	0	0	1	0	0	0	0	0	0	0	0	0
gene-LOC142985870	0	0	0	0	0	0	0	0	0	0	0	0	0
gene-LOC142985871	0	0	0	0	0	0	0	0	0	0	0	0	0
gene-LOC142985872	0	0	0	0	0	0	0	0	0	0	0	0	0
gene-LOC142985873	0	0	0	0	0	0	0	0	0	0	0	0	0
gene-LOC142985874	0	0	0	0	0	0	0	0	0	0	0	0	0
gene-LOC142985876	0	0	1	0	0	0	0	0	0	0	0	0	11
gene-LOC142985877	0	0	0	0	0	0	0	0	0	0	0	0	0
gene-LOC142985878	332	274	370	330	175	136	142	123	145	148	69	107	705
gene-LOC142985879	0	0	0	0	0	0	0	0	0	0	0	0	0
gene-LOC142985880	11	0	0	0	0	9	0	0	0	0	6	0	0
gene-LOC142985881	0	0	0	0	0	0	0	0	0	0	0	0	0
gene-LOC142985882	0	0	0	0	0	0	0	0	0	0	0	0	0
gene-LOC142985884	2	0	0	0	0	0	0	0	0	0	0	0	0
gene-LOC142985885	0	0	0	0	0	0	0	0	0	0	0	0	0
gene-LOC142985886	0	0	0	0	0	0	0	0	0	0	0	0	0
gene-LOC142985887	0	0	0	0	0	0	0	0	0	0	0	0	0
gene-LOC142985888	0	0	0	0	0	0	0	0	0	0	0	0	0
gene-LOC142985889	0	0	0	0	0	0	0	0	0	0	0	0	0
gene-LOC142985890	0	0	0	0	0	0	0	0	0	0	0	0	0
gene-LOC142985891	0	0	0	0	0	0	0	0	0	0	0	0	0
gene-LOC142985892	0	5	0	0	0	0	0	0	0	0	0	0	0
gene-LOC142985893	3	1	23	16	5	0	4	8	29	18	1	2	19
gene-LOC142985894	0	0	0	0	0	0	0	0	0	0	0	0	0
gene-LOC142985895	2	0	0	0	0	0	0	0	1	0	0	0	8
gene-LOC142985896	1	3	3	0	0	0	0	0	0	0	0	0	0
gene-LOC142985897	0	0	0	0	0	0	0	0	0	0	0	0	0
gene-LOC142985898	0	0	0	0	0	0	0	0	0	0	0	0	0
gene-LOC142985899	367	176	376	442	269	150	630	263	323	465	368	181	210
gene-LOC142985900	0	0	0	0	0	0	0	0	0	0	0	0	0
gene-LOC142985901	0	0	0	0	0	0	0	0	0	0	0	0	0
gene-LOC142985902	0	0	0	0	0	0	0	0	0	0	0	0	0
gene-LOC142985903	0	0	0	0	0	0	0	0	0	0	0	0	0
gene-LOC142985904	0	0	0	0	0	0	0	0	0	0	0	0	0
gene-LOC142985905	0	0	0	0	0	0	0	0	0	0	0	0	0
gene-LOC142985906	0	0	0	0	0	0	0	0	0	0	0	0	0
gene-LOC142985907	0	0	0	0	0	0	0	0	0	0	0	0	0
gene-LOC142985908	0	0	0	0	0	0	0	0	0	0	0	0	0
gene-LOC142985909	0	0	0	0	0	0	0	0	0	0	0	0	0
gene-LOC142985910	0	0	0	0	0	0	0	0	0	0	0	0	0
gene-LOC142985911	0	0	0	0	0	0	0	0	0	0	0	0	0
gene-LOC142985912	0	0	0	0	0	0	0	0	0	0	0	0	0
gene-LOC142985913	0	0	0	0	0	0	0	0	0	0	0	0	0
gene-LOC142985914	0	0	0	0	0	0	0	0	0	0	0	0	0
gene-LOC142985915	37	330	326	87	52	19	26	286	41	45	81	261	88
gene-LOC142985916	0	0	0	0	0	0	0	0	0	0	0	0	0
gene-LOC142985917	0	0	0	0	0	0	0	0	0	0	0	0	0
gene-LOC142985918	0	0	0	0	0	0	0	0	0	0	0	0	0
gene-LOC142985919	0	0	0	0	0	0	0	0	0	0	0	0	0
gene-LOC142985921	0	0	0	0	0	0	0	0	0	0	0	0	0
gene-LOC142985923	43	78	94	85	46	44	116	83	67	71	142	169	108
gene-LOC142985924	0	0	0	0	0	0	0	0	0	0	0	0	0
gene-LOC142985925	0	0	0	0	0	0	0	0	0	0	0	0	0
gene-LOC142985926	0	0	0	0	0	0	0	0	0	0	0	0	0
gene-LOC142985927	0	0	0	0	0	0	0	0	0	0	0	0	0
gene-LOC142985928	0	3	0	2	0	0	0	0	0	0	0	0	0
gene-LOC142985929	0	0	0	0	0	0	0	0	0	0	0	0	0
gene-LOC142985931	0	0	0	0	0	0	0	0	0	0	0	0	0
gene-LOC142985933	0	0	0	0	0	0	0	0	0	0	0	0	0
gene-LOC142985934	218	150	31	220	81	160	53	18	101	106	326	40	250
gene-LOC142985935	0	0	0	0	0	0	0	0	0	0	0	0	0
gene-LOC142985936	0	0	0	0	0	0	0	0	0	0	0	0	0
gene-LOC142985937	0	0	1	0	0	0	0	0	0	0	0	0	0
gene-LOC142985938	0	0	0	0	0	0	0	0	0	0	0	0	0
gene-LOC142985939	2	28	2	5	0	0	7	0	0	0	0	1	0
gene-LOC142985941	1	1	5	0	0	0	0	0	0	1	0	0	0
gene-LOC142985942	0	1	0	0	0	0	0	0	0	0	0	0	0
gene-LOC142985943	2	9	2	4	7	0	5	4	0	2	4	0	0
gene-LOC142985944	0	0	0	0	0	0	0	0	0	0	0	0	0
gene-LOC142985945	0	0	0	1	0	0	0	0	0	0	0	0	0
gene-LOC142985946	54	37	103	107	49	73	21	35	20	21	31	25	258
gene-LOC142985947	0	0	0	0	0	0	0	0	0	0	0	0	0
gene-LOC142985948	0	0	0	0	0	0	0	0	0	0	0	0	0
gene-LOC142985949	0	0	0	0	0	0	0	0	0	0	0	0	0
gene-LOC142985950	0	0	0	0	0	0	0	0	0	0	0	0	0
gene-LOC142985951	0	0	0	0	0	0	0	0	0	0	0	0	0
gene-LOC142985952	0	0	0	0	0	0	0	0	0	0	0	0	0
gene-LOC142985953	0	0	4	0	0	0	0	0	0	0	0	0	0
gene-LOC142985954	2071	1332	570	2140	581	634	89	107	96	158	186	306	1176
gene-LOC142985955	0	0	0	0	0	0	0	0	0	0	0	0	0
gene-LOC142985956	0	0	0	0	0	0	0	0	0	0	0	0	0
gene-LOC142985957	0	0	0	0	0	0	0	0	0	0	0	0	0
gene-LOC142985958	0	0	0	0	0	0	0	0	0	0	0	0	0
gene-LOC142985959	0	0	0	0	0	0	0	0	0	0	0	0	0
gene-LOC142985960	17	0	0	21	56	0	17	0	0	0	15	0	0
gene-LOC142985961	0	0	0	0	0	0	0	0	0	0	0	0	0
gene-LOC142985962	923	871	1346	1059	632	290	598	395	565	487	430	453	1456
gene-LOC142985963	223	507	498	266	1131	1450	1749	1929	3384	2203	2784	2124	562
gene-LOC142985964	0	0	0	0	0	0	0	0	0	0	0	0	0
gene-LOC142985965	2	0	0	0	0	0	0	0	0	0	0	0	0
gene-LOC142985966	0	0	0	0	0	0	0	0	0	0	0	0	0
gene-LOC142985967	0	0	0	0	0	0	0	0	0	0	0	0	0
gene-LOC142985968	2	2	2	2	0	0	4	0	0	5	3	2	3
gene-LOC142985969	1	0	0	0	0	0	0	0	0	0	0	0	0
gene-LOC142985970	0	0	0	0	0	0	0	0	0	0	0	0	0
gene-LOC142985971	0	0	5	1	0	0	0	0	4	0	4	0	0
gene-LOC142985972	1	0	0	0	0	0	0	0	0	0	0	0	0
gene-LOC142985973	0	0	0	0	0	0	0	0	0	0	0	0	0
gene-LOC142985974	1	5	1	0	0	0	0	0	0	1	0	0	0
gene-LOC142985975	0	0	0	0	0	0	0	0	0	0	0	0	0
gene-LOC142985976	85	61	147	68	80	34	292	192	326	175	121	144	69
gene-LOC142985977	0	0	0	0	0	0	0	0	0	0	0	0	0
gene-LOC142985978	0	0	0	0	0	0	0	0	0	0	0	0	2
gene-LOC142985979	20	32	86	5	27	18	12	0	6	5	1	0	38
gene-LOC142985983	0	0	0	0	0	0	0	0	0	0	0	0	0
gene-LOC142985984	0	0	0	0	0	0	0	0	0	0	0	0	0
gene-LOC142985985	5	0	43	10	52	0	6	0	9	3	13	1	4
gene-LOC142985986	0	0	0	0	0	0	0	0	0	0	0	0	0
gene-LOC142985987	0	0	0	0	0	0	0	0	0	0	0	0	0
gene-LOC142985988	0	0	0	0	0	0	0	0	0	0	0	0	0
gene-LOC142985989	0	0	0	0	0	0	0	0	0	0	0	0	0
gene-LOC142985990	0	0	0	0	0	0	0	0	0	0	0	0	0
gene-LOC142985991	0	0	0	0	0	0	0	0	0	0	0	0	0
gene-LOC142985992	0	3	0	0	0	0	0	0	0	0	0	0	0
gene-LOC142985993	3	7	5	0	48	8	4	0	8	1	1	0	17
gene-LOC142985994	0	0	0	0	0	0	0	0	0	0	0	0	0
gene-LOC142985995	0	0	0	0	0	0	0	0	0	0	0	0	0
gene-LOC142985996	0	0	0	0	0	0	0	0	0	0	0	0	0
gene-LOC142985997	0	0	0	0	0	0	0	0	0	0	0	0	0
gene-LOC142985998	0	0	0	0	0	0	0	0	0	0	0	0	0
gene-LOC142985999	0	0	0	0	0	0	0	0	0	0	0	0	0
gene-LOC142986000	34	4	3	7	35	0	14	7	0	22	0	4	24
gene-LOC142986001	0	0	0	0	0	0	0	0	0	0	0	0	0
gene-LOC142986002	0	0	0	0	0	0	0	0	0	0	0	0	0
gene-LOC142986003	0	0	0	0	0	0	0	0	0	0	0	0	1
gene-LOC142986004	1	13	0	13	0	0	7	0	0	0	2	0	6
gene-LOC142986005	227	568	691	164	503	84	170	216	267	187	248	258	538
gene-LOC142986006	0	0	0	0	0	0	0	0	0	0	0	0	0
gene-LOC142986007	0	0	0	0	0	0	0	0	0	0	0	0	0
gene-LOC142986008	0	0	0	0	0	0	0	0	0	0	0	0	0
gene-LOC142986009	0	0	0	0	0	0	0	0	0	0	0	0	0
gene-LOC142986010	0	0	0	0	0	0	0	0	0	0	0	0	0
gene-LOC142986011	0	0	0	0	0	0	0	0	0	0	0	0	0
gene-LOC142986012	6149	5013	10411	2257	4269	1219	4211	1777	5454	2160	6225	2895	2036
gene-LOC142986013	0	2	7	0	0	0	0	0	0	2	0	0	0
gene-LOC142986014	304	212	86	31	134	116	57	73	62	23	44	34	90
gene-LOC142986015	34	15	39	9	4	0	16	2	2	3	0	0	32
gene-LOC142986016	0	0	0	0	0	0	0	0	0	0	0	0	0
gene-LOC142986017	0	0	0	0	0	0	0	0	0	22	0	0	71
gene-LOC142986018	0	0	0	0	0	0	0	0	0	0	0	0	0
gene-LOC142986019	0	3	9	0	0	0	0	0	0	0	0	0	0
gene-LOC142986020	0	0	0	0	0	0	0	0	0	0	0	0	0
gene-LOC142986021	1	2	6	0	11	0	0	0	3	0	0	0	6
gene-LOC142986022	26	11	0	26	3	0	2	0	14	12	0	0	25
gene-LOC142986024	0	0	0	0	0	0	0	0	0	0	0	0	0
gene-LOC142986025	32	7	217	8	215	23	2	2	3	3	6	2	119
gene-LOC142986027	7	11	0	12	0	0	0	0	8	11	0	0	0
gene-LOC142986028	0	0	0	0	0	0	0	0	0	0	0	0	0
gene-LOC142986031	0	0	0	0	0	0	0	0	0	0	0	0	0
gene-LOC142986032	0	0	0	0	0	0	0	0	0	0	0	0	0
gene-LOC142986033	0	0	0	0	0	0	0	0	0	0	0	0	0
gene-LOC142986034	0	0	0	0	0	0	0	0	0	0	0	0	0
gene-LOC142986036	0	522	38	256	45	238	0	6	0	0	0	30	95
gene-LOC142986037	254	589	397	676	349	388	872	552	825	211	722	783	1868
gene-LOC142986038	2	22	81	8	7	54	15	2	10	0	2	1	128
gene-LOC142986046	0	0	0	0	0	0	0	0	0	0	0	0	0
gene-LOC142986047	0	1	0	0	0	0	0	0	0	0	0	0	0
gene-LOC142986048	0	0	0	0	0	0	0	0	0	0	0	0	0
gene-LOC142986050	0	0	0	0	0	0	0	0	0	0	0	0	0
gene-LOC142986051	0	0	0	0	0	0	0	0	0	0	0	0	0
gene-LOC142986052	0	0	0	0	0	0	0	0	0	0	0	0	0
gene-LOC142986064	217	2503	279	1128	183	1323	145	34	163	258	48	398	1656
gene-LOC142986065	113	530	164	461	178	52	10	47	29	27	67	131	438
gene-LOC142986067	0	704	0	195	101	0	12	0	0	0	0	0	100
gene-LOC142986068	43328	447200	19117	271450	69986	137950	8492	13281	5198	8481	3708	9609	219533
gene-LOC142986069	4	1	0	7	0	7	9	0	2	4	4	0	8
gene-LOC142986077	64	89	181	50	150	247	17	12	30	43	115	129	86
gene-LOC142986078	0	0	0	0	0	0	0	0	0	0	0	0	0
gene-LOC142986083	209	657	1421	72	319	0	61	53	33	16	0	10	0
gene-LOC142986084	1063	498	728	857	244	641	750	288	1271	355	430	594	301
gene-LOC142986085	0	0	0	0	0	0	0	0	3	0	0	0	2
gene-LOC142986086	0	0	0	0	0	0	0	0	0	0	0	0	0
gene-LOC142986089	1	5	0	0	0	0	0	0	0	0	1	2	67
gene-LOC142986090	0	6	0	0	0	0	0	0	0	0	0	0	0
gene-LOC142986091	357	619	495	316	1502	2584	484	364	526	164	167	65	16372
gene-LOC142986093	0	7	0	3	0	0	0	0	0	0	0	0	4
gene-LOC142986094	311	244	443	330	121	94	53	48	38	96	50	55	398
gene-LOC142986098	0	0	0	0	0	0	0	0	0	0	0	0	0
gene-LOC142986100	0	0	3	0	0	0	0	0	0	0	0	0	0
gene-LOC142986101	0	0	0	0	0	0	0	0	0	0	0	0	0
gene-LOC142986105	0	0	0	0	0	0	0	0	0	0	0	0	7
gene-LOC142986106	0	0	0	0	0	0	0	0	0	0	0	0	0
gene-LOC142986107	159	51	240	101	152	112	71	44	52	58	63	62	175
gene-LOC142986108	7	2	25	5	0	0	0	0	17	1	9	0	0
gene-LOC142986109	341	180	289	290	126	225	178	105	143	215	198	203	517
gene-LOC142986112	4	1	5	0	0	0	1	2	10	15	61	13	12
gene-LOC142986113	329	154	284	248	166	151	71	29	31	76	98	75	668
gene-LOC142986115	0	0	0	0	0	0	0	0	0	0	0	0	0
gene-LOC142986116	159	143	115	166	167	470	169	132	173	134	264	117	650
gene-LOC142986118	572	755	1079	676	466	350	1026	617	910	871	1027	1345	337
gene-LOC142986120	198	73	67	149	67	137	48	10	31	96	67	33	254
gene-LOC142986122	78	45	21	50	75	44	25	170	101	58	20	25	375
gene-LOC142986124	8273	12689	5574	12312	4860	1898	2585	1419	1499	1202	695	654	0
gene-LOC142986126	23	9	24	0	0	0	1	0	0	0	3	0	8
gene-LOC142986127	1417	818	1732	1039	600	460	450	236	401	338	334	224	2030
gene-LOC142986129	0	0	0	0	0	0	0	0	0	0	0	0	0
gene-LOC142986130	251	1875	426	152	741	102	34	129	13	17	10	75	274
gene-LOC142986131	63	96	75	52	33	0	14	12	4	6	6	8	17
gene-LOC142986133	7	19	15	10	28	24	10	7	2	9	10	10	619
gene-LOC142986134	0	0	0	0	0	0	0	0	0	0	0	0	0
gene-LOC142986137	1	0	0	0	0	0	0	0	0	0	0	0	0
gene-LOC142986139	5	2	42	5	13	168	0	0	7	3	5	0	307
gene-LOC142986140	2362	118	1559	2073	631	851	1908	44	5584	3224	1410	946	2783
gene-LOC142986142	136	183	368	91	186	79	40	31	17	38	29	31	494
gene-LOC142986143	0	0	0	3	3	0	0	0	0	0	3	0	35
gene-LOC142986144	0	0	1	53	8	70	7	0	3	6	14	3	7
gene-LOC142986145	336	510	628	212	275	44	171	96	84	185	127	99	286
gene-LOC142986146	0	0	0	0	0	0	0	0	0	0	0	0	0
gene-LOC142986147	4771	1389	1179	2410	517	2356	1318	584	489	1569	892	936	126
gene-LOC142986149	309	123	172	430	136	340	338	244	699	329	750	505	757
gene-LOC142986150	0	0	0	0	0	0	0	0	0	0	0	0	0
gene-LOC142986152	0	0	0	0	0	0	0	0	0	0	0	0	0
gene-LOC142986153	338	309	606	415	172	98	116	46	71	74	61	88	294
gene-LOC142986158	301	509	356	28	328	39	46	76	36	200	28	56	45
gene-LOC142986159	134	236	367	77	199	83	11	15	33	20	19	23	406
gene-LOC142986160	0	0	0	0	0	0	0	0	0	0	0	0	0
gene-LOC142986161	0	0	0	1	0	0	0	0	0	0	0	0	12
gene-LOC142986163	5	12	8	5	4	43	13	0	15	0	6	1	189
gene-LOC142986164	0	0	0	0	0	0	0	0	0	1	0	1	0
gene-LOC142986165	0	0	0	0	0	0	0	1	0	0	1	0	0
gene-LOC142986167	0	1	0	0	4	0	0	0	0	0	0	0	0
gene-LOC142986169	12	12	25	3	50	0	39	2	2	22	8	0	0
gene-LOC142986171	132	121	211	88	143	20	37	20	21	48	53	69	230
gene-LOC142986172	916	1432	1794	1071	1244	1360	835	632	917	1078	599	520	1061
gene-LOC142986173	0	0	0	0	0	0	0	0	0	0	0	0	0
gene-LOC142986175	32	35	185	53	160	139	47	0	39	46	64	24	1076
gene-LOC142986176	0	1	0	0	0	0	0	0	0	0	0	0	0
gene-LOC142986177	8	0	29	3	0	8	0	0	8	13	0	0	17
gene-LOC142986178	44	41	193	19	25	19	21	4	8	2	3	1	8164
gene-LOC142986181	146	80	70	72	27	59	18	0	0	21	9	5	140
gene-LOC142986182	325	215	451	352	155	316	143	20	48	67	85	89	356
gene-LOC142986183	0	0	0	2	0	0	0	0	0	0	0	0	11
gene-LOC142986184	9	30	86	7	32	0	4	0	2	0	3	7	11
gene-LOC142986186	536	246	507	748	201	334	332	102	90	283	285	306	296
gene-LOC142986187	0	3	3	0	0	0	0	0	0	0	0	0	0
gene-LOC142986188	0	0	0	0	0	0	0	0	0	0	0	0	0
gene-LOC142986189	3	1	10	0	0	0	7	1	2	0	0	0	198
gene-LOC142986190	0	0	0	0	0	0	0	0	0	0	0	0	0
gene-LOC142986191	0	0	0	0	0	0	0	0	0	0	0	0	0
gene-LOC142986194	0	4	0	0	7	0	0	0	0	0	0	0	0
gene-LOC142986196	258	964	889	258	1276	303	213	313	441	188	475	451	1090
gene-LOC142986197	40	5	0	0	0	0	0	3	4	0	0	0	11
gene-LOC142986198	0	0	0	0	3	0	0	0	0	0	0	0	0
gene-LOC142986199	894	967	1271	547	610	419	468	208	283	528	371	322	285
gene-LOC142986200	1	0	11	2	15	31	7	1	22	1	0	0	4
gene-LOC142986201	148	157	232	122	126	57	52	32	19	46	36	30	161
gene-LOC142986202	67	61	136	41	73	109	30	35	22	17	35	18	232
gene-LOC142986203	0	0	2	0	3	0	0	0	0	0	0	0	0
gene-LOC142986205	131	143	194	177	123	75	68	31	40	92	81	75	219
gene-LOC142986206	16	0	0	0	0	68	0	5	0	5	11	20	84
gene-LOC142986207	0	0	0	0	0	0	0	0	0	0	0	0	0
gene-LOC142986209	0	1	0	0	0	0	0	0	0	0	0	0	0
gene-LOC142986210	0	0	0	0	0	0	0	0	0	0	0	0	0
gene-LOC142986211	0	3	0	2	0	22	1	0	0	0	0	0	14
gene-LOC142986212	1	0	9	8	0	0	48	57	0	37	8	13	0
gene-LOC142986213	130	221	251	110	266	61	66	51	24	72	70	95	270
gene-LOC142986216	1	0	0	0	7	0	0	0	0	8	0	0	1
gene-LOC142986217	17	43	91	12	90	58	69	30	42	27	32	62	44
gene-LOC142986218	14	20	32	34	14	30	38	45	48	63	34	41	66
gene-LOC142986219	1	0	0	0	0	0	0	0	0	0	0	0	2
gene-LOC142986220	75	138	130	113	189	51	36	29	29	78	99	65	226
gene-LOC142986223	0	2	4	0	0	0	2	0	0	0	0	0	0
gene-LOC142986225	15	5	20	6	14	26	0	2	0	9	10	11	128
gene-LOC142986226	7	5	15	15	15	1127	17	14	39	4	26	0	957
gene-LOC142986227	1	3	6	0	9	26	0	0	0	0	0	0	17
gene-LOC142986229	3	6	14	2	8	0	0	0	0	0	2	0	1
gene-LOC142986231	13	0	0	1	0	59	26	19	76	4	25	2	4
gene-LOC142986232	1789	932	354	908	70	338	545	182	269	259	453	621	226
gene-LOC142986234	5	0	0	1	0	0	0	0	0	0	0	0	14
gene-LOC142986235	0	0	20	0	16	0	13	0	0	0	0	0	11
gene-LOC142986237	472	1944	5766	457	2893	37	1946	2549	1336	726	172	919	256
gene-LOC142986240	1	2	6	0	0	0	0	0	1	0	4	0	34
gene-LOC142986242	7484	12523	36498	6367	8950	1725	3864	2785	1629	8075	3235	1874	593
gene-LOC142986243	0	0	0	0	0	0	0	0	0	0	0	0	0
gene-LOC142986244	0	0	0	0	0	0	0	0	0	0	0	0	0
gene-LOC142986246	27	48	7	8	42	29	0	9	35	2	149	8	137
gene-LOC142986248	0	0	0	0	0	0	0	0	0	0	0	0	67
gene-LOC142986249	314	1	663	381	72	16	33	14	41	17	56	0	536
gene-LOC142986251	0	0	0	0	0	0	0	0	5	0	0	0	0
gene-LOC142986252	162	147	405	155	197	142	78	31	55	60	96	139	398
gene-LOC142986255	2	2	2	1	0	0	0	0	0	0	0	0	0
gene-LOC142986258	0	0	0	0	0	0	0	0	0	0	0	0	0
gene-LOC142986259	97	74	182	85	47	52	67	30	22	42	32	40	67
gene-LOC142986261	8	0	3	8	13	12	6	0	2	1	0	5	8
gene-LOC142986264	183	76	50	183	84	66	88	102	144	112	183	204	239
gene-LOC142986265	160	107	83	189	35	42	102	49	201	171	96	149	330
gene-LOC142986267	83	66	48	13	12	6	12	38	34	9	10	11	137
gene-LOC142986268	296	211	258	249	140	114	64	19	75	83	71	74	300
gene-LOC142986269	1	2	1	2	0	0	1	0	1	2	0	0	2
gene-LOC142986274	0	0	1	0	0	0	3	0	0	0	0	0	22
gene-LOC142986276	110	121	83	161	77	30	51	63	51	83	36	64	443
gene-LOC142986278	1994	1270	2050	1555	1133	1352	599	358	583	930	1212	758	3840
gene-LOC142986279	0	2	4	0	0	0	0	0	0	0	0	0	0
gene-LOC142986280	0	0	0	0	0	0	0	0	0	0	0	0	0
gene-LOC142986282	0	0	0	1	0	0	0	0	0	0	0	0	10
gene-LOC142986283	82	118	267	38	147	26	39	24	27	6	12	28	373
gene-LOC142986285	505	377	321	453	135	139	41	27	37	50	68	43	541
gene-LOC142986287	4972	5511	6392	2019	1867	617	4794	5612	1222	6446	1133	225	0
gene-LOC142986291	0	4	17	0	8	0	0	0	0	0	0	0	1169
gene-LOC142986292	258	461	1131	295	489	170	1196	620	509	786	820	1328	0
gene-LOC142986293	1	9	2	14	12	12	2	10	12	11	4	0	61
gene-LOC142986294	0	0	2	0	0	0	0	0	0	0	0	0	0
gene-LOC142986295	0	0	0	0	0	0	0	0	0	0	0	0	0
gene-LOC142986297	16	61	74	129	61	244	399	648	1816	1225	1030	620	12
gene-LOC142986299	13	5	16	21	0	0	5	8	6	11	6	8	60
gene-LOC142986301	0	0	0	0	0	0	0	0	0	0	0	0	0
gene-LOC142986302	53	29	68	123	31	0	75	33	46	134	63	30	12
gene-LOC142986303	4	3	0	3	0	0	1	0	0	0	0	0	27
gene-LOC142986305	2559	1285	7666	114	1523	69	655	91	190	38	169	486	0
gene-LOC142986306	2	0	0	0	0	0	1	0	0	0	0	0	4
gene-LOC142986307	0	3	0	0	0	0	0	0	0	0	0	0	0
gene-LOC142986308	5859	1729	2164	2498	573	848	1927	4084	7716	5845	5479	1438	0
gene-LOC142986310	2325	681	539	6511	520	1642	1867	530	2694	1250	2431	2699	2894
gene-LOC142986311	0	0	0	0	0	0	0	0	0	0	1	0	5
gene-LOC142986313	148	195	408	89	171	31	138	19	54	85	52	16	88
gene-LOC142986314	2	2	2	0	0	0	0	0	0	0	0	0	0
gene-LOC142986315	22	9	4	3	0	0	14	7	2	4	23	17	32
gene-LOC142986317	2	0	7	10	0	15	0	8	0	0	2	0	30
gene-LOC142986318	57	58	60	67	24	0	18	13	11	26	19	32	38
gene-LOC142986319	0	0	2	1	0	0	0	2	0	0	0	0	0
gene-LOC142986320	0	0	0	3	0	0	1	0	0	0	0	0	7
gene-LOC142986321	0	0	0	0	0	0	1	0	0	0	0	4	0
gene-LOC142986322	31	27	103	10	0	0	0	14	21	2	13	18	12
gene-LOC142986323	0	1	13	0	3	14	2	0	1	0	0	0	9
gene-LOC142986324	2	3	0	0	0	0	0	0	0	0	3	2	10
gene-LOC142986325	417	245	432	602	221	191	210	161	178	133	283	152	1115
gene-LOC142986326	0	0	0	0	0	0	0	0	0	0	0	0	0
gene-LOC142986327	61	49	243	34	35	64	39	9	36	31	56	7	279
gene-LOC142986329	32	22	27	21	48	40	22	15	9	14	19	8	310
gene-LOC142986331	1	0	1	0	0	0	0	0	0	4	0	10	2
gene-LOC142986333	0	0	0	0	0	0	0	0	0	0	0	0	1081
gene-LOC142986334	0	0	3	0	0	0	0	0	0	0	0	0	0
gene-LOC142986335	0	0	0	0	0	0	0	0	0	0	0	0	3
gene-LOC142986336	15	37	40	34	96	55	39	12	19	29	45	18	204
gene-LOC142986337	0	0	0	0	0	0	0	0	0	1	0	0	22
gene-LOC142986338	0	0	0	0	0	0	0	0	0	0	0	0	0
gene-LOC142986339	0	0	0	0	0	0	0	0	0	0	0	0	0
gene-LOC142986340	0	0	0	0	0	0	0	0	5	0	3	0	0
gene-LOC142986341	94	73	94	106	40	35	10	32	32	53	39	19	361
gene-LOC142986342	22	16	64	46	66	45	42	37	90	36	41	30	308
gene-LOC142986343	44	63	229	14	401	100	52	26	53	17	38	24	172
gene-LOC142986344	243	309	474	293	319	122	157	103	205	264	220	201	289
gene-LOC142986345	2	0	2	1	0	0	0	2	0	0	0	0	0
gene-LOC142986346	184	86	107	446	23	265	81	12	52	121	165	132	485
gene-LOC142986347	0	0	0	0	0	0	0	0	0	0	0	0	0
gene-LOC142986348	0	0	0	0	0	0	0	0	0	0	0	0	9
gene-LOC142986349	0	0	0	0	0	0	0	0	0	0	0	0	0
gene-LOC142986350	0	1	0	0	0	0	0	0	0	0	0	0	0
gene-LOC142986351	0	0	0	0	0	0	0	0	0	0	0	0	0
gene-LOC142986352	1	0	0	0	0	0	0	0	1	0	0	0	0
gene-LOC142986353	0	0	0	0	0	0	0	0	0	0	1	0	0
gene-LOC142986355	66	91	182	9	178	101	189	144	247	143	194	304	0
gene-LOC142986356	0	4	0	0	0	0	4	0	0	1	0	0	2
gene-LOC142986358	344	344	368	336	133	465	203	68	85	135	184	106	431
gene-LOC142986359	126	52	29	110	4	126	157	20	121	176	147	118	0
gene-LOC142986360	4028	4395	7162	4240	2722	1534	2423	1705	3165	2049	2301	2548	64
gene-LOC142986362	6	41	21	5	18	0	20	40	5	12	17	21	7
gene-LOC142986363	29	0	9	82	11	0	60	2	167	16	0	0	0
gene-LOC142986364	2	3	8	0	0	0	0	0	2	3	0	0	0
gene-LOC142986365	545	682	3163	349	1581	75	319	129	257	443	384	316	446
gene-LOC142986366	2	0	12	0	3	0	0	0	0	1	1	2	0
gene-LOC142986367	2	2	2	6	9	0	0	3	0	0	0	6	10
gene-LOC142986373	0	0	0	2	0	8	4	0	11	5	3	0	11
gene-LOC142986374	399	285	654	289	226	149	168	89	145	120	131	120	572
gene-LOC142986375	0	0	0	0	0	0	0	0	0	0	0	0	2
gene-LOC142986376	0	0	0	0	0	0	0	0	0	1	2	0	0
gene-LOC142986377	3	0	6	2	0	0	0	0	0	0	0	0	34
gene-LOC142986378	0	0	0	0	0	0	0	0	0	0	0	0	0
gene-LOC142986379	28	24	27	22	42	34	157	91	151	72	106	237	71
gene-LOC142986381	419	326	506	316	150	96	276	61	153	143	174	236	171
gene-LOC142986383	1	0	2	5	0	5	4	1	0	0	3	3	3
gene-LOC142986384	79	3	1328	6888	154	1283	359	3522	4557	3413	909	1603	3
gene-LOC142986385	57	6	2	1	0	10	4	0	0	1	8	0	199
gene-LOC142986386	0	0	0	0	0	0	3	0	0	0	0	0	0
gene-LOC142986387	2	8	16	0	28	0	1	3	12	1	1	3	424
gene-LOC142986388	0	0	0	0	0	0	0	0	0	0	0	0	0
gene-LOC142986389	100	70	186	146	16	45	73	37	73	83	74	100	83
gene-LOC142986390	1	9	4	2	0	0	4	12	5	0	26	29	0
gene-LOC142986391	109	84	224	163	109	121	83	35	87	78	172	127	129
gene-LOC142986392	0	0	0	0	0	0	0	0	0	0	0	0	0
gene-LOC142986393	0	0	0	2	0	0	0	0	0	0	0	0	0
gene-LOC142986394	832	316	439	557	102	257	125	48	102	178	241	122	6
gene-LOC142986395	0	0	0	1	0	0	1	13	2	0	0	0	74
gene-LOC142986396	58	56	88	37	170	98	48	34	25	27	23	17	100
gene-LOC142986398	252	406	508	325	245	418	247	163	171	242	266	170	590
gene-LOC142986399	2	0	0	3	0	0	0	0	1	2	0	0	0
gene-LOC142986400	0	0	9	0	0	0	0	0	0	0	0	0	3
gene-LOC142986401	0	0	0	0	0	0	0	0	0	0	0	0	0
gene-LOC142986403	0	2	4	0	0	0	0	1	4	0	0	0	8
gene-LOC142986404	23	4	36	18	28	20	12	11	12	31	11	45	137
gene-LOC142986405	58	22	87	7	62	119	11	21	25	22	27	23	18
gene-LOC142986406	0	0	6	0	0	0	0	0	2	1	0	0	0
gene-LOC142986407	0	0	2	0	0	0	0	0	0	0	0	0	0
gene-LOC142986408	1	0	6	0	0	0	0	0	0	0	0	0	0
gene-LOC142986409	352	376	393	376	208	119	51	51	56	41	42	21	386
gene-LOC142986410	0	1	5	4	0	0	3	0	1	3	3	0	2
gene-LOC142986411	0	1	0	0	0	4	0	1	1	0	3	0	336
gene-LOC142986413	0	0	0	0	0	0	0	0	0	0	0	0	0
gene-LOC142986415	0	0	0	0	0	0	0	0	0	0	0	0	0
gene-LOC142986417	327	192	252	532	113	367	344	148	421	304	1208	553	564
gene-LOC142986419	130	90	191	169	164	116	78	25	62	74	103	82	198
gene-LOC142986420	0	0	0	0	0	11	0	0	0	0	0	0	0
gene-LOC142986421	53	58	57	26	31	21	7	7	3	9	16	4	77
gene-LOC142986422	0	4	0	4	0	14	16	0	13	0	8	4	342
gene-LOC142986424	1071	953	1743	1026	333	275	2597	1130	1886	1232	2135	2445	945
gene-LOC142986425	0	0	0	0	0	0	0	0	0	0	0	0	0
gene-LOC142986427	0	0	0	0	0	0	0	0	0	0	1	0	0
gene-LOC142986428	13	17	42	8	13	10	2	3	26	1	4	3	90
gene-LOC142986430	0	0	0	0	0	0	0	0	0	0	0	0	3
gene-LOC142986431	7	1	5	0	0	0	0	0	0	0	0	4	0
gene-LOC142986432	0	2	1	2	0	1	0	1	3	2	3	21	0
gene-LOC142986433	0	0	0	0	0	0	0	0	0	0	0	0	0
gene-LOC142986434	302	393	1182	169	1042	487	170	111	398	151	106	57	1127
gene-LOC142986435	2	0	0	0	0	0	0	0	0	2	0	0	0
gene-LOC142986436	5	0	4	0	0	0	0	0	0	0	0	0	0
gene-LOC142986437	187	125	277	286	259	95	8	9	3	60	40	22	22
gene-LOC142986439	2	8	120	2	0	0	0	0	0	0	0	3	3
gene-LOC142986440	292	232	176	223	1182	3597	67	59	195	186	295	139	28076
gene-LOC142986441	0	0	0	0	0	0	0	0	0	0	0	0	0
gene-LOC142986446	0	0	0	0	0	0	0	0	0	3	0	0	2
gene-LOC142986447	0	0	0	0	0	0	0	0	0	0	0	0	0
gene-LOC142986448	0	0	0	0	0	0	0	0	0	0	0	0	0
gene-LOC142986449	164	161	353	253	74	48	189	83	102	250	115	152	290
gene-LOC142986450	0	0	0	0	0	0	0	0	0	0	0	0	0
gene-LOC142986451	93	104	499	228	119	163	34	37	13	174	10	81	347
gene-LOC142986452	4	2	9	8	0	0	7	4	6	4	12	4	6
gene-LOC142986453	0	0	0	0	0	0	0	0	0	0	0	0	0
gene-LOC142986454	0	0	0	0	0	0	0	0	0	0	0	6	0
gene-LOC142986455	653	290	522	867	286	917	502	223	383	530	608	394	3172
gene-LOC142986456	0	0	0	0	0	0	0	0	0	0	0	0	0
gene-LOC142986458	0	0	0	0	0	0	3	0	0	0	0	0	0
gene-LOC142986459	0	0	0	0	0	0	0	0	0	0	0	0	0
gene-LOC142986461	0	0	0	0	0	0	0	0	0	0	0	0	0
gene-LOC142986463	1	4	6	1	6	0	2	5	2	3	3	0	3
gene-LOC142986464	0	0	0	0	0	0	0	0	0	0	0	0	0
gene-LOC142986466	0	0	0	0	0	0	0	0	0	0	0	0	0
gene-LOC142986467	0	0	0	0	0	0	0	0	0	0	0	0	0
gene-LOC142986468	0	0	0	0	0	0	0	0	0	0	0	0	0
gene-LOC142986469	0	0	0	0	0	0	0	0	0	0	0	0	0
gene-LOC142986470	129	146	50	213	51	73	17	37	36	97	143	48	45
gene-LOC142986471	0	0	0	0	0	0	0	0	0	0	0	0	0
gene-LOC142986472	15	69	34	20	6	16	62	76	39	41	10	8	0
gene-LOC142986473	14	47	4	15	1	16	3	13	3	4	9	6	0
gene-LOC142986474	0	0	0	0	0	0	0	0	0	0	0	0	0
gene-LOC142986475	1	0	0	8	5	0	7	6	1	0	0	5	0
gene-LOC142986476	933	1402	1950	803	588	164	498	444	323	475	267	268	320
gene-LOC142986477	0	0	0	0	0	0	4	0	0	0	0	0	0
gene-LOC142986478	0	0	0	0	0	0	0	0	0	0	0	0	0
gene-LOC142986479	1	0	0	2	0	0	0	0	0	0	0	0	3
gene-LOC142986480	79	69	107	67	86	275	97	57	99	42	41	17	346
gene-LOC142986481	6	7	33	2	45	103	13	6	8	7	17	1	316
gene-LOC142986482	178	57	159	192	35	63	105	62	143	160	173	166	105
gene-LOC142986483	51	20	47	40	11	59	4	3	3	5	2	4	89
gene-LOC142986484	0	0	0	2	0	0	0	0	0	0	0	0	0
gene-LOC142986485	31	14	7	37	59	620	11	19	20	15	43	6	9946
gene-LOC142986486	1054	1208	1207	887	958	657	314	159	122	255	316	188	2383
gene-LOC142986489	1	0	0	0	0	0	0	3	0	3	0	0	0
gene-LOC142986490	0	0	0	0	0	0	0	0	0	0	0	0	0
gene-LOC142986491	19	14	16	2	39	9	29	13	18	11	11	7	470
gene-LOC142986494	152	63	74	145	66	24	172	58	258	158	271	140	371
gene-LOC142986495	6	0	5	3	0	0	31	4	12	2	7	23	4
gene-LOC142986496	0	0	0	0	0	0	0	0	0	1	0	0	0
gene-LOC142986497	0	4	0	0	0	0	0	0	0	0	0	0	0
gene-LOC142986498	0	0	0	0	0	0	0	0	0	0	0	0	0
gene-LOC142986501	0	0	0	0	0	0	0	0	0	0	0	0	0
gene-LOC142986503	63	79	56	56	32	53	29	29	12	43	35	39	145
gene-LOC142986504	0	0	0	0	0	0	0	0	3	0	0	0	0
gene-LOC142986505	11	9	4	6	0	38	7	4	12	11	12	6	24
gene-LOC142986506	0	1	0	1	0	0	0	0	0	0	0	0	0
gene-LOC142986508	3	22	13	8	0	0	0	2	2	2	3	3	43
gene-LOC142986509	32	22	26	18	75	15	21	20	3	19	18	8	28
gene-LOC142986510	0	0	0	0	0	0	0	0	0	0	0	0	0
gene-LOC142986511	78	64	188	35	19	140	36	21	17	62	75	32	8357
gene-LOC142986513	11	18	16	11	4	0	10	11	22	17	9	6	0
gene-LOC142986514	96	97	101	155	28	46	70	12	47	74	93	132	81
gene-LOC142986515	0	0	0	0	0	0	0	0	0	0	0	0	0
gene-LOC142986517	189	117	308	159	112	78	294	87	250	191	237	280	118
gene-LOC142986518	8	0	18	3	3	0	2	0	0	11	0	7	0
gene-LOC142986519	520	601	134	4753	278	2850	2220	1326	14483	30967	14046	15580	63
gene-LOC142986520	0	0	0	0	0	0	0	0	1	0	0	0	0
gene-LOC142986521	42	14	90	19	21	19	19	27	22	5	24	16	1675
gene-LOC142986524	0	0	0	0	0	0	0	0	0	0	0	0	0
gene-LOC142986525	0	0	0	0	0	0	0	0	0	0	0	0	0
gene-LOC142986527	0	0	0	0	0	0	0	0	0	0	0	0	0
gene-LOC142986528	905	737	1034	1206	933	1471	1776	1778	5334	2835	3804	3504	3466
gene-LOC142986530	0	0	0	0	0	0	0	0	1	0	0	0	0
gene-LOC142986531	2	3	0	0	0	0	0	7	0	0	0	1	0
gene-LOC142986532	24	10	31	4	10	0	3	10	15	1	1	0	11
gene-LOC142986533	0	0	0	0	0	0	0	0	0	0	0	0	0
gene-LOC142986535	0	0	0	0	0	0	0	0	0	0	0	0	0
gene-LOC142986536	0	4	0	2	8	0	5	3	4	0	2	6	11
gene-LOC142986537	0	2	0	0	0	0	0	0	0	0	0	0	0
gene-LOC142986538	29	65	47	40	71	0	7	0	13	18	17	15	274
gene-LOC142986539	249	185	435	190	193	107	226	187	169	192	217	142	215
gene-LOC142986541	0	0	0	0	0	0	0	0	0	0	0	0	0
gene-LOC142986542	0	0	0	0	0	0	0	0	0	0	0	0	0
gene-LOC142986543	387	394	1323	462	700	271	1353	290	455	586	439	586	0
gene-LOC142986544	1153	1122	593	936	1089	1531	3009	1213	1846	3317	1336	4599	751
gene-LOC142986546	0	2	0	0	0	0	1	0	0	0	0	0	54
gene-LOC142986548	0	1	0	0	0	0	0	0	0	0	0	0	2
gene-LOC142986549	0	0	6	0	0	0	0	0	0	0	0	0	0
gene-LOC142986550	4	0	2	0	0	0	0	0	0	0	0	0	0
gene-LOC142986551	1853	240	23	338	36	802	862	1592	3958	323	3230	1860	0
gene-LOC142986552	0	0	0	0	0	0	0	0	0	0	0	0	0
gene-LOC142986555	8	17	21	34	29	34	34	38	109	19	102	82	416
gene-LOC142986558	224	64	18	29	12	0	14	23	123	17	478	17	13
gene-LOC142986562	0	0	0	0	0	0	0	0	0	0	0	0	0
gene-LOC142986563	488	136	250	706	143	895	304	93	1001	361	1932	547	161
gene-LOC142986566	0	0	0	3	0	11	3	0	0	0	1	2	0
gene-LOC142986567	0	0	4	0	0	0	0	0	0	0	0	0	1
gene-LOC142986568	158	120	191	154	95	140	39	28	46	6	53	49	1969
gene-LOC142986569	4	0	0	1	0	0	0	0	0	0	0	7	43
gene-LOC142986571	9	16	65	3	34	15	14	10	18	31	14	50	681
gene-LOC142986572	7	0	40	16	24	0	4	0	8	5	7	13	246
gene-LOC142986573	0	0	0	0	0	0	0	0	0	2	0	0	0
gene-LOC142986575	553	796	4212	828	2032	359	675	316	419	684	1694	1322	0
gene-LOC142986576	0	3	0	0	0	0	0	0	0	0	0	0	0
gene-LOC142986578	0	0	0	0	0	0	0	5	0	0	0	0	0
gene-LOC142986579	0	0	1	2	0	0	0	0	0	1	0	7	3
gene-LOC142986580	0	0	1	0	0	0	0	0	0	0	0	0	0
gene-LOC142986581	4895	2886	3731	1559	1627	764	2821	2496	2194	1194	802	2541	1309
gene-LOC142986583	0	0	0	0	0	0	0	0	1	0	0	0	0
gene-LOC142986584	0	0	0	0	0	0	0	0	0	0	0	0	0
gene-LOC142986585	0	0	0	0	0	0	0	0	0	1	0	0	3
gene-LOC142986588	438	444	567	322	259	170	578	370	682	315	454	495	519
gene-LOC142986590	0	0	0	0	0	0	0	0	0	0	0	0	0
gene-LOC142986591	0	0	0	0	0	0	0	0	0	0	0	0	0
gene-LOC142986592	110	38	17	55	4	67	55	19	35	63	33	131	11
gene-LOC142986594	28	36	32	205	0	11	44	154	206	59	75	76	68
gene-LOC142986595	1	0	0	0	0	0	0	0	0	0	0	0	0
gene-LOC142986596	28	40	131	9	204	41	4	8	8	16	22	12	0
gene-LOC142986597	0	0	0	0	0	0	0	0	0	0	0	0	0
gene-LOC142986598	0	0	0	0	0	0	0	0	0	0	0	0	0
gene-LOC142986599	0	0	0	0	0	0	0	0	0	0	0	0	0
gene-LOC142986600	0	0	0	0	0	0	0	0	0	0	0	2	0
gene-LOC142986601	1	0	0	2	0	0	0	0	0	0	0	0	0
gene-LOC142986602	232	196	237	76	59	149	407	431	531	529	479	465	124
gene-LOC142986603	825	412	568	431	1053	910	172	107	109	111	174	123	1671
gene-LOC142986604	2	11	4	17	0	2	3	11	8	22	8	9	0
gene-LOC142986605	0	0	0	0	0	0	0	0	0	0	0	0	0
gene-LOC142986606	0	0	0	0	0	0	0	0	0	0	0	0	5
gene-LOC142986607	0	0	0	0	0	0	0	0	2	0	0	0	0
gene-LOC142986608	51	57	88	12	442	1881	21	0	38	18	51	18	3879
gene-LOC142986609	3	3	0	2	0	0	19	0	3	20	49	6	247
gene-LOC142986610	3	0	6	6	0	0	4	3	4	11	5	1	0
gene-LOC142986612	0	0	0	0	0	0	0	0	2	0	0	0	0
gene-LOC142986613	0	0	0	0	0	0	0	0	3	0	0	0	0
gene-LOC142986614	0	0	0	0	0	0	0	0	0	0	0	0	0
gene-LOC142986615	139	80	194	110	91	88	38	4	5	26	57	53	277
gene-LOC142986616	0	4	0	0	0	0	0	0	1	0	0	0	43
gene-LOC142986617	139	112	6	84	16	107	146	54	155	163	138	146	50
gene-LOC142986619	0	2	0	0	0	19	0	0	0	0	0	0	0
gene-LOC142986620	0	0	0	0	0	0	0	0	0	0	0	0	0
gene-LOC142986622	0	0	0	0	0	0	0	0	0	0	0	0	0
gene-LOC142986623	44	13	0	6	0	0	0	0	8	7	0	0	4
gene-LOC142986624	0	0	2	0	7	0	11	0	0	1	4	0	0
gene-LOC142986625	1	0	9	2	0	0	2	0	0	1	0	0	0
gene-LOC142986626	0	0	0	0	0	0	0	0	0	0	0	0	0
gene-LOC142986627	0	2	6	2	0	0	0	0	0	0	0	0	6
gene-LOC142986628	22	13	52	27	19	27	60	3	39	40	31	26	47
gene-LOC142986629	0	0	0	0	0	0	0	0	0	0	0	0	0
gene-LOC142986630	6	0	0	0	0	0	0	0	0	0	0	0	0
gene-LOC142986631	9	4	15	9	10	0	14	4	14	19	44	0	91
gene-LOC142986632	182	66	39	348	0	185	100	9	98	62	33	31	170
gene-LOC142986633	129	41	146	160	56	40	69	38	46	26	36	26	401
gene-LOC142986634	5	0	1	3	0	0	0	3	0	1	0	4	9
gene-LOC142986638	0	0	0	0	0	0	0	0	0	0	0	0	0
gene-LOC142986639	0	0	0	0	0	0	0	0	0	0	0	0	0
gene-LOC142986640	198	84	89	377	62	62	83	41	19	52	26	19	3
gene-LOC142986642	1	2	0	0	0	0	0	0	0	8	0	0	0
gene-LOC142986643	0	0	0	0	0	0	0	0	0	0	0	0	0
gene-LOC142986645	0	2	0	0	0	0	0	0	0	0	0	0	0
gene-LOC142986648	0	22	1	4	134	0	0	8	2	0	15	4	0
gene-LOC142986650	0	0	0	0	0	0	0	0	0	0	0	0	0
gene-LOC142986651	0	0	0	0	0	0	0	0	0	0	0	0	0
gene-LOC142986652	0	0	0	0	8	0	0	2	0	0	2	0	0
gene-LOC142986653	1	0	0	0	0	0	0	0	0	0	0	0	0
gene-LOC142986654	13267	5944	26202	1684	19706	9775	3158	1833	5471	2334	3964	5689	8183
gene-LOC142986655	98	35	45	155	3	625	531	542	1653	434	1003	286	0
gene-LOC142986656	0	0	0	0	0	0	0	0	0	0	0	0	0
gene-LOC142986657	0	0	0	0	0	0	0	0	0	0	0	0	0
gene-LOC142986660	54	6	24	58	0	40	98	0	120	51	88	72	56
gene-LOC142986661	5	6	0	4	0	0	4	0	2	3	2	0	62
gene-LOC142986663	0	0	3	0	0	0	0	0	0	0	0	0	7
gene-LOC142986664	3	0	0	4	0	0	0	0	5	7	0	0	0
gene-LOC142986665	0	0	0	0	0	0	0	0	0	0	0	0	18
gene-LOC142986666	0	0	74	1	304	0	17	0	9	0	0	0	2
gene-LOC142986668	3	0	0	3	0	0	0	0	0	0	0	0	0
gene-LOC142986669	76	32	246	52	39	60	10	0	0	10	0	1	11
gene-LOC142986670	0	4	0	0	0	0	0	0	0	0	0	0	2
gene-LOC142986671	0	0	0	0	0	0	0	0	0	0	0	0	0
gene-LOC142986675	0	0	0	0	0	0	0	0	0	0	0	3	0
gene-LOC142986676	2562	1537	2220	2025	1046	588	66	81	45	153	150	71	3409
gene-LOC142986677	0	1	0	0	0	0	0	0	0	0	0	0	0
gene-LOC142986678	0	0	0	0	0	0	0	0	0	0	0	0	0
gene-LOC142986680	76	8	1	0	0	0	11	8	118	0	209	3	9
gene-LOC142986682	0	0	0	0	0	0	0	1	0	1	0	0	0
gene-LOC142986683	2	0	0	0	0	10	0	0	0	0	0	3	66
gene-LOC142986684	0	0	0	0	0	0	0	0	0	0	0	0	0
gene-LOC142986685	1	2	0	0	0	0	0	0	0	0	0	0	0
gene-LOC142986686	0	0	0	0	0	0	0	0	0	0	0	0	0
gene-LOC142986688	4310	2167	1524	707	547	673	1172	449	1161	1208	1972	1487	0
gene-LOC142986690	0	1	0	8	0	0	0	0	0	0	0	0	52
gene-LOC142986691	0	1	0	0	0	4	0	0	0	0	0	0	14
gene-LOC142986692	0	0	0	0	0	0	0	0	0	0	0	0	0
gene-LOC142986693	1	0	0	8	5	9	9	0	10	14	5	16	11
gene-LOC142986694	0	0	0	0	0	0	0	0	0	0	0	0	0
gene-LOC142986695	54	16	109	13	7	161	25	7	2	4	13	15	5015
gene-LOC142986696	28639	13554	19542	12930	12746	16141	11404	12796	23872	13060	25723	36248	4418
gene-LOC142986697	608	633	988	595	542	215	215	118	161	249	222	253	689
gene-LOC142986698	221	758	199	102	193	36	239	206	122	98	59	82	308
gene-LOC142986700	52	25	2	6	0	0	88	59	235	43	119	65	0
gene-LOC142986701	1	0	0	0	0	0	0	0	0	0	0	0	0
gene-LOC142986703	0	0	0	0	0	0	0	0	0	0	0	0	5
gene-LOC142986704	0	0	0	0	0	0	0	0	0	0	0	0	0
gene-LOC142986705	73	59	46	64	5	11	70	33	101	52	78	59	0
gene-LOC142986706	0	1	1	0	0	0	0	0	0	2	0	0	0
gene-LOC142986707	0	0	0	0	0	0	0	0	0	0	0	0	2
gene-LOC142986709	0	0	0	0	0	0	0	0	0	0	0	0	0
gene-LOC142986710	0	0	0	0	0	0	0	0	0	0	0	0	0
gene-LOC142986711	0	0	6	0	3	0	0	0	0	0	0	0	0
gene-LOC142986712	0	0	0	0	0	0	0	0	0	0	0	0	0
gene-LOC142986714	0	0	0	0	0	0	0	0	0	0	0	0	0
gene-LOC142986717	0	0	0	0	0	0	0	0	0	0	0	0	0
gene-LOC142986718	0	2	2	3	0	14	0	0	0	1	0	2	35
gene-LOC142986719	0	0	0	0	0	0	0	0	0	0	0	0	0
gene-LOC142986720	13	49	41	22	84	9	0	3	3	2	6	6	764
gene-LOC142986722	0	0	0	0	0	0	0	0	0	0	0	0	0
gene-LOC142986723	5	2	1	4	0	0	3	0	0	0	3	0	28
gene-LOC142986724	0	0	0	0	0	0	0	0	0	0	0	0	3
gene-LOC142986725	163	185	290	436	171	435	51	43	54	109	240	92	555
gene-LOC142986726	0	0	0	0	0	0	0	0	0	0	0	0	0
gene-LOC142986727	0	0	0	0	0	0	0	0	0	0	0	0	2
gene-LOC142986728	608	634	1040	523	569	298	759	485	983	546	727	1056	1542
gene-LOC142986730	0	0	0	0	0	0	0	0	0	0	0	0	0
gene-LOC142986732	0	0	0	0	0	0	0	0	0	5	0	0	0
gene-LOC142986733	0	0	0	0	0	0	0	0	0	0	0	8	0
gene-LOC142986735	6	46	6	35	20	0	3	16	0	0	24	0	24
gene-LOC142986736	4055	10715	5521	2128	728	4073	10700	7405	3758	3013	61	5460	0
gene-LOC142986737	1	4	3	4	9	0	0	4	4	1	0	0	5
gene-LOC142986740	1003	280	1114	1330	1245	2045	396	393	194	211	189	79	771
gene-LOC142986741	0	0	0	0	0	0	0	0	0	0	0	0	0
gene-LOC142986742	0	0	0	0	0	0	0	0	0	0	0	0	0
gene-LOC142986743	281	54	481	223	288	257	38	0	35	54	22	23	2715
gene-LOC142986744	0	3	0	0	0	0	0	0	0	0	0	0	0
gene-LOC142986745	0	0	0	0	0	0	0	0	0	0	0	0	0
gene-LOC142986747	0	0	0	0	0	0	0	0	0	0	3	0	0
gene-LOC142986748	0	0	0	0	0	0	0	0	0	0	0	0	0
gene-LOC142986749	0	0	0	0	0	0	0	0	0	0	0	0	0
gene-LOC142986750	1	3	0	0	0	0	2	0	2	2	0	0	1
gene-LOC142986753	29	13	46	16	55	40	19	21	29	45	54	34	813
gene-LOC142986754	0	0	0	0	0	0	0	0	0	0	0	0	0
gene-LOC142986755	3	2	0	0	0	0	0	0	0	0	0	4	4
gene-LOC142986756	0	0	0	0	0	0	0	0	0	0	0	0	0
gene-LOC142986758	0	0	0	0	0	0	0	0	0	0	0	0	0
gene-LOC142986762	2	7	4	6	11	0	7	0	8	13	1	26	9
gene-LOC142986764	8	35	10	0	0	0	0	0	0	0	30	34	3
gene-LOC142986766	341	124	192	136	37	73	53	8	30	12	13	1	320
gene-LOC142986767	0	0	0	0	0	0	0	0	0	0	0	0	0
gene-LOC142986768	36	25	73	66	35	55	35	20	94	48	67	45	702
gene-LOC142986769	0	0	3	0	1	0	0	0	0	0	0	0	0
gene-LOC142986770	6	0	0	0	0	0	0	14	0	5	1	0	4
gene-LOC142986771	0	2	0	0	0	0	0	0	0	0	0	0	2
gene-LOC142986773	0	0	0	0	0	0	0	0	3	0	0	0	0
gene-LOC142986774	2174	1737	3533	2108	1713	1425	963	509	573	740	570	652	4896
gene-LOC142986775	59	23	1011	48	694	144	137	11	4	0	169	145	63
gene-LOC142986776	18	4	83	10	52	226	27	6	20	17	16	3	640
gene-LOC142986777	5	11	18	7	15	0	10	7	1	12	10	17	52
gene-LOC142986779	2	0	0	0	0	0	0	0	0	0	0	0	9
gene-LOC142986780	345	263	207	247	760	1577	143	118	199	298	523	384	1031
gene-LOC142986781	61	76	133	110	48	80	327	241	664	351	649	670	130
gene-LOC142986783	3648	1155	131	1062	83	570	125	52	1092	351	928	1183	94
gene-LOC142986786	0	5	2	0	9	0	5	0	15	0	4	0	58
gene-LOC142986788	0	0	0	0	0	0	0	0	0	0	0	0	0
gene-LOC142986789	1	0	0	3	0	0	0	0	1	1	7	18	0
gene-LOC142986790	431	489	734	273	653	261	144	53	93	172	197	149	963
gene-LOC142986791	0	2	0	1	0	0	0	0	0	0	0	2	0
gene-LOC142986792	257	307	342	355	165	126	82	58	40	115	124	82	664
gene-LOC142986793	1	1	5	2	11	0	0	0	1	0	5	0	132
gene-LOC142986795	0	0	0	0	0	0	0	0	0	0	0	0	0
gene-LOC142986797	0	0	0	0	0	0	0	0	0	0	0	0	2
gene-LOC142986798	2617	819	971	469	817	3024	83	40	89	155	533	300	8901
gene-LOC142986799	1	0	0	0	0	0	0	0	0	0	0	0	0
gene-LOC142986807	0	0	0	0	0	0	0	0	0	0	0	0	0
gene-LOC142986834	0	0	0	2	0	0	0	0	0	0	0	0	0
gene-LOC142986840	2297	2302	2327	3357	1494	2581	5693	4784	10676	4854	8191	8822	3839
gene-LOC142986867	0	0	0	0	0	0	0	7	0	0	0	0	0
gene-LOC142986883	0	0	5	0	0	0	0	1	0	0	2	0	0
gene-LOC142986899	0	3	0	1	0	0	0	0	0	0	0	3	4
gene-LOC142986912	460	976	1961	1068	967	243	1946	2020	760	2677	791	1409	0
gene-LOC142986927	133	944	93	893	647	474	102	90	47	0	89	41	570
gene-LOC142986940	108	352	79	188	346	275	29	86	78	189	77	235	268
gene-LOC142986944	39	38	110	44	22	27	22	13	57	50	43	29	99
gene-LOC142986960	0	0	0	4	0	0	0	0	0	2	0	0	0
gene-LOC142986967	9	169	20	49	54	126	3	4	25	9	45	0	58
gene-LOC142986969	2	0	0	15	0	0	0	0	0	0	0	0	0
gene-LOC142986970	0	0	0	0	20	0	0	0	0	0	0	0	0
gene-LOC142986971	0	0	0	0	0	0	0	0	0	0	0	0	0
gene-LOC142986972	0	0	0	0	0	0	0	0	0	0	0	0	0
gene-LOC142986973	5	14	2	0	0	0	1	16	2	2	0	6	0
gene-LOC142986974	0	2	0	2	0	0	0	0	17	0	14	0	48
gene-LOC142986976	0	8	0	0	0	0	0	12	0	7	0	0	181
gene-LOC142986978	0	0	0	0	2	0	0	0	0	0	0	0	0
gene-LOC142986979	0	0	0	0	0	0	0	0	0	0	0	0	0
gene-LOC142986980	0	0	0	0	0	0	0	0	0	0	0	0	0
gene-LOC142986981	0	0	0	0	0	0	0	0	0	0	0	0	0
gene-LOC142986982	0	1	0	4	0	0	0	0	0	0	0	0	0
gene-LOC142986996	0	0	0	0	0	0	0	0	0	0	0	0	0
gene-LOC142986997	0	0	0	0	0	0	0	0	0	0	0	0	0
gene-LOC142986998	0	0	0	0	0	0	0	0	0	0	0	0	0
gene-LOC142986999	0	0	0	0	0	0	0	0	0	0	0	0	0
gene-LOC142987000	1	0	4	3	0	0	0	0	0	0	0	0	0
gene-LOC142987001	0	0	0	0	0	0	0	0	0	0	0	0	0
gene-LOC142987003	4	0	0	0	99	0	0	0	0	0	0	0	0
gene-LOC142987004	0	0	0	0	0	0	0	0	0	0	0	0	0
gene-LOC142987008	132	127	156	134	201	159	70	69	101	141	136	168	237
gene-LOC142987010	44	0	0	0	750	0	0	0	0	0	0	0	0
gene-LOC142987012	0	0	0	0	0	0	0	0	0	0	0	0	0
gene-LOC142987013	0	0	0	0	0	0	0	0	0	0	0	0	0
gene-LOC142987014	0	0	0	0	0	0	0	0	0	0	0	0	0
gene-LOC142987018	0	0	0	0	0	0	0	0	0	14	0	0	0
gene-LOC142987019	0	0	0	0	0	0	0	0	0	0	0	0	0
gene-LOC142987020	0	0	0	0	0	0	0	0	0	0	0	0	0
gene-LOC142987026	0	0	0	0	0	0	0	0	0	0	0	0	0
gene-LOC142987032	0	0	0	10	0	0	12	0	9	7	38	0	0
gene-LOC142987033	0	0	0	0	0	0	0	0	0	0	0	0	0
gene-LOC142987037	0	0	0	0	0	0	0	4	0	0	0	2	0
gene-LOC142987038	0	0	13	0	0	17	0	0	0	0	0	0	52
gene-LOC142987041	0	0	0	0	0	0	0	0	0	0	8	0	8
gene-LOC142987042	0	0	0	0	1	0	0	0	0	0	0	0	0
gene-LOC142987047	0	0	0	0	0	0	0	0	19	0	0	0	29
gene-LOC142987048	0	0	0	0	0	0	0	0	0	2	0	0	0
gene-LOC142987051	0	0	0	0	0	0	0	0	0	3	0	0	0
gene-LOC142987053	0	0	0	0	0	0	0	0	0	0	0	0	0
gene-LOC142987054	0	0	0	0	0	0	0	0	0	0	0	0	0
gene-LOC142987061	264	80	85	726	33	410	219	108	411	272	458	464	286
gene-LOC142987062	15	149	130	131	613	157	63	42	68	167	191	124	3
gene-LOC142987066	63	341	306	301	114	35	234	72	94	9	0	31	634
gene-LOC142987070	89741	181120	199268	103728	301777	552578	526012	243465	421794	461788	586437	373763	299660
gene-LOC142987071	0	0	0	0	0	0	0	0	0	0	0	0	0
gene-LOC142987072	0	0	0	0	0	0	0	0	0	0	0	0	0
gene-LOC142987073	0	0	0	0	0	0	0	0	0	0	0	0	0
gene-LOC142987074	0	0	0	0	0	0	0	0	0	0	0	0	0
gene-LOC142987075	0	0	0	1	0	0	0	0	2	0	2	2	0
gene-LOC142987076	0	0	0	0	0	0	6	0	24	10	7	1	0
gene-LOC142987078	0	0	0	2	0	0	0	0	2	8	22	3	0
gene-LOC142987079	0	0	0	1	0	0	0	0	0	0	0	0	37
gene-LOC142987080	0	0	0	0	0	0	0	0	0	0	0	0	0
gene-LOC142987081	0	0	0	0	0	0	0	0	0	0	0	0	11
gene-LOC142987082	1	0	0	0	0	0	0	0	0	0	0	0	0
gene-LOC142987084	297	140	445	127	117	55	47	26	24	27	3	69	0
gene-LOC142987085	0	0	0	0	0	0	0	0	0	0	0	0	0
gene-LOC142987086	0	6	9	7	0	0	0	0	2	3	0	0	46
gene-LOC142987087	31	11	27	7	17	11	25	29	3	43	12	11	8
gene-LOC142987088	160	85	191	51	67	4	37	19	96	8	26	8	24
gene-LOC142987089	10	6	24	47	31	0	49	47	75	44	105	74	21
gene-LOC142987090	0	0	6	0	0	0	0	0	0	0	0	0	3
gene-LOC142987091	0	0	0	0	0	0	0	0	0	0	0	0	0
gene-LOC142987092	0	0	0	0	0	0	7	0	0	0	0	0	0
gene-LOC142987093	0	0	0	0	0	0	0	0	0	0	0	0	0
gene-LOC142987094	0	0	0	0	0	0	0	0	0	1	0	0	0
gene-LOC142987095	0	0	1	0	0	0	0	0	0	2	3	0	0
gene-LOC142987096	2	2	0	0	0	0	0	0	0	0	0	0	1
gene-LOC142987097	0	0	0	0	0	0	0	0	2	0	0	0	0
gene-LOC142987098	0	0	0	0	0	0	0	0	0	0	0	0	105
gene-LOC142987099	1	0	0	0	0	0	0	0	0	0	0	0	2
gene-LOC142987101	6	0	6	3	0	0	2	0	2	1	6	6	4
gene-LOC142987102	56	80	93	0	150	0	0	0	0	0	0	0	732
gene-LOC142987104	0	0	0	0	0	0	0	0	0	0	0	0	0
gene-LOC142987106	408	343	632	283	101	115	92	41	66	60	43	49	422
gene-LOC142987107	44	147	246	70	105	0	101	127	66	108	71	85	35
gene-LOC142987108	0	0	0	0	0	0	5	0	0	0	0	0	0
gene-LOC142987109	0	0	0	0	0	0	0	0	0	1	0	0	0
gene-LOC142987111	9	0	4	13	0	8	0	0	0	14	18	0	5
gene-LOC142987112	100	86	195	97	65	8	128	120	53	46	44	135	99
gene-LOC142987113	1761	158	2620	11124	856	5589	40324	980	6559	55336	9554	9360	0
gene-LOC142987114	3802	23	289	10548	250	18290	14139	460	3724	66026	15242	9950	33
gene-LOC142987115	2	10	14	6	0	0	1	10	1	0	2	0	0
gene-LOC142987117	18	18	11	31	48	0	31	49	66	13	15	5	35
gene-LOC142987118	6	0	2	60	22	27	30	80	30	4	7	13	233
gene-LOC142987119	39	138	20	182	10	15	335	392	505	200	144	141	61
gene-LOC142987120	1	22	20	37	0	7	74	103	139	32	51	62	6
gene-LOC142987122	97	110	267	138	105	40	184	82	97	81	84	89	197
gene-LOC142987123	0	1	0	0	0	0	0	0	3	0	0	1	1
gene-LOC142987125	3	1	4	0	0	12	0	0	0	0	0	0	24
gene-LOC142987126	0	0	0	2	0	0	0	0	0	0	0	0	0
gene-LOC142987127	2	0	0	3	5	0	6	0	10	4	9	4	4
gene-LOC142987128	147	9	7	20	5	25	45	0	18	33	63	5	0
gene-LOC142987129	2	1	0	0	0	0	0	0	0	0	0	0	8
gene-LOC142987130	0	0	0	1	0	0	0	0	0	0	0	0	0
gene-LOC142987131	1475	222	763	1043	262	1381	1286	1079	10292	7064	12152	5460	223
gene-LOC142987134	8	1	7	1	7	0	0	0	0	0	0	0	6
gene-LOC142987135	0	0	0	0	17	0	0	0	0	0	0	0	0
gene-LOC142987137	202	374	599	259	269	142	92	18	40	55	105	53	76
gene-LOC142987139	1937	388	378	437	282	250	336	143	251	594	812	298	93
gene-LOC142987140	1974	2726	2709	1380	3490	305	513	399	499	509	589	492	179
gene-LOC142987142	1	0	1	2	0	0	0	0	0	0	0	0	5
gene-LOC142987144	3	2	0	5	5	24	0	0	1	0	0	1	7
gene-LOC142987145	71	27	5	66	1	28	121	60	153	35	87	58	687
gene-LOC142987146	455	32	14	164	4	2634	1015	82	571	4136	11556	2794	6
gene-LOC142987147	4370	1966	6890	5622	1568	5151	7834	2631	9257	9056	6625	2943	2
gene-LOC142987149	5346	4798	992	2456	292	708	5964	6934	4900	5435	3465	7201	0
gene-LOC142987152	17	29	60	28	54	1432	82	46	74	22	7	13	224
gene-LOC142987153	16382	16839	22503	9038	13338	5167	3610	1992	2064	2761	2997	3038	9874
gene-LOC142987155	0	0	1	3	0	15	0	0	7	0	0	0	116
gene-LOC142987156	134	161	143	77	163	332	214	77	269	38	92	66	16
gene-LOC142987157	110	41	1	12	7	51	0	6	5	1	9	1	266
gene-LOC142987158	25	21	28	24	23	7	22	1	12	3	9	9	569
gene-LOC142987161	287	238	458	127	397	75	111	53	78	40	63	53	310
gene-LOC142987162	1436	559	381	1162	186	712	2706	1531	4240	2233	2490	3368	641
gene-LOC142987163	12	26	107	39	112	1282	491	415	1366	259	999	84	187682
gene-LOC142987164	34	13	9	13	3	156	12	18	91	37	27	258	6
gene-LOC142987167	0	2	7	1	0	0	0	1	0	2	0	4	1
gene-LOC142987168	382	397	791	265	372	438	255	156	229	247	190	171	1565
gene-LOC142987170	0	0	0	0	0	0	0	0	0	0	0	0	0
gene-LOC142987171	1	9	10	7	10	0	0	0	0	2	0	1	10
gene-LOC142987172	517	883	1610	441	1955	496	919	764	1094	1059	1391	1186	432
gene-LOC142987173	344	449	780	366	497	113	792	551	899	620	811	944	213
gene-LOC142987176	429	284	290	566	169	529	1618	974	4161	1628	3896	3651	324
gene-LOC142987178	520	370	703	574	350	304	405	168	404	209	260	266	603
gene-LOC142987180	690	552	851	656	312	296	446	201	311	329	203	356	489
gene-LOC142987181	1100	412	699	1188	379	671	926	434	895	923	1040	971	2328
gene-LOC142987184	3	3	0	2	3	0	0	0	0	0	0	0	84
gene-LOC142987185	1071	646	885	1347	516	770	1841	758	1490	1138	1240	1617	1141
gene-LOC142987186	715	1289	4473	594	5430	549	200	122	176	160	175	120	2286
gene-LOC142987187	106	87	239	205	173	79	74	50	72	77	40	46	5000
gene-LOC142987188	84	109	222	81	31	65	106	140	143	90	111	119	258
gene-LOC142987189	543	307	278	569	224	655	2273	1624	4006	1877	4140	3386	1054
gene-LOC142987190	81	31	44	80	32	501	295	98	1269	394	1921	684	3049
gene-LOC142987191	401	207	366	175	146	81	374	198	335	147	239	402	194
gene-LOC142987192	0	0	0	0	0	0	0	0	0	0	0	0	1
gene-LOC142987194	12	14	7	24	5	89	7	2	9	5	2	9	18
gene-LOC142987202	1043	547	566	286	273	198	107	166	461	160	301	253	353
gene-LOC142987204	3	7	11	0	9	0	6	0	6	0	1	4	3
gene-LOC142987206	106	177	232	101	57	23	151	64	151	132	151	130	92
gene-LOC142987209	15363	9921	12362	3033	11587	5964	25540	2035	5474	5393	4440	5505	0
gene-LOC142987210	55501	64482	61197	10547	25275	5865	43540	25320	48475	26244	23558	46513	3
gene-LOC142987211	544	686	224	328	90	901	390	183	99	492	203	257	557
gene-LOC142987213	5242	579	467	2112	814	1322	2267	6040	13020	1598	1676	6519	2185
gene-LOC142987216	284	77	1045	125	479	656	396	69	1435	1249	4095	1681	843
gene-LOC142987219	2827	2849	2772	4351	1134	418	930	810	631	702	288	550	911
gene-LOC142987222	543	317	240	628	61	232	1410	682	1699	1419	1614	1594	81
gene-LOC142987226	41	60	53	66	0	29	60	28	10	65	19	39	39
gene-LOC142987229	0	0	0	0	4	0	0	0	2	0	0	0	7
gene-LOC142987232	0	0	0	0	0	0	0	0	0	0	0	0	0
gene-LOC142987235	125	197	345	90	36	36	59	88	25	56	23	33	150
gene-LOC142987236	0	9	5	1	0	0	0	0	0	1	0	0	0
gene-LOC142987237	13	27	18	4	10	0	0	11	0	3	0	1	0
gene-LOC142987238	28	24	46	21	21	115	58	37	91	40	43	19	38
gene-LOC142987239	2	2	0	2	1	0	0	0	6	1	5	9	0
gene-LOC142987240	72	528	210	503	346	591	293	284	352	159	79	49	534
gene-LOC142987241	14	79	35	89	56	75	83	99	78	35	10	13	70
gene-LOC142987242	37	242	185	125	178	330	183	87	58	30	3	16	1919
gene-LOC142987243	1961	2146	1267	2970	1095	986	702	414	501	870	950	866	2157
gene-LOC142987244	5	0	8	1	0	0	0	3	0	0	3	0	1
gene-LOC142987246	1099	1572	587	1093	384	119	814	980	1111	378	152	680	309
gene-LOC142987248	1608	417	1019	1406	830	1043	162	95	140	171	135	136	2720
gene-LOC142987249	138	165	190	134	57	78	122	43	76	84	65	62	267
gene-LOC142987250	674	242	178	440	98	476	1147	837	3079	1566	3826	3536	516
gene-LOC142987251	530	593	419	945	149	407	534	321	350	526	273	300	851
gene-LOC142987254	125	65	141	147	91	134	86	103	117	101	153	140	208
gene-LOC142987256	8997	4537	2085	5316	1707	3364	2510	1182	2200	3461	3753	2875	123
gene-LOC142987259	67	27	26	320	15	47	133	69	399	199	336	377	86
gene-LOC142987262	506	210	271	840	122	636	211	94	161	258	357	236	1474
gene-LOC142987264	907	808	1069	697	524	404	1253	976	1809	721	1578	1276	1477
gene-LOC142987265	26	54	81	42	48	32	19	18	18	14	33	29	64
gene-LOC142987267	776	549	3139	59	2316	38	15	106	43	20	65	9	468
gene-LOC142987268	262	14	31	59	20	248	56	25	77	29	49	13	39
gene-LOC142987269	2	1	0	1	8	0	0	0	0	0	0	0	13
gene-LOC142987271	4	1	0	0	0	0	3	0	2	0	13	0	9
gene-LOC142987274	381	352	579	400	374	124	448	305	420	460	491	673	655
gene-LOC142987275	3	1	4	5	0	0	5	2	8	6	8	17	0
gene-LOC142987276	1537	1063	1988	1219	928	687	329	215	338	303	365	375	2550
gene-LOC142987284	648	1089	1802	1107	1102	413	333	243	365	120	351	409	1182
gene-LOC142987286	164	100	327	124	109	188	119	54	74	82	94	57	747
gene-LOC142987288	0	0	0	0	0	0	0	0	0	0	0	0	0
gene-LOC142987290	235	235	350	194	233	72	76	45	53	32	64	39	359
gene-LOC142987293	524	588	633	465	240	284	260	194	405	424	415	512	694
gene-LOC142987295	288	408	119	401	110	100	545	834	937	461	272	363	21
gene-LOC142987296	187	671	370	139	254	41	224	355	303	103	112	232	181
gene-LOC142987297	49	11	8	17	0	13	20	2	10	6	23	9	267
gene-LOC142987298	1303	1552	4267	2616	1233	459	1316	746	869	1350	1012	980	3
gene-LOC142987300	304	383	1354	225	304	131	260	123	305	172	157	300	956
gene-LOC142987302	10	74	22	80	85	109	52	34	60	25	7	6	9129
gene-LOC142987303	5	10	2	11	29	16	0	0	1	1	1	4	686
gene-LOC142987305	0	1	3	0	0	0	0	0	0	0	0	0	13
gene-LOC142987307	662	636	440	1040	603	430	388	293	401	105	212	185	2476
gene-LOC142987311	179	1445	6894	73	2129	70	61	24	24	5	38	34	2453
gene-LOC142987312	4073	2260	8163	912	7000	381	365	302	277	379	701	543	2869
gene-LOC142987314	0	0	0	0	0	0	0	0	0	0	0	0	0
gene-LOC142987315	52	197	518	277	292	181	62	16	83	105	321	79	1009
gene-LOC142987317	2761	2871	3591	2403	778	408	772	574	473	649	432	498	403
gene-LOC142987319	65	28	3	36	13	72	59	43	127	83	164	163	8
gene-LOC142987320	6742	4725	4598	6601	2577	7649	15479	12229	19409	19471	18520	12154	1
gene-LOC142987321	1843	957	825	1823	970	963	7997	3938	5375	3697	5444	6744	38
gene-LOC142987323	98	35	105	185	22	76	16	17	23	21	24	15	147
gene-LOC142987329	155	187	368	147	199	193	52	35	54	132	189	150	161
gene-LOC142987331	90	44	97	153	80	49	65	30	53	72	69	47	338
gene-LOC142987333	5	7	4	4	6	0	8	2	4	13	5	3	2
gene-LOC142987334	0	0	0	2	0	0	0	0	0	0	0	0	0
gene-LOC142987335	5955	10193	11710	12115	9759	11605	41580	56277	84370	84857	58765	34107	33715
gene-LOC142987337	12	17	18	3	6	23	1	10	14	1	0	0	317
gene-LOC142987338	134	139	232	202	62	40	103	26	44	60	82	66	326
gene-LOC142987340	1023	993	2700	654	917	291	445	223	403	517	897	627	487
gene-LOC142987341	1012	783	1317	951	798	757	291	227	363	467	508	370	1983
gene-LOC142987345	661	496	696	764	381	474	972	546	1488	701	1360	1191	591
gene-LOC142987346	6	5	14	3	0	0	0	0	0	0	0	0	22
gene-LOC142987347	2805	1558	2853	938	1025	1312	4896	3267	3389	3968	1797	3182	43
gene-LOC142987348	519	134	1247	431	514	901	219	45	262	250	434	171	439
gene-LOC142987350	237	213	49	21	405	457	100	42	73	12	54	2	2657
gene-LOC142987351	14	5	18	2	13	18	6	16	15	13	3	8	5
gene-LOC142987352	1281	2790	2671	1725	2054	330	288	176	224	382	245	243	63
gene-LOC142987356	3769	5263	9671	1436	5464	1319	7330	8526	10609	4548	4918	6065	4202
gene-LOC142987358	832	875	2190	424	1350	156	650	838	872	488	566	626	169
gene-LOC142987359	266	280	553	216	151	38	276	227	193	273	298	312	195
gene-LOC142987369	363	302	417	329	175	100	492	319	594	417	562	596	459
gene-LOC142987371	478	475	571	740	536	661	1553	1134	4193	1759	3922	2930	876
gene-LOC142987372	0	5	0	0	0	0	0	0	0	0	0	0	0
gene-LOC142987375	1371	1497	1685	857	888	1394	5233	4344	10794	5722	10355	7216	846
gene-LOC142987380	943	303	563	728	551	450	55	60	47	222	239	199	2793
gene-LOC142987381	626	403	1145	485	617	288	263	173	191	504	697	576	201
gene-LOC142987383	0	1	0	0	0	0	0	0	0	3	4	0	1
gene-LOC142987385	679	906	1885	685	1668	331	1220	1060	1210	822	939	1324	664
gene-LOC142987386	10	16	16	9	21	67	24	29	26	21	26	8	206
gene-LOC142987387	66	74	110	102	59	57	193	111	223	174	194	240	109
gene-LOC142987390	474	675	1196	555	319	239	835	579	723	754	537	593	357
gene-LOC142987392	0	0	0	0	0	0	0	0	3	0	2	0	0
gene-LOC142987394	53	39	127	241	116	49	94	98	91	143	193	166	125
gene-LOC142987395	173	70	68	95	18	38	14	5	3	6	0	1	145
gene-LOC142987398	1333	1603	1731	635	985	328	2134	3235	5040	1608	2521	3716	801
gene-LOC142987400	102	174	102	120	100	66	229	305	419	403	466	521	119
gene-LOC142987401	7	43	231	33	119	852	88	60	163	32	27	9	358
gene-LOC142987402	1021	890	774	1420	891	1840	4169	3215	7316	4991	7323	4424	2551
gene-LOC142987403	898	595	916	865	624	302	370	159	351	192	218	231	929
gene-LOC142987404	158	286	298	173	216	176	393	246	324	578	452	430	105
gene-LOC142987405	10	19	40	19	14	14	41	9	13	19	28	12	64
gene-LOC142987406	83	85	284	231	127	66	100	48	72	70	84	72	229
gene-LOC142987409	154	72	119	68	59	0	49	35	68	12	15	38	2075
gene-LOC142987410	9	11	1	10	0	0	93	59	166	59	83	63	0
gene-LOC142987412	612	981	1178	869	902	401	1360	1306	1624	1042	1475	1718	635
gene-LOC142987415	20	21	24	27	15	29	22	23	41	18	23	36	104
gene-LOC142987419	1	7	6	0	4	0	0	0	0	0	1	0	10
gene-LOC142987420	507	369	562	409	503	216	260	107	163	152	245	209	850
gene-LOC142987421	383	82	270	41	352	100	48	151	293	70	171	98	6906
gene-LOC142987422	0	0	4	0	0	0	0	0	0	0	1	2	8
gene-LOC142987424	77	66	161	88	73	48	108	53	95	105	105	110	60
gene-LOC142987425	747	726	809	747	528	369	1121	453	872	1194	1228	1354	451
gene-LOC142987426	186	117	192	210	14	83	329	131	223	308	290	323	74
gene-LOC142987427	159	113	153	171	30	36	229	109	170	164	234	278	87
gene-LOC142987430	6	31	78	10	58	10	8	10	26	14	20	3	72
gene-LOC142987433	10	5	12	8	0	9	52	0	8	10	11	8	0
gene-LOC142987437	68	26	43	100	72	280	3	1	3	14	23	2	2106
gene-LOC142987440	567	623	674	450	309	211	1635	1168	2049	1204	1147	2076	488
gene-LOC142987446	14	8	14	15	0	22	7	24	14	19	35	18	22
gene-LOC142987447	208	178	216	146	236	112	572	536	1092	566	734	745	193
gene-LOC142987449	0	0	4	0	4	318	0	0	0	0	0	0	2920
gene-LOC142987450	10	10	62	9	51	65	1	2	3	1	19	10	1078
gene-LOC142987454	412	398	414	335	194	145	515	359	693	513	894	1024	152
gene-LOC142987455	6	14	36	0	24	43	0	0	2	0	6	0	613
gene-LOC142987457	289	250	334	222	280	74	101	40	46	90	81	52	405
gene-LOC142987459	1	6	5	9	0	0	16	4	28	19	9	4	46
gene-LOC142987462	0	0	0	0	0	0	0	0	0	0	0	0	0
gene-LOC142987463	0	0	0	0	0	0	0	0	0	0	0	0	20
gene-LOC142987467	221	91	101	219	10	66	32	62	55	65	33	47	323
gene-LOC142987468	45510	11503	5002	20071	4460	4486	3942	2745	3899	2974	2372	1143	23
gene-LOC142987472	565	351	308	704	173	368	582	413	875	709	995	485	1467
gene-LOC142987474	1166	318	331	1000	144	287	140	115	36	169	122	185	283
gene-LOC142987476	89	95	344	134	73	69	118	101	88	135	62	106	127
gene-LOC142987477	136	8	42	223	18	173	80	105	728	126	1298	1036	141
gene-LOC142987478	45	25	73	756	32	750	90	51	346	441	1050	233	186
gene-LOC142987480	1921	1485	449	1074	363	399	3019	2021	2115	1544	1348	2474	830
gene-LOC142987481	59	43	50	88	54	21	134	54	126	113	196	220	88
gene-LOC142987482	62	54	27	71	62	643	71	18	131	42	156	69	3852
gene-LOC142987483	0	0	0	0	0	0	0	0	0	1	0	0	2
gene-LOC142987493	11	0	36	67	6	6517	209	533	508	36	273	4	0
gene-LOC142987494	243	211	258	275	340	412	812	458	1930	1051	2050	1525	349
gene-LOC142987496	28	51	24	4	0	0	33	7	37	16	17	8	4
gene-LOC142987497	416	368	792	256	357	168	116	111	155	198	228	230	104
gene-LOC142987498	1	4	0	1	0	0	0	0	0	0	1	0	0
gene-LOC142987499	192	253	316	451	105	68	112	110	101	164	146	167	270
gene-LOC142987500	0	0	0	0	11	0	0	0	0	0	0	0	0
gene-LOC142987502	0	2	0	0	0	0	0	0	0	0	0	0	30
gene-LOC142987503	688	1219	1249	641	1062	248	2484	2510	2153	1929	1412	2024	707
gene-LOC142987505	214	349	392	231	84	86	727	489	637	885	632	866	159
gene-LOC142987506	11	0	0	223	8	17081	1984	365	3256	483	1338	0	0
gene-LOC142987507	1022	2501	3754	556	513	358	494	684	810	686	568	502	729
gene-LOC142987508	1	0	0	0	0	0	0	0	0	0	0	0	5
gene-LOC142987509	794	986	686	937	731	421	464	593	565	407	255	444	1095
gene-LOC142987512	482	241	316	421	214	58	33	33	15	44	66	32	1362
gene-LOC142987514	0	0	17	0	0	0	0	0	0	0	4	0	1843
gene-LOC142987516	119	93	284	117	127	64	81	84	106	142	234	226	142
gene-LOC142987517	1	2	0	0	0	0	0	2	2	2	0	3	35
gene-LOC142987520	1	1	0	0	0	0	3	17	3	4	19	5	565
gene-LOC142987522	461	1183	2021	196	1303	230	1369	2072	2419	1091	1863	1660	942
gene-LOC142987524	0	0	8	0	0	15	5	0	8	2	2	4	23
gene-LOC142987526	324	212	486	862	475	249	305	274	497	421	395	408	435
gene-LOC142987528	2	21	19	3	27	18	4	3	4	2	7	0	586
gene-LOC142987529	51	86	18	188	156	168	65	2229	948	5	95	51	70
gene-LOC142987532	77	95	35	87	71	651	91	61	79	51	34	31	201
gene-LOC142987534	0	0	1	0	0	0	0	0	0	0	0	0	7
gene-LOC142987535	13	37	48	4	23	0	67	22	33	30	14	14	6
gene-LOC142987536	681	404	538	559	417	564	1428	923	2301	1869	3230	2239	171
gene-LOC142987537	1073	1604	2092	872	719	116	433	349	304	354	333	384	403
gene-LOC142987538	4594	11586	11349	441	5095	2801	1098	589	348	56	58	244	7782
gene-LOC142987539	106	471	2573	354	621	185	78	34	66	45	37	16	1045
gene-LOC142987542	0	2	0	0	0	0	0	0	0	0	0	0	125
gene-LOC142987543	0	0	19	1	0	0	2	0	0	2	2	0	592
gene-LOC142987544	878	1602	4398	1165	1839	303	2155	2266	1402	2305	1301	1960	587
gene-LOC142987545	0	13	61	14	53	15	0	2	0	3	4	5	2
gene-LOC142987546	428	416	1290	301	219	23	89	57	37	43	20	62	289
gene-LOC142987547	15	43	72	0	12	66	0	0	3	0	0	0	75
gene-LOC142987549	4206	2646	2615	5128	2590	2252	3624	1684	7753	3428	2793	3624	3698
gene-LOC142987550	8	9	29	5	58	153	0	0	6	5	13	3	319
gene-LOC142987553	13	30	56	9	103	81	18	6	11	8	4	0	991
gene-LOC142987554	16	14	188	40	375	10812	887	124	669	18	55	0	27
gene-LOC142987559	398	280	326	320	168	295	30	37	19	11	17	15	816
gene-LOC142987561	671	504	709	546	440	346	278	116	112	295	166	185	1204
gene-LOC142987562	306	138	94	4139	44	11437	12550	3933	1191	22529	1032	4089	1
gene-LOC142987563	158	62	74	95	28	216	302	99	386	239	352	273	298
gene-LOC142987566	822	278	283	616	76	629	199	61	130	117	117	192	909
gene-LOC142987570	158	117	161	133	59	31	179	60	178	151	208	244	151
gene-LOC142987574	4	5	10	14	0	82	20	4	24	9	29	9	284
gene-LOC142987575	90	40	16	775	6	19	21	2	12	9	40	13	264
gene-LOC142987578	0	0	0	0	16	0	0	0	0	0	0	0	0
gene-LOC142987579	0	0	0	0	0	0	0	0	0	0	0	0	0
gene-LOC142987580	739	1020	1277	570	643	408	1168	488	1394	931	1323	1474	951
gene-LOC142987581	0	5	8	0	0	0	2	0	4	0	0	0	6
gene-LOC142987582	19	4	15	19	4	43	24	14	41	34	42	53	39
gene-LOC142987583	6618	2364	1645	3511	726	1195	6642	5194	9199	7638	11334	11167	152
gene-LOC142987584	317	178	183	528	135	457	839	270	1053	629	1409	1130	285
gene-LOC142987593	953	338	664	937	247	383	219	235	317	361	287	214	769
gene-LOC142987594	1530	1615	1853	1221	1135	1067	2527	1388	3870	3128	3960	4149	564
gene-LOC142987595	39	15	11	54	35	75	83	35	93	40	78	32	35
gene-LOC142987597	5	0	8	11	0	0	1	20	14	14	0	6	1
gene-LOC142987598	0	0	0	0	0	0	0	0	3	2	2	0	0
gene-LOC142987600	2	217	1158	3	67	0	0	22	4	0	0	2	0
gene-LOC142987601	7	1	9	1	6	0	0	0	0	0	0	0	13
gene-LOC142987602	210	69	149	125	80	56	323	28	284	298	380	290	83
gene-LOC142987603	279	121	201	378	109	163	432	240	513	356	587	644	401
gene-LOC142987604	45	42	74	6	1749	20	7	0	60	11	106	44	31775
gene-LOC142987605	0	8	1	1	0	0	0	4	0	1	0	0	2
gene-LOC142987607	2943	2727	3310	1733	1456	595	723	842	454	391	360	817	732
gene-LOC142987609	0	3	0	0	0	0	0	0	0	0	0	0	27
gene-LOC142987610	5	2	52	9	44	99	6	2	0	6	3	1	1309
gene-LOC142987611	22	70	107	18	31	4	26	37	14	160	12	5	201
gene-LOC142987612	30	95	76	61	223	243	25	37	25	14	18	27	1218
gene-LOC142987613	647	110	107	56	60	86	1382	502	1851	276	412	930	23
gene-LOC142987614	303	120	317	549	88	263	268	71	293	187	331	227	672
gene-LOC142987616	11729	2740	6877	3383	2937	1624	4873	2059	4340	2204	4785	5273	3274
gene-LOC142987617	71	11	37	38	23	15	67	24	70	31	53	59	82
gene-LOC142987619	1167	493	692	2516	407	1533	1946	1105	2969	1963	4817	3164	5971
gene-LOC142987622	278	192	237	367	151	141	310	131	250	306	192	313	340
gene-LOC142987625	1247	1081	2105	1544	949	326	3126	2365	2197	2581	2086	2567	592
gene-LOC142987627	1089	3852	3572	1168	2821	563	1587	719	548	1001	543	739	766
gene-LOC142987628	644	534	663	685	488	425	579	345	571	419	418	567	1186
gene-LOC142987629	0	0	0	0	0	0	4	0	0	0	0	0	0
gene-LOC142987633	0	0	0	0	0	0	0	0	0	0	0	0	0
gene-LOC142987635	1985	4453	8420	722	3374	291	633	430	303	138	87	279	919
gene-LOC142987636	18	16	44	8	17	7	10	8	29	16	3	2	29
gene-LOC142987637	135	111	196	86	58	39	58	31	15	38	28	53	134
gene-LOC142987639	0	4	6	1	7	29	4	0	3	0	0	0	52
gene-LOC142987645	100	73	115	75	46	50	131	87	125	139	141	184	27
gene-LOC142987646	108	15	0	4	8	0	6	5	25	0	31	0	790
gene-LOC142987647	10	14	10	9	0	0	5	9	0	0	0	2	441
gene-LOC142987648	2	8	9	1	17	0	13	1	21	13	0	0	671
gene-LOC142987649	1	3	1	7	0	225	0	1	10	1	0	0	1
gene-LOC142987653	87	85	120	105	15	9	87	73	63	80	63	116	58
gene-LOC142987654	61	132	203	59	137	38	20	0	8	23	28	12	131
gene-LOC142987655	9	10	6	3	52	34	5	0	9	2	6	9	57
gene-LOC142987656	48	18	5	79	7	100	14	14	33	32	109	129	22
gene-LOC142987657	2	4	0	8	0	0	0	0	0	88	16	4	0
gene-LOC142987658	1946	96	107	4310	409	22287	10281	534	15283	100876	36940	35931	0
gene-LOC142987659	0	0	0	0	0	0	0	0	0	0	0	0	0
gene-LOC142987660	414	75	195	2293	78	9734	9796	881	5321	12685	11726	17368	0
gene-LOC142987662	1076	1126	1184	1576	980	492	588	406	641	739	1510	821	1105
gene-LOC142987665	0	0	0	0	0	16	0	0	0	0	0	0	53
gene-LOC142987667	2	2	0	0	0	0	0	0	0	0	0	1	11
gene-LOC142987668	0	2	0	0	0	0	0	0	0	0	0	0	17
gene-LOC142987669	0	0	0	0	0	0	0	0	0	0	0	0	2
gene-LOC142987670	1	0	0	0	0	0	0	0	0	0	0	0	0
gene-LOC142987671	0	1	0	0	0	0	0	0	0	0	0	0	3
gene-LOC142987672	3	0	0	0	6	0	0	0	0	0	0	0	0
gene-LOC142987674	0	0	0	0	0	0	0	0	0	0	0	0	24
gene-LOC142987675	0	0	0	0	6	0	0	0	0	0	0	0	0
gene-LOC142987676	0	0	0	0	0	0	0	0	0	0	0	0	2
gene-LOC142987677	9	93	108	4	147	205	114	106	34	146	4	38	1827
gene-LOC142987678	3779	567	1061	564	371	2582	5348	653	8774	2716	8376	12133	553
gene-LOC142987679	14	31	10	88	15	45	4	3	9	9	1	7	571
gene-LOC142987680	3123	2689	3183	5902	2915	6980	3384	1971	3572	3223	2758	1369	10492
gene-LOC142987683	86	126	207	38	68	4	139	140	159	74	57	108	23
gene-LOC142987684	274	279	238	246	108	84	525	426	675	442	480	441	218
gene-LOC142987685	291	202	308	609	322	561	1209	864	3016	1396	3522	2081	721
gene-LOC142987687	1847	181	347	564	176	1156	1290	302	914	2165	1323	1506	596
gene-LOC142987688	8	11	17	12	19	20	0	7	4	4	11	5	237
gene-LOC142987689	109	66	165	124	50	82	22	24	40	36	30	30	157
gene-LOC142987691	625	602	879	1013	201	252	294	144	112	304	227	184	668
gene-LOC142987693	0	0	6	0	0	18	0	0	0	0	0	0	0
gene-LOC142987694	435	390	123	1011	79	669	400	251	419	1394	348	447	177
gene-LOC142987695	0	0	0	0	0	0	0	0	0	0	0	0	0
gene-LOC142987697	3	2	0	3	0	0	12	8	2	8	1	5	3
gene-LOC142987698	0	3	0	0	0	0	0	0	0	0	0	0	0
gene-LOC142987699	14	32	7	34	0	17	105	58	108	5	14	15	7
gene-LOC142987700	3	0	6	20	20	90	9	4	3	1	3	0	109
gene-LOC142987703	178	150	132	159	35	199	57	31	64	68	86	45	331
gene-LOC142987704	0	0	6	0	0	0	0	0	0	0	0	0	6962
gene-LOC142987705	20	0	13	10	0	9	21	3	4	3	6	4	0
gene-LOC142987707	0	5	0	0	4	0	0	0	0	0	0	0	20138
gene-LOC142987708	0	0	0	0	0	0	0	0	0	0	0	0	0
gene-LOC142987709	353	446	840	360	453	167	226	135	149	148	228	135	606
gene-LOC142987710	107	92	96	74	43	25	13	1	10	8	17	18	52
gene-LOC142987711	321	234	312	314	246	96	53	35	41	96	145	79	333
gene-LOC142987712	0	0	0	2	9	23	6	6	0	4	8	2	0
gene-LOC142987713	6062	2891	9201	1748	1177	85	9347	7359	1686	4503	6	2819	0
gene-LOC142987717	43	4	17	50	27	21	8	0	7	5	8	10	13
gene-LOC142987718	159	125	264	224	143	162	83	49	46	69	42	32	522
gene-LOC142987720	26	50	53	67	91	216	25	27	18	3	3	4	850
gene-LOC142987721	3954	2851	4021	5465	3737	6685	16536	11573	35941	17429	29052	18573	10505
gene-LOC142987725	19	225	401	13	200	0	4	20	2	0	0	3	80
gene-LOC142987727	16	15	12	6	28	31	6	20	1	17	3	1	241
gene-LOC142987728	17	4	39	5	35	0	4	0	29	34	34	4	11
gene-LOC142987730	7	12	37	8	31	21	7	7	2	3	3	0	726
gene-LOC142987732	23	3	49	11	26	57	0	0	0	0	0	0	343
gene-LOC142987735	25	2	29	34	0	8	18	2	47	74	23	11	0
gene-LOC142987736	0	2	0	1	0	0	0	3	1	1	2	2	2
gene-LOC142987737	0	2	0	1	0	0	0	3	1	1	2	2	2
gene-LOC142987744	0	4	1	1	5	0	2	0	6	9	3	7	4
gene-LOC142987745	0	2	0	1	0	0	0	3	1	1	2	2	2
gene-LOC142987746	0	0	0	0	0	0	0	0	0	0	0	0	0
gene-LOC142987748	0	2	0	1	0	0	0	3	1	1	2	2	2
gene-LOC142987749	0	0	0	0	0	0	0	0	0	0	0	0	2
gene-LOC142987750	0	0	0	0	0	0	0	0	0	0	1	3	5
gene-LOC142987752	0	0	0	0	0	0	0	0	0	0	0	0	0
gene-LOC142987753	0	0	0	0	0	0	0	0	0	0	0	0	0
gene-LOC142987795	199	170	450	409	114	45	250	110	313	656	567	621	15
gene-LOC142987796	0	0	0	0	0	0	0	0	0	0	0	0	0
gene-LOC142987797	88	320	312	76	297	109	119	188	142	158	78	142	839
gene-LOC142987798	0	0	0	5	0	9	0	0	0	0	0	0	0
gene-LOC142987799	4	12	0	6	17	0	3	9	8	10	13	3	0
gene-LOC142987800	0	7	1	1	0	0	0	0	0	0	0	0	0
gene-LOC142987801	0	5	0	5	0	0	0	1	0	0	5	0	0
gene-LOC142987803	0	0	0	0	0	0	0	0	0	0	0	0	2
gene-LOC142987804	0	2	4	2	0	0	0	1	2	0	0	0	8
gene-LOC142987805	0	2	0	2	0	0	0	0	0	0	0	0	0
gene-LOC142987806	39	13	38	73	78	82	23	24	129	89	387	185	57
gene-LOC142987809	0	0	4	7	12	0	0	0	0	1	0	0	0
gene-LOC142987810	10	47	17	47	5	24	9	22	42	13	12	23	43
gene-LOC142987811	0	0	0	0	0	0	0	0	1	0	0	0	312
gene-LOC142987813	836	1129	1963	1056	1720	1134	2226	1747	3703	2853	4311	5054	695
gene-LOC142987814	6	4	135	10	0	0	23	9	12	10	40	23	30
gene-LOC142987816	42	9	0	1	0	0	0	0	4	8	0	2	0
gene-LOC142987817	3	0	0	0	0	0	0	0	0	0	0	0	0
gene-LOC142987818	702	259	223	473	186	403	714	475	560	576	560	402	323
gene-LOC142987819	0	0	0	0	0	0	0	0	0	0	0	0	0
gene-LOC142987821	0	0	0	0	0	0	0	0	0	0	0	0	0
gene-LOC142987822	31	31	32	13	14	0	3	16	7	11	15	26	77
gene-LOC142987823	0	0	0	0	0	0	0	0	0	0	0	0	0
gene-LOC142987825	0	0	0	0	0	0	0	0	0	0	0	0	0
gene-LOC142987826	31	25	36	45	6	0	5	2	6	11	1	7	49
gene-LOC142987828	0	0	0	0	0	0	0	0	0	0	0	0	0
gene-LOC142987829	0	0	0	0	0	0	0	0	0	0	0	0	0
gene-LOC142987830	0	0	0	0	0	0	0	0	0	0	0	7	0
gene-LOC142987831	0	0	0	0	0	0	0	0	0	0	0	0	0
gene-LOC142987832	0	0	0	0	0	0	0	0	0	0	0	0	0
gene-LOC142987833	0	0	0	0	0	0	0	0	0	0	0	0	0
gene-LOC142987834	3	0	0	7	22	0	3	4	3	4	1	0	78
gene-LOC142987835	1	0	3	0	0	0	0	0	0	0	0	0	0
gene-LOC142987836	0	1	0	0	0	0	0	0	0	0	0	0	0
gene-LOC142987837	0	0	0	0	0	0	0	0	0	0	0	1	0
gene-LOC142987838	1	1	0	0	0	0	0	1	0	0	0	0	0
gene-LOC142987839	1	5	6	127	5	16	41	44	19	22	12	13	0
gene-LOC142987840	0	0	0	0	0	0	0	0	0	0	0	0	2
gene-LOC142987841	0	0	0	0	0	0	0	0	0	0	0	0	0
gene-LOC142987843	0	0	3	0	0	0	0	0	0	0	0	0	0
gene-LOC142987844	0	0	0	0	0	0	0	0	0	0	0	0	0
gene-LOC142987845	0	0	0	0	0	0	2	0	0	0	0	0	0
gene-LOC142987846	0	0	0	0	0	0	0	0	0	0	0	0	0
gene-LOC142987847	0	0	0	0	0	0	0	0	0	0	0	0	0
gene-LOC142987848	0	0	0	0	0	0	0	0	0	0	0	0	0
gene-LOC142987849	0	1	4	0	13	0	0	0	2	0	0	6	0
gene-LOC142987850	7	8	0	1	0	0	0	10	4	7	0	1	1
gene-LOC142987851	107	1	18	4	6351	20	34	85	0	41	3	1	70
gene-LOC142987852	4	0	0	1	6	0	0	0	0	3	4	0	0
gene-LOC142987853	29	60	45	73	64	16	335	320	579	98	71	60	243
gene-LOC142987854	1	0	0	0	0	0	0	0	0	0	0	0	0
gene-LOC142987855	0	0	0	0	0	0	0	0	0	0	0	0	0
gene-LOC142987856	5	11	0	5	0	0	4	1	2	5	2	6	0
gene-LOC142987857	25268	4190	1190	5034	1634	1044	22525	53782	600	2572	5413	220	0
gene-LOC142987858	0	0	0	0	0	0	0	11	0	0	0	0	0
gene-LOC142987859	1920	732	847	440	310	3591	4263	2115	8597	6440	8191	5711	5
gene-LOC142987860	9	1	0	12	7	0	1	1	7	17	11	28	0
gene-LOC142987861	10	2	16	3	0	0	11	0	6	30	7	5	0
gene-LOC142987862	0	0	0	0	0	0	0	0	0	0	0	0	0
gene-LOC142987863	0	0	0	0	0	0	0	0	0	0	0	0	0
gene-LOC142987864	0	2	0	0	0	36	0	0	2	0	0	0	56
gene-LOC142987865	15773	17449	2493	13706	4323	19583	6679	12873	9730	18124	7846	11003	132
gene-LOC142987866	2	2	2	1	0	0	0	0	0	0	0	0	0
gene-LOC142987868	1	0	2	0	0	0	2	0	0	4	0	2	2
gene-LOC142987869	0	0	0	0	0	0	0	0	0	0	0	0	0
gene-LOC142987870	0	0	0	0	0	0	0	0	0	0	0	0	0
gene-LOC142987873	0	0	0	0	0	0	0	0	0	0	0	0	0
gene-LOC142987876	0	0	0	0	0	0	0	0	0	0	0	0	0
gene-LOC142987878	142	165	94	84	48	35	55	28	59	68	68	40	143
gene-LOC142987879	0	3	16	0	0	0	0	0	0	0	3	0	3613
gene-LOC142987880	13	12	6	6	0	172	106	69	519	16	29	32	37
gene-LOC142987881	41	36	43	68	32	753	12	5	8	12	10	9	4992
gene-LOC142987883	1169	480	262	854	195	399	240	154	141	492	476	448	462
gene-LOC142987884	3097	2562	4340	2368	1406	709	1332	1228	1507	1079	795	875	2374
gene-LOC142987885	284	30	13	194	24	118	288	204	557	403	266	234	202
gene-LOC142987886	110	62	196	161	143	96	19	25	23	41	68	29	160
gene-LOC142987887	232	70	86	245	6	235	89	45	131	103	174	129	235
gene-LOC142987889	7099	5998	5541	6339	4220	2086	4107	2014	1971	1693	1462	2355	3156
gene-LOC142987891	1171	1224	1199	2131	616	972	3236	2048	4312	3388	4861	3273	1470
gene-LOC142987892	97	34	161	96	168	62	54	7	24	93	148	125	65
gene-LOC142987894	1206	927	1229	794	777	601	286	161	74	435	364	378	1944
gene-LOC142987896	925	488	957	689	645	804	510	111	295	494	682	416	1370
gene-LOC142987899	98	102	100	184	95	85	116	88	132	148	244	228	96
gene-LOC142987902	2824	3002	5424	1759	1740	346	546	722	662	315	165	227	85
gene-LOC142987904	469	399	309	565	166	116	389	167	199	410	219	293	120
gene-LOC142987905	284	442	566	398	422	112	111	102	88	95	57	75	1009
gene-LOC142987906	46	64	97	97	18	0	51	58	13	59	21	43	103
gene-LOC142987907	54	59	82	168	55	27	31	36	24	14	24	14	118
gene-LOC142987908	449	306	573	371	335	43	239	112	119	89	62	129	649
gene-LOC142987909	31	16	53	93	47	83	145	61	198	89	227	201	94
gene-LOC142987910	74	84	152	210	62	196	103	67	48	82	32	71	170
gene-LOC142987911	28	24	73	58	3	13	18	6	14	48	23	27	27
gene-loco	412	191	419	264	391	75	63	29	22	56	33	27	356
gene-loj	230	144	130	318	83	360	447	437	628	676	1303	902	1167
gene-Lon	1065	171	165	1137	32	328	153	88	212	101	133	138	353
gene-Loqs	2077	720	869	2853	433	1411	1261	444	1250	1292	1635	1644	3300
gene-lost	879	612	874	1397	480	994	357	194	299	701	541	448	3442
gene-lov	0	5	1	0	0	12	0	0	0	0	0	0	13
gene-lovit	1	1	26	8	9	40	0	0	4	4	13	0	5
gene-Loxl2	8	0	0	0	4	9	1	0	4	0	3	0	0
gene-LPCAT	15	53	109	18	88	9	19	7	8	4	13	8	53
gene-Lpin	4210	4285	2836	8040	449	1633	503	701	629	995	666	494	2021
gene-LpR1	751	1098	1902	3882	402	666	273	319	206	396	343	292	13714
gene-lqf	5612	5285	4523	2510	986	266	605	263	77	117	73	68	1171
gene-lqfR	925	697	645	1127	838	407	305	106	136	421	525	427	1717
gene-Lrch	332	308	79	327	99	206	79	46	47	63	65	54	297
gene-LRP1	94	457	797	24	464	97	26	6	56	5	12	18	875
gene-Lrpl	0	4	5	0	0	0	0	0	0	1	0	1	12
gene-LRR	977	887	1166	1412	673	339	121	53	34	206	152	115	346
gene-Lrrk	21	6	6	28	4	0	0	1	2	15	0	0	80
gene-Lsd-1	280	208	328	38	149	7	97	142	50	69	130	98	1139
gene-Lsd-2	52237	8129	3830	11168	1788	4471	10720	5938	12922	3386	5645	6113	9553
gene-LSm1	114	74	68	151	75	152	262	306	761	483	694	667	355
gene-Lsm11	65	18	40	39	3	10	17	2	53	68	35	60	48
gene-Lsm12a	579	607	923	696	1008	944	792	383	878	746	1122	1021	1120
gene-LSm3	155	197	373	278	365	282	415	571	959	564	1005	1149	336
gene-LSm7	101	101	179	153	349	106	271	185	653	273	577	560	199
gene-lsn	523	386	639	693	451	298	905	786	1483	1105	1719	1531	310
gene-Lst8	143	94	161	211	89	53	125	95	153	121	116	112	202
gene-lt	1043	1184	1487	1148	904	302	490	331	544	360	316	428	1007
gene-ltl	11	18	5	6	26	0	0	17	6	0	7	1	469
gene-Ltn1	863	461	355	969	239	265	128	49	49	143	135	112	634
gene-LTV1	1361	1632	4137	2245	3256	725	1260	1219	591	1066	426	665	2902
gene-lute	512	320	466	432	381	170	252	207	293	343	285	295	1058
gene-lwr	1221	2220	3787	1471	1458	608	1960	1706	2488	1215	1684	1982	1579
gene-LysRS	525	204	546	900	218	387	265	216	574	427	719	594	1524
gene-m	1	5	23	6	28	0	0	3	1	0	0	2	327
gene-m-cup	1277	1317	3368	502	3410	202	16	28	20	12	9	3	1113
gene-M6	1795	2990	3228	2192	1073	557	2358	1363	1307	1543	932	1362	1110
gene-M7BP	2154	604	1299	2271	379	1457	1461	817	2029	1965	2786	2071	237
gene-mab-21	24	33	57	8	26	14	34	35	18	14	3	9	3467
gene-mAChR-A	1	2	32	0	0	0	0	3	0	0	2	0	4
gene-mAChR-B	0	3	0	15	0	5	0	0	0	0	0	0	3
gene-mAChR-C	21	8	1	15	0	83	9	0	6	0	0	1	319
gene-mAcon1	4860	1984	780	6705	1048	6356	411	421	476	588	1071	969	7342
gene-Mad	425	331	318	776	341	155	89	39	45	63	82	55	357
gene-Mad1	160	102	152	254	55	142	71	42	43	59	55	66	523
gene-mad2	8	0	20	7	4	9	27	16	8	16	18	29	11
gene-Madm	215	366	512	237	302	135	63	23	43	91	64	32	557
gene-mael	48	76	57	48	49	6	17	15	17	10	9	20	44
gene-maf-S	2109	1506	2159	1730	657	793	1611	1005	1950	2982	1523	1513	594
gene-Maf1	1169	1332	2064	764	520	320	847	591	276	683	911	829	762
gene-Magi	31	107	121	127	74	57	17	6	5	14	1	28	197
gene-mago	461	339	689	863	472	595	1387	1121	3296	1818	3078	2742	3191
gene-MagR	494	628	500	500	237	327	1501	1277	1728	1635	1662	1632	249
gene-magu	259	297	260	185	744	215	98	40	66	80	45	86	645
gene-mahj	1471	624	1860	2738	1546	671	95	146	100	220	77	209	2097
gene-mal	81	72	51	148	8	30	108	16	46	67	87	59	558
gene-Manf	781	253	424	1496	390	1572	880	711	2121	793	4999	2142	3325
gene-MAPk-Ak2	978	1147	626	1192	268	326	266	200	151	335	264	238	602
gene-Mapmodulin	797	651	783	1629	410	467	547	336	377	498	367	394	1572
gene-Marc	15	75	100	40	1117	231	212	294	348	87	45	38	9120
gene-Marcal1	161	232	229	134	120	72	79	43	74	33	38	76	136
gene-Marf	896	496	302	947	126	580	199	97	128	171	221	135	983
gene-Marf1	632	368	398	455	125	190	65	36	26	76	46	60	564
gene-mars	14	11	34	29	2	0	3	11	7	4	2	9	114
gene-mas	0	1	5	2	0	0	0	0	0	0	0	0	137
gene-Mat1	167	127	160	87	139	59	125	43	72	131	134	95	178
gene-Mat89Ba	84	70	194	275	108	155	7	21	17	6	21	16	405
gene-mats	347	416	671	453	427	186	104	92	158	123	99	123	1956
gene-Mau2	361	307	494	346	487	96	149	79	97	90	119	117	577
gene-Max	1037	953	1465	859	641	376	944	304	607	530	678	712	1691
gene-mbc	668	363	518	594	208	198	89	47	40	116	134	109	380
gene-MBD-like	225	164	377	196	154	69	243	139	228	185	183	293	444
gene-MBD-R2	1137	475	1405	1111	511	356	240	109	102	183	97	118	906
gene-mbf1	2300	2025	1781	2381	1407	1603	7678	5950	9636	4193	6631	7789	2172
gene-mbl	1848	1759	1003	2442	1053	1747	137	129	70	239	249	165	14718
gene-mbo	136	93	165	144	33	0	107	52	42	48	39	46	237
gene-Mbs	475	407	670	500	448	681	228	68	108	325	256	240	1867
gene-mbt	350	329	499	429	200	115	78	31	36	55	60	48	324
gene-Mcad	2215	814	2775	2604	946	4828	1696	533	3100	7206	5938	5955	3662
gene-Mccc1	1242	184	107	725	31	465	204	95	317	335	600	182	161
gene-Mccc2	663	54	20	763	16	753	693	217	1480	1198	2737	813	250
gene-Mcm10	38	36	76	34	12	33	25	13	24	23	23	46	72
gene-Mcm2	145	89	232	113	62	71	52	4	13	17	12	10	164
gene-Mcm3	90	158	237	131	150	75	24	19	32	6	8	14	302
gene-Mcm5	93	88	154	113	134	57	45	46	40	56	61	50	384
gene-Mcm6	123	209	420	136	302	57	21	31	22	26	32	17	620
gene-Mcm7	92	134	176	171	158	172	23	9	24	22	10	23	356
gene-Mcr	80	25	53	98	82	137	1	14	16	29	24	30	1224
gene-Mct1	455	155	723	1102	296	407	313	361	430	928	820	417	2488
gene-Mctp	26	111	249	32	302	82	5	5	7	9	7	4	97
gene-MCTS1	284	223	268	627	225	523	540	298	1066	423	844	673	776
gene-MCU	19	64	85	34	33	93	74	14	30	42	18	30	352
gene-Mdh1	5929	3557	1414	7725	1328	8167	6095	4699	8032	7366	6240	5007	7577
gene-Mdh2	9855	3413	1069	8506	1086	10534	7067	2508	7119	4910	7357	5136	2353
gene-mdlc	134	95	210	259	229	109	141	78	153	162	126	150	301
gene-mdu	13408	9518	4642	11786	1479	2671	2522	1831	1784	1921	1607	1562	460
gene-mdy	4274	1923	3786	1855	736	1151	3058	1019	3243	1748	2380	3150	341
gene-me31B	4788	5364	8176	4289	4565	2313	4471	2467	2286	3641	3016	3050	7327
gene-Med	550	225	397	492	525	168	89	38	51	96	121	73	535
gene-MED1	481	392	680	321	345	190	69	33	32	38	19	29	513
gene-MED10	550	813	1414	779	727	250	1637	1835	2286	1623	1882	2262	477
gene-MED11	146	149	100	93	38	95	377	291	301	191	240	284	107
gene-MED14	489	266	287	384	226	270	17	8	12	7	14	15	866
gene-MED15	175	147	409	254	36	78	17	1	5	15	2	2	379
gene-MED16	113	72	120	92	34	114	6	5	10	8	3	6	226
gene-MED17	346	220	311	467	144	140	240	103	256	163	195	189	647
gene-MED18	216	174	245	155	65	60	234	80	291	146	172	158	346
gene-MED19	737	698	966	636	367	209	1115	442	687	638	651	869	396
gene-MED20	105	52	51	165	19	116	222	199	383	195	367	312	83
gene-MED21	344	367	355	274	159	96	1053	789	1404	635	851	868	203
gene-MED22	224	205	284	144	231	154	554	354	717	526	706	620	186
gene-MED23	204	90	176	173	96	95	67	42	34	93	90	60	184
gene-MED24	339	298	358	280	192	91	325	154	220	240	260	280	447
gene-MED27	156	118	122	145	24	99	95	119	210	160	198	231	168
gene-MED30	153	200	391	149	9	69	178	169	41	113	75	97	263
gene-MED31	92	51	95	138	73	48	124	81	179	83	134	127	231
gene-MED4	149	99	255	142	144	180	199	135	237	213	279	410	274
gene-MED6	287	244	465	252	136	191	559	382	754	466	661	695	236
gene-MED7	312	306	416	298	165	163	558	545	969	593	909	1060	344
gene-MED8	182	330	456	253	328	146	426	360	395	351	490	497	352
gene-MED9	309	263	225	225	160	105	949	917	1344	915	1023	1136	565
gene-Mef2	1078	1660	1259	1033	548	793	130	200	71	331	167	182	4662
gene-mEFG1	220	185	202	535	151	677	311	142	245	214	205	141	650
gene-mEFTs	230	130	246	411	114	218	605	220	963	576	1223	700	362
gene-mEFTu1	813	481	1075	1632	703	1430	990	592	1781	1196	2688	1661	1957
gene-Megf8	110	101	119	55	77	96	14	7	20	25	17	22	468
gene-mei-218	0	0	2	0	0	0	0	0	0	0	0	2	3
gene-mei-41	78	41	120	33	52	54	8	12	24	21	77	28	92
gene-mei-9	119	146	295	117	127	112	107	60	95	122	191	149	141
gene-mei-P26	253	423	410	404	254	65	76	77	75	161	98	97	645
gene-mei-W68	0	2	2	0	0	0	0	0	0	0	0	0	7
gene-meigo	105	33	62	263	67	103	36	7	27	60	506	79	194
gene-melt	150	117	101	219	69	88	17	12	12	114	124	80	242
gene-Meltrin	860	507	1750	284	630	124	45	60	42	99	123	116	937
gene-Membrin	611	1036	3578	1035	598	456	461	323	393	767	1271	1205	3612
gene-Mer	108	163	290	136	203	82	101	25	18	70	28	44	206
gene-mesh	33427	25264	29351	64538	6671	6215	2793	2106	1946	2835	2750	2792	164
gene-MESK2	110	124	219	34	155	198	15	25	28	24	40	47	240
gene-MESR4	757	775	1264	553	893	382	196	109	161	191	147	131	1750
gene-MESR6	67	50	56	200	121	93	134	73	214	138	100	188	327
gene-MET1	1399	2002	2779	1456	1419	375	495	314	513	429	361	554	1156
gene-metro	24	18	27	15	13	32	6	4	9	13	6	11	121
gene-MetRS	477	137	357	1089	367	558	177	97	125	154	178	201	2201
gene-MetRS-m	168	71	101	225	12	85	76	49	45	50	29	69	145
gene-Mettl14	186	67	108	195	25	54	123	74	84	97	116	136	342
gene-Mettl2	167	233	371	269	290	150	141	83	190	174	275	269	181
gene-Mettl3	98	19	20	81	7	53	22	6	45	14	12	35	150
gene-Mettl4	15	8	33	16	32	0	14	14	25	9	65	29	12
gene-Mettl5	188	193	187	166	210	167	364	230	493	321	489	569	579
gene-mew	1822	1181	1374	2093	398	617	400	170	179	428	266	216	2087
gene-Mf	2324	3347	1379	2429	5275	18245	2107	1204	2527	666	1075	487	17329
gene-Mf-cpa	22	1	30	7	16	31	27	35	143	163	503	125	16274
gene-Mfap1	721	564	1521	804	1068	245	191	197	201	220	338	332	506
gene-MFS16	260	145	147	212	125	194	37	40	10	36	62	47	322
gene-MFS3	18	23	30	14	6	60	5	11	6	0	9	9	150
gene-MFS9	48	60	51	34	3	36	21	19	41	5	11	11	529
gene-Mgat2	196	86	137	52	86	247	75	41	74	110	76	51	251
gene-mge	854	865	1001	1668	822	752	1504	1244	2624	1700	2445	1917	2849
gene-mgl	843	579	2525	146	1621	461	12	30	16	11	11	24	1574
gene-mgr	421	252	503	956	307	441	820	575	1025	788	1295	1084	1569
gene-mh	228	276	718	214	133	105	76	54	53	133	74	136	38
gene-Mhc	6801	3407	1929	5963	12268	65039	220	375	1305	1676	4253	1500	36922
gene-Mhcl	415	216	627	597	239	326	26	39	53	122	73	29	4608
gene-MHF1	59	52	51	50	33	44	118	83	83	150	103	92	23
gene-MHF2	198	301	447	209	260	149	745	753	1437	1074	662	1030	561
gene-mi	950	602	1034	790	373	298	436	206	270	193	161	216	845
gene-Mi-2	3265	1843	3680	2185	2010	1197	396	153	213	133	131	121	4285
gene-mib1	325	161	230	226	76	120	13	24	4	8	16	9	266
gene-Mical	608	485	306	828	336	171	114	109	29	228	152	163	1975
gene-MICAL-like	513	425	1829	340	474	189	96	54	41	102	109	108	279
gene-MICU1	162	197	207	154	129	121	107	36	67	63	76	33	313
gene-MICU3	24	72	5	25	17	57	24	63	2	4	46	37	247
gene-mid	0	1	3	0	0	0	0	0	0	0	0	0	103
gene-Mid1	37	28	86	22	40	26	10	23	5	14	31	10	73
gene-Mif	1266	641	420	961	965	3810	2451	1158	9202	3713	11024	10172	716
gene-mIF2	45	19	50	161	31	121	21	12	24	21	34	23	201
gene-Miga	93	37	69	72	23	6	34	14	19	42	56	27	59
gene-milt	4481	2094	1368	1716	824	1180	499	363	394	580	1080	613	1032
gene-mim	181	596	964	39	528	15	9	13	3	16	20	6	299
gene-Mink	66	76	101	71	13	36	16	30	12	34	9	22	61
gene-mino	774	3368	4610	346	1910	93	129	292	26	174	50	60	2578
gene-mio	123	88	134	113	61	32	18	4	3	18	21	7	124
gene-mip40	758	792	3524	235	2262	67	807	579	615	323	370	517	596
gene-Miple	23	54	44	24	90	93	11	83	39	19	20	9	2157
gene-Miro	472	257	271	459	149	387	336	171	475	369	725	552	422
gene-mirr	50	14	59	12	45	5	10	0	0	7	3	0	132
gene-Mitf	233	198	210	270	204	328	50	43	36	216	209	99	101
gene-Mk	55	13	50	94	44	250	66	49	198	147	231	104	280
gene-Mkk4	312	210	341	332	191	123	288	161	230	244	347	428	496
gene-Mkp	12	13	5	19	23	12	4	0	19	20	45	21	12
gene-Mlc-c	7332	5971	6856	6766	5116	4695	12673	10158	24413	13303	17083	23269	5992
gene-Mlc1	2669	2815	1469	3276	4997	33259	6191	4674	13705	3339	7029	2922	52930
gene-Mlc2	5280	3885	1974	4745	7638	56124	17421	11100	29038	5913	9372	4765	29625
gene-mldr	61	48	72	66	57	49	64	52	48	66	111	164	105
gene-mle	226	76	134	160	113	270	17	13	38	14	30	15	552
gene-Mlf	695	619	1004	654	527	396	146	126	103	255	232	180	1585
gene-Mlh1	11	6	21	16	0	0	24	9	9	4	9	4	36
gene-mlt	1096	1119	473	1091	380	622	902	682	326	1417	264	457	697
gene-mmd	34	22	44	17	11	0	0	3	4	1	0	4	888
gene-mmm	0	0	0	0	7	0	0	0	0	3	0	0	0
gene-Mmp1	4709	6144	6251	4169	6573	1093	403	226	175	103	159	208	1421
gene-Mms19	373	238	435	342	285	128	120	124	120	167	130	100	245
gene-mms4	3	54	32	35	6	22	54	44	25	77	76	87	52
gene-mmy	75	17	13	123	28	33	27	15	34	70	70	11	212
gene-Mnat9	37	99	110	70	100	12	142	87	113	163	59	60	125
gene-mnb	2108	2700	9117	1278	7737	422	398	218	335	274	486	452	2464
gene-mnd	273	409	476	247	203	59	44	17	37	32	40	21	467
gene-MnM	19	13	4	11	10	126	9	12	6	8	21	2	1989
gene-Mnn1	55	37	24	53	60	11	67	15	29	36	30	44	31
gene-Mnr	153	254	179	202	376	761	143	89	189	99	116	55	1014
gene-Mo25	953	736	1014	1023	285	406	815	601	1002	891	1468	1537	1046
gene-Moca-cyp	192	118	95	221	38	54	15	16	29	62	51	14	341
gene-Mocs2B	117	43	59	152	50	93	74	49	97	48	61	74	482
gene-Mod(mdg4)	8427	6369	10578	9571	3515	3117	8696	5583	7326	5648	5271	6639	12114
gene-Moe	9011	2399	2301	9852	2256	8780	2716	873	2461	1572	3212	3207	7034
gene-MOF	197	114	201	234	49	96	215	88	125	235	166	157	312
gene-mol	53	70	44	11	52	263	19	11	19	3	15	5	232
gene-Mon1	868	397	1456	456	344	51	329	141	196	209	117	182	105
gene-mon2	374	143	343	268	130	155	22	18	9	16	16	29	262
gene-Mondo	2007	1183	2686	1654	1129	1492	279	213	232	487	690	515	1072
gene-mop	5084	7544	11999	3864	6068	789	845	679	373	1011	508	709	1699
gene-Mor	771	2623	2072	2340	587	3926	772	15234	6064	1206	21990	3786	0
gene-mora	960	627	1021	1053	398	533	964	535	1238	508	772	865	981
gene-morgue	271	173	280	131	134	83	105	63	42	41	48	40	264
gene-morula	79	21	37	60	32	10	78	38	77	63	101	109	101
gene-Mp20	3186	2918	2017	3306	6770	28732	8267	6334	14881	5465	7105	2920	13118
gene-Mpc1	170	198	641	333	226	203	264	77	305	328	345	175	216
gene-Mpi	1192	3946	17765	1479	6415	124	369	214	471	244	198	490	433
gene-Mpk	82	63	49	115	28	63	149	81	197	202	295	151	100
gene-Mppe	203	129	144	246	160	101	282	127	252	240	192	236	280
gene-Mps1	23	3	25	13	6	38	2	2	9	9	6	7	37
gene-mre11	86	65	138	118	92	77	70	26	79	40	115	129	342
gene-mRF1	225	156	263	225	85	161	246	128	495	301	311	419	135
gene-MRG15	354	279	262	543	212	241	685	544	769	723	598	1026	720
gene-MrgBP	84	29	60	125	67	139	148	94	258	145	223	183	379
gene-Mrgn1	414	295	723	176	381	43	45	42	35	71	26	43	552
gene-mri	920	861	1211	810	753	122	441	161	162	116	119	82	621
gene-mrj	1979	2273	2864	2187	1899	781	776	332	578	770	672	680	1540
gene-Mrm2	662	1853	3100	1035	2043	201	1345	1412	1126	892	956	1276	422
gene-mrn	65	23	15	97	11	47	3	2	0	4	1	12	147
gene-mRNA-cap	1020	610	522	876	252	275	442	308	691	501	476	502	1367
gene-mRpL1	240	118	235	401	195	309	286	212	755	416	998	850	360
gene-mRpL10	458	552	619	399	408	313	988	679	1443	1044	2049	1275	230
gene-mRpL11	80	49	66	163	109	266	64	49	310	161	590	257	208
gene-mRpL12	296	140	225	605	118	633	1084	523	2726	1029	3495	2204	473
gene-mRpL13	160	70	114	559	78	289	494	433	1084	540	1031	863	211
gene-mRpL14	221	147	203	349	294	540	494	458	996	621	1330	1053	266
gene-mRpL15	384	321	492	595	252	272	1043	731	1874	1330	2686	1944	511
gene-mRpL16	270	180	228	572	205	319	576	502	1217	711	1662	1200	285
gene-mRpL17	213	254	286	371	78	312	419	387	812	674	1083	913	327
gene-mRpL18	172	82	185	285	131	203	516	293	1008	537	1036	746	238
gene-mRpL19	297	118	210	471	136	339	538	288	1082	435	1195	809	367
gene-mRpL2	340	165	237	536	156	339	543	338	1159	756	1897	1088	406
gene-mRpL20	313	220	451	426	308	150	339	289	782	463	1135	829	393
gene-mRpL22	305	266	172	320	242	297	278	231	754	469	984	936	434
gene-mRpL23	288	219	358	321	104	271	704	554	1208	850	2069	1279	216
gene-mRpL24	865	686	1343	677	1008	708	1326	1333	2108	1446	2505	2381	858
gene-mRpL27	175	77	64	356	328	227	323	275	740	426	771	628	223
gene-mRpL28	1281	1920	2687	1988	1880	745	1727	1666	3158	2802	3046	2870	1658
gene-mRpL3	285	208	349	424	211	388	503	455	944	495	1363	869	500
gene-mRpL30	170	165	262	219	182	213	573	266	798	465	1437	748	176
gene-mRpL32	275	275	266	344	201	253	577	480	1277	595	1324	895	260
gene-mRpL33	113	91	184	142	131	119	274	199	727	364	887	600	146
gene-mRpL34	106	90	126	148	116	137	237	248	593	324	976	672	175
gene-mRpL35	250	318	506	451	436	399	714	575	992	622	1352	896	282
gene-mRpL37	176	152	234	374	182	123	331	268	627	373	816	520	356
gene-mRpL38	258	137	187	324	168	251	310	120	813	424	1034	483	467
gene-mRpL39	97	61	108	280	78	190	163	127	305	255	389	284	393
gene-mRpL4	146	70	147	249	57	75	351	89	330	298	460	284	272
gene-mRpL40	228	196	253	485	178	354	822	582	1457	797	1640	1248	238
gene-mRpL41	134	139	136	267	145	461	417	269	890	474	1036	655	298
gene-mRpL43	145	66	194	375	177	354	443	415	974	319	1456	355	208
gene-mRpL44	248	142	344	371	197	407	502	281	745	415	729	650	356
gene-mRpL45	191	81	163	474	73	333	280	180	722	448	951	543	380
gene-mRpL46	150	114	241	388	196	277	440	258	543	414	860	737	329
gene-mRpL47	286	304	497	396	482	359	689	648	896	1050	1355	792	375
gene-mRpL48	156	126	86	211	58	250	327	225	636	358	897	488	173
gene-mRpL49	321	384	276	702	319	565	2259	1375	3162	1842	2328	1631	934
gene-mRpL50	78	68	191	269	139	195	201	94	528	214	655	346	174
gene-mRpL51	532	325	491	528	321	475	1570	886	3618	1759	3649	2312	461
gene-mRpL52	145	107	215	227	166	386	324	335	883	630	1273	859	197
gene-mRpL53	210	252	587	290	202	312	697	722	1384	640	1185	987	457
gene-mRpL54	321	219	320	428	387	272	511	307	811	438	703	429	330
gene-mRpL55	66	84	87	104	29	153	263	190	383	459	545	293	107
gene-mRpL9	232	131	174	272	93	279	355	338	993	461	867	591	211
gene-mRpS10	159	88	219	362	113	253	307	229	716	335	621	467	288
gene-mRpS11	110	69	100	218	94	278	291	142	877	310	1057	696	268
gene-mRpS12	144	83	95	321	108	312	343	206	730	383	656	527	277
gene-mRpS14	107	76	161	255	138	395	267	247	892	473	1182	686	270
gene-mRpS16	162	310	281	214	226	285	354	419	824	360	1052	867	190
gene-mRpS17	97	59	114	222	76	162	207	140	538	343	944	515	221
gene-mRpS18A	329	430	555	455	475	486	1108	965	1795	1017	2375	1651	423
gene-mRpS18B	262	214	329	377	291	246	517	452	1257	499	1204	925	221
gene-mRpS18C	96	102	93	280	63	154	479	298	610	505	580	660	127
gene-mRpS2	148	190	163	300	138	79	513	451	419	574	874	434	193
gene-mRpS21	108	57	76	197	48	148	243	151	664	257	785	507	152
gene-mRpS22	261	160	264	376	311	345	203	178	367	373	332	311	442
gene-mRpS23	228	222	355	447	222	298	681	605	1556	952	1872	1220	504
gene-mRpS24	101	64	130	309	89	161	158	141	425	361	943	768	283
gene-mRpS25	78	36	90	143	19	63	122	65	263	151	325	274	103
gene-mRpS26	246	142	263	358	240	414	180	158	792	347	751	549	373
gene-mRpS28	261	267	518	452	409	384	455	430	1580	727	1554	1052	326
gene-mRpS29	150	70	125	245	66	186	157	56	408	269	557	323	289
gene-mRpS30	317	151	265	564	72	263	481	184	699	501	919	671	310
gene-mRpS31	504	302	602	531	371	358	783	371	1228	614	951	872	507
gene-mRpS33	178	84	176	307	156	359	405	265	1077	609	1709	1024	362
gene-mRpS34	230	163	247	239	207	298	663	353	1100	498	1226	836	241
gene-mRpS35	557	426	779	689	520	468	1523	694	1593	1342	1566	1320	995
gene-mRpS5	470	417	721	764	353	504	820	337	1185	763	1746	1189	399
gene-mRpS6	204	169	154	253	97	207	550	435	1011	651	1119	931	157
gene-mRpS7	152	106	163	255	98	278	446	300	905	521	880	669	237
gene-mRpS9	424	345	616	675	461	450	934	520	1036	811	1188	896	1123
gene-mRRF1	346	279	439	263	205	190	676	562	1234	578	1631	1009	1273
gene-mRRF2	37	16	24	50	0	4	13	3	20	7	5	2	34
gene-Mrtf	848	538	590	1210	650	331	72	27	15	184	152	161	992
gene-MS	544	311	410	149	365	175	221	541	528	311	466	434	188
gene-Msh6	30	37	123	24	42	0	1	0	4	7	5	4	77
gene-msk	846	536	1404	1258	744	831	349	129	335	570	451	305	2034
gene-msl-2	73	91	117	61	104	12	82	17	36	66	24	37	61
gene-msl-3	157	61	155	376	97	84	125	50	77	112	51	151	353
gene-MSL1	76	41	77	65	45	0	18	8	14	28	26	14	151
gene-msn	4497	3221	3792	4470	1785	1266	532	414	484	405	396	596	5539
gene-Msp300	6450	1468	1494	3820	2561	13331	664	225	557	407	623	619	30874
gene-mspo	7	2	19	0	38	124	3	0	0	2	4	0	7052
gene-msps	655	439	792	531	699	303	135	131	82	171	234	313	794
gene-msR	11	13	29	10	50	0	8	0	13	36	30	5	58
gene-Msr-110	132	144	2205	186	2337	2430	131	178	112	50	95	33	4116
gene-MsrA	873	479	225	729	211	399	2310	2314	2820	833	916	1842	32
gene-mst	343	480	807	428	338	174	847	612	544	638	524	582	386
gene-Mt2	25	18	29	51	38	71	14	25	42	67	80	70	55
gene-MTA1-like	705	219	321	622	138	316	44	24	12	4	1	9	2064
gene-Mtap	2343	1061	531	839	389	1388	1402	1399	5450	1370	3180	4597	463
gene-Mtch	1589	595	585	1675	235	1106	1206	476	1904	1158	2019	1485	857
gene-mtd	4174	3598	19910	5150	5909	2196	741	335	382	2932	866	681	8087
gene-mtDNA-helicase	97	69	102	150	73	56	102	37	57	85	53	50	91
gene-mTerf3	50	58	64	67	34	20	55	55	48	79	104	85	27
gene-MTF-1	300	253	645	204	249	226	154	107	134	198	97	97	333
gene-mtg	4	6	0	5	0	0	4	0	0	0	4	5	265
gene-mtgo	2107	694	702	779	103	140	0	1	1	5	10	9	815
gene-Mthfs	579	127	252	284	122	194	729	361	1587	557	1050	818	142
gene-mthl1	29	37	91	21	266	220	0	0	6	16	15	11	710
gene-mthl5	97	126	338	73	204	32	82	49	47	39	56	123	278
gene-Mtl	142	201	226	233	162	178	228	164	189	180	272	261	833
gene-mtm	365	257	268	352	101	114	129	55	65	82	73	58	301
gene-Mtmr6	1210	1089	1636	758	986	152	200	112	66	156	131	124	300
gene-Mtnr	0	0	2	3	0	0	0	0	0	0	3	2	1
gene-mTor	615	438	596	493	217	217	71	36	63	94	58	51	588
gene-Mtpalpha	2645	912	918	2490	552	2454	873	298	887	790	1021	721	4188
gene-Mtpbeta	1403	379	409	864	132	920	362	107	414	293	595	335	1694
gene-Mtr4	513	272	703	751	333	225	152	114	142	147	39	97	1116
gene-mtRNApol	75	17	52	133	0	65	12	5	5	21	16	1	167
gene-mts	5563	2867	4978	6807	2379	1556	2450	1593	1908	1005	799	1088	4521
gene-mtsh	0	0	0	0	0	0	0	0	0	0	0	0	0
gene-mtSSB	81	75	100	116	135	157	135	80	295	159	390	266	141
gene-mTTF	178	152	264	104	105	44	137	169	271	212	468	405	66
gene-mtTFB1	1190	574	840	1608	760	1043	2412	918	3351	2690	3657	3324	1164
gene-mtTFB2	127	68	76	129	55	72	185	79	297	178	230	182	62
gene-mub	558	602	731	416	367	131	96	90	38	100	59	79	1648
gene-muc	2455	1608	740	1565	900	2902	2410	921	3299	1838	2266	2197	4553
gene-Muc91C	5	0	8	5	0	0	0	0	0	0	1	4	156
gene-Mul1	543	155	218	387	77	151	505	207	554	342	609	448	192
gene-Mulk	200	71	197	211	136	99	90	82	256	186	364	214	197
gene-mus101	149	105	267	79	86	58	5	28	7	4	1	3	126
gene-mus201	160	56	70	415	79	352	94	39	138	215	229	242	319
gene-mus301	5	5	12	20	11	7	6	0	17	7	2	0	21
gene-mus312	242	123	352	229	287	262	240	311	523	406	458	466	121
gene-mus81	56	73	113	40	40	27	28	22	32	42	33	28	66
gene-muskelin	213	218	195	57	124	46	43	28	34	53	29	42	198
gene-Muted	217	61	148	241	30	44	180	89	203	219	460	283	78
gene-mv	345	315	341	116	463	46	29	32	35	60	77	53	544
gene-Mvb12	232	136	105	93	115	92	63	22	48	48	68	70	411
gene-Mvd	33	11	60	23	32	38	5	22	38	16	31	68	73
gene-mwh	9	18	48	5	22	0	0	9	2	5	0	17	45
gene-mxt	1814	1361	1915	1558	884	596	341	180	138	156	135	161	6426
gene-Mybbp1A	131	63	255	272	194	60	37	14	19	84	51	56	267
gene-Myc	361	181	757	1059	359	194	85	57	45	171	117	95	1576
gene-myo	384	225	168	115	152	537	139	61	265	138	358	134	1397
gene-Myo10A	33	27	112	32	138	94	12	15	15	1	4	4	1200
gene-Myo31DF	1141	355	140	1124	116	842	151	116	107	438	484	314	186
gene-Myo61F	4661	971	694	10545	421	3204	1018	351	570	2313	1872	1050	1135
gene-Myo81F	44	39	61	53	85	78	3	1	10	14	27	6	469
gene-MYPT-75D	948	320	170	886	92	311	322	126	230	404	483	242	228
gene-mys	372	310	518	541	640	774	73	47	69	82	102	78	3035
gene-Mys45A	156	114	391	482	217	158	83	35	52	139	135	131	164
gene-N	56	35	66	57	93	31	5	13	3	21	28	29	1786
gene-na	89	32	106	82	99	63	12	8	31	12	8	5	170
gene-Naa15-16	246	57	147	219	12	74	61	3	15	17	10	10	314
gene-Naa20A	172	199	537	186	462	278	500	494	899	356	703	646	386
gene-Naa35	116	24	69	167	28	60	53	2	46	14	43	20	230
gene-Naa40	93	59	151	69	69	16	26	24	65	33	87	38	249
gene-Naa60	597	452	543	2018	230	336	401	145	473	484	613	531	320
gene-Naa80	87	67	60	68	49	172	101	57	147	105	111	56	310
gene-Naam	11	19	16	57	11	59	3	8	2	21	21	17	124
gene-nab	0	7	0	2	0	0	0	0	1	0	2	0	44
gene-Nab2	455	205	416	435	227	249	135	59	135	107	38	79	663
gene-nac	277	102	155	514	76	164	131	88	303	184	665	409	214
gene-Nacalpha	3705	2492	3421	6646	3888	3666	6284	5884	8521	8271	6311	6690	17301
gene-nAChRa3	1	0	0	0	0	0	0	0	0	0	0	0	10
gene-nAChRa4	5	2	3	5	12	0	3	0	0	0	2	0	17
gene-nAChRa5	3	0	2	0	0	0	0	0	0	0	0	0	1
gene-nAChRa9	0	0	0	1	0	0	0	0	0	1	2	0	98
gene-nAChRalpha1	1	2	0	0	0	0	0	0	0	4	0	0	5
gene-nAChRalpha2	1	0	0	4	0	0	0	0	0	0	0	0	6
gene-nAChRalpha6	3	0	18	2	0	12	0	3	8	0	4	0	20
gene-nAChRalpha7	1	5	5	0	0	0	0	0	0	0	0	0	77
gene-nAChRbeta1	0	4	0	0	0	0	0	0	0	2	0	2	24
gene-nAChRbeta2	0	1	0	0	0	0	0	0	0	5	0	0	10
gene-Nadk2	398	126	712	640	353	65	240	116	104	216	124	145	245
gene-Nadsyn	113	70	113	157	67	60	2	7	7	25	15	26	97
gene-nahoda	10	9	17	5	7	115	8	0	0	0	6	1	245
gene-nan	5	3	0	2	0	0	0	0	0	0	0	0	3
gene-Nanoso	13	10	60	27	15	33	5	48	5	37	18	14	78
gene-NANS	3661	4940	2792	2850	859	998	3651	2240	1972	4615	2250	3519	3404
gene-NaPi-III	222	90	83	5	32	293	80	23	3	60	70	9	955
gene-Naprt	466	2981	2857	460	973	337	393	248	150	293	213	200	474
gene-Nasp	347	307	554	286	467	138	131	100	187	134	234	180	1378
gene-NAT1	9686	18068	19830	5790	20086	1427	258	216	106	194	239	296	11685
gene-nau	0	0	0	0	0	0	0	0	0	0	0	0	230
gene-Naxd	230	287	146	354	75	196	439	584	802	444	873	868	303
gene-Naxe	734	710	288	518	300	264	1089	1002	1558	1107	1080	1649	160
gene-Nbr	145	119	237	104	23	28	46	55	38	41	54	107	53
gene-nbs	180	75	171	161	70	49	199	157	234	154	305	310	165
gene-NC2alpha	506	489	961	380	750	79	180	104	55	169	63	53	305
gene-NC2beta	466	480	812	420	567	169	387	395	753	532	652	670	554
gene-Nc73EF	4958	2564	3632	4890	1162	3205	440	360	285	991	1374	877	2948
gene-Nca	255	316	589	261	488	508	158	73	106	149	138	125	1614
gene-Ncc69	16	9	6	9	0	14	3	0	4	5	1	1	12
gene-Ncd	7	3	3	24	0	13	17	3	9	8	15	2	97
gene-nclb	145	84	165	688	118	129	127	56	90	117	100	120	661
gene-ncm	235	355	578	238	302	107	31	31	28	67	48	61	225
gene-Ncoa6	242	90	72	183	3	10	4	0	1	0	2	0	238
gene-Nct	1014	574	754	1410	303	282	225	121	161	159	150	169	942
gene-ND-13A	888	795	1166	1132	1053	1437	3870	2524	7824	6774	9684	6985	1695
gene-ND-13B	1229	1015	835	1146	951	2265	4445	3264	10720	5070	13205	7526	2072
gene-ND-18	1306	1189	874	1561	871	2035	2028	2056	6611	4815	4183	3661	3423
gene-ND-24	840	771	766	1729	940	2005	1769	1000	3130	2346	3773	1936	2963
gene-ND-30	1188	793	1030	1662	1182	2293	1647	1145	3924	3283	5256	2783	3639
gene-ND-39	1528	1240	1209	2793	712	2046	3238	2146	5727	5552	7118	5167	6515
gene-ND-42	2483	1401	1568	3378	1464	3159	3901	2095	5584	4967	6999	3497	7282
gene-ND-49	696	530	548	846	416	728	741	340	643	645	877	596	2939
gene-ND-51	3453	3162	2880	3902	1897	2069	3032	1261	2183	2143	1714	1307	5488
gene-ND-75	1962	926	1079	2177	644	1619	744	274	491	678	728	446	3437
gene-ND-ACP	2451	1709	1532	3579	1063	2477	9196	7614	18657	12905	18197	12595	4823
gene-ND-ASHI	1707	1194	1144	2213	1088	2509	7728	4865	15566	10296	15995	11379	3333
gene-ND-B12	1518	1126	1150	1673	1267	3263	7140	5351	16781	14144	22406	12615	3582
gene-ND-B14.5B	999	697	653	1291	614	1600	1724	1441	5483	5180	6764	4606	3154
gene-ND-B14.7	724	559	656	1086	509	1536	2255	1409	4732	3754	6204	3005	3193
gene-ND-B15	620	675	499	962	454	1529	3366	2517	7926	5423	10872	6139	2114
gene-ND-B16.6	992	568	553	1403	528	1876	3726	2681	8861	7839	14125	7481	3929
gene-ND-B17	915	776	761	1333	635	2218	4019	2593	8527	4677	12535	6285	2342
gene-ND-B17.2	1274	1049	1231	1712	1088	1476	5289	3738	8485	5909	9315	6504	2153
gene-ND-B18	1059	1022	789	1777	652	1937	5645	3104	9434	7854	15467	9120	2178
gene-ND-B22	882	567	601	1157	599	2287	1089	1038	3624	3240	5710	3288	2536
gene-ND-B8	389	310	400	513	261	1046	1113	686	3492	2569	4160	2173	1049
gene-ND-MLRQ	4862	4266	4243	5742	4193	13051	19715	16109	48639	28574	54397	44326	10500
gene-ND-MNLL	441	283	414	557	569	1888	1024	733	3646	2130	5143	3076	1154
gene-ND-PDSW	981	840	1026	1451	956	1870	1707	1151	4014	3656	6555	3352	5370
gene-ND-SGDH	1351	826	798	2106	542	1725	2267	1435	5144	3855	6945	3916	3820
gene-Ndae1	20	13	22	21	44	0	1	1	7	11	2	26	79
gene-Ndc1	288	201	329	244	173	89	305	131	548	120	228	329	404
gene-Ndc80	3	4	0	7	6	0	0	0	0	0	9	0	49
gene-Ndf	556	323	557	758	172	191	182	131	146	175	198	119	1697
gene-Ndfip	1483	2094	4755	537	1710	674	439	338	260	380	205	422	595
gene-ndl	0	0	2	0	0	0	0	0	0	0	0	0	9
gene-Ndufs8	1296	1075	918	1885	929	1639	2484	1382	3235	4073	3574	2113	4694
gene-NdufV3	608	388	326	806	332	1341	2083	1280	6313	3629	7737	4865	1265
gene-nebu	3936	4400	1552	2401	535	1823	1474	625	1388	3788	2807	980	1645
gene-Nedd4	441	273	1364	333	149	21	43	8	17	15	20	14	37
gene-Nedd8	837	1270	2576	1025	1694	748	2764	3210	5782	3154	3989	4257	1911
gene-nej	961	332	448	613	243	294	39	11	5	9	10	8	2268
gene-Nelf-A	131	121	203	90	149	30	49	38	19	100	37	20	270
gene-NELF-B	240	426	929	306	535	182	146	285	257	237	354	303	1002
gene-Nelf-E	407	217	257	270	134	114	203	98	159	99	165	156	383
gene-Nemp	123	125	216	100	49	12	111	94	63	72	24	48	532
gene-nemy	863	624	729	975	221	506	374	328	302	632	506	339	353
gene-neo	0	2	32	3	14	0	1	0	0	0	0	0	6459
gene-Neos	483	290	435	544	351	483	408	241	294	395	379	339	901
gene-Nep1	49	42	138	226	79	2	57	78	126	165	170	119	225
gene-Nep2	68	82	609	77	392	167	35	49	47	14	31	12	22387
gene-Nep3	56	60	54	22	60	354	41	50	33	39	70	40	186
gene-Nep4	12	10	25	8	0	0	2	4	9	4	1	0	11
gene-nero	252	258	253	593	303	215	1662	434	5887	1463	7024	2799	262
gene-nes	1140	1246	3739	807	1773	776	250	149	244	507	454	382	2911
gene-nesd	7	8	14	12	0	10	1	1	9	11	3	4	34
gene-net	66	30	77	39	15	116	28	50	19	55	21	86	159
gene-NetA	15	36	72	16	118	36	7	0	0	6	10	2	224
gene-Neto	4	5	4	5	30	18	2	0	9	0	3	6	97
gene-neur	80	43	81	71	21	22	9	15	14	42	32	24	190
gene-Neurl4	373	287	777	175	478	100	36	24	26	19	29	21	1008
gene-Neurochondrin	608	680	1077	768	885	1817	470	459	889	509	651	355	5049
gene-Nf-YA	698	703	870	758	473	368	916	813	719	944	609	762	713
gene-Nf-YB	319	383	565	307	295	185	463	343	384	430	380	461	368
gene-Nf1	7	8	2	16	0	1	3	1	0	2	0	2	46
gene-NFAT	333	471	324	290	309	460	62	47	41	142	146	102	4279
gene-NfI	8	1	27	10	25	79	2	0	5	8	23	10	1296
gene-Nfs1	1157	639	793	921	335	655	1457	612	1784	1120	1759	1874	606
gene-NGR-A1	58	46	71	43	80	105	63	22	53	64	24	61	35
gene-NGR-A10	544	535	1794	396	818	277	244	357	150	521	195	389	109
gene-NGR-A11	130	92	195	140	94	285	189	110	155	245	160	117	0
gene-NGR-A12	5	12	60	8	122	74	6	3	4	3	4	0	8
gene-NGR-A13	59	79	411	51	482	131	35	23	50	49	27	14	185
gene-NGR-A14	6	0	15	4	24	61	4	0	2	0	5	0	10
gene-NGR-A15	11	31	101	8	21	90	6	0	14	6	19	1	0
gene-NGR-A16	12	28	230	11	84	26	20	14	6	4	0	1	20
gene-NGR-A17	2	3	15	2	0	0	13	0	0	0	0	0	20
gene-NGR-A2	14	2	2	3	0	0	17	25	66	44	10	5	0
gene-NGR-A20	84	47	43	31	18	128	35	76	53	46	70	48	24
gene-NGR-A21	15	10	41	9	81	122	6	9	37	15	13	8	235
gene-NGR-A22	0	0	4	0	0	0	0	0	0	0	0	0	11
gene-NGR-A23	108	105	1213	145	607	167	214	175	233	110	103	28	11
gene-NGR-A24	16	0	23	28	0	32	10	7	10	18	4	2	40
gene-NGR-A25	0	0	0	2	0	0	0	0	0	0	0	0	0
gene-NGR-A26	20	32	23	19	56	0	0	2	7	6	7	1	428
gene-NGR-A27	1	3	8	4	0	0	0	0	0	0	0	0	10
gene-NGR-A28	0	0	0	2	0	0	0	0	0	0	0	0	0
gene-NGR-A29	0	0	0	0	0	0	0	0	0	0	0	0	0
gene-NGR-A3	2	0	6	4	0	0	0	1	0	2	1	0	2
gene-NGR-A30	2	0	1	0	0	0	0	0	0	0	0	0	18
gene-NGR-A31	37	44	102	20	126	259	24	6	40	18	28	4	1
gene-NGR-A32	0	2	0	0	0	0	0	0	0	0	0	0	0
gene-NGR-A33	0	0	0	1	0	0	0	0	0	0	0	0	6
gene-NGR-A34	65	56	54	25	18	15	30	33	19	21	20	36	0
gene-NGR-A35	5	6	17	0	8	7	1	3	6	4	6	0	47
gene-NGR-A5	0	0	0	0	0	0	0	0	0	0	2	0	0
gene-NGR-A7	2	2	0	0	0	0	0	0	0	0	0	0	0
gene-NGR-A8	26	16	110	11	196	89	130	56	47	37	14	39	29
gene-NGR-A9	0	0	1	0	10	1	0	0	0	0	0	0	16
gene-NGR-B2	5	4	1	0	0	24	9	3	1	0	0	5	0
gene-NGR-B3	5535	3480	6510	2311	2472	163	1320	1184	1578	847	1017	261	3
gene-NGR-B4	66	105	125	47	412	162	18	48	33	39	31	13	16
gene-Nhe1	484	442	619	602	209	107	331	180	254	308	441	403	258
gene-Nhe2	0	4	0	5	0	0	0	0	2	0	0	0	11
gene-Nhe3	611	1156	1849	393	624	206	145	145	103	102	102	74	926
gene-NHP2	163	104	362	658	131	53	150	103	178	166	112	101	974
gene-nhr	677	729	1507	345	426	166	133	87	59	81	72	71	718
gene-NijA	21	48	991	51	174	21	35	17	10	5	6	10	412
gene-NimA	0	3	0	0	0	11	0	0	6	0	6	3	119
gene-NimB	2368	160	0	40	45	62	11	21	99	4	345	6	915
gene-ninaA	56	31	114	51	23	25	23	7	36	33	49	31	57
gene-ninaB	325	185	299	76	174	8	39	13	28	56	49	20	35
gene-ninaC	0	1	0	0	0	0	0	0	0	0	0	0	12
gene-ninaG	0	1	0	0	1	0	0	0	0	0	0	8	0
gene-NiPp1	47	15	14	56	0	14	56	14	27	28	16	18	55
gene-Nipped-A	595	182	210	454	145	282	62	42	57	106	83	68	708
gene-Nipped-B	1900	1304	2119	1117	1589	668	348	165	239	254	235	233	2716
gene-Nipsnap	1590	578	618	1735	170	857	1161	520	1257	1291	1184	1339	1393
gene-NitFhit	1147	1355	1583	493	383	386	568	240	343	279	170	351	100
gene-nito	1121	1170	1657	927	815	445	313	199	289	228	313	237	1976
gene-NKAIN	259	446	433	179	146	74	81	43	52	29	15	56	341
gene-nkd	5	0	33	3	6	16	0	0	6	3	5	10	206
gene-Nle	166	122	363	317	166	55	266	164	239	131	224	303	308
gene-Nlg3	1	3	10	1	0	0	0	0	5	0	0	0	4
gene-nmd	799	589	1145	192	1051	731	274	106	225	526	885	526	502
gene-Nmd3	644	674	980	2100	462	363	1277	1001	1313	1405	720	1771	1358
gene-Nmdar1	0	0	0	0	0	0	0	0	0	0	0	0	9
gene-Nmdar2	15	15	27	21	13	8	0	0	0	8	2	9	37
gene-Nmdmc	114	87	209	197	26	34	117	53	99	91	129	146	295
gene-nmdyn-D7	10	14	11	12	10	0	42	2	16	18	6	9	49
gene-Nmnat	302	206	205	553	109	68	174	114	130	139	94	172	172
gene-nmo	110	256	687	64	184	31	29	13	9	2	6	0	1866
gene-Nmt	1016	981	896	1626	309	377	1916	1054	1729	1771	1830	1961	1293
gene-Nna1	24	16	23	17	16	17	0	4	5	0	0	6	36
gene-Nnp-1	83	146	173	194	45	41	15	8	9	17	11	15	247
gene-NO66	167	80	217	320	104	110	121	45	131	218	246	206	294
gene-Noa36	705	444	547	594	580	488	1138	1025	1268	945	651	646	1213
gene-noc	1855	1270	1575	2473	944	809	424	237	430	298	186	164	2979
gene-Noc1	203	180	579	651	315	237	105	26	108	64	47	33	726
gene-Noc2	222	186	879	769	379	168	298	122	146	276	196	259	480
gene-Noc3	146	63	234	387	174	132	30	12	25	18	14	11	498
gene-nocte	3943	1962	3040	2244	3013	1530	199	157	107	118	112	178	12233
gene-noi	733	306	705	711	382	355	626	341	696	472	521	538	796
gene-Noki	74	99	389	70	244	19	89	21	12	19	7	34	1004
gene-Nol8	186	129	338	352	225	174	62	51	26	131	184	162	232
gene-nolo	3	4	4	0	0	0	0	0	0	0	1	0	9
gene-nompA	22	123	1244	21	704	10	15	63	8	27	1	0	216
gene-nompB	50	32	21	32	13	28	9	26	48	11	22	17	59
gene-nompC	0	6	0	0	0	14	5	0	0	0	0	0	1
gene-Non1	2646	1295	2029	4445	1078	998	1357	1002	880	1112	288	519	5230
gene-Non2	357	249	206	241	67	200	452	280	372	125	272	310	542
gene-Non3	230	258	525	736	316	259	388	439	404	714	368	503	858
gene-nonC	772	510	821	442	345	208	100	44	32	101	74	65	586
gene-Nop10	91	204	251	344	209	174	280	502	383	487	314	258	324
gene-Nop17l	623	201	362	1285	159	437	464	392	438	893	621	484	915
gene-nop5	395	338	962	1638	707	506	249	220	273	316	379	302	3151
gene-Nop56	853	534	1182	1832	755	474	579	310	794	448	396	822	2972
gene-Nop60B	234	429	1850	1052	524	206	74	77	61	120	119	51	1448
gene-Nopp34	168	64	338	581	264	148	15	3	11	74	91	48	127
gene-norpA	240	391	344	243	362	224	53	22	40	89	105	58	115
gene-Nos	1115	509	1862	328	537	923	119	438	278	258	316	50	22
gene-nos-M	8	2	9	1	8	13	2	0	3	2	0	1	0
gene-Nost	1177	1106	2058	1217	1039	1065	861	228	500	685	675	519	157
gene-not	263	375	585	298	405	35	149	84	88	109	81	94	216
gene-Not1	3824	4682	5915	3618	3757	977	282	320	186	466	435	484	6800
gene-Not11	108	87	668	121	166	0	51	25	27	20	8	14	148
gene-Not3	1240	646	1332	1088	927	489	275	237	249	289	232	179	5842
gene-Notum	6	0	0	0	0	0	0	0	0	0	1	0	234
gene-Nox	0	1	0	0	0	0	0	0	0	0	0	0	11
gene-Np	4	8	363	1	600	0	23	6	0	0	0	0	476
gene-NP15.6	1156	898	952	1545	659	1126	5417	3272	10228	7396	11003	6935	2150
gene-Npc1a	4557	6055	3897	3368	2959	1998	639	910	299	885	638	804	2627
gene-NPF1	1174	1205	810	432	540	382	1440	2008	948	1367	798	1515	7
gene-NPF2	195	66	128	28	0	116	94	86	24	53	15	54	0
gene-NPFR	225	356	537	180	207	233	138	80	159	181	127	111	126
gene-Npl4	1582	1193	1703	965	1241	296	68	60	47	65	135	121	2680
gene-NPLP1	2	7	2	1	0	0	0	0	0	0	0	0	57
gene-Nprl3	1170	781	1004	922	223	318	473	158	248	366	373	319	436
gene-Nrk	690	529	540	1052	230	301	469	281	590	465	905	684	476
gene-nrm	29	50	20	22	35	179	5	9	18	11	33	18	341
gene-Nrt	23	21	72	15	0	0	12	0	17	11	13	7	89
gene-nrv3	4	2	9	0	132	0	3	0	4	1	0	0	443
gene-Nrx-IV	293	105	82	265	213	134	57	19	39	44	78	69	1469
gene-Ns1	130	115	284	424	72	33	51	41	56	94	68	81	499
gene-Ns2	601	484	837	2486	750	422	620	417	363	1260	1065	742	834
gene-Ns3	344	556	804	923	538	283	231	224	206	189	117	221	639
gene-Ns4	118	65	93	251	62	58	105	35	61	107	68	67	645
gene-Nse1	78	118	77	88	26	84	82	101	113	98	130	178	32
gene-nsl1	380	134	124	410	74	111	27	42	20	54	49	65	312
gene-nSMase	974	765	250	692	103	271	279	113	255	166	192	410	184
gene-nst	194	192	338	317	110	268	83	43	70	82	149	109	682
gene-Nsun2	386	169	395	697	225	210	213	179	233	181	249	190	828
gene-Nsun5	169	73	244	177	147	106	109	79	160	166	295	203	123
gene-NT1	0	1	0	0	0	0	0	0	0	0	0	0	7
gene-Nt5b	5348	2985	4121	4047	1567	1614	2108	452	1580	713	722	634	7973
gene-Nt5c	29	15	22	29	16	0	30	22	34	22	62	29	67
gene-Ntan1	294	162	355	714	198	157	122	46	85	162	134	160	1529
gene-Ntf-2	1710	1649	1701	2593	1242	977	4749	3247	7569	3765	5291	7138	2575
gene-Nthl1	30	34	41	57	15	57	35	32	23	36	24	20	23
gene-NTPase	1040	408	117	838	25	603	474	304	501	373	713	523	341
gene-Nuak1	436	324	902	324	430	609	24	37	38	67	62	75	2425
gene-Nubp1	1149	517	539	855	419	268	1798	701	1658	1082	898	1031	778
gene-Nubp2	497	458	560	444	345	147	1122	414	736	541	613	796	183
gene-Nubpl	1029	496	347	884	377	784	1348	718	2276	1697	2486	1998	389
gene-Nuc	2337	98	812	832	324	299	256	693	1008	398	1516	25	2
gene-NUCB1	4478	1588	3346	3543	1818	2872	818	338	608	339	617	299	4792
gene-nudC	1578	1482	2146	2109	994	642	1911	1318	2114	838	1281	2268	2369
gene-nudE	280	261	403	211	128	87	179	100	89	117	80	136	201
gene-nuf	407	404	641	419	362	278	250	154	138	194	171	142	813
gene-Nufip	53	57	101	86	62	67	19	2	16	22	18	31	63
gene-numb	666	273	165	975	143	391	94	71	50	141	182	150	887
gene-Nup107	116	54	88	168	33	83	50	32	103	111	145	102	246
gene-Nup133	33	19	50	51	8	15	8	0	5	7	3	5	120
gene-Nup154	349	149	219	356	120	146	60	38	35	18	31	43	484
gene-Nup188	192	101	128	267	105	116	36	25	49	32	34	18	621
gene-Nup205	200	89	270	313	97	136	14	5	5	10	29	12	566
gene-Nup35	196	151	271	344	166	71	140	78	217	114	184	175	582
gene-Nup43	83	47	86	103	37	30	96	34	178	75	148	151	189
gene-Nup44A	648	567	1738	300	302	129	360	252	313	140	188	165	324
gene-Nup50	873	665	597	1237	233	400	610	460	565	1032	791	807	1153
gene-Nup54	710	620	828	540	332	169	441	343	364	128	165	303	490
gene-Nup58	176	81	106	155	65	51	55	36	33	72	19	63	368
gene-Nup62	609	251	418	1152	174	101	161	112	169	182	152	137	729
gene-Nup75	144	57	189	201	66	40	151	41	60	52	50	53	287
gene-Nup98-96	1125	892	464	1179	193	246	103	44	20	185	90	93	373
gene-Nurf-38	2782	327	243	1444	387	4156	475	156	1935	472	2966	2026	1671
gene-nvd	48	10	0	1	0	0	0	0	11	0	1	0	366
gene-nvy	1	1	0	0	0	17	0	0	0	0	0	0	1
gene-nw	269	144	265	26	100	182	10	0	7	6	1	10	6032
gene-nwk	23	8	57	14	22	5	7	4	12	2	0	4	24
gene-Nxt1	328	359	423	476	237	88	529	556	635	315	416	649	129
gene-oaf	764	643	908	591	1108	145	808	604	1076	672	684	1033	486
gene-Oamb	1	7	68	7	19	0	4	0	1	4	9	14	522
gene-Oat	993	88	3	157	0	81	334	104	713	179	843	199	17
gene-Oatp30B	489	2397	7297	607	3335	260	56	58	8	60	49	16	985
gene-obe	1525	809	889	2169	656	797	317	147	170	243	322	314	890
gene-Obp2	0	0	0	0	0	0	0	0	0	0	0	0	0
gene-Obp3	0	0	0	0	0	0	0	1	0	0	0	0	0
gene-Obp4	0	4	0	0	0	0	7	0	3	0	0	0	0
gene-Obp5	0	0	0	0	0	0	0	0	1	3	0	0	0
gene-Obp59a	1	0	0	1	0	0	0	7	0	0	0	2	0
gene-Obp73a	3	222	81	132	0	80	53	17	22	75	33	59	191
gene-Obp84a	0	0	0	0	0	0	0	0	0	0	0	0	0
gene-Obp99a	1	1	0	0	0	0	0	0	0	0	0	0	0
gene-Obsc	174	126	74	166	350	2028	10	8	39	62	119	35	14287
gene-oc	1093	458	26	1258	55	289	578	423	238	671	734	443	114
gene-ocm	66	57	95	80	56	3	53	16	17	35	30	25	27
gene-Ocrl	168	300	440	192	88	47	86	29	62	57	70	84	167
gene-Oct-TyrR	1	0	0	2	0	0	0	0	0	0	0	0	21
gene-Octalpha2R	1	4	13	0	7	0	0	0	1	0	0	0	12
gene-Oda	17913	22330	20930	16420	7437	7787	17715	15554	11365	15624	9103	10953	20678
gene-odd	69	83	157	103	67	110	25	14	14	9	11	7	101
gene-OdsH	5	0	2	4	0	0	0	0	0	6	0	0	219
gene-oeh	0	0	0	0	0	0	0	0	0	0	0	0	22
gene-Oga	146	174	185	90	208	53	21	35	14	33	69	39	460
gene-Ogg1	52	30	38	62	49	37	39	20	29	56	39	72	79
gene-ogre	68	103	100	47	34	27	16	7	1	6	10	7	240
gene-okr	248	372	788	201	353	85	387	333	168	316	175	370	175
gene-olf186-M	170	165	221	140	132	208	334	187	187	190	195	222	179
gene-omd	181	118	151	174	136	84	73	54	43	84	43	50	321
gene-onecut	0	0	0	0	0	0	0	0	0	0	0	0	13
gene-opa	0	0	0	0	0	0	0	0	0	0	0	0	212
gene-Opa1	156	31	52	298	20	119	35	7	28	24	48	45	209
gene-or	281	190	239	180	56	83	201	128	114	105	71	91	322
gene-Or-1	0	0	0	0	0	0	0	0	0	0	0	0	0
gene-Or-11	0	0	0	0	0	0	0	0	0	0	0	0	8
gene-Or-13	0	0	0	0	0	0	0	0	0	0	0	0	0
gene-Or-14	1	0	0	0	0	0	0	0	0	0	0	0	0
gene-Or-18	0	0	0	0	0	0	0	0	0	0	0	0	0
gene-Or-21	0	0	0	2	126	0	0	0	1	0	0	0	0
gene-Or-27	0	1	0	0	0	0	1	0	0	0	0	0	0
gene-Or-29	70	133	187	51	134	51	66	30	28	32	47	12	275
gene-Or-36	0	0	0	0	0	0	0	0	0	0	0	0	0
gene-Or-42	4	0	0	0	0	0	0	0	0	0	11	0	0
gene-Or-44	11	30	29	16	19	0	42	42	35	33	11	16	0
gene-Or-49	0	0	0	0	0	0	0	0	0	0	0	0	0
gene-Or-56	0	0	0	0	0	0	0	0	0	0	0	0	0
gene-Or-60	76	50	43	34	13	193	496	410	202	560	101	1223	0
gene-Or-64	0	2	0	0	0	0	0	0	0	0	0	0	0
gene-Or-8	0	0	0	0	0	0	0	0	0	0	0	0	0
gene-Or49	0	1	8	1	6	0	15	4	2	2	0	0	0
gene-Or85e	4	4	0	0	0	0	0	0	1	8	0	1	0
gene-Orai	394	329	596	308	428	171	219	106	143	122	103	107	884
gene-orb	7	5	16	8	25	0	8	0	8	2	0	4	5
gene-orb2	1	15	10	1	0	0	0	1	1	0	0	0	6
gene-Orc1	8	31	26	22	2	9	10	3	2	7	0	4	75
gene-Orc2	48	43	96	56	21	20	62	26	48	54	77	82	34
gene-Orc3	155	280	350	208	157	118	134	119	141	252	153	165	203
gene-Orc4	18	20	38	63	41	26	31	48	25	33	16	46	51
gene-Orc5	65	43	86	75	67	42	85	46	137	78	127	177	188
gene-Orc6	49	93	101	34	38	30	69	88	74	46	23	65	37
gene-Orco	0	3	0	3	0	0	0	0	0	0	0	0	0
gene-orion	2207	1465	2585	404	1197	0	600	94	545	140	460	273	17150
gene-Ork	4487	2649	2454	1111	2138	497	3988	3529	3118	2572	2060	2085	24
gene-Ork1	81	47	579	53	755	266	100	47	114	59	70	87	1442
gene-Orp8	439	170	55	395	4	106	118	65	74	182	148	55	216
gene-os	153	90	34	106	57	48	2	61	21	24	3	7	335
gene-osa	1687	665	531	1050	375	753	3	18	27	28	57	59	2878
gene-Osbp	4727	1277	1591	2411	1121	2574	439	132	432	361	492	461	3374
gene-Oscillin	1153	2174	3624	577	3559	191	779	945	647	358	369	830	20304
gene-OSCP1	1	3	0	0	0	0	0	0	0	2	1	6	5
gene-Oseg1	3	0	2	15	0	0	5	0	10	5	2	0	6
gene-Oseg2	3	3	2	0	0	0	2	0	0	0	0	0	1
gene-Oseg4	21	35	71	31	37	16	16	13	6	8	8	14	79
gene-Oseg5	21	15	5	12	24	39	24	3	67	55	34	27	18
gene-Oseg6	14	5	21	13	9	0	5	5	6	1	7	3	68
gene-osi	444	360	200	386	70	117	1318	901	2144	1511	1866	1299	74
gene-Osi10a	1	0	0	0	9	0	1	0	0	0	0	0	0
gene-Osi11	0	0	0	0	0	0	0	0	0	0	0	0	0
gene-Osi17	1	2	3	0	0	0	4	0	0	0	0	0	66
gene-Osi18	0	0	0	0	0	0	0	0	1	0	0	1	0
gene-Osi19	0	2	0	0	0	11	0	0	0	0	0	0	15
gene-Osi2	0	0	2	0	0	0	0	0	0	0	0	0	9
gene-Osi20	2	0	0	0	5	0	0	0	0	0	0	0	35
gene-Osi21	2	3	0	0	0	0	0	0	0	0	0	0	0
gene-Osi22	0	0	0	0	0	0	0	0	0	0	0	0	5
gene-Osi23	2	7	4	1	0	14	11	7	2	11	0	23	1
gene-Osi24	1	0	4	1	0	0	8	0	5	0	1	0	51
gene-Osi3	0	0	0	0	0	0	0	0	0	1	0	0	0
gene-Osi7	0	0	0	0	0	0	0	0	0	0	0	0	10
gene-Osi8	1	5	0	0	0	0	0	0	0	2	2	0	0
gene-Osi9	0	0	0	0	0	0	0	0	0	0	1	0	42
gene-osp	711	217	62	1377	87	230	86	70	54	180	179	153	856
gene-Ost48	1289	442	611	2002	380	1210	1242	650	2424	1693	2815	2433	5151
gene-OstDelta	1131	305	552	1598	312	1518	279	110	365	254	754	368	5706
gene-osy	25	13	147	11	65	164	27	1	15	6	7	1	1629
gene-otu	1194	2742	3994	609	1713	443	438	175	152	382	319	304	1135
gene-ova	572	905	891	741	466	251	807	576	596	876	329	504	1480
gene-ovo	12	13	32	8	39	25	2	4	8	2	6	0	2922
gene-ox	654	477	520	945	584	1224	2317	2280	8583	7164	10385	4152	1434
gene-OXA1L	322	241	348	685	144	289	616	370	958	753	1103	730	431
gene-oxt	262	271	325	324	177	175	202	91	179	169	229	239	322
gene-oys	272	228	299	247	60	125	46	23	42	63	30	40	340
gene-p115	571	241	303	687	153	287	309	157	254	274	263	191	754
gene-p120ctn	791	1253	651	635	817	526	324	156	110	462	499	302	687
gene-p130CAS	1970	1176	850	2303	241	723	63	63	28	273	219	149	493
gene-p24-1	841	542	582	1166	533	1201	2054	1481	3958	2061	6077	4305	1709
gene-P25	1	0	0	0	0	0	4	0	0	0	0	0	1884
gene-p27K	18877	21180	103451	1010	66713	1425	10069	9284	7030	267	6159	2950	10935
gene-P32	486	295	533	1229	234	381	589	224	867	404	904	618	953
gene-P37k	0	4	0	0	0	18	3	0	0	0	0	0	22
gene-P38mapk	2662	1746	1442	2076	987	1217	1966	773	1702	2511	2807	1909	2201
gene-P450	21	0	15	111	8	11	32	8	44	26	65	69	9
gene-p47	2453	2122	3518	938	2098	752	867	648	579	374	395	360	5575
gene-p53	906	1075	321	1210	99	423	191	165	176	203	151	189	814
gene-P58IPK	4121	1180	1376	2095	700	762	629	475	628	533	1166	542	1456
gene-P5CDh1	50	40	69	41	153	1378	86	50	150	45	84	38	1207
gene-P5cr	24	11	10	23	31	37	53	82	57	28	45	52	133
gene-P5CS	211	100	455	261	109	453	117	298	416	581	658	345	263
gene-Pa1	33	88	15	29	49	17	223	213	175	145	338	367	70
gene-Pabp	31332	23683	31051	37098	12584	12158	24210	11094	20086	20037	13786	12573	76878
gene-Pabp2	277	103	205	496	48	135	338	136	387	214	344	301	876
gene-Paf-AHalpha	100	104	148	125	78	27	201	153	293	256	259	291	144
gene-PAH	467	41	0	1	0	563	2	0	45	0	97	0	190
gene-Paics	1779	525	430	403	470	248	92	93	182	63	191	52	14061
gene-Paip1	3001	3357	4320	2824	1956	741	1475	849	866	1215	711	907	3236
gene-Paip2	357	240	537	388	268	168	36	43	55	109	125	107	1224
gene-Pak	499	273	211	546	57	130	65	53	35	76	54	34	368
gene-Pak3	781	383	191	828	18	165	292	70	166	161	94	80	331
gene-pall	171	195	140	239	104	122	26	11	28	43	61	60	271
gene-pan	492	274	124	387	101	349	98	75	57	290	221	111	1631
gene-PAN2	428	136	214	278	92	143	107	81	63	79	98	65	558
gene-PAN3	1755	1100	645	1966	866	990	469	215	251	721	536	455	1955
gene-papi	228	238	132	171	109	295	79	39	79	95	77	61	556
gene-PAPLA1	197	106	169	164	147	176	20	32	18	69	60	74	317
gene-Papss	643	275	349	853	122	1456	327	115	282	700	1370	933	515
gene-Papst2	425	70	70	403	68	225	236	62	308	375	687	542	164
gene-par-1	1739	796	634	1826	410	363	106	89	39	162	181	118	865
gene-par-6	319	375	436	384	301	182	149	77	58	185	150	97	486
gene-para	184	86	77	152	62	686	58	180	40	182	79	155	76
gene-Parg	103	76	192	105	98	75	48	41	39	39	57	72	100
gene-Parn	131	190	142	281	114	49	75	55	69	78	41	49	292
gene-Parp1	506	317	1048	1083	315	274	332	143	127	424	218	295	802
gene-Parp16	0	0	0	0	0	0	2	0	3	5	0	0	0
gene-parvin	1454	1115	1528	2085	873	1277	2247	1367	2671	1682	2222	2673	2209
gene-pasha	203	46	67	123	67	9	26	53	55	45	46	27	91
gene-pasi1	18	5	15	27	0	21	25	13	26	16	25	44	174
gene-pasi2	11	6	31	23	11	27	13	18	14	18	6	6	579
gene-pasilla	195	42	16	363	87	325	36	6	41	88	124	14	544
gene-Pask	63	41	155	54	39	11	28	17	3	23	20	29	60
gene-Past1	3516	920	1209	6080	563	2997	1250	502	1165	1192	2250	1215	1975
gene-Pat1	3733	3085	5532	2772	2861	1058	933	549	382	583	445	693	1330
gene-path	1460	2056	12616	2156	3229	341	412	491	203	788	151	152	765
gene-Patj	1059	297	466	587	78	114	153	96	69	74	50	63	197
gene-Patronin	2517	1055	858	2382	840	573	100	115	76	243	228	258	1963
gene-Patsas	63	12	36	14	20	0	75	97	171	143	88	97	21
gene-pav	2	0	3	6	0	0	3	5	5	1	5	3	83
gene-Pax	358	401	282	371	329	3818	382	189	542	189	449	137	717
gene-pb	0	0	0	0	0	0	0	0	0	0	0	0	11
gene-PBAN	0	7	6	8	0	0	5	0	0	5	6	1	10
gene-Pbanr	2	0	5	5	0	0	0	0	0	0	0	0	176
gene-pbl	578	483	859	540	386	374	123	115	113	78	67	72	2208
gene-Pbp49	82	34	39	59	14	16	82	13	43	34	45	47	71
gene-Pbp95	625	728	653	496	191	82	611	337	341	458	412	452	292
gene-Pburs	1	0	3	0	0	0	3	0	2	4	3	0	0
gene-Pc	35	41	71	47	48	0	24	15	9	12	12	4	135
gene-PCB	2346	3609	6223	2130	1093	433	655	454	269	411	189	287	9842
gene-Pcd	413	180	200	188	139	338	722	502	1706	617	938	888	702
gene-Pcf11	1041	708	787	877	478	459	514	465	466	394	519	548	905
gene-pch2	4	0	0	9	0	0	0	0	0	1	0	0	103
gene-PCID2	90	49	136	168	10	0	104	60	84	74	60	72	144
gene-Pcif1	522	310	409	402	178	175	171	118	161	149	100	116	528
gene-pck	52	77	68	74	30	67	121	93	142	80	89	77	751
gene-Pcl	217	212	340	199	305	63	79	72	60	48	83	54	656
gene-pcm	729	304	660	885	374	308	110	61	45	190	162	154	598
gene-Pcmt	593	853	1259	738	637	144	760	479	867	775	838	862	792
gene-Pcna	429	789	1130	417	1085	317	639	386	508	231	216	340	2400
gene-pcx	153	147	233	205	270	111	26	8	20	82	71	41	434
gene-PDCD-5	727	600	435	1155	277	703	1972	1845	2857	1790	2629	2422	1358
gene-Pde11	279	492	451	350	325	212	92	32	31	54	68	42	759
gene-Pde1c	68	35	35	8	24	37	11	15	34	16	29	50	39
gene-Pde8	338	207	3194	287	672	107	33	34	28	73	172	43	163
gene-PDF	4	0	2	2	0	0	6	14	2	14	5	3	30
gene-Pdhb	939	505	298	898	210	1448	1099	503	1731	784	1316	1009	2364
gene-Pdi	43588	28533	45703	29494	20395	8235	17484	5512	12614	11470	16037	15440	41482
gene-Pdk	265	821	1086	322	508	383	108	127	76	156	287	104	242
gene-Pdk1	950	1397	5826	2699	2111	335	527	547	252	695	101	228	1583
gene-pdm3	2	12	10	11	8	171	0	8	2	1	2	1	96
gene-Pdp1	275	163	158	718	201	637	28	31	20	63	46	33	376
gene-pds5	512	468	722	501	580	493	186	93	70	243	221	206	963
gene-Pdss2	5	3	92	2	9	5	4	6	2	0	11	0	21
gene-Pdxk	956	624	302	866	155	375	590	518	1877	535	921	647	121
gene-PDZ-GEF	462	453	610	515	222	93	163	71	116	142	99	61	637
gene-Pdzd8	3306	1968	5712	729	2760	358	448	327	284	311	138	363	248
gene-pea	1202	666	987	963	997	355	227	168	199	165	125	229	1589
gene-Pect	129	235	628	485	44	129	68	45	84	164	60	126	645
gene-pelo	531	268	246	852	156	122	592	501	922	475	814	874	369
gene-pen-2	534	629	633	499	167	100	782	718	916	532	696	1193	218
gene-peng	320	164	386	1208	242	144	191	168	210	200	269	340	620
gene-Pep	335	115	300	456	172	228	101	38	69	103	99	80	1335
gene-per	2214	799	1061	894	545	1053	294	92	231	337	393	213	943
gene-Pex1	263	213	340	164	191	124	119	94	89	176	88	59	92
gene-Pex10	201	181	181	285	62	58	379	319	654	593	437	473	74
gene-Pex11ab	336	728	1111	255	352	132	968	666	795	791	619	736	147
gene-Pex12	252	326	477	239	124	127	156	83	102	129	64	159	77
gene-Pex13	888	1191	2210	720	598	209	170	110	95	121	116	68	457
gene-Pex14	2809	1762	839	1577	332	260	1391	613	630	355	532	828	213
gene-Pex16	61	35	77	80	63	33	82	38	41	69	44	36	63
gene-Pex19	376	175	345	607	189	316	183	79	275	315	442	236	345
gene-Pex2	223	204	248	174	163	132	521	300	795	576	796	710	53
gene-Pex23	290	295	431	253	183	139	122	70	145	125	157	165	177
gene-Pex3	1185	850	1304	1268	499	518	1844	1268	2238	1784	2633	2824	784
gene-Pex5	314	100	194	505	61	202	331	97	356	617	1264	727	513
gene-Pex7	789	664	865	382	383	132	438	235	194	281	239	218	148
gene-Pez	1311	334	83	587	88	354	846	471	365	680	499	481	183
gene-Pfas	1121	278	359	296	122	235	140	268	164	141	163	77	552
gene-Pfdn2	853	655	797	910	654	653	2307	1619	4199	2467	3867	2902	1534
gene-Pfdn4	286	201	190	447	135	331	513	483	912	767	1654	1123	285
gene-Pfdn5	530	406	387	1025	354	376	1605	1262	2216	1519	2102	1908	1275
gene-Pfdn6	550	566	882	571	563	553	1085	1114	1998	1744	2612	2209	923
gene-Pfk	2053	2606	26924	1126	6053	1115	418	289	348	255	322	375	1103
gene-Pfrx	2291	7653	37628	910	19203	1653	1454	613	1127	730	905	796	1344
gene-Pgam5	272	184	454	187	275	112	81	69	81	75	147	75	514
gene-Pgant5	951	726	947	1087	575	363	309	155	266	372	585	224	1689
gene-Pgant7	114	77	61	148	49	189	49	30	43	86	101	89	789
gene-Pgant9	471	339	441	351	82	155	162	105	83	216	195	147	1400
gene-PGAP1	316	255	148	548	50	134	189	153	119	295	281	329	291
gene-PGAP3	128	95	55	153	14	48	172	74	206	124	210	190	45
gene-PGAP5	1050	729	411	2101	316	599	2654	1605	1904	3161	2483	3179	233
gene-Pgd	3708	1380	1033	4051	620	1488	1192	950	2869	1719	2658	1931	1705
gene-Pgi	4949	1559	1018	2661	497	1142	1526	745	2651	686	1358	1711	2208
gene-Pgk	773	334	269	932	184	1670	955	583	2167	1206	1911	2390	2048
gene-Pglym	1159	321	259	1192	348	3111	1459	988	4667	1287	3945	6082	1640
gene-Pgm1	1671	589	355	597	193	528	456	222	920	266	606	764	437
gene-Pgm2a	291	83	70	221	13	69	73	26	54	45	29	55	66
gene-Pgrmc2	1500	695	936	1936	458	2447	1167	346	1181	1369	2240	2275	1698
gene-PGRP-S1	117	107	717	227	349	294	179	219	256	520	291	35	2374
gene-PGRP-S2	58	18	560	2	103	87	62	236	27	29	70	19	0
gene-PGRP-S5	23408	892	5718	569	2071	19594	70	406	507	202	940	200	589
gene-PGS1	74	96	141	78	49	8	64	19	56	60	78	54	82
gene-PH	133	99	480	167	209	49	31	3	15	40	9	18	692
gene-PH4alphaEFB	34	125	164	23	101	21	31	16	69	21	46	22	773
gene-Phax	489	483	783	342	719	150	199	106	109	151	170	146	432
gene-Phb1	1308	662	1135	3449	778	1468	1973	866	3604	1683	3291	2420	3173
gene-Phb2	2571	1809	2314	4849	1476	2215	4235	2272	8049	5873	8174	5664	4915
gene-pHCl-1	0	0	0	0	0	0	1	0	0	0	2	0	24
gene-PheRS-m	150	125	176	88	111	123	145	73	271	134	238	226	97
gene-Phf5a	78	35	42	102	8	27	70	95	275	125	190	144	127
gene-PhKgamma	337	307	593	282	425	101	150	89	111	115	103	65	232
gene-Phlpp	8	33	51	25	24	18	13	0	8	1	2	9	157
gene-Phm	103	28	70	42	72	80	18	23	22	37	28	32	180
gene-PHO	380	384	379	319	94	63	189	53	56	133	55	44	549
gene-phr	73	56	36	51	25	25	54	55	53	12	22	55	27
gene-phr6-4	27	27	17	31	0	20	29	16	46	51	42	89	45
gene-phtf	777	749	688	616	387	86	288	237	173	108	67	167	313
gene-phtm	275	205	140	289	62	617	366	99	168	516	217	108	74
gene-Phyhd1	56	44	24	51	39	320	257	38	170	486	148	57	4287
gene-Pi-t1	846	315	54	828	60	702	732	1068	2564	1029	728	603	0
gene-PI31	1109	924	1330	1343	966	733	776	531	632	290	370	526	4096
gene-Pi3K21B	348	288	363	326	163	116	128	89	96	107	183	141	280
gene-Pi3K59F	800	658	1426	371	236	32	156	31	48	54	39	15	864
gene-Pi3K68D	1787	1662	2576	2338	1417	638	524	265	157	835	439	533	675
gene-Pi3K92E	252	234	454	358	405	225	56	52	30	117	142	119	410
gene-Pi4KIIalpha	1712	2396	4472	1151	1499	592	936	357	454	448	513	475	1045
gene-Pi4KIIIalpha	480	145	225	403	13	109	36	8	5	4	6	7	274
gene-pic	527	217	408	902	375	397	172	119	136	135	160	132	1724
gene-PICK1	11	8	26	29	4	9	16	20	44	11	13	18	6
gene-pico	137	144	358	186	196	333	26	21	30	53	74	41	1140
gene-Picot	995	1127	383	1419	296	2315	499	358	499	546	1330	782	413
gene-Piezo	418	182	103	531	64	427	60	48	23	43	49	36	1258
gene-Pif1	11	7	11	13	25	10	0	0	2	7	11	5	121
gene-Pif1A	1359	611	708	712	1197	4287	1272	409	854	497	547	345	14644
gene-PIG-A	123	82	82	94	31	20	153	95	159	71	141	126	55
gene-PIG-B	149	112	220	273	110	63	53	50	17	40	29	13	659
gene-PIG-F	483	408	448	332	334	298	383	219	612	375	901	976	336
gene-PIG-G	710	116	133	866	29	333	196	116	196	245	300	341	230
gene-PIG-K	480	267	232	590	90	395	1186	720	1918	1042	1857	2279	307
gene-PIG-L	123	22	53	90	12	38	36	21	43	40	39	34	227
gene-PIG-M	988	497	388	941	325	498	871	435	1099	909	996	943	880
gene-PIG-N	121	33	57	159	26	44	96	47	180	138	263	235	131
gene-PIG-O	280	74	79	484	41	151	26	40	68	72	160	25	278
gene-PIG-Q	77	94	122	90	46	30	128	98	111	140	104	212	50
gene-PIG-S	555	285	1210	849	582	380	180	157	262	199	278	302	588
gene-PIG-T	473	467	617	500	301	136	436	261	389	375	376	382	598
gene-PIG-U	242	194	276	256	56	130	310	219	353	292	423	553	175
gene-PIG-V	75	88	115	71	22	54	79	24	55	96	105	194	72
gene-PIG-X	98	56	44	128	9	41	45	49	51	62	93	99	50
gene-PIG-Z	301	66	126	53	27	23	69	18	37	152	75	66	105
gene-pigeon	302	103	119	206	41	68	69	24	45	27	59	58	61
gene-pigs	2990	1846	1747	3281	247	493	818	373	285	837	435	421	308
gene-pink	130	191	393	123	127	71	50	18	44	30	37	26	471
gene-pins	1143	1923	1246	1289	795	728	794	459	234	771	266	439	513
gene-pio	51	27	45	25	12	190	77	41	34	8	36	13	5146
gene-pip	0	13	1	3	0	0	0	0	0	5	0	4	210
gene-PIP4K	6260	7723	7303	7642	2895	1725	2191	1600	1160	1853	1008	1970	1415
gene-Pis	661	565	513	700	373	690	1240	692	1379	1469	1311	1707	604
gene-Pisd	21	38	85	17	23	0	6	1	7	3	3	3	58
gene-pit	1197	1122	2258	2029	1295	544	1067	1034	928	1241	367	885	2990
gene-Pitslre	2042	2017	7079	1881	5476	555	404	218	264	348	206	255	1514
gene-pix	3542	2687	3359	5029	2577	1998	3958	2491	3622	3050	2922	3378	7584
gene-Pka-C1	2130	960	337	1094	262	1064	1271	459	875	1013	1152	1036	2433
gene-Pka-C3	338	494	3012	314	751	344	147	105	121	188	152	106	491
gene-Pka-R1	424	415	620	400	307	118	213	104	142	183	208	160	298
gene-Pka-R2	876	324	330	700	360	1637	243	147	302	425	954	487	3183
gene-pkaap	398	654	1201	397	504	111	730	535	455	453	314	535	420
gene-Pkc53E	58	64	116	45	41	203	43	32	39	49	34	63	1507
gene-Pkc98E	35	97	22	57	103	168	31	22	43	40	79	52	451
gene-Pkcdelta	132	99	129	79	263	468	57	28	59	34	66	25	4917
gene-PKD	84	47	84	136	81	113	33	5	9	14	70	28	280
gene-Pkn	586	392	609	762	216	287	202	110	205	274	274	291	948
gene-Plap	6448	6108	6348	5043	2235	535	2212	812	1596	620	549	1508	2911
gene-Plc21C	11	2	26	2	12	0	0	0	2	0	0	0	37
gene-Pld	784	1184	585	501	227	292	382	203	112	191	122	133	245
gene-ple	1	4	25	12	11	2024	33	4	9	0	18	0	1439
gene-PlexA	3024	2194	3598	3781	2322	1963	537	237	476	522	464	479	8724
gene-PlexB	118	46	88	107	43	63	60	21	23	28	45	43	538
gene-Pli	1931	3623	16318	959	8704	463	1005	508	559	957	524	759	2480
gene-pll	214	146	230	252	65	145	89	70	132	81	57	46	314
gene-Plod	1082	228	1315	650	658	1329	152	125	187	138	264	91	1791
gene-plx	7	42	30	22	71	209	19	7	21	10	12	12	607
gene-PMCA	3228	488	914	3775	739	4449	308	254	455	2006	4235	1007	5946
gene-Pmi	814	1218	1340	610	608	423	2913	2043	2771	1814	2012	2841	478
gene-Pmm2	1900	1120	819	3202	401	1780	3628	2013	3459	4588	4442	4373	688
gene-Pmp70	497	324	315	2315	176	413	268	121	224	290	384	235	697
gene-Pms2	50	19	67	52	35	35	8	16	19	39	61	46	25
gene-pn	431	230	166	333	240	234	699	263	886	505	297	285	787
gene-Pngl	900	521	686	529	297	169	329	162	219	85	105	126	659
gene-PNKP	200	269	601	200	418	210	259	226	330	276	275	313	221
gene-Pnn	314	99	135	380	118	270	269	119	300	267	289	248	415
gene-PNPase	241	94	141	194	41	131	88	20	57	46	34	33	114
gene-pns	236	140	381	83	109	98	58	29	36	50	30	58	345
gene-pnt	4965	1821	871	4313	721	2203	406	250	312	915	670	870	1116
gene-pnut	1918	1754	6664	2021	3218	839	304	233	242	417	439	454	1472
gene-pod1	23	14	7	7	0	0	5	1	2	9	0	3	25
gene-poe	5833	4091	5000	1959	6049	2602	291	136	167	416	442	453	5763
gene-pofut1	130	77	115	54	58	45	158	113	171	90	150	195	284
gene-pofut2	74	103	130	44	42	57	157	116	73	71	64	71	40
gene-PolD1	141	108	167	128	34	48	128	46	125	101	93	115	163
gene-PolD2	30	70	40	95	52	41	70	39	128	86	141	138	126
gene-POLDIP2	1741	1290	1268	2064	747	734	1995	865	2483	1470	1273	1604	1388
gene-Poldip3	315	217	399	335	259	161	397	146	398	387	427	470	483
gene-PolE4	58	119	141	81	23	24	151	58	88	125	104	175	39
gene-PolI	393	299	401	237	272	129	211	118	214	257	221	302	542
gene-polo	57	173	22	81	23	102	21	70	28	69	187	31	499
gene-Polr1C	166	184	360	354	209	115	384	337	399	355	357	450	316
gene-Polr1F	345	333	675	579	210	170	644	464	610	518	616	889	460
gene-Polr2D	122	134	158	136	160	62	100	140	214	185	242	297	143
gene-Polr2M	313	253	316	528	187	165	348	228	343	400	331	592	471
gene-Polr3A	165	32	65	222	20	124	27	11	12	6	11	20	185
gene-Polr3C	111	24	65	127	48	105	101	54	119	98	181	112	54
gene-Polr3E	82	50	82	144	8	47	19	21	30	32	39	31	104
gene-Polr3F	219	125	216	219	85	90	433	400	434	388	423	587	235
gene-Polr3G	105	114	177	252	98	76	407	213	379	226	233	292	186
gene-Polr3H	33	18	46	127	36	100	77	67	294	101	297	180	133
gene-polybromo	467	177	394	391	177	178	41	57	35	47	27	52	1741
gene-Pomp	2334	1997	2803	1823	2637	1638	2461	3243	5968	2412	4139	4034	19488
gene-pont	190	122	301	288	93	71	200	70	154	170	145	181	452
gene-Pop1	82	55	83	99	43	49	40	29	47	74	74	65	90
gene-Pop4	40	105	196	58	108	11	229	234	127	118	45	79	96
gene-Pop5	17	32	27	40	18	0	57	28	57	61	40	49	29
gene-por	44	57	57	28	30	76	61	47	69	44	46	45	203
gene-POSH	170	72	57	321	30	108	64	17	36	97	120	117	416
gene-Poxm	12	88	61	11	23	38	67	0	35	6	63	111	40
gene-Poxn	2	0	16	0	0	0	0	0	0	1	0	0	73
gene-Pp	1421	114	41	141	208	189	196	410	2293	87	2354	15	3501
gene-Pp2C1	757	515	988	551	752	295	72	65	58	98	177	107	508
gene-Pp4-19C	1468	1504	1806	1771	722	325	555	287	359	418	304	490	1193
gene-Ppa	432	654	234	499	399	243	259	155	93	153	231	238	796
gene-ppan	107	44	361	441	369	163	33	18	10	28	51	45	459
gene-Ppat-Dpck	1950	1354	2767	1239	1811	852	891	402	872	788	724	923	372
gene-Ppcdc	53	131	145	45	36	12	130	90	52	70	57	85	90
gene-Ppcs	295	178	354	409	140	271	131	65	144	176	342	148	449
gene-PpD3	462	370	553	631	402	435	225	107	138	357	510	296	961
gene-Ppib	15312	11263	18089	11628	6648	4480	27394	18852	34484	25147	22263	31665	28222
gene-ppk17	9	0	29	19	0	14	14	28	13	9	0	2	12
gene-ppk23	2	2	4	6	0	0	3	0	0	0	3	0	3
gene-ppk9	0	0	1	1	0	0	0	0	3	0	0	0	0
gene-PPO1	1117	631	91	1292	39	0	212	221	110	36	32	41	46
gene-PPO2	2810	2012	460	3924	1438	127	1400	2853	2412	1321	638	2065	549
gene-Ppox	116	76	92	192	31	166	171	107	306	230	322	405	221
gene-PPP1R15	2988	2443	3323	1768	496	462	617	306	325	454	332	245	1119
gene-PPP4R2r	1574	1220	993	1573	665	583	1788	963	1447	1142	1797	2375	2146
gene-pps	586	365	783	450	272	209	240	125	87	194	114	90	966
gene-Ppt1	92	53	42	47	60	0	87	45	56	34	49	42	450
gene-Ppt2	102	202	228	56	95	81	35	23	10	16	21	17	1496
gene-PpV	2800	2786	3975	2999	3123	1186	2205	1720	4183	2483	2984	3549	1282
gene-PQBP1	647	573	637	696	439	449	937	647	1494	774	940	1023	852
gene-PrBP	850	1843	3745	782	878	120	333	128	137	163	148	225	532
gene-prd1	296	328	419	276	436	200	115	57	44	162	98	91	362
gene-Prdm13	0	0	0	0	0	0	0	0	0	0	0	0	0
gene-prel	1320	821	538	1608	276	835	1207	478	1144	1545	1312	773	732
gene-Prip	15714	15127	34090	12589	13236	1583	3631	3773	1814	1811	874	1100	3434
gene-PRL-1	11858	5875	6480	10216	6720	9067	6404	3487	9021	5359	10761	9292	11819
gene-Prm	3229	2223	1974	2813	7776	23475	1093	719	1296	378	787	277	67858
gene-prom	0	2	0	0	0	0	0	0	0	0	0	0	0
gene-ProRS-m	168	90	32	185	33	35	138	110	190	85	100	109	171
gene-pros	30	31	38	72	44	26	3	9	20	13	6	3	153
gene-Prosalpha2	3160	2268	2797	3114	4648	2418	2323	2195	3764	1208	2372	1657	33936
gene-Prosalpha3	3544	2002	2568	3648	2723	2283	4522	3769	7818	2910	5032	5350	32396
gene-Prosalpha4	3803	2557	3894	3697	4076	2407	5917	6433	9229	4250	7507	8843	30081
gene-Prosalpha5	3245	1844	3053	2797	2059	1245	4117	2843	4936	2827	4563	4467	23874
gene-Prosalpha6	3220	2265	3095	2768	2244	790	2239	1516	2637	1047	1506	1624	25534
gene-Prosalpha7	3078	2097	2791	3096	3042	2142	3439	3236	6027	2464	4485	4985	28424
gene-Prosbeta1	2631	1903	2953	2360	2799	1525	2421	3022	5261	2245	3966	4606	20461
gene-Prosbeta2	3535	2342	3991	3555	3532	1675	6107	2238	7393	3909	5994	4757	28287
gene-Prosbeta3	2989	2284	3111	3012	3507	1992	4050	4664	10860	3979	6350	8346	28169
gene-Prosbeta5	4032	2799	4127	3663	4618	2000	2138	1903	2837	1385	2084	2119	39268
gene-Prosbeta6	2992	2202	2731	3107	3032	2142	4993	4892	7903	2980	4271	4616	25218
gene-Prosbeta7	5080	3756	5739	4864	5510	2880	2641	2035	2569	1242	1652	1621	44091
gene-Prp19	451	272	555	576	185	239	165	92	52	110	162	134	1085
gene-Prp3	563	256	517	405	441	279	147	124	177	95	96	120	1033
gene-Prp31	478	283	474	505	326	332	657	441	667	457	566	579	883
gene-Prp38	307	130	256	262	357	518	201	161	344	322	539	464	429
gene-Prp39	952	394	799	790	606	645	155	97	143	93	72	113	2400
gene-Prp40	340	88	172	356	135	192	65	67	82	84	110	85	716
gene-Prp4k	336	151	442	377	291	143	81	33	81	113	152	113	435
gene-Prp5	1879	1464	3658	1483	2609	1005	844	508	1031	495	1377	1313	41430
gene-Prp6	593	304	421	640	241	199	183	89	153	146	129	97	869
gene-Prp8	3300	1601	2006	4996	1913	1285	301	173	251	329	190	169	7437
gene-Prpk	21	5	14	113	35	43	31	15	68	65	82	139	58
gene-Prps	709	466	678	803	343	255	584	431	675	660	882	788	1620
gene-Prx4	383	234	705	1026	478	802	668	288	1024	2267	4179	2323	1948
gene-Prx5	2815	981	827	1368	1125	3526	7480	4238	22599	6902	11956	9029	4933
gene-Prx6a	254	405	362	123	149	171	198	421	916	316	396	431	120
gene-Psa	4458	4304	7759	3308	2768	871	1301	999	936	1539	934	894	9004
gene-Psat1	5359	1358	1266	4358	1295	5003	9270	5344	20144	11084	21214	23173	2868
gene-Psf	1309	1596	2745	1411	1813	1029	474	312	426	673	658	579	3935
gene-Psf2	11	7	15	12	3	0	21	14	24	11	22	18	20
gene-PsGEF	13	12	33	2	0	18	6	0	7	0	10	1	8
gene-Psi	1561	1081	2140	1754	1703	696	186	117	120	165	165	122	4905
gene-psidin	140	57	126	271	49	61	9	1	17	10	10	5	348
gene-PSMG1	823	938	1257	666	932	265	1450	1663	1825	1069	1297	1614	3065
gene-Psn	1776	1486	2022	1639	841	556	1260	498	1111	788	1127	1309	1342
gene-PSR	991	328	537	887	247	454	734	464	1418	947	1600	2361	378
gene-ptc	1297	2081	2102	1523	1540	331	335	456	374	632	258	1591	708
gene-Pten	639	907	1824	304	1070	407	112	77	110	119	331	207	1626
gene-pths	1024	792	1522	1874	1332	804	570	708	583	941	585	994	2689
gene-Ptip	630	416	755	529	611	191	86	39	33	62	39	57	1147
gene-PTP-ER	411	242	269	365	120	204	92	55	30	54	57	31	363
gene-Ptp-h	83	51	137	277	37	76	92	44	112	93	144	128	257
gene-Ptp36E	18	6	8	4	0	8	0	0	0	0	0	0	145
gene-Ptp69D	221	140	200	191	150	144	47	26	39	96	82	78	452
gene-Ptpmeg	145	113	64	421	20	55	31	17	45	57	59	29	308
gene-Ptpmeg2	1110	627	923	1756	468	790	214	107	78	215	163	137	1768
gene-PTPMT1	114	60	131	167	43	92	58	84	180	102	208	142	254
gene-Ptr	17	7	12	3	14	91	4	7	5	1	9	1	282
gene-PTSP	4	6	7	3	0	17	0	0	6	2	7	0	35
gene-PTTH	1	1	5	0	0	0	0	0	7	5	3	9	0
gene-Ptx1	756	978	435	748	220	413	240	139	49	258	178	258	206
gene-Pu	10	2	10	3	0	150	20	8	12	0	10	0	90
gene-puf	227	168	462	105	491	108	22	20	18	47	65	73	803
gene-pug	1646	142	6	10	18	27	2	10	65	0	122	0	1072
gene-pum	989	628	1280	827	1253	562	180	129	104	166	188	167	4247
gene-puml	3351	1659	3069	4437	1132	884	684	359	870	466	553	916	344
gene-Pur-alpha	3517	3991	8605	2453	3424	1538	3386	2675	2647	3225	2789	2364	9432
gene-purple	57	42	47	61	33	80	98	32	156	43	49	144	546
gene-Pus1	300	107	283	400	69	111	183	97	306	171	243	162	509
gene-Pus10	56	32	46	115	26	18	8	9	0	3	5	0	382
gene-Pvr	400	296	515	563	143	283	186	139	137	257	126	115	221
gene-pwn	0	9	5	2	0	0	0	0	0	0	4	0	173
gene-px	618	82	96	277	28	75	0	0	3	0	0	3	218
gene-pxb	26	16	139	18	14	0	3	3	4	2	12	0	404
gene-Pxt	2	3	0	1	0	13	4	0	0	0	6	5	0
gene-pyd	34	40	58	101	17	59	4	0	3	1	4	0	2248
gene-Pym	163	291	289	273	200	145	569	498	750	622	705	767	380
gene-Pyroxd1	381	309	374	585	177	108	677	350	656	529	631	981	50
gene-pyx	31	40	31	37	53	89	12	16	32	15	29	12	823
gene-QIL1	334	117	88	470	88	1372	1409	739	4439	2109	6635	3587	549
gene-qin	711	401	767	252	132	200	245	120	214	218	220	163	559
gene-qless	219	121	199	217	85	275	99	45	82	123	268	80	279
gene-qm	196	271	365	273	263	169	54	37	42	74	57	39	150
gene-qsm	10	11	58	13	34	128	33	9	14	2	18	3	6112
gene-qua	2	0	8	0	74	0	0	0	0	0	0	0	0
gene-qvr	0	1	3	3	0	31	0	2	0	0	8	0	34
gene-r-l	148	59	102	346	16	18	259	137	344	197	441	321	171
gene-R2D2	233	233	238	168	68	104	104	25	94	85	59	65	103
gene-Rab1	10333	12737	19797	8437	6889	2745	4671	3541	4893	3005	3223	3092	14837
gene-Rab10	4004	3310	4716	3302	3002	1670	2069	1388	2921	1574	2517	2575	6330
gene-Rab11	10134	6859	12687	9136	4737	3417	9905	5516	12524	6366	8984	11604	8236
gene-Rab14	3574	3680	4937	2566	2057	1235	3306	1834	2680	2319	2120	2730	2059
gene-Rab19	212	488	233	226	104	42	287	197	168	167	83	156	476
gene-Rab2	4984	8027	11952	4617	5827	1063	2545	1792	1730	1858	1008	1150	5422
gene-Rab26	49	30	37	23	20	0	70	60	47	61	104	114	21
gene-Rab27	69	139	135	69	26	0	76	83	89	46	96	125	77
gene-Rab3	10	11	35	20	15	0	6	11	23	9	19	8	99
gene-Rab3-GAP	1183	1561	1877	647	1534	299	901	524	447	443	573	586	849
gene-Rab3-GEF	31	14	5	104	17	41	0	10	4	0	2	10	40
gene-Rab32	6570	8659	14551	7867	6384	879	2842	3003	3468	1837	2531	4789	1049
gene-Rab35	1311	742	1507	1674	617	773	896	516	1017	1184	1289	1059	1308
gene-Rab39	1629	3044	4162	1297	2050	334	1551	1055	594	1152	486	682	928
gene-Rab3GAP1	954	944	1264	486	499	136	473	180	328	261	186	247	421
gene-Rab4	231	271	395	164	60	112	588	357	393	408	347	361	390
gene-Rab40	1064	1628	1991	1237	858	297	603	329	292	505	271	360	575
gene-Rab5	10642	22734	67643	9905	39726	4332	6422	4807	4197	6238	6341	6586	7962
gene-Rab6	2641	1684	2662	3280	1562	2180	2224	801	1897	2481	3582	3537	1897
gene-Rab7	4133	5187	6546	3396	2228	932	5958	4871	4285	3473	3450	4886	2493
gene-Rab8	2407	1745	2245	3297	1436	2430	2130	1347	3805	2556	5549	5435	2400
gene-Rab9	277	238	253	302	137	142	269	84	160	174	143	187	140
gene-Rabex-5	3405	3490	5170	1624	1599	1519	498	796	379	566	388	254	1234
gene-RabGGTa	475	366	650	487	281	208	431	332	493	435	919	717	194
gene-RabX4	2	7	0	2	0	36	4	0	0	7	5	1	36
gene-RabX6	200	282	305	178	219	79	499	387	428	424	467	639	182
gene-Rack1	13688	8996	12438	30038	13941	18874	17484	14313	18544	20829	11510	8824	71789
gene-Rad1	37	30	45	25	3	22	29	15	33	20	12	133	44
gene-Rad17	68	56	88	68	43	28	97	42	134	135	165	155	35
gene-Rad23	4025	2980	3332	3745	1880	1186	7610	6893	7653	3630	5173	6112	27488
gene-rad50	287	58	116	228	64	374	56	45	157	125	353	198	199
gene-Rad51D	36	13	22	30	28	0	53	29	91	45	56	81	26
gene-Rad60	478	524	927	605	602	90	542	459	747	538	551	1155	161
gene-Rad9	50	46	17	53	22	34	78	32	71	105	146	136	42
gene-Rae1	297	95	146	618	35	82	229	80	432	143	178	207	280
gene-raf	243	166	281	168	123	194	60	29	37	94	67	76	214
gene-RagA-B	869	953	731	981	380	244	978	517	891	513	577	673	637
gene-RagC-D	971	1094	1242	1337	619	438	1386	971	1888	1501	1784	2030	760
gene-Rala	920	661	1622	920	709	629	650	293	612	497	521	596	1669
gene-RalGPS	109	99	150	112	124	71	40	8	20	28	39	51	491
gene-Ran	3995	3070	4442	6236	2270	2850	8132	6280	15151	7426	9311	7992	7769
gene-Ranbp16	302	73	69	410	65	202	72	24	20	53	117	54	461
gene-Ranbp21	745	410	830	887	495	456	5	16	10	7	29	38	856
gene-RanBP3	1720	1495	2095	1266	1379	1261	654	365	844	561	558	537	1699
gene-RanBPM	3056	3169	7230	1203	3251	414	525	306	210	194	159	171	6077
gene-Rap1	2427	2056	2585	2791	1254	1973	1529	838	1806	1439	1580	1776	3446
gene-Rap2l	4959	9469	4829	5236	8116	1295	4879	4533	3796	3673	3151	5763	3038
gene-RapGAP1	182	356	132	326	189	173	151	86	78	87	28	45	394
gene-raptor	763	582	905	719	609	172	35	20	13	102	62	82	541
gene-ras	233	205	637	901	281	148	182	172	229	157	351	242	1562
gene-Ras64B	1305	463	378	1299	288	1758	980	254	1131	1237	2330	1579	1137
gene-Ras85D	4835	6382	8283	1474	3942	726	2408	1348	1295	727	1028	1555	2545
gene-RasGAP1	1041	674	535	619	212	256	18	29	23	41	51	47	662
gene-raskol	1217	832	1106	1474	496	536	164	129	61	317	159	147	1319
gene-rasp	16	5	12	10	9	9	3	1	4	0	1	0	51
gene-RASSF8	292	292	478	266	201	112	73	27	46	43	33	63	1533
gene-Rat1	310	245	473	334	252	189	93	51	22	74	36	40	639
gene-rau	261	123	191	126	118	215	85	76	95	32	19	41	93
gene-raw	1595	858	593	1143	183	296	356	360	120	115	98	103	1250
gene-rb	238	67	149	181	45	40	16	5	20	27	18	12	348
gene-Rbbp5	283	190	654	281	830	222	425	161	351	374	294	330	627
gene-Rbcn-3A	2108	1959	1634	1257	1439	632	159	159	304	372	331	294	728
gene-Rbcn-3B	1395	562	548	665	236	198	64	21	23	56	108	50	257
gene-Rbfox1	170	100	113	112	53	72	25	12	9	9	6	10	1559
gene-Rbm13	162	116	429	668	373	252	100	108	115	163	267	211	589
gene-Rbmx2	116	130	234	169	188	153	82	112	170	208	234	335	97
gene-Rbp	25	8	25	1	7	0	0	0	0	2	4	0	41
gene-Rbp1	555	501	853	835	448	740	548	270	1021	461	577	831	1320
gene-Rbp6	463	457	393	680	327	425	288	239	359	275	231	135	462
gene-Rbpn-5	497	263	597	378	250	70	155	117	85	82	84	65	418
gene-Rbsn-5	332	249	455	283	319	173	250	117	287	127	232	201	282
gene-Rcc1	724	480	867	1191	429	389	182	118	109	299	221	146	2980
gene-Rcd-1	676	494	673	650	325	506	473	488	743	592	661	783	1347
gene-Rcd5	1198	1125	1416	837	1339	474	1087	1376	1408	980	632	1104	1406
gene-Rcd6	14	20	53	13	20	29	5	12	5	0	0	4	233
gene-Rchy1	396	388	676	388	489	262	160	101	97	123	146	102	1102
gene-rdgA	41	36	24	57	31	61	21	12	12	39	13	13	466
gene-rdgB	64	73	144	44	83	116	13	16	26	26	25	15	171
gene-rdgBbeta	173	203	272	184	187	172	159	79	107	74	107	125	327
gene-rdgC	24	82	88	36	74	135	27	46	16	32	27	61	1575
gene-rdx	1152	1554	6554	1826	2604	518	345	174	240	315	351	450	2640
gene-Reck	48	177	214	35	84	58	55	17	65	10	19	41	130
gene-RecQ4	62	52	100	28	73	5	33	1	25	15	26	31	37
gene-RecQ5	253	144	349	226	296	226	45	34	24	126	75	77	158
gene-red	300	433	548	183	422	149	242	81	109	159	150	119	581
gene-ReepB	14476	21602	12729	11165	14591	10301	11063	10077	15554	8197	16670	24090	8366
gene-Ref1	2783	2653	6010	2873	4712	1956	1251	758	2094	1358	1722	1664	2994
gene-REG	1156	844	1446	1949	781	653	964	1108	1535	1189	1474	2036	3505
gene-Regnase-1	670	713	2057	1627	279	104	15	12	0	33	33	31	178
gene-Remo	78	71	179	58	251	93	27	24	30	60	25	35	564
gene-rempA	23	20	66	30	48	6	19	31	88	10	17	89	117
gene-Rep	1541	845	1149	1420	465	627	483	264	523	316	350	339	3253
gene-Reph	6980	2931	2078	1598	1399	1848	1860	1069	786	877	957	1551	2662
gene-Reps	565	517	321	1226	461	371	65	21	45	113	203	110	654
gene-rept	190	77	199	326	102	190	81	35	106	50	91	69	574
gene-REPTOR	837	1660	2105	627	992	126	431	235	144	360	164	292	806
gene-REPTOR-BP	1094	6375	6947	1397	2665	486	1075	1309	240	1059	196	323	1719
gene-resilin	0	0	0	0	0	0	0	0	0	0	0	0	0
gene-retm	177	428	914	245	802	80	46	30	28	141	72	123	545
gene-retn	1	3	79	5	40	8	0	0	3	0	8	0	28
gene-Rev1	93	76	132	66	32	38	83	45	67	85	85	117	34
gene-Rexo5	60	31	82	77	23	61	68	46	58	64	109	88	62
gene-RfC38	59	53	60	79	105	30	60	56	179	95	161	119	100
gene-RfC4	87	93	90	113	55	68	109	42	159	36	93	125	308
gene-Rfk	963	2525	2076	2173	868	261	1612	2263	1766	1110	2154	1680	109
gene-Rfx	87	65	40	69	95	67	61	23	23	38	33	39	154
gene-rg	1223	268	391	1064	158	414	37	11	24	92	133	91	616
gene-Rga	1680	1247	1739	1187	1578	685	690	519	835	450	432	486	2224
gene-Rgl	318	134	222	492	51	527	84	23	46	71	40	86	1027
gene-Rh5	10	42	25	12	3	0	14	5	13	13	7	35	9
gene-Rh50	361	256	4	208	10	1294	796	287	1444	1429	390	502	108
gene-Rhau	130	36	99	152	57	47	41	25	51	42	23	46	287
gene-rhea	289	235	233	198	419	508	46	37	34	100	92	111	2160
gene-Rheb	559	1116	1801	733	829	249	515	259	279	597	272	299	474
gene-rho-4	145	96	36	367	88	176	72	12	90	133	154	115	191
gene-rho-5	223	106	85	272	117	278	33	32	30	160	179	144	36
gene-rho-7	622	472	664	560	383	390	1196	640	1481	1079	1978	1187	852
gene-Rho1	11550	7386	6810	12436	4370	6028	20347	12581	29238	18791	22197	26492	10476
gene-RhoBTB	1	4	10	0	0	0	0	0	0	0	0	0	18
gene-RhoGAP100F	22	15	6	19	0	0	0	2	2	3	5	0	61
gene-RhoGAP102A	35	25	12	39	103	182	3	0	1	2	0	0	854
gene-RhoGAP15B	388	403	699	39	301	40	119	43	58	1	73	66	128
gene-RhoGAP19D	1886	2557	3370	1551	2474	464	192	211	65	403	247	345	1266
gene-RhoGAP1A	1620	812	766	1387	457	511	263	275	210	511	473	355	601
gene-RhoGAP54D	16	1	28	15	0	0	2	3	1	2	9	0	17
gene-RhoGAP5A	116	159	128	105	143	54	59	15	34	46	24	40	215
gene-RhoGAP68F	298	624	519	233	338	331	227	165	312	118	263	220	334
gene-RhoGAP71E	161	244	748	257	260	165	44	14	24	41	39	41	236
gene-RhoGAP93B	196	142	274	174	147	27	32	20	20	14	20	36	362
gene-RhoGAPp190	260	58	40	212	10	34	40	18	52	27	25	44	234
gene-RhoGDI	4491	2782	1654	5339	1497	3257	3212	1328	2679	4777	3659	2424	7762
gene-RhoGEF2	1584	1240	2168	1154	1506	713	13	26	22	26	50	91	1657
gene-RhoGEF64C	5	0	14	3	28	71	8	1	11	0	0	3	412
gene-RhoL	3290	370	83	4845	67	2804	5208	2309	6570	5839	9258	9169	238
gene-Rhp	139	177	175	378	90	41	53	38	24	59	65	56	104
gene-rib	0	2	0	0	0	0	0	0	0	0	0	0	26
gene-Ric	127	123	234	83	86	72	68	19	22	87	64	89	152
gene-RIC-3	94	71	85	95	123	861	72	20	80	56	101	40	5862
gene-ric8a	423	272	292	389	84	159	277	107	321	289	315	344	370
gene-Rich	232	198	472	130	395	95	36	25	26	25	32	65	144
gene-rictor	178	98	214	199	118	96	40	21	22	48	54	54	179
gene-Rilpl	488	343	639	613	585	269	231	129	138	463	312	217	306
gene-Rim	184	85	86	118	211	216	39	22	25	30	33	17	284
gene-Rim2	418	108	141	536	118	454	619	283	545	820	862	609	1120
gene-rin	2102	1933	3604	2130	4162	824	62	84	55	119	80	125	9817
gene-Rint1	90	40	60	86	44	30	32	12	16	51	46	25	196
gene-RIOK1	205	229	433	540	158	87	351	167	170	176	232	207	126
gene-RIOK2	1249	1059	2321	1721	1693	1094	2025	1971	1001	2045	664	845	2350
gene-Rip11	2127	2319	2000	3023	562	443	2026	910	1131	1303	1100	1691	543
gene-rl	2240	396	287	2560	288	1219	474	245	466	1018	954	577	1060
gene-Rlb1	41	17	96	131	48	50	24	34	34	50	70	71	47
gene-Rlip	510	691	1305	387	1776	557	160	272	111	419	218	198	869
gene-Rme-8	763	1002	1650	502	1819	134	130	97	64	159	171	182	719
gene-RMI1	73	45	81	91	73	67	101	74	89	82	203	163	83
gene-RN-tre	58	46	87	78	44	36	3	20	12	24	63	38	169
gene-RNaseX25	396	810	1714	511	590	196	279	189	72	250	187	40	255
gene-Rnb	416	351	575	345	202	106	209	92	119	158	103	136	317
gene-Rnf146	135	247	447	168	302	128	383	341	403	399	332	512	167
gene-RNF220	33	25	53	70	5	51	32	11	28	19	52	44	163
gene-rngo	3492	4591	6684	2203	2502	685	1871	1727	1665	1037	908	1078	23300
gene-Rnmt	547	607	676	680	243	240	450	554	472	387	451	750	926
gene-rno	108	141	204	124	124	141	26	20	25	57	43	33	462
gene-Rnp4F	560	282	572	343	197	146	153	57	67	90	70	70	925
gene-RnrL	196	230	560	144	281	139	86	45	44	34	106	63	489
gene-ro	8	14	13	2	19	0	4	0	1	0	12	0	3
gene-Roc1a	3656	4232	5096	2414	4993	1348	7050	8741	11155	4730	7011	7614	11099
gene-Roc2	344	772	911	742	801	203	1643	1527	1679	1074	1036	1606	1195
gene-rock1	759	360	576	427	209	305	118	72	58	91	120	192	971
gene-rod	7	5	10	6	0	23	0	0	0	0	4	3	21
gene-Roe1	154	62	53	622	92	158	111	57	174	111	459	162	226
gene-rogdi	87	34	116	75	21	37	50	23	36	27	86	86	55
gene-rols	164	173	231	814	131	281	60	38	27	45	49	30	1043
gene-Root	17	3	30	12	11	20	6	4	8	5	10	6	110
gene-Rop	4420	2459	3553	3817	1289	1326	2029	871	1988	1495	1482	2078	850
gene-roq	322	391	634	339	443	213	30	24	51	83	116	120	797
gene-Ror	185	111	177	255	59	8	33	30	18	44	44	52	153
gene-row	869	504	1038	495	333	247	251	49	125	62	25	68	946
gene-Rox8	4626	2241	2549	4872	1982	2377	2962	1434	2225	2059	1555	1558	7153
gene-RpA-70	905	983	1996	1566	840	495	730	568	337	736	271	654	1270
gene-RPA2	171	176	416	382	248	171	554	367	372	794	437	885	308
gene-Rpa3	175	209	296	328	220	133	555	543	1036	453	572	873	347
gene-Rpb10	239	341	1170	377	890	173	470	625	878	548	651	962	299
gene-Rpb11	265	301	369	288	325	217	465	480	742	507	797	818	246
gene-Rpb12	210	226	438	284	177	151	504	663	834	760	919	1072	343
gene-Rpb5	390	468	805	505	520	138	694	791	870	483	769	794	524
gene-Rpb7	179	129	265	248	217	286	417	330	706	598	676	849	252
gene-Rpb8	63	100	74	146	52	175	226	256	299	176	348	367	267
gene-Rpe	1501	1471	2571	1089	1507	528	2659	2874	3512	1581	3102	3662	433
gene-Rph	5	2	5	5	9	0	0	0	0	0	3	0	0
gene-Rpi	197	145	241	297	88	95	258	166	312	275	286	395	537
gene-RpI1	170	105	400	376	116	74	100	43	32	120	59	56	361
gene-RpI12	17	26	62	55	70	19	85	103	88	93	96	120	65
gene-RpI135	162	137	314	441	115	160	27	19	23	17	18	38	631
gene-RpII140	1879	1298	1671	1490	828	741	529	283	638	763	717	642	1909
gene-RpII15	357	380	624	352	462	453	806	700	1497	670	970	1426	334
gene-RpII18	517	565	923	783	582	298	949	901	1030	782	1195	1245	473
gene-RpII215	4981	3970	4452	4315	1762	1431	213	160	92	156	131	162	3496
gene-RpII33	512	381	591	558	194	328	788	713	1061	879	1074	1259	474
gene-RpIII128	183	120	130	219	63	84	55	45	21	23	7	4	437
gene-RpIIIC53	200	147	394	375	222	188	173	93	122	171	129	162	305
gene-RpL10	33334	34297	37882	60361	44408	30098	102984	94436	104537	81801	56050	35478	69926
gene-RpL10Ab	13855	10202	15457	27843	19994	21076	13632	11958	13207	18250	13654	7849	64117
gene-RpL11	11171	9251	15130	20621	18839	16894	24150	19981	28630	35809	23307	11032	59313
gene-RpL12	10522	7820	11773	16353	17455	18665	19865	21086	29130	33939	27683	19606	44939
gene-RpL13	15332	14891	21435	30245	24332	19545	54931	56375	75327	71771	66691	53098	54178
gene-RpL13A	13803	12060	19089	24404	25659	23367	33650	43428	48578	46454	29426	26001	61122
gene-RpL14	15326	13840	17524	23600	21494	17720	54446	52601	72953	59646	48693	34463	55056
gene-RpL15	11247	7424	10445	20384	12869	14254	17548	19345	23320	32830	15355	11482	50730
gene-RpL17	11362	9969	13850	20237	21695	18062	21632	22772	31295	21751	12436	10986	52433
gene-RpL18	14120	11618	16610	25186	19580	17669	19836	17865	21504	13732	6992	4674	53998
gene-RpL18A	11383	9575	13022	22850	20040	22151	5919	4950	4715	6530	4724	3442	55427
gene-RpL19	15281	12664	20465	29345	23289	22610	43416	47630	53268	58315	39419	28412	75497
gene-RpL21	12758	13946	19908	20615	28338	21672	14401	27530	29856	35225	34384	24695	53929
gene-RpL22	14948	15007	22957	24327	34405	24130	46948	55920	68751	63193	54637	46268	43882
gene-RpL23	14840	14966	22237	22931	33930	33586	40339	59798	83024	62957	68789	47538	71662
gene-RpL23A	14211	12964	19871	26782	17385	18933	14659	12848	14269	12346	7547	5548	60145
gene-RpL24	12831	11515	15375	20499	24096	18794	40456	50363	65919	60138	63900	44796	49272
gene-RpL24-like	2189	1515	4239	4689	2270	1829	4586	5674	2888	5107	2745	3651	2606
gene-RpL26	8221	7304	11072	14568	11957	13865	29655	33492	48955	48995	31319	25036	34853
gene-RpL27	14214	13945	19431	21636	24603	19896	39969	42618	53697	46479	35888	31306	52204
gene-RpL27A	13719	15127	19676	24666	20111	17588	28762	39111	51793	53733	37386	30382	59273
gene-RpL28	8087	9701	16327	17083	19592	19560	29350	30221	39306	39910	23193	19071	39260
gene-RpL29	4612	6169	7515	8533	10933	11733	20761	28098	36281	35305	30401	20808	15324
gene-RpL3	20091	13903	21407	41998	19977	24535	30722	17825	22961	27327	13656	8455	116702
gene-RpL30	7509	7314	11591	15440	16856	14374	34051	40647	52568	47802	46086	31907	29322
gene-RpL31	9426	9308	13339	17843	18345	13441	22515	33383	51864	45692	42876	34386	52155
gene-RpL32	9144	8810	14223	13036	20619	16730	29735	30048	39603	32972	17194	15984	33518
gene-RpL34	8820	7652	10487	12923	11947	11104	23775	26263	41844	35626	23075	19072	30916
gene-RpL35	10879	13091	18173	19679	24286	19667	43393	58887	76159	66253	54994	49213	40854
gene-RpL35A	9710	8134	12058	15818	14916	16435	27437	36600	53135	47201	31239	25154	44625
gene-RpL36	7814	8229	11126	13835	15639	14210	10006	12125	11652	10825	8702	5148	31233
gene-RpL36A	7348	8416	10316	13651	14639	11903	27590	39264	49654	46459	40058	28662	25692
gene-RpL37-1	5674	4900	7178	8934	11091	9538	19418	28890	42515	37962	28002	20548	22153
gene-RpL37A	3543	3761	4811	6153	6940	5838	12029	15420	21785	21056	14014	10663	12694
gene-RpL38	2967	2873	3651	4623	3957	3938	9415	12308	19979	20626	14853	10715	9368
gene-RpL39	3580	3438	4782	4148	4598	3709	9280	14867	25264	23312	17591	10633	7350
gene-RpL4	24133	14396	20353	47924	22578	25841	25894	19495	20598	18172	12253	11042	114420
gene-RpL40	12434	13757	19534	21939	25149	18678	25057	32759	40069	36950	36858	30097	39508
gene-RpL5	18512	12225	15072	37124	19358	19085	32566	30939	38760	42919	36354	25396	97659
gene-RpL6	24346	20790	27045	36291	33602	27092	12827	9979	8266	10101	5690	4432	90443
gene-RpL7	17949	13415	22837	31116	26457	25257	27841	27256	34760	41724	24294	17916	74762
gene-RpL7A	21564	16551	24295	41690	25684	24213	34567	28333	32687	32073	17863	14033	110118
gene-RpL8	13360	9624	13321	24502	16099	19687	27851	23549	33801	38422	22523	18230	69731
gene-RpL9	12608	11940	17769	25385	21250	17473	43364	49297	61244	62505	53127	42069	56173
gene-RpLP0	20731	15951	20285	39909	22279	21263	6139	4020	2178	1554	1153	1103	112669
gene-RpLP0-like	129	206	336	311	142	74	212	143	238	358	225	211	388
gene-RpLP1	9675	8076	12535	15116	11625	14298	24593	26788	37642	54922	27458	20167	39299
gene-RpLP2	7598	6639	11050	14958	8927	11830	31578	35862	42557	64845	37595	24016	38546
gene-Rpn1	7924	5324	7224	5578	5961	1936	1210	1191	1048	420	498	756	48580
gene-Rpn10	8450	6380	9698	5130	6361	1832	7364	5581	7455	3032	4636	6043	31605
gene-Rpn11	5076	4571	7866	3733	5910	1953	4403	4668	6194	3448	5283	5979	42531
gene-Rpn12	3095	2956	5015	2078	3668	1098	4063	3861	5096	2031	3038	3984	19157
gene-Rpn13	4667	4156	6044	3593	3203	1273	3235	3178	3095	1940	1945	2730	24054
gene-Rpn2	13220	7912	12133	8167	9474	2915	2511	1576	1349	920	1585	1505	59775
gene-Rpn3	5269	4642	6750	3875	4598	1461	3826	3450	4619	2767	3383	4120	28133
gene-Rpn5	3802	2232	3577	2846	1648	939	3052	2243	3087	1570	2540	3019	21898
gene-Rpn6	9942	10970	16841	5244	13202	3010	6446	6017	7816	4052	5483	5858	62753
gene-Rpn7	5064	4157	7549	3922	5469	1985	5260	4271	5913	1899	3069	3942	35920
gene-Rpn8	3990	3574	5019	3624	4487	1731	4268	4437	5600	3126	5266	6807	12479
gene-Rpn9	4220	3200	4864	2682	3945	1211	1357	1082	1206	486	708	845	33186
gene-Rpp21	18	8	11	34	12	40	24	51	63	29	67	51	95
gene-Rpp25	162	125	224	182	227	141	521	261	679	552	666	555	124
gene-Rpp30	36	22	44	28	47	0	17	20	55	33	33	33	50
gene-RpS10b	10499	8579	12609	15769	12818	10871	31786	37086	54253	46825	29938	23729	32334
gene-RpS11	8858	6826	11609	15888	11330	12364	34364	41348	59322	56548	46998	34028	48948
gene-RpS12	5686	4939	7231	10095	6389	7493	14711	17283	25747	23854	14561	13102	24270
gene-RpS13	9916	10735	15101	16445	14791	15405	21597	23496	27841	21145	12546	10114	40447
gene-RpS14	9881	8078	12405	16167	13068	12535	19652	21592	24364	22236	12467	10417	40121
gene-RpS15	12058	13105	16960	24801	18712	15545	44949	43859	51670	40469	24301	25482	56702
gene-RpS15A	7805	7733	11040	13500	13141	13558	34831	38569	57377	47983	35126	27287	34992
gene-RpS16	13359	10335	15894	20327	20662	21006	24148	25999	29890	35606	19468	15689	53406
gene-RpS17	12766	12760	18550	19922	21821	14379	50458	69098	80872	67120	60831	49133	32206
gene-RpS18	12588	14736	19072	19135	23727	17358	49077	60929	77392	68215	57810	52088	34534
gene-RpS19a	18532	24075	56213	23838	43943	19500	8536	8001	7250	7188	6352	4900	54467
gene-RpS2	14656	9786	13108	28485	14866	16969	25684	24595	29350	33597	20670	21784	74045
gene-RpS20	6764	6395	9861	14045	14365	21012	22801	20293	19036	19765	13169	7407	35276
gene-RpS21	4187	4588	6328	6322	7052	7190	12958	17989	20092	17604	13355	10249	15713
gene-RpS23	13372	11767	14421	25900	18104	19800	49939	58470	70505	84290	66257	48552	66516
gene-RpS24	6297	5617	9137	12329	12974	18452	20525	25603	32965	37454	32168	20838	29657
gene-RpS25	9741	10274	15388	20613	13789	18515	18732	21922	25242	27808	24840	17562	49488
gene-RpS26	12273	11163	16363	18037	27941	20535	11439	12528	12771	12344	10484	7521	46897
gene-RpS27	9267	12845	15739	22809	17334	15423	35140	46223	48775	55540	41758	31795	28230
gene-RpS27A	13944	10353	17304	24752	17581	16342	39503	45558	51010	59417	48720	34493	65633
gene-RpS28b	7921	8870	13830	12536	17212	15890	24048	36307	43970	39243	39398	32937	29481
gene-RpS29	3076	4083	4686	4668	6763	5402	6851	10383	14579	14433	10782	8558	10597
gene-RpS3	16354	11420	17832	24737	20395	20588	38783	38044	49697	40258	17522	16467	66153
gene-RpS30	11090	10536	13367	17793	19537	16961	32896	43479	48481	44349	28648	27195	34073
gene-RpS3A	18116	13448	20347	35005	23133	25034	32959	29938	44945	47083	25187	18981	129098
gene-RpS4	15487	12592	19659	28134	20873	18992	36328	32770	45767	40305	24965	19242	85228
gene-RpS5	11288	11429	16315	25060	17445	18511	29217	32482	36746	43235	33937	24114	57252
gene-RpS6	19074	13630	21625	33568	25669	28396	23899	24528	30731	37652	18159	14919	89233
gene-RpS7	13786	12482	18705	27816	19520	22347	31947	38089	51889	56627	42357	33777	74945
gene-RpS8	15919	12306	19262	25354	22699	21602	31434	29782	49639	52717	34464	28450	69606
gene-RpS9	14634	11833	19220	23646	23278	20657	39525	37039	43380	42416	23621	21185	63689
gene-Rpt1	6141	4687	7655	4382	4135	1350	3200	2286	3010	1282	1473	1689	39556
gene-Rpt2	7929	7187	14209	6206	7244	1995	6334	4829	6498	3820	6082	6162	44261
gene-Rpt3	4234	4484	6529	4082	5180	1250	4571	3634	4432	2378	3586	4020	34631
gene-Rpt4	5098	4540	8675	4038	6966	1851	2646	2824	3847	2023	2845	3329	35684
gene-Rpt5	6278	5457	9245	4399	7397	2089	6000	4357	5084	2688	2801	3863	40992
gene-Rpt6	6636	5212	8031	4960	5188	1857	3454	2812	4020	2084	2773	3641	35613
gene-Rrp4	137	71	210	202	116	72	265	142	528	274	220	273	337
gene-Rrp40	154	158	282	293	113	125	205	254	394	237	426	307	355
gene-Rrp42	206	246	469	333	246	104	390	322	390	320	479	464	234
gene-Rrp45	686	1078	2854	474	1117	94	1059	1015	1053	644	637	985	191
gene-Rrp46	69	68	81	75	37	31	155	75	383	224	140	177	207
gene-Rrp5	64	35	122	206	89	53	10	4	10	22	14	16	235
gene-Rrp6	2805	5447	13826	2415	12812	608	1556	787	534	790	436	647	3952
gene-Rs1	115	49	195	446	116	122	15	13	19	20	32	18	698
gene-Rsf1	5958	5997	7670	6145	5770	3496	7016	5059	7550	5836	4232	4683	15578
gene-RsfS312	108	69	149	155	50	110	247	147	405	368	399	347	98
gene-RSG7	16	13	19	15	55	9	14	3	2	9	8	3	224
gene-rsh	0	3	8	0	0	0	0	3	1	0	2	0	129
gene-Rsph1	0	0	4	1	0	0	0	0	3	0	0	0	3
gene-Rsph3	2	4	3	0	0	0	0	0	1	2	5	0	0
gene-Rsph4a	3	6	0	1	0	0	1	1	0	5	1	0	0
gene-Rsph9	0	0	0	0	0	0	0	0	0	0	0	0	0
gene-rst	1	2	3	0	0	81	0	0	3	0	2	0	575
gene-rswl	70	91	105	130	34	37	146	54	164	182	249	170	90
gene-rt	168	79	134	83	23	15	24	8	16	7	15	19	696
gene-Rtc1	52	64	115	169	141	38	40	58	41	28	42	31	210
gene-Rtca	116	42	40	348	4	69	78	18	56	59	77	69	56
gene-RtcB	734	496	1017	4016	143	592	1327	339	1838	973	2024	1981	646
gene-rtet	46	23	33	104	22	86	49	30	81	51	48	118	247
gene-Rtf1	442	384	605	323	711	263	213	74	50	250	143	84	513
gene-RtGEF	1297	923	1416	1506	1149	643	795	390	772	750	617	794	1552
gene-Rtnl1	19800	7323	10183	9956	7120	11570	13294	6259	18382	6751	9304	13268	18174
gene-rtp	0	1	4	0	0	0	10	2	7	1	0	0	0
gene-rtv	66	132	122	67	76	22	119	138	72	87	128	125	307
gene-rudimentary	1827	8106	15512	894	39585	158	373	646	92	326	40	41	5929
gene-rump	639	260	522	669	469	514	472	207	526	530	650	505	1376
gene-run	0	0	3	0	18	3	0	0	0	0	0	0	232
gene-RunxA	1	3	7	0	0	0	0	0	1	0	0	0	10
gene-RunxB	1	9	2	0	0	0	1	0	0	0	0	0	0
gene-rush	4661	3634	3477	4899	1091	1542	3769	2123	2543	2224	3018	3621	1258
gene-ry	1648	231	22	3299	10	1385	1526	689	967	1634	1678	1059	2055
gene-RYBP	59	113	216	67	174	62	62	26	40	41	52	27	683
gene-RyR	6	75	11	63	66	230	19	11	20	4	11	22	4324
gene-S	65	61	88	63	96	34	9	13	18	13	15	15	813
gene-S-Lap	8	24	8	26	48	196	3	4	20	31	29	8	2389
gene-S1P	250	78	150	160	111	189	47	35	40	80	116	81	99
gene-S2P	229	120	112	436	11	203	506	174	564	427	695	660	167
gene-S6k	588	420	579	803	158	218	292	82	267	290	182	190	822
gene-S6kII	542	335	147	484	129	263	160	220	135	299	226	153	223
gene-S6KL	520	860	1606	433	234	108	247	143	113	95	115	116	610
gene-SA1	527	189	174	404	44	80	9	0	2	5	3	2	657
gene-sad	5	10	7	1	6	0	3	1	6	19	29	4	160
gene-sage	0	0	0	2	0	0	0	0	0	0	0	0	55
gene-SAK	472	254	374	417	174	277	405	180	339	354	482	476	374
gene-Sam-S	4704	3308	2650	7311	1476	1973	3520	2296	2035	3478	1564	1600	10511
gene-SamDC	645	280	656	383	284	507	254	120	197	44	74	91	649
gene-Samtor	148	164	210	95	61	57	180	124	205	208	276	202	117
gene-san	429	432	567	788	227	394	709	456	956	743	1043	1179	1036
gene-sand	1	15	7	4	18	16	18	0	11	3	10	0	12
gene-sano	9	53	125	301	0	0	6	8	5	24	0	0	840
gene-Sans	3574	998	312	2823	143	892	1366	748	1771	1655	1896	1202	257
gene-Sap-r	12645	18214	23398	7101	14338	2800	1011	1172	796	691	389	451	59356
gene-Sap130	435	251	460	465	350	118	164	80	142	154	103	147	661
gene-Sap30	185	524	721	178	342	72	297	288	240	206	150	299	290
gene-Sap47	932	1038	1451	802	745	188	447	235	219	305	207	208	424
gene-Sar1	5860	4989	5118	4911	3149	3244	3070	1381	2446	2190	2682	2042	9102
gene-Sardh	445	119	12	10	65	47	4	6	38	6	53	18	1059
gene-Sarm	1705	1869	1394	1759	786	974	384	320	290	322	235	367	8495
gene-sas	2	7	13	3	0	0	2	0	4	2	0	2	1082
gene-Sas-4	76	52	114	32	37	0	16	6	1	10	10	14	16
gene-Sas-6	142	141	524	92	222	0	95	35	68	67	97	72	48
gene-Sas10	444	272	519	665	355	276	444	221	391	488	787	724	387
gene-sau	3073	1688	2690	3517	764	729	1962	1200	2078	2262	2573	2306	1033
gene-sav	708	1024	1440	623	1034	404	881	396	619	456	395	924	1935
gene-Saysd1	325	433	493	344	280	224	1245	780	1332	763	1371	1406	156
gene-Sb	1	0	0	0	0	0	0	0	0	0	3	0	47
gene-Sbat	204	128	248	168	219	352	495	230	970	799	1018	894	194
gene-Sbds	1021	1564	2692	1431	1893	385	2267	1520	1822	1782	1741	1867	373
gene-sbr	1109	1035	1660	1129	1193	438	413	249	386	561	384	370	1837
gene-sc	0	3	1	0	0	0	0	0	0	1	0	0	108
gene-SC1	8	14	13	14	13	59	6	0	4	7	13	6	28
gene-Sc2	2044	416	257	2456	139	1450	1154	793	3294	1364	3286	3812	1718
gene-SC35	1453	1139	1761	2652	1487	2632	619	365	1030	813	1443	793	7114
gene-sca	22	6	2	21	0	9	7	0	5	1	8	0	306
gene-scaf6	502	339	472	641	446	691	204	101	224	178	274	155	1284
gene-scalloped	429	245	247	1552	63	480	83	38	77	199	122	178	1562
gene-SCaMC	1233	645	155	1067	131	384	504	302	810	349	480	485	251
gene-Scamp	7168	7779	11981	7095	4403	2356	2813	1548	1667	2262	2116	2341	2486
gene-SCAP	88	48	39	151	27	148	40	13	13	33	56	31	121
gene-SCAR	276	73	79	162	12	20	0	3	3	0	1	2	97
gene-scat	209	188	305	225	98	36	119	128	95	198	175	188	156
gene-SCCRO	435	422	1084	386	317	90	269	130	215	217	215	357	824
gene-SCCRO3	485	579	990	504	388	139	620	396	384	358	529	650	256
gene-SCCRO4	301	195	399	265	283	340	174	129	146	185	222	219	401
gene-Sce	441	353	767	312	312	260	319	184	257	179	211	180	680
gene-scf	573	244	249	304	181	569	748	385	1040	418	1172	660	1834
gene-Scgalpha	5	1	7	6	9	13	0	1	5	0	6	4	19
gene-Scgbeta	4	8	26	1	45	36	34	13	5	9	35	3	266
gene-Schip1	223	344	435	209	357	295	179	70	87	145	168	94	577
gene-Sclp	359	4197	16668	296	5062	203	782	940	205	254	92	130	60047
gene-Scm	204	189	211	212	71	142	133	99	91	153	55	68	326
gene-scny	539	291	521	476	319	244	217	101	122	167	167	210	739
gene-SCOT	2872	601	174	1899	116	1498	3764	1594	5630	4893	7865	3596	709
gene-Scox	740	256	293	1444	310	1086	2423	620	4408	1928	5751	3713	338
gene-Scp1	0	0	4	3	12	185	22	2	26	7	31	10	746
gene-Scp2	41	40	20	91	50	316	37	24	62	79	65	49	59
gene-ScpX	17605	8302	7380	12984	4853	10291	15271	11235	26108	25748	34836	17664	10631
gene-Scr	9	4	0	3	4	10	4	0	0	0	2	0	12
gene-Scr-c	121	127	147	435	516	66	118	561	249	117	51	80	403
gene-scra	3458	63	54	3173	18	176	28	11	46	17	18	39	157
gene-scramb1	368	382	869	406	172	170	307	169	298	458	357	393	784
gene-SCRB3	2122	1001	165	2288	129	397	1376	618	292	1167	608	975	167
gene-SCRB4	758	510	268	836	291	248	348	130	87	288	144	196	24
gene-scrib	4974	2855	3147	4063	927	1254	446	279	351	480	695	554	3526
gene-ScsbetaA	1953	707	868	2109	346	2122	2536	1280	3694	3148	3079	2042	1534
gene-ScsbetaG	1954	670	367	1844	140	1198	4326	1382	5723	5858	6992	5045	548
gene-Sdb	2849	627	276	1132	645	5168	1935	902	1066	2098	2143	2013	15684
gene-Sdc	132	177	137	162	20	80	15	17	15	16	31	9	250
gene-SdhA	8945	5168	8756	8420	3455	4131	3826	2063	2597	3056	2569	2120	1770
gene-Sdhaf3	50	24	97	122	8	114	238	66	323	185	362	184	73
gene-SdhD	1852	1308	2023	2119	963	1733	2227	651	2156	1750	1992	969	3147
gene-sdk	470	257	351	435	373	241	58	28	18	60	64	61	1301
gene-SDR39U1	306	61	58	215	9	377	535	296	1409	712	1327	883	160
gene-sdt	1882	1786	1851	1421	857	601	394	242	215	465	445	386	444
gene-sea	330	119	107	786	49	609	195	122	560	1217	1973	840	96
gene-Sec10	893	450	409	1032	144	334	293	115	516	217	233	320	480
gene-Sec13	1477	472	373	1893	319	1493	1844	823	3382	2175	4360	3638	2010
gene-Sec15	442	177	267	442	86	118	172	65	142	117	93	89	372
gene-Sec16	1775	652	1347	1352	913	1284	116	76	105	256	588	282	3697
gene-Sec20	84	28	87	140	52	68	103	54	176	151	309	184	181
gene-Sec22	884	326	344	2269	103	667	748	162	976	549	809	329	939
gene-Sec23	2688	677	736	4113	397	1979	754	250	742	776	1041	689	3429
gene-Sec24AB	1940	1293	2703	1294	953	415	56	49	78	106	242	159	986
gene-Sec24CD	2047	443	817	1922	513	1391	75	75	109	306	563	415	1948
gene-Sec31	710	153	142	886	114	506	168	48	53	211	236	100	891
gene-Sec5	345	155	273	389	118	156	106	59	80	75	65	77	168
gene-Sec6	638	414	480	763	150	194	397	194	358	251	266	282	519
gene-Sec61alpha	2278	557	788	5544	658	3921	743	288	820	817	3363	1547	10456
gene-Sec61beta	1340	652	1086	2355	764	2256	1476	1194	4120	3204	14522	7629	2972
gene-Sec63	1296	558	1046	2121	909	1441	573	365	658	429	815	520	4145
gene-Sec71	2470	2404	4559	3137	1550	1002	754	301	466	641	453	428	1984
gene-Sec8	403	141	216	408	81	121	247	118	214	175	192	229	173
gene-Secp43	325	296	348	503	281	217	703	493	719	638	503	704	533
gene-Seipin	582	259	308	255	186	204	395	73	419	238	385	338	131
gene-sel	575	273	622	974	172	471	268	142	443	345	1550	493	855
gene-SelR	1345	589	428	1136	192	871	3090	2238	5083	2199	4609	5315	217
gene-SelT	2130	3344	4608	1426	2394	792	4295	4214	4197	2118	4055	4259	1491
gene-Sem1	2049	2199	3299	1878	2664	1313	5690	5817	8209	3519	5623	6743	18888
gene-Sema1a	13	10	18	18	25	0	0	2	1	2	8	0	578
gene-Sema2a	2	2	11	4	0	0	0	0	0	3	0	1	667
gene-Sema5c	17	12	115	35	9	0	3	2	1	10	3	3	90
gene-senju	158	203	185	361	60	80	261	148	198	193	298	323	53
gene-sens-2	279	120	86	237	20	163	104	19	7	91	38	58	35
gene-Septin1	192	177	243	198	90	358	129	86	112	87	54	46	1210
gene-Septin2	171	135	168	497	115	227	129	57	107	135	61	93	1314
gene-Septin4	5	2	9	9	19	0	0	0	0	4	3	1	33
gene-Ser	7	3	17	17	0	5	0	0	2	2	1	1	1586
gene-Ser-4	156	50	74	235	35	155	36	10	31	42	15	60	199
gene-Ser2	0	1	0	1	0	0	0	0	0	0	0	0	28
gene-SERCA	6432	8529	22323	4131	6510	4255	330	226	184	433	604	281	103419
gene-Serinc	6181	9787	23057	7804	9622	2137	4531	4830	4638	3200	2411	4553	4733
gene-serp	55	477	444	257	392	325	235	95	189	157	147	177	10848
gene-serpin-10	3	7	60	21	27	192	8	3	10	1	8	0	65
gene-serpin-12	6	3	74	27	27	230	16	22	15	4	1	1	472
gene-serpin-13	107	119	203	49	117	1405	85	97	221	69	101	100	79
gene-serpin-14	693	47	101	335	208	160	470	110	414	520	457	339	592
gene-serpin-2	18719	12352	3925	39430	3824	8320	17605	10741	29085	20034	21164	25738	1146
gene-serpin-29	35	17	2	160	22	238	70	19	149	107	93	187	8
gene-serpin-3	1701	1032	5272	1116	1171	1912	198	221	231	104	112	149	7289
gene-serpin-32	0	0	0	0	0	0	0	0	1	0	0	0	19
gene-serpin-33	0	3	0	0	0	0	0	0	0	0	0	9	0
gene-serpin-34	15	37	182	12	108	0	5	3	4	5	0	7	887
gene-serpin-4	361	552	580	285	230	916	463	321	343	106	149	214	5054
gene-serpin-5	36	71	21	32	21	252	35	55	120	14	106	24	997
gene-serpin-6	157	176	535	182	403	444	49	59	86	83	108	52	1781
gene-serpin-7	150	16	11	15	50	0	58	30	158	39	321	138	1250
gene-SerRS	1203	716	1049	3384	1484	1147	1190	446	1068	737	682	732	4547
gene-SerRS-m	247	264	495	137	313	181	648	217	496	594	556	676	161
gene-Sert	0	0	1	0	0	0	0	0	0	0	0	0	5
gene-Set1	565	235	379	223	184	89	47	4	23	37	66	45	389
gene-Set2	190	62	104	118	66	160	32	17	10	34	58	21	332
gene-Set8	186	184	366	206	208	52	90	49	55	60	46	60	513
gene-Setd3	62	24	80	138	9	132	56	16	116	84	70	43	208
gene-Setx	355	222	253	71	135	10	37	33	27	25	25	41	159
gene-sev	24	2	32	1	12	0	0	0	0	3	4	0	220
gene-SF1	1047	406	847	813	651	999	20	0	5	5	7	9	2889
gene-SF2	1269	992	1220	1361	623	418	319	187	214	156	154	222	2842
gene-Sf3a1	1286	546	1121	1235	670	585	147	85	59	78	50	56	1890
gene-Sf3a2	347	319	454	552	302	217	497	363	481	307	330	380	920
gene-Sf3b1	2392	1515	2064	1998	1400	1336	479	366	516	561	507	530	3172
gene-Sf3b2	595	114	282	658	243	429	140	60	130	124	181	149	1122
gene-Sf3b3	744	332	973	1770	621	877	207	145	207	278	252	166	3954
gene-Sf3b5	190	271	448	248	293	202	526	374	856	401	765	735	422
gene-Sf3b6	317	465	670	526	512	320	831	890	1199	961	1472	1631	258
gene-sff	0	0	0	0	0	0	0	0	0	0	0	0	3
gene-sfl	591	708	964	303	506	216	117	91	69	74	107	56	694
gene-Sfxn1-3	189	516	144	460	337	220	211	513	321	468	251	57	230
gene-Sfxn2	69	44	334	99	358	161	134	5	37	143	38	11	2093
gene-Sgf11	160	116	118	112	7	7	99	35	48	73	48	44	130
gene-Sgf29	178	86	180	127	54	30	18	10	16	16	2	9	381
gene-sgg	3253	2886	4753	2397	1455	1352	2086	1325	1796	1834	1575	1672	2344
gene-sgl	72	19	2174	60	80	16	22	6	34	5	19	4	583
gene-Sgsh	66	38	52	55	43	65	30	23	9	9	12	24	996
gene-Sgt1	1132	613	679	895	239	685	960	455	1619	629	1256	1448	3802
gene-Sh3beta	2257	1883	4466	2800	1652	1055	3991	2665	4039	2747	5042	5291	3197
gene-SH3PX1	2041	1608	2508	2020	729	552	2218	1227	1734	2214	1984	2412	901
gene-Shab	16	10	31	11	39	71	0	2	0	0	0	0	4014
gene-shakB	9	17	21	9	27	147	10	1	29	33	91	10	628
gene-shaker	6	21	43	8	94	114	1	7	3	2	0	0	433
gene-Shal	2	10	66	4	118	23	4	0	1	4	11	1	85
gene-shams	29	39	60	26	16	3	19	8	28	23	17	12	88
gene-Shark	759	1079	3921	531	1243	237	124	85	67	73	32	95	503
gene-Shaw	5	0	0	7	1	0	0	2	3	0	3	0	10
gene-Shc	346	254	529	327	338	217	157	108	109	120	75	91	589
gene-shd	2486	7385	10301	1415	3775	33	171	61	36	21	4	60	913
gene-shep	2525	3653	9651	1702	11152	944	145	148	172	287	718	480	4624
gene-shg	1687	1357	2524	2085	1860	753	317	153	149	321	420	278	1451
gene-shi	2193	2584	5334	2205	3311	541	183	220	139	303	200	249	1640
gene-Shmt	2624	1140	745	702	519	226	485	198	508	174	563	226	4980
gene-shn	1349	732	903	1547	459	495	344	252	182	533	510	456	1025
gene-shop	198	54	19	410	47	378	130	47	172	362	279	305	168
gene-shot	4331	1937	965	2734	936	3597	579	345	432	1047	1113	828	7093
gene-shps	0	0	0	0	0	0	0	0	0	0	0	0	0
gene-shrb	2437	2947	3962	3094	1341	658	2111	1548	2126	1125	1213	1812	3713
gene-shtd	187	79	94	92	43	99	30	30	23	20	20	29	148
gene-shv	926	340	603	2698	460	2024	1536	876	1936	2291	6931	2653	2006
gene-SiaT	2	0	5	0	0	0	0	0	0	0	0	0	12
gene-sicily	81	44	97	56	68	57	27	37	139	151	218	156	55
gene-sick	180	262	199	510	141	91	54	37	53	79	32	31	1115
gene-side-II	48	14	1	4	0	0	0	0	1	7	13	6	14
gene-side-VII	13	3	34	2	0	2	5	0	0	4	2	7	5
gene-SIDL	180	102	176	151	72	64	42	39	49	37	88	92	281
gene-sif	13	8	6	2	1	41	0	0	0	0	2	0	101
gene-SIFa	0	0	0	0	0	0	0	0	4	0	1	0	0
gene-sigmar	10	80	175	168	171	194	39	36	33	14	16	8	943
gene-Sik2	2162	2190	2206	813	506	192	578	561	224	273	190	129	613
gene-sim	0	0	6	0	0	0	0	0	0	0	0	0	0
gene-Sin1	51	21	89	41	17	0	19	9	19	23	5	29	43
gene-Sin3A	2677	2021	10167	2589	4515	1040	7	22	14	20	19	44	5145
gene-sing	42	19	266	19	162	0	73	25	86	27	64	15	676
gene-singed	482	530	285	359	382	302	66	58	43	64	42	58	7202
gene-sinu	58	52	99	113	56	61	101	62	122	77	85	100	904
gene-sip1	430	211	390	353	202	186	154	100	119	79	93	122	317
gene-sip3	1779	1112	1310	1049	796	531	143	114	93	61	96	97	1521
gene-Sir-1	725	234	413	382	60	140	43	18	16	6	1	6	256
gene-Sir-3	1267	331	258	2940	255	475	12	14	38	86	88	104	15
gene-Sirt2	714	693	1071	623	175	129	454	78	171	224	89	71	311
gene-Sirt6	65	30	21	64	5	37	85	16	52	44	65	71	56
gene-Sirt7	224	135	214	165	91	36	1	0	0	9	9	13	331
gene-sit	54	18	13	2	35	40	18	43	17	48	0	13	43
gene-siz	611	236	366	431	103	206	130	77	76	104	166	102	965
gene-SK	7	0	13	1	7	82	3	0	4	1	3	1	140
gene-skd	674	707	1016	425	653	130	63	58	39	167	129	146	1013
gene-Skeletor	5	18	41	7	21	12	0	0	2	0	0	12	72
gene-Ski6	1331	1251	1525	433	1641	682	1957	1053	4095	2092	3493	3252	311
gene-SkpA	1901	2691	3028	2077	1978	1222	4693	3990	6219	3878	5026	5827	3823
gene-sky	1067	1388	2954	2401	1168	1256	381	244	214	578	545	397	13544
gene-sl	156	116	221	112	114	58	46	15	38	45	20	22	471
gene-Slbp	89	59	151	70	52	40	186	86	121	82	120	143	108
gene-Sld5	77	153	197	157	214	78	205	157	207	179	306	351	101
gene-slf	157	56	77	10	42	143	53	13	40	11	44	60	622
gene-slgA	71	27	84	120	114	312	83	51	99	50	93	58	927
gene-Slh	723	323	525	1009	286	526	397	253	620	562	854	794	820
gene-sli	73	75	31	17	85	0	18	5	11	9	10	5	207
gene-Slik	109	93	49	128	71	132	4	7	10	79	78	59	117
gene-slim	183	181	136	246	79	125	329	194	630	275	834	515	221
gene-Slimp	57	88	202	185	98	39	81	117	74	100	153	128	236
gene-sll	87	42	42	66	78	105	30	30	30	28	52	20	274
gene-Slmap	704	554	898	708	443	414	96	37	21	106	116	80	1277
gene-slmb	88	83	141	88	55	18	35	12	3	23	49	23	204
gene-slmo	11320	17756	28590	7320	12249	2548	46085	31576	22800	18915	13281	15472	2423
gene-Sln	0	0	0	0	0	0	0	0	3	0	0	0	1
gene-slo	20	26	26	19	89	194	15	8	17	10	3	4	6236
gene-SLO2	0	0	0	0	17	0	0	0	0	0	4	0	81
gene-Slob	0	0	0	1	0	5	4	0	1	0	0	0	0
gene-sloth1	60	30	69	66	36	119	104	132	311	152	464	278	34
gene-sloth2	5	13	9	5	4	29	6	15	18	32	85	41	14
gene-slou	0	3	0	0	0	0	0	0	0	0	0	0	143
gene-slpr	381	334	332	453	341	270	27	4	20	69	108	43	416
gene-Slu7	941	551	1485	1056	1250	546	418	204	388	502	503	555	850
gene-slv	115	37	32	122	15	66	69	61	144	116	114	231	110
gene-slx1	21	35	24	37	31	12	96	31	69	51	68	37	22
gene-sm	493	443	745	586	460	233	144	76	87	207	141	115	837
gene-smash	1290	843	272	1049	53	377	450	271	158	283	116	125	963
gene-SmB	250	209	462	762	194	419	535	531	646	454	864	776	1431
gene-SMC1	662	197	346	472	155	182	129	88	93	113	85	86	1113
gene-SMC2	76	21	68	32	0	0	6	5	5	7	3	6	208
gene-SMC3	970	648	940	693	270	275	272	163	197	260	149	168	1221
gene-SMC5	152	62	226	69	82	12	60	20	23	13	9	10	30
gene-SMC6	363	167	340	397	234	205	188	101	129	200	79	106	333
gene-SmD1	123	111	290	299	226	267	377	391	776	317	622	553	487
gene-SmD2	205	122	243	325	214	278	520	495	978	547	1030	1002	555
gene-SmD3	267	177	454	536	156	165	307	261	389	271	359	308	803
gene-SmE	229	119	472	359	464	281	623	543	984	632	1039	1044	602
gene-SmF	114	110	240	146	328	239	343	328	601	225	525	474	319
gene-smg	897	514	522	786	320	215	245	122	121	189	198	300	317
gene-Smg5	898	644	750	739	336	197	496	180	441	420	439	386	913
gene-Smg6	404	217	451	366	111	133	44	50	45	83	45	44	670
gene-smid	703	484	613	879	362	425	292	184	369	390	308	215	1423
gene-Smn	553	406	597	551	457	194	622	325	715	492	565	757	472
gene-smog	96	6	20	47	0	8	30	4	15	17	53	12	17
gene-Smox	722	656	900	608	694	546	259	139	100	317	279	171	1465
gene-Smr	2636	1262	1441	1481	2082	569	174	135	96	136	207	184	3049
gene-Sms	669	925	503	623	298	751	579	369	1512	656	936	1098	758
gene-Smu1	410	166	305	335	162	330	54	15	22	24	19	60	715
gene-Smug	153	110	149	61	12	59	188	94	206	169	174	213	33
gene-Smurf	462	451	776	474	333	219	72	36	15	91	54	83	528
gene-Smyd3	243	105	138	246	36	113	127	44	38	123	60	30	1237
gene-Smyd4-2	1	5	0	6	0	20	0	5	7	1	0	0	37
gene-Smyd4-3	11	24	38	10	18	162	11	20	19	9	25	0	411
gene-Smyd4-4	61	43	89	53	16	33	54	16	28	39	32	51	103
gene-Smyd5	77	27	79	100	27	24	37	26	30	42	41	24	169
gene-SmydA-1	5	11	11	20	30	195	15	23	59	23	21	2	1062
gene-SmydA-3	34	60	61	22	65	104	12	23	64	10	17	18	4154
gene-SmydA-4	8	6	33	12	14	183	17	14	13	5	9	2	1397
gene-SmydA-5	9	1	1	11	8	166	13	7	36	10	39	7	0
gene-snama	725	279	667	767	1030	754	102	88	93	142	249	210	1293
gene-Snap29	1456	2156	3571	929	1341	293	923	613	781	613	645	1165	1063
gene-Snapin	141	91	125	206	45	37	190	94	209	185	179	221	53
gene-snf	88	61	145	176	82	27	75	41	286	145	209	192	305
gene-Snf4agamma	917	1768	9278	716	4268	1091	410	135	305	503	464	246	982
gene-sni	369	268	208	537	170	306	725	462	1307	589	925	1172	257
gene-snky	2	6	0	1	0	0	11	0	0	0	0	2	1
gene-Snmp1	0	2	9	0	6	0	0	0	0	0	0	0	0
gene-Snmp2	753	98	132	518	50	1954	2942	288	1240	2620	2396	1587	0
gene-sno	1133	745	1508	692	1023	105	57	30	29	80	63	81	689
gene-Snoo	358	86	154	93	27	37	1	2	1	3	0	0	125
gene-sNPF	2	0	11	0	8	0	0	0	0	0	0	0	49
gene-Snr1	142	55	146	190	55	46	66	31	48	91	51	24	389
gene-Snrk	259	138	261	221	206	121	37	37	43	84	89	76	350
gene-snRNP-U1-70K	371	264	600	438	468	268	68	59	124	93	85	72	1542
gene-snRNP-U1-C	277	222	422	294	140	52	404	350	476	314	472	551	371
gene-SNRPG	216	192	346	618	298	303	842	725	1485	909	1424	1516	654
gene-sns	5	5	0	0	5	0	0	0	0	0	2	0	236
gene-snu	970	951	536	33	441	167	269	130	84	58	111	74	993
gene-Snup	131	179	307	180	65	112	122	66	86	168	68	55	347
gene-Snx1	1481	1120	1432	1521	1164	347	661	268	220	396	212	298	1723
gene-Snx16	526	790	1096	341	1012	259	281	246	151	317	212	232	551
gene-Snx17	698	447	475	417	207	110	283	171	259	104	63	194	443
gene-Snx21	856	2562	3187	712	1615	423	622	628	222	197	180	312	1380
gene-Snx27	131	73	84	84	54	59	19	27	32	30	39	62	565
gene-Snx3	3107	5030	9609	4199	4366	923	3262	2604	2575	2754	2522	3962	2166
gene-Snx6	2075	1725	1709	1693	945	675	934	484	470	554	403	536	1517
gene-snz	57	49	58	46	37	0	17	7	11	18	11	14	41
gene-Sobp	34	61	25	18	22	28	11	0	3	9	0	0	492
gene-SOCS2-12	353	357	779	798	227	503	62	46	61	84	62	68	749
gene-SOCS5	439	419	658	543	511	290	280	124	81	171	95	104	794
gene-SOCS6	194	269	574	119	169	87	142	104	166	129	102	151	159
gene-Sod1	5652	2752	2385	6519	1689	5027	9251	6340	13869	18737	15233	12557	4337
gene-Sod2	904	711	321	1468	495	3556	5617	3073	12152	9075	10400	6306	3855
gene-sog	245	147	100	227	61	98	70	62	27	45	58	58	3623
gene-sol	36	32	45	47	62	16	4	1	0	2	13	3	111
gene-Sol1	3	3	0	11	0	0	0	0	2	1	3	0	4
gene-Son	721	435	802	584	588	436	187	161	199	257	272	167	1087
gene-Sos	97	32	43	43	0	0	5	1	4	1	1	0	47
gene-sosie	0	0	0	3	0	25	0	0	5	0	0	0	0
gene-sotv	19	27	64	10	12	9	9	0	0	0	0	3	4
gene-Sou	1169	2158	3636	781	2186	376	827	778	597	502	442	810	3878
gene-Sox102F	1	2	4	4	0	0	0	4	1	0	7	0	684
gene-Sox15	12	4	12	17	10	39	0	2	5	4	6	0	97
gene-Sox21b	0	3	8	8	7	5	6	7	1	0	0	0	59
gene-SoxB3	0	0	0	0	0	0	0	0	0	0	0	0	1
gene-SoxN	0	0	0	0	0	0	0	0	0	0	0	0	224
gene-Sp1	0	2	0	0	0	0	0	0	0	0	0	0	50
gene-sp3	163	332	559	458	363	37	19	48	19	62	34	44	124
gene-spag	872	612	1635	561	618	141	369	190	215	206	135	162	3599
gene-spag4	0	0	0	0	0	0	0	0	0	0	0	0	0
gene-SPARC	1030	215	184	375	332	1154	161	138	302	67	199	240	3021
gene-spas	107	116	136	45	141	60	24	24	25	29	22	15	230
gene-Spase12	797	431	447	623	402	1133	1817	1451	3688	2840	5247	3978	1398
gene-Spase22-23	7470	7995	7583	3746	3018	1622	13392	11527	16403	8992	10278	10696	1959
gene-Spase25	1247	495	777	1554	596	1453	1530	1794	3440	2473	6589	5741	3594
gene-spdo	29	19	13	26	0	0	5	4	7	4	6	6	0
gene-SpdS	190	155	83	168	70	73	145	67	90	119	184	167	292
gene-Spec2	2073	2955	2085	1633	474	368	3279	1844	1862	1290	1087	1071	941
gene-spel1	84	106	126	71	74	57	61	21	54	35	31	32	183
gene-spen	250	116	127	188	56	72	16	10	10	8	8	10	199
gene-Spf30	874	856	1255	516	854	289	967	856	1107	819	1346	1323	440
gene-Spf45	541	450	640	592	454	322	826	517	782	638	507	604	632
gene-spg	229	210	274	156	198	173	63	35	29	137	55	61	235
gene-Spg7	1199	273	751	2315	382	1052	583	86	547	277	372	252	1747
gene-spict	171	154	112	224	7	91	122	86	267	219	353	290	74
gene-spidey	252	47	50	489	4	75	69	32	90	82	67	54	261
gene-spin	1878	1398	1938	2330	719	1381	1373	787	1765	868	1830	2012	767
gene-Spindly	45	8	15	40	17	111	27	11	73	58	117	96	76
gene-spir	637	268	324	366	159	169	87	49	46	142	177	150	44
gene-Sply	11130	8140	6995	6262	3157	1006	4736	1387	2518	1054	4391	2909	1644
gene-Spn	1368	586	483	1066	414	466	93	89	81	304	293	242	1332
gene-spn-A	394	459	871	272	92	132	331	265	356	186	109	226	285
gene-spn-E	482	165	364	344	142	89	55	15	34	55	28	15	137
gene-spn-F	114	227	259	113	156	63	97	83	43	112	143	144	54
gene-SPoCk	151	383	422	254	544	167	49	29	20	47	81	49	497
gene-spoon	310	254	1024	1224	290	217	160	53	95	270	209	124	1109
gene-SppL	129	110	191	133	125	112	49	36	30	35	32	39	1098
gene-SPR	42	178	183	86	63	566	106	52	135	27	49	50	38
gene-Spred	182	135	198	82	179	124	47	38	26	12	17	31	1139
gene-spri	368	554	1024	355	316	194	140	88	103	169	81	139	1282
gene-sprt	1	0	0	0	0	0	0	0	0	0	0	0	148
gene-Sps1	777	450	933	839	452	446	813	560	1130	653	596	841	3548
gene-Spt-I	416	293	465	1403	116	473	274	111	270	792	656	668	397
gene-spt4	299	346	726	245	393	227	529	568	883	527	734	1007	319
gene-Spt5	2058	1131	2139	1848	1153	488	95	74	55	49	90	94	3304
gene-Spt6	1796	1426	2547	1338	1266	311	300	116	122	103	66	115	2435
gene-Sptr	660	480	652	498	284	375	1208	896	1224	775	1137	876	1637
gene-Sptz	542	436	656	252	248	129	113	78	76	81	89	82	520
gene-Spx	404	231	393	628	419	408	67	53	37	30	10	22	802
gene-SPZ1	7	50	8	72	30	40	78	60	68	44	8	43	124
gene-spz3	0	110	13	1	0	32	2	24	8	0	30	81	276
gene-spz4	0	0	2	0	3	0	0	0	0	4	0	0	6
gene-spz5	3	7	0	0	0	0	0	0	2	0	0	0	22
gene-spz6	1	0	2	3	49	0	3	0	0	0	0	0	9
gene-sqd	8909	8838	15668	13549	9212	4613	5264	3296	4878	3559	2719	2474	38899
gene-sqh	2353	2437	3154	3175	1336	1383	1829	1300	2868	1330	1711	2745	8415
gene-Sqor	283	52	115	229	9	199	110	43	190	144	336	213	177
gene-sr	2	29	27	33	12	135	8	2	6	15	13	6	2352
gene-sra	130	202	212	214	134	81	99	33	111	124	134	100	274
gene-Sra-1	1017	183	291	722	84	199	36	10	24	43	61	56	825
gene-Sras	23	16	21	45	22	12	8	0	16	28	36	29	96
gene-Src42A	300	133	283	238	7	90	72	20	23	7	4	15	365
gene-Src64B	358	883	1900	312	865	235	200	53	95	130	88	182	1273
gene-SREBP	4193	3239	3809	6038	1293	2583	1295	667	650	854	581	892	1482
gene-srl	144	161	226	289	151	92	24	42	16	91	64	49	484
gene-sro	2	0	0	1	0	0	0	0	0	0	0	0	143
gene-Srp14	495	406	477	792	467	394	1198	1171	1777	1532	2383	1806	1183
gene-Srp19	599	383	578	705	534	542	1834	1012	2233	1264	2544	1974	646
gene-Srp54	2991	1115	1134	2496	466	603	843	359	779	317	363	439	2124
gene-Srp54k	2167	1379	3025	2438	2226	1510	1183	744	1228	1816	2821	2210	3132
gene-Srp68	1263	475	733	1395	595	1358	908	314	880	755	1136	770	3001
gene-Srp72	1698	772	1108	1918	954	1180	797	319	618	449	711	544	2528
gene-Srp9	144	222	244	137	216	304	510	494	918	736	1449	971	212
gene-SRPK	958	995	1288	1003	594	523	816	324	488	677	498	478	3644
gene-SrpRalpha	1288	1228	1465	1542	383	577	432	129	353	620	156	407	925
gene-SrpRbeta	1467	1847	3096	1321	907	400	3437	1281	1884	1735	2071	2082	1959
gene-Srrm1	3363	1390	3127	3300	2804	2596	816	451	797	1004	1206	755	5344
gene-Srrm234	999	342	628	882	489	991	259	124	192	206	129	139	2259
gene-Srx	1927	35867	69349	1682	14052	290	3524	4670	1573	614	995	1629	572
gene-ss	1	3	1	3	6	0	0	0	0	0	0	0	0
gene-Ssadh	2967	1232	678	2018	350	841	2162	1004	4471	2782	3565	2958	189
gene-Ssb-c31a	1159	683	539	1133	664	1584	3980	3242	9709	4506	10676	11069	598
gene-Ssdp	421	275	471	617	474	492	149	65	89	245	252	227	1736
gene-Sse	10	3	24	13	10	0	8	3	4	0	7	4	40
gene-ssh	1083	1155	1373	724	969	354	314	144	109	86	40	127	1430
gene-Ssk	8822	9765	11815	23338	4073	4313	14457	11441	12383	15130	9763	14934	30
gene-Ssl1	79	40	56	97	28	62	87	36	64	41	39	47	105
gene-ssp3	156	80	254	120	101	130	46	22	29	52	62	28	315
gene-ssp6	7	12	9	10	30	0	7	6	5	9	8	7	0
gene-SsRbeta	1079	370	426	2956	303	2371	705	437	1802	1763	6972	3187	4622
gene-Ssrp	469	390	612	436	341	131	154	60	88	67	54	61	666
gene-sstn	352	528	937	417	329	233	216	139	175	217	215	251	438
gene-Ssu72	436	438	501	447	304	169	895	934	1392	1016	1394	1438	411
gene-St2	2	0	0	0	0	0	0	0	0	0	0	0	5
gene-st4	103	0	0	0	0	0	0	0	19	0	19	0	590
gene-ST5	1314	5270	183	609	2168	548	438	398	396	259	247	201	680
gene-sta	9351	5849	8633	19959	10837	14161	4571	3836	2876	3763	2548	1822	61269
gene-stac	638	455	357	328	198	481	153	125	129	149	185	177	3679
gene-Stacl	3	0	3	0	0	15	0	0	0	0	0	0	422
gene-stai	4611	28461	71461	14739	32763	827	265	614	80	339	23	1062	19494
gene-Stam	3649	3527	4716	1905	2692	631	138	109	45	31	17	60	1655
gene-stan	5	65	5	17	7	0	35	26	6	11	8	16	911
gene-Start1	518	375	1066	242	1017	1454	123	63	756	736	4385	628	437
gene-stas	656	930	1508	456	815	157	979	817	813	441	717	812	302
gene-Stat92E	862	941	1255	1225	897	907	198	117	72	323	195	148	3265
gene-stau	1082	466	685	1199	521	777	115	80	83	207	172	181	3838
gene-stc	657	205	428	395	177	198	47	88	55	94	128	236	815
gene-stck	387	313	324	382	161	600	188	101	187	155	158	197	853
gene-ste14	138	38	58	175	20	84	88	12	86	104	92	101	228
gene-step	553	920	1325	1265	595	266	350	263	145	440	157	212	802
gene-stet	1	0	6	4	0	23	0	6	2	0	0	0	243
gene-stg1	5	15	25	21	0	82	14	0	8	8	3	3	459
gene-Stim	674	902	1853	395	360	139	153	83	93	85	45	72	629
gene-Stip1	4738	1524	2412	4835	1197	1903	854	473	1268	754	763	957	5614
gene-stj	6	0	777	11	33	44	3	8	3	4	0	0	41
gene-stl	0	2	6	0	0	0	0	0	0	0	0	0	79
gene-Stlk	435	474	913	277	238	35	409	306	188	161	94	141	651
gene-stmA	796	412	486	810	333	364	69	74	86	173	247	219	1053
gene-stol	4	1	0	11	0	7	0	0	2	5	5	2	21
gene-Stoml2	500	271	520	765	383	308	1136	711	1194	878	1233	1825	454
gene-stops	1	4	10	5	6	0	0	3	0	0	0	2	0
gene-strat	85	44	49	153	22	83	194	115	256	138	352	319	105
gene-Strip	384	304	423	322	89	71	134	71	76	100	83	132	461
gene-Strump	377	368	601	381	231	62	328	188	213	385	246	312	124
gene-Stt3A	571	248	512	1136	284	466	114	24	71	164	321	195	3335
gene-Stt3B	754	247	385	1534	221	1118	220	115	214	391	731	303	3431
gene-STUB1	775	651	1545	587	683	277	530	182	358	372	273	411	1022
gene-stumps	347	152	409	232	463	153	70	34	37	43	31	33	1595
gene-sturkopf	0	0	0	0	0	0	0	0	0	0	0	0	0
gene-stv	1379	601	2953	1717	1512	2244	253	127	405	185	282	169	6167
gene-stw	1	7	6	4	0	0	0	0	0	2	0	0	1108
gene-stx	1516	1809	1965	1301	1077	513	559	308	288	527	422	410	1282
gene-sty	173	114	72	220	87	194	91	56	80	58	47	72	426
gene-Su(dx)	6066	2953	3592	4830	1921	1713	1645	903	1154	1115	1082	1269	1885
gene-su(f)	149	39	77	154	54	71	48	35	58	20	70	48	457
gene-Su(fu)	202	181	327	130	170	33	89	50	62	7	3	12	266
gene-Su(H)	139	85	125	160	64	56	73	31	36	53	82	58	339
gene-Su(P)	321	138	186	239	28	62	251	81	200	225	305	162	209
gene-su(r)	660	334	183	1495	109	1196	355	155	335	571	818	912	191
gene-su(sable)	556	618	911	588	453	320	190	129	101	228	132	149	496
gene-Su(Tpl)	1125	1478	4470	1135	2838	400	220	152	123	437	437	401	1417
gene-Su(var)2-10	484	223	502	621	269	313	56	44	45	148	116	96	970
gene-Su(var)3-3	153	150	171	170	68	103	81	67	48	68	62	45	155
gene-su(w[a])	140	56	82	154	33	26	58	39	19	64	27	45	146
gene-Su(z)12	478	220	343	173	64	35	3	0	1	3	3	3	302
gene-sud1	218	73	157	282	57	103	5	2	2	3	0	2	627
gene-Sugb	37	31	50	52	0	65	42	27	31	18	40	54	119
gene-Sulf1	124	78	108	244	278	507	28	16	36	94	119	97	631
gene-Sult	46	9	82	317	58	162	471	11	74	169	1315	376	1
gene-Sumo	2562	2631	2810	3942	1531	1649	7326	4989	11172	5613	6692	9597	4889
gene-sun	1510	1049	764	2650	963	5672	11720	6053	35840	19917	38906	27621	7201
gene-Sur	53	28	23	52	38	57	2	4	4	5	19	8	35
gene-Sur-8	296	316	274	395	107	48	218	99	225	147	217	163	743
gene-Surf1	294	92	181	554	75	214	747	238	1043	517	1329	932	248
gene-Surf4	2064	301	249	1628	391	2333	916	340	1707	1696	2858	1820	3876
gene-Suv3	322	396	461	282	349	69	322	100	224	128	141	174	439
gene-sv	0	0	0	1	0	0	0	0	0	0	0	0	20
gene-Svil	4942	4932	7682	5773	5857	1491	816	378	217	581	366	585	9086
gene-Svip	1210	1385	1948	1095	643	194	2191	1281	1695	1108	1462	1489	502
gene-svp	9	0	0	1	0	0	0	0	0	0	0	0	250
gene-svr	258	166	349	204	67	194	35	29	31	54	50	48	942
gene-sw	819	286	317	1224	119	467	106	43	74	93	73	92	1485
gene-swi2	25	25	39	174	247	63	129	60	175	69	31	14	0
gene-Swim	8940	5285	21909	1793	1935	1600	528	399	239	654	360	164	2060
gene-SWIP	435	285	746	304	358	170	177	80	178	194	108	309	214
gene-Swip-1	190	557	1062	309	390	554	464	238	286	130	92	88	337
gene-swm	351	259	231	168	187	197	102	42	33	145	130	112	571
gene-sws	137	237	1026	281	500	69	5	8	3	34	19	20	327
gene-Swt1	74	62	102	50	73	30	51	15	30	52	43	19	138
gene-sxc	3096	1764	1185	1678	300	458	581	489	408	486	437	337	1505
gene-Sxl	114	97	187	70	79	0	52	26	27	39	14	16	205
gene-syd	512	419	540	368	434	75	115	55	54	94	81	90	799
gene-Sym	789	467	860	901	671	315	284	109	169	169	102	103	1237
gene-Syn	10	18	3	242	0	24	65	16	1	6	7	15	10
gene-Syn1	75	28	84	63	65	10	24	7	3	22	6	14	60
gene-Syn2	4	0	4	0	0	0	0	0	0	0	1	2	12
gene-Synd	2265	641	417	3151	333	2072	773	409	770	1236	1769	1131	1577
gene-Syngr	12	19	37	31	49	129	20	27	13	25	28	8	348
gene-Synj	1249	897	1366	663	667	247	287	96	225	299	235	237	263
gene-Sys1	374	415	443	353	158	140	474	287	378	415	549	603	182
gene-Syt14	1	1	0	2	0	0	1	0	0	1	2	0	27
gene-Syt4	4	4	0	4	3	12	2	8	3	3	0	3	41
gene-Syt7	8	13	27	4	109	87	33	34	15	13	5	0	35
gene-Syti	382	829	207	421	125	25	279	199	200	114	87	144	241
gene-Syx13	364	790	1458	333	883	68	175	104	68	101	44	95	627
gene-Syx16	63	69	62	76	10	12	54	26	15	54	34	73	70
gene-Syx17	878	1149	1602	725	683	202	139	79	78	83	74	86	480
gene-Syx18	331	287	409	381	109	175	628	518	596	451	626	853	229
gene-Syx1A	1378	1183	855	1467	199	380	398	323	461	543	613	632	733
gene-Syx5	1142	882	1390	849	540	300	1943	1083	1807	1240	1794	1869	554
gene-Syx6	482	651	1449	462	518	296	370	161	245	324	252	288	315
gene-Syx7	4190	6547	11730	2945	4585	741	3767	2144	2290	1865	1148	1967	1181
gene-T3dh	1264	491	430	2545	170	1119	705	192	706	1117	898	850	211
gene-T48	23	24	8	10	6	74	6	2	6	0	0	1	204
gene-tab1	349	237	473	407	120	118	444	179	395	378	352	449	295
gene-Tab2	579	555	907	488	508	312	124	100	41	142	148	151	975
gene-Tace	476	317	558	409	430	85	133	129	181	89	122	99	125
gene-tadr	0	1	13	0	8	0	0	0	0	0	0	0	16
gene-Taf1	859	445	707	683	318	341	78	57	99	108	78	155	859
gene-Taf11	240	547	860	366	290	121	644	430	502	533	493	514	479
gene-Taf12	1076	1283	1373	528	533	130	1800	1239	1328	857	810	1102	352
gene-Taf13	317	335	712	483	299	151	612	722	872	812	1026	1215	406
gene-TAF1B	26	4	50	35	4	0	12	2	2	6	2	0	12
gene-TAF1C-like	37	105	94	55	12	38	147	50	59	96	131	149	169
gene-Taf2	708	436	648	630	219	137	212	99	134	103	86	72	962
gene-Taf3	387	360	461	369	156	93	67	37	36	82	34	35	623
gene-Taf5	496	328	536	456	170	130	315	148	274	290	294	329	492
gene-Taf8	296	288	531	294	300	163	314	206	667	478	502	537	317
gene-Taf9	302	294	383	551	181	658	379	312	479	425	449	545	623
gene-tai	1892	1482	1568	1769	1010	568	96	117	73	373	215	253	706
gene-Tak1	443	371	535	485	329	252	116	15	60	25	17	26	1853
gene-Taldo	4398	1576	2041	7976	933	1828	8060	4918	16427	8247	9258	10993	2168
gene-tam	71	24	99	54	90	0	17	8	22	20	24	13	62
gene-tamo	519	705	981	490	325	114	122	53	42	66	35	68	239
gene-tan	241	356	1362	320	338	137	141	134	221	169	192	196	10
gene-Tango1	1169	449	818	1425	438	604	209	160	71	169	279	229	1993
gene-Tango10	527	451	525	416	228	98	187	144	124	106	71	88	307
gene-Tango11	1800	2435	3322	1326	1620	538	3925	4879	4114	2464	3173	3648	1191
gene-Tango14	362	138	74	492	64	320	762	474	1449	594	1762	1045	182
gene-Tango2	100	95	84	178	49	145	247	156	421	388	699	462	105
gene-Tango4	302	219	395	371	411	179	415	269	393	304	434	336	761
gene-Tango5	269	82	770	306	193	76	58	13	56	98	164	113	515
gene-Tango6	212	227	807	160	306	49	227	149	140	170	168	196	135
gene-Tango9	355	310	702	242	43	33	115	63	18	31	14	27	374
gene-tank	274	385	855	196	261	281	179	72	134	129	247	127	560
gene-Tao	480	118	195	382	14	36	15	6	11	1	6	0	269
gene-tap	0	0	0	0	0	0	0	6	0	5	0	0	0
gene-Tap42	917	564	492	1287	413	297	910	353	736	531	346	422	582
gene-tapas	2019	593	1258	851	374	607	397	65	201	204	267	279	1573
gene-Tapdelta	747	205	307	2111	260	3127	532	139	635	363	1499	606	3198
gene-TAR2	1	2	1	0	0	0	0	0	0	4	0	0	0
gene-tara	632	1037	1736	914	430	379	201	123	83	143	123	122	1290
gene-Tasp1	128	117	125	132	157	85	218	200	259	209	181	249	159
gene-tau	1698	863	733	1666	447	1563	2916	1179	2551	2272	2131	2149	652
gene-tay	535	244	156	438	141	163	6	27	2	19	17	33	1267
gene-Taz	1440	1287	2104	2310	1682	482	399	217	232	313	266	388	808
gene-Tbc1d15-17	2903	2744	3373	1967	1060	566	880	432	357	697	205	405	2075
gene-TBC1D16	791	762	1613	349	239	19	186	182	94	114	52	99	37
gene-Tbc1d22	1394	805	915	1150	595	349	531	218	273	376	294	229	1186
gene-TBC1D23	449	385	489	534	102	198	372	159	208	312	232	322	164
gene-TBC1D5	218	157	122	149	25	77	105	26	30	71	15	43	52
gene-TBC1d7	222	106	181	236	84	129	287	144	323	311	194	248	342
gene-Tbc1d8-9	1729	1931	1442	1573	1030	545	909	399	379	551	427	706	549
gene-Tbca	979	764	1780	1677	714	419	947	376	650	501	357	2090	680
gene-TBCB	1270	859	1236	1166	612	449	938	539	771	581	596	967	1028
gene-TBCC	1241	1573	1501	1973	798	864	2596	963	1540	1523	2356	3346	2022
gene-TBCD	1077	903	1053	785	522	222	212	166	170	164	168	164	1169
gene-Tbce	1948	2055	3573	1878	1790	381	1942	988	1265	800	834	1155	1312
gene-Tbh	0	4	7	5	0	7	0	0	2	0	6	0	13
gene-Tbp	211	167	180	238	140	96	193	136	328	234	231	272	248
gene-Tcs1	117	105	117	225	89	98	286	91	242	170	430	433	160
gene-Tcs3	244	133	268	423	119	75	499	368	808	484	438	503	431
gene-Tctp	30625	39799	51512	57669	41057	28222	152185	128264	147173	127292	91430	93800	105451
gene-Tdc2	0	8	3	1	0	0	3	0	0	0	0	0	31
gene-Tdh	6	2	11	10	0	104	10	12	36	16	39	3	274
gene-TDRD12	18	22	26	25	17	0	17	8	2	0	3	11	36
gene-tefu	194	126	207	133	268	196	54	22	81	76	66	63	356
gene-Teh1	11	8	10	7	2	0	5	1	12	10	16	8	1
gene-Teh2	3	2	5	5	0	0	0	0	0	0	0	0	227
gene-Teh3	1	0	0	0	0	0	0	0	0	0	0	0	29
gene-tej	253	117	240	174	185	119	4	11	5	5	8	7	446
gene-Tektin-A	0	0	0	0	0	0	0	0	0	0	0	0	0
gene-temp	134	164	265	121	139	57	122	132	82	184	110	128	198
gene-Ten-a	9	6	69	7	59	34	0	0	3	4	0	0	2963
gene-Ten-m	74	51	90	77	139	155	31	12	41	43	77	57	888
gene-TER94	20117	12948	18263	11370	11999	5298	2204	997	935	717	1234	1061	60968
gene-Tert	23	25	76	37	13	9	86	81	7	57	7	43	2
gene-Tes	3395	2123	1168	5465	475	781	2094	1394	2142	1534	1459	1804	406
gene-Tet	232	202	104	80	64	178	26	6	24	71	92	41	203
gene-tex	82	47	98	155	35	25	111	52	54	55	113	32	147
gene-tey	17	11	29	17	42	51	11	9	0	0	1	7	0
gene-Tf	121	84	165	62	97	1581	54	33	109	33	93	21	469
gene-TFAM	339	263	365	352	251	339	598	481	867	459	817	648	455
gene-TfAP-2	54	10	35	6	12	6	14	5	27	7	8	29	17
gene-Tfb1	200	133	271	136	100	52	76	46	44	44	55	40	200
gene-Tfb4	90	83	211	140	97	20	236	151	206	174	154	171	161
gene-Tfb5	89	43	47	76	39	28	135	123	269	84	126	145	113
gene-TfIIA-L	759	738	1055	968	403	315	649	423	488	558	579	568	878
gene-TfIIA-S	402	529	779	381	535	364	1048	1183	1887	1440	1918	2169	326
gene-TfIIB	646	560	1345	636	810	557	288	187	147	417	384	212	1197
gene-TfIIEalpha	155	115	94	242	101	116	178	96	225	272	294	267	254
gene-TfIIEbeta	361	478	664	398	402	109	540	426	495	478	505	643	775
gene-TfIIFalpha	2305	1101	2349	2362	1645	1051	1785	1456	1617	2805	1550	1803	3436
gene-TfIIS	885	819	1209	952	475	298	815	537	1505	1047	1521	1649	1614
gene-Tgi	312	1050	1973	358	626	81	113	136	73	61	39	48	553
gene-tgo	781	576	1391	718	417	193	112	126	92	132	113	109	1036
gene-Tgs1	2282	3152	2341	902	519	351	1941	1054	1202	694	749	965	667
gene-Tgt	404	469	627	430	441	166	598	579	644	552	521	695	222
gene-TH1	448	229	393	418	234	172	509	287	676	409	623	690	400
gene-THADA	47	21	47	75	13	21	4	2	10	1	22	10	59
gene-Theg	2	2	1	0	17	0	11	2	39	7	43	13	0
gene-THG	61	109	124	93	83	21	79	120	155	132	136	141	74
gene-tho2	1415	650	1318	986	1815	891	153	96	185	250	214	255	2140
gene-thoc5	523	396	610	513	405	155	270	242	372	437	310	592	598
gene-thoc6	127	93	110	156	41	92	314	113	295	304	193	283	164
gene-thoc7	106	47	222	178	69	68	170	151	320	208	258	239	210
gene-Thor	1437	1354	567	2586	61	917	1380	702	409	2170	405	513	2091
gene-ThrRS	664	273	280	1372	98	296	198	56	173	158	182	84	1473
gene-thw	1	4	3	1	0	0	0	0	0	0	0	0	9
gene-Tif-IA	310	403	777	1699	224	85	222	152	143	212	99	113	267
gene-tilB	0	0	9	0	11	0	0	0	0	0	0	0	0
gene-tim	4823	2903	4540	2797	2242	1826	1282	622	1187	1431	1276	1006	3028
gene-Tim10	491	241	380	988	229	555	838	357	1273	751	1489	890	790
gene-Tim23	261	234	192	768	114	141	383	315	618	442	616	670	696
gene-Tim8	898	668	884	1261	515	569	2507	1788	5522	2482	4945	4323	469
gene-Tim9a	46	39	59	160	37	100	124	118	271	202	737	317	151
gene-Time	1445	671	616	452	684	1781	1528	613	1923	1589	1468	961	23807
gene-timeout	62	52	118	77	95	14	18	14	22	29	41	13	206
gene-Timp	602	127	182	2480	39	1393	968	604	1142	967	2103	2920	982
gene-Tip60	699	605	1098	677	449	233	435	191	350	454	204	295	1017
gene-tipE	0	1	0	0	0	0	0	0	0	0	0	0	20
gene-Tis11	5523	8625	2973	2084	968	572	914	596	191	251	95	216	8531
gene-Tk	268	137	247	390	51	132	208	217	91	213	75	135	14
gene-tkv	570	441	1035	492	686	502	244	118	139	469	214	118	3557
gene-Tkz	32	28	107	7	52	46	0	8	0	0	5	14	1167
gene-Tlk	854	652	1712	1038	894	561	413	203	342	299	317	204	3525
gene-Tm	410	568	716	387	412	212	783	902	974	922	857	991	340
gene-Tm1	13764	8690	9911	21530	10534	43433	25933	13425	44202	13071	19174	11891	47914
gene-Tm2	3268	3072	1933	3020	5610	41182	19225	7299	26981	5838	7184	3371	19200
gene-TM9SF2	1597	342	161	2766	198	517	359	18	292	321	339	122	1940
gene-TM9SF3	1229	756	806	1361	329	671	1273	573	1070	1113	1681	1538	1001
gene-TM9SF4	588	459	468	579	156	240	475	300	555	482	481	633	632
gene-Tmc	4	1	0	0	0	0	0	0	0	0	0	0	35
gene-Tmem131	450	164	131	368	269	352	1	0	1	8	7	11	1246
gene-Tmem18	1005	368	215	746	225	499	1217	371	868	743	1120	865	1234
gene-Tmem214	1472	1445	1318	2035	873	1091	1022	645	808	1110	959	836	3202
gene-Tmem43	54	41	25	92	17	16	21	27	15	20	35	39	20
gene-Tmem63	3870	4520	7365	3876	2766	724	1490	1282	1255	1434	1346	1047	1357
gene-Tmep	7158	7024	10408	6147	5284	2016	2322	1442	1670	2160	1524	2121	2460
gene-Tmf	421	190	490	332	89	89	92	19	54	55	46	23	230
gene-Tmhs	6	38	149	22	32	107	60	28	58	35	36	55	478
gene-Tmlh	186	99	27	93	25	1055	892	89	2009	636	2897	1316	456
gene-tmod	6286	6210	4900	5220	3077	1696	1033	634	406	633	545	607	16390
gene-Tmtc2	6	16	33	11	17	0	0	0	2	3	0	1	26
gene-Tmtc3	39	9	35	25	11	0	11	0	3	2	1	1	648
gene-tn	265	310	1344	167	2183	1415	116	69	110	52	78	11	51484
gene-tna	760	757	1780	618	898	138	219	156	89	236	167	176	1326
gene-Tnks	192	53	43	158	11	9	6	3	0	8	1	4	199
gene-Tnpo	1462	1197	1093	1288	779	620	348	217	193	293	293	262	942
gene-Tnpo-SR	556	253	167	495	62	286	147	47	39	59	53	87	621
gene-Tob	520	200	297	715	30	356	205	145	162	327	192	161	102
gene-toc	454	379	327	740	123	411	100	100	51	88	58	96	1017
gene-tok	99	28	22	2	14	5	7	3	1	0	7	0	3536
gene-Toll-6	2	5	7	3	0	21	0	6	3	2	0	4	830
gene-Tollo	0	0	4	3	0	0	0	0	1	0	0	0	1359
gene-Tom70	1975	1366	973	1835	340	662	1631	494	975	1135	1418	860	1575
gene-Tomosyn	706	415	631	514	546	495	40	56	59	202	254	220	1065
gene-Top1	2249	1025	2915	1604	882	580	750	387	644	850	893	922	1773
gene-Top2	428	358	924	585	291	248	141	61	60	64	30	56	1614
gene-Top3alpha	16	15	12	27	0	0	22	0	4	2	0	0	69
gene-Top3beta	193	106	145	225	22	78	67	45	46	28	49	26	344
gene-TOR1	346	233	406	179	287	110	121	103	86	24	40	56	329
gene-TORIP	515	457	1057	610	537	228	732	472	761	584	694	880	277
gene-Torsin	367	606	1099	164	374	81	419	309	348	205	300	313	266
gene-torso	6	9	1	0	0	0	5	5	16	1	2	0	7
gene-tos	48	28	117	60	50	45	63	32	56	38	88	43	52
gene-tous	21	14	13	8	6	77	19	8	12	22	22	33	16
gene-tow	7	3	26	6	16	0	1	0	3	0	0	0	23
gene-Tpi	2992	1355	2049	2687	913	1912	2738	1967	5379	2264	3438	8390	2151
gene-TpnC25D	132	228	148	173	332	3929	1027	956	2964	604	2180	229	3921
gene-TpnC41C	0	0	0	0	0	22	0	9	0	0	1	6	5236
gene-TpnT	5130	3727	2505	4535	7744	66530	12550	4775	19747	3987	8258	2461	38867
gene-TppII	862	379	659	505	648	297	77	58	68	60	139	93	4459
gene-Tpr2	3044	3454	5541	2800	2758	1436	3084	1738	2253	3368	1721	1848	3645
gene-Tps1	1074	138	2249	488	442	180	105	373	284	49	422	398	587
gene-Tpst	402	200	281	406	472	460	33	20	37	25	39	57	1108
gene-TPT	130	58	46	140	42	117	63	25	25	41	65	36	320
gene-Tra2	1045	416	985	991	577	833	444	264	609	507	650	695	2029
gene-Traf-like	2154	1202	2701	2615	650	275	568	175	560	531	322	353	0
gene-Traf4	71	30	203	53	81	48	8	11	14	15	6	6	973
gene-TRAM	950	399	479	1646	289	779	629	365	742	985	2777	1300	4752
gene-Trap1	518	258	479	726	282	486	324	197	614	442	947	558	1064
gene-Trax	385	125	136	294	71	118	491	342	942	413	396	463	455
gene-trbd	409	232	326	351	57	50	10	3	3	1	0	8	346
gene-trc	984	938	1839	551	904	266	313	163	152	162	157	149	888
gene-Trc8	2170	1247	1747	1162	1107	408	365	214	294	158	177	164	1031
gene-Tre1	199	110	342	401	171	4	38	31	28	39	22	52	199
gene-Treh-2	227	133	147	406	56	190	58	39	82	90	298	101	661
gene-Tret1	17	30	707	216	973	73	40	18	28	13	15	5	1401
gene-trh	26	31	36	18	30	13	20	7	5	3	7	5	335
gene-Trhn	0	0	0	0	2	0	0	0	0	0	0	0	12
gene-Trim9	204	137	325	658	53	90	19	15	16	112	32	39	218
gene-trio	2972	1078	1430	2386	1456	1653	509	199	271	315	491	378	1963
gene-Trissin	0	0	14	0	9	0	65	29	52	52	42	34	0
gene-Trm1	190	106	115	242	67	188	150	88	116	69	152	183	325
gene-Trmt112	160	93	199	217	57	175	311	405	702	512	941	717	220
gene-Trmt6	63	62	83	49	27	10	32	68	58	85	172	61	29
gene-Trmt61	38	18	65	100	24	55	35	38	61	63	91	38	83
gene-TRNAA-AGC	0	0	0	0	0	0	0	0	0	0	0	0	0
gene-TRNAA-AGC-14	0	0	0	0	0	0	0	0	0	0	0	0	0
gene-TRNAA-AGC-15	0	0	0	0	0	0	0	0	0	0	0	0	0
gene-TRNAA-AGC-27	0	0	0	0	0	0	0	0	0	0	0	0	0
gene-TRNAA-AGC-30	0	0	0	0	0	0	0	0	0	0	0	0	0
gene-TRNAA-AGC-6	0	0	0	0	0	0	0	0	0	0	0	0	0
gene-TRNAA-AGC-7	0	0	0	0	0	0	0	0	0	0	0	0	0
gene-TRNAA-CGC	0	0	0	0	0	0	0	0	0	0	0	0	0
gene-TRNAA-CGC-14	0	0	0	0	0	0	0	0	0	0	0	0	0
gene-TRNAA-CGC-3	0	0	0	0	0	0	0	0	0	0	0	0	0
gene-TRNAA-CGC-5	0	0	0	0	0	0	0	0	0	0	0	0	0
gene-TRNAA-UGC	0	0	0	0	0	0	0	0	0	0	0	0	0
gene-TRNAA-UGC-2	0	0	0	0	0	0	0	0	0	0	0	0	0
gene-TRNAA-UGC-5	0	0	0	0	0	0	0	0	0	0	0	0	0
gene-TRNAC-GCA	0	0	0	0	0	0	0	0	0	0	0	0	0
gene-TRNAC-GCA-10	0	0	0	0	0	0	0	0	0	0	0	0	0
gene-TRNAC-GCA-14	0	0	0	0	0	0	0	0	0	0	0	0	0
gene-TRNAC-GCA-2	0	0	0	0	0	0	0	0	0	0	0	0	0
gene-TRNAC-GCA-4	0	0	0	0	0	0	0	0	0	0	0	0	0
gene-TRNAC-GCA-8	0	0	0	0	0	0	0	0	0	0	0	0	0
gene-TRNAC-GCA-9	0	0	0	0	0	0	0	0	0	0	0	0	0
gene-TRNAD-AUC	0	0	0	0	0	0	0	0	0	0	0	0	0
gene-TRNAD-AUC-4	0	0	0	0	0	0	0	0	0	0	0	0	0
gene-TRNAD-GUC	0	0	0	0	0	0	1	0	0	0	0	0	0
gene-TRNAD-GUC-26	0	0	0	0	0	0	1	0	0	0	0	0	0
gene-TRNAD-GUC-3	0	0	0	0	0	0	0	0	0	0	0	0	0
gene-TRNAD-GUC-31	0	0	0	0	0	0	0	0	0	0	0	0	0
gene-TRNAE-CUC	0	0	0	0	0	0	0	0	0	0	0	0	0
gene-TRNAE-CUC-10	0	0	0	0	0	0	0	0	0	0	0	0	0
gene-TRNAE-CUC-11	0	0	0	0	0	0	0	0	0	0	0	0	0
gene-TRNAE-CUC-26	0	0	0	0	0	0	0	0	0	0	0	0	0
gene-TRNAE-CUC-27	0	0	0	0	0	0	0	0	0	0	0	0	0
gene-TRNAE-CUC-7	0	0	0	0	0	0	0	0	0	0	0	0	0
gene-TRNAE-CUC-9	0	0	0	0	0	0	0	0	0	0	0	0	0
gene-TRNAE-UUC	0	0	0	0	0	0	0	0	0	0	0	0	0
gene-TRNAE-UUC-21	0	0	0	0	0	0	0	0	0	0	0	0	0
gene-TRNAE-UUC-25	0	0	0	0	0	0	0	0	0	0	0	0	0
gene-TRNAE-UUC-28	0	0	0	0	0	0	0	0	0	0	0	0	0
gene-TRNAE-UUC-3	0	0	0	0	0	0	0	0	0	0	0	0	0
gene-TRNAE-UUC-32	0	0	0	0	0	0	0	0	0	0	0	0	0
gene-TRNAF-GAA	0	0	0	0	0	0	0	0	0	0	0	0	0
gene-TRNAF-GAA-10	0	0	0	0	0	0	0	0	0	0	0	0	0
gene-TRNAF-GAA-16	0	0	0	0	0	0	0	0	0	0	0	0	0
gene-TRNAF-GAA-17	0	0	0	0	0	0	0	0	0	0	0	0	0
gene-TRNAF-GAA-18	0	0	0	0	0	0	0	0	0	0	0	0	0
gene-TRNAF-GAA-19	0	0	0	0	0	0	0	0	0	0	0	0	0
gene-TRNAF-GAA-20	0	0	0	0	0	0	0	0	0	0	0	0	0
gene-TRNAF-GAA-7	0	0	0	0	0	0	0	0	0	0	0	0	0
gene-TRNAG-ACC	0	0	0	0	0	0	0	0	0	0	0	0	0
gene-TRNAG-ACC-2	0	0	0	0	0	0	0	0	0	0	0	0	0
gene-TRNAG-CCC	0	0	0	0	0	0	0	0	0	0	0	0	0
gene-TRNAG-CCC-10	0	0	0	0	0	0	0	0	0	0	0	0	0
gene-TRNAG-CCC-5	0	0	0	0	0	0	0	0	0	0	0	0	0
gene-TRNAG-CCC-8	0	0	0	0	0	0	0	0	0	0	0	0	0
gene-TRNAG-CCC-9	0	0	0	0	0	0	0	0	0	0	0	0	0
gene-TRNAG-GCC	0	0	0	0	0	0	0	0	0	0	0	0	0
gene-TRNAG-GCC-10	0	0	0	0	0	0	0	0	0	0	0	0	0
gene-TRNAG-GCC-21	0	0	0	0	0	0	0	0	0	0	0	0	0
gene-TRNAG-GCC-22	0	0	0	0	0	0	0	0	0	0	0	0	0
gene-TRNAG-GCC-23	0	0	0	0	0	0	0	0	0	0	0	0	0
gene-TRNAG-GCC-24	0	0	0	0	0	0	0	0	0	0	0	0	0
gene-TRNAG-GCC-25	0	0	0	0	0	0	0	0	0	0	0	0	0
gene-TRNAG-GCC-3	0	0	0	0	0	0	0	0	0	0	0	0	0
gene-TRNAG-GCC-8	0	0	0	0	0	0	0	0	0	0	0	0	0
gene-TRNAG-UCC	0	0	0	0	0	0	0	0	0	0	0	0	0
gene-TRNAG-UCC-10	0	0	0	0	0	0	0	0	0	0	0	0	0
gene-TRNAG-UCC-11	0	0	0	0	0	0	0	0	0	0	0	0	0
gene-TRNAG-UCC-13	0	0	0	0	0	0	0	0	0	0	0	0	0
gene-TRNAG-UCC-17	0	0	0	0	0	0	0	0	0	0	0	0	0
gene-TRNAG-UCC-19	0	0	0	0	0	0	0	0	0	0	0	0	0
gene-TRNAG-UCC-2	0	0	0	0	0	0	0	0	0	0	0	0	0
gene-TRNAG-UCC-20	0	0	0	0	0	0	0	0	0	0	0	0	0
gene-TRNAG-UCC-21	0	0	0	0	0	0	0	0	0	0	0	0	0
gene-TRNAG-UCC-3	0	0	0	0	0	0	0	0	0	0	0	0	0
gene-TRNAG-UCC-4	0	0	0	0	0	0	0	0	0	0	0	0	0
gene-TRNAG-UCC-8	0	0	0	0	0	0	0	0	0	0	0	0	0
gene-TRNAG-UCC-9	0	0	0	0	0	0	0	0	0	0	0	0	0
gene-TRNAH-GUG	0	0	0	0	0	0	0	0	0	0	0	0	0
gene-TRNAI-AAU	0	0	0	0	0	0	0	0	0	0	0	0	0
gene-TRNAI-AAU-15	0	0	0	0	0	0	0	0	0	0	0	0	0
gene-TRNAI-AAU-16	0	0	0	0	0	0	0	0	0	0	0	0	0
gene-TRNAI-AAU-17	0	0	0	0	0	0	0	0	0	0	0	0	0
gene-TRNAI-AAU-8	0	0	0	0	0	0	0	0	0	0	0	0	0
gene-TRNAI-UAU	0	0	0	0	0	0	0	0	0	0	0	0	0
gene-TRNAI-UAU-2	0	0	0	0	0	0	0	0	0	0	0	0	0
gene-TRNAI-UAU-3	0	0	0	0	0	0	0	0	0	0	0	0	0
gene-TRNAK-CUU	0	0	0	0	0	0	0	0	0	0	0	0	0
gene-TRNAK-CUU-19	0	0	0	0	0	0	0	0	0	0	0	0	0
gene-TRNAK-CUU-3	0	0	0	0	0	0	0	0	0	0	0	0	0
gene-TRNAK-UUU	0	0	0	0	0	0	0	0	0	0	0	0	0
gene-TRNAL-AAG	0	0	0	0	0	0	0	0	0	0	0	0	0
gene-TRNAL-CAA	0	0	0	0	0	0	0	0	0	0	0	0	0
gene-TRNAL-CAA-3	0	0	0	0	0	0	0	0	0	0	0	0	0
gene-TRNAL-CAA-5	0	0	0	0	0	0	0	0	0	0	0	0	0
gene-TRNAL-CAA-7	0	0	0	0	0	0	0	0	0	0	0	0	0
gene-TRNAL-CAG	0	0	0	0	0	0	0	0	0	0	0	0	0
gene-TRNAL-CAG-5	0	0	0	0	0	0	0	0	0	0	0	0	0
gene-TRNAL-CAG-7	0	0	0	0	0	0	0	0	0	0	0	0	0
gene-TRNAL-UAA	0	0	0	0	0	0	0	0	0	0	0	0	0
gene-TRNAL-UAA-5	0	0	0	0	0	0	0	0	0	0	0	0	0
gene-TRNAL-UAG	0	0	0	0	0	0	0	0	0	0	0	0	0
gene-TRNAL-UAG-4	0	0	0	0	0	0	0	0	0	0	0	0	0
gene-TRNAM-CAU	0	0	0	0	0	0	0	0	0	0	0	0	0
gene-TRNAM-CAU-11	0	0	0	0	0	0	0	0	0	0	0	0	0
gene-TRNAM-CAU-13	0	0	0	0	0	0	0	0	0	0	0	0	0
gene-TRNAM-CAU-15	0	0	0	0	0	0	0	0	0	0	0	0	0
gene-TRNAM-CAU-18	0	0	0	0	0	0	0	0	0	0	0	0	0
gene-TRNAM-CAU-23	0	0	0	0	0	0	0	0	0	0	0	0	0
gene-TRNAM-CAU-7	0	0	0	0	0	0	0	0	0	0	0	0	0
gene-TRNAN-GUU	0	0	0	0	0	0	0	0	0	0	0	0	0
gene-TRNAN-GUU-10	0	0	0	0	0	0	0	0	0	0	0	0	0
gene-TRNAN-GUU-11	0	0	0	0	0	0	0	0	0	0	0	0	0
gene-TRNAN-GUU-16	0	0	0	0	0	0	0	0	0	0	0	0	0
gene-TRNAN-GUU-2	0	0	0	0	0	0	0	0	0	0	0	0	0
gene-TRNAN-GUU-20	0	0	0	0	0	0	0	0	0	0	0	0	0
gene-TRNAN-GUU-5	0	0	0	0	0	0	0	0	0	0	0	0	0
gene-TRNAN-GUU-8	0	0	0	0	0	0	0	0	0	0	0	0	0
gene-TRNAP-AGG	0	0	0	0	0	0	0	0	0	0	0	0	0
gene-TRNAP-AGG-2	0	0	0	0	0	0	0	0	0	0	0	0	0
gene-TRNAP-AGG-9	0	0	0	0	0	0	0	0	0	0	0	0	0
gene-TRNAP-CGG	0	0	0	0	0	0	0	0	0	0	0	0	0
gene-TRNAP-CGG-3	0	0	0	0	0	0	0	0	0	0	0	0	0
gene-TRNAP-CGG-5	0	0	0	0	0	0	0	0	0	0	0	0	0
gene-TRNAP-UGG	0	0	0	0	0	0	0	0	0	0	0	0	0
gene-TRNAP-UGG-11	0	0	0	0	0	0	0	0	0	0	0	0	0
gene-TRNAP-UGG-12	0	0	0	0	0	0	0	0	0	0	0	0	0
gene-TRNAP-UGG-13	0	0	0	0	0	0	0	0	0	0	0	0	0
gene-TRNAP-UGG-14	0	0	0	0	0	0	0	0	0	0	0	0	0
gene-TRNAQ-CUG	0	0	0	0	0	0	0	0	0	0	0	0	0
gene-TRNAQ-CUG-2	0	0	0	0	0	0	0	0	0	0	0	0	0
gene-TRNAQ-CUG-3	0	0	0	0	0	0	0	0	0	0	0	0	0
gene-TRNAQ-CUG-8	0	0	0	0	0	0	0	0	0	0	0	0	0
gene-TRNAQ-CUG-9	0	0	0	0	0	0	0	0	0	0	0	0	0
gene-TRNAQ-UUG	0	0	0	0	0	0	0	0	0	0	0	0	0
gene-TRNAQ-UUG-2	0	0	0	0	0	0	0	0	0	0	0	0	0
gene-TRNAQ-UUG-4	0	0	0	0	0	0	0	0	0	0	0	0	0
gene-TRNAQ-UUG-7	0	0	0	0	0	0	0	0	0	0	0	0	0
gene-TRNAR-ACG	0	0	0	0	0	0	0	0	0	0	0	0	0
gene-TRNAR-ACG-18	0	0	0	0	0	0	0	0	0	0	0	0	0
gene-TRNAR-ACG-20	0	0	0	0	0	0	0	0	0	0	0	0	0
gene-TRNAR-ACG-22	0	0	0	0	0	0	0	0	0	0	0	0	0
gene-TRNAR-ACG-23	0	0	0	0	0	0	0	0	0	0	0	0	0
gene-TRNAR-ACG-24	0	0	0	0	0	0	0	0	0	0	0	0	0
gene-TRNAR-ACG-25	0	0	0	0	0	0	0	0	0	0	0	0	0
gene-TRNAR-ACG-26	0	0	0	0	0	0	0	0	0	0	0	0	0
gene-TRNAR-ACG-27	0	0	0	0	0	0	0	0	0	0	0	0	0
gene-TRNAR-ACG-3	0	0	0	0	0	0	0	0	0	0	0	0	0
gene-TRNAR-ACG-4	0	0	0	0	0	0	0	0	0	0	0	0	0
gene-TRNAR-ACG-6	0	0	0	0	0	0	0	0	0	0	0	0	0
gene-TRNAR-CCU	0	0	0	0	0	0	0	0	0	0	0	0	0
gene-TRNAR-CCU-6	0	0	0	0	0	0	0	0	0	0	0	0	0
gene-TRNAR-CCU-8	0	0	0	0	0	0	0	0	0	0	0	0	0
gene-TRNAR-CCU-9	0	0	0	0	0	0	0	0	0	0	0	0	0
gene-TRNAR-UCG	0	0	0	0	0	0	0	0	0	0	0	0	0
gene-TRNAR-UCG-3	0	0	0	0	0	0	0	0	0	0	0	0	0
gene-TRNAR-UCG-7	0	0	0	0	0	0	0	0	0	0	0	0	0
gene-TRNAR-UCU	0	0	0	0	0	0	0	0	0	0	0	0	0
gene-TRNAR-UCU-2	0	0	0	0	0	0	0	0	0	0	0	0	0
gene-TRNAS-ACU	0	0	0	0	0	0	0	0	0	0	0	0	0
gene-TRNAS-AGA	0	0	0	0	0	0	0	0	0	0	0	0	0
gene-TRNAS-AGA-7	0	0	0	0	0	0	0	0	0	0	0	0	0
gene-TRNAS-CGA	0	0	0	0	0	0	0	0	0	0	0	0	0
gene-TRNAS-CGA-2	0	0	0	0	0	0	0	0	0	0	0	0	0
gene-TRNAS-GCU	0	0	0	0	0	0	0	0	0	0	0	0	0
gene-TRNAS-GCU-3	0	0	0	0	0	0	0	0	0	0	0	0	0
gene-TRNAS-GCU-4	0	0	0	0	0	0	0	0	0	0	0	0	0
gene-TRNAS-UGA	0	0	0	0	0	0	0	0	0	0	0	0	0
gene-TRNAS-UGA-2	0	0	0	0	0	0	0	0	0	0	0	0	0
gene-TRNAS-UGA-3	0	0	0	0	0	0	0	0	0	0	0	0	0
gene-TRNAS-UGA-5	0	0	0	0	0	0	0	0	0	0	0	0	0
gene-TRNAT-AGU	0	0	0	0	0	0	0	0	0	0	0	0	0
gene-TRNAT-AGU-2	0	0	0	0	0	0	0	0	0	0	0	0	0
gene-TRNAT-AGU-3	0	0	0	0	0	0	0	0	0	0	0	0	0
gene-TRNAT-AGU-4	0	0	0	0	0	0	0	0	0	0	0	0	0
gene-TRNAT-CGU	0	0	0	0	0	0	0	0	0	0	0	0	0
gene-TRNAT-CGU-5	0	0	0	0	0	0	0	0	0	0	0	0	0
gene-TRNAT-UGU	0	0	0	0	0	0	0	0	0	0	0	0	0
gene-TRNAT-UGU-5	0	0	0	0	0	0	0	0	0	0	0	0	0
gene-TRNAV-AAC	0	0	0	0	0	0	0	0	0	0	0	0	0
gene-TRNAV-AAC-11	0	0	0	0	0	0	0	0	0	0	0	0	0
gene-TRNAV-AAC-15	0	0	0	0	0	0	0	0	0	0	0	0	0
gene-TRNAV-AAC-16	0	0	0	0	0	0	0	0	0	0	0	0	0
gene-TRNAV-AAC-19	0	0	0	0	0	0	0	0	0	0	0	0	0
gene-TRNAV-AAC-6	0	0	0	0	0	0	0	0	0	0	0	0	0
gene-TRNAV-AAC-8	0	0	0	0	0	0	0	0	0	0	0	0	0
gene-TRNAV-CAC	0	0	0	0	0	0	0	0	0	0	0	0	0
gene-TRNAV-CAC-13	0	0	0	0	0	0	0	0	0	0	0	0	0
gene-TRNAV-CAC-14	0	0	0	0	0	0	0	0	0	0	0	0	0
gene-TRNAV-CAC-15	0	0	0	0	0	0	0	0	0	0	0	0	0
gene-TRNAV-CAC-17	0	0	0	0	0	0	0	0	0	0	0	0	0
gene-TRNAV-CAC-2	0	0	0	0	0	0	0	0	0	0	0	0	0
gene-TRNAV-CAC-4	0	0	0	0	0	0	0	0	0	0	0	0	0
gene-TRNAV-CAC-6	0	0	0	0	0	0	0	0	0	0	0	0	0
gene-TRNAV-GAC	0	0	0	0	0	0	0	0	0	0	0	0	0
gene-TRNAV-UAC	0	0	0	0	0	0	0	0	0	0	0	0	0
gene-TRNAV-UAC-4	0	0	0	0	0	0	0	0	0	0	0	0	0
gene-TRNAV-UAC-7	0	0	0	0	0	0	0	0	0	0	0	0	0
gene-TRNAV-UAC-8	0	0	0	0	0	0	0	0	0	0	0	0	0
gene-TRNAV-UAC-9	0	0	0	0	0	0	0	0	0	0	0	0	0
gene-TRNAW-CCA	0	0	0	0	0	0	0	0	0	0	0	0	0
gene-TRNAW-CCA-10	0	0	0	0	0	0	0	0	0	0	0	0	0
gene-TRNAY-GUA	0	0	0	0	0	0	0	0	0	0	0	0	0
gene-TRNAY-GUA-16	0	0	0	0	0	0	0	0	0	0	0	0	0
gene-TRNAY-GUA-4	0	0	0	0	0	0	0	0	0	0	0	0	0
gene-TRNAY-GUA-7	0	0	0	0	0	0	0	0	0	0	0	0	0
gene-trp	6	1	0	11	0	24	0	0	2	14	5	0	2
gene-Trp1	383	288	439	342	92	146	298	147	92	104	42	23	4868
gene-TrpA1	7	16	16	20	22	0	0	5	7	4	5	9	22
gene-trpl	16	13	1	10	0	0	1	0	0	0	0	0	0
gene-Trpm	501	293	478	317	583	578	40	86	102	131	195	155	1426
gene-TrpRS	356	139	136	1297	92	427	282	131	539	308	693	455	468
gene-Trs20	154	112	110	137	86	82	351	210	566	281	573	473	150
gene-Trs23	343	396	880	393	364	86	449	312	412	338	409	530	189
gene-Trs31	353	351	369	304	504	97	1093	711	2017	698	1367	1738	400
gene-Trs33	499	833	1317	314	462	192	1112	1061	1127	682	1041	1079	154
gene-trsn	165	109	132	272	205	339	340	210	776	452	758	868	558
gene-trus	101	122	336	110	133	6	73	20	35	18	27	22	95
gene-trx	418	581	1086	319	325	203	153	90	86	199	84	120	965
gene-Trx2	27584	24428	14870	23040	12291	24933	71539	59986	113229	72492	78186	80835	27680
gene-Trxr1	7261	1908	841	5490	689	3742	3434	1491	3717	1999	3924	2256	2731
gene-Tsc1	184	83	52	132	74	102	3	6	4	7	4	11	229
gene-Tsen2	187	132	247	212	193	135	159	102	129	170	186	321	226
gene-Tsen34	189	194	107	96	101	59	235	183	117	235	240	313	60
gene-Tsen54	177	71	126	153	27	32	132	54	72	81	83	91	95
gene-Tsf2	100	87	118	157	83	144	39	18	59	24	26	39	3338
gene-TSG101	1456	1892	2421	1260	1861	384	610	433	357	380	457	537	2056
gene-tsl	0	1	31	5	23	135	22	5	4	3	2	0	300
gene-Tsp	1087	430	79	357	314	1413	66	72	114	60	116	82	3490
gene-Tsp26A	97	171	283	50	165	83	74	48	29	22	21	33	825
gene-Tsp2A	10220	11475	9753	17111	7244	2678	3676	2576	4182	3488	2941	4132	0
gene-Tsp68C	1	4	2	9	0	0	0	4	1	1	0	2	5
gene-Tsp97E	1111	2319	1348	1122	374	311	783	553	571	646	395	357	696
gene-tsr	22762	32839	35584	41751	37120	14645	39265	25856	52125	31224	39555	56505	28967
gene-Tsr1	183	98	291	607	151	210	169	98	104	214	159	169	874
gene-Tssk	1	1	0	0	0	0	0	4	1	0	0	0	3
gene-tst	1156	453	779	600	224	323	285	133	173	244	193	194	538
gene-tsu	1027	384	579	964	488	917	729	516	2326	991	2709	2407	1827
gene-Ttc19	231	99	147	233	71	214	275	160	534	397	819	511	108
gene-Ttc26	0	2	2	0	0	16	0	3	4	1	0	6	7
gene-Ttc30	20	33	87	12	8	0	13	44	13	9	10	9	7
gene-Ttc7	144	76	78	121	78	130	26	8	26	42	41	42	86
gene-Ttd14	11257	6756	4252	13171	2757	5645	13915	5612	6456	15323	7882	4146	9959
gene-Tti1	312	198	330	247	149	56	130	42	88	48	33	49	329
gene-TTLL12	60	24	39	106	26	8	25	12	83	60	154	116	175
gene-TTLL15	1	8	6	6	16	14	14	2	5	6	13	17	5
gene-TTLL5	31	19	47	38	33	79	0	7	4	5	2	0	1802
gene-ttv	669	395	604	438	340	173	133	112	186	100	109	74	763
gene-Tua1	42684	9532	9818	104228	12119	89015	16152	4918	21715	7065	22129	30836	214344
gene-Tua2	49	275	32	175	53	3604	56	73	40	7	13	8	1425
gene-Tua3	0	2	0	0	0	0	0	0	0	0	0	0	0
gene-Tub1	6322	1711	720	7714	769	19894	1026	500	1739	647	2525	2061	29310
gene-tud	7527	2242	5727	2310	1937	1514	1285	416	753	1269	1214	975	1720
gene-Tudor-SN	1471	322	890	2278	410	1023	262	71	218	309	911	345	5119
gene-tun	200	387	900	160	660	67	146	116	110	55	81	113	271
gene-tup	9	2	9	3	4	56	5	0	0	1	2	6	457
gene-Tusp	0	8	0	1	0	0	0	0	0	0	0	0	0
gene-tutl	6	3	7	4	0	0	0	1	0	1	4	0	478
gene-TwdlE	0	3	0	0	0	19	0	0	0	1	2	0	0
gene-TwdlT	63	45	61	9	84	23	8	5	4	3	0	0	35
gene-twf	656	385	636	677	257	309	494	200	303	376	407	300	652
gene-twi	10	8	54	18	41	66	17	8	19	9	12	10	165
gene-twin	900	720	624	912	946	333	232	197	176	209	265	300	2322
gene-twisted	76	11	18	36	8	74	17	7	15	5	11	6	294
gene-twr	539	228	287	689	200	883	609	636	1787	1394	3038	2282	2210
gene-tws	699	535	1000	895	1077	765	442	263	332	437	476	388	1770
gene-twz	0	0	3	0	0	0	0	0	0	0	0	1	20
gene-Txl	4760	5002	10410	5307	5488	1837	5492	3944	4886	2986	2461	3011	35590
gene-Tyms	238	214	332	178	321	62	289	153	370	168	288	272	228
gene-tyn	0	6	0	1	0	0	0	0	0	0	1	0	1838
gene-TyrRS	1062	487	972	2457	435	653	1548	814	1596	1718	3964	3178	1045
gene-TyrRS-m	52	14	53	53	24	86	59	23	130	67	198	93	64
gene-tzn	1546	824	924	1693	935	1911	4408	2250	7015	5950	5505	5623	842
gene-U2A	171	90	285	312	217	172	216	160	215	209	341	366	237
gene-U2af38	302	134	260	524	89	225	279	210	506	326	269	354	1224
gene-U2af50	1183	743	870	1378	685	850	1007	904	1761	1251	1202	1426	2265
gene-U3-55K	42	47	115	132	60	9	26	34	28	38	55	51	245
gene-U4-U6-60K	384	212	259	457	221	58	194	209	151	240	89	188	620
gene-Uba1	10176	7461	18827	7078	11671	2237	512	245	159	115	197	188	16499
gene-Uba2	676	313	662	904	312	529	109	128	197	191	167	167	1699
gene-Uba3	146	58	80	166	51	138	410	173	513	335	472	370	296
gene-Uba4	175	146	405	91	73	51	119	10	51	37	35	36	60
gene-Uba5	340	211	361	436	81	179	206	88	232	201	262	173	499
gene-Ubc10	2752	2553	2952	3228	1433	1062	5468	3811	5857	5086	5956	6982	3887
gene-Ubc13	8355	8365	10901	3927	5743	1537	7693	6497	10591	4709	5526	6951	3361
gene-Ubc4	1634	1359	2769	1286	1329	774	1071	459	820	559	792	708	12458
gene-Ubc6	2891	4075	6552	3007	2902	713	2276	2697	2617	1668	2283	2811	3314
gene-Ubc7	811	492	721	713	327	608	708	464	1028	830	1359	1144	855
gene-UbcE2H	1593	2770	3879	807	2040	227	421	332	179	266	224	194	6824
gene-UbcE2M	1137	1721	2232	1301	1596	892	2081	2120	3386	1718	2661	3070	1896
gene-Ube2g1	2590	2854	3778	2248	2091	924	1598	1394	1435	1231	1906	2430	4746
gene-Ube3a	2048	2174	5436	2012	4231	726	683	446	478	620	436	445	10486
gene-Ube4A	1349	1463	2027	988	898	318	292	256	242	162	179	241	1699
gene-Ube4B	5097	4444	7660	2126	3861	453	474	377	169	295	391	534	10274
gene-ubl	326	266	367	308	327	305	771	541	1810	882	1255	1608	274
gene-UBL3	871	3348	6848	587	4070	473	493	476	406	233	252	408	1492
gene-Ublcp1	318	284	359	326	72	174	195	91	122	152	123	55	399
gene-Ubqn	2150	1351	1459	2508	884	574	477	272	226	537	482	464	2841
gene-Ubr1	327	148	76	155	40	58	18	0	0	6	6	0	1408
gene-Ubr3	679	580	1217	561	1295	303	107	75	32	171	138	136	2012
gene-Ubx	11	14	11	4	98	10	10	1	1	7	2	2	1090
gene-Uccr	953	718	943	1856	926	4961	2577	1566	6860	5373	4722	4784	4248
gene-Uch	1148	891	1125	1937	1002	1080	2847	1896	6444	3224	5258	5588	12266
gene-Uch-L5	431	307	398	412	636	230	241	66	113	145	192	240	7908
gene-Uck	151	216	292	305	204	42	63	65	31	92	64	69	276
gene-Ucp4A	80	27	35	61	21	184	81	7	48	51	126	83	122
gene-Ude	170	135	557	26	392	1259	83	134	307	56	148	76	952
gene-udt	97	79	90	85	61	43	109	69	96	52	116	74	1267
gene-Uev1A	4494	3308	3703	3213	1253	1533	6507	4467	9330	5357	8619	11617	4053
gene-Ufc1	766	705	1055	1110	777	1038	2145	1815	3030	2241	5115	4141	997
gene-Ufd1-like	929	1350	2090	671	1253	236	783	535	426	290	403	436	2280
gene-Ufd4	1492	1094	1715	1017	1222	399	177	138	124	320	287	270	1772
gene-Ufl1	490	289	493	549	214	429	597	201	413	492	932	687	418
gene-Ufm1	456	554	696	732	419	670	1414	1510	2578	1957	3790	4347	864
gene-Ufsp1	160	104	162	177	80	39	330	120	473	357	489	359	55
gene-Ufsp2	916	460	707	1038	235	325	890	470	822	1075	1111	1096	1006
gene-Ugalt	356	326	305	496	213	57	469	343	710	541	923	623	909
gene-Uggt	922	218	285	834	161	370	86	41	46	81	175	103	2387
gene-UGP	1241	455	984	1331	167	625	660	198	233	814	528	403	481
gene-Ugt2	20	56	181	21	123	17	20	31	13	2	2	13	2626
gene-UGT39B1	89	144	110	34	13	33	174	100	80	46	62	47	721
gene-UGT46A2	4	14	19	4	13	74	9	0	215	11	1382	37	172
gene-UGT47A1	520	312	0	2	93	0	6	12	149	0	151	0	638
gene-UGT48C1	196	127	168	147	50	76	147	77	122	48	45	61	0
gene-Ugt50B3	23	1	2	28	0	0	9	7	12	10	26	7	2
gene-uif	34	23	75	9	69	67	14	0	23	3	20	5	2570
gene-UK114	163	96	19	16	62	66	70	156	385	49	279	27	763
gene-Unc-115a	3593	608	568	2471	680	1930	198	149	366	479	1037	897	3843
gene-unc-119	174	115	153	257	54	46	183	90	147	115	149	129	292
gene-unc-13	32	24	32	24	28	0	10	14	0	14	22	7	119
gene-unc-13-4A	7	14	28	5	8	0	0	0	3	1	4	2	22
gene-unc-45	403	226	259	309	51	494	193	106	280	224	513	383	587
gene-Unc-76	445	1162	1084	350	923	225	355	133	199	206	146	105	1878
gene-Unc50	310	281	309	472	134	240	205	120	212	228	231	254	264
gene-unc79	0	6	0	2	0	10	0	0	0	1	0	0	3
gene-unc80	20	11	10	13	0	8	0	0	25	1	0	3	95
gene-und	991	1066	1786	2116	753	782	993	533	893	708	718	682	3700
gene-unk	1341	1696	2511	911	1335	370	263	194	60	204	135	200	1287
gene-Unr	974	772	1152	898	689	592	378	177	248	377	479	368	1780
gene-Upf1	1671	1167	1500	1540	673	401	95	84	48	123	68	109	1216
gene-Upf2	828	527	1292	934	1038	423	511	218	312	376	277	275	1015
gene-Upf3	1500	1630	2921	1364	2167	547	1018	933	963	1181	1102	1170	405
gene-upSET	997	817	1565	766	1005	406	198	99	96	203	164	137	1744
gene-Uqcc1	157	95	85	200	48	55	235	251	526	358	596	470	125
gene-UQCR-C1	5949	4330	3750	9410	3256	7525	7452	3387	6055	6219	6151	2898	17869
gene-UQCR-C2	3938	2142	2241	4177	1372	4042	2950	1790	4273	3654	5465	3205	6810
gene-UQCR-Q	1088	912	1652	1883	1063	5377	7236	5581	20473	12004	28756	14176	4362
gene-Uqcr11	824	536	607	971	565	3279	2436	1830	10164	4522	12232	6116	5177
gene-uri	122	87	177	124	190	53	33	6	10	92	121	99	37
gene-Urm1	86	212	96	114	107	132	158	248	216	257	397	821	59
gene-Uro	280	67	4	0	143	0	0	0	18	0	54	0	304
gene-Urod	378	250	178	653	115	235	632	526	928	637	1343	1464	229
gene-Uros1	375	365	886	338	607	187	563	372	747	505	661	761	194
gene-Use1	234	189	121	336	159	178	398	404	637	404	707	816	204
gene-Usf	488	407	801	499	348	238	956	478	794	1187	918	577	497
gene-ush	113	84	114	104	60	52	33	17	8	21	29	15	194
gene-USP	13365	16387	19008	8637	9409	1414	2820	1994	1245	1687	929	1394	1486
gene-Usp1	235	89	126	240	17	136	109	14	34	70	68	71	369
gene-Usp10	627	241	657	966	361	424	38	46	73	258	314	229	2243
gene-Usp12-46	421	124	63	562	68	226	699	263	1398	415	753	773	287
gene-Usp14	3789	2654	3965	3145	1968	362	950	644	458	228	254	317	9193
gene-Usp15-31	436	365	505	405	301	256	92	74	48	117	108	88	563
gene-Usp16-45	2072	1606	3101	1352	965	397	475	165	151	220	212	205	3115
gene-Usp20-33	2640	2302	3358	1452	2074	546	246	121	111	118	141	122	2338
gene-Usp30	78	75	87	73	46	86	38	29	9	62	27	16	127
gene-Usp32	2157	629	2246	974	3427	592	159	142	138	440	490	606	600
gene-Usp39	303	259	513	393	355	192	426	260	585	384	511	611	320
gene-Usp5	1496	747	792	1572	906	527	298	186	225	195	162	219	10616
gene-Usp7	5368	5397	6342	5978	4709	2338	1422	831	694	1319	954	1087	13954
gene-Utx	421	216	303	970	207	340	10	9	24	59	118	55	4105
gene-Uvrag	595	921	1988	879	695	160	255	260	154	271	150	256	486
gene-Uxs	528	535	723	750	298	331	902	655	889	885	921	1071	354
gene-Uxt	95	50	104	85	57	73	133	143	152	137	209	220	112
gene-uzip	37	37	91	38	21	66	4	4	11	15	26	16	1126
gene-VAChT	1	0	2	2	0	0	0	12	1	0	2	2	19
gene-Vajk1	1	0	0	22	0	236	7	0	6	0	13	0	1
gene-Vajk4	3	0	1	1	0	0	0	0	0	0	0	0	2038
gene-ValRS	798	231	321	1536	93	440	236	69	179	108	223	197	2067
gene-ValRS-m	25	14	2	22	0	12	9	2	5	24	36	9	35
gene-Vamp7	953	2131	4512	1167	1474	359	1030	456	424	595	259	411	559
gene-Vang	11	6	23	9	0	0	9	1	5	13	6	0	194
gene-vap	1539	1614	3903	1569	577	208	287	165	183	465	233	197	481
gene-Vap33	1266	1115	1242	1384	1023	1149	426	239	445	740	1096	824	4281
gene-vari	356	348	495	382	430	150	258	86	156	93	90	136	1647
gene-Varp	108	86	134	60	46	70	48	31	52	50	51	41	81
gene-VATPc	43915	20900	21710	47643	12304	62119	48300	15559	58088	40604	52767	28523	16768
gene-Vav	1	4	2	13	0	0	2	0	1	1	0	0	3
gene-Vdup1	11	6	10	26	15	54	16	14	31	15	20	21	177
gene-veli	289	214	376	401	134	252	625	317	775	546	800	948	243
gene-verm	119	450	736	239	840	509	106	33	75	65	122	132	15624
gene-vermilion	21	9	20	4	13	28	2	0	8	0	49	0	101
gene-vg	2	1	0	1	0	0	0	0	0	0	0	0	165
gene-VGAT	2	5	17	12	7	0	0	0	0	0	1	3	22
gene-VGlut	0	0	0	0	0	0	0	0	0	0	0	0	11
gene-Vha100-2	8270	3110	2714	6264	1446	12210	4675	1650	3969	4664	4895	3434	1535
gene-Vha13	16485	8401	9656	15569	5931	20087	46903	18805	101586	67152	114998	69489	6335
gene-Vha14-1	2630	1037	1175	2485	475	2305	10601	3518	18458	8155	13656	10354	992
gene-Vha26	17476	7002	7470	18417	4963	27537	13536	5521	25282	27736	39134	19739	7327
gene-Vha44	6971	2603	2611	6594	1034	7075	10425	3808	13916	10188	17630	11378	1785
gene-Vha55	26360	6447	6275	21096	2599	19774	3098	1206	3360	3560	4957	2435	5511
gene-VhaAC39-1	6022	3233	3602	7561	1465	7747	11324	3841	15883	14912	21902	11839	1917
gene-VhaAC45	5733	3192	3814	6038	1697	7351	2924	1000	2540	5356	6466	3630	2068
gene-VhaPPA1-1	6153	2327	3215	4025	1515	6635	10331	3541	14017	14869	20282	10573	1482
gene-VhaSFD	13794	6186	6204	12114	4198	13943	8541	2385	8796	6389	8793	4643	6040
gene-Vhl	2	0	0	3	0	0	1	0	1	1	1	3	10
gene-viaf	1724	1881	3039	2944	974	1033	6241	5288	5956	4259	3069	3827	3962
gene-vib	4916	2416	2573	4672	1292	3288	1729	625	1548	2381	3799	1927	3014
gene-VIG	5675	4087	5756	12304	3387	4668	8528	5732	6875	7120	4384	4577	28765
gene-vih	818	1989	3595	322	2278	302	1457	2417	1755	968	1142	1197	952
gene-vimar	109	66	53	100	79	41	47	19	28	25	62	24	117
gene-vir	359	149	259	204	206	303	73	25	96	68	104	86	944
gene-vito	58	47	122	129	165	35	22	10	9	37	120	61	44
gene-vkg	837	111	119	245	237	305	56	65	109	56	323	55	1485
gene-Vkor	674	221	86	273	94	250	885	1071	2436	2192	2879	1587	173
gene-vlc	458	165	130	608	87	566	295	100	186	278	310	178	1250
gene-Vlg	568	248	361	341	228	159	131	103	123	98	99	138	961
gene-vn	9	10	29	9	91	0	2	5	1	6	0	5	778
gene-vnc	1863	2328	3711	1550	3044	995	2795	2643	4034	1739	2554	3199	4480
gene-Vps11	1048	608	1106	699	264	259	542	141	239	368	213	244	653
gene-Vps13	550	877	3105	1386	1958	430	76	47	56	223	144	122	1691
gene-Vps13B	166	76	153	221	115	135	24	13	32	45	86	61	147
gene-Vps13D	172	23	37	131	34	353	78	44	47	168	322	203	179
gene-Vps15	935	869	1315	422	210	101	107	40	19	44	23	32	305
gene-Vps16A	667	435	694	556	228	84	328	139	245	291	208	324	441
gene-Vps16B	92	68	126	97	116	41	74	64	99	79	95	108	254
gene-Vps2	1318	743	725	920	499	448	740	530	1120	595	754	947	844
gene-Vps20	1487	1901	2766	1210	2363	742	1932	1765	2925	1779	3277	3569	376
gene-Vps24	611	439	747	532	304	192	723	451	792	556	609	787	637
gene-Vps26	1021	760	962	1129	472	647	948	445	633	703	657	766	1784
gene-Vps28	1565	1657	2607	2142	820	312	3607	2281	3580	2580	2321	4290	806
gene-Vps29	404	317	454	453	104	106	698	361	664	518	739	754	415
gene-Vps33B	14	41	72	25	26	0	23	2	22	10	25	9	63
gene-Vps35	849	353	581	1052	266	288	230	162	211	299	214	279	945
gene-Vps36	897	926	1260	780	467	217	1297	1065	1524	1038	1341	1725	545
gene-Vps37B	2399	2310	3199	2017	1773	1114	3725	2534	3322	1932	2765	3571	1149
gene-Vps39	765	820	1008	622	350	211	357	221	175	297	220	337	404
gene-Vps4	2244	1805	2318	2224	744	814	1539	979	1516	1261	1616	2173	2390
gene-Vps45	464	361	790	666	309	218	431	356	676	449	572	709	303
gene-Vps50	63	128	106	36	24	0	29	29	1	11	19	27	199
gene-Vps51	263	170	420	202	229	105	217	125	176	160	146	212	207
gene-Vps52	406	381	330	456	149	175	532	233	424	452	499	590	311
gene-Vps53	64	36	56	57	0	0	8	0	5	5	9	23	116
gene-Vps60	3055	3043	4782	2812	1433	955	2869	1948	2559	1720	1748	2870	3817
gene-Vps8	496	214	234	411	154	395	17	7	18	16	32	16	764
gene-vri	3841	18192	57117	4114	22210	614	386	360	84	306	119	125	2036
gene-Vta1	1489	1299	1513	1550	850	578	772	408	788	711	694	716	1611
gene-vtd	1173	986	1270	1097	538	413	240	113	81	179	218	194	1251
gene-Vti1a	131	71	118	238	117	94	156	73	151	130	183	155	1375
gene-vvl	36	36	71	20	25	52	6	3	3	4	8	15	1516
gene-w	1061	4804	2262	311	1362	22	186	268	130	24	17	76	517
gene-wake	230	66	352	131	293	51	52	8	28	21	72	40	188
gene-wal	2704	885	619	2649	678	2750	5577	2527	12651	7352	6469	8910	2057
gene-wap	53	16	40	62	0	0	30	1	4	10	2	8	90
gene-wapl	851	623	876	802	401	249	310	138	163	357	234	284	973
gene-waw	137	61	178	142	75	111	111	80	179	130	326	194	64
gene-wb	8	9	7	1	7	0	0	0	1	0	0	0	62
gene-wbl	410	204	112	468	59	237	772	256	604	352	715	1118	458
gene-Wbp2	7082	5920	4436	7309	1434	1044	2490	1233	1431	1114	778	1100	1888
gene-wcd	82	64	141	202	32	13	127	95	104	140	205	173	132
gene-wcy	563	569	690	594	629	359	217	136	174	282	179	205	1164
gene-wda	317	259	335	296	252	129	285	164	280	276	379	395	397
gene-wdb	1386	778	757	1748	297	714	916	455	1078	987	1149	838	1647
gene-wde	181	74	187	132	73	48	30	44	37	45	45	66	244
gene-Wdfy2	2342	1781	1078	2170	686	732	808	411	542	772	790	759	1824
gene-wdp	8095	2081	3567	10176	795	3019	4432	2371	5675	2888	4097	4492	5232
gene-Wdr24	77	15	48	47	23	12	3	4	0	2	3	0	53
gene-Wdr37	441	416	525	543	491	224	235	162	151	332	187	205	407
gene-Wdr59	574	442	617	325	143	84	245	64	180	122	92	87	246
gene-Wdr62	398	393	269	272	100	339	67	52	46	171	211	161	239
gene-WDR79	25	25	43	44	9	10	32	11	24	24	21	31	52
gene-Wdr81	375	327	588	454	517	226	111	62	45	100	82	123	300
gene-Wdr82	313	325	402	382	120	225	499	352	459	462	329	648	313
gene-Wdr92	48	78	214	47	112	39	58	30	76	47	96	64	85
gene-wds	491	304	342	908	167	318	324	105	374	331	317	271	940
gene-wech	342	437	555	425	564	99	122	111	74	89	62	65	686
gene-wfs1	479	395	457	543	213	90	242	153	221	157	165	153	431
gene-wg	0	0	8	0	0	0	0	0	0	0	0	0	195
gene-wge	228	154	212	285	138	130	83	32	52	83	63	61	1330
gene-wgn	144	237	370	185	1086	499	238	241	349	108	252	211	452
gene-whd	474	125	295	971	75	543	105	26	205	215	395	233	874
gene-wkd	405	492	601	421	301	120	133	65	59	106	93	58	290
gene-wls	194	254	410	182	188	184	105	174	203	64	97	169	819
gene-wmd	714	407	235	566	117	320	896	551	1415	593	1109	1023	1030
gene-Wnk	1795	1880	3470	1355	3696	916	88	47	46	38	37	44	5720
gene-Wnt10	0	1	0	0	0	0	0	0	0	0	0	0	37
gene-Wnt2	2	1	0	0	5	0	0	0	0	0	0	0	19
gene-Wnt4	0	0	0	1	0	0	0	3	0	1	0	0	0
gene-Wnt6	29	22	79	58	99	64	39	62	52	32	8	57	1538
gene-woc	584	314	600	497	286	183	63	63	59	72	53	82	1304
gene-wol	461	232	833	483	247	158	571	469	790	510	789	779	492
gene-wrm1	16	33	43	64	35	32	93	109	269	42	199	231	810
gene-wtrw	0	0	0	0	0	0	0	0	0	0	0	0	109
gene-wts	1144	1079	1333	818	824	387	176	150	84	145	145	162	1620
gene-wuho	47	58	81	128	32	9	55	73	123	128	221	112	71
gene-wupA	4375	5831	3852	5480	9804	50162	29024	13096	56551	13180	22118	11071	46024
gene-wus	27	25	13	27	23	16	12	4	14	6	11	16	374
gene-wwk	41	64	18	27	47	257	32	18	54	31	22	13	86
gene-Wwox	118	236	136	167	118	39	204	273	277	195	536	603	408
gene-Xbp1	5642	1890	1406	11714	501	1447	3984	2359	4772	2838	3322	2915	4291
gene-Xdh2	6	18	6	73	0	0	12	12	9	5	17	18	19
gene-Xe7	656	230	369	501	310	818	194	72	193	155	148	126	1175
gene-xit	78	111	62	125	38	48	51	63	136	132	191	188	109
gene-xmas	822	765	1265	526	703	244	201	130	96	255	121	151	359
gene-Xpac	118	7	41	70	91	36	52	25	89	6	22	56	415
gene-Xpc	463	544	634	716	283	177	407	244	164	395	107	135	93
gene-Xpd	184	89	144	223	282	95	68	55	100	81	65	44	205
gene-Xport-A	0	3	4	0	0	0	0	0	2	0	0	0	0
gene-XRCC1	298	116	177	311	192	155	153	69	113	86	92	107	464
gene-Y-b	625	2156	7291	390	6965	1662	214	248	126	67	131	40	57465
gene-Y-c	4	7	15	13	0	211	16	14	36	10	32	1	920
gene-Y-d	49	134	234	65	90	64	48	56	41	18	23	26	393
gene-Y-e	0	0	0	0	0	0	0	0	0	0	0	0	42
gene-Y-fb	6	25	10	14	10	27	7	43	35	16	9	15	1638
gene-Y-y	0	4	13	3	4	8	32	0	3	4	2	0	123
gene-yata	2718	2371	3843	3061	1432	619	685	423	539	433	438	401	1266
gene-yellow-12	0	6	0	0	0	0	0	0	2	0	0	0	3
gene-yellow-f	14	31	10	29	0	272	73	16	79	75	106	16	2235
gene-yem	621	451	897	176	555	74	122	48	36	55	19	47	558
gene-Yif1	845	417	388	902	236	579	264	123	231	160	170	208	1094
gene-Yip1d1	733	548	420	635	82	169	872	462	941	607	918	960	652
gene-Yipf6	784	398	638	826	234	284	576	343	844	650	624	807	317
gene-Yippee	1078	1765	2128	898	1221	228	2288	2602	2231	1585	904	1956	680
gene-yki	2477	2328	1304	5808	862	1651	1239	754	691	922	1032	1027	6914
gene-Ykt6	819	963	1082	773	613	282	800	677	738	833	1126	1069	731
gene-yl	10	1	12	5	5	11	0	0	13	0	0	0	0
gene-YL-1	111	74	93	92	39	46	67	26	81	29	40	22	146
gene-YME1L	1517	758	846	1169	747	615	325	149	240	166	265	215	2475
gene-Yod1	690	1592	2474	470	1487	185	325	252	192	129	127	204	1404
gene-Ypel	1254	14415	21655	968	24757	424	587	638	115	987	122	287	4293
gene-yps	13385	10169	9632	22744	9866	15595	36034	21697	31426	25084	20389	26540	54360
gene-Ythdc1	412	561	676	426	373	149	330	251	221	193	117	280	370
gene-Ythdf	4877	2659	3391	2073	1585	812	912	468	597	785	778	695	2108
gene-Zasp52	212	129	193	275	91	921	18	9	6	8	9	15	6142
gene-Zasp66	356	307	422	446	1158	5212	144	94	255	117	202	75	3147
gene-ZC3H3	121	128	165	75	102	76	131	39	84	140	201	164	76
gene-Zcchc7	5294	3847	5190	6543	3539	1865	1600	731	826	1262	937	900	9727
gene-Zdhhc8	1015	318	459	1137	239	427	137	55	50	206	218	260	629
gene-zen	0	0	4	0	0	0	0	0	0	0	0	0	0
gene-zetaCOP	735	432	662	1056	499	775	1393	1249	2702	1648	2880	2401	1162
gene-zfh1	10	56	62	57	195	152	19	18	11	15	9	20	1229
gene-zfh2	536	229	301	486	105	114	44	7	16	15	15	5	1690
gene-Zfrp8	97	168	368	231	245	66	313	192	143	186	101	177	207
gene-zip	5871	3801	4578	6528	5425	3013	543	418	380	1025	1335	1187	14117
gene-Zip102B	126	42	72	179	52	243	61	43	104	79	199	98	518
gene-Zip48C	1771	935	716	628	346	658	747	150	279	748	1413	469	585
gene-Zip71B	1678	3511	7569	829	1758	712	800	351	257	733	338	328	53
gene-Zip88E	1477	3573	4249	422	2080	610	514	593	376	344	544	448	747
gene-Zip89B	653	189	331	285	59	355	79	142	52	37	72	13	972
gene-Zip99C	2577	2086	4869	576	999	183	630	233	348	259	406	214	385
gene-Zir	281	87	187	329	106	261	10	14	20	40	19	28	587
gene-Ziz	73	47	97	46	97	171	21	33	19	20	12	38	267
gene-zld	4	59	3131	1	2387	0	4	16	0	0	2	0	113
gene-Zmynd10	5	2	4	7	0	13	0	0	0	1	9	1	18
gene-Zn72D	3262	1499	2772	3652	1774	856	141	79	113	245	271	246	3651
gene-ZnT49B	244	168	147	245	78	126	213	141	186	346	361	312	177
gene-ZnT63C	3672	4252	10890	1889	4808	832	797	424	653	513	501	480	3299
gene-ZnT77C	1428	2168	2709	250	1231	613	267	60	65	220	79	193	26
gene-ZnT86D	544	96	125	557	105	592	486	164	443	389	653	455	805
gene-Zpr1	289	154	313	608	240	247	92	59	41	36	24	49	544
gene-Zw	2040	1990	2293	5261	1106	451	2997	2277	2222	2274	1697	2116	475
gene-Zw10	379	135	262	648	109	309	204	134	246	338	485	363	857
gene-Zwilch	2	5	0	1	13	0	0	0	9	4	7	8	38
gene-zyd	4	2	38	1	0	10	18	0	4	0	0	8	30
gene-zye	1	1	0	0	3	0	0	0	0	0	0	0	29
